event_id,date,venue_event,venue_i,venue_j,lag,placebo_type,delta_beta,delta_tsi,p_delta_beta,notes
0,20250901,BINANCE,BINANCE,BITGET,0,minus30m,-0.0010407027506907,0.0094402133142315,0.3996276834384819,simplified_placebo
0,20250901,BINANCE,BINANCE,BITGET,0,plus30m,-0.0013844172840154,0.0286840560435549,0.889373815255061,simplified_placebo
0,20250901,BINANCE,BINANCE,BITGET,0,noon,0.0009469872129072,0.1260447589630672,0.3668453395851647,simplified_placebo
1,20250901,BINANCE,BINANCE,COINBASE,0,minus30m,0.0013768276547737,-0.1335076142138619,0.8861896444706275,simplified_placebo
1,20250901,BINANCE,BINANCE,COINBASE,0,plus30m,-0.000396273535419,-0.0644018066911881,0.6924453302938114,simplified_placebo
1,20250901,BINANCE,BINANCE,COINBASE,0,noon,-0.0007012089438187,-0.1271490306084558,0.3849249684021664,simplified_placebo
1,20250901,BINANCE,BINANCE,BYBITSPOT,0,minus30m,0.000175347615016,-0.0192940368546754,0.4997730973356696,simplified_placebo
1,20250901,BINANCE,BINANCE,BYBITSPOT,0,plus30m,-0.0003175505626921,0.0277561839170032,0.2622879240441305,simplified_placebo
1,20250901,BINANCE,BINANCE,BYBITSPOT,0,noon,-0.0016090464632845,-0.1473075733040052,0.7602271818678633,simplified_placebo
3,20250901,BINANCE,BINANCE,BYBITSPOT,0,minus30m,0.0004159849372526,-0.0359573613280517,0.1788678553833321,simplified_placebo
3,20250901,BINANCE,BINANCE,BYBITSPOT,0,plus30m,0.00118905653453,0.1749573314694472,0.5665902083505358,simplified_placebo
3,20250901,BINANCE,BINANCE,BYBITSPOT,0,noon,3.408130739349492e-05,-0.0250220252286575,0.1750806771972374,simplified_placebo
4,20250901,BINANCE,BINANCE,COINBASE,0,minus30m,-0.0010761328343143,-0.0107313438513606,0.1268856686556884,simplified_placebo
4,20250901,BINANCE,BINANCE,COINBASE,0,plus30m,0.0010847496415519,0.0428103230804909,0.8173789839002903,simplified_placebo
4,20250901,BINANCE,BINANCE,COINBASE,0,noon,0.0007424310969835,0.1415180919440843,0.7668343526540241,simplified_placebo
5,20250901,BITGET,BINANCE,BITGET,0,minus30m,-0.0004358235715592,0.0776511975697815,0.6132594684142894,simplified_placebo
5,20250901,BITGET,BINANCE,BITGET,0,plus30m,-0.0005624644768193,0.1064545939799639,0.2448218378577243,simplified_placebo
5,20250901,BITGET,BINANCE,BITGET,0,noon,-0.0014704828920822,-0.0874080575915926,0.1722779709649493,simplified_placebo
5,20250901,BITGET,COINBASE,BITGET,0,minus30m,0.0009077536661482,-0.1898625407163741,0.6966386294453749,simplified_placebo
5,20250901,BITGET,COINBASE,BITGET,0,plus30m,0.001522444120703,0.2369671385555858,0.8610307278783979,simplified_placebo
5,20250901,BITGET,COINBASE,BITGET,0,noon,-0.0014032945043246,-0.0414070281723764,0.3772530562625473,simplified_placebo
5,20250901,BITGET,BYBITSPOT,BITGET,0,minus30m,0.000213087899989,-0.0710791501002038,0.3620677056168749,simplified_placebo
5,20250901,BITGET,BYBITSPOT,BITGET,0,plus30m,-0.0013745909413725,-0.1400913650845736,0.5989950303057696,simplified_placebo
5,20250901,BITGET,BYBITSPOT,BITGET,0,noon,0.0017019906775066,0.016497685976561,0.1182950197743387,simplified_placebo
8,20250901,BITGET,COINBASE,BITGET,0,minus30m,0.0007520856879358,0.0908030217273026,0.1429395989101913,simplified_placebo
8,20250901,BITGET,COINBASE,BITGET,0,plus30m,-0.0017605524356244,-0.042001964495802,0.5652909663926773,simplified_placebo
8,20250901,BITGET,COINBASE,BITGET,0,noon,0.0002822773807198,0.1218351080273489,0.7067850939416069,simplified_placebo
9,20250901,BITGET,BYBITSPOT,BITGET,0,minus30m,0.0010542497188917,0.0177136560077762,0.6175983240396933,simplified_placebo
9,20250901,BITGET,BYBITSPOT,BITGET,0,plus30m,-3.797984695991745e-05,-0.1009848997503324,0.5552885674150725,simplified_placebo
9,20250901,BITGET,BYBITSPOT,BITGET,0,noon,-0.0001356365901547,0.1112701744975748,0.8279695185424502,simplified_placebo
11,20250901,BYBITSPOT,BINANCE,BYBITSPOT,0,minus30m,0.0002258446680583,0.0838657400181016,0.8284585079362178,simplified_placebo
11,20250901,BYBITSPOT,BINANCE,BYBITSPOT,0,plus30m,0.0001730148896285,-0.0185557101772755,0.8472498436269201,simplified_placebo
11,20250901,BYBITSPOT,BINANCE,BYBITSPOT,0,noon,0.0017793136703439,-0.1584078792696805,0.8237366280317678,simplified_placebo
11,20250901,BYBITSPOT,BYBITSPOT,BINANCE,0,minus30m,0.0014486730859038,0.0013661199419859,0.7025444284070685,simplified_placebo
11,20250901,BYBITSPOT,BYBITSPOT,BINANCE,0,plus30m,-0.0002590871633512,0.1503545091885238,0.5428141472627325,simplified_placebo
11,20250901,BYBITSPOT,BYBITSPOT,BINANCE,0,noon,0.0008901357749298,-0.1042391796139176,0.847232504149534,simplified_placebo
13,20250901,BYBITSPOT,BINANCE,BYBITSPOT,0,minus30m,-0.0003865379691318,-0.03272394037951,0.8441977529429494,simplified_placebo
13,20250901,BYBITSPOT,BINANCE,BYBITSPOT,0,plus30m,0.0014277929749412,-0.0930040497977241,0.6176074069956659,simplified_placebo
13,20250901,BYBITSPOT,BINANCE,BYBITSPOT,0,noon,0.0008434180254346,0.1417722991036746,0.4235876757365261,simplified_placebo
13,20250901,BYBITSPOT,COINBASE,BYBITSPOT,0,minus30m,0.0005137021136027,0.2390630542151386,0.7782639721570526,simplified_placebo
13,20250901,BYBITSPOT,COINBASE,BYBITSPOT,0,plus30m,-0.0009668912948967,-0.0457087967698807,0.3309943583703677,simplified_placebo
13,20250901,BYBITSPOT,COINBASE,BYBITSPOT,0,noon,0.000187010159716,-0.0978858616846589,0.1449750654051804,simplified_placebo
14,20250901,BYBITSPOT,COINBASE,BYBITSPOT,0,minus30m,0.0008103429607627,0.1380547531220084,0.7507690837496911,simplified_placebo
14,20250901,BYBITSPOT,COINBASE,BYBITSPOT,0,plus30m,-0.0012973938145494,-0.0884820670173089,0.4382219642038085,simplified_placebo
14,20250901,BYBITSPOT,COINBASE,BYBITSPOT,0,noon,-0.0002608143392205,0.0778998990043598,0.6633634601189863,simplified_placebo
14,20250901,BYBITSPOT,BYBITSPOT,BINANCE,0,minus30m,0.0010618201846183,-0.0395234210033506,0.4510207131554997,simplified_placebo
14,20250901,BYBITSPOT,BYBITSPOT,BINANCE,0,plus30m,-0.0002840682205539,-0.0188491250007278,0.3239989849758505,simplified_placebo
14,20250901,BYBITSPOT,BYBITSPOT,BINANCE,0,noon,0.001275676959481,-0.1267628906349738,0.6919433901910341,simplified_placebo
16,20250901,COINBASE,BINANCE,COINBASE,0,minus30m,0.0004938691421067,0.0395802213995326,0.4804520499767891,simplified_placebo
16,20250901,COINBASE,BINANCE,COINBASE,0,plus30m,0.0004542115648139,-0.0227412206682198,0.5524459791106099,simplified_placebo
16,20250901,COINBASE,BINANCE,COINBASE,0,noon,9.250485942148003e-05,-0.2728307954937813,0.2955594106666231,simplified_placebo
16,20250901,COINBASE,COINBASE,BINANCE,0,minus30m,-0.0007787659691847,0.0802639192677441,0.738893317391598,simplified_placebo
16,20250901,COINBASE,COINBASE,BINANCE,0,plus30m,-0.000161603977448,0.0845464667942788,0.5253796653225317,simplified_placebo
16,20250901,COINBASE,COINBASE,BINANCE,0,noon,-0.0009976428472691,-0.0558325170800041,0.8813488987813654,simplified_placebo
18,20250901,COINBASE,COINBASE,BYBITSPOT,0,minus30m,0.0004289484152532,-0.0650244520649645,0.6146088179421966,simplified_placebo
18,20250901,COINBASE,COINBASE,BYBITSPOT,0,plus30m,-0.0005260775464873,0.0097917413243888,0.8058392413155733,simplified_placebo
18,20250901,COINBASE,COINBASE,BYBITSPOT,0,noon,-0.000634210648077,0.1136315530102898,0.2569054204360149,simplified_placebo
19,20250901,COINBASE,BINANCE,COINBASE,0,minus30m,0.0005744644355478,0.0508119777810654,0.1665813951290496,simplified_placebo
19,20250901,COINBASE,BINANCE,COINBASE,0,plus30m,-0.002124618016396,0.1008790211131335,0.2247241877762155,simplified_placebo
19,20250901,COINBASE,BINANCE,COINBASE,0,noon,-9.857310680848154e-05,-0.028131926439633,0.1732725430368428,simplified_placebo
19,20250901,COINBASE,COINBASE,BINANCE,0,minus30m,-8.488844660259542e-05,-0.0790220928414566,0.2726168720831594,simplified_placebo
19,20250901,COINBASE,COINBASE,BINANCE,0,plus30m,8.40507143913366e-05,-0.1260385661407171,0.3504302678570968,simplified_placebo
19,20250901,COINBASE,COINBASE,BINANCE,0,noon,0.0004303357237217,-0.1072100927077955,0.2156751166008245,simplified_placebo
19,20250901,COINBASE,COINBASE,BYBITSPOT,0,minus30m,0.0031293553322202,-0.0273068989360407,0.54907793499303,simplified_placebo
19,20250901,COINBASE,COINBASE,BYBITSPOT,0,plus30m,-2.188673604400028e-05,0.0560641471827366,0.7035414800241372,simplified_placebo
19,20250901,COINBASE,COINBASE,BYBITSPOT,0,noon,0.0017837454900887,0.2437991260675326,0.36520695331923,simplified_placebo
20,20250902,BINANCE,BINANCE,COINBASE,0,minus30m,0.0008193813048271,-0.1919287248862834,0.4968475405984675,simplified_placebo
20,20250902,BINANCE,BINANCE,COINBASE,0,plus30m,-0.0009119614347758,-0.0515252651163211,0.4887081868831233,simplified_placebo
20,20250902,BINANCE,BINANCE,COINBASE,0,noon,0.0004764849997892,0.0798730871325768,0.7515322396870795,simplified_placebo
20,20250902,BINANCE,BINANCE,BYBITSPOT,0,minus30m,-0.0022558993429285,-0.087841523989994,0.2122786607854536,simplified_placebo
20,20250902,BINANCE,BINANCE,BYBITSPOT,0,plus30m,0.0005306252685776,0.0263209587001237,0.8293615558391773,simplified_placebo
20,20250902,BINANCE,BINANCE,BYBITSPOT,0,noon,-0.0008886606574013,0.0334215641208712,0.6607226236982247,simplified_placebo
24,20250902,BINANCE,BINANCE,BITGET,0,minus30m,4.10612490369366e-05,0.0107949585457143,0.6062519608241309,simplified_placebo
24,20250902,BINANCE,BINANCE,BITGET,0,plus30m,-0.0004119107376434,-0.0041053711177078,0.1479995476524809,simplified_placebo
24,20250902,BINANCE,BINANCE,BITGET,0,noon,-0.0002480844877549,0.2011360291731592,0.7010278535742672,simplified_placebo
25,20250902,BINANCE,BINANCE,BITGET,0,minus30m,0.0020886296082588,-0.0983251700815796,0.1257725150626107,simplified_placebo
25,20250902,BINANCE,BINANCE,BITGET,0,plus30m,1.0067942183174057e-05,0.063977741098614,0.6571616226107705,simplified_placebo
25,20250902,BINANCE,BINANCE,BITGET,0,noon,-0.0009318253401188,-0.0257773638158423,0.1887872783342108,simplified_placebo
26,20250902,BINANCE,BINANCE,BITGET,0,minus30m,-0.0008803779927931,0.0292986671834861,0.2914321955407301,simplified_placebo
26,20250902,BINANCE,BINANCE,BITGET,0,plus30m,-4.304119904687763e-05,-0.076201542565864,0.8010840623053369,simplified_placebo
26,20250902,BINANCE,BINANCE,BITGET,0,noon,-0.0011474159427562,-0.0065258413145039,0.7105785328580487,simplified_placebo
27,20250902,BINANCE,BINANCE,BYBITSPOT,0,minus30m,0.0006748258750855,0.0740270030669202,0.486582063142112,simplified_placebo
27,20250902,BINANCE,BINANCE,BYBITSPOT,0,plus30m,0.0003029865047412,0.1462378348721534,0.4255737874468585,simplified_placebo
27,20250902,BINANCE,BINANCE,BYBITSPOT,0,noon,0.0002575649050954,-0.083512531412413,0.5193466499189434,simplified_placebo
31,20250902,BITGET,COINBASE,BITGET,0,minus30m,0.000258248352963,0.0683274039559959,0.3109633608671185,simplified_placebo
31,20250902,BITGET,COINBASE,BITGET,0,plus30m,-3.095037874042773e-05,0.0556408489893634,0.2456023153472061,simplified_placebo
31,20250902,BITGET,COINBASE,BITGET,0,noon,-0.0003468159564762,0.0214926018000965,0.2241543080595416,simplified_placebo
32,20250902,BITGET,BINANCE,BITGET,0,minus30m,0.0006358288211912,0.055802753161504,0.6441844492328095,simplified_placebo
32,20250902,BITGET,BINANCE,BITGET,0,plus30m,0.0013744865949189,0.030223105245596,0.3403133715668399,simplified_placebo
32,20250902,BITGET,BINANCE,BITGET,0,noon,0.0004688214228712,-0.1222263502464368,0.432808290186106,simplified_placebo
33,20250902,BITGET,BINANCE,BITGET,0,minus30m,0.0003615251288147,-0.0725605539343611,0.4250103709452697,simplified_placebo
33,20250902,BITGET,BINANCE,BITGET,0,plus30m,-0.0003308021414755,0.0602351272078683,0.1813486749869593,simplified_placebo
33,20250902,BITGET,BINANCE,BITGET,0,noon,-2.860698750328431e-05,0.1320610576507775,0.8005655429067768,simplified_placebo
33,20250902,BITGET,COINBASE,BITGET,0,minus30m,-0.0017920849521369,-0.0296086967388533,0.5747053372343738,simplified_placebo
33,20250902,BITGET,COINBASE,BITGET,0,plus30m,0.0024041715992517,0.0340447574977933,0.4085773992925721,simplified_placebo
33,20250902,BITGET,COINBASE,BITGET,0,noon,-0.0002413535542273,0.0675391068341452,0.1479395405650471,simplified_placebo
35,20250902,BITGET,COINBASE,BITGET,0,minus30m,-0.0006896411650798,-0.0152077277890255,0.6543045624492464,simplified_placebo
35,20250902,BITGET,COINBASE,BITGET,0,plus30m,0.0016857025515506,0.1348438951663127,0.3874316218653962,simplified_placebo
35,20250902,BITGET,COINBASE,BITGET,0,noon,0.0012445618065959,-0.064284670500208,0.3152131047711025,simplified_placebo
36,20250902,BYBITSPOT,BINANCE,BYBITSPOT,0,minus30m,0.0007634464666219,-0.0218880391429436,0.3146180754720168,simplified_placebo
36,20250902,BYBITSPOT,BINANCE,BYBITSPOT,0,plus30m,-0.0001079422446481,0.1273116941262006,0.5868913977493108,simplified_placebo
36,20250902,BYBITSPOT,BINANCE,BYBITSPOT,0,noon,-0.0019784821510208,-0.0163680720755826,0.8912271007741612,simplified_placebo
39,20250902,BYBITSPOT,COINBASE,BYBITSPOT,0,minus30m,6.518355578409936e-05,-0.0535896765074518,0.864494994054946,simplified_placebo
39,20250902,BYBITSPOT,COINBASE,BYBITSPOT,0,plus30m,0.000929973378422,-0.114161516263504,0.3958805794593426,simplified_placebo
39,20250902,BYBITSPOT,COINBASE,BYBITSPOT,0,noon,0.0011830883322504,-0.1780961736602512,0.6031583727130451,simplified_placebo
39,20250902,BYBITSPOT,BYBITSPOT,BINANCE,0,minus30m,-8.241031010475561e-05,0.0611422433180093,0.7786117918867997,simplified_placebo
39,20250902,BYBITSPOT,BYBITSPOT,BINANCE,0,plus30m,0.0001848400725186,-0.0149497716990724,0.387803741308824,simplified_placebo
39,20250902,BYBITSPOT,BYBITSPOT,BINANCE,0,noon,-0.0008488287945932,-0.1231691579064549,0.5526236747392929,simplified_placebo
40,20250902,BYBITSPOT,COINBASE,BYBITSPOT,0,minus30m,-0.0001566249574678,0.121072915098415,0.1980620917088228,simplified_placebo
40,20250902,BYBITSPOT,COINBASE,BYBITSPOT,0,plus30m,-0.0012140704328851,0.1160866035378618,0.8048854571098449,simplified_placebo
40,20250902,BYBITSPOT,COINBASE,BYBITSPOT,0,noon,5.978953014768354e-05,0.0636491760583203,0.352547073618953,simplified_placebo
42,20250902,BYBITSPOT,BINANCE,BYBITSPOT,0,minus30m,0.0005517235129242,-0.0191033887360698,0.6533503888826904,simplified_placebo
42,20250902,BYBITSPOT,BINANCE,BYBITSPOT,0,plus30m,-0.0004290665631008,0.0013387742592982,0.4485373277059206,simplified_placebo
42,20250902,BYBITSPOT,BINANCE,BYBITSPOT,0,noon,0.0008958819383439,-0.0803394751372488,0.6513182563774327,simplified_placebo
43,20250902,BYBITSPOT,BINANCE,BYBITSPOT,0,minus30m,0.0008208532321729,-0.0202251994225899,0.2398960770889858,simplified_placebo
43,20250902,BYBITSPOT,BINANCE,BYBITSPOT,0,plus30m,-0.0003066494620472,-0.170038225221428,0.4225404644935308,simplified_placebo
43,20250902,BYBITSPOT,BINANCE,BYBITSPOT,0,noon,-0.0008779924680215,-0.1317767901750106,0.6762035032706581,simplified_placebo
43,20250902,BYBITSPOT,COINBASE,BYBITSPOT,0,minus30m,-0.0006924098370249,0.0206941887111747,0.2002351161400083,simplified_placebo
43,20250902,BYBITSPOT,COINBASE,BYBITSPOT,0,plus30m,-0.0016588749063206,-0.0002610375965731,0.4930625863006673,simplified_placebo
43,20250902,BYBITSPOT,COINBASE,BYBITSPOT,0,noon,0.0005212506211713,-0.0790369052150874,0.2277647199211518,simplified_placebo
44,20250902,COINBASE,BINANCE,COINBASE,0,minus30m,0.0007057197574911,0.0031610656929304,0.4393344497618071,simplified_placebo
44,20250902,COINBASE,BINANCE,COINBASE,0,plus30m,0.00069319472844,-0.158654485173149,0.8475693895486646,simplified_placebo
44,20250902,COINBASE,BINANCE,COINBASE,0,noon,-0.0005062655584721,0.0653273360105523,0.3494480126822867,simplified_placebo
44,20250902,COINBASE,COINBASE,BINANCE,0,minus30m,-1.579574943890196e-05,-0.0932395891795778,0.6372823942954413,simplified_placebo
44,20250902,COINBASE,COINBASE,BINANCE,0,plus30m,-2.071869127442561e-06,-0.0896270956617724,0.5373969373638466,simplified_placebo
44,20250902,COINBASE,COINBASE,BINANCE,0,noon,-0.0007332922118827,0.1445800108211515,0.6717642920323905,simplified_placebo
47,20250902,COINBASE,COINBASE,BYBITSPOT,0,minus30m,-0.0002702578641029,-0.0495504983238041,0.1535156669472213,simplified_placebo
47,20250902,COINBASE,COINBASE,BYBITSPOT,0,plus30m,-0.0003838877048569,-0.1988296455156667,0.7821050954125576,simplified_placebo
47,20250902,COINBASE,COINBASE,BYBITSPOT,0,noon,0.0001752084504654,0.006031105569654,0.4398328076011575,simplified_placebo
48,20250902,COINBASE,COINBASE,BYBITSPOT,0,minus30m,0.0001799431491671,0.0769441023152242,0.7482421141650996,simplified_placebo
48,20250902,COINBASE,COINBASE,BYBITSPOT,0,plus30m,-0.0004756259838305,-0.1273436004212633,0.4881042054777235,simplified_placebo
48,20250902,COINBASE,COINBASE,BYBITSPOT,0,noon,0.00026226538097,0.1433807136346893,0.2630052541535715,simplified_placebo
51,20250902,COINBASE,COINBASE,BYBITSPOT,0,minus30m,0.0011437226507778,0.0429591109972668,0.7052310374433869,simplified_placebo
51,20250902,COINBASE,COINBASE,BYBITSPOT,0,plus30m,-0.0005567972283326,-0.038732401151779,0.7381460325536913,simplified_placebo
51,20250902,COINBASE,COINBASE,BYBITSPOT,0,noon,-0.0003086507057458,0.1238689456496697,0.3505013898321478,simplified_placebo
55,20250903,BINANCE,BINANCE,BITGET,0,minus30m,-1.1003124001958864e-05,0.166519227826118,0.2318913328232953,simplified_placebo
55,20250903,BINANCE,BINANCE,BITGET,0,plus30m,-0.0004006565698968,0.0612314555844295,0.7560289986441829,simplified_placebo
55,20250903,BINANCE,BINANCE,BITGET,0,noon,-0.0003451373001821,-0.0561525994828577,0.452287604147528,simplified_placebo
57,20250903,BITGET,COINBASE,BITGET,0,minus30m,-0.0015135424317931,-0.1160376687692326,0.1031682855332488,simplified_placebo
57,20250903,BITGET,COINBASE,BITGET,0,plus30m,0.0006206785789775,-0.1248325100786839,0.424845630375371,simplified_placebo
57,20250903,BITGET,COINBASE,BITGET,0,noon,-0.0013282490062959,0.2241809629701214,0.8603392406674915,simplified_placebo
60,20250903,BITGET,BINANCE,BITGET,0,minus30m,-0.0009950571880081,0.1095100163702677,0.1944577018081269,simplified_placebo
60,20250903,BITGET,BINANCE,BITGET,0,plus30m,0.0001022811456268,-0.0070504265056686,0.4302951412642997,simplified_placebo
60,20250903,BITGET,BINANCE,BITGET,0,noon,-7.402920668027353e-05,-0.0007253337730215,0.2716650591927648,simplified_placebo
71,20250903,COINBASE,COINBASE,BINANCE,0,minus30m,-0.000656318866024,0.020030471625435,0.1384058352097751,simplified_placebo
71,20250903,COINBASE,COINBASE,BINANCE,0,plus30m,0.0010472293829264,0.0469255685630917,0.3000148407887288,simplified_placebo
71,20250903,COINBASE,COINBASE,BINANCE,0,noon,0.0011317869681018,-0.1440565428097616,0.2917582458443724,simplified_placebo
73,20250904,BINANCE,BINANCE,BITGET,0,minus30m,-0.0017307546176851,0.0973216115214067,0.551643352543421,simplified_placebo
73,20250904,BINANCE,BINANCE,BITGET,0,plus30m,0.0009186179201378,0.1183435604406962,0.4678892866266378,simplified_placebo
73,20250904,BINANCE,BINANCE,BITGET,0,noon,0.0004266363989893,-0.1161363082465518,0.3702915236980941,simplified_placebo
74,20250904,BINANCE,BINANCE,BITGET,0,minus30m,-0.0005360917194325,0.0136326644920933,0.5899932027860556,simplified_placebo
74,20250904,BINANCE,BINANCE,BITGET,0,plus30m,0.00016814384132,-0.0169307643277028,0.6947872129170863,simplified_placebo
74,20250904,BINANCE,BINANCE,BITGET,0,noon,-0.0014993554866406,0.189654028864057,0.2812964634819497,simplified_placebo
75,20250904,BINANCE,BINANCE,BITGET,0,minus30m,-0.0002113790862426,0.0826123059435604,0.3491849974137667,simplified_placebo
75,20250904,BINANCE,BINANCE,BITGET,0,plus30m,-0.0005363048576434,0.2198187475864441,0.1400164577491034,simplified_placebo
75,20250904,BINANCE,BINANCE,BITGET,0,noon,-0.0009059202763938,-0.1275872300602115,0.4604942824515897,simplified_placebo
76,20250904,BINANCE,BINANCE,BITGET,0,minus30m,0.0007476240680771,-0.2397000936347783,0.836874128698862,simplified_placebo
76,20250904,BINANCE,BINANCE,BITGET,0,plus30m,-0.0010561693607773,-0.1111921866923779,0.6478788022964534,simplified_placebo
76,20250904,BINANCE,BINANCE,BITGET,0,noon,0.0014528337685883,0.1429197311006912,0.8024469714411161,simplified_placebo
77,20250904,BINANCE,BINANCE,BITGET,0,minus30m,-4.7256866398454536e-05,0.0726486695347663,0.8396485772530156,simplified_placebo
77,20250904,BINANCE,BINANCE,BITGET,0,plus30m,0.0004353891484136,0.0966911107650704,0.1895364458393487,simplified_placebo
77,20250904,BINANCE,BINANCE,BITGET,0,noon,-0.0001463763991042,-0.0084773319261257,0.2600986536552935,simplified_placebo
80,20250904,BITGET,BINANCE,BITGET,0,minus30m,2.9182913443659915e-06,0.1392556191402944,0.4493104526090017,simplified_placebo
80,20250904,BITGET,BINANCE,BITGET,0,plus30m,0.0004939497253778,-0.1777945269811737,0.157738583989536,simplified_placebo
80,20250904,BITGET,BINANCE,BITGET,0,noon,-0.0007178366771035,-0.1421162480076044,0.7928215331807199,simplified_placebo
81,20250904,BITGET,BINANCE,BITGET,0,minus30m,-0.0002882551559499,0.0813438768985929,0.4862671638514532,simplified_placebo
81,20250904,BITGET,BINANCE,BITGET,0,plus30m,0.0007662385447998,-0.1242651791562555,0.2031095621423673,simplified_placebo
81,20250904,BITGET,BINANCE,BITGET,0,noon,-2.573055529613646e-06,0.0575848014280433,0.641387225817327,simplified_placebo
82,20250904,BITGET,BINANCE,BITGET,0,minus30m,0.0001460046503129,-0.071557598312373,0.3589265772699418,simplified_placebo
82,20250904,BITGET,BINANCE,BITGET,0,plus30m,0.0005503513049667,-0.0511060315337394,0.1698385350880959,simplified_placebo
82,20250904,BITGET,BINANCE,BITGET,0,noon,-0.0006967790857067,-0.0110648394341928,0.2876904223784388,simplified_placebo
83,20250904,BITGET,BINANCE,BITGET,0,minus30m,0.0001183326144815,0.1837315492073647,0.3443622653063043,simplified_placebo
83,20250904,BITGET,BINANCE,BITGET,0,plus30m,-0.0006015022180772,-0.174268476293012,0.7407551307813082,simplified_placebo
83,20250904,BITGET,BINANCE,BITGET,0,noon,-7.519545489996087e-05,0.033225682637348,0.5743018348240579,simplified_placebo
83,20250904,BITGET,COINBASE,BITGET,0,minus30m,0.0004565027486561,-0.0577759357295051,0.1888917433174292,simplified_placebo
83,20250904,BITGET,COINBASE,BITGET,0,plus30m,-0.0019733853547749,0.0001237091526409,0.3593376675854506,simplified_placebo
83,20250904,BITGET,COINBASE,BITGET,0,noon,0.0007219487565582,-0.0672882878796616,0.782013186559185,simplified_placebo
84,20250904,BITGET,BINANCE,BITGET,0,minus30m,0.0012192523408161,-0.0531506914259062,0.7348236613400221,simplified_placebo
84,20250904,BITGET,BINANCE,BITGET,0,plus30m,-0.0014545570259009,-0.0235875863749446,0.8295039881157947,simplified_placebo
84,20250904,BITGET,BINANCE,BITGET,0,noon,-0.0010786343548727,0.0307605110943731,0.2184075370625986,simplified_placebo
84,20250904,BITGET,COINBASE,BITGET,0,minus30m,-0.0002269499949759,0.1116706934404051,0.4281489150534215,simplified_placebo
84,20250904,BITGET,COINBASE,BITGET,0,plus30m,0.0010502244461342,-0.1333302532382422,0.3944028184099032,simplified_placebo
84,20250904,BITGET,COINBASE,BITGET,0,noon,-0.0011815842814753,-0.1875355173877683,0.5896377408409368,simplified_placebo
103,20250905,BINANCE,BINANCE,COINBASE,0,minus30m,3.103740814632721e-05,0.0681955294034517,0.8825956113906137,simplified_placebo
103,20250905,BINANCE,BINANCE,COINBASE,0,plus30m,0.0001692772343465,0.0571444374441518,0.2599585142214088,simplified_placebo
103,20250905,BINANCE,BINANCE,COINBASE,0,noon,0.0008941375715602,-0.0131179089225777,0.4019810713598647,simplified_placebo
103,20250905,BINANCE,BINANCE,BYBITSPOT,0,minus30m,-0.0007493583695882,-0.0338355597790706,0.1294113135545014,simplified_placebo
103,20250905,BINANCE,BINANCE,BYBITSPOT,0,plus30m,-5.256105329368323e-05,0.1104676935140291,0.5437066325780155,simplified_placebo
103,20250905,BINANCE,BINANCE,BYBITSPOT,0,noon,1.8929424077207288e-06,0.0100039347367895,0.2545586568451041,simplified_placebo
104,20250905,BINANCE,BINANCE,COINBASE,0,minus30m,-0.0002711701472821,0.0558095946669048,0.6188396677040328,simplified_placebo
104,20250905,BINANCE,BINANCE,COINBASE,0,plus30m,0.0003745037982046,-0.0886075033547141,0.189256278790532,simplified_placebo
104,20250905,BINANCE,BINANCE,COINBASE,0,noon,9.09930137430926e-05,0.0644828362612558,0.1213788412921053,simplified_placebo
104,20250905,BINANCE,BINANCE,BYBITSPOT,0,minus30m,-0.0007652359706911,0.0189056049199624,0.6953653361252916,simplified_placebo
104,20250905,BINANCE,BINANCE,BYBITSPOT,0,plus30m,0.0002788091809905,-0.071338960435347,0.1056949936682273,simplified_placebo
104,20250905,BINANCE,BINANCE,BYBITSPOT,0,noon,0.0005113969790865,8.892760612426627e-05,0.2973788550372334,simplified_placebo
108,20250905,BITGET,COINBASE,BITGET,0,minus30m,0.0012595218910168,-0.2195131342866461,0.5744283084154912,simplified_placebo
108,20250905,BITGET,COINBASE,BITGET,0,plus30m,-0.0011613875774107,0.1508024336417731,0.8200191524373487,simplified_placebo
108,20250905,BITGET,COINBASE,BITGET,0,noon,-1.0252906935849278e-05,0.0384988647622795,0.2586056646190032,simplified_placebo
109,20250905,BITGET,COINBASE,BITGET,0,minus30m,0.0005717529662538,-0.146395023730815,0.6855286584945187,simplified_placebo
109,20250905,BITGET,COINBASE,BITGET,0,plus30m,0.0002949525397069,0.0298793004760556,0.3197597677121536,simplified_placebo
109,20250905,BITGET,COINBASE,BITGET,0,noon,0.0001024108876075,0.0530469666187159,0.7509464340841657,simplified_placebo
110,20250905,BITGET,BYBITSPOT,BITGET,0,minus30m,-2.5315851321771085e-05,-0.0223609874779809,0.7253116246754161,simplified_placebo
110,20250905,BITGET,BYBITSPOT,BITGET,0,plus30m,-0.0020284071152318,0.0175887021750244,0.7481583130919256,simplified_placebo
110,20250905,BITGET,BYBITSPOT,BITGET,0,noon,0.0008658708611,0.0315469478715799,0.5358733729014068,simplified_placebo
112,20250905,BITGET,BYBITSPOT,BITGET,0,minus30m,0.0003585475542535,-0.0833425261799518,0.5654671769444769,simplified_placebo
112,20250905,BITGET,BYBITSPOT,BITGET,0,plus30m,4.204421432628846e-05,0.0063228172944216,0.5960654278716002,simplified_placebo
112,20250905,BITGET,BYBITSPOT,BITGET,0,noon,0.0004946295369751,0.0741344083576154,0.4843343651604889,simplified_placebo
113,20250905,BITGET,COINBASE,BITGET,0,minus30m,0.0003086505404151,0.0221180487548396,0.56468795247814,simplified_placebo
113,20250905,BITGET,COINBASE,BITGET,0,plus30m,-9.5084415498061e-05,0.0710828534104747,0.1604192963586153,simplified_placebo
113,20250905,BITGET,COINBASE,BITGET,0,noon,0.000300350440541,0.1173504068503936,0.6201116090923068,simplified_placebo
115,20250905,BYBITSPOT,BYBITSPOT,BINANCE,0,minus30m,0.0007141049573273,-0.0536387292118409,0.4993280667335612,simplified_placebo
115,20250905,BYBITSPOT,BYBITSPOT,BINANCE,0,plus30m,0.002161948485362,0.0900934055965518,0.4903197064443473,simplified_placebo
115,20250905,BYBITSPOT,BYBITSPOT,BINANCE,0,noon,0.0005989243184516,0.0578593869874889,0.1623995222522898,simplified_placebo
116,20250905,BYBITSPOT,COINBASE,BYBITSPOT,0,minus30m,0.0017151708830624,0.0092436016267354,0.7162450029387962,simplified_placebo
116,20250905,BYBITSPOT,COINBASE,BYBITSPOT,0,plus30m,0.0001013923605886,-0.0176480410311948,0.7852228188553139,simplified_placebo
116,20250905,BYBITSPOT,COINBASE,BYBITSPOT,0,noon,0.0012759330279795,-0.159397035680688,0.3563295401284816,simplified_placebo
117,20250905,BYBITSPOT,BINANCE,BYBITSPOT,0,minus30m,0.0007278806015658,0.1243576569789353,0.7726297329973812,simplified_placebo
117,20250905,BYBITSPOT,BINANCE,BYBITSPOT,0,plus30m,-0.0005238817947147,0.0610063717527533,0.4708346648168393,simplified_placebo
117,20250905,BYBITSPOT,BINANCE,BYBITSPOT,0,noon,-0.0013820882669033,0.0321915972786644,0.1136828588523374,simplified_placebo
118,20250905,BYBITSPOT,BINANCE,BYBITSPOT,0,minus30m,9.342080041718212e-05,0.025127284083268,0.5447587937341352,simplified_placebo
118,20250905,BYBITSPOT,BINANCE,BYBITSPOT,0,plus30m,-4.646107521782885e-05,0.1131370992395604,0.7383743982023436,simplified_placebo
118,20250905,BYBITSPOT,BINANCE,BYBITSPOT,0,noon,0.0010634503168529,0.1181907549325081,0.5211365945659113,simplified_placebo
123,20250905,COINBASE,COINBASE,BYBITSPOT,0,minus30m,-0.0002713323214858,0.0380168835960525,0.1695661016875255,simplified_placebo
123,20250905,COINBASE,COINBASE,BYBITSPOT,0,plus30m,0.0015411976650533,-0.1007298986289376,0.3422570755313521,simplified_placebo
123,20250905,COINBASE,COINBASE,BYBITSPOT,0,noon,-0.001950726763722,-0.1525140223763773,0.3354353142831872,simplified_placebo
124,20250905,COINBASE,BINANCE,COINBASE,0,minus30m,-0.000864416153332,-0.0392495197130055,0.5992981843722904,simplified_placebo
124,20250905,COINBASE,BINANCE,COINBASE,0,plus30m,-0.0003975438912008,0.1018588171317135,0.6777231831358778,simplified_placebo
124,20250905,COINBASE,BINANCE,COINBASE,0,noon,-8.7349912277258e-05,-0.1610257414635409,0.7575098145076423,simplified_placebo
124,20250905,COINBASE,COINBASE,BINANCE,0,minus30m,0.002280026738506,0.0911503933738436,0.3250411811891612,simplified_placebo
124,20250905,COINBASE,COINBASE,BINANCE,0,plus30m,-0.0007851084582828,-0.1656553322069255,0.4717922769228467,simplified_placebo
124,20250905,COINBASE,COINBASE,BINANCE,0,noon,0.0009368677947338,-0.0027239489715191,0.2803929449255906,simplified_placebo
125,20250905,COINBASE,COINBASE,BINANCE,0,minus30m,0.0014005829705659,-0.0831824202574322,0.5763422520473095,simplified_placebo
125,20250905,COINBASE,COINBASE,BINANCE,0,plus30m,-0.0001536498587256,0.0883988383603843,0.7221947320912733,simplified_placebo
125,20250905,COINBASE,COINBASE,BINANCE,0,noon,0.0003132375585189,0.0630404679530704,0.5470695122508725,simplified_placebo
127,20250905,COINBASE,COINBASE,BYBITSPOT,0,minus30m,-0.0011049771024816,0.0841142851385225,0.4372671265494511,simplified_placebo
127,20250905,COINBASE,COINBASE,BYBITSPOT,0,plus30m,0.0016194200982335,0.0694998793244175,0.799237544813766,simplified_placebo
127,20250905,COINBASE,COINBASE,BYBITSPOT,0,noon,-0.001422616293892,-0.1990912444518093,0.5023273200662993,simplified_placebo
128,20250906,BINANCE,BINANCE,BYBITSPOT,0,minus30m,-0.000719141476697,0.025570580406651,0.1856622085631072,simplified_placebo
128,20250906,BINANCE,BINANCE,BYBITSPOT,0,plus30m,0.0004019441919601,-0.0157465382294408,0.8548628951077365,simplified_placebo
128,20250906,BINANCE,BINANCE,BYBITSPOT,0,noon,0.0025240992886896,0.0532221416559436,0.8866881808717103,simplified_placebo
128,20250906,BINANCE,BINANCE,BITGET,0,minus30m,-0.0009491063791422,-0.1011402642868274,0.8010342834747218,simplified_placebo
128,20250906,BINANCE,BINANCE,BITGET,0,plus30m,0.0001161563197861,-0.1334259093377116,0.1633773782620166,simplified_placebo
128,20250906,BINANCE,BINANCE,BITGET,0,noon,-0.0002960667558837,-0.1215281563971637,0.8199635738479233,simplified_placebo
129,20250906,BINANCE,BINANCE,BITGET,0,minus30m,0.0005780252633994,0.0070556047313394,0.6445319440125866,simplified_placebo
129,20250906,BINANCE,BINANCE,BITGET,0,plus30m,0.0009747941457574,0.1330570845882967,0.3414520503815017,simplified_placebo
129,20250906,BINANCE,BINANCE,BITGET,0,noon,-0.0005188081030999,0.0893466085570029,0.5719122712351938,simplified_placebo
130,20250906,BINANCE,BINANCE,BITGET,0,minus30m,0.0016669194036302,0.0199599997815385,0.3563796894437632,simplified_placebo
130,20250906,BINANCE,BINANCE,BITGET,0,plus30m,0.0007473785487649,-0.2404566543061634,0.1007489118304962,simplified_placebo
130,20250906,BINANCE,BINANCE,BITGET,0,noon,6.464523509249825e-05,-0.1135583569945918,0.1951763302357535,simplified_placebo
132,20250906,BITGET,BINANCE,BITGET,0,minus30m,0.0007942548976501,0.101455562188715,0.5224616036117797,simplified_placebo
132,20250906,BITGET,BINANCE,BITGET,0,plus30m,0.0011790992772907,0.0451280211239792,0.1168296635223317,simplified_placebo
132,20250906,BITGET,BINANCE,BITGET,0,noon,0.0011518961305379,-0.2235165045647785,0.2327245440965178,simplified_placebo
132,20250906,BITGET,BYBITSPOT,BITGET,0,minus30m,0.0013983245617364,-0.0675920228139239,0.7032101690606714,simplified_placebo
132,20250906,BITGET,BYBITSPOT,BITGET,0,plus30m,0.000306747094972,-0.1632069173596261,0.2797175384337275,simplified_placebo
132,20250906,BITGET,BYBITSPOT,BITGET,0,noon,-0.0010225251325241,0.0972100798868792,0.2820721995698031,simplified_placebo
133,20250906,BITGET,BINANCE,BITGET,0,minus30m,-0.0002608855179094,-0.1339147298694156,0.6205651601192386,simplified_placebo
133,20250906,BITGET,BINANCE,BITGET,0,plus30m,-0.0015629615991408,0.0367486327326641,0.7978333572008055,simplified_placebo
133,20250906,BITGET,BINANCE,BITGET,0,noon,-0.000604962681705,-0.139696856646017,0.192670316474707,simplified_placebo
133,20250906,BITGET,BYBITSPOT,BITGET,0,minus30m,0.0009114693280622,0.1894979963819768,0.257115229873127,simplified_placebo
133,20250906,BITGET,BYBITSPOT,BITGET,0,plus30m,0.0009169882034768,0.0602144343320982,0.8743156573897564,simplified_placebo
133,20250906,BITGET,BYBITSPOT,BITGET,0,noon,-0.0009452842609434,-0.1262283897862506,0.733571141905334,simplified_placebo
134,20250906,BITGET,BINANCE,BITGET,0,minus30m,-0.0008603715548479,-0.0926268935123187,0.6727891694113072,simplified_placebo
134,20250906,BITGET,BINANCE,BITGET,0,plus30m,0.0009092368329644,0.2751430486329612,0.4787026276737103,simplified_placebo
134,20250906,BITGET,BINANCE,BITGET,0,noon,0.0009348711883206,-0.1249683477386567,0.7669686151440319,simplified_placebo
136,20250906,BYBITSPOT,BINANCE,BYBITSPOT,0,minus30m,0.0005565356599322,-0.0707521694307523,0.5156129091398584,simplified_placebo
136,20250906,BYBITSPOT,BINANCE,BYBITSPOT,0,plus30m,-0.0019014147546212,-0.004310864840493,0.4484439262630817,simplified_placebo
136,20250906,BYBITSPOT,BINANCE,BYBITSPOT,0,noon,-0.0004961896059149,0.0614358579641856,0.6434609837626779,simplified_placebo
139,20250906,BYBITSPOT,COINBASE,BYBITSPOT,0,minus30m,0.0018953858580576,-0.0327489287323003,0.7101752491096347,simplified_placebo
139,20250906,BYBITSPOT,COINBASE,BYBITSPOT,0,plus30m,-0.0005015618968681,-0.1093470316792791,0.7021563599795747,simplified_placebo
139,20250906,BYBITSPOT,COINBASE,BYBITSPOT,0,noon,-6.353399511470222e-05,-0.2457197910103978,0.5809736798457986,simplified_placebo
143,20250906,COINBASE,COINBASE,BINANCE,0,minus30m,-0.0006519130739851,-0.0220319786488772,0.3696512089649709,simplified_placebo
143,20250906,COINBASE,COINBASE,BINANCE,0,plus30m,-0.000823532962019,0.0676226389600042,0.5902023134956981,simplified_placebo
143,20250906,COINBASE,COINBASE,BINANCE,0,noon,-0.0016613936557677,-0.0142841473634963,0.2024370344032385,simplified_placebo
143,20250906,COINBASE,COINBASE,BYBITSPOT,0,minus30m,0.0014270285307034,0.0977398546519523,0.5075283808133482,simplified_placebo
143,20250906,COINBASE,COINBASE,BYBITSPOT,0,plus30m,-0.0021961536478719,-0.027669489116699,0.7711049265043889,simplified_placebo
143,20250906,COINBASE,COINBASE,BYBITSPOT,0,noon,0.0006257477431334,-0.1442143900239872,0.3833602773430311,simplified_placebo
145,20250907,BINANCE,BINANCE,COINBASE,0,minus30m,-0.0003861793193115,-0.0710370254735502,0.3407570842396685,simplified_placebo
145,20250907,BINANCE,BINANCE,COINBASE,0,plus30m,0.0002659807971461,0.0607725038439322,0.5067076240320473,simplified_placebo
145,20250907,BINANCE,BINANCE,COINBASE,0,noon,0.0006670577733895,0.0553757608154725,0.8351427749478758,simplified_placebo
147,20250907,BINANCE,BINANCE,COINBASE,0,minus30m,0.0015641303988053,0.0364096470870153,0.1478681260096666,simplified_placebo
147,20250907,BINANCE,BINANCE,COINBASE,0,plus30m,-0.0004814099448009,-0.0862875345555821,0.4499462829713208,simplified_placebo
147,20250907,BINANCE,BINANCE,COINBASE,0,noon,-2.8146904302847107e-05,0.0668042634548415,0.4420982893862967,simplified_placebo
157,20250907,COINBASE,BINANCE,COINBASE,0,minus30m,-0.0010101425558625,0.0115033623548019,0.8171224993392621,simplified_placebo
157,20250907,COINBASE,BINANCE,COINBASE,0,plus30m,0.0009192525871443,0.0540931979601727,0.393103735191455,simplified_placebo
157,20250907,COINBASE,BINANCE,COINBASE,0,noon,0.0012095274096488,0.0009901044318834,0.8481431662093496,simplified_placebo
157,20250907,COINBASE,COINBASE,BINANCE,0,minus30m,0.0006264175542319,0.0135847180366452,0.8153823068356684,simplified_placebo
157,20250907,COINBASE,COINBASE,BINANCE,0,plus30m,-9.7690024193437e-06,0.0584569263556192,0.7677466325182419,simplified_placebo
157,20250907,COINBASE,COINBASE,BINANCE,0,noon,-0.0003023269822388,0.0799563999979376,0.8020084857042805,simplified_placebo
159,20250907,COINBASE,BINANCE,COINBASE,0,minus30m,-0.0007785649081885,0.0808785563545474,0.4069227125812267,simplified_placebo
159,20250907,COINBASE,BINANCE,COINBASE,0,plus30m,0.0011541988463234,0.0957555479972199,0.4857684435201432,simplified_placebo
159,20250907,COINBASE,BINANCE,COINBASE,0,noon,-0.0005174106552339,-0.0904264721106935,0.7886658401097127,simplified_placebo
0,20250901,BINANCE,BINANCE,BITGET,0,minus30m,0.0012782565753045,0.0547574404492173,0.6543481097699787,simplified_placebo
0,20250901,BINANCE,BINANCE,BITGET,0,plus30m,0.0002352240043203,-0.0214610041377194,0.771094307835396,simplified_placebo
0,20250901,BINANCE,BINANCE,BITGET,0,noon,-0.0002319498168398,0.0283865905276676,0.2996008402314863,simplified_placebo
0,20250901,BINANCE,BITGET,BINANCE,0,minus30m,-0.0013831333177234,-0.032925489298151,0.7033399385233844,simplified_placebo
0,20250901,BINANCE,BITGET,BINANCE,0,plus30m,0.000145053341886,-0.00650036915055,0.7100785407916872,simplified_placebo
0,20250901,BINANCE,BITGET,BINANCE,0,noon,-0.0005587855850222,0.0119517720971694,0.4503271121596457,simplified_placebo
1,20250901,BINANCE,COINBASE,BINANCE,0,minus30m,0.0005838438316088,0.067310945476486,0.71793007664307,simplified_placebo
1,20250901,BINANCE,COINBASE,BINANCE,0,plus30m,0.0007553236646031,-0.0049381113405039,0.7686589881941932,simplified_placebo
1,20250901,BINANCE,COINBASE,BINANCE,0,noon,-8.759242849391812e-05,-0.0658193230824256,0.3280006949870195,simplified_placebo
1,20250901,BINANCE,BINANCE,BYBITSPOT,0,minus30m,0.0009806458835836,0.072954962279709,0.1737227946148329,simplified_placebo
1,20250901,BINANCE,BINANCE,BYBITSPOT,0,plus30m,-0.0009931674173661,0.0025465335958952,0.4512207918341678,simplified_placebo
1,20250901,BINANCE,BINANCE,BYBITSPOT,0,noon,0.0011204714464068,0.010841922916016,0.8619145004155548,simplified_placebo
1,20250901,BINANCE,BYBITSPOT,BINANCE,0,minus30m,-0.0016293859400211,-0.1128761010806419,0.3337011224886735,simplified_placebo
1,20250901,BINANCE,BYBITSPOT,BINANCE,0,plus30m,0.0021156857573692,0.0164443476793129,0.612295254176627,simplified_placebo
1,20250901,BINANCE,BYBITSPOT,BINANCE,0,noon,0.0001759000945869,-0.0172054848467535,0.3428493324235859,simplified_placebo
3,20250901,BINANCE,BINANCE,BYBITSPOT,0,minus30m,-0.0001248075209863,-0.0587847316510169,0.3069384818201902,simplified_placebo
3,20250901,BINANCE,BINANCE,BYBITSPOT,0,plus30m,0.0002498400353334,-0.077779850141499,0.3562619352026138,simplified_placebo
3,20250901,BINANCE,BINANCE,BYBITSPOT,0,noon,0.0004776291364161,0.0141938274740019,0.8603345864075939,simplified_placebo
4,20250901,BINANCE,BINANCE,COINBASE,0,minus30m,-0.0017020220696551,0.0418429897328,0.210769620543777,simplified_placebo
4,20250901,BINANCE,BINANCE,COINBASE,0,plus30m,0.001088870931355,0.0334414103789523,0.3662901152884145,simplified_placebo
4,20250901,BINANCE,BINANCE,COINBASE,0,noon,-0.0011637313355537,0.053505802286355,0.7324006405290675,simplified_placebo
4,20250901,BINANCE,COINBASE,BINANCE,0,minus30m,0.0010744195368024,-0.2007773400926402,0.5526793574763886,simplified_placebo
4,20250901,BINANCE,COINBASE,BINANCE,0,plus30m,-0.0004249501206722,-0.0492719299841282,0.6799104166192049,simplified_placebo
4,20250901,BINANCE,COINBASE,BINANCE,0,noon,0.0001763370077283,0.240504111452038,0.78861894082501,simplified_placebo
4,20250901,BINANCE,BYBITSPOT,BINANCE,0,minus30m,0.0009571892761407,-0.2312556627684034,0.6860470139761505,simplified_placebo
4,20250901,BINANCE,BYBITSPOT,BINANCE,0,plus30m,0.0005971860118445,0.0082649771339749,0.6263765958839882,simplified_placebo
4,20250901,BINANCE,BYBITSPOT,BINANCE,0,noon,0.0003078694893913,0.1318995923023036,0.4284263188528113,simplified_placebo
5,20250901,BITGET,BITGET,BINANCE,0,minus30m,-0.0005892272158798,-0.0653308479110375,0.8844788993067904,simplified_placebo
5,20250901,BITGET,BITGET,BINANCE,0,plus30m,-0.0006936045712287,0.1289757439674353,0.183404317669642,simplified_placebo
5,20250901,BITGET,BITGET,BINANCE,0,noon,-0.0003526472558707,-0.1310883910520523,0.5755837165714918,simplified_placebo
5,20250901,BITGET,BINANCE,BITGET,0,minus30m,-8.575258168511703e-05,-0.1307882591065769,0.1408765998271239,simplified_placebo
5,20250901,BITGET,BINANCE,BITGET,0,plus30m,0.0021382556501287,0.0377140020256239,0.5443072768414947,simplified_placebo
5,20250901,BITGET,BINANCE,BITGET,0,noon,-0.0011266839320928,-0.0046682778282542,0.4989255315284534,simplified_placebo
5,20250901,BITGET,COINBASE,BITGET,0,minus30m,0.000490975049002,0.246812825528029,0.8433602585472254,simplified_placebo
5,20250901,BITGET,COINBASE,BITGET,0,plus30m,-0.0010374654995601,-0.1242213629259446,0.357608806489702,simplified_placebo
5,20250901,BITGET,COINBASE,BITGET,0,noon,0.000178771417685,-0.0734475752400511,0.8861811083401211,simplified_placebo
5,20250901,BITGET,BITGET,BYBITSPOT,0,minus30m,-0.0004958551802048,0.0829455006461755,0.5871469278071356,simplified_placebo
5,20250901,BITGET,BITGET,BYBITSPOT,0,plus30m,0.0012328215567016,-0.1299123857568991,0.7962635858352968,simplified_placebo
5,20250901,BITGET,BITGET,BYBITSPOT,0,noon,0.0010424273775318,-0.1136382434214458,0.728104547375265,simplified_placebo
5,20250901,BITGET,BYBITSPOT,BITGET,0,minus30m,0.0001991999662988,0.0059075255216512,0.7005103392791322,simplified_placebo
5,20250901,BITGET,BYBITSPOT,BITGET,0,plus30m,0.0003418846350351,0.0157875523126832,0.7292943898108576,simplified_placebo
5,20250901,BITGET,BYBITSPOT,BITGET,0,noon,0.001508362910697,0.1719938804858888,0.4481992500535575,simplified_placebo
8,20250901,BITGET,COINBASE,BITGET,0,minus30m,-0.0012492639234276,-0.042552402337587,0.8595023430752984,simplified_placebo
8,20250901,BITGET,COINBASE,BITGET,0,plus30m,-0.0014203001342011,-0.1491434294731096,0.4836926072132915,simplified_placebo
8,20250901,BITGET,COINBASE,BITGET,0,noon,0.0002265771182828,0.0379523129845192,0.8922632331331402,simplified_placebo
8,20250901,BITGET,BITGET,BYBITSPOT,0,minus30m,0.0006802466671393,0.0978634603650273,0.2435200460267525,simplified_placebo
8,20250901,BITGET,BITGET,BYBITSPOT,0,plus30m,0.0009943315534854,-0.0882209102610173,0.4413169817945553,simplified_placebo
8,20250901,BITGET,BITGET,BYBITSPOT,0,noon,0.0017217938928463,-0.0359952405712168,0.1235182363267732,simplified_placebo
9,20250901,BITGET,BITGET,COINBASE,0,minus30m,0.0002059132727293,0.0638079136830835,0.8313487159076688,simplified_placebo
9,20250901,BITGET,BITGET,COINBASE,0,plus30m,-0.000224340661051,0.0242961432860174,0.3421581278183004,simplified_placebo
9,20250901,BITGET,BITGET,COINBASE,0,noon,0.0003673220203301,-0.1920204348304472,0.4213674018283461,simplified_placebo
9,20250901,BITGET,BITGET,BYBITSPOT,0,minus30m,-0.0009405539657767,0.0713550481730839,0.1946342244248045,simplified_placebo
9,20250901,BITGET,BITGET,BYBITSPOT,0,plus30m,-0.0004065344638185,-0.1291396355003743,0.2764706030549066,simplified_placebo
9,20250901,BITGET,BITGET,BYBITSPOT,0,noon,-0.0006331009762225,0.0980814814482031,0.8523268984972016,simplified_placebo
9,20250901,BITGET,BYBITSPOT,BITGET,0,minus30m,0.0013400424129767,-0.1541466695574192,0.8607047035998157,simplified_placebo
9,20250901,BITGET,BYBITSPOT,BITGET,0,plus30m,0.0010052698567382,0.1107099435673299,0.3400877379666023,simplified_placebo
9,20250901,BITGET,BYBITSPOT,BITGET,0,noon,0.0004407419144883,0.1933914355117484,0.1720112492909559,simplified_placebo
10,20250901,BYBITSPOT,BYBITSPOT,BITGET,0,minus30m,0.0012054211342201,0.0252617227465621,0.3548491939857688,simplified_placebo
10,20250901,BYBITSPOT,BYBITSPOT,BITGET,0,plus30m,0.0004806755914915,0.0457386071324076,0.4651337107389698,simplified_placebo
10,20250901,BYBITSPOT,BYBITSPOT,BITGET,0,noon,0.0001324637207579,-0.0322805791963298,0.2732768363970977,simplified_placebo
10,20250901,BYBITSPOT,BITGET,BYBITSPOT,0,minus30m,-0.0009172725683228,0.0357618613924779,0.8566331319900288,simplified_placebo
10,20250901,BYBITSPOT,BITGET,BYBITSPOT,0,plus30m,0.0002542243039484,0.2135371691932456,0.8624258202014491,simplified_placebo
10,20250901,BYBITSPOT,BITGET,BYBITSPOT,0,noon,-0.0004671398322048,0.053665744625277,0.6428251756845719,simplified_placebo
11,20250901,BYBITSPOT,BYBITSPOT,BINANCE,0,minus30m,-0.0008005232130611,0.0880554248722191,0.4073544223618778,simplified_placebo
11,20250901,BYBITSPOT,BYBITSPOT,BINANCE,0,plus30m,0.0006243904702152,-0.11196682708352,0.5917399730723925,simplified_placebo
11,20250901,BYBITSPOT,BYBITSPOT,BINANCE,0,noon,0.0014414626015639,-0.0882101761800295,0.3698665003708599,simplified_placebo
11,20250901,BYBITSPOT,BINANCE,BYBITSPOT,0,minus30m,-0.0003136195440309,-0.0820273893891525,0.7433634217583573,simplified_placebo
11,20250901,BYBITSPOT,BINANCE,BYBITSPOT,0,plus30m,-0.0007394398298682,-0.0406385850393842,0.4981193888735069,simplified_placebo
11,20250901,BYBITSPOT,BINANCE,BYBITSPOT,0,noon,-0.0004489946247137,0.0348494144367745,0.6546096094429149,simplified_placebo
13,20250901,BYBITSPOT,BINANCE,BYBITSPOT,0,minus30m,0.0024286993432374,0.0257898548086247,0.8879234149166904,simplified_placebo
13,20250901,BYBITSPOT,BINANCE,BYBITSPOT,0,plus30m,0.0002491020338741,-0.1026430558465258,0.7499687103623335,simplified_placebo
13,20250901,BYBITSPOT,BINANCE,BYBITSPOT,0,noon,0.0002710094386395,-0.0337458571687858,0.7286867476655953,simplified_placebo
13,20250901,BYBITSPOT,COINBASE,BYBITSPOT,0,minus30m,0.0006519988129833,-0.2267812733378297,0.1463192472808184,simplified_placebo
13,20250901,BYBITSPOT,COINBASE,BYBITSPOT,0,plus30m,0.0015030246540718,-0.1938724470473043,0.7084713302546897,simplified_placebo
13,20250901,BYBITSPOT,COINBASE,BYBITSPOT,0,noon,-0.0012057461008129,-0.0970096428901489,0.3194207078909856,simplified_placebo
14,20250901,BYBITSPOT,BYBITSPOT,BINANCE,0,minus30m,-0.0015417907158935,-0.1515144008732782,0.6569421500160535,simplified_placebo
14,20250901,BYBITSPOT,BYBITSPOT,BINANCE,0,plus30m,0.000721711907677,-0.1606314298978938,0.2685453661361118,simplified_placebo
14,20250901,BYBITSPOT,BYBITSPOT,BINANCE,0,noon,-0.0014428027725343,0.0034685038773551,0.1706933645938677,simplified_placebo
14,20250901,BYBITSPOT,BYBITSPOT,COINBASE,0,minus30m,0.000377205351636,0.0122754383728261,0.1123698746901478,simplified_placebo
14,20250901,BYBITSPOT,BYBITSPOT,COINBASE,0,plus30m,-0.0002635249420947,0.2037194794380296,0.8907305776103609,simplified_placebo
14,20250901,BYBITSPOT,BYBITSPOT,COINBASE,0,noon,0.0013855817238289,-0.109785112662108,0.5868457451373694,simplified_placebo
14,20250901,BYBITSPOT,COINBASE,BYBITSPOT,0,minus30m,-0.0019531216044975,0.0027766993250151,0.4631119411505864,simplified_placebo
14,20250901,BYBITSPOT,COINBASE,BYBITSPOT,0,plus30m,0.0004719632065059,-0.0261500665664802,0.3514655986476532,simplified_placebo
14,20250901,BYBITSPOT,COINBASE,BYBITSPOT,0,noon,0.0003515455531829,-0.0197012411928652,0.3273200308001288,simplified_placebo
14,20250901,BYBITSPOT,BYBITSPOT,BITGET,0,minus30m,-0.0007603209745065,0.0315701306814776,0.5307514234250147,simplified_placebo
14,20250901,BYBITSPOT,BYBITSPOT,BITGET,0,plus30m,-0.0002964506088921,0.0200165255837769,0.3965932458829035,simplified_placebo
14,20250901,BYBITSPOT,BYBITSPOT,BITGET,0,noon,-0.0007498182723295,0.088688672775583,0.4972995748372262,simplified_placebo
14,20250901,BYBITSPOT,BITGET,BYBITSPOT,0,minus30m,0.0014059615471297,0.0244819948881402,0.1054258017514314,simplified_placebo
14,20250901,BYBITSPOT,BITGET,BYBITSPOT,0,plus30m,-0.0001179743331117,-0.0101213919423703,0.6365838585474906,simplified_placebo
14,20250901,BYBITSPOT,BITGET,BYBITSPOT,0,noon,-0.0006332342641185,-0.0724843719469167,0.4152637763459122,simplified_placebo
15,20250901,COINBASE,COINBASE,BITGET,0,minus30m,0.0001039041264446,-0.0612620334996933,0.1207631404133248,simplified_placebo
15,20250901,COINBASE,COINBASE,BITGET,0,plus30m,8.395881565145947e-05,-0.0220150341024881,0.6561138440941495,simplified_placebo
15,20250901,COINBASE,COINBASE,BITGET,0,noon,-0.0009725312487814,0.0184225381076079,0.5137572768454971,simplified_placebo
16,20250901,COINBASE,COINBASE,BINANCE,0,minus30m,0.0016262878627237,-0.1885900523268918,0.7097495824971596,simplified_placebo
16,20250901,COINBASE,COINBASE,BINANCE,0,plus30m,0.0009963801911515,0.0631398330959232,0.6540663760736318,simplified_placebo
16,20250901,COINBASE,COINBASE,BINANCE,0,noon,8.502842545778421e-05,-0.0753495831817342,0.6492646166485672,simplified_placebo
18,20250901,COINBASE,COINBASE,BYBITSPOT,0,minus30m,0.0001603696425938,-0.0384339251127802,0.5469665598941101,simplified_placebo
18,20250901,COINBASE,COINBASE,BYBITSPOT,0,plus30m,0.0005246468765234,-0.0346911981169487,0.561283979694731,simplified_placebo
18,20250901,COINBASE,COINBASE,BYBITSPOT,0,noon,-0.0015569409799119,-0.0305796793973563,0.5331074376098838,simplified_placebo
18,20250901,COINBASE,COINBASE,BITGET,0,minus30m,0.0011626954221684,0.0758087491751016,0.6729311730147323,simplified_placebo
18,20250901,COINBASE,COINBASE,BITGET,0,plus30m,-0.0012337450771927,-0.022252112605261,0.6156435491901515,simplified_placebo
18,20250901,COINBASE,COINBASE,BITGET,0,noon,-0.0010933247753374,-0.0081013540530423,0.536243057756333,simplified_placebo
19,20250901,COINBASE,COINBASE,BINANCE,0,minus30m,0.0001990677258893,0.2295445425721321,0.3592417400870917,simplified_placebo
19,20250901,COINBASE,COINBASE,BINANCE,0,plus30m,-0.0001244148703854,-0.1328073743353038,0.5030794918263108,simplified_placebo
19,20250901,COINBASE,COINBASE,BINANCE,0,noon,0.0008229562704111,-0.0058857714508727,0.2507120602437211,simplified_placebo
19,20250901,COINBASE,BINANCE,COINBASE,0,minus30m,-0.0010225128283481,-0.0583959143553454,0.4215399951602475,simplified_placebo
19,20250901,COINBASE,BINANCE,COINBASE,0,plus30m,2.4538297975447787e-05,0.1035424735278584,0.6356317884211612,simplified_placebo
19,20250901,COINBASE,BINANCE,COINBASE,0,noon,0.0002954258152959,0.0899876807744446,0.8417892508049553,simplified_placebo
19,20250901,COINBASE,COINBASE,BYBITSPOT,0,minus30m,-0.0005956890782212,-0.1007741499090513,0.3710559493131214,simplified_placebo
19,20250901,COINBASE,COINBASE,BYBITSPOT,0,plus30m,0.0004714182452689,-0.0540027042961525,0.7709564137642586,simplified_placebo
19,20250901,COINBASE,COINBASE,BYBITSPOT,0,noon,-0.0007712523961599,-0.0399586994509326,0.3091839350290273,simplified_placebo
19,20250901,COINBASE,BYBITSPOT,COINBASE,0,minus30m,-0.0018292423631698,0.020260329275321,0.2494504959773328,simplified_placebo
19,20250901,COINBASE,BYBITSPOT,COINBASE,0,plus30m,-0.0003077757208027,0.1865389375058988,0.2885815174177608,simplified_placebo
19,20250901,COINBASE,BYBITSPOT,COINBASE,0,noon,-0.0001932620478266,0.0947128633805391,0.6616309941878419,simplified_placebo
19,20250901,COINBASE,BITGET,COINBASE,0,minus30m,7.44451248220227e-05,0.0982085712270205,0.535438952547786,simplified_placebo
19,20250901,COINBASE,BITGET,COINBASE,0,plus30m,0.0011394213872475,0.0585914576466218,0.497757501327977,simplified_placebo
19,20250901,COINBASE,BITGET,COINBASE,0,noon,-0.0004786028243462,-0.2739097634729776,0.3366370255533099,simplified_placebo
20,20250902,BINANCE,BINANCE,COINBASE,0,minus30m,0.0006229208885657,-0.1254772756276907,0.630057424563889,simplified_placebo
20,20250902,BINANCE,BINANCE,COINBASE,0,plus30m,0.0019414690509282,-0.0423104854128086,0.3517953951933821,simplified_placebo
20,20250902,BINANCE,BINANCE,COINBASE,0,noon,-0.0009330588440205,0.1202936050097454,0.4465922392408399,simplified_placebo
20,20250902,BINANCE,COINBASE,BINANCE,0,minus30m,-0.0007713991093737,-0.1189142709784629,0.7303696255065931,simplified_placebo
20,20250902,BINANCE,COINBASE,BINANCE,0,plus30m,-0.0015659842807345,0.0310829437915791,0.7426174175064726,simplified_placebo
20,20250902,BINANCE,COINBASE,BINANCE,0,noon,0.0008847026542867,0.0290597049042645,0.4411890000399749,simplified_placebo
20,20250902,BINANCE,BINANCE,BYBITSPOT,0,minus30m,0.0002106642615624,0.0358042573422723,0.2637364191829343,simplified_placebo
20,20250902,BINANCE,BINANCE,BYBITSPOT,0,plus30m,0.0002419509311539,0.0604020726751703,0.4703010766485556,simplified_placebo
20,20250902,BINANCE,BINANCE,BYBITSPOT,0,noon,-0.0001724472967804,0.0560362971749272,0.5623017778072698,simplified_placebo
23,20250902,BINANCE,BYBITSPOT,BINANCE,0,minus30m,-0.0002288667600484,0.0454866546027626,0.7166234245922989,simplified_placebo
23,20250902,BINANCE,BYBITSPOT,BINANCE,0,plus30m,0.0005550316820239,0.1573985872509221,0.31787970772633,simplified_placebo
23,20250902,BINANCE,BYBITSPOT,BINANCE,0,noon,-0.0013651998093546,-0.015248294546343,0.8810873562646825,simplified_placebo
24,20250902,BINANCE,BINANCE,BITGET,0,minus30m,0.0006509249253536,-0.0208024736010852,0.8944456260672203,simplified_placebo
24,20250902,BINANCE,BINANCE,BITGET,0,plus30m,-0.0005456394996016,-0.0760898807015764,0.6040573080125926,simplified_placebo
24,20250902,BINANCE,BINANCE,BITGET,0,noon,0.0012377521656717,0.1189553239108392,0.410386037069555,simplified_placebo
24,20250902,BINANCE,BITGET,BINANCE,0,minus30m,-0.0024285874687086,-0.1903406453028073,0.3329144141551238,simplified_placebo
24,20250902,BINANCE,BITGET,BINANCE,0,plus30m,-5.52135085703252e-05,-0.1828411977373535,0.8708100639220812,simplified_placebo
24,20250902,BINANCE,BITGET,BINANCE,0,noon,0.0009831156468274,0.0708275459300545,0.7081254663769305,simplified_placebo
25,20250902,BINANCE,BINANCE,BITGET,0,minus30m,0.000771403094735,-0.0257700819493889,0.8610315827524916,simplified_placebo
25,20250902,BINANCE,BINANCE,BITGET,0,plus30m,0.0010497182887785,-0.1021532470232684,0.5586999204554667,simplified_placebo
25,20250902,BINANCE,BINANCE,BITGET,0,noon,-0.0008160132389156,-0.1025963556368959,0.3696393849517131,simplified_placebo
25,20250902,BINANCE,BITGET,BINANCE,0,minus30m,-0.0008156806489551,-0.0165320242271004,0.6664988171335389,simplified_placebo
25,20250902,BINANCE,BITGET,BINANCE,0,plus30m,0.0002576451823997,0.075223090403738,0.7843425484770671,simplified_placebo
25,20250902,BINANCE,BITGET,BINANCE,0,noon,-0.0002411510700906,-0.1241697266425234,0.585500084806421,simplified_placebo
26,20250902,BINANCE,BINANCE,BITGET,0,minus30m,-0.0006534266374947,-0.0083237202957526,0.8534320123266933,simplified_placebo
26,20250902,BINANCE,BINANCE,BITGET,0,plus30m,0.0008965821502777,0.1955705288278284,0.6160328036804361,simplified_placebo
26,20250902,BINANCE,BINANCE,BITGET,0,noon,-4.484413150157408e-05,-0.0406328401338734,0.6887946493912125,simplified_placebo
26,20250902,BINANCE,BITGET,BINANCE,0,minus30m,-0.0019334059788099,-0.0622902277493013,0.8751335865901677,simplified_placebo
26,20250902,BINANCE,BITGET,BINANCE,0,plus30m,-0.000590414474452,-0.1835262839284075,0.4726555785761754,simplified_placebo
26,20250902,BINANCE,BITGET,BINANCE,0,noon,0.000779535069454,0.1857732475178796,0.3699770803090018,simplified_placebo
27,20250902,BINANCE,BINANCE,BYBITSPOT,0,minus30m,-0.0022485215525283,0.0233799282209154,0.6672800700951091,simplified_placebo
27,20250902,BINANCE,BINANCE,BYBITSPOT,0,plus30m,0.0013374563515618,-0.2003795293202611,0.436231652403792,simplified_placebo
27,20250902,BINANCE,BINANCE,BYBITSPOT,0,noon,-0.0009507445681363,0.1690247966442756,0.1892374283006182,simplified_placebo
28,20250902,BITGET,BITGET,BYBITSPOT,0,minus30m,-0.0009097765370828,0.0069448312326667,0.8781949256408114,simplified_placebo
28,20250902,BITGET,BITGET,BYBITSPOT,0,plus30m,-0.0006203111727862,0.0987375993535117,0.8712629330421233,simplified_placebo
28,20250902,BITGET,BITGET,BYBITSPOT,0,noon,0.0003606342147866,0.0191404809686745,0.5716437484009185,simplified_placebo
31,20250902,BITGET,COINBASE,BITGET,0,minus30m,1.8115953674937352e-05,0.0414170661299504,0.630415807742966,simplified_placebo
31,20250902,BITGET,COINBASE,BITGET,0,plus30m,-0.0014774295716036,0.072399728799784,0.1007464024541291,simplified_placebo
31,20250902,BITGET,COINBASE,BITGET,0,noon,0.0016043078056358,-0.1060181284994109,0.5286479224530295,simplified_placebo
32,20250902,BITGET,BITGET,BINANCE,0,minus30m,0.0006555155899884,-0.0691488174419467,0.8809939402798166,simplified_placebo
32,20250902,BITGET,BITGET,BINANCE,0,plus30m,-0.0004935839690965,-0.0645657236671854,0.2225116687268133,simplified_placebo
32,20250902,BITGET,BITGET,BINANCE,0,noon,-0.000329437453979,0.099775848169802,0.1346554441924635,simplified_placebo
32,20250902,BITGET,BINANCE,BITGET,0,minus30m,-3.845924722758614e-05,-0.0622132944300364,0.1076865603043114,simplified_placebo
32,20250902,BITGET,BINANCE,BITGET,0,plus30m,-0.0009499629777006,-0.152534244262446,0.8911937905542936,simplified_placebo
32,20250902,BITGET,BINANCE,BITGET,0,noon,-0.0020949873529372,0.027920509308757,0.5306795272518549,simplified_placebo
33,20250902,BITGET,BITGET,BINANCE,0,minus30m,0.0001860098899198,0.1270895448293561,0.3287245128169765,simplified_placebo
33,20250902,BITGET,BITGET,BINANCE,0,plus30m,-3.38657503517531e-05,0.0801345035776414,0.3484388874573943,simplified_placebo
33,20250902,BITGET,BITGET,BINANCE,0,noon,-0.0016264264721612,0.0681578705137206,0.1110539175270561,simplified_placebo
33,20250902,BITGET,BINANCE,BITGET,0,minus30m,-0.0004814709350518,0.0850995682550917,0.2079559667542946,simplified_placebo
33,20250902,BITGET,BINANCE,BITGET,0,plus30m,0.0004579457403542,-0.0474547494800203,0.6775061764389536,simplified_placebo
33,20250902,BITGET,BINANCE,BITGET,0,noon,0.0009839784294595,-0.2192669371328706,0.5095991398635994,simplified_placebo
33,20250902,BITGET,BITGET,COINBASE,0,minus30m,-0.0008531512103055,-0.0556162544263806,0.6993092654295202,simplified_placebo
33,20250902,BITGET,BITGET,COINBASE,0,plus30m,0.0010374658645447,-0.1459881292112335,0.714148853013373,simplified_placebo
33,20250902,BITGET,BITGET,COINBASE,0,noon,0.0004158743313623,-0.1908926714095175,0.4360531174965106,simplified_placebo
33,20250902,BITGET,COINBASE,BITGET,0,minus30m,0.0004135895702087,-0.2710066338277609,0.1235915066950739,simplified_placebo
33,20250902,BITGET,COINBASE,BITGET,0,plus30m,0.0013163739236596,-0.0491444890155444,0.755937677503983,simplified_placebo
33,20250902,BITGET,COINBASE,BITGET,0,noon,0.0004244628904722,-0.026070252265174,0.6981564578859729,simplified_placebo
35,20250902,BITGET,COINBASE,BITGET,0,minus30m,-8.89053720094554e-05,-0.0951176099221921,0.3794965423605204,simplified_placebo
35,20250902,BITGET,COINBASE,BITGET,0,plus30m,-0.0006781566048216,0.0735753959739655,0.8145157399436312,simplified_placebo
35,20250902,BITGET,COINBASE,BITGET,0,noon,0.0003581606806119,0.0034071906549416,0.2215209375248499,simplified_placebo
36,20250902,BYBITSPOT,BINANCE,BYBITSPOT,0,minus30m,0.0002896424897357,0.018884703455838,0.2089525225879001,simplified_placebo
36,20250902,BYBITSPOT,BINANCE,BYBITSPOT,0,plus30m,0.0007978458460704,-0.1070676711902522,0.1742409946099105,simplified_placebo
36,20250902,BYBITSPOT,BINANCE,BYBITSPOT,0,noon,-0.0007456843770028,-0.0377730070507421,0.1993734658819705,simplified_placebo
36,20250902,BYBITSPOT,BITGET,BYBITSPOT,0,minus30m,0.0013967250303091,-0.0608378545403811,0.3422259258103184,simplified_placebo
36,20250902,BYBITSPOT,BITGET,BYBITSPOT,0,plus30m,0.0010818339754826,0.0869410535672557,0.5742877705682282,simplified_placebo
36,20250902,BYBITSPOT,BITGET,BYBITSPOT,0,noon,-0.0014168225077326,-0.0371935920083468,0.3916815512572291,simplified_placebo
38,20250902,BYBITSPOT,BYBITSPOT,COINBASE,0,minus30m,-0.0006745924054978,-0.0176858125405366,0.6593898598871784,simplified_placebo
38,20250902,BYBITSPOT,BYBITSPOT,COINBASE,0,plus30m,0.0011527989704588,0.1580298557876951,0.471659336644522,simplified_placebo
38,20250902,BYBITSPOT,BYBITSPOT,COINBASE,0,noon,-0.0020395134635631,0.0255603749287414,0.659591023389629,simplified_placebo
39,20250902,BYBITSPOT,BYBITSPOT,BINANCE,0,minus30m,-0.0006703124620915,0.1650931588431119,0.631616278128041,simplified_placebo
39,20250902,BYBITSPOT,BYBITSPOT,BINANCE,0,plus30m,-0.0025477673539928,0.0426775520339001,0.1147718943748184,simplified_placebo
39,20250902,BYBITSPOT,BYBITSPOT,BINANCE,0,noon,-0.000173704347869,0.0742334940084114,0.8428730188374409,simplified_placebo
39,20250902,BYBITSPOT,BYBITSPOT,COINBASE,0,minus30m,-0.0011587561161686,0.0242187325961444,0.6398085907261447,simplified_placebo
39,20250902,BYBITSPOT,BYBITSPOT,COINBASE,0,plus30m,0.0014033924918018,0.0159672051823059,0.5418987700982474,simplified_placebo
39,20250902,BYBITSPOT,BYBITSPOT,COINBASE,0,noon,-0.0016789671384284,-0.1767298982533307,0.2023120652195126,simplified_placebo
39,20250902,BYBITSPOT,COINBASE,BYBITSPOT,0,minus30m,-0.0005562767003725,-0.1216745448177171,0.5140579396057583,simplified_placebo
39,20250902,BYBITSPOT,COINBASE,BYBITSPOT,0,plus30m,-0.0006998333493346,-0.0461964039487894,0.8311335806349077,simplified_placebo
39,20250902,BYBITSPOT,COINBASE,BYBITSPOT,0,noon,0.001271128836306,-0.1017171821794174,0.7821611711644645,simplified_placebo
40,20250902,BYBITSPOT,BYBITSPOT,COINBASE,0,minus30m,-0.0010817378583862,0.1506645630718378,0.4406614766030137,simplified_placebo
40,20250902,BYBITSPOT,BYBITSPOT,COINBASE,0,plus30m,-0.0023596766379905,0.1494939056050795,0.75094543826033,simplified_placebo
40,20250902,BYBITSPOT,BYBITSPOT,COINBASE,0,noon,-0.0003632365452517,-0.0595885254442836,0.1044162989816062,simplified_placebo
40,20250902,BYBITSPOT,COINBASE,BYBITSPOT,0,minus30m,-0.0002962137940246,0.1153180808973751,0.2424569258578661,simplified_placebo
40,20250902,BYBITSPOT,COINBASE,BYBITSPOT,0,plus30m,-0.0010118903053863,0.048441957934867,0.4381013834717175,simplified_placebo
40,20250902,BYBITSPOT,COINBASE,BYBITSPOT,0,noon,0.0014978199487448,0.0161496481825013,0.617305231377857,simplified_placebo
41,20250902,BYBITSPOT,BYBITSPOT,COINBASE,0,minus30m,-0.0006905248171425,-0.2212462418807019,0.7596538270171185,simplified_placebo
41,20250902,BYBITSPOT,BYBITSPOT,COINBASE,0,plus30m,0.0001212741615107,0.2058551709197877,0.452019870705696,simplified_placebo
41,20250902,BYBITSPOT,BYBITSPOT,COINBASE,0,noon,-0.001210569346031,-0.1556162948804652,0.5411329176852925,simplified_placebo
42,20250902,BYBITSPOT,BINANCE,BYBITSPOT,0,minus30m,0.0014520229041171,-0.05657325299086,0.45837305308276,simplified_placebo
42,20250902,BYBITSPOT,BINANCE,BYBITSPOT,0,plus30m,0.0004793667491276,-0.0378390064468788,0.2933121988078227,simplified_placebo
42,20250902,BYBITSPOT,BINANCE,BYBITSPOT,0,noon,-0.0012071876330135,0.0728941144780506,0.4412014358311215,simplified_placebo
42,20250902,BYBITSPOT,BYBITSPOT,COINBASE,0,minus30m,-0.001314569800226,0.2225891245165618,0.1644787338135782,simplified_placebo
42,20250902,BYBITSPOT,BYBITSPOT,COINBASE,0,plus30m,-0.0003918627031592,-0.0219199165872648,0.3685491267034635,simplified_placebo
42,20250902,BYBITSPOT,BYBITSPOT,COINBASE,0,noon,-7.184570769287964e-05,-0.0808137263570302,0.6448416197853685,simplified_placebo
43,20250902,BYBITSPOT,BINANCE,BYBITSPOT,0,minus30m,0.0009377367244475,0.0145018272035362,0.8935472669686592,simplified_placebo
43,20250902,BYBITSPOT,BINANCE,BYBITSPOT,0,plus30m,0.0001119011775069,-0.0579715754758573,0.3502182622627395,simplified_placebo
43,20250902,BYBITSPOT,BINANCE,BYBITSPOT,0,noon,-0.0002880812340476,-0.0644362958022861,0.8028819440898362,simplified_placebo
43,20250902,BYBITSPOT,BYBITSPOT,COINBASE,0,minus30m,0.0001571676820274,0.0300628999198757,0.8673466957108203,simplified_placebo
43,20250902,BYBITSPOT,BYBITSPOT,COINBASE,0,plus30m,-0.0011253022505006,-0.0477382097358557,0.1288473210876597,simplified_placebo
43,20250902,BYBITSPOT,BYBITSPOT,COINBASE,0,noon,-0.0006975394284096,-0.0556156490268412,0.2448234723210072,simplified_placebo
43,20250902,BYBITSPOT,COINBASE,BYBITSPOT,0,minus30m,-0.0015222616318826,-0.0846265437193975,0.5559642123339116,simplified_placebo
43,20250902,BYBITSPOT,COINBASE,BYBITSPOT,0,plus30m,0.0010097767431109,-0.0945361390560983,0.1826671946975286,simplified_placebo
43,20250902,BYBITSPOT,COINBASE,BYBITSPOT,0,noon,-0.0025989267904686,-0.111387741558422,0.225188175223065,simplified_placebo
44,20250902,COINBASE,COINBASE,BINANCE,0,minus30m,-4.000386492349595e-05,-0.06565412156387,0.3690514608238705,simplified_placebo
44,20250902,COINBASE,COINBASE,BINANCE,0,plus30m,0.0008168551053358,-0.188733546716337,0.8972789408740509,simplified_placebo
44,20250902,COINBASE,COINBASE,BINANCE,0,noon,-0.0008313897123461,0.0507761879547929,0.5995683337510268,simplified_placebo
44,20250902,COINBASE,BINANCE,COINBASE,0,minus30m,0.0007706365362147,-0.0452674493884795,0.8035083931071078,simplified_placebo
44,20250902,COINBASE,BINANCE,COINBASE,0,plus30m,0.0020816340615271,-0.0557774367874706,0.647247379188906,simplified_placebo
44,20250902,COINBASE,BINANCE,COINBASE,0,noon,0.00058477918054,0.0157644752742052,0.1498044129145701,simplified_placebo
46,20250902,COINBASE,BYBITSPOT,COINBASE,0,minus30m,-0.0004452773027903,-0.0014046409502686,0.7716733083888696,simplified_placebo
46,20250902,COINBASE,BYBITSPOT,COINBASE,0,plus30m,0.0011123783793488,0.1155871766336415,0.540760029740033,simplified_placebo
46,20250902,COINBASE,BYBITSPOT,COINBASE,0,noon,6.809920477912081e-05,0.0423027591743134,0.3373289686568682,simplified_placebo
47,20250902,COINBASE,COINBASE,BYBITSPOT,0,minus30m,-0.0006796486815991,0.0280272255216459,0.6283772299116379,simplified_placebo
47,20250902,COINBASE,COINBASE,BYBITSPOT,0,plus30m,-0.0003437269012194,0.2220190056083518,0.673224522743036,simplified_placebo
47,20250902,COINBASE,COINBASE,BYBITSPOT,0,noon,-0.0009329367019444,-0.0933001396353722,0.2583375282417813,simplified_placebo
47,20250902,COINBASE,BYBITSPOT,COINBASE,0,minus30m,-0.0007606216136122,-0.1160320923626547,0.813878638477581,simplified_placebo
47,20250902,COINBASE,BYBITSPOT,COINBASE,0,plus30m,-0.0012711441727233,-0.0672087581401524,0.6961773281133448,simplified_placebo
47,20250902,COINBASE,BYBITSPOT,COINBASE,0,noon,0.0006246890316667,0.0198696005215521,0.6308788062752131,simplified_placebo
47,20250902,COINBASE,BITGET,COINBASE,0,minus30m,0.0002783822544283,-0.1211465530298451,0.5279013412042531,simplified_placebo
47,20250902,COINBASE,BITGET,COINBASE,0,plus30m,0.0001336528119785,0.0393289193328344,0.2496769814644211,simplified_placebo
47,20250902,COINBASE,BITGET,COINBASE,0,noon,-0.0012611761208869,0.0720530611481414,0.2778391458537849,simplified_placebo
48,20250902,COINBASE,COINBASE,BYBITSPOT,0,minus30m,-0.0006878709383945,-0.0514273879489729,0.1292682201180599,simplified_placebo
48,20250902,COINBASE,COINBASE,BYBITSPOT,0,plus30m,0.0014979557478773,0.108144514190794,0.4500463449127038,simplified_placebo
48,20250902,COINBASE,COINBASE,BYBITSPOT,0,noon,-0.0011782077205322,-0.1718743386818747,0.3699785167055259,simplified_placebo
48,20250902,COINBASE,BYBITSPOT,COINBASE,0,minus30m,0.0009221348209251,-0.0670406085537943,0.1360986849692402,simplified_placebo
48,20250902,COINBASE,BYBITSPOT,COINBASE,0,plus30m,-0.0018948185102705,0.0168510728669123,0.498822051268178,simplified_placebo
48,20250902,COINBASE,BYBITSPOT,COINBASE,0,noon,0.001534572744328,-0.0173804434041256,0.364532901928685,simplified_placebo
49,20250902,COINBASE,BYBITSPOT,COINBASE,0,minus30m,-0.0007039545402053,-0.1010998295255671,0.6304048543001735,simplified_placebo
49,20250902,COINBASE,BYBITSPOT,COINBASE,0,plus30m,-0.0011502513564679,0.149599798979826,0.2866620927565795,simplified_placebo
49,20250902,COINBASE,BYBITSPOT,COINBASE,0,noon,0.0010136164497463,-0.1354599800496323,0.4254260080498694,simplified_placebo
49,20250902,COINBASE,COINBASE,BITGET,0,minus30m,-0.0004630877868031,-0.0505447929270607,0.6006334904134943,simplified_placebo
49,20250902,COINBASE,COINBASE,BITGET,0,plus30m,0.0009234803287354,-0.0279034030710433,0.1235492856510499,simplified_placebo
49,20250902,COINBASE,COINBASE,BITGET,0,noon,0.0006129405494232,-0.1078929339759391,0.597016713634362,simplified_placebo
49,20250902,COINBASE,BITGET,COINBASE,0,minus30m,-0.0009829155095477,0.018975822305924,0.7763055190071028,simplified_placebo
49,20250902,COINBASE,BITGET,COINBASE,0,plus30m,-0.0006453832737143,-0.0262127281575662,0.1777723591617314,simplified_placebo
49,20250902,COINBASE,BITGET,COINBASE,0,noon,0.0006949658762777,-0.1535192018350075,0.7228735712257756,simplified_placebo
50,20250902,COINBASE,BYBITSPOT,COINBASE,0,minus30m,0.0006343925251523,-0.2020052546814198,0.7760419412084185,simplified_placebo
50,20250902,COINBASE,BYBITSPOT,COINBASE,0,plus30m,0.001371816823878,0.0274828150403559,0.3073115344172245,simplified_placebo
50,20250902,COINBASE,BYBITSPOT,COINBASE,0,noon,-0.0006085897765651,0.2140922184393094,0.6476909623041623,simplified_placebo
51,20250902,COINBASE,COINBASE,BYBITSPOT,0,minus30m,-0.0015533955939597,-0.0674765269786188,0.4305044804743757,simplified_placebo
51,20250902,COINBASE,COINBASE,BYBITSPOT,0,plus30m,0.0011565567434817,-0.1588108743736067,0.2588251007076663,simplified_placebo
51,20250902,COINBASE,COINBASE,BYBITSPOT,0,noon,0.0014755916227228,0.0109243688141638,0.2331975682994251,simplified_placebo
51,20250902,COINBASE,BYBITSPOT,COINBASE,0,minus30m,0.0012375536673263,-0.123840383693083,0.5203784395685399,simplified_placebo
51,20250902,COINBASE,BYBITSPOT,COINBASE,0,plus30m,-0.0017219794642539,0.1367977381359594,0.6081761649478128,simplified_placebo
51,20250902,COINBASE,BYBITSPOT,COINBASE,0,noon,0.0007087187743096,-0.0202584176245921,0.7214878309074285,simplified_placebo
51,20250902,COINBASE,COINBASE,BITGET,0,minus30m,-0.0019613132993551,0.0164836660676,0.3981298826879049,simplified_placebo
51,20250902,COINBASE,COINBASE,BITGET,0,plus30m,0.000999643906954,-0.1829787034578602,0.4808775659218492,simplified_placebo
51,20250902,COINBASE,COINBASE,BITGET,0,noon,-0.0004843160524372,-0.0167667841873456,0.6941026260777976,simplified_placebo
53,20250903,BINANCE,BINANCE,COINBASE,0,minus30m,0.0004670565397266,-0.0429954228485636,0.424165172220058,simplified_placebo
53,20250903,BINANCE,BINANCE,COINBASE,0,plus30m,0.0007898406844294,-0.1265788508230167,0.1473488954936864,simplified_placebo
53,20250903,BINANCE,BINANCE,COINBASE,0,noon,0.000108611070008,-0.020511774344485,0.1489960783088484,simplified_placebo
55,20250903,BINANCE,BINANCE,BITGET,0,minus30m,0.0003831828058048,0.0762791375837879,0.3412445681281891,simplified_placebo
55,20250903,BINANCE,BINANCE,BITGET,0,plus30m,8.434330786608805e-05,-0.0992071428302186,0.8016140859201112,simplified_placebo
55,20250903,BINANCE,BINANCE,BITGET,0,noon,-0.0001488086276754,0.0673775068731056,0.3105347222187342,simplified_placebo
56,20250903,BINANCE,COINBASE,BINANCE,0,minus30m,0.0012229183819069,-0.0236948132784592,0.2818020721909312,simplified_placebo
56,20250903,BINANCE,COINBASE,BINANCE,0,plus30m,0.0003682409187191,-0.0480504102967157,0.4739847592532158,simplified_placebo
56,20250903,BINANCE,COINBASE,BINANCE,0,noon,0.0010085495414347,-0.150811016160757,0.7013801336779059,simplified_placebo
57,20250903,BITGET,BITGET,COINBASE,0,minus30m,0.0004143172849153,-0.046351114514626,0.4846888665462959,simplified_placebo
57,20250903,BITGET,BITGET,COINBASE,0,plus30m,7.959207209970023e-05,-0.1258196454348625,0.6674157787156406,simplified_placebo
57,20250903,BITGET,BITGET,COINBASE,0,noon,0.0012214934780708,0.1110752894530654,0.7652770455091892,simplified_placebo
57,20250903,BITGET,COINBASE,BITGET,0,minus30m,0.0007626632451106,0.0622764198370527,0.6409157068952508,simplified_placebo
57,20250903,BITGET,COINBASE,BITGET,0,plus30m,-0.0010264122602613,-0.1660511970668972,0.6945991624807007,simplified_placebo
57,20250903,BITGET,COINBASE,BITGET,0,noon,0.0012693647627513,0.1075878150677244,0.3463543242735234,simplified_placebo
60,20250903,BITGET,BINANCE,BITGET,0,minus30m,-0.0008064806336186,-0.115260648549211,0.6241961929142799,simplified_placebo
60,20250903,BITGET,BINANCE,BITGET,0,plus30m,0.0013416396084938,-0.1394994468300999,0.1559020071671392,simplified_placebo
60,20250903,BITGET,BINANCE,BITGET,0,noon,0.0001758205398206,-0.0551443848101734,0.6104029725484532,simplified_placebo
67,20250903,COINBASE,COINBASE,BITGET,0,minus30m,-0.0007841081899013,-0.1564038217745901,0.2986610376793622,simplified_placebo
67,20250903,COINBASE,COINBASE,BITGET,0,plus30m,0.0010686965389819,0.0534694132704708,0.3711308902894149,simplified_placebo
67,20250903,COINBASE,COINBASE,BITGET,0,noon,0.0014205135951814,-0.0883394745015653,0.4748714693402317,simplified_placebo
68,20250903,COINBASE,BINANCE,COINBASE,0,minus30m,0.0004555841663905,-0.1527980959258016,0.3202710849559392,simplified_placebo
68,20250903,COINBASE,BINANCE,COINBASE,0,plus30m,0.0001324445614673,-0.0278091233706034,0.3052132988092907,simplified_placebo
68,20250903,COINBASE,BINANCE,COINBASE,0,noon,-0.0019318065829634,0.0744605481515377,0.5738614844277454,simplified_placebo
71,20250903,COINBASE,COINBASE,BINANCE,0,minus30m,-0.0010840395554643,0.0086416008344028,0.606087208860765,simplified_placebo
71,20250903,COINBASE,COINBASE,BINANCE,0,plus30m,1.8755128461126592e-05,0.1498724509303657,0.1008310639426375,simplified_placebo
71,20250903,COINBASE,COINBASE,BINANCE,0,noon,0.0019554236431353,-0.1086917640485588,0.4265600377875057,simplified_placebo
73,20250904,BINANCE,BINANCE,BITGET,0,minus30m,0.0018720258583006,0.0017669275499656,0.632696107870038,simplified_placebo
73,20250904,BINANCE,BINANCE,BITGET,0,plus30m,-0.0006118946140907,0.1129377422428998,0.5877743638329739,simplified_placebo
73,20250904,BINANCE,BINANCE,BITGET,0,noon,-0.0015837984047824,0.0311466428675318,0.3740319879369951,simplified_placebo
74,20250904,BINANCE,BINANCE,BITGET,0,minus30m,0.0003070442973787,0.0059284625164626,0.7655489211736739,simplified_placebo
74,20250904,BINANCE,BINANCE,BITGET,0,plus30m,0.0001263896585458,0.1343382668127146,0.4170477720945998,simplified_placebo
74,20250904,BINANCE,BINANCE,BITGET,0,noon,0.0008854494997973,-0.0780697475433667,0.394234482209857,simplified_placebo
75,20250904,BINANCE,BINANCE,BITGET,0,minus30m,0.0006508652247011,-0.0728622340582416,0.6570855573016259,simplified_placebo
75,20250904,BINANCE,BINANCE,BITGET,0,plus30m,0.0005072902371071,0.0526184531480459,0.3612413976587365,simplified_placebo
75,20250904,BINANCE,BINANCE,BITGET,0,noon,-0.0007126418972124,-0.0929343718801689,0.4770230539625966,simplified_placebo
76,20250904,BINANCE,BINANCE,BITGET,0,minus30m,-0.0014307709951886,-0.1249910610136484,0.8097764274242186,simplified_placebo
76,20250904,BINANCE,BINANCE,BITGET,0,plus30m,2.814434279599816e-05,-0.0515137131792137,0.6622560431951009,simplified_placebo
76,20250904,BINANCE,BINANCE,BITGET,0,noon,-0.0004379215515478,-0.0497740842172289,0.1586402061497631,simplified_placebo
76,20250904,BINANCE,BITGET,BINANCE,0,minus30m,-0.0003900215579224,0.0497263937843079,0.6852559593539522,simplified_placebo
76,20250904,BINANCE,BITGET,BINANCE,0,plus30m,8.027396744544789e-05,-0.0911150320666677,0.5395676532386233,simplified_placebo
76,20250904,BINANCE,BITGET,BINANCE,0,noon,0.0006019858008413,0.1986259361690471,0.143545319010116,simplified_placebo
77,20250904,BINANCE,BINANCE,BITGET,0,minus30m,0.0006441354453,0.1168733491358294,0.1566219042987599,simplified_placebo
77,20250904,BINANCE,BINANCE,BITGET,0,plus30m,-0.001801102760313,0.0583785284862815,0.1748628154427574,simplified_placebo
77,20250904,BINANCE,BINANCE,BITGET,0,noon,0.0002621585302874,-0.0901990640566772,0.8173950849808128,simplified_placebo
79,20250904,BITGET,BITGET,COINBASE,0,minus30m,0.0010455173259122,0.1824871138881784,0.1431028451011323,simplified_placebo
79,20250904,BITGET,BITGET,COINBASE,0,plus30m,0.0017705145670713,0.0722624064152949,0.5646015883879151,simplified_placebo
79,20250904,BITGET,BITGET,COINBASE,0,noon,0.0006486878541096,0.0119889512901542,0.190411937362164,simplified_placebo
80,20250904,BITGET,BINANCE,BITGET,0,minus30m,0.0007132597307888,-0.1607640630134689,0.8520863443812848,simplified_placebo
80,20250904,BITGET,BINANCE,BITGET,0,plus30m,0.0008407454986388,0.1420819985512712,0.6367936585212369,simplified_placebo
80,20250904,BITGET,BINANCE,BITGET,0,noon,0.0012116463966782,0.135269039354448,0.1023243336262103,simplified_placebo
81,20250904,BITGET,BINANCE,BITGET,0,minus30m,-0.0009149263082609,-0.0061120963365451,0.6885861854415223,simplified_placebo
81,20250904,BITGET,BINANCE,BITGET,0,plus30m,0.0005806683927385,-0.1563091765423544,0.7153201254910307,simplified_placebo
81,20250904,BITGET,BINANCE,BITGET,0,noon,-0.0001141986944641,0.0633363124346671,0.6106565532290928,simplified_placebo
82,20250904,BITGET,BINANCE,BITGET,0,minus30m,0.0001269824393677,0.006836232930794,0.56524637395062,simplified_placebo
82,20250904,BITGET,BINANCE,BITGET,0,plus30m,-0.000216412767974,-0.0426336942317368,0.6997719808412152,simplified_placebo
82,20250904,BITGET,BINANCE,BITGET,0,noon,0.0006053828700111,0.1056380865310893,0.1849327745546585,simplified_placebo
83,20250904,BITGET,BITGET,BINANCE,0,minus30m,-0.0002581104279035,-0.1435287671816421,0.7345946736773935,simplified_placebo
83,20250904,BITGET,BITGET,BINANCE,0,plus30m,7.707748719422478e-05,0.0097231223509086,0.5234119730001142,simplified_placebo
83,20250904,BITGET,BITGET,BINANCE,0,noon,-0.0007499795968205,0.2084714223385209,0.5047824284399927,simplified_placebo
83,20250904,BITGET,BINANCE,BITGET,0,minus30m,-4.550997840995824e-05,0.0453686827024438,0.3064901210140923,simplified_placebo
83,20250904,BITGET,BINANCE,BITGET,0,plus30m,-0.0017149589040041,0.1694408107506158,0.2698571517889858,simplified_placebo
83,20250904,BITGET,BINANCE,BITGET,0,noon,-0.0020631054856322,-0.0941542266705582,0.6496262514325288,simplified_placebo
83,20250904,BITGET,BITGET,COINBASE,0,minus30m,-0.0023895167860918,0.0278503046600871,0.1019395530653333,simplified_placebo
83,20250904,BITGET,BITGET,COINBASE,0,plus30m,0.0004488304428399,-0.0031281006563031,0.4933548390499601,simplified_placebo
83,20250904,BITGET,BITGET,COINBASE,0,noon,0.0011542679469211,0.0235478704088041,0.8652208063817837,simplified_placebo
83,20250904,BITGET,COINBASE,BITGET,0,minus30m,-0.0003310229019637,0.1358277860188524,0.6101733824779025,simplified_placebo
83,20250904,BITGET,COINBASE,BITGET,0,plus30m,-0.001322780904264,-0.1561040532638122,0.5447617931656993,simplified_placebo
83,20250904,BITGET,COINBASE,BITGET,0,noon,-0.0001316244497944,-0.03981484400342,0.513230093417714,simplified_placebo
83,20250904,BITGET,BITGET,BYBITSPOT,0,minus30m,0.001555929219671,-0.1023416004025686,0.8456022361187366,simplified_placebo
83,20250904,BITGET,BITGET,BYBITSPOT,0,plus30m,0.0008156721388603,0.0326396461260881,0.7762923482073543,simplified_placebo
83,20250904,BITGET,BITGET,BYBITSPOT,0,noon,-0.0003498725960269,0.0989102061867959,0.758464860280695,simplified_placebo
84,20250904,BITGET,BINANCE,BITGET,0,minus30m,0.0007852179715579,-0.1479087686732908,0.4246727584165748,simplified_placebo
84,20250904,BITGET,BINANCE,BITGET,0,plus30m,-0.0007519076458162,-0.041375458195195,0.8495496469697689,simplified_placebo
84,20250904,BITGET,BINANCE,BITGET,0,noon,0.0003843800727039,-0.0642158528883494,0.6189923528526571,simplified_placebo
84,20250904,BITGET,COINBASE,BITGET,0,minus30m,-0.0001550102051187,-0.0646713086817493,0.7215148535596386,simplified_placebo
84,20250904,BITGET,COINBASE,BITGET,0,plus30m,0.0001938388640313,0.1225723472206734,0.4038825274686273,simplified_placebo
84,20250904,BITGET,COINBASE,BITGET,0,noon,0.0015935180263834,0.0180999245275896,0.4928554626598284,simplified_placebo
84,20250904,BITGET,BITGET,BYBITSPOT,0,minus30m,0.0013857921302803,0.1440708592475043,0.1526372219348769,simplified_placebo
84,20250904,BITGET,BITGET,BYBITSPOT,0,plus30m,0.0003354137346404,-0.2351337952644591,0.4085716622289304,simplified_placebo
84,20250904,BITGET,BITGET,BYBITSPOT,0,noon,-0.0017315041104829,0.0085930601869793,0.7364421922872937,simplified_placebo
87,20250904,BYBITSPOT,BYBITSPOT,COINBASE,0,minus30m,-0.0008648163262001,-0.161426493244572,0.7288015418299424,simplified_placebo
87,20250904,BYBITSPOT,BYBITSPOT,COINBASE,0,plus30m,-0.0024923294487036,0.0227130821627401,0.83524108337178,simplified_placebo
87,20250904,BYBITSPOT,BYBITSPOT,COINBASE,0,noon,-0.0027856332255802,-0.095673914057505,0.3176551820233078,simplified_placebo
89,20250904,BYBITSPOT,BYBITSPOT,COINBASE,0,minus30m,-0.0011547422441943,0.0945613505926498,0.8664297590817712,simplified_placebo
89,20250904,BYBITSPOT,BYBITSPOT,COINBASE,0,plus30m,0.0004470561884476,0.07386768860036,0.3876242381011916,simplified_placebo
89,20250904,BYBITSPOT,BYBITSPOT,COINBASE,0,noon,-0.0003959564851597,-0.0623855137793536,0.4442328039069108,simplified_placebo
89,20250904,BYBITSPOT,BITGET,BYBITSPOT,0,minus30m,-0.0005357273146154,0.040529183052067,0.6155105103733186,simplified_placebo
89,20250904,BYBITSPOT,BITGET,BYBITSPOT,0,plus30m,-0.0016437816153468,0.1195801974518234,0.3932997976308131,simplified_placebo
89,20250904,BYBITSPOT,BITGET,BYBITSPOT,0,noon,-0.0004614251413791,0.0072954813474695,0.8619946317477094,simplified_placebo
90,20250904,BYBITSPOT,BITGET,BYBITSPOT,0,minus30m,0.0007950550761327,0.0215144301833998,0.281361511377418,simplified_placebo
90,20250904,BYBITSPOT,BITGET,BYBITSPOT,0,plus30m,0.001224029453319,-0.0954936805810766,0.4400796058832141,simplified_placebo
90,20250904,BYBITSPOT,BITGET,BYBITSPOT,0,noon,-0.0009847255756639,0.142988261173848,0.7972329789440097,simplified_placebo
91,20250904,BYBITSPOT,BYBITSPOT,COINBASE,0,minus30m,0.0009595070727289,0.0073454758658945,0.6923646660602517,simplified_placebo
91,20250904,BYBITSPOT,BYBITSPOT,COINBASE,0,plus30m,-0.0021761422273994,0.1544363070904526,0.6591668817339861,simplified_placebo
91,20250904,BYBITSPOT,BYBITSPOT,COINBASE,0,noon,-0.000602548861096,0.0310194331449137,0.4342465957702037,simplified_placebo
91,20250904,BYBITSPOT,BITGET,BYBITSPOT,0,minus30m,0.0002973945506823,-0.0558390339831744,0.1239996799321415,simplified_placebo
91,20250904,BYBITSPOT,BITGET,BYBITSPOT,0,plus30m,0.0010022124013067,0.0122715251155066,0.3015180887202542,simplified_placebo
91,20250904,BYBITSPOT,BITGET,BYBITSPOT,0,noon,-0.0004215269739814,0.0833596816383076,0.5846104877172937,simplified_placebo
93,20250904,COINBASE,BITGET,COINBASE,0,minus30m,-0.0001894422162236,0.0463933558107739,0.6167248682030293,simplified_placebo
93,20250904,COINBASE,BITGET,COINBASE,0,plus30m,-0.0017843006693719,-0.0227790082594119,0.6432063004756295,simplified_placebo
93,20250904,COINBASE,BITGET,COINBASE,0,noon,-0.001573845952341,0.011199261251632,0.7977879491357212,simplified_placebo
94,20250904,COINBASE,BYBITSPOT,COINBASE,0,minus30m,0.0001690375092361,0.0826835783160411,0.3102953172485777,simplified_placebo
94,20250904,COINBASE,BYBITSPOT,COINBASE,0,plus30m,-0.0005878873118209,0.0529284289596235,0.3603755281980383,simplified_placebo
94,20250904,COINBASE,BYBITSPOT,COINBASE,0,noon,0.0008874545074545,-0.0780258909993094,0.2041744939120545,simplified_placebo
95,20250904,COINBASE,BYBITSPOT,COINBASE,0,minus30m,0.0024942029379673,-0.0157850517010212,0.2745445818987896,simplified_placebo
95,20250904,COINBASE,BYBITSPOT,COINBASE,0,plus30m,0.0005930261038232,-0.0443744124901863,0.135134799730543,simplified_placebo
95,20250904,COINBASE,BYBITSPOT,COINBASE,0,noon,-6.614026412795815e-05,0.0832983826523514,0.1699129269018071,simplified_placebo
96,20250904,COINBASE,BYBITSPOT,COINBASE,0,minus30m,0.0004048978009768,-0.0341949544977643,0.1660775519308099,simplified_placebo
96,20250904,COINBASE,BYBITSPOT,COINBASE,0,plus30m,0.0002407887680927,-0.0100138068085527,0.4427946817441595,simplified_placebo
96,20250904,COINBASE,BYBITSPOT,COINBASE,0,noon,0.0016861873443929,-0.0483222285636873,0.7169379443067967,simplified_placebo
97,20250904,COINBASE,COINBASE,BITGET,0,minus30m,0.0002725616880921,0.105764011315073,0.8965178079794905,simplified_placebo
97,20250904,COINBASE,COINBASE,BITGET,0,plus30m,-0.001401448005427,0.1108268702283105,0.6441479195321248,simplified_placebo
97,20250904,COINBASE,COINBASE,BITGET,0,noon,-0.0007479521022566,-0.056051132487086,0.7295610067797259,simplified_placebo
97,20250904,COINBASE,BITGET,COINBASE,0,minus30m,0.0008044138484196,-0.1665881747843755,0.6485000620131138,simplified_placebo
97,20250904,COINBASE,BITGET,COINBASE,0,plus30m,-9.9499545253592e-05,0.0677078432276539,0.4232867898639441,simplified_placebo
97,20250904,COINBASE,BITGET,COINBASE,0,noon,0.0007413239691588,-0.0309616935873674,0.7435287647707416,simplified_placebo
101,20250905,BINANCE,BYBITSPOT,BINANCE,0,minus30m,-0.0014927156925094,-0.0414372795445103,0.2378821238654082,simplified_placebo
101,20250905,BINANCE,BYBITSPOT,BINANCE,0,plus30m,0.0001985213333145,0.0540030331477589,0.1527376012200124,simplified_placebo
101,20250905,BINANCE,BYBITSPOT,BINANCE,0,noon,-0.0007135027007677,0.0433045349876263,0.3756468875476793,simplified_placebo
103,20250905,BINANCE,BINANCE,COINBASE,0,minus30m,0.0019952512947307,-0.0567794848874688,0.5776922462235092,simplified_placebo
103,20250905,BINANCE,BINANCE,COINBASE,0,plus30m,0.0003950948404666,0.1482047999282069,0.4192902653088222,simplified_placebo
103,20250905,BINANCE,BINANCE,COINBASE,0,noon,0.0003098726103621,-0.0893654619802882,0.5579271452813301,simplified_placebo
103,20250905,BINANCE,COINBASE,BINANCE,0,minus30m,0.000250108516637,0.1531344683313506,0.7267019858524254,simplified_placebo
103,20250905,BINANCE,COINBASE,BINANCE,0,plus30m,0.0003158361005073,-0.0994058074618663,0.4549679375076089,simplified_placebo
103,20250905,BINANCE,COINBASE,BINANCE,0,noon,0.0007622590761518,0.0279262363901658,0.600247576184681,simplified_placebo
103,20250905,BINANCE,BINANCE,BYBITSPOT,0,minus30m,9.487322352951704e-05,0.0621885801857508,0.1950750244798922,simplified_placebo
103,20250905,BINANCE,BINANCE,BYBITSPOT,0,plus30m,-0.0008581766180448,0.0484640907612986,0.8408180426402,simplified_placebo
103,20250905,BINANCE,BINANCE,BYBITSPOT,0,noon,0.0012731334381263,-0.2030772919623134,0.3550285046005416,simplified_placebo
104,20250905,BINANCE,BINANCE,COINBASE,0,minus30m,-0.0009331957046904,0.0989128093918496,0.8194204929028702,simplified_placebo
104,20250905,BINANCE,BINANCE,COINBASE,0,plus30m,0.0018463174677723,-0.0267218017370917,0.8573644830369832,simplified_placebo
104,20250905,BINANCE,BINANCE,COINBASE,0,noon,0.000914532442951,-0.1158933350038167,0.2407451061957313,simplified_placebo
104,20250905,BINANCE,COINBASE,BINANCE,0,minus30m,0.0007375684888324,0.0701371252372019,0.7534178935938393,simplified_placebo
104,20250905,BINANCE,COINBASE,BINANCE,0,plus30m,0.000607272534321,-0.2108958369912169,0.6394983687878304,simplified_placebo
104,20250905,BINANCE,COINBASE,BINANCE,0,noon,-0.0009791435766875,0.2017013847771656,0.6388098865278049,simplified_placebo
104,20250905,BINANCE,BINANCE,BYBITSPOT,0,minus30m,-0.0008817092613193,-0.0189076220132956,0.1335493422585852,simplified_placebo
104,20250905,BINANCE,BINANCE,BYBITSPOT,0,plus30m,-0.0003645879882446,-0.1256309493562367,0.7226846680180067,simplified_placebo
104,20250905,BINANCE,BINANCE,BYBITSPOT,0,noon,4.93006714808199e-05,0.1280299802741001,0.1249153646445099,simplified_placebo
105,20250905,BINANCE,BITGET,BINANCE,0,minus30m,0.0001299160860606,-0.1232902423472725,0.6881696086968545,simplified_placebo
105,20250905,BINANCE,BITGET,BINANCE,0,plus30m,0.0020795430525711,-0.1168077199020392,0.1940747049932219,simplified_placebo
105,20250905,BINANCE,BITGET,BINANCE,0,noon,-0.0006904492477207,-0.1414281209953258,0.8996523201031391,simplified_placebo
108,20250905,BITGET,COINBASE,BITGET,0,minus30m,0.0006670491639812,0.0877974701787217,0.8540788498592471,simplified_placebo
108,20250905,BITGET,COINBASE,BITGET,0,plus30m,0.0024587113303497,-0.0565142290715198,0.8711556760337608,simplified_placebo
108,20250905,BITGET,COINBASE,BITGET,0,noon,0.0015332404908099,-0.0272392594669156,0.1532105500594106,simplified_placebo
108,20250905,BITGET,BITGET,BYBITSPOT,0,minus30m,0.0004459918135599,0.0098386753728817,0.7728409723982336,simplified_placebo
108,20250905,BITGET,BITGET,BYBITSPOT,0,plus30m,0.0004953749223341,0.0569501509409397,0.107960167881163,simplified_placebo
108,20250905,BITGET,BITGET,BYBITSPOT,0,noon,-0.0002122109945525,-0.0259208361344481,0.7037115315161592,simplified_placebo
109,20250905,BITGET,COINBASE,BITGET,0,minus30m,0.0006034116731026,-0.1134894310184963,0.726051279337879,simplified_placebo
109,20250905,BITGET,COINBASE,BITGET,0,plus30m,0.0003132292331505,0.0412892250856426,0.4105629115066319,simplified_placebo
109,20250905,BITGET,COINBASE,BITGET,0,noon,0.0006603729973408,0.0576179840035391,0.6245840484863436,simplified_placebo
110,20250905,BITGET,BYBITSPOT,BITGET,0,minus30m,0.0004333308356881,0.1262303517489101,0.6453881755937697,simplified_placebo
110,20250905,BITGET,BYBITSPOT,BITGET,0,plus30m,-0.0002939411629691,-0.0293109503438407,0.3342492786746706,simplified_placebo
110,20250905,BITGET,BYBITSPOT,BITGET,0,noon,-0.0009468165020893,-0.0801507811448356,0.4069919071726988,simplified_placebo
111,20250905,BITGET,BITGET,BYBITSPOT,0,minus30m,0.0002483994300032,0.2054967896596106,0.113018419448703,simplified_placebo
111,20250905,BITGET,BITGET,BYBITSPOT,0,plus30m,-0.0001985716831455,0.087749026251775,0.4281908006656908,simplified_placebo
111,20250905,BITGET,BITGET,BYBITSPOT,0,noon,0.0011019576025184,0.2377590246305411,0.3575949112212121,simplified_placebo
112,20250905,BITGET,BITGET,BINANCE,0,minus30m,0.0014389790144481,0.0176657149524645,0.5085517494749975,simplified_placebo
112,20250905,BITGET,BITGET,BINANCE,0,plus30m,0.0007818847635637,-0.2253691208957493,0.516992356331251,simplified_placebo
112,20250905,BITGET,BITGET,BINANCE,0,noon,-3.7398923691606455e-05,0.045153951207848,0.1020122681252505,simplified_placebo
112,20250905,BITGET,BYBITSPOT,BITGET,0,minus30m,0.0016367289389815,0.0429502599039613,0.8320787916712011,simplified_placebo
112,20250905,BITGET,BYBITSPOT,BITGET,0,plus30m,0.001706360432842,0.2067251844488482,0.3443460584498826,simplified_placebo
112,20250905,BITGET,BYBITSPOT,BITGET,0,noon,-0.0013711753995109,0.0340656659173666,0.6967628499028031,simplified_placebo
113,20250905,BITGET,BITGET,COINBASE,0,minus30m,-0.0006875612440835,0.0098064844466002,0.6073112593172987,simplified_placebo
113,20250905,BITGET,BITGET,COINBASE,0,plus30m,0.0002855356863866,-0.1463250258867629,0.8276623955358279,simplified_placebo
113,20250905,BITGET,BITGET,COINBASE,0,noon,0.0004940908866611,0.1700749632482592,0.6128648758947384,simplified_placebo
113,20250905,BITGET,COINBASE,BITGET,0,minus30m,-0.001036780503123,-0.3200282583162726,0.2734452328441664,simplified_placebo
113,20250905,BITGET,COINBASE,BITGET,0,plus30m,0.0013646496639966,0.0782702650514167,0.3173338136568595,simplified_placebo
113,20250905,BITGET,COINBASE,BITGET,0,noon,-0.0010981563125148,0.039593280725307,0.4467173074250732,simplified_placebo
115,20250905,BYBITSPOT,BYBITSPOT,BINANCE,0,minus30m,0.0012564433411444,-0.2406145787396181,0.6594668342996082,simplified_placebo
115,20250905,BYBITSPOT,BYBITSPOT,BINANCE,0,plus30m,-0.0019306165780278,0.0279965994738055,0.334249367871726,simplified_placebo
115,20250905,BYBITSPOT,BYBITSPOT,BINANCE,0,noon,0.0009836042744004,-0.0498402262325173,0.4421821236076927,simplified_placebo
115,20250905,BYBITSPOT,BYBITSPOT,COINBASE,0,minus30m,0.0004034830218246,0.1255258940917983,0.2465046679008911,simplified_placebo
115,20250905,BYBITSPOT,BYBITSPOT,COINBASE,0,plus30m,-0.0004215444606952,-0.0448345365403849,0.691780556216622,simplified_placebo
115,20250905,BYBITSPOT,BYBITSPOT,COINBASE,0,noon,-0.0005376658740195,-0.0950187178673048,0.3947216904011955,simplified_placebo
115,20250905,BYBITSPOT,BITGET,BYBITSPOT,0,minus30m,0.0004948001206705,-0.1323722692750302,0.2058874601295458,simplified_placebo
115,20250905,BYBITSPOT,BITGET,BYBITSPOT,0,plus30m,-0.0003827631968189,-0.0347000595845782,0.1381134928939359,simplified_placebo
115,20250905,BYBITSPOT,BITGET,BYBITSPOT,0,noon,-0.0001886222104247,-0.1162686090135657,0.8435106133357343,simplified_placebo
116,20250905,BYBITSPOT,COINBASE,BYBITSPOT,0,minus30m,-0.0020020544747776,-0.0028319867725986,0.7128582215359336,simplified_placebo
116,20250905,BYBITSPOT,COINBASE,BYBITSPOT,0,plus30m,-0.0006704361706793,-0.127248431677934,0.4180369855626171,simplified_placebo
116,20250905,BYBITSPOT,COINBASE,BYBITSPOT,0,noon,-0.0008155763179811,0.137368671772538,0.7990631490133372,simplified_placebo
117,20250905,BYBITSPOT,BINANCE,BYBITSPOT,0,minus30m,0.000435353489004,0.0991513640436891,0.4503824262625761,simplified_placebo
117,20250905,BYBITSPOT,BINANCE,BYBITSPOT,0,plus30m,3.8232206740754815e-05,-0.0785406853570766,0.6862045831134104,simplified_placebo
117,20250905,BYBITSPOT,BINANCE,BYBITSPOT,0,noon,-0.000628636215833,-0.1180953411665038,0.8566827249452893,simplified_placebo
117,20250905,BYBITSPOT,BYBITSPOT,BITGET,0,minus30m,-0.000138038636353,0.0468075552830005,0.4942739453608564,simplified_placebo
117,20250905,BYBITSPOT,BYBITSPOT,BITGET,0,plus30m,0.0008248337917254,0.1151398322296338,0.7636299884814414,simplified_placebo
117,20250905,BYBITSPOT,BYBITSPOT,BITGET,0,noon,0.0008084085947667,0.0274023215819417,0.6121109006140674,simplified_placebo
118,20250905,BYBITSPOT,BINANCE,BYBITSPOT,0,minus30m,-0.0017174331178407,-0.0586318218515264,0.6050312166891915,simplified_placebo
118,20250905,BYBITSPOT,BINANCE,BYBITSPOT,0,plus30m,0.00081746887952,0.056722804280889,0.656036085022609,simplified_placebo
118,20250905,BYBITSPOT,BINANCE,BYBITSPOT,0,noon,-0.0008965554689932,0.2106576835615188,0.2622562355341554,simplified_placebo
118,20250905,BYBITSPOT,BITGET,BYBITSPOT,0,minus30m,0.0003151349876846,-0.0834697478539409,0.3211621433183909,simplified_placebo
118,20250905,BYBITSPOT,BITGET,BYBITSPOT,0,plus30m,-0.0008204842533608,0.1683534812728259,0.1152891487467285,simplified_placebo
118,20250905,BYBITSPOT,BITGET,BYBITSPOT,0,noon,0.0001336638975824,-0.0885697027345178,0.7353408265496529,simplified_placebo
119,20250905,BYBITSPOT,BYBITSPOT,BITGET,0,minus30m,0.0018533264287828,0.1098707712888278,0.6074813317267602,simplified_placebo
119,20250905,BYBITSPOT,BYBITSPOT,BITGET,0,plus30m,0.0006648954570563,0.0639949557612229,0.7699864777007182,simplified_placebo
119,20250905,BYBITSPOT,BYBITSPOT,BITGET,0,noon,-0.0008271190654984,0.1291078061936865,0.388470721459052,simplified_placebo
122,20250905,COINBASE,BYBITSPOT,COINBASE,0,minus30m,-0.0008885711739301,-0.0355996083436762,0.8864685800265717,simplified_placebo
122,20250905,COINBASE,BYBITSPOT,COINBASE,0,plus30m,0.0006784865310588,0.0229331631161388,0.5981429012272542,simplified_placebo
122,20250905,COINBASE,BYBITSPOT,COINBASE,0,noon,-0.0005575161312194,-0.04907410057312,0.672134765783279,simplified_placebo
122,20250905,COINBASE,COINBASE,BITGET,0,minus30m,0.0003854171614373,0.065143666182995,0.874914988663673,simplified_placebo
122,20250905,COINBASE,COINBASE,BITGET,0,plus30m,0.0006568701454098,0.1783783252591525,0.8758030381373633,simplified_placebo
122,20250905,COINBASE,COINBASE,BITGET,0,noon,-0.0015215872852673,0.1709706527085729,0.3467020649610473,simplified_placebo
123,20250905,COINBASE,COINBASE,BYBITSPOT,0,minus30m,6.597016474275775e-05,-0.0718835772512175,0.7341382023630888,simplified_placebo
123,20250905,COINBASE,COINBASE,BYBITSPOT,0,plus30m,-0.0006141276145648,-0.2129476786625769,0.637736724367324,simplified_placebo
123,20250905,COINBASE,COINBASE,BYBITSPOT,0,noon,-0.000497934340711,0.0570617638800967,0.3175919492128853,simplified_placebo
123,20250905,COINBASE,COINBASE,BITGET,0,minus30m,-0.0009705958958829,0.017706606465185,0.1185075638248868,simplified_placebo
123,20250905,COINBASE,COINBASE,BITGET,0,plus30m,-6.510102797845428e-05,-0.1152939291707574,0.6430635296938905,simplified_placebo
123,20250905,COINBASE,COINBASE,BITGET,0,noon,2.7441102892197506e-05,-0.0068300727599725,0.1464857498543954,simplified_placebo
124,20250905,COINBASE,COINBASE,BINANCE,0,minus30m,-0.0018602263399132,-0.0209756813404142,0.247151336209897,simplified_placebo
124,20250905,COINBASE,COINBASE,BINANCE,0,plus30m,-0.0013607266909743,-0.129888041474316,0.496718214675902,simplified_placebo
124,20250905,COINBASE,COINBASE,BINANCE,0,noon,0.0013489573360025,0.0488078784005839,0.8433063869008776,simplified_placebo
124,20250905,COINBASE,BINANCE,COINBASE,0,minus30m,-0.0001148035989246,0.0080619788899424,0.6182211053600979,simplified_placebo
124,20250905,COINBASE,BINANCE,COINBASE,0,plus30m,-0.000617890763785,0.0965684555039155,0.4627115221188588,simplified_placebo
124,20250905,COINBASE,BINANCE,COINBASE,0,noon,6.129449277351344e-05,0.0332926691933656,0.4056706799546689,simplified_placebo
125,20250905,COINBASE,COINBASE,BINANCE,0,minus30m,0.0003276471193974,0.1805060799981375,0.6336982377464004,simplified_placebo
125,20250905,COINBASE,COINBASE,BINANCE,0,plus30m,-0.0009962043480613,0.2118810891986103,0.8900724506571794,simplified_placebo
125,20250905,COINBASE,COINBASE,BINANCE,0,noon,0.0001432485170157,-0.024045081835639,0.1523554680922298,simplified_placebo
125,20250905,COINBASE,BITGET,COINBASE,0,minus30m,-0.0001560856588986,-0.0178105997649436,0.5789360743641726,simplified_placebo
125,20250905,COINBASE,BITGET,COINBASE,0,plus30m,0.0002162362671871,-0.1010438767468288,0.7006290773883114,simplified_placebo
125,20250905,COINBASE,BITGET,COINBASE,0,noon,-0.0008974667320849,-0.0321459015921966,0.7543102549778753,simplified_placebo
127,20250905,COINBASE,COINBASE,BYBITSPOT,0,minus30m,-0.0013751967596705,0.0520674150341932,0.3666285337898924,simplified_placebo
127,20250905,COINBASE,COINBASE,BYBITSPOT,0,plus30m,-0.0006433262757284,0.0624319245767807,0.6347416731873935,simplified_placebo
127,20250905,COINBASE,COINBASE,BYBITSPOT,0,noon,-0.0007032443291724,-0.0592227491781748,0.7290462606565168,simplified_placebo
128,20250906,BINANCE,BINANCE,BYBITSPOT,0,minus30m,0.0012514756326542,0.1268993599902452,0.1038793128015417,simplified_placebo
128,20250906,BINANCE,BINANCE,BYBITSPOT,0,plus30m,0.0011007199252593,-0.0008641822496972,0.8738517160835245,simplified_placebo
128,20250906,BINANCE,BINANCE,BYBITSPOT,0,noon,0.0003511284323035,0.0122721282534858,0.4437722217934711,simplified_placebo
128,20250906,BINANCE,BINANCE,BITGET,0,minus30m,-0.0007314473368154,0.0104908380245399,0.7645386154612634,simplified_placebo
128,20250906,BINANCE,BINANCE,BITGET,0,plus30m,0.0005428758329767,-0.1000542468460203,0.5756285850963433,simplified_placebo
128,20250906,BINANCE,BINANCE,BITGET,0,noon,-0.0002810455556224,0.1936141997280687,0.5372726079262766,simplified_placebo
129,20250906,BINANCE,BINANCE,BITGET,0,minus30m,-0.0004090629076448,-0.0764346571504008,0.5375781076410387,simplified_placebo
129,20250906,BINANCE,BINANCE,BITGET,0,plus30m,0.0017224631207321,-0.0996083680720172,0.5853504236313442,simplified_placebo
129,20250906,BINANCE,BINANCE,BITGET,0,noon,-0.00072427932916,0.0287147381270018,0.3090061956634602,simplified_placebo
130,20250906,BINANCE,BINANCE,BITGET,0,minus30m,0.000423330602856,0.0265419538313766,0.2101971331615884,simplified_placebo
130,20250906,BINANCE,BINANCE,BITGET,0,plus30m,-0.0004808812080283,0.2971244791407468,0.2822127494896291,simplified_placebo
130,20250906,BINANCE,BINANCE,BITGET,0,noon,-0.0018572563293622,0.1119964125914395,0.6379653861684333,simplified_placebo
132,20250906,BITGET,BINANCE,BITGET,0,minus30m,2.907341784041373e-05,-0.0428811230631035,0.225237300556549,simplified_placebo
132,20250906,BITGET,BINANCE,BITGET,0,plus30m,-9.833228586297007e-05,-0.0770999880235706,0.2988758527331284,simplified_placebo
132,20250906,BITGET,BINANCE,BITGET,0,noon,-0.0006686823141209,0.1328573886199555,0.2143351634839549,simplified_placebo
132,20250906,BITGET,BYBITSPOT,BITGET,0,minus30m,-0.0010255764444267,0.0536170349963094,0.3209914995714072,simplified_placebo
132,20250906,BITGET,BYBITSPOT,BITGET,0,plus30m,2.689494817663181e-05,0.052379451028903,0.110075857113193,simplified_placebo
132,20250906,BITGET,BYBITSPOT,BITGET,0,noon,-0.0001577911941063,-0.0756741206898636,0.5486286706344079,simplified_placebo
133,20250906,BITGET,BINANCE,BITGET,0,minus30m,0.0009729239275128,0.0446746360839045,0.3897598533032462,simplified_placebo
133,20250906,BITGET,BINANCE,BITGET,0,plus30m,-0.000318331587259,-0.0603086881353358,0.2117045373606386,simplified_placebo
133,20250906,BITGET,BINANCE,BITGET,0,noon,-0.0005718630839937,-0.0251474539605108,0.1352086764361237,simplified_placebo
133,20250906,BITGET,BYBITSPOT,BITGET,0,minus30m,-0.0005906270154516,0.0241059261656908,0.7763958802550464,simplified_placebo
133,20250906,BITGET,BYBITSPOT,BITGET,0,plus30m,-0.0002711029369419,-0.017755277625944,0.3138938065908448,simplified_placebo
133,20250906,BITGET,BYBITSPOT,BITGET,0,noon,0.0003811334986331,-0.1391906502392274,0.2063349427376088,simplified_placebo
134,20250906,BITGET,BINANCE,BITGET,0,minus30m,-0.0003638152914178,0.0163817953260548,0.2989567744526819,simplified_placebo
134,20250906,BITGET,BINANCE,BITGET,0,plus30m,0.000122180932311,-0.0160328349502721,0.6424413088234194,simplified_placebo
134,20250906,BITGET,BINANCE,BITGET,0,noon,-0.0004319977148955,-0.067701813159124,0.1057675720791063,simplified_placebo
134,20250906,BITGET,BITGET,COINBASE,0,minus30m,0.0006663686757376,0.0659157073124716,0.6777968819048079,simplified_placebo
134,20250906,BITGET,BITGET,COINBASE,0,plus30m,0.0004067179848743,0.1343920542902291,0.6296007243252324,simplified_placebo
134,20250906,BITGET,BITGET,COINBASE,0,noon,0.0016241772493054,0.0050861394230916,0.122686597856848,simplified_placebo
136,20250906,BYBITSPOT,BINANCE,BYBITSPOT,0,minus30m,0.00072812310756,-0.0558620822195051,0.8305789731005132,simplified_placebo
136,20250906,BYBITSPOT,BINANCE,BYBITSPOT,0,plus30m,-0.0017396282271094,-0.1111418156017985,0.8473649292466388,simplified_placebo
136,20250906,BYBITSPOT,BINANCE,BYBITSPOT,0,noon,-0.0012727177016587,-0.0573041502230272,0.7366935222661622,simplified_placebo
136,20250906,BYBITSPOT,BYBITSPOT,COINBASE,0,minus30m,-0.0012784186227679,0.0495608335123852,0.3104660088311172,simplified_placebo
136,20250906,BYBITSPOT,BYBITSPOT,COINBASE,0,plus30m,3.78366772416352e-05,0.0216506150197909,0.8663642088127858,simplified_placebo
136,20250906,BYBITSPOT,BYBITSPOT,COINBASE,0,noon,-0.0002317343218425,-0.0242615038720028,0.4252144292178517,simplified_placebo
136,20250906,BYBITSPOT,BYBITSPOT,BITGET,0,minus30m,0.0011276534298955,0.0843920213794,0.7342236070240442,simplified_placebo
136,20250906,BYBITSPOT,BYBITSPOT,BITGET,0,plus30m,0.0005976810547716,-0.0661406478680924,0.3727256486605131,simplified_placebo
136,20250906,BYBITSPOT,BYBITSPOT,BITGET,0,noon,-0.0003228677666778,0.0047964105595048,0.6688526245838833,simplified_placebo
137,20250906,BYBITSPOT,BYBITSPOT,COINBASE,0,minus30m,-0.0002059324948496,-0.0626053272556641,0.1016025269553346,simplified_placebo
137,20250906,BYBITSPOT,BYBITSPOT,COINBASE,0,plus30m,2.7498981628848028e-05,0.0063229982646064,0.3690646280857715,simplified_placebo
137,20250906,BYBITSPOT,BYBITSPOT,COINBASE,0,noon,-0.0009433112831459,-0.0699820839392784,0.1795690260610797,simplified_placebo
137,20250906,BYBITSPOT,BYBITSPOT,BITGET,0,minus30m,2.498770627180004e-05,-0.0076034800784095,0.2869170461385704,simplified_placebo
137,20250906,BYBITSPOT,BYBITSPOT,BITGET,0,plus30m,-0.0003056951146448,0.0543397366493361,0.8060476053024909,simplified_placebo
137,20250906,BYBITSPOT,BYBITSPOT,BITGET,0,noon,-0.00062246845385,-0.0487047877186489,0.1782915784816972,simplified_placebo
139,20250906,BYBITSPOT,COINBASE,BYBITSPOT,0,minus30m,-0.0015366846791767,0.1004751548013365,0.2770100534319294,simplified_placebo
139,20250906,BYBITSPOT,COINBASE,BYBITSPOT,0,plus30m,-0.0010048801095781,0.0889076226251762,0.2815905783346653,simplified_placebo
139,20250906,BYBITSPOT,COINBASE,BYBITSPOT,0,noon,-0.0003096640828776,0.2061290362097657,0.5411397017544405,simplified_placebo
140,20250906,COINBASE,BYBITSPOT,COINBASE,0,minus30m,0.0002464403075866,-0.0464002071350513,0.5504171886915089,simplified_placebo
140,20250906,COINBASE,BYBITSPOT,COINBASE,0,plus30m,-0.0021083710899974,-0.0814475114309922,0.7023818467520292,simplified_placebo
140,20250906,COINBASE,BYBITSPOT,COINBASE,0,noon,-0.0018893878382206,-0.0291225571514214,0.2002810452959839,simplified_placebo
141,20250906,COINBASE,BYBITSPOT,COINBASE,0,minus30m,-0.0004614632965049,0.035265639200608,0.2782378642693612,simplified_placebo
141,20250906,COINBASE,BYBITSPOT,COINBASE,0,plus30m,0.0004306170455297,-0.0665304428160408,0.2762925786120574,simplified_placebo
141,20250906,COINBASE,BYBITSPOT,COINBASE,0,noon,0.0010776682791636,0.0590457231815331,0.5378979567583461,simplified_placebo
142,20250906,COINBASE,BITGET,COINBASE,0,minus30m,0.0008903152237323,0.0649817145201196,0.3706433404710924,simplified_placebo
142,20250906,COINBASE,BITGET,COINBASE,0,plus30m,-0.0009841041075104,-0.0826879764683622,0.5198048421326413,simplified_placebo
142,20250906,COINBASE,BITGET,COINBASE,0,noon,0.0014343088334694,0.0570080105481611,0.676043925896236,simplified_placebo
143,20250906,COINBASE,COINBASE,BINANCE,0,minus30m,-0.0008918433259307,0.0860534411572315,0.4753353527039909,simplified_placebo
143,20250906,COINBASE,COINBASE,BINANCE,0,plus30m,-0.0010961983343902,0.2927477133046931,0.5268037512688831,simplified_placebo
143,20250906,COINBASE,COINBASE,BINANCE,0,noon,6.383247990474437e-05,0.2877036091955009,0.549745619744307,simplified_placebo
143,20250906,COINBASE,COINBASE,BYBITSPOT,0,minus30m,0.0009753571136755,-0.033831907383775,0.5473763945499494,simplified_placebo
143,20250906,COINBASE,COINBASE,BYBITSPOT,0,plus30m,-0.0022412576586825,0.1000195581865429,0.187610420031123,simplified_placebo
143,20250906,COINBASE,COINBASE,BYBITSPOT,0,noon,0.0012232251706544,-0.0254644937019987,0.7430415922399958,simplified_placebo
145,20250907,BINANCE,BINANCE,COINBASE,0,minus30m,3.975696954651763e-05,0.045475723491299,0.1306458876386321,simplified_placebo
145,20250907,BINANCE,BINANCE,COINBASE,0,plus30m,0.001026938639041,0.0880519963417025,0.6131657128521224,simplified_placebo
145,20250907,BINANCE,BINANCE,COINBASE,0,noon,0.0002148362222485,-0.0530644533078139,0.6602682364843526,simplified_placebo
145,20250907,BINANCE,COINBASE,BINANCE,0,minus30m,-0.0005561606487898,0.0258485012780213,0.720382021293612,simplified_placebo
145,20250907,BINANCE,COINBASE,BINANCE,0,plus30m,0.0007112382378682,-0.1883288509246305,0.1556657864570563,simplified_placebo
145,20250907,BINANCE,COINBASE,BINANCE,0,noon,-0.0005651830494717,-0.0548980161307648,0.7900917785857909,simplified_placebo
147,20250907,BINANCE,BINANCE,COINBASE,0,minus30m,0.0008571255294791,0.0981712093303713,0.8962020035450411,simplified_placebo
147,20250907,BINANCE,BINANCE,COINBASE,0,plus30m,0.0011768834633816,0.0757966684019874,0.5403096878617891,simplified_placebo
147,20250907,BINANCE,BINANCE,COINBASE,0,noon,-0.002051487277794,-0.0648472117795625,0.6732009509596477,simplified_placebo
157,20250907,COINBASE,COINBASE,BINANCE,0,minus30m,0.0015566023652543,0.1027246398825172,0.1163738258741386,simplified_placebo
157,20250907,COINBASE,COINBASE,BINANCE,0,plus30m,-0.0012901363627566,0.0148087498625062,0.578723798657739,simplified_placebo
157,20250907,COINBASE,COINBASE,BINANCE,0,noon,0.0007306449539521,0.0123800902779418,0.5161355399410433,simplified_placebo
157,20250907,COINBASE,BINANCE,COINBASE,0,minus30m,9.155583017026477e-05,-0.0260514016038197,0.3270550169191555,simplified_placebo
157,20250907,COINBASE,BINANCE,COINBASE,0,plus30m,-0.0007923741552068,0.0769804873522552,0.4833803013110872,simplified_placebo
157,20250907,COINBASE,BINANCE,COINBASE,0,noon,7.142358121493611e-05,0.0011589654095914,0.7386251067323938,simplified_placebo
159,20250907,COINBASE,BINANCE,COINBASE,0,minus30m,-0.0003156213702529,-0.0124622904704564,0.8561033693758775,simplified_placebo
159,20250907,COINBASE,BINANCE,COINBASE,0,plus30m,0.0002404555843298,-0.0963663596841221,0.4292064716105748,simplified_placebo
159,20250907,COINBASE,BINANCE,COINBASE,0,noon,0.0005844562688275,-0.0296289911131798,0.877764760989488,simplified_placebo
