ts,price,size,round_level_distance,venue
2025-09-01 07:32:39.788,108662.48,8e-05,30.96513761467927,BINANCE
2025-09-01 07:32:40.602,108662.48,0.01,30.96513761467927,BINANCE
2025-09-01 07:32:40.737,108662.48,0.00052,30.96513761467927,BINANCE
2025-09-01 07:32:40.927,108662.48,0.00051,30.96513761467927,BINANCE
2025-09-01 07:32:41.076,108662.48,0.0002,30.96513761467927,BINANCE
2025-09-01 07:32:41.080,108662.49,0.012,30.964220183485757,BINANCE
2025-09-01 07:32:41.087,108662.49,0.012,30.964220183485757,BINANCE
2025-09-01 07:32:41.297,108662.48,0.00731,30.96513761467927,BINANCE
2025-09-01 07:32:41.303,108662.49,0.0006,30.964220183485757,BINANCE
2025-09-01 07:32:41.478,108662.49,0.00031,30.964220183485757,BINANCE
2025-09-01 07:32:41.585,108662.49,0.06424,30.964220183485757,BINANCE
2025-09-01 07:32:41.681,108662.48,0.0005,30.96513761467927,BINANCE
2025-09-01 07:32:41.696,108662.48,0.0005,30.96513761467927,BINANCE
2025-09-01 07:32:41.775,108662.49,0.012,30.964220183485757,BINANCE
2025-09-01 07:32:41.994,108662.48,0.0005,30.96513761467927,BINANCE
2025-09-01 07:32:42.206,108662.48,0.0005,30.96513761467927,BINANCE
2025-09-01 07:32:42.827,108662.49,0.01091,30.964220183485757,BINANCE
2025-09-01 07:32:42.827,108662.49,5e-05,30.964220183485757,BINANCE
2025-09-01 07:32:42.827,108662.49,0.00069,30.964220183485757,BINANCE
2025-09-01 07:32:42.828,108662.49,0.012,30.964220183485757,BINANCE
2025-09-01 07:32:42.829,108662.49,0.012,30.964220183485757,BINANCE
2025-09-01 07:32:42.879,108662.49,0.00025,30.964220183485757,BINANCE
2025-09-01 07:32:43.651,108662.48,0.00048,30.96513761467927,BINANCE
2025-09-01 07:32:43.656,108662.49,0.012,30.964220183485757,BINANCE
2025-09-01 07:32:43.657,108662.49,0.012,30.964220183485757,BINANCE
2025-09-01 07:32:43.658,108662.49,0.00214,30.964220183485757,BINANCE
2025-09-01 07:32:43.658,108662.49,0.012,30.964220183485757,BINANCE
2025-09-01 07:32:43.658,108662.49,0.00986,30.964220183485757,BINANCE
2025-09-01 07:32:43.666,108662.48,0.00048,30.96513761467927,BINANCE
2025-09-01 07:32:43.704,108662.49,0.007,30.964220183485757,BINANCE
2025-09-01 07:32:43.792,108662.48,0.00061,30.96513761467927,BINANCE
2025-09-01 07:32:44.045,108662.49,0.00014,30.964220183485757,BINANCE
2025-09-01 07:32:44.139,108662.49,0.11,30.964220183485757,BINANCE
2025-09-01 07:32:44.194,108662.49,0.00028,30.964220183485757,BINANCE
2025-09-01 07:32:44.301,108662.49,0.02,30.964220183485757,BINANCE
2025-09-01 07:32:44.307,108662.49,4e-05,30.964220183485757,BINANCE
2025-09-01 07:32:44.369,108662.49,5e-05,30.964220183485757,BINANCE
2025-09-01 07:32:44.369,108662.49,0.00085,30.964220183485757,BINANCE
2025-09-01 07:32:44.409,108662.5,0.0004,30.96330275229358,BINANCE
2025-09-01 07:32:44.409,108662.5,5e-05,30.96330275229358,BINANCE
2025-09-01 07:32:44.416,108662.74,5e-05,30.941284403669247,BINANCE
2025-09-01 07:32:44.416,108662.75,5e-05,30.94036697247706,BINANCE
2025-09-01 07:32:44.416,108662.75,0.03099,30.94036697247706,BINANCE
2025-09-01 07:32:44.416,108662.55,5e-05,30.95871559633001,BINANCE
2025-09-01 07:32:44.416,108664.0,5e-05,30.825688073394495,BINANCE
2025-09-01 07:32:44.416,108664.0,0.00259,30.825688073394495,BINANCE
2025-09-01 07:32:44.416,108662.55,0.02,30.95871559633001,BINANCE
2025-09-01 07:32:44.416,108665.37,5e-05,30.70000000000043,BINANCE
2025-09-01 07:32:44.416,108665.26,5e-05,30.710091743119747,BINANCE
2025-09-01 07:32:44.416,108665.02,0.002,30.732110091742744,BINANCE
2025-09-01 07:32:44.416,108664.0,0.0005,30.825688073394495,BINANCE
2025-09-01 07:32:44.416,108663.29,5e-05,30.89082568807398,BINANCE
2025-09-01 07:32:44.416,108662.54,5e-05,30.959633027523523,BINANCE
2025-09-01 07:32:44.416,108662.5,5e-05,30.96330275229358,BINANCE
2025-09-01 07:32:44.416,108662.5,0.0196,30.96330275229358,BINANCE
2025-09-01 07:32:44.416,108662.51,5e-05,30.962385321101397,BINANCE
2025-09-01 07:32:44.439,108665.58,5e-05,30.68073394495397,BINANCE
2025-09-01 07:32:44.439,108665.58,6e-05,30.68073394495397,BINANCE
2025-09-01 07:32:44.439,108665.39,5e-05,30.698165137614733,BINANCE
2025-09-01 07:32:44.439,108668.0,5e-05,30.458715596330272,BINANCE
2025-09-01 07:32:44.439,108667.18,5e-05,30.533944954129083,BINANCE
2025-09-01 07:32:44.439,108667.99,5e-05,30.459633027522457,BINANCE
2025-09-01 07:32:44.439,108669.75,5e-05,30.298165137614678,BINANCE
2025-09-01 07:32:44.439,108669.76,0.19584,30.2972477064225,BINANCE
2025-09-01 07:32:44.439,108665.38,5e-05,30.69908256880691,BINANCE
2025-09-01 07:32:44.439,108665.38,0.30363,30.69908256880691,BINANCE
2025-09-01 07:32:44.439,108665.38,0.00036,30.69908256880691,BINANCE
2025-09-01 07:32:44.439,108665.38,0.1201,30.69908256880691,BINANCE
2025-09-01 07:32:44.440,108672.57,0.002,30.039449541283762,BINANCE
2025-09-01 07:32:44.440,108672.87,5e-05,30.011926605505018,BINANCE
2025-09-01 07:32:44.440,108672.57,5e-05,30.039449541283762,BINANCE
2025-09-01 07:32:44.440,108672.58,5e-05,30.038532110091584,BINANCE
2025-09-01 07:32:44.440,108672.76,0.00018,30.022018348624336,BINANCE
2025-09-01 07:32:44.440,108673.36,5e-05,29.966972477064164,BINANCE
2025-09-01 07:32:44.440,108673.53,0.00083,29.951376146789098,BINANCE
2025-09-01 07:32:44.440,108671.99,5e-05,30.092660550458234,BINANCE
2025-09-01 07:32:44.440,108671.99,0.33122,30.092660550458234,BINANCE
2025-09-01 07:32:44.440,108670.3,0.00151,30.247706422018084,BINANCE
2025-09-01 07:32:44.440,108671.98,5e-05,30.093577981651748,BINANCE
2025-09-01 07:32:44.440,108669.76,0.04,30.2972477064225,BINANCE
2025-09-01 07:32:44.440,108669.76,0.05282,30.2972477064225,BINANCE
2025-09-01 07:32:44.440,108669.76,0.04256,30.2972477064225,BINANCE
2025-09-01 07:32:44.440,108669.76,5e-05,30.2972477064225,BINANCE
2025-09-01 07:32:44.440,108670.3,5e-05,30.247706422018084,BINANCE
2025-09-01 07:32:44.440,108670.67,5e-05,30.21376146789007,BINANCE
2025-09-01 07:32:44.440,108670.78,5e-05,30.20366972477075,BINANCE
2025-09-01 07:32:44.440,108671.0,6e-05,30.183486238532108,BINANCE
2025-09-01 07:32:44.441,108675.28,0.07954,29.790825688073504,BINANCE
2025-09-01 07:32:44.441,108675.27,5e-05,29.791743119265682,BINANCE
2025-09-01 07:32:44.441,108675.26,5e-05,29.792660550459196,BINANCE
2025-09-01 07:32:44.441,108675.0,6e-05,29.816513761467892,BINANCE
2025-09-01 07:32:44.441,108674.88,5e-05,29.82752293577939,BINANCE
2025-09-01 07:32:44.447,108675.28,5e-05,29.790825688073504,BINANCE
2025-09-01 07:32:44.447,108675.28,1e-05,29.790825688073504,BINANCE
2025-09-01 07:32:44.451,108675.28,5e-05,29.790825688073504,BINANCE
2025-09-01 07:32:44.451,108675.28,0.01116,29.790825688073504,BINANCE
2025-09-01 07:32:44.451,108675.28,4e-05,29.790825688073504,BINANCE
2025-09-01 07:32:44.452,108675.28,0.012,29.790825688073504,BINANCE
2025-09-01 07:32:44.452,108675.28,0.008,29.790825688073504,BINANCE
2025-09-01 07:32:44.453,108675.77,5e-05,29.74587155963265,BINANCE
2025-09-01 07:32:44.453,108676.23,5e-05,29.703669724771018,BINANCE
2025-09-01 07:32:44.453,108675.76,5e-05,29.746788990826172,BINANCE
2025-09-01 07:32:44.453,108676.08,5e-05,29.717431192660392,BINANCE
2025-09-01 07:32:44.453,108675.58,5e-05,29.763302752293416,BINANCE
2025-09-01 07:32:44.453,108676.7,5e-05,29.660550458715864,BINANCE
2025-09-01 07:32:44.453,108676.42,6e-05,29.686238532110252,BINANCE
2025-09-01 07:32:44.453,108676.69,5e-05,29.661467889908042,BINANCE
2025-09-01 07:32:44.453,108677.25,0.00074,29.610091743119266,BINANCE
2025-09-01 07:32:44.453,108677.32,5e-05,29.603669724770004,BINANCE
2025-09-01 07:32:44.453,108677.33,0.00213,29.60275229357782,BINANCE
2025-09-01 07:32:44.453,108677.47,0.012,29.589908256880626,BINANCE
2025-09-01 07:32:44.453,108676.24,5e-05,29.7027522935775,BINANCE
2025-09-01 07:32:44.453,108675.28,0.012,29.790825688073504,BINANCE
2025-09-01 07:32:44.453,108675.28,0.00547,29.790825688073504,BINANCE
2025-09-01 07:32:44.453,108675.28,5e-05,29.790825688073504,BINANCE
2025-09-01 07:32:44.453,108675.28,0.00628,29.790825688073504,BINANCE
2025-09-01 07:32:44.453,108675.28,0.00692,29.790825688073504,BINANCE
2025-09-01 07:32:44.453,108675.29,5e-05,29.78990825688132,BINANCE
2025-09-01 07:32:44.453,108675.57,5e-05,29.764220183485598,BINANCE
2025-09-01 07:32:44.454,108678.0,0.01188,29.541284403669724,BINANCE
2025-09-01 07:32:44.454,108677.9,0.00057,29.550458715596864,BINANCE
2025-09-01 07:32:44.454,108677.9,0.00012,29.550458715596864,BINANCE
2025-09-01 07:32:44.454,108677.47,0.012,29.589908256880626,BINANCE
2025-09-01 07:32:44.454,108677.47,0.01143,29.589908256880626,BINANCE
2025-09-01 07:32:44.456,108678.0,0.012,29.541284403669724,BINANCE
2025-09-01 07:32:44.457,108679.18,5e-05,29.43302752293642,BINANCE
2025-09-01 07:32:44.457,108679.28,5e-05,29.42385321100928,BINANCE
2025-09-01 07:32:44.457,108679.75,5e-05,29.380733944954127,BINANCE
2025-09-01 07:32:44.457,108680.0,0.00363,29.357798165137616,BINANCE
2025-09-01 07:32:44.457,108680.0,5e-05,29.357798165137616,BINANCE
2025-09-01 07:32:44.457,108680.0,0.00832,29.357798165137616,BINANCE
2025-09-01 07:32:44.457,108679.18,3e-05,29.43302752293642,BINANCE
2025-09-01 07:32:44.457,108680.0,0.01137,29.357798165137616,BINANCE
2025-09-01 07:32:44.457,108678.79,5e-05,29.46880733945013,BINANCE
2025-09-01 07:32:44.457,108679.18,0.00067,29.43302752293642,BINANCE
2025-09-01 07:32:44.457,108678.58,0.00327,29.488073394495252,BINANCE
2025-09-01 07:32:44.457,108678.58,5e-05,29.488073394495252,BINANCE
2025-09-01 07:32:44.457,108678.76,0.00184,29.471559633028004,BINANCE
2025-09-01 07:32:44.457,108678.78,5e-05,29.46972477064231,BINANCE
2025-09-01 07:32:44.457,108678.0,0.00262,29.541284403669724,BINANCE
2025-09-01 07:32:44.457,108678.79,0.003,29.46880733945013,BINANCE
2025-09-01 07:32:44.458,108680.04,0.00014,29.35412844036756,BINANCE
2025-09-01 07:32:44.458,108680.04,6e-05,29.35412844036756,BINANCE
2025-09-01 07:32:44.458,108680.04,0.00012,29.35412844036756,BINANCE
2025-09-01 07:32:44.458,108680.04,0.00015,29.35412844036756,BINANCE
2025-09-01 07:32:44.458,108680.3,0.00016,29.330275229357532,BINANCE
2025-09-01 07:32:44.458,108680.16,0.0007,29.343119266054728,BINANCE
2025-09-01 07:32:44.458,108680.38,5e-05,29.322935779816085,BINANCE
2025-09-01 07:32:44.458,108680.83,0.00035,29.28165137614663,BINANCE
2025-09-01 07:32:44.458,108680.91,5e-05,29.274311926605186,BINANCE
2025-09-01 07:32:44.458,108680.93,0.00138,29.272477064220823,BINANCE
2025-09-01 07:32:44.458,108680.04,8e-05,29.35412844036756,BINANCE
2025-09-01 07:32:44.458,108680.13,0.00017,29.3458715596326,BINANCE
2025-09-01 07:32:44.458,108680.0,0.012,29.357798165137616,BINANCE
2025-09-01 07:32:44.458,108680.0,0.00618,29.357798165137616,BINANCE
2025-09-01 07:32:44.458,108680.0,5e-05,29.357798165137616,BINANCE
2025-09-01 07:32:44.458,108680.04,9e-05,29.35412844036756,BINANCE
2025-09-01 07:32:44.458,108680.04,0.00129,29.35412844036756,BINANCE
2025-09-01 07:32:44.458,108680.04,0.00013,29.35412844036756,BINANCE
2025-09-01 07:32:44.459,108683.74,5e-05,29.01467889908209,BINANCE
2025-09-01 07:32:44.459,108683.66,8e-05,29.022018348623533,BINANCE
2025-09-01 07:32:44.459,108683.51,0.00016,29.035779816514243,BINANCE
2025-09-01 07:32:44.459,108683.37,5e-05,29.04862385321144,BINANCE
2025-09-01 07:32:44.459,108683.29,7e-05,29.05596330275288,BINANCE
2025-09-01 07:32:44.459,108683.29,0.00053,29.05596330275288,BINANCE
2025-09-01 07:32:44.459,108683.29,8e-05,29.05596330275288,BINANCE
2025-09-01 07:32:44.459,108683.29,0.00028,29.05596330275288,BINANCE
2025-09-01 07:32:44.459,108683.29,0.00014,29.05596330275288,BINANCE
2025-09-01 07:32:44.459,108683.29,0.00057,29.05596330275288,BINANCE
2025-09-01 07:32:44.459,108684.0,0.0004,28.990825688073397,BINANCE
2025-09-01 07:32:44.459,108683.88,0.00071,29.001834862384893,BINANCE
2025-09-01 07:32:44.459,108683.88,5e-05,29.001834862384893,BINANCE
2025-09-01 07:32:44.459,108683.92,8e-05,28.998165137614837,BINANCE
2025-09-01 07:32:44.459,108684.0,0.002,28.990825688073397,BINANCE
2025-09-01 07:32:44.459,108684.0,0.00015,28.990825688073397,BINANCE
2025-09-01 07:32:44.459,108684.21,5e-05,28.971559633026935,BINANCE
2025-09-01 07:32:44.459,108684.21,0.00014,28.971559633026935,BINANCE
2025-09-01 07:32:44.459,108684.21,0.00239,28.971559633026935,BINANCE
2025-09-01 07:32:44.459,108683.28,5e-05,29.05688073394506,BINANCE
2025-09-01 07:32:44.459,108680.98,0.00023,29.267889908257253,BINANCE
2025-09-01 07:32:44.459,108680.93,0.00062,29.272477064220823,BINANCE
2025-09-01 07:32:44.459,108681.0,0.0001,29.26605504587156,BINANCE
2025-09-01 07:32:44.459,108681.14,5e-05,29.253211009174365,BINANCE
2025-09-01 07:32:44.459,108681.49,5e-05,29.221100917430714,BINANCE
2025-09-01 07:32:44.459,108681.58,0.00073,29.21284403669709,BINANCE
2025-09-01 07:32:44.459,108681.68,0.0015,29.20366972477128,BINANCE
2025-09-01 07:32:44.459,108681.84,6e-05,29.188990825688393,BINANCE
2025-09-01 07:32:44.459,108682.17,7e-05,29.158715596330435,BINANCE
2025-09-01 07:32:44.459,108682.46,0.00105,29.132110091742533,BINANCE
2025-09-01 07:32:44.459,108682.56,0.00054,29.12293577981673,BINANCE
2025-09-01 07:32:44.459,108682.87,5e-05,29.094495412844463,BINANCE
2025-09-01 07:32:44.459,108682.46,5e-05,29.132110091742533,BINANCE
2025-09-01 07:32:44.459,108683.27,5e-05,29.057798165137243,BINANCE
2025-09-01 07:32:44.459,108683.27,0.0028,29.057798165137243,BINANCE
2025-09-01 07:32:44.459,108683.26,5e-05,29.058715596330757,BINANCE
2025-09-01 07:32:44.459,108683.21,5e-05,29.06330275229299,BINANCE
2025-09-01 07:32:44.459,108683.27,0.0063,29.057798165137243,BINANCE
2025-09-01 07:32:44.459,108683.01,5e-05,29.081651376147267,BINANCE
2025-09-01 07:32:44.459,108682.88,5e-05,29.09357798165095,BINANCE
2025-09-01 07:32:44.460,108684.21,0.00597,28.971559633026935,BINANCE
2025-09-01 07:32:44.460,108684.21,0.0001,28.971559633026935,BINANCE
2025-09-01 07:32:44.460,108684.59,0.00593,28.936697247706743,BINANCE
2025-09-01 07:32:44.568,108683.81,0.0132,29.008256880734162,BINANCE
2025-09-01 07:32:44.568,108683.81,0.08334,29.008256880734162,BINANCE
2025-09-01 07:32:44.568,108683.81,0.00285,29.008256880734162,BINANCE
2025-09-01 07:32:44.568,108683.81,0.00149,29.008256880734162,BINANCE
2025-09-01 07:32:44.568,108683.81,0.00697,29.008256880734162,BINANCE
2025-09-01 07:32:44.568,108683.81,0.00015,29.008256880734162,BINANCE
2025-09-01 07:32:44.676,108683.81,0.00047,29.008256880734162,BINANCE
2025-09-01 07:32:44.685,108683.81,0.14869,29.008256880734162,BINANCE
2025-09-01 07:32:44.764,108683.82,5e-05,29.00733944954064,BINANCE
2025-09-01 07:32:44.764,108683.82,0.00035,29.00733944954064,BINANCE
2025-09-01 07:32:44.864,108683.81,0.00053,29.008256880734162,BINANCE
2025-09-01 07:32:44.893,108683.81,0.00047,29.008256880734162,BINANCE
2025-09-01 07:32:44.895,108683.82,0.00337,29.00733944954064,BINANCE
2025-09-01 07:32:44.895,108683.82,0.00143,29.00733944954064,BINANCE
2025-09-01 07:32:44.984,108683.81,0.0162,29.008256880734162,BINANCE
2025-09-01 07:32:45.044,108683.82,0.00054,29.00733944954064,BINANCE
2025-09-01 07:32:45.145,108683.82,0.06095,29.00733944954064,BINANCE
2025-09-01 07:32:45.145,108683.82,0.06549,29.00733944954064,BINANCE
2025-09-01 07:32:45.145,108683.82,0.01656,29.00733944954064,BINANCE
2025-09-01 07:32:45.327,108683.82,0.01375,29.00733944954064,BINANCE
2025-09-01 07:32:45.327,108683.82,0.05049,29.00733944954064,BINANCE
2025-09-01 07:32:45.450,108683.81,0.0024,29.008256880734162,BINANCE
2025-09-01 07:32:45.465,108683.81,7e-05,29.008256880734162,BINANCE
2025-09-01 07:32:45.468,108683.81,0.00014,29.008256880734162,BINANCE
2025-09-01 07:32:45.631,108683.82,0.012,29.00733944954064,BINANCE
2025-09-01 07:32:45.632,108683.82,0.012,29.00733944954064,BINANCE
2025-09-01 07:32:45.633,108683.82,0.00627,29.00733944954064,BINANCE
2025-09-01 07:32:45.633,108683.82,0.00573,29.00733944954064,BINANCE
2025-09-01 07:32:45.677,108683.81,0.00013,29.008256880734162,BINANCE
2025-09-01 07:32:45.721,108683.81,0.00013,29.008256880734162,BINANCE
2025-09-01 07:32:46.677,108683.82,0.06016,29.00733944954064,BINANCE
2025-09-01 07:32:46.677,108683.82,0.00045,29.00733944954064,BINANCE
2025-09-01 07:32:47.011,108683.81,0.01793,29.008256880734162,BINANCE
2025-09-01 07:32:47.047,108683.81,0.01296,29.008256880734162,BINANCE
2025-09-01 07:32:47.076,108683.81,0.02042,29.008256880734162,BINANCE
2025-09-01 07:32:47.365,108683.81,0.00647,29.008256880734162,BINANCE
2025-09-01 07:32:47.812,108683.82,0.0187,29.00733944954064,BINANCE
2025-09-01 07:32:47.881,108683.81,0.00464,29.008256880734162,BINANCE
2025-09-01 07:32:47.922,108683.82,0.0069,29.00733944954064,BINANCE
2025-09-01 07:32:48.064,108683.81,0.00351,29.008256880734162,BINANCE
2025-09-01 07:32:48.258,108683.81,0.11,29.008256880734162,BINANCE
2025-09-01 07:32:48.258,108683.81,5e-05,29.008256880734162,BINANCE
2025-09-01 07:32:48.258,108683.81,0.055,29.008256880734162,BINANCE
2025-09-01 07:32:48.258,108683.81,0.02048,29.008256880734162,BINANCE
2025-09-01 07:32:48.258,108683.81,0.011,29.008256880734162,BINANCE
2025-09-01 07:32:48.260,108683.81,0.02301,29.008256880734162,BINANCE
2025-09-01 07:32:48.260,108683.81,0.02352,29.008256880734162,BINANCE
2025-09-01 07:32:48.280,108683.81,0.0011,29.008256880734162,BINANCE
2025-09-01 07:32:48.369,108682.0,0.00106,29.174311926605505,BINANCE
2025-09-01 07:32:48.369,108683.81,5e-05,29.008256880734162,BINANCE
2025-09-01 07:32:48.369,108683.8,5e-05,29.00917431192634,BINANCE
2025-09-01 07:32:48.369,108683.8,0.0001,29.00917431192634,BINANCE
2025-09-01 07:32:48.369,108681.49,5e-05,29.221100917430714,BINANCE
2025-09-01 07:32:48.369,108677.0,5e-05,29.633027522935777,BINANCE
2025-09-01 07:32:48.369,108680.0,5e-05,29.357798165137616,BINANCE
2025-09-01 07:32:48.369,108676.08,5e-05,29.717431192660392,BINANCE
2025-09-01 07:32:48.369,108676.01,5e-05,29.723853211009654,BINANCE
2025-09-01 07:32:48.369,108680.41,5e-05,29.32018348623821,BINANCE
2025-09-01 07:32:48.369,108683.81,0.0001,29.008256880734162,BINANCE
2025-09-01 07:32:48.369,108683.81,0.08589,29.008256880734162,BINANCE
2025-09-01 07:32:48.369,108683.81,0.00068,29.008256880734162,BINANCE
2025-09-01 07:32:48.369,108683.81,0.055,29.008256880734162,BINANCE
2025-09-01 07:32:48.369,108683.81,0.00093,29.008256880734162,BINANCE
2025-09-01 07:32:48.369,108683.81,0.04976,29.008256880734162,BINANCE
2025-09-01 07:32:48.369,108683.81,0.00032,29.008256880734162,BINANCE
2025-09-01 07:32:48.369,108683.81,0.0091,29.008256880734162,BINANCE
2025-09-01 07:32:48.369,108683.81,0.00152,29.008256880734162,BINANCE
2025-09-01 07:32:48.405,108675.66,5e-05,29.755963302751976,BINANCE
2025-09-01 07:32:48.405,108675.66,0.00452,29.755963302751976,BINANCE
2025-09-01 07:32:48.540,108675.66,5e-05,29.755963302751976,BINANCE
2025-09-01 07:32:48.540,108675.66,0.00324,29.755963302751976,BINANCE
2025-09-01 07:32:48.542,108675.67,0.00219,29.75504587155979,BINANCE
2025-09-01 07:32:48.680,108675.66,0.00433,29.755963302751976,BINANCE
2025-09-01 07:32:48.685,108675.66,0.00431,29.755963302751976,BINANCE
2025-09-01 07:32:48.921,108675.67,0.00046,29.75504587155979,BINANCE
2025-09-01 07:32:49.085,108675.67,0.06424,29.75504587155979,BINANCE
2025-09-01 07:32:49.212,108675.66,0.00304,29.755963302751976,BINANCE
2025-09-01 07:32:49.428,108675.67,0.02161,29.75504587155979,BINANCE
2025-09-01 07:32:50.227,108675.66,0.00154,29.755963302751976,BINANCE
2025-09-01 07:32:50.246,108675.66,0.00148,29.755963302751976,BINANCE
2025-09-01 07:32:50.388,108675.66,0.00215,29.755963302751976,BINANCE
2025-09-01 07:32:51.208,108675.66,0.00089,29.755963302751976,BINANCE
2025-09-01 07:32:51.230,108675.67,0.00092,29.75504587155979,BINANCE
2025-09-01 07:32:51.378,108675.66,0.00045,29.755963302751976,BINANCE
2025-09-01 07:32:51.419,108675.66,0.00104,29.755963302751976,BINANCE
2025-09-01 07:32:51.685,108675.67,0.08651,29.75504587155979,BINANCE
2025-09-01 07:32:51.961,108675.66,0.00067,29.755963302751976,BINANCE
2025-09-01 07:32:52.216,108675.66,0.00067,29.755963302751976,BINANCE
2025-09-01 07:32:52.548,108675.66,0.00054,29.755963302751976,BINANCE
2025-09-01 07:32:52.584,108675.66,0.00023,29.755963302751976,BINANCE
2025-09-01 07:32:52.690,108675.67,0.0002,29.75504587155979,BINANCE
2025-09-01 07:32:53.021,108675.67,0.06424,29.75504587155979,BINANCE
2025-09-01 07:32:53.162,108675.66,0.00052,29.755963302751976,BINANCE
2025-09-01 07:32:53.551,108675.66,0.00051,29.755963302751976,BINANCE
2025-09-01 07:32:53.706,108675.67,0.00331,29.75504587155979,BINANCE
2025-09-01 07:32:53.746,108675.66,0.00051,29.755963302751976,BINANCE
2025-09-01 07:32:53.963,108675.66,0.012,29.755963302751976,BINANCE
2025-09-01 07:32:54.143,108675.66,0.00049,29.755963302751976,BINANCE
2025-09-01 07:32:54.212,108675.66,0.00091,29.755963302751976,BINANCE
2025-09-01 07:32:54.326,108675.66,5e-05,29.755963302751976,BINANCE
2025-09-01 07:32:54.326,108675.66,0.01156,29.755963302751976,BINANCE
2025-09-01 07:32:54.326,108675.66,0.00878,29.755963302751976,BINANCE
2025-09-01 07:32:54.326,108675.66,0.00028,29.755963302751976,BINANCE
2025-09-01 07:32:54.326,108675.66,0.12531,29.755963302751976,BINANCE
2025-09-01 07:32:54.326,108675.66,0.05408,29.755963302751976,BINANCE
2025-09-01 07:32:54.326,108675.66,0.10405,29.755963302751976,BINANCE
2025-09-01 07:32:54.326,108675.66,0.07529,29.755963302751976,BINANCE
2025-09-01 07:32:54.326,108675.66,0.0007,29.755963302751976,BINANCE
2025-09-01 07:32:54.326,108675.66,0.00069,29.755963302751976,BINANCE
2025-09-01 07:32:54.326,108675.66,0.0001,29.755963302751976,BINANCE
2025-09-01 07:32:54.326,108675.66,0.01863,29.755963302751976,BINANCE
2025-09-01 07:32:54.326,108675.66,0.11074,29.755963302751976,BINANCE
2025-09-01 07:32:54.326,108675.66,0.01827,29.755963302751976,BINANCE
2025-09-01 07:32:54.326,108675.66,0.02896,29.755963302751976,BINANCE
2025-09-01 07:32:54.326,108675.66,0.13409,29.755963302751976,BINANCE
2025-09-01 07:32:54.326,108675.66,0.03284,29.755963302751976,BINANCE
2025-09-01 07:32:54.328,108675.66,0.0012,29.755963302751976,BINANCE
2025-09-01 07:32:54.328,108675.66,0.0113,29.755963302751976,BINANCE
2025-09-01 07:32:54.328,108675.66,0.00072,29.755963302751976,BINANCE
2025-09-01 07:32:54.328,108675.66,0.00973,29.755963302751976,BINANCE
2025-09-01 07:32:54.328,108675.66,0.00901,29.755963302751976,BINANCE
2025-09-01 07:32:54.331,108675.66,0.12937,29.755963302751976,BINANCE
2025-09-01 07:32:54.331,108675.66,0.11877,29.755963302751976,BINANCE
2025-09-01 07:32:54.331,108675.66,5e-05,29.755963302751976,BINANCE
2025-09-01 07:32:54.331,108675.66,0.00095,29.755963302751976,BINANCE
2025-09-01 07:32:54.331,108675.66,0.13314,29.755963302751976,BINANCE
2025-09-01 07:32:54.331,108675.66,0.11615,29.755963302751976,BINANCE
2025-09-01 07:32:54.341,108675.66,0.00049,29.755963302751976,BINANCE
2025-09-01 07:32:54.341,108675.66,0.012,29.755963302751976,BINANCE
2025-09-01 07:32:54.343,108675.66,0.00215,29.755963302751976,BINANCE
2025-09-01 07:32:54.363,108675.66,0.0935,29.755963302751976,BINANCE
2025-09-01 07:32:54.363,108675.66,0.00068,29.755963302751976,BINANCE
2025-09-01 07:32:54.369,108675.66,0.12937,29.755963302751976,BINANCE
2025-09-01 07:32:54.369,108675.66,5e-05,29.755963302751976,BINANCE
2025-09-01 07:32:54.369,108675.66,0.13409,29.755963302751976,BINANCE
2025-09-01 07:32:54.369,108675.66,0.13242,29.755963302751976,BINANCE
2025-09-01 07:32:54.369,108675.66,0.03587,29.755963302751976,BINANCE
2025-09-01 07:32:54.371,108675.66,0.00167,29.755963302751976,BINANCE
2025-09-01 07:32:54.371,108675.66,0.0071,29.755963302751976,BINANCE
2025-09-01 07:32:54.399,108675.66,0.04316,29.755963302751976,BINANCE
2025-09-01 07:32:54.404,108675.66,0.08918,29.755963302751976,BINANCE
2025-09-01 07:32:54.404,108675.66,0.07911,29.755963302751976,BINANCE
2025-09-01 07:32:54.404,108675.66,0.13409,29.755963302751976,BINANCE
2025-09-01 07:32:54.404,108675.66,5e-05,29.755963302751976,BINANCE
2025-09-01 07:32:54.404,108675.66,0.12937,29.755963302751976,BINANCE
2025-09-01 07:32:54.429,108675.66,0.02129,29.755963302751976,BINANCE
2025-09-01 07:32:54.429,108675.66,0.04491,29.755963302751976,BINANCE
2025-09-01 07:32:54.644,108675.66,0.00027,29.755963302751976,BINANCE
2025-09-01 07:32:54.685,108675.66,0.09361,29.755963302751976,BINANCE
2025-09-01 07:32:54.685,108675.66,0.13402,29.755963302751976,BINANCE
2025-09-01 07:32:54.685,108675.66,5e-05,29.755963302751976,BINANCE
2025-09-01 07:32:54.685,108675.66,0.10781,29.755963302751976,BINANCE
2025-09-01 07:32:54.772,108675.66,0.066,29.755963302751976,BINANCE
2025-09-01 07:32:54.772,108675.66,5e-05,29.755963302751976,BINANCE
2025-09-01 07:32:54.785,108675.66,0.02767,29.755963302751976,BINANCE
2025-09-01 07:32:54.792,108675.66,0.02767,29.755963302751976,BINANCE
2025-09-01 07:32:54.793,108674.0,0.0009,29.908256880733948,BINANCE
2025-09-01 07:32:54.793,108673.46,5e-05,29.957798165137028,BINANCE
2025-09-01 07:32:54.793,108673.02,5e-05,29.998165137614304,BINANCE
2025-09-01 07:32:54.793,108669.09,5e-05,30.358715596330594,BINANCE
2025-09-01 07:32:54.793,108672.42,0.00147,30.053211009174472,BINANCE
2025-09-01 07:32:54.793,108672.42,5e-05,30.053211009174472,BINANCE
2025-09-01 07:32:54.793,108674.2,5e-05,29.889908256881,BINANCE
2025-09-01 07:32:54.793,108670.67,5e-05,30.21376146789007,BINANCE
2025-09-01 07:32:54.793,108669.11,5e-05,30.3568807339449,BINANCE
2025-09-01 07:32:54.793,108672.59,5e-05,30.037614678899402,BINANCE
2025-09-01 07:32:54.793,108675.65,5e-05,29.75688073394549,BINANCE
2025-09-01 07:32:54.793,108675.66,0.00793,29.755963302751976,BINANCE
2025-09-01 07:32:54.793,108675.66,5e-05,29.755963302751976,BINANCE
2025-09-01 07:32:54.793,108675.65,0.00813,29.75688073394549,BINANCE
2025-09-01 07:32:54.810,108669.08,0.0117,30.359633027522776,BINANCE
2025-09-01 07:32:54.810,108669.08,5e-05,30.359633027522776,BINANCE
2025-09-01 07:32:54.810,108669.08,0.01,30.359633027522776,BINANCE
2025-09-01 07:32:54.810,108669.08,0.0001,30.359633027522776,BINANCE
2025-09-01 07:32:54.860,108669.08,0.00737,30.359633027522776,BINANCE
2025-09-01 07:32:54.909,108669.07,5e-05,30.360550458714958,BINANCE
2025-09-01 07:32:54.909,108668.0,5e-05,30.458715596330272,BINANCE
2025-09-01 07:32:54.909,108667.51,0.00025,30.503669724771125,BINANCE
2025-09-01 07:32:54.909,108667.5,0.003,30.504587155963304,BINANCE
2025-09-01 07:32:54.909,108667.5,5e-05,30.504587155963304,BINANCE
2025-09-01 07:32:54.909,108667.15,0.0047,30.536697247706954,BINANCE
2025-09-01 07:32:54.909,108666.71,5e-05,30.5770642201829,BINANCE
2025-09-01 07:32:54.909,108666.71,0.0008,30.5770642201829,BINANCE
2025-09-01 07:32:54.909,108666.71,0.01,30.5770642201829,BINANCE
2025-09-01 07:32:54.909,108666.71,0.00804,30.5770642201829,BINANCE
2025-09-01 07:32:54.909,108669.07,0.0001,30.360550458714958,BINANCE
2025-09-01 07:32:54.909,108669.08,5e-05,30.359633027522776,BINANCE
2025-09-01 07:32:54.909,108669.08,0.0001,30.359633027522776,BINANCE
2025-09-01 07:32:55.646,108666.71,8e-05,30.5770642201829,BINANCE
2025-09-01 07:32:55.758,108666.7,0.01394,30.577981651376415,BINANCE
2025-09-01 07:32:55.992,108666.7,0.0042,30.577981651376415,BINANCE
2025-09-01 07:32:55.992,108666.7,0.00019,30.577981651376415,BINANCE
2025-09-01 07:32:55.992,108666.7,5e-05,30.577981651376415,BINANCE
2025-09-01 07:32:56.382,108666.7,0.00198,30.577981651376415,BINANCE
2025-09-01 07:32:56.382,108666.7,0.03252,30.577981651376415,BINANCE
2025-09-01 07:32:56.488,108666.69,5e-05,30.578899082568594,BINANCE
2025-09-01 07:32:56.488,108666.69,0.0001,30.578899082568594,BINANCE
2025-09-01 07:32:56.488,108665.26,5e-05,30.710091743119747,BINANCE
2025-09-01 07:32:56.488,108664.8,5e-05,30.752293577981384,BINANCE
2025-09-01 07:32:56.488,108664.01,0.00985,30.824770642202317,BINANCE
2025-09-01 07:32:56.488,108664.01,5e-05,30.824770642202317,BINANCE
2025-09-01 07:32:56.488,108664.01,0.05439,30.824770642202317,BINANCE
2025-09-01 07:32:56.488,108666.7,0.0007,30.577981651376415,BINANCE
2025-09-01 07:32:56.488,108666.7,5e-05,30.577981651376415,BINANCE
2025-09-01 07:32:56.488,108666.7,0.0001,30.577981651376415,BINANCE
2025-09-01 07:32:56.488,108666.7,0.00069,30.577981651376415,BINANCE
2025-09-01 07:32:56.490,108664.0,0.009,30.825688073394495,BINANCE
2025-09-01 07:32:56.501,108664.0,5e-05,30.825688073394495,BINANCE
2025-09-01 07:32:56.501,108664.0,0.01,30.825688073394495,BINANCE
2025-09-01 07:32:56.501,108664.0,0.00083,30.825688073394495,BINANCE
2025-09-01 07:32:56.501,108664.0,0.0001,30.825688073394495,BINANCE
2025-09-01 07:32:56.502,108664.0,0.0092,30.825688073394495,BINANCE
2025-09-01 07:32:56.525,108664.0,0.00737,30.825688073394495,BINANCE
2025-09-01 07:32:56.565,108664.0,0.00263,30.825688073394495,BINANCE
2025-09-01 07:32:56.576,108664.0,0.00177,30.825688073394495,BINANCE
2025-09-01 07:32:56.657,108664.0,0.00297,30.825688073394495,BINANCE
2025-09-01 07:32:56.805,108662.51,5e-05,30.962385321101397,BINANCE
2025-09-01 07:32:56.805,108663.12,0.00029,30.906422018349048,BINANCE
2025-09-01 07:32:56.805,108663.99,5e-05,30.826605504586674,BINANCE
2025-09-01 07:32:56.805,108663.99,0.0001,30.826605504586674,BINANCE
2025-09-01 07:32:56.805,108664.0,5e-05,30.825688073394495,BINANCE
2025-09-01 07:32:56.805,108664.0,0.0001,30.825688073394495,BINANCE
2025-09-01 07:32:56.816,108662.49,5e-05,30.964220183485757,BINANCE
2025-09-01 07:32:56.816,108662.49,0.00676,30.964220183485757,BINANCE
2025-09-01 07:32:56.816,108662.49,0.00279,30.964220183485757,BINANCE
2025-09-01 07:32:56.816,108662.49,0.00099,30.964220183485757,BINANCE
2025-09-01 07:32:56.816,108662.5,0.0001,30.96330275229358,BINANCE
2025-09-01 07:32:56.816,108662.5,5e-05,30.96330275229358,BINANCE
2025-09-01 07:32:56.818,108662.49,0.00203,30.964220183485757,BINANCE
2025-09-01 07:32:56.851,108662.49,0.00191,30.964220183485757,BINANCE
2025-09-01 07:32:57.079,108662.49,0.00041,30.964220183485757,BINANCE
2025-09-01 07:32:57.353,108662.49,0.00061,30.964220183485757,BINANCE
2025-09-01 07:32:57.353,108662.49,0.01044,30.964220183485757,BINANCE
2025-09-01 07:32:57.353,108662.49,5e-05,30.964220183485757,BINANCE
2025-09-01 07:32:57.353,108662.49,0.0001,30.964220183485757,BINANCE
2025-09-01 07:32:57.353,108662.49,0.01,30.964220183485757,BINANCE
2025-09-01 07:32:57.562,108662.49,0.00076,30.964220183485757,BINANCE
2025-09-01 07:32:57.692,108662.49,0.00015,30.964220183485757,BINANCE
2025-09-01 07:32:58.692,108662.49,0.00015,30.964220183485757,BINANCE
2025-09-01 07:32:58.707,108662.49,0.00096,30.964220183485757,BINANCE
2025-09-01 07:32:58.866,108662.49,8e-05,30.964220183485757,BINANCE
2025-09-01 07:32:59.161,108662.49,0.00092,30.964220183485757,BINANCE
2025-09-01 07:32:59.164,108662.49,0.00065,30.964220183485757,BINANCE
2025-09-01 07:32:59.684,108662.49,0.001,30.964220183485757,BINANCE
2025-09-01 07:32:59.694,108662.49,0.00015,30.964220183485757,BINANCE
2025-09-01 07:32:59.716,108662.5,0.00016,30.96330275229358,BINANCE
2025-09-01 07:32:59.762,108662.49,0.03069,30.964220183485757,BINANCE
2025-09-01 07:32:59.850,108662.49,0.037,30.964220183485757,BINANCE
2025-09-01 07:33:00.108,108662.49,0.0012,30.964220183485757,BINANCE
2025-09-01 07:33:00.212,108662.5,0.0001,30.96330275229358,BINANCE
2025-09-01 07:33:00.223,108662.5,0.06424,30.96330275229358,BINANCE
2025-09-01 07:33:00.339,108662.49,0.07567,30.964220183485757,BINANCE
2025-09-01 07:33:00.359,108662.5,0.03263,30.96330275229358,BINANCE
2025-09-01 07:33:00.405,108662.49,0.00222,30.964220183485757,BINANCE
2025-09-01 07:33:00.472,108662.5,0.0001,30.96330275229358,BINANCE
2025-09-01 07:33:00.474,108662.5,0.0001,30.96330275229358,BINANCE
2025-09-01 07:33:00.488,108662.49,0.00041,30.964220183485757,BINANCE
2025-09-01 07:33:00.567,108662.49,0.00191,30.964220183485757,BINANCE
2025-09-01 07:33:00.694,108662.49,0.00015,30.964220183485757,BINANCE
2025-09-01 07:33:00.885,108662.5,0.01542,30.96330275229358,BINANCE
2025-09-01 07:33:00.962,108662.5,7e-05,30.96330275229358,BINANCE
2025-09-01 07:33:00.988,108662.5,0.0001,30.96330275229358,BINANCE
2025-09-01 07:33:01.055,108662.49,0.00383,30.964220183485757,BINANCE
2025-09-01 07:33:01.096,108662.49,0.00027,30.964220183485757,BINANCE
2025-09-01 07:33:01.174,108662.49,5e-05,30.964220183485757,BINANCE
2025-09-01 07:33:01.174,108662.49,0.00014,30.964220183485757,BINANCE
2025-09-01 07:33:01.174,108662.49,6e-05,30.964220183485757,BINANCE
2025-09-01 07:33:01.174,108662.49,0.0001,30.964220183485757,BINANCE
2025-09-01 07:33:01.174,108662.49,0.00746,30.964220183485757,BINANCE
2025-09-01 07:33:01.177,108662.48,0.012,30.96513761467927,BINANCE
2025-09-01 07:33:01.185,108662.48,0.00292,30.96513761467927,BINANCE
2025-09-01 07:33:01.185,108662.48,0.00628,30.96513761467927,BINANCE
2025-09-01 07:33:01.321,108662.48,0.012,30.96513761467927,BINANCE
2025-09-01 07:33:01.344,108662.48,0.00044,30.96513761467927,BINANCE
2025-09-01 07:33:01.355,108662.48,5e-05,30.96513761467927,BINANCE
2025-09-01 07:33:01.355,108662.48,0.01,30.96513761467927,BINANCE
2025-09-01 07:33:01.355,108662.48,0.0001,30.96513761467927,BINANCE
2025-09-01 07:33:01.355,108662.48,0.09014,30.96513761467927,BINANCE
2025-09-01 07:33:01.355,108662.48,0.00775,30.96513761467927,BINANCE
2025-09-01 07:33:01.355,108662.48,0.00098,30.96513761467927,BINANCE
2025-09-01 07:33:01.355,108662.48,0.0002,30.96513761467927,BINANCE
2025-09-01 07:33:01.355,108662.48,0.01985,30.96513761467927,BINANCE
2025-09-01 07:33:01.591,108662.48,0.01294,30.96513761467927,BINANCE
2025-09-01 07:33:01.591,108662.48,0.03252,30.96513761467927,BINANCE
2025-09-01 07:33:01.594,108662.48,5e-05,30.96513761467927,BINANCE
2025-09-01 07:33:01.594,108662.48,0.01,30.96513761467927,BINANCE
2025-09-01 07:33:01.594,108662.48,0.02954,30.96513761467927,BINANCE
2025-09-01 07:33:01.594,108662.48,0.05004,30.96513761467927,BINANCE
2025-09-01 07:33:01.594,108662.48,0.0001,30.96513761467927,BINANCE
2025-09-01 07:33:01.594,108662.48,0.00775,30.96513761467927,BINANCE
2025-09-01 07:33:01.661,108662.48,0.00191,30.96513761467927,BINANCE
2025-09-01 07:33:01.663,108662.48,0.0118,30.96513761467927,BINANCE
2025-09-01 07:33:01.665,108662.48,5e-05,30.96513761467927,BINANCE
2025-09-01 07:33:01.665,108662.48,0.01,30.96513761467927,BINANCE
2025-09-01 07:33:01.665,108662.48,0.0001,30.96513761467927,BINANCE
2025-09-01 07:33:01.665,108662.48,0.00775,30.96513761467927,BINANCE
2025-09-01 07:33:01.665,108662.48,3e-05,30.96513761467927,BINANCE
2025-09-01 07:33:01.665,108662.48,0.08179,30.96513761467927,BINANCE
2025-09-01 07:33:01.684,108662.49,0.00985,30.964220183485757,BINANCE
2025-09-01 07:33:01.684,108662.49,0.06525,30.964220183485757,BINANCE
2025-09-01 07:33:01.858,108662.48,0.01,30.96513761467927,BINANCE
2025-09-01 07:33:01.858,108662.48,5e-05,30.96513761467927,BINANCE
2025-09-01 07:33:01.858,108662.48,0.0001,30.96513761467927,BINANCE
2025-09-01 07:33:01.858,108662.48,0.3433,30.96513761467927,BINANCE
2025-09-01 07:33:01.858,108662.48,0.00775,30.96513761467927,BINANCE
2025-09-01 07:33:01.858,108662.48,0.0955,30.96513761467927,BINANCE
2025-09-01 07:33:01.860,108662.48,0.01,30.96513761467927,BINANCE
2025-09-01 07:33:01.860,108662.48,0.0001,30.96513761467927,BINANCE
2025-09-01 07:33:01.860,108662.48,5e-05,30.96513761467927,BINANCE
2025-09-01 07:33:01.860,108662.48,0.06822,30.96513761467927,BINANCE
2025-09-01 07:33:01.860,108662.48,0.00775,30.96513761467927,BINANCE
2025-09-01 07:33:01.860,108662.48,0.0955,30.96513761467927,BINANCE
2025-09-01 07:33:01.861,108662.48,0.02406,30.96513761467927,BINANCE
2025-09-01 07:33:01.862,108662.48,0.00322,30.96513761467927,BINANCE
2025-09-01 07:33:01.862,108662.48,0.00198,30.96513761467927,BINANCE
2025-09-01 07:33:01.862,108662.48,0.00553,30.96513761467927,BINANCE
2025-09-01 07:33:01.863,108662.48,0.0001,30.96513761467927,BINANCE
2025-09-01 07:33:01.863,108662.48,0.01162,30.96513761467927,BINANCE
2025-09-01 07:33:01.863,108662.48,0.01,30.96513761467927,BINANCE
2025-09-01 07:33:01.863,108662.48,0.01073,30.96513761467927,BINANCE
2025-09-01 07:33:01.863,108662.48,5e-05,30.96513761467927,BINANCE
2025-09-01 07:33:01.863,108662.48,0.00024,30.96513761467927,BINANCE
2025-09-01 07:33:01.866,108662.48,0.01122,30.96513761467927,BINANCE
2025-09-01 07:33:01.873,108662.48,0.00657,30.96513761467927,BINANCE
2025-09-01 07:33:01.880,108662.48,0.0065,30.96513761467927,BINANCE
2025-09-01 07:33:01.884,108662.49,9e-05,30.964220183485757,BINANCE
2025-09-01 07:33:01.887,108662.48,0.0039,30.96513761467927,BINANCE
2025-09-01 07:33:01.893,108662.48,0.002,30.96513761467927,BINANCE
2025-09-01 07:33:01.900,108662.48,0.0159,30.96513761467927,BINANCE
2025-09-01 07:33:01.916,108662.48,0.01,30.96513761467927,BINANCE
2025-09-01 07:33:01.916,108662.48,0.01967,30.96513761467927,BINANCE
2025-09-01 07:33:01.916,108662.48,0.00775,30.96513761467927,BINANCE
2025-09-01 07:33:01.916,108662.48,0.1055,30.96513761467927,BINANCE
2025-09-01 07:33:01.916,108662.48,5e-05,30.96513761467927,BINANCE
2025-09-01 07:33:01.916,108662.48,0.0001,30.96513761467927,BINANCE
2025-09-01 07:33:01.916,108662.48,0.00382,30.96513761467927,BINANCE
2025-09-01 07:33:02.015,108662.48,5e-05,30.96513761467927,BINANCE
2025-09-01 07:33:02.015,108662.48,0.0001,30.96513761467927,BINANCE
2025-09-01 07:33:02.015,108662.48,0.00689,30.96513761467927,BINANCE
2025-09-01 07:33:02.015,108662.48,0.07573,30.96513761467927,BINANCE
2025-09-01 07:33:02.020,108662.47,0.02818,30.966055045871453,BINANCE
2025-09-01 07:33:02.025,108662.47,0.034,30.966055045871453,BINANCE
2025-09-01 07:33:02.053,108662.47,0.012,30.966055045871453,BINANCE
2025-09-01 07:33:02.066,108662.47,5e-05,30.966055045871453,BINANCE
2025-09-01 07:33:02.066,108662.47,0.01,30.966055045871453,BINANCE
2025-09-01 07:33:02.066,108662.47,0.0001,30.966055045871453,BINANCE
2025-09-01 07:33:02.066,108662.47,0.19633,30.966055045871453,BINANCE
2025-09-01 07:33:02.073,108662.48,0.00016,30.96513761467927,BINANCE
2025-09-01 07:33:02.156,108662.47,0.12316,30.966055045871453,BINANCE
2025-09-01 07:33:02.186,108662.47,0.00536,30.966055045871453,BINANCE
2025-09-01 07:33:02.473,108662.47,5e-05,30.966055045871453,BINANCE
2025-09-01 07:33:02.574,108662.48,8e-05,30.96513761467927,BINANCE
2025-09-01 07:33:03.185,108662.47,0.00842,30.966055045871453,BINANCE
2025-09-01 07:33:03.719,108662.48,0.0001,30.96513761467927,BINANCE
2025-09-01 07:33:03.962,108662.48,0.06424,30.96513761467927,BINANCE
2025-09-01 07:33:04.018,108662.47,0.00201,30.966055045871453,BINANCE
2025-09-01 07:33:04.176,108662.48,0.00093,30.96513761467927,BINANCE
2025-09-01 07:33:04.654,108662.49,5e-05,30.964220183485757,BINANCE
2025-09-01 07:33:04.654,108662.49,0.0001,30.964220183485757,BINANCE
2025-09-01 07:33:04.654,108662.48,5e-05,30.96513761467927,BINANCE
2025-09-01 07:33:04.654,108665.99,5e-05,30.643119266054565,BINANCE
2025-09-01 07:33:04.654,108665.29,5e-05,30.707339449541873,BINANCE
2025-09-01 07:33:04.654,108665.26,5e-05,30.710091743119747,BINANCE
2025-09-01 07:33:04.654,108664.0,5e-05,30.825688073394495,BINANCE
2025-09-01 07:33:04.654,108664.01,0.00026,30.824770642202317,BINANCE
2025-09-01 07:33:04.654,108662.48,0.0001,30.96513761467927,BINANCE
2025-09-01 07:33:04.654,108662.48,9e-05,30.96513761467927,BINANCE
2025-09-01 07:33:04.654,108662.48,0.00368,30.96513761467927,BINANCE
2025-09-01 07:33:04.654,108662.48,0.00069,30.96513761467927,BINANCE
2025-09-01 07:33:04.654,108662.48,0.00562,30.96513761467927,BINANCE
2025-09-01 07:33:04.654,108662.48,0.00076,30.96513761467927,BINANCE
2025-09-01 07:33:04.654,108662.48,0.0007,30.96513761467927,BINANCE
2025-09-01 07:33:04.654,108662.48,0.01585,30.96513761467927,BINANCE
2025-09-01 07:33:04.654,108662.48,0.00156,30.96513761467927,BINANCE
2025-09-01 07:33:04.656,108666.0,0.07457,30.642201834862387,BINANCE
2025-09-01 07:33:04.656,108666.0,5e-05,30.642201834862387,BINANCE
2025-09-01 07:33:04.657,108666.0,5e-05,30.642201834862387,BINANCE
2025-09-01 07:33:04.657,108666.71,0.00146,30.5770642201829,BINANCE
2025-09-01 07:33:04.657,108666.01,5e-05,30.641284403670202,BINANCE
2025-09-01 07:33:04.657,108666.01,0.0001,30.641284403670202,BINANCE
2025-09-01 07:33:04.657,108666.0,0.0001,30.642201834862387,BINANCE
2025-09-01 07:33:04.657,108666.0,0.00965,30.642201834862387,BINANCE
2025-09-01 07:33:04.657,108666.0,0.01196,30.642201834862387,BINANCE
2025-09-01 07:33:04.715,108667.16,5e-05,30.53577981651344,BINANCE
2025-09-01 07:33:04.715,108666.72,5e-05,30.576146788990716,BINANCE
2025-09-01 07:33:04.715,108666.72,0.0001,30.576146788990716,BINANCE
2025-09-01 07:33:04.715,108666.71,0.00737,30.5770642201829,BINANCE
2025-09-01 07:33:04.715,108667.61,5e-05,30.494495412843985,BINANCE
2025-09-01 07:33:04.715,108667.74,5e-05,30.482568807338968,BINANCE
2025-09-01 07:33:04.715,108667.75,0.04538,30.48165137614679,BINANCE
2025-09-01 07:33:04.715,108667.75,5e-05,30.48165137614679,BINANCE
2025-09-01 07:33:04.715,108669.0,5e-05,30.36697247706422,BINANCE
2025-09-01 07:33:04.715,108670.67,5e-05,30.21376146789007,BINANCE
2025-09-01 07:33:04.715,108672.33,5e-05,30.061467889908098,BINANCE
2025-09-01 07:33:04.715,108666.71,5e-05,30.5770642201829,BINANCE
2025-09-01 07:33:04.715,108666.71,0.00017,30.5770642201829,BINANCE
2025-09-01 07:33:04.715,108666.71,0.00049,30.5770642201829,BINANCE
2025-09-01 07:33:04.715,108666.71,0.00106,30.5770642201829,BINANCE
2025-09-01 07:33:04.715,108666.71,0.0001,30.5770642201829,BINANCE
2025-09-01 07:33:04.715,108666.71,0.00072,30.5770642201829,BINANCE
2025-09-01 07:33:04.715,108666.71,0.00069,30.5770642201829,BINANCE
2025-09-01 07:33:05.292,108672.33,0.001,30.061467889908098,BINANCE
2025-09-01 07:33:05.337,108672.34,5e-05,30.060550458715916,BINANCE
2025-09-01 07:33:05.337,108672.34,0.0096,30.060550458715916,BINANCE
2025-09-01 07:33:05.337,108672.34,0.00185,30.060550458715916,BINANCE
2025-09-01 07:33:05.337,108672.34,0.012,30.060550458715916,BINANCE
2025-09-01 07:33:05.341,108672.34,0.012,30.060550458715916,BINANCE
2025-09-01 07:33:05.341,108672.34,0.00148,30.060550458715916,BINANCE
2025-09-01 07:33:05.344,108672.34,0.012,30.060550458715916,BINANCE
2025-09-01 07:33:05.356,108672.34,0.00116,30.060550458715916,BINANCE
2025-09-01 07:33:05.488,108672.34,7e-05,30.060550458715916,BINANCE
2025-09-01 07:33:05.674,108672.34,0.0248,30.060550458715916,BINANCE
2025-09-01 07:33:05.715,108672.34,5e-05,30.060550458715916,BINANCE
2025-09-01 07:33:05.715,108672.35,5e-05,30.059633027522402,BINANCE
2025-09-01 07:33:05.715,108675.66,5e-05,29.755963302751976,BINANCE
2025-09-01 07:33:05.715,108672.35,0.0001,30.059633027522402,BINANCE
2025-09-01 07:33:05.715,108672.34,0.04601,30.060550458715916,BINANCE
2025-09-01 07:33:05.715,108672.34,0.00068,30.060550458715916,BINANCE
2025-09-01 07:33:05.715,108672.34,0.0001,30.060550458715916,BINANCE
2025-09-01 07:33:05.800,108675.66,0.00731,29.755963302751976,BINANCE
2025-09-01 07:33:06.545,108675.66,0.00737,29.755963302751976,BINANCE
2025-09-01 07:33:06.715,108675.66,0.00061,29.755963302751976,BINANCE
2025-09-01 07:33:07.138,108675.66,0.00058,29.755963302751976,BINANCE
2025-09-01 07:33:07.285,108675.67,0.00016,29.75504587155979,BINANCE
2025-09-01 07:33:07.298,108675.67,0.04,29.75504587155979,BINANCE
2025-09-01 07:33:07.307,108675.67,0.012,29.75504587155979,BINANCE
2025-09-01 07:33:07.308,108675.67,0.012,29.75504587155979,BINANCE
2025-09-01 07:33:07.686,108675.66,9e-05,29.755963302751976,BINANCE
2025-09-01 07:33:07.725,108675.67,0.06424,29.75504587155979,BINANCE
2025-09-01 07:33:08.449,108675.66,0.00102,29.755963302751976,BINANCE
2025-09-01 07:33:08.566,108675.66,0.00457,29.755963302751976,BINANCE
2025-09-01 07:33:08.596,108675.66,0.00022,29.755963302751976,BINANCE
2025-09-01 07:33:09.373,108675.67,0.01,29.75504587155979,BINANCE
2025-09-01 07:33:09.504,108675.67,9e-05,29.75504587155979,BINANCE
2025-09-01 07:33:10.197,108675.66,0.00018,29.755963302751976,BINANCE
2025-09-01 07:33:10.356,108675.67,0.05718,29.75504587155979,BINANCE
2025-09-01 07:33:10.356,108675.67,5e-05,29.75504587155979,BINANCE
2025-09-01 07:33:10.356,108675.67,0.04601,29.75504587155979,BINANCE
2025-09-01 07:33:10.356,108675.67,0.11803,29.75504587155979,BINANCE
2025-09-01 07:33:10.356,108675.67,0.00259,29.75504587155979,BINANCE
2025-09-01 07:33:10.356,108675.67,0.00023,29.75504587155979,BINANCE
2025-09-01 07:33:10.356,108675.67,0.03343,29.75504587155979,BINANCE
2025-09-01 07:33:10.356,108675.67,0.00089,29.75504587155979,BINANCE
2025-09-01 07:33:10.357,108675.68,5e-05,29.754128440367612,BINANCE
2025-09-01 07:33:10.357,108675.67,5e-05,29.75504587155979,BINANCE
2025-09-01 07:33:10.357,108675.89,5e-05,29.734862385321154,BINANCE
2025-09-01 07:33:10.357,108675.89,0.002,29.734862385321154,BINANCE
2025-09-01 07:33:10.357,108676.08,5e-05,29.717431192660392,BINANCE
2025-09-01 07:33:10.357,108675.67,0.02523,29.75504587155979,BINANCE
2025-09-01 07:33:10.357,108675.67,0.3241,29.75504587155979,BINANCE
2025-09-01 07:33:10.357,108675.67,0.00013,29.75504587155979,BINANCE
2025-09-01 07:33:10.357,108675.67,0.04602,29.75504587155979,BINANCE
2025-09-01 07:33:10.357,108675.67,0.1,29.75504587155979,BINANCE
2025-09-01 07:33:10.361,108679.29,5e-05,29.422935779817102,BINANCE
2025-09-01 07:33:10.361,108679.28,5e-05,29.42385321100928,BINANCE
2025-09-01 07:33:10.371,108680.01,5e-05,29.356880733945435,BINANCE
2025-09-01 07:33:10.371,108680.0,5e-05,29.357798165137616,BINANCE
2025-09-01 07:33:10.372,108680.48,5e-05,29.313761467890284,BINANCE
2025-09-01 07:33:10.375,108680.49,5e-05,29.312844036696767,BINANCE
2025-09-01 07:33:10.398,108684.59,0.00442,28.936697247706743,BINANCE
2025-09-01 07:33:10.398,108681.84,5e-05,29.188990825688393,BINANCE
2025-09-01 07:33:10.398,108683.01,5e-05,29.081651376147267,BINANCE
2025-09-01 07:33:10.398,108683.89,0.00538,29.000917431192715,BINANCE
2025-09-01 07:33:10.398,108683.99,5e-05,28.991743119265575,BINANCE
2025-09-01 07:33:10.398,108684.12,5e-05,28.979816513761897,BINANCE
2025-09-01 07:33:10.398,108684.13,5e-05,28.97889908256838,BINANCE
2025-09-01 07:33:10.398,108684.14,5e-05,28.9779816513762,BINANCE
2025-09-01 07:33:10.398,108684.0,5e-05,28.990825688073397,BINANCE
2025-09-01 07:33:10.398,108681.49,5e-05,29.221100917430714,BINANCE
2025-09-01 07:33:10.398,108681.5,5e-05,29.22018348623853,BINANCE
2025-09-01 07:33:10.398,108681.83,5e-05,29.18990825688057,BINANCE
2025-09-01 07:33:10.398,108681.69,5e-05,29.202752293577767,BINANCE
2025-09-01 07:33:10.406,108684.59,0.012,28.936697247706743,BINANCE
2025-09-01 07:33:10.418,108684.89,0.012,28.90917431192666,BINANCE
2025-09-01 07:33:10.418,108684.89,0.00627,28.90917431192666,BINANCE
2025-09-01 07:33:10.418,108684.88,5e-05,28.910091743118837,BINANCE
2025-09-01 07:33:10.418,108684.8,5e-05,28.917431192660285,BINANCE
2025-09-01 07:33:10.418,108684.79,5e-05,28.9183486238538,BINANCE
2025-09-01 07:33:10.418,108684.77,7e-05,28.920183486238155,BINANCE
2025-09-01 07:33:10.418,108684.59,5e-05,28.936697247706743,BINANCE
2025-09-01 07:33:10.418,108684.59,0.00526,28.936697247706743,BINANCE
2025-09-01 07:33:10.444,108684.88,0.00731,28.910091743118837,BINANCE
2025-09-01 07:33:10.489,108684.89,0.02575,28.90917431192666,BINANCE
2025-09-01 07:33:10.489,108684.89,0.0004,28.90917431192666,BINANCE
2025-09-01 07:33:10.489,108684.89,0.01,28.90917431192666,BINANCE
2025-09-01 07:33:10.489,108684.89,0.02535,28.90917431192666,BINANCE
2025-09-01 07:33:10.489,108684.89,0.0001,28.90917431192666,BINANCE
2025-09-01 07:33:10.489,108684.89,5e-05,28.90917431192666,BINANCE
2025-09-01 07:33:10.489,108684.89,0.02244,28.90917431192666,BINANCE
2025-09-01 07:33:10.489,108684.89,0.00316,28.90917431192666,BINANCE
2025-09-01 07:33:10.608,108684.89,6e-05,28.90917431192666,BINANCE
2025-09-01 07:33:10.631,108684.89,0.001,28.90917431192666,BINANCE
2025-09-01 07:33:10.634,108684.89,0.001,28.90917431192666,BINANCE
2025-09-01 07:33:11.115,108684.88,0.00019,28.910091743118837,BINANCE
2025-09-01 07:33:11.217,108684.88,9e-05,28.910091743118837,BINANCE
2025-09-01 07:33:11.341,108684.89,8e-05,28.90917431192666,BINANCE
2025-09-01 07:33:11.456,108684.89,0.02818,28.90917431192666,BINANCE
2025-09-01 07:33:11.456,108684.89,5e-05,28.90917431192666,BINANCE
2025-09-01 07:33:11.456,108684.89,0.03596,28.90917431192666,BINANCE
2025-09-01 07:33:11.544,108684.89,8e-05,28.90917431192666,BINANCE
2025-09-01 07:33:11.678,108684.89,0.04599,28.90917431192666,BINANCE
2025-09-01 07:33:11.872,108684.89,0.00016,28.90917431192666,BINANCE
2025-09-01 07:33:12.221,108684.88,0.00092,28.910091743118837,BINANCE
2025-09-01 07:33:12.270,108684.88,0.01554,28.910091743118837,BINANCE
2025-09-01 07:33:12.737,108684.89,0.012,28.90917431192666,BINANCE
2025-09-01 07:33:12.738,108684.89,0.012,28.90917431192666,BINANCE
2025-09-01 07:33:13.023,108684.89,0.0593,28.90917431192666,BINANCE
2025-09-01 07:33:13.321,108684.89,0.001,28.90917431192666,BINANCE
2025-09-01 07:33:13.531,108684.89,0.01045,28.90917431192666,BINANCE
2025-09-01 07:33:13.748,108684.88,5e-05,28.910091743118837,BINANCE
2025-09-01 07:33:13.775,108684.89,0.0001,28.90917431192666,BINANCE
2025-09-01 07:33:14.004,108684.89,0.046,28.90917431192666,BINANCE
2025-09-01 07:33:14.004,108684.89,0.00151,28.90917431192666,BINANCE
2025-09-01 07:33:14.004,108684.89,5e-05,28.90917431192666,BINANCE
2025-09-01 07:33:14.004,108684.89,0.00225,28.90917431192666,BINANCE
2025-09-01 07:33:14.004,108684.89,0.15004,28.90917431192666,BINANCE
2025-09-01 07:33:14.103,108684.88,0.00046,28.910091743118837,BINANCE
2025-09-01 07:33:14.200,108684.89,0.012,28.90917431192666,BINANCE
2025-09-01 07:33:14.208,108684.89,0.012,28.90917431192666,BINANCE
2025-09-01 07:33:14.972,108684.88,6e-05,28.910091743118837,BINANCE
2025-09-01 07:33:15.082,108684.88,0.00013,28.910091743118837,BINANCE
2025-09-01 07:33:15.110,108684.89,0.00244,28.90917431192666,BINANCE
2025-09-01 07:33:15.208,108684.89,0.02516,28.90917431192666,BINANCE
2025-09-01 07:33:15.208,108684.89,5e-05,28.90917431192666,BINANCE
2025-09-01 07:33:15.208,108684.89,0.03903,28.90917431192666,BINANCE
2025-09-01 07:33:15.466,108684.89,0.00201,28.90917431192666,BINANCE
2025-09-01 07:33:15.467,108684.89,0.00201,28.90917431192666,BINANCE
2025-09-01 07:33:15.495,108684.88,0.00731,28.910091743118837,BINANCE
2025-09-01 07:33:15.525,108684.89,0.0024,28.90917431192666,BINANCE
2025-09-01 07:33:15.526,108684.89,0.00061,28.90917431192666,BINANCE
2025-09-01 07:33:15.526,108684.89,0.0024,28.90917431192666,BINANCE
2025-09-01 07:33:16.512,108684.89,0.0006,28.90917431192666,BINANCE
2025-09-01 07:33:16.677,108684.89,0.04314,28.90917431192666,BINANCE
2025-09-01 07:33:16.677,108684.89,0.00976,28.90917431192666,BINANCE
2025-09-01 07:33:16.689,108684.89,0.00119,28.90917431192666,BINANCE
2025-09-01 07:33:16.696,108684.89,0.012,28.90917431192666,BINANCE
2025-09-01 07:33:16.697,108684.89,0.00466,28.90917431192666,BINANCE
2025-09-01 07:33:16.697,108684.89,0.00734,28.90917431192666,BINANCE
2025-09-01 07:33:16.697,108684.89,0.012,28.90917431192666,BINANCE
2025-09-01 07:33:17.157,108684.88,4e-05,28.910091743118837,BINANCE
2025-09-01 07:33:17.286,108684.88,0.0002,28.910091743118837,BINANCE
2025-09-01 07:33:17.322,108684.89,0.00053,28.90917431192666,BINANCE
2025-09-01 07:33:17.610,108684.88,0.00065,28.910091743118837,BINANCE
2025-09-01 07:33:17.811,108684.89,8e-05,28.90917431192666,BINANCE
2025-09-01 07:33:18.097,108684.89,0.012,28.90917431192666,BINANCE
2025-09-01 07:33:18.227,108684.89,0.00221,28.90917431192666,BINANCE
2025-09-01 07:33:18.227,108684.89,0.00979,28.90917431192666,BINANCE
2025-09-01 07:33:18.227,108684.89,0.012,28.90917431192666,BINANCE
2025-09-01 07:33:18.428,108684.88,0.01569,28.910091743118837,BINANCE
2025-09-01 07:33:18.439,108684.89,0.012,28.90917431192666,BINANCE
2025-09-01 07:33:18.439,108684.89,0.00031,28.90917431192666,BINANCE
2025-09-01 07:33:18.439,108684.89,5e-05,28.90917431192666,BINANCE
2025-09-01 07:33:18.439,108684.89,0.01149,28.90917431192666,BINANCE
2025-09-01 07:33:18.440,108684.89,0.012,28.90917431192666,BINANCE
2025-09-01 07:33:18.515,108684.89,0.00296,28.90917431192666,BINANCE
2025-09-01 07:33:18.534,108684.89,0.012,28.90917431192666,BINANCE
2025-09-01 07:33:18.535,108684.9,5e-05,28.908256880734477,BINANCE
2025-09-01 07:33:18.535,108684.89,5e-05,28.90917431192666,BINANCE
2025-09-01 07:33:18.535,108684.9,0.01203,28.908256880734477,BINANCE
2025-09-01 07:33:18.535,108684.9,0.046,28.908256880734477,BINANCE
2025-09-01 07:33:18.535,108685.0,6e-05,28.899082568807337,BINANCE
2025-09-01 07:33:18.535,108684.89,0.0001,28.90917431192666,BINANCE
2025-09-01 07:33:18.535,108685.18,0.00015,28.882568807340093,BINANCE
2025-09-01 07:33:18.535,108686.14,5e-05,28.79449541284409,BINANCE
2025-09-01 07:33:18.535,108685.96,0.00173,28.811009174311337,BINANCE
2025-09-01 07:33:18.535,108685.71,0.00011,28.833944954127855,BINANCE
2025-09-01 07:33:18.535,108685.71,0.00091,28.833944954127855,BINANCE
2025-09-01 07:33:18.535,108685.71,9e-05,28.833944954127855,BINANCE
2025-09-01 07:33:18.535,108685.71,0.00012,28.833944954127855,BINANCE
2025-09-01 07:33:18.535,108685.16,5e-05,28.88440366972445,BINANCE
2025-09-01 07:33:18.535,108685.38,5e-05,28.86422018348581,BINANCE
2025-09-01 07:33:18.535,108685.38,0.00357,28.86422018348581,BINANCE
2025-09-01 07:33:18.535,108685.29,0.00275,28.87247706422077,BINANCE
2025-09-01 07:33:18.535,108684.89,0.0092,28.90917431192666,BINANCE
2025-09-01 07:33:18.535,108684.89,0.04814,28.90917431192666,BINANCE
2025-09-01 07:33:18.535,108684.89,0.04787,28.90917431192666,BINANCE
2025-09-01 07:33:18.535,108684.89,0.0276,28.90917431192666,BINANCE
2025-09-01 07:33:18.535,108684.89,0.16199,28.90917431192666,BINANCE
2025-09-01 07:33:18.535,108684.89,0.002,28.90917431192666,BINANCE
2025-09-01 07:33:18.535,108684.89,0.00085,28.90917431192666,BINANCE
2025-09-01 07:33:18.535,108684.89,0.02555,28.90917431192666,BINANCE
2025-09-01 07:33:18.535,108684.89,0.012,28.90917431192666,BINANCE
2025-09-01 07:33:18.535,108684.89,0.02762,28.90917431192666,BINANCE
2025-09-01 07:33:18.535,108684.89,0.00011,28.90917431192666,BINANCE
2025-09-01 07:33:18.535,108684.89,0.00013,28.90917431192666,BINANCE
2025-09-01 07:33:18.535,108684.89,0.04634,28.90917431192666,BINANCE
2025-09-01 07:33:18.535,108684.89,0.04604,28.90917431192666,BINANCE
2025-09-01 07:33:18.536,108689.32,0.00538,28.50275229357734,BINANCE
2025-09-01 07:33:18.536,108689.32,5e-05,28.50275229357734,BINANCE
2025-09-01 07:33:18.536,108689.19,5e-05,28.514678899082355,BINANCE
2025-09-01 07:33:18.536,108689.09,5e-05,28.523853211009495,BINANCE
2025-09-01 07:33:18.536,108689.09,0.00028,28.523853211009495,BINANCE
2025-09-01 07:33:18.536,108689.01,0.00321,28.53119266055094,BINANCE
2025-09-01 07:33:18.536,108688.93,5e-05,28.538532110092383,BINANCE
2025-09-01 07:33:18.536,108688.93,0.0415,28.538532110092383,BINANCE
2025-09-01 07:33:18.536,108688.92,5e-05,28.539449541284565,BINANCE
2025-09-01 07:33:18.536,108689.63,0.01823,28.47431192660508,BINANCE
2025-09-01 07:33:18.536,108689.63,5e-05,28.47431192660508,BINANCE
2025-09-01 07:33:18.536,108690.49,0.03377,28.39541284403622,BINANCE
2025-09-01 07:33:18.536,108690.48,5e-05,28.396330275229733,BINANCE
2025-09-01 07:33:18.536,108690.06,8e-05,28.434862385321317,BINANCE
2025-09-01 07:33:18.536,108690.06,7e-05,28.434862385321317,BINANCE
2025-09-01 07:33:18.536,108690.06,0.00018,28.434862385321317,BINANCE
2025-09-01 07:33:18.536,108690.0,5e-05,28.440366972477065,BINANCE
2025-09-01 07:33:18.536,108689.97,5e-05,28.443119266054936,BINANCE
2025-09-01 07:33:18.536,108689.65,6e-05,28.472477064220715,BINANCE
2025-09-01 07:33:18.536,108689.65,5e-05,28.472477064220715,BINANCE
2025-09-01 07:33:18.536,108690.05,7e-05,28.435779816513495,BINANCE
2025-09-01 07:33:18.536,108687.74,0.00015,28.64770642201787,BINANCE
2025-09-01 07:33:18.536,108688.88,0.0011,28.54311926605462,BINANCE
2025-09-01 07:33:18.536,108687.83,5e-05,28.639449541284243,BINANCE
2025-09-01 07:33:18.536,108687.54,5e-05,28.66605504587215,BINANCE
2025-09-01 07:33:18.536,108687.5,5e-05,28.669724770642205,BINANCE
2025-09-01 07:33:18.536,108687.44,0.00142,28.675229357797953,BINANCE
2025-09-01 07:33:18.536,108687.26,6e-05,28.691743119266537,BINANCE
2025-09-01 07:33:18.536,108687.13,5e-05,28.70366972477021,BINANCE
2025-09-01 07:33:18.536,108687.06,5e-05,28.71009174311948,BINANCE
2025-09-01 07:33:18.536,108687.04,0.00066,28.711926605505173,BINANCE
2025-09-01 07:33:18.536,108686.9,5e-05,28.72477064220237,BINANCE
2025-09-01 07:33:18.536,108686.76,0.00019,28.73761467889956,BINANCE
2025-09-01 07:33:18.536,108686.49,5e-05,28.762385321100435,BINANCE
2025-09-01 07:33:18.536,108687.84,5e-05,28.63853211009206,BINANCE
2025-09-01 07:33:18.536,108687.88,5e-05,28.634862385320677,BINANCE
2025-09-01 07:33:18.536,108688.88,0.00128,28.54311926605462,BINANCE
2025-09-01 07:33:18.536,108688.87,5e-05,28.544036697248135,BINANCE
2025-09-01 07:33:18.536,108688.64,5e-05,28.565137614678953,BINANCE
2025-09-01 07:33:18.536,108688.52,5e-05,28.576146788990453,BINANCE
2025-09-01 07:33:18.536,108688.69,5e-05,28.560550458715383,BINANCE
2025-09-01 07:33:18.536,108688.0,5e-05,28.623853211009173,BINANCE
2025-09-01 07:33:18.536,108688.0,0.00015,28.623853211009173,BINANCE
2025-09-01 07:33:18.536,108688.0,0.002,28.623853211009173,BINANCE
2025-09-01 07:33:18.536,108688.0,0.0004,28.623853211009173,BINANCE
2025-09-01 07:33:18.539,108690.49,0.0014,28.39541284403622,BINANCE
2025-09-01 07:33:18.540,108690.49,0.0102,28.39541284403622,BINANCE
2025-09-01 07:33:18.542,108690.48,0.0013,28.396330275229733,BINANCE
2025-09-01 07:33:18.543,108690.5,5e-05,28.394495412844037,BINANCE
2025-09-01 07:33:18.543,108690.49,5e-05,28.39541284403622,BINANCE
2025-09-01 07:33:18.543,108690.49,0.00257,28.39541284403622,BINANCE
2025-09-01 07:33:18.543,108690.49,0.00126,28.39541284403622,BINANCE
2025-09-01 07:33:18.944,108691.61,5e-05,28.292660550458663,BINANCE
2025-09-01 07:33:18.944,108691.61,0.00022,28.292660550458663,BINANCE
2025-09-01 07:33:18.944,108691.55,5e-05,28.29816513761441,BINANCE
2025-09-01 07:33:18.944,108691.37,5e-05,28.314678899082995,BINANCE
2025-09-01 07:33:18.944,108691.55,0.00012,28.29816513761441,BINANCE
2025-09-01 07:33:18.944,108691.8,0.002,28.275229357797897,BINANCE
2025-09-01 07:33:18.944,108690.74,5e-05,28.3724770642197,BINANCE
2025-09-01 07:33:18.944,108691.8,5e-05,28.275229357797897,BINANCE
2025-09-01 07:33:18.944,108692.0,0.0004,28.256880733944957,BINANCE
2025-09-01 07:33:18.944,108692.0,0.002,28.256880733944957,BINANCE
2025-09-01 07:33:18.944,108692.0,0.00015,28.256880733944957,BINANCE
2025-09-01 07:33:18.944,108692.14,0.00175,28.24403669724776,BINANCE
2025-09-01 07:33:18.944,108692.2,7e-05,28.23853211009201,BINANCE
2025-09-01 07:33:18.944,108692.2,0.00057,28.23853211009201,BINANCE
2025-09-01 07:33:18.944,108692.3,5e-05,28.22935779816487,BINANCE
2025-09-01 07:33:18.944,108692.3,7e-05,28.22935779816487,BINANCE
2025-09-01 07:33:18.944,108692.31,5e-05,28.22844036697269,BINANCE
2025-09-01 07:33:18.944,108690.73,5e-05,28.373394495413216,BINANCE
2025-09-01 07:33:18.944,108690.73,0.00926,28.373394495413216,BINANCE
2025-09-01 07:33:18.944,108690.73,0.00114,28.373394495413216,BINANCE
2025-09-01 07:33:18.944,108690.73,0.01109,28.373394495413216,BINANCE
2025-09-01 07:33:18.944,108690.73,0.05556,28.373394495413216,BINANCE
2025-09-01 07:33:18.944,108690.73,0.01839,28.373394495413216,BINANCE
2025-09-01 07:33:18.944,108690.73,0.00034,28.373394495413216,BINANCE
2025-09-01 07:33:18.944,108690.73,6e-05,28.373394495413216,BINANCE
2025-09-01 07:33:18.948,108693.0,7e-05,28.165137614678898,BINANCE
2025-09-01 07:33:18.948,108692.81,0.00053,28.18256880733966,BINANCE
2025-09-01 07:33:18.948,108692.81,0.00028,28.18256880733966,BINANCE
2025-09-01 07:33:18.948,108693.33,7e-05,28.134862385320943,BINANCE
2025-09-01 07:33:18.948,108692.68,5e-05,28.194495412844677,BINANCE
2025-09-01 07:33:18.948,108692.68,6e-05,28.194495412844677,BINANCE
2025-09-01 07:33:18.948,108692.69,5e-05,28.193577981651163,BINANCE
2025-09-01 07:33:18.958,108696.72,0.00018,27.82385321100907,BINANCE
2025-09-01 07:33:18.958,108696.7,0.00011,27.825688073394762,BINANCE
2025-09-01 07:33:18.958,108696.54,0.00027,27.840366972477653,BINANCE
2025-09-01 07:33:18.958,108696.28,0.00011,27.864220183486346,BINANCE
2025-09-01 07:33:18.958,108696.08,0.02761,27.882568807339286,BINANCE
2025-09-01 07:33:18.958,108696.0,5e-05,27.889908256880734,BINANCE
2025-09-01 07:33:18.958,108696.0,0.00015,27.889908256880734,BINANCE
2025-09-01 07:33:18.958,108696.0,0.0004,27.889908256880734,BINANCE
2025-09-01 07:33:18.958,108695.9,0.00067,27.899082568807874,BINANCE
2025-09-01 07:33:18.958,108695.75,0.00018,27.912844036697248,BINANCE
2025-09-01 07:33:18.958,108695.65,5e-05,27.922018348624384,BINANCE
2025-09-01 07:33:18.958,108696.89,6e-05,27.808256880733996,BINANCE
2025-09-01 07:33:18.958,108696.0,0.002,27.889908256880734,BINANCE
2025-09-01 07:33:18.958,108696.93,5e-05,27.80458715596394,BINANCE
2025-09-01 07:33:18.958,108698.49,5e-05,27.66146788990778,BINANCE
2025-09-01 07:33:18.958,108695.65,0.0001,27.922018348624384,BINANCE
2025-09-01 07:33:18.958,108698.5,0.02336,27.660550458715594,BINANCE
2025-09-01 07:33:18.958,108698.48,5e-05,27.662385321101294,BINANCE
2025-09-01 07:33:18.958,108698.24,0.00014,27.68440366972429,BINANCE
2025-09-01 07:33:18.958,108697.92,0.00014,27.71376146789007,BINANCE
2025-09-01 07:33:18.958,108697.79,0.00151,27.72568807339508,BINANCE
2025-09-01 07:33:18.958,108697.72,5e-05,27.732110091743014,BINANCE
2025-09-01 07:33:18.958,108697.64,0.00014,27.739449541284454,BINANCE
2025-09-01 07:33:18.958,108697.62,0.00027,27.741284403670154,BINANCE
2025-09-01 07:33:18.958,108697.37,7e-05,27.764220183486664,BINANCE
2025-09-01 07:33:18.958,108697.17,0.00017,27.782568807339608,BINANCE
2025-09-01 07:33:18.958,108698.1,6e-05,27.697247706421486,BINANCE
2025-09-01 07:33:18.958,108695.65,0.00037,27.922018348624384,BINANCE
2025-09-01 07:33:18.958,108695.65,0.0007,27.922018348624384,BINANCE
2025-09-01 07:33:18.958,108693.79,0.00062,28.092660550459303,BINANCE
2025-09-01 07:33:18.958,108693.64,5e-05,28.106422018348677,BINANCE
2025-09-01 07:33:18.958,108693.63,5e-05,28.107339449540856,BINANCE
2025-09-01 07:33:18.958,108693.81,5e-05,28.090825688073608,BINANCE
2025-09-01 07:33:18.958,108693.63,7e-05,28.107339449540856,BINANCE
2025-09-01 07:33:18.958,108693.63,0.00031,28.107339449540856,BINANCE
2025-09-01 07:33:18.958,108693.85,0.0002,28.08715596330222,BINANCE
2025-09-01 07:33:18.958,108695.65,7e-05,27.922018348624384,BINANCE
2025-09-01 07:33:18.958,108695.46,5e-05,27.939449541283818,BINANCE
2025-09-01 07:33:18.958,108693.84,7e-05,28.088073394495733,BINANCE
2025-09-01 07:33:18.958,108695.41,5e-05,27.944036697247387,BINANCE
2025-09-01 07:33:18.958,108695.22,7e-05,27.961467889908153,BINANCE
2025-09-01 07:33:18.958,108695.22,0.00088,27.961467889908153,BINANCE
2025-09-01 07:33:18.958,108695.12,6e-05,27.97064220183529,BINANCE
2025-09-01 07:33:18.958,108695.09,9e-05,27.973394495413164,BINANCE
2025-09-01 07:33:18.958,108695.46,7e-05,27.939449541283818,BINANCE
2025-09-01 07:33:18.958,108694.95,0.0001,27.986238532110356,BINANCE
2025-09-01 07:33:18.958,108694.0,0.00046,28.073394495412842,BINANCE
2025-09-01 07:33:18.967,108698.5,0.012,27.660550458715594,BINANCE
2025-09-01 07:33:18.968,108698.5,0.012,27.660550458715594,BINANCE
2025-09-01 07:33:18.969,108698.5,0.019,27.660550458715594,BINANCE
2025-09-01 07:33:18.986,108698.5,0.012,27.660550458715594,BINANCE
2025-09-01 07:33:18.993,108698.5,0.00021,27.660550458715594,BINANCE
2025-09-01 07:33:19.462,108698.5,0.00142,27.660550458715594,BINANCE
2025-09-01 07:33:19.649,108698.5,0.012,27.660550458715594,BINANCE
2025-09-01 07:33:19.650,108698.5,0.012,27.660550458715594,BINANCE
2025-09-01 07:33:19.650,108698.5,0.008,27.660550458715594,BINANCE
2025-09-01 07:33:19.651,108698.5,0.012,27.660550458715594,BINANCE
2025-09-01 07:33:19.657,108698.5,0.012,27.660550458715594,BINANCE
2025-09-01 07:33:19.658,108698.49,0.00017,27.66146788990778,BINANCE
2025-09-01 07:33:19.693,108698.5,0.01197,27.660550458715594,BINANCE
2025-09-01 07:33:19.693,108698.5,3e-05,27.660550458715594,BINANCE
2025-09-01 07:33:19.694,108698.5,0.012,27.660550458715594,BINANCE
2025-09-01 07:33:19.712,108698.49,0.00013,27.66146788990778,BINANCE
2025-09-01 07:33:19.793,108698.5,0.012,27.660550458715594,BINANCE
2025-09-01 07:33:20.083,108698.5,8e-05,27.660550458715594,BINANCE
2025-09-01 07:33:20.537,108698.5,0.012,27.660550458715594,BINANCE
2025-09-01 07:33:20.538,108698.5,0.012,27.660550458715594,BINANCE
2025-09-01 07:33:21.684,108698.5,0.04984,27.660550458715594,BINANCE
2025-09-01 07:33:21.832,108698.5,0.3433,27.660550458715594,BINANCE
2025-09-01 07:33:21.832,108698.5,0.002,27.660550458715594,BINANCE
2025-09-01 07:33:21.832,108698.5,0.0003,27.660550458715594,BINANCE
2025-09-01 07:33:21.832,108698.5,5e-05,27.660550458715594,BINANCE
2025-09-01 07:33:21.832,108698.5,0.046,27.660550458715594,BINANCE
2025-09-01 07:33:21.832,108698.5,0.04606,27.660550458715594,BINANCE
2025-09-01 07:33:21.832,108698.5,0.1201,27.660550458715594,BINANCE
2025-09-01 07:33:21.832,108698.5,0.0132,27.660550458715594,BINANCE
2025-09-01 07:33:21.832,108698.5,0.05606,27.660550458715594,BINANCE
2025-09-01 07:33:21.832,108698.5,0.57937,27.660550458715594,BINANCE
2025-09-01 07:33:21.832,108698.5,0.20861,27.660550458715594,BINANCE
2025-09-01 07:33:21.832,108698.5,0.855,27.660550458715594,BINANCE
2025-09-01 07:33:21.832,108698.5,0.13831,27.660550458715594,BINANCE
2025-09-01 07:33:21.832,108698.5,0.5062,27.660550458715594,BINANCE
2025-09-01 07:33:21.832,108698.5,0.1283,27.660550458715594,BINANCE
2025-09-01 07:33:21.832,108698.5,0.06885,27.660550458715594,BINANCE
2025-09-01 07:33:21.832,108698.5,1.15364,27.660550458715594,BINANCE
2025-09-01 07:33:21.832,108698.5,0.3596,27.660550458715594,BINANCE
2025-09-01 07:33:21.832,108698.5,0.0017,27.660550458715594,BINANCE
2025-09-01 07:33:21.832,108698.5,0.07769,27.660550458715594,BINANCE
2025-09-01 07:33:21.832,108698.5,0.09364,27.660550458715594,BINANCE
2025-09-01 07:33:21.832,108698.5,0.09994,27.660550458715594,BINANCE
2025-09-01 07:33:21.832,108698.5,0.00014,27.660550458715594,BINANCE
2025-09-01 07:33:21.832,108698.5,0.0092,27.660550458715594,BINANCE
2025-09-01 07:33:21.832,108698.5,0.04599,27.660550458715594,BINANCE
2025-09-01 07:33:22.198,108698.49,0.00448,27.66146788990778,BINANCE
2025-09-01 07:33:22.684,108698.49,0.00731,27.66146788990778,BINANCE
2025-09-01 07:33:22.718,108698.5,0.0007,27.660550458715594,BINANCE
2025-09-01 07:33:22.718,108698.5,5e-05,27.660550458715594,BINANCE
2025-09-01 07:33:22.718,108698.5,0.00541,27.660550458715594,BINANCE
2025-09-01 07:33:22.718,108698.5,0.01107,27.660550458715594,BINANCE
2025-09-01 07:33:22.718,108698.5,0.04612,27.660550458715594,BINANCE
2025-09-01 07:33:22.718,108698.5,0.00069,27.660550458715594,BINANCE
2025-09-01 07:33:22.960,108698.5,0.012,27.660550458715594,BINANCE
2025-09-01 07:33:22.961,108698.5,0.012,27.660550458715594,BINANCE
2025-09-01 07:33:23.034,108698.49,0.00059,27.66146788990778,BINANCE
2025-09-01 07:33:23.049,108698.5,0.00062,27.660550458715594,BINANCE
2025-09-01 07:33:23.063,108698.49,0.00024,27.66146788990778,BINANCE
2025-09-01 07:33:23.253,108698.5,0.0001,27.660550458715594,BINANCE
2025-09-01 07:33:23.262,108698.49,0.00237,27.66146788990778,BINANCE
2025-09-01 07:33:23.266,108698.5,0.0001,27.660550458715594,BINANCE
2025-09-01 07:33:23.556,108698.5,0.0001,27.660550458715594,BINANCE
2025-09-01 07:33:23.585,108698.5,0.00038,27.660550458715594,BINANCE
2025-09-01 07:33:23.585,108698.5,0.00062,27.660550458715594,BINANCE
2025-09-01 07:33:24.137,108698.5,5e-05,27.660550458715594,BINANCE
2025-09-01 07:33:24.137,108698.5,0.05188,27.660550458715594,BINANCE
2025-09-01 07:33:24.137,108698.5,0.0205,27.660550458715594,BINANCE
2025-09-01 07:33:24.143,108698.5,0.00877,27.660550458715594,BINANCE
2025-09-01 07:33:24.144,108698.5,0.012,27.660550458715594,BINANCE
2025-09-01 07:33:24.144,108698.5,0.01032,27.660550458715594,BINANCE
2025-09-01 07:33:24.144,108698.5,0.00168,27.660550458715594,BINANCE
2025-09-01 07:33:24.145,108698.5,0.012,27.660550458715594,BINANCE
2025-09-01 07:33:24.147,108698.49,0.00101,27.66146788990778,BINANCE
2025-09-01 07:33:24.157,108698.5,5e-05,27.660550458715594,BINANCE
2025-09-01 07:33:24.157,108698.5,0.0001,27.660550458715594,BINANCE
2025-09-01 07:33:24.157,108698.5,0.0092,27.660550458715594,BINANCE
2025-09-01 07:33:24.253,108698.51,5e-05,27.659633027523416,BINANCE
2025-09-01 07:33:24.263,108698.51,5e-05,27.659633027523416,BINANCE
2025-09-01 07:33:24.263,108698.51,0.00204,27.659633027523416,BINANCE
2025-09-01 07:33:24.272,108698.57,5e-05,27.654128440366332,BINANCE
2025-09-01 07:33:24.272,108698.52,5e-05,27.658715596329902,BINANCE
2025-09-01 07:33:24.272,108699.0,5e-05,27.61467889908257,BINANCE
2025-09-01 07:33:24.272,108699.0,0.00999,27.61467889908257,BINANCE
2025-09-01 07:33:24.272,108699.66,0.00085,27.554128440366654,BINANCE
2025-09-01 07:33:24.272,108699.91,9e-05,27.53119266055014,BINANCE
2025-09-01 07:33:24.272,108699.99,0.0001,27.523853211008696,BINANCE
2025-09-01 07:33:24.272,108699.99,5e-05,27.523853211008696,BINANCE
2025-09-01 07:33:24.272,108698.51,5e-05,27.659633027523416,BINANCE
2025-09-01 07:33:24.272,108698.51,0.0001,27.659633027523416,BINANCE
2025-09-01 07:33:24.272,108698.52,6e-05,27.658715596329902,BINANCE
2025-09-01 07:33:24.272,108698.52,0.0001,27.658715596329902,BINANCE
2025-09-01 07:33:24.277,108700.0,6e-05,27.522935779816514,BINANCE
2025-09-01 07:33:24.376,108700.0,0.00036,27.522935779816514,BINANCE
2025-09-01 07:33:24.529,108700.0,0.00155,27.522935779816514,BINANCE
2025-09-01 07:33:24.529,108700.0,0.00044,27.522935779816514,BINANCE
2025-09-01 07:33:24.529,108700.0,0.0011,27.522935779816514,BINANCE
2025-09-01 07:33:24.529,108700.0,0.0002,27.522935779816514,BINANCE
2025-09-01 07:33:24.529,108700.0,8e-05,27.522935779816514,BINANCE
2025-09-01 07:33:24.529,108700.0,5e-05,27.522935779816514,BINANCE
2025-09-01 07:33:24.529,108700.0,0.0005,27.522935779816514,BINANCE
2025-09-01 07:33:24.529,108700.0,0.012,27.522935779816514,BINANCE
2025-09-01 07:33:24.529,108700.0,0.00034,27.522935779816514,BINANCE
2025-09-01 07:33:24.529,108700.0,0.00092,27.522935779816514,BINANCE
2025-09-01 07:33:24.529,108700.0,7e-05,27.522935779816514,BINANCE
2025-09-01 07:33:24.529,108700.0,0.00036,27.522935779816514,BINANCE
2025-09-01 07:33:24.529,108700.0,0.00102,27.522935779816514,BINANCE
2025-09-01 07:33:24.529,108700.0,0.00014,27.522935779816514,BINANCE
2025-09-01 07:33:24.529,108700.0,0.00255,27.522935779816514,BINANCE
2025-09-01 07:33:24.529,108700.0,0.00032,27.522935779816514,BINANCE
2025-09-01 07:33:24.529,108700.0,0.00021,27.522935779816514,BINANCE
2025-09-01 07:33:24.529,108700.0,0.00126,27.522935779816514,BINANCE
2025-09-01 07:33:24.529,108700.0,0.00049,27.522935779816514,BINANCE
2025-09-01 07:33:24.529,108700.0,0.00012,27.522935779816514,BINANCE
2025-09-01 07:33:24.530,108700.0,0.00103,27.522935779816514,BINANCE
2025-09-01 07:33:24.530,108700.0,9e-05,27.522935779816514,BINANCE
2025-09-01 07:33:24.530,108700.0,0.01088,27.522935779816514,BINANCE
2025-09-01 07:33:24.531,108700.0,0.012,27.522935779816514,BINANCE
2025-09-01 07:33:24.541,108700.0,5e-05,27.522935779816514,BINANCE
2025-09-01 07:33:24.541,108700.0,0.10667,27.522935779816514,BINANCE
2025-09-01 07:33:24.541,108700.01,5e-05,27.522018348624332,BINANCE
2025-09-01 07:33:24.541,108700.3,5e-05,27.49541284403643,BINANCE
2025-09-01 07:33:24.541,108700.38,5e-05,27.488073394494986,BINANCE
2025-09-01 07:33:24.541,108700.0,0.04151,27.522935779816514,BINANCE
2025-09-01 07:33:24.541,108700.0,0.0004,27.522935779816514,BINANCE
2025-09-01 07:33:24.541,108700.0,0.002,27.522935779816514,BINANCE
2025-09-01 07:33:24.541,108700.0,0.00015,27.522935779816514,BINANCE
2025-09-01 07:33:24.541,108700.0,0.0279,27.522935779816514,BINANCE
2025-09-01 07:33:24.541,108700.0,0.01214,27.522935779816514,BINANCE
2025-09-01 07:33:24.541,108700.0,0.00626,27.522935779816514,BINANCE
2025-09-01 07:33:24.541,108700.0,0.046,27.522935779816514,BINANCE
2025-09-01 07:33:24.541,108700.0,0.00041,27.522935779816514,BINANCE
2025-09-01 07:33:24.541,108700.0,0.00368,27.522935779816514,BINANCE
2025-09-01 07:33:24.542,108701.0,0.005,27.43119266055046,BINANCE
2025-09-01 07:33:24.542,108700.97,7e-05,27.433944954128332,BINANCE
2025-09-01 07:33:24.542,108700.92,5e-05,27.438532110091902,BINANCE
2025-09-01 07:33:24.542,108700.71,0.00091,27.457798165137028,BINANCE
2025-09-01 07:33:24.542,108700.68,0.00016,27.460550458716238,BINANCE
2025-09-01 07:33:24.543,108703.13,5e-05,27.235779816513336,BINANCE
2025-09-01 07:33:24.543,108702.61,0.00057,27.28348623853206,BINANCE
2025-09-01 07:33:24.543,108702.3,6e-05,27.31192660550432,BINANCE
2025-09-01 07:33:24.543,108703.01,5e-05,27.24678899082617,BINANCE
2025-09-01 07:33:24.543,108701.83,6e-05,27.355045871559472,BINANCE
2025-09-01 07:33:24.543,108701.14,5e-05,27.418348623853266,BINANCE
2025-09-01 07:33:24.543,108702.16,9e-05,27.324770642201514,BINANCE
2025-09-01 07:33:24.546,108703.25,5e-05,27.224770642201836,BINANCE
2025-09-01 07:33:24.546,108703.33,5e-05,27.21743119266039,BINANCE
2025-09-01 07:33:24.546,108703.3,0.0001,27.220183486238266,BINANCE
2025-09-01 07:33:24.546,108703.26,5e-05,27.223853211009654,BINANCE
2025-09-01 07:33:24.546,108703.25,0.0001,27.224770642201836,BINANCE
2025-09-01 07:33:24.546,108703.25,0.00414,27.224770642201836,BINANCE
2025-09-01 07:33:24.549,108703.33,0.0013,27.21743119266039,BINANCE
2025-09-01 07:33:24.551,108705.98,5e-05,26.97431192660588,BINANCE
2025-09-01 07:33:24.551,108706.13,5e-05,26.96055045871517,BINANCE
2025-09-01 07:33:24.551,108706.14,7e-05,26.95963302752299,BINANCE
2025-09-01 07:33:24.551,108706.67,5e-05,26.91100917431209,BINANCE
2025-09-01 07:33:24.551,108706.39,8e-05,26.936697247706476,BINANCE
2025-09-01 07:33:24.551,108706.62,7e-05,26.91559633027566,BINANCE
2025-09-01 07:33:24.551,108705.88,0.00117,26.983486238531686,BINANCE
2025-09-01 07:33:24.551,108706.35,5e-05,26.940366972476532,BINANCE
2025-09-01 07:33:24.551,108705.88,0.00075,26.983486238531686,BINANCE
2025-09-01 07:33:24.551,108705.04,5e-05,27.060550458716182,BINANCE
2025-09-01 07:33:24.551,108705.88,0.00012,26.983486238531686,BINANCE
2025-09-01 07:33:24.551,108705.88,5e-05,26.983486238531686,BINANCE
2025-09-01 07:33:24.551,108705.81,0.0001,26.98990825688095,BINANCE
2025-09-01 07:33:24.551,108705.42,8e-05,27.025688073394655,BINANCE
2025-09-01 07:33:24.551,108705.42,7e-05,27.025688073394655,BINANCE
2025-09-01 07:33:24.551,108705.34,0.00014,27.033027522936102,BINANCE
2025-09-01 07:33:24.551,108705.17,0.00051,27.04862385321117,BINANCE
2025-09-01 07:33:24.551,108705.17,0.0001,27.04862385321117,BINANCE
2025-09-01 07:33:24.551,108705.06,0.00013,27.05871559633049,BINANCE
2025-09-01 07:33:24.551,108705.04,0.04083,27.060550458716182,BINANCE
2025-09-01 07:33:24.551,108706.68,5e-05,26.910091743119906,BINANCE
2025-09-01 07:33:24.551,108705.03,5e-05,27.06146788990836,BINANCE
2025-09-01 07:33:24.551,108705.88,7e-05,26.983486238531686,BINANCE
2025-09-01 07:33:24.551,108706.79,5e-05,26.90000000000059,BINANCE
2025-09-01 07:33:24.551,108707.03,5e-05,26.877981651376253,BINANCE
2025-09-01 07:33:24.551,108707.71,5e-05,26.81559633027464,BINANCE
2025-09-01 07:33:24.551,108707.71,0.04242,26.81559633027464,BINANCE
2025-09-01 07:33:24.551,108707.71,9e-05,26.81559633027464,BINANCE
2025-09-01 07:33:24.551,108707.7,5e-05,26.81651376146816,BINANCE
2025-09-01 07:33:24.551,108707.69,5e-05,26.817431192660337,BINANCE
2025-09-01 07:33:24.551,108707.57,7e-05,26.828440366971837,BINANCE
2025-09-01 07:33:24.551,108707.36,5e-05,26.847706422018295,BINANCE
2025-09-01 07:33:24.551,108707.21,5e-05,26.86146788990767,BINANCE
2025-09-01 07:33:24.551,108707.07,0.00013,26.87431192660486,BINANCE
2025-09-01 07:33:24.551,108707.04,5e-05,26.877064220184074,BINANCE
2025-09-01 07:33:24.551,108707.0,0.00013,26.88073394495413,BINANCE
2025-09-01 07:33:24.551,108706.92,5e-05,26.88807339449557,BINANCE
2025-09-01 07:33:24.551,108706.92,0.003,26.88807339449557,BINANCE
2025-09-01 07:33:24.551,108705.0,5e-05,27.06422018348624,BINANCE
2025-09-01 07:33:24.551,108703.45,0.00016,27.206422018348892,BINANCE
2025-09-01 07:33:24.551,108703.35,5e-05,27.215596330274696,BINANCE
2025-09-01 07:33:24.551,108703.34,5e-05,27.21651376146821,BINANCE
2025-09-01 07:33:24.551,108703.45,5e-05,27.206422018348892,BINANCE
2025-09-01 07:33:24.551,108703.34,0.02652,27.21651376146821,BINANCE
2025-09-01 07:33:24.551,108703.34,0.0001,27.21651376146821,BINANCE
2025-09-01 07:33:24.551,108705.0,0.001,27.06422018348624,BINANCE
2025-09-01 07:33:24.551,108705.0,0.00012,27.06422018348624,BINANCE
2025-09-01 07:33:24.551,108705.0,7e-05,27.06422018348624,BINANCE
2025-09-01 07:33:24.551,108704.0,0.00015,27.155963302752294,BINANCE
2025-09-01 07:33:24.551,108704.0,0.002,27.155963302752294,BINANCE
2025-09-01 07:33:24.551,108704.0,0.0004,27.155963302752294,BINANCE
2025-09-01 07:33:24.551,108703.95,0.04175,27.160550458715864,BINANCE
2025-09-01 07:33:24.551,108703.81,7e-05,27.173394495413056,BINANCE
2025-09-01 07:33:24.551,108705.0,6e-05,27.06422018348624,BINANCE
2025-09-01 07:33:24.551,108703.67,5e-05,27.186238532110252,BINANCE
2025-09-01 07:33:24.551,108703.7,0.0002,27.183486238532375,BINANCE
2025-09-01 07:33:24.551,108703.52,6e-05,27.199999999999626,BINANCE
2025-09-01 07:33:24.551,108703.52,5e-05,27.199999999999626,BINANCE
2025-09-01 07:33:24.565,108707.72,5e-05,26.814678899082462,BINANCE
2025-09-01 07:33:24.565,108707.72,0.01704,26.814678899082462,BINANCE
2025-09-01 07:33:24.565,108707.72,0.002,26.814678899082462,BINANCE
2025-09-01 07:33:24.565,108707.72,0.00041,26.814678899082462,BINANCE
2025-09-01 07:33:24.571,108707.72,0.02983,26.814678899082462,BINANCE
2025-09-01 07:33:24.621,108707.72,0.00146,26.814678899082462,BINANCE
2025-09-01 07:33:24.621,108707.72,0.00654,26.814678899082462,BINANCE
2025-09-01 07:33:24.621,108707.72,0.02277,26.814678899082462,BINANCE
2025-09-01 07:33:24.621,108707.72,5e-05,26.814678899082462,BINANCE
2025-09-01 07:33:24.621,108707.72,0.07323,26.814678899082462,BINANCE
2025-09-01 07:33:24.622,108707.72,0.01909,26.814678899082462,BINANCE
2025-09-01 07:33:24.622,108707.72,0.03081,26.814678899082462,BINANCE
2025-09-01 07:33:24.623,108709.12,0.00056,26.68623853211052,BINANCE
2025-09-01 07:33:24.623,108709.67,0.00111,26.63577981651392,BINANCE
2025-09-01 07:33:24.623,108709.56,0.0048,26.645871559633242,BINANCE
2025-09-01 07:33:24.623,108709.37,5e-05,26.663302752294005,BINANCE
2025-09-01 07:33:24.623,108709.3,0.00049,26.669724770641935,BINANCE
2025-09-01 07:33:24.623,108708.94,6e-05,26.70275229357777,BINANCE
2025-09-01 07:33:24.623,108708.94,5e-05,26.70275229357777,BINANCE
2025-09-01 07:33:24.623,108709.67,0.00117,26.63577981651392,BINANCE
2025-09-01 07:33:24.623,108708.56,5e-05,26.7376146788993,BINANCE
2025-09-01 07:33:24.623,108708.54,5e-05,26.73944954128499,BINANCE
2025-09-01 07:33:24.623,108708.42,5e-05,26.75045871559649,BINANCE
2025-09-01 07:33:24.623,108709.09,0.00098,26.688990825688396,BINANCE
2025-09-01 07:33:24.623,108709.67,0.00122,26.63577981651392,BINANCE
2025-09-01 07:33:24.623,108708.42,7e-05,26.75045871559649,BINANCE
2025-09-01 07:33:24.623,108709.67,5e-05,26.63577981651392,BINANCE
2025-09-01 07:33:24.623,108710.11,8e-05,26.595412844036645,BINANCE
2025-09-01 07:33:24.623,108710.11,0.00063,26.595412844036645,BINANCE
2025-09-01 07:33:24.623,108710.12,0.00012,26.594495412844463,BINANCE
2025-09-01 07:33:24.623,108710.46,5e-05,26.56330275229299,BINANCE
2025-09-01 07:33:24.623,108710.48,0.00014,26.56146788990863,BINANCE
2025-09-01 07:33:24.623,108708.15,5e-05,26.775229357798697,BINANCE
2025-09-01 07:33:24.623,108708.13,5e-05,26.77706422018306,BINANCE
2025-09-01 07:33:24.623,108707.73,5e-05,26.81376146789028,BINANCE
2025-09-01 07:33:24.623,108707.72,5e-05,26.814678899082462,BINANCE
2025-09-01 07:33:24.623,108708.15,0.0001,26.775229357798697,BINANCE
2025-09-01 07:33:24.623,108707.72,0.0007,26.814678899082462,BINANCE
2025-09-01 07:33:24.623,108707.72,0.04599,26.814678899082462,BINANCE
2025-09-01 07:33:24.623,108707.72,0.00201,26.814678899082462,BINANCE
2025-09-01 07:33:24.623,108707.72,0.0092,26.814678899082462,BINANCE
2025-09-01 07:33:24.623,108708.13,0.0001,26.77706422018306,BINANCE
2025-09-01 07:33:24.623,108708.12,5e-05,26.777981651376574,BINANCE
2025-09-01 07:33:24.623,108708.0,5e-05,26.788990825688074,BINANCE
2025-09-01 07:33:24.623,108708.0,0.00015,26.788990825688074,BINANCE
2025-09-01 07:33:24.623,108708.0,0.002,26.788990825688074,BINANCE
2025-09-01 07:33:24.623,108708.0,0.0004,26.788990825688074,BINANCE
2025-09-01 07:33:24.626,108710.61,0.00027,26.549541284403617,BINANCE
2025-09-01 07:33:24.626,108710.78,5e-05,26.533944954128547,BINANCE
2025-09-01 07:33:24.626,108710.84,5e-05,26.5284403669728,BINANCE
2025-09-01 07:33:24.626,108711.0,0.00079,26.513761467889907,BINANCE
2025-09-01 07:33:24.630,108712.99,5e-05,26.331192660549977,BINANCE
2025-09-01 07:33:24.630,108713.04,5e-05,26.326605504587743,BINANCE
2025-09-01 07:33:24.630,108712.89,7e-05,26.340366972477117,BINANCE
2025-09-01 07:33:24.630,108713.07,0.00018,26.323853211008533,BINANCE
2025-09-01 07:33:24.630,108712.5,6e-05,26.376146788990827,BINANCE
2025-09-01 07:33:24.630,108712.5,5e-05,26.376146788990827,BINANCE
2025-09-01 07:33:24.630,108712.5,0.00021,26.376146788990827,BINANCE
2025-09-01 07:33:24.630,108712.75,0.00022,26.35321100917431,BINANCE
2025-09-01 07:33:24.630,108713.35,8e-05,26.298165137614145,BINANCE
2025-09-01 07:33:24.630,108711.66,0.00015,26.45321100917399,BINANCE
2025-09-01 07:33:24.630,108713.42,5e-05,26.291743119266215,BINANCE
2025-09-01 07:33:24.630,108713.53,0.00435,26.281651376146897,BINANCE
2025-09-01 07:33:24.630,108713.53,5e-05,26.281651376146897,BINANCE
2025-09-01 07:33:24.630,108713.63,6e-05,26.272477064219757,BINANCE
2025-09-01 07:33:24.630,108712.0,0.00015,26.42201834862385,BINANCE
2025-09-01 07:33:24.630,108712.0,0.002,26.42201834862385,BINANCE
2025-09-01 07:33:24.630,108711.03,5e-05,26.511009174312036,BINANCE
2025-09-01 07:33:24.630,108712.0,0.0004,26.42201834862385,BINANCE
2025-09-01 07:33:24.630,108711.03,0.01862,26.511009174312036,BINANCE
2025-09-01 07:33:24.630,108711.04,5e-05,26.51009174311985,BINANCE
2025-09-01 07:33:24.630,108711.06,5e-05,26.50825688073416,BINANCE
2025-09-01 07:33:24.630,108711.11,0.00013,26.50366972477059,BINANCE
2025-09-01 07:33:24.630,108711.75,5e-05,26.44495412844037,BINANCE
2025-09-01 07:33:24.712,108713.81,5e-05,26.25596330275251,BINANCE
2025-09-01 07:33:24.712,108713.81,0.03386,26.25596330275251,BINANCE
2025-09-01 07:33:24.712,108713.81,0.04168,26.25596330275251,BINANCE
2025-09-01 07:33:24.712,108713.81,0.00173,26.25596330275251,BINANCE
2025-09-01 07:33:24.712,108713.81,0.00024,26.25596330275251,BINANCE
2025-09-01 07:33:24.719,108713.81,0.03775,26.25596330275251,BINANCE
2025-09-01 07:33:24.735,108713.95,5e-05,26.243119266055313,BINANCE
2025-09-01 07:33:24.735,108713.9,5e-05,26.247706422018883,BINANCE
2025-09-01 07:33:24.735,108713.9,0.00144,26.247706422018883,BINANCE
2025-09-01 07:33:24.735,108713.9,0.0004,26.247706422018883,BINANCE
2025-09-01 07:33:24.735,108713.96,0.00062,26.2422018348618,BINANCE
2025-09-01 07:33:24.735,108713.82,5e-05,26.25504587155899,BINANCE
2025-09-01 07:33:24.735,108714.28,7e-05,26.212844036697355,BINANCE
2025-09-01 07:33:24.735,108714.28,6e-05,26.212844036697355,BINANCE
2025-09-01 07:33:24.735,108714.28,0.00015,26.212844036697355,BINANCE
2025-09-01 07:33:24.735,108714.36,6e-05,26.205504587155907,BINANCE
2025-09-01 07:33:24.735,108714.48,0.00016,26.19449541284441,BINANCE
2025-09-01 07:33:24.735,108714.89,5e-05,26.156880733945005,BINANCE
2025-09-01 07:33:24.735,108714.9,0.04136,26.155963302752827,BINANCE
2025-09-01 07:33:24.735,108714.9,5e-05,26.155963302752827,BINANCE
2025-09-01 07:33:24.735,108713.81,5e-05,26.25596330275251,BINANCE
2025-09-01 07:33:24.735,108713.81,0.03295,26.25596330275251,BINANCE
2025-09-01 07:33:24.735,108713.81,0.0001,26.25596330275251,BINANCE
2025-09-01 07:33:24.735,108713.82,0.0001,26.25504587155899,BINANCE
2025-09-01 07:33:24.735,108713.81,0.01804,26.25596330275251,BINANCE
2025-09-01 07:33:24.735,108713.81,0.04599,26.25596330275251,BINANCE
2025-09-01 07:33:24.737,108716.21,5e-05,26.035779816513173,BINANCE
2025-09-01 07:33:24.737,108716.53,5e-05,26.006422018348733,BINANCE
2025-09-01 07:33:24.737,108716.15,0.00048,26.04128440367026,BINANCE
2025-09-01 07:33:24.737,108716.07,6e-05,26.048623853210366,BINANCE
2025-09-01 07:33:24.737,108715.91,0.00011,26.063302752293257,BINANCE
2025-09-01 07:33:24.737,108716.0,0.002,26.055045871559635,BINANCE
2025-09-01 07:33:24.737,108716.0,0.0004,26.055045871559635,BINANCE
2025-09-01 07:33:24.737,108715.91,5e-05,26.063302752293257,BINANCE
2025-09-01 07:33:24.737,108716.0,0.00015,26.055045871559635,BINANCE
2025-09-01 07:33:24.738,108718.6,5e-05,25.816513761467355,BINANCE
2025-09-01 07:33:24.738,108719.25,0.00151,25.756880733944953,BINANCE
2025-09-01 07:33:24.738,108719.36,5e-05,25.746788990825635,BINANCE
2025-09-01 07:33:24.738,108719.65,5e-05,25.72018348623907,BINANCE
2025-09-01 07:33:24.738,108719.78,6e-05,25.70825688073405,BINANCE
2025-09-01 07:33:24.738,108718.39,0.0002,25.835779816513814,BINANCE
2025-09-01 07:33:24.738,108719.79,5e-05,25.707339449541873,BINANCE
2025-09-01 07:33:24.738,108719.83,0.0033,25.70366972477048,BINANCE
2025-09-01 07:33:24.738,108719.91,0.00016,25.696330275229037,BINANCE
2025-09-01 07:33:24.738,108719.92,0.00018,25.69541284403686,BINANCE
2025-09-01 07:33:24.738,108718.36,5e-05,25.83853211009169,BINANCE
2025-09-01 07:33:24.738,108718.39,0.00026,25.835779816513814,BINANCE
2025-09-01 07:33:24.738,108718.04,5e-05,25.86788990825747,BINANCE
2025-09-01 07:33:24.738,108716.72,0.01179,25.988990825687967,BINANCE
2025-09-01 07:33:24.738,108716.72,5e-05,25.988990825687967,BINANCE
2025-09-01 07:33:24.738,108718.34,7e-05,25.840366972477383,BINANCE
2025-09-01 07:33:24.738,108717.07,0.00092,25.956880733944313,BINANCE
2025-09-01 07:33:24.738,108717.12,5e-05,25.95229357798208,BINANCE
2025-09-01 07:33:24.738,108717.31,0.00137,25.934862385321313,BINANCE
2025-09-01 07:33:24.738,108717.43,0.00041,25.923853211009813,BINANCE
2025-09-01 07:33:24.738,108717.67,5e-05,25.901834862385478,BINANCE
2025-09-01 07:33:24.738,108717.67,0.0003,25.901834862385478,BINANCE
2025-09-01 07:33:24.738,108717.8,5e-05,25.889908256880467,BINANCE
2025-09-01 07:33:24.738,108717.17,0.00012,25.94770642201851,BINANCE
2025-09-01 07:33:24.738,108717.94,0.00013,25.877064220183275,BINANCE
2025-09-01 07:33:24.839,108719.98,0.0114,25.68990825688111,BINANCE
2025-09-01 07:33:24.984,108719.98,0.00045,25.68990825688111,BINANCE
2025-09-01 07:33:25.105,108719.99,5e-05,25.688990825687593,BINANCE
2025-09-01 07:33:25.516,108719.98,0.00731,25.68990825688111,BINANCE
2025-09-01 07:33:25.628,108719.98,0.04,25.68990825688111,BINANCE
2025-09-01 07:33:25.639,108719.98,0.1401,25.68990825688111,BINANCE
2025-09-01 07:33:25.639,108719.98,0.00433,25.68990825688111,BINANCE
2025-09-01 07:33:25.640,108719.98,0.02569,25.68990825688111,BINANCE
2025-09-01 07:33:25.641,108719.98,0.07522,25.68990825688111,BINANCE
2025-09-01 07:33:25.641,108719.98,0.00074,25.68990825688111,BINANCE
2025-09-01 07:33:25.641,108719.98,0.055,25.68990825688111,BINANCE
2025-09-01 07:33:25.641,108719.98,0.0007,25.68990825688111,BINANCE
2025-09-01 07:33:25.641,108719.98,0.00069,25.68990825688111,BINANCE
2025-09-01 07:33:25.641,108719.98,0.05978,25.68990825688111,BINANCE
2025-09-01 07:33:25.641,108719.98,0.04598,25.68990825688111,BINANCE
2025-09-01 07:33:25.641,108719.98,0.06172,25.68990825688111,BINANCE
2025-09-01 07:33:25.641,108719.98,0.06587,25.68990825688111,BINANCE
2025-09-01 07:33:25.641,108719.98,0.1553,25.68990825688111,BINANCE
2025-09-01 07:33:25.641,108719.98,5e-05,25.68990825688111,BINANCE
2025-09-01 07:33:25.641,108719.98,0.00021,25.68990825688111,BINANCE
2025-09-01 07:33:25.641,108719.98,0.04076,25.68990825688111,BINANCE
2025-09-01 07:33:25.641,108719.98,0.02067,25.68990825688111,BINANCE
2025-09-01 07:33:25.641,108719.98,0.06674,25.68990825688111,BINANCE
2025-09-01 07:33:25.645,108719.98,0.0177,25.68990825688111,BINANCE
2025-09-01 07:33:25.645,108719.98,0.01708,25.68990825688111,BINANCE
2025-09-01 07:33:25.645,108719.98,0.02352,25.68990825688111,BINANCE
2025-09-01 07:33:25.646,108719.98,0.00954,25.68990825688111,BINANCE
2025-09-01 07:33:25.646,108719.98,0.00216,25.68990825688111,BINANCE
2025-09-01 07:33:25.646,108719.98,0.0003,25.68990825688111,BINANCE
2025-09-01 07:33:25.646,108719.98,0.01704,25.68990825688111,BINANCE
2025-09-01 07:33:25.646,108719.98,0.00329,25.68990825688111,BINANCE
2025-09-01 07:33:25.646,108719.98,0.00867,25.68990825688111,BINANCE
2025-09-01 07:33:25.646,108719.98,0.04843,25.68990825688111,BINANCE
2025-09-01 07:33:25.646,108719.98,0.03148,25.68990825688111,BINANCE
2025-09-01 07:33:25.646,108719.98,0.01072,25.68990825688111,BINANCE
2025-09-01 07:33:25.647,108719.97,0.0001,25.69082568807329,BINANCE
2025-09-01 07:33:25.647,108719.96,5e-05,25.691743119265467,BINANCE
2025-09-01 07:33:25.647,108719.95,0.03125,25.69266055045898,BINANCE
2025-09-01 07:33:25.647,108719.95,5e-05,25.69266055045898,BINANCE
2025-09-01 07:33:25.647,108719.89,0.00033,25.698165137614733,BINANCE
2025-09-01 07:33:25.647,108719.83,5e-05,25.70366972477048,BINANCE
2025-09-01 07:33:25.647,108719.82,5e-05,25.70458715596266,BINANCE
2025-09-01 07:33:25.647,108719.98,5e-05,25.68990825688111,BINANCE
2025-09-01 07:33:25.647,108719.98,0.05339,25.68990825688111,BINANCE
2025-09-01 07:33:25.647,108719.98,0.06057,25.68990825688111,BINANCE
2025-09-01 07:33:25.647,108719.98,0.0001,25.68990825688111,BINANCE
2025-09-01 07:33:25.657,108718.02,5e-05,25.869724770641827,BINANCE
2025-09-01 07:33:25.657,108718.37,5e-05,25.837614678899513,BINANCE
2025-09-01 07:33:25.657,108719.46,5e-05,25.737614678898495,BINANCE
2025-09-01 07:33:25.657,108719.46,0.0001,25.737614678898495,BINANCE
2025-09-01 07:33:25.694,108718.01,5e-05,25.87064220183534,BINANCE
2025-09-01 07:33:25.694,108718.01,0.00169,25.87064220183534,BINANCE
2025-09-01 07:33:25.694,108718.01,0.0446,25.87064220183534,BINANCE
2025-09-01 07:33:25.694,108718.01,0.0001,25.87064220183534,BINANCE
2025-09-01 07:33:25.694,108718.01,0.00831,25.87064220183534,BINANCE
2025-09-01 07:33:25.695,108718.01,0.00575,25.87064220183534,BINANCE
2025-09-01 07:33:25.696,108713.95,5e-05,26.243119266055313,BINANCE
2025-09-01 07:33:25.696,108714.0,5e-05,26.238532110091743,BINANCE
2025-09-01 07:33:25.696,108716.0,5e-05,26.055045871559635,BINANCE
2025-09-01 07:33:25.696,108713.82,5e-05,26.25504587155899,BINANCE
2025-09-01 07:33:25.696,108716.71,5e-05,25.98990825688015,BINANCE
2025-09-01 07:33:25.696,108716.74,5e-05,25.98715596330227,BINANCE
2025-09-01 07:33:25.696,108712.28,0.02199,26.396330275229463,BINANCE
2025-09-01 07:33:25.696,108716.75,5e-05,25.986238532110093,BINANCE
2025-09-01 07:33:25.696,108713.81,5e-05,26.25596330275251,BINANCE
2025-09-01 07:33:25.696,108713.8,0.00248,26.256880733944687,BINANCE
2025-09-01 07:33:25.696,108712.03,5e-05,26.41926605504598,BINANCE
2025-09-01 07:33:25.696,108712.0,5e-05,26.42201834862385,BINANCE
2025-09-01 07:33:25.696,108711.83,0.00101,26.437614678898925,BINANCE
2025-09-01 07:33:25.696,108711.83,5e-05,26.437614678898925,BINANCE
2025-09-01 07:33:25.696,108711.02,0.00081,26.511926605504215,BINANCE
2025-09-01 07:33:25.696,108718.0,5e-05,25.871559633027527,BINANCE
2025-09-01 07:33:25.696,108717.5,5e-05,25.91743119266055,BINANCE
2025-09-01 07:33:25.696,108718.01,0.03521,25.87064220183534,BINANCE
2025-09-01 07:33:25.696,108718.01,0.01134,25.87064220183534,BINANCE
2025-09-01 07:33:25.696,108718.01,0.03544,25.87064220183534,BINANCE
2025-09-01 07:33:25.696,108718.01,0.04722,25.87064220183534,BINANCE
2025-09-01 07:33:25.696,108718.01,0.00024,25.87064220183534,BINANCE
2025-09-01 07:33:25.696,108718.01,0.04754,25.87064220183534,BINANCE
2025-09-01 07:33:25.696,108718.01,5e-05,25.87064220183534,BINANCE
2025-09-01 07:33:25.696,108718.01,0.0001,25.87064220183534,BINANCE
2025-09-01 07:33:25.696,108717.51,5e-05,25.916513761468373,BINANCE
2025-09-01 07:33:25.696,108717.87,0.01812,25.883486238532537,BINANCE
2025-09-01 07:33:25.696,108717.87,0.03012,25.883486238532537,BINANCE
2025-09-01 07:33:25.697,108708.54,5e-05,26.73944954128499,BINANCE
2025-09-01 07:33:25.697,108708.12,0.00045,26.777981651376574,BINANCE
2025-09-01 07:33:25.697,108708.0,0.061,26.788990825688074,BINANCE
2025-09-01 07:33:25.697,108708.0,5e-05,26.788990825688074,BINANCE
2025-09-01 07:33:25.697,108707.81,5e-05,26.80642201834884,BINANCE
2025-09-01 07:33:25.697,108707.81,0.09198,26.80642201834884,BINANCE
2025-09-01 07:33:25.697,108707.74,0.14573,26.812844036696767,BINANCE
2025-09-01 07:33:25.697,108708.94,0.00216,26.70275229357777,BINANCE
2025-09-01 07:33:25.697,108709.11,0.00048,26.687155963302697,BINANCE
2025-09-01 07:33:25.697,108710.0,5e-05,26.605504587155963,BINANCE
2025-09-01 07:33:25.697,108710.0,0.0265,26.605504587155963,BINANCE
2025-09-01 07:33:25.697,108710.57,5e-05,26.55321100917367,BINANCE
2025-09-01 07:33:25.697,108711.02,0.06173,26.511926605504215,BINANCE
2025-09-01 07:33:25.697,108711.02,0.06666,26.511926605504215,BINANCE
2025-09-01 07:33:25.704,108707.74,0.0092,26.812844036696767,BINANCE
2025-09-01 07:33:25.706,108707.74,0.00212,26.812844036696767,BINANCE
2025-09-01 07:33:25.706,108707.74,0.00106,26.812844036696767,BINANCE
2025-09-01 07:33:25.707,108707.74,0.00189,26.812844036696767,BINANCE
2025-09-01 07:33:25.722,108707.74,0.0092,26.812844036696767,BINANCE
2025-09-01 07:33:25.724,108707.74,0.00377,26.812844036696767,BINANCE
2025-09-01 07:33:25.748,108707.74,6e-05,26.812844036696767,BINANCE
2025-09-01 07:33:25.788,108707.74,0.03,26.812844036696767,BINANCE
2025-09-01 07:33:25.819,108707.75,0.00054,26.81192660550459,BINANCE
2025-09-01 07:33:25.858,108707.74,0.00431,26.812844036696767,BINANCE
2025-09-01 07:33:25.950,108707.75,0.00039,26.81192660550459,BINANCE
2025-09-01 07:33:26.020,108707.74,0.00179,26.812844036696767,BINANCE
2025-09-01 07:33:26.020,108707.74,0.00331,26.812844036696767,BINANCE
2025-09-01 07:33:26.093,108707.75,6e-05,26.81192660550459,BINANCE
2025-09-01 07:33:26.162,108707.75,0.00181,26.81192660550459,BINANCE
2025-09-01 07:33:26.176,108707.74,0.00329,26.812844036696767,BINANCE
2025-09-01 07:33:26.298,108707.75,0.00012,26.81192660550459,BINANCE
2025-09-01 07:33:26.454,108707.74,0.01259,26.812844036696767,BINANCE
2025-09-01 07:33:26.561,108707.75,0.06422,26.81192660550459,BINANCE
2025-09-01 07:33:26.722,108707.74,0.00103,26.812844036696767,BINANCE
2025-09-01 07:33:26.796,108707.74,0.00092,26.812844036696767,BINANCE
2025-09-01 07:33:27.122,108707.74,0.0013,26.812844036696767,BINANCE
2025-09-01 07:33:27.473,108707.74,8e-05,26.812844036696767,BINANCE
2025-09-01 07:33:27.535,108707.74,0.00097,26.812844036696767,BINANCE
2025-09-01 07:33:27.538,108707.74,0.00095,26.812844036696767,BINANCE
2025-09-01 07:33:27.541,108707.75,0.00012,26.81192660550459,BINANCE
2025-09-01 07:33:27.707,108707.75,0.00999,26.81192660550459,BINANCE
2025-09-01 07:33:27.819,108707.75,0.02871,26.81192660550459,BINANCE
2025-09-01 07:33:28.673,108707.75,0.00012,26.81192660550459,BINANCE
2025-09-01 07:33:28.805,108707.75,0.00261,26.81192660550459,BINANCE
2025-09-01 07:33:29.842,108707.75,0.00012,26.81192660550459,BINANCE
2025-09-01 07:33:29.857,108707.75,0.00088,26.81192660550459,BINANCE
2025-09-01 07:33:29.939,108707.75,0.06876,26.81192660550459,BINANCE
2025-09-01 07:33:30.198,108707.75,0.06422,26.81192660550459,BINANCE
2025-09-01 07:33:30.655,108707.75,0.00012,26.81192660550459,BINANCE
2025-09-01 07:33:31.014,108707.74,0.00016,26.812844036696767,BINANCE
2025-09-01 07:33:31.676,108707.75,0.06071,26.81192660550459,BINANCE
2025-09-01 07:33:31.841,108707.75,0.00091,26.81192660550459,BINANCE
2025-09-01 07:33:31.861,108707.75,0.00012,26.81192660550459,BINANCE
2025-09-01 07:33:32.518,108707.75,0.0009,26.81192660550459,BINANCE
2025-09-01 07:33:32.717,108707.75,1.56405,26.81192660550459,BINANCE
2025-09-01 07:33:32.919,108707.75,0.00012,26.81192660550459,BINANCE
2025-09-01 07:33:33.188,108707.75,0.00046,26.81192660550459,BINANCE
2025-09-01 07:33:33.702,108707.75,0.001,26.81192660550459,BINANCE
2025-09-01 07:33:33.726,108707.75,0.0548,26.81192660550459,BINANCE
2025-09-01 07:33:33.864,108707.75,0.00012,26.81192660550459,BINANCE
2025-09-01 07:33:33.945,108707.75,0.01495,26.81192660550459,BINANCE
2025-09-01 07:33:33.945,108707.75,0.01009,26.81192660550459,BINANCE
2025-09-01 07:33:33.945,108707.75,0.03918,26.81192660550459,BINANCE
2025-09-01 07:33:34.010,108707.75,0.00522,26.81192660550459,BINANCE
2025-09-01 07:33:34.022,108707.75,0.00728,26.81192660550459,BINANCE
2025-09-01 07:33:34.022,108707.75,0.00554,26.81192660550459,BINANCE
2025-09-01 07:33:34.863,108707.74,0.01489,26.812844036696767,BINANCE
2025-09-01 07:33:34.878,108707.75,0.0166,26.81192660550459,BINANCE
2025-09-01 07:33:35.826,108707.75,0.0006,26.81192660550459,BINANCE
2025-09-01 07:33:35.918,108707.74,9e-05,26.812844036696767,BINANCE
2025-09-01 07:33:36.083,108707.75,6e-05,26.81192660550459,BINANCE
2025-09-01 07:33:36.676,108707.75,0.05859,26.81192660550459,BINANCE
2025-09-01 07:33:37.007,108707.74,0.02711,26.812844036696767,BINANCE
2025-09-01 07:33:37.171,108707.75,0.0002,26.81192660550459,BINANCE
2025-09-01 07:33:37.222,108707.74,7e-05,26.812844036696767,BINANCE
2025-09-01 07:33:37.701,108707.75,0.03677,26.81192660550459,BINANCE
2025-09-01 07:33:37.701,108707.75,0.02745,26.81192660550459,BINANCE
2025-09-01 07:33:38.048,108707.75,0.00012,26.81192660550459,BINANCE
2025-09-01 07:33:38.330,108707.75,0.00012,26.81192660550459,BINANCE
2025-09-01 07:33:38.332,108707.75,0.00012,26.81192660550459,BINANCE
2025-09-01 07:33:38.333,108707.75,0.00012,26.81192660550459,BINANCE
2025-09-01 07:33:38.476,108707.74,0.00019,26.812844036696767,BINANCE
2025-09-01 07:33:38.951,108707.75,0.012,26.81192660550459,BINANCE
2025-09-01 07:33:38.952,108707.75,0.012,26.81192660550459,BINANCE
2025-09-01 07:33:39.219,108707.75,0.00012,26.81192660550459,BINANCE
2025-09-01 07:33:39.550,108707.74,8e-05,26.812844036696767,BINANCE
2025-09-01 07:33:39.584,108707.74,0.00731,26.812844036696767,BINANCE
2025-09-01 07:33:39.682,108707.75,0.00045,26.81192660550459,BINANCE
2025-09-01 07:33:39.683,108720.0,0.00055,25.68807339449541,BINANCE
2025-09-01 07:33:39.683,108720.01,0.00011,25.687155963303233,BINANCE
2025-09-01 07:33:39.683,108720.43,0.00059,25.64862385321165,BINANCE
2025-09-01 07:33:39.683,108720.43,5e-05,25.64862385321165,BINANCE
2025-09-01 07:33:39.683,108720.48,0.00183,25.64403669724808,BINANCE
2025-09-01 07:33:39.683,108720.72,0.0007,25.622018348623747,BINANCE
2025-09-01 07:33:39.683,108720.0,0.0184,25.68807339449541,BINANCE
2025-09-01 07:33:39.683,108720.74,0.00073,25.62018348623805,BINANCE
2025-09-01 07:33:39.683,108718.0,5e-05,25.871559633027527,BINANCE
2025-09-01 07:33:39.683,108721.22,0.01837,25.57614678899072,BINANCE
2025-09-01 07:33:39.683,108721.34,0.00083,25.56513761467922,BINANCE
2025-09-01 07:33:39.683,108721.5,0.00037,25.55045871559633,BINANCE
2025-09-01 07:33:39.683,108721.83,6e-05,25.520183486238373,BINANCE
2025-09-01 07:33:39.683,108722.0,0.00178,25.504587155963304,BINANCE
2025-09-01 07:33:39.683,108722.04,0.00012,25.500917431193248,BINANCE
2025-09-01 07:33:39.683,108722.04,0.00011,25.500917431193248,BINANCE
2025-09-01 07:33:39.683,108720.0,0.00015,25.68807339449541,BINANCE
2025-09-01 07:33:39.683,108721.17,0.00333,25.58073394495429,BINANCE
2025-09-01 07:33:39.683,108720.0,0.002,25.68807339449541,BINANCE
2025-09-01 07:33:39.683,108719.2,5e-05,25.761467889908523,BINANCE
2025-09-01 07:33:39.683,108720.0,0.0004,25.68807339449541,BINANCE
2025-09-01 07:33:39.683,108718.02,5e-05,25.869724770641827,BINANCE
2025-09-01 07:33:39.683,108718.18,0.04102,25.855045871560275,BINANCE
2025-09-01 07:33:39.683,108718.4,5e-05,25.834862385321635,BINANCE
2025-09-01 07:33:39.683,108718.62,0.00092,25.814678899082995,BINANCE
2025-09-01 07:33:39.683,108718.63,0.00262,25.81376146788948,BINANCE
2025-09-01 07:33:39.683,108722.15,0.00019,25.49082568807393,BINANCE
2025-09-01 07:33:39.683,108719.36,5e-05,25.746788990825635,BINANCE
2025-09-01 07:33:39.683,108719.47,0.06533,25.736697247706314,BINANCE
2025-09-01 07:33:39.683,108720.0,5e-05,25.68807339449541,BINANCE
2025-09-01 07:33:39.683,108720.0,7e-05,25.68807339449541,BINANCE
2025-09-01 07:33:39.683,108720.0,0.00051,25.68807339449541,BINANCE
2025-09-01 07:33:39.683,108720.0,0.0001,25.68807339449541,BINANCE
2025-09-01 07:33:39.683,108720.0,8e-05,25.68807339449541,BINANCE
2025-09-01 07:33:39.683,108722.15,5e-05,25.49082568807393,BINANCE
2025-09-01 07:33:39.683,108723.65,0.00823,25.353211009174846,BINANCE
2025-09-01 07:33:39.683,108722.24,0.33109,25.482568807338968,BINANCE
2025-09-01 07:33:39.683,108724.46,0.00092,25.27889908256822,BINANCE
2025-09-01 07:33:39.683,108724.49,6e-05,25.276146788990346,BINANCE
2025-09-01 07:33:39.683,108724.51,0.0007,25.274311926605986,BINANCE
2025-09-01 07:33:39.683,108724.77,5e-05,25.250458715595958,BINANCE
2025-09-01 07:33:39.683,108724.98,0.0007,25.231192660550832,BINANCE
2025-09-01 07:33:39.683,108725.0,0.00025,25.22935779816514,BINANCE
2025-09-01 07:33:39.683,108725.15,7e-05,25.215596330275762,BINANCE
2025-09-01 07:33:39.683,108725.2,6e-05,25.211009174312192,BINANCE
2025-09-01 07:33:39.683,108725.26,6e-05,25.205504587156444,BINANCE
2025-09-01 07:33:39.683,108725.32,7e-05,25.19999999999936,BINANCE
2025-09-01 07:33:39.683,108725.37,0.00015,25.195412844037126,BINANCE
2025-09-01 07:33:39.683,108725.37,6e-05,25.195412844037126,BINANCE
2025-09-01 07:33:39.683,108725.37,7e-05,25.195412844037126,BINANCE
2025-09-01 07:33:39.683,108725.37,8e-05,25.195412844037126,BINANCE
2025-09-01 07:33:39.683,108725.49,6e-05,25.18440366972429,BINANCE
2025-09-01 07:33:39.683,108725.56,5e-05,25.17798165137636,BINANCE
2025-09-01 07:33:39.683,108725.65,5e-05,25.169724770642738,BINANCE
2025-09-01 07:33:39.683,108724.21,0.02,25.30183486238473,BINANCE
2025-09-01 07:33:39.683,108724.21,0.04,25.30183486238473,BINANCE
2025-09-01 07:33:39.683,108724.13,5e-05,25.309174311926178,BINANCE
2025-09-01 07:33:39.683,108724.06,0.003,25.315596330275444,BINANCE
2025-09-01 07:33:39.683,108722.56,0.00032,25.453211009174524,BINANCE
2025-09-01 07:33:39.683,108722.75,5e-05,25.43577981651376,BINANCE
2025-09-01 07:33:39.683,108722.79,0.00046,25.432110091743706,BINANCE
2025-09-01 07:33:39.683,108722.85,7e-05,25.42660550458662,BINANCE
2025-09-01 07:33:39.683,108722.85,0.0005,25.42660550458662,BINANCE
2025-09-01 07:33:39.683,108722.98,0.00012,25.41467889908294,BINANCE
2025-09-01 07:33:39.683,108723.5,0.00016,25.36697247706422,BINANCE
2025-09-01 07:33:39.683,108723.54,0.00012,25.363302752294164,BINANCE
2025-09-01 07:33:39.683,108722.22,0.00031,25.484403669724664,BINANCE
2025-09-01 07:33:39.683,108723.56,0.00025,25.36146788990847,BINANCE
2025-09-01 07:33:39.683,108723.84,5e-05,25.33577981651408,BINANCE
2025-09-01 07:33:39.683,108724.0,0.0004,25.321100917431192,BINANCE
2025-09-01 07:33:39.683,108724.0,0.0014,25.321100917431192,BINANCE
2025-09-01 07:33:39.683,108724.0,0.0006,25.321100917431192,BINANCE
2025-09-01 07:33:39.683,108724.0,0.00015,25.321100917431192,BINANCE
2025-09-01 07:33:39.683,108724.03,5e-05,25.318348623853318,BINANCE
2025-09-01 07:33:39.683,108724.03,0.00151,25.318348623853318,BINANCE
2025-09-01 07:33:39.683,108723.61,5e-05,25.3568807339449,BINANCE
2025-09-01 07:33:39.683,108725.74,0.01118,25.161467889907776,BINANCE
2025-09-01 07:33:39.683,108717.88,5e-05,25.882568807339023,BINANCE
2025-09-01 07:33:39.683,108707.75,5e-05,26.81192660550459,BINANCE
2025-09-01 07:33:39.683,108707.75,7e-05,26.81192660550459,BINANCE
2025-09-01 07:33:39.683,108707.76,5e-05,26.81100917431241,BINANCE
2025-09-01 07:33:39.683,108708.54,5e-05,26.73944954128499,BINANCE
2025-09-01 07:33:39.683,108709.12,5e-05,26.68623853211052,BINANCE
2025-09-01 07:33:39.683,108707.75,0.03634,26.81192660550459,BINANCE
2025-09-01 07:33:39.683,108707.75,0.03679,26.81192660550459,BINANCE
2025-09-01 07:33:39.683,108707.75,0.00735,26.81192660550459,BINANCE
2025-09-01 07:33:39.683,108707.75,0.0092,26.81192660550459,BINANCE
2025-09-01 07:33:39.683,108707.75,0.07698,26.81192660550459,BINANCE
2025-09-01 07:33:39.683,108707.75,0.0119,26.81192660550459,BINANCE
2025-09-01 07:33:39.683,108707.75,0.01112,26.81192660550459,BINANCE
2025-09-01 07:33:39.683,108707.75,0.01466,26.81192660550459,BINANCE
2025-09-01 07:33:39.683,108707.75,0.002,26.81192660550459,BINANCE
2025-09-01 07:33:39.683,108710.77,0.01794,26.534862385320725,BINANCE
2025-09-01 07:33:39.683,108713.99,5e-05,26.23944954128392,BINANCE
2025-09-01 07:33:39.683,108714.0,5e-05,26.238532110091743,BINANCE
2025-09-01 07:33:39.683,108715.9,0.00083,26.064220183486775,BINANCE
2025-09-01 07:33:39.683,108716.28,5e-05,26.029357798165247,BINANCE
2025-09-01 07:33:39.683,108713.95,5e-05,26.243119266055313,BINANCE
2025-09-01 07:33:39.683,108710.77,0.00045,26.534862385320725,BINANCE
2025-09-01 07:33:39.683,108716.75,5e-05,25.986238532110093,BINANCE
2025-09-01 07:33:39.683,108716.98,5e-05,25.96513761467927,BINANCE
2025-09-01 07:33:39.683,108717.0,0.061,25.96330275229358,BINANCE
2025-09-01 07:33:39.683,108717.09,0.04226,25.955045871559953,BINANCE
2025-09-01 07:33:39.683,108713.94,0.00111,26.24403669724749,BINANCE
2025-09-01 07:33:39.683,108712.84,0.0275,26.344954128440687,BINANCE
2025-09-01 07:33:39.683,108712.84,5e-05,26.344954128440687,BINANCE
2025-09-01 07:33:39.683,108710.77,5e-05,26.534862385320725,BINANCE
2025-09-01 07:33:39.683,108711.28,5e-05,26.48807339449552,BINANCE
2025-09-01 07:33:39.683,108711.99,5e-05,26.42293577981603,BINANCE
2025-09-01 07:33:39.683,108712.0,5e-05,26.42201834862385,BINANCE
2025-09-01 07:33:39.683,108712.83,5e-05,26.34587155963287,BINANCE
2025-09-01 07:33:39.683,108712.84,0.02121,26.344954128440687,BINANCE
2025-09-01 07:33:39.683,108712.29,5e-05,26.395412844037285,BINANCE
2025-09-01 07:33:39.684,108728.38,5e-05,24.919266055045444,BINANCE
2025-09-01 07:33:39.684,108727.94,7e-05,24.959633027522724,BINANCE
2025-09-01 07:33:39.684,108727.96,0.00027,24.957798165137028,BINANCE
2025-09-01 07:33:39.684,108728.0,0.0004,24.954128440366972,BINANCE
2025-09-01 07:33:39.684,108728.0,0.002,24.954128440366972,BINANCE
2025-09-01 07:33:39.684,108728.0,0.00015,24.954128440366972,BINANCE
2025-09-01 07:33:39.684,108728.14,0.00083,24.941284403669776,BINANCE
2025-09-01 07:33:39.684,108728.24,5e-05,24.932110091742636,BINANCE
2025-09-01 07:33:39.684,108728.42,5e-05,24.91559633027539,BINANCE
2025-09-01 07:33:39.684,108727.79,0.00034,24.973394495413434,BINANCE
2025-09-01 07:33:39.684,108728.6,0.00046,24.899082568806808,BINANCE
2025-09-01 07:33:39.684,108728.71,0.20853,24.888990825687483,BINANCE
2025-09-01 07:33:39.684,108728.71,0.035,24.888990825687483,BINANCE
2025-09-01 07:33:39.684,108728.71,0.07647,24.888990825687483,BINANCE
2025-09-01 07:33:39.684,108728.71,0.16,24.888990825687483,BINANCE
2025-09-01 07:33:39.684,108728.76,6e-05,24.884403669725252,BINANCE
2025-09-01 07:33:39.684,108728.9,0.53693,24.871559633028056,BINANCE
2025-09-01 07:33:39.684,108728.9,0.31807,24.871559633028056,BINANCE
2025-09-01 07:33:39.684,108728.92,0.00193,24.869724770642364,BINANCE
2025-09-01 07:33:39.684,108728.46,0.02761,24.911926605504,BINANCE
2025-09-01 07:33:39.684,108727.62,0.00036,24.9889908256885,BINANCE
2025-09-01 07:33:39.684,108725.74,0.3199,25.161467889907776,BINANCE
2025-09-01 07:33:39.684,108727.41,0.00073,25.008256880733626,BINANCE
2025-09-01 07:33:39.684,108727.5,0.03586,25.0,BINANCE
2025-09-01 07:33:39.684,108725.77,7e-05,25.1587155963299,BINANCE
2025-09-01 07:33:39.684,108726.0,0.00021,25.137614678899084,BINANCE
2025-09-01 07:33:39.684,108726.0,0.06678,25.137614678899084,BINANCE
2025-09-01 07:33:39.684,108726.0,0.00022,25.137614678899084,BINANCE
2025-09-01 07:33:39.684,108726.0,5e-05,25.137614678899084,BINANCE
2025-09-01 07:33:39.684,108726.73,7e-05,25.070642201835234,BINANCE
2025-09-01 07:33:39.684,108726.74,0.00015,25.06972477064172,BINANCE
2025-09-01 07:33:39.684,108727.0,0.02059,25.045871559633024,BINANCE
2025-09-01 07:33:39.684,108727.07,0.0062,25.039449541283762,BINANCE
2025-09-01 07:33:39.684,108727.26,0.0002,25.022018348624336,BINANCE
2025-09-01 07:33:39.684,108727.27,0.00043,25.021100917430818,BINANCE
2025-09-01 07:33:39.684,108727.27,5e-05,25.021100917430818,BINANCE
2025-09-01 07:33:39.684,108727.27,0.0001,25.021100917430818,BINANCE
2025-09-01 07:33:39.684,108727.27,6e-05,25.021100917430818,BINANCE
2025-09-01 07:33:39.684,108727.27,7e-05,25.021100917430818,BINANCE
2025-09-01 07:33:39.684,108727.31,0.08,25.017431192660766,BINANCE
2025-09-01 07:33:39.684,108726.74,5e-05,25.06972477064172,BINANCE
2025-09-01 07:33:39.685,108728.92,0.006,24.869724770642364,BINANCE
2025-09-01 07:33:39.685,108728.92,0.00663,24.869724770642364,BINANCE
2025-09-01 07:33:39.687,108728.92,0.16,24.869724770642364,BINANCE
2025-09-01 07:33:39.687,108728.92,0.0109,24.869724770642364,BINANCE
2025-09-01 07:33:39.687,108728.92,0.009,24.869724770642364,BINANCE
2025-09-01 07:33:39.689,108733.04,0.08,24.491743119266644,BINANCE
2025-09-01 07:33:39.689,108733.33,5e-05,24.46513761467874,BINANCE
2025-09-01 07:33:39.689,108733.33,6e-05,24.46513761467874,BINANCE
2025-09-01 07:33:39.689,108733.69,0.053,24.432110091742906,BINANCE
2025-09-01 07:33:39.689,108733.77,0.00018,24.424770642201462,BINANCE
2025-09-01 07:33:39.689,108733.91,0.0009,24.41192660550427,BINANCE
2025-09-01 07:33:39.689,108733.96,0.03259,24.4073394495407,BINANCE
2025-09-01 07:33:39.689,108733.96,0.01799,24.4073394495407,BINANCE
2025-09-01 07:33:39.689,108733.96,0.00242,24.4073394495407,BINANCE
2025-09-01 07:33:39.689,108734.69,0.00032,24.34036697247685,BINANCE
2025-09-01 07:33:39.689,108734.72,6e-05,24.337614678898973,BINANCE
2025-09-01 07:33:39.689,108734.72,5e-05,24.337614678898973,BINANCE
2025-09-01 07:33:39.689,108734.88,0.00022,24.322935779816085,BINANCE
2025-09-01 07:33:39.689,108735.01,0.053,24.311009174312407,BINANCE
2025-09-01 07:33:39.689,108735.02,0.022,24.310091743118893,BINANCE
2025-09-01 07:33:39.689,108735.06,8e-05,24.306422018348837,BINANCE
2025-09-01 07:33:39.689,108735.25,0.001,24.28899082568807,BINANCE
2025-09-01 07:33:39.689,108735.26,5e-05,24.288073394495893,BINANCE
2025-09-01 07:33:39.689,108735.3,0.00125,24.284403669724504,BINANCE
2025-09-01 07:33:39.689,108735.59,5e-05,24.257798165137935,BINANCE
2025-09-01 07:33:39.689,108735.63,5e-05,24.254128440366543,BINANCE
2025-09-01 07:33:39.689,108734.81,5e-05,24.32935779816535,BINANCE
2025-09-01 07:33:39.689,108732.78,0.01832,24.515596330275336,BINANCE
2025-09-01 07:33:39.689,108731.76,0.08,24.609174311927088,BINANCE
2025-09-01 07:33:39.689,108732.21,0.00083,24.56788990825629,BINANCE
2025-09-01 07:33:39.689,108728.92,0.07571,24.869724770642364,BINANCE
2025-09-01 07:33:39.689,108729.11,7e-05,24.852293577981598,BINANCE
2025-09-01 07:33:39.689,108729.28,5e-05,24.836697247706528,BINANCE
2025-09-01 07:33:39.689,108729.33,0.00081,24.83211009174296,BINANCE
2025-09-01 07:33:39.689,108729.33,0.00012,24.83211009174296,BINANCE
2025-09-01 07:33:39.689,108732.7,5e-05,24.52293577981678,BINANCE
2025-09-01 07:33:39.689,108729.5,0.00262,24.816513761467892,BINANCE
2025-09-01 07:33:39.689,108729.54,7e-05,24.812844036697836,BINANCE
2025-09-01 07:33:39.689,108729.62,7e-05,24.805504587156392,BINANCE
2025-09-01 07:33:39.689,108729.99,0.00018,24.771559633027042,BINANCE
2025-09-01 07:33:39.689,108730.18,5e-05,24.754128440367612,BINANCE
2025-09-01 07:33:39.689,108730.25,5e-05,24.74770642201835,BINANCE
2025-09-01 07:33:39.689,108729.35,0.00016,24.830275229357266,BINANCE
2025-09-01 07:33:39.689,108730.62,6e-05,24.713761467890336,BINANCE
2025-09-01 07:33:39.689,108730.76,0.00168,24.70091743119314,BINANCE
2025-09-01 07:33:39.689,108731.02,6e-05,24.677064220183116,BINANCE
2025-09-01 07:33:39.689,108731.11,9e-05,24.66880733944949,BINANCE
2025-09-01 07:33:39.689,108731.17,0.00164,24.66330275229374,BINANCE
2025-09-01 07:33:39.689,108731.17,0.00695,24.66330275229374,BINANCE
2025-09-01 07:33:39.689,108730.35,0.00018,24.73853211009121,BINANCE
2025-09-01 07:33:39.689,108732.0,0.0004,24.587155963302752,BINANCE
2025-09-01 07:33:39.689,108732.0,0.002,24.587155963302752,BINANCE
2025-09-01 07:33:39.689,108732.0,0.00015,24.587155963302752,BINANCE
2025-09-01 07:33:39.690,108735.87,0.0109,24.232110091743547,BINANCE
2025-09-01 07:33:39.692,108735.87,0.00919,24.232110091743547,BINANCE
2025-09-01 07:33:39.695,108735.87,0.0109,24.232110091743547,BINANCE
2025-09-01 07:33:39.696,108735.93,0.0109,24.2266055045878,BINANCE
2025-09-01 07:33:39.697,108728.91,0.0002,24.870642201834542,BINANCE
2025-09-01 07:33:39.697,108728.91,0.0011,24.870642201834542,BINANCE
2025-09-01 07:33:39.699,108730.39,0.00083,24.734862385321154,BINANCE
2025-09-01 07:33:39.699,108735.93,0.0421,24.2266055045878,BINANCE
2025-09-01 07:33:39.699,108736.0,0.0004,24.22018348623853,BINANCE
2025-09-01 07:33:39.699,108736.0,0.002,24.22018348623853,BINANCE
2025-09-01 07:33:39.699,108736.0,0.00015,24.22018348623853,BINANCE
2025-09-01 07:33:39.699,108736.04,6e-05,24.216513761468477,BINANCE
2025-09-01 07:33:39.699,108736.1,6e-05,24.211009174311393,BINANCE
2025-09-01 07:33:39.700,108736.1,0.04,24.211009174311393,BINANCE
2025-09-01 07:33:39.702,108730.65,5e-05,24.71100917431246,BINANCE
2025-09-01 07:33:39.703,108730.66,5e-05,24.710091743118944,BINANCE
2025-09-01 07:33:39.704,108733.95,0.0001,24.408256880734214,BINANCE
2025-09-01 07:33:39.704,108733.95,0.0112,24.408256880734214,BINANCE
2025-09-01 07:33:39.706,108733.96,5e-05,24.4073394495407,BINANCE
2025-09-01 07:33:39.706,108733.97,5e-05,24.406422018348515,BINANCE
2025-09-01 07:33:39.706,108735.64,5e-05,24.253211009174365,BINANCE
2025-09-01 07:33:39.706,108735.86,0.0017,24.233027522935725,BINANCE
2025-09-01 07:33:39.706,108735.86,0.0092,24.233027522935725,BINANCE
2025-09-01 07:33:39.707,108736.62,0.00206,24.163302752294005,BINANCE
2025-09-01 07:33:39.707,108736.59,0.0001,24.166055045871882,BINANCE
2025-09-01 07:33:39.707,108736.3,0.003,24.19266055045845,BINANCE
2025-09-01 07:33:39.707,108736.25,6e-05,24.19724770642202,BINANCE
2025-09-01 07:33:39.707,108736.1,0.01294,24.211009174311393,BINANCE
2025-09-01 07:33:39.707,108736.77,0.00121,24.149541284403295,BINANCE
2025-09-01 07:33:39.707,108735.92,5e-05,24.227522935779977,BINANCE
2025-09-01 07:33:39.707,108735.87,0.0106,24.232110091743547,BINANCE
2025-09-01 07:33:39.707,108735.86,0.09724,24.233027522935725,BINANCE
2025-09-01 07:33:39.707,108735.63,5e-05,24.254128440366543,BINANCE
2025-09-01 07:33:39.708,108738.94,0.01417,23.950458715596117,BINANCE
2025-09-01 07:33:39.708,108738.76,6e-05,23.9669724770647,BINANCE
2025-09-01 07:33:39.708,108738.76,0.00082,23.9669724770647,BINANCE
2025-09-01 07:33:39.708,108738.27,6e-05,24.01192660550421,BINANCE
2025-09-01 07:33:39.708,108738.12,0.00063,24.025688073394925,BINANCE
2025-09-01 07:33:39.708,108738.76,0.00028,23.9669724770647,BINANCE
2025-09-01 07:33:39.708,108737.61,0.00083,24.072477064220127,BINANCE
2025-09-01 07:33:39.708,108737.5,6e-05,24.082568807339452,BINANCE
2025-09-01 07:33:39.708,108737.36,0.01,24.095412844036645,BINANCE
2025-09-01 07:33:39.708,108737.0,9e-05,24.128440366972477,BINANCE
2025-09-01 07:33:39.708,108738.01,0.053,24.035779816514243,BINANCE
2025-09-01 07:33:39.717,108735.92,0.00038,24.227522935779977,BINANCE
2025-09-01 07:33:39.719,108738.94,0.00181,23.950458715596117,BINANCE
2025-09-01 07:33:39.719,108735.93,5e-05,24.2266055045878,BINANCE
2025-09-01 07:33:39.719,108735.94,5e-05,24.225688073394284,BINANCE
2025-09-01 07:33:39.719,108736.09,5e-05,24.211926605504907,BINANCE
2025-09-01 07:33:39.719,108736.14,5e-05,24.207339449541337,BINANCE
2025-09-01 07:33:39.719,108738.94,0.00211,23.950458715596117,BINANCE
2025-09-01 07:33:39.719,108738.94,0.00321,23.950458715596117,BINANCE
2025-09-01 07:33:39.726,108739.13,0.00012,23.93302752293535,BINANCE
2025-09-01 07:33:39.726,108739.16,0.00662,23.93027522935748,BINANCE
2025-09-01 07:33:39.726,108737.54,5e-05,24.078899082569396,BINANCE
2025-09-01 07:33:39.727,108739.16,0.04,23.93027522935748,BINANCE
2025-09-01 07:33:39.730,108739.16,0.00307,23.93027522935748,BINANCE
2025-09-01 07:33:39.731,108739.16,0.012,23.93027522935748,BINANCE
2025-09-01 07:33:39.738,108740.0,0.00471,23.853211009174313,BINANCE
2025-09-01 07:33:39.738,108740.0,0.00015,23.853211009174313,BINANCE
2025-09-01 07:33:39.738,108740.0,0.002,23.853211009174313,BINANCE
2025-09-01 07:33:39.738,108740.0,0.0004,23.853211009174313,BINANCE
2025-09-01 07:33:39.738,108739.99,0.00053,23.85412844036649,BINANCE
2025-09-01 07:33:39.738,108739.66,8e-05,23.88440366972445,BINANCE
2025-09-01 07:33:39.738,108739.46,8e-05,23.902752293577393,BINANCE
2025-09-01 07:33:39.738,108739.35,0.0009,23.912844036696715,BINANCE
2025-09-01 07:33:39.738,108739.16,0.00268,23.93027522935748,BINANCE
2025-09-01 07:33:39.738,108739.88,7e-05,23.86422018348581,BINANCE
2025-09-01 07:33:39.739,108740.38,6e-05,23.818348623852785,BINANCE
2025-09-01 07:33:39.739,108740.3,0.00151,23.82568807339423,BINANCE
2025-09-01 07:33:39.739,108740.05,8e-05,23.848623853210743,BINANCE
2025-09-01 07:33:39.739,108740.0,0.012,23.853211009174313,BINANCE
2025-09-01 07:33:39.739,108740.58,0.00867,23.79999999999984,BINANCE
2025-09-01 07:33:39.739,108740.0,0.00168,23.853211009174313,BINANCE
2025-09-01 07:33:39.741,108738.94,6e-05,23.950458715596117,BINANCE
2025-09-01 07:33:39.749,108738.94,0.0077,23.950458715596117,BINANCE
2025-09-01 07:33:39.751,108739.03,5e-05,23.94220183486249,BINANCE
2025-09-01 07:33:39.757,108740.58,0.0001,23.79999999999984,BINANCE
2025-09-01 07:33:39.805,108740.58,0.04672,23.79999999999984,BINANCE
2025-09-01 07:33:39.811,108740.58,0.021,23.79999999999984,BINANCE
2025-09-01 07:33:39.812,108741.93,6e-05,23.676146788991467,BINANCE
2025-09-01 07:33:39.812,108741.94,0.00018,23.675229357797953,BINANCE
2025-09-01 07:33:39.812,108742.31,8e-05,23.64128440366994,BINANCE
2025-09-01 07:33:39.812,108742.84,0.00249,23.592660550459037,BINANCE
2025-09-01 07:33:39.812,108742.84,0.01612,23.592660550459037,BINANCE
2025-09-01 07:33:39.812,108742.85,8e-05,23.591743119265523,BINANCE
2025-09-01 07:33:39.812,108743.08,5e-05,23.5706422018347,BINANCE
2025-09-01 07:33:39.812,108741.93,5e-05,23.676146788991467,BINANCE
2025-09-01 07:33:39.812,108743.34,6e-05,23.546788990826006,BINANCE
2025-09-01 07:33:39.812,108743.36,0.00016,23.544954128440313,BINANCE
2025-09-01 07:33:39.812,108743.44,5e-05,23.53761467889887,BINANCE
2025-09-01 07:33:39.812,108743.54,7e-05,23.528440366973065,BINANCE
2025-09-01 07:33:39.812,108743.88,0.00045,23.49724770642159,BINANCE
2025-09-01 07:33:39.812,108743.98,0.00011,23.48807339449579,BINANCE
2025-09-01 07:33:39.812,108744.0,0.0004,23.48623853211009,BINANCE
2025-09-01 07:33:39.812,108743.14,5e-05,23.565137614678953,BINANCE
2025-09-01 07:33:39.812,108740.58,0.0063,23.79999999999984,BINANCE
2025-09-01 07:33:39.812,108741.45,5e-05,23.7201834862388,BINANCE
2025-09-01 07:33:39.812,108740.58,5e-05,23.79999999999984,BINANCE
2025-09-01 07:33:39.812,108740.59,5e-05,23.79908256880766,BINANCE
2025-09-01 07:33:39.812,108741.35,7e-05,23.729357798164603,BINANCE
2025-09-01 07:33:39.812,108741.17,5e-05,23.745871559633187,BINANCE
2025-09-01 07:33:39.812,108741.0,5e-05,23.761467889908257,BINANCE
2025-09-01 07:33:39.812,108740.6,6e-05,23.798165137614145,BINANCE
2025-09-01 07:33:39.812,108740.67,6e-05,23.791743119266215,BINANCE
2025-09-01 07:33:39.813,108746.8,0.00012,23.22935779816487,BINANCE
2025-09-01 07:33:39.813,108747.53,0.00179,23.162385321101024,BINANCE
2025-09-01 07:33:39.813,108747.53,0.01094,23.162385321101024,BINANCE
2025-09-01 07:33:39.813,108747.47,0.00409,23.16788990825677,BINANCE
2025-09-01 07:33:39.813,108747.15,0.00038,23.19724770642255,BINANCE
2025-09-01 07:33:39.813,108747.14,7e-05,23.198165137614733,BINANCE
2025-09-01 07:33:39.813,108747.01,5e-05,23.210091743119747,BINANCE
2025-09-01 07:33:39.813,108746.88,6e-05,23.22201834862343,BINANCE
2025-09-01 07:33:39.813,108746.7,0.00082,23.23853211009201,BINANCE
2025-09-01 07:33:39.813,108747.15,5e-05,23.19724770642255,BINANCE
2025-09-01 07:33:39.813,108746.33,6e-05,23.272477064220023,BINANCE
2025-09-01 07:33:39.813,108746.41,5e-05,23.26513761467858,BINANCE
2025-09-01 07:33:39.813,108744.0,0.002,23.48623853211009,BINANCE
2025-09-01 07:33:39.813,108744.38,0.00014,23.45137614678856,BINANCE
2025-09-01 07:33:39.813,108744.68,9e-05,23.423853211009813,BINANCE
2025-09-01 07:33:39.813,108744.0,0.00015,23.48623853211009,BINANCE
2025-09-01 07:33:39.813,108745.56,0.00075,23.343119266055258,BINANCE
2025-09-01 07:33:39.813,108746.06,6e-05,23.297247706422233,BINANCE
2025-09-01 07:33:39.813,108746.23,5e-05,23.281651376147163,BINANCE
2025-09-01 07:33:39.813,108744.98,7e-05,23.396330275229733,BINANCE
2025-09-01 07:33:39.814,108747.53,0.01995,23.162385321101024,BINANCE
2025-09-01 07:33:39.839,108748.21,0.03338,23.099999999999415,BINANCE
2025-09-01 07:33:39.839,108748.0,0.002,23.119266055045873,BINANCE
2025-09-01 07:33:39.839,108748.2,5e-05,23.10091743119293,BINANCE
2025-09-01 07:33:39.839,108748.2,0.00093,23.10091743119293,BINANCE
2025-09-01 07:33:39.839,108748.0,0.0004,23.119266055045873,BINANCE
2025-09-01 07:33:39.839,108748.0,0.00015,23.119266055045873,BINANCE
2025-09-01 07:33:39.839,108748.0,0.0047,23.119266055045873,BINANCE
2025-09-01 07:33:39.839,108747.63,6e-05,23.153211009173887,BINANCE
2025-09-01 07:33:39.839,108747.63,0.00011,23.153211009173887,BINANCE
2025-09-01 07:33:39.839,108747.53,0.01677,23.162385321101024,BINANCE
2025-09-01 07:33:39.839,108747.9,0.00014,23.12844036697301,BINANCE
2025-09-01 07:33:39.839,108747.99,0.00011,23.12018348623805,BINANCE
2025-09-01 07:33:39.842,108748.2,0.00813,23.10091743119293,BINANCE
2025-09-01 07:33:39.882,108748.2,0.00093,23.10091743119293,BINANCE
2025-09-01 07:33:39.884,108748.2,0.0002,23.10091743119293,BINANCE
2025-09-01 07:33:39.885,108748.21,0.0161,23.099999999999415,BINANCE
2025-09-01 07:33:39.885,108748.2,0.0282,23.10091743119293,BINANCE
2025-09-01 07:33:39.891,108748.21,0.00033,23.099999999999415,BINANCE
2025-09-01 07:33:39.891,108748.21,0.00026,23.099999999999415,BINANCE
2025-09-01 07:33:39.939,108748.21,0.00209,23.099999999999415,BINANCE
2025-09-01 07:33:39.946,108748.21,0.00919,23.099999999999415,BINANCE
2025-09-01 07:33:39.950,108748.21,0.01,23.099999999999415,BINANCE
2025-09-01 07:33:39.950,108748.21,0.14961,23.099999999999415,BINANCE
2025-09-01 07:33:39.950,108748.21,0.00059,23.099999999999415,BINANCE
2025-09-01 07:33:39.950,108748.21,5e-05,23.099999999999415,BINANCE
2025-09-01 07:33:39.950,108748.21,0.0001,23.099999999999415,BINANCE
2025-09-01 07:33:39.950,108748.21,0.03865,23.099999999999415,BINANCE
2025-09-01 07:33:39.950,108748.21,0.01332,23.099999999999415,BINANCE
2025-09-01 07:33:39.951,108748.21,0.09437,23.099999999999415,BINANCE
2025-09-01 07:33:39.954,108748.21,0.0132,23.099999999999415,BINANCE
2025-09-01 07:33:39.954,108748.21,0.07924,23.099999999999415,BINANCE
2025-09-01 07:33:39.954,108748.21,0.00524,23.099999999999415,BINANCE
2025-09-01 07:33:39.954,108748.21,0.02203,23.099999999999415,BINANCE
2025-09-01 07:33:39.954,108748.21,0.0352,23.099999999999415,BINANCE
2025-09-01 07:33:39.954,108748.21,0.0001,23.099999999999415,BINANCE
2025-09-01 07:33:39.954,108748.21,0.08932,23.099999999999415,BINANCE
2025-09-01 07:33:39.954,108748.21,0.00034,23.099999999999415,BINANCE
2025-09-01 07:33:39.955,108748.22,5e-05,23.09908256880723,BINANCE
2025-09-01 07:33:39.955,108748.99,5e-05,23.028440366971996,BINANCE
2025-09-01 07:33:39.955,108748.45,5e-05,23.07798165137641,BINANCE
2025-09-01 07:33:39.955,108748.52,5e-05,23.07155963302715,BINANCE
2025-09-01 07:33:39.955,108748.59,0.0001,23.065137614679216,BINANCE
2025-09-01 07:33:39.955,108748.22,0.0001,23.09908256880723,BINANCE
2025-09-01 07:33:39.955,108748.45,9e-05,23.07798165137641,BINANCE
2025-09-01 07:33:39.955,108748.21,5e-05,23.099999999999415,BINANCE
2025-09-01 07:33:39.955,108748.21,0.04596,23.099999999999415,BINANCE
2025-09-01 07:33:39.955,108748.21,0.0001,23.099999999999415,BINANCE
2025-09-01 07:33:40.044,108748.99,0.00064,23.028440366971996,BINANCE
2025-09-01 07:33:40.121,108748.99,0.0266,23.028440366971996,BINANCE
2025-09-01 07:33:40.317,108749.0,0.00012,23.027522935779817,BINANCE
2025-09-01 07:33:40.379,108749.0,0.012,23.027522935779817,BINANCE
2025-09-01 07:33:40.380,108749.0,5e-05,23.027522935779817,BINANCE
2025-09-01 07:33:40.380,108749.0,0.00234,23.027522935779817,BINANCE
2025-09-01 07:33:40.380,108749.0,0.012,23.027522935779817,BINANCE
2025-09-01 07:33:40.380,108749.0,0.00102,23.027522935779817,BINANCE
2025-09-01 07:33:40.380,108749.0,0.02,23.027522935779817,BINANCE
2025-09-01 07:33:40.380,108749.0,0.003,23.027522935779817,BINANCE
2025-09-01 07:33:40.380,108749.0,0.008,23.027522935779817,BINANCE
2025-09-01 07:33:40.380,108749.0,0.00814,23.027522935779817,BINANCE
2025-09-01 07:33:40.380,108749.0,0.00987,23.027522935779817,BINANCE
2025-09-01 07:33:40.380,108749.0,0.00988,23.027522935779817,BINANCE
2025-09-01 07:33:40.381,108749.0,0.02,23.027522935779817,BINANCE
2025-09-01 07:33:40.381,108749.0,0.016,23.027522935779817,BINANCE
2025-09-01 07:33:40.381,108749.0,0.003,23.027522935779817,BINANCE
2025-09-01 07:33:40.381,108749.0,0.018,23.027522935779817,BINANCE
2025-09-01 07:33:40.381,108749.0,0.012,23.027522935779817,BINANCE
2025-09-01 07:33:40.381,108749.0,0.00451,23.027522935779817,BINANCE
2025-09-01 07:33:40.381,108749.0,0.002,23.027522935779817,BINANCE
2025-09-01 07:33:40.381,108749.0,0.00549,23.027522935779817,BINANCE
2025-09-01 07:33:40.382,108749.0,0.003,23.027522935779817,BINANCE
2025-09-01 07:33:40.383,108749.0,5e-05,23.027522935779817,BINANCE
2025-09-01 07:33:40.383,108749.0,0.03123,23.027522935779817,BINANCE
2025-09-01 07:33:40.383,108749.0,0.02,23.027522935779817,BINANCE
2025-09-01 07:33:40.383,108749.0,0.02725,23.027522935779817,BINANCE
2025-09-01 07:33:40.384,108749.0,0.003,23.027522935779817,BINANCE
2025-09-01 07:33:40.392,108749.0,0.01173,23.027522935779817,BINANCE
2025-09-01 07:33:40.392,108749.0,0.22481,23.027522935779817,BINANCE
2025-09-01 07:33:40.394,108749.01,5e-05,23.02660550458764,BINANCE
2025-09-01 07:33:40.394,108749.01,0.0001,23.02660550458764,BINANCE
2025-09-01 07:33:40.394,108749.62,0.00033,22.97064220183529,BINANCE
2025-09-01 07:33:40.394,108749.75,0.00017,22.958715596330276,BINANCE
2025-09-01 07:33:40.394,108749.77,5e-05,22.956880733944583,BINANCE
2025-09-01 07:33:40.394,108749.0,5e-05,23.027522935779817,BINANCE
2025-09-01 07:33:40.394,108749.0,0.00017,23.027522935779817,BINANCE
2025-09-01 07:33:40.394,108749.0,0.0001,23.027522935779817,BINANCE
2025-09-01 07:33:40.394,108749.0,0.0092,23.027522935779817,BINANCE
2025-09-01 07:33:40.400,108750.0,5e-05,22.93577981651376,BINANCE
2025-09-01 07:33:40.400,108750.0,6e-05,22.93577981651376,BINANCE
2025-09-01 07:33:40.400,108750.0,0.00034,22.93577981651376,BINANCE
2025-09-01 07:33:40.400,108750.0,8e-05,22.93577981651376,BINANCE
2025-09-01 07:33:40.400,108750.0,0.00022,22.93577981651376,BINANCE
2025-09-01 07:33:40.400,108749.79,5e-05,22.95504587156022,BINANCE
2025-09-01 07:33:40.400,108749.99,5e-05,22.93669724770594,BINANCE
2025-09-01 07:33:40.400,108749.99,0.00027,22.93669724770594,BINANCE
2025-09-01 07:33:40.400,108749.98,9e-05,22.937614678899457,BINANCE
2025-09-01 07:33:40.400,108750.0,0.00021,22.93577981651376,BINANCE
2025-09-01 07:33:40.400,108750.0,0.00026,22.93577981651376,BINANCE
2025-09-01 07:33:40.400,108750.0,7e-05,22.93577981651376,BINANCE
2025-09-01 07:33:40.400,108750.0,0.00078,22.93577981651376,BINANCE
2025-09-01 07:33:40.400,108750.0,0.00028,22.93577981651376,BINANCE
2025-09-01 07:33:40.400,108750.0,0.0001,22.93577981651376,BINANCE
2025-09-01 07:33:40.400,108750.0,0.00014,22.93577981651376,BINANCE
2025-09-01 07:33:40.400,108750.0,0.0003,22.93577981651376,BINANCE
2025-09-01 07:33:40.400,108750.0,0.00136,22.93577981651376,BINANCE
2025-09-01 07:33:40.400,108750.0,0.00018,22.93577981651376,BINANCE
2025-09-01 07:33:40.400,108749.78,5e-05,22.955963302752398,BINANCE
2025-09-01 07:33:40.400,108749.78,6e-05,22.955963302752398,BINANCE
2025-09-01 07:33:40.400,108749.78,0.0001,22.955963302752398,BINANCE
2025-09-01 07:33:40.400,108749.78,0.00017,22.955963302752398,BINANCE
2025-09-01 07:33:40.400,108749.79,7e-05,22.95504587156022,BINANCE
2025-09-01 07:33:40.400,108749.78,0.01207,22.955963302752398,BINANCE
2025-09-01 07:33:40.423,108749.99,0.00029,22.93669724770594,BINANCE
2025-09-01 07:33:40.652,108750.0,5e-05,22.93577981651376,BINANCE
2025-09-01 07:33:40.652,108750.0,7e-05,22.93577981651376,BINANCE
2025-09-01 07:33:40.652,108750.0,0.0092,22.93577981651376,BINANCE
2025-09-01 07:33:40.652,108750.0,0.00025,22.93577981651376,BINANCE
2025-09-01 07:33:40.652,108750.0,0.00219,22.93577981651376,BINANCE
2025-09-01 07:33:40.652,108750.0,0.00018,22.93577981651376,BINANCE
2025-09-01 07:33:40.652,108750.0,0.00715,22.93577981651376,BINANCE
2025-09-01 07:33:40.652,108750.0,0.00021,22.93577981651376,BINANCE
2025-09-01 07:33:40.652,108750.0,0.00023,22.93577981651376,BINANCE
2025-09-01 07:33:40.652,108750.0,0.0001,22.93577981651376,BINANCE
2025-09-01 07:33:40.652,108750.0,0.00076,22.93577981651376,BINANCE
2025-09-01 07:33:40.652,108750.0,0.00416,22.93577981651376,BINANCE
2025-09-01 07:33:40.652,108750.0,0.0002,22.93577981651376,BINANCE
2025-09-01 07:33:40.652,108750.0,0.00037,22.93577981651376,BINANCE
2025-09-01 07:33:40.652,108750.0,9e-05,22.93577981651376,BINANCE
2025-09-01 07:33:40.652,108750.0,0.00013,22.93577981651376,BINANCE
2025-09-01 07:33:40.652,108750.0,0.00314,22.93577981651376,BINANCE
2025-09-01 07:33:40.652,108750.0,0.00886,22.93577981651376,BINANCE
2025-09-01 07:33:40.652,108750.0,0.012,22.93577981651376,BINANCE
2025-09-01 07:33:40.652,108750.0,0.01,22.93577981651376,BINANCE
2025-09-01 07:33:40.652,108750.0,0.01701,22.93577981651376,BINANCE
2025-09-01 07:33:40.652,108750.0,0.00244,22.93577981651376,BINANCE
2025-09-01 07:33:40.652,108750.0,0.00396,22.93577981651376,BINANCE
2025-09-01 07:33:40.652,108750.0,0.00789,22.93577981651376,BINANCE
2025-09-01 07:33:40.652,108750.0,0.00455,22.93577981651376,BINANCE
2025-09-01 07:33:40.652,108750.0,6e-05,22.93577981651376,BINANCE
2025-09-01 07:33:40.652,108750.0,0.00035,22.93577981651376,BINANCE
2025-09-01 07:33:40.652,108750.0,2e-05,22.93577981651376,BINANCE
2025-09-01 07:33:40.652,108750.0,0.00015,22.93577981651376,BINANCE
2025-09-01 07:33:40.652,108750.0,0.00062,22.93577981651376,BINANCE
2025-09-01 07:33:40.652,108750.0,0.00029,22.93577981651376,BINANCE
2025-09-01 07:33:40.652,108750.0,0.00114,22.93577981651376,BINANCE
2025-09-01 07:33:40.652,108750.0,0.00017,22.93577981651376,BINANCE
2025-09-01 07:33:40.652,108750.0,0.00011,22.93577981651376,BINANCE
2025-09-01 07:33:40.652,108750.0,0.00052,22.93577981651376,BINANCE
2025-09-01 07:33:40.652,108750.0,0.00043,22.93577981651376,BINANCE
2025-09-01 07:33:40.652,108750.0,0.0012,22.93577981651376,BINANCE
2025-09-01 07:33:40.652,108750.0,0.00228,22.93577981651376,BINANCE
2025-09-01 07:33:40.652,108750.0,0.00071,22.93577981651376,BINANCE
2025-09-01 07:33:40.652,108750.0,0.00121,22.93577981651376,BINANCE
2025-09-01 07:33:40.652,108750.0,1e-05,22.93577981651376,BINANCE
2025-09-01 07:33:40.652,108750.0,0.00359,22.93577981651376,BINANCE
2025-09-01 07:33:40.652,108750.0,0.00116,22.93577981651376,BINANCE
2025-09-01 07:33:40.652,108750.0,0.00343,22.93577981651376,BINANCE
2025-09-01 07:33:40.652,108750.0,8e-05,22.93577981651376,BINANCE
2025-09-01 07:33:40.652,108750.0,0.00022,22.93577981651376,BINANCE
2025-09-01 07:33:40.652,108750.0,0.00119,22.93577981651376,BINANCE
2025-09-01 07:33:40.652,108750.0,0.00019,22.93577981651376,BINANCE
2025-09-01 07:33:40.652,108750.0,0.00032,22.93577981651376,BINANCE
2025-09-01 07:33:40.652,108750.0,0.00031,22.93577981651376,BINANCE
2025-09-01 07:33:40.652,108750.0,0.00668,22.93577981651376,BINANCE
2025-09-01 07:33:40.653,108750.01,5e-05,22.93486238532158,BINANCE
2025-09-01 07:33:40.653,108750.01,0.0001,22.93486238532158,BINANCE
2025-09-01 07:33:40.653,108750.22,7e-05,22.91559633027512,BINANCE
2025-09-01 07:33:40.653,108751.11,5e-05,22.833944954128384,BINANCE
2025-09-01 07:33:40.653,108750.22,5e-05,22.91559633027512,BINANCE
2025-09-01 07:33:40.653,108750.73,5e-05,22.868807339449916,BINANCE
2025-09-01 07:33:40.653,108750.99,6e-05,22.844954128439888,BINANCE
2025-09-01 07:33:40.653,108750.0,0.00936,22.93577981651376,BINANCE
2025-09-01 07:33:40.653,108750.0,0.018,22.93577981651376,BINANCE
2025-09-01 07:33:40.653,108750.0,0.008,22.93577981651376,BINANCE
2025-09-01 07:33:40.653,108750.0,0.01316,22.93577981651376,BINANCE
2025-09-01 07:33:40.653,108750.0,0.001,22.93577981651376,BINANCE
2025-09-01 07:33:40.653,108750.0,0.00384,22.93577981651376,BINANCE
2025-09-01 07:33:40.653,108750.0,5e-05,22.93577981651376,BINANCE
2025-09-01 07:33:40.653,108750.0,0.0012,22.93577981651376,BINANCE
2025-09-01 07:33:40.657,108751.12,5e-05,22.833027522936206,BINANCE
2025-09-01 07:33:40.657,108751.12,0.01195,22.833027522936206,BINANCE
2025-09-01 07:33:40.658,108751.12,0.012,22.833027522936206,BINANCE
2025-09-01 07:33:40.658,108751.12,0.018,22.833027522936206,BINANCE
2025-09-01 07:33:40.659,108751.12,0.012,22.833027522936206,BINANCE
2025-09-01 07:33:40.659,108751.12,0.00714,22.833027522936206,BINANCE
2025-09-01 07:33:40.659,108751.12,0.00044,22.833027522936206,BINANCE
2025-09-01 07:33:40.659,108751.12,0.00486,22.833027522936206,BINANCE
2025-09-01 07:33:40.660,108751.12,0.018,22.833027522936206,BINANCE
2025-09-01 07:33:40.660,108751.12,0.01,22.833027522936206,BINANCE
2025-09-01 07:33:40.660,108751.12,0.00385,22.833027522936206,BINANCE
2025-09-01 07:33:40.660,108751.12,5e-05,22.833027522936206,BINANCE
2025-09-01 07:33:40.660,108751.12,0.00016,22.833027522936206,BINANCE
2025-09-01 07:33:40.660,108751.12,0.01357,22.833027522936206,BINANCE
2025-09-01 07:33:40.660,108751.12,0.0001,22.833027522936206,BINANCE
2025-09-01 07:33:40.660,108751.12,7e-05,22.833027522936206,BINANCE
2025-09-01 07:33:40.660,108751.12,3e-05,22.833027522936206,BINANCE
2025-09-01 07:33:40.660,108751.12,0.01192,22.833027522936206,BINANCE
2025-09-01 07:33:40.661,108751.12,0.0001,22.833027522936206,BINANCE
2025-09-01 07:33:40.661,108751.12,0.02,22.833027522936206,BINANCE
2025-09-01 07:33:40.661,108751.12,0.0002,22.833027522936206,BINANCE
2025-09-01 07:33:40.661,108751.12,5e-05,22.833027522936206,BINANCE
2025-09-01 07:33:40.661,108751.12,0.001,22.833027522936206,BINANCE
2025-09-01 07:33:40.661,108751.12,0.00085,22.833027522936206,BINANCE
2025-09-01 07:33:40.661,108751.12,0.00523,22.833027522936206,BINANCE
2025-09-01 07:33:40.661,108751.12,0.01052,22.833027522936206,BINANCE
2025-09-01 07:33:40.662,108751.12,0.018,22.833027522936206,BINANCE
2025-09-01 07:33:40.662,108751.12,0.0041,22.833027522936206,BINANCE
2025-09-01 07:33:40.662,108751.12,0.0119,22.833027522936206,BINANCE
2025-09-01 07:33:40.744,108751.11,7e-05,22.833944954128384,BINANCE
2025-09-01 07:33:40.970,108751.11,0.00359,22.833944954128384,BINANCE
2025-09-01 07:33:41.039,108751.12,0.012,22.833027522936206,BINANCE
2025-09-01 07:33:41.040,108751.12,0.012,22.833027522936206,BINANCE
2025-09-01 07:33:41.040,108751.12,0.01134,22.833027522936206,BINANCE
2025-09-01 07:33:41.040,108751.12,0.00066,22.833027522936206,BINANCE
2025-09-01 07:33:41.040,108751.12,0.00054,22.833027522936206,BINANCE
2025-09-01 07:33:41.040,108751.12,0.01146,22.833027522936206,BINANCE
2025-09-01 07:33:41.040,108751.12,0.00684,22.833027522936206,BINANCE
2025-09-01 07:33:41.040,108751.12,0.00143,22.833027522936206,BINANCE
2025-09-01 07:33:41.040,108751.12,5e-05,22.833027522936206,BINANCE
2025-09-01 07:33:41.040,108751.12,0.01184,22.833027522936206,BINANCE
2025-09-01 07:33:41.040,108751.12,0.00094,22.833027522936206,BINANCE
2025-09-01 07:33:41.040,108751.12,0.00016,22.833027522936206,BINANCE
2025-09-01 07:33:41.040,108751.12,0.002,22.833027522936206,BINANCE
2025-09-01 07:33:41.040,108751.12,0.00064,22.833027522936206,BINANCE
2025-09-01 07:33:41.041,108751.12,0.012,22.833027522936206,BINANCE
2025-09-01 07:33:41.041,108751.11,0.00029,22.833944954128384,BINANCE
2025-09-01 07:33:41.041,108751.12,0.008,22.833027522936206,BINANCE
2025-09-01 07:33:41.042,108751.12,0.012,22.833027522936206,BINANCE
2025-09-01 07:33:41.052,108751.11,0.00365,22.833944954128384,BINANCE
2025-09-01 07:33:41.065,108751.11,0.00186,22.833944954128384,BINANCE
2025-09-01 07:33:41.157,108751.12,0.0028,22.833027522936206,BINANCE
2025-09-01 07:33:41.366,108751.12,0.04,22.833027522936206,BINANCE
2025-09-01 07:33:41.376,108751.11,0.01561,22.833944954128384,BINANCE
2025-09-01 07:33:41.402,108751.11,0.0011,22.833944954128384,BINANCE
2025-09-01 07:33:41.450,108751.12,0.06421,22.833027522936206,BINANCE
2025-09-01 07:33:41.665,108751.11,0.00731,22.833944954128384,BINANCE
2025-09-01 07:33:41.677,108751.12,0.04655,22.833027522936206,BINANCE
2025-09-01 07:33:41.773,108751.12,0.012,22.833027522936206,BINANCE
2025-09-01 07:33:41.774,108751.12,0.012,22.833027522936206,BINANCE
2025-09-01 07:33:41.774,108751.12,0.008,22.833027522936206,BINANCE
2025-09-01 07:33:41.774,108751.12,0.00171,22.833027522936206,BINANCE
2025-09-01 07:33:41.774,108751.12,0.01029,22.833027522936206,BINANCE
2025-09-01 07:33:41.775,108751.12,0.012,22.833027522936206,BINANCE
2025-09-01 07:33:41.777,108751.12,0.012,22.833027522936206,BINANCE
2025-09-01 07:33:41.918,108751.11,0.00098,22.833944954128384,BINANCE
2025-09-01 07:33:41.924,108751.11,0.00287,22.833944954128384,BINANCE
2025-09-01 07:33:42.045,108751.12,0.02,22.833027522936206,BINANCE
2025-09-01 07:33:42.073,108751.11,0.00011,22.833944954128384,BINANCE
2025-09-01 07:33:42.392,108751.11,0.00082,22.833944954128384,BINANCE
2025-09-01 07:33:42.396,108751.11,0.00072,22.833944954128384,BINANCE
2025-09-01 07:33:42.443,108751.11,0.00098,22.833944954128384,BINANCE
2025-09-01 07:33:42.724,108751.12,0.012,22.833027522936206,BINANCE
2025-09-01 07:33:42.725,108751.12,0.012,22.833027522936206,BINANCE
2025-09-01 07:33:42.725,108751.12,0.00482,22.833027522936206,BINANCE
2025-09-01 07:33:42.725,108751.12,0.00602,22.833027522936206,BINANCE
2025-09-01 07:33:42.725,108751.12,0.00528,22.833027522936206,BINANCE
2025-09-01 07:33:42.725,108751.12,0.0007,22.833027522936206,BINANCE
2025-09-01 07:33:42.725,108751.12,0.00036,22.833027522936206,BINANCE
2025-09-01 07:33:42.725,108751.12,0.001,22.833027522936206,BINANCE
2025-09-01 07:33:42.725,108751.12,5e-05,22.833027522936206,BINANCE
2025-09-01 07:33:42.725,108751.12,0.00718,22.833027522936206,BINANCE
2025-09-01 07:33:42.725,108751.12,0.00644,22.833027522936206,BINANCE
2025-09-01 07:33:42.725,108751.12,0.00276,22.833027522936206,BINANCE
2025-09-01 07:33:42.725,108751.12,0.00904,22.833027522936206,BINANCE
2025-09-01 07:33:42.726,108751.12,0.012,22.833027522936206,BINANCE
2025-09-01 07:33:42.726,108751.12,0.02,22.833027522936206,BINANCE
2025-09-01 07:33:42.726,108751.12,0.00932,22.833027522936206,BINANCE
2025-09-01 07:33:42.726,108751.12,0.0012,22.833027522936206,BINANCE
2025-09-01 07:33:42.726,108751.12,0.00148,22.833027522936206,BINANCE
2025-09-01 07:33:42.859,108751.11,0.0005,22.833944954128384,BINANCE
2025-09-01 07:33:42.943,108751.11,9e-05,22.833944954128384,BINANCE
2025-09-01 07:33:43.127,108751.12,0.00031,22.833027522936206,BINANCE
2025-09-01 07:33:43.326,108751.11,0.0013,22.833944954128384,BINANCE
2025-09-01 07:33:43.434,108751.11,0.00616,22.833944954128384,BINANCE
2025-09-01 07:33:43.652,108751.11,0.00049,22.833944954128384,BINANCE
2025-09-01 07:33:43.709,108751.11,6e-05,22.833944954128384,BINANCE
2025-09-01 07:33:43.715,108751.11,0.00049,22.833944954128384,BINANCE
2025-09-01 07:33:43.768,108751.11,0.00046,22.833944954128384,BINANCE
2025-09-01 07:33:43.826,108751.11,0.00046,22.833944954128384,BINANCE
2025-09-01 07:33:43.944,108751.11,7e-05,22.833944954128384,BINANCE
2025-09-01 07:33:44.106,108751.11,0.00046,22.833944954128384,BINANCE
2025-09-01 07:33:44.192,108751.11,0.00046,22.833944954128384,BINANCE
2025-09-01 07:33:44.217,108751.12,0.012,22.833027522936206,BINANCE
2025-09-01 07:33:44.218,108751.12,0.012,22.833027522936206,BINANCE
2025-09-01 07:33:44.218,108751.12,0.00699,22.833027522936206,BINANCE
2025-09-01 07:33:44.218,108751.12,0.00501,22.833027522936206,BINANCE
2025-09-01 07:33:44.218,108751.12,0.008,22.833027522936206,BINANCE
2025-09-01 07:33:44.219,108751.12,0.012,22.833027522936206,BINANCE
2025-09-01 07:33:44.219,108751.12,0.02,22.833027522936206,BINANCE
2025-09-01 07:33:44.303,108751.11,9e-05,22.833944954128384,BINANCE
2025-09-01 07:33:44.306,108751.12,0.0004,22.833027522936206,BINANCE
2025-09-01 07:33:44.392,108751.11,0.00032,22.833944954128384,BINANCE
2025-09-01 07:33:44.758,108751.12,0.05362,22.833027522936206,BINANCE
2025-09-01 07:33:44.817,108751.12,0.04655,22.833027522936206,BINANCE
2025-09-01 07:33:44.817,108751.12,0.03678,22.833027522936206,BINANCE
2025-09-01 07:33:44.817,108751.12,5e-05,22.833027522936206,BINANCE
2025-09-01 07:33:44.817,108751.12,0.00662,22.833027522936206,BINANCE
2025-09-01 07:33:44.897,108751.13,5e-05,22.832110091742692,BINANCE
2025-09-01 07:33:44.897,108751.12,5e-05,22.833027522936206,BINANCE
2025-09-01 07:33:44.897,108751.12,0.00258,22.833027522936206,BINANCE
2025-09-01 07:33:44.897,108751.12,0.002,22.833027522936206,BINANCE
2025-09-01 07:33:44.897,108751.12,0.00099,22.833027522936206,BINANCE
2025-09-01 07:33:44.899,108754.27,6e-05,22.544036697247336,BINANCE
2025-09-01 07:33:44.899,108754.0,5e-05,22.568807339449542,BINANCE
2025-09-01 07:33:44.899,108753.23,0.0001,22.639449541284776,BINANCE
2025-09-01 07:33:44.899,108753.0,0.001,22.660550458715594,BINANCE
2025-09-01 07:33:44.899,108752.72,6e-05,22.686238532109982,BINANCE
2025-09-01 07:33:44.899,108752.95,6e-05,22.665137614679164,BINANCE
2025-09-01 07:33:44.899,108752.95,0.00012,22.665137614679164,BINANCE
2025-09-01 07:33:44.899,108752.86,5e-05,22.67339449541279,BINANCE
2025-09-01 07:33:44.899,108753.08,8e-05,22.653211009174154,BINANCE
2025-09-01 07:33:44.899,108754.49,0.00033,22.523853211008692,BINANCE
2025-09-01 07:33:44.899,108754.67,5e-05,22.507339449541444,BINANCE
2025-09-01 07:33:44.899,108754.67,1e-05,22.507339449541444,BINANCE
2025-09-01 07:33:44.899,108754.67,4e-05,22.507339449541444,BINANCE
2025-09-01 07:33:44.899,108755.16,5e-05,22.462385321100598,BINANCE
2025-09-01 07:33:44.899,108755.27,5e-05,22.452293577981276,BINANCE
2025-09-01 07:33:44.899,108755.41,0.0001,22.43944954128408,BINANCE
2025-09-01 07:33:44.899,108755.51,0.00011,22.430275229358276,BINANCE
2025-09-01 07:33:44.899,108755.99,5e-05,22.38623853210961,BINANCE
2025-09-01 07:33:44.899,108752.55,0.00047,22.701834862385056,BINANCE
2025-09-01 07:33:44.899,108754.67,0.00151,22.507339449541444,BINANCE
2025-09-01 07:33:44.899,108752.53,0.00011,22.703669724770748,BINANCE
2025-09-01 07:33:44.899,108754.3,5e-05,22.541284403669458,BINANCE
2025-09-01 07:33:44.899,108752.31,5e-05,22.723853211009388,BINANCE
2025-09-01 07:33:44.899,108751.36,0.00445,22.811009174311874,BINANCE
2025-09-01 07:33:44.899,108751.36,5e-05,22.811009174311874,BINANCE
2025-09-01 07:33:44.899,108751.64,5e-05,22.785321100917486,BINANCE
2025-09-01 07:33:44.899,108752.35,8e-05,22.720183486237996,BINANCE
2025-09-01 07:33:44.899,108751.82,5e-05,22.768807339448898,BINANCE
2025-09-01 07:33:44.899,108751.93,0.0001,22.758715596330916,BINANCE
2025-09-01 07:33:44.899,108752.0,0.0004,22.75229357798165,BINANCE
2025-09-01 07:33:44.899,108752.0,0.002,22.75229357798165,BINANCE
2025-09-01 07:33:44.899,108752.0,0.00015,22.75229357798165,BINANCE
2025-09-01 07:33:44.899,108752.05,0.00013,22.74770642201808,BINANCE
2025-09-01 07:33:44.899,108752.23,0.00029,22.731192660550835,BINANCE
2025-09-01 07:33:44.901,108756.0,0.00505,22.38532110091743,BINANCE
2025-09-01 07:33:44.901,108756.0,0.00015,22.38532110091743,BINANCE
2025-09-01 07:33:44.901,108756.0,0.002,22.38532110091743,BINANCE
2025-09-01 07:33:44.901,108756.0,0.0004,22.38532110091743,BINANCE
2025-09-01 07:33:44.902,108756.45,6e-05,22.344036697247972,BINANCE
2025-09-01 07:33:44.902,108756.45,5e-05,22.344036697247972,BINANCE
2025-09-01 07:33:44.902,108756.47,5e-05,22.342201834862276,BINANCE
2025-09-01 07:33:44.902,108756.01,5e-05,22.384403669725252,BINANCE
2025-09-01 07:33:44.902,108756.67,0.00018,22.323853211009336,BINANCE
2025-09-01 07:33:44.902,108756.8,0.00026,22.31192660550432,BINANCE
2025-09-01 07:33:44.902,108757.51,0.00818,22.24678899082617,BINANCE
2025-09-01 07:33:44.902,108756.8,5e-05,22.31192660550432,BINANCE
2025-09-01 07:33:44.902,108756.84,0.0001,22.308256880734266,BINANCE
2025-09-01 07:33:44.902,108756.84,5e-05,22.308256880734266,BINANCE
2025-09-01 07:33:44.902,108756.95,6e-05,22.298165137614948,BINANCE
2025-09-01 07:33:44.902,108756.95,5e-05,22.298165137614948,BINANCE
2025-09-01 07:33:44.902,108757.0,0.0001,22.293577981651378,BINANCE
2025-09-01 07:33:44.902,108757.13,0.00038,22.28165137614636,BINANCE
2025-09-01 07:33:44.902,108757.23,5e-05,22.272477064220556,BINANCE
2025-09-01 07:33:44.902,108757.41,0.00024,22.255963302751972,BINANCE
2025-09-01 07:33:44.902,108757.48,0.00205,22.249541284404046,BINANCE
2025-09-01 07:33:44.902,108757.5,5e-05,22.247706422018346,BINANCE
2025-09-01 07:33:44.902,108756.41,5e-05,22.347706422018028,BINANCE
2025-09-01 07:33:44.902,108756.0,5e-05,22.38532110091743,BINANCE
2025-09-01 07:33:44.902,108756.0,0.00523,22.38532110091743,BINANCE
2025-09-01 07:33:44.902,108756.0,0.012,22.38532110091743,BINANCE
2025-09-01 07:33:44.902,108756.0,0.00422,22.38532110091743,BINANCE
2025-09-01 07:33:44.902,108756.0,0.00592,22.38532110091743,BINANCE
2025-09-01 07:33:44.902,108756.41,0.0004,22.347706422018028,BINANCE
2025-09-01 07:33:44.903,108757.51,0.012,22.24678899082617,BINANCE
2025-09-01 07:33:44.904,108758.35,5e-05,22.169724770641665,BINANCE
2025-09-01 07:33:44.904,108758.3,5e-05,22.174311926605235,BINANCE
2025-09-01 07:33:44.904,108758.36,0.00677,22.168807339449486,BINANCE
2025-09-01 07:33:44.904,108758.36,0.012,22.168807339449486,BINANCE
2025-09-01 07:33:44.904,108757.72,6e-05,22.22752293577971,BINANCE
2025-09-01 07:33:44.904,108758.16,7e-05,22.18715596330243,BINANCE
2025-09-01 07:33:44.904,108757.94,7e-05,22.20733944954107,BINANCE
2025-09-01 07:33:44.904,108757.75,0.00032,22.224770642201836,BINANCE
2025-09-01 07:33:44.904,108757.74,0.00023,22.225688073394014,BINANCE
2025-09-01 07:33:44.904,108758.3,0.00184,22.174311926605235,BINANCE
2025-09-01 07:33:44.904,108757.57,0.00234,22.241284403669084,BINANCE
2025-09-01 07:33:44.904,108757.57,0.00025,22.241284403669084,BINANCE
2025-09-01 07:33:44.904,108757.51,0.01175,22.24678899082617,BINANCE
2025-09-01 07:33:44.904,108757.51,0.012,22.24678899082617,BINANCE
2025-09-01 07:33:44.905,108758.36,0.012,22.168807339449486,BINANCE
2025-09-01 07:33:44.906,108758.36,0.012,22.168807339449486,BINANCE
2025-09-01 07:33:44.932,108758.35,0.0075,22.169724770641665,BINANCE
2025-09-01 07:33:44.939,108758.36,0.01975,22.168807339449486,BINANCE
2025-09-01 07:33:44.939,108758.36,5e-05,22.168807339449486,BINANCE
2025-09-01 07:33:44.941,108758.35,4e-05,22.169724770641665,BINANCE
2025-09-01 07:33:45.039,108758.36,0.01182,22.168807339449486,BINANCE
2025-09-01 07:33:45.039,108758.36,3e-05,22.168807339449486,BINANCE
2025-09-01 07:33:45.039,108758.36,5e-05,22.168807339449486,BINANCE
2025-09-01 07:33:45.039,108758.36,0.012,22.168807339449486,BINANCE
2025-09-01 07:33:45.040,108758.37,5e-05,22.167889908257308,BINANCE
2025-09-01 07:33:45.040,108758.38,0.00022,22.166972477063794,BINANCE
2025-09-01 07:33:45.040,108758.38,0.012,22.166972477063794,BINANCE
2025-09-01 07:33:45.040,108758.37,0.0001,22.167889908257308,BINANCE
2025-09-01 07:33:45.040,108758.36,5e-05,22.168807339449486,BINANCE
2025-09-01 07:33:45.040,108758.36,0.0001,22.168807339449486,BINANCE
2025-09-01 07:33:45.040,108758.36,2e-05,22.168807339449486,BINANCE
2025-09-01 07:33:45.040,108758.36,0.01193,22.168807339449486,BINANCE
2025-09-01 07:33:45.040,108758.36,0.012,22.168807339449486,BINANCE
2025-09-01 07:33:45.040,108758.36,0.01003,22.168807339449486,BINANCE
2025-09-01 07:33:45.041,108758.38,0.008,22.166972477063794,BINANCE
2025-09-01 07:33:45.042,108758.38,0.012,22.166972477063794,BINANCE
2025-09-01 07:33:45.043,108758.38,5e-05,22.166972477063794,BINANCE
2025-09-01 07:33:45.043,108758.38,0.62948,22.166972477063794,BINANCE
2025-09-01 07:33:45.043,108758.38,0.64269,22.166972477063794,BINANCE
2025-09-01 07:33:45.044,108758.52,5e-05,22.1541284403666,BINANCE
2025-09-01 07:33:45.044,108758.72,0.00032,22.135779816513658,BINANCE
2025-09-01 07:33:45.044,108758.72,5e-05,22.135779816513658,BINANCE
2025-09-01 07:33:45.044,108758.94,0.00049,22.115596330275014,BINANCE
2025-09-01 07:33:45.044,108759.09,5e-05,22.101834862385644,BINANCE
2025-09-01 07:33:45.044,108759.39,0.00018,22.074311926605557,BINANCE
2025-09-01 07:33:45.044,108759.72,0.00011,22.0440366972476,BINANCE
2025-09-01 07:33:45.044,108759.85,9e-05,22.032110091742588,BINANCE
2025-09-01 07:33:45.044,108758.45,5e-05,22.160550458715864,BINANCE
2025-09-01 07:33:45.044,108758.38,5e-05,22.166972477063794,BINANCE
2025-09-01 07:33:45.044,108758.38,0.0001,22.166972477063794,BINANCE
2025-09-01 07:33:45.044,108758.39,5e-05,22.166055045871616,BINANCE
2025-09-01 07:33:45.044,108758.45,9e-05,22.160550458715864,BINANCE
2025-09-01 07:33:45.049,108760.0,5e-05,22.018348623853214,BINANCE
2025-09-01 07:33:45.049,108760.0,0.00624,22.018348623853214,BINANCE
2025-09-01 07:33:45.049,108760.0,4e-05,22.018348623853214,BINANCE
2025-09-01 07:33:45.049,108760.0,0.0002,22.018348623853214,BINANCE
2025-09-01 07:33:45.049,108760.0,0.00264,22.018348623853214,BINANCE
2025-09-01 07:33:45.049,108760.0,0.00015,22.018348623853214,BINANCE
2025-09-01 07:33:45.049,108760.0,0.01839,22.018348623853214,BINANCE
2025-09-01 07:33:45.049,108760.0,7e-05,22.018348623853214,BINANCE
2025-09-01 07:33:45.049,108760.0,6e-05,22.018348623853214,BINANCE
2025-09-01 07:33:45.049,108760.0,0.00013,22.018348623853214,BINANCE
2025-09-01 07:33:45.049,108760.0,0.00107,22.018348623853214,BINANCE
2025-09-01 07:33:45.049,108760.0,0.00534,22.018348623853214,BINANCE
2025-09-01 07:33:45.049,108760.0,0.0004,22.018348623853214,BINANCE
2025-09-01 07:33:45.049,108760.0,0.002,22.018348623853214,BINANCE
2025-09-01 07:33:45.049,108760.0,0.00016,22.018348623853214,BINANCE
2025-09-01 07:33:45.051,108760.37,5e-05,21.9844036697252,BINANCE
2025-09-01 07:33:45.051,108760.86,0.0001,21.93944954128435,BINANCE
2025-09-01 07:33:45.051,108760.19,5e-05,22.00091743119245,BINANCE
2025-09-01 07:33:45.051,108760.22,5e-05,21.998165137614574,BINANCE
2025-09-01 07:33:45.051,108760.43,5e-05,21.97889908256945,BINANCE
2025-09-01 07:33:45.051,108760.66,5e-05,21.957798165137294,BINANCE
2025-09-01 07:33:45.051,108760.47,9e-05,21.97522935779806,BINANCE
2025-09-01 07:33:45.051,108760.64,0.00115,21.95963302752299,BINANCE
2025-09-01 07:33:45.051,108760.75,0.00467,21.949541284403672,BINANCE
2025-09-01 07:33:45.051,108760.47,0.00162,21.97522935779806,BINANCE
2025-09-01 07:33:45.051,108760.05,5e-05,22.01376146788964,BINANCE
2025-09-01 07:33:45.051,108760.0,1e-05,22.018348623853214,BINANCE
2025-09-01 07:33:45.051,108760.0,5e-05,22.018348623853214,BINANCE
2025-09-01 07:33:45.051,108760.0,0.00759,22.018348623853214,BINANCE
2025-09-01 07:33:45.051,108760.01,5e-05,22.01743119266103,BINANCE
2025-09-01 07:33:45.051,108760.05,0.00012,22.01376146788964,BINANCE
2025-09-01 07:33:45.054,108761.26,0.0001,21.902752293578462,BINANCE
2025-09-01 07:33:45.055,108761.27,5e-05,21.90183486238495,BINANCE
2025-09-01 07:33:45.055,108761.88,0.02557,21.845871559632602,BINANCE
2025-09-01 07:33:45.055,108761.87,5e-05,21.846788990826116,BINANCE
2025-09-01 07:33:45.055,108761.26,5e-05,21.902752293578462,BINANCE
2025-09-01 07:33:45.057,108764.47,6e-05,21.608256880733837,BINANCE
2025-09-01 07:33:45.057,108764.16,5e-05,21.636697247706103,BINANCE
2025-09-01 07:33:45.057,108764.0,0.00015,21.65137614678899,BINANCE
2025-09-01 07:33:45.057,108764.08,8e-05,21.644036697247543,BINANCE
2025-09-01 07:33:45.057,108764.04,0.0001,21.647706422018935,BINANCE
2025-09-01 07:33:45.057,108764.02,0.0003,21.6495412844033,BINANCE
2025-09-01 07:33:45.057,108764.7,0.0001,21.58715596330302,BINANCE
2025-09-01 07:33:45.057,108764.0,0.002,21.65137614678899,BINANCE
2025-09-01 07:33:45.057,108764.16,0.00055,21.636697247706103,BINANCE
2025-09-01 07:33:45.057,108766.65,5e-05,21.40825688073448,BINANCE
2025-09-01 07:33:45.057,108765.75,0.00013,21.490825688073393,BINANCE
2025-09-01 07:33:45.057,108766.03,5e-05,21.465137614679005,BINANCE
2025-09-01 07:33:45.057,108766.07,0.00034,21.461467889907613,BINANCE
2025-09-01 07:33:45.057,108766.65,0.00022,21.40825688073448,BINANCE
2025-09-01 07:33:45.057,108766.65,0.01123,21.40825688073448,BINANCE
2025-09-01 07:33:45.057,108766.65,0.00971,21.40825688073448,BINANCE
2025-09-01 07:33:45.057,108764.0,0.0004,21.65137614678899,BINANCE
2025-09-01 07:33:45.057,108765.66,0.00022,21.49908256880702,BINANCE
2025-09-01 07:33:45.057,108765.37,0.00078,21.52568807339492,BINANCE
2025-09-01 07:33:45.057,108763.83,5e-05,21.66697247706406,BINANCE
2025-09-01 07:33:45.057,108761.88,0.00095,21.845871559632602,BINANCE
2025-09-01 07:33:45.057,108761.88,5e-05,21.845871559632602,BINANCE
2025-09-01 07:33:45.057,108762.05,5e-05,21.83027522935753,BINANCE
2025-09-01 07:33:45.057,108762.38,6e-05,21.79999999999957,BINANCE
2025-09-01 07:33:45.057,108762.38,5e-05,21.79999999999957,BINANCE
2025-09-01 07:33:45.057,108762.56,0.00131,21.783486238532323,BINANCE
2025-09-01 07:33:45.057,108762.56,5e-05,21.783486238532323,BINANCE
2025-09-01 07:33:45.057,108762.61,5e-05,21.778899082568753,BINANCE
2025-09-01 07:33:45.057,108762.05,8e-05,21.83027522935753,BINANCE
2025-09-01 07:33:45.057,108762.64,5e-05,21.77614678899088,BINANCE
2025-09-01 07:33:45.057,108763.83,0.001,21.66697247706406,BINANCE
2025-09-01 07:33:45.057,108763.4,0.0003,21.70642201834916,BINANCE
2025-09-01 07:33:45.057,108763.88,0.0003,21.66238532110049,BINANCE
2025-09-01 07:33:45.057,108763.37,5e-05,21.709174311927033,BINANCE
2025-09-01 07:33:45.057,108763.08,7e-05,21.7357798165136,BINANCE
2025-09-01 07:33:45.057,108763.04,5e-05,21.73944954128499,BINANCE
2025-09-01 07:33:45.057,108763.04,8e-05,21.73944954128499,BINANCE
2025-09-01 07:33:45.060,108766.66,6e-05,21.407339449540963,BINANCE
2025-09-01 07:33:45.060,108766.66,0.00329,21.407339449540963,BINANCE
2025-09-01 07:33:45.061,108766.66,0.006,21.407339449540963,BINANCE
2025-09-01 07:33:45.066,108766.66,0.02,21.407339449540963,BINANCE
2025-09-01 07:33:45.142,108766.65,0.00113,21.40825688073448,BINANCE
2025-09-01 07:33:45.176,108766.65,0.0001,21.40825688073448,BINANCE
2025-09-01 07:33:45.188,108766.66,5e-05,21.407339449540963,BINANCE
2025-09-01 07:33:45.188,108766.66,0.01292,21.407339449540963,BINANCE
2025-09-01 07:33:45.188,108766.66,0.00222,21.407339449540963,BINANCE
2025-09-01 07:33:45.188,108766.66,0.03509,21.407339449540963,BINANCE
2025-09-01 07:33:45.188,108766.66,0.01288,21.407339449540963,BINANCE
2025-09-01 07:33:45.203,108766.66,7e-05,21.407339449540963,BINANCE
2025-09-01 07:33:45.283,108766.65,0.00449,21.40825688073448,BINANCE
2025-09-01 07:33:45.312,108766.65,0.0085,21.40825688073448,BINANCE
2025-09-01 07:33:45.386,108766.66,0.012,21.407339449540963,BINANCE
2025-09-01 07:33:45.389,108766.66,0.012,21.407339449540963,BINANCE
2025-09-01 07:33:45.396,108766.66,0.00322,21.407339449540963,BINANCE
2025-09-01 07:33:45.422,108766.65,0.0066,21.40825688073448,BINANCE
2025-09-01 07:33:45.429,108766.67,5e-05,21.406422018348785,BINANCE
2025-09-01 07:33:45.429,108767.43,5e-05,21.336697247707065,BINANCE
2025-09-01 07:33:45.429,108767.62,0.00109,21.319266055046302,BINANCE
2025-09-01 07:33:45.429,108767.62,5e-05,21.319266055046302,BINANCE
2025-09-01 07:33:45.429,108767.74,5e-05,21.308256880733463,BINANCE
2025-09-01 07:33:45.429,108768.05,5e-05,21.279816513761205,BINANCE
2025-09-01 07:33:45.429,108767.83,7e-05,21.299999999999837,BINANCE
2025-09-01 07:33:45.429,108767.95,0.00022,21.28899082568834,BINANCE
2025-09-01 07:33:45.429,108768.0,0.0004,21.28440366972477,BINANCE
2025-09-01 07:33:45.429,108768.0,0.00015,21.28440366972477,BINANCE
2025-09-01 07:33:45.429,108768.0,5e-05,21.28440366972477,BINANCE
2025-09-01 07:33:45.429,108768.04,5e-05,21.28073394495472,BINANCE
2025-09-01 07:33:45.429,108768.19,5e-05,21.26697247706401,BINANCE
2025-09-01 07:33:45.429,108768.56,6e-05,21.233027522935995,BINANCE
2025-09-01 07:33:45.429,108766.67,0.0001,21.406422018348785,BINANCE
2025-09-01 07:33:45.429,108768.0,0.002,21.28440366972477,BINANCE
2025-09-01 07:33:45.429,108766.66,0.14588,21.407339449540963,BINANCE
2025-09-01 07:33:45.429,108766.66,0.002,21.407339449540963,BINANCE
2025-09-01 07:33:45.429,108766.66,0.00471,21.407339449540963,BINANCE
2025-09-01 07:33:45.429,108766.66,5e-05,21.407339449540963,BINANCE
2025-09-01 07:33:45.429,108766.66,0.0092,21.407339449540963,BINANCE
2025-09-01 07:33:45.429,108766.66,0.04596,21.407339449540963,BINANCE
2025-09-01 07:33:45.429,108766.66,0.0001,21.407339449540963,BINANCE
2025-09-01 07:33:45.431,108769.05,0.00014,21.188073394495145,BINANCE
2025-09-01 07:33:45.431,108769.22,5e-05,21.17247706422008,BINANCE
2025-09-01 07:33:45.431,108768.96,0.00055,21.196330275228767,BINANCE
2025-09-01 07:33:45.431,108768.89,0.00012,21.202752293578037,BINANCE
2025-09-01 07:33:45.431,108768.58,5e-05,21.231192660550295,BINANCE
2025-09-01 07:33:45.431,108768.58,0.01178,21.231192660550295,BINANCE
2025-09-01 07:33:45.431,108768.89,0.0001,21.202752293578037,BINANCE
2025-09-01 07:33:45.432,108769.22,5e-05,21.17247706422008,BINANCE
2025-09-01 07:33:45.432,108768.59,5e-05,21.230275229358117,BINANCE
2025-09-01 07:33:45.432,108768.58,5e-05,21.231192660550295,BINANCE
2025-09-01 07:33:45.441,108769.23,0.00018,21.171559633027897,BINANCE
2025-09-01 07:33:45.441,108769.23,0.01734,21.171559633027897,BINANCE
2025-09-01 07:33:45.441,108769.23,7e-05,21.171559633027897,BINANCE
2025-09-01 07:33:45.441,108769.23,8e-05,21.171559633027897,BINANCE
2025-09-01 07:33:45.441,108769.23,6e-05,21.171559633027897,BINANCE
2025-09-01 07:33:45.441,108769.23,0.00053,21.171559633027897,BINANCE
2025-09-01 07:33:45.441,108769.23,0.00025,21.171559633027897,BINANCE
2025-09-01 07:33:45.441,108769.23,0.00043,21.171559633027897,BINANCE
2025-09-01 07:33:45.441,108769.23,0.00011,21.171559633027897,BINANCE
2025-09-01 07:33:45.443,108769.23,5e-05,21.171559633027897,BINANCE
2025-09-01 07:33:45.443,108769.24,5e-05,21.17064220183438,BINANCE
2025-09-01 07:33:45.443,108769.24,3e-05,21.17064220183438,BINANCE
2025-09-01 07:33:45.443,108769.23,0.01525,21.171559633027897,BINANCE
2025-09-01 07:33:45.443,108769.23,0.00078,21.171559633027897,BINANCE
2025-09-01 07:33:45.443,108769.23,0.0003,21.171559633027897,BINANCE
2025-09-01 07:33:45.443,108769.23,0.0551,21.171559633027897,BINANCE
2025-09-01 07:33:45.444,108769.61,5e-05,21.13669724770637,BINANCE
2025-09-01 07:33:45.444,108770.19,0.00018,21.083486238531894,BINANCE
2025-09-01 07:33:45.444,108770.17,7e-05,21.085321100917593,BINANCE
2025-09-01 07:33:45.444,108770.0,0.00012,21.10091743119266,BINANCE
2025-09-01 07:33:45.444,108769.93,5e-05,21.107339449541925,BINANCE
2025-09-01 07:33:45.444,108769.93,0.00037,21.107339449541925,BINANCE
2025-09-01 07:33:45.444,108769.26,5e-05,21.168807339450023,BINANCE
2025-09-01 07:33:45.444,108769.26,0.00023,21.168807339450023,BINANCE
2025-09-01 07:33:45.444,108769.24,5e-05,21.17064220183438,BINANCE
2025-09-01 07:33:45.444,108769.24,2e-05,21.17064220183438,BINANCE
2025-09-01 07:33:45.446,108770.2,5e-05,21.082568807339715,BINANCE
2025-09-01 07:33:45.446,108770.21,5e-05,21.0816513761462,BINANCE
2025-09-01 07:33:45.446,108770.65,6e-05,21.04128440367026,BINANCE
2025-09-01 07:33:45.446,108770.73,0.00042,21.033944954128813,BINANCE
2025-09-01 07:33:45.446,108771.0,0.00015,21.009174311926603,BINANCE
2025-09-01 07:33:45.446,108771.08,1e-05,21.001834862385163,BINANCE
2025-09-01 07:33:45.446,108770.2,0.00011,21.082568807339715,BINANCE
2025-09-01 07:33:45.446,108770.2,0.00055,21.082568807339715,BINANCE
2025-09-01 07:33:45.465,108770.19,7e-05,21.083486238531894,BINANCE
2025-09-01 07:33:45.539,108770.19,0.004,21.083486238531894,BINANCE
2025-09-01 07:33:45.710,108770.19,0.0013,21.083486238531894,BINANCE
2025-09-01 07:33:45.951,108770.19,0.00293,21.083486238531894,BINANCE
2025-09-01 07:33:46.246,108770.19,0.001,21.083486238531894,BINANCE
2025-09-01 07:33:46.346,108770.19,0.009,21.083486238531894,BINANCE
2025-09-01 07:33:46.625,108770.2,5e-05,21.082568807339715,BINANCE
2025-09-01 07:33:46.718,108770.19,0.00114,21.083486238531894,BINANCE
2025-09-01 07:33:46.886,108770.19,0.00051,21.083486238531894,BINANCE
2025-09-01 07:33:47.065,108770.2,0.00014,21.082568807339715,BINANCE
2025-09-01 07:33:47.065,108770.2,0.00051,21.082568807339715,BINANCE
2025-09-01 07:33:47.065,108770.2,6e-05,21.082568807339715,BINANCE
2025-09-01 07:33:47.065,108770.2,5e-05,21.082568807339715,BINANCE
2025-09-01 07:33:47.221,108770.19,0.00226,21.083486238531894,BINANCE
2025-09-01 07:33:47.475,108770.19,5e-05,21.083486238531894,BINANCE
2025-09-01 07:33:47.547,108770.19,0.00023,21.083486238531894,BINANCE
2025-09-01 07:33:47.565,108770.2,0.006,21.082568807339715,BINANCE
2025-09-01 07:33:47.565,108770.2,0.00045,21.082568807339715,BINANCE
2025-09-01 07:33:47.565,108770.2,0.01089,21.082568807339715,BINANCE
2025-09-01 07:33:47.565,108770.2,0.00025,21.082568807339715,BINANCE
2025-09-01 07:33:47.565,108770.2,5e-05,21.082568807339715,BINANCE
2025-09-01 07:33:47.565,108770.2,0.00879,21.082568807339715,BINANCE
2025-09-01 07:33:47.565,108770.2,0.0021,21.082568807339715,BINANCE
2025-09-01 07:33:47.566,108770.21,5e-05,21.0816513761462,BINANCE
2025-09-01 07:33:47.566,108770.21,0.0001,21.0816513761462,BINANCE
2025-09-01 07:33:47.566,108771.08,0.00025,21.001834862385163,BINANCE
2025-09-01 07:33:47.566,108771.16,5e-05,20.994495412843715,BINANCE
2025-09-01 07:33:47.566,108771.39,5e-05,20.973394495412897,BINANCE
2025-09-01 07:33:47.566,108771.72,0.00392,20.94311926605494,BINANCE
2025-09-01 07:33:47.566,108771.72,5e-05,20.94311926605494,BINANCE
2025-09-01 07:33:47.566,108771.79,0.00046,20.936697247707006,BINANCE
2025-09-01 07:33:47.566,108771.8,0.00012,20.93577981651349,BINANCE
2025-09-01 07:33:47.566,108771.99,5e-05,20.91834862385273,BINANCE
2025-09-01 07:33:47.566,108770.2,0.25761,21.082568807339715,BINANCE
2025-09-01 07:33:47.566,108770.2,5e-05,21.082568807339715,BINANCE
2025-09-01 07:33:47.566,108770.2,0.00659,21.082568807339715,BINANCE
2025-09-01 07:33:47.566,108770.2,0.00041,21.082568807339715,BINANCE
2025-09-01 07:33:47.566,108770.2,0.00879,21.082568807339715,BINANCE
2025-09-01 07:33:47.566,108770.2,0.00144,21.082568807339715,BINANCE
2025-09-01 07:33:47.566,108770.2,0.0001,21.082568807339715,BINANCE
2025-09-01 07:33:47.566,108770.2,0.01178,21.082568807339715,BINANCE
2025-09-01 07:33:47.568,108772.04,5e-05,20.913761467890495,BINANCE
2025-09-01 07:33:47.568,108772.53,0.00011,20.86880733944965,BINANCE
2025-09-01 07:33:47.568,108772.32,0.00012,20.88807339449477,BINANCE
2025-09-01 07:33:47.568,108772.31,5e-05,20.88899082568829,BINANCE
2025-09-01 07:33:47.568,108772.0,5e-05,20.91743119266055,BINANCE
2025-09-01 07:33:47.568,108772.0,0.0004,20.91743119266055,BINANCE
2025-09-01 07:33:47.568,108772.0,0.00015,20.91743119266055,BINANCE
2025-09-01 07:33:47.568,108772.0,0.002,20.91743119266055,BINANCE
2025-09-01 07:33:47.575,108773.07,5e-05,20.819266055045233,BINANCE
2025-09-01 07:33:47.575,108773.12,5e-05,20.814678899082995,BINANCE
2025-09-01 07:33:47.575,108773.13,5e-05,20.81376146788948,BINANCE
2025-09-01 07:33:47.575,108773.28,0.00038,20.800000000000107,BINANCE
2025-09-01 07:33:47.575,108773.35,9e-05,20.793577981650845,BINANCE
2025-09-01 07:33:47.575,108773.0,6e-05,20.825688073394495,BINANCE
2025-09-01 07:33:47.575,108772.94,5e-05,20.831192660550244,BINANCE
2025-09-01 07:33:47.575,108772.93,0.00346,20.832110091743758,BINANCE
2025-09-01 07:33:47.575,108772.93,0.01726,20.832110091743758,BINANCE
2025-09-01 07:33:47.575,108772.93,5e-05,20.832110091743758,BINANCE
2025-09-01 07:33:47.580,108779.03,0.00018,20.272477064220293,BINANCE
2025-09-01 07:33:47.580,108779.03,5e-05,20.272477064220293,BINANCE
2025-09-01 07:33:47.580,108779.03,7e-05,20.272477064220293,BINANCE
2025-09-01 07:33:47.580,108779.03,0.00017,20.272477064220293,BINANCE
2025-09-01 07:33:47.580,108779.72,0.00024,20.2091743119265,BINANCE
2025-09-01 07:33:47.580,108779.04,0.00031,20.271559633028108,BINANCE
2025-09-01 07:33:47.580,108779.17,0.0006,20.259633027523098,BINANCE
2025-09-01 07:33:47.580,108779.4,6e-05,20.23853211009228,BINANCE
2025-09-01 07:33:47.580,108779.51,5e-05,20.228440366972954,BINANCE
2025-09-01 07:33:47.580,108779.03,0.00025,20.272477064220293,BINANCE
2025-09-01 07:33:47.580,108779.75,6e-05,20.206422018348622,BINANCE
2025-09-01 07:33:47.580,108779.86,5e-05,20.196330275229304,BINANCE
2025-09-01 07:33:47.580,108779.03,0.00022,20.272477064220293,BINANCE
2025-09-01 07:33:47.580,108779.03,0.00012,20.272477064220293,BINANCE
2025-09-01 07:33:47.580,108779.03,0.00029,20.272477064220293,BINANCE
2025-09-01 07:33:47.580,108782.87,0.00032,19.920183486238958,BINANCE
2025-09-01 07:33:47.580,108778.78,7e-05,20.295412844036804,BINANCE
2025-09-01 07:33:47.580,108778.87,5e-05,20.287155963303178,BINANCE
2025-09-01 07:33:47.580,108778.9,2e-05,20.284403669725304,BINANCE
2025-09-01 07:33:47.580,108778.9,3e-05,20.284403669725304,BINANCE
2025-09-01 07:33:47.580,108778.99,0.00088,20.276146788990346,BINANCE
2025-09-01 07:33:47.580,108779.03,9e-05,20.272477064220293,BINANCE
2025-09-01 07:33:47.580,108782.6,6e-05,19.944954128439832,BINANCE
2025-09-01 07:33:47.580,108779.03,6e-05,20.272477064220293,BINANCE
2025-09-01 07:33:47.580,108779.03,0.00014,20.272477064220293,BINANCE
2025-09-01 07:33:47.580,108782.55,6e-05,19.949541284403402,BINANCE
2025-09-01 07:33:47.580,108780.0,0.00459,20.183486238532108,BINANCE
2025-09-01 07:33:47.580,108781.57,8e-05,20.039449541283762,BINANCE
2025-09-01 07:33:47.580,108781.69,5e-05,20.028440366972262,BINANCE
2025-09-01 07:33:47.580,108781.76,0.0002,20.022018348624336,BINANCE
2025-09-01 07:33:47.580,108781.81,0.00136,20.017431192660766,BINANCE
2025-09-01 07:33:47.580,108781.81,6e-05,20.017431192660766,BINANCE
2025-09-01 07:33:47.580,108781.88,5e-05,20.011009174311496,BINANCE
2025-09-01 07:33:47.580,108782.53,7e-05,19.951376146789098,BINANCE
2025-09-01 07:33:47.580,108778.69,0.00028,20.30366972477043,BINANCE
2025-09-01 07:33:47.580,108781.45,7e-05,20.050458715596594,BINANCE
2025-09-01 07:33:47.580,108779.95,8e-05,20.188073394495678,BINANCE
2025-09-01 07:33:47.580,108781.42,9e-05,20.053211009174472,BINANCE
2025-09-01 07:33:47.580,108780.95,0.00024,20.096330275229626,BINANCE
2025-09-01 07:33:47.580,108780.0,0.0004,20.183486238532108,BINANCE
2025-09-01 07:33:47.580,108780.0,0.00199,20.183486238532108,BINANCE
2025-09-01 07:33:47.580,108780.0,1e-05,20.183486238532108,BINANCE
2025-09-01 07:33:47.580,108780.0,0.00015,20.183486238532108,BINANCE
2025-09-01 07:33:47.580,108780.0,0.01184,20.183486238532108,BINANCE
2025-09-01 07:33:47.580,108780.0,0.00655,20.183486238532108,BINANCE
2025-09-01 07:33:47.580,108780.11,0.00167,20.17339449541279,BINANCE
2025-09-01 07:33:47.580,108780.11,5e-05,20.17339449541279,BINANCE
2025-09-01 07:33:47.580,108780.22,5e-05,20.163302752293472,BINANCE
2025-09-01 07:33:47.580,108780.34,0.00018,20.152293577981972,BINANCE
2025-09-01 07:33:47.580,108780.47,6e-05,20.140366972476958,BINANCE
2025-09-01 07:33:47.580,108780.86,5e-05,20.104587155963248,BINANCE
2025-09-01 07:33:47.580,108781.17,0.00023,20.076146788990982,BINANCE
2025-09-01 07:33:47.580,108778.0,5e-05,20.36697247706422,BINANCE
2025-09-01 07:33:47.580,108774.27,5e-05,20.70917431192623,BINANCE
2025-09-01 07:33:47.580,108774.4,6e-05,20.69724770642255,BINANCE
2025-09-01 07:33:47.580,108775.0,5e-05,20.642201834862387,BINANCE
2025-09-01 07:33:47.580,108775.0,0.00145,20.642201834862387,BINANCE
2025-09-01 07:33:47.580,108775.0,6e-05,20.642201834862387,BINANCE
2025-09-01 07:33:47.580,108775.2,0.0003,20.62385321100944,BINANCE
2025-09-01 07:33:47.580,108775.73,0.00027,20.575229357798538,BINANCE
2025-09-01 07:33:47.580,108775.73,9e-05,20.575229357798538,BINANCE
2025-09-01 07:33:47.580,108775.73,0.00086,20.575229357798538,BINANCE
2025-09-01 07:33:47.580,108775.73,0.0001,20.575229357798538,BINANCE
2025-09-01 07:33:47.580,108775.73,0.0003,20.575229357798538,BINANCE
2025-09-01 07:33:47.580,108776.0,0.0004,20.55045871559633,BINANCE
2025-09-01 07:33:47.580,108775.34,5e-05,20.611009174312247,BINANCE
2025-09-01 07:33:47.580,108774.26,5e-05,20.710091743119744,BINANCE
2025-09-01 07:33:47.580,108773.46,5e-05,20.78348623853152,BINANCE
2025-09-01 07:33:47.580,108773.52,6e-05,20.77798165137577,BINANCE
2025-09-01 07:33:47.580,108773.76,5e-05,20.755963302752775,BINANCE
2025-09-01 07:33:47.580,108773.77,5e-05,20.75504587155926,BINANCE
2025-09-01 07:33:47.580,108774.0,5e-05,20.73394495412844,BINANCE
2025-09-01 07:33:47.580,108776.0,0.002,20.55045871559633,BINANCE
2025-09-01 07:33:47.580,108777.99,5e-05,20.3678899082564,BINANCE
2025-09-01 07:33:47.580,108776.02,5e-05,20.548623853210636,BINANCE
2025-09-01 07:33:47.580,108777.6,0.00031,20.403669724770108,BINANCE
2025-09-01 07:33:47.580,108777.77,0.00014,20.388073394495038,BINANCE
2025-09-01 07:33:47.580,108777.93,0.00027,20.373394495413486,BINANCE
2025-09-01 07:33:47.580,108777.93,0.00068,20.373394495413486,BINANCE
2025-09-01 07:33:47.580,108777.96,6e-05,20.370642201834272,BINANCE
2025-09-01 07:33:47.580,108777.99,0.001,20.3678899082564,BINANCE
2025-09-01 07:33:47.580,108778.0,0.00924,20.36697247706422,BINANCE
2025-09-01 07:33:47.580,108776.0,0.00015,20.55045871559633,BINANCE
2025-09-01 07:33:47.580,108777.14,5e-05,20.445871559633083,BINANCE
2025-09-01 07:33:47.580,108777.46,5e-05,20.416513761467304,BINANCE
2025-09-01 07:33:47.580,108777.0,0.0006,20.458715596330272,BINANCE
2025-09-01 07:33:47.580,108776.31,0.00151,20.522018348624066,BINANCE
2025-09-01 07:33:47.580,108776.31,5e-05,20.522018348624066,BINANCE
2025-09-01 07:33:47.580,108776.47,0.00057,20.507339449541178,BINANCE
2025-09-01 07:33:47.580,108776.61,0.00017,20.494495412843985,BINANCE
2025-09-01 07:33:47.580,108776.81,8e-05,20.476146788991038,BINANCE
2025-09-01 07:33:47.581,108783.35,6e-05,19.87614678899029,BINANCE
2025-09-01 07:33:47.581,108783.78,3e-05,19.836697247706528,BINANCE
2025-09-01 07:33:47.581,108783.7,0.0002,19.844036697247972,BINANCE
2025-09-01 07:33:47.581,108783.37,0.00095,19.874311926605934,BINANCE
2025-09-01 07:33:47.581,108783.05,7e-05,19.903669724770378,BINANCE
2025-09-01 07:33:47.581,108782.96,7e-05,19.911926605504,BINANCE
2025-09-01 07:33:47.581,108782.97,0.00151,19.91100917431182,BINANCE
2025-09-01 07:33:47.581,108782.94,0.00066,19.913761467889696,BINANCE
2025-09-01 07:33:47.581,108782.87,0.00829,19.920183486238958,BINANCE
2025-09-01 07:33:47.581,108782.87,0.012,19.920183486238958,BINANCE
2025-09-01 07:33:47.581,108783.0,0.00016,19.908256880733944,BINANCE
2025-09-01 07:33:47.582,108790.31,0.00039,19.2376146788993,BINANCE
2025-09-01 07:33:47.582,108790.24,6e-05,19.244036697247225,BINANCE
2025-09-01 07:33:47.582,108790.12,0.00013,19.25504587156006,BINANCE
2025-09-01 07:33:47.582,108790.03,5e-05,19.263302752293686,BINANCE
2025-09-01 07:33:47.582,108789.87,0.00073,19.277981651376574,BINANCE
2025-09-01 07:33:47.582,108789.69,5e-05,19.294495412843823,BINANCE
2025-09-01 07:33:47.582,108789.47,0.00022,19.314678899082462,BINANCE
2025-09-01 07:33:47.582,108789.47,5e-05,19.314678899082462,BINANCE
2025-09-01 07:33:47.582,108789.47,0.0003,19.314678899082462,BINANCE
2025-09-01 07:33:47.582,108789.47,6e-05,19.314678899082462,BINANCE
2025-09-01 07:33:47.582,108789.28,7e-05,19.332110091743225,BINANCE
2025-09-01 07:33:47.582,108789.07,0.00036,19.35137614678835,BINANCE
2025-09-01 07:33:47.582,108788.88,0.00018,19.368807339449113,BINANCE
2025-09-01 07:33:47.582,108789.63,6e-05,19.299999999999574,BINANCE
2025-09-01 07:33:47.582,108790.73,9e-05,19.199082568807714,BINANCE
2025-09-01 07:33:47.582,108791.33,0.00021,19.144036697247547,BINANCE
2025-09-01 07:33:47.582,108791.26,0.00106,19.150458715596812,BINANCE
2025-09-01 07:33:47.582,108788.7,0.0001,19.3853211009177,BINANCE
2025-09-01 07:33:47.582,108793.76,0.01052,18.921100917431673,BINANCE
2025-09-01 07:33:47.582,108793.73,7e-05,18.923853211009547,BINANCE
2025-09-01 07:33:47.582,108793.52,0.00046,18.943119266054673,BINANCE
2025-09-01 07:33:47.582,108793.1,0.0003,18.981651376146253,BINANCE
2025-09-01 07:33:47.582,108792.7,0.00065,19.018348623853477,BINANCE
2025-09-01 07:33:47.582,108791.17,0.00013,19.158715596330435,BINANCE
2025-09-01 07:33:47.582,108792.7,0.0004,19.018348623853477,BINANCE
2025-09-01 07:33:47.582,108792.59,0.00033,19.028440366972795,BINANCE
2025-09-01 07:33:47.582,108792.2,0.0001,19.064220183486505,BINANCE
2025-09-01 07:33:47.582,108792.0,0.00015,19.08256880733945,BINANCE
2025-09-01 07:33:47.582,108792.0,0.002,19.08256880733945,BINANCE
2025-09-01 07:33:47.582,108792.0,0.0004,19.08256880733945,BINANCE
2025-09-01 07:33:47.582,108792.61,7e-05,19.026605504587103,BINANCE
2025-09-01 07:33:47.582,108788.42,0.00152,19.41100917431209,BINANCE
2025-09-01 07:33:47.582,108786.02,5e-05,19.631192660550084,BINANCE
2025-09-01 07:33:47.582,108788.0,0.002,19.44954128440367,BINANCE
2025-09-01 07:33:47.582,108783.78,2e-05,19.836697247706528,BINANCE
2025-09-01 07:33:47.582,108783.78,5e-05,19.836697247706528,BINANCE
2025-09-01 07:33:47.582,108783.8,0.00082,19.834862385320836,BINANCE
2025-09-01 07:33:47.582,108783.83,0.0001,19.83211009174296,BINANCE
2025-09-01 07:33:47.582,108784.0,0.0004,19.816513761467892,BINANCE
2025-09-01 07:33:47.582,108784.0,0.002,19.816513761467892,BINANCE
2025-09-01 07:33:47.582,108784.0,0.00015,19.816513761467892,BINANCE
2025-09-01 07:33:47.582,108788.0,0.00015,19.44954128440367,BINANCE
2025-09-01 07:33:47.582,108784.28,5e-05,19.790825688073504,BINANCE
2025-09-01 07:33:47.582,108784.69,9e-05,19.753211009174098,BINANCE
2025-09-01 07:33:47.582,108784.97,7e-05,19.72752293577971,BINANCE
2025-09-01 07:33:47.582,108785.0,7e-05,19.724770642201836,BINANCE
2025-09-01 07:33:47.582,108785.15,5e-05,19.71100917431246,BINANCE
2025-09-01 07:33:47.582,108785.27,0.0001,19.699999999999626,BINANCE
2025-09-01 07:33:47.582,108784.23,0.00017,19.795412844037074,BINANCE
2025-09-01 07:33:47.582,108788.0,0.00018,19.44954128440367,BINANCE
2025-09-01 07:33:47.582,108785.77,0.00138,19.6541284403666,BINANCE
2025-09-01 07:33:47.582,108788.0,0.00022,19.44954128440367,BINANCE
2025-09-01 07:33:47.582,108788.0,0.0004,19.44954128440367,BINANCE
2025-09-01 07:33:47.582,108787.94,0.00017,19.45504587155942,BINANCE
2025-09-01 07:33:47.582,108787.87,0.00093,19.461467889908686,BINANCE
2025-09-01 07:33:47.582,108787.72,0.00012,19.475229357798057,BINANCE
2025-09-01 07:33:47.582,108788.0,0.001,19.44954128440367,BINANCE
2025-09-01 07:33:47.582,108786.88,8e-05,19.552293577981224,BINANCE
2025-09-01 07:33:47.582,108786.78,9e-05,19.561467889908364,BINANCE
2025-09-01 07:33:47.582,108786.53,0.00082,19.58440366972488,BINANCE
2025-09-01 07:33:47.582,108786.52,0.00151,19.585321100917056,BINANCE
2025-09-01 07:33:47.582,108786.12,0.00059,19.62201834862428,BINANCE
2025-09-01 07:33:47.582,108786.09,5e-05,19.624770642202154,BINANCE
2025-09-01 07:33:47.582,108786.97,5e-05,19.5440366972476,BINANCE
2025-09-01 07:33:47.583,108791.81,0.012,19.10000000000021,BINANCE
2025-09-01 07:33:47.584,108791.81,0.012,19.10000000000021,BINANCE
2025-09-01 07:33:47.584,108791.81,0.008,19.10000000000021,BINANCE
2025-09-01 07:33:47.584,108791.81,0.018,19.10000000000021,BINANCE
2025-09-01 07:33:47.585,108791.81,0.012,19.10000000000021,BINANCE
2025-09-01 07:33:47.585,108791.81,0.018,19.10000000000021,BINANCE
2025-09-01 07:33:47.585,108791.81,0.02,19.10000000000021,BINANCE
2025-09-01 07:33:47.585,108782.32,5e-05,19.97064220183422,BINANCE
2025-09-01 07:33:47.585,108791.81,0.01185,19.10000000000021,BINANCE
2025-09-01 07:33:47.586,108791.81,0.02,19.10000000000021,BINANCE
2025-09-01 07:33:47.586,108791.81,0.001,19.10000000000021,BINANCE
2025-09-01 07:33:47.587,108791.81,0.02,19.10000000000021,BINANCE
2025-09-01 07:33:47.587,108791.81,0.012,19.10000000000021,BINANCE
2025-09-01 07:33:47.588,108791.81,0.018,19.10000000000021,BINANCE
2025-09-01 07:33:47.589,108791.81,0.02,19.10000000000021,BINANCE
2025-09-01 07:33:47.591,108792.28,5e-05,19.05688073394506,BINANCE
2025-09-01 07:33:47.591,108792.0,5e-05,19.08256880733945,BINANCE
2025-09-01 07:33:47.591,108791.81,0.0121,19.10000000000021,BINANCE
2025-09-01 07:33:47.591,108786.92,5e-05,19.54862385321117,BINANCE
2025-09-01 07:33:47.591,108788.8,5e-05,19.37614678899056,BINANCE
2025-09-01 07:33:47.591,108791.81,0.01435,19.10000000000021,BINANCE
2025-09-01 07:33:47.591,108792.29,5e-05,19.055963302752883,BINANCE
2025-09-01 07:33:47.591,108793.76,0.0073,18.921100917431673,BINANCE
2025-09-01 07:33:47.591,108792.7,5e-05,19.018348623853477,BINANCE
2025-09-01 07:33:47.591,108793.76,0.02085,18.921100917431673,BINANCE
2025-09-01 07:33:47.591,108793.76,6e-05,18.921100917431673,BINANCE
2025-09-01 07:33:47.591,108785.22,5e-05,19.704587155963196,BINANCE
2025-09-01 07:33:47.591,108786.47,5e-05,19.58990825688063,BINANCE
2025-09-01 07:33:47.591,108788.42,5e-05,19.41100917431209,BINANCE
2025-09-01 07:33:47.591,108787.3,5e-05,19.51376146788964,BINANCE
2025-09-01 07:33:47.658,108792.7,0.00219,19.018348623853477,BINANCE
2025-09-01 07:33:47.664,108792.7,0.00202,19.018348623853477,BINANCE
2025-09-01 07:33:47.681,108792.69,0.00299,19.01926605504566,BINANCE
2025-09-01 07:33:47.681,108792.69,0.0003,19.01926605504566,BINANCE
2025-09-01 07:33:47.741,108792.69,0.0202,19.01926605504566,BINANCE
2025-09-01 07:33:47.749,108792.69,0.00548,19.01926605504566,BINANCE
2025-09-01 07:33:47.785,108792.69,0.00777,19.01926605504566,BINANCE
2025-09-01 07:33:47.871,108792.69,0.00095,19.01926605504566,BINANCE
2025-09-01 07:33:47.907,108792.69,0.0013,19.01926605504566,BINANCE
2025-09-01 07:33:47.975,108792.69,0.0011,19.01926605504566,BINANCE
2025-09-01 07:33:48.137,108792.7,9e-05,19.018348623853477,BINANCE
2025-09-01 07:33:48.162,108792.69,0.00352,19.01926605504566,BINANCE
2025-09-01 07:33:48.204,108792.69,0.03878,19.01926605504566,BINANCE
2025-09-01 07:33:48.204,108792.69,0.04562,19.01926605504566,BINANCE
2025-09-01 07:33:48.260,108792.69,0.00199,19.01926605504566,BINANCE
2025-09-01 07:33:48.302,108792.7,0.0001,19.018348623853477,BINANCE
2025-09-01 07:33:48.425,108792.69,0.0001,19.01926605504566,BINANCE
2025-09-01 07:33:48.495,108792.69,0.0127,19.01926605504566,BINANCE
2025-09-01 07:33:48.527,108792.69,0.00752,19.01926605504566,BINANCE
2025-09-01 07:33:48.584,108792.69,0.00834,19.01926605504566,BINANCE
2025-09-01 07:33:48.595,108792.69,0.26703,19.01926605504566,BINANCE
2025-09-01 07:33:48.595,108792.69,0.31842,19.01926605504566,BINANCE
2025-09-01 07:33:48.717,108792.7,0.00132,19.018348623853477,BINANCE
2025-09-01 07:33:48.801,108792.69,0.0019,19.01926605504566,BINANCE
2025-09-01 07:33:48.855,108792.69,0.00431,19.01926605504566,BINANCE
2025-09-01 07:33:48.856,108792.69,0.00027,19.01926605504566,BINANCE
2025-09-01 07:33:48.994,108792.7,0.06421,19.018348623853477,BINANCE
2025-09-01 07:33:49.050,108792.69,5e-05,19.01926605504566,BINANCE
2025-09-01 07:33:49.050,108792.69,0.00195,19.01926605504566,BINANCE
2025-09-01 07:33:49.056,108792.69,0.10805,19.01926605504566,BINANCE
2025-09-01 07:33:49.056,108792.69,0.0002,19.01926605504566,BINANCE
2025-09-01 07:33:49.059,108792.69,0.00049,19.01926605504566,BINANCE
2025-09-01 07:33:49.059,108792.69,0.01503,19.01926605504566,BINANCE
2025-09-01 07:33:49.235,108792.69,0.00133,19.01926605504566,BINANCE
2025-09-01 07:33:49.286,108792.69,0.00489,19.01926605504566,BINANCE
2025-09-01 07:33:49.303,108792.69,0.002,19.01926605504566,BINANCE
2025-09-01 07:33:49.600,108792.69,0.00027,19.01926605504566,BINANCE
2025-09-01 07:33:50.109,108792.69,0.00046,19.01926605504566,BINANCE
2025-09-01 07:33:50.118,108792.7,0.00926,19.018348623853477,BINANCE
2025-09-01 07:33:50.248,108792.7,0.0001,19.018348623853477,BINANCE
2025-09-01 07:33:50.371,108792.69,0.0013,19.01926605504566,BINANCE
2025-09-01 07:33:50.388,108792.69,0.00737,19.01926605504566,BINANCE
2025-09-01 07:33:50.398,108792.69,0.00356,19.01926605504566,BINANCE
2025-09-01 07:33:50.481,108792.7,0.0001,19.018348623853477,BINANCE
2025-09-01 07:33:50.674,108792.7,8e-05,19.018348623853477,BINANCE
2025-09-01 07:33:50.953,108792.69,0.00151,19.01926605504566,BINANCE
2025-09-01 07:33:50.953,108792.69,0.01837,19.01926605504566,BINANCE
2025-09-01 07:33:50.966,108792.69,0.0024,19.01926605504566,BINANCE
2025-09-01 07:33:51.126,108792.7,0.05932,19.018348623853477,BINANCE
2025-09-01 07:33:51.693,108792.7,0.01896,19.018348623853477,BINANCE
2025-09-01 07:33:51.693,108792.7,0.06752,19.018348623853477,BINANCE
2025-09-01 07:33:51.991,108792.69,0.0401,19.01926605504566,BINANCE
2025-09-01 07:33:52.236,108792.7,0.0002,19.018348623853477,BINANCE
2025-09-01 07:33:52.273,108792.7,0.00014,19.018348623853477,BINANCE
2025-09-01 07:33:52.464,108792.69,0.00021,19.01926605504566,BINANCE
2025-09-01 07:33:52.675,108792.7,0.0306,19.018348623853477,BINANCE
2025-09-01 07:33:52.690,108792.7,0.06421,19.018348623853477,BINANCE
2025-09-01 07:33:52.853,108792.7,0.012,19.018348623853477,BINANCE
2025-09-01 07:33:52.989,108792.69,0.00349,19.01926605504566,BINANCE
2025-09-01 07:33:53.091,108792.7,0.012,19.018348623853477,BINANCE
2025-09-01 07:33:53.095,108792.7,0.012,19.018348623853477,BINANCE
2025-09-01 07:33:53.103,108792.7,8e-05,19.018348623853477,BINANCE
2025-09-01 07:33:53.359,108792.7,0.0002,19.018348623853477,BINANCE
2025-09-01 07:33:53.415,108792.7,0.012,19.018348623853477,BINANCE
2025-09-01 07:33:53.416,108792.7,0.012,19.018348623853477,BINANCE
2025-09-01 07:33:53.519,108792.69,0.00559,19.01926605504566,BINANCE
2025-09-01 07:33:53.526,108792.7,0.00018,19.018348623853477,BINANCE
2025-09-01 07:33:53.751,108792.69,0.0017,19.01926605504566,BINANCE
2025-09-01 07:33:53.751,108792.69,0.00015,19.01926605504566,BINANCE
2025-09-01 07:33:53.756,108792.69,0.00013,19.01926605504566,BINANCE
2025-09-01 07:33:53.756,108792.69,0.00139,19.01926605504566,BINANCE
2025-09-01 07:33:53.764,108792.69,0.00011,19.01926605504566,BINANCE
2025-09-01 07:33:53.951,108792.7,0.012,19.018348623853477,BINANCE
2025-09-01 07:33:53.952,108792.7,0.012,19.018348623853477,BINANCE
2025-09-01 07:33:54.105,108792.69,0.00018,19.01926605504566,BINANCE
2025-09-01 07:33:54.378,108792.7,0.012,19.018348623853477,BINANCE
2025-09-01 07:33:54.379,108792.7,0.012,19.018348623853477,BINANCE
2025-09-01 07:33:54.392,108792.7,0.0001,19.018348623853477,BINANCE
2025-09-01 07:33:54.637,108792.69,0.00108,19.01926605504566,BINANCE
2025-09-01 07:33:54.676,108792.7,0.0001,19.018348623853477,BINANCE
2025-09-01 07:33:54.679,108792.7,0.012,19.018348623853477,BINANCE
2025-09-01 07:33:54.680,108792.7,0.012,19.018348623853477,BINANCE
2025-09-01 07:33:54.686,108792.7,0.0001,19.018348623853477,BINANCE
2025-09-01 07:33:54.693,108792.7,0.0001,19.018348623853477,BINANCE
2025-09-01 07:33:54.735,108792.7,0.00036,19.018348623853477,BINANCE
2025-09-01 07:33:54.737,108792.7,0.001,19.018348623853477,BINANCE
2025-09-01 07:33:54.764,108792.7,0.012,19.018348623853477,BINANCE
2025-09-01 07:33:54.766,108792.7,0.02,19.018348623853477,BINANCE
2025-09-01 07:33:54.844,108792.7,9e-05,19.018348623853477,BINANCE
2025-09-01 07:33:54.875,108792.69,0.00087,19.01926605504566,BINANCE
2025-09-01 07:33:54.939,108792.69,0.01849,19.01926605504566,BINANCE
2025-09-01 07:33:54.944,108792.7,0.00072,19.018348623853477,BINANCE
2025-09-01 07:33:54.981,108792.69,0.0005,19.01926605504566,BINANCE
2025-09-01 07:33:55.055,108792.69,0.00087,19.01926605504566,BINANCE
2025-09-01 07:33:55.123,108792.69,0.00046,19.01926605504566,BINANCE
2025-09-01 07:33:55.138,108792.69,0.00091,19.01926605504566,BINANCE
2025-09-01 07:33:55.173,108792.69,0.0018,19.01926605504566,BINANCE
2025-09-01 07:33:55.350,108792.7,0.012,19.018348623853477,BINANCE
2025-09-01 07:33:55.350,108792.7,0.00522,19.018348623853477,BINANCE
2025-09-01 07:33:55.350,108792.7,0.00275,19.018348623853477,BINANCE
2025-09-01 07:33:55.350,108792.7,0.00403,19.018348623853477,BINANCE
2025-09-01 07:33:55.351,108792.7,0.02,19.018348623853477,BINANCE
2025-09-01 07:33:55.351,108792.7,0.012,19.018348623853477,BINANCE
2025-09-01 07:33:55.351,108792.7,0.008,19.018348623853477,BINANCE
2025-09-01 07:33:55.352,108792.7,0.012,19.018348623853477,BINANCE
2025-09-01 07:33:55.361,108792.7,0.0001,19.018348623853477,BINANCE
2025-09-01 07:33:55.465,108792.7,0.00021,19.018348623853477,BINANCE
2025-09-01 07:33:55.489,108792.69,0.00731,19.01926605504566,BINANCE
2025-09-01 07:33:55.511,108792.7,0.02,19.018348623853477,BINANCE
2025-09-01 07:33:55.511,108792.7,0.018,19.018348623853477,BINANCE
2025-09-01 07:33:55.514,108792.69,0.00276,19.01926605504566,BINANCE
2025-09-01 07:33:55.835,108792.69,8e-05,19.01926605504566,BINANCE
2025-09-01 07:33:55.845,108792.7,0.012,19.018348623853477,BINANCE
2025-09-01 07:33:55.846,108792.7,0.00762,19.018348623853477,BINANCE
2025-09-01 07:33:55.846,108792.7,0.00158,19.018348623853477,BINANCE
2025-09-01 07:33:55.846,108792.7,0.01042,19.018348623853477,BINANCE
2025-09-01 07:33:55.846,108792.7,0.012,19.018348623853477,BINANCE
2025-09-01 07:33:55.846,108792.7,0.00966,19.018348623853477,BINANCE
2025-09-01 07:33:55.846,108792.7,0.00234,19.018348623853477,BINANCE
2025-09-01 07:33:55.846,108792.7,0.00438,19.018348623853477,BINANCE
2025-09-01 07:33:55.846,108792.7,0.01158,19.018348623853477,BINANCE
2025-09-01 07:33:55.846,108792.7,0.018,19.018348623853477,BINANCE
2025-09-01 07:33:55.846,108792.7,0.02,19.018348623853477,BINANCE
2025-09-01 07:33:55.846,108792.7,0.008,19.018348623853477,BINANCE
2025-09-01 07:33:55.846,108792.7,0.00042,19.018348623853477,BINANCE
2025-09-01 07:33:55.847,108792.7,5e-05,19.018348623853477,BINANCE
2025-09-01 07:33:55.847,108792.71,5e-05,19.017431192659963,BINANCE
2025-09-01 07:33:55.847,108792.7,0.0151,19.018348623853477,BINANCE
2025-09-01 07:33:55.847,108792.7,0.0059,19.018348623853477,BINANCE
2025-09-01 07:33:55.847,108792.7,0.00329,19.018348623853477,BINANCE
2025-09-01 07:33:55.847,108792.7,0.002,19.018348623853477,BINANCE
2025-09-01 07:33:55.847,108792.7,0.0001,19.018348623853477,BINANCE
2025-09-01 07:33:55.847,108792.7,0.00661,19.018348623853477,BINANCE
2025-09-01 07:33:55.847,108792.7,0.00346,19.018348623853477,BINANCE
2025-09-01 07:33:55.847,108792.7,0.00027,19.018348623853477,BINANCE
2025-09-01 07:33:55.847,108792.7,0.01187,19.018348623853477,BINANCE
2025-09-01 07:33:55.847,108792.7,0.012,19.018348623853477,BINANCE
2025-09-01 07:33:55.847,108792.7,0.00135,19.018348623853477,BINANCE
2025-09-01 07:33:55.849,108794.41,0.00021,18.86146788990794,BINANCE
2025-09-01 07:33:55.849,108794.38,5e-05,18.864220183485813,BINANCE
2025-09-01 07:33:55.849,108793.79,5e-05,18.9183486238538,BINANCE
2025-09-01 07:33:55.850,108796.0,0.0004,18.71559633027523,BINANCE
2025-09-01 07:33:55.850,108796.0,0.002,18.71559633027523,BINANCE
2025-09-01 07:33:55.850,108796.0,0.00015,18.71559633027523,BINANCE
2025-09-01 07:33:55.850,108796.04,0.00039,18.711926605505177,BINANCE
2025-09-01 07:33:55.850,108796.04,0.00118,18.711926605505177,BINANCE
2025-09-01 07:33:55.850,108796.07,0.0003,18.709174311925967,BINANCE
2025-09-01 07:33:55.850,108796.14,0.00011,18.702752293578037,BINANCE
2025-09-01 07:33:55.850,108796.14,0.00024,18.702752293578037,BINANCE
2025-09-01 07:33:55.850,108796.66,5e-05,18.655045871559313,BINANCE
2025-09-01 07:33:55.850,108796.66,0.00016,18.655045871559313,BINANCE
2025-09-01 07:33:55.850,108796.73,8e-05,18.648623853211383,BINANCE
2025-09-01 07:33:55.850,108797.14,6e-05,18.61100917431198,BINANCE
2025-09-01 07:33:55.850,108798.0,5e-05,18.53211009174312,BINANCE
2025-09-01 07:33:55.850,108798.14,0.0015,18.519266055045925,BINANCE
2025-09-01 07:33:55.850,108796.26,8e-05,18.691743119266533,BINANCE
2025-09-01 07:33:55.850,108794.58,5e-05,18.845871559632865,BINANCE
2025-09-01 07:33:55.850,108795.66,0.00014,18.74678899082537,BINANCE
2025-09-01 07:33:55.850,108795.68,0.00143,18.74495412844101,BINANCE
2025-09-01 07:33:55.850,108794.59,5e-05,18.844954128440687,BINANCE
2025-09-01 07:33:55.850,108795.01,6e-05,18.806422018349103,BINANCE
2025-09-01 07:33:55.850,108795.1,5e-05,18.798165137614145,BINANCE
2025-09-01 07:33:55.850,108795.18,5e-05,18.790825688074037,BINANCE
2025-09-01 07:33:55.850,108795.37,5e-05,18.77339449541327,BINANCE
2025-09-01 07:33:55.850,108795.37,0.00116,18.77339449541327,BINANCE
2025-09-01 07:33:55.850,108795.63,0.00015,18.749541284403243,BINANCE
2025-09-01 07:33:55.851,108799.46,7e-05,18.39816513761409,BINANCE
2025-09-01 07:33:55.851,108799.4,0.0001,18.403669724771177,BINANCE
2025-09-01 07:33:55.851,108799.29,5e-05,18.413761467890495,BINANCE
2025-09-01 07:33:55.851,108799.13,5e-05,18.428440366972048,BINANCE
2025-09-01 07:33:55.851,108798.93,5e-05,18.44678899082633,BINANCE
2025-09-01 07:33:55.851,108798.69,7e-05,18.468807339449327,BINANCE
2025-09-01 07:33:55.851,108798.14,5e-05,18.519266055045925,BINANCE
2025-09-01 07:33:55.851,108798.14,1e-05,18.519266055045925,BINANCE
2025-09-01 07:33:55.854,108799.48,0.01,18.39633027522973,BINANCE
2025-09-01 07:33:55.854,108799.49,0.012,18.395412844036215,BINANCE
2025-09-01 07:33:55.854,108799.48,0.00199,18.39633027522973,BINANCE
2025-09-01 07:33:55.855,108799.49,0.00644,18.395412844036215,BINANCE
2025-09-01 07:33:55.855,108799.49,5e-05,18.395412844036215,BINANCE
2025-09-01 07:33:55.855,108799.49,0.00381,18.395412844036215,BINANCE
2025-09-01 07:33:55.855,108799.49,0.007,18.395412844036215,BINANCE
2025-09-01 07:33:55.856,108799.49,0.018,18.395412844036215,BINANCE
2025-09-01 07:33:55.856,108799.49,0.02,18.395412844036215,BINANCE
2025-09-01 07:33:55.858,108799.48,0.0013,18.39633027522973,BINANCE
2025-09-01 07:33:56.048,108799.49,0.012,18.395412844036215,BINANCE
2025-09-01 07:33:56.049,108799.49,0.012,18.395412844036215,BINANCE
2025-09-01 07:33:56.173,108799.48,0.00055,18.39633027522973,BINANCE
2025-09-01 07:33:56.309,108799.48,9e-05,18.39633027522973,BINANCE
2025-09-01 07:33:56.433,108799.48,0.1,18.39633027522973,BINANCE
2025-09-01 07:33:56.437,108799.49,0.06421,18.395412844036215,BINANCE
2025-09-01 07:33:56.624,108799.48,0.00013,18.39633027522973,BINANCE
2025-09-01 07:33:56.625,108799.49,0.00013,18.395412844036215,BINANCE
2025-09-01 07:33:56.728,108799.49,0.012,18.395412844036215,BINANCE
2025-09-01 07:33:56.729,108799.49,0.012,18.395412844036215,BINANCE
2025-09-01 07:33:56.733,108799.49,0.012,18.395412844036215,BINANCE
2025-09-01 07:33:56.813,108799.48,0.00037,18.39633027522973,BINANCE
2025-09-01 07:33:56.833,108799.49,0.0001,18.395412844036215,BINANCE
2025-09-01 07:33:56.948,108799.49,0.012,18.395412844036215,BINANCE
2025-09-01 07:33:56.949,108799.49,0.012,18.395412844036215,BINANCE
2025-09-01 07:33:56.950,108799.49,0.012,18.395412844036215,BINANCE
2025-09-01 07:33:57.033,108799.49,0.012,18.395412844036215,BINANCE
2025-09-01 07:33:57.087,108799.49,0.0197,18.395412844036215,BINANCE
2025-09-01 07:33:57.087,108799.49,5e-05,18.395412844036215,BINANCE
2025-09-01 07:33:57.107,108799.49,0.00184,18.395412844036215,BINANCE
2025-09-01 07:33:57.107,108799.49,0.00269,18.395412844036215,BINANCE
2025-09-01 07:33:57.341,108799.48,0.00284,18.39633027522973,BINANCE
2025-09-01 07:33:57.343,108799.49,5e-05,18.395412844036215,BINANCE
2025-09-01 07:33:57.343,108799.49,0.01795,18.395412844036215,BINANCE
2025-09-01 07:33:57.378,108799.49,0.00851,18.395412844036215,BINANCE
2025-09-01 07:33:57.460,108799.48,0.00114,18.39633027522973,BINANCE
2025-09-01 07:33:57.606,108799.48,0.024,18.39633027522973,BINANCE
2025-09-01 07:33:57.670,108799.49,0.02,18.395412844036215,BINANCE
2025-09-01 07:33:57.857,108800.0,6e-05,18.34862385321101,BINANCE
2025-09-01 07:33:57.857,108800.0,5e-05,18.34862385321101,BINANCE
2025-09-01 07:33:57.857,108800.0,0.00013,18.34862385321101,BINANCE
2025-09-01 07:33:57.857,108800.0,8e-05,18.34862385321101,BINANCE
2025-09-01 07:33:57.857,108800.0,0.00088,18.34862385321101,BINANCE
2025-09-01 07:33:57.857,108800.0,0.00024,18.34862385321101,BINANCE
2025-09-01 07:33:57.857,108800.0,0.0001,18.34862385321101,BINANCE
2025-09-01 07:33:57.857,108800.0,0.00029,18.34862385321101,BINANCE
2025-09-01 07:33:57.857,108800.0,0.00016,18.34862385321101,BINANCE
2025-09-01 07:33:57.857,108800.0,0.00041,18.34862385321101,BINANCE
2025-09-01 07:33:57.857,108800.0,0.00019,18.34862385321101,BINANCE
2025-09-01 07:33:57.857,108800.0,7e-05,18.34862385321101,BINANCE
2025-09-01 07:33:57.857,108800.0,0.0012,18.34862385321101,BINANCE
2025-09-01 07:33:57.857,108800.0,0.00086,18.34862385321101,BINANCE
2025-09-01 07:33:57.857,108800.0,0.00017,18.34862385321101,BINANCE
2025-09-01 07:33:57.857,108800.0,0.00034,18.34862385321101,BINANCE
2025-09-01 07:33:57.857,108800.0,0.00014,18.34862385321101,BINANCE
2025-09-01 07:33:57.857,108800.0,0.0002,18.34862385321101,BINANCE
2025-09-01 07:33:57.857,108800.0,0.00011,18.34862385321101,BINANCE
2025-09-01 07:33:57.857,108800.0,0.0003,18.34862385321101,BINANCE
2025-09-01 07:33:57.857,108800.0,0.00338,18.34862385321101,BINANCE
2025-09-01 07:33:57.857,108800.0,0.12533,18.34862385321101,BINANCE
2025-09-01 07:33:57.857,108800.0,0.00459,18.34862385321101,BINANCE
2025-09-01 07:33:57.857,108800.0,0.02337,18.34862385321101,BINANCE
2025-09-01 07:33:57.857,108800.0,0.00073,18.34862385321101,BINANCE
2025-09-01 07:33:57.857,108800.0,9e-05,18.34862385321101,BINANCE
2025-09-01 07:33:57.857,108800.0,0.07866,18.34862385321101,BINANCE
2025-09-01 07:33:57.857,108800.0,0.00044,18.34862385321101,BINANCE
2025-09-01 07:33:57.857,108799.99,0.00027,18.349541284403188,BINANCE
2025-09-01 07:33:57.857,108800.0,0.19453,18.34862385321101,BINANCE
2025-09-01 07:33:57.857,108800.0,0.00045,18.34862385321101,BINANCE
2025-09-01 07:33:57.857,108800.0,0.00502,18.34862385321101,BINANCE
2025-09-01 07:33:57.857,108800.0,0.00098,18.34862385321101,BINANCE
2025-09-01 07:33:57.857,108800.0,0.00036,18.34862385321101,BINANCE
2025-09-01 07:33:57.857,108800.0,0.00038,18.34862385321101,BINANCE
2025-09-01 07:33:57.857,108800.0,0.0005,18.34862385321101,BINANCE
2025-09-01 07:33:57.857,108800.0,0.00027,18.34862385321101,BINANCE
2025-09-01 07:33:57.857,108800.0,0.00146,18.34862385321101,BINANCE
2025-09-01 07:33:57.857,108800.0,0.00021,18.34862385321101,BINANCE
2025-09-01 07:33:57.857,108800.0,0.01153,18.34862385321101,BINANCE
2025-09-01 07:33:57.857,108800.0,0.00046,18.34862385321101,BINANCE
2025-09-01 07:33:57.857,108800.0,0.00039,18.34862385321101,BINANCE
2025-09-01 07:33:57.857,108799.49,5e-05,18.395412844036215,BINANCE
2025-09-01 07:33:57.857,108799.5,5e-05,18.394495412844037,BINANCE
2025-09-01 07:33:57.857,108799.5,0.0001,18.394495412844037,BINANCE
2025-09-01 07:33:57.857,108799.49,0.00045,18.395412844036215,BINANCE
2025-09-01 07:33:57.857,108799.49,0.04551,18.395412844036215,BINANCE
2025-09-01 07:33:57.857,108799.49,0.03444,18.395412844036215,BINANCE
2025-09-01 07:33:57.857,108799.49,0.04,18.395412844036215,BINANCE
2025-09-01 07:33:57.857,108799.49,0.0001,18.395412844036215,BINANCE
2025-09-01 07:33:57.857,108799.49,0.0083,18.395412844036215,BINANCE
2025-09-01 07:33:57.857,108799.49,0.00106,18.395412844036215,BINANCE
2025-09-01 07:33:57.857,108800.0,0.00126,18.34862385321101,BINANCE
2025-09-01 07:33:57.857,108800.0,0.00043,18.34862385321101,BINANCE
2025-09-01 07:33:57.857,108800.0,0.00216,18.34862385321101,BINANCE
2025-09-01 07:33:57.857,108800.0,0.00091,18.34862385321101,BINANCE
2025-09-01 07:33:57.857,108800.0,0.00018,18.34862385321101,BINANCE
2025-09-01 07:33:57.857,108800.0,0.00062,18.34862385321101,BINANCE
2025-09-01 07:33:57.857,108799.99,5e-05,18.349541284403188,BINANCE
2025-09-01 07:33:57.857,108799.99,0.0001,18.349541284403188,BINANCE
2025-09-01 07:33:57.857,108799.58,5e-05,18.387155963302593,BINANCE
2025-09-01 07:33:57.857,108799.58,0.00127,18.387155963302593,BINANCE
2025-09-01 07:33:57.857,108799.73,0.00212,18.37339449541322,BINANCE
2025-09-01 07:33:57.857,108799.73,5e-05,18.37339449541322,BINANCE
2025-09-01 07:33:57.857,108799.59,0.0001,18.38623853211041,BINANCE
2025-09-01 07:33:57.858,108804.18,9e-05,17.96513761467954,BINANCE
2025-09-01 07:33:57.858,108804.0,5e-05,17.98165137614679,BINANCE
2025-09-01 07:33:57.858,108804.0,0.002,17.98165137614679,BINANCE
2025-09-01 07:33:57.858,108804.0,0.0004,17.98165137614679,BINANCE
2025-09-01 07:33:57.858,108804.0,0.00015,17.98165137614679,BINANCE
2025-09-01 07:33:57.858,108803.65,6e-05,18.013761467890443,BINANCE
2025-09-01 07:33:57.858,108803.58,5e-05,18.02018348623837,BINANCE
2025-09-01 07:33:57.858,108804.3,7e-05,17.954128440366706,BINANCE
2025-09-01 07:33:57.858,108804.41,5e-05,17.944036697247384,BINANCE
2025-09-01 07:33:57.858,108804.36,5e-05,17.948623853210954,BINANCE
2025-09-01 07:33:57.858,108804.37,0.0919,17.947706422018776,BINANCE
2025-09-01 07:33:57.858,108804.37,5e-05,17.947706422018776,BINANCE
2025-09-01 07:33:57.858,108804.41,0.0265,17.944036697247384,BINANCE
2025-09-01 07:33:57.858,108804.82,6e-05,17.906422018347982,BINANCE
2025-09-01 07:33:57.858,108804.86,9e-05,17.902752293577926,BINANCE
2025-09-01 07:33:57.858,108804.86,0.00056,17.902752293577926,BINANCE
2025-09-01 07:33:57.858,108805.0,5e-05,17.889908256880734,BINANCE
2025-09-01 07:33:57.858,108805.0,0.0006,17.889908256880734,BINANCE
2025-09-01 07:33:57.858,108805.0,0.0004,17.889908256880734,BINANCE
2025-09-01 07:33:57.858,108803.58,0.00151,18.02018348623837,BINANCE
2025-09-01 07:33:57.858,108803.56,7e-05,18.022018348624066,BINANCE
2025-09-01 07:33:57.858,108802.84,5e-05,18.088073394495733,BINANCE
2025-09-01 07:33:57.858,108803.24,0.09191,18.05137614678851,BINANCE
2025-09-01 07:33:57.858,108803.24,5e-05,18.05137614678851,BINANCE
2025-09-01 07:33:57.858,108800.0,0.00751,18.34862385321101,BINANCE
2025-09-01 07:33:57.858,108800.0,0.09191,18.34862385321101,BINANCE
2025-09-01 07:33:57.858,108800.0,0.0001,18.34862385321101,BINANCE
2025-09-01 07:33:57.858,108800.0,0.0004,18.34862385321101,BINANCE
2025-09-01 07:33:57.858,108800.0,0.002,18.34862385321101,BINANCE
2025-09-01 07:33:57.858,108800.0,0.00015,18.34862385321101,BINANCE
2025-09-01 07:33:57.858,108800.0,0.01838,18.34862385321101,BINANCE
2025-09-01 07:33:57.858,108800.0,5e-05,18.34862385321101,BINANCE
2025-09-01 07:33:57.858,108800.38,7e-05,18.31376146788948,BINANCE
2025-09-01 07:33:57.858,108800.0,0.00453,18.34862385321101,BINANCE
2025-09-01 07:33:57.858,108800.56,0.00427,18.297247706422233,BINANCE
2025-09-01 07:33:57.858,108800.51,5e-05,18.301834862385803,BINANCE
2025-09-01 07:33:57.858,108803.23,5e-05,18.052293577982024,BINANCE
2025-09-01 07:33:57.858,108803.03,6e-05,18.07064220183497,BINANCE
2025-09-01 07:33:57.858,108803.03,8e-05,18.07064220183497,BINANCE
2025-09-01 07:33:57.858,108802.39,0.0001,18.12935779816519,BINANCE
2025-09-01 07:33:57.858,108802.91,7e-05,18.081651376146468,BINANCE
2025-09-01 07:33:57.858,108802.36,5e-05,18.132110091743066,BINANCE
2025-09-01 07:33:57.858,108801.93,0.00515,18.171559633028163,BINANCE
2025-09-01 07:33:57.858,108801.44,0.00013,18.216513761467677,BINANCE
2025-09-01 07:33:57.858,108801.08,6e-05,18.24954128440351,BINANCE
2025-09-01 07:33:57.859,108807.19,5e-05,17.68899082568786,BINANCE
2025-09-01 07:33:57.859,108807.12,0.00069,17.695412844037126,BINANCE
2025-09-01 07:33:57.859,108805.74,0.00059,17.822018348623374,BINANCE
2025-09-01 07:33:57.859,108806.24,5e-05,17.776146788990346,BINANCE
2025-09-01 07:33:57.859,108805.92,5e-05,17.805504587156122,BINANCE
2025-09-01 07:33:57.859,108805.88,7e-05,17.809174311926178,BINANCE
2025-09-01 07:33:57.859,108805.87,0.00138,17.810091743119692,BINANCE
2025-09-01 07:33:57.859,108805.74,0.00014,17.822018348623374,BINANCE
2025-09-01 07:33:57.859,108805.69,0.0001,17.82660550458694,BINANCE
2025-09-01 07:33:57.859,108806.45,5e-05,17.75688073394522,BINANCE
2025-09-01 07:33:57.864,108807.91,0.00035,17.622935779816196,BINANCE
2025-09-01 07:33:57.864,108807.9,0.00013,17.62385321100971,BINANCE
2025-09-01 07:33:57.864,108807.69,0.00488,17.643119266054832,BINANCE
2025-09-01 07:33:57.864,108807.26,7e-05,17.68256880733993,BINANCE
2025-09-01 07:33:57.864,108807.27,5e-05,17.681651376146416,BINANCE
2025-09-01 07:33:57.864,108807.69,7e-05,17.643119266054832,BINANCE
2025-09-01 07:33:57.864,108807.26,5e-05,17.68256880733993,BINANCE
2025-09-01 07:33:57.870,108808.03,5e-05,17.611926605504692,BINANCE
2025-09-01 07:33:57.870,108808.15,5e-05,17.600917431193196,BINANCE
2025-09-01 07:33:57.870,108808.12,5e-05,17.60366972477107,BINANCE
2025-09-01 07:33:57.870,108808.08,0.00045,17.607339449541122,BINANCE
2025-09-01 07:33:57.870,108808.0,5e-05,17.61467889908257,BINANCE
2025-09-01 07:33:57.870,108808.0,0.002,17.61467889908257,BINANCE
2025-09-01 07:33:57.870,108808.0,0.0004,17.61467889908257,BINANCE
2025-09-01 07:33:57.870,108808.0,0.00015,17.61467889908257,BINANCE
2025-09-01 07:33:57.870,108808.16,0.0076,17.599999999999678,BINANCE
2025-09-01 07:33:57.872,108808.16,0.012,17.599999999999678,BINANCE
2025-09-01 07:33:57.873,108808.16,0.012,17.599999999999678,BINANCE
2025-09-01 07:33:57.874,108810.0,7e-05,17.431192660550458,BINANCE
2025-09-01 07:33:57.874,108810.0,5e-05,17.431192660550458,BINANCE
2025-09-01 07:33:57.874,108810.0,0.001,17.431192660550458,BINANCE
2025-09-01 07:33:57.874,108810.37,5e-05,17.397247706422444,BINANCE
2025-09-01 07:33:57.874,108810.89,0.012,17.349541284403724,BINANCE
2025-09-01 07:33:57.874,108810.71,0.00051,17.366055045870972,BINANCE
2025-09-01 07:33:57.874,108809.99,0.00016,17.43211009174264,BINANCE
2025-09-01 07:33:57.874,108810.77,0.00015,17.360550458715224,BINANCE
2025-09-01 07:33:57.874,108810.88,5e-05,17.350458715595902,BINANCE
2025-09-01 07:33:57.874,108810.89,0.00247,17.349541284403724,BINANCE
2025-09-01 07:33:57.874,108810.89,0.02,17.349541284403724,BINANCE
2025-09-01 07:33:57.874,108810.86,0.001,17.352293577981598,BINANCE
2025-09-01 07:33:57.874,108809.28,7e-05,17.497247706422126,BINANCE
2025-09-01 07:33:57.874,108808.95,5e-05,17.527522935780084,BINANCE
2025-09-01 07:33:57.874,108809.02,5e-05,17.521100917430818,BINANCE
2025-09-01 07:33:57.874,108808.16,0.00269,17.599999999999678,BINANCE
2025-09-01 07:33:57.874,108808.16,0.00931,17.599999999999678,BINANCE
2025-09-01 07:33:57.874,108808.16,0.012,17.599999999999678,BINANCE
2025-09-01 07:33:57.874,108808.89,5e-05,17.533027522935832,BINANCE
2025-09-01 07:33:57.874,108808.93,5e-05,17.52935779816578,BINANCE
2025-09-01 07:33:57.874,108809.0,8e-05,17.522935779816514,BINANCE
2025-09-01 07:33:57.874,108809.0,0.00012,17.522935779816514,BINANCE
2025-09-01 07:33:57.874,108808.93,0.00542,17.52935779816578,BINANCE
2025-09-01 07:33:57.875,108810.96,0.00945,17.343119266054458,BINANCE
2025-09-01 07:33:57.875,108810.89,5e-05,17.349541284403724,BINANCE
2025-09-01 07:33:57.875,108810.89,0.0024,17.349541284403724,BINANCE
2025-09-01 07:33:57.875,108810.89,0.02,17.349541284403724,BINANCE
2025-09-01 07:33:57.876,108810.96,0.012,17.343119266054458,BINANCE
2025-09-01 07:33:57.877,108810.96,0.012,17.343119266054458,BINANCE
2025-09-01 07:33:57.878,108810.96,0.008,17.343119266054458,BINANCE
2025-09-01 07:33:57.878,108810.96,0.012,17.343119266054458,BINANCE
2025-09-01 07:33:57.879,108810.96,0.02,17.343119266054458,BINANCE
2025-09-01 07:33:57.880,108812.0,0.0004,17.24770642201835,BINANCE
2025-09-01 07:33:57.880,108812.37,0.02,17.213761467890336,BINANCE
2025-09-01 07:33:57.880,108812.37,8e-05,17.213761467890336,BINANCE
2025-09-01 07:33:57.880,108812.36,5e-05,17.214678899082514,BINANCE
2025-09-01 07:33:57.880,108812.0,0.002,17.24770642201835,BINANCE
2025-09-01 07:33:57.880,108812.0,0.00015,17.24770642201835,BINANCE
2025-09-01 07:33:57.880,108812.37,0.01126,17.213761467890336,BINANCE
2025-09-01 07:33:57.880,108811.95,7e-05,17.25229357798192,BINANCE
2025-09-01 07:33:57.880,108811.92,6e-05,17.255045871559794,BINANCE
2025-09-01 07:33:57.880,108811.64,5e-05,17.280733944954182,BINANCE
2025-09-01 07:33:57.880,108811.42,0.00032,17.300917431192822,BINANCE
2025-09-01 07:33:57.880,108811.33,5e-05,17.309174311926444,BINANCE
2025-09-01 07:33:57.880,108811.01,0.00056,17.338532110092224,BINANCE
2025-09-01 07:33:57.880,108810.96,0.00245,17.343119266054458,BINANCE
2025-09-01 07:33:57.880,108810.96,0.016,17.343119266054458,BINANCE
2025-09-01 07:33:57.881,108812.37,5e-05,17.213761467890336,BINANCE
2025-09-01 07:33:57.881,108812.37,0.01015,17.213761467890336,BINANCE
2025-09-01 07:33:57.881,108812.37,0.0098,17.213761467890336,BINANCE
2025-09-01 07:33:57.882,108812.37,0.018,17.213761467890336,BINANCE
2025-09-01 07:33:57.886,108812.98,5e-05,17.157798165137987,BINANCE
2025-09-01 07:33:57.886,108812.99,5e-05,17.156880733944472,BINANCE
2025-09-01 07:33:57.886,108813.0,0.01023,17.155963302752294,BINANCE
2025-09-01 07:33:57.886,108812.93,0.00014,17.162385321101556,BINANCE
2025-09-01 07:33:57.886,108812.68,0.00151,17.185321100918074,BINANCE
2025-09-01 07:33:57.886,108812.67,0.0001,17.186238532110252,BINANCE
2025-09-01 07:33:57.886,108812.67,5e-05,17.186238532110252,BINANCE
2025-09-01 07:33:57.886,108812.67,0.00623,17.186238532110252,BINANCE
2025-09-01 07:33:57.886,108812.67,9e-05,17.186238532110252,BINANCE
2025-09-01 07:33:57.886,108812.39,0.00092,17.21192660550464,BINANCE
2025-09-01 07:33:57.886,108812.37,5e-05,17.213761467890336,BINANCE
2025-09-01 07:33:57.886,108812.79,0.00013,17.175229357798752,BINANCE
2025-09-01 07:33:57.887,108813.0,0.021,17.155963302752294,BINANCE
2025-09-01 07:33:57.888,108813.0,0.018,17.155963302752294,BINANCE
2025-09-01 07:33:58.059,108813.0,0.021,17.155963302752294,BINANCE
2025-09-01 07:33:58.060,108813.0,0.018,17.155963302752294,BINANCE
2025-09-01 07:33:58.065,108812.99,0.00382,17.156880733944472,BINANCE
2025-09-01 07:33:58.074,108812.99,0.00011,17.156880733944472,BINANCE
2025-09-01 07:33:58.278,108812.99,8e-05,17.156880733944472,BINANCE
2025-09-01 07:33:58.295,108813.0,0.018,17.155963302752294,BINANCE
2025-09-01 07:33:58.465,108812.99,0.00022,17.156880733944472,BINANCE
2025-09-01 07:33:58.683,108812.99,8e-05,17.156880733944472,BINANCE
2025-09-01 07:33:58.725,108813.0,0.05936,17.155963302752294,BINANCE
2025-09-01 07:33:58.932,108813.0,0.00011,17.155963302752294,BINANCE
2025-09-01 07:33:58.963,108812.99,0.03202,17.156880733944472,BINANCE
2025-09-01 07:33:59.005,108812.99,0.02717,17.156880733944472,BINANCE
2025-09-01 07:33:59.005,108812.99,0.05889,17.156880733944472,BINANCE
2025-09-01 07:33:59.005,108812.99,0.06382,17.156880733944472,BINANCE
2025-09-01 07:33:59.005,108812.99,0.0666,17.156880733944472,BINANCE
2025-09-01 07:33:59.005,108812.99,0.13304,17.156880733944472,BINANCE
2025-09-01 07:33:59.005,108812.99,0.18275,17.156880733944472,BINANCE
2025-09-01 07:33:59.189,108812.99,0.00662,17.156880733944472,BINANCE
2025-09-01 07:33:59.357,108812.99,0.00092,17.156880733944472,BINANCE
2025-09-01 07:33:59.471,108812.99,0.0091,17.156880733944472,BINANCE
2025-09-01 07:33:59.623,108813.0,0.00011,17.155963302752294,BINANCE
2025-09-01 07:33:59.684,108812.99,0.00947,17.156880733944472,BINANCE
2025-09-01 07:33:59.703,108812.99,0.00899,17.156880733944472,BINANCE
2025-09-01 07:33:59.771,108812.99,0.03748,17.156880733944472,BINANCE
2025-09-01 07:33:59.775,108813.0,0.00913,17.155963302752294,BINANCE
2025-09-01 07:34:00.041,108813.0,0.00046,17.155963302752294,BINANCE
2025-09-01 07:34:00.105,108812.99,0.0012,17.156880733944472,BINANCE
2025-09-01 07:34:00.165,108812.99,0.002,17.156880733944472,BINANCE
2025-09-01 07:34:00.384,108813.0,0.03264,17.155963302752294,BINANCE
2025-09-01 07:34:00.449,108813.0,0.06423,17.155963302752294,BINANCE
2025-09-01 07:34:00.648,108813.0,0.00206,17.155963302752294,BINANCE
2025-09-01 07:34:00.751,108813.0,0.00155,17.155963302752294,BINANCE
2025-09-01 07:34:00.785,108813.0,0.00011,17.155963302752294,BINANCE
2025-09-01 07:34:00.854,108813.0,7e-05,17.155963302752294,BINANCE
2025-09-01 07:34:01.018,108812.99,9e-05,17.156880733944472,BINANCE
2025-09-01 07:34:01.352,108813.0,0.00112,17.155963302752294,BINANCE
2025-09-01 07:34:01.393,108813.0,9e-05,17.155963302752294,BINANCE
2025-09-01 07:34:01.514,108812.99,4e-05,17.156880733944472,BINANCE
2025-09-01 07:34:01.676,108812.99,0.00448,17.156880733944472,BINANCE
2025-09-01 07:34:01.678,108813.0,0.06936,17.155963302752294,BINANCE
2025-09-01 07:34:01.975,108813.0,0.00011,17.155963302752294,BINANCE
2025-09-01 07:34:02.116,108812.99,0.00174,17.156880733944472,BINANCE
2025-09-01 07:34:02.118,108812.99,0.00046,17.156880733944472,BINANCE
2025-09-01 07:34:02.311,108812.99,0.00731,17.156880733944472,BINANCE
2025-09-01 07:34:02.402,108812.99,9e-05,17.156880733944472,BINANCE
2025-09-01 07:34:02.512,108813.0,0.003,17.155963302752294,BINANCE
2025-09-01 07:34:02.513,108813.0,0.86468,17.155963302752294,BINANCE
2025-09-01 07:34:02.516,108813.0,0.012,17.155963302752294,BINANCE
2025-09-01 07:34:02.518,108813.0,0.018,17.155963302752294,BINANCE
2025-09-01 07:34:02.518,108813.0,0.02,17.155963302752294,BINANCE
2025-09-01 07:34:02.519,108813.0,0.02,17.155963302752294,BINANCE
2025-09-01 07:34:02.520,108813.0,0.012,17.155963302752294,BINANCE
2025-09-01 07:34:02.531,108813.0,0.02408,17.155963302752294,BINANCE
2025-09-01 07:34:02.531,108813.0,0.0024,17.155963302752294,BINANCE
2025-09-01 07:34:02.534,108813.0,0.01432,17.155963302752294,BINANCE
2025-09-01 07:34:02.534,108813.0,1.17324,17.155963302752294,BINANCE
2025-09-01 07:34:02.534,108813.0,5e-05,17.155963302752294,BINANCE
2025-09-01 07:34:02.534,108813.0,0.19961,17.155963302752294,BINANCE
2025-09-01 07:34:02.555,108813.01,5e-05,17.155045871560112,BINANCE
2025-09-01 07:34:02.555,108813.0,5e-05,17.155963302752294,BINANCE
2025-09-01 07:34:02.555,108813.0,0.0016,17.155963302752294,BINANCE
2025-09-01 07:34:02.555,108813.33,5e-05,17.125688073394336,BINANCE
2025-09-01 07:34:02.555,108813.2,0.00056,17.13761467889935,BINANCE
2025-09-01 07:34:02.555,108813.2,5e-05,17.13761467889935,BINANCE
2025-09-01 07:34:02.555,108813.33,0.00034,17.125688073394336,BINANCE
2025-09-01 07:34:02.555,108813.55,0.00015,17.105504587155696,BINANCE
2025-09-01 07:34:02.555,108813.95,7e-05,17.06880733944981,BINANCE
2025-09-01 07:34:02.555,108813.0,0.00115,17.155963302752294,BINANCE
2025-09-01 07:34:02.555,108813.0,0.04594,17.155963302752294,BINANCE
2025-09-01 07:34:02.555,108813.0,0.0092,17.155963302752294,BINANCE
2025-09-01 07:34:02.555,108813.0,0.49982,17.155963302752294,BINANCE
2025-09-01 07:34:02.555,108813.0,0.00025,17.155963302752294,BINANCE
2025-09-01 07:34:02.555,108813.0,0.002,17.155963302752294,BINANCE
2025-09-01 07:34:02.555,108813.0,0.28325,17.155963302752294,BINANCE
2025-09-01 07:34:02.555,108813.0,0.00011,17.155963302752294,BINANCE
2025-09-01 07:34:02.555,108813.0,0.00057,17.155963302752294,BINANCE
2025-09-01 07:34:02.572,108816.16,5e-05,16.86605504587124,BINANCE
2025-09-01 07:34:02.572,108816.0,5e-05,16.88073394495413,BINANCE
2025-09-01 07:34:02.572,108816.16,0.00035,16.86605504587124,BINANCE
2025-09-01 07:34:02.572,108816.44,5e-05,16.84036697247685,BINANCE
2025-09-01 07:34:02.572,108816.24,0.0001,16.858715596329795,BINANCE
2025-09-01 07:34:02.572,108816.44,0.00143,16.84036697247685,BINANCE
2025-09-01 07:34:02.572,108816.0,0.002,16.88073394495413,BINANCE
2025-09-01 07:34:02.572,108816.16,0.00017,16.86605504587124,BINANCE
2025-09-01 07:34:02.572,108816.0,0.0004,16.88073394495413,BINANCE
2025-09-01 07:34:02.572,108815.24,0.00032,16.95045871559585,BINANCE
2025-09-01 07:34:02.572,108816.0,0.00015,16.88073394495413,BINANCE
2025-09-01 07:34:02.572,108814.22,5e-05,17.0440366972476,BINANCE
2025-09-01 07:34:02.572,108814.38,0.00015,17.02935779816471,BINANCE
2025-09-01 07:34:02.572,108814.81,7e-05,16.98990825688095,BINANCE
2025-09-01 07:34:02.572,108815.0,0.00036,16.972477064220183,BINANCE
2025-09-01 07:34:02.572,108815.45,0.00013,16.931192660550725,BINANCE
2025-09-01 07:34:02.572,108815.62,5e-05,16.91559633027566,BINANCE
2025-09-01 07:34:02.572,108815.64,0.00019,16.913761467889962,BINANCE
2025-09-01 07:34:02.572,108814.66,9e-05,17.003669724770322,BINANCE
2025-09-01 07:34:02.572,108815.9,0.00014,16.889908256881267,BINANCE
2025-09-01 07:34:02.572,108815.92,5e-05,16.888073394495574,BINANCE
2025-09-01 07:34:02.572,108815.93,7e-05,16.887155963303393,BINANCE
2025-09-01 07:34:02.572,108816.0,7e-05,16.88073394495413,BINANCE
2025-09-01 07:34:02.572,108816.0,0.00013,16.88073394495413,BINANCE
2025-09-01 07:34:02.572,108815.67,7e-05,16.91100917431209,BINANCE
2025-09-01 07:34:02.574,108816.5,0.00341,16.834862385321102,BINANCE
2025-09-01 07:34:02.586,108816.51,5e-05,16.83394495412892,BINANCE
2025-09-01 07:34:02.586,108816.54,7e-05,16.831192660551046,BINANCE
2025-09-01 07:34:02.586,108816.74,5e-05,16.812844036696767,BINANCE
2025-09-01 07:34:02.586,108816.85,0.00025,16.80275229357745,BINANCE
2025-09-01 07:34:02.586,108817.26,0.00028,16.76513761467938,BINANCE
2025-09-01 07:34:02.586,108816.95,0.00017,16.793577981651644,BINANCE
2025-09-01 07:34:02.586,108817.12,0.00016,16.777981651376574,BINANCE
2025-09-01 07:34:02.586,108816.51,7e-05,16.83394495412892,BINANCE
2025-09-01 07:34:02.586,108816.93,5e-05,16.795412844037337,BINANCE
2025-09-01 07:34:02.586,108816.51,0.00018,16.83394495412892,BINANCE
2025-09-01 07:34:02.586,108816.51,0.00017,16.83394495412892,BINANCE
2025-09-01 07:34:02.586,108816.51,0.00016,16.83394495412892,BINANCE
2025-09-01 07:34:02.586,108816.51,0.00012,16.83394495412892,BINANCE
2025-09-01 07:34:02.586,108816.51,6e-05,16.83394495412892,BINANCE
2025-09-01 07:34:02.586,108817.31,7e-05,16.76055045871581,BINANCE
2025-09-01 07:34:02.586,108817.5,0.00042,16.743119266055047,BINANCE
2025-09-01 07:34:02.586,108819.01,5e-05,16.60458715596378,BINANCE
2025-09-01 07:34:02.586,108817.84,0.00043,16.711926605504907,BINANCE
2025-09-01 07:34:02.586,108817.31,5e-05,16.76055045871581,BINANCE
2025-09-01 07:34:02.586,108817.26,5e-05,16.76513761467938,BINANCE
2025-09-01 07:34:02.586,108817.13,5e-05,16.77706422018306,BINANCE
2025-09-01 07:34:02.586,108817.12,5e-05,16.777981651376574,BINANCE
2025-09-01 07:34:02.586,108816.95,5e-05,16.793577981651644,BINANCE
2025-09-01 07:34:02.586,108816.85,5e-05,16.80275229357745,BINANCE
2025-09-01 07:34:02.586,108816.54,5e-05,16.831192660551046,BINANCE
2025-09-01 07:34:02.586,108817.84,9e-05,16.711926605504907,BINANCE
2025-09-01 07:34:02.586,108819.74,9e-05,16.537614678898603,BINANCE
2025-09-01 07:34:02.586,108819.02,6e-05,16.603669724770267,BINANCE
2025-09-01 07:34:02.586,108816.51,0.00036,16.83394495412892,BINANCE
2025-09-01 07:34:02.586,108818.88,0.00151,16.616513761467463,BINANCE
2025-09-01 07:34:02.586,108818.69,0.0001,16.633944954128225,BINANCE
2025-09-01 07:34:02.586,108818.64,0.00017,16.638532110091795,BINANCE
2025-09-01 07:34:02.586,108818.18,0.0013,16.680733944954767,BINANCE
2025-09-01 07:34:02.586,108818.18,0.0001,16.680733944954767,BINANCE
2025-09-01 07:34:02.586,108818.18,8e-05,16.680733944954767,BINANCE
2025-09-01 07:34:02.586,108819.09,0.0004,16.597247706422337,BINANCE
2025-09-01 07:34:02.586,108816.51,0.00164,16.83394495412892,BINANCE
2025-09-01 07:34:02.586,108816.51,9e-05,16.83394495412892,BINANCE
2025-09-01 07:34:02.586,108816.51,8e-05,16.83394495412892,BINANCE
2025-09-01 07:34:02.586,108816.51,0.00027,16.83394495412892,BINANCE
2025-09-01 07:34:02.586,108816.51,0.00247,16.83394495412892,BINANCE
2025-09-01 07:34:02.586,108816.51,0.00011,16.83394495412892,BINANCE
2025-09-01 07:34:02.586,108816.51,0.00362,16.83394495412892,BINANCE
2025-09-01 07:34:02.586,108816.51,0.00033,16.83394495412892,BINANCE
2025-09-01 07:34:02.586,108816.51,0.00031,16.83394495412892,BINANCE
2025-09-01 07:34:02.586,108816.51,0.00029,16.83394495412892,BINANCE
2025-09-01 07:34:02.586,108816.51,0.00081,16.83394495412892,BINANCE
2025-09-01 07:34:02.586,108816.51,0.00049,16.83394495412892,BINANCE
2025-09-01 07:34:02.586,108816.51,0.00035,16.83394495412892,BINANCE
2025-09-01 07:34:02.589,108816.84,0.0013,16.803669724770963,BINANCE
2025-09-01 07:34:02.604,108816.85,5e-05,16.80275229357745,BINANCE
2025-09-01 07:34:02.604,108816.86,0.0001,16.801834862385267,BINANCE
2025-09-01 07:34:02.604,108816.86,5e-05,16.801834862385267,BINANCE
2025-09-01 07:34:02.604,108816.85,0.0001,16.80275229357745,BINANCE
2025-09-01 07:34:02.613,108819.99,5e-05,16.51467889908209,BINANCE
2025-09-01 07:34:02.613,108820.0,0.00014,16.51376146788991,BINANCE
2025-09-01 07:34:02.613,108819.74,5e-05,16.537614678898603,BINANCE
2025-09-01 07:34:02.613,108817.31,5e-05,16.76055045871581,BINANCE
2025-09-01 07:34:02.616,108820.0,0.00013,16.51376146788991,BINANCE
2025-09-01 07:34:02.616,108820.0,0.00256,16.51376146788991,BINANCE
2025-09-01 07:34:02.623,108820.01,5e-05,16.51284403669773,BINANCE
2025-09-01 07:34:02.623,108820.01,0.0001,16.51284403669773,BINANCE
2025-09-01 07:34:02.623,108820.86,0.00015,16.434862385321047,BINANCE
2025-09-01 07:34:02.623,108820.92,0.00014,16.4293577981653,BINANCE
2025-09-01 07:34:02.623,108821.85,5e-05,16.344036697247173,BINANCE
2025-09-01 07:34:02.623,108822.0,0.00446,16.3302752293578,BINANCE
2025-09-01 07:34:02.623,108820.65,5e-05,16.454128440367505,BINANCE
2025-09-01 07:34:02.623,108820.0,0.0001,16.51376146788991,BINANCE
2025-09-01 07:34:02.623,108820.29,0.00117,16.487155963303337,BINANCE
2025-09-01 07:34:02.623,108820.0,5e-05,16.51376146788991,BINANCE
2025-09-01 07:34:02.623,108820.0,0.00228,16.51376146788991,BINANCE
2025-09-01 07:34:02.623,108820.0,0.00015,16.51376146788991,BINANCE
2025-09-01 07:34:02.623,108820.0,0.0004,16.51376146788991,BINANCE
2025-09-01 07:34:02.623,108820.0,0.002,16.51376146788991,BINANCE
2025-09-01 07:34:02.623,108820.0,0.00677,16.51376146788991,BINANCE
2025-09-01 07:34:02.623,108820.0,0.01161,16.51376146788991,BINANCE
2025-09-01 07:34:02.623,108820.0,0.00034,16.51376146788991,BINANCE
2025-09-01 07:34:02.623,108820.0,0.00493,16.51376146788991,BINANCE
2025-09-01 07:34:02.624,108823.52,0.00017,16.19082568807302,BINANCE
2025-09-01 07:34:02.624,108823.52,0.00018,16.19082568807302,BINANCE
2025-09-01 07:34:02.624,108823.52,0.00255,16.19082568807302,BINANCE
2025-09-01 07:34:02.624,108823.52,0.00038,16.19082568807302,BINANCE
2025-09-01 07:34:02.624,108823.52,0.00035,16.19082568807302,BINANCE
2025-09-01 07:34:02.624,108823.52,0.00023,16.19082568807302,BINANCE
2025-09-01 07:34:02.624,108823.52,0.00088,16.19082568807302,BINANCE
2025-09-01 07:34:02.624,108823.52,0.00016,16.19082568807302,BINANCE
2025-09-01 07:34:02.624,108823.52,0.00048,16.19082568807302,BINANCE
2025-09-01 07:34:02.624,108823.52,0.00025,16.19082568807302,BINANCE
2025-09-01 07:34:02.624,108823.52,0.00299,16.19082568807302,BINANCE
2025-09-01 07:34:02.624,108824.0,0.0004,16.146788990825687,BINANCE
2025-09-01 07:34:02.624,108823.52,0.00019,16.19082568807302,BINANCE
2025-09-01 07:34:02.624,108823.52,0.00044,16.19082568807302,BINANCE
2025-09-01 07:34:02.624,108823.99,7e-05,16.14770642201787,BINANCE
2025-09-01 07:34:02.624,108824.0,0.00015,16.146788990825687,BINANCE
2025-09-01 07:34:02.624,108824.0,0.002,16.146788990825687,BINANCE
2025-09-01 07:34:02.624,108824.0,5e-05,16.146788990825687,BINANCE
2025-09-01 07:34:02.624,108824.32,0.00145,16.117431192659907,BINANCE
2025-09-01 07:34:02.624,108823.52,0.0002,16.19082568807302,BINANCE
2025-09-01 07:34:02.624,108823.52,0.00031,16.19082568807302,BINANCE
2025-09-01 07:34:02.624,108823.52,0.00101,16.19082568807302,BINANCE
2025-09-01 07:34:02.624,108823.52,5e-05,16.19082568807302,BINANCE
2025-09-01 07:34:02.624,108822.0,0.012,16.3302752293578,BINANCE
2025-09-01 07:34:02.624,108822.0,0.00216,16.3302752293578,BINANCE
2025-09-01 07:34:02.624,108822.15,5e-05,16.316513761468425,BINANCE
2025-09-01 07:34:02.624,108822.76,6e-05,16.260550458716075,BINANCE
2025-09-01 07:34:02.624,108822.96,5e-05,16.2422018348618,BINANCE
2025-09-01 07:34:02.624,108823.15,0.0004,16.22477064220237,BINANCE
2025-09-01 07:34:02.624,108823.19,0.0001,16.221100917430977,BINANCE
2025-09-01 07:34:02.624,108823.32,5e-05,16.209174311925967,BINANCE
2025-09-01 07:34:02.624,108823.51,0.0003,16.191743119266533,BINANCE
2025-09-01 07:34:02.624,108822.02,7e-05,16.328440366972103,BINANCE
2025-09-01 07:34:02.624,108823.52,0.00151,16.19082568807302,BINANCE
2025-09-01 07:34:02.624,108823.52,0.0001,16.19082568807302,BINANCE
2025-09-01 07:34:02.624,108823.52,0.0004,16.19082568807302,BINANCE
2025-09-01 07:34:02.624,108823.52,0.00052,16.19082568807302,BINANCE
2025-09-01 07:34:02.624,108823.52,9e-05,16.19082568807302,BINANCE
2025-09-01 07:34:02.624,108823.52,0.0005,16.19082568807302,BINANCE
2025-09-01 07:34:02.624,108823.52,0.00013,16.19082568807302,BINANCE
2025-09-01 07:34:02.624,108823.52,0.00011,16.19082568807302,BINANCE
2025-09-01 07:34:02.624,108823.52,0.00027,16.19082568807302,BINANCE
2025-09-01 07:34:02.624,108823.52,0.00029,16.19082568807302,BINANCE
2025-09-01 07:34:02.625,108829.78,8e-05,15.616513761467997,BINANCE
2025-09-01 07:34:02.625,108829.77,9e-05,15.617431192660176,BINANCE
2025-09-01 07:34:02.625,108829.34,0.00016,15.656880733945274,BINANCE
2025-09-01 07:34:02.625,108828.69,5e-05,15.716513761467677,BINANCE
2025-09-01 07:34:02.625,108828.69,0.00151,15.716513761467677,BINANCE
2025-09-01 07:34:02.625,108828.61,0.0001,15.723853211009121,BINANCE
2025-09-01 07:34:02.625,108828.57,7e-05,15.727522935779175,BINANCE
2025-09-01 07:34:02.625,108828.0,5e-05,15.779816513761467,BINANCE
2025-09-01 07:34:02.625,108828.48,8e-05,15.735779816514137,BINANCE
2025-09-01 07:34:02.625,108828.48,5e-05,15.735779816514137,BINANCE
2025-09-01 07:34:02.625,108828.47,0.00069,15.736697247706315,BINANCE
2025-09-01 07:34:02.625,108828.0,0.002,15.779816513761467,BINANCE
2025-09-01 07:34:02.625,108828.0,0.0004,15.779816513761467,BINANCE
2025-09-01 07:34:02.625,108829.78,0.00051,15.616513761467997,BINANCE
2025-09-01 07:34:02.625,108828.52,7e-05,15.732110091742745,BINANCE
2025-09-01 07:34:02.625,108829.78,0.0005,15.616513761467997,BINANCE
2025-09-01 07:34:02.625,108831.33,0.00038,15.474311926605344,BINANCE
2025-09-01 07:34:02.625,108829.96,0.00027,15.599999999999412,BINANCE
2025-09-01 07:34:02.625,108828.0,0.00015,15.779816513761467,BINANCE
2025-09-01 07:34:02.625,108832.0,0.00072,15.412844036697248,BINANCE
2025-09-01 07:34:02.625,108832.0,0.00015,15.412844036697248,BINANCE
2025-09-01 07:34:02.625,108832.0,0.0004,15.412844036697248,BINANCE
2025-09-01 07:34:02.625,108831.98,5e-05,15.414678899082944,BINANCE
2025-09-01 07:34:02.625,108831.96,5e-05,15.416513761467304,BINANCE
2025-09-01 07:34:02.625,108830.85,0.00178,15.518348623852678,BINANCE
2025-09-01 07:34:02.625,108830.6,0.0007,15.54128440366919,BINANCE
2025-09-01 07:34:02.625,108830.53,5e-05,15.547706422018456,BINANCE
2025-09-01 07:34:02.625,108830.37,0.00105,15.562385321101345,BINANCE
2025-09-01 07:34:02.625,108830.36,9e-05,15.563302752293524,BINANCE
2025-09-01 07:34:02.625,108830.21,6e-05,15.5770642201829,BINANCE
2025-09-01 07:34:02.625,108830.03,0.00069,15.593577981651483,BINANCE
2025-09-01 07:34:02.625,108830.0,0.00091,15.596330275229358,BINANCE
2025-09-01 07:34:02.625,108829.96,5e-05,15.599999999999412,BINANCE
2025-09-01 07:34:02.625,108829.96,0.0115,15.599999999999412,BINANCE
2025-09-01 07:34:02.625,108827.56,5e-05,15.820183486238745,BINANCE
2025-09-01 07:34:02.625,108825.46,7e-05,16.01284403669666,BINANCE
2025-09-01 07:34:02.625,108825.34,5e-05,16.023853211009495,BINANCE
2025-09-01 07:34:02.625,108825.34,0.003,16.023853211009495,BINANCE
2025-09-01 07:34:02.625,108825.0,9e-05,16.055045871559635,BINANCE
2025-09-01 07:34:02.625,108826.08,0.00062,15.955963302752133,BINANCE
2025-09-01 07:34:02.625,108825.0,5e-05,16.055045871559635,BINANCE
2025-09-01 07:34:02.625,108824.93,5e-05,16.061467889908897,BINANCE
2025-09-01 07:34:02.625,108824.36,0.00015,16.113761467889855,BINANCE
2025-09-01 07:34:02.625,108824.34,6e-05,16.115596330275547,BINANCE
2025-09-01 07:34:02.625,108824.32,5e-05,16.117431192659907,BINANCE
2025-09-01 07:34:02.625,108824.32,6e-05,16.117431192659907,BINANCE
2025-09-01 07:34:02.625,108827.97,5e-05,15.782568807339342,BINANCE
2025-09-01 07:34:02.625,108826.17,5e-05,15.94770642201851,BINANCE
2025-09-01 07:34:02.625,108827.44,5e-05,15.831192660550245,BINANCE
2025-09-01 07:34:02.625,108827.42,5e-05,15.83302752293594,BINANCE
2025-09-01 07:34:02.625,108827.03,0.0007,15.86880733944965,BINANCE
2025-09-01 07:34:02.625,108826.94,5e-05,15.877064220183273,BINANCE
2025-09-01 07:34:02.625,108826.94,0.00222,15.877064220183273,BINANCE
2025-09-01 07:34:02.625,108826.94,0.00111,15.877064220183273,BINANCE
2025-09-01 07:34:02.625,108826.6,0.00082,15.908256880733411,BINANCE
2025-09-01 07:34:02.625,108827.4,0.00207,15.834862385321635,BINANCE
2025-09-01 07:34:02.625,108826.42,0.00073,15.924770642201995,BINANCE
2025-09-01 07:34:02.625,108826.29,0.00086,15.93669724770701,BINANCE
2025-09-01 07:34:02.625,108826.18,0.00843,15.94678899082633,BINANCE
2025-09-01 07:34:02.625,108826.18,0.00166,15.94678899082633,BINANCE
2025-09-01 07:34:02.625,108826.18,0.01034,15.94678899082633,BINANCE
2025-09-01 07:34:02.625,108826.18,0.00526,15.94678899082633,BINANCE
2025-09-01 07:34:02.625,108826.18,0.00027,15.94678899082633,BINANCE
2025-09-01 07:34:02.625,108826.18,0.00167,15.94678899082633,BINANCE
2025-09-01 07:34:02.625,108826.52,5e-05,15.915596330274855,BINANCE
2025-09-01 07:34:02.626,108833.33,0.00028,15.290825688073236,BINANCE
2025-09-01 07:34:02.626,108833.33,5e-05,15.290825688073236,BINANCE
2025-09-01 07:34:02.626,108833.6,6e-05,15.266055045871024,BINANCE
2025-09-01 07:34:02.626,108834.09,7e-05,15.221100917431514,BINANCE
2025-09-01 07:34:02.626,108834.34,6e-05,15.198165137615,BINANCE
2025-09-01 07:34:02.626,108834.41,0.00139,15.191743119265734,BINANCE
2025-09-01 07:34:02.626,108834.73,0.00088,15.162385321101292,BINANCE
2025-09-01 07:34:02.626,108834.53,0.012,15.180733944954236,BINANCE
2025-09-01 07:34:02.626,108834.53,0.00594,15.180733944954236,BINANCE
2025-09-01 07:34:02.626,108835.08,0.0001,15.130275229357638,BINANCE
2025-09-01 07:34:02.626,108835.42,5e-05,15.099082568807498,BINANCE
2025-09-01 07:34:02.626,108835.44,0.00503,15.097247706421806,BINANCE
2025-09-01 07:34:02.626,108833.33,0.00706,15.290825688073236,BINANCE
2025-09-01 07:34:02.626,108834.53,0.00036,15.180733944954236,BINANCE
2025-09-01 07:34:02.626,108832.41,0.00063,15.375229357797846,BINANCE
2025-09-01 07:34:02.626,108833.17,0.00151,15.305504587156122,BINANCE
2025-09-01 07:34:02.626,108832.0,0.00128,15.412844036697248,BINANCE
2025-09-01 07:34:02.626,108832.0,5e-05,15.412844036697248,BINANCE
2025-09-01 07:34:02.626,108832.14,7e-05,15.400000000000054,BINANCE
2025-09-01 07:34:02.626,108832.33,0.0001,15.38256880733929,BINANCE
2025-09-01 07:34:02.626,108832.48,8e-05,15.368807339449916,BINANCE
2025-09-01 07:34:02.626,108833.33,7e-05,15.290825688073236,BINANCE
2025-09-01 07:34:02.626,108832.64,0.00082,15.354128440367026,BINANCE
2025-09-01 07:34:02.626,108832.97,5e-05,15.323853211009068,BINANCE
2025-09-01 07:34:02.626,108832.98,8e-05,15.322935779816886,BINANCE
2025-09-01 07:34:02.626,108833.07,0.00869,15.314678899081928,BINANCE
2025-09-01 07:34:02.626,108833.07,0.00061,15.314678899081928,BINANCE
2025-09-01 07:34:02.626,108833.14,0.00015,15.308256880734,BINANCE
2025-09-01 07:34:02.626,108832.64,5e-05,15.354128440367026,BINANCE
2025-09-01 07:34:02.627,108835.44,0.012,15.097247706421806,BINANCE
2025-09-01 07:34:02.628,108835.44,0.012,15.097247706421806,BINANCE
2025-09-01 07:34:02.639,108835.44,0.00059,15.097247706421806,BINANCE
2025-09-01 07:34:02.641,108835.44,0.00059,15.097247706421806,BINANCE
2025-09-01 07:34:02.641,108835.43,0.01273,15.09816513761532,BINANCE
2025-09-01 07:34:02.644,108835.43,0.00093,15.09816513761532,BINANCE
2025-09-01 07:34:02.834,108835.43,0.01141,15.09816513761532,BINANCE
2025-09-01 07:34:02.907,108835.44,0.00053,15.097247706421806,BINANCE
2025-09-01 07:34:03.254,108835.44,0.00035,15.097247706421806,BINANCE
2025-09-01 07:34:03.255,108835.44,0.00059,15.097247706421806,BINANCE
2025-09-01 07:34:03.259,108835.44,0.0026,15.097247706421806,BINANCE
2025-09-01 07:34:03.259,108835.44,0.00123,15.097247706421806,BINANCE
2025-09-01 07:34:03.261,108835.44,0.00059,15.097247706421806,BINANCE
2025-09-01 07:34:03.285,108835.43,0.04415,15.09816513761532,BINANCE
2025-09-01 07:34:03.285,108835.43,0.06491,15.09816513761532,BINANCE
2025-09-01 07:34:03.285,108835.43,0.0132,15.09816513761532,BINANCE
2025-09-01 07:34:03.285,108835.43,0.04895,15.09816513761532,BINANCE
2025-09-01 07:34:03.285,108835.43,0.06621,15.09816513761532,BINANCE
2025-09-01 07:34:03.285,108835.43,0.00247,15.09816513761532,BINANCE
2025-09-01 07:34:03.285,108835.43,0.06753,15.09816513761532,BINANCE
2025-09-01 07:34:03.285,108835.43,8e-05,15.09816513761532,BINANCE
2025-09-01 07:34:03.287,108835.43,0.00899,15.09816513761532,BINANCE
2025-09-01 07:34:03.287,108835.43,0.00021,15.09816513761532,BINANCE
2025-09-01 07:34:03.336,108835.44,0.012,15.097247706421806,BINANCE
2025-09-01 07:34:03.337,108835.44,0.012,15.097247706421806,BINANCE
2025-09-01 07:34:03.338,108835.44,0.00295,15.097247706421806,BINANCE
2025-09-01 07:34:03.338,108835.44,0.00919,15.097247706421806,BINANCE
2025-09-01 07:34:03.361,108835.44,5e-05,15.097247706421806,BINANCE
2025-09-01 07:34:03.361,108835.44,0.00585,15.097247706421806,BINANCE
2025-09-01 07:34:03.361,108835.44,0.00319,15.097247706421806,BINANCE
2025-09-01 07:34:03.382,108835.44,0.01775,15.097247706421806,BINANCE
2025-09-01 07:34:03.382,108835.44,0.06436,15.097247706421806,BINANCE
2025-09-01 07:34:03.382,108835.44,0.04365,15.097247706421806,BINANCE
2025-09-01 07:34:03.390,108835.44,0.03524,15.097247706421806,BINANCE
2025-09-01 07:34:03.391,108835.44,0.01901,15.097247706421806,BINANCE
2025-09-01 07:34:03.392,108835.44,0.05484,15.097247706421806,BINANCE
2025-09-01 07:34:03.392,108835.44,0.1162,15.097247706421806,BINANCE
2025-09-01 07:34:03.392,108835.44,0.07576,15.097247706421806,BINANCE
2025-09-01 07:34:03.393,108835.44,5e-05,15.097247706421806,BINANCE
2025-09-01 07:34:03.393,108835.44,0.03675,15.097247706421806,BINANCE
2025-09-01 07:34:03.393,108835.44,0.00201,15.097247706421806,BINANCE
2025-09-01 07:34:03.393,108835.44,0.04594,15.097247706421806,BINANCE
2025-09-01 07:34:03.393,108835.44,0.00072,15.097247706421806,BINANCE
2025-09-01 07:34:03.393,108835.44,0.00069,15.097247706421806,BINANCE
2025-09-01 07:34:03.393,108835.44,0.04179,15.097247706421806,BINANCE
2025-09-01 07:34:03.393,108835.44,0.37668,15.097247706421806,BINANCE
2025-09-01 07:34:03.395,108835.65,5e-05,15.077981651376682,BINANCE
2025-09-01 07:34:03.395,108835.85,8e-05,15.0596330275224,BINANCE
2025-09-01 07:34:03.395,108835.98,5e-05,15.047706422018724,BINANCE
2025-09-01 07:34:03.395,108835.45,5e-05,15.096330275229624,BINANCE
2025-09-01 07:34:03.400,108836.26,5e-05,15.022018348624334,BINANCE
2025-09-01 07:34:03.400,108836.15,5e-05,15.032110091743654,BINANCE
2025-09-01 07:34:03.400,108836.0,5e-05,15.045871559633028,BINANCE
2025-09-01 07:34:03.400,108836.28,0.00025,15.020183486238638,BINANCE
2025-09-01 07:34:03.400,108836.29,5e-05,15.01926605504646,BINANCE
2025-09-01 07:34:03.400,108836.53,5e-05,14.997247706422126,BINANCE
2025-09-01 07:34:03.400,108836.4,0.00072,15.00917431192714,BINANCE
2025-09-01 07:34:03.400,108836.52,5e-05,14.998165137614304,BINANCE
2025-09-01 07:34:03.400,108836.53,0.0416,14.997247706422126,BINANCE
2025-09-01 07:34:03.400,108836.59,0.00069,14.991743119266376,BINANCE
2025-09-01 07:34:03.400,108836.63,0.00018,14.988073394494984,BINANCE
2025-09-01 07:34:03.400,108836.72,0.00215,14.979816513761362,BINANCE
2025-09-01 07:34:03.400,108836.75,0.00064,14.977064220183486,BINANCE
2025-09-01 07:34:03.400,108837.07,6e-05,14.947706422017708,BINANCE
2025-09-01 07:34:03.400,108837.07,0.00012,14.947706422017708,BINANCE
2025-09-01 07:34:03.400,108837.25,0.00399,14.931192660550458,BINANCE
2025-09-01 07:34:03.400,108835.99,5e-05,15.046788990825208,BINANCE
2025-09-01 07:34:03.400,108836.0,0.002,15.045871559633028,BINANCE
2025-09-01 07:34:03.400,108836.0,0.00015,15.045871559633028,BINANCE
2025-09-01 07:34:03.400,108836.0,0.0004,15.045871559633028,BINANCE
2025-09-01 07:34:03.400,108835.99,8e-05,15.046788990825208,BINANCE
2025-09-01 07:34:03.402,108838.06,5e-05,14.856880733945168,BINANCE
2025-09-01 07:34:03.402,108838.34,5e-05,14.831192660550778,BINANCE
2025-09-01 07:34:03.402,108838.07,5e-05,14.855963302751654,BINANCE
2025-09-01 07:34:03.402,108838.23,0.00016,14.8412844036701,BINANCE
2025-09-01 07:34:03.402,108838.67,5e-05,14.80091743119282,BINANCE
2025-09-01 07:34:03.402,108838.35,5e-05,14.830275229357264,BINANCE
2025-09-01 07:34:03.402,108838.38,5e-05,14.82752293577939,BINANCE
2025-09-01 07:34:03.402,108838.7,0.00643,14.798165137614946,BINANCE
2025-09-01 07:34:03.402,108838.0,5e-05,14.862385321100916,BINANCE
2025-09-01 07:34:03.402,108837.94,7e-05,14.867889908256666,BINANCE
2025-09-01 07:34:03.402,108837.62,7e-05,14.897247706422444,BINANCE
2025-09-01 07:34:03.402,108837.62,5e-05,14.897247706422444,BINANCE
2025-09-01 07:34:03.402,108837.76,0.00408,14.884403669725252,BINANCE
2025-09-01 07:34:03.402,108837.76,5e-05,14.884403669725252,BINANCE
2025-09-01 07:34:03.402,108837.69,6e-05,14.890825688073182,BINANCE
2025-09-01 07:34:03.402,108837.77,8e-05,14.883486238531736,BINANCE
2025-09-01 07:34:03.402,108837.99,5e-05,14.863302752293098,BINANCE
2025-09-01 07:34:03.411,108838.71,5e-05,14.797247706421432,BINANCE
2025-09-01 07:34:03.411,108838.7,0.00917,14.798165137614946,BINANCE
2025-09-01 07:34:03.411,108838.7,5e-05,14.798165137614946,BINANCE
2025-09-01 07:34:03.411,108838.92,5e-05,14.777981651376308,BINANCE
2025-09-01 07:34:03.411,108838.89,5e-05,14.780733944954182,BINANCE
2025-09-01 07:34:03.411,108838.89,9e-05,14.780733944954182,BINANCE
2025-09-01 07:34:03.411,108838.7,0.02006,14.798165137614946,BINANCE
2025-09-01 07:34:03.411,108838.7,0.00402,14.798165137614946,BINANCE
2025-09-01 07:34:03.412,108840.21,5e-05,14.659633027522348,BINANCE
2025-09-01 07:34:03.412,108840.0,5e-05,14.678899082568808,BINANCE
2025-09-01 07:34:03.412,108840.22,5e-05,14.658715596330168,BINANCE
2025-09-01 07:34:03.412,108840.36,0.00669,14.645871559632974,BINANCE
2025-09-01 07:34:03.412,108840.56,5e-05,14.62752293578003,BINANCE
2025-09-01 07:34:03.412,108840.42,7e-05,14.640366972477224,BINANCE
2025-09-01 07:34:03.412,108840.42,0.00081,14.640366972477224,BINANCE
2025-09-01 07:34:03.412,108840.55,5e-05,14.62844036697221,BINANCE
2025-09-01 07:34:03.412,108840.38,8e-05,14.644036697247278,BINANCE
2025-09-01 07:34:03.412,108839.15,8e-05,14.756880733945488,BINANCE
2025-09-01 07:34:03.412,108839.33,5e-05,14.740366972476902,BINANCE
2025-09-01 07:34:03.412,108839.69,7e-05,14.70733944954107,BINANCE
2025-09-01 07:34:03.412,108839.84,0.00033,14.693577981651698,BINANCE
2025-09-01 07:34:03.412,108839.99,5e-05,14.679816513760988,BINANCE
2025-09-01 07:34:03.412,108840.0,0.002,14.678899082568808,BINANCE
2025-09-01 07:34:03.412,108840.0,0.0004,14.678899082568808,BINANCE
2025-09-01 07:34:03.412,108840.0,0.01838,14.678899082568808,BINANCE
2025-09-01 07:34:03.412,108840.0,0.00357,14.678899082568808,BINANCE
2025-09-01 07:34:03.412,108840.0,0.00015,14.678899082568808,BINANCE
2025-09-01 07:34:03.413,108841.93,5e-05,14.50183486238596,BINANCE
2025-09-01 07:34:03.413,108842.57,5e-05,14.443119266054406,BINANCE
2025-09-01 07:34:03.413,108842.53,0.00023,14.446788990825794,BINANCE
2025-09-01 07:34:03.413,108842.25,7e-05,14.472477064220184,BINANCE
2025-09-01 07:34:03.413,108842.11,0.00072,14.485321100917378,BINANCE
2025-09-01 07:34:03.413,108842.1,0.0011,14.486238532109557,BINANCE
2025-09-01 07:34:03.413,108842.1,5e-05,14.486238532109557,BINANCE
2025-09-01 07:34:03.413,108841.03,7e-05,14.584403669724876,BINANCE
2025-09-01 07:34:03.413,108841.32,0.00017,14.557798165136973,BINANCE
2025-09-01 07:34:03.413,108841.3,0.00022,14.559633027522668,BINANCE
2025-09-01 07:34:03.413,108840.68,0.00085,14.61651376146853,BINANCE
2025-09-01 07:34:03.413,108840.57,5e-05,14.626605504586514,BINANCE
2025-09-01 07:34:03.414,108844.32,8e-05,14.282568807338809,BINANCE
2025-09-01 07:34:03.414,108844.33,0.0001,14.281651376146629,BINANCE
2025-09-01 07:34:03.414,108844.44,7e-05,14.27155963302731,BINANCE
2025-09-01 07:34:03.414,108844.44,6e-05,14.27155963302731,BINANCE
2025-09-01 07:34:03.414,108844.48,6e-05,14.267889908257255,BINANCE
2025-09-01 07:34:03.414,108844.54,7e-05,14.262385321101505,BINANCE
2025-09-01 07:34:03.414,108844.83,5e-05,14.2357798165136,BINANCE
2025-09-01 07:34:03.414,108844.88,5e-05,14.23119266055003,BINANCE
2025-09-01 07:34:03.414,108844.89,0.00021,14.23027522935785,BINANCE
2025-09-01 07:34:03.414,108844.0,0.002,14.311926605504587,BINANCE
2025-09-01 07:34:03.414,108844.73,0.00017,14.24495412844074,BINANCE
2025-09-01 07:34:03.414,108844.0,0.0004,14.311926605504587,BINANCE
2025-09-01 07:34:03.414,108843.37,0.00016,14.36972477064263,BINANCE
2025-09-01 07:34:03.414,108843.3,5e-05,14.376146788990559,BINANCE
2025-09-01 07:34:03.414,108843.34,7e-05,14.372477064220504,BINANCE
2025-09-01 07:34:03.414,108844.0,0.00015,14.311926605504587,BINANCE
2025-09-01 07:34:03.414,108843.73,5e-05,14.336697247706795,BINANCE
2025-09-01 07:34:03.414,108843.79,5e-05,14.331192660551046,BINANCE
2025-09-01 07:34:03.414,108843.86,5e-05,14.32477064220178,BINANCE
2025-09-01 07:34:03.417,108845.13,7e-05,14.208256880733517,BINANCE
2025-09-01 07:34:03.417,108845.13,0.00194,14.208256880733517,BINANCE
2025-09-01 07:34:03.421,108845.13,5e-05,14.208256880733517,BINANCE
2025-09-01 07:34:03.421,108845.13,1e-05,14.208256880733517,BINANCE
2025-09-01 07:34:03.425,108845.13,5e-05,14.208256880733517,BINANCE
2025-09-01 07:34:03.425,108845.13,0.02802,14.208256880733517,BINANCE
2025-09-01 07:34:03.425,108845.13,0.01174,14.208256880733517,BINANCE
2025-09-01 07:34:03.425,108845.13,4e-05,14.208256880733517,BINANCE
2025-09-01 07:34:03.426,108845.13,0.002,14.208256880733517,BINANCE
2025-09-01 07:34:03.440,108845.42,5e-05,14.181651376146949,BINANCE
2025-09-01 07:34:03.440,108845.5,6e-05,14.174311926605505,BINANCE
2025-09-01 07:34:03.440,108845.55,0.0001,14.169724770641935,BINANCE
2025-09-01 07:34:03.440,108845.64,9e-05,14.16146788990831,BINANCE
2025-09-01 07:34:03.440,108845.75,0.00041,14.15137614678899,BINANCE
2025-09-01 07:34:03.440,108845.95,7e-05,14.133027522936048,BINANCE
2025-09-01 07:34:03.440,108846.08,7e-05,14.121100917431033,BINANCE
2025-09-01 07:34:03.440,108846.15,5e-05,14.114678899083103,BINANCE
2025-09-01 07:34:03.440,108846.15,7e-05,14.114678899083103,BINANCE
2025-09-01 07:34:03.440,108846.15,0.00072,14.114678899083103,BINANCE
2025-09-01 07:34:03.440,108846.18,0.00022,14.111926605505229,BINANCE
2025-09-01 07:34:03.440,108846.34,0.0009,14.097247706422339,BINANCE
2025-09-01 07:34:03.440,108846.46,6e-05,14.086238532109503,BINANCE
2025-09-01 07:34:03.440,108846.97,5e-05,14.039449541284297,BINANCE
2025-09-01 07:34:03.440,108845.14,5e-05,14.207339449541339,BINANCE
2025-09-01 07:34:03.440,108845.25,5e-05,14.197247706422019,BINANCE
2025-09-01 07:34:03.440,108845.13,0.01907,14.208256880733517,BINANCE
2025-09-01 07:34:03.440,108845.13,5e-05,14.208256880733517,BINANCE
2025-09-01 07:34:03.440,108845.13,0.01796,14.208256880733517,BINANCE
2025-09-01 07:34:03.440,108845.25,0.00228,14.197247706422019,BINANCE
2025-09-01 07:34:03.441,108847.34,0.0047,14.005504587156285,BINANCE
2025-09-01 07:34:03.441,108847.33,5e-05,14.006422018348463,BINANCE
2025-09-01 07:34:03.441,108847.33,0.03216,14.006422018348463,BINANCE
2025-09-01 07:34:03.441,108847.32,5e-05,14.007339449540643,BINANCE
2025-09-01 07:34:03.463,108847.34,0.0013,14.005504587156285,BINANCE
2025-09-01 07:34:03.463,108847.34,5e-05,14.005504587156285,BINANCE
2025-09-01 07:34:03.576,108847.33,0.00011,14.006422018348463,BINANCE
2025-09-01 07:34:03.598,108847.34,0.00011,14.005504587156285,BINANCE
2025-09-01 07:34:03.840,108847.33,0.00143,14.006422018348463,BINANCE
2025-09-01 07:34:03.945,108847.34,0.00373,14.005504587156285,BINANCE
2025-09-01 07:34:03.945,108847.34,5e-05,14.005504587156285,BINANCE
2025-09-01 07:34:03.945,108847.34,0.06019,14.005504587156285,BINANCE
2025-09-01 07:34:03.963,108847.33,7e-05,14.006422018348463,BINANCE
2025-09-01 07:34:03.978,108847.34,0.00121,14.005504587156285,BINANCE
2025-09-01 07:34:03.995,108847.33,0.00144,14.006422018348463,BINANCE
2025-09-01 07:34:04.033,108847.34,0.012,14.005504587156285,BINANCE
2025-09-01 07:34:04.034,108847.34,0.012,14.005504587156285,BINANCE
2025-09-01 07:34:04.057,108847.33,0.002,14.006422018348463,BINANCE
2025-09-01 07:34:04.123,108847.33,0.00393,14.006422018348463,BINANCE
2025-09-01 07:34:04.196,108847.34,0.00103,14.005504587156285,BINANCE
2025-09-01 07:34:04.357,108847.33,0.00333,14.006422018348463,BINANCE
2025-09-01 07:34:04.526,108847.33,0.00018,14.006422018348463,BINANCE
2025-09-01 07:34:04.610,108847.33,0.00184,14.006422018348463,BINANCE
2025-09-01 07:34:04.640,108847.34,0.00091,14.005504587156285,BINANCE
2025-09-01 07:34:04.761,108847.34,0.00185,14.005504587156285,BINANCE
2025-09-01 07:34:04.905,108847.34,0.012,14.005504587156285,BINANCE
2025-09-01 07:34:04.906,108847.34,0.012,14.005504587156285,BINANCE
2025-09-01 07:34:04.967,108847.33,0.00124,14.006422018348463,BINANCE
2025-09-01 07:34:05.066,108847.34,0.00192,14.005504587156285,BINANCE
2025-09-01 07:34:05.111,108847.33,0.00036,14.006422018348463,BINANCE
2025-09-01 07:34:05.234,108847.34,0.00036,14.005504587156285,BINANCE
2025-09-01 07:34:05.519,108847.34,0.10105,14.005504587156285,BINANCE
2025-09-01 07:34:05.525,108847.34,0.012,14.005504587156285,BINANCE
2025-09-01 07:34:05.526,108847.34,0.012,14.005504587156285,BINANCE
2025-09-01 07:34:05.527,108847.34,0.012,14.005504587156285,BINANCE
2025-09-01 07:34:05.561,108847.34,0.012,14.005504587156285,BINANCE
2025-09-01 07:34:05.588,108847.34,0.0007,14.005504587156285,BINANCE
2025-09-01 07:34:05.601,108847.34,0.00091,14.005504587156285,BINANCE
2025-09-01 07:34:05.610,108847.33,0.00731,14.006422018348463,BINANCE
2025-09-01 07:34:05.618,108847.34,0.012,14.005504587156285,BINANCE
2025-09-01 07:34:05.647,108847.33,7e-05,14.006422018348463,BINANCE
2025-09-01 07:34:05.679,108847.34,0.00683,14.005504587156285,BINANCE
2025-09-01 07:34:05.679,108847.34,0.00517,14.005504587156285,BINANCE
2025-09-01 07:34:05.695,108847.34,0.012,14.005504587156285,BINANCE
2025-09-01 07:34:05.696,108847.34,0.012,14.005504587156285,BINANCE
2025-09-01 07:34:05.696,108847.34,0.01107,14.005504587156285,BINANCE
2025-09-01 07:34:05.696,108847.34,0.00093,14.005504587156285,BINANCE
2025-09-01 07:34:05.696,108847.34,0.00296,14.005504587156285,BINANCE
2025-09-01 07:34:05.696,108847.34,0.00504,14.005504587156285,BINANCE
2025-09-01 07:34:05.697,108847.34,0.012,14.005504587156285,BINANCE
2025-09-01 07:34:05.701,108847.34,0.012,14.005504587156285,BINANCE
2025-09-01 07:34:05.703,108847.34,0.012,14.005504587156285,BINANCE
2025-09-01 07:34:05.707,108847.34,0.0092,14.005504587156285,BINANCE
2025-09-01 07:34:05.707,108847.34,5e-05,14.005504587156285,BINANCE
2025-09-01 07:34:05.707,108847.34,0.002,14.005504587156285,BINANCE
2025-09-01 07:34:05.707,108847.34,0.04592,14.005504587156285,BINANCE
2025-09-01 07:34:05.707,108847.34,0.39288,14.005504587156285,BINANCE
2025-09-01 07:34:05.707,108847.34,0.21577,14.005504587156285,BINANCE
2025-09-01 07:34:05.717,108847.39,5e-05,14.000917431192715,BINANCE
2025-09-01 07:34:05.717,108847.49,0.00019,13.991743119265575,BINANCE
2025-09-01 07:34:05.717,108847.49,5e-05,13.991743119265575,BINANCE
2025-09-01 07:34:05.717,108847.59,0.00015,13.982568807339769,BINANCE
2025-09-01 07:34:05.717,108847.59,0.00026,13.982568807339769,BINANCE
2025-09-01 07:34:05.717,108847.99,5e-05,13.945871559632547,BINANCE
2025-09-01 07:34:05.717,108847.82,0.00018,13.961467889907617,BINANCE
2025-09-01 07:34:05.717,108847.82,0.00013,13.961467889907617,BINANCE
2025-09-01 07:34:05.717,108847.69,5e-05,13.973394495412629,BINANCE
2025-09-01 07:34:05.717,108847.35,5e-05,14.004587155962769,BINANCE
2025-09-01 07:34:05.717,108847.35,0.00074,14.004587155962769,BINANCE
2025-09-01 07:34:05.804,108848.0,0.001,13.944954128440367,BINANCE
2025-09-01 07:34:05.805,108848.0,0.001,13.944954128440367,BINANCE
2025-09-01 07:34:05.809,108848.0,0.0006,13.944954128440367,BINANCE
2025-09-01 07:34:05.809,108848.0,0.0114,13.944954128440367,BINANCE
2025-09-01 07:34:05.810,108848.0,0.012,13.944954128440367,BINANCE
2025-09-01 07:34:05.811,108848.0,0.012,13.944954128440367,BINANCE
2025-09-01 07:34:05.812,108848.0,0.012,13.944954128440367,BINANCE
2025-09-01 07:34:05.813,108848.0,0.012,13.944954128440367,BINANCE
2025-09-01 07:34:05.814,108848.0,0.012,13.944954128440367,BINANCE
2025-09-01 07:34:05.816,108848.0,5e-05,13.944954128440367,BINANCE
2025-09-01 07:34:05.816,108848.0,0.04592,13.944954128440367,BINANCE
2025-09-01 07:34:05.816,108848.01,5e-05,13.944036697248189,BINANCE
2025-09-01 07:34:05.816,108848.03,0.00039,13.942201834862493,BINANCE
2025-09-01 07:34:05.816,108848.03,5e-05,13.942201834862493,BINANCE
2025-09-01 07:34:05.816,108848.12,0.0001,13.933944954128867,BINANCE
2025-09-01 07:34:05.816,108848.12,5e-05,13.933944954128867,BINANCE
2025-09-01 07:34:05.816,108848.0,0.0004,13.944954128440367,BINANCE
2025-09-01 07:34:05.816,108848.0,0.0265,13.944954128440367,BINANCE
2025-09-01 07:34:05.816,108848.0,0.00015,13.944954128440367,BINANCE
2025-09-01 07:34:05.816,108848.0,0.002,13.944954128440367,BINANCE
2025-09-01 07:34:05.816,108848.0,0.05348,13.944954128440367,BINANCE
2025-09-01 07:34:05.822,108848.92,5e-05,13.860550458715757,BINANCE
2025-09-01 07:34:05.822,108849.01,0.00019,13.852293577982131,BINANCE
2025-09-01 07:34:05.822,108849.01,5e-05,13.852293577982131,BINANCE
2025-09-01 07:34:05.822,108849.2,5e-05,13.834862385321367,BINANCE
2025-09-01 07:34:05.822,108849.34,5e-05,13.822018348624173,BINANCE
2025-09-01 07:34:05.822,108849.71,5e-05,13.788073394494825,BINANCE
2025-09-01 07:34:05.822,108849.54,5e-05,13.803669724771229,BINANCE
2025-09-01 07:34:05.822,108849.63,7e-05,13.795412844036269,BINANCE
2025-09-01 07:34:05.822,108849.86,7e-05,13.774311926605453,BINANCE
2025-09-01 07:34:05.822,108849.74,0.00091,13.785321100916951,BINANCE
2025-09-01 07:34:05.822,108848.71,5e-05,13.879816513760879,BINANCE
2025-09-01 07:34:05.822,108849.53,0.00023,13.804587155963409,BINANCE
2025-09-01 07:34:05.822,108848.71,7e-05,13.879816513760879,BINANCE
2025-09-01 07:34:05.822,108848.13,5e-05,13.933027522935353,BINANCE
2025-09-01 07:34:05.822,108848.61,0.00222,13.888990825688019,BINANCE
2025-09-01 07:34:05.822,108848.61,5e-05,13.888990825688019,BINANCE
2025-09-01 07:34:05.822,108848.12,5e-05,13.933944954128867,BINANCE
2025-09-01 07:34:05.822,108848.27,5e-05,13.920183486238159,BINANCE
2025-09-01 07:34:05.822,108848.28,8e-05,13.919266055045977,BINANCE
2025-09-01 07:34:05.822,108848.28,5e-05,13.919266055045977,BINANCE
2025-09-01 07:34:05.822,108848.53,0.00055,13.896330275229465,BINANCE
2025-09-01 07:34:05.822,108848.53,5e-05,13.896330275229465,BINANCE
2025-09-01 07:34:05.827,108857.14,5e-05,13.106422018348677,BINANCE
2025-09-01 07:34:05.827,108857.14,7e-05,13.106422018348677,BINANCE
2025-09-01 07:34:05.827,108857.14,0.00169,13.106422018348677,BINANCE
2025-09-01 07:34:05.827,108857.14,0.0011,13.106422018348677,BINANCE
2025-09-01 07:34:05.827,108857.14,8e-05,13.106422018348677,BINANCE
2025-09-01 07:34:05.827,108857.14,0.00018,13.106422018348677,BINANCE
2025-09-01 07:34:05.827,108857.21,5e-05,13.099999999999412,BINANCE
2025-09-01 07:34:05.827,108857.14,6e-05,13.106422018348677,BINANCE
2025-09-01 07:34:05.827,108856.82,5e-05,13.135779816513121,BINANCE
2025-09-01 07:34:05.827,108857.13,5e-05,13.107339449540858,BINANCE
2025-09-01 07:34:05.827,108857.06,9e-05,13.113761467890122,BINANCE
2025-09-01 07:34:05.827,108856.92,5e-05,13.126605504587316,BINANCE
2025-09-01 07:34:05.827,108856.77,0.00015,13.140366972476691,BINANCE
2025-09-01 07:34:05.827,108856.73,0.00049,13.14403669724808,BINANCE
2025-09-01 07:34:05.827,108856.67,5e-05,13.14954128440383,BINANCE
2025-09-01 07:34:05.827,108856.6,5e-05,13.15596330275176,BINANCE
2025-09-01 07:34:05.827,108856.38,0.0004,13.176146788990398,BINANCE
2025-09-01 07:34:05.827,108857.84,0.0001,13.042201834862706,BINANCE
2025-09-01 07:34:05.827,108856.0,5e-05,13.211009174311926,BINANCE
2025-09-01 07:34:05.827,108859.11,0.00011,12.925688073394442,BINANCE
2025-09-01 07:34:05.827,108859.08,6e-05,12.928440366972316,BINANCE
2025-09-01 07:34:05.827,108859.07,0.00019,12.929357798164498,BINANCE
2025-09-01 07:34:05.827,108859.01,0.00011,12.934862385321582,BINANCE
2025-09-01 07:34:05.827,108858.77,0.00427,12.95688073394458,BINANCE
2025-09-01 07:34:05.827,108858.6,0.00015,12.97247706421965,BINANCE
2025-09-01 07:34:05.827,108858.6,7e-05,12.97247706421965,BINANCE
2025-09-01 07:34:05.827,108858.52,5e-05,12.979816513761094,BINANCE
2025-09-01 07:34:05.827,108858.46,5e-05,12.985321100916844,BINANCE
2025-09-01 07:34:05.827,108858.42,5e-05,12.988990825688234,BINANCE
2025-09-01 07:34:05.827,108858.41,5e-05,12.989908256880415,BINANCE
2025-09-01 07:34:05.827,108858.22,0.00151,13.007339449541176,BINANCE
2025-09-01 07:34:05.827,108858.21,0.00204,13.008256880733358,BINANCE
2025-09-01 07:34:05.827,108858.14,7e-05,13.014678899082623,BINANCE
2025-09-01 07:34:05.827,108858.14,0.00037,13.014678899082623,BINANCE
2025-09-01 07:34:05.827,108858.06,0.00014,13.022018348624066,BINANCE
2025-09-01 07:34:05.827,108858.06,0.00013,13.022018348624066,BINANCE
2025-09-01 07:34:05.827,108857.82,0.00011,13.044036697247067,BINANCE
2025-09-01 07:34:05.827,108857.74,8e-05,13.051376146788511,BINANCE
2025-09-01 07:34:05.827,108857.5,0.00073,13.073394495412844,BINANCE
2025-09-01 07:34:05.827,108857.34,6e-05,13.088073394495733,BINANCE
2025-09-01 07:34:05.827,108855.28,0.00057,13.277064220183593,BINANCE
2025-09-01 07:34:05.827,108856.0,0.002,13.211009174311926,BINANCE
2025-09-01 07:34:05.827,108852.18,0.00023,13.561467889908897,BINANCE
2025-09-01 07:34:05.827,108852.0,0.002,13.577981651376147,BINANCE
2025-09-01 07:34:05.827,108852.0,0.0004,13.577981651376147,BINANCE
2025-09-01 07:34:05.827,108852.0,0.00015,13.577981651376147,BINANCE
2025-09-01 07:34:05.827,108851.85,0.00026,13.591743119265521,BINANCE
2025-09-01 07:34:05.827,108851.22,5e-05,13.649541284403563,BINANCE
2025-09-01 07:34:05.827,108851.07,6e-05,13.663302752292939,BINANCE
2025-09-01 07:34:05.827,108851.04,5e-05,13.666055045872149,BINANCE
2025-09-01 07:34:05.827,108852.28,0.00023,13.552293577981757,BINANCE
2025-09-01 07:34:05.827,108850.84,6e-05,13.684403669725091,BINANCE
2025-09-01 07:34:05.827,108850.0,5e-05,13.761467889908257,BINANCE
2025-09-01 07:34:05.827,108850.0,0.01378,13.761467889908257,BINANCE
2025-09-01 07:34:05.827,108850.0,0.09361,13.761467889908257,BINANCE
2025-09-01 07:34:05.827,108850.0,0.001,13.761467889908257,BINANCE
2025-09-01 07:34:05.827,108850.0,0.00012,13.761467889908257,BINANCE
2025-09-01 07:34:05.827,108850.0,0.00441,13.761467889908257,BINANCE
2025-09-01 07:34:05.827,108852.44,0.00015,13.53761467889887,BINANCE
2025-09-01 07:34:05.827,108851.77,0.00151,13.599082568806965,BINANCE
2025-09-01 07:34:05.827,108853.07,0.00082,13.479816513760827,BINANCE
2025-09-01 07:34:05.827,108856.0,0.0004,13.211009174311926,BINANCE
2025-09-01 07:34:05.827,108856.0,0.00015,13.211009174311926,BINANCE
2025-09-01 07:34:05.827,108856.0,0.00038,13.211009174311926,BINANCE
2025-09-01 07:34:05.827,108852.94,0.00055,13.491743119265843,BINANCE
2025-09-01 07:34:05.827,108855.99,5e-05,13.211926605504107,BINANCE
2025-09-01 07:34:05.827,108855.5,0.00082,13.256880733944953,BINANCE
2025-09-01 07:34:05.827,108855.47,5e-05,13.25963302752283,BINANCE
2025-09-01 07:34:05.827,108855.32,7e-05,13.273394495412203,BINANCE
2025-09-01 07:34:05.827,108855.26,0.00011,13.278899082569287,BINANCE
2025-09-01 07:34:05.827,108855.02,7e-05,13.300917431192287,BINANCE
2025-09-01 07:34:05.827,108855.05,6e-05,13.298165137614411,BINANCE
2025-09-01 07:34:05.827,108853.27,5e-05,13.461467889907883,BINANCE
2025-09-01 07:34:05.827,108853.33,5e-05,13.455963302752133,BINANCE
2025-09-01 07:34:05.827,108853.59,0.0002,13.43211009174344,BINANCE
2025-09-01 07:34:05.827,108854.0,0.001,13.394495412844037,BINANCE
2025-09-01 07:34:05.827,108854.33,7e-05,13.36422018348608,BINANCE
2025-09-01 07:34:05.827,108854.61,5e-05,13.33853211009169,BINANCE
2025-09-01 07:34:05.827,108855.0,0.00277,13.302752293577981,BINANCE
2025-09-01 07:34:05.827,108853.65,0.001,13.42660550458769,BINANCE
2025-09-01 07:34:05.835,108858.76,6e-05,12.957798165138096,BINANCE
2025-09-01 07:34:05.963,108859.49,0.00018,12.890825688072914,BINANCE
2025-09-01 07:34:06.025,108859.49,0.001,12.890825688072914,BINANCE
2025-09-01 07:34:06.025,108859.49,5e-05,12.890825688072914,BINANCE
2025-09-01 07:34:06.025,108859.49,0.00065,12.890825688072914,BINANCE
2025-09-01 07:34:06.025,108859.49,0.0001,12.890825688072914,BINANCE
2025-09-01 07:34:06.027,108859.49,0.001,12.890825688072914,BINANCE
2025-09-01 07:34:06.046,108859.49,0.00158,12.890825688072914,BINANCE
2025-09-01 07:34:06.051,108859.49,0.00337,12.890825688072914,BINANCE
2025-09-01 07:34:06.052,108859.49,0.00029,12.890825688072914,BINANCE
2025-09-01 07:34:06.070,108859.49,0.0009,12.890825688072914,BINANCE
2025-09-01 07:34:06.094,108859.48,0.1,12.891743119266428,BINANCE
2025-09-01 07:34:06.094,108859.48,0.15804,12.891743119266428,BINANCE
2025-09-01 07:34:06.094,108859.48,0.74196,12.891743119266428,BINANCE
2025-09-01 07:34:06.111,108859.48,0.01752,12.891743119266428,BINANCE
2025-09-01 07:34:06.138,108859.49,0.0008,12.890825688072914,BINANCE
2025-09-01 07:34:06.139,108859.49,0.00231,12.890825688072914,BINANCE
2025-09-01 07:34:06.140,108859.49,0.00025,12.890825688072914,BINANCE
2025-09-01 07:34:06.142,108859.49,0.00454,12.890825688072914,BINANCE
2025-09-01 07:34:06.146,108859.48,0.00315,12.891743119266428,BINANCE
2025-09-01 07:34:06.341,108859.48,0.4296,12.891743119266428,BINANCE
2025-09-01 07:34:06.343,108859.48,0.0092,12.891743119266428,BINANCE
2025-09-01 07:34:06.347,108859.49,0.00018,12.890825688072914,BINANCE
2025-09-01 07:34:06.633,108859.48,0.00261,12.891743119266428,BINANCE
2025-09-01 07:34:06.676,108859.49,0.02543,12.890825688072914,BINANCE
2025-09-01 07:34:06.676,108859.49,0.02446,12.890825688072914,BINANCE
2025-09-01 07:34:06.676,108859.49,0.03004,12.890825688072914,BINANCE
2025-09-01 07:34:06.727,108859.49,0.0084,12.890825688072914,BINANCE
2025-09-01 07:34:06.727,108859.49,0.0036,12.890825688072914,BINANCE
2025-09-01 07:34:06.729,108859.49,0.018,12.890825688072914,BINANCE
2025-09-01 07:34:06.753,108859.48,0.00022,12.891743119266428,BINANCE
2025-09-01 07:34:06.769,108859.48,0.00136,12.891743119266428,BINANCE
2025-09-01 07:34:06.806,108859.48,0.0013,12.891743119266428,BINANCE
2025-09-01 07:34:06.847,108859.49,0.00189,12.890825688072914,BINANCE
2025-09-01 07:34:06.856,108859.49,0.00197,12.890825688072914,BINANCE
2025-09-01 07:34:06.914,108859.49,5e-05,12.890825688072914,BINANCE
2025-09-01 07:34:06.914,108859.49,0.0117,12.890825688072914,BINANCE
2025-09-01 07:34:07.340,108859.49,8e-05,12.890825688072914,BINANCE
2025-09-01 07:34:07.607,108859.49,0.00111,12.890825688072914,BINANCE
2025-09-01 07:34:07.654,108859.48,0.0016,12.891743119266428,BINANCE
2025-09-01 07:34:07.694,108859.49,0.06421,12.890825688072914,BINANCE
2025-09-01 07:34:07.811,108859.49,0.00072,12.890825688072914,BINANCE
2025-09-01 07:34:07.956,108859.48,0.0152,12.891743119266428,BINANCE
2025-09-01 07:34:08.107,108859.48,0.00046,12.891743119266428,BINANCE
2025-09-01 07:34:08.281,108859.48,0.001,12.891743119266428,BINANCE
2025-09-01 07:34:08.532,108859.48,0.0039,12.891743119266428,BINANCE
2025-09-01 07:34:09.001,108859.48,0.0013,12.891743119266428,BINANCE
2025-09-01 07:34:09.163,108859.48,0.05451,12.891743119266428,BINANCE
2025-09-01 07:34:09.418,108859.48,0.07654,12.891743119266428,BINANCE
2025-09-01 07:34:09.418,108859.48,5e-05,12.891743119266428,BINANCE
2025-09-01 07:34:09.418,108859.48,0.03037,12.891743119266428,BINANCE
2025-09-01 07:34:09.522,108859.48,0.00105,12.891743119266428,BINANCE
2025-09-01 07:34:09.776,108859.48,0.0006,12.891743119266428,BINANCE
2025-09-01 07:34:09.776,108859.48,7e-05,12.891743119266428,BINANCE
2025-09-01 07:34:09.844,108859.48,0.00191,12.891743119266428,BINANCE
2025-09-01 07:34:10.121,108859.49,0.012,12.890825688072914,BINANCE
2025-09-01 07:34:10.123,108859.49,0.012,12.890825688072914,BINANCE
2025-09-01 07:34:10.124,108859.49,0.012,12.890825688072914,BINANCE
2025-09-01 07:34:10.124,108859.49,0.01121,12.890825688072914,BINANCE
2025-09-01 07:34:10.124,108859.49,0.00079,12.890825688072914,BINANCE
2025-09-01 07:34:10.134,108859.48,0.00184,12.891743119266428,BINANCE
2025-09-01 07:34:10.156,108859.49,0.02,12.890825688072914,BINANCE
2025-09-01 07:34:10.160,108859.48,0.11846,12.891743119266428,BINANCE
2025-09-01 07:34:10.160,108859.48,0.12791,12.891743119266428,BINANCE
2025-09-01 07:34:10.160,108859.48,0.0007,12.891743119266428,BINANCE
2025-09-01 07:34:10.160,108859.48,0.00069,12.891743119266428,BINANCE
2025-09-01 07:34:10.160,108859.48,0.30746,12.891743119266428,BINANCE
2025-09-01 07:34:10.160,108859.48,0.00074,12.891743119266428,BINANCE
2025-09-01 07:34:10.160,108859.48,0.04823,12.891743119266428,BINANCE
2025-09-01 07:34:10.160,108859.48,0.2745,12.891743119266428,BINANCE
2025-09-01 07:34:10.228,108859.48,0.04781,12.891743119266428,BINANCE
2025-09-01 07:34:10.228,108859.48,0.11908,12.891743119266428,BINANCE
2025-09-01 07:34:10.228,108859.48,0.00016,12.891743119266428,BINANCE
2025-09-01 07:34:10.228,108859.48,5e-05,12.891743119266428,BINANCE
2025-09-01 07:34:10.228,108859.48,0.01828,12.891743119266428,BINANCE
2025-09-01 07:34:10.228,108859.48,0.04924,12.891743119266428,BINANCE
2025-09-01 07:34:10.228,108859.48,0.04754,12.891743119266428,BINANCE
2025-09-01 07:34:10.228,108859.48,0.04761,12.891743119266428,BINANCE
2025-09-01 07:34:10.228,108859.48,0.00022,12.891743119266428,BINANCE
2025-09-01 07:34:10.228,108859.48,0.05583,12.891743119266428,BINANCE
2025-09-01 07:34:10.228,108859.48,0.06062,12.891743119266428,BINANCE
2025-09-01 07:34:10.228,108859.48,0.0624,12.891743119266428,BINANCE
2025-09-01 07:34:10.228,108859.48,0.068,12.891743119266428,BINANCE
2025-09-01 07:34:10.228,108859.48,0.15654,12.891743119266428,BINANCE
2025-09-01 07:34:10.228,108859.48,0.04809,12.891743119266428,BINANCE
2025-09-01 07:34:10.285,108859.48,8e-05,12.891743119266428,BINANCE
2025-09-01 07:34:10.423,108859.49,0.23308,12.890825688072914,BINANCE
2025-09-01 07:34:10.423,108859.49,0.0425,12.890825688072914,BINANCE
2025-09-01 07:34:10.691,108859.48,0.04576,12.891743119266428,BINANCE
2025-09-01 07:34:10.691,108859.48,0.11397,12.891743119266428,BINANCE
2025-09-01 07:34:10.702,108859.49,0.012,12.890825688072914,BINANCE
2025-09-01 07:34:10.703,108859.49,0.012,12.890825688072914,BINANCE
2025-09-01 07:34:11.039,108859.49,0.012,12.890825688072914,BINANCE
2025-09-01 07:34:11.040,108859.49,0.012,12.890825688072914,BINANCE
2025-09-01 07:34:11.041,108859.49,0.012,12.890825688072914,BINANCE
2025-09-01 07:34:11.041,108859.49,0.008,12.890825688072914,BINANCE
2025-09-01 07:34:11.043,108859.49,0.012,12.890825688072914,BINANCE
2025-09-01 07:34:11.057,108859.48,0.3431,12.891743119266428,BINANCE
2025-09-01 07:34:11.119,108859.49,0.012,12.890825688072914,BINANCE
2025-09-01 07:34:11.120,108859.49,0.012,12.890825688072914,BINANCE
2025-09-01 07:34:11.339,108859.49,0.00047,12.890825688072914,BINANCE
2025-09-01 07:34:11.357,108859.48,8e-05,12.891743119266428,BINANCE
2025-09-01 07:34:11.357,108859.48,5e-05,12.891743119266428,BINANCE
2025-09-01 07:34:11.456,108859.49,0.06421,12.890825688072914,BINANCE
2025-09-01 07:34:11.650,108859.48,0.00013,12.891743119266428,BINANCE
2025-09-01 07:34:11.670,108859.48,0.00011,12.891743119266428,BINANCE
2025-09-01 07:34:11.690,108859.48,5e-05,12.891743119266428,BINANCE
2025-09-01 07:34:11.690,108859.48,0.00318,12.891743119266428,BINANCE
2025-09-01 07:34:11.690,108859.48,0.00011,12.891743119266428,BINANCE
2025-09-01 07:34:11.690,108859.48,0.01,12.891743119266428,BINANCE
2025-09-01 07:34:11.690,108859.48,0.0001,12.891743119266428,BINANCE
2025-09-01 07:34:11.690,108859.48,0.1731,12.891743119266428,BINANCE
2025-09-01 07:34:11.690,108859.48,0.00274,12.891743119266428,BINANCE
2025-09-01 07:34:11.690,108859.48,0.00015,12.891743119266428,BINANCE
2025-09-01 07:34:11.690,108859.48,0.04733,12.891743119266428,BINANCE
2025-09-01 07:34:11.690,108859.48,0.00073,12.891743119266428,BINANCE
2025-09-01 07:34:11.690,108859.48,0.00069,12.891743119266428,BINANCE
2025-09-01 07:34:11.690,108859.48,0.0007,12.891743119266428,BINANCE
2025-09-01 07:34:11.692,108859.48,0.03092,12.891743119266428,BINANCE
2025-09-01 07:34:11.814,108859.48,5e-05,12.891743119266428,BINANCE
2025-09-01 07:34:11.814,108859.48,0.00068,12.891743119266428,BINANCE
2025-09-01 07:34:11.814,108859.48,0.0007,12.891743119266428,BINANCE
2025-09-01 07:34:11.814,108859.46,5e-05,12.893577981650788,BINANCE
2025-09-01 07:34:11.814,108859.47,0.0001,12.89266055045861,BINANCE
2025-09-01 07:34:11.814,108859.47,5e-05,12.89266055045861,BINANCE
2025-09-01 07:34:11.814,108859.46,6e-05,12.893577981650788,BINANCE
2025-09-01 07:34:11.814,108859.48,0.0001,12.891743119266428,BINANCE
2025-09-01 07:34:11.814,108859.48,0.00318,12.891743119266428,BINANCE
2025-09-01 07:34:11.820,108859.45,6e-05,12.894495412844302,BINANCE
2025-09-01 07:34:11.879,108859.45,5e-05,12.894495412844302,BINANCE
2025-09-01 07:34:11.879,108859.45,0.0001,12.894495412844302,BINANCE
2025-09-01 07:34:11.879,108859.45,0.13645,12.894495412844302,BINANCE
2025-09-01 07:34:11.879,108859.45,0.01,12.894495412844302,BINANCE
2025-09-01 07:34:11.879,108859.45,0.03096,12.894495412844302,BINANCE
2025-09-01 07:34:11.915,108859.18,5e-05,12.919266055046513,BINANCE
2025-09-01 07:34:11.915,108859.44,5e-05,12.895412844036484,BINANCE
2025-09-01 07:34:11.915,108859.18,0.0001,12.919266055046513,BINANCE
2025-09-01 07:34:11.915,108857.67,5e-05,13.057798165137775,BINANCE
2025-09-01 07:34:11.915,108858.8,0.00158,12.954128440366706,BINANCE
2025-09-01 07:34:11.915,108858.0,5e-05,13.027522935779817,BINANCE
2025-09-01 07:34:11.915,108858.8,5e-05,12.954128440366706,BINANCE
2025-09-01 07:34:11.915,108859.44,0.0001,12.895412844036484,BINANCE
2025-09-01 07:34:11.915,108859.45,5e-05,12.894495412844302,BINANCE
2025-09-01 07:34:11.915,108859.45,0.0007,12.894495412844302,BINANCE
2025-09-01 07:34:11.915,108859.45,0.0001,12.894495412844302,BINANCE
2025-09-01 07:34:11.975,108857.65,5e-05,13.05963302752347,BINANCE
2025-09-01 07:34:11.975,108857.66,5e-05,13.058715596329954,BINANCE
2025-09-01 07:34:11.975,108857.65,0.0001,13.05963302752347,BINANCE
2025-09-01 07:34:11.975,108856.59,5e-05,13.156880733945274,BINANCE
2025-09-01 07:34:11.975,108856.59,0.00146,13.156880733945274,BINANCE
2025-09-01 07:34:11.975,108854.01,5e-05,13.393577981651857,BINANCE
2025-09-01 07:34:11.975,108855.43,5e-05,13.26330275229422,BINANCE
2025-09-01 07:34:11.975,108854.61,5e-05,13.33853211009169,BINANCE
2025-09-01 07:34:11.975,108854.04,0.00019,13.390825688073981,BINANCE
2025-09-01 07:34:11.975,108857.66,0.0001,13.058715596329954,BINANCE
2025-09-01 07:34:11.975,108857.66,0.03386,13.058715596329954,BINANCE
2025-09-01 07:34:11.980,108854.01,0.03597,13.393577981651857,BINANCE
2025-09-01 07:34:11.982,108853.68,5e-05,13.423853211009815,BINANCE
2025-09-01 07:34:11.982,108853.99,5e-05,13.395412844036215,BINANCE
2025-09-01 07:34:11.982,108853.99,0.0001,13.395412844036215,BINANCE
2025-09-01 07:34:11.982,108854.0,5e-05,13.394495412844037,BINANCE
2025-09-01 07:34:11.982,108853.67,5e-05,13.424770642201995,BINANCE
2025-09-01 07:34:11.982,108853.56,5e-05,13.434862385321313,BINANCE
2025-09-01 07:34:11.982,108853.55,5e-05,13.435779816513495,BINANCE
2025-09-01 07:34:11.982,108853.68,0.00018,13.423853211009815,BINANCE
2025-09-01 07:34:11.982,108854.0,0.0001,13.394495412844037,BINANCE
2025-09-01 07:34:11.982,108854.0,0.0004,13.394495412844037,BINANCE
2025-09-01 07:34:11.985,108852.99,5e-05,13.487155963302271,BINANCE
2025-09-01 07:34:11.985,108852.01,5e-05,13.577064220183967,BINANCE
2025-09-01 07:34:11.985,108852.0,5e-05,13.577981651376147,BINANCE
2025-09-01 07:34:11.985,108853.0,5e-05,13.486238532110091,BINANCE
2025-09-01 07:34:11.998,108850.0,5e-05,13.761467889908257,BINANCE
2025-09-01 07:34:11.998,108850.01,5e-05,13.760550458716077,BINANCE
2025-09-01 07:34:11.998,108850.63,5e-05,13.703669724770215,BINANCE
2025-09-01 07:34:11.998,108850.41,0.00018,13.723853211008853,BINANCE
2025-09-01 07:34:11.998,108851.22,5e-05,13.649541284403563,BINANCE
2025-09-01 07:34:11.998,108849.99,0.00015,13.762385321100437,BINANCE
2025-09-01 07:34:11.998,108848.89,5e-05,13.863302752293633,BINANCE
2025-09-01 07:34:11.998,108849.74,0.00018,13.785321100916951,BINANCE
2025-09-01 07:34:11.998,108849.68,0.00184,13.790825688074035,BINANCE
2025-09-01 07:34:11.998,108849.2,5e-05,13.834862385321367,BINANCE
2025-09-01 07:34:11.998,108848.88,5e-05,13.864220183485811,BINANCE
2025-09-01 07:34:11.998,108848.82,5e-05,13.869724770641561,BINANCE
2025-09-01 07:34:11.998,108848.59,5e-05,13.890825688073715,BINANCE
2025-09-01 07:34:11.998,108848.59,0.00428,13.890825688073715,BINANCE
2025-09-01 07:34:11.998,108848.59,0.00087,13.890825688073715,BINANCE
2025-09-01 07:34:11.998,108849.99,5e-05,13.762385321100437,BINANCE
2025-09-01 07:34:11.998,108851.31,5e-05,13.641284403669937,BINANCE
2025-09-01 07:34:11.998,108851.32,5e-05,13.640366972476423,BINANCE
2025-09-01 07:34:11.999,108848.59,0.00156,13.890825688073715,BINANCE
2025-09-01 07:34:12.034,108848.59,0.00022,13.890825688073715,BINANCE
2025-09-01 07:34:12.087,108848.59,5e-05,13.890825688073715,BINANCE
2025-09-01 07:34:12.165,108848.59,5e-05,13.890825688073715,BINANCE
2025-09-01 07:34:12.397,108848.59,9e-05,13.890825688073715,BINANCE
2025-09-01 07:34:12.414,108848.59,9e-05,13.890825688073715,BINANCE
2025-09-01 07:34:12.734,108848.59,0.00046,13.890825688073715,BINANCE
2025-09-01 07:34:12.925,108848.6,0.05947,13.8899082568802,BINANCE
2025-09-01 07:34:13.009,108848.6,0.00647,13.8899082568802,BINANCE
2025-09-01 07:34:13.123,108848.6,0.02,13.8899082568802,BINANCE
2025-09-01 07:34:13.127,108848.6,0.00138,13.8899082568802,BINANCE
2025-09-01 07:34:13.138,108848.59,0.00019,13.890825688073715,BINANCE
2025-09-01 07:34:13.187,108848.6,0.04058,13.8899082568802,BINANCE
2025-09-01 07:34:13.210,108848.59,8e-05,13.890825688073715,BINANCE
2025-09-01 07:34:13.317,108848.6,0.00199,13.8899082568802,BINANCE
2025-09-01 07:34:13.355,108848.6,0.0001,13.8899082568802,BINANCE
2025-09-01 07:34:13.435,108848.59,0.00016,13.890825688073715,BINANCE
2025-09-01 07:34:13.604,108848.6,0.00366,13.8899082568802,BINANCE
2025-09-01 07:34:13.604,108848.6,0.00834,13.8899082568802,BINANCE
2025-09-01 07:34:13.605,108848.6,0.012,13.8899082568802,BINANCE
2025-09-01 07:34:13.772,108848.6,0.00201,13.8899082568802,BINANCE
2025-09-01 07:34:13.820,108848.6,0.00084,13.8899082568802,BINANCE
2025-09-01 07:34:13.826,108848.6,0.00336,13.8899082568802,BINANCE
2025-09-01 07:34:13.829,108848.6,0.00337,13.8899082568802,BINANCE
2025-09-01 07:34:13.925,108848.59,0.00731,13.890825688073715,BINANCE
2025-09-01 07:34:13.942,108848.6,0.00337,13.8899082568802,BINANCE
2025-09-01 07:34:13.945,108848.6,0.00089,13.8899082568802,BINANCE
2025-09-01 07:34:13.995,108848.6,0.04,13.8899082568802,BINANCE
2025-09-01 07:34:14.041,108848.6,0.05335,13.8899082568802,BINANCE
2025-09-01 07:34:14.041,108848.6,0.13109,13.8899082568802,BINANCE
2025-09-01 07:34:14.043,108848.6,5e-05,13.8899082568802,BINANCE
2025-09-01 07:34:14.043,108848.61,5e-05,13.888990825688019,BINANCE
2025-09-01 07:34:14.043,108851.33,0.00034,13.639449541284245,BINANCE
2025-09-01 07:34:14.043,108849.02,5e-05,13.851376146788617,BINANCE
2025-09-01 07:34:14.043,108849.2,5e-05,13.834862385321367,BINANCE
2025-09-01 07:34:14.043,108851.13,5e-05,13.657798165137187,BINANCE
2025-09-01 07:34:14.043,108852.58,5e-05,13.524770642201675,BINANCE
2025-09-01 07:34:14.043,108848.6,0.03674,13.8899082568802,BINANCE
2025-09-01 07:34:14.043,108848.6,0.0001,13.8899082568802,BINANCE
2025-09-01 07:34:14.043,108848.6,0.00222,13.8899082568802,BINANCE
2025-09-01 07:34:14.043,108848.6,8e-05,13.8899082568802,BINANCE
2025-09-01 07:34:14.043,108848.6,0.01839,13.8899082568802,BINANCE
2025-09-01 07:34:14.046,108854.57,5e-05,13.342201834861745,BINANCE
2025-09-01 07:34:14.046,108852.6,0.0001,13.52293577981598,BINANCE
2025-09-01 07:34:14.046,108854.01,5e-05,13.393577981651857,BINANCE
2025-09-01 07:34:14.046,108855.99,5e-05,13.211926605504107,BINANCE
2025-09-01 07:34:14.046,108854.61,5e-05,13.33853211009169,BINANCE
2025-09-01 07:34:14.046,108855.98,0.00544,13.212844036697621,BINANCE
2025-09-01 07:34:14.046,108855.98,0.0012,13.212844036697621,BINANCE
2025-09-01 07:34:14.046,108852.6,5e-05,13.52293577981598,BINANCE
2025-09-01 07:34:14.046,108852.59,5e-05,13.523853211009495,BINANCE
2025-09-01 07:34:14.046,108852.59,0.0001,13.523853211009495,BINANCE
2025-09-01 07:34:14.073,108855.99,0.00012,13.211926605504107,BINANCE
2025-09-01 07:34:14.088,108855.99,9e-05,13.211926605504107,BINANCE
2025-09-01 07:34:14.101,108856.0,0.001,13.211009174311926,BINANCE
2025-09-01 07:34:14.171,108856.0,0.00842,13.211009174311926,BINANCE
2025-09-01 07:34:14.171,108856.0,5e-05,13.211009174311926,BINANCE
2025-09-01 07:34:14.171,108856.0,0.0255,13.211009174311926,BINANCE
2025-09-01 07:34:14.351,108855.99,0.00844,13.211926605504107,BINANCE
2025-09-01 07:34:14.351,108855.99,0.12892,13.211926605504107,BINANCE
2025-09-01 07:34:14.351,108855.99,0.48007,13.211926605504107,BINANCE
2025-09-01 07:34:14.351,108855.99,0.26257,13.211926605504107,BINANCE
2025-09-01 07:34:14.441,108856.0,0.0034,13.211009174311926,BINANCE
2025-09-01 07:34:14.442,108856.0,0.00342,13.211009174311926,BINANCE
2025-09-01 07:34:14.443,108856.0,0.00082,13.211009174311926,BINANCE
2025-09-01 07:34:14.570,108855.99,0.00064,13.211926605504107,BINANCE
2025-09-01 07:34:14.624,108856.0,0.00073,13.211009174311926,BINANCE
2025-09-01 07:34:14.625,108856.0,0.00073,13.211009174311926,BINANCE
2025-09-01 07:34:14.627,108856.0,0.00154,13.211009174311926,BINANCE
2025-09-01 07:34:14.627,108856.0,0.00092,13.211009174311926,BINANCE
2025-09-01 07:34:14.628,108856.0,0.00184,13.211009174311926,BINANCE
2025-09-01 07:34:14.628,108856.0,0.00078,13.211009174311926,BINANCE
2025-09-01 07:34:14.628,108856.0,0.00026,13.211009174311926,BINANCE
2025-09-01 07:34:14.700,108856.0,0.0001,13.211009174311926,BINANCE
2025-09-01 07:34:14.769,108855.99,0.03679,13.211926605504107,BINANCE
2025-09-01 07:34:14.769,108855.99,0.07995,13.211926605504107,BINANCE
2025-09-01 07:34:14.769,108855.99,0.68331,13.211926605504107,BINANCE
2025-09-01 07:34:14.788,108855.99,0.00641,13.211926605504107,BINANCE
2025-09-01 07:34:14.813,108856.0,5e-05,13.211009174311926,BINANCE
2025-09-01 07:34:14.813,108856.0,0.01088,13.211009174311926,BINANCE
2025-09-01 07:34:14.813,108856.0,0.00205,13.211009174311926,BINANCE
2025-09-01 07:34:14.813,108856.0,0.00883,13.211009174311926,BINANCE
2025-09-01 07:34:14.813,108856.0,0.00502,13.211009174311926,BINANCE
2025-09-01 07:34:14.813,108856.0,0.00531,13.211009174311926,BINANCE
2025-09-01 07:34:14.813,108856.0,0.007,13.211009174311926,BINANCE
2025-09-01 07:34:14.816,108856.0,0.012,13.211009174311926,BINANCE
2025-09-01 07:34:14.817,108856.01,5e-05,13.210091743119747,BINANCE
2025-09-01 07:34:14.817,108856.0,5e-05,13.211009174311926,BINANCE
2025-09-01 07:34:14.817,108856.0,0.0001,13.211009174311926,BINANCE
2025-09-01 07:34:14.817,108856.01,0.0001,13.210091743119747,BINANCE
2025-09-01 07:34:14.817,108856.0,0.012,13.211009174311926,BINANCE
2025-09-01 07:34:14.817,108856.0,0.00372,13.211009174311926,BINANCE
2025-09-01 07:34:14.817,108856.0,0.00828,13.211009174311926,BINANCE
2025-09-01 07:34:14.817,108856.0,0.008,13.211009174311926,BINANCE
2025-09-01 07:34:14.817,108856.0,0.00183,13.211009174311926,BINANCE
2025-09-01 07:34:14.817,108856.0,0.00069,13.211009174311926,BINANCE
2025-09-01 07:34:14.817,108856.0,0.0007,13.211009174311926,BINANCE
2025-09-01 07:34:14.817,108856.0,0.00332,13.211009174311926,BINANCE
2025-09-01 07:34:14.823,108857.98,5e-05,13.029357798165513,BINANCE
2025-09-01 07:34:14.823,108857.68,5e-05,13.056880733945595,BINANCE
2025-09-01 07:34:14.823,108857.68,0.0001,13.056880733945595,BINANCE
2025-09-01 07:34:14.823,108859.46,5e-05,12.893577981650788,BINANCE
2025-09-01 07:34:14.823,108859.48,5e-05,12.891743119266428,BINANCE
2025-09-01 07:34:14.823,108859.49,0.00191,12.890825688072914,BINANCE
2025-09-01 07:34:14.823,108859.49,0.012,12.890825688072914,BINANCE
2025-09-01 07:34:14.823,108857.67,0.0001,13.057798165137775,BINANCE
2025-09-01 07:34:14.823,108857.67,5e-05,13.057798165137775,BINANCE
2025-09-01 07:34:14.824,108859.86,5e-05,12.8568807339449,BINANCE
2025-09-01 07:34:14.824,108859.99,5e-05,12.844954128439888,BINANCE
2025-09-01 07:34:14.824,108860.0,0.00015,12.844036697247706,BINANCE
2025-09-01 07:34:14.824,108860.0,0.00346,12.844036697247706,BINANCE
2025-09-01 07:34:14.824,108860.0,0.0004,12.844036697247706,BINANCE
2025-09-01 07:34:14.824,108860.0,0.002,12.844036697247706,BINANCE
2025-09-01 07:34:14.824,108859.6,0.00048,12.880733944953594,BINANCE
2025-09-01 07:34:14.824,108860.0,0.00413,12.844036697247706,BINANCE
2025-09-01 07:34:14.824,108860.0,0.00027,12.844036697247706,BINANCE
2025-09-01 07:34:14.824,108859.52,9e-05,12.88807339449504,BINANCE
2025-09-01 07:34:14.824,108859.5,5e-05,12.889908256880734,BINANCE
2025-09-01 07:34:14.824,108859.51,6e-05,12.888990825688554,BINANCE
2025-09-01 07:34:14.824,108859.49,0.00194,12.890825688072914,BINANCE
2025-09-01 07:34:14.824,108859.49,5e-05,12.890825688072914,BINANCE
2025-09-01 07:34:14.824,108859.5,0.00971,12.889908256880734,BINANCE
2025-09-01 07:34:14.824,108859.5,0.012,12.889908256880734,BINANCE
2025-09-01 07:34:14.824,108859.5,0.00021,12.889908256880734,BINANCE
2025-09-01 07:34:14.825,108860.71,0.012,12.77889908256822,BINANCE
2025-09-01 07:34:14.825,108861.13,0.00487,12.740366972476638,BINANCE
2025-09-01 07:34:14.825,108861.12,5e-05,12.741284403670152,BINANCE
2025-09-01 07:34:14.825,108860.71,5e-05,12.77889908256822,BINANCE
2025-09-01 07:34:14.825,108860.71,0.00619,12.77889908256822,BINANCE
2025-09-01 07:34:14.825,108860.71,0.02,12.77889908256822,BINANCE
2025-09-01 07:34:14.825,108860.86,0.00074,12.765137614678846,BINANCE
2025-09-01 07:34:14.825,108860.7,5e-05,12.779816513761736,BINANCE
2025-09-01 07:34:14.825,108860.45,0.00029,12.802752293578248,BINANCE
2025-09-01 07:34:14.825,108860.02,5e-05,12.842201834862012,BINANCE
2025-09-01 07:34:14.825,108860.0,5e-05,12.844036697247706,BINANCE
2025-09-01 07:34:14.825,108860.0,0.00224,12.844036697247706,BINANCE
2025-09-01 07:34:14.825,108860.0,0.012,12.844036697247706,BINANCE
2025-09-01 07:34:14.825,108860.71,0.00922,12.77889908256822,BINANCE
2025-09-01 07:34:14.827,108861.13,6e-05,12.740366972476638,BINANCE
2025-09-01 07:34:14.832,108861.13,0.00341,12.740366972476638,BINANCE
2025-09-01 07:34:14.856,108861.13,0.00343,12.740366972476638,BINANCE
2025-09-01 07:34:14.863,108861.12,0.00211,12.741284403670152,BINANCE
2025-09-01 07:34:14.918,108861.14,5e-05,12.739449541284458,BINANCE
2025-09-01 07:34:14.918,108861.14,0.0001,12.739449541284458,BINANCE
2025-09-01 07:34:14.918,108861.19,0.00015,12.734862385320888,BINANCE
2025-09-01 07:34:14.918,108861.32,0.00068,12.722935779815874,BINANCE
2025-09-01 07:34:14.918,108861.38,9e-05,12.717431192660124,BINANCE
2025-09-01 07:34:14.918,108861.72,6e-05,12.686238532109986,BINANCE
2025-09-01 07:34:14.918,108862.46,0.0005,12.618348623852624,BINANCE
2025-09-01 07:34:14.918,108862.06,0.00022,12.655045871559846,BINANCE
2025-09-01 07:34:14.918,108862.06,7e-05,12.655045871559846,BINANCE
2025-09-01 07:34:14.918,108862.16,0.00013,12.645871559632706,BINANCE
2025-09-01 07:34:14.918,108862.3,5e-05,12.633027522935512,BINANCE
2025-09-01 07:34:14.918,108862.32,0.00024,12.631192660549816,BINANCE
2025-09-01 07:34:14.918,108862.47,5e-05,12.617431192660444,BINANCE
2025-09-01 07:34:14.918,108861.83,0.00018,12.676146788990666,BINANCE
2025-09-01 07:34:14.918,108861.13,0.0001,12.740366972476638,BINANCE
2025-09-01 07:34:14.918,108861.13,5e-05,12.740366972476638,BINANCE
2025-09-01 07:34:14.918,108861.13,0.00141,12.740366972476638,BINANCE
2025-09-01 07:34:14.918,108861.13,0.001,12.740366972476638,BINANCE
2025-09-01 07:34:14.926,108862.48,0.012,12.616513761468262,BINANCE
2025-09-01 07:34:14.927,108862.77,5e-05,12.58990825688036,BINANCE
2025-09-01 07:34:14.927,108862.49,5e-05,12.615596330274748,BINANCE
2025-09-01 07:34:14.927,108862.49,0.0001,12.615596330274748,BINANCE
2025-09-01 07:34:14.927,108863.01,7e-05,12.567889908257362,BINANCE
2025-09-01 07:34:14.927,108862.77,6e-05,12.58990825688036,BINANCE
2025-09-01 07:34:14.927,108863.02,5e-05,12.566972477063846,BINANCE
2025-09-01 07:34:14.927,108864.0,0.0004,12.477064220183486,BINANCE
2025-09-01 07:34:14.927,108863.22,0.01005,12.548623853210902,BINANCE
2025-09-01 07:34:14.927,108863.22,5e-05,12.548623853210902,BINANCE
2025-09-01 07:34:14.927,108863.37,6e-05,12.534862385321528,BINANCE
2025-09-01 07:34:14.927,108863.38,0.00018,12.533944954128014,BINANCE
2025-09-01 07:34:14.927,108863.63,7e-05,12.5110091743115,BINANCE
2025-09-01 07:34:14.927,108863.63,5e-05,12.5110091743115,BINANCE
2025-09-01 07:34:14.927,108863.99,5e-05,12.477981651375666,BINANCE
2025-09-01 07:34:14.927,108864.0,0.00015,12.477064220183486,BINANCE
2025-09-01 07:34:14.927,108864.0,0.00044,12.477064220183486,BINANCE
2025-09-01 07:34:14.927,108863.22,0.00172,12.548623853210902,BINANCE
2025-09-01 07:34:14.927,108862.48,5e-05,12.616513761468262,BINANCE
2025-09-01 07:34:14.927,108862.48,0.008,12.616513761468262,BINANCE
2025-09-01 07:34:14.927,108862.48,0.0079,12.616513761468262,BINANCE
2025-09-01 07:34:14.927,108862.48,0.0001,12.616513761468262,BINANCE
2025-09-01 07:34:14.928,108868.73,5e-05,12.043119266055418,BINANCE
2025-09-01 07:34:14.928,108868.42,0.00114,12.071559633027684,BINANCE
2025-09-01 07:34:14.928,108868.15,0.00322,12.096330275229892,BINANCE
2025-09-01 07:34:14.928,108868.04,5e-05,12.106422018349212,BINANCE
2025-09-01 07:34:14.928,108868.0,0.00015,12.110091743119265,BINANCE
2025-09-01 07:34:14.928,108868.0,0.0004,12.110091743119265,BINANCE
2025-09-01 07:34:14.928,108867.92,7e-05,12.117431192660712,BINANCE
2025-09-01 07:34:14.928,108868.73,6e-05,12.043119266055418,BINANCE
2025-09-01 07:34:14.928,108868.0,0.002,12.110091743119265,BINANCE
2025-09-01 07:34:14.928,108869.13,5e-05,12.006422018348196,BINANCE
2025-09-01 07:34:14.928,108867.9,5e-05,12.119266055046404,BINANCE
2025-09-01 07:34:14.928,108869.29,0.00082,11.991743119266642,BINANCE
2025-09-01 07:34:14.928,108869.56,7e-05,11.966972477064433,BINANCE
2025-09-01 07:34:14.928,108869.56,6e-05,11.966972477064433,BINANCE
2025-09-01 07:34:14.928,108869.58,6e-05,11.96513761467874,BINANCE
2025-09-01 07:34:14.928,108869.71,7e-05,11.953211009173724,BINANCE
2025-09-01 07:34:14.928,108869.73,5e-05,11.951376146789364,BINANCE
2025-09-01 07:34:14.928,108869.74,0.00194,11.95045871559585,BINANCE
2025-09-01 07:34:14.928,108869.74,0.012,11.95045871559585,BINANCE
2025-09-01 07:34:14.928,108869.23,0.00013,11.99724770642239,BINANCE
2025-09-01 07:34:14.928,108867.89,5e-05,12.120183486238586,BINANCE
2025-09-01 07:34:14.928,108864.67,6e-05,12.41559633027539,BINANCE
2025-09-01 07:34:14.928,108864.0,0.00156,12.477064220183486,BINANCE
2025-09-01 07:34:14.928,108864.0,5e-05,12.477064220183486,BINANCE
2025-09-01 07:34:14.928,108864.28,5e-05,12.451376146789096,BINANCE
2025-09-01 07:34:14.928,108864.93,0.003,12.391743119266696,BINANCE
2025-09-01 07:34:14.928,108865.77,0.00053,12.314678899082196,BINANCE
2025-09-01 07:34:14.928,108865.93,5e-05,12.300000000000642,BINANCE
2025-09-01 07:34:14.928,108865.97,8e-05,12.29633027522925,BINANCE
2025-09-01 07:34:14.928,108866.15,0.0017,12.279816513762,BINANCE
2025-09-01 07:34:14.928,108866.57,0.00151,12.241284403669084,BINANCE
2025-09-01 07:34:14.928,108866.66,0.00013,12.23302752293546,BINANCE
2025-09-01 07:34:14.928,108865.43,5e-05,12.345871559633668,BINANCE
2025-09-01 07:34:14.928,108866.8,5e-05,12.220183486238264,BINANCE
2025-09-01 07:34:14.928,108866.81,5e-05,12.219266055046086,BINANCE
2025-09-01 07:34:14.928,108866.91,5e-05,12.210091743118944,BINANCE
2025-09-01 07:34:14.928,108867.31,0.00011,12.173394495413056,BINANCE
2025-09-01 07:34:14.928,108867.32,7e-05,12.172477064219542,BINANCE
2025-09-01 07:34:14.928,108867.64,8e-05,12.1431192660551,BINANCE
2025-09-01 07:34:14.928,108867.64,0.00267,12.1431192660551,BINANCE
2025-09-01 07:34:14.928,108866.78,5e-05,12.22201834862396,BINANCE
2025-09-01 07:34:14.928,108867.64,0.00091,12.1431192660551,BINANCE
2025-09-01 07:34:14.929,108870.96,0.00013,11.838532110091155,BINANCE
2025-09-01 07:34:14.929,108870.96,6e-05,11.838532110091155,BINANCE
2025-09-01 07:34:14.929,108870.96,7e-05,11.838532110091155,BINANCE
2025-09-01 07:34:14.929,108871.38,7e-05,11.799999999999573,BINANCE
2025-09-01 07:34:14.929,108871.43,0.00013,11.795412844037337,BINANCE
2025-09-01 07:34:14.929,108872.0,0.00015,11.743119266055045,BINANCE
2025-09-01 07:34:14.929,108871.63,0.0033,11.777064220183059,BINANCE
2025-09-01 07:34:14.929,108871.83,6e-05,11.758715596330116,BINANCE
2025-09-01 07:34:14.929,108872.0,0.0004,11.743119266055045,BINANCE
2025-09-01 07:34:14.929,108872.0,0.00108,11.743119266055045,BINANCE
2025-09-01 07:34:14.929,108870.96,0.0001,11.838532110091155,BINANCE
2025-09-01 07:34:14.929,108871.44,0.00027,11.794495412843823,BINANCE
2025-09-01 07:34:14.929,108870.89,6e-05,11.84495412844042,BINANCE
2025-09-01 07:34:14.929,108870.73,5e-05,11.85963302752331,BINANCE
2025-09-01 07:34:14.929,108870.78,0.001,11.85504587155974,BINANCE
2025-09-01 07:34:14.929,108870.84,5e-05,11.849541284403989,BINANCE
2025-09-01 07:34:14.929,108869.74,0.00169,11.95045871559585,BINANCE
2025-09-01 07:34:14.929,108870.16,0.00025,11.911926605504267,BINANCE
2025-09-01 07:34:14.929,108870.24,0.0001,11.904587155962822,BINANCE
2025-09-01 07:34:14.929,108870.58,0.00117,11.873394495412683,BINANCE
2025-09-01 07:34:14.929,108869.74,0.012,11.95045871559585,BINANCE
2025-09-01 07:34:14.929,108870.74,0.00869,11.858715596329795,BINANCE
2025-09-01 07:34:14.929,108870.74,0.012,11.858715596329795,BINANCE
2025-09-01 07:34:14.929,108870.74,0.00467,11.858715596329795,BINANCE
2025-09-01 07:34:14.929,108870.66,5e-05,11.866055045871239,BINANCE
2025-09-01 07:34:14.930,108873.0,0.00063,11.65137614678899,BINANCE
2025-09-01 07:34:14.930,108874.02,0.012,11.55779816513724,BINANCE
2025-09-01 07:34:14.930,108874.02,0.00542,11.55779816513724,BINANCE
2025-09-01 07:34:14.930,108873.98,0.00325,11.56146788990863,BINANCE
2025-09-01 07:34:14.930,108873.95,8e-05,11.564220183486505,BINANCE
2025-09-01 07:34:14.930,108873.64,5e-05,11.592660550458769,BINANCE
2025-09-01 07:34:14.930,108873.59,0.00195,11.597247706422339,BINANCE
2025-09-01 07:34:14.930,108873.13,0.0001,11.639449541283977,BINANCE
2025-09-01 07:34:14.930,108873.0,0.00577,11.65137614678899,BINANCE
2025-09-01 07:34:14.930,108873.47,0.00052,11.608256880733837,BINANCE
2025-09-01 07:34:14.930,108872.91,6e-05,11.659633027522615,BINANCE
2025-09-01 07:34:14.930,108872.0,0.00092,11.743119266055045,BINANCE
2025-09-01 07:34:14.930,108872.02,0.00186,11.741284403669352,BINANCE
2025-09-01 07:34:14.930,108872.07,7e-05,11.736697247705782,BINANCE
2025-09-01 07:34:14.930,108872.09,8e-05,11.734862385321422,BINANCE
2025-09-01 07:34:14.930,108872.1,5e-05,11.733944954127905,BINANCE
2025-09-01 07:34:14.930,108873.0,7e-05,11.65137614678899,BINANCE
2025-09-01 07:34:14.930,108872.33,0.00151,11.712844036697089,BINANCE
2025-09-01 07:34:14.930,108872.16,0.00092,11.728440366972157,BINANCE
2025-09-01 07:34:14.930,108872.4,7e-05,11.706422018349157,BINANCE
2025-09-01 07:34:14.930,108872.78,0.00062,11.671559633027629,BINANCE
2025-09-01 07:34:14.931,108874.02,0.01181,11.55779816513724,BINANCE
2025-09-01 07:34:14.931,108874.02,0.00019,11.55779816513724,BINANCE
2025-09-01 07:34:14.931,108874.02,0.012,11.55779816513724,BINANCE
2025-09-01 07:34:14.937,108874.01,0.0013,11.558715596330755,BINANCE
2025-09-01 07:34:14.980,108874.01,9e-05,11.558715596330755,BINANCE
2025-09-01 07:34:15.089,108874.01,0.00012,11.558715596330755,BINANCE
2025-09-01 07:34:15.160,108874.02,0.012,11.55779816513724,BINANCE
2025-09-01 07:34:15.162,108874.02,0.012,11.55779816513724,BINANCE
2025-09-01 07:34:15.167,108874.01,0.15831,11.558715596330755,BINANCE
2025-09-01 07:34:15.167,108874.01,0.15451,11.558715596330755,BINANCE
2025-09-01 07:34:15.167,108874.01,0.56475,11.558715596330755,BINANCE
2025-09-01 07:34:15.208,108874.02,0.02094,11.55779816513724,BINANCE
2025-09-01 07:34:15.208,108874.02,0.04327,11.55779816513724,BINANCE
2025-09-01 07:34:15.263,108874.02,0.00011,11.55779816513724,BINANCE
2025-09-01 07:34:15.423,108874.01,0.005,11.558715596330755,BINANCE
2025-09-01 07:34:15.423,108874.01,0.00017,11.558715596330755,BINANCE
2025-09-01 07:34:15.423,108874.01,0.0132,11.558715596330755,BINANCE
2025-09-01 07:34:15.470,108874.01,9e-05,11.558715596330755,BINANCE
2025-09-01 07:34:15.591,108874.01,0.00931,11.558715596330755,BINANCE
2025-09-01 07:34:15.591,108874.01,0.13736,11.558715596330755,BINANCE
2025-09-01 07:34:15.591,108874.01,0.01144,11.558715596330755,BINANCE
2025-09-01 07:34:15.591,108874.01,0.62917,11.558715596330755,BINANCE
2025-09-01 07:34:15.591,108874.01,0.08972,11.558715596330755,BINANCE
2025-09-01 07:34:15.669,108874.02,0.00455,11.55779816513724,BINANCE
2025-09-01 07:34:15.779,108874.02,0.00541,11.55779816513724,BINANCE
2025-09-01 07:34:15.779,108874.02,0.012,11.55779816513724,BINANCE
2025-09-01 07:34:15.779,108874.02,0.00659,11.55779816513724,BINANCE
2025-09-01 07:34:15.787,108874.02,0.012,11.55779816513724,BINANCE
2025-09-01 07:34:15.788,108874.02,0.012,11.55779816513724,BINANCE
2025-09-01 07:34:15.804,108874.02,0.012,11.55779816513724,BINANCE
2025-09-01 07:34:15.805,108874.02,0.00028,11.55779816513724,BINANCE
2025-09-01 07:34:15.805,108874.02,0.012,11.55779816513724,BINANCE
2025-09-01 07:34:15.805,108874.02,0.01172,11.55779816513724,BINANCE
2025-09-01 07:34:15.805,108874.02,0.008,11.55779816513724,BINANCE
2025-09-01 07:34:15.805,108874.02,0.00047,11.55779816513724,BINANCE
2025-09-01 07:34:15.805,108874.02,0.01153,11.55779816513724,BINANCE
2025-09-01 07:34:15.806,108874.02,0.00068,11.55779816513724,BINANCE
2025-09-01 07:34:15.806,108874.02,0.012,11.55779816513724,BINANCE
2025-09-01 07:34:15.806,108874.02,0.01132,11.55779816513724,BINANCE
2025-09-01 07:34:15.807,108874.02,0.02,11.55779816513724,BINANCE
2025-09-01 07:34:15.840,108874.01,9e-05,11.558715596330755,BINANCE
2025-09-01 07:34:15.912,108874.01,9e-05,11.558715596330755,BINANCE
2025-09-01 07:34:15.930,108874.02,0.012,11.55779816513724,BINANCE
2025-09-01 07:34:15.930,108874.02,0.00573,11.55779816513724,BINANCE
2025-09-01 07:34:15.930,108874.02,0.00627,11.55779816513724,BINANCE
2025-09-01 07:34:15.931,108874.02,0.012,11.55779816513724,BINANCE
2025-09-01 07:34:15.931,108874.02,5e-05,11.55779816513724,BINANCE
2025-09-01 07:34:15.931,108874.02,0.008,11.55779816513724,BINANCE
2025-09-01 07:34:15.931,108874.02,0.01025,11.55779816513724,BINANCE
2025-09-01 07:34:15.931,108874.02,0.00988,11.55779816513724,BINANCE
2025-09-01 07:34:15.931,108874.02,0.00207,11.55779816513724,BINANCE
2025-09-01 07:34:15.931,108874.02,0.00155,11.55779816513724,BINANCE
2025-09-01 07:34:15.932,108874.02,5e-05,11.55779816513724,BINANCE
2025-09-01 07:34:15.932,108874.02,0.01889,11.55779816513724,BINANCE
2025-09-01 07:34:15.932,108874.02,0.00091,11.55779816513724,BINANCE
2025-09-01 07:34:15.932,108874.02,0.00323,11.55779816513724,BINANCE
2025-09-01 07:34:15.932,108874.02,0.00877,11.55779816513724,BINANCE
2025-09-01 07:34:15.933,108874.02,0.018,11.55779816513724,BINANCE
2025-09-01 07:34:15.934,108874.02,0.012,11.55779816513724,BINANCE
2025-09-01 07:34:15.963,108874.02,0.0019,11.55779816513724,BINANCE
2025-09-01 07:34:15.992,108874.01,0.04572,11.558715596330755,BINANCE
2025-09-01 07:34:15.992,108874.01,0.05674,11.558715596330755,BINANCE
2025-09-01 07:34:15.992,108874.01,0.06301,11.558715596330755,BINANCE
2025-09-01 07:34:15.992,108874.01,0.06235,11.558715596330755,BINANCE
2025-09-01 07:34:15.992,108874.01,5e-05,11.558715596330755,BINANCE
2025-09-01 07:34:15.992,108874.01,0.05246,11.558715596330755,BINANCE
2025-09-01 07:34:15.992,108874.01,0.06139,11.558715596330755,BINANCE
2025-09-01 07:34:15.992,108874.01,0.0511,11.558715596330755,BINANCE
2025-09-01 07:34:15.992,108874.01,0.3433,11.558715596330755,BINANCE
2025-09-01 07:34:15.992,108874.01,0.00037,11.558715596330755,BINANCE
2025-09-01 07:34:15.992,108874.01,0.14326,11.558715596330755,BINANCE
2025-09-01 07:34:15.994,108874.02,0.03,11.55779816513724,BINANCE
2025-09-01 07:34:16.219,108874.02,0.01843,11.55779816513724,BINANCE
2025-09-01 07:34:16.219,108874.02,0.00157,11.55779816513724,BINANCE
2025-09-01 07:34:16.220,108874.02,0.00164,11.55779816513724,BINANCE
2025-09-01 07:34:16.220,108874.02,5e-05,11.55779816513724,BINANCE
2025-09-01 07:34:16.220,108874.02,0.01586,11.55779816513724,BINANCE
2025-09-01 07:34:16.220,108874.02,0.021,11.55779816513724,BINANCE
2025-09-01 07:34:16.220,108874.02,0.00906,11.55779816513724,BINANCE
2025-09-01 07:34:16.220,108874.02,0.01089,11.55779816513724,BINANCE
2025-09-01 07:34:16.220,108874.02,0.00214,11.55779816513724,BINANCE
2025-09-01 07:34:16.220,108874.02,0.02,11.55779816513724,BINANCE
2025-09-01 07:34:16.221,108874.02,0.018,11.55779816513724,BINANCE
2025-09-01 07:34:16.222,108874.02,0.016,11.55779816513724,BINANCE
2025-09-01 07:34:16.259,108874.02,0.02,11.55779816513724,BINANCE
2025-09-01 07:34:16.260,108874.02,0.018,11.55779816513724,BINANCE
2025-09-01 07:34:16.388,108874.02,0.0019,11.55779816513724,BINANCE
2025-09-01 07:34:16.416,108874.01,0.22985,11.558715596330755,BINANCE
2025-09-01 07:34:16.416,108874.01,0.27557,11.558715596330755,BINANCE
2025-09-01 07:34:16.416,108874.01,0.0423,11.558715596330755,BINANCE
2025-09-01 07:34:16.416,108874.01,0.00014,11.558715596330755,BINANCE
2025-09-01 07:34:16.416,108874.01,7e-05,11.558715596330755,BINANCE
2025-09-01 07:34:16.416,108874.01,0.0132,11.558715596330755,BINANCE
2025-09-01 07:34:16.416,108874.01,0.05924,11.558715596330755,BINANCE
2025-09-01 07:34:16.416,108874.01,0.00513,11.558715596330755,BINANCE
2025-09-01 07:34:16.579,108874.01,0.00293,11.558715596330755,BINANCE
2025-09-01 07:34:16.597,108874.01,0.00731,11.558715596330755,BINANCE
2025-09-01 07:34:16.655,108874.01,9e-05,11.558715596330755,BINANCE
2025-09-01 07:34:16.702,108874.02,0.0502,11.55779816513724,BINANCE
2025-09-01 07:34:16.843,108874.01,0.16468,11.558715596330755,BINANCE
2025-09-01 07:34:17.123,108874.01,0.002,11.558715596330755,BINANCE
2025-09-01 07:34:17.172,108874.01,0.00011,11.558715596330755,BINANCE
2025-09-01 07:34:17.227,108874.01,0.19789,11.558715596330755,BINANCE
2025-09-01 07:34:17.227,108874.01,0.00162,11.558715596330755,BINANCE
2025-09-01 07:34:17.227,108874.01,5e-05,11.558715596330755,BINANCE
2025-09-01 07:34:17.227,108874.01,0.06172,11.558715596330755,BINANCE
2025-09-01 07:34:17.227,108874.01,0.01467,11.558715596330755,BINANCE
2025-09-01 07:34:17.262,108874.01,9e-05,11.558715596330755,BINANCE
2025-09-01 07:34:17.266,108874.02,0.00203,11.55779816513724,BINANCE
2025-09-01 07:34:17.283,108874.01,9e-05,11.558715596330755,BINANCE
2025-09-01 07:34:17.294,108874.02,0.00193,11.55779816513724,BINANCE
2025-09-01 07:34:17.363,108874.02,0.00745,11.55779816513724,BINANCE
2025-09-01 07:34:17.567,108874.01,0.00024,11.558715596330755,BINANCE
2025-09-01 07:34:17.642,108874.01,0.26018,11.558715596330755,BINANCE
2025-09-01 07:34:17.642,108874.01,0.0017,11.558715596330755,BINANCE
2025-09-01 07:34:17.642,108874.01,0.0423,11.558715596330755,BINANCE
2025-09-01 07:34:17.642,108874.01,0.00018,11.558715596330755,BINANCE
2025-09-01 07:34:17.642,108874.01,0.001,11.558715596330755,BINANCE
2025-09-01 07:34:17.642,108874.01,0.0132,11.558715596330755,BINANCE
2025-09-01 07:34:17.642,108874.01,5e-05,11.558715596330755,BINANCE
2025-09-01 07:34:17.642,108874.01,0.06192,11.558715596330755,BINANCE
2025-09-01 07:34:17.642,108874.01,0.0499,11.558715596330755,BINANCE
2025-09-01 07:34:17.642,108874.01,0.05288,11.558715596330755,BINANCE
2025-09-01 07:34:17.642,108874.01,0.06823,11.558715596330755,BINANCE
2025-09-01 07:34:17.642,108874.01,0.32821,11.558715596330755,BINANCE
2025-09-01 07:34:17.812,108874.02,0.05849,11.55779816513724,BINANCE
2025-09-01 07:34:17.812,108874.02,0.06816,11.55779816513724,BINANCE
2025-09-01 07:34:17.812,108874.02,0.0423,11.55779816513724,BINANCE
2025-09-01 07:34:17.812,108874.02,0.0132,11.55779816513724,BINANCE
2025-09-01 07:34:17.812,108874.02,0.20615,11.55779816513724,BINANCE
2025-09-01 07:34:17.817,108874.01,9e-05,11.558715596330755,BINANCE
2025-09-01 07:34:17.881,108874.02,0.00192,11.55779816513724,BINANCE
2025-09-01 07:34:17.903,108874.02,0.00046,11.55779816513724,BINANCE
2025-09-01 07:34:18.062,108874.01,0.00677,11.558715596330755,BINANCE
2025-09-01 07:34:18.062,108874.01,0.04595,11.558715596330755,BINANCE
2025-09-01 07:34:18.062,108874.01,0.06318,11.558715596330755,BINANCE
2025-09-01 07:34:18.062,108874.01,0.06282,11.558715596330755,BINANCE
2025-09-01 07:34:18.062,108874.01,5e-05,11.558715596330755,BINANCE
2025-09-01 07:34:18.062,108874.01,0.00108,11.558715596330755,BINANCE
2025-09-01 07:34:18.062,108874.01,0.04592,11.558715596330755,BINANCE
2025-09-01 07:34:18.062,108874.01,0.05,11.558715596330755,BINANCE
2025-09-01 07:34:18.062,108874.01,0.15924,11.558715596330755,BINANCE
2025-09-01 07:34:18.062,108874.01,0.44484,11.558715596330755,BINANCE
2025-09-01 07:34:18.078,108874.02,0.00022,11.55779816513724,BINANCE
2025-09-01 07:34:18.122,108874.02,0.00019,11.55779816513724,BINANCE
2025-09-01 07:34:18.146,108874.02,0.00184,11.55779816513724,BINANCE
2025-09-01 07:34:18.287,108874.02,7e-05,11.55779816513724,BINANCE
2025-09-01 07:34:18.303,108874.02,0.00021,11.55779816513724,BINANCE
2025-09-01 07:34:18.335,108874.02,0.0003,11.55779816513724,BINANCE
2025-09-01 07:34:18.464,108874.01,0.06011,11.558715596330755,BINANCE
2025-09-01 07:34:18.464,108874.01,0.0001,11.558715596330755,BINANCE
2025-09-01 07:34:18.464,108874.01,0.04728,11.558715596330755,BINANCE
2025-09-01 07:34:18.464,108874.01,0.00136,11.558715596330755,BINANCE
2025-09-01 07:34:18.464,108874.01,0.05922,11.558715596330755,BINANCE
2025-09-01 07:34:18.464,108874.01,0.00202,11.558715596330755,BINANCE
2025-09-01 07:34:18.464,108874.01,0.05,11.558715596330755,BINANCE
2025-09-01 07:34:18.464,108874.0,5e-05,11.559633027522937,BINANCE
2025-09-01 07:34:18.464,108874.01,5e-05,11.558715596330755,BINANCE
2025-09-01 07:34:18.464,108874.0,0.0265,11.559633027522937,BINANCE
2025-09-01 07:34:18.464,108874.0,0.02149,11.559633027522937,BINANCE
2025-09-01 07:34:18.464,108874.01,0.06104,11.558715596330755,BINANCE
2025-09-01 07:34:18.464,108874.01,0.05114,11.558715596330755,BINANCE
2025-09-01 07:34:18.464,108874.01,0.3433,11.558715596330755,BINANCE
2025-09-01 07:34:18.464,108874.01,0.0132,11.558715596330755,BINANCE
2025-09-01 07:34:18.464,108874.01,0.0423,11.558715596330755,BINANCE
2025-09-01 07:34:18.464,108874.01,0.05205,11.558715596330755,BINANCE
2025-09-01 07:34:18.464,108874.01,0.04769,11.558715596330755,BINANCE
2025-09-01 07:34:18.465,108874.01,0.00046,11.558715596330755,BINANCE
2025-09-01 07:34:18.502,108874.0,9e-05,11.559633027522937,BINANCE
2025-09-01 07:34:18.509,108874.01,0.00023,11.558715596330755,BINANCE
2025-09-01 07:34:18.596,108874.0,0.06104,11.559633027522937,BINANCE
2025-09-01 07:34:18.728,108874.01,0.01222,11.558715596330755,BINANCE
2025-09-01 07:34:18.804,108874.01,0.00014,11.558715596330755,BINANCE
2025-09-01 07:34:18.844,108874.0,0.00092,11.559633027522937,BINANCE
2025-09-01 07:34:18.889,108874.0,0.12877,11.559633027522937,BINANCE
2025-09-01 07:34:18.889,108874.0,5e-05,11.559633027522937,BINANCE
2025-09-01 07:34:18.889,108874.0,0.0132,11.559633027522937,BINANCE
2025-09-01 07:34:18.889,108874.0,0.0422,11.559633027522937,BINANCE
2025-09-01 07:34:18.889,108874.0,0.05,11.559633027522937,BINANCE
2025-09-01 07:34:18.889,108874.0,0.00109,11.559633027522937,BINANCE
2025-09-01 07:34:18.889,108874.0,0.0265,11.559633027522937,BINANCE
2025-09-01 07:34:18.889,108874.0,0.04629,11.559633027522937,BINANCE
2025-09-01 07:34:18.889,108874.0,0.0646,11.559633027522937,BINANCE
2025-09-01 07:34:18.889,108874.0,0.05634,11.559633027522937,BINANCE
2025-09-01 07:34:18.889,108874.0,0.06335,11.559633027522937,BINANCE
2025-09-01 07:34:18.889,108874.0,0.06656,11.559633027522937,BINANCE
2025-09-01 07:34:18.889,108874.0,0.25976,11.559633027522937,BINANCE
2025-09-01 07:34:18.903,108874.01,0.0115,11.558715596330755,BINANCE
2025-09-01 07:34:18.937,108874.01,0.02529,11.558715596330755,BINANCE
2025-09-01 07:34:18.937,108874.01,0.03892,11.558715596330755,BINANCE
2025-09-01 07:34:18.995,108874.0,0.001,11.559633027522937,BINANCE
2025-09-01 07:34:19.005,108874.01,0.00077,11.558715596330755,BINANCE
2025-09-01 07:34:19.028,108874.01,0.00011,11.558715596330755,BINANCE
2025-09-01 07:34:19.166,108874.01,0.00086,11.558715596330755,BINANCE
2025-09-01 07:34:19.190,108874.01,0.0023,11.558715596330755,BINANCE
2025-09-01 07:34:19.232,108874.01,0.008,11.558715596330755,BINANCE
2025-09-01 07:34:19.233,108874.01,0.08839,11.558715596330755,BINANCE
2025-09-01 07:34:19.233,108874.01,0.02671,11.558715596330755,BINANCE
2025-09-01 07:34:19.236,108874.01,0.012,11.558715596330755,BINANCE
2025-09-01 07:34:19.236,108874.01,0.008,11.558715596330755,BINANCE
2025-09-01 07:34:19.236,108874.01,0.0094,11.558715596330755,BINANCE
2025-09-01 07:34:19.236,108874.01,0.0026,11.558715596330755,BINANCE
2025-09-01 07:34:19.236,108874.01,0.02,11.558715596330755,BINANCE
2025-09-01 07:34:19.236,108874.01,0.018,11.558715596330755,BINANCE
2025-09-01 07:34:19.237,108874.01,0.018,11.558715596330755,BINANCE
2025-09-01 07:34:19.237,108874.01,0.012,11.558715596330755,BINANCE
2025-09-01 07:34:19.237,108874.01,0.02,11.558715596330755,BINANCE
2025-09-01 07:34:19.238,108874.01,0.00375,11.558715596330755,BINANCE
2025-09-01 07:34:19.238,108874.01,0.01225,11.558715596330755,BINANCE
2025-09-01 07:34:19.238,108874.01,0.012,11.558715596330755,BINANCE
2025-09-01 07:34:19.238,108874.01,0.021,11.558715596330755,BINANCE
2025-09-01 07:34:19.238,108874.01,0.00983,11.558715596330755,BINANCE
2025-09-01 07:34:19.238,108874.01,0.01017,11.558715596330755,BINANCE
2025-09-01 07:34:19.289,108874.0,0.88,11.559633027522937,BINANCE
2025-09-01 07:34:19.299,108874.01,0.11,11.558715596330755,BINANCE
2025-09-01 07:34:19.303,108874.0,0.00731,11.559633027522937,BINANCE
2025-09-01 07:34:19.321,108874.01,0.0001,11.558715596330755,BINANCE
2025-09-01 07:34:19.422,108874.01,0.00054,11.558715596330755,BINANCE
2025-09-01 07:34:19.517,108874.02,5e-05,11.55779816513724,BINANCE
2025-09-01 07:34:19.517,108874.03,5e-05,11.556880733945063,BINANCE
2025-09-01 07:34:19.517,108874.28,5e-05,11.533944954128547,BINANCE
2025-09-01 07:34:19.517,108874.03,0.04592,11.556880733945063,BINANCE
2025-09-01 07:34:19.517,108874.14,0.00018,11.54678899082574,BINANCE
2025-09-01 07:34:19.517,108874.01,5e-05,11.558715596330755,BINANCE
2025-09-01 07:34:19.517,108874.01,0.002,11.558715596330755,BINANCE
2025-09-01 07:34:19.517,108874.01,0.0001,11.558715596330755,BINANCE
2025-09-01 07:34:19.517,108874.01,0.00455,11.558715596330755,BINANCE
2025-09-01 07:34:19.517,108874.01,0.00129,11.558715596330755,BINANCE
2025-09-01 07:34:19.535,108874.29,0.018,11.533027522936369,BINANCE
2025-09-01 07:34:19.538,108874.3,5e-05,11.532110091742851,BINANCE
2025-09-01 07:34:19.538,108874.29,0.0001,11.533027522936369,BINANCE
2025-09-01 07:34:19.538,108874.29,5e-05,11.533027522936369,BINANCE
2025-09-01 07:34:19.538,108874.61,5e-05,11.503669724770589,BINANCE
2025-09-01 07:34:19.538,108874.61,7e-05,11.503669724770589,BINANCE
2025-09-01 07:34:19.538,108874.29,0.72983,11.533027522936369,BINANCE
2025-09-01 07:34:19.540,108875.0,0.00017,11.46788990825688,BINANCE
2025-09-01 07:34:19.540,108875.0,0.00011,11.46788990825688,BINANCE
2025-09-01 07:34:19.540,108875.0,0.0113,11.46788990825688,BINANCE
2025-09-01 07:34:19.540,108875.0,5e-05,11.46788990825688,BINANCE
2025-09-01 07:34:19.540,108875.0,0.00032,11.46788990825688,BINANCE
2025-09-01 07:34:19.541,108877.43,0.0001,11.244954128441009,BINANCE
2025-09-01 07:34:19.541,108877.46,0.00151,11.242201834861799,BINANCE
2025-09-01 07:34:19.541,108877.61,0.00222,11.228440366972423,BINANCE
2025-09-01 07:34:19.541,108877.61,0.00919,11.228440366972423,BINANCE
2025-09-01 07:34:19.541,108877.61,5e-05,11.228440366972423,BINANCE
2025-09-01 07:34:19.541,108877.71,8e-05,11.219266055045283,BINANCE
2025-09-01 07:34:19.541,108877.72,0.0001,11.218348623853105,BINANCE
2025-09-01 07:34:19.541,108877.76,0.00258,11.214678899083049,BINANCE
2025-09-01 07:34:19.541,108877.76,0.00019,11.214678899083049,BINANCE
2025-09-01 07:34:19.541,108878.01,0.00035,11.191743119266535,BINANCE
2025-09-01 07:34:19.541,108878.21,0.00015,11.173394495412255,BINANCE
2025-09-01 07:34:19.541,108878.3,0.00011,11.165137614678631,BINANCE
2025-09-01 07:34:19.541,108878.61,5e-05,11.136697247706367,BINANCE
2025-09-01 07:34:19.541,108878.62,0.005,11.135779816514189,BINANCE
2025-09-01 07:34:19.541,108878.62,0.008,11.135779816514189,BINANCE
2025-09-01 07:34:19.541,108878.62,0.012,11.135779816514189,BINANCE
2025-09-01 07:34:19.541,108876.96,6e-05,11.288073394494825,BINANCE
2025-09-01 07:34:19.541,108877.85,0.00605,11.20642201834809,BINANCE
2025-09-01 07:34:19.541,108876.96,8e-05,11.288073394494825,BINANCE
2025-09-01 07:34:19.541,108876.0,0.00015,11.376146788990825,BINANCE
2025-09-01 07:34:19.541,108876.03,9e-05,11.373394495412951,BINANCE
2025-09-01 07:34:19.541,108875.0,0.0037,11.46788990825688,BINANCE
2025-09-01 07:34:19.541,108875.0,5e-05,11.46788990825688,BINANCE
2025-09-01 07:34:19.541,108875.0,0.0001,11.46788990825688,BINANCE
2025-09-01 07:34:19.541,108876.25,5e-05,11.353211009174313,BINANCE
2025-09-01 07:34:19.541,108875.01,0.0001,11.4669724770647,BINANCE
2025-09-01 07:34:19.541,108875.01,5e-05,11.4669724770647,BINANCE
2025-09-01 07:34:19.541,108876.0,0.0004,11.376146788990825,BINANCE
2025-09-01 07:34:19.541,108876.0,0.002,11.376146788990825,BINANCE
2025-09-01 07:34:19.541,108875.68,0.00037,11.405504587156605,BINANCE
2025-09-01 07:34:19.541,108875.47,5e-05,11.424770642201729,BINANCE
2025-09-01 07:34:19.541,108875.8,0.00012,11.394495412843769,BINANCE
2025-09-01 07:34:19.542,108880.0,0.012,11.009174311926607,BINANCE
2025-09-01 07:34:19.542,108880.0,0.00017,11.009174311926607,BINANCE
2025-09-01 07:34:19.542,108880.0,0.01183,11.009174311926607,BINANCE
2025-09-01 07:34:19.542,108880.0,0.00654,11.009174311926607,BINANCE
2025-09-01 07:34:19.542,108880.0,0.002,11.009174311926607,BINANCE
2025-09-01 07:34:19.542,108880.0,0.0004,11.009174311926607,BINANCE
2025-09-01 07:34:19.542,108880.0,0.00015,11.009174311926607,BINANCE
2025-09-01 07:34:19.542,108880.0,0.0002,11.009174311926607,BINANCE
2025-09-01 07:34:19.542,108879.99,5e-05,11.010091743118785,BINANCE
2025-09-01 07:34:19.542,108879.78,0.00015,11.029357798165245,BINANCE
2025-09-01 07:34:19.542,108879.49,0.0002,11.055963302751813,BINANCE
2025-09-01 07:34:19.542,108879.43,5e-05,11.061467889908897,BINANCE
2025-09-01 07:34:19.542,108879.37,0.00018,11.066972477064647,BINANCE
2025-09-01 07:34:19.542,108878.62,5e-05,11.135779816514189,BINANCE
2025-09-01 07:34:19.542,108878.62,0.00148,11.135779816514189,BINANCE
2025-09-01 07:34:19.542,108880.0,5e-05,11.009174311926607,BINANCE
2025-09-01 07:34:19.543,108882.35,0.00059,10.793577981650841,BINANCE
2025-09-01 07:34:19.543,108882.49,0.00023,10.780733944953647,BINANCE
2025-09-01 07:34:19.543,108882.67,5e-05,10.7642201834864,BINANCE
2025-09-01 07:34:19.543,108882.68,0.012,10.76330275229422,BINANCE
2025-09-01 07:34:19.543,108882.68,0.00505,10.76330275229422,BINANCE
2025-09-01 07:34:19.543,108882.21,0.0001,10.806422018348036,BINANCE
2025-09-01 07:34:19.543,108881.66,5e-05,10.856880733944633,BINANCE
2025-09-01 07:34:19.543,108880.78,0.00014,10.937614678899191,BINANCE
2025-09-01 07:34:19.543,108880.78,5e-05,10.937614678899191,BINANCE
2025-09-01 07:34:19.543,108880.78,0.00243,10.937614678899191,BINANCE
2025-09-01 07:34:19.543,108880.78,0.00031,10.937614678899191,BINANCE
2025-09-01 07:34:19.543,108880.78,6e-05,10.937614678899191,BINANCE
2025-09-01 07:34:19.543,108880.32,8e-05,10.979816513760827,BINANCE
2025-09-01 07:34:19.543,108880.2,0.00012,10.990825688073661,BINANCE
2025-09-01 07:34:19.543,108880.0,5e-05,11.009174311926607,BINANCE
2025-09-01 07:34:19.543,108880.0,0.00233,11.009174311926607,BINANCE
2025-09-01 07:34:19.543,108881.62,0.00021,10.860550458716023,BINANCE
2025-09-01 07:34:19.544,108882.68,0.012,10.76330275229422,BINANCE
2025-09-01 07:34:19.545,108882.68,5e-05,10.76330275229422,BINANCE
2025-09-01 07:34:19.545,108882.68,0.0116,10.76330275229422,BINANCE
2025-09-01 07:34:19.545,108882.68,0.00025,10.76330275229422,BINANCE
2025-09-01 07:34:19.545,108882.68,0.012,10.76330275229422,BINANCE
2025-09-01 07:34:19.549,108882.67,0.0013,10.7642201834864,BINANCE
2025-09-01 07:34:19.571,108882.68,0.012,10.76330275229422,BINANCE
2025-09-01 07:34:19.642,108882.68,0.11,10.76330275229422,BINANCE
2025-09-01 07:34:19.677,108882.68,0.02,10.76330275229422,BINANCE
2025-09-01 07:34:19.677,108882.68,0.021,10.76330275229422,BINANCE
2025-09-01 07:34:19.677,108882.68,0.018,10.76330275229422,BINANCE
2025-09-01 07:34:19.678,108882.68,0.016,10.76330275229422,BINANCE
2025-09-01 07:34:19.679,108882.68,0.02,10.76330275229422,BINANCE
2025-09-01 07:34:19.682,108882.68,0.00196,10.76330275229422,BINANCE
2025-09-01 07:34:19.683,108882.68,0.00197,10.76330275229422,BINANCE
2025-09-01 07:34:19.713,108882.67,0.12443,10.7642201834864,BINANCE
2025-09-01 07:34:19.713,108882.67,0.06232,10.7642201834864,BINANCE
2025-09-01 07:34:19.713,108882.67,0.0069,10.7642201834864,BINANCE
2025-09-01 07:34:19.713,108882.67,0.07279,10.7642201834864,BINANCE
2025-09-01 07:34:19.713,108882.67,0.08164,10.7642201834864,BINANCE
2025-09-01 07:34:19.713,108882.67,0.1376,10.7642201834864,BINANCE
2025-09-01 07:34:19.713,108882.67,0.03022,10.7642201834864,BINANCE
2025-09-01 07:34:19.846,108882.68,0.00042,10.76330275229422,BINANCE
2025-09-01 07:34:19.923,108882.68,0.02,10.76330275229422,BINANCE
2025-09-01 07:34:19.924,108882.68,0.018,10.76330275229422,BINANCE
2025-09-01 07:34:19.925,108882.68,0.02,10.76330275229422,BINANCE
2025-09-01 07:34:19.996,108882.67,9e-05,10.7642201834864,BINANCE
2025-09-01 07:34:20.011,108882.68,0.00037,10.76330275229422,BINANCE
2025-09-01 07:34:20.034,108882.68,0.012,10.76330275229422,BINANCE
2025-09-01 07:34:20.035,108882.68,0.00186,10.76330275229422,BINANCE
2025-09-01 07:34:20.035,108882.68,5e-05,10.76330275229422,BINANCE
2025-09-01 07:34:20.035,108882.68,0.00092,10.76330275229422,BINANCE
2025-09-01 07:34:20.035,108882.68,0.00902,10.76330275229422,BINANCE
2025-09-01 07:34:20.035,108882.68,0.012,10.76330275229422,BINANCE
2025-09-01 07:34:20.035,108882.68,0.00842,10.76330275229422,BINANCE
2025-09-01 07:34:20.035,108882.68,0.00358,10.76330275229422,BINANCE
2025-09-01 07:34:20.035,108882.68,0.008,10.76330275229422,BINANCE
2025-09-01 07:34:20.036,108882.68,0.012,10.76330275229422,BINANCE
2025-09-01 07:34:20.036,108882.68,0.00066,10.76330275229422,BINANCE
2025-09-01 07:34:20.036,108882.68,0.01134,10.76330275229422,BINANCE
2025-09-01 07:34:20.037,108882.68,0.012,10.76330275229422,BINANCE
2025-09-01 07:34:20.107,108882.67,0.00046,10.7642201834864,BINANCE
2025-09-01 07:34:20.204,108882.68,0.00046,10.76330275229422,BINANCE
2025-09-01 07:34:20.267,108882.68,0.00103,10.76330275229422,BINANCE
2025-09-01 07:34:20.364,108882.68,0.0001,10.76330275229422,BINANCE
2025-09-01 07:34:20.408,108882.68,0.00588,10.76330275229422,BINANCE
2025-09-01 07:34:20.438,108882.68,0.00103,10.76330275229422,BINANCE
2025-09-01 07:34:20.440,108882.68,0.00924,10.76330275229422,BINANCE
2025-09-01 07:34:20.478,108882.68,0.27559,10.76330275229422,BINANCE
2025-09-01 07:34:20.483,108882.67,0.00047,10.7642201834864,BINANCE
2025-09-01 07:34:20.538,108882.68,0.02,10.76330275229422,BINANCE
2025-09-01 07:34:20.583,108882.67,0.04898,10.7642201834864,BINANCE
2025-09-01 07:34:20.583,108882.67,0.00509,10.7642201834864,BINANCE
2025-09-01 07:34:20.583,108882.67,0.07961,10.7642201834864,BINANCE
2025-09-01 07:34:20.628,108882.68,0.00062,10.76330275229422,BINANCE
2025-09-01 07:34:20.693,108882.68,0.00082,10.76330275229422,BINANCE
2025-09-01 07:34:20.772,108882.67,0.05452,10.7642201834864,BINANCE
2025-09-01 07:34:20.784,108882.67,0.00025,10.7642201834864,BINANCE
2025-09-01 07:34:20.845,108882.68,0.012,10.76330275229422,BINANCE
2025-09-01 07:34:20.872,108882.68,0.00023,10.76330275229422,BINANCE
2025-09-01 07:34:20.873,108882.68,0.012,10.76330275229422,BINANCE
2025-09-01 07:34:20.903,108882.68,0.012,10.76330275229422,BINANCE
2025-09-01 07:34:20.903,108882.68,0.008,10.76330275229422,BINANCE
2025-09-01 07:34:20.904,108882.68,0.012,10.76330275229422,BINANCE
2025-09-01 07:34:20.928,108882.68,0.012,10.76330275229422,BINANCE
2025-09-01 07:34:20.929,108882.68,0.012,10.76330275229422,BINANCE
2025-09-01 07:34:20.930,108882.68,0.012,10.76330275229422,BINANCE
2025-09-01 07:34:20.932,108882.68,0.012,10.76330275229422,BINANCE
2025-09-01 07:34:21.105,108882.68,0.00879,10.76330275229422,BINANCE
2025-09-01 07:34:21.128,108882.68,0.012,10.76330275229422,BINANCE
2025-09-01 07:34:21.128,108882.68,0.00035,10.76330275229422,BINANCE
2025-09-01 07:34:21.128,108882.68,0.01165,10.76330275229422,BINANCE
2025-09-01 07:34:21.129,108882.68,0.012,10.76330275229422,BINANCE
2025-09-01 07:34:21.129,108882.68,5e-05,10.76330275229422,BINANCE
2025-09-01 07:34:21.129,108882.68,0.00978,10.76330275229422,BINANCE
2025-09-01 07:34:21.129,108882.68,0.00197,10.76330275229422,BINANCE
2025-09-01 07:34:21.129,108882.68,0.018,10.76330275229422,BINANCE
2025-09-01 07:34:21.130,108882.68,0.018,10.76330275229422,BINANCE
2025-09-01 07:34:21.130,108882.68,0.008,10.76330275229422,BINANCE
2025-09-01 07:34:21.130,108882.68,0.012,10.76330275229422,BINANCE
2025-09-01 07:34:21.131,108882.68,0.00965,10.76330275229422,BINANCE
2025-09-01 07:34:21.131,108882.68,0.002,10.76330275229422,BINANCE
2025-09-01 07:34:21.131,108882.68,5e-05,10.76330275229422,BINANCE
2025-09-01 07:34:21.131,108882.68,0.012,10.76330275229422,BINANCE
2025-09-01 07:34:21.131,108882.68,0.02,10.76330275229422,BINANCE
2025-09-01 07:34:21.219,108882.68,5e-05,10.76330275229422,BINANCE
2025-09-01 07:34:21.220,108882.68,5e-05,10.76330275229422,BINANCE
2025-09-01 07:34:21.289,108882.69,5e-05,10.762385321100703,BINANCE
2025-09-01 07:34:21.289,108882.69,0.04592,10.762385321100703,BINANCE
2025-09-01 07:34:21.290,108882.7,5e-05,10.761467889908523,BINANCE
2025-09-01 07:34:21.290,108883.72,6e-05,10.667889908256774,BINANCE
2025-09-01 07:34:21.290,108883.35,0.00086,10.701834862384787,BINANCE
2025-09-01 07:34:21.290,108883.19,5e-05,10.716513761467677,BINANCE
2025-09-01 07:34:21.290,108882.96,0.00016,10.737614678898495,BINANCE
2025-09-01 07:34:21.290,108882.95,7e-05,10.738532110092011,BINANCE
2025-09-01 07:34:21.290,108882.76,0.0029,10.755963302752775,BINANCE
2025-09-01 07:34:21.290,108882.7,6e-05,10.761467889908523,BINANCE
2025-09-01 07:34:21.293,108883.82,5e-05,10.658715596329634,BINANCE
2025-09-01 07:34:21.293,108883.82,1e-05,10.658715596329634,BINANCE
2025-09-01 07:34:21.315,108884.99,0.00308,10.55137614678851,BINANCE
2025-09-01 07:34:21.315,108885.71,0.00047,10.485321100916842,BINANCE
2025-09-01 07:34:21.315,108885.65,5e-05,10.49082568807393,BINANCE
2025-09-01 07:34:21.315,108885.99,5e-05,10.459633027522456,BINANCE
2025-09-01 07:34:21.315,108884.96,0.00032,10.554128440366386,BINANCE
2025-09-01 07:34:21.315,108884.16,7e-05,10.627522935779496,BINANCE
2025-09-01 07:34:21.315,108884.66,0.0001,10.58165137614647,BINANCE
2025-09-01 07:34:21.315,108884.45,5e-05,10.600917431192926,BINANCE
2025-09-01 07:34:21.315,108884.09,5e-05,10.633944954128761,BINANCE
2025-09-01 07:34:21.315,108884.09,0.00056,10.633944954128761,BINANCE
2025-09-01 07:34:21.315,108886.0,5e-05,10.458715596330276,BINANCE
2025-09-01 07:34:21.315,108887.3,0.0001,10.339449541284136,BINANCE
2025-09-01 07:34:21.315,108886.82,0.00027,10.38348623853147,BINANCE
2025-09-01 07:34:21.315,108884.05,5e-05,10.637614678898817,BINANCE
2025-09-01 07:34:21.315,108887.99,5e-05,10.276146788990344,BINANCE
2025-09-01 07:34:21.315,108887.8,6e-05,10.29357798165111,BINANCE
2025-09-01 07:34:21.315,108887.8,0.00039,10.29357798165111,BINANCE
2025-09-01 07:34:21.315,108887.66,0.0001,10.306422018348304,BINANCE
2025-09-01 07:34:21.315,108887.38,0.00063,10.332110091742692,BINANCE
2025-09-01 07:34:21.315,108887.32,7e-05,10.33761467889844,BINANCE
2025-09-01 07:34:21.315,108887.14,7e-05,10.354128440367026,BINANCE
2025-09-01 07:34:21.315,108887.07,5e-05,10.360550458714956,BINANCE
2025-09-01 07:34:21.315,108886.87,8e-05,10.378899082569234,BINANCE
2025-09-01 07:34:21.315,108886.82,5e-05,10.38348623853147,BINANCE
2025-09-01 07:34:21.315,108884.0,5e-05,10.642201834862385,BINANCE
2025-09-01 07:34:21.315,108883.82,5e-05,10.658715596329634,BINANCE
2025-09-01 07:34:21.315,108883.82,0.00029,10.658715596329634,BINANCE
2025-09-01 07:34:21.315,108883.82,4e-05,10.658715596329634,BINANCE
2025-09-01 07:34:21.315,108883.82,0.04592,10.658715596329634,BINANCE
2025-09-01 07:34:21.315,108884.0,0.002,10.642201834862385,BINANCE
2025-09-01 07:34:21.315,108884.0,0.0004,10.642201834862385,BINANCE
2025-09-01 07:34:21.315,108884.0,0.00015,10.642201834862385,BINANCE
2025-09-01 07:34:21.315,108883.83,5e-05,10.657798165137455,BINANCE
2025-09-01 07:34:21.401,108887.99,0.00012,10.276146788990344,BINANCE
2025-09-01 07:34:21.684,108887.99,0.00215,10.276146788990344,BINANCE
2025-09-01 07:34:21.692,108888.0,0.00045,10.275229357798166,BINANCE
2025-09-01 07:34:21.692,108888.0,0.06466,10.275229357798166,BINANCE
2025-09-01 07:34:21.692,108888.0,0.003,10.275229357798166,BINANCE
2025-09-01 07:34:21.692,108888.0,0.00058,10.275229357798166,BINANCE
2025-09-01 07:34:21.692,108888.0,7e-05,10.275229357798166,BINANCE
2025-09-01 07:34:21.692,108888.0,0.00077,10.275229357798166,BINANCE
2025-09-01 07:34:21.692,108888.0,0.00086,10.275229357798166,BINANCE
2025-09-01 07:34:21.927,108887.99,0.00731,10.276146788990344,BINANCE
2025-09-01 07:34:22.549,108888.0,0.00011,10.275229357798166,BINANCE
2025-09-01 07:34:22.625,108888.0,0.0013,10.275229357798166,BINANCE
2025-09-01 07:34:22.648,108888.0,0.00045,10.275229357798166,BINANCE
2025-09-01 07:34:22.678,108888.0,0.00088,10.275229357798166,BINANCE
2025-09-01 07:34:22.678,108888.0,0.03303,10.275229357798166,BINANCE
2025-09-01 07:34:22.678,108888.0,0.0303,10.275229357798166,BINANCE
2025-09-01 07:34:22.704,108888.0,0.012,10.275229357798166,BINANCE
2025-09-01 07:34:22.799,108888.0,0.00183,10.275229357798166,BINANCE
2025-09-01 07:34:22.811,108888.0,0.012,10.275229357798166,BINANCE
2025-09-01 07:34:22.812,108888.0,0.02,10.275229357798166,BINANCE
2025-09-01 07:34:22.812,108888.0,0.012,10.275229357798166,BINANCE
2025-09-01 07:34:22.812,108888.0,0.008,10.275229357798166,BINANCE
2025-09-01 07:34:22.813,108888.0,5e-05,10.275229357798166,BINANCE
2025-09-01 07:34:22.813,108888.0,0.018,10.275229357798166,BINANCE
2025-09-01 07:34:22.813,108888.0,0.0053,10.275229357798166,BINANCE
2025-09-01 07:34:22.813,108888.0,0.0032,10.275229357798166,BINANCE
2025-09-01 07:34:22.813,108888.0,0.01435,10.275229357798166,BINANCE
2025-09-01 07:34:22.813,108888.0,0.00183,10.275229357798166,BINANCE
2025-09-01 07:34:22.813,108888.0,0.00332,10.275229357798166,BINANCE
2025-09-01 07:34:22.813,108888.0,0.0004,10.275229357798166,BINANCE
2025-09-01 07:34:22.813,108888.0,0.002,10.275229357798166,BINANCE
2025-09-01 07:34:22.813,108888.0,0.021,10.275229357798166,BINANCE
2025-09-01 07:34:22.813,108888.0,0.012,10.275229357798166,BINANCE
2025-09-01 07:34:22.813,108888.0,0.01568,10.275229357798166,BINANCE
2025-09-01 07:34:22.813,108888.0,0.001,10.275229357798166,BINANCE
2025-09-01 07:34:22.813,108888.0,0.01001,10.275229357798166,BINANCE
2025-09-01 07:34:22.813,108888.0,0.00201,10.275229357798166,BINANCE
2025-09-01 07:34:22.813,108888.0,0.00015,10.275229357798166,BINANCE
2025-09-01 07:34:22.833,108887.99,0.0005,10.276146788990344,BINANCE
2025-09-01 07:34:22.835,108887.99,0.0005,10.276146788990344,BINANCE
2025-09-01 07:34:22.898,108888.88,0.02013,10.19449541284361,BINANCE
2025-09-01 07:34:22.898,108888.88,9e-05,10.19449541284361,BINANCE
2025-09-01 07:34:22.898,108888.88,0.00047,10.19449541284361,BINANCE
2025-09-01 07:34:22.898,108888.87,5e-05,10.195412844037126,BINANCE
2025-09-01 07:34:22.898,108888.73,0.00026,10.20825688073432,BINANCE
2025-09-01 07:34:22.898,108888.73,0.00012,10.20825688073432,BINANCE
2025-09-01 07:34:22.898,108888.68,5e-05,10.21284403669789,BINANCE
2025-09-01 07:34:22.898,108888.68,0.0015,10.21284403669789,BINANCE
2025-09-01 07:34:22.898,108888.63,0.0004,10.217431192660124,BINANCE
2025-09-01 07:34:22.898,108888.48,0.00082,10.231192660550832,BINANCE
2025-09-01 07:34:22.898,108888.28,7e-05,10.249541284403778,BINANCE
2025-09-01 07:34:22.898,108888.1,8e-05,10.266055045871026,BINANCE
2025-09-01 07:34:22.898,108888.88,5e-05,10.19449541284361,BINANCE
2025-09-01 07:34:22.898,108888.88,6e-05,10.19449541284361,BINANCE
2025-09-01 07:34:22.898,108889.09,0.007,10.175229357798486,BINANCE
2025-09-01 07:34:22.898,108889.09,0.02508,10.175229357798486,BINANCE
2025-09-01 07:34:22.898,108889.09,5e-05,10.175229357798486,BINANCE
2025-09-01 07:34:22.898,108889.08,5e-05,10.176146788990666,BINANCE
2025-09-01 07:34:22.898,108889.0,0.0001,10.18348623853211,BINANCE
2025-09-01 07:34:22.898,108888.91,5e-05,10.191743119265734,BINANCE
2025-09-01 07:34:22.898,108888.88,0.0003,10.19449541284361,BINANCE
2025-09-01 07:34:22.898,108888.88,0.00015,10.19449541284361,BINANCE
2025-09-01 07:34:22.898,108888.88,0.0005,10.19449541284361,BINANCE
2025-09-01 07:34:22.898,108888.88,7e-05,10.19449541284361,BINANCE
2025-09-01 07:34:22.898,108888.07,5e-05,10.268807339448902,BINANCE
2025-09-01 07:34:22.898,108888.07,7e-05,10.268807339448902,BINANCE
2025-09-01 07:34:22.898,108888.88,0.00042,10.19449541284361,BINANCE
2025-09-01 07:34:22.898,108888.01,5e-05,10.274311926605986,BINANCE
2025-09-01 07:34:22.898,108888.0,5e-05,10.275229357798166,BINANCE
2025-09-01 07:34:22.898,108888.0,0.03023,10.275229357798166,BINANCE
2025-09-01 07:34:22.898,108888.0,0.009,10.275229357798166,BINANCE
2025-09-01 07:34:22.898,108888.0,0.00668,10.275229357798166,BINANCE
2025-09-01 07:34:22.898,108888.0,0.00127,10.275229357798166,BINANCE
2025-09-01 07:34:22.898,108888.01,0.02776,10.274311926605986,BINANCE
2025-09-01 07:34:22.898,108888.01,0.00842,10.274311926605986,BINANCE
2025-09-01 07:34:22.899,108891.02,8e-05,9.998165137614304,BINANCE
2025-09-01 07:34:22.899,108891.18,0.0001,9.98348623853275,BINANCE
2025-09-01 07:34:22.899,108891.18,0.00131,9.98348623853275,BINANCE
2025-09-01 07:34:22.899,108891.18,5e-05,9.98348623853275,BINANCE
2025-09-01 07:34:22.899,108891.23,5e-05,9.97889908256918,BINANCE
2025-09-01 07:34:22.899,108891.7,0.00184,9.935779816514028,BINANCE
2025-09-01 07:34:22.899,108891.73,0.0002,9.933027522936154,BINANCE
2025-09-01 07:34:22.899,108890.67,5e-05,10.030275229357958,BINANCE
2025-09-01 07:34:22.899,108889.58,0.00012,10.130275229357638,BINANCE
2025-09-01 07:34:22.899,108890.48,0.0001,10.047706422018724,BINANCE
2025-09-01 07:34:22.899,108889.32,0.0005,10.154128440366332,BINANCE
2025-09-01 07:34:22.899,108889.34,5e-05,10.152293577981972,BINANCE
2025-09-01 07:34:22.899,108889.09,0.05975,10.175229357798486,BINANCE
2025-09-01 07:34:22.899,108889.35,0.04906,10.151376146788458,BINANCE
2025-09-01 07:34:22.899,108889.35,5e-05,10.151376146788458,BINANCE
2025-09-01 07:34:22.899,108889.45,9e-05,10.142201834862652,BINANCE
2025-09-01 07:34:22.899,108890.19,0.00015,10.07431192660529,BINANCE
2025-09-01 07:34:22.904,108891.87,5e-05,9.92018348623896,BINANCE
2025-09-01 07:34:22.905,108891.88,5e-05,9.919266055045444,BINANCE
2025-09-01 07:34:22.912,108892.0,0.0005,9.908256880733946,BINANCE
2025-09-01 07:34:22.912,108892.0,0.00031,9.908256880733946,BINANCE
2025-09-01 07:34:22.912,108892.0,5e-05,9.908256880733946,BINANCE
2025-09-01 07:34:22.912,108892.0,0.002,9.908256880733946,BINANCE
2025-09-01 07:34:22.912,108892.0,0.0004,9.908256880733946,BINANCE
2025-09-01 07:34:22.912,108892.0,0.00015,9.908256880733946,BINANCE
2025-09-01 07:34:22.914,108892.01,1e-05,9.907339449541764,BINANCE
2025-09-01 07:34:22.914,108892.85,6e-05,9.830275229357264,BINANCE
2025-09-01 07:34:22.914,108892.85,7e-05,9.830275229357264,BINANCE
2025-09-01 07:34:22.914,108892.48,5e-05,9.864220183486612,BINANCE
2025-09-01 07:34:22.914,108892.23,0.0001,9.887155963303126,BINANCE
2025-09-01 07:34:22.914,108892.21,9e-05,9.888990825687486,BINANCE
2025-09-01 07:34:22.914,108892.01,4e-05,9.907339449541764,BINANCE
2025-09-01 07:34:22.914,108892.85,3e-05,9.830275229357264,BINANCE
2025-09-01 07:34:22.914,108892.01,5e-05,9.907339449541764,BINANCE
2025-09-01 07:34:22.914,108892.0,5e-05,9.908256880733946,BINANCE
2025-09-01 07:34:22.914,108892.0,0.00014,9.908256880733946,BINANCE
2025-09-01 07:34:22.916,108892.86,2e-05,9.829357798165084,BINANCE
2025-09-01 07:34:22.916,108892.86,5e-05,9.829357798165084,BINANCE
2025-09-01 07:34:22.916,108892.85,5e-05,9.830275229357264,BINANCE
2025-09-01 07:34:22.916,108892.85,3e-05,9.830275229357264,BINANCE
2025-09-01 07:34:22.916,108892.85,6e-05,9.830275229357264,BINANCE
2025-09-01 07:34:22.916,108892.85,0.00013,9.830275229357264,BINANCE
2025-09-01 07:34:22.919,108893.16,0.00017,9.801834862385002,BINANCE
2025-09-01 07:34:22.919,108892.86,5e-05,9.829357798165084,BINANCE
2025-09-01 07:34:22.919,108892.86,4e-05,9.829357798165084,BINANCE
2025-09-01 07:34:22.919,108892.86,1e-05,9.829357798165084,BINANCE
2025-09-01 07:34:22.919,108892.86,3e-05,9.829357798165084,BINANCE
2025-09-01 07:34:22.921,108892.86,5e-05,9.829357798165084,BINANCE
2025-09-01 07:34:22.922,108892.86,5e-05,9.829357798165084,BINANCE
2025-09-01 07:34:22.923,108892.86,5e-05,9.829357798165084,BINANCE
2025-09-01 07:34:22.923,108892.86,0.0005,9.829357798165084,BINANCE
2025-09-01 07:34:22.924,108892.87,4e-05,9.828440366972904,BINANCE
2025-09-01 07:34:22.924,108892.87,5e-05,9.828440366972904,BINANCE
2025-09-01 07:34:22.924,108892.86,7e-05,9.829357798165084,BINANCE
2025-09-01 07:34:22.925,108893.16,0.00014,9.801834862385002,BINANCE
2025-09-01 07:34:22.925,108892.88,5e-05,9.82752293577939,BINANCE
2025-09-01 07:34:22.925,108892.87,5e-05,9.828440366972904,BINANCE
2025-09-01 07:34:22.925,108892.87,4e-05,9.828440366972904,BINANCE
2025-09-01 07:34:22.925,108892.87,1e-05,9.828440366972904,BINANCE
2025-09-01 07:34:22.926,108893.94,5e-05,9.730275229357584,BINANCE
2025-09-01 07:34:22.926,108894.46,0.0001,9.682568807338862,BINANCE
2025-09-01 07:34:22.926,108894.33,0.00013,9.694495412843876,BINANCE
2025-09-01 07:34:22.926,108894.01,0.0001,9.723853211009654,BINANCE
2025-09-01 07:34:22.926,108893.58,0.00037,9.763302752293418,BINANCE
2025-09-01 07:34:22.926,108893.33,5e-05,9.786238532109932,BINANCE
2025-09-01 07:34:22.926,108893.51,0.00015,9.769724770642682,BINANCE
2025-09-01 07:34:22.926,108893.59,7e-05,9.762385321101238,BINANCE
2025-09-01 07:34:22.926,108893.58,7e-05,9.763302752293418,BINANCE
2025-09-01 07:34:22.926,108893.58,6e-05,9.763302752293418,BINANCE
2025-09-01 07:34:22.928,108894.61,0.00011,9.668807339449488,BINANCE
2025-09-01 07:34:22.928,108894.73,0.00035,9.657798165137988,BINANCE
2025-09-01 07:34:22.928,108894.73,0.00418,9.657798165137988,BINANCE
2025-09-01 07:34:22.928,108894.82,5e-05,9.649541284403028,BINANCE
2025-09-01 07:34:22.928,108894.84,5e-05,9.647706422018668,BINANCE
2025-09-01 07:34:22.928,108894.94,0.00046,9.63853211009153,BINANCE
2025-09-01 07:34:22.928,108895.1,0.00018,9.62385321100864,BINANCE
2025-09-01 07:34:22.929,108896.0,0.002,9.541284403669724,BINANCE
2025-09-01 07:34:22.929,108896.44,5e-05,9.500917431192446,BINANCE
2025-09-01 07:34:22.929,108896.5,0.00023,9.495412844036696,BINANCE
2025-09-01 07:34:22.929,108896.55,6e-05,9.490825688073127,BINANCE
2025-09-01 07:34:22.929,108896.55,5e-05,9.490825688073127,BINANCE
2025-09-01 07:34:22.929,108897.05,8e-05,9.4449541284401,BINANCE
2025-09-01 07:34:22.929,108897.97,0.00034,9.360550458715489,BINANCE
2025-09-01 07:34:22.929,108897.89,5e-05,9.367889908256934,BINANCE
2025-09-01 07:34:22.929,108897.96,0.00033,9.361467889907669,BINANCE
2025-09-01 07:34:22.929,108897.96,0.00025,9.361467889907669,BINANCE
2025-09-01 07:34:22.929,108896.35,0.00053,9.50917431192607,BINANCE
2025-09-01 07:34:22.929,108898.35,5e-05,9.32568807339396,BINANCE
2025-09-01 07:34:22.929,108898.5,0.00018,9.311926605504587,BINANCE
2025-09-01 07:34:22.929,108897.76,0.00028,9.379816513761948,BINANCE
2025-09-01 07:34:22.929,108896.33,0.003,9.511009174311766,BINANCE
2025-09-01 07:34:22.929,108896.0,0.00015,9.541284403669724,BINANCE
2025-09-01 07:34:22.929,108896.0,5e-05,9.541284403669724,BINANCE
2025-09-01 07:34:22.929,108895.1,0.0002,9.62385321100864,BINANCE
2025-09-01 07:34:22.929,108895.1,0.00036,9.62385321100864,BINANCE
2025-09-01 07:34:22.929,108895.37,0.00026,9.599082568807766,BINANCE
2025-09-01 07:34:22.929,108895.4,7e-05,9.596330275229892,BINANCE
2025-09-01 07:34:22.929,108895.72,0.001,9.566972477064112,BINANCE
2025-09-01 07:34:22.929,108895.65,7e-05,9.573394495413378,BINANCE
2025-09-01 07:34:22.929,108895.85,5e-05,9.555045871559098,BINANCE
2025-09-01 07:34:22.929,108896.0,7e-05,9.541284403669724,BINANCE
2025-09-01 07:34:22.929,108896.0,0.0004,9.541284403669724,BINANCE
2025-09-01 07:34:22.929,108895.84,6e-05,9.555963302752614,BINANCE
2025-09-01 07:34:22.933,108898.89,5e-05,9.276146788990879,BINANCE
2025-09-01 07:34:22.933,108899.01,0.00055,9.26513761467938,BINANCE
2025-09-01 07:34:22.933,108898.87,0.00064,9.277981651376574,BINANCE
2025-09-01 07:34:22.933,108898.64,6e-05,9.299082568807393,BINANCE
2025-09-01 07:34:22.933,108898.56,0.00184,9.306422018348837,BINANCE
2025-09-01 07:34:22.934,108899.01,5e-05,9.26513761467938,BINANCE
2025-09-01 07:34:22.934,108899.01,0.00096,9.26513761467938,BINANCE
2025-09-01 07:34:22.935,108900.0,0.00011,9.174311926605505,BINANCE
2025-09-01 07:34:22.935,108900.0,9e-05,9.174311926605505,BINANCE
2025-09-01 07:34:22.935,108900.0,6e-05,9.174311926605505,BINANCE
2025-09-01 07:34:22.935,108900.0,0.00018,9.174311926605505,BINANCE
2025-09-01 07:34:22.935,108900.0,0.0002,9.174311926605505,BINANCE
2025-09-01 07:34:22.935,108900.0,0.00017,9.174311926605505,BINANCE
2025-09-01 07:34:22.935,108900.0,0.00037,9.174311926605505,BINANCE
2025-09-01 07:34:22.935,108900.0,0.00028,9.174311926605505,BINANCE
2025-09-01 07:34:22.935,108900.0,0.00036,9.174311926605505,BINANCE
2025-09-01 07:34:22.935,108900.0,7e-05,9.174311926605505,BINANCE
2025-09-01 07:34:22.935,108898.55,0.02141,9.307339449541017,BINANCE
2025-09-01 07:34:22.935,108898.55,0.04437,9.307339449541017,BINANCE
2025-09-01 07:34:22.935,108898.55,0.00335,9.307339449541017,BINANCE
2025-09-01 07:34:22.935,108898.55,0.16812,9.307339449541017,BINANCE
2025-09-01 07:34:22.935,108899.0,0.1615,9.26605504587156,BINANCE
2025-09-01 07:34:22.935,108899.04,0.1615,9.262385321101505,BINANCE
2025-09-01 07:34:22.935,108899.99,0.08406,9.175229357797685,BINANCE
2025-09-01 07:34:22.935,108900.0,0.01036,9.174311926605505,BINANCE
2025-09-01 07:34:22.935,108900.0,0.02865,9.174311926605505,BINANCE
2025-09-01 07:34:22.935,108900.0,5e-05,9.174311926605505,BINANCE
2025-09-01 07:34:22.935,108900.0,0.00015,9.174311926605505,BINANCE
2025-09-01 07:34:22.935,108899.99,0.0013,9.175229357797685,BINANCE
2025-09-01 07:34:22.935,108900.0,0.00022,9.174311926605505,BINANCE
2025-09-01 07:34:22.935,108900.0,0.0001,9.174311926605505,BINANCE
2025-09-01 07:34:22.935,108900.0,0.00091,9.174311926605505,BINANCE
2025-09-01 07:34:22.935,108899.99,5e-05,9.175229357797685,BINANCE
2025-09-01 07:34:22.935,108899.99,0.00012,9.175229357797685,BINANCE
2025-09-01 07:34:22.935,108900.0,0.00024,9.174311926605505,BINANCE
2025-09-01 07:34:22.935,108899.99,0.0001,9.175229357797685,BINANCE
2025-09-01 07:34:22.935,108899.68,5e-05,9.203669724771283,BINANCE
2025-09-01 07:34:22.935,108899.46,0.00012,9.223853211008587,BINANCE
2025-09-01 07:34:22.935,108899.41,0.00013,9.228440366972157,BINANCE
2025-09-01 07:34:22.935,108899.36,7e-05,9.233027522935727,BINANCE
2025-09-01 07:34:22.935,108899.05,0.00155,9.26146788990799,BINANCE
2025-09-01 07:34:22.935,108900.0,0.0012,9.174311926605505,BINANCE
2025-09-01 07:34:22.935,108899.99,0.00041,9.175229357797685,BINANCE
2025-09-01 07:34:22.935,108900.0,0.00014,9.174311926605505,BINANCE
2025-09-01 07:34:22.935,108900.0,0.00013,9.174311926605505,BINANCE
2025-09-01 07:34:22.935,108900.0,0.00031,9.174311926605505,BINANCE
2025-09-01 07:34:22.935,108900.0,0.00073,9.174311926605505,BINANCE
2025-09-01 07:34:22.940,108899.99,0.00092,9.175229357797685,BINANCE
2025-09-01 07:34:22.943,108899.99,0.00149,9.175229357797685,BINANCE
2025-09-01 07:34:22.965,108900.0,1.498,9.174311926605505,BINANCE
2025-09-01 07:34:22.965,108900.0,0.4052,9.174311926605505,BINANCE
2025-09-01 07:34:22.965,108900.0,0.0707,9.174311926605505,BINANCE
2025-09-01 07:34:22.965,108900.0,1.2825,9.174311926605505,BINANCE
2025-09-01 07:34:22.966,108900.0,0.37656,9.174311926605505,BINANCE
2025-09-01 07:34:22.967,108900.0,0.04659,9.174311926605505,BINANCE
2025-09-01 07:34:22.967,108900.0,0.40163,9.174311926605505,BINANCE
2025-09-01 07:34:22.967,108900.0,0.01578,9.174311926605505,BINANCE
2025-09-01 07:34:22.967,108900.0,0.06496,9.174311926605505,BINANCE
2025-09-01 07:34:22.967,108900.0,0.0177,9.174311926605505,BINANCE
2025-09-01 07:34:22.967,108900.0,0.06433,9.174311926605505,BINANCE
2025-09-01 07:34:22.967,108900.0,0.3596,9.174311926605505,BINANCE
2025-09-01 07:34:22.967,108900.0,0.66722,9.174311926605505,BINANCE
2025-09-01 07:34:22.967,108900.0,0.01497,9.174311926605505,BINANCE
2025-09-01 07:34:22.967,108900.0,0.6294,9.174311926605505,BINANCE
2025-09-01 07:34:22.967,108900.0,0.32184,9.174311926605505,BINANCE
2025-09-01 07:34:22.967,108900.0,0.41766,9.174311926605505,BINANCE
2025-09-01 07:34:22.967,108900.0,0.06902,9.174311926605505,BINANCE
2025-09-01 07:34:22.967,108900.0,0.06986,9.174311926605505,BINANCE
2025-09-01 07:34:22.968,108900.0,0.0004,9.174311926605505,BINANCE
2025-09-01 07:34:22.968,108900.0,0.00064,9.174311926605505,BINANCE
2025-09-01 07:34:22.968,108900.0,0.00093,9.174311926605505,BINANCE
2025-09-01 07:34:22.968,108900.0,0.01386,9.174311926605505,BINANCE
2025-09-01 07:34:22.968,108900.0,0.004,9.174311926605505,BINANCE
2025-09-01 07:34:22.968,108900.0,9e-05,9.174311926605505,BINANCE
2025-09-01 07:34:22.968,108900.0,8e-05,9.174311926605505,BINANCE
2025-09-01 07:34:22.968,108900.0,0.00016,9.174311926605505,BINANCE
2025-09-01 07:34:22.968,108900.0,0.00076,9.174311926605505,BINANCE
2025-09-01 07:34:22.968,108900.0,0.00019,9.174311926605505,BINANCE
2025-09-01 07:34:22.968,108900.0,0.00233,9.174311926605505,BINANCE
2025-09-01 07:34:22.968,108900.0,0.00017,9.174311926605505,BINANCE
2025-09-01 07:34:22.968,108900.0,0.00025,9.174311926605505,BINANCE
2025-09-01 07:34:22.968,108900.0,0.00015,9.174311926605505,BINANCE
2025-09-01 07:34:22.968,108900.0,0.002,9.174311926605505,BINANCE
2025-09-01 07:34:22.968,108900.0,0.01837,9.174311926605505,BINANCE
2025-09-01 07:34:22.968,108900.0,0.00767,9.174311926605505,BINANCE
2025-09-01 07:34:22.968,108900.0,5e-05,9.174311926605505,BINANCE
2025-09-01 07:34:22.968,108900.0,0.00044,9.174311926605505,BINANCE
2025-09-01 07:34:22.968,108900.0,0.0006,9.174311926605505,BINANCE
2025-09-01 07:34:22.968,108900.0,0.0002,9.174311926605505,BINANCE
2025-09-01 07:34:22.968,108900.0,0.0123,9.174311926605505,BINANCE
2025-09-01 07:34:22.968,108900.0,0.0082,9.174311926605505,BINANCE
2025-09-01 07:34:22.968,108900.0,0.0041,9.174311926605505,BINANCE
2025-09-01 07:34:22.968,108900.0,0.01154,9.174311926605505,BINANCE
2025-09-01 07:34:22.968,108900.0,0.07935,9.174311926605505,BINANCE
2025-09-01 07:34:22.968,108900.0,0.02878,9.174311926605505,BINANCE
2025-09-01 07:34:22.968,108900.0,1.897,9.174311926605505,BINANCE
2025-09-01 07:34:22.968,108900.0,0.17088,9.174311926605505,BINANCE
2025-09-01 07:34:22.968,108900.0,0.00862,9.174311926605505,BINANCE
2025-09-01 07:34:22.968,108900.0,0.04086,9.174311926605505,BINANCE
2025-09-01 07:34:22.968,108900.0,0.00927,9.174311926605505,BINANCE
2025-09-01 07:34:22.968,108900.0,0.00013,9.174311926605505,BINANCE
2025-09-01 07:34:22.968,108900.0,0.59199,9.174311926605505,BINANCE
2025-09-01 07:34:22.968,108900.0,0.00051,9.174311926605505,BINANCE
2025-09-01 07:34:22.968,108900.0,2.65701,9.174311926605505,BINANCE
2025-09-01 07:34:22.968,108900.0,0.11488,9.174311926605505,BINANCE
2025-09-01 07:34:22.968,108900.0,0.01076,9.174311926605505,BINANCE
2025-09-01 07:34:22.968,108900.0,0.05939,9.174311926605505,BINANCE
2025-09-01 07:34:22.969,108900.01,5e-05,9.173394495413325,BINANCE
2025-09-01 07:34:22.969,108900.05,8e-05,9.169724770641935,BINANCE
2025-09-01 07:34:22.970,108901.6,5e-05,9.027522935779283,BINANCE
2025-09-01 07:34:22.970,108901.6,0.00038,9.027522935779283,BINANCE
2025-09-01 07:34:22.970,108901.82,0.00025,9.007339449540643,BINANCE
2025-09-01 07:34:22.970,108902.28,0.00333,8.965137614679007,BINANCE
2025-09-01 07:34:22.970,108902.17,8e-05,8.975229357798325,BINANCE
2025-09-01 07:34:22.970,108902.29,8e-05,8.964220183486827,BINANCE
2025-09-01 07:34:22.970,108902.31,7e-05,8.96238532110113,BINANCE
2025-09-01 07:34:22.970,108902.49,7e-05,8.945871559632547,BINANCE
2025-09-01 07:34:22.970,108901.43,7e-05,9.043119266055687,BINANCE
2025-09-01 07:34:22.970,108901.99,0.00012,8.991743119265575,BINANCE
2025-09-01 07:34:22.970,108901.26,8e-05,9.058715596330757,BINANCE
2025-09-01 07:34:22.970,108902.43,0.00053,8.951376146789631,BINANCE
2025-09-01 07:34:22.970,108901.0,0.05,9.082568807339449,BINANCE
2025-09-01 07:34:22.970,108901.19,6e-05,9.065137614678685,BINANCE
2025-09-01 07:34:22.970,108900.57,0.01176,9.122018348623213,BINANCE
2025-09-01 07:34:22.970,108900.66,0.00022,9.113761467889589,BINANCE
2025-09-01 07:34:22.970,108900.84,6e-05,9.097247706422339,BINANCE
2025-09-01 07:34:22.970,108900.88,9e-05,9.093577981650949,BINANCE
2025-09-01 07:34:22.970,108900.93,5e-05,9.088990825688715,BINANCE
2025-09-01 07:34:22.970,108900.69,0.0001,9.111009174311713,BINANCE
2025-09-01 07:34:22.970,108900.95,0.00049,9.087155963303019,BINANCE
2025-09-01 07:34:22.970,108900.95,9e-05,9.087155963303019,BINANCE
2025-09-01 07:34:22.970,108900.99,5e-05,9.083486238531629,BINANCE
2025-09-01 07:34:22.970,108900.93,0.00018,9.088990825688715,BINANCE
2025-09-01 07:34:22.971,108903.0,0.00184,8.899082568807339,BINANCE
2025-09-01 07:34:22.973,108908.33,0.00152,8.410091743119105,BINANCE
2025-09-01 07:34:22.973,108909.09,7e-05,8.340366972477383,BINANCE
2025-09-01 07:34:22.973,108909.09,0.0045,8.340366972477383,BINANCE
2025-09-01 07:34:22.973,108908.89,8e-05,8.35871559633033,BINANCE
2025-09-01 07:34:22.973,108908.71,5e-05,8.375229357797577,BINANCE
2025-09-01 07:34:22.973,108908.32,9e-05,8.411009174311285,BINANCE
2025-09-01 07:34:22.973,108906.76,5e-05,8.554128440367453,BINANCE
2025-09-01 07:34:22.973,108908.0,0.002,8.440366972477065,BINANCE
2025-09-01 07:34:22.973,108908.0,0.0004,8.440366972477065,BINANCE
2025-09-01 07:34:22.973,108908.0,0.00015,8.440366972477065,BINANCE
2025-09-01 07:34:22.973,108907.59,0.00052,8.477981651376467,BINANCE
2025-09-01 07:34:22.973,108908.04,5e-05,8.43669724770701,BINANCE
2025-09-01 07:34:22.973,108909.52,0.0004,8.300917431192287,BINANCE
2025-09-01 07:34:22.973,108909.09,5e-05,8.340366972477383,BINANCE
2025-09-01 07:34:22.973,108910.45,0.00819,8.215596330275497,BINANCE
2025-09-01 07:34:22.973,108910.31,5e-05,8.22844036697269,BINANCE
2025-09-01 07:34:22.973,108910.0,7e-05,8.256880733944955,BINANCE
2025-09-01 07:34:22.973,108909.96,0.00097,8.260550458715008,BINANCE
2025-09-01 07:34:22.973,108909.94,0.00092,8.262385321100703,BINANCE
2025-09-01 07:34:22.973,108909.69,9e-05,8.285321100917217,BINANCE
2025-09-01 07:34:22.973,108909.09,8e-05,8.340366972477383,BINANCE
2025-09-01 07:34:22.973,108909.66,5e-05,8.288073394495093,BINANCE
2025-09-01 07:34:22.973,108906.25,7e-05,8.600917431192661,BINANCE
2025-09-01 07:34:22.973,108909.48,6e-05,8.304587155963677,BINANCE
2025-09-01 07:34:22.973,108909.48,8e-05,8.304587155963677,BINANCE
2025-09-01 07:34:22.973,108909.45,0.0016,8.307339449541551,BINANCE
2025-09-01 07:34:22.973,108909.09,6e-05,8.340366972477383,BINANCE
2025-09-01 07:34:22.973,108906.25,0.00025,8.600917431192661,BINANCE
2025-09-01 07:34:22.973,108905.68,0.00114,8.653211009174953,BINANCE
2025-09-01 07:34:22.973,108906.25,5e-05,8.600917431192661,BINANCE
2025-09-01 07:34:22.973,108904.0,0.00015,8.807339449541285,BINANCE
2025-09-01 07:34:22.973,108904.0,0.0004,8.807339449541285,BINANCE
2025-09-01 07:34:22.973,108903.75,0.00155,8.830275229357799,BINANCE
2025-09-01 07:34:22.973,108903.73,5e-05,8.832110091743493,BINANCE
2025-09-01 07:34:22.973,108903.49,7e-05,8.854128440366491,BINANCE
2025-09-01 07:34:22.973,108904.0,0.002,8.807339449541285,BINANCE
2025-09-01 07:34:22.973,108903.49,0.00032,8.854128440366491,BINANCE
2025-09-01 07:34:22.973,108903.19,6e-05,8.881651376146575,BINANCE
2025-09-01 07:34:22.973,108903.16,5e-05,8.88440366972445,BINANCE
2025-09-01 07:34:22.973,108903.15,5e-05,8.885321100917965,BINANCE
2025-09-01 07:34:22.973,108903.15,0.00056,8.885321100917965,BINANCE
2025-09-01 07:34:22.973,108903.15,0.00043,8.885321100917965,BINANCE
2025-09-01 07:34:22.973,108903.3,5e-05,8.871559633027257,BINANCE
2025-09-01 07:34:22.973,108904.27,0.00064,8.782568807339075,BINANCE
2025-09-01 07:34:22.973,108904.42,0.00029,8.768807339449701,BINANCE
2025-09-01 07:34:22.973,108906.25,6e-05,8.600917431192661,BINANCE
2025-09-01 07:34:22.973,108906.19,0.00092,8.606422018348411,BINANCE
2025-09-01 07:34:22.973,108905.5,0.00018,8.669724770642201,BINANCE
2025-09-01 07:34:22.973,108904.33,0.00151,8.777064220183327,BINANCE
2025-09-01 07:34:22.973,108905.4,0.00322,8.678899082569341,BINANCE
2025-09-01 07:34:22.973,108905.18,5e-05,8.699082568807981,BINANCE
2025-09-01 07:34:22.973,108905.43,0.00012,8.676146788991467,BINANCE
2025-09-01 07:34:22.973,108905.0,0.001,8.715596330275229,BINANCE
2025-09-01 07:34:22.973,108905.0,5e-05,8.715596330275229,BINANCE
2025-09-01 07:34:22.973,108904.76,0.00104,8.737614678899563,BINANCE
2025-09-01 07:34:22.973,108904.68,5e-05,8.744954128441007,BINANCE
2025-09-01 07:34:22.973,108904.61,0.00014,8.751376146788937,BINANCE
2025-09-01 07:34:22.981,108910.45,0.0123,8.215596330275497,BINANCE
2025-09-01 07:34:22.981,108910.45,0.00082,8.215596330275497,BINANCE
2025-09-01 07:34:22.982,108910.45,5e-05,8.215596330275497,BINANCE
2025-09-01 07:34:22.982,108910.45,0.0124,8.215596330275497,BINANCE
2025-09-01 07:34:22.982,108910.45,0.00107,8.215596330275497,BINANCE
2025-09-01 07:34:22.982,108910.45,0.00346,8.215596330275497,BINANCE
2025-09-01 07:34:22.982,108910.45,0.00025,8.215596330275497,BINANCE
2025-09-01 07:34:22.983,108912.7,0.00138,8.009174311926873,BINANCE
2025-09-01 07:34:22.983,108912.72,0.00158,8.007339449541178,BINANCE
2025-09-01 07:34:22.983,108912.87,7e-05,7.9935779816518036,BINANCE
2025-09-01 07:34:22.983,108913.04,0.0001,7.9779816513767345,BINANCE
2025-09-01 07:34:22.983,108912.42,0.00105,8.034862385321262,BINANCE
2025-09-01 07:34:22.983,108913.3,7e-05,7.954128440366706,BINANCE
2025-09-01 07:34:22.983,108913.3,0.00853,7.954128440366706,BINANCE
2025-09-01 07:34:22.983,108913.3,0.02,7.954128440366706,BINANCE
2025-09-01 07:34:22.983,108913.0,5e-05,7.981651376146789,BINANCE
2025-09-01 07:34:22.983,108912.0,0.002,8.073394495412844,BINANCE
2025-09-01 07:34:22.983,108912.2,7e-05,8.0550458715599,BINANCE
2025-09-01 07:34:22.983,108912.0,0.00015,8.073394495412844,BINANCE
2025-09-01 07:34:22.983,108910.46,5e-05,8.214678899081981,BINANCE
2025-09-01 07:34:22.983,108912.0,0.0004,8.073394495412844,BINANCE
2025-09-01 07:34:22.983,108911.17,0.0002,8.14954128440383,BINANCE
2025-09-01 07:34:22.983,108911.59,0.00014,8.111009174312247,BINANCE
2025-09-01 07:34:22.983,108911.95,9e-05,8.077981651376414,BINANCE
2025-09-01 07:34:22.983,108912.0,0.00051,8.073394495412844,BINANCE
2025-09-01 07:34:22.983,108911.17,5e-05,8.14954128440383,BINANCE
2025-09-01 07:34:22.985,108913.27,0.018,7.956880733944581,BINANCE
2025-09-01 07:34:23.067,108913.26,0.02214,7.957798165138095,BINANCE
2025-09-01 07:34:23.086,108913.25,6e-05,7.958715596330275,BINANCE
2025-09-01 07:34:23.086,108913.25,0.02171,7.958715596330275,BINANCE
2025-09-01 07:34:23.132,108913.25,0.00058,7.958715596330275,BINANCE
2025-09-01 07:34:23.147,108913.26,0.0142,7.957798165138095,BINANCE
2025-09-01 07:34:23.234,108913.25,0.00037,7.958715596330275,BINANCE
2025-09-01 07:34:23.442,108913.25,0.002,7.958715596330275,BINANCE
2025-09-01 07:34:23.452,108913.26,5e-05,7.957798165138095,BINANCE
2025-09-01 07:34:23.452,108913.27,0.04218,7.956880733944581,BINANCE
2025-09-01 07:34:23.452,108913.27,5e-05,7.956880733944581,BINANCE
2025-09-01 07:34:23.462,108913.28,5e-05,7.955963302752401,BINANCE
2025-09-01 07:34:23.462,108913.97,5e-05,7.892660550458609,BINANCE
2025-09-01 07:34:23.462,108913.68,6e-05,7.919266055046513,BINANCE
2025-09-01 07:34:23.462,108913.76,5e-05,7.911926605505068,BINANCE
2025-09-01 07:34:23.462,108913.98,0.06268,7.891743119266429,BINANCE
2025-09-01 07:34:23.462,108913.64,0.00013,7.922935779816567,BINANCE
2025-09-01 07:34:23.462,108913.27,5e-05,7.956880733944581,BINANCE
2025-09-01 07:34:23.491,108913.97,0.002,7.892660550458609,BINANCE
2025-09-01 07:34:23.626,108913.98,0.04591,7.891743119266429,BINANCE
2025-09-01 07:34:23.626,108913.98,0.01319,7.891743119266429,BINANCE
2025-09-01 07:34:23.626,108913.98,5e-05,7.891743119266429,BINANCE
2025-09-01 07:34:23.633,108913.98,0.00749,7.891743119266429,BINANCE
2025-09-01 07:34:23.636,108913.98,0.01805,7.891743119266429,BINANCE
2025-09-01 07:34:23.649,108913.97,0.00731,7.892660550458609,BINANCE
2025-09-01 07:34:23.685,108913.97,0.00022,7.892660550458609,BINANCE
2025-09-01 07:34:23.705,108913.98,0.012,7.891743119266429,BINANCE
2025-09-01 07:34:23.706,108913.98,0.012,7.891743119266429,BINANCE
2025-09-01 07:34:23.706,108913.98,0.018,7.891743119266429,BINANCE
2025-09-01 07:34:23.706,108913.98,0.009,7.891743119266429,BINANCE
2025-09-01 07:34:23.706,108913.98,0.008,7.891743119266429,BINANCE
2025-09-01 07:34:23.707,108913.98,0.009,7.891743119266429,BINANCE
2025-09-01 07:34:23.707,108913.98,0.012,7.891743119266429,BINANCE
2025-09-01 07:34:23.708,108913.98,0.009,7.891743119266429,BINANCE
2025-09-01 07:34:23.716,108913.98,0.02208,7.891743119266429,BINANCE
2025-09-01 07:34:23.716,108913.98,5e-05,7.891743119266429,BINANCE
2025-09-01 07:34:23.716,108913.98,0.05657,7.891743119266429,BINANCE
2025-09-01 07:34:23.751,108913.99,5e-05,7.890825688072914,BINANCE
2025-09-01 07:34:23.751,108914.12,5e-05,7.878899082569235,BINANCE
2025-09-01 07:34:23.751,108913.99,0.002,7.890825688072914,BINANCE
2025-09-01 07:34:23.751,108914.0,5e-05,7.889908256880734,BINANCE
2025-09-01 07:34:23.760,108916.0,0.002,7.706422018348624,BINANCE
2025-09-01 07:34:23.760,108916.0,0.0004,7.706422018348624,BINANCE
2025-09-01 07:34:23.760,108916.0,0.00015,7.706422018348624,BINANCE
2025-09-01 07:34:23.760,108915.82,0.00011,7.722935779815873,BINANCE
2025-09-01 07:34:23.760,108915.57,0.0008,7.745871559632387,BINANCE
2025-09-01 07:34:23.760,108915.57,0.00036,7.745871559632387,BINANCE
2025-09-01 07:34:23.760,108915.57,5e-05,7.745871559632387,BINANCE
2025-09-01 07:34:23.760,108915.48,0.00477,7.754128440367347,BINANCE
2025-09-01 07:34:23.760,108916.02,0.00025,7.704587155962929,BINANCE
2025-09-01 07:34:23.760,108916.02,0.00018,7.704587155962929,BINANCE
2025-09-01 07:34:23.760,108916.84,5e-05,7.629357798165458,BINANCE
2025-09-01 07:34:23.760,108916.11,5e-05,7.696330275229305,BINANCE
2025-09-01 07:34:23.760,108916.45,0.00014,7.665137614679167,BINANCE
2025-09-01 07:34:23.760,108916.62,0.00017,7.649541284404097,BINANCE
2025-09-01 07:34:23.760,108916.66,8e-05,7.645871559632707,BINANCE
2025-09-01 07:34:23.760,108915.46,0.00104,7.755963302751707,BINANCE
2025-09-01 07:34:23.760,108917.05,8e-05,7.610091743118999,BINANCE
2025-09-01 07:34:23.760,108917.18,5e-05,7.59816513761532,BINANCE
2025-09-01 07:34:23.760,108917.2,5e-05,7.596330275229624,BINANCE
2025-09-01 07:34:23.760,108917.21,0.00199,7.59541284403611,BINANCE
2025-09-01 07:34:23.760,108915.11,5e-05,7.78807339449536,BINANCE
2025-09-01 07:34:23.760,108915.0,0.00011,7.798165137614679,BINANCE
2025-09-01 07:34:23.760,108915.11,0.00012,7.78807339449536,BINANCE
2025-09-01 07:34:23.760,108914.28,6e-05,7.864220183486345,BINANCE
2025-09-01 07:34:23.760,108914.28,9e-05,7.864220183486345,BINANCE
2025-09-01 07:34:23.760,108914.28,5e-05,7.864220183486345,BINANCE
2025-09-01 07:34:23.760,108914.29,5e-05,7.863302752294166,BINANCE
2025-09-01 07:34:23.760,108915.0,5e-05,7.798165137614679,BINANCE
2025-09-01 07:34:23.761,108917.21,0.02,7.59541284403611,BINANCE
2025-09-01 07:34:23.761,108917.21,0.015,7.59541284403611,BINANCE
2025-09-01 07:34:23.762,108917.21,0.017,7.59541284403611,BINANCE
2025-09-01 07:34:23.762,108917.21,0.02,7.59541284403611,BINANCE
2025-09-01 07:34:23.765,108917.21,0.016,7.59541284403611,BINANCE
2025-09-01 07:34:23.820,108917.2,9e-05,7.596330275229624,BINANCE
2025-09-01 07:34:23.865,108917.2,0.0001,7.596330275229624,BINANCE
2025-09-01 07:34:24.034,108917.21,5e-05,7.59541284403611,BINANCE
2025-09-01 07:34:24.034,108917.21,0.00239,7.59541284403611,BINANCE
2025-09-01 07:34:24.036,108917.22,5e-05,7.59449541284393,BINANCE
2025-09-01 07:34:24.036,108917.27,7e-05,7.58990825688036,BINANCE
2025-09-01 07:34:24.038,108918.04,5e-05,7.519266055046459,BINANCE
2025-09-01 07:34:24.038,108918.43,5e-05,7.483486238532751,BINANCE
2025-09-01 07:34:24.038,108918.05,0.0062,7.518348623852944,BINANCE
2025-09-01 07:34:24.038,108917.85,8e-05,7.536697247705888,BINANCE
2025-09-01 07:34:24.038,108917.77,0.00023,7.544036697247333,BINANCE
2025-09-01 07:34:24.038,108917.68,5e-05,7.552293577982293,BINANCE
2025-09-01 07:34:24.038,108917.67,5e-05,7.553211009174472,BINANCE
2025-09-01 07:34:24.038,108917.67,0.00133,7.553211009174472,BINANCE
2025-09-01 07:34:24.038,108917.76,5e-05,7.544954128440848,BINANCE
2025-09-01 07:34:24.042,108918.53,0.00012,7.474311926605611,BINANCE
2025-09-01 07:34:24.042,108918.53,5e-05,7.474311926605611,BINANCE
2025-09-01 07:34:24.042,108918.53,1e-05,7.474311926605611,BINANCE
2025-09-01 07:34:24.043,108920.0,0.0004,7.339449541284404,BINANCE
2025-09-01 07:34:24.043,108920.97,5e-05,7.250458715596223,BINANCE
2025-09-01 07:34:24.043,108920.72,0.0001,7.273394495412737,BINANCE
2025-09-01 07:34:24.043,108920.65,0.00037,7.279816513762002,BINANCE
2025-09-01 07:34:24.043,108920.0,0.01249,7.339449541284404,BINANCE
2025-09-01 07:34:24.043,108920.32,6e-05,7.310091743118625,BINANCE
2025-09-01 07:34:24.043,108920.29,7e-05,7.312844036697835,BINANCE
2025-09-01 07:34:24.043,108920.0,0.00587,7.339449541284404,BINANCE
2025-09-01 07:34:24.043,108921.25,0.00017,7.224770642201834,BINANCE
2025-09-01 07:34:24.043,108920.0,0.002,7.339449541284404,BINANCE
2025-09-01 07:34:24.043,108920.64,5e-05,7.280733944954182,BINANCE
2025-09-01 07:34:24.043,108921.28,0.0001,7.22201834862396,BINANCE
2025-09-01 07:34:24.043,108922.66,0.00152,7.095412844036376,BINANCE
2025-09-01 07:34:24.043,108921.94,7e-05,7.161467889908043,BINANCE
2025-09-01 07:34:24.043,108922.02,9e-05,7.154128440366599,BINANCE
2025-09-01 07:34:24.043,108922.15,5e-05,7.142201834862919,BINANCE
2025-09-01 07:34:24.043,108922.71,0.0002,7.090825688072806,BINANCE
2025-09-01 07:34:24.043,108922.94,5e-05,7.069724770641988,BINANCE
2025-09-01 07:34:24.043,108922.95,5e-05,7.068807339449808,BINANCE
2025-09-01 07:34:24.043,108922.96,0.01064,7.067889908256293,BINANCE
2025-09-01 07:34:24.043,108921.56,0.00019,7.196330275229571,BINANCE
2025-09-01 07:34:24.043,108920.0,0.00015,7.339449541284404,BINANCE
2025-09-01 07:34:24.043,108920.0,0.00029,7.339449541284404,BINANCE
2025-09-01 07:34:24.043,108918.53,4e-05,7.474311926605611,BINANCE
2025-09-01 07:34:24.043,108918.53,5e-05,7.474311926605611,BINANCE
2025-09-01 07:34:24.043,108918.54,5e-05,7.473394495413431,BINANCE
2025-09-01 07:34:24.043,108918.66,9e-05,7.462385321100597,BINANCE
2025-09-01 07:34:24.043,108918.91,6e-05,7.439449541284083,BINANCE
2025-09-01 07:34:24.043,108918.79,0.0002,7.450458715596918,BINANCE
2025-09-01 07:34:24.043,108920.0,0.00012,7.339449541284404,BINANCE
2025-09-01 07:34:24.043,108920.0,5e-05,7.339449541284404,BINANCE
2025-09-01 07:34:24.043,108920.0,0.0001,7.339449541284404,BINANCE
2025-09-01 07:34:24.043,108919.99,5e-05,7.340366972476583,BINANCE
2025-09-01 07:34:24.043,108920.0,0.00047,7.339449541284404,BINANCE
2025-09-01 07:34:24.043,108919.99,0.0001,7.340366972476583,BINANCE
2025-09-01 07:34:24.043,108919.53,5e-05,7.382568807339557,BINANCE
2025-09-01 07:34:24.043,108920.0,6e-05,7.339449541284404,BINANCE
2025-09-01 07:34:24.043,108919.28,0.00023,7.40550458715607,BINANCE
2025-09-01 07:34:24.044,108922.96,0.01733,7.067889908256293,BINANCE
2025-09-01 07:34:24.044,108922.96,0.02,7.067889908256293,BINANCE
2025-09-01 07:34:24.045,108924.15,0.00215,6.958715596330809,BINANCE
2025-09-01 07:34:24.045,108924.71,5e-05,6.907339449540697,BINANCE
2025-09-01 07:34:24.045,108924.24,0.00964,6.9504587155958495,BINANCE
2025-09-01 07:34:24.045,108924.27,0.00074,6.9477064220179745,BINANCE
2025-09-01 07:34:24.045,108924.27,0.00045,6.9477064220179745,BINANCE
2025-09-01 07:34:24.045,108924.27,0.00029,6.9477064220179745,BINANCE
2025-09-01 07:34:24.045,108924.67,9e-05,6.9110091743120865,BINANCE
2025-09-01 07:34:24.045,108925.04,5e-05,6.8770642201840735,BINANCE
2025-09-01 07:34:24.045,108924.85,8e-05,6.894495412843503,BINANCE
2025-09-01 07:34:24.045,108924.88,0.00188,6.8917431192656275,BINANCE
2025-09-01 07:34:24.045,108924.94,5e-05,6.8862385321098785,BINANCE
2025-09-01 07:34:24.045,108925.01,5e-05,6.879816513761949,BINANCE
2025-09-01 07:34:24.045,108924.1,6e-05,6.963302752293044,BINANCE
2025-09-01 07:34:24.045,108925.05,0.01526,6.876146788990559,BINANCE
2025-09-01 07:34:24.045,108924.06,0.00014,6.9669724770644335,BINANCE
2025-09-01 07:34:24.045,108924.0,0.0004,6.972477064220183,BINANCE
2025-09-01 07:34:24.045,108924.0,0.002,6.972477064220183,BINANCE
2025-09-01 07:34:24.045,108924.05,6e-05,6.9678899082566135,BINANCE
2025-09-01 07:34:24.045,108922.96,0.00026,7.067889908256293,BINANCE
2025-09-01 07:34:24.045,108922.96,5e-05,7.067889908256293,BINANCE
2025-09-01 07:34:24.045,108922.96,0.00013,7.067889908256293,BINANCE
2025-09-01 07:34:24.045,108923.07,5e-05,7.0577981651369734,BINANCE
2025-09-01 07:34:24.045,108923.07,0.00081,7.0577981651369734,BINANCE
2025-09-01 07:34:24.045,108923.07,0.00077,7.0577981651369734,BINANCE
2025-09-01 07:34:24.045,108923.07,0.00069,7.0577981651369734,BINANCE
2025-09-01 07:34:24.045,108922.97,7e-05,7.066972477064113,BINANCE
2025-09-01 07:34:24.045,108923.62,5e-05,7.007339449541711,BINANCE
2025-09-01 07:34:24.045,108924.0,0.00015,6.972477064220183,BINANCE
2025-09-01 07:34:24.045,108923.72,0.00041,6.998165137614572,BINANCE
2025-09-01 07:34:24.045,108923.99,0.00014,6.9733944954123634,BINANCE
2025-09-01 07:34:24.045,108923.34,0.00028,7.0330275229361,BINANCE
2025-09-01 07:34:24.046,108925.05,0.016,6.876146788990559,BINANCE
2025-09-01 07:34:24.046,108925.05,0.02,6.876146788990559,BINANCE
2025-09-01 07:34:24.048,108925.4,5e-05,6.8440366972482405,BINANCE
2025-09-01 07:34:24.048,108925.06,5e-05,6.8752293577983785,BINANCE
2025-09-01 07:34:24.048,108925.26,5e-05,6.8568807339454345,BINANCE
2025-09-01 07:34:24.048,108925.7,0.00016,6.816513761468157,BINANCE
2025-09-01 07:34:24.048,108925.05,5e-05,6.876146788990559,BINANCE
2025-09-01 07:34:24.051,108925.06,5e-05,6.8752293577983785,BINANCE
2025-09-01 07:34:24.051,108925.7,7e-05,6.816513761468157,BINANCE
2025-09-01 07:34:24.051,108925.7,0.00011,6.816513761468157,BINANCE
2025-09-01 07:34:24.051,108925.05,5e-05,6.876146788990559,BINANCE
2025-09-01 07:34:24.072,108925.7,0.007,6.816513761468157,BINANCE
2025-09-01 07:34:24.119,108925.7,0.00278,6.816513761468157,BINANCE
2025-09-01 07:34:24.132,108925.69,9e-05,6.817431192660337,BINANCE
2025-09-01 07:34:24.150,108925.71,5e-05,6.815596330274642,BINANCE
2025-09-01 07:34:24.150,108925.9,7e-05,6.798165137615213,BINANCE
2025-09-01 07:34:24.150,108925.71,8e-05,6.815596330274642,BINANCE
2025-09-01 07:34:24.150,108925.7,5e-05,6.816513761468157,BINANCE
2025-09-01 07:34:24.150,108925.7,0.00142,6.816513761468157,BINANCE
2025-09-01 07:34:24.150,108925.7,0.00013,6.816513761468157,BINANCE
2025-09-01 07:34:24.157,108926.27,5e-05,6.7642201834858655,BINANCE
2025-09-01 07:34:24.157,108926.28,0.012,6.763302752293685,BINANCE
2025-09-01 07:34:24.157,108926.28,0.01148,6.763302752293685,BINANCE
2025-09-01 07:34:24.157,108925.91,0.0001,6.797247706421698,BINANCE
2025-09-01 07:34:24.157,108926.23,7e-05,6.7678899082572554,BINANCE
2025-09-01 07:34:24.157,108925.92,0.00015,6.7963302752295185,BINANCE
2025-09-01 07:34:24.158,108927.32,0.012,6.66788990825624,BINANCE
2025-09-01 07:34:24.158,108927.32,0.00867,6.66788990825624,BINANCE
2025-09-01 07:34:24.158,108927.31,5e-05,6.668807339449755,BINANCE
2025-09-01 07:34:24.158,108927.21,6e-05,6.677981651375559,BINANCE
2025-09-01 07:34:24.158,108926.73,6e-05,6.722018348624227,BINANCE
2025-09-01 07:34:24.158,108926.47,7e-05,6.7458715596329215,BINANCE
2025-09-01 07:34:24.158,108926.28,0.00299,6.763302752293685,BINANCE
2025-09-01 07:34:24.159,108927.5,0.00176,6.651376146788991,BINANCE
2025-09-01 07:34:24.159,108927.49,5e-05,6.652293577981172,BINANCE
2025-09-01 07:34:24.159,108927.32,0.01009,6.66788990825624,BINANCE
2025-09-01 07:34:24.159,108927.32,0.0091,6.66788990825624,BINANCE
2025-09-01 07:34:24.160,108927.5,0.012,6.651376146788991,BINANCE
2025-09-01 07:34:24.160,108927.5,0.008,6.651376146788991,BINANCE
2025-09-01 07:34:24.162,108927.5,0.012,6.651376146788991,BINANCE
2025-09-01 07:34:24.217,108927.5,0.00015,6.651376146788991,BINANCE
2025-09-01 07:34:24.218,108927.5,0.00031,6.651376146788991,BINANCE
2025-09-01 07:34:24.221,108927.5,0.09623,6.651376146788991,BINANCE
2025-09-01 07:34:24.225,108927.5,0.012,6.651376146788991,BINANCE
2025-09-01 07:34:24.235,108927.5,0.0739,6.651376146788991,BINANCE
2025-09-01 07:34:24.235,108927.5,0.0171,6.651376146788991,BINANCE
2025-09-01 07:34:24.287,108927.5,6e-05,6.651376146788991,BINANCE
2025-09-01 07:34:24.361,108927.5,0.0327,6.651376146788991,BINANCE
2025-09-01 07:34:24.367,108927.5,0.0048,6.651376146788991,BINANCE
2025-09-01 07:34:24.367,108927.5,0.0024,6.651376146788991,BINANCE
2025-09-01 07:34:24.420,108927.5,0.0012,6.651376146788991,BINANCE
2025-09-01 07:34:24.421,108927.5,0.0012,6.651376146788991,BINANCE
2025-09-01 07:34:24.465,108927.5,0.0008,6.651376146788991,BINANCE
2025-09-01 07:34:24.470,108927.5,0.012,6.651376146788991,BINANCE
2025-09-01 07:34:24.471,108927.5,0.012,6.651376146788991,BINANCE
2025-09-01 07:34:24.472,108927.5,0.008,6.651376146788991,BINANCE
2025-09-01 07:34:24.472,108927.5,0.012,6.651376146788991,BINANCE
2025-09-01 07:34:24.473,108927.5,0.012,6.651376146788991,BINANCE
2025-09-01 07:34:24.474,108927.51,5e-05,6.650458715596811,BINANCE
2025-09-01 07:34:24.474,108927.64,5e-05,6.638532110091797,BINANCE
2025-09-01 07:34:24.474,108927.5,5e-05,6.651376146788991,BINANCE
2025-09-01 07:34:24.474,108927.5,0.04231,6.651376146788991,BINANCE
2025-09-01 07:34:24.474,108927.5,0.03255,6.651376146788991,BINANCE
2025-09-01 07:34:24.474,108927.5,0.03835,6.651376146788991,BINANCE
2025-09-01 07:34:24.474,108927.5,0.00755,6.651376146788991,BINANCE
2025-09-01 07:34:24.475,108927.84,5e-05,6.620183486238853,BINANCE
2025-09-01 07:34:24.477,108933.33,6e-05,6.11651376146773,BINANCE
2025-09-01 07:34:24.477,108933.33,5e-05,6.11651376146773,BINANCE
2025-09-01 07:34:24.477,108933.33,0.00018,6.11651376146773,BINANCE
2025-09-01 07:34:24.477,108934.0,0.00013,6.055045871559632,BINANCE
2025-09-01 07:34:24.477,108933.55,0.00017,6.096330275229091,BINANCE
2025-09-01 07:34:24.477,108933.33,7e-05,6.11651376146773,BINANCE
2025-09-01 07:34:24.477,108933.55,0.00134,6.096330275229091,BINANCE
2025-09-01 07:34:24.477,108933.33,0.00061,6.11651376146773,BINANCE
2025-09-01 07:34:24.477,108932.0,0.00015,6.238532110091743,BINANCE
2025-09-01 07:34:24.477,108933.14,6e-05,6.133944954128494,BINANCE
2025-09-01 07:34:24.477,108933.02,0.00021,6.144954128439993,BINANCE
2025-09-01 07:34:24.477,108932.93,0.00096,6.153211009174952,BINANCE
2025-09-01 07:34:24.477,108932.52,7e-05,6.190825688073021,BINANCE
2025-09-01 07:34:24.477,108932.0,0.002,6.238532110091743,BINANCE
2025-09-01 07:34:24.477,108932.0,0.0004,6.238532110091743,BINANCE
2025-09-01 07:34:24.477,108934.05,5e-05,6.050458715596063,BINANCE
2025-09-01 07:34:24.477,108931.62,8e-05,6.273394495413271,BINANCE
2025-09-01 07:34:24.477,108934.36,7e-05,6.0220183486238,BINANCE
2025-09-01 07:34:24.477,108927.86,5e-05,6.618348623853158,BINANCE
2025-09-01 07:34:24.477,108936.0,0.00011,5.871559633027522,BINANCE
2025-09-01 07:34:24.477,108936.0,0.0004,5.871559633027522,BINANCE
2025-09-01 07:34:24.477,108936.0,0.00015,5.871559633027522,BINANCE
2025-09-01 07:34:24.477,108935.98,0.00101,5.873394495413218,BINANCE
2025-09-01 07:34:24.477,108935.98,7e-05,5.873394495413218,BINANCE
2025-09-01 07:34:24.477,108934.3,5e-05,6.027522935779549,BINANCE
2025-09-01 07:34:24.477,108935.92,6e-05,5.878899082568967,BINANCE
2025-09-01 07:34:24.477,108935.71,0.00023,5.898165137614091,BINANCE
2025-09-01 07:34:24.477,108935.6,0.00031,5.90825688073341,BINANCE
2025-09-01 07:34:24.477,108935.59,0.0001,5.909174311926926,BINANCE
2025-09-01 07:34:24.477,108935.58,8e-05,5.910091743119106,BINANCE
2025-09-01 07:34:24.477,108935.36,7e-05,5.930275229357745,BINANCE
2025-09-01 07:34:24.477,108935.0,8e-05,5.963302752293578,BINANCE
2025-09-01 07:34:24.477,108934.87,0.001,5.975229357798593,BINANCE
2025-09-01 07:34:24.477,108935.76,5e-05,5.893577981651856,BINANCE
2025-09-01 07:34:24.477,108931.41,5e-05,6.292660550458395,BINANCE
2025-09-01 07:34:24.477,108931.16,9e-05,6.315596330274908,BINANCE
2025-09-01 07:34:24.477,108928.28,7e-05,6.579816513761576,BINANCE
2025-09-01 07:34:24.477,108928.21,5e-05,6.586238532109505,BINANCE
2025-09-01 07:34:24.477,108928.05,5e-05,6.600917431192394,BINANCE
2025-09-01 07:34:24.477,108928.05,0.0001,6.600917431192394,BINANCE
2025-09-01 07:34:24.477,108928.0,5e-05,6.605504587155963,BINANCE
2025-09-01 07:34:24.477,108928.0,0.002,6.605504587155963,BINANCE
2025-09-01 07:34:24.477,108928.0,0.0004,6.605504587155963,BINANCE
2025-09-01 07:34:24.477,108928.28,5e-05,6.579816513761576,BINANCE
2025-09-01 07:34:24.477,108928.0,0.00015,6.605504587155963,BINANCE
2025-09-01 07:34:24.477,108927.87,5e-05,6.617431192660978,BINANCE
2025-09-01 07:34:24.477,108927.86,9e-05,6.618348623853158,BINANCE
2025-09-01 07:34:24.477,108928.57,0.00014,6.553211009173671,BINANCE
2025-09-01 07:34:24.477,108928.21,0.00408,6.586238532109505,BINANCE
2025-09-01 07:34:24.477,108928.57,5e-05,6.553211009173671,BINANCE
2025-09-01 07:34:24.477,108931.05,8e-05,6.325688073394229,BINANCE
2025-09-01 07:34:24.477,108930.89,5e-05,6.340366972477118,BINANCE
2025-09-01 07:34:24.477,108930.35,5e-05,6.3899082568802,BINANCE
2025-09-01 07:34:24.477,108930.15,7e-05,6.408256880734479,BINANCE
2025-09-01 07:34:24.477,108930.14,0.0014,6.409174311926659,BINANCE
2025-09-01 07:34:24.477,108930.57,0.001,6.369724770641561,BINANCE
2025-09-01 07:34:24.477,108929.83,6e-05,6.437614678898923,BINANCE
2025-09-01 07:34:24.477,108929.78,6e-05,6.442201834862493,BINANCE
2025-09-01 07:34:24.477,108929.45,5e-05,6.472477064220451,BINANCE
2025-09-01 07:34:24.477,108929.17,7e-05,6.498165137614839,BINANCE
2025-09-01 07:34:24.477,108929.17,0.00054,6.498165137614839,BINANCE
2025-09-01 07:34:24.477,108928.59,7e-05,6.551376146789311,BINANCE
2025-09-01 07:34:24.477,108930.05,5e-05,6.417431192660283,BINANCE
2025-09-01 07:34:24.478,108929.78,5e-05,6.442201834862493,BINANCE
2025-09-01 07:34:24.478,108929.45,5e-05,6.472477064220451,BINANCE
2025-09-01 07:34:24.478,108929.17,5e-05,6.498165137614839,BINANCE
2025-09-01 07:34:24.478,108928.59,5e-05,6.551376146789311,BINANCE
2025-09-01 07:34:24.478,108927.86,5e-05,6.618348623853158,BINANCE
2025-09-01 07:34:24.478,108927.87,5e-05,6.617431192660978,BINANCE
2025-09-01 07:34:24.482,108935.97,0.00672,5.874311926605397,BINANCE
2025-09-01 07:34:24.482,108935.76,5e-05,5.893577981651856,BINANCE
2025-09-01 07:34:24.482,108933.55,0.00458,6.096330275229091,BINANCE
2025-09-01 07:34:24.482,108933.55,5e-05,6.096330275229091,BINANCE
2025-09-01 07:34:24.494,108933.54,0.00137,6.097247706422606,BINANCE
2025-09-01 07:34:24.532,108933.55,5e-05,6.096330275229091,BINANCE
2025-09-01 07:34:24.532,108933.55,3e-05,6.096330275229091,BINANCE
2025-09-01 07:34:24.584,108933.56,5e-05,6.09541284403691,BINANCE
2025-09-01 07:34:24.584,108935.76,5e-05,5.893577981651856,BINANCE
2025-09-01 07:34:24.584,108933.55,5e-05,6.096330275229091,BINANCE
2025-09-01 07:34:24.584,108933.55,2e-05,6.096330275229091,BINANCE
2025-09-01 07:34:24.802,108936.0,5e-05,5.871559633027522,BINANCE
2025-09-01 07:34:24.802,108936.0,0.00189,5.871559633027522,BINANCE
2025-09-01 07:34:24.802,108935.99,5e-05,5.872477064219702,BINANCE
2025-09-01 07:34:24.802,108935.99,0.0459,5.872477064219702,BINANCE
2025-09-01 07:34:24.802,108935.99,0.01176,5.872477064219702,BINANCE
2025-09-01 07:34:24.802,108935.99,8e-05,5.872477064219702,BINANCE
2025-09-01 07:34:24.806,108936.0,4e-05,5.871559633027522,BINANCE
2025-09-01 07:34:24.806,108936.0,1e-05,5.871559633027522,BINANCE
2025-09-01 07:34:24.806,108936.0,5e-05,5.871559633027522,BINANCE
2025-09-01 07:34:24.810,108936.01,5e-05,5.870642201835342,BINANCE
2025-09-01 07:34:24.812,108939.14,5e-05,5.5834862385321635,BINANCE
2025-09-01 07:34:24.812,108938.26,0.00014,5.6642201834867185,BINANCE
2025-09-01 07:34:24.812,108938.4,6e-05,5.6513761467895245,BINANCE
2025-09-01 07:34:24.812,108938.05,0.00027,5.6834862385318425,BINANCE
2025-09-01 07:34:24.812,108938.69,0.0001,5.624770642201621,BINANCE
2025-09-01 07:34:24.812,108937.98,0.00016,5.6899082568811075,BINANCE
2025-09-01 07:34:24.812,108938.1,5e-05,5.678899082568273,BINANCE
2025-09-01 07:34:24.812,108937.58,0.00036,5.7266055045869955,BINANCE
2025-09-01 07:34:24.812,108937.45,7e-05,5.73853211009201,BINANCE
2025-09-01 07:34:24.812,108936.27,5e-05,5.846788990825314,BINANCE
2025-09-01 07:34:24.812,108936.0,5e-05,5.871559633027522,BINANCE
2025-09-01 07:34:24.812,108937.76,6e-05,5.710091743119747,BINANCE
2025-09-01 07:34:24.820,108939.16,0.0028,5.581651376146469,BINANCE
2025-09-01 07:34:24.820,108939.15,5e-05,5.5825688073399835,BINANCE
2025-09-01 07:34:24.820,108939.14,0.00093,5.5834862385321635,BINANCE
2025-09-01 07:34:24.824,108939.16,0.0177,5.581651376146469,BINANCE
2025-09-01 07:34:24.824,108939.16,0.00022,5.581651376146469,BINANCE
2025-09-01 07:34:24.825,108939.16,0.0044,5.581651376146469,BINANCE
2025-09-01 07:34:24.826,108939.16,0.02,5.581651376146469,BINANCE
2025-09-01 07:34:24.832,108939.17,5e-05,5.580733944954289,BINANCE
2025-09-01 07:34:24.832,108939.16,5e-05,5.581651376146469,BINANCE
2025-09-01 07:34:24.832,108939.22,5e-05,5.576146788990719,BINANCE
2025-09-01 07:34:24.832,108939.22,0.0051,5.576146788990719,BINANCE
2025-09-01 07:34:24.832,108939.16,0.01749,5.581651376146469,BINANCE
2025-09-01 07:34:24.833,108940.0,0.00015,5.5045871559633035,BINANCE
2025-09-01 07:34:24.833,108940.07,0.00059,5.498165137614039,BINANCE
2025-09-01 07:34:24.833,108940.02,7e-05,5.502752293577608,BINANCE
2025-09-01 07:34:24.833,108940.0,5e-05,5.5045871559633035,BINANCE
2025-09-01 07:34:24.833,108940.0,0.01836,5.5045871559633035,BINANCE
2025-09-01 07:34:24.833,108940.0,0.002,5.5045871559633035,BINANCE
2025-09-01 07:34:24.833,108940.0,0.0004,5.5045871559633035,BINANCE
2025-09-01 07:34:24.833,108939.99,5e-05,5.5055045871554835,BINANCE
2025-09-01 07:34:24.833,108940.0,0.00017,5.5045871559633035,BINANCE
2025-09-01 07:34:24.833,108939.31,5e-05,5.5678899082570945,BINANCE
2025-09-01 07:34:24.833,108939.31,8e-05,5.5678899082570945,BINANCE
2025-09-01 07:34:24.834,108940.45,8e-05,5.463302752293845,BINANCE
2025-09-01 07:34:24.834,108940.43,5e-05,5.46513761467954,BINANCE
2025-09-01 07:34:24.838,108939.99,0.01152,5.5055045871554835,BINANCE
2025-09-01 07:34:24.840,108940.46,5e-05,5.46238532110033,BINANCE
2025-09-01 07:34:24.840,108940.78,0.00131,5.433027522935887,BINANCE
2025-09-01 07:34:24.840,108940.79,5e-05,5.432110091743706,BINANCE
2025-09-01 07:34:24.840,108941.17,0.00018,5.397247706422179,BINANCE
2025-09-01 07:34:24.840,108941.17,5e-05,5.397247706422179,BINANCE
2025-09-01 07:34:24.840,108941.17,0.00025,5.397247706422179,BINANCE
2025-09-01 07:34:24.840,108941.17,9e-05,5.397247706422179,BINANCE
2025-09-01 07:34:24.840,108941.23,0.00015,5.391743119266429,BINANCE
2025-09-01 07:34:24.840,108940.86,5e-05,5.425688073394442,BINANCE
2025-09-01 07:34:24.840,108940.45,5e-05,5.463302752293845,BINANCE
2025-09-01 07:34:24.840,108940.43,5e-05,5.46513761467954,BINANCE
2025-09-01 07:34:24.840,108940.44,5e-05,5.464220183486025,BINANCE
2025-09-01 07:34:24.844,108940.79,5e-05,5.432110091743706,BINANCE
2025-09-01 07:34:24.844,108940.78,5e-05,5.433027522935887,BINANCE
2025-09-01 07:34:24.845,108941.85,6e-05,5.334862385320567,BINANCE
2025-09-01 07:34:24.845,108941.83,0.00034,5.336697247706262,BINANCE
2025-09-01 07:34:24.845,108941.81,0.00206,5.338532110091958,BINANCE
2025-09-01 07:34:24.845,108941.6,6e-05,5.357798165137081,BINANCE
2025-09-01 07:34:24.845,108941.49,0.00151,5.367889908256401,BINANCE
2025-09-01 07:34:24.845,108941.31,0.0006,5.384403669724985,BINANCE
2025-09-01 07:34:24.845,108941.23,0.00243,5.391743119266429,BINANCE
2025-09-01 07:34:24.846,108941.24,5e-05,5.390825688072914,BINANCE
2025-09-01 07:34:24.846,108941.23,5e-05,5.391743119266429,BINANCE
2025-09-01 07:34:24.846,108941.17,5e-05,5.397247706422179,BINANCE
2025-09-01 07:34:24.859,108942.0,4e-05,5.321100917431193,BINANCE
2025-09-01 07:34:24.859,108942.0,5e-05,5.321100917431193,BINANCE
2025-09-01 07:34:24.859,108942.0,6e-05,5.321100917431193,BINANCE
2025-09-01 07:34:24.859,108942.0,0.00017,5.321100917431193,BINANCE
2025-09-01 07:34:24.860,108942.0,1e-05,5.321100917431193,BINANCE
2025-09-01 07:34:24.865,108942.85,0.00242,5.243119266054512,BINANCE
2025-09-01 07:34:24.865,108942.85,7e-05,5.243119266054512,BINANCE
2025-09-01 07:34:24.865,108942.85,5e-05,5.243119266054512,BINANCE
2025-09-01 07:34:24.865,108942.89,0.00379,5.239449541284457,BINANCE
2025-09-01 07:34:24.865,108943.82,0.0001,5.154128440366332,BINANCE
2025-09-01 07:34:24.865,108943.45,0.0005,5.18807339449568,BINANCE
2025-09-01 07:34:24.865,108943.45,7e-05,5.18807339449568,BINANCE
2025-09-01 07:34:24.865,108943.75,0.0001,5.160550458715597,BINANCE
2025-09-01 07:34:24.865,108943.75,6e-05,5.160550458715597,BINANCE
2025-09-01 07:34:24.865,108942.61,5e-05,5.265137614678846,BINANCE
2025-09-01 07:34:24.865,108943.16,0.00018,5.214678899082249,BINANCE
2025-09-01 07:34:24.865,108942.01,5e-05,5.320183486239012,BINANCE
2025-09-01 07:34:24.865,108942.3,5e-05,5.293577981651109,BINANCE
2025-09-01 07:34:24.865,108942.61,0.00029,5.265137614678846,BINANCE
2025-09-01 07:34:24.865,108942.02,5e-05,5.319266055045498,BINANCE
2025-09-01 07:34:24.865,108942.3,8e-05,5.293577981651109,BINANCE
2025-09-01 07:34:24.890,108943.99,9e-05,5.138532110091263,BINANCE
2025-09-01 07:34:24.916,108944.32,0.00014,5.108256880733304,BINANCE
2025-09-01 07:34:24.916,108944.01,5e-05,5.136697247706903,BINANCE
2025-09-01 07:34:24.916,108944.31,5e-05,5.109174311926819,BINANCE
2025-09-01 07:34:24.916,108944.32,5e-05,5.108256880733304,BINANCE
2025-09-01 07:34:24.916,108944.4,5e-05,5.100917431193195,BINANCE
2025-09-01 07:34:24.916,108944.47,5e-05,5.09449541284393,BINANCE
2025-09-01 07:34:24.916,108944.38,5e-05,5.102752293577555,BINANCE
2025-09-01 07:34:24.916,108944.4,7e-05,5.100917431193195,BINANCE
2025-09-01 07:34:24.916,108944.32,4e-05,5.108256880733304,BINANCE
2025-09-01 07:34:24.916,108944.32,1e-05,5.108256880733304,BINANCE
2025-09-01 07:34:24.916,108944.0,0.0004,5.137614678899083,BINANCE
2025-09-01 07:34:24.916,108944.0,0.00015,5.137614678899083,BINANCE
2025-09-01 07:34:24.916,108944.0,0.002,5.137614678899083,BINANCE
2025-09-01 07:34:24.916,108944.0,5e-05,5.137614678899083,BINANCE
2025-09-01 07:34:24.916,108944.0,6e-05,5.137614678899083,BINANCE
2025-09-01 07:34:24.916,108944.0,0.00176,5.137614678899083,BINANCE
2025-09-01 07:34:24.919,108944.53,5e-05,5.088990825688181,BINANCE
2025-09-01 07:34:24.942,108944.54,8e-05,5.088073394496001,BINANCE
2025-09-01 07:34:24.942,108944.54,0.04827,5.088073394496001,BINANCE
2025-09-01 07:34:24.942,108944.54,0.00014,5.088073394496001,BINANCE
2025-09-01 07:34:24.942,108944.54,0.00011,5.088073394496001,BINANCE
2025-09-01 07:34:24.942,108944.54,7e-05,5.088073394496001,BINANCE
2025-09-01 07:34:24.942,108944.54,0.00028,5.088073394496001,BINANCE
2025-09-01 07:34:24.942,108944.54,0.0001,5.088073394496001,BINANCE
2025-09-01 07:34:24.946,108946.21,0.00046,4.934862385320513,BINANCE
2025-09-01 07:34:24.946,108946.04,5e-05,4.950458715596918,BINANCE
2025-09-01 07:34:24.946,108946.04,6e-05,4.950458715596918,BINANCE
2025-09-01 07:34:24.946,108945.94,5e-05,4.959633027522722,BINANCE
2025-09-01 07:34:24.946,108945.94,0.00112,4.959633027522722,BINANCE
2025-09-01 07:34:24.946,108945.94,0.00188,4.959633027522722,BINANCE
2025-09-01 07:34:24.946,108945.92,5e-05,4.961467889908417,BINANCE
2025-09-01 07:34:24.946,108946.42,0.00034,4.915596330275389,BINANCE
2025-09-01 07:34:24.946,108945.92,0.00051,4.961467889908417,BINANCE
2025-09-01 07:34:24.946,108945.91,5e-05,4.962385321100596,BINANCE
2025-09-01 07:34:24.946,108945.91,6e-05,4.962385321100596,BINANCE
2025-09-01 07:34:24.946,108945.91,0.00018,4.962385321100596,BINANCE
2025-09-01 07:34:24.946,108945.89,5e-05,4.964220183486292,BINANCE
2025-09-01 07:34:24.946,108946.58,5e-05,4.900917431192501,BINANCE
2025-09-01 07:34:24.946,108948.0,0.0046,4.770642201834862,BINANCE
2025-09-01 07:34:24.946,108947.15,5e-05,4.848623853211543,BINANCE
2025-09-01 07:34:24.946,108947.27,7e-05,4.837614678898709,BINANCE
2025-09-01 07:34:24.946,108947.36,0.00014,4.829357798165084,BINANCE
2025-09-01 07:34:24.946,108947.36,5e-05,4.829357798165084,BINANCE
2025-09-01 07:34:24.946,108947.36,0.0047,4.829357798165084,BINANCE
2025-09-01 07:34:24.946,108947.36,6e-05,4.829357798165084,BINANCE
2025-09-01 07:34:24.946,108947.36,8e-05,4.829357798165084,BINANCE
2025-09-01 07:34:24.946,108947.99,0.01216,4.771559633027042,BINANCE
2025-09-01 07:34:24.946,108945.89,7e-05,4.964220183486292,BINANCE
2025-09-01 07:34:24.946,108948.0,0.0004,4.770642201834862,BINANCE
2025-09-01 07:34:24.946,108948.0,0.00015,4.770642201834862,BINANCE
2025-09-01 07:34:24.946,108948.0,0.002,4.770642201834862,BINANCE
2025-09-01 07:34:24.946,108948.05,0.0011,4.766055045871292,BINANCE
2025-09-01 07:34:24.946,108947.0,0.00023,4.862385321100917,BINANCE
2025-09-01 07:34:24.946,108945.73,5e-05,4.978899082569181,BINANCE
2025-09-01 07:34:24.946,108947.99,0.00372,4.771559633027042,BINANCE
2025-09-01 07:34:24.946,108945.73,8e-05,4.978899082569181,BINANCE
2025-09-01 07:34:24.946,108945.73,7e-05,4.978899082569181,BINANCE
2025-09-01 07:34:24.946,108944.54,0.03246,5.088073394496001,BINANCE
2025-09-01 07:34:24.946,108944.54,0.01761,5.088073394496001,BINANCE
2025-09-01 07:34:24.946,108944.54,7e-05,5.088073394496001,BINANCE
2025-09-01 07:34:24.946,108944.54,5e-05,5.088073394496001,BINANCE
2025-09-01 07:34:24.946,108947.36,0.00011,4.829357798165084,BINANCE
2025-09-01 07:34:24.946,108945.44,0.00215,5.00550458715575,BINANCE
2025-09-01 07:34:24.946,108945.33,8e-05,5.015596330275069,BINANCE
2025-09-01 07:34:24.946,108944.65,5e-05,5.07798165137668,BINANCE
2025-09-01 07:34:24.946,108944.65,0.00175,5.07798165137668,BINANCE
2025-09-01 07:34:24.946,108944.55,5e-05,5.087155963302485,BINANCE
2025-09-01 07:34:24.946,108945.33,5e-05,5.015596330275069,BINANCE
2025-09-01 07:34:24.946,108945.44,5e-05,5.00550458715575,BINANCE
2025-09-01 07:34:24.947,108949.11,0.00015,4.668807339449488,BINANCE
2025-09-01 07:34:24.947,108948.93,0.0001,4.685321100918072,BINANCE
2025-09-01 07:34:24.947,108948.57,0.00198,4.71834862385257,BINANCE
2025-09-01 07:34:24.947,108948.48,0.00207,4.72660550458753,BINANCE
2025-09-01 07:34:24.956,108948.48,5e-05,4.72660550458753,BINANCE
2025-09-01 07:34:24.957,108948.49,5e-05,4.725688073394014,BINANCE
2025-09-01 07:34:24.957,108949.17,9e-05,4.663302752293738,BINANCE
2025-09-01 07:34:24.962,108949.17,0.0008,4.663302752293738,BINANCE
2025-09-01 07:34:24.975,108949.99,7e-05,4.588073394494932,BINANCE
2025-09-01 07:34:24.975,108949.65,0.0002,4.619266055046405,BINANCE
2025-09-01 07:34:24.975,108949.18,5e-05,4.662385321101558,BINANCE
2025-09-01 07:34:24.975,108949.17,5e-05,4.663302752293738,BINANCE
2025-09-01 07:34:24.975,108949.17,0.00442,4.663302752293738,BINANCE
2025-09-01 07:34:24.987,108950.0,5e-05,4.587155963302752,BINANCE
2025-09-01 07:34:24.987,108950.01,5e-05,4.586238532110572,BINANCE
2025-09-01 07:34:24.987,108950.01,1e-05,4.586238532110572,BINANCE
2025-09-01 07:34:24.987,108950.0,0.0005,4.587155963302752,BINANCE
2025-09-01 07:34:24.987,108950.0,0.00042,4.587155963302752,BINANCE
2025-09-01 07:34:25.005,108950.0,0.00115,4.587155963302752,BINANCE
2025-09-01 07:34:25.016,108950.01,5e-05,4.586238532110572,BINANCE
2025-09-01 07:34:25.016,108950.01,4e-05,4.586238532110572,BINANCE
2025-09-01 07:34:25.023,108950.64,0.00087,4.52844036697253,BINANCE
2025-09-01 07:34:25.023,108950.54,5e-05,4.53761467889967,BINANCE
2025-09-01 07:34:25.023,108950.52,6e-05,4.539449541284029,BINANCE
2025-09-01 07:34:25.023,108950.02,5e-05,4.585321100917057,BINANCE
2025-09-01 07:34:25.023,108950.55,5e-05,4.536697247706155,BINANCE
2025-09-01 07:34:25.023,108950.01,5e-05,4.586238532110572,BINANCE
2025-09-01 07:34:25.027,108950.54,5e-05,4.53761467889967,BINANCE
2025-09-01 07:34:25.027,108950.55,5e-05,4.536697247706155,BINANCE
2025-09-01 07:34:25.027,108950.64,0.00055,4.52844036697253,BINANCE
2025-09-01 07:34:25.027,108950.64,0.00011,4.52844036697253,BINANCE
2025-09-01 07:34:25.027,108950.64,5e-05,4.52844036697253,BINANCE
2025-09-01 07:34:25.027,108950.7,7e-05,4.52293577981678,BINANCE
2025-09-01 07:34:25.027,108951.58,5e-05,4.442201834862225,BINANCE
2025-09-01 07:34:25.027,108951.17,5e-05,4.479816513761628,BINANCE
2025-09-01 07:34:25.027,108951.58,0.00018,4.442201834862225,BINANCE
2025-09-01 07:34:25.027,108951.67,8e-05,4.4339449541286005,BINANCE
2025-09-01 07:34:25.027,108951.67,0.00707,4.4339449541286005,BINANCE
2025-09-01 07:34:25.027,108950.52,5e-05,4.539449541284029,BINANCE
2025-09-01 07:34:25.027,108950.7,5e-05,4.52293577981678,BINANCE
2025-09-01 07:34:25.027,108950.03,5e-05,4.584403669724877,BINANCE
2025-09-01 07:34:25.027,108950.01,5e-05,4.586238532110572,BINANCE
2025-09-01 07:34:25.027,108950.02,5e-05,4.585321100917057,BINANCE
2025-09-01 07:34:25.028,108951.67,0.00051,4.4339449541286005,BINANCE
2025-09-01 07:34:25.028,108951.67,5e-05,4.4339449541286005,BINANCE
2025-09-01 07:34:25.029,108952.0,0.002,4.4036697247706424,BINANCE
2025-09-01 07:34:25.029,108952.0,0.0004,4.4036697247706424,BINANCE
2025-09-01 07:34:25.029,108952.0,0.00015,4.4036697247706424,BINANCE
2025-09-01 07:34:25.029,108951.92,0.00016,4.4110091743120865,BINANCE
2025-09-01 07:34:25.029,108951.85,0.00042,4.4174311926600165,BINANCE
2025-09-01 07:34:25.029,108951.79,0.00116,4.422935779817101,BINANCE
2025-09-01 07:34:25.029,108951.99,5e-05,4.4045871559628225,BINANCE
2025-09-01 07:34:25.033,108952.78,6e-05,4.3321100917432265,BINANCE
2025-09-01 07:34:25.033,108953.06,7e-05,4.3064220183488375,BINANCE
2025-09-01 07:34:25.033,108953.15,0.00011,4.298165137615213,BINANCE
2025-09-01 07:34:25.033,108953.06,6e-05,4.3064220183488375,BINANCE
2025-09-01 07:34:25.033,108953.01,5e-05,4.3110091743124075,BINANCE
2025-09-01 07:34:25.033,108952.64,0.00073,4.3449541284404205,BINANCE
2025-09-01 07:34:25.033,108951.85,5e-05,4.4174311926600165,BINANCE
2025-09-01 07:34:25.033,108952.41,7e-05,4.3660550458712395,BINANCE
2025-09-01 07:34:25.033,108952.38,7e-05,4.3688073394491145,BINANCE
2025-09-01 07:34:25.033,108951.92,5e-05,4.4110091743120865,BINANCE
2025-09-01 07:34:25.033,108951.79,5e-05,4.422935779817101,BINANCE
2025-09-01 07:34:25.033,108952.54,6e-05,4.35412844036756,BINANCE
2025-09-01 07:34:25.040,108953.84,0.00013,4.234862385321421,BINANCE
2025-09-01 07:34:25.040,108953.87,0.00117,4.232110091743547,BINANCE
2025-09-01 07:34:25.040,108953.87,0.00027,4.232110091743547,BINANCE
2025-09-01 07:34:25.041,108953.87,0.00013,4.232110091743547,BINANCE
2025-09-01 07:34:25.041,108954.0,0.00057,4.220183486238533,BINANCE
2025-09-01 07:34:25.044,108954.0,0.00103,4.220183486238533,BINANCE
2025-09-01 07:34:25.044,108954.0,0.00071,4.220183486238533,BINANCE
2025-09-01 07:34:25.052,108954.0,0.00013,4.220183486238533,BINANCE
2025-09-01 07:34:25.128,108954.1,0.0001,4.211009174311393,BINANCE
2025-09-01 07:34:25.128,108954.01,5e-05,4.2192660550463525,BINANCE
2025-09-01 07:34:25.128,108954.1,0.00014,4.211009174311393,BINANCE
2025-09-01 07:34:25.128,108954.0,5e-05,4.220183486238533,BINANCE
2025-09-01 07:34:25.128,108954.0,0.00281,4.220183486238533,BINANCE
2025-09-01 07:34:25.128,108954.0,0.001,4.220183486238533,BINANCE
2025-09-01 07:34:25.128,108954.0,0.00683,4.220183486238533,BINANCE
2025-09-01 07:34:25.133,108953.99,0.00189,4.221100917430712,BINANCE
2025-09-01 07:34:25.136,108954.1,5e-05,4.211009174311393,BINANCE
2025-09-01 07:34:25.136,108954.01,5e-05,4.2192660550463525,BINANCE
2025-09-01 07:34:25.136,108954.0,5e-05,4.220183486238533,BINANCE
2025-09-01 07:34:25.143,108954.11,5e-05,4.210091743119213,BINANCE
2025-09-01 07:34:25.143,108955.17,0.00248,4.112844036697408,BINANCE
2025-09-01 07:34:25.143,108954.62,5e-05,4.163302752294006,BINANCE
2025-09-01 07:34:25.143,108954.62,7e-05,4.163302752294006,BINANCE
2025-09-01 07:34:25.143,108954.43,5e-05,4.180733944954769,BINANCE
2025-09-01 07:34:25.143,108954.43,0.00028,4.180733944954769,BINANCE
2025-09-01 07:34:25.143,108954.36,5e-05,4.187155963302699,BINANCE
2025-09-01 07:34:25.143,108954.36,0.00035,4.187155963302699,BINANCE
2025-09-01 07:34:25.143,108954.27,5e-05,4.195412844036323,BINANCE
2025-09-01 07:34:25.143,108954.27,6e-05,4.195412844036323,BINANCE
2025-09-01 07:34:25.143,108955.17,5e-05,4.112844036697408,BINANCE
2025-09-01 07:34:25.143,108954.1,5e-05,4.211009174311393,BINANCE
2025-09-01 07:34:25.203,108955.44,4e-05,4.0880733944952,BINANCE
2025-09-01 07:34:25.203,108955.44,5e-05,4.0880733944952,BINANCE
2025-09-01 07:34:25.203,108955.44,0.00271,4.0880733944952,BINANCE
2025-09-01 07:34:25.210,108955.63,0.00155,4.070642201834436,BINANCE
2025-09-01 07:34:25.210,108956.0,0.0004,4.036697247706422,BINANCE
2025-09-01 07:34:25.210,108956.0,0.00015,4.036697247706422,BINANCE
2025-09-01 07:34:25.210,108955.64,5e-05,4.069724770642256,BINANCE
2025-09-01 07:34:25.210,108955.63,5e-05,4.070642201834436,BINANCE
2025-09-01 07:34:25.210,108956.0,9e-05,4.036697247706422,BINANCE
2025-09-01 07:34:25.210,108955.45,5e-05,4.087155963303019,BINANCE
2025-09-01 07:34:25.210,108955.44,5e-05,4.0880733944952,BINANCE
2025-09-01 07:34:25.210,108955.44,1e-05,4.0880733944952,BINANCE
2025-09-01 07:34:25.217,108956.0,0.00191,4.036697247706422,BINANCE
2025-09-01 07:34:25.217,108956.0,4e-05,4.036697247706422,BINANCE
2025-09-01 07:34:25.225,108956.0,4e-05,4.036697247706422,BINANCE
2025-09-01 07:34:25.225,108956.0,5e-05,4.036697247706422,BINANCE
2025-09-01 07:34:25.225,108956.0,1e-05,4.036697247706422,BINANCE
2025-09-01 07:34:25.247,108956.0,0.00812,4.036697247706422,BINANCE
2025-09-01 07:34:25.247,108956.0,1e-05,4.036697247706422,BINANCE
2025-09-01 07:34:25.247,108956.0,5e-05,4.036697247706422,BINANCE
2025-09-01 07:34:25.247,108956.0,0.001,4.036697247706422,BINANCE
2025-09-01 07:34:25.254,108956.0,0.00918,4.036697247706422,BINANCE
2025-09-01 07:34:25.262,108956.0,0.00918,4.036697247706422,BINANCE
2025-09-01 07:34:25.270,108956.0,0.00918,4.036697247706422,BINANCE
2025-09-01 07:34:25.276,108956.0,0.00739,4.036697247706422,BINANCE
2025-09-01 07:34:25.278,108956.0,0.00918,4.036697247706422,BINANCE
2025-09-01 07:34:25.286,108956.0,0.00918,4.036697247706422,BINANCE
2025-09-01 07:34:25.294,108956.0,0.00918,4.036697247706422,BINANCE
2025-09-01 07:34:25.301,108956.0,0.00918,4.036697247706422,BINANCE
2025-09-01 07:34:25.308,108956.0,0.00918,4.036697247706422,BINANCE
2025-09-01 07:34:25.314,108956.0,0.00918,4.036697247706422,BINANCE
2025-09-01 07:34:25.322,108956.0,0.00918,4.036697247706422,BINANCE
2025-09-01 07:34:25.329,108956.0,0.00918,4.036697247706422,BINANCE
2025-09-01 07:34:25.335,108956.0,0.00918,4.036697247706422,BINANCE
2025-09-01 07:34:25.343,108956.0,0.00918,4.036697247706422,BINANCE
2025-09-01 07:34:25.422,108956.0,0.10985,4.036697247706422,BINANCE
2025-09-01 07:34:25.422,108956.0,5e-05,4.036697247706422,BINANCE
2025-09-01 07:34:25.431,108956.01,5e-05,4.035779816514243,BINANCE
2025-09-01 07:34:25.431,108957.01,6e-05,3.9440366972481873,BINANCE
2025-09-01 07:34:25.431,108956.75,6e-05,3.967889908256881,BINANCE
2025-09-01 07:34:25.431,108956.56,0.00094,3.985321100917645,BINANCE
2025-09-01 07:34:25.431,108956.56,0.00019,3.985321100917645,BINANCE
2025-09-01 07:34:25.431,108956.52,5e-05,3.9889908256876994,BINANCE
2025-09-01 07:34:25.431,108956.34,7e-05,4.005504587156284,BINANCE
2025-09-01 07:34:25.431,108956.22,5e-05,4.016513761467783,BINANCE
2025-09-01 07:34:25.431,108956.22,0.00024,4.016513761467783,BINANCE
2025-09-01 07:34:25.431,108956.0,5e-05,4.036697247706422,BINANCE
2025-09-01 07:34:25.433,108957.02,0.00085,3.9431192660546723,BINANCE
2025-09-01 07:34:25.433,108957.17,0.00023,3.929357798165298,BINANCE
2025-09-01 07:34:25.433,108957.4,5e-05,3.9082568807344793,BINANCE
2025-09-01 07:34:25.467,108957.44,0.00041,3.9045871559630894,BINANCE
2025-09-01 07:34:25.467,108957.44,5e-05,3.9045871559630894,BINANCE
2025-09-01 07:34:25.467,108957.44,9e-05,3.9045871559630894,BINANCE
2025-09-01 07:34:25.476,108957.44,0.012,3.9045871559630894,BINANCE
2025-09-01 07:34:25.478,108957.44,0.012,3.9045871559630894,BINANCE
2025-09-01 07:34:25.478,108957.44,0.008,3.9045871559630894,BINANCE
2025-09-01 07:34:25.479,108957.44,0.012,3.9045871559630894,BINANCE
2025-09-01 07:34:25.480,108957.44,0.012,3.9045871559630894,BINANCE
2025-09-01 07:34:25.483,108957.44,0.012,3.9045871559630894,BINANCE
2025-09-01 07:34:25.484,108957.44,0.0106,3.9045871559630894,BINANCE
2025-09-01 07:34:25.513,108957.44,0.005,3.9045871559630894,BINANCE
2025-09-01 07:34:25.514,108957.44,0.005,3.9045871559630894,BINANCE
2025-09-01 07:34:25.538,108957.43,0.03352,3.9055045871566043,BINANCE
2025-09-01 07:34:25.563,108957.43,0.00566,3.9055045871566043,BINANCE
2025-09-01 07:34:25.627,108957.44,0.00817,3.9045871559630894,BINANCE
2025-09-01 07:34:25.627,108957.44,5e-05,3.9045871559630894,BINANCE
2025-09-01 07:34:25.627,108957.44,0.00187,3.9045871559630894,BINANCE
2025-09-01 07:34:25.714,108957.43,9e-05,3.9055045871566043,BINANCE
2025-09-01 07:34:25.761,108957.43,0.00731,3.9055045871566043,BINANCE
2025-09-01 07:34:25.778,108957.44,0.03461,3.9045871559630894,BINANCE
2025-09-01 07:34:25.873,108957.43,0.00012,3.9055045871566043,BINANCE
2025-09-01 07:34:25.932,108957.44,0.00011,3.9045871559630894,BINANCE
2025-09-01 07:34:26.045,108957.44,0.00092,3.9045871559630894,BINANCE
2025-09-01 07:34:26.081,108957.43,0.0042,3.9055045871566043,BINANCE
2025-09-01 07:34:26.112,108957.43,5e-05,3.9055045871566043,BINANCE
2025-09-01 07:34:26.112,108957.43,0.00041,3.9055045871566043,BINANCE
2025-09-01 07:34:26.129,108957.43,0.00332,3.9055045871566043,BINANCE
2025-09-01 07:34:26.129,108957.43,0.02565,3.9055045871566043,BINANCE
2025-09-01 07:34:26.129,108957.43,0.00033,3.9055045871566043,BINANCE
2025-09-01 07:34:26.129,108957.43,0.0007,3.9055045871566043,BINANCE
2025-09-01 07:34:26.151,108957.43,0.00184,3.9055045871566043,BINANCE
2025-09-01 07:34:26.164,108957.43,0.00026,3.9055045871566043,BINANCE
2025-09-01 07:34:26.200,108957.43,0.00046,3.9055045871566043,BINANCE
2025-09-01 07:34:26.218,108957.44,0.00092,3.9045871559630894,BINANCE
2025-09-01 07:34:26.219,108957.44,0.00092,3.9045871559630894,BINANCE
2025-09-01 07:34:26.284,108957.43,0.00046,3.9055045871566043,BINANCE
2025-09-01 07:34:26.358,108957.43,8e-05,3.9055045871566043,BINANCE
2025-09-01 07:34:26.424,108957.44,0.06421,3.9045871559630894,BINANCE
2025-09-01 07:34:26.532,108957.44,0.00323,3.9045871559630894,BINANCE
2025-09-01 07:34:26.532,108957.44,0.00551,3.9045871559630894,BINANCE
2025-09-01 07:34:26.624,108957.44,0.0001,3.9045871559630894,BINANCE
2025-09-01 07:34:26.681,108957.44,0.07935,3.9045871559630894,BINANCE
2025-09-01 07:34:26.733,108957.43,7e-05,3.9055045871566043,BINANCE
2025-09-01 07:34:26.846,108957.43,0.00382,3.9055045871566043,BINANCE
2025-09-01 07:34:26.849,108957.43,0.13236,3.9055045871566043,BINANCE
2025-09-01 07:34:26.849,108957.43,0.055,3.9055045871566043,BINANCE
2025-09-01 07:34:26.849,108957.43,0.054,3.9055045871566043,BINANCE
2025-09-01 07:34:26.849,108957.43,0.16114,3.9055045871566043,BINANCE
2025-09-01 07:34:26.850,108955.43,5e-05,4.088990825688715,BINANCE
2025-09-01 07:34:26.850,108956.0,5e-05,4.036697247706422,BINANCE
2025-09-01 07:34:26.850,108956.01,5e-05,4.035779816514243,BINANCE
2025-09-01 07:34:26.850,108957.01,5e-05,3.9440366972481873,BINANCE
2025-09-01 07:34:26.850,108957.01,0.03089,3.9440366972481873,BINANCE
2025-09-01 07:34:26.850,108954.01,5e-05,4.2192660550463525,BINANCE
2025-09-01 07:34:26.850,108957.02,5e-05,3.9431192660546723,BINANCE
2025-09-01 07:34:26.850,108954.0,5e-05,4.220183486238533,BINANCE
2025-09-01 07:34:26.850,108953.99,5e-05,4.221100917430712,BINANCE
2025-09-01 07:34:26.850,108953.88,5e-05,4.231192660550032,BINANCE
2025-09-01 07:34:26.850,108953.87,5e-05,4.232110091743547,BINANCE
2025-09-01 07:34:26.850,108953.86,0.02875,4.233027522935727,BINANCE
2025-09-01 07:34:26.850,108957.35,5e-05,3.9128440366967134,BINANCE
2025-09-01 07:34:26.850,108957.43,0.00386,3.9055045871566043,BINANCE
2025-09-01 07:34:26.850,108957.43,0.19107,3.9055045871566043,BINANCE
2025-09-01 07:34:26.850,108957.43,0.08393,3.9055045871566043,BINANCE
2025-09-01 07:34:26.850,108957.43,5e-05,3.9055045871566043,BINANCE
2025-09-01 07:34:26.850,108957.43,0.02558,3.9055045871566043,BINANCE
2025-09-01 07:34:26.850,108957.43,0.01553,3.9055045871566043,BINANCE
2025-09-01 07:34:26.850,108957.43,0.021,3.9055045871566043,BINANCE
2025-09-01 07:34:26.850,108957.43,0.00036,3.9055045871566043,BINANCE
2025-09-01 07:34:26.850,108957.43,0.00015,3.9055045871566043,BINANCE
2025-09-01 07:34:26.850,108957.43,0.00028,3.9055045871566043,BINANCE
2025-09-01 07:34:26.855,108953.71,5e-05,4.246788990825101,BINANCE
2025-09-01 07:34:26.855,108953.83,5e-05,4.235779816513602,BINANCE
2025-09-01 07:34:26.855,108953.71,0.00164,4.246788990825101,BINANCE
2025-09-01 07:34:26.855,108953.5,5e-05,4.26605504587156,BINANCE
2025-09-01 07:34:26.855,108953.52,5e-05,4.264220183485865,BINANCE
2025-09-01 07:34:26.855,108953.43,5e-05,4.2724770642208245,BINANCE
2025-09-01 07:34:26.855,108953.42,0.04,4.2733944954130045,BINANCE
2025-09-01 07:34:26.855,108953.52,0.02,4.264220183485865,BINANCE
2025-09-01 07:34:26.855,108953.7,5e-05,4.247706422018616,BINANCE
2025-09-01 07:34:26.855,108953.86,0.02071,4.233027522935727,BINANCE
2025-09-01 07:34:26.855,108953.86,5e-05,4.233027522935727,BINANCE
2025-09-01 07:34:26.855,108953.86,0.00073,4.233027522935727,BINANCE
2025-09-01 07:34:26.855,108953.86,0.00283,4.233027522935727,BINANCE
2025-09-01 07:34:26.855,108953.86,0.00429,4.233027522935727,BINANCE
2025-09-01 07:34:26.855,108953.85,0.0001,4.233944954127907,BINANCE
2025-09-01 07:34:26.855,108953.83,0.02151,4.235779816513602,BINANCE
2025-09-01 07:34:26.855,108953.86,0.0001,4.233027522935727,BINANCE
2025-09-01 07:34:26.862,108951.99,5e-05,4.4045871559628225,BINANCE
2025-09-01 07:34:26.862,108952.0,5e-05,4.4036697247706424,BINANCE
2025-09-01 07:34:26.862,108952.01,5e-05,4.402752293578462,BINANCE
2025-09-01 07:34:26.862,108952.39,0.03419,4.3678899082569345,BINANCE
2025-09-01 07:34:26.862,108952.39,5e-05,4.3678899082569345,BINANCE
2025-09-01 07:34:26.866,108950.0,0.00036,4.587155963302752,BINANCE
2025-09-01 07:34:26.866,108950.0,0.00084,4.587155963302752,BINANCE
2025-09-01 07:34:26.866,108950.12,5e-05,4.576146788991253,BINANCE
2025-09-01 07:34:26.866,108950.49,5e-05,4.542201834861904,BINANCE
2025-09-01 07:34:26.866,108951.12,5e-05,4.484403669725198,BINANCE
2025-09-01 07:34:26.866,108951.13,5e-05,4.4834862385316825,BINANCE
2025-09-01 07:34:26.868,108949.92,5e-05,4.594495412844197,BINANCE
2025-09-01 07:34:26.868,108948.23,0.02538,4.749541284404043,BINANCE
2025-09-01 07:34:26.868,108948.47,5e-05,4.727522935779709,BINANCE
2025-09-01 07:34:26.868,108949.83,5e-05,4.602752293577821,BINANCE
2025-09-01 07:34:26.868,108949.93,5e-05,4.593577981652017,BINANCE
2025-09-01 07:34:26.868,108950.0,5e-05,4.587155963302752,BINANCE
2025-09-01 07:34:26.868,108950.0,0.00412,4.587155963302752,BINANCE
2025-09-01 07:34:26.868,108950.11,5e-05,4.577064220183432,BINANCE
2025-09-01 07:34:26.869,108948.24,0.03041,4.748623853210528,BINANCE
2025-09-01 07:34:26.870,108948.23,0.00917,4.749541284404043,BINANCE
2025-09-01 07:34:26.875,108948.23,0.00198,4.749541284404043,BINANCE
2025-09-01 07:34:26.876,108948.23,0.00185,4.749541284404043,BINANCE
2025-09-01 07:34:26.877,108948.23,0.00187,4.749541284404043,BINANCE
2025-09-01 07:34:26.884,108948.23,5e-05,4.749541284404043,BINANCE
2025-09-01 07:34:26.884,108948.23,0.04938,4.749541284404043,BINANCE
2025-09-01 07:34:26.884,108948.23,0.007,4.749541284404043,BINANCE
2025-09-01 07:34:26.893,108948.0,5e-05,4.770642201834862,BINANCE
2025-09-01 07:34:26.893,108947.99,5e-05,4.771559633027042,BINANCE
2025-09-01 07:34:26.893,108947.82,5e-05,4.787155963302111,BINANCE
2025-09-01 07:34:26.893,108947.8,5e-05,4.788990825687806,BINANCE
2025-09-01 07:34:26.893,108947.76,5e-05,4.792660550459196,BINANCE
2025-09-01 07:34:26.893,108948.01,5e-05,4.769724770642682,BINANCE
2025-09-01 07:34:26.895,108946.54,5e-05,4.90458715596389,BINANCE
2025-09-01 07:34:26.895,108946.53,5e-05,4.90550458715607,BINANCE
2025-09-01 07:34:26.895,108946.0,5e-05,4.954128440366973,BINANCE
2025-09-01 07:34:26.895,108945.92,5e-05,4.961467889908417,BINANCE
2025-09-01 07:34:26.895,108944.52,5e-05,5.08990825688036,BINANCE
2025-09-01 07:34:26.895,108944.0,0.02513,5.137614678899083,BINANCE
2025-09-01 07:34:26.895,108946.55,5e-05,4.903669724770375,BINANCE
2025-09-01 07:34:26.895,108946.58,5e-05,4.900917431192501,BINANCE
2025-09-01 07:34:26.895,108946.69,5e-05,4.89082568807318,BINANCE
2025-09-01 07:34:26.895,108947.75,5e-05,4.793577981651376,BINANCE
2025-09-01 07:34:26.895,108947.76,5e-05,4.792660550459196,BINANCE
2025-09-01 07:34:26.902,108944.0,5e-05,5.137614678899083,BINANCE
2025-09-01 07:34:26.902,108944.0,0.02853,5.137614678899083,BINANCE
2025-09-01 07:34:26.902,108944.0,0.00137,5.137614678899083,BINANCE
2025-09-01 07:34:26.905,108944.0,0.03,5.137614678899083,BINANCE
2025-09-01 07:34:26.925,108944.0,0.0003,5.137614678899083,BINANCE
2025-09-01 07:34:27.015,108944.0,0.0013,5.137614678899083,BINANCE
2025-09-01 07:34:27.046,108944.0,0.22,5.137614678899083,BINANCE
2025-09-01 07:34:27.046,108944.0,0.27537,5.137614678899083,BINANCE
2025-09-01 07:34:27.046,108944.0,5e-05,5.137614678899083,BINANCE
2025-09-01 07:34:27.046,108943.85,5e-05,5.151376146788457,BINANCE
2025-09-01 07:34:27.046,108943.81,5e-05,5.155045871559847,BINANCE
2025-09-01 07:34:27.046,108944.0,0.00104,5.137614678899083,BINANCE
2025-09-01 07:34:27.052,108941.31,5e-05,5.384403669724985,BINANCE
2025-09-01 07:34:27.052,108942.01,5e-05,5.320183486239012,BINANCE
2025-09-01 07:34:27.052,108942.0,5e-05,5.321100917431193,BINANCE
2025-09-01 07:34:27.052,108942.01,0.0001,5.320183486239012,BINANCE
2025-09-01 07:34:27.053,108941.3,0.00159,5.385321100917165,BINANCE
2025-09-01 07:34:27.053,108941.3,0.00147,5.385321100917165,BINANCE
2025-09-01 07:34:27.072,108941.09,5e-05,5.404587155963623,BINANCE
2025-09-01 07:34:27.072,108941.17,5e-05,5.397247706422179,BINANCE
2025-09-01 07:34:27.072,108940.61,5e-05,5.448623853210956,BINANCE
2025-09-01 07:34:27.072,108940.6,0.00651,5.449541284403136,BINANCE
2025-09-01 07:34:27.072,108941.29,0.0001,5.386238532110679,BINANCE
2025-09-01 07:34:27.072,108941.3,5e-05,5.385321100917165,BINANCE
2025-09-01 07:34:27.072,108941.3,0.0001,5.385321100917165,BINANCE
2025-09-01 07:34:27.072,108941.3,0.00117,5.385321100917165,BINANCE
2025-09-01 07:34:27.077,108940.6,0.00092,5.449541284403136,BINANCE
2025-09-01 07:34:27.078,108940.6,0.00376,5.449541284403136,BINANCE
2025-09-01 07:34:27.093,108940.01,5e-05,5.503669724771123,BINANCE
2025-09-01 07:34:27.093,108940.21,5e-05,5.485321100916844,BINANCE
2025-09-01 07:34:27.093,108940.6,0.00104,5.449541284403136,BINANCE
2025-09-01 07:34:27.093,108940.6,5e-05,5.449541284403136,BINANCE
2025-09-01 07:34:27.093,108940.6,2e-05,5.449541284403136,BINANCE
2025-09-01 07:34:27.093,108940.6,0.0001,5.449541284403136,BINANCE
2025-09-01 07:34:27.093,108940.6,0.02086,5.449541284403136,BINANCE
2025-09-01 07:34:27.095,108939.64,0.003,5.5376146788991365,BINANCE
2025-09-01 07:34:27.095,108939.84,5e-05,5.5192660550461925,BINANCE
2025-09-01 07:34:27.095,108940.0,5e-05,5.5045871559633035,BINANCE
2025-09-01 07:34:27.129,108939.65,0.00886,5.5366972477069565,BINANCE
2025-09-01 07:34:27.190,108939.65,0.01776,5.5366972477069565,BINANCE
2025-09-01 07:34:27.355,108939.65,0.00103,5.5366972477069565,BINANCE
2025-09-01 07:34:27.429,108939.65,0.0001,5.5366972477069565,BINANCE
2025-09-01 07:34:27.584,108939.64,0.01,5.5376146788991365,BINANCE
2025-09-01 07:34:27.584,108939.64,5e-05,5.5376146788991365,BINANCE
2025-09-01 07:34:27.584,108939.64,0.00061,5.5376146788991365,BINANCE
2025-09-01 07:34:27.584,108939.64,0.0001,5.5376146788991365,BINANCE
2025-09-01 07:34:27.677,108939.65,7e-05,5.5366972477069565,BINANCE
2025-09-01 07:34:27.730,108939.65,0.0128,5.5366972477069565,BINANCE
2025-09-01 07:34:27.785,108939.64,0.00731,5.5376146788991365,BINANCE
2025-09-01 07:34:27.862,108939.65,0.00057,5.5366972477069565,BINANCE
2025-09-01 07:34:27.970,108939.64,5e-05,5.5376146788991365,BINANCE
2025-09-01 07:34:27.970,108939.64,0.00595,5.5376146788991365,BINANCE
2025-09-01 07:34:27.970,108939.64,0.00018,5.5376146788991365,BINANCE
2025-09-01 07:34:28.014,108939.64,0.00015,5.5376146788991365,BINANCE
2025-09-01 07:34:28.058,108939.65,0.0005,5.5366972477069565,BINANCE
2025-09-01 07:34:28.194,108938.01,5e-05,5.6871559633032325,BINANCE
2025-09-01 07:34:28.194,108939.1,5e-05,5.5871559633022185,BINANCE
2025-09-01 07:34:28.194,108939.1,0.06556,5.5871559633022185,BINANCE
2025-09-01 07:34:28.194,108939.11,5e-05,5.5862385321100385,BINANCE
2025-09-01 07:34:28.194,108939.63,5e-05,5.538532110091316,BINANCE
2025-09-01 07:34:28.194,108938.0,5e-05,5.6880733944954125,BINANCE
2025-09-01 07:34:28.194,108937.02,5e-05,5.7779816513757725,BINANCE
2025-09-01 07:34:28.194,108937.01,0.02767,5.778899082569288,BINANCE
2025-09-01 07:34:28.194,108937.01,5e-05,5.778899082569288,BINANCE
2025-09-01 07:34:28.194,108939.63,0.0001,5.538532110091316,BINANCE
2025-09-01 07:34:28.194,108939.64,5e-05,5.5376146788991365,BINANCE
2025-09-01 07:34:28.194,108939.64,0.0001,5.5376146788991365,BINANCE
2025-09-01 07:34:28.199,108936.85,5e-05,5.793577981650842,BINANCE
2025-09-01 07:34:28.199,108936.84,5e-05,5.794495412844356,BINANCE
2025-09-01 07:34:28.199,108936.39,5e-05,5.835779816513814,BINANCE
2025-09-01 07:34:28.199,108936.85,0.0001,5.793577981650842,BINANCE
2025-09-01 07:34:28.202,108934.74,5e-05,5.987155963302271,BINANCE
2025-09-01 07:34:28.202,108934.38,0.00156,6.020183486238104,BINANCE
2025-09-01 07:34:28.202,108934.38,0.00194,6.020183486238104,BINANCE
2025-09-01 07:34:28.202,108934.39,5e-05,6.019266055045924,BINANCE
2025-09-01 07:34:28.202,108936.0,5e-05,5.871559633027522,BINANCE
2025-09-01 07:34:28.202,108935.76,5e-05,5.893577981651856,BINANCE
2025-09-01 07:34:28.202,108936.38,5e-05,5.836697247705995,BINANCE
2025-09-01 07:34:28.202,108936.01,5e-05,5.870642201835342,BINANCE
2025-09-01 07:34:28.203,108934.38,0.03,6.020183486238104,BINANCE
2025-09-01 07:34:28.209,108934.38,0.00918,6.020183486238104,BINANCE
2025-09-01 07:34:28.212,108934.01,5e-05,6.054128440367453,BINANCE
2025-09-01 07:34:28.212,108934.37,5e-05,6.02110091743162,BINANCE
2025-09-01 07:34:28.212,108934.37,0.0001,6.02110091743162,BINANCE
2025-09-01 07:34:28.212,108934.0,5e-05,6.055045871559632,BINANCE
2025-09-01 07:34:28.212,108933.64,5e-05,6.088073394495466,BINANCE
2025-09-01 07:34:28.212,108933.63,0.01103,6.088990825687646,BINANCE
2025-09-01 07:34:28.212,108934.38,0.00506,6.020183486238104,BINANCE
2025-09-01 07:34:28.212,108934.38,5e-05,6.020183486238104,BINANCE
2025-09-01 07:34:28.212,108934.38,0.0001,6.020183486238104,BINANCE
2025-09-01 07:34:28.268,108933.64,0.0009,6.088073394495466,BINANCE
2025-09-01 07:34:28.382,108933.63,0.00063,6.088990825687646,BINANCE
2025-09-01 07:34:28.382,108933.63,0.00092,6.088990825687646,BINANCE
2025-09-01 07:34:28.597,108933.63,0.01,6.088990825687646,BINANCE
2025-09-01 07:34:28.763,108933.63,0.00929,6.088990825687646,BINANCE
2025-09-01 07:34:28.818,108933.63,0.00092,6.088990825687646,BINANCE
2025-09-01 07:34:29.183,108933.63,0.02,6.088990825687646,BINANCE
2025-09-01 07:34:29.222,108933.63,0.01518,6.088990825687646,BINANCE
2025-09-01 07:34:29.381,108933.64,0.00655,6.088073394495466,BINANCE
2025-09-01 07:34:29.388,108933.63,0.0013,6.088990825687646,BINANCE
2025-09-01 07:34:29.471,108933.63,0.00018,6.088990825687646,BINANCE
2025-09-01 07:34:29.790,108933.64,0.00102,6.088073394495466,BINANCE
2025-09-01 07:34:29.796,108933.63,8e-05,6.088990825687646,BINANCE
2025-09-01 07:34:29.817,108933.63,8e-05,6.088990825687646,BINANCE
2025-09-01 07:34:29.842,108933.64,0.00279,6.088073394495466,BINANCE
2025-09-01 07:34:29.926,108933.64,0.05947,6.088073394495466,BINANCE
2025-09-01 07:34:29.961,108933.63,9e-05,6.088990825687646,BINANCE
2025-09-01 07:34:30.084,108933.63,0.00092,6.088990825687646,BINANCE
2025-09-01 07:34:30.114,108933.64,9e-05,6.088073394495466,BINANCE
2025-09-01 07:34:30.139,108933.63,0.01137,6.088990825687646,BINANCE
2025-09-01 07:34:30.189,108933.64,0.06421,6.088073394495466,BINANCE
2025-09-01 07:34:30.214,108933.63,0.00549,6.088990825687646,BINANCE
2025-09-01 07:34:30.263,108933.64,0.00094,6.088073394495466,BINANCE
2025-09-01 07:34:30.362,108933.63,0.0001,6.088990825687646,BINANCE
2025-09-01 07:34:30.542,108933.64,0.00025,6.088073394495466,BINANCE
2025-09-01 07:34:30.738,108933.63,0.01387,6.088990825687646,BINANCE
2025-09-01 07:34:30.782,108933.63,0.00092,6.088990825687646,BINANCE
2025-09-01 07:34:30.896,108933.63,0.00138,6.088990825687646,BINANCE
2025-09-01 07:34:31.099,108933.63,0.00064,6.088990825687646,BINANCE
2025-09-01 07:34:31.101,108933.64,9e-05,6.088073394495466,BINANCE
2025-09-01 07:34:31.144,108933.63,0.00228,6.088990825687646,BINANCE
2025-09-01 07:34:31.148,108933.63,0.00421,6.088990825687646,BINANCE
2025-09-01 07:34:31.293,108933.64,0.0002,6.088073394495466,BINANCE
2025-09-01 07:34:31.322,108933.64,6e-05,6.088073394495466,BINANCE
2025-09-01 07:34:31.444,108933.63,0.00503,6.088990825687646,BINANCE
2025-09-01 07:34:31.478,108933.63,0.01414,6.088990825687646,BINANCE
2025-09-01 07:34:31.620,108933.64,0.012,6.088073394495466,BINANCE
2025-09-01 07:34:31.621,108933.64,0.02,6.088073394495466,BINANCE
2025-09-01 07:34:31.621,108933.64,0.018,6.088073394495466,BINANCE
2025-09-01 07:34:31.622,108933.64,0.021,6.088073394495466,BINANCE
2025-09-01 07:34:31.622,108933.64,0.02,6.088073394495466,BINANCE
2025-09-01 07:34:31.622,108933.64,0.018,6.088073394495466,BINANCE
2025-09-01 07:34:31.623,108933.64,0.018,6.088073394495466,BINANCE
2025-09-01 07:34:31.623,108933.64,0.02,6.088073394495466,BINANCE
2025-09-01 07:34:31.624,108933.64,0.016,6.088073394495466,BINANCE
2025-09-01 07:34:31.871,108933.64,0.00026,6.088073394495466,BINANCE
2025-09-01 07:34:31.921,108933.64,0.018,6.088073394495466,BINANCE
2025-09-01 07:34:31.956,108933.64,0.007,6.088073394495466,BINANCE
2025-09-01 07:34:32.099,108933.64,0.018,6.088073394495466,BINANCE
2025-09-01 07:34:32.099,108933.64,0.02,6.088073394495466,BINANCE
2025-09-01 07:34:32.099,108933.64,0.012,6.088073394495466,BINANCE
2025-09-01 07:34:32.099,108933.64,0.021,6.088073394495466,BINANCE
2025-09-01 07:34:32.100,108933.64,0.02,6.088073394495466,BINANCE
2025-09-01 07:34:32.100,108933.64,0.016,6.088073394495466,BINANCE
2025-09-01 07:34:32.100,108933.64,0.01603,6.088073394495466,BINANCE
2025-09-01 07:34:32.100,108933.64,0.00397,6.088073394495466,BINANCE
2025-09-01 07:34:32.106,108933.64,0.018,6.088073394495466,BINANCE
2025-09-01 07:34:32.140,108933.64,0.003,6.088073394495466,BINANCE
2025-09-01 07:34:32.143,108933.64,0.012,6.088073394495466,BINANCE
2025-09-01 07:34:32.244,108933.5,0.02,6.100917431192661,BINANCE
2025-09-01 07:34:32.244,108933.62,5e-05,6.089908256881161,BINANCE
2025-09-01 07:34:32.244,108933.62,0.0001,6.089908256881161,BINANCE
2025-09-01 07:34:32.244,108933.63,5e-05,6.088990825687646,BINANCE
2025-09-01 07:34:32.244,108933.5,5e-05,6.100917431192661,BINANCE
2025-09-01 07:34:32.244,108933.62,0.00738,6.089908256881161,BINANCE
2025-09-01 07:34:32.244,108933.45,0.02,6.105504587156231,BINANCE
2025-09-01 07:34:32.244,108933.45,5e-05,6.105504587156231,BINANCE
2025-09-01 07:34:32.244,108933.63,0.00115,6.088990825687646,BINANCE
2025-09-01 07:34:32.244,108933.63,0.00038,6.088990825687646,BINANCE
2025-09-01 07:34:32.244,108933.63,0.00069,6.088990825687646,BINANCE
2025-09-01 07:34:32.244,108933.63,0.0007,6.088990825687646,BINANCE
2025-09-01 07:34:32.244,108933.63,9e-05,6.088990825687646,BINANCE
2025-09-01 07:34:32.244,108933.63,0.00029,6.088990825687646,BINANCE
2025-09-01 07:34:32.244,108933.63,0.14464,6.088990825687646,BINANCE
2025-09-01 07:34:32.244,108933.63,0.01,6.088990825687646,BINANCE
2025-09-01 07:34:32.244,108933.63,0.02098,6.088990825687646,BINANCE
2025-09-01 07:34:32.244,108933.63,0.09973,6.088990825687646,BINANCE
2025-09-01 07:34:32.244,108933.63,0.0001,6.088990825687646,BINANCE
2025-09-01 07:34:32.247,108930.57,5e-05,6.369724770641561,BINANCE
2025-09-01 07:34:32.247,108930.01,5e-05,6.421100917431673,BINANCE
2025-09-01 07:34:32.247,108930.35,5e-05,6.3899082568802,BINANCE
2025-09-01 07:34:32.247,108930.56,5e-05,6.370642201835076,BINANCE
2025-09-01 07:34:32.247,108930.56,0.00037,6.370642201835076,BINANCE
2025-09-01 07:34:32.247,108930.56,0.033,6.370642201835076,BINANCE
2025-09-01 07:34:32.247,108932.0,5e-05,6.238532110091743,BINANCE
2025-09-01 07:34:32.247,108932.01,5e-05,6.237614678899563,BINANCE
2025-09-01 07:34:32.254,108928.01,5e-05,6.604587155963784,BINANCE
2025-09-01 07:34:32.254,108929.99,5e-05,6.422935779816033,BINANCE
2025-09-01 07:34:32.254,108930.0,5e-05,6.422018348623853,BINANCE
2025-09-01 07:34:32.254,108930.0,0.0001,6.422018348623853,BINANCE
2025-09-01 07:34:32.264,108928.0,0.01512,6.605504587155963,BINANCE
2025-09-01 07:34:32.273,108928.01,0.05,6.604587155963784,BINANCE
2025-09-01 07:34:32.282,108928.0,0.00106,6.605504587155963,BINANCE
2025-09-01 07:34:32.282,108927.99,5e-05,6.606422018348143,BINANCE
2025-09-01 07:34:32.282,108927.86,5e-05,6.618348623853158,BINANCE
2025-09-01 07:34:32.282,108927.66,5e-05,6.636697247706102,BINANCE
2025-09-01 07:34:32.282,108927.51,5e-05,6.650458715596811,BINANCE
2025-09-01 07:34:32.282,108928.0,0.0004,6.605504587155963,BINANCE
2025-09-01 07:34:32.282,108928.0,5e-05,6.605504587155963,BINANCE
2025-09-01 07:34:32.282,108928.0,0.0001,6.605504587155963,BINANCE
2025-09-01 07:34:32.285,108927.5,0.0091,6.651376146788991,BINANCE
2025-09-01 07:34:32.286,108927.5,8e-05,6.651376146788991,BINANCE
2025-09-01 07:34:32.301,108927.5,0.00715,6.651376146788991,BINANCE
2025-09-01 07:34:32.302,108927.5,0.00361,6.651376146788991,BINANCE
2025-09-01 07:34:32.303,108927.5,0.0025,6.651376146788991,BINANCE
2025-09-01 07:34:32.314,108927.5,0.00042,6.651376146788991,BINANCE
2025-09-01 07:34:32.314,108927.5,0.00161,6.651376146788991,BINANCE
2025-09-01 07:34:32.321,108927.5,0.0015,6.651376146788991,BINANCE
2025-09-01 07:34:32.329,108927.5,0.0021,6.651376146788991,BINANCE
2025-09-01 07:34:32.329,108927.5,0.00182,6.651376146788991,BINANCE
2025-09-01 07:34:32.338,108927.5,0.05999,6.651376146788991,BINANCE
2025-09-01 07:34:32.473,108927.5,0.03,6.651376146788991,BINANCE
2025-09-01 07:34:32.492,108927.51,0.22381,6.650458715596811,BINANCE
2025-09-01 07:34:32.501,108927.5,7e-05,6.651376146788991,BINANCE
2025-09-01 07:34:32.502,108927.5,7e-05,6.651376146788991,BINANCE
2025-09-01 07:34:32.505,108927.5,0.00018,6.651376146788991,BINANCE
2025-09-01 07:34:32.516,108927.5,7e-05,6.651376146788991,BINANCE
2025-09-01 07:34:32.517,108927.5,0.00011,6.651376146788991,BINANCE
2025-09-01 07:34:32.520,108927.5,0.00185,6.651376146788991,BINANCE
2025-09-01 07:34:32.520,108927.5,0.00018,6.651376146788991,BINANCE
2025-09-01 07:34:32.521,108927.5,0.00023,6.651376146788991,BINANCE
2025-09-01 07:34:32.523,108927.5,0.00018,6.651376146788991,BINANCE
2025-09-01 07:34:32.530,108927.5,7e-05,6.651376146788991,BINANCE
2025-09-01 07:34:32.587,108927.49,5e-05,6.652293577981172,BINANCE
2025-09-01 07:34:32.587,108927.49,0.0001,6.652293577981172,BINANCE
2025-09-01 07:34:32.587,108927.5,5e-05,6.651376146788991,BINANCE
2025-09-01 07:34:32.587,108924.6,5e-05,6.9174311926600165,BINANCE
2025-09-01 07:34:32.587,108926.74,5e-05,6.721100917430713,BINANCE
2025-09-01 07:34:32.587,108925.12,5e-05,6.8697247706426285,BINANCE
2025-09-01 07:34:32.587,108924.94,5e-05,6.8862385321098785,BINANCE
2025-09-01 07:34:32.587,108927.5,0.00159,6.651376146788991,BINANCE
2025-09-01 07:34:32.587,108927.5,0.35018,6.651376146788991,BINANCE
2025-09-01 07:34:32.587,108927.5,0.0001,6.651376146788991,BINANCE
2025-09-01 07:34:32.589,108924.59,5e-05,6.918348623853531,BINANCE
2025-09-01 07:34:32.589,108924.59,2e-05,6.918348623853531,BINANCE
2025-09-01 07:34:32.589,108924.59,0.03213,6.918348623853531,BINANCE
2025-09-01 07:34:32.594,108924.59,5e-05,6.918348623853531,BINANCE
2025-09-01 07:34:32.594,108924.58,5e-05,6.9192660550457115,BINANCE
2025-09-01 07:34:32.594,108923.54,5e-05,7.014678899083156,BINANCE
2025-09-01 07:34:32.594,108923.26,5e-05,7.040366972477544,BINANCE
2025-09-01 07:34:32.594,108922.01,5e-05,7.155045871560113,BINANCE
2025-09-01 07:34:32.594,108924.59,3e-05,6.918348623853531,BINANCE
2025-09-01 07:34:32.594,108924.59,0.0001,6.918348623853531,BINANCE
2025-09-01 07:34:32.599,108922.0,5e-05,7.155963302752293,BINANCE
2025-09-01 07:34:32.599,108921.99,5e-05,7.156880733944473,BINANCE
2025-09-01 07:34:32.599,108921.93,5e-05,7.162385321101558,BINANCE
2025-09-01 07:34:32.599,108922.0,0.0001,7.155963302752293,BINANCE
2025-09-01 07:34:32.599,108922.0,1e-05,7.155963302752293,BINANCE
2025-09-01 07:34:32.599,108922.0,4e-05,7.155963302752293,BINANCE
2025-09-01 07:34:32.602,108920.02,5e-05,7.337614678898709,BINANCE
2025-09-01 07:34:32.602,108920.0,0.00186,7.339449541284404,BINANCE
2025-09-01 07:34:32.602,108920.0,0.00083,7.339449541284404,BINANCE
2025-09-01 07:34:32.602,108920.0,5e-05,7.339449541284404,BINANCE
2025-09-01 07:34:32.602,108920.58,5e-05,7.286238532109931,BINANCE
2025-09-01 07:34:32.602,108920.51,5e-05,7.292660550459196,BINANCE
2025-09-01 07:34:32.602,108921.92,5e-05,7.163302752293738,BINANCE
2025-09-01 07:34:32.605,108920.0,7e-05,7.339449541284404,BINANCE
2025-09-01 07:34:32.619,108920.0,9e-05,7.339449541284404,BINANCE
2025-09-01 07:34:32.620,108920.0,0.00023,7.339449541284404,BINANCE
2025-09-01 07:34:32.622,108920.0,0.00018,7.339449541284404,BINANCE
2025-09-01 07:34:32.622,108920.0,0.00013,7.339449541284404,BINANCE
2025-09-01 07:34:32.630,108920.0,7e-05,7.339449541284404,BINANCE
2025-09-01 07:34:32.631,108920.0,0.00013,7.339449541284404,BINANCE
2025-09-01 07:34:32.632,108920.0,0.00103,7.339449541284404,BINANCE
2025-09-01 07:34:32.636,108920.0,0.00027,7.339449541284404,BINANCE
2025-09-01 07:34:32.640,108920.0,7e-05,7.339449541284404,BINANCE
2025-09-01 07:34:32.644,108920.0,0.00148,7.339449541284404,BINANCE
2025-09-01 07:34:32.646,108920.0,0.00013,7.339449541284404,BINANCE
2025-09-01 07:34:32.648,108920.0,0.00013,7.339449541284404,BINANCE
2025-09-01 07:34:32.768,108918.83,5e-05,7.446788990825528,BINANCE
2025-09-01 07:34:32.768,108919.99,5e-05,7.340366972476583,BINANCE
2025-09-01 07:34:32.768,108920.0,5e-05,7.339449541284404,BINANCE
2025-09-01 07:34:32.768,108920.0,0.0001,7.339449541284404,BINANCE
2025-09-01 07:34:32.768,108919.99,0.0001,7.340366972476583,BINANCE
2025-09-01 07:34:32.768,108919.68,5e-05,7.368807339450182,BINANCE
2025-09-01 07:34:32.768,108919.53,5e-05,7.382568807339557,BINANCE
2025-09-01 07:34:32.768,108919.11,5e-05,7.421100917431139,BINANCE
2025-09-01 07:34:32.768,108920.0,0.01166,7.339449541284404,BINANCE
2025-09-01 07:34:32.776,108917.43,5e-05,7.575229357798806,BINANCE
2025-09-01 07:34:32.776,108918.81,5e-05,7.448623853211222,BINANCE
2025-09-01 07:34:32.776,108917.43,7e-05,7.575229357798806,BINANCE
2025-09-01 07:34:32.776,108917.43,2e-05,7.575229357798806,BINANCE
2025-09-01 07:34:32.776,108914.24,5e-05,7.867889908256401,BINANCE
2025-09-01 07:34:32.776,108914.8,5e-05,7.816513761467623,BINANCE
2025-09-01 07:34:32.776,108914.21,5e-05,7.870642201834275,BINANCE
2025-09-01 07:34:32.776,108917.43,3e-05,7.575229357798806,BINANCE
2025-09-01 07:34:32.776,108918.81,0.0001,7.448623853211222,BINANCE
2025-09-01 07:34:32.776,108918.82,0.0001,7.447706422017708,BINANCE
2025-09-01 07:34:32.776,108918.82,5e-05,7.447706422017708,BINANCE
2025-09-01 07:34:32.817,108914.2,0.009,7.87155963302779,BINANCE
2025-09-01 07:34:32.819,108914.2,0.00019,7.87155963302779,BINANCE
2025-09-01 07:34:32.825,108914.2,5e-05,7.87155963302779,BINANCE
2025-09-01 07:34:32.825,108914.19,0.0001,7.87247706421997,BINANCE
2025-09-01 07:34:32.825,108914.19,5e-05,7.87247706421997,BINANCE
2025-09-01 07:34:32.825,108913.2,5e-05,7.963302752293845,BINANCE
2025-09-01 07:34:32.825,108914.2,8e-05,7.87155963302779,BINANCE
2025-09-01 07:34:32.825,108914.2,0.0001,7.87155963302779,BINANCE
2025-09-01 07:34:32.825,108914.2,0.03671,7.87155963302779,BINANCE
2025-09-01 07:34:32.977,108913.2,0.00018,7.963302752293845,BINANCE
2025-09-01 07:34:32.994,108913.2,0.00952,7.963302752293845,BINANCE
2025-09-01 07:34:32.994,108913.2,0.00086,7.963302752293845,BINANCE
2025-09-01 07:34:33.020,108913.2,0.00092,7.963302752293845,BINANCE
2025-09-01 07:34:33.020,108913.2,0.001,7.963302752293845,BINANCE
2025-09-01 07:34:33.040,108913.2,0.00292,7.963302752293845,BINANCE
2025-09-01 07:34:33.059,108913.2,5e-05,7.963302752293845,BINANCE
2025-09-01 07:34:33.059,108915.99,5e-05,7.707339449540804,BINANCE
2025-09-01 07:34:33.059,108914.12,5e-05,7.878899082569235,BINANCE
2025-09-01 07:34:33.059,108913.99,5e-05,7.890825688072914,BINANCE
2025-09-01 07:34:33.059,108913.2,0.0001,7.963302752293845,BINANCE
2025-09-01 07:34:33.059,108913.2,0.00063,7.963302752293845,BINANCE
2025-09-01 07:34:33.059,108913.2,0.0007,7.963302752293845,BINANCE
2025-09-01 07:34:33.059,108913.2,0.00137,7.963302752293845,BINANCE
2025-09-01 07:34:33.115,108919.26,5e-05,7.407339449541765,BINANCE
2025-09-01 07:34:33.115,108919.26,1e-05,7.407339449541765,BINANCE
2025-09-01 07:34:33.115,108919.26,9e-05,7.407339449541765,BINANCE
2025-09-01 07:34:33.115,108919.26,0.0001,7.407339449541765,BINANCE
2025-09-01 07:34:33.116,108919.27,0.018,7.40642201834825,BINANCE
2025-09-01 07:34:33.123,108919.27,0.00919,7.40642201834825,BINANCE
2025-09-01 07:34:33.128,108919.53,5e-05,7.382568807339557,BINANCE
2025-09-01 07:34:33.128,108920.0,5e-05,7.339449541284404,BINANCE
2025-09-01 07:34:33.128,108919.27,5e-05,7.40642201834825,BINANCE
2025-09-01 07:34:33.128,108919.27,0.0001,7.40642201834825,BINANCE
2025-09-01 07:34:33.128,108919.27,0.01957,7.40642201834825,BINANCE
2025-09-01 07:34:33.130,108920.01,0.00919,7.338532110092224,BINANCE
2025-09-01 07:34:33.137,108920.01,0.00596,7.338532110092224,BINANCE
2025-09-01 07:34:33.139,108920.01,0.0015,7.338532110092224,BINANCE
2025-09-01 07:34:33.144,108920.01,0.02,7.338532110092224,BINANCE
2025-09-01 07:34:33.147,108924.94,5e-05,6.8862385321098785,BINANCE
2025-09-01 07:34:33.147,108922.45,5e-05,7.114678899082836,BINANCE
2025-09-01 07:34:33.147,108922.0,5e-05,7.155963302752293,BINANCE
2025-09-01 07:34:33.147,108925.07,0.00965,6.874311926604864,BINANCE
2025-09-01 07:34:33.147,108920.01,5e-05,7.338532110092224,BINANCE
2025-09-01 07:34:33.147,108920.01,0.0001,7.338532110092224,BINANCE
2025-09-01 07:34:33.147,108920.01,0.00385,7.338532110092224,BINANCE
2025-09-01 07:34:33.153,108924.95,0.0001,6.8853211009176984,BINANCE
2025-09-01 07:34:33.153,108925.06,5e-05,6.8752293577983785,BINANCE
2025-09-01 07:34:33.153,108925.07,0.00183,6.874311926604864,BINANCE
2025-09-01 07:34:33.161,108925.07,0.02,6.874311926604864,BINANCE
2025-09-01 07:34:33.164,108929.99,5e-05,6.422935779816033,BINANCE
2025-09-01 07:34:33.164,108925.62,0.00018,6.8238532110096015,BINANCE
2025-09-01 07:34:33.164,108925.46,5e-05,6.838532110091156,BINANCE
2025-09-01 07:34:33.164,108925.08,5e-05,6.8733944954126835,BINANCE
2025-09-01 07:34:33.164,108925.08,0.0001,6.8733944954126835,BINANCE
2025-09-01 07:34:33.164,108925.07,5e-05,6.874311926604864,BINANCE
2025-09-01 07:34:33.164,108925.07,0.0001,6.874311926604864,BINANCE
2025-09-01 07:34:33.164,108925.07,0.01553,6.874311926604864,BINANCE
2025-09-01 07:34:33.184,108930.22,5e-05,6.401834862385215,BINANCE
2025-09-01 07:34:33.184,108935.61,0.0001,5.90733944954123,BINANCE
2025-09-01 07:34:33.184,108930.35,5e-05,6.3899082568802,BINANCE
2025-09-01 07:34:33.184,108932.24,0.0001,6.216513761467409,BINANCE
2025-09-01 07:34:33.184,108933.97,0.00151,6.057798165137508,BINANCE
2025-09-01 07:34:33.184,108935.76,5e-05,5.893577981651856,BINANCE
2025-09-01 07:34:33.184,108938.9,5e-05,5.6055045871564975,BINANCE
2025-09-01 07:34:33.184,108937.17,0.00068,5.764220183486399,BINANCE
2025-09-01 07:34:33.184,108938.18,0.00082,5.6715596330281635,BINANCE
2025-09-01 07:34:33.184,108938.69,0.0001,5.624770642201621,BINANCE
2025-09-01 07:34:33.184,108936.0,5e-05,5.871559633027522,BINANCE
2025-09-01 07:34:33.184,108930.12,5e-05,6.411009174312354,BINANCE
2025-09-01 07:34:33.184,108930.13,5e-05,6.410091743118838,BINANCE
2025-09-01 07:34:33.184,108930.12,0.00014,6.411009174312354,BINANCE
2025-09-01 07:34:33.184,108930.12,0.00184,6.411009174312354,BINANCE
2025-09-01 07:34:33.184,108939.64,0.001,5.5376146788991365,BINANCE
2025-09-01 07:34:33.623,108939.64,0.00458,5.5376146788991365,BINANCE
2025-09-01 07:34:33.677,108939.64,0.01866,5.5376146788991365,BINANCE
2025-09-01 07:34:33.677,108939.64,0.00282,5.5376146788991365,BINANCE
2025-09-01 07:34:33.860,108939.63,0.00024,5.538532110091316,BINANCE
2025-09-01 07:34:33.889,108939.64,0.012,5.5376146788991365,BINANCE
2025-09-01 07:34:33.890,108939.64,0.012,5.5376146788991365,BINANCE
2025-09-01 07:34:33.893,108939.64,0.00091,5.5376146788991365,BINANCE
2025-09-01 07:34:33.929,108939.64,0.007,5.5376146788991365,BINANCE
2025-09-01 07:34:33.993,108939.64,0.00808,5.5376146788991365,BINANCE
2025-09-01 07:34:34.042,108939.64,0.06419,5.5376146788991365,BINANCE
2025-09-01 07:34:34.216,108939.64,0.0001,5.5376146788991365,BINANCE
2025-09-01 07:34:34.229,108939.63,6e-05,5.538532110091316,BINANCE
2025-09-01 07:34:34.449,108939.64,0.03028,5.5376146788991365,BINANCE
2025-09-01 07:34:34.514,108939.63,0.00326,5.538532110091316,BINANCE
2025-09-01 07:34:34.514,108939.63,0.01308,5.538532110091316,BINANCE
2025-09-01 07:34:34.515,108939.62,5e-05,5.539449541284831,BINANCE
2025-09-01 07:34:34.515,108939.62,0.0001,5.539449541284831,BINANCE
2025-09-01 07:34:34.515,108936.0,5e-05,5.871559633027522,BINANCE
2025-09-01 07:34:34.515,108934.01,5e-05,6.054128440367453,BINANCE
2025-09-01 07:34:34.515,108935.76,5e-05,5.893577981651856,BINANCE
2025-09-01 07:34:34.515,108935.48,0.00018,5.919266055046245,BINANCE
2025-09-01 07:34:34.515,108939.63,5e-05,5.538532110091316,BINANCE
2025-09-01 07:34:34.515,108939.63,0.0353,5.538532110091316,BINANCE
2025-09-01 07:34:34.515,108939.63,0.00011,5.538532110091316,BINANCE
2025-09-01 07:34:34.515,108939.63,0.0001,5.538532110091316,BINANCE
2025-09-01 07:34:34.555,108933.99,5e-05,6.055963302751812,BINANCE
2025-09-01 07:34:34.555,108934.0,5e-05,6.055045871559632,BINANCE
2025-09-01 07:34:34.555,108933.99,0.0001,6.055963302751812,BINANCE
2025-09-01 07:34:34.555,108933.83,7e-05,6.070642201834702,BINANCE
2025-09-01 07:34:34.555,108933.82,5e-05,6.071559633026882,BINANCE
2025-09-01 07:34:34.555,108933.16,0.00018,6.132110091742798,BINANCE
2025-09-01 07:34:34.555,108932.12,5e-05,6.227522935780244,BINANCE
2025-09-01 07:34:34.555,108933.83,0.00011,6.070642201834702,BINANCE
2025-09-01 07:34:34.555,108934.0,0.0001,6.055045871559632,BINANCE
2025-09-01 07:34:34.648,108931.97,5e-05,6.241284403669618,BINANCE
2025-09-01 07:34:34.648,108931.97,0.00205,6.241284403669618,BINANCE
2025-09-01 07:34:34.829,108931.98,0.00055,6.240366972477438,BINANCE
2025-09-01 07:34:34.890,108931.98,0.012,6.240366972477438,BINANCE
2025-09-01 07:34:34.890,108931.98,0.00885,6.240366972477438,BINANCE
2025-09-01 07:34:34.890,108931.98,0.00315,6.240366972477438,BINANCE
2025-09-01 07:34:34.891,108931.98,0.012,6.240366972477438,BINANCE
2025-09-01 07:34:34.901,108931.98,5e-05,6.240366972477438,BINANCE
2025-09-01 07:34:34.901,108931.98,0.00095,6.240366972477438,BINANCE
2025-09-01 07:34:35.236,108931.98,0.00033,6.240366972477438,BINANCE
2025-09-01 07:34:35.759,108931.98,9e-05,6.240366972477438,BINANCE
2025-09-01 07:34:35.825,108931.97,0.00101,6.241284403669618,BINANCE
2025-09-01 07:34:35.932,108931.97,0.04194,6.241284403669618,BINANCE
2025-09-01 07:34:36.191,108931.98,0.00092,6.240366972477438,BINANCE
2025-09-01 07:34:36.191,108931.98,0.00204,6.240366972477438,BINANCE
2025-09-01 07:34:36.417,108931.97,8e-05,6.241284403669618,BINANCE
2025-09-01 07:34:36.542,108931.97,0.00016,6.241284403669618,BINANCE
2025-09-01 07:34:36.678,108931.98,0.002,6.240366972477438,BINANCE
2025-09-01 07:34:36.678,108931.98,0.06026,6.240366972477438,BINANCE
2025-09-01 07:34:36.730,108931.97,5e-05,6.241284403669618,BINANCE
2025-09-01 07:34:36.730,108931.96,5e-05,6.242201834861798,BINANCE
2025-09-01 07:34:36.730,108931.57,5e-05,6.277981651375506,BINANCE
2025-09-01 07:34:36.730,108931.96,0.0001,6.242201834861798,BINANCE
2025-09-01 07:34:36.730,108931.97,0.0001,6.241284403669618,BINANCE
2025-09-01 07:34:36.734,108931.55,5e-05,6.2798165137612,BINANCE
2025-09-01 07:34:36.734,108931.56,5e-05,6.278899082569021,BINANCE
2025-09-01 07:34:36.734,108930.01,5e-05,6.421100917431673,BINANCE
2025-09-01 07:34:36.734,108931.48,5e-05,6.286238532110466,BINANCE
2025-09-01 07:34:36.734,108930.56,5e-05,6.370642201835076,BINANCE
2025-09-01 07:34:36.734,108930.35,5e-05,6.3899082568802,BINANCE
2025-09-01 07:34:36.734,108931.56,0.0001,6.278899082569021,BINANCE
2025-09-01 07:34:36.851,108930.0,0.0001,6.422018348623853,BINANCE
2025-09-01 07:34:36.851,108930.0,0.01,6.422018348623853,BINANCE
2025-09-01 07:34:36.851,108930.0,0.00325,6.422018348623853,BINANCE
2025-09-01 07:34:36.851,108930.0,5e-05,6.422018348623853,BINANCE
2025-09-01 07:34:37.054,108929.99,5e-05,6.422935779816033,BINANCE
2025-09-01 07:34:37.054,108929.99,0.0001,6.422935779816033,BINANCE
2025-09-01 07:34:37.054,108929.5,5e-05,6.467889908256882,BINANCE
2025-09-01 07:34:37.054,108929.49,0.04797,6.468807339449061,BINANCE
2025-09-01 07:34:37.054,108929.49,5e-05,6.468807339449061,BINANCE
2025-09-01 07:34:37.054,108930.0,5e-05,6.422018348623853,BINANCE
2025-09-01 07:34:37.054,108930.0,0.0001,6.422018348623853,BINANCE
2025-09-01 07:34:37.054,108930.0,0.01828,6.422018348623853,BINANCE
2025-09-01 07:34:37.057,108928.0,5e-05,6.605504587155963,BINANCE
2025-09-01 07:34:37.057,108927.51,5e-05,6.650458715596811,BINANCE
2025-09-01 07:34:37.057,108927.5,0.00185,6.651376146788991,BINANCE
2025-09-01 07:34:37.057,108928.01,5e-05,6.604587155963784,BINANCE
2025-09-01 07:34:37.072,108927.5,0.00918,6.651376146788991,BINANCE
2025-09-01 07:34:37.075,108927.5,0.0236,6.651376146788991,BINANCE
2025-09-01 07:34:37.172,108927.5,0.02261,6.651376146788991,BINANCE
2025-09-01 07:34:37.175,108927.5,0.00207,6.651376146788991,BINANCE
2025-09-01 07:34:37.177,108927.5,0.00739,6.651376146788991,BINANCE
2025-09-01 07:34:37.186,108927.51,0.0062,6.650458715596811,BINANCE
2025-09-01 07:34:37.193,108927.5,0.00216,6.651376146788991,BINANCE
2025-09-01 07:34:37.195,108927.5,0.03643,6.651376146788991,BINANCE
2025-09-01 07:34:37.233,108927.5,0.0352,6.651376146788991,BINANCE
2025-09-01 07:34:37.234,108927.49,5e-05,6.652293577981172,BINANCE
2025-09-01 07:34:37.234,108924.01,5e-05,6.971559633028003,BINANCE
2025-09-01 07:34:37.234,108927.49,0.0001,6.652293577981172,BINANCE
2025-09-01 07:34:37.234,108926.02,5e-05,6.787155963302379,BINANCE
2025-09-01 07:34:37.234,108924.32,5e-05,6.9431192660544045,BINANCE
2025-09-01 07:34:37.234,108926.0,5e-05,6.7889908256880735,BINANCE
2025-09-01 07:34:37.234,108925.12,5e-05,6.8697247706426285,BINANCE
2025-09-01 07:34:37.234,108925.12,0.00129,6.8697247706426285,BINANCE
2025-09-01 07:34:37.234,108924.94,5e-05,6.8862385321098785,BINANCE
2025-09-01 07:34:37.234,108926.0,0.00146,6.7889908256880735,BINANCE
2025-09-01 07:34:37.234,108927.5,5e-05,6.651376146788991,BINANCE
2025-09-01 07:34:37.234,108927.5,0.29627,6.651376146788991,BINANCE
2025-09-01 07:34:37.234,108927.5,0.0001,6.651376146788991,BINANCE
2025-09-01 07:34:37.236,108922.72,5e-05,7.089908256880626,BINANCE
2025-09-01 07:34:37.236,108923.26,5e-05,7.040366972477544,BINANCE
2025-09-01 07:34:37.236,108924.0,5e-05,6.972477064220183,BINANCE
2025-09-01 07:34:37.322,108922.05,2e-05,7.151376146788724,BINANCE
2025-09-01 07:34:37.322,108922.05,5e-05,7.151376146788724,BINANCE
2025-09-01 07:34:37.322,108922.05,0.00138,7.151376146788724,BINANCE
2025-09-01 07:34:37.337,108922.06,0.001,7.150458715596544,BINANCE
2025-09-01 07:34:37.341,108920.59,0.0001,7.285321100917751,BINANCE
2025-09-01 07:34:37.341,108922.04,5e-05,7.152293577982238,BINANCE
2025-09-01 07:34:37.341,108920.39,5e-05,7.303669724770695,BINANCE
2025-09-01 07:34:37.341,108919.77,5e-05,7.360550458715223,BINANCE
2025-09-01 07:34:37.341,108920.0,5e-05,7.339449541284404,BINANCE
2025-09-01 07:34:37.341,108919.53,5e-05,7.382568807339557,BINANCE
2025-09-01 07:34:37.341,108918.01,5e-05,7.522018348624334,BINANCE
2025-09-01 07:34:37.341,108919.68,5e-05,7.368807339450182,BINANCE
2025-09-01 07:34:37.341,108922.05,8e-05,7.151376146788724,BINANCE
2025-09-01 07:34:37.341,108922.05,5e-05,7.151376146788724,BINANCE
2025-09-01 07:34:37.341,108922.04,0.0001,7.152293577982238,BINANCE
2025-09-01 07:34:37.341,108922.05,0.0001,7.151376146788724,BINANCE
2025-09-01 07:34:37.341,108922.05,0.00056,7.151376146788724,BINANCE
2025-09-01 07:34:37.376,108918.01,0.00138,7.522018348624334,BINANCE
2025-09-01 07:34:37.387,108918.01,0.00031,7.522018348624334,BINANCE
2025-09-01 07:34:37.629,108918.0,9e-05,7.522935779816514,BINANCE
2025-09-01 07:34:37.695,108918.01,0.00752,7.522018348624334,BINANCE
2025-09-01 07:34:37.695,108918.01,0.00986,7.522018348624334,BINANCE
2025-09-01 07:34:37.695,108918.01,0.01232,7.522018348624334,BINANCE
2025-09-01 07:34:37.695,108918.01,0.03449,7.522018348624334,BINANCE
2025-09-01 07:34:37.727,108918.0,0.0001,7.522935779816514,BINANCE
2025-09-01 07:34:37.773,108918.01,0.00224,7.522018348624334,BINANCE
2025-09-01 07:34:37.806,108918.0,0.00066,7.522935779816514,BINANCE
2025-09-01 07:34:37.810,108918.0,9e-05,7.522935779816514,BINANCE
2025-09-01 07:34:38.091,108918.0,0.02556,7.522935779816514,BINANCE
2025-09-01 07:34:38.091,108918.0,5e-05,7.522935779816514,BINANCE
2025-09-01 07:34:38.091,108918.0,0.27439,7.522935779816514,BINANCE
2025-09-01 07:34:38.103,108918.01,6e-05,7.522018348624334,BINANCE
2025-09-01 07:34:38.194,108918.0,9e-05,7.522935779816514,BINANCE
2025-09-01 07:34:38.206,108918.0,8e-05,7.522935779816514,BINANCE
2025-09-01 07:34:38.291,108916.01,5e-05,7.705504587156444,BINANCE
2025-09-01 07:34:38.291,108916.29,5e-05,7.679816513762055,BINANCE
2025-09-01 07:34:38.291,108917.07,5e-05,7.608256880733304,BINANCE
2025-09-01 07:34:38.291,108917.08,5e-05,7.607339449541125,BINANCE
2025-09-01 07:34:38.291,108917.74,5e-05,7.546788990825207,BINANCE
2025-09-01 07:34:38.291,108917.99,5e-05,7.523853211008694,BINANCE
2025-09-01 07:34:38.291,108916.0,5e-05,7.706422018348624,BINANCE
2025-09-01 07:34:38.291,108915.44,5e-05,7.757798165137401,BINANCE
2025-09-01 07:34:38.291,108915.45,5e-05,7.756880733945221,BINANCE
2025-09-01 07:34:38.291,108915.64,5e-05,7.739449541284457,BINANCE
2025-09-01 07:34:38.291,108915.64,0.012,7.739449541284457,BINANCE
2025-09-01 07:34:38.291,108915.64,0.16943,7.739449541284457,BINANCE
2025-09-01 07:34:38.291,108915.64,0.03147,7.739449541284457,BINANCE
2025-09-01 07:34:38.291,108915.65,5e-05,7.738532110092277,BINANCE
2025-09-01 07:34:38.291,108915.66,0.00023,7.737614678898763,BINANCE
2025-09-01 07:34:38.291,108918.0,5e-05,7.522935779816514,BINANCE
2025-09-01 07:34:38.291,108918.0,0.04593,7.522935779816514,BINANCE
2025-09-01 07:34:38.291,108918.0,0.00135,7.522935779816514,BINANCE
2025-09-01 07:34:38.291,108918.0,0.00031,7.522935779816514,BINANCE
2025-09-01 07:34:38.296,108914.24,5e-05,7.867889908256401,BINANCE
2025-09-01 07:34:38.296,108914.12,5e-05,7.878899082569235,BINANCE
2025-09-01 07:34:38.298,108914.0,5e-05,7.889908256880734,BINANCE
2025-09-01 07:34:38.320,108913.99,5e-05,7.890825688072914,BINANCE
2025-09-01 07:34:38.320,108913.2,0.00021,7.963302752293845,BINANCE
2025-09-01 07:34:38.320,108912.8,5e-05,7.999999999999733,BINANCE
2025-09-01 07:34:38.320,108911.53,0.00729,8.116513761467996,BINANCE
2025-09-01 07:34:38.320,108912.0,5e-05,8.073394495412844,BINANCE
2025-09-01 07:34:38.320,108911.54,5e-05,8.115596330275816,BINANCE
2025-09-01 07:34:38.320,108914.0,5e-05,7.889908256880734,BINANCE
2025-09-01 07:34:38.323,108908.39,0.003,8.404587155963357,BINANCE
2025-09-01 07:34:38.323,108908.71,5e-05,8.375229357797577,BINANCE
2025-09-01 07:34:38.323,108908.72,5e-05,8.374311926605397,BINANCE
2025-09-01 07:34:38.323,108905.71,0.00964,8.650458715595743,BINANCE
2025-09-01 07:34:38.323,108908.72,0.00155,8.374311926605397,BINANCE
2025-09-01 07:34:38.323,108908.8,5e-05,8.366972477063953,BINANCE
2025-09-01 07:34:38.323,108908.39,5e-05,8.404587155963357,BINANCE
2025-09-01 07:34:38.323,108905.72,5e-05,8.649541284403563,BINANCE
2025-09-01 07:34:38.323,108906.59,7e-05,8.569724770642523,BINANCE
2025-09-01 07:34:38.323,108906.4,0.0001,8.587155963303287,BINANCE
2025-09-01 07:34:38.323,108905.83,5e-05,8.639449541284243,BINANCE
2025-09-01 07:34:38.323,108905.8,5e-05,8.642201834862119,BINANCE
2025-09-01 07:34:38.323,108909.48,6e-05,8.304587155963677,BINANCE
2025-09-01 07:34:38.323,108909.68,5e-05,8.286238532110731,BINANCE
2025-09-01 07:34:38.323,108911.52,5e-05,8.117431192660177,BINANCE
2025-09-01 07:34:38.323,108911.53,5e-05,8.116513761467996,BINANCE
2025-09-01 07:34:38.323,108911.16,5e-05,8.15045871559601,BINANCE
2025-09-01 07:34:38.323,108910.19,0.00204,8.23944954128419,BINANCE
2025-09-01 07:34:38.333,108905.71,0.0018,8.650458715595743,BINANCE
2025-09-01 07:34:38.559,108904.52,5e-05,8.759633027522563,BINANCE
2025-09-01 07:34:38.559,108905.7,5e-05,8.651376146789257,BINANCE
2025-09-01 07:34:38.559,108904.51,5e-05,8.760550458716077,BINANCE
2025-09-01 07:34:38.559,108903.36,5e-05,8.866055045871507,BINANCE
2025-09-01 07:34:38.559,108904.5,5e-05,8.761467889908257,BINANCE
2025-09-01 07:34:38.559,108904.44,5e-05,8.766972477064007,BINANCE
2025-09-01 07:34:38.559,108904.02,5e-05,8.805504587155589,BINANCE
2025-09-01 07:34:38.559,108904.01,5e-05,8.806422018349105,BINANCE
2025-09-01 07:34:38.559,108903.32,0.00035,8.869724770641561,BINANCE
2025-09-01 07:34:38.559,108905.71,5e-05,8.650458715595743,BINANCE
2025-09-01 07:34:38.559,108905.71,0.00046,8.650458715595743,BINANCE
2025-09-01 07:34:38.592,108903.32,2e-05,8.869724770641561,BINANCE
2025-09-01 07:34:38.592,108903.32,5e-05,8.869724770641561,BINANCE
2025-09-01 07:34:38.613,108903.32,5e-05,8.869724770641561,BINANCE
2025-09-01 07:34:38.613,108903.32,3e-05,8.869724770641561,BINANCE
2025-09-01 07:34:38.620,108903.32,5e-05,8.869724770641561,BINANCE
2025-09-01 07:34:38.620,108903.32,3e-05,8.869724770641561,BINANCE
2025-09-01 07:34:38.697,108903.32,2e-05,8.869724770641561,BINANCE
2025-09-01 07:34:38.697,108903.32,5e-05,8.869724770641561,BINANCE
2025-09-01 07:34:38.697,108903.32,4e-05,8.869724770641561,BINANCE
2025-09-01 07:34:38.756,108903.32,5e-05,8.869724770641561,BINANCE
2025-09-01 07:34:38.756,108903.32,1e-05,8.869724770641561,BINANCE
2025-09-01 07:34:38.974,108903.32,0.00085,8.869724770641561,BINANCE
2025-09-01 07:34:38.974,108903.32,5e-05,8.869724770641561,BINANCE
2025-09-01 07:34:38.974,108903.32,4e-05,8.869724770641561,BINANCE
2025-09-01 07:34:38.974,108903.32,0.00891,8.869724770641561,BINANCE
2025-09-01 07:34:38.996,108903.32,0.009,8.869724770641561,BINANCE
2025-09-01 07:34:39.094,108903.32,9e-05,8.869724770641561,BINANCE
2025-09-01 07:34:39.126,108903.32,5e-05,8.869724770641561,BINANCE
2025-09-01 07:34:39.126,108903.32,0.00031,8.869724770641561,BINANCE
2025-09-01 07:34:39.126,108903.31,5e-05,8.870642201835077,BINANCE
2025-09-01 07:34:39.126,108903.25,0.0014,8.876146788990825,BINANCE
2025-09-01 07:34:39.126,108903.32,0.3492,8.869724770641561,BINANCE
2025-09-01 07:34:39.126,108903.32,0.02402,8.869724770641561,BINANCE
2025-09-01 07:34:39.126,108903.32,0.01043,8.869724770641561,BINANCE
2025-09-01 07:34:39.126,108903.32,0.00055,8.869724770641561,BINANCE
2025-09-01 07:34:39.126,108903.32,0.1942,8.869724770641561,BINANCE
2025-09-01 07:34:39.128,108901.66,5e-05,9.022018348623533,BINANCE
2025-09-01 07:34:39.129,108900.01,5e-05,9.173394495413325,BINANCE
2025-09-01 07:34:39.129,108900.87,5e-05,9.094495412844465,BINANCE
2025-09-01 07:34:39.129,108901.58,0.00152,9.029357798164977,BINANCE
2025-09-01 07:34:39.129,108900.88,5e-05,9.093577981650949,BINANCE
2025-09-01 07:34:39.133,108900.0,5e-05,9.174311926605505,BINANCE
2025-09-01 07:34:39.136,108900.0,0.00908,9.174311926605505,BINANCE
2025-09-01 07:34:39.145,108900.0,0.00918,9.174311926605505,BINANCE
2025-09-01 07:34:39.147,108900.0,5e-05,9.174311926605505,BINANCE
2025-09-01 07:34:39.147,108900.0,0.00339,9.174311926605505,BINANCE
2025-09-01 07:34:39.168,108900.0,5e-05,9.174311926605505,BINANCE
2025-09-01 07:34:39.168,108900.0,0.00087,9.174311926605505,BINANCE
2025-09-01 07:34:39.168,108900.0,0.00413,9.174311926605505,BINANCE
2025-09-01 07:34:39.170,108899.99,5e-05,9.175229357797685,BINANCE
2025-09-01 07:34:39.170,108900.0,5e-05,9.174311926605505,BINANCE
2025-09-01 07:34:39.170,108900.0,0.00018,9.174311926605505,BINANCE
2025-09-01 07:34:39.171,108898.58,5e-05,9.304587155963143,BINANCE
2025-09-01 07:34:39.171,108898.57,5e-05,9.305504587155323,BINANCE
2025-09-01 07:34:39.171,108898.57,0.2009,9.305504587155323,BINANCE
2025-09-01 07:34:39.171,108898.57,0.00014,9.305504587155323,BINANCE
2025-09-01 07:34:39.171,108898.86,5e-05,9.278899082568755,BINANCE
2025-09-01 07:34:39.181,108895.79,5e-05,9.560550458716184,BINANCE
2025-09-01 07:34:39.181,108895.8,5e-05,9.559633027522668,BINANCE
2025-09-01 07:34:39.181,108896.35,5e-05,9.50917431192607,BINANCE
2025-09-01 07:34:39.181,108896.91,5e-05,9.457798165137294,BINANCE
2025-09-01 07:34:39.181,108897.47,5e-05,9.406422018348517,BINANCE
2025-09-01 07:34:39.181,108897.48,5e-05,9.405504587156337,BINANCE
2025-09-01 07:34:39.181,108896.35,0.00155,9.50917431192607,BINANCE
2025-09-01 07:34:39.181,108893.21,0.00403,9.797247706421432,BINANCE
2025-09-01 07:34:39.181,108894.44,5e-05,9.684403669724556,BINANCE
2025-09-01 07:34:39.181,108893.5,5e-05,9.770642201834862,BINANCE
2025-09-01 07:34:39.181,108893.72,5e-05,9.750458715596224,BINANCE
2025-09-01 07:34:39.181,108893.88,5e-05,9.735779816513334,BINANCE
2025-09-01 07:34:39.181,108893.89,5e-05,9.734862385321154,BINANCE
2025-09-01 07:34:39.181,108894.01,5e-05,9.723853211009654,BINANCE
2025-09-01 07:34:39.181,108894.02,5e-05,9.72293577981614,BINANCE
2025-09-01 07:34:39.181,108895.75,7e-05,9.564220183486238,BINANCE
2025-09-01 07:34:39.181,108897.66,5e-05,9.388990825687753,BINANCE
2025-09-01 07:34:39.181,108897.92,5e-05,9.365137614679059,BINANCE
2025-09-01 07:34:39.181,108897.89,5e-05,9.367889908256934,BINANCE
2025-09-01 07:34:39.181,108897.91,5e-05,9.366055045871239,BINANCE
2025-09-01 07:34:39.357,108893.21,0.00918,9.797247706421432,BINANCE
2025-09-01 07:34:39.357,108893.21,0.00133,9.797247706421432,BINANCE
2025-09-01 07:34:39.357,108893.21,5e-05,9.797247706421432,BINANCE
2025-09-01 07:34:39.359,108893.21,0.00918,9.797247706421432,BINANCE
2025-09-01 07:34:39.370,108893.21,0.00205,9.797247706421432,BINANCE
2025-09-01 07:34:39.426,108893.21,7e-05,9.797247706421432,BINANCE
2025-09-01 07:34:39.473,108893.22,0.03196,9.79633027522925,BINANCE
2025-09-01 07:34:39.639,108893.21,0.0005,9.797247706421432,BINANCE
