ts,price,size,round_level_distance,venue
2025-09-02 13:44:44.046,110484.19,0.00056,46.46936936936916,BINANCE
2025-09-02 13:44:44.295,110484.18,0.00055,46.470270270270895,BINANCE
2025-09-02 13:44:44.296,110484.19,0.00078,46.46936936936916,BINANCE
2025-09-02 13:44:44.417,110484.19,5e-05,46.46936936936916,BINANCE
2025-09-02 13:44:44.417,110484.19,0.00639,46.46936936936916,BINANCE
2025-09-02 13:44:44.417,110484.19,0.01156,46.46936936936916,BINANCE
2025-09-02 13:44:44.419,110484.19,0.019,46.46936936936916,BINANCE
2025-09-02 13:44:44.421,110488.43,5e-05,46.08738738738801,BINANCE
2025-09-02 13:44:44.421,110487.99,5e-05,46.12702702702656,BINANCE
2025-09-02 13:44:44.421,110486.0,5e-05,46.306306306306304,BINANCE
2025-09-02 13:44:44.421,110485.98,5e-05,46.30810810810847,BINANCE
2025-09-02 13:44:44.421,110484.44,5e-05,46.44684684684663,BINANCE
2025-09-02 13:44:44.421,110484.2,0.0001,46.468468468468735,BINANCE
2025-09-02 13:44:44.421,110484.19,0.0001,46.46936936936916,BINANCE
2025-09-02 13:44:44.421,110484.19,5e-05,46.46936936936916,BINANCE
2025-09-02 13:44:44.421,110484.19,7e-05,46.46936936936916,BINANCE
2025-09-02 13:44:44.421,110484.19,0.00034,46.46936936936916,BINANCE
2025-09-02 13:44:44.421,110484.19,0.01468,46.46936936936916,BINANCE
2025-09-02 13:44:44.432,110490.0,0.00795,45.945945945945944,BINANCE
2025-09-02 13:44:44.432,110490.0,0.01,45.945945945945944,BINANCE
2025-09-02 13:44:44.432,110490.0,5e-05,45.945945945945944,BINANCE
2025-09-02 13:44:44.433,110490.0,0.00016,45.945945945945944,BINANCE
2025-09-02 13:44:44.434,110490.0,0.019,45.945945945945944,BINANCE
2025-09-02 13:44:44.436,110490.0,0.019,45.945945945945944,BINANCE
2025-09-02 13:44:44.438,110490.0,0.01179,45.945945945945944,BINANCE
2025-09-02 13:44:44.438,110490.0,0.00531,45.945945945945944,BINANCE
2025-09-02 13:44:44.438,110490.0,0.0007,45.945945945945944,BINANCE
2025-09-02 13:44:44.438,110490.0,0.0012,45.945945945945944,BINANCE
2025-09-02 13:44:44.438,110490.0,0.018,45.945945945945944,BINANCE
2025-09-02 13:44:44.439,110490.0,0.01899,45.945945945945944,BINANCE
2025-09-02 13:44:44.439,110490.0,1e-05,45.945945945945944,BINANCE
2025-09-02 13:44:44.505,110490.0,0.007,45.945945945945944,BINANCE
2025-09-02 13:44:44.506,110490.0,0.007,45.945945945945944,BINANCE
2025-09-02 13:44:44.513,110489.99,0.0097,45.94684684684638,BINANCE
2025-09-02 13:44:44.513,110489.99,0.12805,45.94684684684638,BINANCE
2025-09-02 13:44:44.747,110489.98,5e-05,45.94774774774812,BINANCE
2025-09-02 13:44:44.747,110487.16,5e-05,46.20180180180148,BINANCE
2025-09-02 13:44:44.747,110488.0,5e-05,46.12612612612613,BINANCE
2025-09-02 13:44:44.747,110488.01,5e-05,46.1252252252257,BINANCE
2025-09-02 13:44:44.747,110488.43,5e-05,46.08738738738801,BINANCE
2025-09-02 13:44:44.747,110487.15,0.32579,46.20270270270323,BINANCE
2025-09-02 13:44:44.747,110488.44,0.00538,46.08648648648628,BINANCE
2025-09-02 13:44:44.747,110485.7,5e-05,46.3333333333336,BINANCE
2025-09-02 13:44:44.747,110484.47,5e-05,46.44414414414404,BINANCE
2025-09-02 13:44:44.747,110484.44,5e-05,46.44684684684663,BINANCE
2025-09-02 13:44:44.747,110484.43,0.02765,46.44774774774838,BINANCE
2025-09-02 13:44:44.747,110484.43,0.05429,46.44774774774838,BINANCE
2025-09-02 13:44:44.747,110484.43,0.05343,46.44774774774838,BINANCE
2025-09-02 13:44:44.747,110484.23,0.3258,46.46576576576613,BINANCE
2025-09-02 13:44:44.747,110484.18,0.03593,46.470270270270895,BINANCE
2025-09-02 13:44:44.747,110484.18,0.03457,46.470270270270895,BINANCE
2025-09-02 13:44:44.747,110484.18,0.02288,46.470270270270895,BINANCE
2025-09-02 13:44:44.747,110489.99,5e-05,45.94684684684638,BINANCE
2025-09-02 13:44:44.747,110489.99,0.0543,45.94684684684638,BINANCE
2025-09-02 13:44:44.747,110489.99,0.00506,45.94684684684638,BINANCE
2025-09-02 13:44:44.747,110489.99,0.12781,45.94684684684638,BINANCE
2025-09-02 13:44:44.747,110489.99,0.01979,45.94684684684638,BINANCE
2025-09-02 13:44:44.747,110489.99,0.1,45.94684684684638,BINANCE
2025-09-02 13:44:44.747,110489.99,0.1383,45.94684684684638,BINANCE
2025-09-02 13:44:44.747,110489.99,0.2,45.94684684684638,BINANCE
2025-09-02 13:44:44.747,110489.99,0.05,45.94684684684638,BINANCE
2025-09-02 13:44:44.747,110489.99,0.008,45.94684684684638,BINANCE
2025-09-02 13:44:44.747,110489.99,0.15037,45.94684684684638,BINANCE
2025-09-02 13:44:44.747,110489.99,0.14827,45.94684684684638,BINANCE
2025-09-02 13:44:44.747,110489.99,0.02765,45.94684684684638,BINANCE
2025-09-02 13:44:44.747,110489.99,0.05429,45.94684684684638,BINANCE
2025-09-02 13:44:44.747,110489.99,0.0533,45.94684684684638,BINANCE
2025-09-02 13:44:44.747,110489.99,0.04065,45.94684684684638,BINANCE
2025-09-02 13:44:44.748,110484.18,0.02201,46.470270270270895,BINANCE
2025-09-02 13:44:44.748,110483.81,0.09051,46.503603603603814,BINANCE
2025-09-02 13:44:44.748,110483.02,5e-05,46.574774774774404,BINANCE
2025-09-02 13:44:44.748,110483.0,0.061,46.57657657657658,BINANCE
2025-09-02 13:44:44.748,110482.9,0.29866,46.58558558558611,BINANCE
2025-09-02 13:44:44.749,110481.07,8e-05,46.75045045044982,BINANCE
2025-09-02 13:44:44.749,110481.28,5e-05,46.73153153153164,BINANCE
2025-09-02 13:44:44.749,110481.92,0.04024,46.67387387387403,BINANCE
2025-09-02 13:44:44.749,110481.76,5e-05,46.68828828828876,BINANCE
2025-09-02 13:44:44.749,110481.7,0.00098,46.69369369369396,BINANCE
2025-09-02 13:44:44.750,110484.23,5e-05,46.46576576576613,BINANCE
2025-09-02 13:44:44.750,110484.19,5e-05,46.46936936936916,BINANCE
2025-09-02 13:44:44.751,110481.05,0.0063,46.752252252251985,BINANCE
2025-09-02 13:44:44.752,110480.05,0.00022,46.84234234234208,BINANCE
2025-09-02 13:44:44.752,110480.0,5e-05,46.846846846846844,BINANCE
2025-09-02 13:44:44.752,110480.0,0.0181,46.846846846846844,BINANCE
2025-09-02 13:44:44.752,110480.0,8e-05,46.846846846846844,BINANCE
2025-09-02 13:44:44.753,110481.92,5e-05,46.67387387387403,BINANCE
2025-09-02 13:44:44.754,110469.53,0.01628,47.79009009009019,BINANCE
2025-09-02 13:44:44.754,110470.37,0.00098,47.71441441441483,BINANCE
2025-09-02 13:44:44.754,110470.44,5e-05,47.70810810810789,BINANCE
2025-09-02 13:44:44.754,110471.78,0.00905,47.587387387387494,BINANCE
2025-09-02 13:44:44.754,110471.92,0.02454,47.57477477477493,BINANCE
2025-09-02 13:44:44.754,110471.2,0.003,47.639639639639896,BINANCE
2025-09-02 13:44:44.754,110472.72,5e-05,47.5027027027026,BINANCE
2025-09-02 13:44:44.754,110475.86,5e-05,47.21981981981977,BINANCE
2025-09-02 13:44:44.754,110475.89,0.00098,47.217117117117176,BINANCE
2025-09-02 13:44:44.754,110476.99,7e-05,47.11801801801755,BINANCE
2025-09-02 13:44:44.754,110477.61,5e-05,47.06216216216211,BINANCE
2025-09-02 13:44:44.754,110472.2,5e-05,47.54954954954981,BINANCE
2025-09-02 13:44:44.758,110470.0,0.00194,47.747747747747745,BINANCE
2025-09-02 13:44:44.758,110470.0,0.00905,47.747747747747745,BINANCE
2025-09-02 13:44:44.767,110470.0,0.00209,47.747747747747745,BINANCE
2025-09-02 13:44:44.819,110470.01,0.036,47.74684684684732,BINANCE
2025-09-02 13:44:44.848,110470.0,5e-05,47.747747747747745,BINANCE
2025-09-02 13:44:45.316,110470.0,0.00219,47.747747747747745,BINANCE
2025-09-02 13:44:45.775,110470.01,0.0012,47.74684684684732,BINANCE
2025-09-02 13:44:45.775,110470.01,0.0298,47.74684684684732,BINANCE
2025-09-02 13:44:45.775,110470.01,0.005,47.74684684684732,BINANCE
2025-09-02 13:44:45.808,110470.0,0.00611,47.747747747747745,BINANCE
2025-09-02 13:44:46.333,110470.0,0.00027,47.747747747747745,BINANCE
2025-09-02 13:44:46.592,110470.0,0.04037,47.747747747747745,BINANCE
2025-09-02 13:44:46.592,110470.0,0.00349,47.747747747747745,BINANCE
2025-09-02 13:44:46.592,110470.0,0.02765,47.747747747747745,BINANCE
2025-09-02 13:44:46.592,110470.0,5e-05,47.747747747747745,BINANCE
2025-09-02 13:44:46.592,110470.0,0.02738,47.747747747747745,BINANCE
2025-09-02 13:44:46.592,110470.0,0.0085,47.747747747747745,BINANCE
2025-09-02 13:44:46.592,110470.0,0.01915,47.747747747747745,BINANCE
2025-09-02 13:44:46.594,110470.0,0.01044,47.747747747747745,BINANCE
2025-09-02 13:44:46.594,110470.0,0.04929,47.747747747747745,BINANCE
2025-09-02 13:44:46.594,110470.0,0.00506,47.747747747747745,BINANCE
2025-09-02 13:44:46.594,110470.0,0.04172,47.747747747747745,BINANCE
2025-09-02 13:44:46.613,110470.0,0.01644,47.747747747747745,BINANCE
2025-09-02 13:44:46.613,110470.0,0.0001,47.747747747747745,BINANCE
2025-09-02 13:44:46.613,110470.0,5e-05,47.747747747747745,BINANCE
2025-09-02 13:44:46.613,110470.0,0.01168,47.747747747747745,BINANCE
2025-09-02 13:44:46.614,110470.0,5e-05,47.747747747747745,BINANCE
2025-09-02 13:44:46.614,110470.0,0.0001,47.747747747747745,BINANCE
2025-09-02 13:44:46.614,110466.79,5e-05,48.036936936937515,BINANCE
2025-09-02 13:44:46.614,110469.99,0.0001,47.74864864864818,BINANCE
2025-09-02 13:44:46.614,110466.01,5e-05,48.10720720720768,BINANCE
2025-09-02 13:44:46.614,110469.99,5e-05,47.74864864864818,BINANCE
2025-09-02 13:44:46.614,110470.0,0.00251,47.747747747747745,BINANCE
2025-09-02 13:44:46.733,110466.0,5e-05,48.108108108108105,BINANCE
2025-09-02 13:44:46.733,110466.0,0.01,48.108108108108105,BINANCE
2025-09-02 13:44:46.733,110466.0,0.00108,48.108108108108105,BINANCE
2025-09-02 13:44:46.733,110466.0,0.0001,48.108108108108105,BINANCE
2025-09-02 13:44:46.775,110465.99,5e-05,48.10900900900854,BINANCE
2025-09-02 13:44:46.775,110465.99,0.0001,48.10900900900854,BINANCE
2025-09-02 13:44:46.775,110465.68,5e-05,48.136936936937566,BINANCE
2025-09-02 13:44:46.775,110462.5,0.00018,48.42342342342342,BINANCE
2025-09-02 13:44:46.775,110462.1,5e-05,48.459459459458934,BINANCE
2025-09-02 13:44:46.775,110465.02,5e-05,48.19639639639603,BINANCE
2025-09-02 13:44:46.775,110466.0,5e-05,48.108108108108105,BINANCE
2025-09-02 13:44:46.775,110466.0,0.0001,48.108108108108105,BINANCE
2025-09-02 13:44:46.963,110462.1,0.0002,48.459459459458934,BINANCE
2025-09-02 13:44:47.018,110462.09,0.00046,48.460360360360674,BINANCE
2025-09-02 13:44:47.041,110461.38,5e-05,48.524324324323906,BINANCE
2025-09-02 13:44:47.041,110461.72,5e-05,48.49369369369359,BINANCE
2025-09-02 13:44:47.041,110462.08,5e-05,48.46126126126111,BINANCE
2025-09-02 13:44:47.041,110462.08,0.0001,48.46126126126111,BINANCE
2025-09-02 13:44:47.041,110462.09,5e-05,48.460360360360674,BINANCE
2025-09-02 13:44:47.041,110462.09,0.0001,48.460360360360674,BINANCE
2025-09-02 13:44:47.085,110460.01,0.00062,48.64774774774822,BINANCE
2025-09-02 13:44:47.286,110460.01,0.00077,48.64774774774822,BINANCE
2025-09-02 13:44:47.487,110460.01,0.00211,48.64774774774822,BINANCE
2025-09-02 13:44:47.736,110460.0,0.0009,48.648648648648646,BINANCE
2025-09-02 13:44:47.786,110460.01,0.0007,48.64774774774822,BINANCE
2025-09-02 13:44:47.786,110460.01,5e-05,48.64774774774822,BINANCE
2025-09-02 13:44:47.845,110460.01,7e-05,48.64774774774822,BINANCE
2025-09-02 13:44:47.845,110460.01,0.00049,48.64774774774822,BINANCE
2025-09-02 13:44:47.916,110460.01,0.00292,48.64774774774822,BINANCE
2025-09-02 13:44:47.916,110460.01,5e-05,48.64774774774822,BINANCE
2025-09-02 13:44:47.916,110460.01,0.03273,48.64774774774822,BINANCE
2025-09-02 13:44:47.968,110460.01,5e-05,48.64774774774822,BINANCE
2025-09-02 13:44:47.968,110462.47,5e-05,48.426126126126015,BINANCE
2025-09-02 13:44:47.968,110460.02,0.0001,48.64684684684648,BINANCE
2025-09-02 13:44:47.968,110460.02,5e-05,48.64684684684648,BINANCE
2025-09-02 13:44:47.968,110461.38,5e-05,48.524324324323906,BINANCE
2025-09-02 13:44:47.968,110460.01,0.0001,48.64774774774822,BINANCE
2025-09-02 13:44:47.971,110463.99,5e-05,48.28918918918871,BINANCE
2025-09-02 13:44:47.971,110462.48,5e-05,48.425225225225596,BINANCE
2025-09-02 13:44:47.971,110462.48,0.0001,48.425225225225596,BINANCE
2025-09-02 13:44:47.974,110463.99,0.0217,48.28918918918871,BINANCE
2025-09-02 13:44:47.974,110463.99,0.00638,48.28918918918871,BINANCE
2025-09-02 13:44:47.983,110464.01,0.0001,48.28738738738786,BINANCE
2025-09-02 13:44:47.983,110465.99,5e-05,48.10900900900854,BINANCE
2025-09-02 13:44:47.983,110464.01,5e-05,48.28738738738786,BINANCE
2025-09-02 13:44:47.983,110464.0,5e-05,48.288288288288285,BINANCE
2025-09-02 13:44:47.983,110464.0,0.0001,48.288288288288285,BINANCE
2025-09-02 13:44:47.989,110466.01,0.0001,48.10720720720768,BINANCE
2025-09-02 13:44:47.989,110467.99,5e-05,47.92882882882836,BINANCE
2025-09-02 13:44:47.989,110466.01,5e-05,48.10720720720768,BINANCE
2025-09-02 13:44:47.989,110466.79,5e-05,48.036936936937515,BINANCE
2025-09-02 13:44:47.989,110466.0,5e-05,48.108108108108105,BINANCE
2025-09-02 13:44:47.989,110466.0,0.0001,48.108108108108105,BINANCE
2025-09-02 13:44:47.994,110471.99,5e-05,47.568468468468,BINANCE
2025-09-02 13:44:47.994,110468.01,0.0001,47.92702702702749,BINANCE
2025-09-02 13:44:47.994,110468.01,5e-05,47.92702702702749,BINANCE
2025-09-02 13:44:47.994,110468.0,5e-05,47.92792792792793,BINANCE
2025-09-02 13:44:47.994,110468.0,0.0001,47.92792792792793,BINANCE
2025-09-02 13:44:48.111,110472.0,0.036,47.56756756756757,BINANCE
2025-09-02 13:44:48.330,110471.99,0.0009,47.568468468468,BINANCE
2025-09-02 13:44:48.608,110471.99,0.00028,47.568468468468,BINANCE
2025-09-02 13:44:48.674,110471.99,0.001,47.568468468468,BINANCE
2025-09-02 13:44:48.936,110471.99,0.00083,47.568468468468,BINANCE
2025-09-02 13:44:49.150,110471.99,0.00076,47.568468468468,BINANCE
2025-09-02 13:44:49.246,110471.99,5e-05,47.568468468468,BINANCE
2025-09-02 13:44:49.246,110471.99,9e-05,47.568468468468,BINANCE
2025-09-02 13:44:49.401,110472.0,9e-05,47.56756756756757,BINANCE
2025-09-02 13:44:49.631,110472.0,9e-05,47.56756756756757,BINANCE
2025-09-02 13:44:49.804,110471.99,0.00271,47.568468468468,BINANCE
2025-09-02 13:44:49.882,110472.0,0.00239,47.56756756756757,BINANCE
2025-09-02 13:44:49.922,110472.0,0.00732,47.56756756756757,BINANCE
2025-09-02 13:44:49.941,110472.0,0.00045,47.56756756756757,BINANCE
2025-09-02 13:44:50.087,110472.0,0.01576,47.56756756756757,BINANCE
2025-09-02 13:44:50.396,110472.0,5e-05,47.56756756756757,BINANCE
2025-09-02 13:44:50.396,110472.0,0.00052,47.56756756756757,BINANCE
2025-09-02 13:44:50.442,110471.99,0.00014,47.568468468468,BINANCE
2025-09-02 13:44:50.444,110472.0,0.036,47.56756756756757,BINANCE
2025-09-02 13:44:50.504,110471.99,0.0055,47.568468468468,BINANCE
2025-09-02 13:44:50.630,110472.0,0.036,47.56756756756757,BINANCE
2025-09-02 13:44:51.006,110471.99,0.00018,47.568468468468,BINANCE
2025-09-02 13:44:51.072,110473.99,5e-05,47.38828828828781,BINANCE
2025-09-02 13:44:51.072,110472.2,5e-05,47.54954954954981,BINANCE
2025-09-02 13:44:51.072,110472.09,5e-05,47.559459459459774,BINANCE
2025-09-02 13:44:51.072,110472.08,5e-05,47.56036036036021,BINANCE
2025-09-02 13:44:51.072,110474.0,0.0663,47.387387387387385,BINANCE
2025-09-02 13:44:51.072,110472.09,0.04908,47.559459459459774,BINANCE
2025-09-02 13:44:51.072,110474.0,5e-05,47.387387387387385,BINANCE
2025-09-02 13:44:51.072,110474.75,5e-05,47.31981981981983,BINANCE
2025-09-02 13:44:51.072,110474.75,0.29868,47.31981981981983,BINANCE
2025-09-02 13:44:51.072,110472.07,5e-05,47.56126126126063,BINANCE
2025-09-02 13:44:51.072,110475.2,5e-05,47.27927927927954,BINANCE
2025-09-02 13:44:51.072,110475.21,5e-05,47.2783783783778,BINANCE
2025-09-02 13:44:51.072,110475.98,5e-05,47.20900900900937,BINANCE
2025-09-02 13:44:51.072,110475.99,5e-05,47.20810810810764,BINANCE
2025-09-02 13:44:51.072,110476.0,5e-05,47.207207207207205,BINANCE
2025-09-02 13:44:51.072,110477.0,7e-05,47.11711711711712,BINANCE
2025-09-02 13:44:51.072,110477.61,5e-05,47.06216216216211,BINANCE
2025-09-02 13:44:51.072,110477.97,5e-05,47.029729729729624,BINANCE
2025-09-02 13:44:51.072,110478.0,0.05948,47.02702702702703,BINANCE
2025-09-02 13:44:51.072,110472.01,5e-05,47.56666666666714,BINANCE
2025-09-02 13:44:51.072,110472.0,0.32069,47.56756756756757,BINANCE
2025-09-02 13:44:51.072,110472.0,0.35658,47.56756756756757,BINANCE
2025-09-02 13:44:51.072,110472.0,0.04526,47.56756756756757,BINANCE
2025-09-02 13:44:51.072,110472.0,5e-05,47.56756756756757,BINANCE
2025-09-02 13:44:51.072,110472.0,0.00021,47.56756756756757,BINANCE
2025-09-02 13:44:51.072,110472.0,0.07697,47.56756756756757,BINANCE
2025-09-02 13:44:51.072,110472.0,0.02653,47.56756756756757,BINANCE
2025-09-02 13:44:51.072,110472.0,0.0663,47.56756756756757,BINANCE
2025-09-02 13:44:51.072,110472.0,0.16873,47.56756756756757,BINANCE
2025-09-02 13:44:51.072,110472.0,0.00012,47.56756756756757,BINANCE
2025-09-02 13:44:51.072,110472.0,0.20863,47.56756756756757,BINANCE
2025-09-02 13:44:51.072,110472.0,0.05,47.56756756756757,BINANCE
2025-09-02 13:44:51.072,110472.0,0.2,47.56756756756757,BINANCE
2025-09-02 13:44:51.073,110482.79,0.00087,46.59549549549607,BINANCE
2025-09-02 13:44:51.073,110482.79,0.006,46.59549549549607,BINANCE
2025-09-02 13:44:51.073,110482.0,0.00375,46.66666666666667,BINANCE
2025-09-02 13:44:51.073,110482.79,0.04,46.59549549549607,BINANCE
2025-09-02 13:44:51.073,110482.79,0.06,46.59549549549607,BINANCE
2025-09-02 13:44:51.073,110482.0,0.05125,46.66666666666667,BINANCE
2025-09-02 13:44:51.073,110478.0,5e-05,47.02702702702703,BINANCE
2025-09-02 13:44:51.073,110479.0,0.0087,46.93693693693693,BINANCE
2025-09-02 13:44:51.073,110478.0,0.00682,47.02702702702703,BINANCE
2025-09-02 13:44:51.073,110481.28,5e-05,46.73153153153164,BINANCE
2025-09-02 13:44:51.073,110479.0,0.0523,46.93693693693693,BINANCE
2025-09-02 13:44:51.073,110478.3,0.00083,46.999999999999744,BINANCE
2025-09-02 13:44:51.074,110488.64,0.00072,46.06846846846852,BINANCE
2025-09-02 13:44:51.074,110490.79,0.038,45.874774774775354,BINANCE
2025-09-02 13:44:51.074,110490.67,0.022,45.88558558558574,BINANCE
2025-09-02 13:44:51.074,110488.0,7e-05,46.12612612612613,BINANCE
2025-09-02 13:44:51.074,110487.38,0.32579,46.181981981981565,BINANCE
2025-09-02 13:44:51.074,110486.7,5e-05,46.243243243243505,BINANCE
2025-09-02 13:44:51.074,110488.43,5e-05,46.08738738738801,BINANCE
2025-09-02 13:44:51.074,110486.4,0.00022,46.27027027027079,BINANCE
2025-09-02 13:44:51.074,110485.1,0.0062,46.387387387386866,BINANCE
2025-09-02 13:44:51.074,110484.86,0.00083,46.409009009008955,BINANCE
2025-09-02 13:44:51.074,110484.18,0.0362,46.470270270270895,BINANCE
2025-09-02 13:44:51.074,110483.02,5e-05,46.574774774774404,BINANCE
2025-09-02 13:44:51.074,110482.79,0.21894,46.59549549549607,BINANCE
2025-09-02 13:44:51.074,110486.59,0.003,46.25315315315346,BINANCE
2025-09-02 13:44:51.075,110491.83,0.04412,45.78108108108093,BINANCE
2025-09-02 13:44:51.075,110491.37,5e-05,45.82252252252294,BINANCE
2025-09-02 13:44:51.075,110490.79,0.015,45.874774774775354,BINANCE
2025-09-02 13:44:51.075,110491.33,0.00083,45.82612612612597,BINANCE
2025-09-02 13:44:51.077,110491.83,0.01948,45.78108108108093,BINANCE
2025-09-02 13:44:51.077,110491.88,0.04682,45.776576576576154,BINANCE
2025-09-02 13:44:51.077,110491.88,0.0035,45.776576576576154,BINANCE
2025-09-02 13:44:51.077,110491.88,0.06,45.776576576576154,BINANCE
2025-09-02 13:44:51.078,110492.11,0.06,45.7558558558558,BINANCE
2025-09-02 13:44:51.078,110492.11,0.08,45.7558558558558,BINANCE
2025-09-02 13:44:51.078,110492.11,0.38383,45.7558558558558,BINANCE
2025-09-02 13:44:51.078,110491.91,0.0689,45.77387387387356,BINANCE
2025-09-02 13:44:51.078,110491.88,0.09546,45.776576576576154,BINANCE
2025-09-02 13:44:51.078,110492.11,0.15564,45.7558558558558,BINANCE
2025-09-02 13:44:51.079,110492.11,0.0084,45.7558558558558,BINANCE
2025-09-02 13:44:51.081,110504.66,5e-05,44.625225225224916,BINANCE
2025-09-02 13:44:51.081,110504.36,0.00025,44.652252252252204,BINANCE
2025-09-02 13:44:51.081,110503.15,9e-05,44.76126126126179,BINANCE
2025-09-02 13:44:51.081,110502.39,0.0795,44.829729729729785,BINANCE
2025-09-02 13:44:51.081,110502.38,0.00083,44.83063063063021,BINANCE
2025-09-02 13:44:51.081,110501.57,0.106,44.903603603602974,BINANCE
2025-09-02 13:44:51.081,110501.04,0.13442,44.95135135135193,BINANCE
2025-09-02 13:44:51.081,110501.04,0.00362,44.95135135135193,BINANCE
2025-09-02 13:44:51.081,110500.77,0.003,44.97567567567531,BINANCE
2025-09-02 13:44:51.081,110500.0,0.1,45.04504504504504,BINANCE
2025-09-02 13:44:51.081,110500.0,0.00013,45.04504504504504,BINANCE
2025-09-02 13:44:51.081,110500.0,0.0181,45.04504504504504,BINANCE
2025-09-02 13:44:51.081,110501.5,0.0007,44.909909909909906,BINANCE
2025-09-02 13:44:51.081,110505.04,8e-05,44.59099099099157,BINANCE
2025-09-02 13:44:51.081,110506.64,0.05,44.4468468468469,BINANCE
2025-09-02 13:44:51.081,110507.07,0.05328,44.408108108107484,BINANCE
2025-09-02 13:44:51.081,110507.81,0.0001,44.34144144144165,BINANCE
2025-09-02 13:44:51.081,110508.05,8e-05,44.31981981981956,BINANCE
2025-09-02 13:44:51.081,110508.38,5e-05,44.29009009008968,BINANCE
2025-09-02 13:44:51.081,110508.49,5e-05,44.280180180179705,BINANCE
2025-09-02 13:44:51.081,110508.88,0.0413,44.24504504504463,BINANCE
2025-09-02 13:44:51.081,110509.71,0.00288,44.1702702702697,BINANCE
2025-09-02 13:44:51.081,110509.9,5e-05,44.15315315315368,BINANCE
2025-09-02 13:44:51.081,110509.99,0.04036,44.14504504504457,BINANCE
2025-09-02 13:44:51.081,110510.0,7e-05,44.14414414414414,BINANCE
2025-09-02 13:44:51.081,110510.07,5e-05,44.13783783783721,BINANCE
2025-09-02 13:44:51.081,110511.04,0.00476,44.05045045045103,BINANCE
2025-09-02 13:44:51.081,110499.55,5e-05,45.08558558558532,BINANCE
2025-09-02 13:44:51.081,110505.07,5e-05,44.58828828828766,BINANCE
2025-09-02 13:44:51.081,110499.25,5e-05,45.112612612612615,BINANCE
2025-09-02 13:44:51.081,110502.96,5e-05,44.7783783783778,BINANCE
2025-09-02 13:44:51.081,110498.55,5e-05,45.175675675675414,BINANCE
2025-09-02 13:44:51.081,110492.11,0.0266,45.7558558558558,BINANCE
2025-09-02 13:44:51.081,110492.11,0.0662,45.7558558558558,BINANCE
2025-09-02 13:44:51.081,110492.11,0.00045,45.7558558558558,BINANCE
2025-09-02 13:44:51.081,110492.11,0.00046,45.7558558558558,BINANCE
2025-09-02 13:44:51.081,110492.11,0.00767,45.7558558558558,BINANCE
2025-09-02 13:44:51.081,110492.11,0.00906,45.7558558558558,BINANCE
2025-09-02 13:44:51.081,110492.11,0.00304,45.7558558558558,BINANCE
2025-09-02 13:44:51.081,110492.11,0.00905,45.7558558558558,BINANCE
2025-09-02 13:44:51.081,110492.11,0.00156,45.7558558558558,BINANCE
2025-09-02 13:44:51.081,110492.12,5e-05,45.75495495495537,BINANCE
2025-09-02 13:44:51.081,110492.6,0.0007,45.71171171171119,BINANCE
2025-09-02 13:44:51.081,110493.84,5e-05,45.60000000000031,BINANCE
2025-09-02 13:44:51.081,110494.01,0.001,45.58468468468515,BINANCE
2025-09-02 13:44:51.081,110492.11,0.04258,45.7558558558558,BINANCE
2025-09-02 13:44:51.081,110494.78,0.00069,45.51531531531542,BINANCE
2025-09-02 13:44:51.081,110497.9,0.0742,45.234234234234755,BINANCE
2025-09-02 13:44:51.081,110497.8,0.12,45.24324324324298,BINANCE
2025-09-02 13:44:51.081,110494.38,0.00083,45.55135135135093,BINANCE
2025-09-02 13:44:51.081,110497.54,5e-05,45.26666666666724,BINANCE
2025-09-02 13:44:51.081,110496.76,0.00324,45.336936936937406,BINANCE
2025-09-02 13:44:51.081,110496.42,0.088,45.36756756756772,BINANCE
2025-09-02 13:44:51.081,110497.55,0.0636,45.2657657657655,BINANCE
2025-09-02 13:44:51.081,110495.35,0.053,45.46396396396344,BINANCE
2025-09-02 13:44:51.081,110495.32,0.053,45.466666666666036,BINANCE
2025-09-02 13:44:51.081,110494.87,5e-05,45.50720720720763,BINANCE
2025-09-02 13:44:51.081,110499.0,7e-05,45.13513513513513,BINANCE
2025-09-02 13:44:51.081,110494.79,5e-05,45.51441441441499,BINANCE
2025-09-02 13:44:51.081,110496.28,0.0795,45.38018018018028,BINANCE
2025-09-02 13:44:51.084,110492.58,0.00083,45.713513513513355,BINANCE
2025-09-02 13:44:51.084,110511.04,0.00144,44.05045045045103,BINANCE
2025-09-02 13:44:51.084,110512.5,0.07773,43.91891891891892,BINANCE
2025-09-02 13:44:51.085,110498.1,0.00082,45.21621621621569,BINANCE
2025-09-02 13:44:51.085,110512.5,0.03918,43.91891891891892,BINANCE
2025-09-02 13:44:51.091,110493.42,5e-05,45.63783783783799,BINANCE
2025-09-02 13:44:51.095,110513.23,0.0015,43.85315315315352,BINANCE
2025-09-02 13:44:51.095,110494.49,5e-05,45.54144144144097,BINANCE
2025-09-02 13:44:51.102,110511.04,5e-05,44.05045045045103,BINANCE
2025-09-02 13:44:51.108,110511.03,0.02799,44.05135135135146,BINANCE
2025-09-02 13:44:51.114,110511.04,0.00095,44.05045045045103,BINANCE
2025-09-02 13:44:51.114,110511.04,0.00083,44.05045045045103,BINANCE
2025-09-02 13:44:51.114,110511.04,0.00182,44.05045045045103,BINANCE
2025-09-02 13:44:51.114,110511.04,0.0039,44.05045045045103,BINANCE
2025-09-02 13:44:51.122,110511.04,0.018,44.05045045045103,BINANCE
2025-09-02 13:44:51.122,110511.04,0.019,44.05045045045103,BINANCE
2025-09-02 13:44:51.123,110511.04,0.006,44.05045045045103,BINANCE
2025-09-02 13:44:51.123,110511.04,0.019,44.05045045045103,BINANCE
2025-09-02 13:44:51.123,110511.04,0.02,44.05045045045103,BINANCE
2025-09-02 13:44:51.125,110511.04,0.02715,44.05045045045103,BINANCE
2025-09-02 13:44:51.130,110511.04,0.016,44.05045045045103,BINANCE
2025-09-02 13:44:51.131,110511.04,0.006,44.05045045045103,BINANCE
2025-09-02 13:44:51.131,110511.04,0.00905,44.05045045045103,BINANCE
2025-09-02 13:44:51.134,110511.04,0.00905,44.05045045045103,BINANCE
2025-09-02 13:44:51.142,110511.04,0.00055,44.05045045045103,BINANCE
2025-09-02 13:44:51.147,110511.04,0.018,44.05045045045103,BINANCE
2025-09-02 13:44:51.154,110511.04,0.019,44.05045045045103,BINANCE
2025-09-02 13:44:51.157,110511.04,0.018,44.05045045045103,BINANCE
2025-09-02 13:44:51.158,110511.04,0.006,44.05045045045103,BINANCE
2025-09-02 13:44:51.161,110511.04,0.0018,44.05045045045103,BINANCE
2025-09-02 13:44:51.164,110511.04,0.00287,44.05045045045103,BINANCE
2025-09-02 13:44:51.209,110511.03,0.003,44.05135135135146,BINANCE
2025-09-02 13:44:51.213,110511.04,0.00726,44.05045045045103,BINANCE
2025-09-02 13:44:51.235,110511.03,0.00046,44.05135135135146,BINANCE
2025-09-02 13:44:51.235,110511.03,5e-05,44.05135135135146,BINANCE
2025-09-02 13:44:51.235,110511.03,0.00026,44.05135135135146,BINANCE
2025-09-02 13:44:51.249,110511.04,0.00043,44.05045045045103,BINANCE
2025-09-02 13:44:51.271,110511.03,0.00014,44.05135135135146,BINANCE
2025-09-02 13:44:51.277,110511.04,0.001,44.05045045045103,BINANCE
2025-09-02 13:44:51.468,110511.04,0.036,44.05045045045103,BINANCE
2025-09-02 13:44:51.496,110511.03,0.01674,44.05135135135146,BINANCE
2025-09-02 13:44:51.638,110511.04,0.0012,44.05045045045103,BINANCE
2025-09-02 13:44:51.638,110511.04,0.10539,44.05045045045103,BINANCE
2025-09-02 13:44:51.638,110511.04,0.00141,44.05045045045103,BINANCE
2025-09-02 13:44:51.731,110511.03,0.00195,44.05135135135146,BINANCE
2025-09-02 13:44:51.731,110511.03,5e-05,44.05135135135146,BINANCE
2025-09-02 13:44:52.015,110509.81,5e-05,44.16126126126147,BINANCE
2025-09-02 13:44:52.015,110510.07,5e-05,44.13783783783721,BINANCE
2025-09-02 13:44:52.015,110511.03,5e-05,44.05135135135146,BINANCE
2025-09-02 13:44:52.015,110511.02,0.0001,44.05225225225189,BINANCE
2025-09-02 13:44:52.015,110511.03,0.0001,44.05135135135146,BINANCE
2025-09-02 13:44:52.015,110511.03,0.00011,44.05135135135146,BINANCE
2025-09-02 13:44:52.015,110511.03,0.01182,44.05135135135146,BINANCE
2025-09-02 13:44:52.015,110511.03,0.05238,44.05135135135146,BINANCE
2025-09-02 13:44:52.069,110509.8,0.00042,44.1621621621619,BINANCE
2025-09-02 13:44:52.361,110509.8,0.00032,44.1621621621619,BINANCE
2025-09-02 13:44:52.614,110509.8,5e-05,44.1621621621619,BINANCE
2025-09-02 13:44:52.614,110509.8,0.01783,44.1621621621619,BINANCE
2025-09-02 13:44:52.615,110509.8,0.0001,44.1621621621619,BINANCE
2025-09-02 13:44:52.615,110509.32,5e-05,44.205405405404775,BINANCE
2025-09-02 13:44:52.615,110509.79,0.0001,44.16306306306364,BINANCE
2025-09-02 13:44:52.615,110507.27,5e-05,44.39009009008972,BINANCE
2025-09-02 13:44:52.615,110509.8,5e-05,44.1621621621619,BINANCE
2025-09-02 13:44:52.615,110509.8,0.00069,44.1621621621619,BINANCE
2025-09-02 13:44:52.615,110509.8,0.03585,44.1621621621619,BINANCE
2025-09-02 13:44:52.628,110507.26,9e-05,44.39099099099147,BINANCE
2025-09-02 13:44:52.884,110507.26,0.01739,44.39099099099147,BINANCE
2025-09-02 13:44:53.355,110507.26,5e-05,44.39099099099147,BINANCE
2025-09-02 13:44:53.355,110507.26,0.0001,44.39099099099147,BINANCE
2025-09-02 13:44:53.355,110504.35,5e-05,44.65315315315263,BINANCE
2025-09-02 13:44:53.355,110507.25,0.0001,44.391891891891895,BINANCE
2025-09-02 13:44:53.355,110504.66,5e-05,44.625225225224916,BINANCE
2025-09-02 13:44:53.355,110507.26,0.00069,44.39099099099147,BINANCE
2025-09-02 13:44:53.357,110504.34,5e-05,44.65405405405437,BINANCE
2025-09-02 13:44:53.357,110504.01,5e-05,44.68378378378425,BINANCE
2025-09-02 13:44:53.445,110503.99,6e-05,44.68558558558511,BINANCE
2025-09-02 13:44:53.445,110502.01,5e-05,44.86396396396444,BINANCE
2025-09-02 13:44:53.445,110504.0,0.0001,44.68468468468468,BINANCE
2025-09-02 13:44:53.445,110504.0,5e-05,44.68468468468468,BINANCE
2025-09-02 13:44:53.445,110504.0,0.00069,44.68468468468468,BINANCE
2025-09-02 13:44:53.447,110499.23,5e-05,45.11441441441479,BINANCE
2025-09-02 13:44:53.447,110499.25,5e-05,45.112612612612615,BINANCE
2025-09-02 13:44:53.447,110500.0,5e-05,45.04504504504504,BINANCE
2025-09-02 13:44:53.447,110502.0,5e-05,44.86486486486486,BINANCE
2025-09-02 13:44:53.451,110498.01,5e-05,45.2243243243248,BINANCE
2025-09-02 13:44:53.451,110498.99,7e-05,45.13603603603556,BINANCE
2025-09-02 13:44:53.451,110499.22,0.0001,45.11531531531521,BINANCE
2025-09-02 13:44:53.451,110499.22,5e-05,45.11531531531521,BINANCE
2025-09-02 13:44:53.451,110499.22,3e-05,45.11531531531521,BINANCE
2025-09-02 13:44:53.451,110499.22,2e-05,45.11531531531521,BINANCE
2025-09-02 13:44:53.491,110498.0,0.00962,45.22522522522523,BINANCE
2025-09-02 13:44:53.516,110497.12,5e-05,45.30450450450492,BINANCE
2025-09-02 13:44:53.516,110497.54,5e-05,45.26666666666724,BINANCE
2025-09-02 13:44:53.516,110497.11,0.29812,45.30540540540535,BINANCE
2025-09-02 13:44:53.516,110498.0,0.0001,45.22522522522523,BINANCE
2025-09-02 13:44:53.516,110494.56,5e-05,45.53513513513534,BINANCE
2025-09-02 13:44:53.516,110494.55,0.03985,45.536036036035775,BINANCE
2025-09-02 13:44:53.516,110497.11,0.0005,45.30540540540535,BINANCE
2025-09-02 13:44:53.516,110497.99,0.0001,45.226126126125656,BINANCE
2025-09-02 13:44:53.516,110498.0,5e-05,45.22522522522523,BINANCE
2025-09-02 13:44:53.516,110498.0,0.0298,45.22522522522523,BINANCE
2025-09-02 13:44:53.516,110498.0,0.4291,45.22522522522523,BINANCE
2025-09-02 13:44:53.516,110498.0,0.05668,45.22522522522523,BINANCE
2025-09-02 13:44:53.518,110494.55,0.28592,45.536036036035775,BINANCE
2025-09-02 13:44:53.518,110494.45,0.003,45.54504504504531,BINANCE
2025-09-02 13:44:53.519,110494.01,5e-05,45.58468468468515,BINANCE
2025-09-02 13:44:53.519,110494.55,0.0001,45.536036036035775,BINANCE
2025-09-02 13:44:53.521,110494.0,5e-05,45.585585585585584,BINANCE
2025-09-02 13:44:53.521,110494.0,0.0001,45.585585585585584,BINANCE
2025-09-02 13:44:53.521,110493.84,5e-05,45.60000000000031,BINANCE
2025-09-02 13:44:53.521,110493.21,0.00073,45.65675675675618,BINANCE
2025-09-02 13:44:53.521,110492.12,5e-05,45.75495495495537,BINANCE
2025-09-02 13:44:53.521,110488.55,5e-05,46.076576576576315,BINANCE
2025-09-02 13:44:53.523,110487.55,5e-05,46.1666666666664,BINANCE
2025-09-02 13:44:53.523,110487.99,7e-05,46.12702702702656,BINANCE
2025-09-02 13:44:53.523,110488.54,5e-05,46.077477477478055,BINANCE
2025-09-02 13:44:53.523,110488.43,5e-05,46.08738738738801,BINANCE
2025-09-02 13:44:53.527,110487.54,0.0018,46.16756756756815,BINANCE
2025-09-02 13:44:53.527,110487.54,5e-05,46.16756756756815,BINANCE
2025-09-02 13:44:53.528,110487.54,0.00193,46.16756756756815,BINANCE
2025-09-02 13:44:54.003,110487.55,0.04195,46.1666666666664,BINANCE
2025-09-02 13:44:54.003,110487.55,0.02214,46.1666666666664,BINANCE
2025-09-02 13:44:54.221,110487.54,6e-05,46.16756756756815,BINANCE
2025-09-02 13:44:54.661,110487.54,0.0861,46.16756756756815,BINANCE
2025-09-02 13:44:54.744,110487.55,0.00537,46.1666666666664,BINANCE
2025-09-02 13:44:54.745,110487.55,7e-05,46.1666666666664,BINANCE
2025-09-02 13:44:54.766,110487.54,8e-05,46.16756756756815,BINANCE
2025-09-02 13:44:54.836,110487.55,5e-05,46.1666666666664,BINANCE
2025-09-02 13:44:54.921,110487.55,0.00104,46.1666666666664,BINANCE
2025-09-02 13:44:55.222,110487.54,0.00046,46.16756756756815,BINANCE
2025-09-02 13:44:55.256,110487.54,0.00904,46.16756756756815,BINANCE
2025-09-02 13:44:55.720,110487.54,0.00197,46.16756756756815,BINANCE
2025-09-02 13:44:55.720,110487.54,0.00178,46.16756756756815,BINANCE
2025-09-02 13:44:55.744,110487.55,0.00089,46.1666666666664,BINANCE
2025-09-02 13:44:55.761,110487.54,0.00039,46.16756756756815,BINANCE
2025-09-02 13:44:56.371,110487.55,0.00057,46.1666666666664,BINANCE
2025-09-02 13:44:56.767,110487.54,0.00033,46.16756756756815,BINANCE
2025-09-02 13:44:57.626,110487.55,0.00056,46.1666666666664,BINANCE
2025-09-02 13:44:57.676,110487.54,0.00033,46.16756756756815,BINANCE
2025-09-02 13:44:57.683,110487.54,0.0003,46.16756756756815,BINANCE
2025-09-02 13:44:57.754,110487.54,0.00017,46.16756756756815,BINANCE
2025-09-02 13:44:57.933,110487.54,0.00058,46.16756756756815,BINANCE
2025-09-02 13:44:58.394,110487.54,0.00055,46.16756756756815,BINANCE
2025-09-02 13:44:58.539,110487.54,0.00055,46.16756756756815,BINANCE
2025-09-02 13:44:59.081,110487.55,0.06036,46.1666666666664,BINANCE
2025-09-02 13:44:59.106,110487.55,0.00086,46.1666666666664,BINANCE
2025-09-02 13:44:59.172,110487.54,0.0001,46.16756756756815,BINANCE
2025-09-02 13:44:59.228,110487.54,5e-05,46.16756756756815,BINANCE
2025-09-02 13:44:59.228,110487.54,0.0067,46.16756756756815,BINANCE
2025-09-02 13:44:59.237,110487.54,0.00195,46.16756756756815,BINANCE
2025-09-02 13:44:59.271,110487.54,5e-05,46.16756756756815,BINANCE
2025-09-02 13:44:59.271,110487.53,5e-05,46.168468468468575,BINANCE
2025-09-02 13:44:59.271,110486.7,5e-05,46.243243243243505,BINANCE
2025-09-02 13:44:59.271,110484.01,5e-05,46.48558558558606,BINANCE
2025-09-02 13:44:59.271,110487.53,0.0001,46.168468468468575,BINANCE
2025-09-02 13:44:59.271,110487.54,0.0001,46.16756756756815,BINANCE
2025-09-02 13:44:59.271,110487.54,0.00143,46.16756756756815,BINANCE
2025-09-02 13:44:59.271,110487.54,8e-05,46.16756756756815,BINANCE
2025-09-02 13:44:59.271,110487.54,0.00012,46.16756756756815,BINANCE
2025-09-02 13:44:59.271,110487.54,0.00543,46.16756756756815,BINANCE
2025-09-02 13:44:59.388,110483.99,5e-05,46.48738738738691,BINANCE
2025-09-02 13:44:59.388,110484.0,0.01,46.486486486486484,BINANCE
2025-09-02 13:44:59.388,110484.0,0.03628,46.486486486486484,BINANCE
2025-09-02 13:44:59.388,110483.99,0.0001,46.48738738738691,BINANCE
2025-09-02 13:44:59.388,110482.48,5e-05,46.623423423423795,BINANCE
2025-09-02 13:44:59.388,110482.47,5e-05,46.62432432432421,BINANCE
2025-09-02 13:44:59.388,110481.55,0.00135,46.70720720720695,BINANCE
2025-09-02 13:44:59.388,110484.0,0.00801,46.486486486486484,BINANCE
2025-09-02 13:44:59.388,110483.02,5e-05,46.574774774774404,BINANCE
2025-09-02 13:44:59.388,110484.0,5e-05,46.486486486486484,BINANCE
2025-09-02 13:44:59.388,110484.0,0.00116,46.486486486486484,BINANCE
2025-09-02 13:44:59.388,110484.0,0.0001,46.486486486486484,BINANCE
2025-09-02 13:44:59.388,110484.0,0.05429,46.486486486486484,BINANCE
2025-09-02 13:44:59.392,110480.0,5e-05,46.846846846846844,BINANCE
2025-09-02 13:44:59.392,110480.0,0.0181,46.846846846846844,BINANCE
2025-09-02 13:44:59.392,110481.28,5e-05,46.73153153153164,BINANCE
2025-09-02 13:44:59.447,110479.99,5e-05,46.84774774774728,BINANCE
2025-09-02 13:44:59.447,110479.99,0.0001,46.84774774774728,BINANCE
2025-09-02 13:44:59.447,110477.87,0.003,47.038738738739156,BINANCE
2025-09-02 13:44:59.447,110477.68,5e-05,47.055855855856485,BINANCE
2025-09-02 13:44:59.447,110477.61,5e-05,47.06216216216211,BINANCE
2025-09-02 13:44:59.447,110476.5,0.00018,47.16216216216216,BINANCE
2025-09-02 13:44:59.447,110475.86,5e-05,47.21981981981977,BINANCE
2025-09-02 13:44:59.447,110474.5,0.00045,47.34234234234234,BINANCE
2025-09-02 13:44:59.447,110474.5,0.00023,47.34234234234234,BINANCE
2025-09-02 13:44:59.447,110474.25,5e-05,47.36486486486486,BINANCE
2025-09-02 13:44:59.447,110473.74,0.0001,47.41081081081034,BINANCE
2025-09-02 13:44:59.447,110472.2,5e-05,47.54954954954981,BINANCE
2025-09-02 13:44:59.447,110471.99,5e-05,47.568468468468,BINANCE
2025-09-02 13:44:59.447,110471.72,0.00098,47.592792792792686,BINANCE
2025-09-02 13:44:59.447,110474.54,0.00018,47.33873873873932,BINANCE
2025-09-02 13:44:59.447,110480.0,0.0001,46.846846846846844,BINANCE
2025-09-02 13:44:59.447,110480.0,5e-05,46.846846846846844,BINANCE
2025-09-02 13:44:59.518,110471.61,5e-05,47.60270270270265,BINANCE
2025-09-02 13:44:59.518,110469.63,5e-05,47.781081081080664,BINANCE
2025-09-02 13:44:59.518,110471.58,0.00018,47.60540540540524,BINANCE
2025-09-02 13:44:59.518,110471.11,0.00018,47.6477477477477,BINANCE
2025-09-02 13:44:59.518,110470.54,0.00035,47.699099099099676,BINANCE
2025-09-02 13:44:59.518,110471.0,0.00091,47.65765765765766,BINANCE
2025-09-02 13:44:59.518,110470.54,0.00146,47.699099099099676,BINANCE
2025-09-02 13:44:59.518,110470.44,5e-05,47.70810810810789,BINANCE
2025-09-02 13:44:59.518,110471.0,0.00181,47.65765765765766,BINANCE
2025-09-02 13:44:59.518,110471.61,0.0001,47.60270270270265,BINANCE
2025-09-02 13:44:59.518,110471.62,0.0001,47.601801801802225,BINANCE
2025-09-02 13:44:59.518,110471.62,5e-05,47.601801801802225,BINANCE
2025-09-02 13:44:59.840,110469.62,5e-05,47.7819819819824,BINANCE
2025-09-02 13:45:00.017,110469.62,5e-05,47.7819819819824,BINANCE
2025-09-02 13:45:00.017,110469.62,0.00044,47.7819819819824,BINANCE
2025-09-02 13:45:00.083,110469.33,5e-05,47.80810810810795,BINANCE
2025-09-02 13:45:00.083,110469.61,5e-05,47.78288288288283,BINANCE
2025-09-02 13:45:00.083,110469.61,0.0001,47.78288288288283,BINANCE
2025-09-02 13:45:00.083,110469.62,5e-05,47.7819819819824,BINANCE
2025-09-02 13:45:00.083,110469.62,0.0001,47.7819819819824,BINANCE
2025-09-02 13:45:00.090,110469.31,5e-05,47.80990990991012,BINANCE
2025-09-02 13:45:00.090,110468.0,5e-05,47.92792792792793,BINANCE
2025-09-02 13:45:00.090,110468.01,5e-05,47.92702702702749,BINANCE
2025-09-02 13:45:00.090,110469.31,0.0001,47.80990990991012,BINANCE
2025-09-02 13:45:00.090,110469.32,0.0001,47.80900900900838,BINANCE
2025-09-02 13:45:00.090,110469.32,5e-05,47.80900900900838,BINANCE
2025-09-02 13:45:00.096,110467.8,5e-05,47.94594594594568,BINANCE
2025-09-02 13:45:00.098,110467.79,5e-05,47.94684684684743,BINANCE
2025-09-02 13:45:00.099,110467.79,5e-05,47.94684684684743,BINANCE
2025-09-02 13:45:00.113,110466.78,5e-05,48.03783783783795,BINANCE
2025-09-02 13:45:00.113,110466.46,5e-05,48.066666666666094,BINANCE
2025-09-02 13:45:00.113,110466.01,5e-05,48.10720720720768,BINANCE
2025-09-02 13:45:00.113,110466.0,5e-05,48.108108108108105,BINANCE
2025-09-02 13:45:00.113,110465.06,5e-05,48.192792792793,BINANCE
2025-09-02 13:45:00.113,110467.79,5e-05,47.94684684684743,BINANCE
2025-09-02 13:45:00.113,110465.05,5e-05,48.193693693693426,BINANCE
2025-09-02 13:45:00.113,110465.02,5e-05,48.19639639639603,BINANCE
2025-09-02 13:45:00.113,110464.01,5e-05,48.28738738738786,BINANCE
2025-09-02 13:45:00.113,110464.0,5e-05,48.288288288288285,BINANCE
2025-09-02 13:45:00.113,110463.98,5e-05,48.29009009009046,BINANCE
2025-09-02 13:45:00.113,110462.82,0.00126,48.39459459459397,BINANCE
2025-09-02 13:45:00.113,110466.79,5e-05,48.036936936937515,BINANCE
2025-09-02 13:45:00.113,110467.78,5e-05,47.94774774774785,BINANCE
2025-09-02 13:45:00.113,110467.79,0.0001,47.94684684684743,BINANCE
2025-09-02 13:45:00.113,110467.78,0.0001,47.94774774774785,BINANCE
2025-09-02 13:45:00.115,110462.82,9e-05,48.39459459459397,BINANCE
2025-09-02 13:45:00.115,110462.11,0.00036,48.4585585585585,BINANCE
2025-09-02 13:45:00.125,110462.11,0.00183,48.4585585585585,BINANCE
2025-09-02 13:45:00.130,110462.11,0.00905,48.4585585585585,BINANCE
2025-09-02 13:45:00.138,110462.11,0.00476,48.4585585585585,BINANCE
2025-09-02 13:45:00.138,110462.11,5e-05,48.4585585585585,BINANCE
2025-09-02 13:45:00.138,110462.09,0.00419,48.460360360360674,BINANCE
2025-09-02 13:45:00.151,110462.09,0.0065,48.460360360360674,BINANCE
2025-09-02 13:45:00.154,110462.09,0.00091,48.460360360360674,BINANCE
2025-09-02 13:45:00.158,110462.09,0.03318,48.460360360360674,BINANCE
2025-09-02 13:45:00.158,110462.09,5e-05,48.460360360360674,BINANCE
2025-09-02 13:45:00.158,110461.38,5e-05,48.524324324323906,BINANCE
2025-09-02 13:45:00.172,110460.0,0.01676,48.648648648648646,BINANCE
2025-09-02 13:45:00.172,110460.01,5e-05,48.64774774774822,BINANCE
2025-09-02 13:45:00.172,110460.55,5e-05,48.59909909909884,BINANCE
2025-09-02 13:45:00.174,110460.0,0.00044,48.648648648648646,BINANCE
2025-09-02 13:45:00.174,110460.0,0.00811,48.648648648648646,BINANCE
2025-09-02 13:45:00.184,110459.24,0.01461,48.71711711711664,BINANCE
2025-09-02 13:45:00.184,110459.25,5e-05,48.71621621621622,BINANCE
2025-09-02 13:45:00.184,110460.0,5e-05,48.648648648648646,BINANCE
2025-09-02 13:45:00.184,110460.0,0.00494,48.648648648648646,BINANCE
2025-09-02 13:45:00.193,110454.54,0.00135,49.14054054054112,BINANCE
2025-09-02 13:45:00.193,110455.05,0.01816,49.09459459459433,BINANCE
2025-09-02 13:45:00.193,110455.05,5e-05,49.09459459459433,BINANCE
2025-09-02 13:45:00.193,110454.99,7e-05,49.099999999999525,BINANCE
2025-09-02 13:45:00.193,110454.81,7e-05,49.11621621621643,BINANCE
2025-09-02 13:45:00.193,110454.19,0.0001,49.17207207207186,BINANCE
2025-09-02 13:45:00.193,110453.05,5e-05,49.274774774774514,BINANCE
2025-09-02 13:45:00.193,110453.97,5e-05,49.19189189189179,BINANCE
2025-09-02 13:45:00.193,110453.71,5e-05,49.21531531531474,BINANCE
2025-09-02 13:45:00.193,110453.04,5e-05,49.275675675676254,BINANCE
2025-09-02 13:45:00.193,110455.41,0.003,49.06216216216185,BINANCE
2025-09-02 13:45:00.193,110454.18,5e-05,49.172972972973604,BINANCE
2025-09-02 13:45:00.193,110455.97,5e-05,49.011711711711605,BINANCE
2025-09-02 13:45:00.193,110457.9,5e-05,48.837837837838364,BINANCE
2025-09-02 13:45:00.193,110456.45,0.03526,48.96846846846873,BINANCE
2025-09-02 13:45:00.193,110459.24,0.02612,48.71711711711664,BINANCE
2025-09-02 13:45:00.193,110459.24,5e-05,48.71711711711664,BINANCE
2025-09-02 13:45:00.193,110458.19,0.0001,48.8117117117115,BINANCE
2025-09-02 13:45:00.193,110458.14,5e-05,48.81621621621627,BINANCE
2025-09-02 13:45:00.193,110454.63,5e-05,49.13243243243201,BINANCE
2025-09-02 13:45:00.193,110458.13,0.04067,48.8171171171167,BINANCE
2025-09-02 13:45:00.193,110458.13,5e-05,48.8171171171167,BINANCE
2025-09-02 13:45:00.193,110457.9,0.00997,48.837837837838364,BINANCE
2025-09-02 13:45:00.193,110457.9,0.00035,48.837837837838364,BINANCE
2025-09-02 13:45:00.194,110450.56,5e-05,49.49909909909931,BINANCE
2025-09-02 13:45:00.194,110450.43,0.0001,49.51081081081144,BINANCE
2025-09-02 13:45:00.194,110450.28,5e-05,49.524324324324425,BINANCE
2025-09-02 13:45:00.194,110449.91,5e-05,49.557657657657344,BINANCE
2025-09-02 13:45:00.194,110449.9,0.02246,49.558558558559085,BINANCE
2025-09-02 13:45:00.195,110449.9,0.01834,49.558558558559085,BINANCE
2025-09-02 13:45:00.195,110449.9,0.00461,49.558558558559085,BINANCE
2025-09-02 13:45:00.195,110449.9,5e-05,49.558558558559085,BINANCE
2025-09-02 13:45:00.197,110449.91,5e-05,49.557657657657344,BINANCE
2025-09-02 13:45:00.204,110448.76,5e-05,49.661261261261735,BINANCE
2025-09-02 13:45:00.204,110448.6,5e-05,49.67567567567516,BINANCE
2025-09-02 13:45:00.204,110447.27,0.00271,49.795495495495125,BINANCE
2025-09-02 13:45:00.204,110447.2,0.00072,49.801801801802064,BINANCE
2025-09-02 13:45:00.204,110446.86,5e-05,49.832432432432384,BINANCE
2025-09-02 13:45:00.204,110446.77,0.00098,49.840540540540175,BINANCE
2025-09-02 13:45:00.204,110446.17,0.0001,49.89459459459476,BINANCE
2025-09-02 13:45:00.204,110446.17,0.0033,49.89459459459476,BINANCE
2025-09-02 13:45:00.204,110445.64,5e-05,49.9423423423424,BINANCE
2025-09-02 13:45:00.207,110445.34,5e-05,49.96936936936969,BINANCE
2025-09-02 13:45:00.228,110442.32,5e-05,50.24144144144081,BINANCE
2025-09-02 13:45:00.228,110441.64,0.01563,50.30270270270276,BINANCE
2025-09-02 13:45:00.228,110441.75,0.00271,50.292792792792795,BINANCE
2025-09-02 13:45:00.228,110443.34,5e-05,50.14954954954986,BINANCE
2025-09-02 13:45:00.228,110443.15,0.0001,50.16666666666719,BINANCE
2025-09-02 13:45:00.228,110443.44,5e-05,50.140540540540336,BINANCE
2025-09-02 13:45:00.228,110443.43,5e-05,50.14144144144207,BINANCE
2025-09-02 13:45:00.228,110445.32,0.00022,49.971171171170546,BINANCE
2025-09-02 13:45:00.228,110443.99,7e-05,50.09099099099052,BINANCE
2025-09-02 13:45:00.228,110444.01,5e-05,50.08918918918966,BINANCE
2025-09-02 13:45:00.228,110445.15,5e-05,49.98648648648701,BINANCE
2025-09-02 13:45:00.228,110443.6,0.01782,50.1261261261256,BINANCE
2025-09-02 13:45:00.229,110441.64,0.02346,50.30270270270276,BINANCE
2025-09-02 13:45:00.231,110441.64,0.39928,50.30270270270276,BINANCE
2025-09-02 13:45:00.231,110441.64,0.00906,50.30270270270276,BINANCE
2025-09-02 13:45:00.231,110441.64,0.08675,50.30270270270276,BINANCE
2025-09-02 13:45:00.231,110441.64,0.01084,50.30270270270276,BINANCE
2025-09-02 13:45:00.231,110441.64,0.01849,50.30270270270276,BINANCE
2025-09-02 13:45:00.231,110441.64,0.02324,50.30270270270276,BINANCE
2025-09-02 13:45:00.232,110438.45,5e-05,50.59009009009036,BINANCE
2025-09-02 13:45:00.232,110436.91,0.0294,50.72882882882852,BINANCE
2025-09-02 13:45:00.232,110436.91,8e-05,50.72882882882852,BINANCE
2025-09-02 13:45:00.232,110437.26,0.0001,50.697297297297766,BINANCE
2025-09-02 13:45:00.232,110437.82,0.003,50.646846846846216,BINANCE
2025-09-02 13:45:00.232,110436.59,5e-05,50.75765765765797,BINANCE
2025-09-02 13:45:00.232,110437.92,5e-05,50.637837837838,BINANCE
2025-09-02 13:45:00.232,110436.48,9e-05,50.76756756756794,BINANCE
2025-09-02 13:45:00.232,110439.74,5e-05,50.4738738738734,BINANCE
2025-09-02 13:45:00.232,110440.01,5e-05,50.44954954955002,BINANCE
2025-09-02 13:45:00.232,110440.0,5e-05,50.45045045045045,BINANCE
2025-09-02 13:45:00.232,110440.05,0.10861,50.44594594594568,BINANCE
2025-09-02 13:45:00.232,110440.62,0.0062,50.39459459459501,BINANCE
2025-09-02 13:45:00.232,110441.64,0.25718,50.30270270270276,BINANCE
2025-09-02 13:45:00.232,110441.64,0.01024,50.30270270270276,BINANCE
2025-09-02 13:45:00.232,110441.64,0.00583,50.30270270270276,BINANCE
2025-09-02 13:45:00.232,110440.0,0.01811,50.45045045045045,BINANCE
2025-09-02 13:45:00.232,110440.19,0.0001,50.43333333333312,BINANCE
2025-09-02 13:45:00.237,110433.88,0.053,51.001801801801385,BINANCE
2025-09-02 13:45:00.237,110432.99,7e-05,51.081981981981514,BINANCE
2025-09-02 13:45:00.237,110433.14,0.08,51.068468468468524,BINANCE
2025-09-02 13:45:00.237,110433.16,5e-05,51.06666666666635,BINANCE
2025-09-02 13:45:00.237,110433.19,0.01757,51.06396396396376,BINANCE
2025-09-02 13:45:00.237,110434.04,0.0689,50.98738738738796,BINANCE
2025-09-02 13:45:00.237,110434.19,0.0001,50.973873873873664,BINANCE
2025-09-02 13:45:00.237,110434.33,5e-05,50.96126126126111,BINANCE
2025-09-02 13:45:00.237,110435.2,0.022,50.88288288288315,BINANCE
2025-09-02 13:45:00.237,110434.13,0.053,50.979279279278856,BINANCE
2025-09-02 13:45:00.247,110432.5,5e-05,51.126126126126124,BINANCE
2025-09-02 13:45:00.247,110432.46,5e-05,51.12972972972915,BINANCE
2025-09-02 13:45:00.257,110431.9,0.01572,51.180180180180706,BINANCE
2025-09-02 13:45:00.268,110431.9,0.00201,51.180180180180706,BINANCE
2025-09-02 13:45:00.271,110430.95,5e-05,51.265765765766034,BINANCE
2025-09-02 13:45:00.271,110431.04,0.0001,51.25765765765823,BINANCE
2025-09-02 13:45:00.271,110431.28,0.02,51.23603603603614,BINANCE
2025-09-02 13:45:00.271,110431.9,0.02753,51.180180180180706,BINANCE
2025-09-02 13:45:00.272,110430.08,5e-05,51.34414414414399,BINANCE
2025-09-02 13:45:00.273,110430.08,0.03995,51.34414414414399,BINANCE
2025-09-02 13:45:00.273,110430.02,0.0027,51.34954954954918,BINANCE
2025-09-02 13:45:00.278,110429.74,5e-05,51.3747747747743,BINANCE
2025-09-02 13:45:00.278,110428.98,0.03995,51.443243243243614,BINANCE
2025-09-02 13:45:00.284,110425.77,0.00787,51.73243243243207,BINANCE
2025-09-02 13:45:00.284,110426.32,5e-05,51.68288288288225,BINANCE
2025-09-02 13:45:00.284,110427.08,5e-05,51.61441441441426,BINANCE
2025-09-02 13:45:00.284,110428.18,0.0001,51.515315315315945,BINANCE
2025-09-02 13:45:00.284,110428.92,5e-05,51.448648648648806,BINANCE
2025-09-02 13:45:00.284,110427.84,0.00098,51.545945945946265,BINANCE
2025-09-02 13:45:00.286,110425.77,0.0002,51.73243243243207,BINANCE
2025-09-02 13:45:00.293,110425.77,0.00881,51.73243243243207,BINANCE
2025-09-02 13:45:00.293,110425.77,0.00071,51.73243243243207,BINANCE
2025-09-02 13:45:00.293,110425.38,0.00834,51.76756756756715,BINANCE
2025-09-02 13:45:00.294,110425.38,0.00785,51.76756756756715,BINANCE
2025-09-02 13:45:00.294,110424.0,0.002,51.89189189189189,BINANCE
2025-09-02 13:45:00.294,110423.51,5e-05,51.93603603603651,BINANCE
2025-09-02 13:45:00.294,110423.39,0.0001,51.946846846846896,BINANCE
2025-09-02 13:45:00.294,110422.89,5e-05,51.991891891891946,BINANCE
2025-09-02 13:45:00.294,110422.61,0.02266,52.01711711711707,BINANCE
2025-09-02 13:45:00.296,110422.61,0.03034,52.01711711711707,BINANCE
2025-09-02 13:45:00.296,110422.42,0.00111,52.03423423423439,BINANCE
2025-09-02 13:45:00.299,110422.42,0.03018,52.03423423423439,BINANCE
2025-09-02 13:45:00.302,110422.42,0.00905,52.03423423423439,BINANCE
2025-09-02 13:45:00.306,110422.42,0.00102,52.03423423423439,BINANCE
2025-09-02 13:45:00.308,110422.42,0.00906,52.03423423423439,BINANCE
2025-09-02 13:45:00.308,110422.42,0.00258,52.03423423423439,BINANCE
2025-09-02 13:45:00.308,110421.99,7e-05,52.0729729729725,BINANCE
2025-09-02 13:45:00.308,110421.66,5e-05,52.10270270270239,BINANCE
2025-09-02 13:45:00.308,110421.42,5e-05,52.124324324324476,BINANCE
2025-09-02 13:45:00.308,110420.47,5e-05,52.209909909909804,BINANCE
2025-09-02 13:45:00.308,110420.4,0.01171,52.21621621621674,BINANCE
2025-09-02 13:45:00.308,110420.0,0.0036,52.252252252252255,BINANCE
2025-09-02 13:45:00.320,110420.0,0.00079,52.252252252252255,BINANCE
2025-09-02 13:45:00.322,110420.0,5e-05,52.252252252252255,BINANCE
2025-09-02 13:45:00.332,110420.0,0.00905,52.252252252252255,BINANCE
2025-09-02 13:45:00.342,110425.15,1e-05,51.78828828828881,BINANCE
2025-09-02 13:45:00.342,110425.15,5e-05,51.78828828828881,BINANCE
2025-09-02 13:45:00.342,110430.91,0.0181,51.26936936936905,BINANCE
2025-09-02 13:45:00.348,110425.15,4e-05,51.78828828828881,BINANCE
2025-09-02 13:45:00.348,110425.15,5e-05,51.78828828828881,BINANCE
2025-09-02 13:45:00.350,110420.0,0.00462,52.252252252252255,BINANCE
2025-09-02 13:45:00.350,110420.0,0.002,52.252252252252255,BINANCE
2025-09-02 13:45:00.381,110415.82,0.00079,52.6288288288282,BINANCE
2025-09-02 13:45:00.381,110416.0,0.002,52.612612612612615,BINANCE
2025-09-02 13:45:00.381,110416.05,5e-05,52.60810810810784,BINANCE
2025-09-02 13:45:00.381,110416.24,5e-05,52.59099099099052,BINANCE
2025-09-02 13:45:00.381,110417.88,0.0001,52.443243243242826,BINANCE
2025-09-02 13:45:00.381,110418.05,0.01415,52.42792792792767,BINANCE
2025-09-02 13:45:00.381,110418.1,5e-05,52.423423423422896,BINANCE
2025-09-02 13:45:00.381,110423.8,5e-05,51.90990990990965,BINANCE
2025-09-02 13:45:00.381,110419.37,0.08,52.30900900900942,BINANCE
2025-09-02 13:45:00.381,110419.47,5e-05,52.2999999999999,BINANCE
2025-09-02 13:45:00.381,110419.96,0.00438,52.25585585585527,BINANCE
2025-09-02 13:45:00.381,110419.37,0.16,52.30900900900942,BINANCE
2025-09-02 13:45:00.396,110411.28,0.00098,53.03783783783794,BINANCE
2025-09-02 13:45:00.396,110410.99,7e-05,53.063963963963495,BINANCE
2025-09-02 13:45:00.396,110410.84,0.00265,53.07747747747779,BINANCE
2025-09-02 13:45:00.396,110411.13,5e-05,53.05135135135093,BINANCE
2025-09-02 13:45:00.396,110411.46,0.0001,53.021621621621044,BINANCE
2025-09-02 13:45:00.396,110412.69,5e-05,52.910810810810595,BINANCE
2025-09-02 13:45:00.396,110412.18,0.003,52.95675675675739,BINANCE
2025-09-02 13:45:00.396,110412.62,5e-05,52.91711711711754,BINANCE
2025-09-02 13:45:00.396,110414.48,0.0001,52.74954954954992,BINANCE
2025-09-02 13:45:00.396,110412.0,0.002,52.972972972972975,BINANCE
2025-09-02 13:45:00.397,110410.84,0.00294,53.07747747747779,BINANCE
2025-09-02 13:45:00.420,110410.84,5e-05,53.07747747747779,BINANCE
2025-09-02 13:45:00.437,110412.35,0.00181,52.941441441440915,BINANCE
2025-09-02 13:45:00.437,110412.34,5e-05,52.942342342342656,BINANCE
2025-09-02 13:45:00.437,110411.62,0.00098,53.00720720720763,BINANCE
2025-09-02 13:45:00.437,110410.84,0.01528,53.07747747747779,BINANCE
2025-09-02 13:45:00.466,110409.2,5e-05,53.225225225225486,BINANCE
2025-09-02 13:45:00.466,110409.7,0.00181,53.18018018018044,BINANCE
2025-09-02 13:45:00.466,110409.95,5e-05,53.15765765765792,BINANCE
2025-09-02 13:45:00.466,110409.1,0.0007,53.23423423423371,BINANCE
2025-09-02 13:45:00.466,110410.82,5e-05,53.07927927927865,BINANCE
2025-09-02 13:45:00.466,110410.84,0.00629,53.07747747747779,BINANCE
2025-09-02 13:45:00.589,110409.1,0.00111,53.23423423423371,BINANCE
2025-09-02 13:45:00.589,110409.1,0.00795,53.23423423423371,BINANCE
2025-09-02 13:45:00.626,110409.11,5e-05,53.233333333333285,BINANCE
2025-09-02 13:45:00.793,110409.1,7e-05,53.23423423423371,BINANCE
2025-09-02 13:45:00.803,110409.11,0.00046,53.233333333333285,BINANCE
2025-09-02 13:45:00.822,110409.11,0.19421,53.233333333333285,BINANCE
2025-09-02 13:45:00.822,110409.11,0.0084,53.233333333333285,BINANCE
2025-09-02 13:45:00.822,110409.11,0.02618,53.233333333333285,BINANCE
2025-09-02 13:45:00.823,110409.11,0.20148,53.233333333333285,BINANCE
2025-09-02 13:45:00.823,110409.11,0.09302,53.233333333333285,BINANCE
2025-09-02 13:45:00.823,110409.11,0.09001,53.233333333333285,BINANCE
2025-09-02 13:45:00.823,110409.11,0.37932,53.233333333333285,BINANCE
2025-09-02 13:45:00.823,110409.11,0.07847,53.233333333333285,BINANCE
2025-09-02 13:45:00.823,110409.11,0.56635,53.233333333333285,BINANCE
2025-09-02 13:45:00.823,110409.11,0.02856,53.233333333333285,BINANCE
2025-09-02 13:45:00.823,110409.11,0.04297,53.233333333333285,BINANCE
2025-09-02 13:45:00.823,110409.11,0.10127,53.233333333333285,BINANCE
2025-09-02 13:45:00.823,110409.11,0.56814,53.233333333333285,BINANCE
2025-09-02 13:45:00.823,110409.11,0.04788,53.233333333333285,BINANCE
2025-09-02 13:45:00.823,110409.11,0.04512,53.233333333333285,BINANCE
2025-09-02 13:45:00.823,110409.11,0.07379,53.233333333333285,BINANCE
2025-09-02 13:45:00.823,110409.11,0.47133,53.233333333333285,BINANCE
2025-09-02 13:45:00.823,110409.11,0.19123,53.233333333333285,BINANCE
2025-09-02 13:45:00.823,110409.11,0.03022,53.233333333333285,BINANCE
2025-09-02 13:45:00.823,110409.11,0.38073,53.233333333333285,BINANCE
2025-09-02 13:45:00.823,110409.11,0.28525,53.233333333333285,BINANCE
2025-09-02 13:45:00.824,110409.95,5e-05,53.15765765765792,BINANCE
2025-09-02 13:45:00.824,110409.94,5e-05,53.15855855855835,BINANCE
2025-09-02 13:45:00.824,110409.94,0.0408,53.15855855855835,BINANCE
2025-09-02 13:45:00.824,110409.92,5e-05,53.160360360360514,BINANCE
2025-09-02 13:45:00.824,110409.11,5e-05,53.233333333333285,BINANCE
2025-09-02 13:45:00.824,110409.11,0.01787,53.233333333333285,BINANCE
2025-09-02 13:45:00.824,110409.11,0.03952,53.233333333333285,BINANCE
2025-09-02 13:45:00.824,110409.11,0.04275,53.233333333333285,BINANCE
2025-09-02 13:45:00.824,110409.11,0.00121,53.233333333333285,BINANCE
2025-09-02 13:45:00.824,110409.11,0.06986,53.233333333333285,BINANCE
2025-09-02 13:45:00.839,110411.66,5e-05,53.00360360360329,BINANCE
2025-09-02 13:45:00.839,110409.95,5e-05,53.15765765765792,BINANCE
2025-09-02 13:45:00.839,110410.85,5e-05,53.07657657657605,BINANCE
2025-09-02 13:45:00.854,110412.0,0.0001,52.972972972972975,BINANCE
2025-09-02 13:45:00.854,110412.0,5e-05,52.972972972972975,BINANCE
2025-09-02 13:45:00.907,110412.01,0.0085,52.97207207207255,BINANCE
2025-09-02 13:45:00.907,110412.01,5e-05,52.97207207207255,BINANCE
2025-09-02 13:45:00.907,110412.01,0.0001,52.97207207207255,BINANCE
2025-09-02 13:45:00.907,110412.01,0.01,52.97207207207255,BINANCE
2025-09-02 13:45:00.908,110412.01,0.03232,52.97207207207255,BINANCE
2025-09-02 13:45:00.909,110412.01,0.01718,52.97207207207255,BINANCE
2025-09-02 13:45:00.909,110412.01,0.51419,52.97207207207255,BINANCE
2025-09-02 13:45:00.909,110412.01,0.00816,52.97207207207255,BINANCE
2025-09-02 13:45:00.909,110412.01,0.05689,52.97207207207255,BINANCE
2025-09-02 13:45:00.909,110412.01,0.03232,52.97207207207255,BINANCE
2025-09-02 13:45:00.909,110412.01,0.0079,52.97207207207255,BINANCE
2025-09-02 13:45:00.910,110412.01,0.01861,52.97207207207255,BINANCE
2025-09-02 13:45:00.911,110412.01,0.00765,52.97207207207255,BINANCE
2025-09-02 13:45:00.921,110412.01,7e-05,52.97207207207255,BINANCE
2025-09-02 13:45:00.941,110412.01,0.06,52.97207207207255,BINANCE
2025-09-02 13:45:00.993,110412.01,0.048,52.97207207207255,BINANCE
2025-09-02 13:45:01.043,110412.01,0.0079,52.97207207207255,BINANCE
2025-09-02 13:45:01.054,110423.99,5e-05,51.89279279279232,BINANCE
2025-09-02 13:45:01.054,110423.51,5e-05,51.93603603603651,BINANCE
2025-09-02 13:45:01.054,110422.0,7e-05,52.072072072072075,BINANCE
2025-09-02 13:45:01.054,110418.1,5e-05,52.423423423422896,BINANCE
2025-09-02 13:45:01.054,110416.7,0.00397,52.549549549549816,BINANCE
2025-09-02 13:45:01.054,110412.69,5e-05,52.910810810810595,BINANCE
2025-09-02 13:45:01.054,110412.02,0.0001,52.9711711711708,BINANCE
2025-09-02 13:45:01.054,110412.01,5e-05,52.97207207207255,BINANCE
2025-09-02 13:45:01.054,110412.01,0.0001,52.97207207207255,BINANCE
2025-09-02 13:45:01.054,110415.48,5e-05,52.659459459459825,BINANCE
2025-09-02 13:45:01.054,110412.01,0.02531,52.97207207207255,BINANCE
2025-09-02 13:45:01.054,110412.01,0.08,52.97207207207255,BINANCE
2025-09-02 13:45:01.055,110424.0,5e-05,51.89189189189189,BINANCE
2025-09-02 13:45:01.059,110423.99,0.00249,51.89279279279232,BINANCE
2025-09-02 13:45:01.092,110423.99,0.09276,51.89279279279232,BINANCE
2025-09-02 13:45:01.092,110423.99,0.26507,51.89279279279232,BINANCE
2025-09-02 13:45:01.092,110423.99,0.14132,51.89279279279232,BINANCE
2025-09-02 13:45:01.092,110423.99,0.14381,51.89279279279232,BINANCE
2025-09-02 13:45:01.093,110423.99,0.05129,51.89279279279232,BINANCE
2025-09-02 13:45:01.093,110423.99,0.07643,51.89279279279232,BINANCE
2025-09-02 13:45:01.093,110423.99,0.29791,51.89279279279232,BINANCE
2025-09-02 13:45:01.093,110423.99,0.04648,51.89279279279232,BINANCE
2025-09-02 13:45:01.093,110423.99,0.07231,51.89279279279232,BINANCE
2025-09-02 13:45:01.093,110423.99,0.007,51.89279279279232,BINANCE
2025-09-02 13:45:01.093,110423.99,0.1351,51.89279279279232,BINANCE
2025-09-02 13:45:01.093,110423.99,0.39987,51.89279279279232,BINANCE
2025-09-02 13:45:01.093,110423.99,0.38116,51.89279279279232,BINANCE
2025-09-02 13:45:01.093,110423.99,0.01586,51.89279279279232,BINANCE
2025-09-02 13:45:01.094,110423.99,0.00593,51.89279279279232,BINANCE
2025-09-02 13:45:01.094,110423.99,0.20863,51.89279279279232,BINANCE
2025-09-02 13:45:01.094,110423.99,0.18109,51.89279279279232,BINANCE
2025-09-02 13:45:01.094,110423.99,0.38223,51.89279279279232,BINANCE
2025-09-02 13:45:01.094,110423.99,0.0014,51.89279279279232,BINANCE
2025-09-02 13:45:01.094,110423.99,0.26653,51.89279279279232,BINANCE
2025-09-02 13:45:01.095,110423.99,0.01553,51.89279279279232,BINANCE
2025-09-02 13:45:01.095,110422.88,0.00424,51.99279279279237,BINANCE
2025-09-02 13:45:01.095,110422.88,0.01916,51.99279279279237,BINANCE
2025-09-02 13:45:01.095,110422.88,0.01652,51.99279279279237,BINANCE
2025-09-02 13:45:01.095,110423.51,5e-05,51.93603603603651,BINANCE
2025-09-02 13:45:01.095,110423.99,5e-05,51.89279279279232,BINANCE
2025-09-02 13:45:01.095,110423.99,0.02547,51.89279279279232,BINANCE
2025-09-02 13:45:01.095,110423.99,0.04407,51.89279279279232,BINANCE
2025-09-02 13:45:01.095,110423.99,0.00634,51.89279279279232,BINANCE
2025-09-02 13:45:01.096,110418.1,5e-05,52.423423423422896,BINANCE
2025-09-02 13:45:01.096,110415.69,0.14295,52.64054054054033,BINANCE
2025-09-02 13:45:01.096,110412.69,5e-05,52.910810810810595,BINANCE
2025-09-02 13:45:01.096,110412.0,5e-05,52.972972972972975,BINANCE
2025-09-02 13:45:01.111,110411.99,5e-05,52.9738738738734,BINANCE
2025-09-02 13:45:01.111,110411.99,0.08669,52.9738738738734,BINANCE
2025-09-02 13:45:01.111,110411.99,0.0746,52.9738738738734,BINANCE
2025-09-02 13:45:01.113,110411.68,0.1,53.00180180180243,BINANCE
2025-09-02 13:45:01.113,110411.68,0.11832,53.00180180180243,BINANCE
2025-09-02 13:45:01.113,110411.68,0.01,53.00180180180243,BINANCE
2025-09-02 13:45:01.113,110411.68,0.03346,53.00180180180243,BINANCE
2025-09-02 13:45:01.113,110411.98,0.0001,52.97477477477514,BINANCE
2025-09-02 13:45:01.113,110411.99,0.0001,52.9738738738734,BINANCE
2025-09-02 13:45:01.113,110411.99,5e-05,52.9738738738734,BINANCE
2025-09-02 13:45:01.113,110411.99,0.09276,52.9738738738734,BINANCE
2025-09-02 13:45:01.113,110411.99,0.13063,52.9738738738734,BINANCE
2025-09-02 13:45:01.114,110410.82,5e-05,53.07927927927865,BINANCE
2025-09-02 13:45:01.114,110410.84,5e-05,53.07747747747779,BINANCE
2025-09-02 13:45:01.114,110410.99,7e-05,53.063963963963495,BINANCE
2025-09-02 13:45:01.114,110411.66,5e-05,53.00360360360329,BINANCE
2025-09-02 13:45:01.114,110411.67,5e-05,53.00270270270286,BINANCE
2025-09-02 13:45:01.120,110410.3,5e-05,53.12612612612586,BINANCE
2025-09-02 13:45:01.139,110409.94,5e-05,53.15855855855835,BINANCE
2025-09-02 13:45:01.139,110410.29,5e-05,53.1270270270276,BINANCE
2025-09-02 13:45:01.139,110410.0,5e-05,53.153153153153156,BINANCE
2025-09-02 13:45:01.139,110409.95,5e-05,53.15765765765792,BINANCE
2025-09-02 13:45:01.140,110408.0,0.00195,53.33333333333333,BINANCE
2025-09-02 13:45:01.140,110408.15,5e-05,53.319819819820346,BINANCE
2025-09-02 13:45:01.140,110408.15,0.0407,53.319819819820346,BINANCE
2025-09-02 13:45:01.141,110408.0,5e-05,53.33333333333333,BINANCE
2025-09-02 13:45:01.141,110407.28,5e-05,53.3981981981983,BINANCE
2025-09-02 13:45:01.144,110405.4,5e-05,53.56756756756809,BINANCE
2025-09-02 13:45:01.146,110404.67,0.0001,53.633333333333496,BINANCE
2025-09-02 13:45:01.147,110404.0,0.0004,53.69369369369369,BINANCE
2025-09-02 13:45:01.147,110404.0,0.002,53.69369369369369,BINANCE
2025-09-02 13:45:01.149,110402.36,5e-05,53.84144144144139,BINANCE
2025-09-02 13:45:01.149,110401.87,5e-05,53.885585585586,BINANCE
2025-09-02 13:45:01.149,110402.0,0.00211,53.873873873873876,BINANCE
2025-09-02 13:45:01.149,110403.0,0.00896,53.78378378378379,BINANCE
2025-09-02 13:45:01.149,110403.34,9e-05,53.75315315315347,BINANCE
2025-09-02 13:45:01.149,110403.0,0.05204,53.78378378378379,BINANCE
2025-09-02 13:45:01.152,110401.3,0.008,53.936936936936675,BINANCE
2025-09-02 13:45:01.152,110400.59,0.01215,54.000900900901215,BINANCE
2025-09-02 13:45:01.154,110400.0,0.002,54.054054054054056,BINANCE
2025-09-02 13:45:01.154,110400.0,0.01646,54.054054054054056,BINANCE
2025-09-02 13:45:01.154,110400.0,0.01811,54.054054054054056,BINANCE
2025-09-02 13:45:01.154,110399.98,5e-05,54.05585585585622,BINANCE
2025-09-02 13:45:01.154,110399.99,7e-05,54.05495495495448,BINANCE
2025-09-02 13:45:01.154,110400.0,0.0004,54.054054054054056,BINANCE
2025-09-02 13:45:01.154,110400.0,5e-05,54.054054054054056,BINANCE
2025-09-02 13:45:01.154,110400.18,5e-05,54.03783783783847,BINANCE
2025-09-02 13:45:01.154,110400.28,0.0001,54.02882882882893,BINANCE
2025-09-02 13:45:01.154,110400.0,0.00011,54.054054054054056,BINANCE
2025-09-02 13:45:01.161,110399.83,7e-05,54.06936936936921,BINANCE
2025-09-02 13:45:01.161,110399.12,0.0004,54.13333333333375,BINANCE
2025-09-02 13:45:01.162,110399.12,4e-05,54.13333333333375,BINANCE
2025-09-02 13:45:01.162,110398.93,5e-05,54.150450450451075,BINANCE
2025-09-02 13:45:01.162,110397.9,0.0179,54.24324324324377,BINANCE
2025-09-02 13:45:01.162,110397.9,1e-05,54.24324324324377,BINANCE
2025-09-02 13:45:01.162,110397.76,5e-05,54.25585585585633,BINANCE
2025-09-02 13:45:01.163,110397.31,0.0004,54.29639639639661,BINANCE
2025-09-02 13:45:01.164,110396.0,0.00014,54.414414414414416,BINANCE
2025-09-02 13:45:01.164,110396.0,0.00186,54.414414414414416,BINANCE
2025-09-02 13:45:01.164,110395.61,0.0001,54.449549549549495,BINANCE
2025-09-02 13:45:01.164,110395.61,0.00286,54.449549549549495,BINANCE
2025-09-02 13:45:01.164,110396.46,5e-05,54.3729729729724,BINANCE
2025-09-02 13:45:01.164,110396.88,4e-05,54.33513513513471,BINANCE
2025-09-02 13:45:01.164,110396.0,0.0004,54.414414414414416,BINANCE
2025-09-02 13:45:01.164,110408.11,5e-05,53.32342342342337,BINANCE
2025-09-02 13:45:01.164,110396.88,6e-05,54.33513513513471,BINANCE
2025-09-02 13:45:01.164,110397.31,4e-05,54.29639639639661,BINANCE
2025-09-02 13:45:01.165,110395.61,4e-05,54.449549549549495,BINANCE
2025-09-02 13:45:01.165,110395.51,5e-05,54.45855855855903,BINANCE
2025-09-02 13:45:01.165,110394.56,1e-05,54.544144144144354,BINANCE
2025-09-02 13:45:01.169,110393.76,0.0085,54.61621621621669,BINANCE
2025-09-02 13:45:01.169,110393.76,0.00036,54.61621621621669,BINANCE
2025-09-02 13:45:01.169,110394.56,4e-05,54.544144144144354,BINANCE
2025-09-02 13:45:01.169,110408.16,5e-05,53.318918918918605,BINANCE
2025-09-02 13:45:01.170,110393.76,0.00706,54.61621621621669,BINANCE
2025-09-02 13:45:01.172,110393.21,0.0001,54.665765765765194,BINANCE
2025-09-02 13:45:01.172,110393.76,0.00168,54.61621621621669,BINANCE
2025-09-02 13:45:01.173,110392.46,0.0019,54.73333333333275,BINANCE
2025-09-02 13:45:01.177,110392.46,0.0001,54.73333333333275,BINANCE
2025-09-02 13:45:01.179,110392.46,0.0001,54.73333333333275,BINANCE
2025-09-02 13:45:01.180,110392.0,0.002,54.77477477477478,BINANCE
2025-09-02 13:45:01.180,110392.0,0.0004,54.77477477477478,BINANCE
2025-09-02 13:45:01.180,110392.46,0.16,54.73333333333275,BINANCE
2025-09-02 13:45:01.180,110392.46,0.08,54.73333333333275,BINANCE
2025-09-02 13:45:01.180,110392.09,5e-05,54.766666666666985,BINANCE
2025-09-02 13:45:01.180,110392.46,0.0294,54.73333333333275,BINANCE
2025-09-02 13:45:01.180,110392.46,0.0083,54.73333333333275,BINANCE
2025-09-02 13:45:01.180,110392.46,0.0001,54.73333333333275,BINANCE
2025-09-02 13:45:01.180,110392.46,0.02,54.73333333333275,BINANCE
2025-09-02 13:45:01.181,110391.34,5e-05,54.83423423423454,BINANCE
2025-09-02 13:45:01.181,110391.05,5e-05,54.8603603603601,BINANCE
2025-09-02 13:45:01.186,110390.87,1e-05,54.876576576577,BINANCE
2025-09-02 13:45:01.186,110391.0,0.061,54.86486486486486,BINANCE
2025-09-02 13:45:01.186,110390.87,0.0454,54.876576576577,BINANCE
2025-09-02 13:45:01.186,110390.46,0.31999,54.91351351351294,BINANCE
2025-09-02 13:45:01.194,110390.46,4e-05,54.91351351351294,BINANCE
2025-09-02 13:45:01.194,110390.46,1e-05,54.91351351351294,BINANCE
2025-09-02 13:45:01.198,110389.42,0.0001,55.007207207207365,BINANCE
2025-09-02 13:45:01.198,110389.42,0.01827,55.007207207207365,BINANCE
2025-09-02 13:45:01.199,110389.42,0.0001,55.007207207207365,BINANCE
2025-09-02 13:45:01.199,110392.46,5e-05,54.73333333333275,BINANCE
2025-09-02 13:45:01.199,110391.93,5e-05,54.78108108108171,BINANCE
2025-09-02 13:45:01.199,110389.42,0.00885,55.007207207207365,BINANCE
2025-09-02 13:45:01.201,110389.42,0.00902,55.007207207207365,BINANCE
2025-09-02 13:45:01.215,110390.88,5e-05,54.875675675675254,BINANCE
2025-09-02 13:45:01.215,110390.88,0.00888,54.875675675675254,BINANCE
2025-09-02 13:45:01.222,110390.88,0.01811,54.875675675675254,BINANCE
2025-09-02 13:45:01.222,110390.88,8e-05,54.875675675675254,BINANCE
2025-09-02 13:45:01.231,110390.49,0.03371,54.91081081081033,BINANCE
2025-09-02 13:45:01.256,110390.88,0.002,54.875675675675254,BINANCE
2025-09-02 13:45:01.276,110390.88,0.002,54.875675675675254,BINANCE
2025-09-02 13:45:01.286,110390.89,0.00274,54.87477477477483,BINANCE
2025-09-02 13:45:01.422,110390.89,0.00935,54.87477477477483,BINANCE
2025-09-02 13:45:01.424,110390.89,0.01,54.87477477477483,BINANCE
2025-09-02 13:45:01.432,110390.89,0.33636,54.87477477477483,BINANCE
2025-09-02 13:45:01.433,110390.89,0.0141,54.87477477477483,BINANCE
2025-09-02 13:45:01.433,110390.89,0.42658,54.87477477477483,BINANCE
2025-09-02 13:45:01.433,110390.89,0.21376,54.87477477477483,BINANCE
2025-09-02 13:45:01.433,110390.89,0.0284,54.87477477477483,BINANCE
2025-09-02 13:45:01.433,110390.89,0.38384,54.87477477477483,BINANCE
2025-09-02 13:45:01.439,110390.89,5e-05,54.87477477477483,BINANCE
2025-09-02 13:45:01.439,110390.89,0.01344,54.87477477477483,BINANCE
2025-09-02 13:45:01.439,110390.89,9e-05,54.87477477477483,BINANCE
2025-09-02 13:45:01.439,110390.89,0.01687,54.87477477477483,BINANCE
2025-09-02 13:45:01.439,110390.89,0.00993,54.87477477477483,BINANCE
2025-09-02 13:45:01.439,110390.89,0.14359,54.87477477477483,BINANCE
2025-09-02 13:45:01.440,110390.89,0.08001,54.87477477477483,BINANCE
2025-09-02 13:45:01.441,110390.89,0.0195,54.87477477477483,BINANCE
2025-09-02 13:45:01.441,110390.89,0.00625,54.87477477477483,BINANCE
2025-09-02 13:45:01.445,110390.89,0.00378,54.87477477477483,BINANCE
2025-09-02 13:45:01.445,110390.89,0.29833,54.87477477477483,BINANCE
2025-09-02 13:45:01.445,110390.89,0.05498,54.87477477477483,BINANCE
2025-09-02 13:45:01.446,110392.0,5e-05,54.77477477477478,BINANCE
2025-09-02 13:45:01.446,110391.93,5e-05,54.78108108108171,BINANCE
2025-09-02 13:45:01.446,110391.35,5e-05,54.83333333333281,BINANCE
2025-09-02 13:45:01.446,110391.05,5e-05,54.8603603603601,BINANCE
2025-09-02 13:45:01.446,110390.89,5e-05,54.87477477477483,BINANCE
2025-09-02 13:45:01.446,110390.89,0.00029,54.87477477477483,BINANCE
2025-09-02 13:45:01.446,110390.89,0.02745,54.87477477477483,BINANCE
2025-09-02 13:45:01.446,110390.89,0.06486,54.87477477477483,BINANCE
2025-09-02 13:45:01.446,110390.89,0.0022,54.87477477477483,BINANCE
2025-09-02 13:45:01.446,110390.89,0.16647,54.87477477477483,BINANCE
2025-09-02 13:45:01.446,110390.89,0.06497,54.87477477477483,BINANCE
2025-09-02 13:45:01.446,110390.89,0.36132,54.87477477477483,BINANCE
2025-09-02 13:45:01.446,110390.89,0.01739,54.87477477477483,BINANCE
2025-09-02 13:45:01.448,110394.15,5e-05,54.5810810810816,BINANCE
2025-09-02 13:45:01.448,110393.77,5e-05,54.615315315314945,BINANCE
2025-09-02 13:45:01.448,110392.47,5e-05,54.732432432432326,BINANCE
2025-09-02 13:45:01.459,110396.0,0.0001,54.414414414414416,BINANCE
2025-09-02 13:45:01.459,110396.01,0.0001,54.41351351351398,BINANCE
2025-09-02 13:45:01.514,110396.35,0.0001,54.382882882882356,BINANCE
2025-09-02 13:45:01.514,110396.99,5e-05,54.325225225224756,BINANCE
2025-09-02 13:45:01.514,110396.36,0.0001,54.38198198198193,BINANCE
2025-09-02 13:45:01.514,110396.35,5e-05,54.382882882882356,BINANCE
2025-09-02 13:45:01.519,110404.8,0.0001,53.621621621621365,BINANCE
2025-09-02 13:45:01.519,110404.69,0.00083,53.63153153153132,BINANCE
2025-09-02 13:45:01.519,110404.0,5e-05,53.69369369369369,BINANCE
2025-09-02 13:45:01.519,110403.37,5e-05,53.75045045045087,BINANCE
2025-09-02 13:45:01.519,110402.01,5e-05,53.87297297297345,BINANCE
2025-09-02 13:45:01.519,110401.99,5e-05,53.8747747747743,BINANCE
2025-09-02 13:45:01.519,110401.87,5e-05,53.885585585586,BINANCE
2025-09-02 13:45:01.519,110401.35,5e-05,53.93243243243191,BINANCE
2025-09-02 13:45:01.519,110400.95,5e-05,53.968468468468735,BINANCE
2025-09-02 13:45:01.519,110400.0,5e-05,54.054054054054056,BINANCE
2025-09-02 13:45:01.519,110399.12,5e-05,54.13333333333375,BINANCE
2025-09-02 13:45:01.519,110397.0,5e-05,54.32432432432433,BINANCE
2025-09-02 13:45:01.519,110397.0,0.0001,54.32432432432433,BINANCE
2025-09-02 13:45:01.519,110397.01,0.0001,54.3234234234239,BINANCE
2025-09-02 13:45:01.519,110397.98,5e-05,54.2360360360364,BINANCE
2025-09-02 13:45:01.519,110397.99,5e-05,54.23513513513467,BINANCE
2025-09-02 13:45:01.519,110398.0,5e-05,54.23423423423423,BINANCE
2025-09-02 13:45:01.581,110406.35,0.00143,53.481981981981455,BINANCE
2025-09-02 13:45:01.618,110406.35,0.00038,53.481981981981455,BINANCE
2025-09-02 13:45:01.618,110406.35,0.00091,53.481981981981455,BINANCE
2025-09-02 13:45:01.618,110406.35,0.00776,53.481981981981455,BINANCE
2025-09-02 13:45:01.755,110406.35,0.012,53.481981981981455,BINANCE
2025-09-02 13:45:01.756,110406.35,0.008,53.481981981981455,BINANCE
2025-09-02 13:45:01.756,110406.35,0.012,53.481981981981455,BINANCE
2025-09-02 13:45:01.757,110406.35,0.012,53.481981981981455,BINANCE
2025-09-02 13:45:01.759,110406.35,0.012,53.481981981981455,BINANCE
2025-09-02 13:45:01.760,110406.35,0.012,53.481981981981455,BINANCE
2025-09-02 13:45:01.856,110406.35,0.00899,53.481981981981455,BINANCE
2025-09-02 13:45:01.951,110406.35,0.0001,53.481981981981455,BINANCE
2025-09-02 13:45:02.170,110406.35,0.00249,53.481981981981455,BINANCE
2025-09-02 13:45:02.224,110406.35,0.02751,53.481981981981455,BINANCE
2025-09-02 13:45:02.422,110406.34,0.00482,53.4828828828832,BINANCE
2025-09-02 13:45:02.455,110406.35,0.01076,53.481981981981455,BINANCE
2025-09-02 13:45:02.596,110406.34,0.09514,53.4828828828832,BINANCE
2025-09-02 13:45:02.596,110406.34,9e-05,53.4828828828832,BINANCE
2025-09-02 13:45:02.596,110406.34,0.02498,53.4828828828832,BINANCE
2025-09-02 13:45:02.596,110406.34,0.09276,53.4828828828832,BINANCE
2025-09-02 13:45:02.627,110406.35,0.00011,53.481981981981455,BINANCE
2025-09-02 13:45:02.627,110406.35,0.63339,53.481981981981455,BINANCE
2025-09-02 13:45:02.627,110406.35,5e-05,53.481981981981455,BINANCE
2025-09-02 13:45:02.627,110406.35,0.0257,53.481981981981455,BINANCE
2025-09-02 13:45:02.631,110406.35,0.019,53.481981981981455,BINANCE
2025-09-02 13:45:02.635,110406.35,0.0001,53.481981981981455,BINANCE
2025-09-02 13:45:02.635,110406.35,0.01382,53.481981981981455,BINANCE
2025-09-02 13:45:02.635,110406.35,5e-05,53.481981981981455,BINANCE
2025-09-02 13:45:02.635,110406.35,0.01,53.481981981981455,BINANCE
2025-09-02 13:45:02.635,110406.35,0.00058,53.481981981981455,BINANCE
2025-09-02 13:45:02.635,110406.35,0.00093,53.481981981981455,BINANCE
2025-09-02 13:45:02.635,110406.35,0.00012,53.481981981981455,BINANCE
2025-09-02 13:45:02.637,110406.35,0.018,53.481981981981455,BINANCE
2025-09-02 13:45:02.637,110406.35,0.019,53.481981981981455,BINANCE
2025-09-02 13:45:02.679,110406.35,0.09058,53.481981981981455,BINANCE
2025-09-02 13:45:02.680,110406.35,0.05689,53.481981981981455,BINANCE
2025-09-02 13:45:02.682,110406.35,0.0084,53.481981981981455,BINANCE
2025-09-02 13:45:02.689,110406.35,0.00299,53.481981981981455,BINANCE
2025-09-02 13:45:02.689,110406.35,0.19937,53.481981981981455,BINANCE
2025-09-02 13:45:02.734,110406.35,0.036,53.481981981981455,BINANCE
2025-09-02 13:45:02.748,110406.35,5e-05,53.481981981981455,BINANCE
2025-09-02 13:45:02.748,110406.35,0.0001,53.481981981981455,BINANCE
2025-09-02 13:45:02.748,110406.35,0.00371,53.481981981981455,BINANCE
2025-09-02 13:45:02.749,110406.36,0.00033,53.48108108108103,BINANCE
2025-09-02 13:45:02.752,110406.36,0.02977,53.48108108108103,BINANCE
2025-09-02 13:45:02.764,110406.36,0.00562,53.48108108108103,BINANCE
2025-09-02 13:45:02.764,110406.36,5e-05,53.48108108108103,BINANCE
2025-09-02 13:45:02.764,110406.36,0.01518,53.48108108108103,BINANCE
2025-09-02 13:45:02.779,110406.36,0.0001,53.48108108108103,BINANCE
2025-09-02 13:45:02.780,110406.36,0.00133,53.48108108108103,BINANCE
2025-09-02 13:45:02.803,110406.36,0.0003,53.48108108108103,BINANCE
2025-09-02 13:45:02.866,110406.36,0.00056,53.48108108108103,BINANCE
2025-09-02 13:45:03.071,110406.36,9e-05,53.48108108108103,BINANCE
2025-09-02 13:45:03.370,110406.36,6e-05,53.48108108108103,BINANCE
2025-09-02 13:45:03.394,110406.36,5e-05,53.48108108108103,BINANCE
2025-09-02 13:45:03.394,110406.36,0.01052,53.48108108108103,BINANCE
2025-09-02 13:45:03.394,110406.36,0.019,53.48108108108103,BINANCE
2025-09-02 13:45:03.394,110406.36,0.00803,53.48108108108103,BINANCE
2025-09-02 13:45:03.395,110406.36,0.01,53.48108108108103,BINANCE
2025-09-02 13:45:03.395,110406.36,0.00906,53.48108108108103,BINANCE
2025-09-02 13:45:03.395,110406.36,0.0001,53.48108108108103,BINANCE
2025-09-02 13:45:03.395,110406.36,5e-05,53.48108108108103,BINANCE
2025-09-02 13:45:03.395,110406.36,0.00049,53.48108108108103,BINANCE
2025-09-02 13:45:03.395,110406.36,0.0006,53.48108108108103,BINANCE
2025-09-02 13:45:03.395,110406.36,0.00051,53.48108108108103,BINANCE
2025-09-02 13:45:03.395,110406.36,0.00759,53.48108108108103,BINANCE
2025-09-02 13:45:03.396,110406.36,0.019,53.48108108108103,BINANCE
2025-09-02 13:45:03.480,110407.86,5e-05,53.34594594594589,BINANCE
2025-09-02 13:45:03.480,110407.28,5e-05,53.3981981981983,BINANCE
2025-09-02 13:45:03.480,110406.36,5e-05,53.48108108108103,BINANCE
2025-09-02 13:45:03.480,110406.36,0.0001,53.48108108108103,BINANCE
2025-09-02 13:45:03.480,110406.36,0.01855,53.48108108108103,BINANCE
2025-09-02 13:45:03.480,110406.36,0.00643,53.48108108108103,BINANCE
2025-09-02 13:45:03.481,110411.99,5e-05,52.9738738738734,BINANCE
2025-09-02 13:45:03.481,110411.12,5e-05,53.05225225225267,BINANCE
2025-09-02 13:45:03.481,110407.88,0.0001,53.344144144143726,BINANCE
2025-09-02 13:45:03.481,110407.87,0.0001,53.34504504504546,BINANCE
2025-09-02 13:45:03.481,110407.87,5e-05,53.34504504504546,BINANCE
2025-09-02 13:45:03.483,110412.0,5e-05,52.972972972972975,BINANCE
2025-09-02 13:45:03.483,110412.69,5e-05,52.910810810810595,BINANCE
2025-09-02 13:45:03.488,110415.83,0.019,52.62792792792777,BINANCE
2025-09-02 13:45:03.488,110415.83,0.0187,52.62792792792777,BINANCE
2025-09-02 13:45:03.488,110415.83,5e-05,52.62792792792777,BINANCE
2025-09-02 13:45:03.490,110415.83,0.019,52.62792792792777,BINANCE
2025-09-02 13:45:03.492,110415.83,0.02,52.62792792792777,BINANCE
2025-09-02 13:45:03.497,110415.83,0.019,52.62792792792777,BINANCE
2025-09-02 13:45:03.540,110415.83,8e-05,52.62792792792777,BINANCE
2025-09-02 13:45:03.621,110415.83,0.0001,52.62792792792777,BINANCE
2025-09-02 13:45:03.621,110415.83,5e-05,52.62792792792777,BINANCE
2025-09-02 13:45:03.621,110415.83,0.0181,52.62792792792777,BINANCE
2025-09-02 13:45:03.621,110415.83,0.01,52.62792792792777,BINANCE
2025-09-02 13:45:03.622,110415.83,0.01718,52.62792792792777,BINANCE
2025-09-02 13:45:03.622,110415.83,5e-05,52.62792792792777,BINANCE
2025-09-02 13:45:03.622,110415.83,0.00109,52.62792792792777,BINANCE
2025-09-02 13:45:03.622,110415.83,0.00053,52.62792792792777,BINANCE
2025-09-02 13:45:03.622,110415.83,0.019,52.62792792792777,BINANCE
2025-09-02 13:45:03.624,110415.83,0.019,52.62792792792777,BINANCE
2025-09-02 13:45:03.631,110415.83,0.00057,52.62792792792777,BINANCE
2025-09-02 13:45:03.713,110415.84,0.00047,52.62702702702734,BINANCE
2025-09-02 13:45:03.713,110415.84,0.01,52.62702702702734,BINANCE
2025-09-02 13:45:03.713,110415.84,0.03481,52.62702702702734,BINANCE
2025-09-02 13:45:03.713,110418.1,5e-05,52.423423423422896,BINANCE
2025-09-02 13:45:03.713,110419.83,0.00018,52.26756756756741,BINANCE
2025-09-02 13:45:03.713,110421.33,0.00045,52.13243243243228,BINANCE
2025-09-02 13:45:03.713,110421.33,0.00023,52.13243243243228,BINANCE
2025-09-02 13:45:03.713,110421.7,0.00018,52.09909909909936,BINANCE
2025-09-02 13:45:03.713,110422.35,0.00018,52.040540540540015,BINANCE
2025-09-02 13:45:03.713,110423.51,5e-05,51.93603603603651,BINANCE
2025-09-02 13:45:03.713,110423.99,5e-05,51.89279279279232,BINANCE
2025-09-02 13:45:03.713,110422.0,7e-05,52.072072072072075,BINANCE
2025-09-02 13:45:03.713,110415.84,5e-05,52.62702702702734,BINANCE
2025-09-02 13:45:03.713,110420.26,0.00018,52.2288288288293,BINANCE
2025-09-02 13:45:03.713,110415.84,0.0001,52.62702702702734,BINANCE
2025-09-02 13:45:03.713,110415.83,5e-05,52.62792792792777,BINANCE
2025-09-02 13:45:03.713,110415.83,0.0001,52.62792792792777,BINANCE
2025-09-02 13:45:03.713,110415.83,0.00055,52.62792792792777,BINANCE
2025-09-02 13:45:03.723,110424.0,0.008,51.89189189189189,BINANCE
2025-09-02 13:45:03.724,110424.0,0.016,51.89189189189189,BINANCE
2025-09-02 13:45:03.726,110424.0,0.008,51.89189189189189,BINANCE
2025-09-02 13:45:04.002,110424.0,0.00145,51.89189189189189,BINANCE
2025-09-02 13:45:04.002,110424.0,5e-05,51.89189189189189,BINANCE
2025-09-02 13:45:04.002,110424.0,0.14612,51.89189189189189,BINANCE
2025-09-02 13:45:04.002,110424.0,2e-05,51.89189189189189,BINANCE
2025-09-02 13:45:04.002,110424.0,0.04528,51.89189189189189,BINANCE
2025-09-02 13:45:04.002,110424.0,0.04374,51.89189189189189,BINANCE
2025-09-02 13:45:04.002,110424.0,0.00027,51.89189189189189,BINANCE
2025-09-02 13:45:04.005,110424.01,5e-05,51.89099099099146,BINANCE
2025-09-02 13:45:04.005,110424.67,5e-05,51.831531531531695,BINANCE
2025-09-02 13:45:04.005,110424.13,0.003,51.88018018017976,BINANCE
2025-09-02 13:45:04.005,110424.01,0.0001,51.89099099099146,BINANCE
2025-09-02 13:45:04.005,110424.0,0.0001,51.89189189189189,BINANCE
2025-09-02 13:45:04.005,110424.0,0.07,51.89189189189189,BINANCE
2025-09-02 13:45:04.005,110424.0,5e-05,51.89189189189189,BINANCE
2025-09-02 13:45:04.005,110424.0,0.07244,51.89189189189189,BINANCE
2025-09-02 13:45:04.005,110424.0,0.06228,51.89189189189189,BINANCE
2025-09-02 13:45:04.005,110424.0,0.00046,51.89189189189189,BINANCE
2025-09-02 13:45:04.005,110424.0,0.44188,51.89189189189189,BINANCE
2025-09-02 13:45:04.006,110428.0,5e-05,51.53153153153153,BINANCE
2025-09-02 13:45:04.006,110426.26,5e-05,51.68828828828875,BINANCE
2025-09-02 13:45:04.006,110426.25,5e-05,51.68918918918919,BINANCE
2025-09-02 13:45:04.006,110427.99,5e-05,51.53243243243197,BINANCE
2025-09-02 13:45:04.006,110426.0,5e-05,51.711711711711715,BINANCE
2025-09-02 13:45:04.006,110425.99,5e-05,51.71261261261214,BINANCE
2025-09-02 13:45:04.015,110428.91,0.00014,51.44954954954923,BINANCE
2025-09-02 13:45:04.019,110429.62,0.0012,51.385585585586,BINANCE
2025-09-02 13:45:04.019,110428.91,0.03302,51.44954954954923,BINANCE
2025-09-02 13:45:04.019,110429.29,0.0011,51.415315315315894,BINANCE
2025-09-02 13:45:04.023,110430.68,5e-05,51.290090090090715,BINANCE
2025-09-02 13:45:04.023,110432.16,5e-05,51.15675675675644,BINANCE
2025-09-02 13:45:04.023,110432.17,5e-05,51.15585585585602,BINANCE
2025-09-02 13:45:04.030,110433.99,5e-05,50.99189189189142,BINANCE
2025-09-02 13:45:04.030,110434.33,5e-05,50.96126126126111,BINANCE
2025-09-02 13:45:04.030,110434.0,5e-05,50.99099099099099,BINANCE
2025-09-02 13:45:04.030,110433.4,0.00022,51.04504504504557,BINANCE
2025-09-02 13:45:04.035,110433.99,7e-05,50.99189189189142,BINANCE
2025-09-02 13:45:04.053,110440.0,0.01747,50.45045045045045,BINANCE
2025-09-02 13:45:04.053,110439.74,5e-05,50.4738738738734,BINANCE
2025-09-02 13:45:04.053,110439.67,0.00069,50.48018018018034,BINANCE
2025-09-02 13:45:04.053,110439.42,5e-05,50.50270270270286,BINANCE
2025-09-02 13:45:04.053,110438.94,0.0001,50.54594594594574,BINANCE
2025-09-02 13:45:04.053,110437.0,5e-05,50.72072072072072,BINANCE
2025-09-02 13:45:04.053,110439.47,9e-05,50.49819819819809,BINANCE
2025-09-02 13:45:04.053,110436.02,5e-05,50.80900900900865,BINANCE
2025-09-02 13:45:04.053,110436.01,5e-05,50.80990990991038,BINANCE
2025-09-02 13:45:04.053,110436.01,0.0001,50.80990990991038,BINANCE
2025-09-02 13:45:04.054,110440.94,0.01323,50.36576576576556,BINANCE
2025-09-02 13:45:04.054,110440.93,5e-05,50.36666666666729,BINANCE
2025-09-02 13:45:04.054,110440.82,5e-05,50.37657657657595,BINANCE
2025-09-02 13:45:04.054,110440.0,5e-05,50.45045045045045,BINANCE
2025-09-02 13:45:04.054,110440.67,0.00083,50.39009009009025,BINANCE
2025-09-02 13:45:04.054,110440.0,0.00064,50.45045045045045,BINANCE
2025-09-02 13:45:04.054,110440.69,0.003,50.38828828828808,BINANCE
2025-09-02 13:45:04.056,110440.94,0.016,50.36576576576556,BINANCE
2025-09-02 13:45:04.057,110440.94,0.019,50.36576576576556,BINANCE
2025-09-02 13:45:04.058,110445.15,5e-05,49.98648648648701,BINANCE
2025-09-02 13:45:04.058,110445.43,5e-05,49.961261261261896,BINANCE
2025-09-02 13:45:04.058,110444.74,0.0001,50.02342342342295,BINANCE
2025-09-02 13:45:04.058,110445.45,0.0007,49.95945945945972,BINANCE
2025-09-02 13:45:04.058,110444.0,7e-05,50.09009009009009,BINANCE
2025-09-02 13:45:04.058,110447.68,0.0001,49.75855855855919,BINANCE
2025-09-02 13:45:04.058,110449.68,0.0038,49.578378378379014,BINANCE
2025-09-02 13:45:04.058,110448.76,5e-05,49.661261261261735,BINANCE
2025-09-02 13:45:04.058,110449.14,0.00328,49.627027027027076,BINANCE
2025-09-02 13:45:04.058,110446.19,0.00083,49.892792792792584,BINANCE
2025-09-02 13:45:04.058,110443.05,5e-05,50.175675675675414,BINANCE
2025-09-02 13:45:04.058,110448.59,5e-05,49.67657657657689,BINANCE
2025-09-02 13:45:04.058,110443.04,5e-05,50.176576576577155,BINANCE
2025-09-02 13:45:04.058,110442.26,5e-05,50.246846846847326,BINANCE
2025-09-02 13:45:04.058,110442.25,5e-05,50.247747747747745,BINANCE
2025-09-02 13:45:04.058,110441.75,0.00073,50.292792792792795,BINANCE
2025-09-02 13:45:04.058,110440.94,5e-05,50.36576576576556,BINANCE
2025-09-02 13:45:04.058,110440.94,0.00769,50.36576576576556,BINANCE
2025-09-02 13:45:04.058,110440.94,0.00905,50.36576576576556,BINANCE
2025-09-02 13:45:04.060,110448.59,0.02904,49.67657657657689,BINANCE
2025-09-02 13:45:04.072,110450.83,0.01663,49.474774774774616,BINANCE
2025-09-02 13:45:04.072,110450.8,0.0001,49.47747747747721,BINANCE
2025-09-02 13:45:04.072,110450.56,5e-05,49.49909909909931,BINANCE
2025-09-02 13:45:04.072,110449.68,0.00217,49.578378378379014,BINANCE
2025-09-02 13:45:04.072,110448.6,5e-05,49.67567567567516,BINANCE
2025-09-02 13:45:04.081,110449.68,0.019,49.578378378379014,BINANCE
2025-09-02 13:45:04.086,110449.68,0.019,49.578378378379014,BINANCE
2025-09-02 13:45:04.108,110449.67,0.0004,49.57927927927944,BINANCE
2025-09-02 13:45:04.213,110449.67,5e-05,49.57927927927944,BINANCE
2025-09-02 13:45:04.213,110449.67,0.066,49.57927927927944,BINANCE
2025-09-02 13:45:04.213,110449.67,0.04067,49.57927927927944,BINANCE
2025-09-02 13:45:04.213,110449.67,0.0007,49.57927927927944,BINANCE
2025-09-02 13:45:04.213,110449.67,0.43935,49.57927927927944,BINANCE
2025-09-02 13:45:04.213,110449.67,0.29995,49.57927927927944,BINANCE
2025-09-02 13:45:04.213,110449.67,0.007,49.57927927927944,BINANCE
2025-09-02 13:45:04.213,110449.67,0.04869,49.57927927927944,BINANCE
2025-09-02 13:45:04.213,110449.67,0.0014,49.57927927927944,BINANCE
2025-09-02 13:45:04.213,110449.67,0.09236,49.57927927927944,BINANCE
2025-09-02 13:45:04.214,110448.6,5e-05,49.67567567567516,BINANCE
2025-09-02 13:45:04.214,110448.59,5e-05,49.67657657657689,BINANCE
2025-09-02 13:45:04.214,110448.6,0.09276,49.67567567567516,BINANCE
2025-09-02 13:45:04.214,110448.61,5e-05,49.67477477477472,BINANCE
2025-09-02 13:45:04.215,110448.01,5e-05,49.72882882882931,BINANCE
2025-09-02 13:45:04.215,110448.0,5e-05,49.72972972972973,BINANCE
2025-09-02 13:45:04.215,110445.15,5e-05,49.98648648648701,BINANCE
2025-09-02 13:45:04.216,110443.0,5e-05,50.18018018018017,BINANCE
2025-09-02 13:45:04.216,110443.0,0.061,50.18018018018017,BINANCE
2025-09-02 13:45:04.216,110444.0,5e-05,50.09009009009009,BINANCE
2025-09-02 13:45:04.216,110443.01,5e-05,50.17927927927975,BINANCE
2025-09-02 13:45:04.218,110440.01,5e-05,50.44954954955002,BINANCE
2025-09-02 13:45:04.218,110439.99,0.00595,50.45135135135088,BINANCE
2025-09-02 13:45:04.218,110439.99,5e-05,50.45135135135088,BINANCE
2025-09-02 13:45:04.218,110440.0,5e-05,50.45045045045045,BINANCE
2025-09-02 13:45:04.218,110440.93,5e-05,50.36666666666729,BINANCE
2025-09-02 13:45:04.218,110440.95,5e-05,50.364864864865126,BINANCE
2025-09-02 13:45:04.218,110440.94,5e-05,50.36576576576556,BINANCE
2025-09-02 13:45:04.218,110441.11,5e-05,50.350450450450396,BINANCE
2025-09-02 13:45:04.276,110433.75,5e-05,51.013513513513516,BINANCE
2025-09-02 13:45:04.276,110436.0,5e-05,50.810810810810814,BINANCE
2025-09-02 13:45:04.276,110435.82,0.0001,50.827027027026396,BINANCE
2025-09-02 13:45:04.276,110434.33,5e-05,50.96126126126111,BINANCE
2025-09-02 13:45:04.276,110436.01,5e-05,50.80990990991038,BINANCE
2025-09-02 13:45:04.276,110433.74,5e-05,51.014414414413935,BINANCE
2025-09-02 13:45:04.276,110432.99,7e-05,51.081981981981514,BINANCE
2025-09-02 13:45:04.276,110432.01,5e-05,51.17027027027074,BINANCE
2025-09-02 13:45:04.276,110432.0,0.00712,51.171171171171174,BINANCE
2025-09-02 13:45:04.276,110439.99,5e-05,50.45135135135088,BINANCE
2025-09-02 13:45:04.276,110439.99,0.0001,50.45135135135088,BINANCE
2025-09-02 13:45:04.276,110439.98,0.0001,50.45225225225261,BINANCE
2025-09-02 13:45:04.276,110439.74,5e-05,50.4738738738734,BINANCE
2025-09-02 13:45:04.276,110436.02,5e-05,50.80900900900865,BINANCE
2025-09-02 13:45:04.288,110432.0,0.00453,51.171171171171174,BINANCE
2025-09-02 13:45:04.324,110432.01,0.00026,51.17027027027074,BINANCE
2025-09-02 13:45:04.345,110432.01,0.00013,51.17027027027074,BINANCE
2025-09-02 13:45:04.352,110432.01,7e-05,51.17027027027074,BINANCE
2025-09-02 13:45:04.462,110432.01,5e-05,51.17027027027074,BINANCE
2025-09-02 13:45:04.473,110432.01,0.03,51.17027027027074,BINANCE
2025-09-02 13:45:04.518,110432.0,5e-05,51.171171171171174,BINANCE
2025-09-02 13:45:04.518,110432.0,0.054,51.171171171171174,BINANCE
2025-09-02 13:45:04.518,110432.0,0.01692,51.171171171171174,BINANCE
2025-09-02 13:45:04.519,110421.01,5e-05,52.161261261261735,BINANCE
2025-09-02 13:45:04.519,110421.66,5e-05,52.10270270270239,BINANCE
2025-09-02 13:45:04.519,110421.99,7e-05,52.0729729729725,BINANCE
2025-09-02 13:45:04.519,110423.51,5e-05,51.93603603603651,BINANCE
2025-09-02 13:45:04.519,110423.72,0.00098,51.917117117117016,BINANCE
2025-09-02 13:45:04.519,110423.72,0.0001,51.917117117117016,BINANCE
2025-09-02 13:45:04.519,110427.08,5e-05,51.61441441441426,BINANCE
2025-09-02 13:45:04.519,110428.92,5e-05,51.448648648648806,BINANCE
2025-09-02 13:45:04.519,110432.0,5e-05,51.171171171171174,BINANCE
2025-09-02 13:45:04.519,110431.99,0.0001,51.1720720720716,BINANCE
2025-09-02 13:45:04.519,110432.0,0.0001,51.171171171171174,BINANCE
2025-09-02 13:45:04.519,110432.0,0.03708,51.171171171171174,BINANCE
2025-09-02 13:45:04.542,110421.01,0.00452,52.161261261261735,BINANCE
2025-09-02 13:45:04.572,110421.01,0.00018,52.161261261261735,BINANCE
2025-09-02 13:45:04.785,110421.01,0.00018,52.161261261261735,BINANCE
2025-09-02 13:45:04.788,110421.01,0.00362,52.161261261261735,BINANCE
2025-09-02 13:45:04.788,110421.01,0.00266,52.161261261261735,BINANCE
2025-09-02 13:45:05.057,110421.01,0.00776,52.161261261261735,BINANCE
2025-09-02 13:45:05.094,110421.0,0.04713,52.16216216216216,BINANCE
2025-09-02 13:45:05.208,110421.0,0.00108,52.16216216216216,BINANCE
2025-09-02 13:45:05.511,110421.0,0.00495,52.16216216216216,BINANCE
2025-09-02 13:45:05.511,110421.0,0.05816,52.16216216216216,BINANCE
2025-09-02 13:45:05.511,110421.0,0.03969,52.16216216216216,BINANCE
2025-09-02 13:45:05.823,110421.01,0.00079,52.161261261261735,BINANCE
2025-09-02 13:45:05.911,110421.01,0.00082,52.161261261261735,BINANCE
2025-09-02 13:45:05.914,110421.01,0.00079,52.161261261261735,BINANCE
2025-09-02 13:45:05.952,110421.01,0.00785,52.161261261261735,BINANCE
2025-09-02 13:45:05.952,110421.01,5e-05,52.161261261261735,BINANCE
2025-09-02 13:45:05.952,110421.01,0.012,52.161261261261735,BINANCE
2025-09-02 13:45:05.954,110421.01,5e-05,52.161261261261735,BINANCE
2025-09-02 13:45:05.954,110421.01,0.0001,52.161261261261735,BINANCE
2025-09-02 13:45:05.954,110421.01,0.00503,52.161261261261735,BINANCE
2025-09-02 13:45:05.954,110421.01,0.01115,52.161261261261735,BINANCE
2025-09-02 13:45:05.958,110421.01,0.03209,52.161261261261735,BINANCE
2025-09-02 13:45:06.095,110421.02,0.01,52.16036036035999,BINANCE
2025-09-02 13:45:06.095,110421.02,0.0172,52.16036036035999,BINANCE
2025-09-02 13:45:06.095,110421.02,5e-05,52.16036036035999,BINANCE
2025-09-02 13:45:06.095,110421.02,0.0001,52.16036036035999,BINANCE
2025-09-02 13:45:06.095,110421.02,0.01811,52.16036036035999,BINANCE
2025-09-02 13:45:06.100,110421.02,0.00056,52.16036036035999,BINANCE
2025-09-02 13:45:06.140,110421.02,0.00112,52.16036036035999,BINANCE
2025-09-02 13:45:06.309,110421.01,0.05341,52.161261261261735,BINANCE
2025-09-02 13:45:06.669,110421.02,0.003,52.16036036035999,BINANCE
2025-09-02 13:45:06.671,110421.02,0.003,52.16036036035999,BINANCE
2025-09-02 13:45:06.680,110421.02,0.003,52.16036036035999,BINANCE
2025-09-02 13:45:06.769,110421.02,0.00352,52.16036036035999,BINANCE
2025-09-02 13:45:06.797,110421.01,0.01811,52.161261261261735,BINANCE
2025-09-02 13:45:06.919,110421.02,0.00056,52.16036036035999,BINANCE
2025-09-02 13:45:06.945,110421.02,0.0001,52.16036036035999,BINANCE
2025-09-02 13:45:06.945,110421.99,5e-05,52.0729729729725,BINANCE
2025-09-02 13:45:06.945,110421.03,0.0001,52.15945945945957,BINANCE
2025-09-02 13:45:06.945,110421.03,5e-05,52.15945945945957,BINANCE
2025-09-02 13:45:06.945,110421.02,0.00373,52.16036036035999,BINANCE
2025-09-02 13:45:06.945,110421.02,5e-05,52.16036036035999,BINANCE
2025-09-02 13:45:06.948,110423.99,5e-05,51.89279279279232,BINANCE
2025-09-02 13:45:06.948,110423.98,5e-05,51.89369369369406,BINANCE
2025-09-02 13:45:06.948,110422.0,0.0001,52.072072072072075,BINANCE
2025-09-02 13:45:06.948,110422.0,5e-05,52.072072072072075,BINANCE
2025-09-02 13:45:06.948,110423.51,5e-05,51.93603603603651,BINANCE
2025-09-02 13:45:06.950,110423.98,0.02165,51.89369369369406,BINANCE
2025-09-02 13:45:06.950,110423.98,0.01101,51.89369369369406,BINANCE
2025-09-02 13:45:06.963,110423.99,5e-05,51.89279279279232,BINANCE
2025-09-02 13:45:06.963,110423.99,0.0001,51.89279279279232,BINANCE
2025-09-02 13:45:06.963,110423.99,0.01,51.89279279279232,BINANCE
2025-09-02 13:45:06.963,110423.99,0.00765,51.89279279279232,BINANCE
2025-09-02 13:45:07.052,110424.0,5e-05,51.89189189189189,BINANCE
2025-09-02 13:45:07.052,110423.99,5e-05,51.89279279279232,BINANCE
2025-09-02 13:45:07.052,110427.99,0.00018,51.53243243243197,BINANCE
2025-09-02 13:45:07.052,110425.6,0.00052,51.747747747747226,BINANCE
2025-09-02 13:45:07.052,110427.99,5e-05,51.53243243243197,BINANCE
2025-09-02 13:45:07.052,110423.99,0.01774,51.89279279279232,BINANCE
2025-09-02 13:45:07.052,110423.99,0.0001,51.89279279279232,BINANCE
2025-09-02 13:45:07.070,110428.0,0.00128,51.53153153153153,BINANCE
2025-09-02 13:45:07.446,110428.0,0.003,51.53153153153153,BINANCE
2025-09-02 13:45:07.446,110428.0,0.0027,51.53153153153153,BINANCE
2025-09-02 13:45:07.446,110428.0,5e-05,51.53153153153153,BINANCE
2025-09-02 13:45:07.447,110428.0,0.007,51.53153153153153,BINANCE
2025-09-02 13:45:07.447,110428.0,0.003,51.53153153153153,BINANCE
2025-09-02 13:45:07.448,110428.0,5e-05,51.53153153153153,BINANCE
2025-09-02 13:45:07.448,110428.01,5e-05,51.53063063063111,BINANCE
2025-09-02 13:45:07.448,110430.99,5e-05,51.262162162161694,BINANCE
2025-09-02 13:45:07.448,110428.92,5e-05,51.448648648648806,BINANCE
2025-09-02 13:45:07.448,110428.01,0.0001,51.53063063063111,BINANCE
2025-09-02 13:45:07.448,110428.0,0.0001,51.53153153153153,BINANCE
2025-09-02 13:45:07.448,110428.0,0.007,51.53153153153153,BINANCE
2025-09-02 13:45:07.448,110428.0,0.00158,51.53153153153153,BINANCE
2025-09-02 13:45:07.448,110428.0,0.00193,51.53153153153153,BINANCE
2025-09-02 13:45:07.455,110431.0,0.003,51.26126126126126,BINANCE
2025-09-02 13:45:07.456,110431.0,0.00229,51.26126126126126,BINANCE
2025-09-02 13:45:07.457,110431.0,0.007,51.26126126126126,BINANCE
2025-09-02 13:45:07.509,110431.0,0.001,51.26126126126126,BINANCE
2025-09-02 13:45:07.526,110431.0,0.00062,51.26126126126126,BINANCE
2025-09-02 13:45:07.680,110431.0,0.011,51.26126126126126,BINANCE
2025-09-02 13:45:07.681,110431.0,0.011,51.26126126126126,BINANCE
2025-09-02 13:45:07.682,110431.0,9e-05,51.26126126126126,BINANCE
2025-09-02 13:45:07.682,110431.0,5e-05,51.26126126126126,BINANCE
2025-09-02 13:45:07.682,110431.01,5e-05,51.260360360360835,BINANCE
2025-09-02 13:45:07.682,110433.99,5e-05,50.99189189189142,BINANCE
2025-09-02 13:45:07.682,110431.2,5e-05,51.243243243243505,BINANCE
2025-09-02 13:45:07.682,110432.01,0.0004,51.17027027027074,BINANCE
2025-09-02 13:45:07.682,110433.0,7e-05,51.08108108108109,BINANCE
2025-09-02 13:45:07.682,110431.0,1e-05,51.26126126126126,BINANCE
2025-09-02 13:45:07.682,110431.0,0.0001,51.26126126126126,BINANCE
2025-09-02 13:45:07.682,110431.0,0.019,51.26126126126126,BINANCE
2025-09-02 13:45:07.682,110431.0,0.0181,51.26126126126126,BINANCE
2025-09-02 13:45:07.683,110434.97,5e-05,50.90360360360349,BINANCE
2025-09-02 13:45:07.683,110434.0,5e-05,50.99099099099099,BINANCE
2025-09-02 13:45:07.683,110434.33,5e-05,50.96126126126111,BINANCE
2025-09-02 13:45:07.687,110434.97,0.02231,50.90360360360349,BINANCE
2025-09-02 13:45:07.687,110434.97,0.00672,50.90360360360349,BINANCE
2025-09-02 13:45:07.689,110434.99,5e-05,50.90180180180133,BINANCE
2025-09-02 13:45:07.689,110435.99,5e-05,50.81171171171124,BINANCE
2025-09-02 13:45:07.689,110440.0,0.02,50.45045045045045,BINANCE
2025-09-02 13:45:07.689,110436.0,5e-05,50.810810810810814,BINANCE
2025-09-02 13:45:07.689,110437.98,5e-05,50.6324324324328,BINANCE
2025-09-02 13:45:07.689,110437.99,5e-05,50.63153153153105,BINANCE
2025-09-02 13:45:07.689,110438.0,5e-05,50.630630630630634,BINANCE
2025-09-02 13:45:07.689,110439.74,5e-05,50.4738738738734,BINANCE
2025-09-02 13:45:07.689,110439.99,5e-05,50.45135135135088,BINANCE
2025-09-02 13:45:07.689,110440.0,0.01655,50.45045045045045,BINANCE
2025-09-02 13:45:07.689,110434.99,0.0001,50.90180180180133,BINANCE
2025-09-02 13:45:07.689,110434.98,5e-05,50.90270270270307,BINANCE
2025-09-02 13:45:07.689,110434.98,0.0001,50.90270270270307,BINANCE
2025-09-02 13:45:07.690,110440.0,0.011,50.45045045045045,BINANCE
2025-09-02 13:45:07.690,110440.0,0.016,50.45045045045045,BINANCE
2025-09-02 13:45:07.692,110440.0,0.00275,50.45045045045045,BINANCE
2025-09-02 13:45:07.692,110440.0,5e-05,50.45045045045045,BINANCE
2025-09-02 13:45:07.692,110440.0,0.00815,50.45045045045045,BINANCE
2025-09-02 13:45:07.693,110440.0,0.00377,50.45045045045045,BINANCE
2025-09-02 13:45:07.693,110440.0,0.011,50.45045045045045,BINANCE
2025-09-02 13:45:07.717,110440.28,5e-05,50.425225225225326,BINANCE
2025-09-02 13:45:07.717,110440.01,5e-05,50.44954954955002,BINANCE
2025-09-02 13:45:07.717,110440.01,0.0001,50.44954954955002,BINANCE
2025-09-02 13:45:07.717,110440.0,5e-05,50.45045045045045,BINANCE
2025-09-02 13:45:07.717,110440.0,0.0001,50.45045045045045,BINANCE
2025-09-02 13:45:07.727,110442.0,5e-05,50.270270270270274,BINANCE
2025-09-02 13:45:07.727,110444.0,7e-05,50.09009009009009,BINANCE
2025-09-02 13:45:07.727,110445.15,5e-05,49.98648648648701,BINANCE
2025-09-02 13:45:07.727,110445.3,0.00022,49.97297297297271,BINANCE
2025-09-02 13:45:07.727,110447.98,5e-05,49.7315315315319,BINANCE
2025-09-02 13:45:07.727,110447.99,5e-05,49.73063063063015,BINANCE
2025-09-02 13:45:07.727,110448.78,0.00082,49.65945945945956,BINANCE
2025-09-02 13:45:07.727,110449.67,5e-05,49.57927927927944,BINANCE
2025-09-02 13:45:07.727,110449.68,0.01544,49.578378378379014,BINANCE
2025-09-02 13:45:07.727,110441.99,5e-05,50.2711711711707,BINANCE
2025-09-02 13:45:07.727,110441.99,0.0001,50.2711711711707,BINANCE
2025-09-02 13:45:07.728,110449.68,0.02,49.578378378379014,BINANCE
2025-09-02 13:45:07.729,110449.68,0.018,49.578378378379014,BINANCE
2025-09-02 13:45:07.729,110449.68,0.019,49.578378378379014,BINANCE
2025-09-02 13:45:07.730,110449.68,0.016,49.578378378379014,BINANCE
2025-09-02 13:45:07.730,110449.68,0.019,49.578378378379014,BINANCE
2025-09-02 13:45:07.731,110449.68,0.019,49.578378378379014,BINANCE
2025-09-02 13:45:07.731,110449.68,0.018,49.578378378379014,BINANCE
2025-09-02 13:45:07.732,110449.68,0.019,49.578378378379014,BINANCE
2025-09-02 13:45:07.868,110449.68,0.001,49.578378378379014,BINANCE
2025-09-02 13:45:08.006,110449.68,5e-05,49.578378378379014,BINANCE
2025-09-02 13:45:08.006,110449.68,0.0001,49.578378378379014,BINANCE
2025-09-02 13:45:08.006,110449.69,5e-05,49.57747747747727,BINANCE
2025-09-02 13:45:08.006,110449.69,0.01,49.57747747747727,BINANCE
2025-09-02 13:45:08.006,110449.69,0.0001,49.57747747747727,BINANCE
2025-09-02 13:45:08.006,110449.69,0.03526,49.57747747747727,BINANCE
2025-09-02 13:45:08.006,110450.56,5e-05,49.49909909909931,BINANCE
2025-09-02 13:45:08.006,110451.98,5e-05,49.37117117117154,BINANCE
2025-09-02 13:45:08.006,110449.68,0.00149,49.578378378379014,BINANCE
2025-09-02 13:45:08.006,110449.68,0.00472,49.578378378379014,BINANCE
2025-09-02 13:45:08.009,110452.0,5e-05,49.36936936936937,BINANCE
2025-09-02 13:45:08.009,110451.99,5e-05,49.3702702702698,BINANCE
2025-09-02 13:45:08.009,110451.99,0.0001,49.3702702702698,BINANCE
2025-09-02 13:45:08.015,110453.98,0.01069,49.19099099099136,BINANCE
2025-09-02 13:45:08.017,110457.44,5e-05,48.87927927927907,BINANCE
2025-09-02 13:45:08.017,110456.0,5e-05,49.00900900900901,BINANCE
2025-09-02 13:45:08.017,110455.99,5e-05,49.00990990990944,BINANCE
2025-09-02 13:45:08.017,110455.92,5e-05,49.01621621621637,BINANCE
2025-09-02 13:45:08.017,110455.97,5e-05,49.011711711711605,BINANCE
2025-09-02 13:45:08.017,110457.46,5e-05,48.877477477476894,BINANCE
2025-09-02 13:45:08.017,110457.45,5e-05,48.87837837837864,BINANCE
2025-09-02 13:45:08.017,110457.96,5e-05,48.83243243243186,BINANCE
2025-09-02 13:45:08.017,110459.15,0.0001,48.725225225225756,BINANCE
2025-09-02 13:45:08.017,110459.64,5e-05,48.68108108108113,BINANCE
2025-09-02 13:45:08.017,110459.98,5e-05,48.65045045045081,BINANCE
2025-09-02 13:45:08.017,110460.0,0.00139,48.648648648648646,BINANCE
2025-09-02 13:45:08.017,110459.99,5e-05,48.64954954954908,BINANCE
2025-09-02 13:45:08.017,110455.91,5e-05,49.017117117116804,BINANCE
2025-09-02 13:45:08.017,110453.99,5e-05,49.19009009008962,BINANCE
2025-09-02 13:45:08.017,110455.0,7e-05,49.0990990990991,BINANCE
2025-09-02 13:45:08.017,110453.99,0.0001,49.19009009008962,BINANCE
2025-09-02 13:45:08.017,110454.0,5e-05,49.189189189189186,BINANCE
2025-09-02 13:45:08.017,110454.14,9e-05,49.176576576576636,BINANCE
2025-09-02 13:45:08.017,110454.82,7e-05,49.11531531531468,BINANCE
2025-09-02 13:45:08.027,110460.0,0.0007,48.648648648648646,BINANCE
2025-09-02 13:45:08.027,110460.0,0.00058,48.648648648648646,BINANCE
2025-09-02 13:45:08.027,110460.0,0.01672,48.648648648648646,BINANCE
2025-09-02 13:45:08.028,110460.0,0.01671,48.648648648648646,BINANCE
2025-09-02 13:45:08.028,110460.0,0.019,48.648648648648646,BINANCE
2025-09-02 13:45:08.029,110460.0,5e-05,48.648648648648646,BINANCE
2025-09-02 13:45:08.029,110460.0,0.019,48.648648648648646,BINANCE
2025-09-02 13:45:08.029,110460.0,0.016,48.648648648648646,BINANCE
2025-09-02 13:45:08.029,110460.0,0.01321,48.648648648648646,BINANCE
2025-09-02 13:45:08.029,110460.0,0.00464,48.648648648648646,BINANCE
2025-09-02 13:45:08.032,110460.0,0.019,48.648648648648646,BINANCE
2025-09-02 13:45:08.116,110464.49,5e-05,48.244144144143675,BINANCE
2025-09-02 13:45:08.116,110462.74,0.00181,48.401801801801334,BINANCE
2025-09-02 13:45:08.116,110463.99,0.00181,48.28918918918871,BINANCE
2025-09-02 13:45:08.116,110465.14,0.003,48.185585585585635,BINANCE
2025-09-02 13:45:08.116,110463.99,0.00091,48.28918918918871,BINANCE
2025-09-02 13:45:08.116,110465.5,0.00181,48.153153153153156,BINANCE
2025-09-02 13:45:08.116,110468.95,5e-05,47.842342342342604,BINANCE
2025-09-02 13:45:08.116,110466.0,7e-05,48.108108108108105,BINANCE
2025-09-02 13:45:08.116,110466.2,0.00181,48.09009009009035,BINANCE
2025-09-02 13:45:08.116,110466.79,5e-05,48.036936936937515,BINANCE
2025-09-02 13:45:08.116,110467.63,5e-05,47.96126126126084,BINANCE
2025-09-02 13:45:08.116,110465.56,5e-05,48.14774774774796,BINANCE
2025-09-02 13:45:08.116,110461.38,5e-05,48.524324324323906,BINANCE
2025-09-02 13:45:08.116,110466.84,5e-05,48.03243243243275,BINANCE
2025-09-02 13:45:08.116,110460.01,5e-05,48.64774774774822,BINANCE
2025-09-02 13:45:08.116,110460.0,5e-05,48.648648648648646,BINANCE
2025-09-02 13:45:08.116,110460.15,0.00018,48.635135135135656,BINANCE
2025-09-02 13:45:08.119,110468.96,5e-05,47.841441441440864,BINANCE
2025-09-02 13:45:08.127,110468.96,0.016,47.841441441440864,BINANCE
2025-09-02 13:45:08.141,110468.96,5e-05,47.841441441440864,BINANCE
2025-09-02 13:45:08.141,110468.96,0.0009,47.841441441440864,BINANCE
2025-09-02 13:45:08.158,110468.96,0.01,47.841441441440864,BINANCE
2025-09-02 13:45:08.158,110468.96,0.0016,47.841441441440864,BINANCE
2025-09-02 13:45:08.158,110468.96,0.0007,47.841441441440864,BINANCE
2025-09-02 13:45:08.158,110468.96,0.0001,47.841441441440864,BINANCE
2025-09-02 13:45:08.158,110468.96,5e-05,47.841441441440864,BINANCE
2025-09-02 13:45:08.178,110468.96,5e-05,47.841441441440864,BINANCE
2025-09-02 13:45:08.178,110468.96,7e-05,47.841441441440864,BINANCE
2025-09-02 13:45:08.221,110468.96,5e-05,47.841441441440864,BINANCE
2025-09-02 13:45:08.221,110468.97,5e-05,47.84054054054044,BINANCE
2025-09-02 13:45:08.221,110471.99,5e-05,47.568468468468,BINANCE
2025-09-02 13:45:08.221,110468.97,0.0001,47.84054054054044,BINANCE
2025-09-02 13:45:08.221,110468.96,0.0001,47.841441441440864,BINANCE
2025-09-02 13:45:08.225,110471.99,0.01954,47.568468468468,BINANCE
2025-09-02 13:45:08.225,110471.99,0.00985,47.568468468468,BINANCE
2025-09-02 13:45:08.306,110472.0,0.0001,47.56756756756757,BINANCE
2025-09-02 13:45:08.306,110472.01,0.0001,47.56666666666714,BINANCE
2025-09-02 13:45:08.306,110472.01,5e-05,47.56666666666714,BINANCE
2025-09-02 13:45:08.306,110472.2,5e-05,47.54954954954981,BINANCE
2025-09-02 13:45:08.306,110472.96,0.00018,47.481081081080504,BINANCE
2025-09-02 13:45:08.306,110473.62,0.00018,47.42162162162204,BINANCE
2025-09-02 13:45:08.306,110473.99,5e-05,47.38828828828781,BINANCE
2025-09-02 13:45:08.306,110474.0,0.00397,47.387387387387385,BINANCE
2025-09-02 13:45:08.306,110472.36,0.0001,47.535135135135086,BINANCE
2025-09-02 13:45:08.306,110472.0,5e-05,47.56756756756757,BINANCE
2025-09-02 13:45:08.349,110476.75,5e-05,47.13963963963964,BINANCE
2025-09-02 13:45:08.349,110474.01,5e-05,47.38648648648696,BINANCE
2025-09-02 13:45:08.349,110474.01,0.0001,47.38648648648696,BINANCE
2025-09-02 13:45:08.349,110475.89,0.0001,47.217117117117176,BINANCE
2025-09-02 13:45:08.349,110478.29,5e-05,47.00090090090148,BINANCE
2025-09-02 13:45:08.349,110476.76,5e-05,47.13873873873921,BINANCE
2025-09-02 13:45:08.349,110477.0,7e-05,47.11711711711712,BINANCE
2025-09-02 13:45:08.349,110477.61,5e-05,47.06216216216211,BINANCE
2025-09-02 13:45:08.349,110478.3,5e-05,46.999999999999744,BINANCE
2025-09-02 13:45:08.349,110478.72,0.0003,46.96216216216206,BINANCE
2025-09-02 13:45:08.349,110474.0,5e-05,47.387387387387385,BINANCE
2025-09-02 13:45:08.349,110474.0,0.0001,47.387387387387385,BINANCE
2025-09-02 13:45:08.411,110478.72,0.0001,46.96216216216206,BINANCE
2025-09-02 13:45:08.411,110478.72,5e-05,46.96216216216206,BINANCE
2025-09-02 13:45:08.411,110478.73,0.0001,46.961261261261626,BINANCE
2025-09-02 13:45:08.411,110478.73,5e-05,46.961261261261626,BINANCE
2025-09-02 13:45:08.411,110480.0,0.0017,46.846846846846844,BINANCE
2025-09-02 13:45:08.467,110480.0,0.00086,46.846846846846844,BINANCE
2025-09-02 13:45:08.510,110480.0,0.00105,46.846846846846844,BINANCE
2025-09-02 13:45:08.521,110480.0,6e-05,46.846846846846844,BINANCE
2025-09-02 13:45:08.543,110480.0,0.00123,46.846846846846844,BINANCE
2025-09-02 13:45:08.547,110480.0,6e-05,46.846846846846844,BINANCE
2025-09-02 13:45:08.562,110480.0,6e-05,46.846846846846844,BINANCE
2025-09-02 13:45:08.568,110480.0,6e-05,46.846846846846844,BINANCE
2025-09-02 13:45:08.588,110480.0,6e-05,46.846846846846844,BINANCE
2025-09-02 13:45:08.591,110480.0,6e-05,46.846846846846844,BINANCE
2025-09-02 13:45:08.599,110480.0,0.00745,46.846846846846844,BINANCE
2025-09-02 13:45:08.599,110480.0,5e-05,46.846846846846844,BINANCE
2025-09-02 13:45:08.599,110480.0,0.0129,46.846846846846844,BINANCE
2025-09-02 13:45:08.636,110480.0,6e-05,46.846846846846844,BINANCE
2025-09-02 13:45:08.641,110480.0,0.00086,46.846846846846844,BINANCE
2025-09-02 13:45:08.708,110480.0,6e-05,46.846846846846844,BINANCE
2025-09-02 13:45:08.729,110480.0,6e-05,46.846846846846844,BINANCE
2025-09-02 13:45:08.885,110480.0,0.0001,46.846846846846844,BINANCE
2025-09-02 13:45:08.885,110480.01,5e-05,46.84594594594642,BINANCE
2025-09-02 13:45:08.885,110480.01,0.0001,46.84594594594642,BINANCE
2025-09-02 13:45:08.885,110481.98,5e-05,46.66846846846884,BINANCE
2025-09-02 13:45:08.885,110480.71,5e-05,46.78288288288231,BINANCE
2025-09-02 13:45:08.885,110481.71,0.0026,46.69279279279221,BINANCE
2025-09-02 13:45:08.885,110481.71,0.0004,46.69279279279221,BINANCE
2025-09-02 13:45:08.885,110480.02,5e-05,46.84504504504468,BINANCE
2025-09-02 13:45:08.885,110480.0,5e-05,46.846846846846844,BINANCE
2025-09-02 13:45:08.885,110480.0,0.00103,46.846846846846844,BINANCE
2025-09-02 13:45:08.891,110481.99,5e-05,46.6675675675671,BINANCE
2025-09-02 13:45:08.892,110481.98,0.00945,46.66846846846884,BINANCE
2025-09-02 13:45:08.892,110481.98,0.02485,46.66846846846884,BINANCE
2025-09-02 13:45:08.925,110481.99,5e-05,46.6675675675671,BINANCE
2025-09-02 13:45:08.925,110481.99,0.00735,46.6675675675671,BINANCE
2025-09-02 13:45:08.926,110483.6,5e-05,46.522522522522,BINANCE
2025-09-02 13:45:08.926,110483.02,5e-05,46.574774774774404,BINANCE
2025-09-02 13:45:08.926,110482.01,5e-05,46.66576576576624,BINANCE
2025-09-02 13:45:08.926,110482.0,5e-05,46.66666666666667,BINANCE
2025-09-02 13:45:08.926,110482.0,0.0001,46.66666666666667,BINANCE
2025-09-02 13:45:08.926,110481.99,5e-05,46.6675675675671,BINANCE
2025-09-02 13:45:08.926,110481.99,0.0001,46.6675675675671,BINANCE
2025-09-02 13:45:08.926,110481.99,0.02396,46.6675675675671,BINANCE
2025-09-02 13:45:08.930,110483.61,5e-05,46.52162162162156,BINANCE
2025-09-02 13:45:08.979,110483.61,5e-05,46.52162162162156,BINANCE
2025-09-02 13:45:08.979,110483.99,5e-05,46.48738738738691,BINANCE
2025-09-02 13:45:08.979,110483.62,5e-05,46.520720720721144,BINANCE
2025-09-02 13:45:08.979,110483.61,3e-05,46.52162162162156,BINANCE
2025-09-02 13:45:08.979,110483.61,0.0001,46.52162162162156,BINANCE
2025-09-02 13:45:08.979,110483.61,2e-05,46.52162162162156,BINANCE
2025-09-02 13:45:08.982,110484.01,5e-05,46.48558558558606,BINANCE
2025-09-02 13:45:08.982,110487.53,5e-05,46.168468468468575,BINANCE
2025-09-02 13:45:08.982,110487.26,9e-05,46.19279279279327,BINANCE
2025-09-02 13:45:08.982,110484.0,5e-05,46.486486486486484,BINANCE
2025-09-02 13:45:08.982,110484.0,1e-05,46.486486486486484,BINANCE
2025-09-02 13:45:08.982,110484.0,0.0001,46.486486486486484,BINANCE
2025-09-02 13:45:08.982,110484.0,4e-05,46.486486486486484,BINANCE
2025-09-02 13:45:08.995,110487.54,0.00048,46.16756756756815,BINANCE
2025-09-02 13:45:09.113,110487.54,0.001,46.16756756756815,BINANCE
2025-09-02 13:45:09.131,110492.0,0.01972,45.765765765765764,BINANCE
2025-09-02 13:45:09.131,110487.55,5e-05,46.1666666666664,BINANCE
2025-09-02 13:45:09.131,110487.55,0.00559,46.1666666666664,BINANCE
2025-09-02 13:45:09.131,110488.0,0.002,46.12612612612613,BINANCE
2025-09-02 13:45:09.131,110488.0,7e-05,46.12612612612613,BINANCE
2025-09-02 13:45:09.131,110488.43,5e-05,46.08738738738801,BINANCE
2025-09-02 13:45:09.131,110491.99,5e-05,45.7666666666662,BINANCE
2025-09-02 13:45:09.131,110492.0,0.002,45.765765765765764,BINANCE
2025-09-02 13:45:09.131,110487.55,0.00543,46.1666666666664,BINANCE
2025-09-02 13:45:09.131,110487.54,5e-05,46.16756756756815,BINANCE
2025-09-02 13:45:09.131,110487.54,0.19351,46.16756756756815,BINANCE
2025-09-02 13:45:09.131,110487.54,0.00029,46.16756756756815,BINANCE
2025-09-02 13:45:09.131,110487.54,0.0001,46.16756756756815,BINANCE
2025-09-02 13:45:09.142,110493.84,5e-05,45.60000000000031,BINANCE
2025-09-02 13:45:09.142,110496.0,0.002,45.4054054054054,BINANCE
2025-09-02 13:45:09.142,110494.01,0.001,45.58468468468515,BINANCE
2025-09-02 13:45:09.142,110494.01,9e-05,45.58468468468515,BINANCE
2025-09-02 13:45:09.142,110495.06,0.001,45.490090090090305,BINANCE
2025-09-02 13:45:09.142,110498.3,0.00022,45.19819819819793,BINANCE
2025-09-02 13:45:09.142,110498.43,0.00868,45.18648648648711,BINANCE
2025-09-02 13:45:09.142,110498.43,0.00603,45.18648648648711,BINANCE
2025-09-02 13:45:09.142,110492.01,5e-05,45.76486486486534,BINANCE
2025-09-02 13:45:09.142,110498.43,0.00132,45.18648648648711,BINANCE
2025-09-02 13:45:09.142,110494.01,0.002,45.58468468468515,BINANCE
2025-09-02 13:45:09.142,110492.01,0.0001,45.76486486486534,BINANCE
2025-09-02 13:45:09.142,110492.0,5e-05,45.765765765765764,BINANCE
2025-09-02 13:45:09.142,110492.0,0.0001,45.765765765765764,BINANCE
2025-09-02 13:45:09.144,110500.0,0.002,45.04504504504504,BINANCE
2025-09-02 13:45:09.144,110500.0,5e-05,45.04504504504504,BINANCE
2025-09-02 13:45:09.144,110500.12,5e-05,45.03423423423465,BINANCE
2025-09-02 13:45:09.144,110500.13,5e-05,45.03333333333291,BINANCE
2025-09-02 13:45:09.144,110501.35,0.0001,44.923423423422896,BINANCE
2025-09-02 13:45:09.144,110501.35,5e-05,44.923423423422896,BINANCE
2025-09-02 13:45:09.144,110500.0,0.00785,45.04504504504504,BINANCE
2025-09-02 13:45:09.144,110502.1,0.0086,44.85585585585533,BINANCE
2025-09-02 13:45:09.144,110500.0,0.01025,45.04504504504504,BINANCE
2025-09-02 13:45:09.144,110499.0,7e-05,45.13513513513513,BINANCE
2025-09-02 13:45:09.144,110500.0,0.0018,45.04504504504504,BINANCE
2025-09-02 13:45:09.144,110499.99,0.0001,45.04594594594547,BINANCE
2025-09-02 13:45:09.144,110499.33,0.00082,45.10540540540525,BINANCE
2025-09-02 13:45:09.144,110499.25,5e-05,45.112612612612615,BINANCE
2025-09-02 13:45:09.144,110498.6,5e-05,45.17117117117064,BINANCE
2025-09-02 13:45:09.144,110498.59,5e-05,45.17207207207239,BINANCE
2025-09-02 13:45:09.144,110498.55,5e-05,45.175675675675414,BINANCE
2025-09-02 13:45:09.144,110498.43,0.004,45.18648648648711,BINANCE
2025-09-02 13:45:09.144,110498.43,0.0181,45.18648648648711,BINANCE
2025-09-02 13:45:09.144,110500.0,0.00161,45.04504504504504,BINANCE
2025-09-02 13:45:09.146,110502.1,0.019,44.85585585585533,BINANCE
2025-09-02 13:45:09.151,110502.1,0.018,44.85585585585533,BINANCE
2025-09-02 13:45:09.151,110502.1,8e-05,44.85585585585533,BINANCE
2025-09-02 13:45:09.151,110502.1,5e-05,44.85585585585533,BINANCE
2025-09-02 13:45:09.151,110502.1,0.01782,44.85585585585533,BINANCE
2025-09-02 13:45:09.152,110502.1,0.01555,44.85585585585533,BINANCE
2025-09-02 13:45:09.152,110502.1,0.00137,44.85585585585533,BINANCE
2025-09-02 13:45:09.152,110502.1,0.00108,44.85585585585533,BINANCE
2025-09-02 13:45:09.152,110502.1,0.02,44.85585585585533,BINANCE
2025-09-02 13:45:09.152,110502.1,0.016,44.85585585585533,BINANCE
2025-09-02 13:45:09.152,110502.1,0.019,44.85585585585533,BINANCE
2025-09-02 13:45:09.237,110502.1,0.04742,44.85585585585533,BINANCE
2025-09-02 13:45:09.237,110502.1,0.01144,44.85585585585533,BINANCE
2025-09-02 13:45:09.280,110502.09,0.0004,44.85675675675707,BINANCE
2025-09-02 13:45:09.320,110502.09,0.00077,44.85675675675707,BINANCE
2025-09-02 13:45:09.327,110502.53,5e-05,44.81711711711722,BINANCE
2025-09-02 13:45:09.327,110502.12,5e-05,44.85405405405447,BINANCE
2025-09-02 13:45:09.327,110502.11,5e-05,44.8549549549549,BINANCE
2025-09-02 13:45:09.327,110502.1,5e-05,44.85585585585533,BINANCE
2025-09-02 13:45:09.328,110502.53,5e-05,44.81711711711722,BINANCE
2025-09-02 13:45:09.334,110502.54,5e-05,44.816216216216795,BINANCE
2025-09-02 13:45:09.347,110502.53,0.01566,44.81711711711722,BINANCE
2025-09-02 13:45:09.424,110502.53,0.00195,44.81711711711722,BINANCE
2025-09-02 13:45:09.504,110502.54,0.00235,44.816216216216795,BINANCE
2025-09-02 13:45:09.527,110502.54,0.036,44.816216216216795,BINANCE
2025-09-02 13:45:09.817,110502.54,9e-05,44.816216216216795,BINANCE
2025-09-02 13:45:09.832,110502.53,0.0026,44.81711711711722,BINANCE
2025-09-02 13:45:09.889,110502.54,0.00021,44.816216216216795,BINANCE
2025-09-02 13:45:09.891,110502.54,0.0002,44.816216216216795,BINANCE
2025-09-02 13:45:09.894,110502.54,0.00089,44.816216216216795,BINANCE
2025-09-02 13:45:09.894,110502.54,0.019,44.816216216216795,BINANCE
2025-09-02 13:45:09.895,110502.54,0.00624,44.816216216216795,BINANCE
2025-09-02 13:45:09.895,110502.54,0.00477,44.816216216216795,BINANCE
2025-09-02 13:45:09.895,110502.54,0.019,44.816216216216795,BINANCE
2025-09-02 13:45:09.895,110502.54,0.018,44.816216216216795,BINANCE
2025-09-02 13:45:09.895,110502.54,5e-05,44.816216216216795,BINANCE
2025-09-02 13:45:09.895,110502.54,0.01336,44.816216216216795,BINANCE
2025-09-02 13:45:09.908,110502.54,0.00181,44.816216216216795,BINANCE
2025-09-02 13:45:09.920,110502.53,0.0008,44.81711711711722,BINANCE
2025-09-02 13:45:09.923,110502.54,0.0023,44.816216216216795,BINANCE
2025-09-02 13:45:09.931,110502.54,0.001,44.816216216216795,BINANCE
2025-09-02 13:45:09.932,110502.54,0.00061,44.816216216216795,BINANCE
2025-09-02 13:45:09.934,110502.53,0.00018,44.81711711711722,BINANCE
2025-09-02 13:45:09.938,110502.54,0.00017,44.816216216216795,BINANCE
2025-09-02 13:45:09.940,110502.53,0.00191,44.81711711711722,BINANCE
2025-09-02 13:45:09.940,110502.53,0.00083,44.81711711711722,BINANCE
2025-09-02 13:45:09.948,110502.54,0.00029,44.816216216216795,BINANCE
2025-09-02 13:45:09.949,110502.53,0.00045,44.81711711711722,BINANCE
2025-09-02 13:45:09.952,110502.53,0.0002,44.81711711711722,BINANCE
2025-09-02 13:45:09.966,110502.54,0.00051,44.816216216216795,BINANCE
2025-09-02 13:45:09.984,110502.55,5e-05,44.81531531531505,BINANCE
2025-09-02 13:45:09.984,110502.55,0.00682,44.81531531531505,BINANCE
2025-09-02 13:45:09.984,110502.54,5e-05,44.816216216216795,BINANCE
2025-09-02 13:45:09.984,110502.55,0.00495,44.81531531531505,BINANCE
2025-09-02 13:45:09.984,110502.54,0.00104,44.816216216216795,BINANCE
2025-09-02 13:45:09.984,110502.54,8e-05,44.816216216216795,BINANCE
2025-09-02 13:45:09.987,110502.53,0.00542,44.81711711711722,BINANCE
2025-09-02 13:45:09.992,110502.53,0.0009,44.81711711711722,BINANCE
2025-09-02 13:45:10.007,110502.54,0.03141,44.816216216216795,BINANCE
2025-09-02 13:45:10.010,110502.54,0.00017,44.816216216216795,BINANCE
2025-09-02 13:45:10.025,110502.54,0.00017,44.816216216216795,BINANCE
2025-09-02 13:45:10.032,110502.54,0.00017,44.816216216216795,BINANCE
2025-09-02 13:45:10.035,110502.54,0.00089,44.816216216216795,BINANCE
2025-09-02 13:45:10.035,110502.55,0.00031,44.81531531531505,BINANCE
2025-09-02 13:45:10.036,110502.54,0.00187,44.816216216216795,BINANCE
2025-09-02 13:45:10.036,110502.54,0.00038,44.816216216216795,BINANCE
2025-09-02 13:45:10.036,110502.54,0.00075,44.816216216216795,BINANCE
2025-09-02 13:45:10.036,110502.54,0.00304,44.816216216216795,BINANCE
2025-09-02 13:45:10.037,110502.55,0.00061,44.81531531531505,BINANCE
2025-09-02 13:45:10.040,110502.54,0.00052,44.816216216216795,BINANCE
2025-09-02 13:45:10.044,110502.54,0.00015,44.816216216216795,BINANCE
2025-09-02 13:45:10.049,110502.55,0.00443,44.81531531531505,BINANCE
2025-09-02 13:45:10.130,110502.54,0.0012,44.816216216216795,BINANCE
2025-09-02 13:45:10.140,110502.55,0.02996,44.81531531531505,BINANCE
2025-09-02 13:45:10.140,110502.55,5e-05,44.81531531531505,BINANCE
2025-09-02 13:45:10.140,110502.56,5e-05,44.81441441441462,BINANCE
2025-09-02 13:45:10.140,110502.55,0.01387,44.81531531531505,BINANCE
2025-09-02 13:45:10.141,110509.64,0.00082,44.17657657657663,BINANCE
2025-09-02 13:45:10.141,110509.69,0.00018,44.17207207207186,BINANCE
2025-09-02 13:45:10.141,110509.8,7e-05,44.1621621621619,BINANCE
2025-09-02 13:45:10.141,110510.0,7e-05,44.14414414414414,BINANCE
2025-09-02 13:45:10.141,110512.0,0.002,43.96396396396396,BINANCE
2025-09-02 13:45:10.141,110510.07,5e-05,44.13783783783721,BINANCE
2025-09-02 13:45:10.141,110510.34,0.00018,44.11351351351383,BINANCE
2025-09-02 13:45:10.141,110512.0,0.0004,43.96396396396396,BINANCE
2025-09-02 13:45:10.141,110512.12,0.00051,43.95315315315357,BINANCE
2025-09-02 13:45:10.141,110510.0,5e-05,44.14414414414414,BINANCE
2025-09-02 13:45:10.141,110508.18,5e-05,44.30810810810873,BINANCE
2025-09-02 13:45:10.141,110508.17,5e-05,44.30900900900917,BINANCE
2025-09-02 13:45:10.141,110504.0,0.002,44.68468468468468,BINANCE
2025-09-02 13:45:10.141,110504.66,5e-05,44.625225225224916,BINANCE
2025-09-02 13:45:10.141,110507.62,0.00018,44.35855855855898,BINANCE
2025-09-02 13:45:10.141,110508.0,0.002,44.32432432432433,BINANCE
2025-09-02 13:45:10.141,110506.55,0.00018,44.454954954954694,BINANCE
2025-09-02 13:45:10.141,110508.05,0.00045,44.31981981981956,BINANCE
2025-09-02 13:45:10.141,110508.05,0.00023,44.31981981981956,BINANCE
2025-09-02 13:45:10.141,110508.07,5e-05,44.31801801801738,BINANCE
2025-09-02 13:45:10.141,110508.0,0.0004,44.32432432432433,BINANCE
2025-09-02 13:45:10.142,110515.48,5e-05,43.65045045045082,BINANCE
2025-09-02 13:45:10.142,110516.0,0.00037,43.6036036036036,BINANCE
2025-09-02 13:45:10.142,110515.8,0.0001,43.621621621621365,BINANCE
2025-09-02 13:45:10.142,110515.69,0.00181,43.63153153153132,BINANCE
2025-09-02 13:45:10.142,110513.99,0.00082,43.78468468468421,BINANCE
2025-09-02 13:45:10.142,110516.0,0.002,43.6036036036036,BINANCE
2025-09-02 13:45:10.142,110512.55,0.00091,43.914414414414146,BINANCE
2025-09-02 13:45:10.142,110512.55,0.00181,43.914414414414146,BINANCE
2025-09-02 13:45:10.142,110512.39,5e-05,43.928828828828884,BINANCE
2025-09-02 13:45:10.142,110512.12,0.0013,43.95315315315357,BINANCE
2025-09-02 13:45:10.142,110513.99,0.00045,43.78468468468421,BINANCE
2025-09-02 13:45:10.149,110512.12,5e-05,43.95315315315357,BINANCE
2025-09-02 13:45:10.154,110512.12,5e-05,43.95315315315357,BINANCE
2025-09-02 13:45:10.156,110512.12,5e-05,43.95315315315357,BINANCE
2025-09-02 13:45:10.169,110512.12,5e-05,43.95315315315357,BINANCE
2025-09-02 13:45:10.190,110512.13,5e-05,43.95225225225183,BINANCE
2025-09-02 13:45:10.190,110512.14,5e-05,43.951351351351406,BINANCE
2025-09-02 13:45:10.190,110512.12,5e-05,43.95315315315357,BINANCE
2025-09-02 13:45:10.208,110516.34,5e-05,43.57297297297329,BINANCE
2025-09-02 13:45:10.208,110516.33,5e-05,43.57387387387372,BINANCE
2025-09-02 13:45:10.208,110516.39,0.00162,43.568468468468524,BINANCE
2025-09-02 13:45:10.208,110516.0,3e-05,43.6036036036036,BINANCE
2025-09-02 13:45:10.218,110516.45,5e-05,43.563063063063325,BINANCE
2025-09-02 13:45:10.218,110516.44,5e-05,43.56396396396375,BINANCE
2025-09-02 13:45:10.218,110516.4,5e-05,43.56756756756809,BINANCE
2025-09-02 13:45:10.218,110516.39,5e-05,43.568468468468524,BINANCE
2025-09-02 13:45:10.218,110516.39,0.00019,43.568468468468524,BINANCE
2025-09-02 13:45:10.225,110519.53,5e-05,43.285585585585686,BINANCE
2025-09-02 13:45:10.225,110520.0,0.00262,43.24324324324324,BINANCE
2025-09-02 13:45:10.225,110519.67,5e-05,43.272972972973136,BINANCE
2025-09-02 13:45:10.225,110519.54,5e-05,43.28468468468527,BINANCE
2025-09-02 13:45:10.225,110519.08,5e-05,43.32612612612596,BINANCE
2025-09-02 13:45:10.225,110516.94,0.002,43.518918918918715,BINANCE
2025-09-02 13:45:10.225,110518.77,5e-05,43.354054054053684,BINANCE
2025-09-02 13:45:10.225,110517.63,0.00044,43.456756756756334,BINANCE
2025-09-02 13:45:10.225,110517.63,0.00013,43.456756756756334,BINANCE
2025-09-02 13:45:10.225,110517.15,5e-05,43.500000000000526,BINANCE
2025-09-02 13:45:10.228,110520.0,0.002,43.24324324324324,BINANCE
2025-09-02 13:45:10.229,110520.0,0.003,43.24324324324324,BINANCE
2025-09-02 13:45:10.231,110520.0,0.00072,43.24324324324324,BINANCE
2025-09-02 13:45:10.231,110520.0,5e-05,43.24324324324324,BINANCE
2025-09-02 13:45:10.231,110520.0,0.008,43.24324324324324,BINANCE
2025-09-02 13:45:10.231,110520.0,0.00123,43.24324324324324,BINANCE
2025-09-02 13:45:10.232,110521.71,5e-05,43.089189189188616,BINANCE
2025-09-02 13:45:10.232,110522.0,0.00575,43.06306306306306,BINANCE
2025-09-02 13:45:10.232,110521.72,5e-05,43.08828828828819,BINANCE
2025-09-02 13:45:10.232,110521.0,7e-05,43.153153153153156,BINANCE
2025-09-02 13:45:10.232,110520.89,5e-05,43.16306306306312,BINANCE
2025-09-02 13:45:10.232,110520.83,5e-05,43.16846846846831,BINANCE
2025-09-02 13:45:10.232,110520.13,0.0001,43.23153153153111,BINANCE
2025-09-02 13:45:10.232,110520.0,5e-05,43.24324324324324,BINANCE
2025-09-02 13:45:10.232,110520.0,0.0004,43.24324324324324,BINANCE
2025-09-02 13:45:10.232,110520.0,0.00128,43.24324324324324,BINANCE
2025-09-02 13:45:10.234,110522.0,0.002,43.06306306306306,BINANCE
2025-09-02 13:45:10.306,110521.99,0.00094,43.063963963963495,BINANCE
2025-09-02 13:45:10.307,110521.99,0.00014,43.063963963963495,BINANCE
2025-09-02 13:45:10.307,110521.99,0.00094,43.063963963963495,BINANCE
2025-09-02 13:45:10.390,110521.99,0.00071,43.063963963963495,BINANCE
2025-09-02 13:45:10.401,110522.0,5e-05,43.06306306306306,BINANCE
2025-09-02 13:45:10.405,110521.99,0.00461,43.063963963963495,BINANCE
2025-09-02 13:45:10.457,110522.0,5e-05,43.06306306306306,BINANCE
2025-09-02 13:45:10.457,110523.3,5e-05,42.94594594594569,BINANCE
2025-09-02 13:45:10.457,110522.01,5e-05,43.062162162162636,BINANCE
2025-09-02 13:45:10.468,110524.0,5e-05,42.88288288288289,BINANCE
2025-09-02 13:45:10.468,110524.95,0.01739,42.79729729729756,BINANCE
2025-09-02 13:45:10.468,110524.95,5e-05,42.79729729729756,BINANCE
2025-09-02 13:45:10.468,110526.0,5e-05,42.7027027027027,BINANCE
2025-09-02 13:45:10.468,110525.81,5e-05,42.71981981982003,BINANCE
2025-09-02 13:45:10.468,110526.3,5e-05,42.675675675675414,BINANCE
2025-09-02 13:45:10.468,110526.81,5e-05,42.62972972972994,BINANCE
2025-09-02 13:45:10.468,110524.0,0.00015,42.88288288288289,BINANCE
2025-09-02 13:45:10.468,110524.0,0.0004,42.88288288288289,BINANCE
2025-09-02 13:45:10.468,110524.0,0.002,42.88288288288289,BINANCE
2025-09-02 13:45:10.468,110523.3,5e-05,42.94594594594569,BINANCE
2025-09-02 13:45:10.468,110523.31,5e-05,42.945045045045255,BINANCE
2025-09-02 13:45:10.468,110523.99,5e-05,42.88378378378331,BINANCE
2025-09-02 13:45:10.469,110532.0,0.002,42.16216216216216,BINANCE
2025-09-02 13:45:10.469,110532.0,0.00015,42.16216216216216,BINANCE
2025-09-02 13:45:10.469,110532.0,0.0004,42.16216216216216,BINANCE
2025-09-02 13:45:10.469,110533.26,0.002,42.04864864864912,BINANCE
2025-09-02 13:45:10.469,110533.84,0.0217,41.99639639639671,BINANCE
2025-09-02 13:45:10.469,110533.82,5e-05,41.99819819819757,BINANCE
2025-09-02 13:45:10.469,110533.84,0.00685,41.99639639639671,BINANCE
2025-09-02 13:45:10.469,110533.84,5e-05,41.99639639639671,BINANCE
2025-09-02 13:45:10.469,110533.82,0.00542,41.99819819819757,BINANCE
2025-09-02 13:45:10.469,110532.0,7e-05,42.16216216216216,BINANCE
2025-09-02 13:45:10.469,110528.36,0.0001,42.490090090090035,BINANCE
2025-09-02 13:45:10.469,110531.71,5e-05,42.188288288287715,BINANCE
2025-09-02 13:45:10.469,110528.0,0.0004,42.52252252252252,BINANCE
2025-09-02 13:45:10.469,110528.0,0.00015,42.52252252252252,BINANCE
2025-09-02 13:45:10.469,110531.88,5e-05,42.17297297297255,BINANCE
2025-09-02 13:45:10.469,110528.0,0.002,42.52252252252252,BINANCE
2025-09-02 13:45:10.469,110530.29,0.00082,42.316216216216795,BINANCE
2025-09-02 13:45:10.469,110530.86,0.00091,42.26486486486481,BINANCE
2025-09-02 13:45:10.469,110531.43,0.0001,42.21351351351414,BINANCE
2025-09-02 13:45:10.469,110529.05,5e-05,42.42792792792767,BINANCE
2025-09-02 13:45:10.472,110537.12,5e-05,41.70090090090132,BINANCE
2025-09-02 13:45:10.472,110537.38,5e-05,41.67747747747706,BINANCE
2025-09-02 13:45:10.472,110537.37,5e-05,41.678378378378795,BINANCE
2025-09-02 13:45:10.472,110537.22,5e-05,41.691891891891785,BINANCE
2025-09-02 13:45:10.472,110536.95,0.0001,41.71621621621648,BINANCE
2025-09-02 13:45:10.472,110536.0,0.00015,41.8018018018018,BINANCE
2025-09-02 13:45:10.472,110536.0,0.002,41.8018018018018,BINANCE
2025-09-02 13:45:10.472,110536.0,0.0004,41.8018018018018,BINANCE
2025-09-02 13:45:10.472,110535.9,5e-05,41.81081081081134,BINANCE
2025-09-02 13:45:10.472,110535.69,9e-05,41.82972972972952,BINANCE
2025-09-02 13:45:10.472,110535.26,0.003,41.86846846846894,BINANCE
2025-09-02 13:45:10.472,110534.5,5e-05,41.93693693693694,BINANCE
2025-09-02 13:45:10.474,110539.14,5e-05,41.51891891891897,BINANCE
2025-09-02 13:45:10.475,110540.0,0.01464,41.44144144144144,BINANCE
2025-09-02 13:45:10.475,110540.0,0.0004,41.44144144144144,BINANCE
2025-09-02 13:45:10.475,110540.0,0.002,41.44144144144144,BINANCE
2025-09-02 13:45:10.475,110540.0,0.00015,41.44144144144144,BINANCE
2025-09-02 13:45:10.475,110540.0,0.0092,41.44144144144144,BINANCE
2025-09-02 13:45:10.476,110540.12,0.0001,41.43063063063105,BINANCE
2025-09-02 13:45:10.476,110540.9,5e-05,41.36036036036088,BINANCE
2025-09-02 13:45:10.476,110540.0,0.00345,41.44144144144144,BINANCE
2025-09-02 13:45:10.478,110548.0,0.00015,40.72072072072072,BINANCE
2025-09-02 13:45:10.478,110548.0,0.0004,40.72072072072072,BINANCE
2025-09-02 13:45:10.478,110547.94,5e-05,40.72612612612591,BINANCE
2025-09-02 13:45:10.478,110547.46,0.0001,40.769369369368796,BINANCE
2025-09-02 13:45:10.478,110546.87,0.00082,40.822522522522945,BINANCE
2025-09-02 13:45:10.478,110546.32,5e-05,40.87207207207145,BINANCE
2025-09-02 13:45:10.478,110546.18,5e-05,40.88468468468532,BINANCE
2025-09-02 13:45:10.478,110548.0,0.002,40.72072072072072,BINANCE
2025-09-02 13:45:10.478,110544.0,0.0004,41.08108108108109,BINANCE
2025-09-02 13:45:10.478,110544.0,0.00015,41.08108108108109,BINANCE
2025-09-02 13:45:10.478,110544.0,0.002,41.08108108108109,BINANCE
2025-09-02 13:45:10.478,110543.0,7e-05,41.171171171171174,BINANCE
2025-09-02 13:45:10.478,110542.76,5e-05,41.19279279279326,BINANCE
2025-09-02 13:45:10.478,110544.33,0.0001,41.051351351351194,BINANCE
2025-09-02 13:45:10.478,110542.53,5e-05,41.21351351351362,BINANCE
2025-09-02 13:45:10.478,110541.42,5e-05,41.313513513513676,BINANCE
2025-09-02 13:45:10.495,110548.77,5e-05,40.65135135135098,BINANCE
2025-09-02 13:45:10.503,110548.76,0.00011,40.65225225225272,BINANCE
2025-09-02 13:45:10.510,110548.76,0.0013,40.65225225225272,BINANCE
2025-09-02 13:45:10.572,110548.76,0.00041,40.65225225225272,BINANCE
2025-09-02 13:45:10.643,110548.77,0.02,40.65135135135098,BINANCE
2025-09-02 13:45:10.647,110548.77,0.016,40.65135135135098,BINANCE
2025-09-02 13:45:10.664,110548.77,0.3716,40.65135135135098,BINANCE
2025-09-02 13:45:10.664,110548.77,0.23863,40.65135135135098,BINANCE
2025-09-02 13:45:10.696,110548.77,5e-05,40.65135135135098,BINANCE
2025-09-02 13:45:10.696,110548.77,4e-05,40.65135135135098,BINANCE
2025-09-02 13:45:10.698,110548.76,0.00731,40.65225225225272,BINANCE
2025-09-02 13:45:10.821,110548.76,0.00305,40.65225225225272,BINANCE
2025-09-02 13:45:10.824,110548.76,0.00017,40.65225225225272,BINANCE
2025-09-02 13:45:10.836,110548.77,1e-05,40.65135135135098,BINANCE
2025-09-02 13:45:10.836,110548.77,0.00963,40.65135135135098,BINANCE
2025-09-02 13:45:10.888,110548.76,0.00078,40.65225225225272,BINANCE
2025-09-02 13:45:10.949,110548.77,0.00093,40.65135135135098,BINANCE
2025-09-02 13:45:10.949,110548.77,0.00061,40.65135135135098,BINANCE
2025-09-02 13:45:11.078,110548.77,0.006,40.65135135135098,BINANCE
2025-09-02 13:45:11.138,110548.77,0.036,40.65135135135098,BINANCE
2025-09-02 13:45:11.174,110548.77,0.00136,40.65135135135098,BINANCE
2025-09-02 13:45:11.532,110548.76,9e-05,40.65225225225272,BINANCE
2025-09-02 13:45:11.539,110548.76,0.00014,40.65225225225272,BINANCE
2025-09-02 13:45:11.601,110548.77,0.0009,40.65135135135098,BINANCE
2025-09-02 13:45:11.667,110548.76,0.00033,40.65225225225272,BINANCE
2025-09-02 13:45:11.778,110548.76,0.00019,40.65225225225272,BINANCE
2025-09-02 13:45:11.782,110548.77,8e-05,40.65135135135098,BINANCE
2025-09-02 13:45:11.827,110548.77,0.00077,40.65135135135098,BINANCE
2025-09-02 13:45:11.828,110548.76,0.00104,40.65225225225272,BINANCE
2025-09-02 13:45:11.828,110548.76,0.0013,40.65225225225272,BINANCE
2025-09-02 13:45:11.839,110548.76,0.00325,40.65225225225272,BINANCE
2025-09-02 13:45:11.947,110548.77,0.00057,40.65135135135098,BINANCE
2025-09-02 13:45:11.969,110548.76,0.00031,40.65225225225272,BINANCE
2025-09-02 13:45:12.080,110548.77,0.006,40.65135135135098,BINANCE
2025-09-02 13:45:12.195,110548.77,0.019,40.65135135135098,BINANCE
2025-09-02 13:45:12.195,110548.77,5e-05,40.65135135135098,BINANCE
2025-09-02 13:45:12.195,110548.77,0.01881,40.65135135135098,BINANCE
2025-09-02 13:45:12.195,110548.77,9e-05,40.65135135135098,BINANCE
2025-09-02 13:45:12.196,110548.77,0.00742,40.65135135135098,BINANCE
2025-09-02 13:45:12.196,110548.77,0.0001,40.65135135135098,BINANCE
2025-09-02 13:45:12.196,110548.77,0.0018,40.65135135135098,BINANCE
2025-09-02 13:45:12.196,110548.77,0.00868,40.65135135135098,BINANCE
2025-09-02 13:45:12.197,110548.77,0.019,40.65135135135098,BINANCE
2025-09-02 13:45:12.198,110548.77,0.019,40.65135135135098,BINANCE
2025-09-02 13:45:12.227,110548.77,0.00155,40.65135135135098,BINANCE
2025-09-02 13:45:12.227,110548.77,0.00033,40.65135135135098,BINANCE
2025-09-02 13:45:12.227,110548.77,0.01612,40.65135135135098,BINANCE
2025-09-02 13:45:12.227,110548.77,0.019,40.65135135135098,BINANCE
2025-09-02 13:45:12.228,110548.77,0.0116,40.65135135135098,BINANCE
2025-09-02 13:45:12.228,110548.77,5e-05,40.65135135135098,BINANCE
2025-09-02 13:45:12.228,110548.77,0.00054,40.65135135135098,BINANCE
2025-09-02 13:45:12.228,110548.77,0.01846,40.65135135135098,BINANCE
2025-09-02 13:45:12.228,110548.77,0.00022,40.65135135135098,BINANCE
2025-09-02 13:45:12.228,110548.77,0.00688,40.65135135135098,BINANCE
2025-09-02 13:45:12.299,110550.0,5e-05,40.54054054054054,BINANCE
2025-09-02 13:45:12.299,110550.0,0.04522,40.54054054054054,BINANCE
2025-09-02 13:45:12.299,110549.99,5e-05,40.541441441440966,BINANCE
2025-09-02 13:45:12.299,110548.79,5e-05,40.64954954955012,BINANCE
2025-09-02 13:45:12.299,110548.77,5e-05,40.65135135135098,BINANCE
2025-09-02 13:45:12.299,110548.77,0.27149,40.65135135135098,BINANCE
2025-09-02 13:45:12.299,110548.78,5e-05,40.65045045045055,BINANCE
2025-09-02 13:45:12.299,110548.77,0.02733,40.65135135135098,BINANCE
2025-09-02 13:45:12.299,110548.77,0.0179,40.65135135135098,BINANCE
2025-09-02 13:45:12.299,110548.77,0.01547,40.65135135135098,BINANCE
2025-09-02 13:45:12.302,110552.01,5e-05,40.359459459459934,BINANCE
2025-09-02 13:45:12.302,110552.47,5e-05,40.318018018017916,BINANCE
2025-09-02 13:45:12.302,110552.0,5e-05,40.36036036036036,BINANCE
2025-09-02 13:45:12.302,110553.6,0.01827,40.21621621621569,BINANCE
2025-09-02 13:45:12.302,110553.6,5e-05,40.21621621621569,BINANCE
2025-09-02 13:45:12.302,110553.35,5e-05,40.23873873873821,BINANCE
2025-09-02 13:45:12.302,110552.0,0.0004,40.36036036036036,BINANCE
2025-09-02 13:45:12.302,110550.0,5e-05,40.54054054054054,BINANCE
2025-09-02 13:45:12.302,110550.01,5e-05,40.53963963964011,BINANCE
2025-09-02 13:45:12.302,110552.0,0.002,40.36036036036036,BINANCE
2025-09-02 13:45:12.302,110552.0,0.00015,40.36036036036036,BINANCE
2025-09-02 13:45:12.304,110556.0,0.00015,40.0,BINANCE
2025-09-02 13:45:12.304,110558.76,5e-05,39.75135135135182,BINANCE
2025-09-02 13:45:12.304,110556.29,5e-05,39.973873873874446,BINANCE
2025-09-02 13:45:12.304,110556.0,0.0004,40.0,BINANCE
2025-09-02 13:45:12.304,110556.0,0.002,40.0,BINANCE
2025-09-02 13:45:12.304,110555.15,0.00181,40.0765765765771,BINANCE
2025-09-02 13:45:12.304,110554.78,5e-05,40.109909909910016,BINANCE
2025-09-02 13:45:12.304,110554.77,5e-05,40.11081081081044,BINANCE
2025-09-02 13:45:12.304,110554.77,0.01159,40.11081081081044,BINANCE
2025-09-02 13:45:12.304,110554.76,0.02854,40.11171171171219,BINANCE
2025-09-02 13:45:12.342,110559.37,0.00075,39.69639639639682,BINANCE
2025-09-02 13:45:12.342,110559.37,5e-05,39.69639639639682,BINANCE
2025-09-02 13:45:12.342,110559.37,0.00143,39.69639639639682,BINANCE
2025-09-02 13:45:12.343,110559.37,0.00187,39.69639639639682,BINANCE
2025-09-02 13:45:12.362,110559.37,5e-05,39.69639639639682,BINANCE
2025-09-02 13:45:12.362,110559.38,5e-05,39.695495495495074,BINANCE
2025-09-02 13:45:12.423,110559.38,5e-05,39.695495495495074,BINANCE
2025-09-02 13:45:12.423,110559.39,5e-05,39.69459459459465,BINANCE
2025-09-02 13:45:12.425,110559.38,0.0905,39.695495495495074,BINANCE
2025-09-02 13:45:12.434,110559.39,5e-05,39.69459459459465,BINANCE
2025-09-02 13:45:12.448,110559.39,0.0012,39.69459459459465,BINANCE
2025-09-02 13:45:12.448,110559.39,0.0008,39.69459459459465,BINANCE
2025-09-02 13:45:12.501,110559.41,5e-05,39.69279279279248,BINANCE
2025-09-02 13:45:12.501,110559.4,5e-05,39.693693693694215,BINANCE
2025-09-02 13:45:12.509,110559.99,0.00057,39.640540540540066,BINANCE
2025-09-02 13:45:12.572,110560.0,0.00015,39.63963963963964,BINANCE
2025-09-02 13:45:12.572,110560.0,0.0004,39.63963963963964,BINANCE
2025-09-02 13:45:12.572,110560.0,0.002,39.63963963963964,BINANCE
2025-09-02 13:45:12.572,110560.0,0.0002,39.63963963963964,BINANCE
2025-09-02 13:45:12.572,110560.0,0.01685,39.63963963963964,BINANCE
2025-09-02 13:45:12.573,110560.0,0.019,39.63963963963964,BINANCE
2025-09-02 13:45:12.573,110560.0,0.01656,39.63963963963964,BINANCE
2025-09-02 13:45:12.573,110560.0,5e-05,39.63963963963964,BINANCE
2025-09-02 13:45:12.573,110560.0,0.00124,39.63963963963964,BINANCE
2025-09-02 13:45:12.574,110560.0,0.019,39.63963963963964,BINANCE
2025-09-02 13:45:12.574,110560.0,0.018,39.63963963963964,BINANCE
2025-09-02 13:45:12.575,110560.01,5e-05,39.63873873873921,BINANCE
2025-09-02 13:45:12.575,110560.0,5e-05,39.63963963963964,BINANCE
2025-09-02 13:45:12.582,110559.99,6e-05,39.640540540540066,BINANCE
2025-09-02 13:45:12.583,110560.01,5e-05,39.63873873873921,BINANCE
2025-09-02 13:45:12.583,110563.53,5e-05,39.32162162162173,BINANCE
2025-09-02 13:45:12.583,110564.0,0.00015,39.27927927927927,BINANCE
2025-09-02 13:45:12.583,110564.0,0.0004,39.27927927927927,BINANCE
2025-09-02 13:45:12.583,110564.54,5e-05,39.23063063063121,BINANCE
2025-09-02 13:45:12.583,110564.78,7e-05,39.209009009009115,BINANCE
2025-09-02 13:45:12.583,110565.0,7e-05,39.189189189189186,BINANCE
2025-09-02 13:45:12.583,110565.44,0.01181,39.149549549549334,BINANCE
2025-09-02 13:45:12.583,110564.0,0.002,39.27927927927927,BINANCE
2025-09-02 13:45:12.583,110564.17,5e-05,39.263963963964116,BINANCE
2025-09-02 13:45:12.583,110560.0,0.0007,39.63963963963964,BINANCE
2025-09-02 13:45:12.583,110560.0,0.002,39.63963963963964,BINANCE
2025-09-02 13:45:12.583,110560.0,5e-05,39.63963963963964,BINANCE
2025-09-02 13:45:12.659,110565.43,0.04997,39.15045045045108,BINANCE
2025-09-02 13:45:12.661,110565.43,0.00215,39.15045045045108,BINANCE
2025-09-02 13:45:12.704,110565.44,0.01895,39.149549549549334,BINANCE
2025-09-02 13:45:12.704,110565.44,5e-05,39.149549549549334,BINANCE
2025-09-02 13:45:12.705,110565.44,0.02,39.149549549549334,BINANCE
2025-09-02 13:45:12.706,110565.44,0.018,39.149549549549334,BINANCE
2025-09-02 13:45:12.706,110565.44,0.019,39.149549549549334,BINANCE
2025-09-02 13:45:12.730,110565.44,0.001,39.149549549549334,BINANCE
2025-09-02 13:45:12.753,110565.44,0.00312,39.149549549549334,BINANCE
2025-09-02 13:45:12.785,110567.12,5e-05,38.998198198198615,BINANCE
2025-09-02 13:45:12.785,110565.45,5e-05,39.14864864864891,BINANCE
2025-09-02 13:45:12.785,110565.44,5e-05,39.149549549549334,BINANCE
2025-09-02 13:45:12.793,110570.0,5e-05,38.73873873873874,BINANCE
2025-09-02 13:45:12.793,110572.0,0.002,38.55855855855856,BINANCE
2025-09-02 13:45:12.793,110572.0,0.00015,38.55855855855856,BINANCE
2025-09-02 13:45:12.793,110572.0,0.0004,38.55855855855856,BINANCE
2025-09-02 13:45:12.793,110573.6,5e-05,38.41441441441389,BINANCE
2025-09-02 13:45:12.793,110575.4,5e-05,38.252252252252774,BINANCE
2025-09-02 13:45:12.793,110574.58,5e-05,38.32612612612597,BINANCE
2025-09-02 13:45:12.793,110574.99,5e-05,38.28918918918872,BINANCE
2025-09-02 13:45:12.793,110575.13,0.00175,38.27657657657616,BINANCE
2025-09-02 13:45:12.793,110570.0,0.009,38.73873873873874,BINANCE
2025-09-02 13:45:12.793,110573.73,0.00082,38.40270270270307,BINANCE
2025-09-02 13:45:12.793,110569.58,5e-05,38.77657657657642,BINANCE
2025-09-02 13:45:12.793,110567.13,5e-05,38.99729729729688,BINANCE
2025-09-02 13:45:12.793,110568.0,0.0004,38.91891891891892,BINANCE
2025-09-02 13:45:12.793,110567.14,5e-05,38.99639639639645,BINANCE
2025-09-02 13:45:12.793,110568.0,0.002,38.91891891891892,BINANCE
2025-09-02 13:45:12.793,110568.0,0.00015,38.91891891891892,BINANCE
2025-09-02 13:45:12.794,110575.4,0.00356,38.252252252252774,BINANCE
2025-09-02 13:45:12.798,110575.4,0.00332,38.252252252252774,BINANCE
2025-09-02 13:45:12.804,110575.41,5e-05,38.25135135135103,BINANCE
2025-09-02 13:45:12.804,110575.41,0.01995,38.25135135135103,BINANCE
2025-09-02 13:45:12.810,110575.4,0.002,38.252252252252774,BINANCE
2025-09-02 13:45:12.849,110575.41,0.001,38.25135135135103,BINANCE
2025-09-02 13:45:12.933,110575.41,0.01071,38.25135135135103,BINANCE
2025-09-02 13:45:12.934,110575.41,5e-05,38.25135135135103,BINANCE
2025-09-02 13:45:12.934,110575.41,0.00665,38.25135135135103,BINANCE
2025-09-02 13:45:12.934,110575.41,0.00425,38.25135135135103,BINANCE
2025-09-02 13:45:12.934,110575.41,0.01071,38.25135135135103,BINANCE
2025-09-02 13:45:12.937,110575.41,0.00065,38.25135135135103,BINANCE
2025-09-02 13:45:12.937,110575.41,0.0004,38.25135135135103,BINANCE
2025-09-02 13:45:12.937,110575.41,5e-05,38.25135135135103,BINANCE
2025-09-02 13:45:12.937,110575.4,0.00045,38.252252252252774,BINANCE
2025-09-02 13:45:12.941,110575.41,0.019,38.25135135135103,BINANCE
2025-09-02 13:45:12.941,110575.41,0.018,38.25135135135103,BINANCE
2025-09-02 13:45:12.944,110575.41,0.019,38.25135135135103,BINANCE
2025-09-02 13:45:13.021,110575.4,0.00374,38.252252252252774,BINANCE
2025-09-02 13:45:13.069,110575.4,0.0001,38.252252252252774,BINANCE
2025-09-02 13:45:13.083,110575.41,0.00599,38.25135135135103,BINANCE
2025-09-02 13:45:13.086,110575.41,9e-05,38.25135135135103,BINANCE
2025-09-02 13:45:13.087,110575.41,0.001,38.25135135135103,BINANCE
2025-09-02 13:45:13.147,110575.41,5e-05,38.25135135135103,BINANCE
2025-09-02 13:45:13.147,110575.41,0.0189,38.25135135135103,BINANCE
2025-09-02 13:45:13.147,110575.41,0.01206,38.25135135135103,BINANCE
2025-09-02 13:45:13.147,110575.41,0.00584,38.25135135135103,BINANCE
2025-09-02 13:45:13.148,110575.41,0.01088,38.25135135135103,BINANCE
2025-09-02 13:45:13.148,110575.41,0.00812,38.25135135135103,BINANCE
2025-09-02 13:45:13.213,110575.41,0.036,38.25135135135103,BINANCE
2025-09-02 13:45:13.273,110575.41,0.00109,38.25135135135103,BINANCE
2025-09-02 13:45:13.273,110575.41,5e-05,38.25135135135103,BINANCE
2025-09-02 13:45:13.273,110575.41,0.00571,38.25135135135103,BINANCE
2025-09-02 13:45:13.531,110575.41,5e-05,38.25135135135103,BINANCE
2025-09-02 13:45:13.531,110575.41,0.01895,38.25135135135103,BINANCE
2025-09-02 13:45:13.532,110575.41,0.018,38.25135135135103,BINANCE
2025-09-02 13:45:13.551,110575.4,0.00011,38.252252252252774,BINANCE
2025-09-02 13:45:13.580,110575.41,0.001,38.25135135135103,BINANCE
2025-09-02 13:45:13.641,110575.4,0.0013,38.252252252252774,BINANCE
2025-09-02 13:45:13.644,110575.4,0.0013,38.252252252252774,BINANCE
2025-09-02 13:45:13.769,110575.4,0.01,38.252252252252774,BINANCE
2025-09-02 13:45:13.895,110575.41,0.00025,38.25135135135103,BINANCE
2025-09-02 13:45:13.895,110575.4,7e-05,38.252252252252774,BINANCE
2025-09-02 13:45:13.901,110575.41,6e-05,38.25135135135103,BINANCE
2025-09-02 13:45:13.912,110575.4,0.0013,38.252252252252774,BINANCE
2025-09-02 13:45:13.916,110575.41,0.0181,38.25135135135103,BINANCE
2025-09-02 13:45:13.953,110575.41,0.00057,38.25135135135103,BINANCE
2025-09-02 13:45:14.004,110575.4,0.00155,38.252252252252774,BINANCE
2025-09-02 13:45:14.023,110575.4,8e-05,38.252252252252774,BINANCE
2025-09-02 13:45:14.026,110575.4,0.00018,38.252252252252774,BINANCE
2025-09-02 13:45:14.082,110575.41,0.00182,38.25135135135103,BINANCE
2025-09-02 13:45:14.085,110575.41,0.006,38.25135135135103,BINANCE
2025-09-02 13:45:14.107,110575.4,0.00041,38.252252252252774,BINANCE
2025-09-02 13:45:14.113,110575.4,0.00046,38.252252252252774,BINANCE
2025-09-02 13:45:14.199,110575.4,0.00046,38.252252252252774,BINANCE
2025-09-02 13:45:14.247,110575.4,0.00045,38.252252252252774,BINANCE
2025-09-02 13:45:14.278,110575.4,0.0022,38.252252252252774,BINANCE
2025-09-02 13:45:14.342,110575.41,0.018,38.25135135135103,BINANCE
2025-09-02 13:45:14.343,110575.41,0.016,38.25135135135103,BINANCE
2025-09-02 13:45:14.344,110575.41,0.019,38.25135135135103,BINANCE
2025-09-02 13:45:14.379,110575.4,7e-05,38.252252252252774,BINANCE
2025-09-02 13:45:14.388,110575.4,0.00027,38.252252252252774,BINANCE
2025-09-02 13:45:14.395,110575.4,0.00274,38.252252252252774,BINANCE
2025-09-02 13:45:14.398,110575.4,9e-05,38.252252252252774,BINANCE
2025-09-02 13:45:14.442,110575.41,0.00057,38.25135135135103,BINANCE
2025-09-02 13:45:14.531,110575.41,0.019,38.25135135135103,BINANCE
2025-09-02 13:45:14.551,110575.41,0.036,38.25135135135103,BINANCE
2025-09-02 13:45:14.599,110575.4,0.00028,38.252252252252774,BINANCE
2025-09-02 13:45:14.670,110575.4,0.00731,38.252252252252774,BINANCE
2025-09-02 13:45:14.766,110575.41,0.0007,38.25135135135103,BINANCE
2025-09-02 13:45:14.773,110575.41,0.019,38.25135135135103,BINANCE
2025-09-02 13:45:14.773,110575.41,0.018,38.25135135135103,BINANCE
2025-09-02 13:45:14.773,110575.41,0.016,38.25135135135103,BINANCE
2025-09-02 13:45:14.775,110575.41,5e-05,38.25135135135103,BINANCE
2025-09-02 13:45:14.775,110575.41,0.00034,38.25135135135103,BINANCE
2025-09-02 13:45:14.775,110575.42,0.01073,38.25045045045061,BINANCE
2025-09-02 13:45:14.775,110575.42,5e-05,38.25045045045061,BINANCE
2025-09-02 13:45:14.775,110575.42,0.01548,38.25045045045061,BINANCE
2025-09-02 13:45:14.775,110575.41,0.00778,38.25135135135103,BINANCE
2025-09-02 13:45:14.775,110575.42,0.019,38.25045045045061,BINANCE
2025-09-02 13:45:14.775,110575.41,0.00337,38.25135135135103,BINANCE
2025-09-02 13:45:14.775,110575.41,0.019,38.25135135135103,BINANCE
2025-09-02 13:45:14.775,110575.41,0.01199,38.25135135135103,BINANCE
2025-09-02 13:45:14.775,110575.41,0.00018,38.25135135135103,BINANCE
2025-09-02 13:45:14.775,110575.41,0.00011,38.25135135135103,BINANCE
2025-09-02 13:45:14.775,110575.41,0.002,38.25135135135103,BINANCE
2025-09-02 13:45:14.779,110575.42,5e-05,38.25045045045061,BINANCE
2025-09-02 13:45:14.780,110575.43,5e-05,38.24954954955018,BINANCE
2025-09-02 13:45:14.781,110575.64,0.02903,38.230630630630685,BINANCE
2025-09-02 13:45:14.783,110575.66,5e-05,38.22882882882852,BINANCE
2025-09-02 13:45:14.783,110576.0,0.00182,38.1981981981982,BINANCE
2025-09-02 13:45:14.783,110575.65,5e-05,38.22972972973025,BINANCE
2025-09-02 13:45:14.785,110577.99,5e-05,38.018918918918445,BINANCE
2025-09-02 13:45:14.785,110578.0,5e-05,38.01801801801802,BINANCE
2025-09-02 13:45:14.785,110578.88,0.00011,37.93873873873832,BINANCE
2025-09-02 13:45:14.785,110578.94,0.00446,37.933333333333124,BINANCE
2025-09-02 13:45:14.785,110579.09,7e-05,37.919819819820134,BINANCE
2025-09-02 13:45:14.785,110578.95,5e-05,37.9324324324327,BINANCE
2025-09-02 13:45:14.785,110579.37,5e-05,37.89459459459501,BINANCE
2025-09-02 13:45:14.785,110579.38,0.01018,37.89369369369327,BINANCE
2025-09-02 13:45:14.785,110576.0,5e-05,38.1981981981982,BINANCE
2025-09-02 13:45:14.785,110576.01,5e-05,38.19729729729777,BINANCE
2025-09-02 13:45:14.785,110576.0,0.0004,38.1981981981982,BINANCE
2025-09-02 13:45:14.785,110576.0,0.00015,38.1981981981982,BINANCE
2025-09-02 13:45:14.785,110576.0,0.00018,38.1981981981982,BINANCE
2025-09-02 13:45:14.785,110577.81,0.0022,38.03513513513534,BINANCE
2025-09-02 13:45:14.786,110579.37,0.02726,37.89459459459501,BINANCE
2025-09-02 13:45:14.790,110579.38,0.01885,37.89369369369327,BINANCE
2025-09-02 13:45:14.793,110579.37,0.0013,37.89459459459501,BINANCE
2025-09-02 13:45:14.888,110579.58,0.00264,37.87567567567552,BINANCE
2025-09-02 13:45:14.888,110579.58,5e-05,37.87567567567552,BINANCE
2025-09-02 13:45:14.888,110579.41,7e-05,37.89099099099068,BINANCE
2025-09-02 13:45:14.888,110579.39,5e-05,37.89279279279285,BINANCE
2025-09-02 13:45:14.888,110579.41,5e-05,37.89099099099068,BINANCE
2025-09-02 13:45:14.888,110579.38,5e-05,37.89369369369327,BINANCE
2025-09-02 13:45:14.889,110579.59,0.00037,37.87477477477509,BINANCE
2025-09-02 13:45:14.889,110579.59,0.0002,37.87477477477509,BINANCE
2025-09-02 13:45:14.889,110579.59,5e-05,37.87477477477509,BINANCE
2025-09-02 13:45:14.889,110579.59,0.00169,37.87477477477509,BINANCE
2025-09-02 13:45:14.889,110579.59,0.00088,37.87477477477509,BINANCE
2025-09-02 13:45:14.889,110579.59,0.00019,37.87477477477509,BINANCE
2025-09-02 13:45:14.923,110579.99,0.01543,37.838738738738265,BINANCE
2025-09-02 13:45:14.923,110579.99,0.03622,37.838738738738265,BINANCE
2025-09-02 13:45:14.962,110580.0,0.001,37.83783783783784,BINANCE
2025-09-02 13:45:15.076,110579.99,0.00011,37.838738738738265,BINANCE
2025-09-02 13:45:15.111,110580.0,0.00057,37.83783783783784,BINANCE
2025-09-02 13:45:15.153,110579.99,0.00304,37.838738738738265,BINANCE
2025-09-02 13:45:15.195,110580.57,0.00184,37.786486486485856,BINANCE
2025-09-02 13:45:15.195,110580.57,7e-05,37.786486486485856,BINANCE
2025-09-02 13:45:15.195,110580.55,7e-05,37.78828828828803,BINANCE
2025-09-02 13:45:15.195,110580.4,5e-05,37.80180180180233,BINANCE
2025-09-02 13:45:15.195,110580.01,5e-05,37.836936936937406,BINANCE
2025-09-02 13:45:15.195,110580.61,0.00084,37.78288288288283,BINANCE
2025-09-02 13:45:15.195,110580.64,5e-05,37.78018018018023,BINANCE
2025-09-02 13:45:15.195,110582.65,0.00021,37.599099099099625,BINANCE
2025-09-02 13:45:15.195,110581.26,5e-05,37.7243243243248,BINANCE
2025-09-02 13:45:15.195,110581.62,0.00069,37.69189189189231,BINANCE
2025-09-02 13:45:15.195,110581.92,5e-05,37.66486486486502,BINANCE
2025-09-02 13:45:15.195,110581.94,0.003,37.66306306306286,BINANCE
2025-09-02 13:45:15.195,110582.0,5e-05,37.65765765765766,BINANCE
2025-09-02 13:45:15.195,110582.17,0.0003,37.6423423423425,BINANCE
2025-09-02 13:45:15.195,110582.25,6e-05,37.63513513513514,BINANCE
2025-09-02 13:45:15.195,110582.27,9e-05,37.63333333333296,BINANCE
2025-09-02 13:45:15.195,110582.44,5e-05,37.61801801801781,BINANCE
2025-09-02 13:45:15.195,110582.57,0.00127,37.606306306305676,BINANCE
2025-09-02 13:45:15.195,110580.75,0.00041,37.77027027027027,BINANCE
2025-09-02 13:45:15.195,110580.0,0.00273,37.83783783783784,BINANCE
2025-09-02 13:45:15.195,110580.0,0.00028,37.83783783783784,BINANCE
2025-09-02 13:45:15.195,110580.0,0.00015,37.83783783783784,BINANCE
2025-09-02 13:45:15.195,110580.0,0.0004,37.83783783783784,BINANCE
2025-09-02 13:45:15.195,110580.0,0.00748,37.83783783783784,BINANCE
2025-09-02 13:45:15.195,110580.0,0.01061,37.83783783783784,BINANCE
2025-09-02 13:45:15.195,110580.0,5e-05,37.83783783783784,BINANCE
2025-09-02 13:45:15.195,110580.0,0.002,37.83783783783784,BINANCE
2025-09-02 13:45:15.195,110580.0,0.01534,37.83783783783784,BINANCE
2025-09-02 13:45:15.195,110580.0,0.00743,37.83783783783784,BINANCE
2025-09-02 13:45:15.196,110584.42,0.00023,37.4396396396398,BINANCE
2025-09-02 13:45:15.196,110584.16,5e-05,37.46306306306275,BINANCE
2025-09-02 13:45:15.196,110584.17,5e-05,37.46216216216232,BINANCE
2025-09-02 13:45:15.196,110584.42,0.00014,37.4396396396398,BINANCE
2025-09-02 13:45:15.196,110584.74,5e-05,37.41081081081034,BINANCE
2025-09-02 13:45:15.196,110584.73,5e-05,37.41171171171208,BINANCE
2025-09-02 13:45:15.196,110584.8,0.00027,37.40540540540514,BINANCE
2025-09-02 13:45:15.196,110584.0,5e-05,37.47747747747748,BINANCE
2025-09-02 13:45:15.196,110584.62,5e-05,37.42162162162204,BINANCE
2025-09-02 13:45:15.196,110583.99,5e-05,37.47837837837791,BINANCE
2025-09-02 13:45:15.196,110584.0,0.00133,37.47747747747748,BINANCE
2025-09-02 13:45:15.196,110584.0,0.00067,37.47747747747748,BINANCE
2025-09-02 13:45:15.196,110582.98,6e-05,37.56936936936974,BINANCE
2025-09-02 13:45:15.196,110583.21,5e-05,37.54864864864807,BINANCE
2025-09-02 13:45:15.196,110583.29,0.00033,37.54144144144202,BINANCE
2025-09-02 13:45:15.196,110583.33,6e-05,37.53783783783768,BINANCE
2025-09-02 13:45:15.196,110583.33,0.00353,37.53783783783768,BINANCE
2025-09-02 13:45:15.196,110583.33,7e-05,37.53783783783768,BINANCE
2025-09-02 13:45:15.196,110582.72,5e-05,37.592792792792686,BINANCE
2025-09-02 13:45:15.196,110584.0,0.00015,37.47747747747748,BINANCE
2025-09-02 13:45:15.196,110584.0,0.0004,37.47747747747748,BINANCE
2025-09-02 13:45:15.196,110583.99,0.00042,37.47837837837791,BINANCE
2025-09-02 13:45:15.204,110585.49,0.00244,37.343243243242775,BINANCE
2025-09-02 13:45:15.204,110585.57,9e-05,37.33603603603541,BINANCE
2025-09-02 13:45:15.204,110585.62,0.0002,37.33153153153195,BINANCE
2025-09-02 13:45:15.204,110585.7,5e-05,37.324324324324586,BINANCE
2025-09-02 13:45:15.204,110586.2,6e-05,37.27927927927954,BINANCE
2025-09-02 13:45:15.204,110586.2,5e-05,37.27927927927954,BINANCE
2025-09-02 13:45:15.204,110586.48,5e-05,37.25405405405442,BINANCE
2025-09-02 13:45:15.204,110586.5,3e-05,37.252252252252255,BINANCE
2025-09-02 13:45:15.204,110586.5,2e-05,37.252252252252255,BINANCE
2025-09-02 13:45:15.204,110586.75,0.00467,37.229729729729726,BINANCE
2025-09-02 13:45:15.204,110586.75,0.00469,37.229729729729726,BINANCE
2025-09-02 13:45:15.204,110585.37,5e-05,37.35405405405447,BINANCE
2025-09-02 13:45:15.204,110586.28,0.00011,37.27207207207218,BINANCE
2025-09-02 13:45:15.204,110585.21,0.00024,37.36846846846789,BINANCE
2025-09-02 13:45:15.204,110585.81,5e-05,37.31441441441462,BINANCE
2025-09-02 13:45:15.204,110585.03,9e-05,37.384684684684785,BINANCE
2025-09-02 13:45:15.204,110584.94,0.00036,37.392792792792584,BINANCE
2025-09-02 13:45:15.204,110584.94,5e-05,37.392792792792584,BINANCE
2025-09-02 13:45:15.204,110584.95,5e-05,37.39189189189216,BINANCE
2025-09-02 13:45:15.204,110585.08,0.00017,37.38018018018002,BINANCE
2025-09-02 13:45:15.205,110587.79,0.00027,37.136036036036614,BINANCE
2025-09-02 13:45:15.205,110588.0,0.00746,37.11711711711712,BINANCE
2025-09-02 13:45:15.205,110587.99,5e-05,37.118018018017544,BINANCE
2025-09-02 13:45:15.205,110587.91,0.00031,37.12522522522491,BINANCE
2025-09-02 13:45:15.205,110587.82,0.0004,37.1333333333327,BINANCE
2025-09-02 13:45:15.205,110587.4,5e-05,37.17117117117169,BINANCE
2025-09-02 13:45:15.205,110587.36,5e-05,37.174774774774725,BINANCE
2025-09-02 13:45:15.205,110587.04,8e-05,37.20360360360418,BINANCE
2025-09-02 13:45:15.205,110587.0,7e-05,37.207207207207205,BINANCE
2025-09-02 13:45:15.205,110586.86,5e-05,37.21981981981977,BINANCE
2025-09-02 13:45:15.205,110586.75,6e-05,37.229729729729726,BINANCE
2025-09-02 13:45:15.205,110586.75,2e-05,37.229729729729726,BINANCE
2025-09-02 13:45:15.205,110587.44,7e-05,37.16756756756736,BINANCE
2025-09-02 13:45:15.210,110588.0,0.018,37.11711711711712,BINANCE
2025-09-02 13:45:15.211,110588.0,0.019,37.11711711711712,BINANCE
2025-09-02 13:45:15.212,110588.01,5e-05,37.116216216216685,BINANCE
2025-09-02 13:45:15.212,110588.23,0.00036,37.09639639639676,BINANCE
2025-09-02 13:45:15.212,110588.23,0.00027,37.09639639639676,BINANCE
2025-09-02 13:45:15.212,110588.23,0.00011,37.09639639639676,BINANCE
2025-09-02 13:45:15.212,110588.23,5e-05,37.09639639639676,BINANCE
2025-09-02 13:45:15.212,110588.21,0.00477,37.09819819819762,BINANCE
2025-09-02 13:45:15.212,110588.19,0.00013,37.09999999999979,BINANCE
2025-09-02 13:45:15.212,110588.0,5e-05,37.11711711711712,BINANCE
2025-09-02 13:45:15.212,110588.0,0.001,37.11711711711712,BINANCE
2025-09-02 13:45:15.212,110588.0,0.002,37.11711711711712,BINANCE
2025-09-02 13:45:15.212,110588.0,0.0004,37.11711711711712,BINANCE
2025-09-02 13:45:15.212,110588.0,0.00015,37.11711711711712,BINANCE
2025-09-02 13:45:15.212,110588.0,0.00796,37.11711711711712,BINANCE
2025-09-02 13:45:15.214,110588.23,0.00017,37.09639639639676,BINANCE
2025-09-02 13:45:15.214,110588.23,0.00018,37.09639639639676,BINANCE
2025-09-02 13:45:15.214,110588.23,0.00293,37.09639639639676,BINANCE
2025-09-02 13:45:15.214,110588.23,0.00025,37.09639639639676,BINANCE
2025-09-02 13:45:15.214,110588.23,0.00019,37.09639639639676,BINANCE
2025-09-02 13:45:15.214,110588.23,0.0002,37.09639639639676,BINANCE
2025-09-02 13:45:15.214,110588.8,5e-05,37.04504504504478,BINANCE
2025-09-02 13:45:15.214,110588.4,9e-05,37.08108108108161,BINANCE
2025-09-02 13:45:15.214,110588.4,0.00027,37.08108108108161,BINANCE
2025-09-02 13:45:15.214,110588.68,7e-05,37.055855855856485,BINANCE
2025-09-02 13:45:15.214,110588.23,0.00048,37.09639639639676,BINANCE
2025-09-02 13:45:15.214,110588.93,0.00052,37.033333333333964,BINANCE
2025-09-02 13:45:15.214,110589.27,0.00132,37.00270270270234,BINANCE
2025-09-02 13:45:15.214,110588.23,0.00117,37.09639639639676,BINANCE
2025-09-02 13:45:15.214,110588.23,0.00023,37.09639639639676,BINANCE
2025-09-02 13:45:15.214,110589.08,7e-05,37.01981981981966,BINANCE
2025-09-02 13:45:15.214,110588.23,0.00299,37.09639639639676,BINANCE
2025-09-02 13:45:15.214,110588.23,0.00115,37.09639639639676,BINANCE
2025-09-02 13:45:15.214,110588.23,0.00013,37.09639639639676,BINANCE
2025-09-02 13:45:15.214,110588.23,0.00035,37.09639639639676,BINANCE
2025-09-02 13:45:15.214,110588.23,8e-05,37.09639639639676,BINANCE
2025-09-02 13:45:15.214,110588.23,0.00016,37.09639639639676,BINANCE
2025-09-02 13:45:15.214,110588.23,0.00037,37.09639639639676,BINANCE
2025-09-02 13:45:15.214,110588.23,0.00061,37.09639639639676,BINANCE
2025-09-02 13:45:15.214,110588.23,0.00052,37.09639639639676,BINANCE
2025-09-02 13:45:15.214,110588.23,0.00029,37.09639639639676,BINANCE
2025-09-02 13:45:15.214,110588.23,9e-05,37.09639639639676,BINANCE
2025-09-02 13:45:15.214,110588.23,5e-05,37.09639639639676,BINANCE
2025-09-02 13:45:15.214,110588.23,0.0005,37.09639639639676,BINANCE
2025-09-02 13:45:15.245,110589.27,5e-05,37.00270270270234,BINANCE
2025-09-02 13:45:15.245,110589.28,5e-05,37.0018018018019,BINANCE
2025-09-02 13:45:15.245,110589.26,0.00243,37.00360360360408,BINANCE
2025-09-02 13:45:15.261,110589.99,5e-05,36.937837837837364,BINANCE
2025-09-02 13:45:15.261,110590.42,5e-05,36.89909909909925,BINANCE
2025-09-02 13:45:15.261,110590.46,7e-05,36.89549549549492,BINANCE
2025-09-02 13:45:15.261,110590.46,5e-05,36.89549549549492,BINANCE
2025-09-02 13:45:15.261,110591.18,5e-05,36.830630630631255,BINANCE
2025-09-02 13:45:15.261,110590.9,6e-05,36.85585585585638,BINANCE
2025-09-02 13:45:15.261,110591.22,5e-05,36.82702702702692,BINANCE
2025-09-02 13:45:15.261,110591.3,5e-05,36.81981981981956,BINANCE
2025-09-02 13:45:15.261,110591.39,0.00011,36.81171171171176,BINANCE
2025-09-02 13:45:15.261,110590.47,5e-05,36.894594594594494,BINANCE
2025-09-02 13:45:15.261,110589.99,6e-05,36.937837837837364,BINANCE
2025-09-02 13:45:15.261,110589.89,5e-05,36.946846846846896,BINANCE
2025-09-02 13:45:15.261,110589.88,5e-05,36.94774774774733,BINANCE
2025-09-02 13:45:15.261,110589.88,0.0002,36.94774774774733,BINANCE
2025-09-02 13:45:15.264,110591.39,6e-05,36.81171171171176,BINANCE
2025-09-02 13:45:15.264,110591.66,0.00194,36.78738738738707,BINANCE
2025-09-02 13:45:15.270,110591.36,0.00095,36.81441441441436,BINANCE
2025-09-02 13:45:15.270,110590.47,5e-05,36.894594594594494,BINANCE
2025-09-02 13:45:15.279,110593.79,0.0001,36.595495495496074,BINANCE
2025-09-02 13:45:15.279,110595.17,0.00415,36.47117117117133,BINANCE
2025-09-02 13:45:15.279,110595.0,5e-05,36.486486486486484,BINANCE
2025-09-02 13:45:15.279,110595.0,0.00013,36.486486486486484,BINANCE
2025-09-02 13:45:15.279,110594.9,0.00053,36.49549549549602,BINANCE
2025-09-02 13:45:15.279,110594.89,6e-05,36.49639639639645,BINANCE
2025-09-02 13:45:15.279,110594.0,0.00015,36.57657657657658,BINANCE
2025-09-02 13:45:15.279,110593.81,5e-05,36.59369369369391,BINANCE
2025-09-02 13:45:15.279,110593.81,0.00523,36.59369369369391,BINANCE
2025-09-02 13:45:15.279,110593.27,0.001,36.642342342341976,BINANCE
2025-09-02 13:45:15.279,110592.73,6e-05,36.69099099099136,BINANCE
2025-09-02 13:45:15.279,110592.35,0.00272,36.725225225224705,BINANCE
2025-09-02 13:45:15.279,110592.12,0.00108,36.74594594594637,BINANCE
2025-09-02 13:45:15.279,110592.0,0.002,36.75675675675676,BINANCE
2025-09-02 13:45:15.279,110592.0,0.0004,36.75675675675676,BINANCE
2025-09-02 13:45:15.279,110592.0,0.00015,36.75675675675676,BINANCE
2025-09-02 13:45:15.279,110591.91,5e-05,36.76486486486455,BINANCE
2025-09-02 13:45:15.279,110591.91,7e-05,36.76486486486455,BINANCE
2025-09-02 13:45:15.279,110591.66,5e-05,36.78738738738707,BINANCE
2025-09-02 13:45:15.279,110592.29,5e-05,36.730630630631204,BINANCE
2025-09-02 13:45:15.280,110596.0,0.0018,36.3963963963964,BINANCE
2025-09-02 13:45:15.280,110596.39,0.00633,36.36126126126131,BINANCE
2025-09-02 13:45:15.280,110596.39,5e-05,36.36126126126131,BINANCE
2025-09-02 13:45:15.280,110596.57,5e-05,36.345045045044415,BINANCE
2025-09-02 13:45:15.280,110596.63,5e-05,36.33963963963922,BINANCE
2025-09-02 13:45:15.280,110596.0,0.0004,36.3963963963964,BINANCE
2025-09-02 13:45:15.280,110596.53,5e-05,36.348648648648755,BINANCE
2025-09-02 13:45:15.280,110596.0,0.0002,36.3963963963964,BINANCE
2025-09-02 13:45:15.280,110596.0,0.0001,36.3963963963964,BINANCE
2025-09-02 13:45:15.280,110595.74,8e-05,36.419819819819345,BINANCE
2025-09-02 13:45:15.280,110596.0,0.00015,36.3963963963964,BINANCE
2025-09-02 13:45:15.280,110595.69,6e-05,36.42432432432412,BINANCE
2025-09-02 13:45:15.280,110595.5,7e-05,36.44144144144144,BINANCE
2025-09-02 13:45:15.280,110595.29,0.00228,36.46036036036094,BINANCE
2025-09-02 13:45:15.280,110595.28,6e-05,36.46126126126136,BINANCE
2025-09-02 13:45:15.280,110595.17,0.01323,36.47117117117133,BINANCE
2025-09-02 13:45:15.310,110592.0,7e-05,36.75675675675676,BINANCE
2025-09-02 13:45:15.310,110592.0,5e-05,36.75675675675676,BINANCE
2025-09-02 13:45:15.373,110592.0,0.001,36.75675675675676,BINANCE
2025-09-02 13:45:15.384,110592.0,0.01548,36.75675675675676,BINANCE
2025-09-02 13:45:15.404,110591.99,0.0012,36.757657657657184,BINANCE
2025-09-02 13:45:15.494,110592.0,5e-05,36.75675675675676,BINANCE
2025-09-02 13:45:15.494,110592.0,0.00163,36.75675675675676,BINANCE
2025-09-02 13:45:15.510,110592.0,0.02905,36.75675675675676,BINANCE
2025-09-02 13:45:15.510,110592.0,0.03454,36.75675675675676,BINANCE
2025-09-02 13:45:15.515,110592.01,5e-05,36.755855855856325,BINANCE
2025-09-02 13:45:15.515,110592.0,0.00712,36.75675675675676,BINANCE
2025-09-02 13:45:15.515,110592.0,5e-05,36.75675675675676,BINANCE
2025-09-02 13:45:15.517,110592.01,5e-05,36.755855855856325,BINANCE
2025-09-02 13:45:15.518,110591.99,0.00051,36.757657657657184,BINANCE
2025-09-02 13:45:15.529,110599.79,5e-05,36.054954954955534,BINANCE
2025-09-02 13:45:15.529,110599.79,0.00019,36.054954954955534,BINANCE
2025-09-02 13:45:15.529,110599.79,0.00011,36.054954954955534,BINANCE
2025-09-02 13:45:15.529,110599.04,7e-05,36.1225225225231,BINANCE
2025-09-02 13:45:15.529,110599.04,9e-05,36.1225225225231,BINANCE
2025-09-02 13:45:15.529,110599.79,7e-05,36.054954954955534,BINANCE
2025-09-02 13:45:15.529,110598.52,0.003,36.169369369369,BINANCE
2025-09-02 13:45:15.529,110599.79,8e-05,36.054954954955534,BINANCE
2025-09-02 13:45:15.529,110599.79,0.00017,36.054954954955534,BINANCE
2025-09-02 13:45:15.529,110599.99,5e-05,36.03693693693646,BINANCE
2025-09-02 13:45:15.529,110598.14,5e-05,36.20360360360365,BINANCE
2025-09-02 13:45:15.529,110596.0,5e-05,36.3963963963964,BINANCE
2025-09-02 13:45:15.529,110597.76,8e-05,36.23783783783831,BINANCE
2025-09-02 13:45:15.529,110598.14,7e-05,36.20360360360365,BINANCE
2025-09-02 13:45:15.529,110594.0,5e-05,36.57657657657658,BINANCE
2025-09-02 13:45:15.529,110594.06,5e-05,36.57117117117138,BINANCE
2025-09-02 13:45:15.529,110596.63,5e-05,36.33963963963922,BINANCE
2025-09-02 13:45:15.529,110597.1,0.00017,36.29729729729677,BINANCE
2025-09-02 13:45:15.529,110597.11,0.0001,36.29639639639634,BINANCE
2025-09-02 13:45:15.529,110597.56,0.00082,36.25585585585607,BINANCE
2025-09-02 13:45:15.529,110597.63,5e-05,36.24954954954913,BINANCE
2025-09-02 13:45:15.529,110597.09,0.00011,36.29819819819851,BINANCE
2025-09-02 13:45:15.563,110599.99,0.02789,36.03693693693646,BINANCE
2025-09-02 13:45:15.576,110600.0,0.004,36.03603603603604,BINANCE
2025-09-02 13:45:15.578,110600.0,8e-05,36.03603603603604,BINANCE
2025-09-02 13:45:15.578,110600.0,0.004,36.03603603603604,BINANCE
2025-09-02 13:45:15.578,110600.0,0.0009,36.03603603603604,BINANCE
2025-09-02 13:45:15.578,110600.0,0.00034,36.03603603603604,BINANCE
2025-09-02 13:45:15.578,110600.0,0.00182,36.03603603603604,BINANCE
2025-09-02 13:45:15.578,110600.0,0.00046,36.03603603603604,BINANCE
2025-09-02 13:45:15.578,110600.0,0.00276,36.03603603603604,BINANCE
2025-09-02 13:45:15.578,110600.0,5e-05,36.03603603603604,BINANCE
2025-09-02 13:45:15.578,110600.0,0.00054,36.03603603603604,BINANCE
2025-09-02 13:45:15.578,110600.0,6e-05,36.03603603603604,BINANCE
2025-09-02 13:45:15.578,110600.0,0.00086,36.03603603603604,BINANCE
2025-09-02 13:45:15.580,110600.0,0.00324,36.03603603603604,BINANCE
2025-09-02 13:45:15.580,110600.0,0.00076,36.03603603603604,BINANCE
2025-09-02 13:45:15.581,110600.0,0.004,36.03603603603604,BINANCE
2025-09-02 13:45:15.582,110600.0,0.00061,36.03603603603604,BINANCE
2025-09-02 13:45:15.582,110600.0,5e-05,36.03603603603604,BINANCE
2025-09-02 13:45:15.582,110600.0,0.00334,36.03603603603604,BINANCE
2025-09-02 13:45:15.583,110600.0,5e-05,36.03603603603604,BINANCE
2025-09-02 13:45:15.583,110600.0,0.00024,36.03603603603604,BINANCE
2025-09-02 13:45:15.583,110600.0,0.00145,36.03603603603604,BINANCE
2025-09-02 13:45:15.583,110600.0,0.00011,36.03603603603604,BINANCE
2025-09-02 13:45:15.583,110600.0,6e-05,36.03603603603604,BINANCE
2025-09-02 13:45:15.583,110600.0,0.00146,36.03603603603604,BINANCE
2025-09-02 13:45:15.583,110600.0,0.00047,36.03603603603604,BINANCE
2025-09-02 13:45:15.583,110600.0,0.00083,36.03603603603604,BINANCE
2025-09-02 13:45:15.583,110600.0,0.00012,36.03603603603604,BINANCE
2025-09-02 13:45:15.583,110600.0,0.00107,36.03603603603604,BINANCE
2025-09-02 13:45:15.583,110600.0,0.00204,36.03603603603604,BINANCE
2025-09-02 13:45:15.585,110600.0,0.00041,36.03603603603604,BINANCE
2025-09-02 13:45:15.585,110600.0,0.00024,36.03603603603604,BINANCE
2025-09-02 13:45:15.585,110600.0,0.00016,36.03603603603604,BINANCE
2025-09-02 13:45:15.585,110600.0,0.00028,36.03603603603604,BINANCE
2025-09-02 13:45:15.585,110600.0,8e-05,36.03603603603604,BINANCE
2025-09-02 13:45:15.585,110600.0,0.00013,36.03603603603604,BINANCE
2025-09-02 13:45:15.585,110600.0,5e-05,36.03603603603604,BINANCE
2025-09-02 13:45:15.585,110600.0,6e-05,36.03603603603604,BINANCE
2025-09-02 13:45:15.585,110600.0,0.00022,36.03603603603604,BINANCE
2025-09-02 13:45:15.585,110600.0,0.0001,36.03603603603604,BINANCE
2025-09-02 13:45:15.585,110600.0,0.00193,36.03603603603604,BINANCE
2025-09-02 13:45:15.586,110600.0,0.00049,36.03603603603604,BINANCE
2025-09-02 13:45:15.586,110600.0,0.00086,36.03603603603604,BINANCE
2025-09-02 13:45:15.586,110600.0,0.00325,36.03603603603604,BINANCE
2025-09-02 13:45:15.586,110600.0,9e-05,36.03603603603604,BINANCE
2025-09-02 13:45:15.586,110600.0,0.00059,36.03603603603604,BINANCE
2025-09-02 13:45:15.586,110600.0,6e-05,36.03603603603604,BINANCE
2025-09-02 13:45:15.586,110600.0,0.00106,36.03603603603604,BINANCE
2025-09-02 13:45:15.586,110600.0,0.0004,36.03603603603604,BINANCE
2025-09-02 13:45:15.586,110600.0,0.01029,36.03603603603604,BINANCE
2025-09-02 13:45:15.586,110600.0,0.004,36.03603603603604,BINANCE
2025-09-02 13:45:15.586,110600.0,5e-05,36.03603603603604,BINANCE
2025-09-02 13:45:15.586,110600.0,0.00013,36.03603603603604,BINANCE
2025-09-02 13:45:15.586,110600.0,7e-05,36.03603603603604,BINANCE
2025-09-02 13:45:15.586,110600.0,0.00016,36.03603603603604,BINANCE
2025-09-02 13:45:15.586,110600.0,0.00033,36.03603603603604,BINANCE
2025-09-02 13:45:15.586,110600.0,8e-05,36.03603603603604,BINANCE
2025-09-02 13:45:15.586,110600.0,0.001,36.03603603603604,BINANCE
2025-09-02 13:45:15.586,110600.0,0.00084,36.03603603603604,BINANCE
2025-09-02 13:45:15.586,110600.0,0.00092,36.03603603603604,BINANCE
2025-09-02 13:45:15.586,110600.0,0.00064,36.03603603603604,BINANCE
2025-09-02 13:45:15.586,110600.0,1e-05,36.03603603603604,BINANCE
2025-09-02 13:45:15.586,110600.0,0.00017,36.03603603603604,BINANCE
2025-09-02 13:45:15.586,110600.0,0.00087,36.03603603603604,BINANCE
2025-09-02 13:45:15.586,110600.0,0.00019,36.03603603603604,BINANCE
2025-09-02 13:45:15.587,110600.0,0.018,36.03603603603604,BINANCE
2025-09-02 13:45:15.589,110600.0,0.004,36.03603603603604,BINANCE
2025-09-02 13:45:15.589,110600.0,0.019,36.03603603603604,BINANCE
2025-09-02 13:45:15.593,110599.99,0.32511,36.03693693693646,BINANCE
2025-09-02 13:45:15.597,110600.0,0.004,36.03603603603604,BINANCE
2025-09-02 13:45:15.604,110600.0,0.004,36.03603603603604,BINANCE
2025-09-02 13:45:15.657,110599.99,0.00013,36.03693693693646,BINANCE
2025-09-02 13:45:15.658,110599.99,0.00013,36.03693693693646,BINANCE
2025-09-02 13:45:15.666,110599.99,0.00082,36.03693693693646,BINANCE
2025-09-02 13:45:15.668,110599.99,0.00235,36.03693693693646,BINANCE
2025-09-02 13:45:15.751,110600.0,0.001,36.03603603603604,BINANCE
2025-09-02 13:45:15.840,110599.99,7e-05,36.03693693693646,BINANCE
2025-09-02 13:45:15.890,110599.99,0.0011,36.03693693693646,BINANCE
2025-09-02 13:45:15.931,110621.21,9e-05,34.125225225224646,BINANCE
2025-09-02 13:45:15.931,110621.21,0.00027,34.125225225224646,BINANCE
2025-09-02 13:45:15.931,110621.18,0.00064,34.12792792792855,BINANCE
2025-09-02 13:45:15.931,110621.16,6e-05,34.12972972972942,BINANCE
2025-09-02 13:45:15.931,110620.98,0.0001,34.145945945946316,BINANCE
2025-09-02 13:45:15.931,110620.7,0.0001,34.17117117117143,BINANCE
2025-09-02 13:45:15.931,110620.55,5e-05,34.18468468468443,BINANCE
2025-09-02 13:45:15.931,110620.54,0.00012,34.18558558558616,BINANCE
2025-09-02 13:45:15.931,110620.5,0.00065,34.189189189189186,BINANCE
2025-09-02 13:45:15.931,110620.23,5e-05,34.21351351351388,BINANCE
2025-09-02 13:45:15.931,110621.21,0.00084,34.125225225224646,BINANCE
2025-09-02 13:45:15.931,110620.05,0.00055,34.22972972972947,BINANCE
2025-09-02 13:45:15.931,110620.0,0.002,34.234234234234236,BINANCE
2025-09-02 13:45:15.931,110620.0,0.0004,34.234234234234236,BINANCE
2025-09-02 13:45:15.931,110620.0,0.00015,34.234234234234236,BINANCE
2025-09-02 13:45:15.931,110620.0,0.0009,34.234234234234236,BINANCE
2025-09-02 13:45:15.931,110620.0,8e-05,34.234234234234236,BINANCE
2025-09-02 13:45:15.931,110619.97,8e-05,34.23693693693683,BINANCE
2025-09-02 13:45:15.931,110619.78,0.46034,34.25405405405416,BINANCE
2025-09-02 13:45:15.931,110619.65,0.0002,34.26576576576629,BINANCE
2025-09-02 13:45:15.931,110619.56,6e-05,34.27387387387408,BINANCE
2025-09-02 13:45:15.931,110620.0,0.01808,34.234234234234236,BINANCE
2025-09-02 13:45:15.931,110619.43,6e-05,34.28558558558622,BINANCE
2025-09-02 13:45:15.931,110621.21,0.0001,34.125225225224646,BINANCE
2025-09-02 13:45:15.931,110624.0,0.0004,33.873873873873876,BINANCE
2025-09-02 13:45:15.931,110623.97,0.90599,33.87657657657647,BINANCE
2025-09-02 13:45:15.931,110623.96,0.46034,33.8774774774769,BINANCE
2025-09-02 13:45:15.931,110623.93,7e-05,33.88018018018081,BINANCE
2025-09-02 13:45:15.931,110623.89,0.0001,33.88378378378384,BINANCE
2025-09-02 13:45:15.931,110623.68,5e-05,33.90270270270334,BINANCE
2025-09-02 13:45:15.931,110623.17,5e-05,33.948648648648806,BINANCE
2025-09-02 13:45:15.931,110623.0,7e-05,33.96396396396396,BINANCE
2025-09-02 13:45:15.931,110622.8,0.00402,33.98198198198172,BINANCE
2025-09-02 13:45:15.931,110622.53,0.00058,34.00630630630641,BINANCE
2025-09-02 13:45:15.931,110621.21,0.00066,34.125225225224646,BINANCE
2025-09-02 13:45:15.931,110622.42,7e-05,34.01621621621638,BINANCE
2025-09-02 13:45:15.931,110622.19,0.00041,34.036936936936726,BINANCE
2025-09-02 13:45:15.931,110622.12,0.00011,34.043243243243666,BINANCE
2025-09-02 13:45:15.931,110622.06,9e-05,34.04864864864886,BINANCE
2025-09-02 13:45:15.931,110622.02,0.00018,34.05225225225188,BINANCE
2025-09-02 13:45:15.931,110622.01,0.00028,34.05315315315363,BINANCE
2025-09-02 13:45:15.931,110621.52,8e-05,34.09729729729693,BINANCE
2025-09-02 13:45:15.931,110621.42,0.0002,34.106306306306465,BINANCE
2025-09-02 13:45:15.931,110621.36,5e-05,34.111711711711656,BINANCE
2025-09-02 13:45:15.931,110621.21,5e-05,34.125225225224646,BINANCE
2025-09-02 13:45:15.931,110621.21,0.0003,34.125225225224646,BINANCE
2025-09-02 13:45:15.931,110622.2,5e-05,34.0360360360363,BINANCE
2025-09-02 13:45:15.931,110624.0,0.00015,33.873873873873876,BINANCE
2025-09-02 13:45:15.931,110615.38,7e-05,34.65045045045003,BINANCE
2025-09-02 13:45:15.931,110619.31,6e-05,34.29639639639661,BINANCE
2025-09-02 13:45:15.931,110615.38,0.00078,34.65045045045003,BINANCE
2025-09-02 13:45:15.931,110615.38,5e-05,34.65045045045003,BINANCE
2025-09-02 13:45:15.931,110615.38,6e-05,34.65045045045003,BINANCE
2025-09-02 13:45:15.931,110615.38,8e-05,34.65045045045003,BINANCE
2025-09-02 13:45:15.931,110615.96,0.00042,34.59819819819762,BINANCE
2025-09-02 13:45:15.931,110615.38,0.00011,34.65045045045003,BINANCE
2025-09-02 13:45:15.931,110615.38,0.07244,34.65045045045003,BINANCE
2025-09-02 13:45:15.931,110615.38,0.0003,34.65045045045003,BINANCE
2025-09-02 13:45:15.931,110615.38,0.00029,34.65045045045003,BINANCE
2025-09-02 13:45:15.931,110615.38,0.00018,34.65045045045003,BINANCE
2025-09-02 13:45:15.931,110615.38,0.00053,34.65045045045003,BINANCE
2025-09-02 13:45:15.931,110619.36,0.00082,34.29189189189184,BINANCE
2025-09-02 13:45:15.931,110616.0,0.0004,34.5945945945946,BINANCE
2025-09-02 13:45:15.931,110619.19,0.06903,34.307207207207,BINANCE
2025-09-02 13:45:15.931,110619.16,7e-05,34.30990990990959,BINANCE
2025-09-02 13:45:15.931,110619.04,0.0001,34.3207207207213,BINANCE
2025-09-02 13:45:15.931,110618.76,5e-05,34.34594594594642,BINANCE
2025-09-02 13:45:15.931,110618.27,5e-05,34.39009009008972,BINANCE
2025-09-02 13:45:15.931,110618.24,6e-05,34.39279279279232,BINANCE
2025-09-02 13:45:15.931,110618.17,5e-05,34.39909909909926,BINANCE
2025-09-02 13:45:15.931,110618.13,9e-05,34.40270270270228,BINANCE
2025-09-02 13:45:15.931,110618.0,0.00012,34.414414414414416,BINANCE
2025-09-02 13:45:15.931,110617.63,7e-05,34.44774774774733,BINANCE
2025-09-02 13:45:15.931,110616.0,0.00015,34.5945945945946,BINANCE
2025-09-02 13:45:15.931,110617.63,5e-05,34.44774774774733,BINANCE
2025-09-02 13:45:15.931,110617.38,0.00011,34.47027027026985,BINANCE
2025-09-02 13:45:15.931,110616.78,5e-05,34.524324324324425,BINANCE
2025-09-02 13:45:15.931,110616.72,0.06497,34.529729729729624,BINANCE
2025-09-02 13:45:15.931,110616.67,0.00074,34.53423423423439,BINANCE
2025-09-02 13:45:15.931,110616.54,0.09752,34.54594594594652,BINANCE
2025-09-02 13:45:15.931,110616.54,0.20077,34.54594594594652,BINANCE
2025-09-02 13:45:15.931,110616.53,0.0001,34.546846846846954,BINANCE
2025-09-02 13:45:15.931,110616.31,6e-05,34.566666666666876,BINANCE
2025-09-02 13:45:15.931,110616.27,5e-05,34.5702702702699,BINANCE
2025-09-02 13:45:15.931,110616.0,0.002,34.5945945945946,BINANCE
2025-09-02 13:45:15.931,110617.39,0.00014,34.469369369369424,BINANCE
2025-09-02 13:45:15.931,110627.51,0.0062,33.557657657658126,BINANCE
2025-09-02 13:45:15.931,110624.11,0.00016,33.86396396396391,BINANCE
2025-09-02 13:45:15.931,110628.0,5e-05,33.513513513513516,BINANCE
2025-09-02 13:45:15.931,110627.92,7e-05,33.520720720720874,BINANCE
2025-09-02 13:45:15.931,110627.9,0.00129,33.52252252252305,BINANCE
2025-09-02 13:45:15.931,110627.9,6e-05,33.52252252252305,BINANCE
2025-09-02 13:45:15.931,110627.9,8e-05,33.52252252252305,BINANCE
2025-09-02 13:45:15.931,110627.9,0.00015,33.52252252252305,BINANCE
2025-09-02 13:45:15.931,110628.0,0.0008,33.513513513513516,BINANCE
2025-09-02 13:45:15.931,110627.9,0.00014,33.52252252252305,BINANCE
2025-09-02 13:45:15.931,110627.9,0.00013,33.52252252252305,BINANCE
2025-09-02 13:45:15.931,110627.9,9e-05,33.52252252252305,BINANCE
2025-09-02 13:45:15.931,110627.9,0.00012,33.52252252252305,BINANCE
2025-09-02 13:45:15.931,110627.9,7e-05,33.52252252252305,BINANCE
2025-09-02 13:45:15.931,110628.0,0.0004,33.513513513513516,BINANCE
2025-09-02 13:45:15.931,110629.98,0.00027,33.3351351351355,BINANCE
2025-09-02 13:45:15.931,110629.98,0.90197,33.3351351351355,BINANCE
2025-09-02 13:45:15.931,110629.96,0.03074,33.33693693693636,BINANCE
2025-09-02 13:45:15.931,110629.9,0.0001,33.34234234234287,BINANCE
2025-09-02 13:45:15.931,110629.86,0.00013,33.34594594594589,BINANCE
2025-09-02 13:45:15.931,110629.85,8e-05,33.346846846846326,BINANCE
2025-09-02 13:45:15.931,110629.62,5e-05,33.36756756756799,BINANCE
2025-09-02 13:45:15.931,110629.57,0.05,33.37207207207144,BINANCE
2025-09-02 13:45:15.931,110629.49,7e-05,33.37927927927881,BINANCE
2025-09-02 13:45:15.931,110628.0,0.00015,33.513513513513516,BINANCE
2025-09-02 13:45:15.931,110629.44,0.00056,33.38378378378357,BINANCE
2025-09-02 13:45:15.931,110629.17,0.16246,33.408108108108266,BINANCE
2025-09-02 13:45:15.931,110629.16,8e-05,33.40900900900869,BINANCE
2025-09-02 13:45:15.931,110629.09,5e-05,33.41531531531563,BINANCE
2025-09-02 13:45:15.931,110629.07,5e-05,33.41711711711648,BINANCE
2025-09-02 13:45:15.931,110628.8,0.00015,33.44144144144118,BINANCE
2025-09-02 13:45:15.931,110628.79,5e-05,33.44234234234292,BINANCE
2025-09-02 13:45:15.931,110628.39,0.46034,33.47837837837843,BINANCE
2025-09-02 13:45:15.931,110628.38,0.45864,33.47927927927886,BINANCE
2025-09-02 13:45:15.931,110628.08,0.03048,33.50630630630615,BINANCE
2025-09-02 13:45:15.931,110628.0,0.002,33.513513513513516,BINANCE
2025-09-02 13:45:15.931,110629.24,0.0033,33.40180180180133,BINANCE
2025-09-02 13:45:15.931,110624.0,0.002,33.873873873873876,BINANCE
2025-09-02 13:45:15.931,110627.5,0.00452,33.55855855855856,BINANCE
2025-09-02 13:45:15.931,110625.0,5e-05,33.78378378378378,BINANCE
2025-09-02 13:45:15.931,110625.0,0.00017,33.78378378378378,BINANCE
2025-09-02 13:45:15.931,110625.0,0.00011,33.78378378378378,BINANCE
2025-09-02 13:45:15.931,110625.0,0.00023,33.78378378378378,BINANCE
2025-09-02 13:45:15.931,110625.0,7e-05,33.78378378378378,BINANCE
2025-09-02 13:45:15.931,110625.0,0.00014,33.78378378378378,BINANCE
2025-09-02 13:45:15.931,110625.0,0.00035,33.78378378378378,BINANCE
2025-09-02 13:45:15.931,110625.0,8e-05,33.78378378378378,BINANCE
2025-09-02 13:45:15.931,110625.0,0.0001,33.78378378378378,BINANCE
2025-09-02 13:45:15.931,110625.0,0.00106,33.78378378378378,BINANCE
2025-09-02 13:45:15.931,110625.0,0.00016,33.78378378378378,BINANCE
2025-09-02 13:45:15.931,110625.0,0.00029,33.78378378378378,BINANCE
2025-09-02 13:45:15.931,110624.89,5e-05,33.79369369369375,BINANCE
2025-09-02 13:45:15.931,110624.75,7e-05,33.806306306306304,BINANCE
2025-09-02 13:45:15.931,110624.54,7e-05,33.8252252252258,BINANCE
2025-09-02 13:45:15.931,110624.39,0.0001,33.83873873873879,BINANCE
2025-09-02 13:45:15.931,110624.36,0.0335,33.84144144144139,BINANCE
2025-09-02 13:45:15.931,110624.36,0.29189,33.84144144144139,BINANCE
2025-09-02 13:45:15.931,110624.13,0.855,33.862162162161745,BINANCE
2025-09-02 13:45:15.931,110627.62,5e-05,33.54774774774817,BINANCE
2025-09-02 13:45:15.931,110625.0,0.0002,33.78378378378378,BINANCE
2025-09-02 13:45:15.931,110627.35,9e-05,33.57207207207155,BINANCE
2025-09-02 13:45:15.931,110627.17,0.32538,33.588288288288446,BINANCE
2025-09-02 13:45:15.931,110626.9,0.00014,33.612612612613134,BINANCE
2025-09-02 13:45:15.931,110626.88,0.0001,33.614414414414,BINANCE
2025-09-02 13:45:15.931,110626.8,7e-05,33.62162162162136,BINANCE
2025-09-02 13:45:15.931,110626.72,0.00045,33.62882882882872,BINANCE
2025-09-02 13:45:15.931,110626.67,0.01738,33.63333333333349,BINANCE
2025-09-02 13:45:15.931,110626.52,0.00012,33.64684684684648,BINANCE
2025-09-02 13:45:15.931,110626.51,0.00021,33.64774774774822,BINANCE
2025-09-02 13:45:15.931,110626.5,0.00026,33.64864864864865,BINANCE
2025-09-02 13:45:15.931,110626.23,5e-05,33.67297297297334,BINANCE
2025-09-02 13:45:15.931,110625.17,0.003,33.768468468468626,BINANCE
2025-09-02 13:45:15.931,110625.1,0.00406,33.77477477477425,BINANCE
2025-09-02 13:45:15.931,110625.03,5e-05,33.78108108108119,BINANCE
2025-09-02 13:45:15.931,110625.0,0.00105,33.78378378378378,BINANCE
2025-09-02 13:45:15.931,110625.0,0.00062,33.78378378378378,BINANCE
2025-09-02 13:45:15.931,110625.84,0.00069,33.70810810810842,BINANCE
2025-09-02 13:45:15.931,110615.38,0.00025,34.65045045045003,BINANCE
2025-09-02 13:45:15.931,110627.12,9e-05,33.59279279279321,BINANCE
2025-09-02 13:45:15.931,110602.8,7e-05,35.78378378378352,BINANCE
2025-09-02 13:45:15.931,110602.8,0.0001,35.78378378378352,BINANCE
2025-09-02 13:45:15.931,110602.8,8e-05,35.78378378378352,BINANCE
2025-09-02 13:45:15.931,110602.8,0.00011,35.78378378378352,BINANCE
2025-09-02 13:45:15.931,110602.8,0.09686,35.78378378378352,BINANCE
2025-09-02 13:45:15.931,110602.7,0.00094,35.79279279279305,BINANCE
2025-09-02 13:45:15.931,110602.33,5e-05,35.82612612612597,BINANCE
2025-09-02 13:45:15.931,110602.12,0.00046,35.84504504504546,BINANCE
2025-09-02 13:45:15.931,110602.04,5e-05,35.85225225225283,BINANCE
2025-09-02 13:45:15.931,110602.8,0.00013,35.78378378378352,BINANCE
2025-09-02 13:45:15.931,110601.98,0.00323,35.857657657658024,BINANCE
2025-09-02 13:45:15.931,110601.85,7e-05,35.86936936936885,BINANCE
2025-09-02 13:45:15.931,110601.73,5e-05,35.880180180180545,BINANCE
2025-09-02 13:45:15.931,110601.73,0.01158,35.880180180180545,BINANCE
2025-09-02 13:45:15.931,110601.09,5e-05,35.93783783783815,BINANCE
2025-09-02 13:45:15.931,110601.09,0.05658,35.93783783783815,BINANCE
2025-09-02 13:45:15.931,110600.71,0.00023,35.9720720720715,BINANCE
2025-09-02 13:45:15.931,110600.67,8e-05,35.97567567567584,BINANCE
2025-09-02 13:45:15.931,110601.94,5e-05,35.86126126126105,BINANCE
2025-09-02 13:45:15.931,110600.65,0.00051,35.977477477478,BINANCE
2025-09-02 13:45:15.931,110602.8,0.00028,35.78378378378352,BINANCE
2025-09-02 13:45:15.931,110605.82,0.00082,35.51171171171108,BINANCE
2025-09-02 13:45:15.931,110605.78,0.0002,35.51531531531542,BINANCE
2025-09-02 13:45:15.931,110605.09,0.04368,35.57747747747779,BINANCE
2025-09-02 13:45:15.931,110604.84,0.00141,35.600000000000314,BINANCE
2025-09-02 13:45:15.931,110604.68,5e-05,35.614414414415045,BINANCE
2025-09-02 13:45:15.931,110604.0,5e-05,35.67567567567568,BINANCE
2025-09-02 13:45:15.931,110604.0,0.002,35.67567567567568,BINANCE
2025-09-02 13:45:15.931,110604.0,0.0004,35.67567567567568,BINANCE
2025-09-02 13:45:15.931,110604.0,0.00015,35.67567567567568,BINANCE
2025-09-02 13:45:15.931,110603.95,5e-05,35.68018018018044,BINANCE
2025-09-02 13:45:15.931,110603.71,0.0001,35.701801801801224,BINANCE
2025-09-02 13:45:15.931,110603.67,7e-05,35.705405405405564,BINANCE
2025-09-02 13:45:15.931,110603.56,0.00088,35.71531531531552,BINANCE
2025-09-02 13:45:15.931,110603.51,5e-05,35.719819819820295,BINANCE
2025-09-02 13:45:15.931,110603.32,9e-05,35.73693693693631,BINANCE
2025-09-02 13:45:15.931,110603.3,0.00013,35.738738738738476,BINANCE
2025-09-02 13:45:15.931,110603.22,0.00034,35.74594594594584,BINANCE
2025-09-02 13:45:15.931,110602.8,5e-05,35.78378378378352,BINANCE
2025-09-02 13:45:15.931,110604.0,0.01237,35.67567567567568,BINANCE
2025-09-02 13:45:15.931,110605.88,0.00014,35.50630630630589,BINANCE
2025-09-02 13:45:15.931,110600.62,5e-05,35.9801801801806,BINANCE
2025-09-02 13:45:15.931,110600.12,5e-05,36.02522522522565,BINANCE
2025-09-02 13:45:15.931,110600.0,0.002,36.03603603603604,BINANCE
2025-09-02 13:45:15.931,110600.0,0.0004,36.03603603603604,BINANCE
2025-09-02 13:45:15.931,110600.0,0.00015,36.03603603603604,BINANCE
2025-09-02 13:45:15.931,110600.0,0.0003,36.03603603603604,BINANCE
2025-09-02 13:45:15.931,110600.0,0.00999,36.03603603603604,BINANCE
2025-09-02 13:45:15.931,110600.0,2.05785,36.03603603603604,BINANCE
2025-09-02 13:45:15.931,110600.0,0.0018,36.03603603603604,BINANCE
2025-09-02 13:45:15.931,110600.0,0.00071,36.03603603603604,BINANCE
2025-09-02 13:45:15.931,110600.0,0.11,36.03603603603604,BINANCE
2025-09-02 13:45:15.931,110600.0,0.003,36.03603603603604,BINANCE
2025-09-02 13:45:15.931,110600.0,0.00043,36.03603603603604,BINANCE
2025-09-02 13:45:15.931,110600.0,0.02,36.03603603603604,BINANCE
2025-09-02 13:45:15.931,110600.0,0.00265,36.03603603603604,BINANCE
2025-09-02 13:45:15.931,110600.0,0.00018,36.03603603603604,BINANCE
2025-09-02 13:45:15.931,110600.0,0.0001,36.03603603603604,BINANCE
2025-09-02 13:45:15.931,110600.0,7e-05,36.03603603603604,BINANCE
2025-09-02 13:45:15.931,110600.0,0.00016,36.03603603603604,BINANCE
2025-09-02 13:45:15.931,110600.0,0.02045,36.03603603603604,BINANCE
2025-09-02 13:45:15.931,110600.0,0.01712,36.03603603603604,BINANCE
2025-09-02 13:45:15.931,110600.0,0.00027,36.03603603603604,BINANCE
2025-09-02 13:45:15.931,110600.59,0.00093,35.982882882883196,BINANCE
2025-09-02 13:45:15.931,110600.0,6e-05,36.03603603603604,BINANCE
2025-09-02 13:45:15.931,110600.0,0.04329,36.03603603603604,BINANCE
2025-09-02 13:45:15.931,110600.1,7e-05,36.0270270270265,BINANCE
2025-09-02 13:45:15.931,110600.03,9e-05,36.03333333333344,BINANCE
2025-09-02 13:45:15.931,110600.02,5e-05,36.03423423423387,BINANCE
2025-09-02 13:45:15.931,110600.01,5e-05,36.035135135135604,BINANCE
2025-09-02 13:45:15.931,110600.0,0.0298,36.03603603603604,BINANCE
2025-09-02 13:45:15.931,110600.0,0.32475,36.03603603603604,BINANCE
2025-09-02 13:45:15.931,110600.0,0.02551,36.03603603603604,BINANCE
2025-09-02 13:45:15.931,110600.0,5e-05,36.03603603603604,BINANCE
2025-09-02 13:45:15.931,110600.0,0.04519,36.03603603603604,BINANCE
2025-09-02 13:45:15.931,110600.0,0.0002,36.03603603603604,BINANCE
2025-09-02 13:45:15.931,110600.0,0.02992,36.03603603603604,BINANCE
2025-09-02 13:45:15.931,110600.0,0.001,36.03603603603604,BINANCE
2025-09-02 13:45:15.931,110600.0,0.01808,36.03603603603604,BINANCE
2025-09-02 13:45:15.931,110600.0,0.005,36.03603603603604,BINANCE
2025-09-02 13:45:15.931,110605.98,5e-05,35.49729729729766,BINANCE
2025-09-02 13:45:15.931,110600.68,0.0012,35.974774774775405,BINANCE
2025-09-02 13:45:15.931,110606.06,0.00093,35.4900900900903,BINANCE
2025-09-02 13:45:15.931,110614.42,7e-05,34.7369369369371,BINANCE
2025-09-02 13:45:15.931,110614.41,6e-05,34.737837837837525,BINANCE
2025-09-02 13:45:15.931,110614.37,0.00011,34.74144144144186,BINANCE
2025-09-02 13:45:15.931,110614.37,8e-05,34.74144144144186,BINANCE
2025-09-02 13:45:15.931,110614.37,0.0002,34.74144144144186,BINANCE
2025-09-02 13:45:15.931,110614.28,0.00025,34.749549549549656,BINANCE
2025-09-02 13:45:15.931,110614.24,0.00011,34.75315315315268,BINANCE
2025-09-02 13:45:15.931,110614.24,8e-05,34.75315315315268,BINANCE
2025-09-02 13:45:15.931,110614.03,5e-05,34.77207207207218,BINANCE
2025-09-02 13:45:15.931,110613.94,7e-05,34.78018018017997,BINANCE
2025-09-02 13:45:15.931,110613.72,0.00048,34.7999999999999,BINANCE
2025-09-02 13:45:15.931,110613.64,0.00012,34.807207207207256,BINANCE
2025-09-02 13:45:15.931,110613.64,0.0002,34.807207207207256,BINANCE
2025-09-02 13:45:15.931,110613.18,0.00011,34.84864864864928,BINANCE
2025-09-02 13:45:15.931,110613.13,0.00037,34.85315315315274,BINANCE
2025-09-02 13:45:15.931,110613.1,0.855,34.85585585585533,BINANCE
2025-09-02 13:45:15.931,110612.89,5e-05,34.87477477477483,BINANCE
2025-09-02 13:45:15.931,110612.86,5e-05,34.87747747747743,BINANCE
2025-09-02 13:45:15.931,110612.36,0.0001,34.92252252252247,BINANCE
2025-09-02 13:45:15.931,110613.92,0.0005,34.78198198198214,BINANCE
2025-09-02 13:45:15.931,110612.32,0.0014,34.926126126125496,BINANCE
2025-09-02 13:45:15.931,110614.42,0.00011,34.7369369369371,BINANCE
2025-09-02 13:45:15.931,110614.42,8e-05,34.7369369369371,BINANCE
2025-09-02 13:45:15.931,110615.32,5e-05,34.65585585585522,BINANCE
2025-09-02 13:45:15.931,110606.06,6e-05,35.4900900900903,BINANCE
2025-09-02 13:45:15.931,110615.19,0.0001,34.66756756756736,BINANCE
2025-09-02 13:45:15.931,110615.18,0.00083,34.6684684684691,BINANCE
2025-09-02 13:45:15.931,110615.01,0.0017,34.68378378378426,BINANCE
2025-09-02 13:45:15.931,110614.8,5e-05,34.702702702702446,BINANCE
2025-09-02 13:45:15.931,110614.61,0.00014,34.71981981981977,BINANCE
2025-09-02 13:45:15.931,110614.61,0.00141,34.71981981981977,BINANCE
2025-09-02 13:45:15.931,110614.54,7e-05,34.7261261261267,BINANCE
2025-09-02 13:45:15.931,110614.54,0.00556,34.7261261261267,BINANCE
2025-09-02 13:45:15.931,110614.42,0.0002,34.7369369369371,BINANCE
2025-09-02 13:45:15.931,110614.53,5e-05,34.727027027027134,BINANCE
2025-09-02 13:45:15.931,110614.42,0.00012,34.7369369369371,BINANCE
2025-09-02 13:45:15.931,110614.51,5e-05,34.7288288288293,BINANCE
2025-09-02 13:45:15.931,110612.28,5e-05,34.929729729729836,BINANCE
2025-09-02 13:45:15.931,110615.2,0.00063,34.66666666666693,BINANCE
2025-09-02 13:45:15.931,110612.03,5e-05,34.95225225225236,BINANCE
2025-09-02 13:45:15.931,110608.69,0.0001,35.253153153152944,BINANCE
2025-09-02 13:45:15.931,110608.64,6e-05,35.25765765765771,BINANCE
2025-09-02 13:45:15.931,110608.64,0.0001,35.25765765765771,BINANCE
2025-09-02 13:45:15.931,110608.23,0.0006,35.29459459459496,BINANCE
2025-09-02 13:45:15.931,110608.0,0.002,35.31531531531532,BINANCE
2025-09-02 13:45:15.931,110608.0,0.00015,35.31531531531532,BINANCE
2025-09-02 13:45:15.931,110608.0,0.0004,35.31531531531532,BINANCE
2025-09-02 13:45:15.931,110607.85,8e-05,35.32882882882831,BINANCE
2025-09-02 13:45:15.931,110607.79,0.00014,35.33423423423481,BINANCE
2025-09-02 13:45:15.931,110607.62,0.00012,35.34954954954997,BINANCE
2025-09-02 13:45:15.931,110609.18,5e-05,35.209009009009634,BINANCE
2025-09-02 13:45:15.931,110607.45,5e-05,35.364864864865126,BINANCE
2025-09-02 13:45:15.931,110607.23,0.00052,35.384684684685055,BINANCE
2025-09-02 13:45:15.931,110607.14,5e-05,35.39279279279285,BINANCE
2025-09-02 13:45:15.931,110606.85,0.0001,35.41891891891839,BINANCE
2025-09-02 13:45:15.931,110606.77,8e-05,35.42612612612576,BINANCE
2025-09-02 13:45:15.931,110606.4,0.0006,35.45945945945998,BINANCE
2025-09-02 13:45:15.931,110606.31,0.00011,35.46756756756778,BINANCE
2025-09-02 13:45:15.931,110606.28,7e-05,35.470270270270376,BINANCE
2025-09-02 13:45:15.931,110606.06,5e-05,35.4900900900903,BINANCE
2025-09-02 13:45:15.931,110612.1,0.00115,34.945945945945425,BINANCE
2025-09-02 13:45:15.931,110607.27,8e-05,35.381081081080715,BINANCE
2025-09-02 13:45:15.931,110609.66,6e-05,35.16576576576545,BINANCE
2025-09-02 13:45:15.931,110609.94,6e-05,35.14054054054033,BINANCE
2025-09-02 13:45:15.931,110612.0,0.002,34.95495495495496,BINANCE
2025-09-02 13:45:15.931,110612.0,0.0004,34.95495495495496,BINANCE
2025-09-02 13:45:15.931,110612.0,0.00015,34.95495495495496,BINANCE
2025-09-02 13:45:15.931,110609.67,6e-05,35.164864864865024,BINANCE
2025-09-02 13:45:15.931,110611.77,8e-05,34.975675675675305,BINANCE
2025-09-02 13:45:15.931,110611.72,0.00175,34.98018018018008,BINANCE
2025-09-02 13:45:15.931,110611.56,6e-05,34.9945945945948,BINANCE
2025-09-02 13:45:15.931,110611.55,0.00228,34.995495495495234,BINANCE
2025-09-02 13:45:15.931,110611.11,0.00208,35.035135135135086,BINANCE
2025-09-02 13:45:15.931,110611.11,5e-05,35.035135135135086,BINANCE
2025-09-02 13:45:15.931,110611.11,0.00015,35.035135135135086,BINANCE
2025-09-02 13:45:15.931,110611.05,0.07358,35.04054054054028,BINANCE
2025-09-02 13:45:15.931,110609.94,5e-05,35.14054054054033,BINANCE
2025-09-02 13:45:15.931,110609.99,0.0126,35.13603603603556,BINANCE
2025-09-02 13:45:15.931,110610.1,9e-05,35.1261261261256,BINANCE
2025-09-02 13:45:15.931,110610.18,9e-05,35.11891891891955,BINANCE
2025-09-02 13:45:15.931,110609.94,0.00018,35.14054054054033,BINANCE
2025-09-02 13:45:15.931,110610.75,0.00012,35.06756756756757,BINANCE
2025-09-02 13:45:15.931,110610.84,0.00669,35.059459459459774,BINANCE
2025-09-02 13:45:15.931,110611.0,0.001,35.04504504504504,BINANCE
2025-09-02 13:45:15.931,110610.44,0.00092,35.095495495495285,BINANCE
2025-09-02 13:45:15.936,110630.0,0.007,33.333333333333336,BINANCE
2025-09-02 13:45:15.936,110630.0,0.02183,33.333333333333336,BINANCE
2025-09-02 13:45:15.939,110632.0,0.00015,33.15315315315315,BINANCE
2025-09-02 13:45:15.939,110632.0,0.0004,33.15315315315315,BINANCE
2025-09-02 13:45:15.939,110632.0,0.002,33.15315315315315,BINANCE
2025-09-02 13:45:15.939,110632.09,0.0583,33.14504504504536,BINANCE
2025-09-02 13:45:15.939,110632.18,5e-05,33.136936936937566,BINANCE
2025-09-02 13:45:15.939,110632.47,0.05453,33.110810810810705,BINANCE
2025-09-02 13:45:15.939,110632.47,0.029,33.110810810810705,BINANCE
2025-09-02 13:45:15.939,110632.47,0.03452,33.110810810810705,BINANCE
2025-09-02 13:45:15.939,110632.47,0.02181,33.110810810810705,BINANCE
2025-09-02 13:45:15.939,110632.47,0.019,33.110810810810705,BINANCE
2025-09-02 13:45:15.939,110632.47,0.03085,33.110810810810705,BINANCE
2025-09-02 13:45:15.939,110632.47,0.02879,33.110810810810705,BINANCE
2025-09-02 13:45:15.939,110631.57,6e-05,33.19189189189127,BINANCE
2025-09-02 13:45:15.939,110632.42,8e-05,33.11531531531548,BINANCE
2025-09-02 13:45:15.939,110631.18,0.00016,33.22702702702766,BINANCE
2025-09-02 13:45:15.939,110631.54,0.00038,33.19459459459517,BINANCE
2025-09-02 13:45:15.939,110629.16,5e-05,33.40900900900869,BINANCE
2025-09-02 13:45:15.939,110629.98,5e-05,33.3351351351355,BINANCE
2025-09-02 13:45:15.939,110629.99,5e-05,33.33423423423376,BINANCE
2025-09-02 13:45:15.939,110630.0,0.09025,33.333333333333336,BINANCE
2025-09-02 13:45:15.939,110630.0,0.10528,33.333333333333336,BINANCE
2025-09-02 13:45:15.939,110630.0,0.27534,33.333333333333336,BINANCE
2025-09-02 13:45:15.939,110630.38,0.00077,33.299099099098676,BINANCE
2025-09-02 13:45:15.939,110630.42,0.00082,33.29549549549565,BINANCE
2025-09-02 13:45:15.939,110631.0,7e-05,33.24324324324324,BINANCE
2025-09-02 13:45:15.939,110631.05,0.00098,33.238738738738476,BINANCE
2025-09-02 13:45:15.939,110631.1,6e-05,33.23423423423371,BINANCE
2025-09-02 13:45:15.940,110633.04,5e-05,33.05945945946004,BINANCE
2025-09-02 13:45:15.940,110633.07,0.03972,33.05675675675613,BINANCE
2025-09-02 13:45:15.940,110632.91,6e-05,33.07117117117085,BINANCE
2025-09-02 13:45:15.940,110632.91,0.00017,33.07117117117085,BINANCE
2025-09-02 13:45:15.940,110632.69,0.38601,33.09099099099078,BINANCE
2025-09-02 13:45:15.940,110632.48,5e-05,33.10990990991028,BINANCE
2025-09-02 13:45:15.940,110632.47,0.08787,33.110810810810705,BINANCE
2025-09-02 13:45:15.941,110635.94,0.04941,32.79819819819799,BINANCE
2025-09-02 13:45:15.941,110634.53,0.00028,32.92522522522533,BINANCE
2025-09-02 13:45:15.941,110634.63,7e-05,32.916216216215794,BINANCE
2025-09-02 13:45:15.941,110634.99,0.02902,32.88378378378331,BINANCE
2025-09-02 13:45:15.941,110634.99,0.00263,32.88378378378331,BINANCE
2025-09-02 13:45:15.941,110635.0,0.04587,32.88288288288288,BINANCE
2025-09-02 13:45:15.941,110635.16,0.855,32.86846846846815,BINANCE
2025-09-02 13:45:15.941,110634.47,0.00063,32.930630630630525,BINANCE
2025-09-02 13:45:15.941,110635.23,0.00017,32.862162162162534,BINANCE
2025-09-02 13:45:15.941,110635.35,0.0001,32.85135135135083,BINANCE
2025-09-02 13:45:15.941,110635.51,5e-05,32.836936936937406,BINANCE
2025-09-02 13:45:15.941,110635.67,0.00058,32.82252252252268,BINANCE
2025-09-02 13:45:15.941,110635.77,6e-05,32.81351351351315,BINANCE
2025-09-02 13:45:15.941,110635.14,0.00018,32.870270270270325,BINANCE
2025-09-02 13:45:15.941,110634.37,0.00018,32.939639639640056,BINANCE
2025-09-02 13:45:15.941,110634.5,5e-05,32.92792792792793,BINANCE
2025-09-02 13:45:15.941,110634.32,0.02973,32.944144144143515,BINANCE
2025-09-02 13:45:15.941,110633.07,0.01328,33.05675675675613,BINANCE
2025-09-02 13:45:15.941,110633.18,0.00073,33.04684684684748,BINANCE
2025-09-02 13:45:15.941,110633.18,9e-05,33.04684684684748,BINANCE
2025-09-02 13:45:15.941,110633.18,0.03987,33.04684684684748,BINANCE
2025-09-02 13:45:15.941,110633.19,0.00046,33.04594594594574,BINANCE
2025-09-02 13:45:15.941,110633.34,6e-05,33.03243243243275,BINANCE
2025-09-02 13:45:15.941,110633.33,5e-05,33.033333333333175,BINANCE
2025-09-02 13:45:15.941,110633.63,0.00058,33.00630630630589,BINANCE
2025-09-02 13:45:15.941,110633.84,0.00025,32.9873873873877,BINANCE
2025-09-02 13:45:15.941,110633.94,9e-05,32.97837837837817,BINANCE
2025-09-02 13:45:15.941,110633.94,0.00017,32.97837837837817,BINANCE
2025-09-02 13:45:15.941,110633.94,0.00034,32.97837837837817,BINANCE
2025-09-02 13:45:15.941,110633.96,0.00502,32.976576576576,BINANCE
2025-09-02 13:45:15.941,110633.59,0.00069,33.00990990991023,BINANCE
2025-09-02 13:45:15.941,110634.32,0.04977,32.944144144143515,BINANCE
2025-09-02 13:45:15.942,110636.02,6e-05,32.79099099099062,BINANCE
2025-09-02 13:45:15.942,110636.21,0.00219,32.7738738738733,BINANCE
2025-09-02 13:45:15.942,110636.15,7e-05,32.779279279279805,BINANCE
2025-09-02 13:45:15.942,110636.12,8e-05,32.781981981982405,BINANCE
2025-09-02 13:45:15.942,110636.0,0.002,32.792792792792795,BINANCE
2025-09-02 13:45:15.942,110636.0,0.00015,32.792792792792795,BINANCE
2025-09-02 13:45:15.942,110636.0,0.0004,32.792792792792795,BINANCE
2025-09-02 13:45:15.942,110635.97,0.0001,32.795495495495395,BINANCE
2025-09-02 13:45:15.942,110635.94,0.00359,32.79819819819799,BINANCE
2025-09-02 13:45:15.944,110638.06,0.03866,32.607207207207416,BINANCE
2025-09-02 13:45:15.944,110637.99,0.00017,32.61351351351304,BINANCE
2025-09-02 13:45:15.944,110637.71,9e-05,32.63873873873816,BINANCE
2025-09-02 13:45:15.944,110637.58,5e-05,32.65045045045029,BINANCE
2025-09-02 13:45:15.944,110636.92,0.00012,32.70990990991007,BINANCE
2025-09-02 13:45:15.944,110636.86,0.00179,32.71531531531526,BINANCE
2025-09-02 13:45:15.944,110636.78,0.001,32.722522522522624,BINANCE
2025-09-02 13:45:15.944,110636.78,0.00012,32.722522522522624,BINANCE
2025-09-02 13:45:15.944,110636.78,0.0057,32.722522522522624,BINANCE
2025-09-02 13:45:15.944,110636.56,5e-05,32.74234234234255,BINANCE
2025-09-02 13:45:15.944,110636.56,0.00017,32.74234234234255,BINANCE
2025-09-02 13:45:15.944,110636.36,5e-05,32.76036036036031,BINANCE
2025-09-02 13:45:15.944,110636.36,8e-05,32.76036036036031,BINANCE
2025-09-02 13:45:15.944,110636.21,0.00604,32.7738738738733,BINANCE
2025-09-02 13:45:15.944,110636.78,7e-05,32.722522522522624,BINANCE
2025-09-02 13:45:15.946,110638.3,0.00021,32.58558558558532,BINANCE
2025-09-02 13:45:15.946,110638.29,0.00342,32.58648648648706,BINANCE
2025-09-02 13:45:15.946,110638.3,0.03624,32.58558558558532,BINANCE
2025-09-02 13:45:15.946,110638.06,0.01434,32.607207207207416,BINANCE
2025-09-02 13:45:15.946,110638.25,7e-05,32.590090090090094,BINANCE
2025-09-02 13:45:15.947,110640.0,5e-05,32.43243243243243,BINANCE
2025-09-02 13:45:15.947,110640.0,0.0004,32.43243243243243,BINANCE
2025-09-02 13:45:15.947,110640.0,0.00015,32.43243243243243,BINANCE
2025-09-02 13:45:15.947,110640.0,0.002,32.43243243243243,BINANCE
2025-09-02 13:45:15.947,110640.0,0.01291,32.43243243243243,BINANCE
2025-09-02 13:45:15.947,110640.0,0.00517,32.43243243243243,BINANCE
2025-09-02 13:45:15.947,110640.0,0.00342,32.43243243243243,BINANCE
2025-09-02 13:45:15.947,110640.07,0.00045,32.426126126125496,BINANCE
2025-09-02 13:45:15.947,110640.07,0.02155,32.426126126125496,BINANCE
2025-09-02 13:45:15.947,110640.53,5e-05,32.384684684684785,BINANCE
2025-09-02 13:45:15.947,110633.17,5e-05,33.047747747747906,BINANCE
2025-09-02 13:45:15.947,110640.0,0.00227,32.43243243243243,BINANCE
2025-09-02 13:45:15.947,110640.4,0.01734,32.39639639639692,BINANCE
2025-09-02 13:45:15.947,110638.3,0.03054,32.58558558558532,BINANCE
2025-09-02 13:45:15.947,110638.3,0.00022,32.58558558558532,BINANCE
2025-09-02 13:45:15.947,110638.46,5e-05,32.5711711711706,BINANCE
2025-09-02 13:45:15.947,110638.6,0.00021,32.55855855855803,BINANCE
2025-09-02 13:45:15.947,110638.62,0.00121,32.556756756757174,BINANCE
2025-09-02 13:45:15.947,110638.85,0.00012,32.53603603603551,BINANCE
2025-09-02 13:45:15.947,110638.91,0.00067,32.53063063063031,BINANCE
2025-09-02 13:45:15.947,110639.0,0.00045,32.52252252252252,BINANCE
2025-09-02 13:45:15.947,110639.39,0.00017,32.487387387387436,BINANCE
2025-09-02 13:45:15.947,110639.54,6e-05,32.47387387387445,BINANCE
2025-09-02 13:45:15.947,110639.91,5e-05,32.440540540540226,BINANCE
2025-09-02 13:45:15.947,110639.96,0.00158,32.43603603603546,BINANCE
2025-09-02 13:45:15.947,110640.0,7e-05,32.43243243243243,BINANCE
2025-09-02 13:45:15.947,110640.0,0.0005,32.43243243243243,BINANCE
2025-09-02 13:45:15.949,110640.76,0.01175,32.36396396396444,BINANCE
2025-09-02 13:45:15.949,110640.75,0.00034,32.36486486486486,BINANCE
2025-09-02 13:45:15.949,110640.53,0.00024,32.384684684684785,BINANCE
2025-09-02 13:45:15.949,110640.67,5e-05,32.37207207207223,BINANCE
2025-09-02 13:45:15.949,110640.69,5e-05,32.37027027027006,BINANCE
2025-09-02 13:45:15.951,110640.76,0.02319,32.36396396396444,BINANCE
2025-09-02 13:45:15.954,110656.0,0.0004,30.990990990990994,BINANCE
2025-09-02 13:45:15.954,110654.65,7e-05,31.112612612613134,BINANCE
2025-09-02 13:45:15.954,110654.72,5e-05,31.1063063063062,BINANCE
2025-09-02 13:45:15.954,110654.87,9e-05,31.092792792793215,BINANCE
2025-09-02 13:45:15.954,110655.0,0.00277,31.08108108108108,BINANCE
2025-09-02 13:45:15.954,110655.17,7e-05,31.06576576576592,BINANCE
2025-09-02 13:45:15.954,110655.48,0.00138,31.037837837838204,BINANCE
2025-09-02 13:45:15.954,110655.59,6e-05,31.02792792792824,BINANCE
2025-09-02 13:45:15.954,110655.6,5e-05,31.027027027026502,BINANCE
2025-09-02 13:45:15.954,110655.62,0.001,31.025225225225647,BINANCE
2025-09-02 13:45:15.954,110656.0,0.00015,30.990990990990994,BINANCE
2025-09-02 13:45:15.954,110656.71,0.00028,30.927027027026448,BINANCE
2025-09-02 13:45:15.954,110656.79,6e-05,30.919819819820397,BINANCE
2025-09-02 13:45:15.954,110656.0,0.002,30.990990990990994,BINANCE
2025-09-02 13:45:15.954,110656.08,9e-05,30.983783783783625,BINANCE
2025-09-02 13:45:15.954,110656.13,0.0001,30.97927927927886,BINANCE
2025-09-02 13:45:15.954,110656.14,0.00033,30.97837837837843,BINANCE
2025-09-02 13:45:15.954,110656.14,5e-05,30.97837837837843,BINANCE
2025-09-02 13:45:15.954,110656.65,5e-05,30.932432432432957,BINANCE
2025-09-02 13:45:15.954,110656.65,0.00105,30.932432432432957,BINANCE
2025-09-02 13:45:15.954,110656.69,8e-05,30.928828828828618,BINANCE
2025-09-02 13:45:15.954,110654.62,5e-05,31.115315315315733,BINANCE
2025-09-02 13:45:15.954,110654.54,0.0045,31.1225225225231,BINANCE
2025-09-02 13:45:15.954,110652.41,0.00022,31.3144144144141,BINANCE
2025-09-02 13:45:15.954,110653.99,0.00019,31.1720720720716,BINANCE
2025-09-02 13:45:15.954,110652.06,9e-05,31.345945945946156,BINANCE
2025-09-02 13:45:15.954,110652.09,0.00012,31.34324324324356,BINANCE
2025-09-02 13:45:15.954,110652.17,9e-05,31.336036036036194,BINANCE
2025-09-02 13:45:15.954,110652.17,8e-05,31.336036036036194,BINANCE
2025-09-02 13:45:15.954,110652.18,0.00287,31.335135135135765,BINANCE
2025-09-02 13:45:15.954,110657.05,7e-05,30.896396396396135,BINANCE
2025-09-02 13:45:15.954,110652.41,0.001,31.3144144144141,BINANCE
2025-09-02 13:45:15.954,110652.47,5e-05,31.309009009008907,BINANCE
2025-09-02 13:45:15.954,110652.55,0.0018,31.30180180180154,BINANCE
2025-09-02 13:45:15.954,110652.65,8e-05,31.292792792793318,BINANCE
2025-09-02 13:45:15.954,110654.47,0.0001,31.128828828828723,BINANCE
2025-09-02 13:45:15.954,110652.86,0.01851,31.27387387387382,BINANCE
2025-09-02 13:45:15.954,110652.94,0.00015,31.266666666666456,BINANCE
2025-09-02 13:45:15.954,110652.94,0.00303,31.266666666666456,BINANCE
2025-09-02 13:45:15.954,110652.94,0.00062,31.266666666666456,BINANCE
2025-09-02 13:45:15.954,110652.94,7e-05,31.266666666666456,BINANCE
2025-09-02 13:45:15.954,110652.94,0.00054,31.266666666666456,BINANCE
2025-09-02 13:45:15.954,110652.94,0.0003,31.266666666666456,BINANCE
2025-09-02 13:45:15.954,110653.0,0.00027,31.26126126126126,BINANCE
2025-09-02 13:45:15.954,110653.27,5e-05,31.23693693693657,BINANCE
2025-09-02 13:45:15.954,110653.29,0.00011,31.23513513513571,BINANCE
2025-09-02 13:45:15.954,110652.91,0.00023,31.269369369369056,BINANCE
2025-09-02 13:45:15.954,110657.14,6e-05,30.888288288288344,BINANCE
2025-09-02 13:45:15.954,110660.15,0.00014,30.61711711711764,BINANCE
2025-09-02 13:45:15.954,110657.75,0.00074,30.833333333333332,BINANCE
2025-09-02 13:45:15.954,110661.95,0.0001,30.45495495495522,BINANCE
2025-09-02 13:45:15.954,110662.0,0.00099,30.45045045045045,BINANCE
2025-09-02 13:45:15.954,110662.19,7e-05,30.433333333333124,BINANCE
2025-09-02 13:45:15.954,110662.23,7e-05,30.429729729730095,BINANCE
2025-09-02 13:45:15.954,110662.25,5e-05,30.427927927927925,BINANCE
2025-09-02 13:45:15.954,110662.32,8e-05,30.421621621620993,BINANCE
2025-09-02 13:45:15.954,110662.38,0.0001,30.416216216215798,BINANCE
2025-09-02 13:45:15.954,110662.5,0.00663,30.405405405405407,BINANCE
2025-09-02 13:45:15.954,110662.5,0.0003,30.405405405405407,BINANCE
2025-09-02 13:45:15.954,110662.63,0.00018,30.393693693693272,BINANCE
2025-09-02 13:45:15.954,110661.76,5e-05,30.472072072072546,BINANCE
2025-09-02 13:45:15.954,110662.76,5e-05,30.381981981982452,BINANCE
2025-09-02 13:45:15.954,110663.0,5e-05,30.36036036036036,BINANCE
2025-09-02 13:45:15.954,110663.14,5e-05,30.3477477477478,BINANCE
2025-09-02 13:45:15.954,110663.38,5e-05,30.326126126125704,BINANCE
2025-09-02 13:45:15.954,110663.6,7e-05,30.306306306305782,BINANCE
2025-09-02 13:45:15.954,110664.0,0.0004,30.27027027027027,BINANCE
2025-09-02 13:45:15.954,110664.0,0.00015,30.27027027027027,BINANCE
2025-09-02 13:45:15.954,110664.0,0.002,30.27027027027027,BINANCE
2025-09-02 13:45:15.954,110664.0,7e-05,30.27027027027027,BINANCE
2025-09-02 13:45:15.954,110664.24,0.27634,30.248648648648178,BINANCE
2025-09-02 13:45:15.954,110662.77,5e-05,30.381081081080715,BINANCE
2025-09-02 13:45:15.954,110661.55,5e-05,30.490990990990728,BINANCE
2025-09-02 13:45:15.954,110661.5,0.00109,30.495495495495494,BINANCE
2025-09-02 13:45:15.954,110661.48,6e-05,30.497297297297663,BINANCE
2025-09-02 13:45:15.954,110658.36,5e-05,30.778378378378324,BINANCE
2025-09-02 13:45:15.954,110658.75,0.00092,30.743243243243242,BINANCE
2025-09-02 13:45:15.954,110659.33,5e-05,30.69099099099083,BINANCE
2025-09-02 13:45:15.954,110659.37,5e-05,30.68738738738781,BINANCE
2025-09-02 13:45:15.954,110659.95,0.00452,30.635135135135396,BINANCE
2025-09-02 13:45:15.954,110659.97,0.0003,30.63333333333323,BINANCE
2025-09-02 13:45:15.954,110659.98,0.0001,30.6324324324328,BINANCE
2025-09-02 13:45:15.954,110660.0,0.0001,30.63063063063063,BINANCE
2025-09-02 13:45:15.954,110660.0,0.00903,30.63063063063063,BINANCE
2025-09-02 13:45:15.954,110660.0,6e-05,30.63063063063063,BINANCE
2025-09-02 13:45:15.954,110660.0,0.0004,30.63063063063063,BINANCE
2025-09-02 13:45:15.954,110660.0,0.00015,30.63063063063063,BINANCE
2025-09-02 13:45:15.954,110660.0,0.002,30.63063063063063,BINANCE
2025-09-02 13:45:15.954,110660.0,0.01807,30.63063063063063,BINANCE
2025-09-02 13:45:15.954,110660.12,9e-05,30.61981981982024,BINANCE
2025-09-02 13:45:15.954,110652.0,0.002,31.35135135135135,BINANCE
2025-09-02 13:45:15.954,110660.45,0.00027,30.590090090090353,BINANCE
2025-09-02 13:45:15.954,110660.67,0.00018,30.570270270270427,BINANCE
2025-09-02 13:45:15.954,110660.89,8e-05,30.5504504504505,BINANCE
2025-09-02 13:45:15.954,110660.98,5e-05,30.54234234234271,BINANCE
2025-09-02 13:45:15.954,110660.98,0.00186,30.54234234234271,BINANCE
2025-09-02 13:45:15.954,110661.0,0.036,30.540540540540544,BINANCE
2025-09-02 13:45:15.954,110657.24,5e-05,30.879279279278805,BINANCE
2025-09-02 13:45:15.954,110652.0,0.0004,31.35135135135135,BINANCE
2025-09-02 13:45:15.954,110652.85,8e-05,31.27477477477425,BINANCE
2025-09-02 13:45:15.954,110644.0,0.002,32.072072072072075,BINANCE
2025-09-02 13:45:15.954,110644.22,0.00438,32.052252252252146,BINANCE
2025-09-02 13:45:15.954,110644.26,0.0001,32.04864864864912,BINANCE
2025-09-02 13:45:15.954,110644.53,6e-05,32.02432432432443,BINANCE
2025-09-02 13:45:15.954,110644.79,5e-05,32.00090090090148,BINANCE
2025-09-02 13:45:15.954,110644.79,0.0003,32.00090090090148,BINANCE
2025-09-02 13:45:15.954,110644.79,6e-05,32.00090090090148,BINANCE
2025-09-02 13:45:15.954,110644.87,0.00054,31.993693693694116,BINANCE
2025-09-02 13:45:15.954,110645.16,8e-05,31.96756756756725,BINANCE
2025-09-02 13:45:15.954,110645.16,0.00117,31.96756756756725,BINANCE
2025-09-02 13:45:15.954,110644.0,0.0004,32.072072072072075,BINANCE
2025-09-02 13:45:15.954,110645.16,0.00109,31.96756756756725,BINANCE
2025-09-02 13:45:15.954,110645.16,0.00122,31.96756756756725,BINANCE
2025-09-02 13:45:15.954,110645.16,5e-05,31.96756756756725,BINANCE
2025-09-02 13:45:15.954,110645.16,0.00055,31.96756756756725,BINANCE
2025-09-02 13:45:15.954,110645.32,0.00178,31.953153153152524,BINANCE
2025-09-02 13:45:15.954,110645.32,5e-05,31.953153153152524,BINANCE
2025-09-02 13:45:15.954,110645.47,5e-05,31.939639639639534,BINANCE
2025-09-02 13:45:15.954,110645.52,5e-05,31.935135135134768,BINANCE
2025-09-02 13:45:15.954,110645.61,0.00011,31.927027027026977,BINANCE
2025-09-02 13:45:15.954,110645.61,5e-05,31.927027027026977,BINANCE
2025-09-02 13:45:15.954,110645.16,0.00115,31.96756756756725,BINANCE
2025-09-02 13:45:15.954,110645.86,0.00274,31.90450450450445,BINANCE
2025-09-02 13:45:15.954,110644.0,0.00015,32.072072072072075,BINANCE
2025-09-02 13:45:15.954,110643.88,5e-05,32.082882882882465,BINANCE
2025-09-02 13:45:15.954,110640.76,0.04521,32.36396396396444,BINANCE
2025-09-02 13:45:15.954,110640.86,0.0001,32.354954954954906,BINANCE
2025-09-02 13:45:15.954,110641.28,0.00011,32.31711711711722,BINANCE
2025-09-02 13:45:15.954,110641.32,8e-05,32.31351351351288,BINANCE
2025-09-02 13:45:15.954,110641.46,0.001,32.300900900900324,BINANCE
2025-09-02 13:45:15.954,110641.55,0.0001,32.29279279279253,BINANCE
2025-09-02 13:45:15.954,110641.86,9e-05,32.26486486486481,BINANCE
2025-09-02 13:45:15.954,110641.91,8e-05,32.260360360360046,BINANCE
2025-09-02 13:45:15.954,110641.97,6e-05,32.25495495495485,BINANCE
2025-09-02 13:45:15.954,110641.97,0.00058,32.25495495495485,BINANCE
2025-09-02 13:45:15.954,110642.12,0.00037,32.241441441441864,BINANCE
2025-09-02 13:45:15.954,110642.38,6e-05,32.218018018017595,BINANCE
2025-09-02 13:45:15.954,110642.56,9e-05,32.20180180180201,BINANCE
2025-09-02 13:45:15.954,110642.64,6e-05,32.19459459459465,BINANCE
2025-09-02 13:45:15.954,110642.85,5e-05,32.17567567567515,BINANCE
2025-09-02 13:45:15.954,110642.98,0.00064,32.163963963964335,BINANCE
2025-09-02 13:45:15.954,110643.04,8e-05,32.158558558559136,BINANCE
2025-09-02 13:45:15.954,110652.0,0.00015,31.35135135135135,BINANCE
2025-09-02 13:45:15.954,110643.63,0.00051,32.10540540540499,BINANCE
2025-09-02 13:45:15.954,110643.77,0.00579,32.09279279279243,BINANCE
2025-09-02 13:45:15.954,110643.81,6e-05,32.0891891891894,BINANCE
2025-09-02 13:45:15.954,110642.38,0.00012,32.218018018017595,BINANCE
2025-09-02 13:45:15.954,110646.05,5e-05,31.887387387387125,BINANCE
2025-09-02 13:45:15.954,110643.6,0.00051,32.10810810810759,BINANCE
2025-09-02 13:45:15.954,110646.25,0.0001,31.86936936936937,BINANCE
2025-09-02 13:45:15.954,110650.0,0.00088,31.53153153153153,BINANCE
2025-09-02 13:45:15.954,110650.0,0.00049,31.53153153153153,BINANCE
2025-09-02 13:45:15.954,110650.0,0.00023,31.53153153153153,BINANCE
2025-09-02 13:45:15.954,110650.0,6e-05,31.53153153153153,BINANCE
2025-09-02 13:45:15.954,110650.0,7e-05,31.53153153153153,BINANCE
2025-09-02 13:45:15.954,110650.0,0.00477,31.53153153153153,BINANCE
2025-09-02 13:45:15.954,110650.0,0.0001,31.53153153153153,BINANCE
2025-09-02 13:45:15.954,110650.66,0.00046,31.472072072071757,BINANCE
2025-09-02 13:45:15.954,110650.73,5e-05,31.465765765766132,BINANCE
2025-09-02 13:45:15.954,110650.79,5e-05,31.460360360360937,BINANCE
2025-09-02 13:45:15.954,110650.0,0.00024,31.53153153153153,BINANCE
2025-09-02 13:45:15.954,110650.79,0.00028,31.460360360360937,BINANCE
2025-09-02 13:45:15.954,110651.05,0.00013,31.436936936936675,BINANCE
2025-09-02 13:45:15.954,110651.41,0.0001,31.404504504504192,BINANCE
2025-09-02 13:45:15.954,110651.44,0.00036,31.401801801801593,BINANCE
2025-09-02 13:45:15.954,110651.61,5e-05,31.386486486486433,BINANCE
2025-09-02 13:45:15.954,110651.72,0.00124,31.376576576576475,BINANCE
2025-09-02 13:45:15.954,110651.72,5e-05,31.376576576576475,BINANCE
2025-09-02 13:45:15.954,110651.77,0.00122,31.372072072071706,BINANCE
2025-09-02 13:45:15.954,110651.96,0.00092,31.35495495495438,BINANCE
2025-09-02 13:45:15.954,110651.97,8e-05,31.35405405405395,BINANCE
2025-09-02 13:45:15.954,110646.1,5e-05,31.88288288288236,BINANCE
2025-09-02 13:45:15.954,110650.94,5e-05,31.446846846846636,BINANCE
2025-09-02 13:45:15.954,110649.77,0.0001,31.552252252251886,BINANCE
2025-09-02 13:45:15.954,110650.0,5e-05,31.53153153153153,BINANCE
2025-09-02 13:45:15.954,110649.23,5e-05,31.600900900901266,BINANCE
2025-09-02 13:45:15.954,110646.65,0.00057,31.833333333333858,BINANCE
2025-09-02 13:45:15.954,110647.01,0.04542,31.80090090090137,BINANCE
2025-09-02 13:45:15.954,110647.05,9e-05,31.797297297297035,BINANCE
2025-09-02 13:45:15.954,110647.05,0.00038,31.797297297297035,BINANCE
2025-09-02 13:45:15.954,110647.05,7e-05,31.797297297297035,BINANCE
2025-09-02 13:45:15.954,110647.12,5e-05,31.79099099099141,BINANCE
2025-09-02 13:45:15.954,110647.52,0.00056,31.754954954954588,BINANCE
2025-09-02 13:45:15.954,110647.78,8e-05,31.731531531531633,BINANCE
2025-09-02 13:45:15.954,110647.82,0.00017,31.727927927927297,BINANCE
2025-09-02 13:45:15.954,110649.53,0.0005,31.57387387387398,BINANCE
2025-09-02 13:45:15.954,110648.0,0.0004,31.71171171171171,BINANCE
2025-09-02 13:45:15.954,110648.0,0.00015,31.71171171171171,BINANCE
2025-09-02 13:45:15.954,110648.0,0.00752,31.71171171171171,BINANCE
2025-09-02 13:45:15.954,110648.0,0.002,31.71171171171171,BINANCE
2025-09-02 13:45:15.954,110649.19,7e-05,31.604504504504295,BINANCE
2025-09-02 13:45:15.954,110648.84,0.00041,31.63603603603635,BINANCE
2025-09-02 13:45:15.954,110648.77,0.00088,31.642342342341976,BINANCE
2025-09-02 13:45:15.954,110648.84,0.00016,31.63603603603635,BINANCE
2025-09-02 13:45:15.954,110648.37,9e-05,31.6783783783788,BINANCE
2025-09-02 13:45:15.954,110648.36,0.0001,31.679279279279225,BINANCE
2025-09-02 13:45:15.954,110648.21,0.00047,31.692792792792215,BINANCE
2025-09-02 13:45:15.954,110648.14,8e-05,31.69909909909915,BINANCE
2025-09-02 13:45:15.954,110648.62,7e-05,31.655855855856277,BINANCE
2025-09-02 13:45:15.960,110664.24,0.03076,30.248648648648178,BINANCE
2025-09-02 13:45:15.965,110664.24,0.00153,30.248648648648178,BINANCE
2025-09-02 13:45:15.967,110663.05,0.04614,30.355855855855594,BINANCE
2025-09-02 13:45:15.976,110658.9,0.00904,30.729729729730252,BINANCE
2025-09-02 13:45:15.979,110646.0,5e-05,31.891891891891895,BINANCE
2025-09-02 13:45:15.981,110646.0,0.02,31.891891891891895,BINANCE
2025-09-02 13:45:15.982,110641.49,0.005,32.298198198197724,BINANCE
2025-09-02 13:45:15.984,110641.49,0.00112,32.298198198197724,BINANCE
2025-09-02 13:45:15.986,110641.49,5e-05,32.298198198197724,BINANCE
2025-09-02 13:45:16.001,110646.0,0.019,31.891891891891895,BINANCE
2025-09-02 13:45:16.004,110646.0,0.00904,31.891891891891895,BINANCE
2025-09-02 13:45:16.005,110641.49,0.00047,32.298198198197724,BINANCE
2025-09-02 13:45:16.009,110641.59,0.00047,32.28918918918951,BINANCE
2025-09-02 13:45:16.052,110645.99,5e-05,31.892792792792324,BINANCE
2025-09-02 13:45:16.053,110645.07,0.00731,31.97567567567505,BINANCE
2025-09-02 13:45:16.067,110645.07,0.00035,31.97567567567505,BINANCE
2025-09-02 13:45:16.142,110645.54,0.00367,31.93333333333391,BINANCE
2025-09-02 13:45:16.146,110645.53,0.00181,31.93423423423434,BINANCE
2025-09-02 13:45:16.154,110645.53,0.0011,31.93423423423434,BINANCE
2025-09-02 13:45:16.169,110645.53,0.02818,31.93423423423434,BINANCE
2025-09-02 13:45:16.184,110645.53,0.00332,31.93423423423434,BINANCE
2025-09-02 13:45:16.196,110645.53,0.02717,31.93423423423434,BINANCE
2025-09-02 13:45:16.197,110645.53,0.0002,31.93423423423434,BINANCE
2025-09-02 13:45:16.274,110645.53,0.00332,31.93423423423434,BINANCE
2025-09-02 13:45:16.279,110645.54,0.05145,31.93333333333391,BINANCE
2025-09-02 13:45:16.282,110645.54,0.06676,31.93333333333391,BINANCE
2025-09-02 13:45:16.282,110645.54,0.13635,31.93333333333391,BINANCE
2025-09-02 13:45:16.287,110645.53,0.00332,31.93423423423434,BINANCE
2025-09-02 13:45:16.291,110645.53,6e-05,31.93423423423434,BINANCE
2025-09-02 13:45:16.301,110645.53,0.0017,31.93423423423434,BINANCE
2025-09-02 13:45:16.304,110645.53,0.00332,31.93423423423434,BINANCE
2025-09-02 13:45:16.311,110645.53,0.00332,31.93423423423434,BINANCE
2025-09-02 13:45:16.328,110645.54,0.001,31.93333333333391,BINANCE
2025-09-02 13:45:16.393,110645.53,0.00154,31.93423423423434,BINANCE
2025-09-02 13:45:16.475,110645.54,5e-05,31.93333333333391,BINANCE
2025-09-02 13:45:16.566,110645.54,0.17606,31.93333333333391,BINANCE
2025-09-02 13:45:16.566,110645.54,0.0298,31.93333333333391,BINANCE
2025-09-02 13:45:16.566,110645.54,5e-05,31.93333333333391,BINANCE
2025-09-02 13:45:16.566,110645.54,0.14742,31.93333333333391,BINANCE
2025-09-02 13:45:16.566,110645.54,0.05931,31.93333333333391,BINANCE
2025-09-02 13:45:16.566,110645.54,0.05476,31.93333333333391,BINANCE
2025-09-02 13:45:16.573,110645.54,0.04634,31.93333333333391,BINANCE
2025-09-02 13:45:16.740,110645.54,0.00112,31.93333333333391,BINANCE
2025-09-02 13:45:16.866,110645.53,0.00025,31.93423423423434,BINANCE
2025-09-02 13:45:16.970,110645.53,0.0097,31.93423423423434,BINANCE
2025-09-02 13:45:17.000,110645.53,0.00281,31.93423423423434,BINANCE
2025-09-02 13:45:17.002,110645.54,0.00289,31.93333333333391,BINANCE
2025-09-02 13:45:17.024,110645.54,0.036,31.93333333333391,BINANCE
2025-09-02 13:45:17.036,110645.53,0.0001,31.93423423423434,BINANCE
2025-09-02 13:45:17.036,110645.53,5e-05,31.93423423423434,BINANCE
2025-09-02 13:45:17.036,110643.8,5e-05,32.09009009008983,BINANCE
2025-09-02 13:45:17.036,110645.53,0.027,31.93423423423434,BINANCE
2025-09-02 13:45:17.036,110645.52,0.0001,31.935135135134768,BINANCE
2025-09-02 13:45:17.036,110645.32,5e-05,31.953153153152524,BINANCE
2025-09-02 13:45:17.036,110645.53,0.00205,31.93423423423434,BINANCE
2025-09-02 13:45:17.036,110645.53,0.05321,31.93423423423434,BINANCE
2025-09-02 13:45:17.036,110645.53,0.02493,31.93423423423434,BINANCE
2025-09-02 13:45:17.036,110645.53,0.00204,31.93423423423434,BINANCE
2025-09-02 13:45:17.036,110645.53,0.05427,31.93423423423434,BINANCE
2025-09-02 13:45:17.036,110645.53,0.04063,31.93423423423434,BINANCE
2025-09-02 13:45:17.036,110645.53,0.00011,31.93423423423434,BINANCE
2025-09-02 13:45:17.036,110645.53,0.00068,31.93423423423434,BINANCE
2025-09-02 13:45:17.036,110645.53,0.04067,31.93423423423434,BINANCE
2025-09-02 13:45:17.036,110645.53,0.05431,31.93423423423434,BINANCE
2025-09-02 13:45:17.036,110645.53,0.04914,31.93423423423434,BINANCE
2025-09-02 13:45:17.036,110645.53,0.05429,31.93423423423434,BINANCE
2025-09-02 13:45:17.038,110643.79,5e-05,32.09099099099157,BINANCE
2025-09-02 13:45:17.038,110643.79,0.03124,32.09099099099157,BINANCE
2025-09-02 13:45:17.041,110640.01,0.00493,32.431531531532,BINANCE
2025-09-02 13:45:17.041,110640.02,5e-05,32.43063063063026,BINANCE
2025-09-02 13:45:17.047,110640.01,0.15897,32.431531531532,BINANCE
2025-09-02 13:45:17.047,110640.01,5e-05,32.431531531532,BINANCE
2025-09-02 13:45:17.047,110640.0,5e-05,32.43243243243243,BINANCE
2025-09-02 13:45:17.047,110639.91,5e-05,32.440540540540226,BINANCE
2025-09-02 13:45:17.051,110638.01,5e-05,32.61171171171218,BINANCE
2025-09-02 13:45:17.051,110636.01,5e-05,32.79189189189236,BINANCE
2025-09-02 13:45:17.051,110638.0,5e-05,32.612612612612615,BINANCE
2025-09-02 13:45:17.051,110636.0,5e-05,32.792792792792795,BINANCE
2025-09-02 13:45:17.051,110636.0,1e-05,32.792792792792795,BINANCE
2025-09-02 13:45:17.053,110634.01,5e-05,32.97207207207254,BINANCE
2025-09-02 13:45:17.053,110634.0,0.0022,32.972972972972975,BINANCE
2025-09-02 13:45:17.053,110634.5,5e-05,32.92792792792793,BINANCE
2025-09-02 13:45:17.053,110636.0,4e-05,32.792792792792795,BINANCE
2025-09-02 13:45:17.054,110634.0,0.00034,32.972972972972975,BINANCE
2025-09-02 13:45:17.054,110634.0,0.00046,32.972972972972975,BINANCE
2025-09-02 13:45:17.055,110634.0,0.00092,32.972972972972975,BINANCE
2025-09-02 13:45:17.055,110634.0,0.00046,32.972972972972975,BINANCE
2025-09-02 13:45:17.055,110634.0,0.00043,32.972972972972975,BINANCE
2025-09-02 13:45:17.057,110634.0,0.03289,32.972972972972975,BINANCE
2025-09-02 13:45:17.071,110634.0,0.0286,32.972972972972975,BINANCE
2025-09-02 13:45:17.071,110634.0,5e-05,32.972972972972975,BINANCE
2025-09-02 13:45:17.071,110634.0,0.0355,32.972972972972975,BINANCE
2025-09-02 13:45:17.098,110634.0,5e-05,32.972972972972975,BINANCE
2025-09-02 13:45:17.098,110634.0,2e-05,32.972972972972975,BINANCE
2025-09-02 13:45:17.098,110634.0,0.001,32.972972972972975,BINANCE
2025-09-02 13:45:17.099,110634.0,5e-05,32.972972972972975,BINANCE
2025-09-02 13:45:17.099,110634.0,0.001,32.972972972972975,BINANCE
2025-09-02 13:45:17.099,110633.04,5e-05,33.05945945946004,BINANCE
2025-09-02 13:45:17.124,110634.0,0.0002,32.972972972972975,BINANCE
2025-09-02 13:45:17.124,110634.0,0.02146,32.972972972972975,BINANCE
2025-09-02 13:45:17.124,110634.0,0.001,32.972972972972975,BINANCE
2025-09-02 13:45:17.124,110634.0,5e-05,32.972972972972975,BINANCE
2025-09-02 13:45:17.129,110634.0,0.00154,32.972972972972975,BINANCE
2025-09-02 13:45:17.139,110634.0,0.0008,32.972972972972975,BINANCE
2025-09-02 13:45:17.144,110634.0,0.00028,32.972972972972975,BINANCE
2025-09-02 13:45:17.151,110634.01,0.00025,32.97207207207254,BINANCE
2025-09-02 13:45:17.155,110632.01,5e-05,33.15225225225272,BINANCE
2025-09-02 13:45:17.155,110632.0,5e-05,33.15315315315315,BINANCE
2025-09-02 13:45:17.155,110629.09,5e-05,33.41531531531563,BINANCE
2025-09-02 13:45:17.155,110628.93,0.003,33.42972972973036,BINANCE
2025-09-02 13:45:17.155,110627.62,5e-05,33.54774774774817,BINANCE
2025-09-02 13:45:17.155,110626.17,0.00099,33.67837837837854,BINANCE
2025-09-02 13:45:17.155,110623.68,5e-05,33.90270270270334,BINANCE
2025-09-02 13:45:17.155,110622.28,5e-05,34.028828828828935,BINANCE
2025-09-02 13:45:17.155,110622.2,5e-05,34.0360360360363,BINANCE
2025-09-02 13:45:17.155,110622.14,0.0001,34.04144144144149,BINANCE
2025-09-02 13:45:17.155,110621.78,0.044,34.07387387387398,BINANCE
2025-09-02 13:45:17.155,110621.77,5e-05,34.074774774774404,BINANCE
2025-09-02 13:45:17.155,110624.79,5e-05,33.80270270270328,BINANCE
2025-09-02 13:45:17.155,110634.0,5e-05,32.972972972972975,BINANCE
2025-09-02 13:45:17.155,110634.0,0.0001,32.972972972972975,BINANCE
2025-09-02 13:45:17.155,110634.0,0.00069,32.972972972972975,BINANCE
2025-09-02 13:45:17.155,110632.02,5e-05,33.15135135135098,BINANCE
2025-09-02 13:45:17.155,110634.0,0.02959,32.972972972972975,BINANCE
2025-09-02 13:45:17.155,110634.0,0.002,32.972972972972975,BINANCE
2025-09-02 13:45:17.155,110634.0,0.1544,32.972972972972975,BINANCE
2025-09-02 13:45:17.155,110633.99,0.0001,32.9738738738734,BINANCE
2025-09-02 13:45:17.192,110620.65,0.00903,34.175675675676196,BINANCE
2025-09-02 13:45:17.243,110620.65,0.12536,34.175675675676196,BINANCE
2025-09-02 13:45:17.243,110620.65,0.10478,34.175675675676196,BINANCE
2025-09-02 13:45:17.244,110620.64,0.01043,34.17657657657663,BINANCE
2025-09-02 13:45:17.244,110620.64,0.02957,34.17657657657663,BINANCE
2025-09-02 13:45:17.249,110620.65,0.018,34.175675675676196,BINANCE
2025-09-02 13:45:17.250,110620.65,0.02,34.175675675676196,BINANCE
2025-09-02 13:45:17.252,110620.64,0.00028,34.17657657657663,BINANCE
2025-09-02 13:45:17.352,110620.65,0.00061,34.175675675676196,BINANCE
2025-09-02 13:45:17.356,110620.65,0.00271,34.175675675676196,BINANCE
2025-09-02 13:45:17.369,110620.64,0.01774,34.17657657657663,BINANCE
2025-09-02 13:45:17.369,110620.64,0.05171,34.17657657657663,BINANCE
2025-09-02 13:45:17.369,110620.64,0.01808,34.17657657657663,BINANCE
2025-09-02 13:45:17.369,110620.64,5e-05,34.17657657657663,BINANCE
2025-09-02 13:45:17.369,110620.64,0.001,34.17657657657663,BINANCE
2025-09-02 13:45:17.369,110620.64,0.0007,34.17657657657663,BINANCE
2025-09-02 13:45:17.370,110615.24,0.19922,34.663063063062594,BINANCE
2025-09-02 13:45:17.370,110616.01,5e-05,34.59369369369416,BINANCE
2025-09-02 13:45:17.370,110616.0,5e-05,34.5945945945946,BINANCE
2025-09-02 13:45:17.370,110615.24,0.00016,34.663063063062594,BINANCE
2025-09-02 13:45:17.370,110615.24,0.00046,34.663063063062594,BINANCE
2025-09-02 13:45:17.370,110616.78,5e-05,34.524324324324425,BINANCE
2025-09-02 13:45:17.370,110614.67,0.01382,34.71441441441457,BINANCE
2025-09-02 13:45:17.370,110614.67,5e-05,34.71441441441457,BINANCE
2025-09-02 13:45:17.370,110612.86,5e-05,34.87747747747743,BINANCE
2025-09-02 13:45:17.370,110612.72,5e-05,34.890090090089984,BINANCE
2025-09-02 13:45:17.370,110612.71,0.02969,34.89099099099041,BINANCE
2025-09-02 13:45:17.370,110615.24,0.12466,34.663063063062594,BINANCE
2025-09-02 13:45:17.370,110618.0,5e-05,34.414414414414416,BINANCE
2025-09-02 13:45:17.370,110618.01,5e-05,34.41351351351398,BINANCE
2025-09-02 13:45:17.370,110620.64,0.18226,34.17657657657663,BINANCE
2025-09-02 13:45:17.370,110620.64,0.28499,34.17657657657663,BINANCE
2025-09-02 13:45:17.370,110620.64,0.01329,34.17657657657663,BINANCE
2025-09-02 13:45:17.370,110620.64,5e-05,34.17657657657663,BINANCE
2025-09-02 13:45:17.370,110620.64,0.08195,34.17657657657663,BINANCE
2025-09-02 13:45:17.370,110620.64,0.05431,34.17657657657663,BINANCE
2025-09-02 13:45:17.370,110620.01,5e-05,34.2333333333338,BINANCE
2025-09-02 13:45:17.370,110620.64,0.00187,34.17657657657663,BINANCE
2025-09-02 13:45:17.370,110620.0,5e-05,34.234234234234236,BINANCE
2025-09-02 13:45:17.370,110618.27,5e-05,34.39009009008972,BINANCE
2025-09-02 13:45:17.371,110612.71,0.00046,34.89099099099041,BINANCE
2025-09-02 13:45:17.372,110611.36,5e-05,35.01261261261256,BINANCE
2025-09-02 13:45:17.372,110612.33,0.003,34.92522522522507,BINANCE
2025-09-02 13:45:17.372,110612.34,5e-05,34.92432432432464,BINANCE
2025-09-02 13:45:17.372,110612.62,0.00022,34.899099099099516,BINANCE
2025-09-02 13:45:17.372,110612.71,5e-05,34.89099099099041,BINANCE
2025-09-02 13:45:17.372,110612.71,0.29481,34.89099099099041,BINANCE
2025-09-02 13:45:17.372,110612.34,0.04541,34.92432432432464,BINANCE
2025-09-02 13:45:17.373,110607.81,0.0792,35.33243243243264,BINANCE
2025-09-02 13:45:17.373,110608.12,5e-05,35.304504504504926,BINANCE
2025-09-02 13:45:17.373,110608.11,5e-05,35.30540540540535,BINANCE
2025-09-02 13:45:17.373,110607.83,5e-05,35.33063063063047,BINANCE
2025-09-02 13:45:17.373,110607.82,5e-05,35.3315315315309,BINANCE
2025-09-02 13:45:17.378,110607.81,0.00092,35.33243243243264,BINANCE
2025-09-02 13:45:17.378,110607.81,0.0004,35.33243243243264,BINANCE
2025-09-02 13:45:17.378,110607.81,5e-05,35.33243243243264,BINANCE
2025-09-02 13:45:17.379,110607.81,0.00158,35.33243243243264,BINANCE
2025-09-02 13:45:17.381,110607.81,0.00552,35.33243243243264,BINANCE
2025-09-02 13:45:17.381,110607.81,0.00076,35.33243243243264,BINANCE
2025-09-02 13:45:17.381,110607.81,0.00138,35.33243243243264,BINANCE
2025-09-02 13:45:17.383,110607.81,0.00359,35.33243243243264,BINANCE
2025-09-02 13:45:17.383,110607.81,0.00093,35.33243243243264,BINANCE
2025-09-02 13:45:17.385,110607.81,0.00199,35.33243243243264,BINANCE
2025-09-02 13:45:17.527,110607.82,0.01,35.3315315315309,BINANCE
2025-09-02 13:45:17.562,110607.82,0.17643,35.3315315315309,BINANCE
2025-09-02 13:45:17.562,110607.82,5e-05,35.3315315315309,BINANCE
2025-09-02 13:45:17.562,110607.82,0.00286,35.3315315315309,BINANCE
2025-09-02 13:45:17.562,110607.82,0.105,35.3315315315309,BINANCE
2025-09-02 13:45:17.562,110607.82,0.03616,35.3315315315309,BINANCE
2025-09-02 13:45:17.562,110607.82,0.11953,35.3315315315309,BINANCE
2025-09-02 13:45:17.563,110609.99,5e-05,35.13603603603556,BINANCE
2025-09-02 13:45:17.563,110607.83,0.0001,35.33063063063047,BINANCE
2025-09-02 13:45:17.563,110607.83,5e-05,35.33063063063047,BINANCE
2025-09-02 13:45:17.563,110607.82,5e-05,35.3315315315309,BINANCE
2025-09-02 13:45:17.563,110607.82,0.07516,35.3315315315309,BINANCE
2025-09-02 13:45:17.563,110607.82,0.024,35.3315315315309,BINANCE
2025-09-02 13:45:17.563,110607.82,0.06113,35.3315315315309,BINANCE
2025-09-02 13:45:17.565,110610.22,5e-05,35.11531531531521,BINANCE
2025-09-02 13:45:17.565,110610.23,5e-05,35.11441441441478,BINANCE
2025-09-02 13:45:17.565,110610.23,0.25966,35.11441441441478,BINANCE
2025-09-02 13:45:17.565,110610.01,0.0001,35.134234234234704,BINANCE
2025-09-02 13:45:17.565,110610.0,0.0001,35.13513513513514,BINANCE
2025-09-02 13:45:17.565,110610.0,5e-05,35.13513513513514,BINANCE
2025-09-02 13:45:17.568,110612.0,5e-05,34.95495495495496,BINANCE
2025-09-02 13:45:17.568,110611.99,5e-05,34.95585585585538,BINANCE
2025-09-02 13:45:17.571,110611.99,0.05683,34.95585585585538,BINANCE
2025-09-02 13:45:17.573,110614.0,5e-05,34.77477477477478,BINANCE
2025-09-02 13:45:17.573,110613.99,5e-05,34.7756756756752,BINANCE
2025-09-02 13:45:17.573,110612.86,5e-05,34.87747747747743,BINANCE
2025-09-02 13:45:17.573,110612.01,5e-05,34.95405405405453,BINANCE
2025-09-02 13:45:17.573,110612.0,5e-05,34.95495495495496,BINANCE
2025-09-02 13:45:17.573,110612.87,5e-05,34.876576576576994,BINANCE
2025-09-02 13:45:17.691,110615.98,0.00128,34.59639639639676,BINANCE
2025-09-02 13:45:17.703,110615.99,0.00669,34.59549549549502,BINANCE
2025-09-02 13:45:17.758,110615.99,0.019,34.59549549549502,BINANCE
2025-09-02 13:45:17.766,110615.99,0.00017,34.59549549549502,BINANCE
2025-09-02 13:45:17.846,110615.98,0.00494,34.59639639639676,BINANCE
2025-09-02 13:45:17.858,110615.98,0.00175,34.59639639639676,BINANCE
2025-09-02 13:45:18.110,110615.99,4e-05,34.59549549549502,BINANCE
2025-09-02 13:45:18.140,110609.99,5e-05,35.13603603603556,BINANCE
2025-09-02 13:45:18.140,110615.98,5e-05,34.59639639639676,BINANCE
2025-09-02 13:45:18.140,110615.97,0.0001,34.597297297297196,BINANCE
2025-09-02 13:45:18.140,110611.36,5e-05,35.01261261261256,BINANCE
2025-09-02 13:45:18.140,110612.86,5e-05,34.87747747747743,BINANCE
2025-09-02 13:45:18.140,110615.98,0.0001,34.59639639639676,BINANCE
2025-09-02 13:45:18.140,110615.98,0.001,34.59639639639676,BINANCE
2025-09-02 13:45:18.140,110615.98,0.00015,34.59639639639676,BINANCE
2025-09-02 13:45:18.140,110615.98,0.05427,34.59639639639676,BINANCE
2025-09-02 13:45:18.140,110615.98,0.05338,34.59639639639676,BINANCE
2025-09-02 13:45:18.178,110609.99,0.00067,35.13603603603556,BINANCE
2025-09-02 13:45:18.199,110609.98,0.00063,35.1369369369373,BINANCE
2025-09-02 13:45:18.495,110609.98,0.00046,35.1369369369373,BINANCE
2025-09-02 13:45:18.497,110609.99,0.00046,35.13603603603556,BINANCE
2025-09-02 13:45:18.499,110613.99,5e-05,34.7756756756752,BINANCE
2025-09-02 13:45:18.499,110612.87,5e-05,34.876576576576994,BINANCE
2025-09-02 13:45:18.499,110612.87,0.0298,34.876576576576994,BINANCE
2025-09-02 13:45:18.499,110612.86,5e-05,34.87747747747743,BINANCE
2025-09-02 13:45:18.499,110610.01,5e-05,35.134234234234704,BINANCE
2025-09-02 13:45:18.499,110610.0,5e-05,35.13513513513514,BINANCE
2025-09-02 13:45:18.499,110609.99,5e-05,35.13603603603556,BINANCE
2025-09-02 13:45:18.499,110609.99,0.011,35.13603603603556,BINANCE
2025-09-02 13:45:18.499,110609.99,0.0001,35.13603603603556,BINANCE
2025-09-02 13:45:18.499,110609.99,0.002,35.13603603603556,BINANCE
2025-09-02 13:45:18.499,110609.99,0.1458,35.13603603603556,BINANCE
2025-09-02 13:45:18.499,110614.0,5e-05,34.77477477477478,BINANCE
2025-09-02 13:45:18.502,110615.97,5e-05,34.597297297297196,BINANCE
2025-09-02 13:45:18.510,110615.97,0.02,34.597297297297196,BINANCE
2025-09-02 13:45:18.511,110615.97,0.019,34.597297297297196,BINANCE
2025-09-02 13:45:18.532,110615.96,0.00212,34.59819819819762,BINANCE
2025-09-02 13:45:18.546,110615.96,0.01142,34.59819819819762,BINANCE
2025-09-02 13:45:18.546,110615.96,0.0012,34.59819819819762,BINANCE
2025-09-02 13:45:18.546,110615.96,0.03736,34.59819819819762,BINANCE
2025-09-02 13:45:18.582,110615.97,0.00046,34.597297297297196,BINANCE
2025-09-02 13:45:18.585,110615.98,5e-05,34.59639639639676,BINANCE
2025-09-02 13:45:18.585,110615.98,0.0001,34.59639639639676,BINANCE
2025-09-02 13:45:18.585,110615.99,5e-05,34.59549549549502,BINANCE
2025-09-02 13:45:18.585,110615.99,0.00038,34.59549549549502,BINANCE
2025-09-02 13:45:18.585,110615.97,5e-05,34.597297297297196,BINANCE
2025-09-02 13:45:18.585,110615.97,0.0001,34.597297297297196,BINANCE
2025-09-02 13:45:18.585,110615.97,0.006,34.597297297297196,BINANCE
2025-09-02 13:45:18.585,110615.97,0.00011,34.597297297297196,BINANCE
2025-09-02 13:45:18.587,110617.99,5e-05,34.41531531531484,BINANCE
2025-09-02 13:45:18.587,110616.0,5e-05,34.5945945945946,BINANCE
2025-09-02 13:45:18.587,110616.01,0.0001,34.59369369369416,BINANCE
2025-09-02 13:45:18.595,110620.0,0.01845,34.234234234234236,BINANCE
2025-09-02 13:45:18.595,110619.99,5e-05,34.23513513513466,BINANCE
2025-09-02 13:45:18.595,110618.27,5e-05,34.39009009008972,BINANCE
2025-09-02 13:45:18.595,110618.01,5e-05,34.41351351351398,BINANCE
2025-09-02 13:45:18.595,110618.01,0.0001,34.41351351351398,BINANCE
2025-09-02 13:45:18.595,110618.0,5e-05,34.414414414414416,BINANCE
2025-09-02 13:45:18.595,110618.0,0.0001,34.414414414414416,BINANCE
2025-09-02 13:45:18.597,110620.0,0.019,34.234234234234236,BINANCE
2025-09-02 13:45:18.647,110621.99,5e-05,34.05495495495448,BINANCE
2025-09-02 13:45:18.647,110620.01,5e-05,34.2333333333338,BINANCE
2025-09-02 13:45:18.647,110620.01,0.0001,34.2333333333338,BINANCE
2025-09-02 13:45:18.647,110620.0,0.00024,34.234234234234236,BINANCE
2025-09-02 13:45:18.647,110620.0,5e-05,34.234234234234236,BINANCE
2025-09-02 13:45:18.647,110620.0,0.0001,34.234234234234236,BINANCE
2025-09-02 13:45:18.656,110627.84,0.00901,33.527927927928246,BINANCE
2025-09-02 13:45:18.656,110622.01,5e-05,34.05315315315363,BINANCE
2025-09-02 13:45:18.656,110627.84,5e-05,33.527927927928246,BINANCE
2025-09-02 13:45:18.656,110623.68,5e-05,33.90270270270334,BINANCE
2025-09-02 13:45:18.656,110622.0,5e-05,34.05405405405405,BINANCE
2025-09-02 13:45:18.656,110622.0,0.0001,34.05405405405405,BINANCE
2025-09-02 13:45:18.659,110627.84,0.00054,33.527927927928246,BINANCE
2025-09-02 13:45:18.659,110627.84,0.03253,33.527927927928246,BINANCE
2025-09-02 13:45:18.764,110627.85,5e-05,33.527027027026506,BINANCE
2025-09-02 13:45:18.764,110627.85,0.05426,33.527027027026506,BINANCE
2025-09-02 13:45:18.764,110627.85,0.15565,33.527027027026506,BINANCE
2025-09-02 13:45:18.764,110627.85,0.0012,33.527027027026506,BINANCE
2025-09-02 13:45:18.764,110627.85,0.0298,33.527027027026506,BINANCE
2025-09-02 13:45:18.764,110627.85,0.01,33.527027027026506,BINANCE
2025-09-02 13:45:18.764,110627.85,0.06016,33.527027027026506,BINANCE
2025-09-02 13:45:18.764,110627.85,0.05482,33.527027027026506,BINANCE
2025-09-02 13:45:18.764,110627.85,0.0001,33.527027027026506,BINANCE
2025-09-02 13:45:18.764,110627.85,0.0007,33.527027027026506,BINANCE
2025-09-02 13:45:18.764,110627.85,0.1544,33.527027027026506,BINANCE
2025-09-02 13:45:18.927,110627.84,0.00574,33.527927927928246,BINANCE
2025-09-02 13:45:19.007,110627.84,0.03291,33.527927927928246,BINANCE
2025-09-02 13:45:19.286,110627.84,0.00013,33.527927927928246,BINANCE
2025-09-02 13:45:19.338,110627.84,0.0012,33.527927927928246,BINANCE
2025-09-02 13:45:19.366,110627.84,0.00017,33.527927927928246,BINANCE
2025-09-02 13:45:19.591,110627.85,0.00271,33.527027027026506,BINANCE
2025-09-02 13:45:19.740,110627.85,0.00273,33.527027027026506,BINANCE
2025-09-02 13:45:19.743,110627.85,0.00128,33.527027027026506,BINANCE
2025-09-02 13:45:19.743,110627.85,0.03015,33.527027027026506,BINANCE
2025-09-02 13:45:19.743,110627.85,5e-05,33.527027027026506,BINANCE
2025-09-02 13:45:19.743,110627.85,0.03347,33.527027027026506,BINANCE
2025-09-02 13:45:19.744,110627.85,0.01172,33.527027027026506,BINANCE
2025-09-02 13:45:19.744,110627.85,0.038,33.527027027026506,BINANCE
2025-09-02 13:45:19.763,110627.85,7e-05,33.527027027026506,BINANCE
2025-09-02 13:45:19.862,110627.85,0.20194,33.527027027026506,BINANCE
2025-09-02 13:45:19.873,110627.85,0.036,33.527027027026506,BINANCE
2025-09-02 13:45:19.914,110627.85,0.05063,33.527027027026506,BINANCE
2025-09-02 13:45:19.945,110627.84,0.00795,33.527927927928246,BINANCE
2025-09-02 13:45:20.114,110627.84,0.00046,33.527927927928246,BINANCE
2025-09-02 13:45:20.204,110627.84,0.00046,33.527927927928246,BINANCE
2025-09-02 13:45:20.315,110627.84,5e-05,33.527927927928246,BINANCE
2025-09-02 13:45:20.315,110627.84,0.0001,33.527927927928246,BINANCE
2025-09-02 13:45:20.315,110624.01,5e-05,33.87297297297344,BINANCE
2025-09-02 13:45:20.315,110627.83,0.0001,33.52882882882867,BINANCE
2025-09-02 13:45:20.315,110627.83,5e-05,33.52882882882867,BINANCE
2025-09-02 13:45:20.315,110624.83,5e-05,33.799099099098946,BINANCE
2025-09-02 13:45:20.315,110627.84,0.08226,33.527927927928246,BINANCE
2025-09-02 13:45:20.315,110627.84,0.05427,33.527927927928246,BINANCE
2025-09-02 13:45:20.315,110627.84,0.05431,33.527927927928246,BINANCE
2025-09-02 13:45:20.315,110627.84,0.05421,33.527927927928246,BINANCE
2025-09-02 13:45:20.315,110627.84,0.05426,33.527927927928246,BINANCE
2025-09-02 13:45:20.315,110627.84,0.05423,33.527927927928246,BINANCE
2025-09-02 13:45:20.317,110622.01,5e-05,34.05315315315363,BINANCE
2025-09-02 13:45:20.317,110624.0,0.0001,33.873873873873876,BINANCE
2025-09-02 13:45:20.317,110622.3,5e-05,34.02702702702676,BINANCE
2025-09-02 13:45:20.317,110623.68,5e-05,33.90270270270334,BINANCE
2025-09-02 13:45:20.317,110622.2,5e-05,34.0360360360363,BINANCE
2025-09-02 13:45:20.368,110621.99,5e-05,34.05495495495448,BINANCE
2025-09-02 13:45:20.368,110622.0,0.0001,34.05405405405405,BINANCE
2025-09-02 13:45:20.368,110622.0,5e-05,34.05405405405405,BINANCE
2025-09-02 13:45:20.368,110622.0,1e-05,34.05405405405405,BINANCE
2025-09-02 13:45:20.370,110620.01,5e-05,34.2333333333338,BINANCE
2025-09-02 13:45:20.370,110621.98,5e-05,34.05585585585622,BINANCE
2025-09-02 13:45:20.372,110620.0,5e-05,34.234234234234236,BINANCE
2025-09-02 13:45:20.372,110620.0,0.0001,34.234234234234236,BINANCE
2025-09-02 13:45:20.372,110619.99,0.0001,34.23513513513466,BINANCE
2025-09-02 13:45:20.372,110618.27,5e-05,34.39009009008972,BINANCE
2025-09-02 13:45:20.372,110618.01,5e-05,34.41351351351398,BINANCE
2025-09-02 13:45:20.374,110617.84,5e-05,34.42882882882914,BINANCE
2025-09-02 13:45:20.374,110618.0,0.0001,34.414414414414416,BINANCE
2025-09-02 13:45:20.374,110618.0,5e-05,34.414414414414416,BINANCE
2025-09-02 13:45:20.374,110617.99,0.0001,34.41531531531484,BINANCE
2025-09-02 13:45:20.389,110616.78,2e-05,34.524324324324425,BINANCE
2025-09-02 13:45:20.389,110616.78,3e-05,34.524324324324425,BINANCE
2025-09-02 13:45:20.389,110616.01,5e-05,34.59369369369416,BINANCE
2025-09-02 13:45:20.389,110616.0,5e-05,34.5945945945946,BINANCE
2025-09-02 13:45:20.389,110614.02,0.0001,34.7729729729726,BINANCE
2025-09-02 13:45:20.389,110614.02,5e-05,34.7729729729726,BINANCE
2025-09-02 13:45:20.389,110612.0,4e-05,34.95495495495496,BINANCE
2025-09-02 13:45:20.389,110614.01,5e-05,34.773873873874344,BINANCE
2025-09-02 13:45:20.389,110614.0,5e-05,34.77477477477478,BINANCE
2025-09-02 13:45:20.389,110612.86,5e-05,34.87747747747743,BINANCE
2025-09-02 13:45:20.389,110612.01,5e-05,34.95405405405453,BINANCE
2025-09-02 13:45:20.389,110617.71,5e-05,34.44054054053996,BINANCE
2025-09-02 13:45:20.389,110617.82,5e-05,34.430630630630006,BINANCE
2025-09-02 13:45:20.389,110617.72,5e-05,34.43963963963953,BINANCE
2025-09-02 13:45:20.389,110617.83,5e-05,34.42972972972957,BINANCE
2025-09-02 13:45:20.389,110617.82,2e-05,34.430630630630006,BINANCE
2025-09-02 13:45:20.389,110617.82,3e-05,34.430630630630006,BINANCE
2025-09-02 13:45:20.408,110611.99,5e-05,34.95585585585538,BINANCE
2025-09-02 13:45:20.408,110611.24,5e-05,35.02342342342295,BINANCE
2025-09-02 13:45:20.408,110611.36,5e-05,35.01261261261256,BINANCE
2025-09-02 13:45:20.408,110611.24,0.00125,35.02342342342295,BINANCE
2025-09-02 13:45:20.408,110612.0,0.001,34.95495495495496,BINANCE
2025-09-02 13:45:20.408,110612.0,5e-05,34.95495495495496,BINANCE
2025-09-02 13:45:20.408,110611.24,0.00175,35.02342342342295,BINANCE
2025-09-02 13:45:20.415,110611.23,5e-05,35.02432432432469,BINANCE
2025-09-02 13:45:20.415,110610.01,0.0073,35.134234234234704,BINANCE
2025-09-02 13:45:20.415,110611.24,5e-05,35.02342342342295,BINANCE
2025-09-02 13:45:20.420,110611.22,5e-05,35.02522522522512,BINANCE
2025-09-02 13:45:20.420,110611.23,5e-05,35.02432432432469,BINANCE
2025-09-02 13:45:20.420,110611.22,0.0001,35.02522522522512,BINANCE
2025-09-02 13:45:20.420,110610.02,5e-05,35.13333333333297,BINANCE
2025-09-02 13:45:20.420,110611.23,0.0006,35.02432432432469,BINANCE
2025-09-02 13:45:20.420,110611.23,0.0001,35.02432432432469,BINANCE
2025-09-02 13:45:20.420,110611.23,0.04971,35.02432432432469,BINANCE
2025-09-02 13:45:20.420,110611.23,0.05862,35.02432432432469,BINANCE
2025-09-02 13:45:20.426,110610.01,5e-05,35.134234234234704,BINANCE
2025-09-02 13:45:20.426,110610.01,0.0001,35.134234234234704,BINANCE
2025-09-02 13:45:20.426,110610.0,5e-05,35.13513513513514,BINANCE
2025-09-02 13:45:20.426,110610.0,0.001,35.13513513513514,BINANCE
2025-09-02 13:45:20.502,110609.99,0.01,35.13603603603556,BINANCE
2025-09-02 13:45:20.502,110609.99,5e-05,35.13603603603556,BINANCE
2025-09-02 13:45:20.502,110609.99,0.0154,35.13603603603556,BINANCE
2025-09-02 13:45:20.502,110609.99,0.0001,35.13603603603556,BINANCE
2025-09-02 13:45:20.525,110609.99,0.02887,35.13603603603556,BINANCE
2025-09-02 13:45:20.525,110609.99,0.01415,35.13603603603556,BINANCE
2025-09-02 13:45:20.538,110609.99,5e-05,35.13603603603556,BINANCE
2025-09-02 13:45:20.538,110609.99,0.05427,35.13603603603556,BINANCE
2025-09-02 13:45:20.538,110609.99,0.05421,35.13603603603556,BINANCE
2025-09-02 13:45:20.538,110609.98,5e-05,35.1369369369373,BINANCE
2025-09-02 13:45:20.538,110606.01,5e-05,35.494594594595064,BINANCE
2025-09-02 13:45:20.538,110609.98,0.0001,35.1369369369373,BINANCE
2025-09-02 13:45:20.538,110608.33,5e-05,35.28558558558543,BINANCE
2025-09-02 13:45:20.538,110607.45,5e-05,35.364864864865126,BINANCE
2025-09-02 13:45:20.538,110609.99,0.05292,35.13603603603556,BINANCE
2025-09-02 13:45:20.538,110609.99,0.0001,35.13603603603556,BINANCE
2025-09-02 13:45:20.538,110609.99,0.01348,35.13603603603556,BINANCE
2025-09-02 13:45:20.538,110609.99,0.001,35.13603603603556,BINANCE
2025-09-02 13:45:20.538,110609.99,0.05137,35.13603603603556,BINANCE
2025-09-02 13:45:20.543,110605.73,5e-05,35.519819819820185,BINANCE
2025-09-02 13:45:20.543,110605.94,5e-05,35.50090090090069,BINANCE
2025-09-02 13:45:20.543,110605.99,5e-05,35.49639639639592,BINANCE
2025-09-02 13:45:20.543,110606.0,5e-05,35.4954954954955,BINANCE
2025-09-02 13:45:20.543,110606.0,0.0001,35.4954954954955,BINANCE
2025-09-02 13:45:20.713,110605.72,6e-05,35.52072072072062,BINANCE
2025-09-02 13:45:20.879,110605.72,0.00059,35.52072072072062,BINANCE
2025-09-02 13:45:20.915,110605.72,0.00013,35.52072072072062,BINANCE
2025-09-02 13:45:20.991,110605.72,0.00018,35.52072072072062,BINANCE
2025-09-02 13:45:21.096,110605.73,0.001,35.519819819820185,BINANCE
2025-09-02 13:45:21.259,110605.72,5e-05,35.52072072072062,BINANCE
2025-09-02 13:45:21.259,110605.72,9e-05,35.52072072072062,BINANCE
2025-09-02 13:45:21.317,110605.72,0.00036,35.52072072072062,BINANCE
2025-09-02 13:45:21.449,110605.72,0.00161,35.52072072072062,BINANCE
2025-09-02 13:45:21.457,110605.72,0.001,35.52072072072062,BINANCE
2025-09-02 13:45:21.462,110605.72,5e-05,35.52072072072062,BINANCE
2025-09-02 13:45:21.462,110605.72,0.0001,35.52072072072062,BINANCE
2025-09-02 13:45:21.462,110605.72,0.05422,35.52072072072062,BINANCE
2025-09-02 13:45:21.462,110605.71,5e-05,35.521621621621044,BINANCE
2025-09-02 13:45:21.462,110605.71,0.0001,35.521621621621044,BINANCE
2025-09-02 13:45:21.462,110602.06,5e-05,35.85045045045066,BINANCE
2025-09-02 13:45:21.462,110605.72,0.05113,35.52072072072062,BINANCE
2025-09-02 13:45:21.462,110605.72,0.04424,35.52072072072062,BINANCE
2025-09-02 13:45:21.463,110602.0,5e-05,35.85585585585586,BINANCE
2025-09-02 13:45:21.463,110600.36,0.00018,36.00360360360355,BINANCE
2025-09-02 13:45:21.463,110600.52,5e-05,35.98918918918882,BINANCE
2025-09-02 13:45:21.463,110601.79,0.00018,35.874774774775354,BINANCE
2025-09-02 13:45:21.463,110602.01,5e-05,35.854954954955424,BINANCE
2025-09-02 13:45:21.463,110602.04,5e-05,35.85225225225283,BINANCE
2025-09-02 13:45:21.463,110602.05,5e-05,35.85135135135109,BINANCE
2025-09-02 13:45:21.488,110600.17,5e-05,36.02072072072088,BINANCE
2025-09-02 13:45:21.488,110600.07,0.0001,36.0297297297291,BINANCE
2025-09-02 13:45:21.488,110600.01,5e-05,36.035135135135604,BINANCE
2025-09-02 13:45:21.488,110600.0,5e-05,36.03603603603604,BINANCE
2025-09-02 13:45:21.488,110599.89,0.00018,36.045945945945995,BINANCE
2025-09-02 13:45:21.488,110600.17,0.0001,36.02072072072088,BINANCE
2025-09-02 13:45:21.488,110600.18,0.0001,36.01981981982045,BINANCE
2025-09-02 13:45:21.488,110600.18,5e-05,36.01981981982045,BINANCE
2025-09-02 13:45:21.490,110597.99,7e-05,36.21711711711664,BINANCE
2025-09-02 13:45:21.490,110597.79,0.0006,36.235135135135714,BINANCE
2025-09-02 13:45:21.504,110597.98,5e-05,36.218018018018384,BINANCE
2025-09-02 13:45:21.504,110595.73,0.00046,36.420720720721086,BINANCE
2025-09-02 13:45:21.504,110597.98,3e-05,36.218018018018384,BINANCE
2025-09-02 13:45:21.504,110597.98,2e-05,36.218018018018384,BINANCE
2025-09-02 13:45:21.504,110596.63,5e-05,36.33963963963922,BINANCE
2025-09-02 13:45:21.504,110597.79,0.00049,36.235135135135714,BINANCE
2025-09-02 13:45:21.504,110597.79,0.00072,36.235135135135714,BINANCE
2025-09-02 13:45:21.504,110596.97,0.0001,36.3090090090089,BINANCE
2025-09-02 13:45:21.504,110597.99,5e-05,36.21711711711664,BINANCE
2025-09-02 13:45:21.539,110597.99,0.0001,36.21711711711664,BINANCE
2025-09-02 13:45:21.539,110597.99,0.01,36.21711711711664,BINANCE
2025-09-02 13:45:21.539,110597.99,0.00918,36.21711711711664,BINANCE
2025-09-02 13:45:21.539,110597.99,5e-05,36.21711711711664,BINANCE
2025-09-02 13:45:21.551,110597.99,0.00046,36.21711711711664,BINANCE
2025-09-02 13:45:21.570,110597.98,0.0001,36.218018018018384,BINANCE
2025-09-02 13:45:21.570,110597.98,5e-05,36.218018018018384,BINANCE
2025-09-02 13:45:21.570,110597.97,5e-05,36.21891891891882,BINANCE
2025-09-02 13:45:21.570,110597.33,5e-05,36.27657657657642,BINANCE
2025-09-02 13:45:21.570,110594.65,9e-05,36.518018018018545,BINANCE
2025-09-02 13:45:21.570,110595.73,0.00254,36.420720720721086,BINANCE
2025-09-02 13:45:21.570,110595.1,5e-05,36.47747747747695,BINANCE
2025-09-02 13:45:21.570,110593.58,0.00018,36.614414414414256,BINANCE
2025-09-02 13:45:21.570,110594.49,0.00018,36.53243243243196,BINANCE
2025-09-02 13:45:21.570,110593.99,0.0001,36.577477477477004,BINANCE
2025-09-02 13:45:21.570,110596.63,5e-05,36.33963963963922,BINANCE
2025-09-02 13:45:21.570,110597.99,5e-05,36.21711711711664,BINANCE
2025-09-02 13:45:21.570,110597.99,0.05421,36.21711711711664,BINANCE
2025-09-02 13:45:21.570,110597.99,0.00753,36.21711711711664,BINANCE
2025-09-02 13:45:21.570,110597.99,0.0001,36.21711711711664,BINANCE
2025-09-02 13:45:21.570,110597.99,0.02763,36.21711711711664,BINANCE
2025-09-02 13:45:21.572,110592.95,5e-05,36.67117117117143,BINANCE
2025-09-02 13:45:21.637,110592.96,0.0002,36.6702702702697,BINANCE
2025-09-02 13:45:21.672,110592.95,5e-05,36.67117117117143,BINANCE
2025-09-02 13:45:21.672,110592.95,0.00177,36.67117117117143,BINANCE
2025-09-02 13:45:21.866,110592.95,0.07284,36.67117117117143,BINANCE
2025-09-02 13:45:21.962,110592.96,0.024,36.6702702702697,BINANCE
2025-09-02 13:45:21.962,110592.96,5e-05,36.6702702702697,BINANCE
2025-09-02 13:45:21.962,110592.96,0.04521,36.6702702702697,BINANCE
2025-09-02 13:45:21.962,110592.96,0.01,36.6702702702697,BINANCE
2025-09-02 13:45:21.973,110593.98,0.0001,36.578378378378744,BINANCE
2025-09-02 13:45:21.973,110593.98,5e-05,36.578378378378744,BINANCE
2025-09-02 13:45:21.977,110596.0,5e-05,36.3963963963964,BINANCE
2025-09-02 13:45:21.977,110597.99,1e-05,36.21711711711664,BINANCE
2025-09-02 13:45:21.977,110597.99,5e-05,36.21711711711664,BINANCE
2025-09-02 13:45:21.977,110597.98,5e-05,36.218018018018384,BINANCE
2025-09-02 13:45:21.977,110596.63,5e-05,36.33963963963922,BINANCE
2025-09-02 13:45:21.977,110593.99,5e-05,36.577477477477004,BINANCE
2025-09-02 13:45:21.977,110595.99,5e-05,36.397297297296824,BINANCE
2025-09-02 13:45:21.977,110594.0,5e-05,36.57657657657658,BINANCE
2025-09-02 13:45:21.980,110597.98,0.0284,36.218018018018384,BINANCE
2025-09-02 13:45:21.990,110597.99,4e-05,36.21711711711664,BINANCE
2025-09-02 13:45:21.990,110597.99,5e-05,36.21711711711664,BINANCE
2025-09-02 13:45:21.990,110597.99,0.02191,36.21711711711664,BINANCE
2025-09-02 13:45:22.066,110597.99,0.00027,36.21711711711664,BINANCE
2025-09-02 13:45:22.122,110597.99,0.00043,36.21711711711664,BINANCE
2025-09-02 13:45:22.122,110597.99,2e-05,36.21711711711664,BINANCE
2025-09-02 13:45:22.133,110597.99,0.00045,36.21711711711664,BINANCE
2025-09-02 13:45:22.160,110597.98,7e-05,36.218018018018384,BINANCE
2025-09-02 13:45:22.163,110597.98,0.00011,36.218018018018384,BINANCE
2025-09-02 13:45:22.168,110597.98,0.00013,36.218018018018384,BINANCE
2025-09-02 13:45:22.227,110597.98,0.0018,36.218018018018384,BINANCE
2025-09-02 13:45:22.258,110597.98,0.00011,36.218018018018384,BINANCE
2025-09-02 13:45:22.268,110597.98,0.00013,36.218018018018384,BINANCE
2025-09-02 13:45:22.271,110597.98,0.00182,36.218018018018384,BINANCE
2025-09-02 13:45:22.274,110597.98,7e-05,36.218018018018384,BINANCE
2025-09-02 13:45:22.275,110597.98,0.00011,36.218018018018384,BINANCE
2025-09-02 13:45:22.277,110597.98,0.00013,36.218018018018384,BINANCE
2025-09-02 13:45:22.279,110597.98,9e-05,36.218018018018384,BINANCE
2025-09-02 13:45:22.285,110597.98,0.00027,36.218018018018384,BINANCE
2025-09-02 13:45:22.337,110597.99,0.01,36.21711711711664,BINANCE
2025-09-02 13:45:22.337,110597.99,0.00363,36.21711711711664,BINANCE
2025-09-02 13:45:22.337,110597.99,5e-05,36.21711711711664,BINANCE
2025-09-02 13:45:22.337,110597.99,0.0001,36.21711711711664,BINANCE
2025-09-02 13:45:22.337,110597.99,0.03182,36.21711711711664,BINANCE
2025-09-02 13:45:22.357,110597.98,7e-05,36.218018018018384,BINANCE
2025-09-02 13:45:22.361,110597.98,0.00135,36.218018018018384,BINANCE
2025-09-02 13:45:22.458,110597.98,0.00731,36.218018018018384,BINANCE
2025-09-02 13:45:22.484,110597.99,0.03077,36.21711711711664,BINANCE
2025-09-02 13:45:22.511,110597.98,0.00225,36.218018018018384,BINANCE
2025-09-02 13:45:22.600,110597.99,0.00057,36.21711711711664,BINANCE
2025-09-02 13:45:22.716,110597.99,0.00014,36.21711711711664,BINANCE
2025-09-02 13:45:22.771,110597.99,0.036,36.21711711711664,BINANCE
2025-09-02 13:45:22.828,110597.98,5e-05,36.218018018018384,BINANCE
2025-09-02 13:45:22.828,110597.98,0.0003,36.218018018018384,BINANCE
2025-09-02 13:45:23.009,110597.98,6e-05,36.218018018018384,BINANCE
2025-09-02 13:45:23.009,110597.98,1e-05,36.218018018018384,BINANCE
2025-09-02 13:45:23.059,110597.98,0.0001,36.218018018018384,BINANCE
2025-09-02 13:45:23.059,110597.98,5e-05,36.218018018018384,BINANCE
2025-09-02 13:45:23.059,110597.97,5e-05,36.21891891891882,BINANCE
2025-09-02 13:45:23.059,110596.28,5e-05,36.37117117117128,BINANCE
2025-09-02 13:45:23.059,110597.97,0.0001,36.21891891891882,BINANCE
2025-09-02 13:45:23.059,110596.63,5e-05,36.33963963963922,BINANCE
2025-09-02 13:45:23.059,110597.98,4e-05,36.218018018018384,BINANCE
2025-09-02 13:45:23.061,110596.27,0.0001,36.37207207207171,BINANCE
2025-09-02 13:45:23.061,110596.01,5e-05,36.395495495495965,BINANCE
2025-09-02 13:45:23.061,110596.23,5e-05,36.37567567567604,BINANCE
2025-09-02 13:45:23.061,110596.26,5e-05,36.37297297297344,BINANCE
2025-09-02 13:45:23.061,110596.27,5e-05,36.37207207207171,BINANCE
2025-09-02 13:45:23.067,110595.99,5e-05,36.397297297296824,BINANCE
2025-09-02 13:45:23.067,110594.01,5e-05,36.57567567567615,BINANCE
2025-09-02 13:45:23.067,110595.99,0.0001,36.397297297296824,BINANCE
2025-09-02 13:45:23.067,110595.1,5e-05,36.47747747747695,BINANCE
2025-09-02 13:45:23.067,110596.0,0.0001,36.3963963963964,BINANCE
2025-09-02 13:45:23.067,110596.0,5e-05,36.3963963963964,BINANCE
2025-09-02 13:45:23.071,110592.01,5e-05,36.755855855856325,BINANCE
2025-09-02 13:45:23.071,110592.95,5e-05,36.67117117117143,BINANCE
2025-09-02 13:45:23.071,110592.95,0.00543,36.67117117117143,BINANCE
2025-09-02 13:45:23.071,110592.95,0.00014,36.67117117117143,BINANCE
2025-09-02 13:45:23.071,110593.99,0.0001,36.577477477477004,BINANCE
2025-09-02 13:45:23.071,110594.0,5e-05,36.57657657657658,BINANCE
2025-09-02 13:45:23.071,110594.0,0.0001,36.57657657657658,BINANCE
2025-09-02 13:45:23.071,110593.99,5e-05,36.577477477477004,BINANCE
2025-09-02 13:45:23.074,110592.0,5e-05,36.75675675675676,BINANCE
2025-09-02 13:45:23.077,110591.99,5e-05,36.757657657657184,BINANCE
2025-09-02 13:45:23.077,110590.01,5e-05,36.936036036036505,BINANCE
2025-09-02 13:45:23.077,110591.22,5e-05,36.82702702702692,BINANCE
2025-09-02 13:45:23.077,110591.99,0.0001,36.757657657657184,BINANCE
2025-09-02 13:45:23.077,110592.0,0.0001,36.75675675675676,BINANCE
2025-09-02 13:45:23.077,110592.0,5e-05,36.75675675675676,BINANCE
2025-09-02 13:45:23.103,110590.0,1e-05,36.93693693693694,BINANCE
2025-09-02 13:45:23.103,110590.0,0.00069,36.93693693693694,BINANCE
2025-09-02 13:45:23.103,110590.0,0.001,36.93693693693694,BINANCE
2025-09-02 13:45:23.103,110589.99,5e-05,36.937837837837364,BINANCE
2025-09-02 13:45:23.103,110590.0,5e-05,36.93693693693694,BINANCE
2025-09-02 13:45:23.103,110589.68,5e-05,36.96576576576639,BINANCE
2025-09-02 13:45:23.103,110589.12,1e-05,37.016216216216634,BINANCE
2025-09-02 13:45:23.198,110589.12,5e-05,37.016216216216634,BINANCE
2025-09-02 13:45:23.198,110589.12,0.0001,37.016216216216634,BINANCE
2025-09-02 13:45:23.198,110589.12,0.0012,37.016216216216634,BINANCE
2025-09-02 13:45:23.198,110589.12,0.03721,37.016216216216634,BINANCE
2025-09-02 13:45:23.198,110589.12,0.01,37.016216216216634,BINANCE
2025-09-02 13:45:23.198,110589.12,0.0007,37.016216216216634,BINANCE
2025-09-02 13:45:23.198,110589.12,4e-05,37.016216216216634,BINANCE
2025-09-02 13:45:23.202,110587.13,5e-05,37.195495495495074,BINANCE
2025-09-02 13:45:23.202,110589.11,5e-05,37.01711711711707,BINANCE
2025-09-02 13:45:23.202,110589.12,5e-05,37.016216216216634,BINANCE
2025-09-02 13:45:23.202,110589.12,0.0001,37.016216216216634,BINANCE
2025-09-02 13:45:23.241,110587.13,0.00096,37.195495495495074,BINANCE
2025-09-02 13:45:23.470,110587.13,0.00928,37.195495495495074,BINANCE
2025-09-02 13:45:23.470,110587.13,0.00879,37.195495495495074,BINANCE
2025-09-02 13:45:23.479,110587.13,0.01386,37.195495495495074,BINANCE
2025-09-02 13:45:23.479,110587.13,0.00422,37.195495495495074,BINANCE
2025-09-02 13:45:23.615,110587.13,0.00025,37.195495495495074,BINANCE
2025-09-02 13:45:23.829,110587.12,0.00021,37.19639639639682,BINANCE
2025-09-02 13:45:23.859,110587.13,4e-05,37.195495495495074,BINANCE
2025-09-02 13:45:23.956,110587.12,9e-05,37.19639639639682,BINANCE
2025-09-02 13:45:23.967,110587.13,9e-05,37.195495495495074,BINANCE
2025-09-02 13:45:24.128,110587.12,0.00018,37.19639639639682,BINANCE
2025-09-02 13:45:24.171,110587.12,0.06217,37.19639639639682,BINANCE
2025-09-02 13:45:24.171,110585.81,5e-05,37.31441441441462,BINANCE
2025-09-02 13:45:24.171,110587.11,5e-05,37.19729729729724,BINANCE
2025-09-02 13:45:24.171,110587.12,5e-05,37.19639639639682,BINANCE
2025-09-02 13:45:24.171,110587.12,0.00011,37.19639639639682,BINANCE
2025-09-02 13:45:24.171,110587.12,0.05422,37.19639639639682,BINANCE
2025-09-02 13:45:24.173,110584.13,5e-05,37.46576576576535,BINANCE
2025-09-02 13:45:24.173,110584.24,5e-05,37.45585585585538,BINANCE
2025-09-02 13:45:24.173,110584.24,0.01808,37.45585585585538,BINANCE
2025-09-02 13:45:24.173,110584.26,5e-05,37.454054054054524,BINANCE
2025-09-02 13:45:24.174,110582.01,5e-05,37.656756756757225,BINANCE
2025-09-02 13:45:24.174,110583.48,0.00022,37.524324324324695,BINANCE
2025-09-02 13:45:24.174,110582.98,5e-05,37.56936936936974,BINANCE
2025-09-02 13:45:24.174,110582.97,5e-05,37.570270270270164,BINANCE
2025-09-02 13:45:24.174,110582.0,5e-05,37.65765765765766,BINANCE
2025-09-02 13:45:24.176,110577.88,0.04519,38.02882882882841,BINANCE
2025-09-02 13:45:24.176,110577.88,5e-05,38.02882882882841,BINANCE
2025-09-02 13:45:24.176,110577.83,5e-05,38.033333333333175,BINANCE
2025-09-02 13:45:24.176,110577.89,5e-05,38.02792792792798,BINANCE
2025-09-02 13:45:24.176,110577.82,5e-05,38.0342342342336,BINANCE
2025-09-02 13:45:24.176,110580.0,5e-05,37.83783783783784,BINANCE
2025-09-02 13:45:24.176,110578.05,5e-05,38.01351351351325,BINANCE
2025-09-02 13:45:24.176,110578.84,5e-05,37.942342342342656,BINANCE
2025-09-02 13:45:24.176,110580.0,0.01808,37.83783783783784,BINANCE
2025-09-02 13:45:24.176,110580.39,5e-05,37.80270270270275,BINANCE
2025-09-02 13:45:24.176,110580.4,5e-05,37.80180180180233,BINANCE
2025-09-02 13:45:24.178,110577.82,5e-05,38.0342342342336,BINANCE
2025-09-02 13:45:24.179,110575.42,0.04097,38.25045045045061,BINANCE
2025-09-02 13:45:24.179,110575.41,0.00903,38.25135135135103,BINANCE
2025-09-02 13:45:24.180,110575.41,0.00181,38.25135135135103,BINANCE
2025-09-02 13:45:24.181,110575.4,0.00663,38.252252252252774,BINANCE
2025-09-02 13:45:24.181,110575.41,5e-05,38.25135135135103,BINANCE
2025-09-02 13:45:24.181,110575.41,0.00216,38.25135135135103,BINANCE
2025-09-02 13:45:24.184,110575.4,0.00895,38.252252252252774,BINANCE
2025-09-02 13:45:24.187,110575.39,5e-05,38.25315315315321,BINANCE
2025-09-02 13:45:24.187,110574.99,5e-05,38.28918918918872,BINANCE
2025-09-02 13:45:24.187,110573.42,5e-05,38.43063063063079,BINANCE
2025-09-02 13:45:24.187,110573.3,5e-05,38.44144144144118,BINANCE
2025-09-02 13:45:24.187,110573.29,5e-05,38.44234234234292,BINANCE
2025-09-02 13:45:24.187,110572.8,5e-05,38.48648648648622,BINANCE
2025-09-02 13:45:24.187,110570.86,0.00221,38.66126126126121,BINANCE
2025-09-02 13:45:24.187,110571.26,5e-05,38.6252252252257,BINANCE
2025-09-02 13:45:24.187,110575.4,5e-05,38.252252252252774,BINANCE
2025-09-02 13:45:24.187,110575.4,0.00305,38.252252252252774,BINANCE
2025-09-02 13:45:24.187,110575.4,0.00252,38.252252252252774,BINANCE
2025-09-02 13:45:24.191,110570.84,5e-05,38.663063063063376,BINANCE
2025-09-02 13:45:24.191,110570.83,0.00811,38.66396396396381,BINANCE
2025-09-02 13:45:24.191,110570.86,0.00079,38.66126126126121,BINANCE
2025-09-02 13:45:24.194,110570.83,0.00904,38.66396396396381,BINANCE
2025-09-02 13:45:24.194,110570.83,0.00405,38.66396396396381,BINANCE
2025-09-02 13:45:24.224,110570.83,0.00155,38.66396396396381,BINANCE
2025-09-02 13:45:24.228,110570.83,0.00905,38.66396396396381,BINANCE
2025-09-02 13:45:24.230,110570.83,5e-05,38.66396396396381,BINANCE
2025-09-02 13:45:24.230,110570.82,5e-05,38.664864864864235,BINANCE
2025-09-02 13:45:24.230,110568.0,0.002,38.91891891891892,BINANCE
2025-09-02 13:45:24.230,110568.0,5e-05,38.91891891891892,BINANCE
2025-09-02 13:45:24.230,110564.99,7e-05,39.19009009008962,BINANCE
2025-09-02 13:45:24.230,110564.55,5e-05,39.22972972972946,BINANCE
2025-09-02 13:45:24.230,110564.17,5e-05,39.263963963964116,BINANCE
2025-09-02 13:45:24.230,110569.58,5e-05,38.77657657657642,BINANCE
2025-09-02 13:45:24.230,110570.83,0.01341,38.66396396396381,BINANCE
2025-09-02 13:45:24.457,110564.0,5e-05,39.27927927927927,BINANCE
2025-09-02 13:45:24.457,110563.99,5e-05,39.28018018017971,BINANCE
2025-09-02 13:45:24.457,110564.0,0.001,39.27927927927927,BINANCE
2025-09-02 13:45:24.457,110564.0,0.002,39.27927927927927,BINANCE
2025-09-02 13:45:24.460,110563.77,5e-05,39.29999999999963,BINANCE
2025-09-02 13:45:24.554,110563.77,7e-05,39.29999999999963,BINANCE
2025-09-02 13:45:24.580,110563.77,0.00029,39.29999999999963,BINANCE
2025-09-02 13:45:24.784,110563.77,0.00265,39.29999999999963,BINANCE
2025-09-02 13:45:24.784,110563.77,0.00093,39.29999999999963,BINANCE
2025-09-02 13:45:24.816,110563.77,0.0033,39.29999999999963,BINANCE
2025-09-02 13:45:24.828,110565.99,5e-05,39.099999999999525,BINANCE
2025-09-02 13:45:24.828,110564.17,5e-05,39.263963963964116,BINANCE
2025-09-02 13:45:24.828,110563.78,0.0001,39.2990990990992,BINANCE
2025-09-02 13:45:24.828,110563.78,0.002,39.2990990990992,BINANCE
2025-09-02 13:45:24.828,110563.77,5e-05,39.29999999999963,BINANCE
2025-09-02 13:45:24.828,110563.77,0.0001,39.29999999999963,BINANCE
2025-09-02 13:45:24.828,110563.77,0.04522,39.29999999999963,BINANCE
2025-09-02 13:45:24.828,110563.77,0.01244,39.29999999999963,BINANCE
2025-09-02 13:45:24.828,110563.77,0.00045,39.29999999999963,BINANCE
2025-09-02 13:45:24.831,110567.39,5e-05,38.97387387387393,BINANCE
2025-09-02 13:45:24.831,110566.01,0.0001,39.098198198198666,BINANCE
2025-09-02 13:45:24.831,110566.0,0.0001,39.0990990990991,BINANCE
2025-09-02 13:45:24.833,110567.39,0.01283,38.97387387387393,BINANCE
2025-09-02 13:45:24.833,110567.39,0.0184,38.97387387387393,BINANCE
2025-09-02 13:45:24.883,110570.99,5e-05,38.64954954954908,BINANCE
2025-09-02 13:45:24.883,110569.58,5e-05,38.77657657657642,BINANCE
2025-09-02 13:45:24.883,110567.41,0.0001,38.972072072071754,BINANCE
2025-09-02 13:45:24.883,110567.4,5e-05,38.972972972973494,BINANCE
2025-09-02 13:45:24.883,110567.4,0.03153,38.972972972973494,BINANCE
2025-09-02 13:45:24.883,110567.4,0.0001,38.972972972973494,BINANCE
2025-09-02 13:45:24.893,110571.0,5e-05,38.64864864864865,BINANCE
2025-09-02 13:45:24.893,110571.99,5e-05,38.559459459458985,BINANCE
2025-09-02 13:45:24.893,110571.01,0.0001,38.64774774774822,BINANCE
2025-09-02 13:45:24.893,110571.0,0.0001,38.64864864864865,BINANCE
2025-09-02 13:45:24.894,110576.0,7e-05,38.1981981981982,BINANCE
2025-09-02 13:45:24.894,110575.42,4e-05,38.25045045045061,BINANCE
2025-09-02 13:45:24.894,110575.42,5e-05,38.25045045045061,BINANCE
2025-09-02 13:45:24.894,110577.64,5e-05,38.0504504504505,BINANCE
2025-09-02 13:45:24.894,110575.42,1e-05,38.25045045045061,BINANCE
2025-09-02 13:45:24.894,110577.65,5e-05,38.04954954955008,BINANCE
2025-09-02 13:45:24.894,110577.83,5e-05,38.033333333333175,BINANCE
2025-09-02 13:45:24.894,110575.41,5e-05,38.25135135135103,BINANCE
2025-09-02 13:45:24.894,110576.0,5e-05,38.1981981981982,BINANCE
2025-09-02 13:45:24.894,110575.4,5e-05,38.252252252252774,BINANCE
2025-09-02 13:45:24.894,110575.39,5e-05,38.25315315315321,BINANCE
2025-09-02 13:45:24.894,110574.99,5e-05,38.28918918918872,BINANCE
2025-09-02 13:45:24.894,110572.0,5e-05,38.55855855855856,BINANCE
2025-09-02 13:45:24.900,110580.6,0.00142,37.78378378378326,BINANCE
2025-09-02 13:45:24.900,110580.6,0.00039,37.78378378378326,BINANCE
2025-09-02 13:45:24.900,110580.46,5e-05,37.79639639639582,BINANCE
2025-09-02 13:45:24.900,110580.41,5e-05,37.80090090090059,BINANCE
2025-09-02 13:45:24.900,110580.4,5e-05,37.80180180180233,BINANCE
2025-09-02 13:45:24.900,110577.83,0.00036,38.033333333333175,BINANCE
2025-09-02 13:45:24.900,110580.38,5e-05,37.803603603603186,BINANCE
2025-09-02 13:45:24.900,110578.0,5e-05,38.01801801801802,BINANCE
2025-09-02 13:45:24.900,110577.83,0.00041,38.033333333333175,BINANCE
2025-09-02 13:45:24.900,110577.65,5e-05,38.04954954955008,BINANCE
2025-09-02 13:45:24.900,110580.39,5e-05,37.80270270270275,BINANCE
2025-09-02 13:45:24.909,110585.81,5e-05,37.31441441441462,BINANCE
2025-09-02 13:45:24.909,110586.96,0.018,37.21081081081023,BINANCE
2025-09-02 13:45:24.909,110586.96,0.01965,37.21081081081023,BINANCE
2025-09-02 13:45:24.909,110584.26,5e-05,37.454054054054524,BINANCE
2025-09-02 13:45:24.909,110582.0,5e-05,37.65765765765766,BINANCE
2025-09-02 13:45:24.909,110583.48,5e-05,37.524324324324695,BINANCE
2025-09-02 13:45:24.909,110583.88,5e-05,37.48828828828787,BINANCE
2025-09-02 13:45:24.910,110592.95,0.019,36.67117117117143,BINANCE
2025-09-02 13:45:24.910,110592.95,0.00988,36.67117117117143,BINANCE
2025-09-02 13:45:24.910,110592.18,0.00068,36.74054054054117,BINANCE
2025-09-02 13:45:24.910,110591.75,0.00022,36.77927927927928,BINANCE
2025-09-02 13:45:24.910,110591.22,5e-05,36.82702702702692,BINANCE
2025-09-02 13:45:24.910,110587.12,0.00178,37.19639639639682,BINANCE
2025-09-02 13:45:24.910,110587.0,7e-05,37.207207207207205,BINANCE
2025-09-02 13:45:24.910,110586.96,0.00257,37.21081081081023,BINANCE
2025-09-02 13:45:24.910,110589.21,0.0001,37.008108108107535,BINANCE
2025-09-02 13:45:24.914,110592.95,0.019,36.67117117117143,BINANCE
2025-09-02 13:45:24.914,110592.95,0.018,36.67117117117143,BINANCE
2025-09-02 13:45:24.921,110592.95,0.019,36.67117117117143,BINANCE
2025-09-02 13:45:25.077,110591.31,0.00015,36.81891891891913,BINANCE
2025-09-02 13:45:25.269,110591.32,0.03595,36.81801801801739,BINANCE
2025-09-02 13:45:25.269,110591.32,5e-05,36.81801801801739,BINANCE
2025-09-02 13:45:25.424,110591.3,5e-05,36.81981981981956,BINANCE
2025-09-02 13:45:25.424,110586.01,5e-05,37.29639639639687,BINANCE
2025-09-02 13:45:25.424,110591.3,0.0001,36.81981981981956,BINANCE
2025-09-02 13:45:25.424,110591.31,5e-05,36.81891891891913,BINANCE
2025-09-02 13:45:25.424,110591.31,0.0001,36.81891891891913,BINANCE
2025-09-02 13:45:25.424,110591.31,0.05422,36.81891891891913,BINANCE
2025-09-02 13:45:25.424,110591.31,0.05304,36.81891891891913,BINANCE
2025-09-02 13:45:25.424,110591.31,0.04058,36.81891891891913,BINANCE
2025-09-02 13:45:25.427,110585.99,5e-05,37.298198198197724,BINANCE
2025-09-02 13:45:25.427,110586.0,5e-05,37.2972972972973,BINANCE
2025-09-02 13:45:25.427,110585.99,0.0001,37.298198198197724,BINANCE
2025-09-02 13:45:25.427,110580.4,5e-05,37.80180180180233,BINANCE
2025-09-02 13:45:25.427,110585.81,5e-05,37.31441441441462,BINANCE
2025-09-02 13:45:25.427,110586.0,0.0001,37.2972972972973,BINANCE
2025-09-02 13:45:25.518,110580.27,0.00045,37.81351351351314,BINANCE
2025-09-02 13:45:25.524,110580.26,5e-05,37.81441441441489,BINANCE
2025-09-02 13:45:25.540,110580.26,5e-05,37.81441441441489,BINANCE
2025-09-02 13:45:25.540,110580.26,3e-05,37.81441441441489,BINANCE
2025-09-02 13:45:25.547,110580.26,0.00048,37.81441441441489,BINANCE
2025-09-02 13:45:25.633,110580.26,9e-05,37.81441441441489,BINANCE
2025-09-02 13:45:25.751,110580.27,0.00425,37.81351351351314,BINANCE
2025-09-02 13:45:25.758,110580.26,0.00067,37.81441441441489,BINANCE
2025-09-02 13:45:25.796,110580.27,0.00018,37.81351351351314,BINANCE
2025-09-02 13:45:25.810,110580.27,0.00316,37.81351351351314,BINANCE
2025-09-02 13:45:25.814,110580.27,0.00045,37.81351351351314,BINANCE
2025-09-02 13:45:25.841,110580.27,0.0017,37.81351351351314,BINANCE
2025-09-02 13:45:25.916,110580.26,0.0781,37.81441441441489,BINANCE
2025-09-02 13:45:25.920,110580.26,0.0013,37.81441441441489,BINANCE
2025-09-02 13:45:26.172,110580.26,0.0009,37.81441441441489,BINANCE
2025-09-02 13:45:26.346,110580.26,0.07592,37.81441441441489,BINANCE
2025-09-02 13:45:26.380,110580.26,0.00109,37.81441441441489,BINANCE
2025-09-02 13:45:26.521,110580.27,0.00031,37.81351351351314,BINANCE
2025-09-02 13:45:26.906,110580.27,0.01031,37.81351351351314,BINANCE
2025-09-02 13:45:26.906,110580.27,3e-05,37.81351351351314,BINANCE
2025-09-02 13:45:27.084,110580.26,0.00124,37.81441441441489,BINANCE
2025-09-02 13:45:27.130,110580.26,0.06853,37.81441441441489,BINANCE
2025-09-02 13:45:27.130,110580.26,0.00543,37.81441441441489,BINANCE
2025-09-02 13:45:27.130,110580.26,0.02355,37.81441441441489,BINANCE
2025-09-02 13:45:27.130,110580.26,5e-05,37.81441441441489,BINANCE
2025-09-02 13:45:27.130,110580.26,0.00069,37.81441441441489,BINANCE
2025-09-02 13:45:27.130,110580.26,0.00068,37.81441441441489,BINANCE
2025-09-02 13:45:27.130,110580.26,0.015,37.81441441441489,BINANCE
2025-09-02 13:45:27.130,110580.26,0.01809,37.81441441441489,BINANCE
2025-09-02 13:45:27.130,110580.26,0.22459,37.81441441441489,BINANCE
2025-09-02 13:45:27.133,110580.26,0.00012,37.81441441441489,BINANCE
2025-09-02 13:45:27.133,110580.01,0.00249,37.836936936937406,BINANCE
2025-09-02 13:45:27.133,110580.0,5e-05,37.83783783783784,BINANCE
2025-09-02 13:45:27.133,110580.25,5e-05,37.81531531531531,BINANCE
2025-09-02 13:45:27.133,110580.26,5e-05,37.81441441441489,BINANCE
2025-09-02 13:45:27.133,110580.25,0.0001,37.81531531531531,BINANCE
2025-09-02 13:45:27.133,110580.26,0.0001,37.81441441441489,BINANCE
2025-09-02 13:45:27.162,110578.86,0.00011,37.94054054054049,BINANCE
2025-09-02 13:45:27.162,110578.86,0.00722,37.94054054054049,BINANCE
2025-09-02 13:45:27.326,110578.85,0.00051,37.941441441440915,BINANCE
2025-09-02 13:45:27.326,110578.85,0.09099,37.941441441440915,BINANCE
2025-09-02 13:45:27.326,110578.85,5e-05,37.941441441440915,BINANCE
2025-09-02 13:45:27.326,110578.85,0.0001,37.941441441440915,BINANCE
2025-09-02 13:45:27.363,110578.86,0.00281,37.94054054054049,BINANCE
2025-09-02 13:45:27.635,110578.85,0.13564,37.941441441440915,BINANCE
2025-09-02 13:45:27.661,110578.85,0.00047,37.941441441440915,BINANCE
2025-09-02 13:45:27.793,110578.85,0.01,37.941441441440915,BINANCE
2025-09-02 13:45:27.823,110578.86,0.00045,37.94054054054049,BINANCE
2025-09-02 13:45:28.027,110578.86,0.00014,37.94054054054049,BINANCE
2025-09-02 13:45:28.027,110578.86,5e-05,37.94054054054049,BINANCE
2025-09-02 13:45:28.027,110578.86,0.00278,37.94054054054049,BINANCE
2025-09-02 13:45:28.027,110578.86,0.00086,37.94054054054049,BINANCE
2025-09-02 13:45:28.027,110578.86,0.03182,37.94054054054049,BINANCE
2025-09-02 13:45:28.032,110578.86,5e-05,37.94054054054049,BINANCE
2025-09-02 13:45:28.032,110578.86,0.0033,37.94054054054049,BINANCE
2025-09-02 13:45:28.032,110578.86,0.01,37.94054054054049,BINANCE
2025-09-02 13:45:28.032,110578.86,0.00235,37.94054054054049,BINANCE
2025-09-02 13:45:28.032,110578.86,0.0001,37.94054054054049,BINANCE
2025-09-02 13:45:28.095,110578.86,0.0006,37.94054054054049,BINANCE
2025-09-02 13:45:28.107,110580.26,5e-05,37.81441441441489,BINANCE
2025-09-02 13:45:28.107,110580.02,0.002,37.836036036035665,BINANCE
2025-09-02 13:45:28.107,110578.87,5e-05,37.939639639640056,BINANCE
2025-09-02 13:45:28.107,110580.27,0.07641,37.81351351351314,BINANCE
2025-09-02 13:45:28.107,110578.87,0.0001,37.939639639640056,BINANCE
2025-09-02 13:45:28.107,110578.86,5e-05,37.94054054054049,BINANCE
2025-09-02 13:45:28.107,110578.86,0.0001,37.94054054054049,BINANCE
2025-09-02 13:45:28.107,110578.86,0.00017,37.94054054054049,BINANCE
2025-09-02 13:45:28.107,110578.86,0.01079,37.94054054054049,BINANCE
2025-09-02 13:45:28.109,110580.26,0.00563,37.81441441441489,BINANCE
2025-09-02 13:45:28.145,110580.27,0.0009,37.81351351351314,BINANCE
2025-09-02 13:45:28.151,110580.26,0.00731,37.81441441441489,BINANCE
2025-09-02 13:45:28.167,110580.27,0.00848,37.81351351351314,BINANCE
2025-09-02 13:45:28.420,110580.27,0.03616,37.81351351351314,BINANCE
2025-09-02 13:45:28.423,110580.27,0.002,37.81351351351314,BINANCE
2025-09-02 13:45:28.424,110580.27,0.002,37.81351351351314,BINANCE
2025-09-02 13:45:28.425,110580.27,0.002,37.81351351351314,BINANCE
2025-09-02 13:45:28.425,110580.27,0.003,37.81351351351314,BINANCE
2025-09-02 13:45:28.568,110580.27,0.017,37.81351351351314,BINANCE
2025-09-02 13:45:28.623,110580.27,0.00514,37.81351351351314,BINANCE
2025-09-02 13:45:28.649,110580.26,0.00083,37.81441441441489,BINANCE
2025-09-02 13:45:29.147,110585.99,5e-05,37.298198198197724,BINANCE
2025-09-02 13:45:29.147,110585.81,5e-05,37.31441441441462,BINANCE
2025-09-02 13:45:29.147,110580.82,5e-05,37.763963963963334,BINANCE
2025-09-02 13:45:29.147,110580.4,5e-05,37.80180180180233,BINANCE
2025-09-02 13:45:29.147,110580.28,5e-05,37.81261261261272,BINANCE
2025-09-02 13:45:29.147,110580.27,0.3855,37.81351351351314,BINANCE
2025-09-02 13:45:29.147,110580.27,5e-05,37.81351351351314,BINANCE
2025-09-02 13:45:29.147,110580.27,0.0001,37.81351351351314,BINANCE
2025-09-02 13:45:29.147,110583.88,5e-05,37.48828828828787,BINANCE
2025-09-02 13:45:29.147,110580.27,0.14032,37.81351351351314,BINANCE
2025-09-02 13:45:29.147,110580.27,0.00205,37.81351351351314,BINANCE
2025-09-02 13:45:29.147,110580.27,0.00543,37.81351351351314,BINANCE
2025-09-02 13:45:29.147,110580.27,8e-05,37.81351351351314,BINANCE
2025-09-02 13:45:29.147,110580.27,0.00012,37.81351351351314,BINANCE
2025-09-02 13:45:29.147,110580.27,0.002,37.81351351351314,BINANCE
2025-09-02 13:45:29.151,110585.99,0.03125,37.298198198197724,BINANCE
2025-09-02 13:45:29.162,110586.0,0.0164,37.2972972972973,BINANCE
2025-09-02 13:45:29.162,110586.0,5e-05,37.2972972972973,BINANCE
2025-09-02 13:45:29.162,110586.0,0.002,37.2972972972973,BINANCE
2025-09-02 13:45:29.163,110586.0,0.018,37.2972972972973,BINANCE
2025-09-02 13:45:29.163,110586.0,0.019,37.2972972972973,BINANCE
2025-09-02 13:45:29.164,110586.0,0.016,37.2972972972973,BINANCE
2025-09-02 13:45:29.164,110586.0,0.019,37.2972972972973,BINANCE
2025-09-02 13:45:29.165,110586.0,0.02,37.2972972972973,BINANCE
2025-09-02 13:45:29.165,110586.0,0.018,37.2972972972973,BINANCE
2025-09-02 13:45:29.166,110586.0,0.019,37.2972972972973,BINANCE
2025-09-02 13:45:29.203,110586.0,0.001,37.2972972972973,BINANCE
2025-09-02 13:45:29.213,110586.0,0.00254,37.2972972972973,BINANCE
2025-09-02 13:45:29.213,110586.0,0.00046,37.2972972972973,BINANCE
2025-09-02 13:45:29.279,110585.99,0.00022,37.298198198197724,BINANCE
2025-09-02 13:45:29.283,110586.0,0.036,37.2972972972973,BINANCE
2025-09-02 13:45:29.288,110586.0,5e-05,37.2972972972973,BINANCE
2025-09-02 13:45:29.288,110586.0,0.00875,37.2972972972973,BINANCE
2025-09-02 13:45:29.288,110586.0,0.0001,37.2972972972973,BINANCE
2025-09-02 13:45:29.339,110586.01,5e-05,37.29639639639687,BINANCE
2025-09-02 13:45:29.339,110586.02,5e-05,37.295495495495125,BINANCE
2025-09-02 13:45:29.339,110587.12,5e-05,37.19639639639682,BINANCE
2025-09-02 13:45:29.339,110586.01,0.0001,37.29639639639687,BINANCE
2025-09-02 13:45:29.339,110586.01,0.00045,37.29639639639687,BINANCE
2025-09-02 13:45:29.339,110586.01,0.00998,37.29639639639687,BINANCE
2025-09-02 13:45:29.344,110587.13,5e-05,37.195495495495074,BINANCE
2025-09-02 13:45:29.344,110587.14,5e-05,37.19459459459465,BINANCE
2025-09-02 13:45:29.344,110587.42,5e-05,37.16936936936953,BINANCE
2025-09-02 13:45:29.344,110591.99,5e-05,36.757657657657184,BINANCE
2025-09-02 13:45:29.344,110591.21,0.00018,36.82792792792735,BINANCE
2025-09-02 13:45:29.344,110591.22,5e-05,36.82702702702692,BINANCE
2025-09-02 13:45:29.344,110591.51,0.00045,36.800900900901375,BINANCE
2025-09-02 13:45:29.344,110591.51,0.00023,36.800900900901375,BINANCE
2025-09-02 13:45:29.344,110590.01,0.00018,36.936036036036505,BINANCE
2025-09-02 13:45:29.344,110587.13,0.0001,37.195495495495074,BINANCE
2025-09-02 13:45:29.344,110587.13,0.03114,37.195495495495074,BINANCE
2025-09-02 13:45:29.348,110592.96,0.00543,36.6702702702697,BINANCE
2025-09-02 13:45:29.348,110593.99,5e-05,36.577477477477004,BINANCE
2025-09-02 13:45:29.348,110593.42,0.00018,36.628828828828986,BINANCE
2025-09-02 13:45:29.348,110592.96,5e-05,36.6702702702697,BINANCE
2025-09-02 13:45:29.348,110592.01,0.0001,36.755855855856325,BINANCE
2025-09-02 13:45:29.348,110592.0,5e-05,36.75675675675676,BINANCE
2025-09-02 13:45:29.351,110595.99,5e-05,36.397297297296824,BINANCE
2025-09-02 13:45:29.351,110595.71,0.00181,36.422522522521945,BINANCE
2025-09-02 13:45:29.351,110594.07,0.00018,36.57027027026964,BINANCE
2025-09-02 13:45:29.351,110594.0,0.0001,36.57657657657658,BINANCE
2025-09-02 13:45:29.351,110594.0,5e-05,36.57657657657658,BINANCE
2025-09-02 13:45:29.351,110594.01,0.0001,36.57567567567615,BINANCE
2025-09-02 13:45:29.357,110596.01,0.00181,36.395495495495965,BINANCE
2025-09-02 13:45:29.357,110596.63,5e-05,36.33963963963922,BINANCE
2025-09-02 13:45:29.357,110596.01,0.00091,36.395495495495965,BINANCE
2025-09-02 13:45:29.357,110596.0,5e-05,36.3963963963964,BINANCE
2025-09-02 13:45:29.427,110597.99,0.00068,36.21711711711664,BINANCE
2025-09-02 13:45:29.427,110597.99,0.05818,36.21711711711664,BINANCE
2025-09-02 13:45:29.457,110597.98,0.00036,36.218018018018384,BINANCE
2025-09-02 13:45:29.460,110597.99,5e-05,36.21711711711664,BINANCE
2025-09-02 13:45:29.460,110598.0,5e-05,36.21621621621622,BINANCE
2025-09-02 13:45:29.460,110598.0,0.0001,36.21621621621622,BINANCE
2025-09-02 13:45:29.460,110599.1,0.002,36.11711711711659,BINANCE
2025-09-02 13:45:29.460,110597.99,0.0001,36.21711711711664,BINANCE
2025-09-02 13:45:29.468,110600.0,0.01808,36.03603603603604,BINANCE
2025-09-02 13:45:29.468,110600.0,0.0036,36.03603603603604,BINANCE
2025-09-02 13:45:29.468,110600.0,5e-05,36.03603603603604,BINANCE
2025-09-02 13:45:29.472,110603.0,0.02067,35.765765765765764,BINANCE
2025-09-02 13:45:29.472,110602.99,5e-05,35.7666666666662,BINANCE
2025-09-02 13:45:29.472,110601.03,5e-05,35.943243243243344,BINANCE
2025-09-02 13:45:29.472,110602.04,5e-05,35.85225225225283,BINANCE
2025-09-02 13:45:29.472,110600.52,5e-05,35.98918918918882,BINANCE
2025-09-02 13:45:29.499,110603.01,5e-05,35.76486486486534,BINANCE
2025-09-02 13:45:29.499,110606.34,5e-05,35.46486486486518,BINANCE
2025-09-02 13:45:29.499,110605.94,5e-05,35.50090090090069,BINANCE
2025-09-02 13:45:29.499,110605.78,5e-05,35.51531531531542,BINANCE
2025-09-02 13:45:29.499,110603.72,0.003,35.7009009009008,BINANCE
2025-09-02 13:45:29.499,110603.01,0.0001,35.76486486486534,BINANCE
2025-09-02 13:45:29.499,110603.0,5e-05,35.765765765765764,BINANCE
2025-09-02 13:45:29.499,110603.0,0.04033,35.765765765765764,BINANCE
2025-09-02 13:45:29.499,110603.0,0.0001,35.765765765765764,BINANCE
2025-09-02 13:45:29.504,110613.97,5e-05,34.77747747747737,BINANCE
2025-09-02 13:45:29.504,110612.72,5e-05,34.890090090089984,BINANCE
2025-09-02 13:45:29.504,110612.73,5e-05,34.88918918918956,BINANCE
2025-09-02 13:45:29.504,110612.86,5e-05,34.87747747747743,BINANCE
2025-09-02 13:45:29.504,110613.44,9e-05,34.82522522522501,BINANCE
2025-09-02 13:45:29.504,110613.98,5e-05,34.77657657657694,BINANCE
2025-09-02 13:45:29.504,110616.02,0.0001,34.59279279279242,BINANCE
2025-09-02 13:45:29.504,110614.03,5e-05,34.77207207207218,BINANCE
2025-09-02 13:45:29.504,110614.74,5e-05,34.70810810810764,BINANCE
2025-09-02 13:45:29.504,110615.65,0.00022,34.62612612612665,BINANCE
2025-09-02 13:45:29.504,110611.85,5e-05,34.96846846846795,BINANCE
2025-09-02 13:45:29.504,110616.05,5e-05,34.590090090089824,BINANCE
2025-09-02 13:45:29.504,110616.78,5e-05,34.524324324324425,BINANCE
2025-09-02 13:45:29.504,110617.67,5e-05,34.4441441441443,BINANCE
2025-09-02 13:45:29.504,110613.99,5e-05,34.7756756756752,BINANCE
2025-09-02 13:45:29.504,110615.41,5e-05,34.64774774774743,BINANCE
2025-09-02 13:45:29.504,110611.84,5e-05,34.96936936936969,BINANCE
2025-09-02 13:45:29.504,110606.35,5e-05,35.46396396396344,BINANCE
2025-09-02 13:45:29.504,110607.88,5e-05,35.32612612612571,BINANCE
2025-09-02 13:45:29.504,110609.0,7e-05,35.22522522522522,BINANCE
2025-09-02 13:45:29.504,110609.02,0.0001,35.22342342342306,BINANCE
2025-09-02 13:45:29.504,110609.03,5e-05,35.22252252252263,BINANCE
2025-09-02 13:45:29.504,110607.45,5e-05,35.364864864865126,BINANCE
2025-09-02 13:45:29.504,110609.04,5e-05,35.2216216216222,BINANCE
2025-09-02 13:45:29.504,110610.68,0.00082,35.073873873874504,BINANCE
2025-09-02 13:45:29.504,110611.36,5e-05,35.01261261261256,BINANCE
2025-09-02 13:45:29.504,110611.82,0.0001,34.97117117117054,BINANCE
2025-09-02 13:45:29.557,110618.06,0.0013,34.40900900900922,BINANCE
2025-09-02 13:45:29.657,110618.06,6e-05,34.40900900900922,BINANCE
2025-09-02 13:45:29.664,110618.07,0.00414,34.40810810810748,BINANCE
2025-09-02 13:45:29.664,110618.07,0.05863,34.40810810810748,BINANCE
2025-09-02 13:45:29.694,110618.07,0.001,34.40810810810748,BINANCE
2025-09-02 13:45:29.718,110614.01,5e-05,34.773873873874344,BINANCE
2025-09-02 13:45:29.718,110618.0,5e-05,34.414414414414416,BINANCE
2025-09-02 13:45:29.718,110618.05,0.0001,34.40990990990965,BINANCE
2025-09-02 13:45:29.718,110618.06,0.0001,34.40900900900922,BINANCE
2025-09-02 13:45:29.718,110618.06,0.05422,34.40900900900922,BINANCE
2025-09-02 13:45:29.718,110618.06,0.039,34.40900900900922,BINANCE
2025-09-02 13:45:29.718,110618.06,5e-05,34.40900900900922,BINANCE
2025-09-02 13:45:29.718,110618.06,0.05425,34.40900900900922,BINANCE
2025-09-02 13:45:29.721,110613.99,0.0001,34.7756756756752,BINANCE
2025-09-02 13:45:29.721,110614.0,5e-05,34.77477477477478,BINANCE
2025-09-02 13:45:29.721,110614.0,0.0001,34.77477477477478,BINANCE
2025-09-02 13:45:29.721,110614.0,0.0015,34.77477477477478,BINANCE
2025-09-02 13:45:29.722,110612.88,5e-05,34.875675675675254,BINANCE
2025-09-02 13:45:29.728,110612.88,5e-05,34.875675675675254,BINANCE
2025-09-02 13:45:29.752,110612.87,5e-05,34.876576576576994,BINANCE
2025-09-02 13:45:29.752,110612.87,0.01,34.876576576576994,BINANCE
2025-09-02 13:45:29.752,110612.87,0.00686,34.876576576576994,BINANCE
2025-09-02 13:45:29.752,110612.87,0.0001,34.876576576576994,BINANCE
2025-09-02 13:45:29.857,110612.88,0.005,34.875675675675254,BINANCE
2025-09-02 13:45:29.960,110612.88,0.00631,34.875675675675254,BINANCE
2025-09-02 13:45:29.960,110612.88,0.001,34.875675675675254,BINANCE
2025-09-02 13:45:30.028,110612.87,0.0001,34.876576576576994,BINANCE
2025-09-02 13:45:30.096,110612.87,5e-05,34.876576576576994,BINANCE
2025-09-02 13:45:30.107,110612.88,0.003,34.875675675675254,BINANCE
2025-09-02 13:45:30.234,110612.88,0.007,34.875675675675254,BINANCE
2025-09-02 13:45:30.234,110612.88,0.02683,34.875675675675254,BINANCE
2025-09-02 13:45:30.234,110612.88,0.00217,34.875675675675254,BINANCE
2025-09-02 13:45:30.290,110612.88,0.00082,34.875675675675254,BINANCE
2025-09-02 13:45:30.337,110612.88,0.0037,34.875675675675254,BINANCE
2025-09-02 13:45:30.424,110612.88,0.16051,34.875675675675254,BINANCE
2025-09-02 13:45:30.424,110612.88,5e-05,34.875675675675254,BINANCE
2025-09-02 13:45:30.424,110612.88,0.02014,34.875675675675254,BINANCE
2025-09-02 13:45:30.442,110612.88,0.0036,34.875675675675254,BINANCE
2025-09-02 13:45:30.443,110612.88,5e-05,34.875675675675254,BINANCE
2025-09-02 13:45:30.443,110612.88,0.00169,34.875675675675254,BINANCE
2025-09-02 13:45:30.443,110612.89,5e-05,34.87477477477483,BINANCE
2025-09-02 13:45:30.443,110612.89,0.0001,34.87477477477483,BINANCE
2025-09-02 13:45:30.443,110614.01,5e-05,34.773873873874344,BINANCE
2025-09-02 13:45:30.443,110614.02,0.03052,34.7729729729726,BINANCE
2025-09-02 13:45:30.443,110614.02,5e-05,34.7729729729726,BINANCE
2025-09-02 13:45:30.443,110614.03,5e-05,34.77207207207218,BINANCE
2025-09-02 13:45:30.443,110612.88,0.01483,34.875675675675254,BINANCE
2025-09-02 13:45:30.443,110612.88,0.0001,34.875675675675254,BINANCE
2025-09-02 13:45:30.443,110612.88,0.1155,34.875675675675254,BINANCE
2025-09-02 13:45:30.443,110612.88,0.04519,34.875675675675254,BINANCE
2025-09-02 13:45:30.447,110616.59,5e-05,34.541441441441755,BINANCE
2025-09-02 13:45:30.449,110616.59,5e-05,34.541441441441755,BINANCE
2025-09-02 13:45:30.449,110619.99,5e-05,34.23513513513466,BINANCE
2025-09-02 13:45:30.449,110618.27,5e-05,34.39009009008972,BINANCE
2025-09-02 13:45:30.449,110616.6,0.0001,34.540540540540015,BINANCE
2025-09-02 13:45:30.449,110616.6,5e-05,34.540540540540015,BINANCE
2025-09-02 13:45:30.449,110616.59,0.0001,34.541441441441755,BINANCE
2025-09-02 13:45:30.450,110620.0,0.005,34.234234234234236,BINANCE
2025-09-02 13:45:30.451,110620.0,0.00322,34.234234234234236,BINANCE
2025-09-02 13:45:30.455,110620.0,0.00986,34.234234234234236,BINANCE
2025-09-02 13:45:30.455,110624.23,5e-05,33.85315315315352,BINANCE
2025-09-02 13:45:30.455,110623.68,5e-05,33.90270270270334,BINANCE
2025-09-02 13:45:30.455,110622.33,0.003,34.02432432432417,BINANCE
2025-09-02 13:45:30.455,110622.2,5e-05,34.0360360360363,BINANCE
2025-09-02 13:45:30.455,110620.0,0.0001,34.234234234234236,BINANCE
2025-09-02 13:45:30.455,110620.0,5e-05,34.234234234234236,BINANCE
2025-09-02 13:45:30.455,110620.01,5e-05,34.2333333333338,BINANCE
2025-09-02 13:45:30.470,110624.24,0.019,33.85225225225178,BINANCE
2025-09-02 13:45:30.470,110624.24,0.018,33.85225225225178,BINANCE
2025-09-02 13:45:30.471,110624.24,0.019,33.85225225225178,BINANCE
2025-09-02 13:45:30.472,110624.24,5e-05,33.85225225225178,BINANCE
2025-09-02 13:45:30.472,110624.24,0.018,33.85225225225178,BINANCE
2025-09-02 13:45:30.472,110624.24,0.01294,33.85225225225178,BINANCE
2025-09-02 13:45:30.472,110624.24,0.00551,33.85225225225178,BINANCE
2025-09-02 13:45:30.473,110624.24,0.016,33.85225225225178,BINANCE
2025-09-02 13:45:30.473,110624.24,0.018,33.85225225225178,BINANCE
2025-09-02 13:45:30.489,110624.24,5e-05,33.85225225225178,BINANCE
2025-09-02 13:45:30.489,110624.24,0.03,33.85225225225178,BINANCE
2025-09-02 13:45:30.491,110624.24,5e-05,33.85225225225178,BINANCE
2025-09-02 13:45:30.498,110627.85,0.00028,33.527027027026506,BINANCE
2025-09-02 13:45:30.498,110627.84,5e-05,33.527927927928246,BINANCE
2025-09-02 13:45:30.498,110629.0,5e-05,33.42342342342342,BINANCE
2025-09-02 13:45:30.498,110624.25,5e-05,33.851351351351354,BINANCE
2025-09-02 13:45:30.498,110627.62,5e-05,33.54774774774817,BINANCE
2025-09-02 13:45:30.498,110627.84,0.01176,33.527927927928246,BINANCE
2025-09-02 13:45:30.524,110631.87,5e-05,33.16486486486529,BINANCE
2025-09-02 13:45:30.524,110631.69,0.0001,33.181081081080876,BINANCE
2025-09-02 13:45:30.524,110629.02,5e-05,33.421621621621256,BINANCE
2025-09-02 13:45:30.524,110629.01,0.0001,33.422522522522996,BINANCE
2025-09-02 13:45:30.524,110629.01,5e-05,33.422522522522996,BINANCE
2025-09-02 13:45:30.525,110631.88,0.00853,33.163963963963546,BINANCE
2025-09-02 13:45:30.547,110631.88,0.00618,33.163963963963546,BINANCE
2025-09-02 13:45:30.566,110631.88,0.00045,33.163963963963546,BINANCE
2025-09-02 13:45:30.569,110633.7,0.0087,33.00000000000026,BINANCE
2025-09-02 13:45:30.569,110633.69,5e-05,33.00090090090069,BINANCE
2025-09-02 13:45:30.569,110633.39,5e-05,33.02792792792798,BINANCE
2025-09-02 13:45:30.569,110633.04,5e-05,33.05945945946004,BINANCE
2025-09-02 13:45:30.569,110633.01,0.00018,33.062162162162636,BINANCE
2025-09-02 13:45:30.569,110631.89,5e-05,33.16306306306312,BINANCE
2025-09-02 13:45:30.569,110631.89,0.0001,33.16306306306312,BINANCE
2025-09-02 13:45:30.569,110631.88,5e-05,33.163963963963546,BINANCE
2025-09-02 13:45:30.569,110631.88,0.0001,33.163963963963546,BINANCE
2025-09-02 13:45:30.569,110631.88,0.02007,33.163963963963546,BINANCE
2025-09-02 13:45:30.577,110637.15,5e-05,32.68918918918971,BINANCE
2025-09-02 13:45:30.577,110637.15,0.01158,32.68918918918971,BINANCE
2025-09-02 13:45:30.577,110636.23,0.00018,32.77207207207244,BINANCE
2025-09-02 13:45:30.577,110635.58,0.00018,32.83063063063047,BINANCE
2025-09-02 13:45:30.577,110635.55,5e-05,32.83333333333307,BINANCE
2025-09-02 13:45:30.577,110634.51,0.00023,32.9270270270275,BINANCE
2025-09-02 13:45:30.577,110634.51,0.00045,32.9270270270275,BINANCE
2025-09-02 13:45:30.577,110634.01,0.00069,32.97207207207254,BINANCE
2025-09-02 13:45:30.577,110633.79,0.00018,32.99189189189247,BINANCE
2025-09-02 13:45:30.577,110633.71,5e-05,32.99909909909852,BINANCE
2025-09-02 13:45:30.577,110633.7,5e-05,33.00000000000026,BINANCE
2025-09-02 13:45:30.577,110634.5,5e-05,32.92792792792793,BINANCE
2025-09-02 13:45:30.585,110638.29,0.00181,32.58648648648706,BINANCE
2025-09-02 13:45:30.585,110638.29,0.0007,32.58648648648706,BINANCE
2025-09-02 13:45:30.585,110638.29,0.00653,32.58648648648706,BINANCE
2025-09-02 13:45:30.614,110638.29,0.001,32.58648648648706,BINANCE
2025-09-02 13:45:30.615,110638.28,0.00087,32.587387387387494,BINANCE
2025-09-02 13:45:30.621,110638.29,9e-05,32.58648648648706,BINANCE
2025-09-02 13:45:30.670,110638.28,0.001,32.587387387387494,BINANCE
2025-09-02 13:45:30.705,110638.29,0.00701,32.58648648648706,BINANCE
2025-09-02 13:45:30.741,110638.29,0.00019,32.58648648648706,BINANCE
2025-09-02 13:45:30.763,110638.28,0.00181,32.587387387387494,BINANCE
2025-09-02 13:45:30.782,110638.29,0.036,32.58648648648706,BINANCE
2025-09-02 13:45:30.803,110638.29,0.00088,32.58648648648706,BINANCE
2025-09-02 13:45:30.990,110638.28,0.01857,32.587387387387494,BINANCE
2025-09-02 13:45:30.990,110638.28,0.1544,32.587387387387494,BINANCE
2025-09-02 13:45:30.990,110638.28,0.0298,32.587387387387494,BINANCE
2025-09-02 13:45:30.990,110638.28,0.03084,32.587387387387494,BINANCE
2025-09-02 13:45:30.990,110638.28,5e-05,32.587387387387494,BINANCE
2025-09-02 13:45:30.990,110638.28,0.04998,32.587387387387494,BINANCE
2025-09-02 13:45:30.990,110638.28,0.0189,32.587387387387494,BINANCE
2025-09-02 13:45:30.990,110638.28,0.05424,32.587387387387494,BINANCE
2025-09-02 13:45:30.990,110638.28,0.04467,32.587387387387494,BINANCE
2025-09-02 13:45:30.990,110638.28,0.13162,32.587387387387494,BINANCE
2025-09-02 13:45:30.990,110638.28,0.05157,32.587387387387494,BINANCE
2025-09-02 13:45:30.990,110638.28,0.00069,32.587387387387494,BINANCE
2025-09-02 13:45:30.990,110638.28,0.02419,32.587387387387494,BINANCE
2025-09-02 13:45:30.990,110638.28,0.3855,32.587387387387494,BINANCE
2025-09-02 13:45:30.990,110638.28,0.00073,32.587387387387494,BINANCE
2025-09-02 13:45:30.993,110638.28,0.001,32.587387387387494,BINANCE
2025-09-02 13:45:30.993,110638.28,0.00239,32.587387387387494,BINANCE
2025-09-02 13:45:30.993,110638.28,0.02661,32.587387387387494,BINANCE
2025-09-02 13:45:31.064,110638.28,0.00412,32.587387387387494,BINANCE
2025-09-02 13:45:31.064,110638.28,0.00319,32.587387387387494,BINANCE
2025-09-02 13:45:31.299,110638.29,0.00713,32.58648648648706,BINANCE
2025-09-02 13:45:31.302,110638.28,0.0001,32.587387387387494,BINANCE
2025-09-02 13:45:31.302,110638.0,5e-05,32.612612612612615,BINANCE
2025-09-02 13:45:31.302,110638.01,5e-05,32.61171171171218,BINANCE
2025-09-02 13:45:31.302,110638.02,5e-05,32.61081081081045,BINANCE
2025-09-02 13:45:31.302,110638.03,5e-05,32.609909909910016,BINANCE
2025-09-02 13:45:31.302,110638.27,0.0001,32.58828828828792,BINANCE
2025-09-02 13:45:31.302,110638.28,0.27604,32.587387387387494,BINANCE
2025-09-02 13:45:31.302,110638.28,0.00069,32.587387387387494,BINANCE
2025-09-02 13:45:31.302,110638.28,5e-05,32.587387387387494,BINANCE
2025-09-02 13:45:31.302,110638.28,0.0007,32.587387387387494,BINANCE
2025-09-02 13:45:31.302,110638.28,0.05424,32.587387387387494,BINANCE
2025-09-02 13:45:31.302,110638.28,0.12496,32.587387387387494,BINANCE
2025-09-02 13:45:31.302,110638.28,0.08999,32.587387387387494,BINANCE
2025-09-02 13:45:31.303,110636.01,5e-05,32.79189189189236,BINANCE
2025-09-02 13:45:31.303,110636.0,5e-05,32.792792792792795,BINANCE
2025-09-02 13:45:31.306,110634.18,5e-05,32.956756756757386,BINANCE
2025-09-02 13:45:31.306,110634.51,5e-05,32.9270270270275,BINANCE
2025-09-02 13:45:31.306,110634.5,5e-05,32.92792792792793,BINANCE
2025-09-02 13:45:31.306,110634.51,0.01837,32.9270270270275,BINANCE
2025-09-02 13:45:31.306,110634.51,0.0001,32.9270270270275,BINANCE
2025-09-02 13:45:31.336,110634.17,5e-05,32.95765765765781,BINANCE
2025-09-02 13:45:31.336,110634.17,0.01,32.95765765765781,BINANCE
2025-09-02 13:45:31.336,110634.17,0.18947,32.95765765765781,BINANCE
2025-09-02 13:45:31.336,110634.17,0.04998,32.95765765765781,BINANCE
2025-09-02 13:45:31.336,110634.17,0.0001,32.95765765765781,BINANCE
2025-09-02 13:45:31.373,110634.17,0.1295,32.95765765765781,BINANCE
2025-09-02 13:45:31.409,110634.17,0.05424,32.95765765765781,BINANCE
2025-09-02 13:45:31.409,110634.16,0.0001,32.958558558558245,BINANCE
2025-09-02 13:45:31.409,110634.17,0.00019,32.95765765765781,BINANCE
2025-09-02 13:45:31.409,110633.83,5e-05,32.98828828828813,BINANCE
2025-09-02 13:45:31.409,110634.17,0.0001,32.95765765765781,BINANCE
2025-09-02 13:45:31.409,110634.17,5e-05,32.95765765765781,BINANCE
2025-09-02 13:45:31.416,110628.01,5e-05,33.51261261261308,BINANCE
2025-09-02 13:45:31.416,110628.67,0.00023,33.45315315315331,BINANCE
2025-09-02 13:45:31.416,110628.67,0.00045,33.45315315315331,BINANCE
2025-09-02 13:45:31.416,110629.09,5e-05,33.41531531531563,BINANCE
2025-09-02 13:45:31.416,110629.83,0.00018,33.34864864864849,BINANCE
2025-09-02 13:45:31.416,110630.0,5e-05,33.333333333333336,BINANCE
2025-09-02 13:45:31.416,110630.67,0.00018,33.27297297297313,BINANCE
2025-09-02 13:45:31.416,110632.0,5e-05,33.15315315315315,BINANCE
2025-09-02 13:45:31.416,110633.81,0.0001,32.9900900900903,BINANCE
2025-09-02 13:45:31.416,110633.82,0.0001,32.98918918918856,BINANCE
2025-09-02 13:45:31.416,110633.82,5e-05,32.98918918918856,BINANCE
2025-09-02 13:45:31.456,110626.76,0.00018,33.6252252252257,BINANCE
2025-09-02 13:45:31.456,110626.29,0.00018,33.66756756756815,BINANCE
2025-09-02 13:45:31.456,110625.47,0.00982,33.74144144144134,BINANCE
2025-09-02 13:45:31.456,110627.99,0.0001,33.51441441441394,BINANCE
2025-09-02 13:45:31.456,110625.47,0.20991,33.74144144144134,BINANCE
2025-09-02 13:45:31.456,110625.04,0.00181,33.78018018018076,BINANCE
2025-09-02 13:45:31.456,110625.47,0.07854,33.74144144144134,BINANCE
2025-09-02 13:45:31.456,110628.0,5e-05,33.513513513513516,BINANCE
2025-09-02 13:45:31.456,110628.0,0.0001,33.513513513513516,BINANCE
2025-09-02 13:45:31.468,110624.82,0.00181,33.79999999999937,BINANCE
2025-09-02 13:45:31.468,110624.82,2e-05,33.79999999999937,BINANCE
2025-09-02 13:45:31.473,110624.82,0.00088,33.79999999999937,BINANCE
2025-09-02 13:45:31.536,110624.82,0.00046,33.79999999999937,BINANCE
2025-09-02 13:45:31.536,110624.82,0.00021,33.79999999999937,BINANCE
2025-09-02 13:45:31.536,110624.82,5e-05,33.79999999999937,BINANCE
2025-09-02 13:45:32.167,110624.83,5e-05,33.799099099098946,BINANCE
2025-09-02 13:45:32.167,110628.01,5e-05,33.51261261261308,BINANCE
2025-09-02 13:45:32.167,110628.0,5e-05,33.513513513513516,BINANCE
2025-09-02 13:45:32.167,110627.99,5e-05,33.51441441441394,BINANCE
2025-09-02 13:45:32.167,110624.84,5e-05,33.79819819819851,BINANCE
2025-09-02 13:45:32.167,110624.84,0.0001,33.79819819819851,BINANCE
2025-09-02 13:45:32.167,110624.83,0.02,33.799099099098946,BINANCE
2025-09-02 13:45:32.167,110624.83,0.0001,33.799099099098946,BINANCE
2025-09-02 13:45:32.167,110624.83,0.03268,33.799099099098946,BINANCE
2025-09-02 13:45:32.167,110624.83,0.01251,33.799099099098946,BINANCE
2025-09-02 13:45:32.167,110624.83,0.00045,33.799099099098946,BINANCE
2025-09-02 13:45:32.167,110624.83,0.00044,33.799099099098946,BINANCE
2025-09-02 13:45:32.167,110624.83,0.13482,33.799099099098946,BINANCE
2025-09-02 13:45:32.169,110629.09,5e-05,33.41531531531563,BINANCE
2025-09-02 13:45:32.170,110629.09,5e-05,33.41531531531563,BINANCE
2025-09-02 13:45:32.172,110629.1,5e-05,33.41441441441389,BINANCE
2025-09-02 13:45:32.172,110629.99,0.02095,33.33423423423376,BINANCE
2025-09-02 13:45:32.172,110629.99,5e-05,33.33423423423376,BINANCE
2025-09-02 13:45:32.172,110629.99,0.01016,33.33423423423376,BINANCE
2025-09-02 13:45:32.172,110629.1,0.0001,33.41441441441389,BINANCE
2025-09-02 13:45:32.172,110629.09,5e-05,33.41531531531563,BINANCE
2025-09-02 13:45:32.172,110629.09,0.0001,33.41531531531563,BINANCE
2025-09-02 13:45:32.175,110630.01,5e-05,33.3324324324329,BINANCE
2025-09-02 13:45:32.175,110633.99,5e-05,32.9738738738734,BINANCE
2025-09-02 13:45:32.175,110630.01,0.0001,33.3324324324329,BINANCE
2025-09-02 13:45:32.175,110630.0,0.0001,33.333333333333336,BINANCE
2025-09-02 13:45:32.175,110630.0,5e-05,33.333333333333336,BINANCE
2025-09-02 13:45:32.184,110634.0,0.01,32.972972972972975,BINANCE
2025-09-02 13:45:32.184,110634.0,0.01865,32.972972972972975,BINANCE
2025-09-02 13:45:32.184,110634.0,0.0001,32.972972972972975,BINANCE
2025-09-02 13:45:32.184,110634.0,5e-05,32.972972972972975,BINANCE
2025-09-02 13:45:32.187,110634.0,0.019,32.972972972972975,BINANCE
2025-09-02 13:45:32.189,110634.0,0.019,32.972972972972975,BINANCE
2025-09-02 13:45:32.224,110634.0,0.001,32.972972972972975,BINANCE
2025-09-02 13:45:32.379,110633.99,0.00011,32.9738738738734,BINANCE
2025-09-02 13:45:32.385,110634.0,5e-05,32.972972972972975,BINANCE
2025-09-02 13:45:32.385,110634.0,0.01,32.972972972972975,BINANCE
2025-09-02 13:45:32.385,110634.0,0.00255,32.972972972972975,BINANCE
2025-09-02 13:45:32.385,110634.0,0.0001,32.972972972972975,BINANCE
2025-09-02 13:45:32.446,110634.0,0.0001,32.972972972972975,BINANCE
2025-09-02 13:45:32.446,110634.0,0.01,32.972972972972975,BINANCE
2025-09-02 13:45:32.446,110634.0,0.00271,32.972972972972975,BINANCE
2025-09-02 13:45:32.446,110634.0,5e-05,32.972972972972975,BINANCE
2025-09-02 13:45:32.446,110634.0,0.03264,32.972972972972975,BINANCE
2025-09-02 13:45:32.450,110637.99,5e-05,32.61351351351304,BINANCE
2025-09-02 13:45:32.450,110634.5,5e-05,32.92792792792793,BINANCE
2025-09-02 13:45:32.450,110634.01,0.0001,32.97207207207254,BINANCE
2025-09-02 13:45:32.450,110634.01,5e-05,32.97207207207254,BINANCE
2025-09-02 13:45:32.450,110634.0,0.0001,32.972972972972975,BINANCE
2025-09-02 13:45:32.450,110634.0,5e-05,32.972972972972975,BINANCE
2025-09-02 13:45:32.474,110638.0,0.01,32.612612612612615,BINANCE
2025-09-02 13:45:32.474,110638.0,0.01837,32.612612612612615,BINANCE
2025-09-02 13:45:32.474,110638.0,5e-05,32.612612612612615,BINANCE
2025-09-02 13:45:32.474,110638.0,0.0001,32.612612612612615,BINANCE
2025-09-02 13:45:32.474,110638.0,0.00018,32.612612612612615,BINANCE
2025-09-02 13:45:32.490,110638.0,0.00045,32.612612612612615,BINANCE
2025-09-02 13:45:32.583,110637.99,0.00145,32.61351351351304,BINANCE
2025-09-02 13:45:32.599,110638.01,5e-05,32.61171171171218,BINANCE
2025-09-02 13:45:32.599,110638.29,0.00522,32.58648648648706,BINANCE
2025-09-02 13:45:32.599,110638.29,5e-05,32.58648648648706,BINANCE
2025-09-02 13:45:32.599,110638.46,5e-05,32.5711711711706,BINANCE
2025-09-02 13:45:32.599,110639.99,5e-05,32.43333333333286,BINANCE
2025-09-02 13:45:32.599,110639.91,5e-05,32.440540540540226,BINANCE
2025-09-02 13:45:32.599,110639.12,5e-05,32.51171171171213,BINANCE
2025-09-02 13:45:32.599,110638.0,5e-05,32.612612612612615,BINANCE
2025-09-02 13:45:32.599,110638.0,0.002,32.612612612612615,BINANCE
2025-09-02 13:45:32.599,110638.0,0.0001,32.612612612612615,BINANCE
2025-09-02 13:45:32.599,110638.01,0.0001,32.61171171171218,BINANCE
2025-09-02 13:45:32.603,110640.0,5e-05,32.43243243243243,BINANCE
2025-09-02 13:45:32.603,110640.0,0.01808,32.43243243243243,BINANCE
2025-09-02 13:45:32.610,110640.0,0.0001,32.43243243243243,BINANCE
2025-09-02 13:45:32.610,110640.01,5e-05,32.431531531532,BINANCE
2025-09-02 13:45:32.610,110641.99,5e-05,32.25315315315268,BINANCE
2025-09-02 13:45:32.610,110640.0,0.00348,32.43243243243243,BINANCE
2025-09-02 13:45:32.610,110640.0,5e-05,32.43243243243243,BINANCE
2025-09-02 13:45:32.656,110641.99,0.09035,32.25315315315268,BINANCE
2025-09-02 13:45:32.656,110641.99,0.00965,32.25315315315268,BINANCE
2025-09-02 13:45:32.714,110642.0,5e-05,32.252252252252255,BINANCE
2025-09-02 13:45:32.714,110643.99,5e-05,32.0729729729725,BINANCE
2025-09-02 13:45:32.714,110643.88,5e-05,32.082882882882465,BINANCE
2025-09-02 13:45:32.714,110642.01,0.0001,32.25135135135182,BINANCE
2025-09-02 13:45:32.714,110642.01,5e-05,32.25135135135182,BINANCE
2025-09-02 13:45:32.714,110642.0,0.0001,32.252252252252255,BINANCE
2025-09-02 13:45:32.720,110643.99,0.03123,32.0729729729725,BINANCE
2025-09-02 13:45:32.723,110644.0,5e-05,32.072072072072075,BINANCE
2025-09-02 13:45:32.723,110644.01,5e-05,32.07117117117164,BINANCE
2025-09-02 13:45:32.723,110644.01,0.0001,32.07117117117164,BINANCE
2025-09-02 13:45:32.723,110644.0,0.0001,32.072072072072075,BINANCE
2025-09-02 13:45:32.734,110644.99,0.00711,31.98288288288241,BINANCE
2025-09-02 13:45:32.734,110644.99,0.0176,31.98288288288241,BINANCE
2025-09-02 13:45:32.734,110644.99,0.00834,31.98288288288241,BINANCE
2025-09-02 13:45:32.754,110645.0,0.001,31.98198198198198,BINANCE
2025-09-02 13:45:32.804,110645.0,0.00765,31.98198198198198,BINANCE
2025-09-02 13:45:32.808,110645.0,5e-05,31.98198198198198,BINANCE
2025-09-02 13:45:32.808,110645.0,0.00167,31.98198198198198,BINANCE
2025-09-02 13:45:32.808,110645.0,0.0084,31.98198198198198,BINANCE
2025-09-02 13:45:33.015,110645.0,5e-05,31.98198198198198,BINANCE
2025-09-02 13:45:33.015,110645.0,0.00913,31.98198198198198,BINANCE
2025-09-02 13:45:33.015,110645.0,0.02652,31.98198198198198,BINANCE
2025-09-02 13:45:33.034,110644.99,0.00699,31.98288288288241,BINANCE
2025-09-02 13:45:33.227,110644.99,0.00091,31.98288288288241,BINANCE
2025-09-02 13:45:33.275,110644.99,0.03721,31.98288288288241,BINANCE
2025-09-02 13:45:33.296,110645.0,0.00035,31.98198198198198,BINANCE
2025-09-02 13:45:33.359,110644.99,5e-05,31.98288288288241,BINANCE
2025-09-02 13:45:33.359,110644.98,0.0001,31.98378378378415,BINANCE
2025-09-02 13:45:33.359,110642.01,5e-05,32.25135135135182,BINANCE
2025-09-02 13:45:33.359,110644.99,0.0001,31.98288288288241,BINANCE
2025-09-02 13:45:33.359,110644.97,5e-05,31.98468468468458,BINANCE
2025-09-02 13:45:33.359,110644.99,0.05424,31.98288288288241,BINANCE
2025-09-02 13:45:33.359,110644.99,7e-05,31.98288288288241,BINANCE
2025-09-02 13:45:33.359,110644.99,0.05422,31.98288288288241,BINANCE
2025-09-02 13:45:33.359,110644.99,0.03632,31.98288288288241,BINANCE
2025-09-02 13:45:33.361,110642.0,5e-05,32.252252252252255,BINANCE
2025-09-02 13:45:33.362,110641.99,5e-05,32.25315315315268,BINANCE
2025-09-02 13:45:33.535,110641.99,0.00292,32.25315315315268,BINANCE
2025-09-02 13:45:33.535,110641.99,5e-05,32.25315315315268,BINANCE
2025-09-02 13:45:33.535,110641.99,0.00424,32.25315315315268,BINANCE
2025-09-02 13:45:33.582,110641.99,5e-05,32.25315315315268,BINANCE
2025-09-02 13:45:33.582,110639.91,5e-05,32.440540540540226,BINANCE
2025-09-02 13:45:33.582,110640.0,5e-05,32.43243243243243,BINANCE
2025-09-02 13:45:33.582,110640.01,5e-05,32.431531531532,BINANCE
2025-09-02 13:45:33.582,110641.98,0.0001,32.25405405405442,BINANCE
2025-09-02 13:45:33.582,110641.99,0.01,32.25315315315268,BINANCE
2025-09-02 13:45:33.582,110641.99,0.0001,32.25315315315268,BINANCE
2025-09-02 13:45:33.582,110641.99,0.04004,32.25315315315268,BINANCE
2025-09-02 13:45:33.582,110641.99,0.0042,32.25315315315268,BINANCE
2025-09-02 13:45:33.585,110638.01,5e-05,32.61171171171218,BINANCE
2025-09-02 13:45:33.585,110638.46,5e-05,32.5711711711706,BINANCE
2025-09-02 13:45:33.617,110638.0,0.04679,32.612612612612615,BINANCE
2025-09-02 13:45:33.617,110638.0,5e-05,32.612612612612615,BINANCE
2025-09-02 13:45:34.022,110638.0,0.00112,32.612612612612615,BINANCE
2025-09-02 13:45:34.156,110638.0,0.0002,32.612612612612615,BINANCE
2025-09-02 13:45:34.239,110638.0,0.00018,32.612612612612615,BINANCE
2025-09-02 13:45:34.291,110638.01,0.036,32.61171171171218,BINANCE
2025-09-02 13:45:34.415,110638.01,5e-05,32.61171171171218,BINANCE
2025-09-02 13:45:34.415,110638.01,0.0001,32.61171171171218,BINANCE
2025-09-02 13:45:34.415,110638.01,0.00232,32.61171171171218,BINANCE
2025-09-02 13:45:34.424,110638.02,0.019,32.61081081081045,BINANCE
2025-09-02 13:45:34.425,110638.03,5e-05,32.609909909910016,BINANCE
2025-09-02 13:45:34.425,110639.99,5e-05,32.43333333333286,BINANCE
2025-09-02 13:45:34.425,110639.91,5e-05,32.440540540540226,BINANCE
2025-09-02 13:45:34.425,110638.03,0.0001,32.609909909910016,BINANCE
2025-09-02 13:45:34.425,110638.47,0.002,32.570270270270164,BINANCE
2025-09-02 13:45:34.425,110638.02,5e-05,32.61081081081045,BINANCE
2025-09-02 13:45:34.425,110638.02,0.0001,32.61081081081045,BINANCE
2025-09-02 13:45:34.425,110638.02,0.019,32.61081081081045,BINANCE
2025-09-02 13:45:34.425,110638.02,0.00719,32.61081081081045,BINANCE
2025-09-02 13:45:34.432,110640.01,0.0001,32.431531531532,BINANCE
2025-09-02 13:45:34.432,110640.85,5e-05,32.35585585585533,BINANCE
2025-09-02 13:45:34.432,110640.01,5e-05,32.431531531532,BINANCE
2025-09-02 13:45:34.432,110640.86,0.00376,32.354954954954906,BINANCE
2025-09-02 13:45:34.432,110640.0,0.0001,32.43243243243243,BINANCE
2025-09-02 13:45:34.432,110640.0,5e-05,32.43243243243243,BINANCE
2025-09-02 13:45:34.433,110640.86,0.018,32.354954954954906,BINANCE
2025-09-02 13:45:34.441,110642.0,0.0162,32.252252252252255,BINANCE
2025-09-02 13:45:34.441,110641.99,5e-05,32.25315315315268,BINANCE
2025-09-02 13:45:34.441,110640.87,5e-05,32.35405405405447,BINANCE
2025-09-02 13:45:34.441,110640.87,0.0001,32.35405405405447,BINANCE
2025-09-02 13:45:34.441,110640.86,5e-05,32.354954954954906,BINANCE
2025-09-02 13:45:34.441,110640.86,0.0001,32.354954954954906,BINANCE
2025-09-02 13:45:34.441,110640.86,0.0007,32.354954954954906,BINANCE
2025-09-02 13:45:34.680,110642.0,0.036,32.252252252252255,BINANCE
2025-09-02 13:45:34.804,110642.0,0.001,32.252252252252255,BINANCE
2025-09-02 13:45:34.817,110642.0,0.00099,32.252252252252255,BINANCE
2025-09-02 13:45:34.921,110642.0,0.01211,32.252252252252255,BINANCE
2025-09-02 13:45:34.921,110642.0,5e-05,32.252252252252255,BINANCE
2025-09-02 13:45:34.921,110642.0,0.0007,32.252252252252255,BINANCE
2025-09-02 13:45:34.921,110642.0,0.02314,32.252252252252255,BINANCE
2025-09-02 13:45:35.066,110641.99,0.0001,32.25315315315268,BINANCE
2025-09-02 13:45:35.170,110641.97,5e-05,32.25495495495485,BINANCE
2025-09-02 13:45:35.170,110641.98,5e-05,32.25405405405442,BINANCE
2025-09-02 13:45:35.170,110641.98,0.0001,32.25405405405442,BINANCE
2025-09-02 13:45:35.170,110641.99,5e-05,32.25315315315268,BINANCE
2025-09-02 13:45:35.170,110641.99,0.0001,32.25315315315268,BINANCE
2025-09-02 13:45:35.170,110641.99,0.05422,32.25315315315268,BINANCE
2025-09-02 13:45:35.170,110641.99,0.17959,32.25315315315268,BINANCE
2025-09-02 13:45:35.170,110641.99,0.01808,32.25315315315268,BINANCE
2025-09-02 13:45:35.170,110641.99,0.00759,32.25315315315268,BINANCE
2025-09-02 13:45:35.170,110641.99,0.12612,32.25315315315268,BINANCE
2025-09-02 13:45:35.173,110640.01,5e-05,32.431531531532,BINANCE
2025-09-02 13:45:35.174,110640.01,5e-05,32.431531531532,BINANCE
2025-09-02 13:45:35.223,110640.0,5e-05,32.43243243243243,BINANCE
2025-09-02 13:45:35.223,110640.0,0.0001,32.43243243243243,BINANCE
2025-09-02 13:45:35.223,110638.01,0.0096,32.61171171171218,BINANCE
2025-09-02 13:45:35.223,110639.99,5e-05,32.43333333333286,BINANCE
2025-09-02 13:45:35.223,110640.0,0.4048,32.43243243243243,BINANCE
2025-09-02 13:45:35.225,110638.01,0.00098,32.61171171171218,BINANCE
2025-09-02 13:45:35.226,110638.01,0.00098,32.61171171171218,BINANCE
2025-09-02 13:45:35.304,110638.01,0.01738,32.61171171171218,BINANCE
2025-09-02 13:45:35.304,110638.01,5e-05,32.61171171171218,BINANCE
2025-09-02 13:45:35.304,110638.01,0.05422,32.61171171171218,BINANCE
2025-09-02 13:45:35.304,110638.01,0.01,32.61171171171218,BINANCE
2025-09-02 13:45:35.304,110638.01,0.0001,32.61171171171218,BINANCE
2025-09-02 13:45:35.305,110634.5,5e-05,32.92792792792793,BINANCE
2025-09-02 13:45:35.305,110632.01,5e-05,33.15225225225272,BINANCE
2025-09-02 13:45:35.305,110633.04,5e-05,33.05945945946004,BINANCE
2025-09-02 13:45:35.305,110637.98,5e-05,32.61441441441478,BINANCE
2025-09-02 13:45:35.305,110638.0,5e-05,32.612612612612615,BINANCE
2025-09-02 13:45:35.305,110638.01,0.02684,32.61171171171218,BINANCE
2025-09-02 13:45:35.305,110638.0,0.0001,32.612612612612615,BINANCE
2025-09-02 13:45:35.311,110632.0,5e-05,33.15315315315315,BINANCE
2025-09-02 13:45:35.314,110632.0,0.02196,33.15315315315315,BINANCE
2025-09-02 13:45:35.314,110632.0,5e-05,33.15315315315315,BINANCE
2025-09-02 13:45:35.333,110632.01,0.02757,33.15225225225272,BINANCE
2025-09-02 13:45:35.333,110632.01,0.0021,33.15225225225272,BINANCE
2025-09-02 13:45:35.386,110632.01,0.01809,33.15225225225272,BINANCE
2025-09-02 13:45:35.491,110632.01,0.036,33.15225225225272,BINANCE
2025-09-02 13:45:35.821,110632.0,0.02232,33.15315315315315,BINANCE
2025-09-02 13:45:36.282,110632.0,5e-05,33.15315315315315,BINANCE
2025-09-02 13:45:36.282,110632.0,0.00446,33.15315315315315,BINANCE
2025-09-02 13:45:36.318,110632.0,5e-05,33.15315315315315,BINANCE
2025-09-02 13:45:36.318,110632.0,0.0001,33.15315315315315,BINANCE
2025-09-02 13:45:36.318,110631.99,0.00087,33.15405405405358,BINANCE
2025-09-02 13:45:36.318,110631.99,5e-05,33.15405405405358,BINANCE
2025-09-02 13:45:36.318,110631.99,0.0001,33.15405405405358,BINANCE
2025-09-02 13:45:36.318,110631.98,5e-05,33.15495495495532,BINANCE
2025-09-02 13:45:36.318,110630.33,5e-05,33.30360360360344,BINANCE
2025-09-02 13:45:36.318,110628.01,5e-05,33.51261261261308,BINANCE
2025-09-02 13:45:36.318,110629.09,5e-05,33.41531531531563,BINANCE
2025-09-02 13:45:36.318,110632.0,0.00556,33.15315315315315,BINANCE
2025-09-02 13:45:36.318,110632.0,0.0084,33.15315315315315,BINANCE
2025-09-02 13:45:36.318,110632.0,0.02718,33.15315315315315,BINANCE
2025-09-02 13:45:36.321,110626.01,5e-05,33.69279279279326,BINANCE
2025-09-02 13:45:36.321,110628.0,5e-05,33.513513513513516,BINANCE
2025-09-02 13:45:36.321,110628.0,0.0001,33.513513513513516,BINANCE
2025-09-02 13:45:36.321,110627.62,5e-05,33.54774774774817,BINANCE
2025-09-02 13:45:36.324,110626.0,5e-05,33.693693693693696,BINANCE
2025-09-02 13:45:36.324,110624.82,0.00178,33.79999999999937,BINANCE
2025-09-02 13:45:36.328,110626.01,5e-05,33.69279279279326,BINANCE
2025-09-02 13:45:36.338,110626.0,5e-05,33.693693693693696,BINANCE
2025-09-02 13:45:36.363,110626.0,5e-05,33.693693693693696,BINANCE
2025-09-02 13:45:36.363,110626.0,0.01,33.693693693693696,BINANCE
2025-09-02 13:45:36.363,110626.0,0.1551,33.693693693693696,BINANCE
2025-09-02 13:45:36.363,110626.0,0.0001,33.693693693693696,BINANCE
2025-09-02 13:45:36.424,110626.01,0.00026,33.69279279279326,BINANCE
2025-09-02 13:45:36.431,110622.01,5e-05,34.05315315315363,BINANCE
2025-09-02 13:45:36.431,110625.99,5e-05,33.69459459459412,BINANCE
2025-09-02 13:45:36.431,110625.99,0.0001,33.69459459459412,BINANCE
2025-09-02 13:45:36.431,110625.98,5e-05,33.69549549549586,BINANCE
2025-09-02 13:45:36.431,110624.82,0.00364,33.79999999999937,BINANCE
2025-09-02 13:45:36.431,110623.68,5e-05,33.90270270270334,BINANCE
2025-09-02 13:45:36.431,110622.2,5e-05,34.0360360360363,BINANCE
2025-09-02 13:45:36.431,110622.02,0.003,34.05225225225188,BINANCE
2025-09-02 13:45:36.431,110623.73,5e-05,33.898198198198564,BINANCE
2025-09-02 13:45:36.431,110626.0,5e-05,33.693693693693696,BINANCE
2025-09-02 13:45:36.431,110626.0,0.0001,33.693693693693696,BINANCE
2025-09-02 13:45:36.434,110622.0,5e-05,34.05405405405405,BINANCE
2025-09-02 13:45:36.460,110622.0,0.03924,34.05405405405405,BINANCE
2025-09-02 13:45:36.595,110622.0,5e-05,34.05405405405405,BINANCE
2025-09-02 13:45:36.595,110620.0,0.01648,34.234234234234236,BINANCE
2025-09-02 13:45:36.595,110620.0,5e-05,34.234234234234236,BINANCE
2025-09-02 13:45:36.595,110620.01,5e-05,34.2333333333338,BINANCE
2025-09-02 13:45:36.595,110620.79,5e-05,34.16306306306364,BINANCE
2025-09-02 13:45:36.595,110620.8,5e-05,34.1621621621619,BINANCE
2025-09-02 13:45:36.595,110621.98,5e-05,34.05585585585622,BINANCE
2025-09-02 13:45:36.595,110621.99,0.0001,34.05495495495448,BINANCE
2025-09-02 13:45:36.595,110621.99,5e-05,34.05495495495448,BINANCE
2025-09-02 13:45:36.595,110622.0,0.0001,34.05405405405405,BINANCE
2025-09-02 13:45:36.600,110620.0,5e-05,34.234234234234236,BINANCE
2025-09-02 13:45:36.689,110616.0,0.00603,34.5945945945946,BINANCE
2025-09-02 13:45:36.689,110619.99,5e-05,34.23513513513466,BINANCE
2025-09-02 13:45:36.689,110619.99,0.0001,34.23513513513466,BINANCE
2025-09-02 13:45:36.689,110618.28,5e-05,34.389189189189295,BINANCE
2025-09-02 13:45:36.689,110618.27,5e-05,34.39009009008972,BINANCE
2025-09-02 13:45:36.689,110616.78,5e-05,34.524324324324425,BINANCE
2025-09-02 13:45:36.689,110616.5,0.00018,34.54954954954955,BINANCE
2025-09-02 13:45:36.689,110616.35,0.00022,34.563063063062536,BINANCE
2025-09-02 13:45:36.689,110616.01,5e-05,34.59369369369416,BINANCE
2025-09-02 13:45:36.689,110620.0,5e-05,34.234234234234236,BINANCE
2025-09-02 13:45:36.689,110620.0,0.00155,34.234234234234236,BINANCE
2025-09-02 13:45:36.689,110620.0,0.0001,34.234234234234236,BINANCE
2025-09-02 13:45:36.758,110616.0,0.00027,34.5945945945946,BINANCE
2025-09-02 13:45:36.765,110616.0,0.00013,34.5945945945946,BINANCE
2025-09-02 13:45:36.797,110616.0,0.00013,34.5945945945946,BINANCE
2025-09-02 13:45:36.798,110616.01,0.56238,34.59369369369416,BINANCE
2025-09-02 13:45:36.798,110616.01,1.19458,34.59369369369416,BINANCE
2025-09-02 13:45:36.798,110616.01,0.05569,34.59369369369416,BINANCE
2025-09-02 13:45:36.798,110616.01,0.50625,34.59369369369416,BINANCE
2025-09-02 13:45:36.798,110616.01,0.09995,34.59369369369416,BINANCE
2025-09-02 13:45:36.798,110616.01,0.05998,34.59369369369416,BINANCE
2025-09-02 13:45:36.798,110616.01,0.03767,34.59369369369416,BINANCE
2025-09-02 13:45:36.798,110616.01,0.855,34.59369369369416,BINANCE
2025-09-02 13:45:36.798,110616.01,0.47114,34.59369369369416,BINANCE
2025-09-02 13:45:36.798,110616.01,0.05,34.59369369369416,BINANCE
2025-09-02 13:45:36.798,110616.01,0.43595,34.59369369369416,BINANCE
2025-09-02 13:45:36.798,110616.01,0.14764,34.59369369369416,BINANCE
2025-09-02 13:45:36.798,110616.01,0.14355,34.59369369369416,BINANCE
2025-09-02 13:45:36.798,110616.01,0.1362,34.59369369369416,BINANCE
2025-09-02 13:45:36.798,110616.01,0.10638,34.59369369369416,BINANCE
2025-09-02 13:45:36.800,110616.0,0.00013,34.5945945945946,BINANCE
2025-09-02 13:45:36.807,110616.0,0.00013,34.5945945945946,BINANCE
2025-09-02 13:45:36.810,110616.0,0.00013,34.5945945945946,BINANCE
2025-09-02 13:45:36.813,110616.0,0.00014,34.5945945945946,BINANCE
2025-09-02 13:45:36.821,110616.0,0.01693,34.5945945945946,BINANCE
2025-09-02 13:45:36.821,110616.0,0.00026,34.5945945945946,BINANCE
2025-09-02 13:45:36.833,110616.0,0.00014,34.5945945945946,BINANCE
2025-09-02 13:45:36.836,110616.0,0.00014,34.5945945945946,BINANCE
2025-09-02 13:45:36.836,110616.0,0.00013,34.5945945945946,BINANCE
2025-09-02 13:45:36.838,110616.0,0.00014,34.5945945945946,BINANCE
2025-09-02 13:45:36.841,110616.0,0.00014,34.5945945945946,BINANCE
2025-09-02 13:45:36.842,110616.0,0.00014,34.5945945945946,BINANCE
2025-09-02 13:45:36.847,110616.0,0.00013,34.5945945945946,BINANCE
2025-09-02 13:45:36.848,110616.0,0.00013,34.5945945945946,BINANCE
2025-09-02 13:45:36.851,110616.0,0.00014,34.5945945945946,BINANCE
2025-09-02 13:45:36.854,110616.0,0.00013,34.5945945945946,BINANCE
2025-09-02 13:45:36.857,110616.0,0.00013,34.5945945945946,BINANCE
2025-09-02 13:45:36.860,110616.0,0.00027,34.5945945945946,BINANCE
2025-09-02 13:45:36.861,110616.0,0.00013,34.5945945945946,BINANCE
2025-09-02 13:45:36.866,110616.0,0.00013,34.5945945945946,BINANCE
2025-09-02 13:45:36.897,110616.0,0.00014,34.5945945945946,BINANCE
2025-09-02 13:45:36.898,110616.0,0.00013,34.5945945945946,BINANCE
2025-09-02 13:45:36.899,110616.0,0.00014,34.5945945945946,BINANCE
2025-09-02 13:45:36.903,110616.0,0.00026,34.5945945945946,BINANCE
2025-09-02 13:45:36.906,110616.0,0.00014,34.5945945945946,BINANCE
2025-09-02 13:45:36.910,110616.0,0.00088,34.5945945945946,BINANCE
2025-09-02 13:45:36.913,110616.0,0.00014,34.5945945945946,BINANCE
2025-09-02 13:45:36.913,110616.0,0.00018,34.5945945945946,BINANCE
2025-09-02 13:45:36.918,110616.0,0.00026,34.5945945945946,BINANCE
2025-09-02 13:45:36.928,110616.0,0.00014,34.5945945945946,BINANCE
2025-09-02 13:45:36.930,110616.0,0.00082,34.5945945945946,BINANCE
2025-09-02 13:45:36.938,110616.0,0.00013,34.5945945945946,BINANCE
2025-09-02 13:45:36.939,110616.0,0.00013,34.5945945945946,BINANCE
2025-09-02 13:45:36.940,110616.0,0.00045,34.5945945945946,BINANCE
2025-09-02 13:45:36.959,110616.0,0.00013,34.5945945945946,BINANCE
2025-09-02 13:45:36.960,110616.0,0.00018,34.5945945945946,BINANCE
2025-09-02 13:45:36.963,110616.0,0.00014,34.5945945945946,BINANCE
2025-09-02 13:45:37.013,110616.0,0.00013,34.5945945945946,BINANCE
2025-09-02 13:45:37.013,110616.0,0.00014,34.5945945945946,BINANCE
2025-09-02 13:45:37.013,110616.01,0.00045,34.59369369369416,BINANCE
2025-09-02 13:45:37.016,110616.01,0.036,34.59369369369416,BINANCE
2025-09-02 13:45:37.018,110616.0,0.00013,34.5945945945946,BINANCE
2025-09-02 13:45:37.024,110616.0,0.00013,34.5945945945946,BINANCE
2025-09-02 13:45:37.030,110616.0,0.00014,34.5945945945946,BINANCE
2025-09-02 13:45:37.031,110616.0,0.00013,34.5945945945946,BINANCE
2025-09-02 13:45:37.053,110616.0,0.00014,34.5945945945946,BINANCE
2025-09-02 13:45:37.055,110616.0,0.00014,34.5945945945946,BINANCE
2025-09-02 13:45:37.060,110616.0,0.00013,34.5945945945946,BINANCE
2025-09-02 13:45:37.062,110616.0,0.00014,34.5945945945946,BINANCE
2025-09-02 13:45:37.065,110616.0,0.00013,34.5945945945946,BINANCE
2025-09-02 13:45:37.072,110616.0,0.00014,34.5945945945946,BINANCE
2025-09-02 13:45:37.073,110616.0,0.00014,34.5945945945946,BINANCE
2025-09-02 13:45:37.077,110616.0,0.00018,34.5945945945946,BINANCE
2025-09-02 13:45:37.079,110616.0,0.00014,34.5945945945946,BINANCE
2025-09-02 13:45:37.081,110616.0,0.00014,34.5945945945946,BINANCE
2025-09-02 13:45:37.089,110616.0,0.00014,34.5945945945946,BINANCE
2025-09-02 13:45:37.092,110616.0,0.00027,34.5945945945946,BINANCE
2025-09-02 13:45:37.098,110616.0,0.00013,34.5945945945946,BINANCE
2025-09-02 13:45:37.099,110616.0,0.00014,34.5945945945946,BINANCE
2025-09-02 13:45:37.100,110616.0,0.00014,34.5945945945946,BINANCE
2025-09-02 13:45:37.112,110616.0,0.00013,34.5945945945946,BINANCE
2025-09-02 13:45:37.126,110616.0,0.00014,34.5945945945946,BINANCE
2025-09-02 13:45:37.128,110616.0,0.00014,34.5945945945946,BINANCE
2025-09-02 13:45:37.131,110616.0,0.00026,34.5945945945946,BINANCE
2025-09-02 13:45:37.138,110616.0,0.00016,34.5945945945946,BINANCE
2025-09-02 13:45:37.152,110616.0,0.00045,34.5945945945946,BINANCE
2025-09-02 13:45:37.177,110616.0,0.00045,34.5945945945946,BINANCE
2025-09-02 13:45:37.186,110616.0,0.00013,34.5945945945946,BINANCE
2025-09-02 13:45:37.190,110616.0,0.00041,34.5945945945946,BINANCE
2025-09-02 13:45:37.192,110616.0,0.00014,34.5945945945946,BINANCE
2025-09-02 13:45:37.193,110616.0,0.00013,34.5945945945946,BINANCE
2025-09-02 13:45:37.194,110616.01,0.01003,34.59369369369416,BINANCE
2025-09-02 13:45:37.228,110616.0,0.00014,34.5945945945946,BINANCE
2025-09-02 13:45:37.232,110616.0,0.00014,34.5945945945946,BINANCE
2025-09-02 13:45:37.232,110616.0,0.00013,34.5945945945946,BINANCE
2025-09-02 13:45:37.254,110616.0,0.00014,34.5945945945946,BINANCE
2025-09-02 13:45:37.255,110616.0,0.00013,34.5945945945946,BINANCE
2025-09-02 13:45:37.275,110616.0,0.00014,34.5945945945946,BINANCE
2025-09-02 13:45:37.278,110616.01,0.00046,34.59369369369416,BINANCE
2025-09-02 13:45:37.278,110616.01,0.00041,34.59369369369416,BINANCE
2025-09-02 13:45:37.278,110616.01,5e-05,34.59369369369416,BINANCE
2025-09-02 13:45:37.280,110616.0,0.00014,34.5945945945946,BINANCE
2025-09-02 13:45:37.282,110616.0,0.00018,34.5945945945946,BINANCE
2025-09-02 13:45:37.282,110616.01,0.35593,34.59369369369416,BINANCE
2025-09-02 13:45:37.282,110616.01,0.0298,34.59369369369416,BINANCE
2025-09-02 13:45:37.282,110616.01,5e-05,34.59369369369416,BINANCE
2025-09-02 13:45:37.282,110616.01,0.01997,34.59369369369416,BINANCE
2025-09-02 13:45:37.282,110616.01,0.0029,34.59369369369416,BINANCE
2025-09-02 13:45:37.289,110616.01,0.00083,34.59369369369416,BINANCE
2025-09-02 13:45:37.289,110616.01,0.00273,34.59369369369416,BINANCE
2025-09-02 13:45:37.296,110616.0,0.00014,34.5945945945946,BINANCE
2025-09-02 13:45:37.310,110616.0,0.00013,34.5945945945946,BINANCE
2025-09-02 13:45:37.311,110616.0,0.00018,34.5945945945946,BINANCE
2025-09-02 13:45:37.325,110616.0,0.00045,34.5945945945946,BINANCE
2025-09-02 13:45:37.331,110616.0,0.00013,34.5945945945946,BINANCE
2025-09-02 13:45:37.332,110616.0,0.00013,34.5945945945946,BINANCE
2025-09-02 13:45:37.333,110616.01,0.00342,34.59369369369416,BINANCE
2025-09-02 13:45:37.337,110616.01,0.00127,34.59369369369416,BINANCE
2025-09-02 13:45:37.352,110616.01,0.00237,34.59369369369416,BINANCE
2025-09-02 13:45:37.373,110616.0,0.00014,34.5945945945946,BINANCE
2025-09-02 13:45:37.373,110616.0,0.00013,34.5945945945946,BINANCE
2025-09-02 13:45:37.391,110616.01,0.036,34.59369369369416,BINANCE
2025-09-02 13:45:37.395,110616.0,0.00013,34.5945945945946,BINANCE
2025-09-02 13:45:37.397,110616.0,0.00014,34.5945945945946,BINANCE
2025-09-02 13:45:37.411,110616.0,0.00014,34.5945945945946,BINANCE
2025-09-02 13:45:37.418,110616.0,0.00013,34.5945945945946,BINANCE
2025-09-02 13:45:37.418,110616.0,0.00014,34.5945945945946,BINANCE
2025-09-02 13:45:37.421,110616.0,0.04633,34.5945945945946,BINANCE
2025-09-02 13:45:37.421,110616.0,0.01507,34.5945945945946,BINANCE
2025-09-02 13:45:37.421,110616.0,5e-05,34.5945945945946,BINANCE
2025-09-02 13:45:37.422,110616.0,0.00014,34.5945945945946,BINANCE
2025-09-02 13:45:37.424,110616.0,0.00013,34.5945945945946,BINANCE
2025-09-02 13:45:37.427,110616.0,0.00014,34.5945945945946,BINANCE
2025-09-02 13:45:37.437,110616.0,0.00027,34.5945945945946,BINANCE
2025-09-02 13:45:37.441,110616.0,0.00014,34.5945945945946,BINANCE
2025-09-02 13:45:37.472,110616.0,5e-05,34.5945945945946,BINANCE
2025-09-02 13:45:37.475,110616.0,0.00014,34.5945945945946,BINANCE
2025-09-02 13:45:37.477,110616.0,0.00013,34.5945945945946,BINANCE
2025-09-02 13:45:37.480,110616.0,0.00014,34.5945945945946,BINANCE
2025-09-02 13:45:37.486,110616.0,0.00014,34.5945945945946,BINANCE
2025-09-02 13:45:37.489,110616.0,0.00013,34.5945945945946,BINANCE
2025-09-02 13:45:37.553,110616.0,0.00014,34.5945945945946,BINANCE
2025-09-02 13:45:37.603,110616.0,0.00018,34.5945945945946,BINANCE
2025-09-02 13:45:37.634,110616.0,0.00019,34.5945945945946,BINANCE
2025-09-02 13:45:37.643,110616.0,0.00017,34.5945945945946,BINANCE
2025-09-02 13:45:37.652,110616.0,0.00045,34.5945945945946,BINANCE
2025-09-02 13:45:37.653,110616.01,5e-05,34.59369369369416,BINANCE
2025-09-02 13:45:37.653,110616.01,0.0187,34.59369369369416,BINANCE
2025-09-02 13:45:37.700,110616.0,0.00013,34.5945945945946,BINANCE
2025-09-02 13:45:37.703,110616.0,0.00013,34.5945945945946,BINANCE
2025-09-02 13:45:37.708,110616.0,0.00013,34.5945945945946,BINANCE
2025-09-02 13:45:37.712,110616.0,0.00013,34.5945945945946,BINANCE
2025-09-02 13:45:37.713,110616.0,0.00014,34.5945945945946,BINANCE
2025-09-02 13:45:37.715,110616.0,0.00013,34.5945945945946,BINANCE
2025-09-02 13:45:37.733,110616.0,0.00013,34.5945945945946,BINANCE
2025-09-02 13:45:37.734,110616.0,0.00014,34.5945945945946,BINANCE
2025-09-02 13:45:37.738,110616.0,0.00014,34.5945945945946,BINANCE
2025-09-02 13:45:37.741,110616.0,0.00013,34.5945945945946,BINANCE
2025-09-02 13:45:37.741,110616.0,0.00014,34.5945945945946,BINANCE
2025-09-02 13:45:37.744,110616.0,0.00014,34.5945945945946,BINANCE
2025-09-02 13:45:37.748,110616.0,0.00013,34.5945945945946,BINANCE
2025-09-02 13:45:37.756,110616.0,0.00013,34.5945945945946,BINANCE
2025-09-02 13:45:37.761,110616.0,0.00014,34.5945945945946,BINANCE
2025-09-02 13:45:37.763,110616.0,0.00044,34.5945945945946,BINANCE
2025-09-02 13:45:37.764,110616.0,0.00014,34.5945945945946,BINANCE
2025-09-02 13:45:37.769,110616.0,0.00013,34.5945945945946,BINANCE
2025-09-02 13:45:37.771,110616.0,0.00014,34.5945945945946,BINANCE
2025-09-02 13:45:37.772,110616.0,0.00013,34.5945945945946,BINANCE
2025-09-02 13:45:37.773,110616.0,0.00014,34.5945945945946,BINANCE
2025-09-02 13:45:37.774,110616.0,0.00014,34.5945945945946,BINANCE
2025-09-02 13:45:37.796,110616.0,0.00014,34.5945945945946,BINANCE
2025-09-02 13:45:37.798,110616.0,0.00014,34.5945945945946,BINANCE
2025-09-02 13:45:37.801,110616.0,0.00013,34.5945945945946,BINANCE
2025-09-02 13:45:37.803,110616.0,0.00013,34.5945945945946,BINANCE
2025-09-02 13:45:37.806,110616.0,0.00014,34.5945945945946,BINANCE
2025-09-02 13:45:37.809,110616.0,0.00014,34.5945945945946,BINANCE
2025-09-02 13:45:37.811,110616.01,5e-05,34.59369369369416,BINANCE
2025-09-02 13:45:37.811,110616.01,0.00021,34.59369369369416,BINANCE
2025-09-02 13:45:37.811,110616.01,0.001,34.59369369369416,BINANCE
2025-09-02 13:45:37.811,110616.01,0.00064,34.59369369369416,BINANCE
2025-09-02 13:45:37.811,110616.01,0.03341,34.59369369369416,BINANCE
2025-09-02 13:45:37.811,110616.01,0.0001,34.59369369369416,BINANCE
2025-09-02 13:45:37.817,110616.01,0.00014,34.59369369369416,BINANCE
2025-09-02 13:45:37.818,110616.01,0.00014,34.59369369369416,BINANCE
2025-09-02 13:45:37.823,110616.01,0.00013,34.59369369369416,BINANCE
2025-09-02 13:45:37.827,110616.01,0.00013,34.59369369369416,BINANCE
2025-09-02 13:45:37.833,110616.01,0.00014,34.59369369369416,BINANCE
2025-09-02 13:45:37.835,110616.01,0.00014,34.59369369369416,BINANCE
2025-09-02 13:45:37.839,110616.01,0.00013,34.59369369369416,BINANCE
2025-09-02 13:45:37.852,110616.01,0.00013,34.59369369369416,BINANCE
2025-09-02 13:45:37.855,110616.01,0.00035,34.59369369369416,BINANCE
2025-09-02 13:45:37.859,110616.01,0.00014,34.59369369369416,BINANCE
2025-09-02 13:45:37.861,110616.01,0.00013,34.59369369369416,BINANCE
2025-09-02 13:45:37.881,110616.01,0.00013,34.59369369369416,BINANCE
2025-09-02 13:45:37.885,110616.01,0.00013,34.59369369369416,BINANCE
2025-09-02 13:45:37.886,110616.01,0.00053,34.59369369369416,BINANCE
2025-09-02 13:45:37.891,110616.01,0.00013,34.59369369369416,BINANCE
2025-09-02 13:45:37.893,110616.01,0.00013,34.59369369369416,BINANCE
2025-09-02 13:45:37.919,110616.01,0.00032,34.59369369369416,BINANCE
2025-09-02 13:45:37.923,110616.01,0.00014,34.59369369369416,BINANCE
2025-09-02 13:45:38.070,110616.01,0.00039,34.59369369369416,BINANCE
2025-09-02 13:45:38.112,110616.01,0.00015,34.59369369369416,BINANCE
2025-09-02 13:45:38.334,110616.01,0.00451,34.59369369369416,BINANCE
2025-09-02 13:45:38.543,110619.99,5e-05,34.23513513513466,BINANCE
2025-09-02 13:45:38.543,110618.27,5e-05,34.39009009008972,BINANCE
2025-09-02 13:45:38.543,110616.03,0.0001,34.591891891892,BINANCE
2025-09-02 13:45:38.543,110616.02,0.0001,34.59279279279242,BINANCE
2025-09-02 13:45:38.543,110616.02,5e-05,34.59279279279242,BINANCE
2025-09-02 13:45:38.543,110616.02,0.03149,34.59279279279242,BINANCE
2025-09-02 13:45:38.543,110616.02,0.04519,34.59279279279242,BINANCE
2025-09-02 13:45:38.546,110620.0,5e-05,34.234234234234236,BINANCE
2025-09-02 13:45:38.546,110620.01,0.0001,34.2333333333338,BINANCE
2025-09-02 13:45:38.546,110621.99,5e-05,34.05495495495448,BINANCE
2025-09-02 13:45:38.549,110621.99,0.00875,34.05495495495448,BINANCE
2025-09-02 13:45:38.549,110621.99,0.0217,34.05495495495448,BINANCE
2025-09-02 13:45:38.559,110622.0,5e-05,34.05405405405405,BINANCE
2025-09-02 13:45:38.559,110622.0,0.0001,34.05405405405405,BINANCE
2025-09-02 13:45:38.559,110622.0,0.01845,34.05405405405405,BINANCE
2025-09-02 13:45:38.559,110622.0,0.01,34.05405405405405,BINANCE
2025-09-02 13:45:38.605,110622.0,0.001,34.05405405405405,BINANCE
2025-09-02 13:45:38.606,110622.0,0.001,34.05405405405405,BINANCE
2025-09-02 13:45:38.607,110622.0,0.001,34.05405405405405,BINANCE
2025-09-02 13:45:38.662,110622.0,5e-05,34.05405405405405,BINANCE
2025-09-02 13:45:38.662,110622.0,0.01,34.05405405405405,BINANCE
2025-09-02 13:45:38.662,110622.0,0.03494,34.05405405405405,BINANCE
2025-09-02 13:45:38.662,110622.0,0.0001,34.05405405405405,BINANCE
2025-09-02 13:45:38.662,110622.0,0.00046,34.05405405405405,BINANCE
2025-09-02 13:45:38.748,110622.0,0.00089,34.05405405405405,BINANCE
2025-09-02 13:45:38.792,110623.99,5e-05,33.8747747747743,BINANCE
2025-09-02 13:45:38.792,110622.01,0.0001,34.05315315315363,BINANCE
2025-09-02 13:45:38.792,110622.0,0.00122,34.05405405405405,BINANCE
2025-09-02 13:45:38.792,110622.0,5e-05,34.05405405405405,BINANCE
2025-09-02 13:45:38.792,110622.0,0.0001,34.05405405405405,BINANCE
2025-09-02 13:45:38.792,110623.68,5e-05,33.90270270270334,BINANCE
2025-09-02 13:45:39.074,110624.0,0.05223,33.873873873873876,BINANCE
2025-09-02 13:45:39.074,110624.0,5e-05,33.873873873873876,BINANCE
2025-09-02 13:45:39.273,110623.99,0.00013,33.8747747747743,BINANCE
2025-09-02 13:45:39.300,110623.99,5e-05,33.8747747747743,BINANCE
2025-09-02 13:45:39.428,110623.99,0.00252,33.8747747747743,BINANCE
2025-09-02 13:45:39.518,110623.99,0.00012,33.8747747747743,BINANCE
2025-09-02 13:45:39.988,110623.99,0.00626,33.8747747747743,BINANCE
2025-09-02 13:45:40.015,110624.0,0.00056,33.873873873873876,BINANCE
2025-09-02 13:45:40.039,110624.0,0.036,33.873873873873876,BINANCE
2025-09-02 13:45:40.182,110624.0,5e-05,33.873873873873876,BINANCE
2025-09-02 13:45:40.182,110624.0,0.0001,33.873873873873876,BINANCE
2025-09-02 13:45:40.182,110624.01,5e-05,33.87297297297344,BINANCE
2025-09-02 13:45:40.182,110624.66,5e-05,33.8144144144141,BINANCE
2025-09-02 13:45:40.182,110624.01,0.0001,33.87297297297344,BINANCE
2025-09-02 13:45:40.182,110624.0,0.00287,33.873873873873876,BINANCE
2025-09-02 13:45:40.182,110624.0,0.00122,33.873873873873876,BINANCE
2025-09-02 13:45:40.182,110624.0,0.00051,33.873873873873876,BINANCE
2025-09-02 13:45:40.182,110624.0,0.00046,33.873873873873876,BINANCE
2025-09-02 13:45:40.184,110624.82,0.0009,33.79999999999937,BINANCE
2025-09-02 13:45:40.184,110624.67,5e-05,33.81351351351367,BINANCE
2025-09-02 13:45:40.189,110624.81,0.02732,33.80090090090111,BINANCE
2025-09-02 13:45:40.204,110624.82,5e-05,33.79999999999937,BINANCE
2025-09-02 13:45:40.204,110624.82,0.01,33.79999999999937,BINANCE
2025-09-02 13:45:40.204,110624.82,0.00207,33.79999999999937,BINANCE
2025-09-02 13:45:40.204,110624.82,0.0001,33.79999999999937,BINANCE
2025-09-02 13:45:40.377,110624.81,0.00451,33.80090090090111,BINANCE
2025-09-02 13:45:40.511,110624.82,0.00371,33.79999999999937,BINANCE
2025-09-02 13:45:40.721,110624.82,0.036,33.79999999999937,BINANCE
2025-09-02 13:45:40.773,110624.82,0.0001,33.79999999999937,BINANCE
2025-09-02 13:45:40.773,110624.82,0.01,33.79999999999937,BINANCE
2025-09-02 13:45:40.773,110624.82,0.03049,33.79999999999937,BINANCE
2025-09-02 13:45:40.773,110624.82,5e-05,33.79999999999937,BINANCE
2025-09-02 13:45:40.773,110624.82,0.00057,33.79999999999937,BINANCE
2025-09-02 13:45:40.774,110624.83,5e-05,33.799099099098946,BINANCE
2025-09-02 13:45:40.774,110624.84,5e-05,33.79819819819851,BINANCE
2025-09-02 13:45:40.774,110624.84,0.04519,33.79819819819851,BINANCE
2025-09-02 13:45:40.774,110624.83,0.0001,33.799099099098946,BINANCE
2025-09-02 13:45:40.774,110624.83,0.00178,33.799099099098946,BINANCE
2025-09-02 13:45:40.774,110624.83,0.00364,33.799099099098946,BINANCE
2025-09-02 13:45:40.774,110624.82,5e-05,33.79999999999937,BINANCE
2025-09-02 13:45:40.774,110624.82,0.01418,33.79999999999937,BINANCE
2025-09-02 13:45:40.774,110624.82,0.0084,33.79999999999937,BINANCE
2025-09-02 13:45:40.780,110627.5,0.03144,33.55855855855856,BINANCE
2025-09-02 13:45:40.788,110627.5,0.0013,33.55855855855856,BINANCE
2025-09-02 13:45:40.791,110627.52,5e-05,33.55675675675639,BINANCE
2025-09-02 13:45:40.791,110627.99,5e-05,33.51441441441394,BINANCE
2025-09-02 13:45:40.791,110627.51,5e-05,33.557657657658126,BINANCE
2025-09-02 13:45:40.791,110627.52,0.00885,33.55675675675639,BINANCE
2025-09-02 13:45:40.791,110627.52,0.00923,33.55675675675639,BINANCE
2025-09-02 13:45:40.791,110627.52,0.0001,33.55675675675639,BINANCE
2025-09-02 13:45:40.791,110627.51,0.0001,33.557657657658126,BINANCE
2025-09-02 13:45:40.791,110627.51,0.002,33.557657657658126,BINANCE
2025-09-02 13:45:40.792,110632.0,5e-05,33.15315315315315,BINANCE
2025-09-02 13:45:40.792,110632.95,0.008,33.06756756756783,BINANCE
2025-09-02 13:45:40.792,110632.95,0.00808,33.06756756756783,BINANCE
2025-09-02 13:45:40.792,110632.94,5e-05,33.06846846846826,BINANCE
2025-09-02 13:45:40.792,110632.62,5e-05,33.097297297297715,BINANCE
2025-09-02 13:45:40.792,110632.61,0.003,33.09819819819815,BINANCE
2025-09-02 13:45:40.792,110631.99,5e-05,33.15405405405358,BINANCE
2025-09-02 13:45:40.792,110630.0,5e-05,33.333333333333336,BINANCE
2025-09-02 13:45:40.792,110631.0,7e-05,33.24324324324324,BINANCE
2025-09-02 13:45:40.792,110629.99,5e-05,33.33423423423376,BINANCE
2025-09-02 13:45:40.792,110629.09,5e-05,33.41531531531563,BINANCE
2025-09-02 13:45:40.792,110628.0,5e-05,33.513513513513516,BINANCE
2025-09-02 13:45:40.793,110633.99,5e-05,32.9738738738734,BINANCE
2025-09-02 13:45:40.793,110634.0,0.012,32.972972972972975,BINANCE
2025-09-02 13:45:40.793,110634.0,0.00462,32.972972972972975,BINANCE
2025-09-02 13:45:40.793,110632.95,5e-05,33.06756756756783,BINANCE
2025-09-02 13:45:40.793,110632.95,0.00708,33.06756756756783,BINANCE
2025-09-02 13:45:40.793,110632.95,0.012,33.06756756756783,BINANCE
2025-09-02 13:45:40.793,110633.04,5e-05,33.05945945946004,BINANCE
2025-09-02 13:45:40.794,110634.0,0.012,32.972972972972975,BINANCE
2025-09-02 13:45:40.794,110634.0,0.00168,32.972972972972975,BINANCE
2025-09-02 13:45:40.794,110634.0,5e-05,32.972972972972975,BINANCE
2025-09-02 13:45:40.794,110634.0,0.01022,32.972972972972975,BINANCE
2025-09-02 13:45:40.795,110634.0,0.012,32.972972972972975,BINANCE
2025-09-02 13:45:40.804,110634.0,0.01185,32.972972972972975,BINANCE
2025-09-02 13:45:40.804,110634.0,5e-05,32.972972972972975,BINANCE
2025-09-02 13:45:40.831,110634.0,0.039,32.972972972972975,BINANCE
2025-09-02 13:45:40.832,110634.0,0.069,32.972972972972975,BINANCE
2025-09-02 13:45:40.900,110634.0,5e-05,32.972972972972975,BINANCE
2025-09-02 13:45:40.900,110635.99,5e-05,32.79369369369322,BINANCE
2025-09-02 13:45:40.900,110634.5,5e-05,32.92792792792793,BINANCE
2025-09-02 13:45:40.900,110634.01,0.0001,32.97207207207254,BINANCE
2025-09-02 13:45:40.900,110634.01,5e-05,32.97207207207254,BINANCE
2025-09-02 13:45:40.900,110634.0,0.0001,32.972972972972975,BINANCE
2025-09-02 13:45:40.931,110636.0,5e-05,32.792792792792795,BINANCE
2025-09-02 13:45:40.931,110636.0,0.00055,32.792792792792795,BINANCE
2025-09-02 13:45:40.993,110636.0,0.00057,32.792792792792795,BINANCE
2025-09-02 13:45:41.082,110636.0,0.036,32.792792792792795,BINANCE
2025-09-02 13:45:41.234,110636.0,0.01071,32.792792792792795,BINANCE
2025-09-02 13:45:41.235,110636.0,0.01071,32.792792792792795,BINANCE
2025-09-02 13:45:41.235,110636.0,0.01,32.792792792792795,BINANCE
2025-09-02 13:45:41.235,110636.0,0.00996,32.792792792792795,BINANCE
2025-09-02 13:45:41.235,110636.0,5e-05,32.792792792792795,BINANCE
2025-09-02 13:45:41.235,110636.0,0.0001,32.792792792792795,BINANCE
2025-09-02 13:45:41.236,110638.46,5e-05,32.5711711711706,BINANCE
2025-09-02 13:45:41.236,110638.0,5e-05,32.612612612612615,BINANCE
2025-09-02 13:45:41.236,110637.99,5e-05,32.61351351351304,BINANCE
2025-09-02 13:45:41.236,110636.02,5e-05,32.79099099099062,BINANCE
2025-09-02 13:45:41.236,110638.75,5e-05,32.54504504504504,BINANCE
2025-09-02 13:45:41.236,110636.02,0.01807,32.79099099099062,BINANCE
2025-09-02 13:45:41.236,110636.0,0.0001,32.792792792792795,BINANCE
2025-09-02 13:45:41.236,110636.01,5e-05,32.79189189189236,BINANCE
2025-09-02 13:45:41.236,110636.01,0.0001,32.79189189189236,BINANCE
2025-09-02 13:45:41.244,110639.91,0.01,32.440540540540226,BINANCE
2025-09-02 13:45:41.244,110639.91,0.00784,32.440540540540226,BINANCE
2025-09-02 13:45:41.244,110639.91,0.0007,32.440540540540226,BINANCE
2025-09-02 13:45:41.244,110639.91,0.0001,32.440540540540226,BINANCE
2025-09-02 13:45:41.244,110639.91,5e-05,32.440540540540226,BINANCE
2025-09-02 13:45:41.291,110639.91,0.001,32.440540540540226,BINANCE
2025-09-02 13:45:41.317,110639.9,0.00341,32.44144144144197,BINANCE
2025-09-02 13:45:41.344,110639.9,0.01806,32.44144144144197,BINANCE
2025-09-02 13:45:41.364,110639.91,0.036,32.440540540540226,BINANCE
2025-09-02 13:45:41.608,110639.91,0.0005,32.440540540540226,BINANCE
2025-09-02 13:45:41.608,110639.91,5e-05,32.440540540540226,BINANCE
2025-09-02 13:45:41.637,110639.91,5e-05,32.440540540540226,BINANCE
2025-09-02 13:45:41.637,110639.91,0.00967,32.440540540540226,BINANCE
2025-09-02 13:45:41.663,110639.91,0.001,32.440540540540226,BINANCE
2025-09-02 13:45:41.668,110639.91,0.06979,32.440540540540226,BINANCE
2025-09-02 13:45:41.669,110639.92,5e-05,32.4396396396398,BINANCE
2025-09-02 13:45:41.669,110639.92,0.0001,32.4396396396398,BINANCE
2025-09-02 13:45:41.669,110640.0,5e-05,32.43243243243243,BINANCE
2025-09-02 13:45:41.669,110640.0,0.01808,32.43243243243243,BINANCE
2025-09-02 13:45:41.669,110640.0,0.00068,32.43243243243243,BINANCE
2025-09-02 13:45:41.669,110640.05,0.04519,32.42792792792767,BINANCE
2025-09-02 13:45:41.669,110639.91,5e-05,32.440540540540226,BINANCE
2025-09-02 13:45:41.669,110639.91,0.40896,32.440540540540226,BINANCE
2025-09-02 13:45:41.669,110639.91,0.0001,32.440540540540226,BINANCE
2025-09-02 13:45:41.670,110645.0,5e-05,31.98198198198198,BINANCE
2025-09-02 13:45:41.670,110645.0,0.00346,31.98198198198198,BINANCE
2025-09-02 13:45:41.670,110645.0,0.00053,31.98198198198198,BINANCE
2025-09-02 13:45:41.670,110645.0,0.00054,31.98198198198198,BINANCE
2025-09-02 13:45:41.670,110645.0,0.00099,31.98198198198198,BINANCE
2025-09-02 13:45:41.670,110645.0,0.00904,31.98198198198198,BINANCE
2025-09-02 13:45:41.670,110645.0,0.00401,31.98198198198198,BINANCE
2025-09-02 13:45:41.670,110643.86,0.002,32.08468468468463,BINANCE
2025-09-02 13:45:41.670,110643.88,5e-05,32.082882882882465,BINANCE
2025-09-02 13:45:41.670,110644.72,0.00181,32.0072072072071,BINANCE
2025-09-02 13:45:41.670,110644.35,0.00022,32.040540540540015,BINANCE
2025-09-02 13:45:41.671,110645.52,5e-05,31.935135135134768,BINANCE
2025-09-02 13:45:41.671,110645.51,5e-05,31.93603603603651,BINANCE
2025-09-02 13:45:41.671,110645.54,0.00995,31.93333333333391,BINANCE
2025-09-02 13:45:41.671,110645.32,5e-05,31.953153153152524,BINANCE
2025-09-02 13:45:41.671,110645.02,5e-05,31.98018018017981,BINANCE
2025-09-02 13:45:41.672,110645.54,5e-05,31.93333333333391,BINANCE
2025-09-02 13:45:41.673,110646.0,0.00028,31.891891891891895,BINANCE
2025-09-02 13:45:41.673,110645.83,0.0001,31.90720720720705,BINANCE
2025-09-02 13:45:41.673,110646.0,0.00055,31.891891891891895,BINANCE
2025-09-02 13:45:41.674,110645.55,5e-05,31.93243243243217,BINANCE
2025-09-02 13:45:41.674,110645.54,5e-05,31.93333333333391,BINANCE
2025-09-02 13:45:41.675,110645.55,5e-05,31.93243243243217,BINANCE
2025-09-02 13:45:41.675,110645.54,5e-05,31.93333333333391,BINANCE
2025-09-02 13:45:41.675,110648.71,5e-05,31.64774774774717,BINANCE
2025-09-02 13:45:41.675,110648.88,0.0001,31.63243243243201,BINANCE
2025-09-02 13:45:41.675,110649.3,5e-05,31.59459459459433,BINANCE
2025-09-02 13:45:41.675,110645.82,0.03401,31.90810810810748,BINANCE
2025-09-02 13:45:41.676,110645.83,5e-05,31.90720720720705,BINANCE
2025-09-02 13:45:41.676,110650.73,5e-05,31.465765765766132,BINANCE
2025-09-02 13:45:41.676,110645.84,5e-05,31.90630630630662,BINANCE
2025-09-02 13:45:41.677,110645.84,5e-05,31.90630630630662,BINANCE
2025-09-02 13:45:41.677,110645.83,5e-05,31.90720720720705,BINANCE
2025-09-02 13:45:41.678,110645.83,5e-05,31.90720720720705,BINANCE
2025-09-02 13:45:41.678,110645.84,5e-05,31.90630630630662,BINANCE
2025-09-02 13:45:41.685,110648.71,5e-05,31.64774774774717,BINANCE
2025-09-02 13:45:41.685,110648.72,5e-05,31.646846846846742,BINANCE
2025-09-02 13:45:41.685,110648.73,5e-05,31.645945945946316,BINANCE
2025-09-02 13:45:41.690,110650.73,5e-05,31.465765765766132,BINANCE
2025-09-02 13:45:41.690,110650.74,5e-05,31.464864864864392,BINANCE
2025-09-02 13:45:41.701,110651.82,5e-05,31.36756756756694,BINANCE
2025-09-02 13:45:41.705,110659.22,5e-05,30.700900900900795,BINANCE
2025-09-02 13:45:41.705,110657.58,5e-05,30.848648648648492,BINANCE
2025-09-02 13:45:41.705,110660.0,0.01516,30.63063063063063,BINANCE
2025-09-02 13:45:41.705,110658.08,0.00212,30.80360360360345,BINANCE
2025-09-02 13:45:41.705,110657.57,5e-05,30.84954954954892,BINANCE
2025-09-02 13:45:41.705,110659.23,5e-05,30.700000000000365,BINANCE
2025-09-02 13:45:41.705,110659.33,5e-05,30.69099099099083,BINANCE
2025-09-02 13:45:41.705,110659.77,5e-05,30.651351351350986,BINANCE
2025-09-02 13:45:41.705,110659.82,0.0001,30.646846846846216,BINANCE
2025-09-02 13:45:41.705,110656.94,5e-05,30.9063063063061,BINANCE
2025-09-02 13:45:41.705,110656.99,0.0001,30.90180180180133,BINANCE
2025-09-02 13:45:41.705,110651.82,5e-05,31.36756756756694,BINANCE
2025-09-02 13:45:41.705,110651.83,0.0001,31.366666666666507,BINANCE
2025-09-02 13:45:41.705,110653.0,7e-05,31.26126126126126,BINANCE
2025-09-02 13:45:41.705,110654.72,5e-05,31.1063063063062,BINANCE
2025-09-02 13:45:41.705,110655.27,5e-05,31.056756756756393,BINANCE
2025-09-02 13:45:41.705,110652.47,5e-05,31.309009009008907,BINANCE
2025-09-02 13:45:41.705,110656.14,5e-05,30.97837837837843,BINANCE
2025-09-02 13:45:41.705,110656.95,5e-05,30.90540540540567,BINANCE
2025-09-02 13:45:41.705,110655.9,5e-05,31.000000000000522,BINANCE
2025-09-02 13:45:41.707,110662.76,5e-05,30.381981981982452,BINANCE
2025-09-02 13:45:41.707,110664.4,0.00893,30.23423423423476,BINANCE
2025-09-02 13:45:41.707,110664.35,7e-05,30.238738738738213,BINANCE
2025-09-02 13:45:41.707,110664.33,0.00075,30.24054054054038,BINANCE
2025-09-02 13:45:41.707,110664.0,0.002,30.27027027027027,BINANCE
2025-09-02 13:45:41.707,110664.0,7e-05,30.27027027027027,BINANCE
2025-09-02 13:45:41.707,110663.79,0.0001,30.289189189189766,BINANCE
2025-09-02 13:45:41.707,110661.56,5e-05,30.490090090090302,BINANCE
2025-09-02 13:45:41.707,110661.47,5e-05,30.498198198198093,BINANCE
2025-09-02 13:45:41.707,110660.89,0.00082,30.5504504504505,BINANCE
2025-09-02 13:45:41.707,110660.14,5e-05,30.61801801801807,BINANCE
2025-09-02 13:45:41.707,110660.0,0.002,30.63063063063063,BINANCE
2025-09-02 13:45:41.707,110660.0,0.00291,30.63063063063063,BINANCE
2025-09-02 13:45:41.707,110661.55,5e-05,30.490990990990728,BINANCE
2025-09-02 13:45:41.709,110664.39,0.03488,30.235135135135188,BINANCE
2025-09-02 13:45:41.710,110665.08,0.0004,30.172972972972815,BINANCE
2025-09-02 13:45:41.710,110665.17,0.00013,30.164864864865024,BINANCE
2025-09-02 13:45:41.710,110665.44,8e-05,30.14054054054033,BINANCE
2025-09-02 13:45:41.710,110665.82,0.016,30.106306306305676,BINANCE
2025-09-02 13:45:41.710,110665.62,5e-05,30.124324324324746,BINANCE
2025-09-02 13:45:41.710,110665.82,0.00793,30.106306306305676,BINANCE
2025-09-02 13:45:41.710,110665.0,0.00011,30.18018018018018,BINANCE
2025-09-02 13:45:41.710,110665.56,5e-05,30.129729729729938,BINANCE
2025-09-02 13:45:41.710,110664.84,0.0001,30.194594594594907,BINANCE
2025-09-02 13:45:41.710,110665.42,0.0002,30.1423423423425,BINANCE
2025-09-02 13:45:41.710,110664.84,0.00012,30.194594594594907,BINANCE
2025-09-02 13:45:41.710,110664.84,7e-05,30.194594594594907,BINANCE
2025-09-02 13:45:41.710,110664.84,0.00024,30.194594594594907,BINANCE
2025-09-02 13:45:41.710,110664.69,0.00012,30.208108108107897,BINANCE
2025-09-02 13:45:41.710,110664.54,0.0007,30.221621621622198,BINANCE
2025-09-02 13:45:41.710,110664.4,0.00844,30.23423423423476,BINANCE
2025-09-02 13:45:41.711,110665.82,0.018,30.106306306305676,BINANCE
2025-09-02 13:45:41.713,110665.82,0.019,30.106306306305676,BINANCE
2025-09-02 13:45:41.714,110665.82,0.01885,30.106306306305676,BINANCE
2025-09-02 13:45:41.715,110665.82,0.02,30.106306306305676,BINANCE
2025-09-02 13:45:41.727,110665.82,0.018,30.106306306305676,BINANCE
2025-09-02 13:45:41.728,110665.82,0.019,30.106306306305676,BINANCE
2025-09-02 13:45:41.737,110665.82,0.019,30.106306306305676,BINANCE
2025-09-02 13:45:41.796,110665.82,0.0001,30.106306306305676,BINANCE
2025-09-02 13:45:41.796,110665.82,5e-05,30.106306306305676,BINANCE
2025-09-02 13:45:41.796,110665.82,0.01,30.106306306305676,BINANCE
2025-09-02 13:45:41.810,110665.82,0.02904,30.106306306305676,BINANCE
2025-09-02 13:45:41.810,110665.82,5e-05,30.106306306305676,BINANCE
2025-09-02 13:45:41.812,110665.82,0.0002,30.106306306305676,BINANCE
2025-09-02 13:45:41.814,110665.82,0.0002,30.106306306305676,BINANCE
2025-09-02 13:45:41.834,110665.83,5e-05,30.10540540540525,BINANCE
2025-09-02 13:45:41.834,110665.99,5e-05,30.090990990990516,BINANCE
2025-09-02 13:45:41.834,110665.98,5e-05,30.091891891892256,BINANCE
2025-09-02 13:45:41.834,110665.82,0.0001,30.106306306305676,BINANCE
2025-09-02 13:45:41.834,110665.82,5e-05,30.106306306305676,BINANCE
2025-09-02 13:45:41.834,110665.82,0.00565,30.106306306305676,BINANCE
2025-09-02 13:45:41.846,110665.99,0.00045,30.090990990990516,BINANCE
2025-09-02 13:45:41.858,110666.66,5e-05,30.030630630630316,BINANCE
2025-09-02 13:45:41.858,110666.66,0.00057,30.030630630630316,BINANCE
2025-09-02 13:45:41.858,110666.66,7e-05,30.030630630630316,BINANCE
2025-09-02 13:45:41.858,110666.66,0.00028,30.030630630630316,BINANCE
2025-09-02 13:45:41.858,110666.66,0.00026,30.030630630630316,BINANCE
2025-09-02 13:45:41.858,110666.66,0.00055,30.030630630630316,BINANCE
2025-09-02 13:45:41.858,110666.66,9e-05,30.030630630630316,BINANCE
2025-09-02 13:45:41.858,110666.66,0.00011,30.030630630630316,BINANCE
2025-09-02 13:45:41.858,110666.66,0.00071,30.030630630630316,BINANCE
2025-09-02 13:45:41.858,110666.66,0.00013,30.030630630630316,BINANCE
2025-09-02 13:45:41.858,110666.66,0.00039,30.030630630630316,BINANCE
2025-09-02 13:45:41.858,110666.66,0.00231,30.030630630630316,BINANCE
2025-09-02 13:45:41.858,110666.66,0.0004,30.030630630630316,BINANCE
2025-09-02 13:45:41.858,110666.66,0.00031,30.030630630630316,BINANCE
2025-09-02 13:45:41.858,110666.66,0.00053,30.030630630630316,BINANCE
2025-09-02 13:45:41.858,110666.66,0.00121,30.030630630630316,BINANCE
2025-09-02 13:45:41.858,110666.66,6e-05,30.030630630630316,BINANCE
2025-09-02 13:45:41.858,110666.66,0.00034,30.030630630630316,BINANCE
2025-09-02 13:45:41.858,110666.66,0.0001,30.030630630630316,BINANCE
2025-09-02 13:45:41.858,110666.66,0.00018,30.030630630630316,BINANCE
2025-09-02 13:45:41.858,110666.66,0.00019,30.030630630630316,BINANCE
2025-09-02 13:45:41.858,110666.66,0.00023,30.030630630630316,BINANCE
2025-09-02 13:45:41.858,110666.66,0.00158,30.030630630630316,BINANCE
2025-09-02 13:45:41.858,110666.66,0.00027,30.030630630630316,BINANCE
2025-09-02 13:45:41.858,110666.66,0.00066,30.030630630630316,BINANCE
2025-09-02 13:45:41.858,110666.66,0.00025,30.030630630630316,BINANCE
2025-09-02 13:45:41.858,110666.66,0.0008,30.030630630630316,BINANCE
2025-09-02 13:45:41.858,110666.44,7e-05,30.050450450450242,BINANCE
2025-09-02 13:45:41.858,110666.4,5e-05,30.05405405405458,BINANCE
2025-09-02 13:45:41.858,110666.4,0.00013,30.05405405405458,BINANCE
2025-09-02 13:45:41.858,110666.38,5e-05,30.055855855855434,BINANCE
2025-09-02 13:45:41.858,110666.01,5e-05,30.089189189189664,BINANCE
2025-09-02 13:45:41.858,110666.01,0.0001,30.089189189189664,BINANCE
2025-09-02 13:45:41.858,110666.0,5e-05,30.090090090090087,BINANCE
2025-09-02 13:45:41.858,110666.0,0.0001,30.090090090090087,BINANCE
2025-09-02 13:45:41.858,110666.0,0.1,30.090090090090087,BINANCE
2025-09-02 13:45:41.858,110666.0,9e-05,30.090090090090087,BINANCE
2025-09-02 13:45:41.858,110666.0,0.00092,30.090090090090087,BINANCE
2025-09-02 13:45:41.858,110666.0,0.00379,30.090090090090087,BINANCE
2025-09-02 13:45:41.858,110666.0,0.03121,30.090090090090087,BINANCE
2025-09-02 13:45:41.858,110666.41,7e-05,30.05315315315284,BINANCE
2025-09-02 13:45:41.858,110666.44,0.00167,30.050450450450242,BINANCE
2025-09-02 13:45:41.858,110666.66,0.00014,30.030630630630316,BINANCE
2025-09-02 13:45:41.858,110666.66,0.00126,30.030630630630316,BINANCE
2025-09-02 13:45:41.858,110666.44,9e-05,30.050450450450242,BINANCE
2025-09-02 13:45:41.858,110666.66,0.00046,30.030630630630316,BINANCE
2025-09-02 13:45:41.858,110666.64,7e-05,30.032432432432486,BINANCE
2025-09-02 13:45:41.858,110666.64,8e-05,30.032432432432486,BINANCE
2025-09-02 13:45:41.858,110666.6,0.00056,30.036036036035515,BINANCE
2025-09-02 13:45:41.858,110666.6,8e-05,30.036036036035515,BINANCE
2025-09-02 13:45:41.858,110666.6,7e-05,30.036036036035515,BINANCE
2025-09-02 13:45:41.858,110666.66,8e-05,30.030630630630316,BINANCE
2025-09-02 13:45:41.858,110666.6,0.00028,30.036036036035515,BINANCE
2025-09-02 13:45:41.858,110666.6,0.00052,30.036036036035515,BINANCE
2025-09-02 13:45:41.858,110666.57,5e-05,30.038738738738108,BINANCE
2025-09-02 13:45:41.858,110666.56,0.0006,30.03963963963985,BINANCE
2025-09-02 13:45:41.858,110666.56,9e-05,30.03963963963985,BINANCE
2025-09-02 13:45:41.858,110666.44,0.00019,30.050450450450242,BINANCE
2025-09-02 13:45:41.858,110666.44,0.00089,30.050450450450242,BINANCE
2025-09-02 13:45:41.871,110666.83,0.00212,30.01531531531516,BINANCE
2025-09-02 13:45:41.941,110668.0,5e-05,29.90990990990991,BINANCE
2025-09-02 13:45:41.941,110668.0,0.00195,29.90990990990991,BINANCE
2025-09-02 13:45:41.941,110668.0,0.0004,29.90990990990991,BINANCE
2025-09-02 13:45:41.941,110668.0,0.00015,29.90990990990991,BINANCE
2025-09-02 13:45:41.941,110667.91,0.00014,29.918018018017705,BINANCE
2025-09-02 13:45:41.941,110667.81,0.00011,29.927027027027236,BINANCE
2025-09-02 13:45:41.941,110667.75,5e-05,29.93243243243243,BINANCE
2025-09-02 13:45:41.941,110667.32,7e-05,29.97117117117054,BINANCE
2025-09-02 13:45:41.941,110667.19,5e-05,29.982882882882674,BINANCE
2025-09-02 13:45:41.941,110666.96,5e-05,30.00360360360303,BINANCE
2025-09-02 13:45:41.941,110666.9,5e-05,30.00900900900953,BINANCE
2025-09-02 13:45:41.941,110667.6,8e-05,29.94594594594542,BINANCE
2025-09-02 13:45:41.941,110666.85,5e-05,30.01351351351299,BINANCE
2025-09-02 13:45:41.941,110666.84,0.006,30.01441441441473,BINANCE
2025-09-02 13:45:41.941,110666.84,5e-05,30.01441441441473,BINANCE
2025-09-02 13:45:41.941,110666.84,0.00838,30.01441441441473,BINANCE
2025-09-02 13:45:41.941,110666.9,7e-05,30.00900900900953,BINANCE
2025-09-02 13:45:42.042,110668.1,0.00061,29.90090090090038,BINANCE
2025-09-02 13:45:42.189,110668.11,0.0099,29.89999999999995,BINANCE
2025-09-02 13:45:42.189,110668.11,0.0001,29.89999999999995,BINANCE
2025-09-02 13:45:42.189,110668.11,8e-05,29.89999999999995,BINANCE
2025-09-02 13:45:42.189,110668.11,5e-05,29.89999999999995,BINANCE
2025-09-02 13:45:42.189,110668.11,7e-05,29.89999999999995,BINANCE
2025-09-02 13:45:42.217,110668.11,0.036,29.89999999999995,BINANCE
2025-09-02 13:45:42.352,110668.1,0.00731,29.90090090090038,BINANCE
2025-09-02 13:45:42.422,110668.1,0.00451,29.90090090090038,BINANCE
2025-09-02 13:45:42.751,110668.11,0.019,29.89999999999995,BINANCE
2025-09-02 13:45:42.751,110668.11,0.01885,29.89999999999995,BINANCE
2025-09-02 13:45:42.751,110668.11,5e-05,29.89999999999995,BINANCE
2025-09-02 13:45:42.752,110668.11,0.019,29.89999999999995,BINANCE
2025-09-02 13:45:42.752,110668.11,0.02,29.89999999999995,BINANCE
2025-09-02 13:45:42.752,110668.11,0.018,29.89999999999995,BINANCE
2025-09-02 13:45:42.752,110668.11,0.00937,29.89999999999995,BINANCE
2025-09-02 13:45:42.752,110668.11,0.00043,29.89999999999995,BINANCE
2025-09-02 13:45:42.752,110668.11,0.0002,29.89999999999995,BINANCE
2025-09-02 13:45:42.752,110668.11,5e-05,29.89999999999995,BINANCE
2025-09-02 13:45:42.752,110668.11,0.01008,29.89999999999995,BINANCE
2025-09-02 13:45:42.752,110668.11,0.0001,29.89999999999995,BINANCE
2025-09-02 13:45:42.752,110668.11,0.00732,29.89999999999995,BINANCE
2025-09-02 13:45:42.753,110668.11,0.018,29.89999999999995,BINANCE
2025-09-02 13:45:42.753,110668.11,0.019,29.89999999999995,BINANCE
2025-09-02 13:45:42.753,110668.11,0.016,29.89999999999995,BINANCE
2025-09-02 13:45:42.754,110668.11,0.019,29.89999999999995,BINANCE
2025-09-02 13:45:42.758,110668.43,5e-05,29.871171171171802,BINANCE
2025-09-02 13:45:42.758,110668.19,5e-05,29.892792792792584,BINANCE
2025-09-02 13:45:42.758,110668.19,8e-05,29.892792792792584,BINANCE
2025-09-02 13:45:42.758,110668.13,5e-05,29.89819819819778,BINANCE
2025-09-02 13:45:42.758,110668.28,5e-05,29.88468468468479,BINANCE
2025-09-02 13:45:42.758,110668.43,0.00012,29.871171171171802,BINANCE
2025-09-02 13:45:42.758,110669.35,6e-05,29.788288288287763,BINANCE
2025-09-02 13:45:42.758,110668.94,9e-05,29.825225225225015,BINANCE
2025-09-02 13:45:42.758,110669.13,5e-05,29.80810810810769,BINANCE
2025-09-02 13:45:42.758,110669.19,9e-05,29.802702702702494,BINANCE
2025-09-02 13:45:42.758,110669.35,5e-05,29.788288288287763,BINANCE
2025-09-02 13:45:42.758,110668.12,5e-05,29.89909909909952,BINANCE
2025-09-02 13:45:42.758,110669.45,5e-05,29.779279279279542,BINANCE
2025-09-02 13:45:42.758,110668.65,0.00105,29.851351351351877,BINANCE
2025-09-02 13:45:42.758,110668.12,0.01206,29.89909909909952,BINANCE
2025-09-02 13:45:42.758,110668.11,5e-05,29.89999999999995,BINANCE
2025-09-02 13:45:42.758,110668.11,0.0001,29.89999999999995,BINANCE
2025-09-02 13:45:42.761,110669.46,5e-05,29.778378378377802,BINANCE
2025-09-02 13:45:42.763,110669.45,0.03143,29.779279279279542,BINANCE
2025-09-02 13:45:42.828,110669.56,7e-05,29.76936936936958,BINANCE
2025-09-02 13:45:42.828,110669.92,5e-05,29.736936936937095,BINANCE
2025-09-02 13:45:42.828,110670.61,0.00028,29.674774774774722,BINANCE
2025-09-02 13:45:42.828,110670.91,0.0001,29.647747747747434,BINANCE
2025-09-02 13:45:42.828,110670.98,5e-05,29.641441441441806,BINANCE
2025-09-02 13:45:42.828,110671.03,0.00147,29.636936936937044,BINANCE
2025-09-02 13:45:42.828,110669.48,5e-05,29.776576576576943,BINANCE
2025-09-02 13:45:42.828,110671.03,0.00212,29.636936936937044,BINANCE
2025-09-02 13:45:42.828,110671.06,0.00013,29.634234234234444,BINANCE
2025-09-02 13:45:42.828,110671.19,0.00013,29.62252252252231,BINANCE
2025-09-02 13:45:42.828,110671.23,6e-05,29.618918918919288,BINANCE
2025-09-02 13:45:42.828,110671.62,5e-05,29.583783783784202,BINANCE
2025-09-02 13:45:42.828,110671.04,0.00285,29.636036036036614,BINANCE
2025-09-02 13:45:42.828,110669.47,5e-05,29.777477477477373,BINANCE
2025-09-02 13:45:42.828,110670.0,5e-05,29.72972972972973,BINANCE
2025-09-02 13:45:42.828,110669.47,0.0001,29.777477477477373,BINANCE
2025-09-02 13:45:42.828,110669.46,0.08179,29.778378378377802,BINANCE
2025-09-02 13:45:42.828,110669.46,5e-05,29.778378378377802,BINANCE
2025-09-02 13:45:42.828,110669.46,0.0001,29.778378378377802,BINANCE
2025-09-02 13:45:42.829,110672.01,0.00052,29.54864864864912,BINANCE
2025-09-02 13:45:42.829,110672.0,0.00056,29.54954954954955,BINANCE
2025-09-02 13:45:42.829,110673.05,5e-05,29.45495495495469,BINANCE
2025-09-02 13:45:42.829,110672.8,0.00195,29.477477477477215,BINANCE
2025-09-02 13:45:42.829,110672.72,0.00136,29.48468468468458,BINANCE
2025-09-02 13:45:42.829,110672.51,0.00044,29.503603603604077,BINANCE
2025-09-02 13:45:42.829,110672.48,8e-05,29.506306306306673,BINANCE
2025-09-02 13:45:42.829,110672.37,5e-05,29.516216216216637,BINANCE
2025-09-02 13:45:42.829,110672.0,5e-05,29.54954954954955,BINANCE
2025-09-02 13:45:42.829,110672.0,0.002,29.54954954954955,BINANCE
2025-09-02 13:45:42.829,110672.0,0.0004,29.54954954954955,BINANCE
2025-09-02 13:45:42.829,110672.0,0.00015,29.54954954954955,BINANCE
2025-09-02 13:45:42.829,110671.99,5e-05,29.55045045044998,BINANCE
2025-09-02 13:45:42.829,110671.63,5e-05,29.582882882882465,BINANCE
2025-09-02 13:45:42.830,110674.46,0.0015,29.32792792792735,BINANCE
2025-09-02 13:45:42.830,110674.69,5e-05,29.307207207206996,BINANCE
2025-09-02 13:45:42.830,110674.96,0.00011,29.28288288288231,BINANCE
2025-09-02 13:45:42.830,110675.0,0.00022,29.27927927927928,BINANCE
2025-09-02 13:45:42.830,110675.12,0.00031,29.26846846846889,BINANCE
2025-09-02 13:45:42.830,110675.12,0.00015,29.26846846846889,BINANCE
2025-09-02 13:45:42.830,110675.12,0.00019,29.26846846846889,BINANCE
2025-09-02 13:45:42.830,110674.13,5e-05,29.35765765765724,BINANCE
2025-09-02 13:45:42.830,110675.04,7e-05,29.27567567567625,BINANCE
2025-09-02 13:45:42.830,110674.1,0.00104,29.360360360359834,BINANCE
2025-09-02 13:45:42.830,110674.25,0.00019,29.346846846846848,BINANCE
2025-09-02 13:45:42.830,110674.0,5e-05,29.36936936936937,BINANCE
2025-09-02 13:45:42.830,110673.99,5e-05,29.370270270269796,BINANCE
2025-09-02 13:45:42.830,110673.82,5e-05,29.385585585584955,BINANCE
2025-09-02 13:45:42.830,110673.8,5e-05,29.387387387387122,BINANCE
2025-09-02 13:45:42.830,110673.66,0.00185,29.399999999999686,BINANCE
2025-09-02 13:45:42.830,110673.63,7e-05,29.402702702702282,BINANCE
2025-09-02 13:45:42.830,110673.5,0.00064,29.414414414414416,BINANCE
2025-09-02 13:45:42.830,110674.01,6e-05,29.36846846846894,BINANCE
2025-09-02 13:45:42.831,110675.77,5e-05,29.20990990990954,BINANCE
2025-09-02 13:45:42.834,110676.66,0.00024,29.129729729729416,BINANCE
2025-09-02 13:45:42.834,110676.92,0.00013,29.10630630630646,BINANCE
2025-09-02 13:45:42.834,110676.94,0.00027,29.104504504504295,BINANCE
2025-09-02 13:45:42.834,110677.08,0.00023,29.091891891891734,BINANCE
2025-09-02 13:45:42.834,110677.35,6e-05,29.067567567567046,BINANCE
2025-09-02 13:45:42.834,110678.29,5e-05,28.98288288288346,BINANCE
2025-09-02 13:45:42.834,110677.78,5e-05,29.028828828828935,BINANCE
2025-09-02 13:45:42.834,110677.84,6e-05,29.023423423423736,BINANCE
2025-09-02 13:45:42.834,110677.94,0.00077,29.014414414414205,BINANCE
2025-09-02 13:45:42.834,110676.64,9e-05,29.131531531531586,BINANCE
2025-09-02 13:45:42.834,110677.68,0.00012,29.03783783783847,BINANCE
2025-09-02 13:45:42.834,110676.4,5e-05,29.153153153153678,BINANCE
2025-09-02 13:45:42.834,110676.0,0.00015,29.189189189189186,BINANCE
2025-09-02 13:45:42.834,110676.28,0.00335,29.16396396396407,BINANCE
2025-09-02 13:45:42.834,110675.77,5e-05,29.20990990990954,BINANCE
2025-09-02 13:45:42.834,110675.78,5e-05,29.20900900900911,BINANCE
2025-09-02 13:45:42.834,110676.0,0.0004,29.189189189189186,BINANCE
2025-09-02 13:45:42.834,110675.77,0.00311,29.20990990990954,BINANCE
2025-09-02 13:45:42.834,110676.0,0.002,29.189189189189186,BINANCE
2025-09-02 13:45:42.834,110676.2,0.0001,29.17117117117143,BINANCE
2025-09-02 13:45:42.834,110676.37,9e-05,29.155855855856274,BINANCE
2025-09-02 13:45:42.835,110679.91,5e-05,28.83693693693662,BINANCE
2025-09-02 13:45:42.835,110678.56,8e-05,28.958558558558767,BINANCE
2025-09-02 13:45:42.835,110679.1,0.00056,28.909909909909384,BINANCE
2025-09-02 13:45:42.835,110679.34,0.00032,28.8882882882886,BINANCE
2025-09-02 13:45:42.835,110679.34,7e-05,28.8882882882886,BINANCE
2025-09-02 13:45:42.835,110679.43,8e-05,28.88018018018081,BINANCE
2025-09-02 13:45:42.835,110679.54,0.00029,28.87027027027085,BINANCE
2025-09-02 13:45:42.835,110679.54,5e-05,28.87027027027085,BINANCE
2025-09-02 13:45:42.835,110679.71,7e-05,28.854954954954376,BINANCE
2025-09-02 13:45:42.835,110679.9,0.00056,28.83783783783836,BINANCE
2025-09-02 13:45:42.837,110678.57,5e-05,28.957657657657027,BINANCE
2025-09-02 13:45:42.837,110678.56,5e-05,28.958558558558767,BINANCE
2025-09-02 13:45:42.839,110685.71,7e-05,28.31441441441384,BINANCE
2025-09-02 13:45:42.839,110685.71,0.00023,28.31441441441384,BINANCE
2025-09-02 13:45:42.839,110685.71,0.0001,28.31441441441384,BINANCE
2025-09-02 13:45:42.839,110688.0,0.00904,28.10810810810811,BINANCE
2025-09-02 13:45:42.839,110685.4,0.00202,28.342342342342867,BINANCE
2025-09-02 13:45:42.839,110685.26,0.0007,28.354954954955424,BINANCE
2025-09-02 13:45:42.839,110685.16,0.00073,28.363963963963652,BINANCE
2025-09-02 13:45:42.839,110684.0,0.00015,28.468468468468465,BINANCE
2025-09-02 13:45:42.839,110684.9,5e-05,28.38738738738791,BINANCE
2025-09-02 13:45:42.839,110684.88,5e-05,28.38918918918877,BINANCE
2025-09-02 13:45:42.839,110684.83,5e-05,28.393693693693535,BINANCE
2025-09-02 13:45:42.839,110684.58,9e-05,28.41621621621606,BINANCE
2025-09-02 13:45:42.839,110684.46,7e-05,28.42702702702645,BINANCE
2025-09-02 13:45:42.839,110684.21,5e-05,28.44954954954897,BINANCE
2025-09-02 13:45:42.839,110684.21,0.00072,28.44954954954897,BINANCE
2025-09-02 13:45:42.839,110684.18,0.0001,28.452252252252883,BINANCE
2025-09-02 13:45:42.839,110684.17,0.0001,28.45315315315331,BINANCE
2025-09-02 13:45:42.839,110684.0,0.002,28.468468468468465,BINANCE
2025-09-02 13:45:42.839,110684.0,0.0004,28.468468468468465,BINANCE
2025-09-02 13:45:42.839,110684.87,5e-05,28.39009009009051,BINANCE
2025-09-02 13:45:42.839,110685.71,5e-05,28.31441441441384,BINANCE
2025-09-02 13:45:42.839,110687.22,0.0001,28.178378378378273,BINANCE
2025-09-02 13:45:42.839,110685.78,5e-05,28.30810810810821,BINANCE
2025-09-02 13:45:42.839,110688.0,0.1281,28.10810810810811,BINANCE
2025-09-02 13:45:42.839,110688.0,0.15674,28.10810810810811,BINANCE
2025-09-02 13:45:42.839,110688.0,0.002,28.10810810810811,BINANCE
2025-09-02 13:45:42.839,110688.0,0.0004,28.10810810810811,BINANCE
2025-09-02 13:45:42.839,110688.0,0.00015,28.10810810810811,BINANCE
2025-09-02 13:45:42.839,110688.0,0.001,28.10810810810811,BINANCE
2025-09-02 13:45:42.839,110687.99,0.0001,28.10900900900854,BINANCE
2025-09-02 13:45:42.839,110687.79,0.00025,28.127027027027605,BINANCE
2025-09-02 13:45:42.839,110685.77,5e-05,28.30900900900864,BINANCE
2025-09-02 13:45:42.839,110687.38,7e-05,28.163963963963546,BINANCE
2025-09-02 13:45:42.839,110687.24,5e-05,28.176576576576107,BINANCE
2025-09-02 13:45:42.839,110687.13,0.00057,28.186486486486064,BINANCE
2025-09-02 13:45:42.839,110686.77,5e-05,28.21891891891855,BINANCE
2025-09-02 13:45:42.839,110686.64,0.00037,28.230630630630685,BINANCE
2025-09-02 13:45:42.839,110686.27,6e-05,28.263963963963597,BINANCE
2025-09-02 13:45:42.839,110686.23,0.00028,28.267567567567937,BINANCE
2025-09-02 13:45:42.839,110686.16,0.00014,28.27387387387356,BINANCE
2025-09-02 13:45:42.839,110686.04,8e-05,28.284684684685264,BINANCE
2025-09-02 13:45:42.839,110686.0,7e-05,28.28828828828829,BINANCE
2025-09-02 13:45:42.839,110687.33,5e-05,28.16846846846831,BINANCE
2025-09-02 13:45:42.839,110683.62,0.00082,28.50270270270312,BINANCE
2025-09-02 13:45:42.839,110681.45,0.00083,28.69819819819846,BINANCE
2025-09-02 13:45:42.839,110683.34,5e-05,28.527927927928243,BINANCE
2025-09-02 13:45:42.839,110680.5,0.00032,28.783783783783786,BINANCE
2025-09-02 13:45:42.839,110680.2,7e-05,28.810810810811073,BINANCE
2025-09-02 13:45:42.839,110680.19,0.0015,28.811711711711503,BINANCE
2025-09-02 13:45:42.839,110680.19,0.01,28.811711711711503,BINANCE
2025-09-02 13:45:42.839,110680.12,7e-05,28.81801801801844,BINANCE
2025-09-02 13:45:42.839,110680.0,0.01279,28.82882882882883,BINANCE
2025-09-02 13:45:42.839,110680.0,0.01807,28.82882882882883,BINANCE
2025-09-02 13:45:42.839,110680.0,0.002,28.82882882882883,BINANCE
2025-09-02 13:45:42.839,110680.0,0.0004,28.82882882882883,BINANCE
2025-09-02 13:45:42.839,110680.0,0.00015,28.82882882882883,BINANCE
2025-09-02 13:45:42.839,110680.0,0.00107,28.82882882882883,BINANCE
2025-09-02 13:45:42.839,110680.0,6e-05,28.82882882882883,BINANCE
2025-09-02 13:45:42.839,110680.0,0.009,28.82882882882883,BINANCE
2025-09-02 13:45:42.839,110680.0,0.0001,28.82882882882883,BINANCE
2025-09-02 13:45:42.839,110680.0,5e-05,28.82882882882883,BINANCE
2025-09-02 13:45:42.839,110679.99,5e-05,28.82972972972926,BINANCE
2025-09-02 13:45:42.839,110678.56,5e-05,28.958558558558767,BINANCE
2025-09-02 13:45:42.839,110680.6,5e-05,28.77477477477425,BINANCE
2025-09-02 13:45:42.839,110680.71,8e-05,28.76486486486429,BINANCE
2025-09-02 13:45:42.839,110683.46,0.0009,28.517117117116538,BINANCE
2025-09-02 13:45:42.839,110680.94,0.00039,28.744144144143934,BINANCE
2025-09-02 13:45:42.839,110683.19,5e-05,28.541441441441233,BINANCE
2025-09-02 13:45:42.839,110683.17,7e-05,28.5432432432434,BINANCE
2025-09-02 13:45:42.839,110683.06,5e-05,28.55315315315336,BINANCE
2025-09-02 13:45:42.839,110683.04,7e-05,28.55495495495553,BINANCE
2025-09-02 13:45:42.839,110683.0,5e-05,28.55855855855856,BINANCE
2025-09-02 13:45:42.839,110682.94,7e-05,28.563963963963754,BINANCE
2025-09-02 13:45:42.839,110682.94,0.0001,28.563963963963754,BINANCE
2025-09-02 13:45:42.839,110680.73,5e-05,28.76306306306343,BINANCE
2025-09-02 13:45:42.839,110682.94,0.00011,28.563963963963754,BINANCE
2025-09-02 13:45:42.839,110682.7,0.00036,28.58558558558585,BINANCE
2025-09-02 13:45:42.839,110681.82,5e-05,28.66486486486424,BINANCE
2025-09-02 13:45:42.839,110681.81,0.00014,28.665765765765975,BINANCE
2025-09-02 13:45:42.839,110681.81,5e-05,28.665765765765975,BINANCE
2025-09-02 13:45:42.839,110681.65,0.00055,28.680180180180706,BINANCE
2025-09-02 13:45:42.839,110681.4,5e-05,28.702702702703228,BINANCE
2025-09-02 13:45:42.839,110681.12,6e-05,28.72792792792835,BINANCE
2025-09-02 13:45:42.839,110681.02,0.0001,28.73693693693657,BINANCE
2025-09-02 13:45:42.839,110680.94,0.00116,28.744144144143934,BINANCE
2025-09-02 13:45:42.839,110682.94,5e-05,28.563963963963754,BINANCE
2025-09-02 13:45:42.844,110688.0,5e-05,28.10810810810811,BINANCE
2025-09-02 13:45:42.844,110688.0,0.00903,28.10810810810811,BINANCE
2025-09-02 13:45:42.846,110688.0,0.01807,28.10810810810811,BINANCE
2025-09-02 13:45:42.852,110688.0,0.00236,28.10810810810811,BINANCE
2025-09-02 13:45:42.853,110688.0,0.00668,28.10810810810811,BINANCE
2025-09-02 13:45:42.862,110688.0,0.00903,28.10810810810811,BINANCE
2025-09-02 13:45:42.867,110688.0,0.00904,28.10810810810811,BINANCE
2025-09-02 13:45:42.873,110688.0,0.00903,28.10810810810811,BINANCE
2025-09-02 13:45:42.877,110688.0,0.00191,28.10810810810811,BINANCE
2025-09-02 13:45:42.886,110688.0,0.00904,28.10810810810811,BINANCE
2025-09-02 13:45:42.909,110688.0,0.001,28.10810810810811,BINANCE
2025-09-02 13:45:42.930,110688.0,0.08929,28.10810810810811,BINANCE
2025-09-02 13:45:42.934,110687.99,0.00082,28.10900900900854,BINANCE
2025-09-02 13:45:43.005,110687.99,0.00046,28.10900900900854,BINANCE
2025-09-02 13:45:43.033,110688.0,0.02,28.10810810810811,BINANCE
2025-09-02 13:45:43.039,110688.0,0.40306,28.10810810810811,BINANCE
2025-09-02 13:45:43.040,110688.0,0.01,28.10810810810811,BINANCE
2025-09-02 13:45:43.040,110688.0,0.02043,28.10810810810811,BINANCE
2025-09-02 13:45:43.040,110688.0,0.0001,28.10810810810811,BINANCE
2025-09-02 13:45:43.040,110688.0,5e-05,28.10810810810811,BINANCE
2025-09-02 13:45:43.040,110688.0,0.11753,28.10810810810811,BINANCE
2025-09-02 13:45:43.041,110688.72,7e-05,28.04324324324314,BINANCE
2025-09-02 13:45:43.041,110688.89,0.00011,28.02792792792798,BINANCE
2025-09-02 13:45:43.041,110688.92,0.00026,28.025225225225384,BINANCE
2025-09-02 13:45:43.041,110688.92,0.00012,28.025225225225384,BINANCE
2025-09-02 13:45:43.041,110689.06,5e-05,28.012612612612823,BINANCE
2025-09-02 13:45:43.041,110689.55,0.0134,27.968468468468206,BINANCE
2025-09-02 13:45:43.041,110689.55,5e-05,27.968468468468206,BINANCE
2025-09-02 13:45:43.041,110689.75,0.00014,27.95045045045045,BINANCE
2025-09-02 13:45:43.041,110689.7,0.003,27.954954954955216,BINANCE
2025-09-02 13:45:43.041,110688.67,0.00045,28.047747747747906,BINANCE
2025-09-02 13:45:43.041,110690.1,0.00908,27.918918918918394,BINANCE
2025-09-02 13:45:43.041,110690.1,5e-05,27.918918918918394,BINANCE
2025-09-02 13:45:43.041,110690.64,0.0001,27.87027027027032,BINANCE
2025-09-02 13:45:43.041,110691.26,5e-05,27.814414414414887,BINANCE
2025-09-02 13:45:43.041,110688.62,9e-05,28.05225225225267,BINANCE
2025-09-02 13:45:43.041,110689.98,0.00013,27.9297297297301,BINANCE
2025-09-02 13:45:43.041,110688.62,6e-05,28.05225225225267,BINANCE
2025-09-02 13:45:43.041,110688.62,0.00081,28.05225225225267,BINANCE
2025-09-02 13:45:43.041,110688.0,0.01474,28.10810810810811,BINANCE
2025-09-02 13:45:43.041,110688.01,5e-05,28.10720720720768,BINANCE
2025-09-02 13:45:43.041,110688.02,5e-05,28.10630630630594,BINANCE
2025-09-02 13:45:43.041,110688.01,0.0001,28.10720720720768,BINANCE
2025-09-02 13:45:43.041,110688.19,0.002,28.090990990990782,BINANCE
2025-09-02 13:45:43.041,110688.39,5e-05,28.072972972973027,BINANCE
2025-09-02 13:45:43.041,110688.39,0.00145,28.072972972973027,BINANCE
2025-09-02 13:45:43.041,110688.41,7e-05,28.071171171170857,BINANCE
2025-09-02 13:45:43.041,110688.12,7e-05,28.097297297297718,BINANCE
2025-09-02 13:45:43.041,110688.6,5e-05,28.05405405405353,BINANCE
2025-09-02 13:45:43.043,110691.59,7e-05,27.784684684684997,BINANCE
2025-09-02 13:45:43.043,110691.67,5e-05,27.777477477477635,BINANCE
2025-09-02 13:45:43.051,110691.68,5e-05,27.776576576577206,BINANCE
2025-09-02 13:45:43.051,110691.69,5e-05,27.775675675675465,BINANCE
2025-09-02 13:45:43.051,110691.67,5e-05,27.777477477477635,BINANCE
2025-09-02 13:45:43.051,110691.67,2e-05,27.777477477477635,BINANCE
2025-09-02 13:45:43.053,110692.0,5e-05,27.74774774774775,BINANCE
2025-09-02 13:45:43.057,110692.2,8e-05,27.729729729729993,BINANCE
2025-09-02 13:45:43.057,110692.2,5e-05,27.729729729729993,BINANCE
2025-09-02 13:45:43.057,110692.3,0.00434,27.720720720720458,BINANCE
2025-09-02 13:45:43.057,110692.3,5e-05,27.720720720720458,BINANCE
2025-09-02 13:45:43.057,110692.3,7e-05,27.720720720720458,BINANCE
2025-09-02 13:45:43.057,110692.3,0.00234,27.720720720720458,BINANCE
2025-09-02 13:45:43.057,110692.37,8e-05,27.714414414414836,BINANCE
2025-09-02 13:45:43.057,110692.01,5e-05,27.74684684684732,BINANCE
2025-09-02 13:45:43.057,110692.3,0.00633,27.720720720720458,BINANCE
2025-09-02 13:45:43.057,110692.38,0.00134,27.713513513513096,BINANCE
2025-09-02 13:45:43.057,110692.0,0.00015,27.74774774774775,BINANCE
2025-09-02 13:45:43.057,110692.0,0.0004,27.74774774774775,BINANCE
2025-09-02 13:45:43.057,110692.0,0.002,27.74774774774775,BINANCE
2025-09-02 13:45:43.057,110692.0,5e-05,27.74774774774775,BINANCE
2025-09-02 13:45:43.057,110692.0,0.00035,27.74774774774775,BINANCE
2025-09-02 13:45:43.059,110693.87,9e-05,27.5792792792797,BINANCE
2025-09-02 13:45:43.059,110694.01,5e-05,27.566666666667135,BINANCE
2025-09-02 13:45:43.059,110694.33,5e-05,27.53783783783768,BINANCE
2025-09-02 13:45:43.059,110694.46,0.0001,27.52612612612555,BINANCE
2025-09-02 13:45:43.059,110695.0,5e-05,27.47747747747748,BINANCE
2025-09-02 13:45:43.059,110694.91,7e-05,27.48558558558527,BINANCE
2025-09-02 13:45:43.059,110695.07,0.00012,27.471171171170543,BINANCE
2025-09-02 13:45:43.059,110695.07,5e-05,27.471171171170543,BINANCE
2025-09-02 13:45:43.059,110693.64,5e-05,27.60000000000005,BINANCE
2025-09-02 13:45:43.059,110694.64,0.00016,27.509909909909965,BINANCE
2025-09-02 13:45:43.059,110692.95,5e-05,27.662162162162424,BINANCE
2025-09-02 13:45:43.059,110694.99,6e-05,27.478378378377908,BINANCE
2025-09-02 13:45:43.059,110692.75,6e-05,27.680180180180184,BINANCE
2025-09-02 13:45:43.059,110692.38,0.01024,27.713513513513096,BINANCE
2025-09-02 13:45:43.059,110692.38,5e-05,27.713513513513096,BINANCE
2025-09-02 13:45:43.059,110692.39,5e-05,27.712612612612666,BINANCE
2025-09-02 13:45:43.059,110692.66,5e-05,27.688288288287975,BINANCE
2025-09-02 13:45:43.059,110692.75,0.00037,27.680180180180184,BINANCE
2025-09-02 13:45:43.059,110692.75,7e-05,27.680180180180184,BINANCE
2025-09-02 13:45:43.120,110695.15,5e-05,27.46396396396449,BINANCE
2025-09-02 13:45:43.120,110695.13,5e-05,27.465765765765344,BINANCE
2025-09-02 13:45:43.120,110695.14,0.0001,27.464864864864914,BINANCE
2025-09-02 13:45:43.120,110695.14,5e-05,27.464864864864914,BINANCE
2025-09-02 13:45:43.120,110695.13,0.0001,27.465765765765344,BINANCE
2025-09-02 13:45:43.120,110695.13,0.00011,27.465765765765344,BINANCE
2025-09-02 13:45:43.124,110695.32,5e-05,27.448648648648017,BINANCE
2025-09-02 13:45:43.145,110695.32,0.001,27.448648648648017,BINANCE
2025-09-02 13:45:43.164,110695.34,5e-05,27.446846846847162,BINANCE
2025-09-02 13:45:43.164,110695.33,5e-05,27.447747747747588,BINANCE
2025-09-02 13:45:43.164,110695.33,3e-05,27.447747747747588,BINANCE
2025-09-02 13:45:43.164,110695.38,7e-05,27.443243243242826,BINANCE
2025-09-02 13:45:43.164,110695.32,5e-05,27.448648648648017,BINANCE
2025-09-02 13:45:43.164,110695.33,2e-05,27.447747747747588,BINANCE
2025-09-02 13:45:43.164,110695.32,0.01632,27.448648648648017,BINANCE
2025-09-02 13:45:43.167,110695.39,5e-05,27.442342342342396,BINANCE
2025-09-02 13:45:43.186,110695.65,7e-05,27.41891891891944,BINANCE
2025-09-02 13:45:43.186,110695.81,8e-05,27.404504504504715,BINANCE
2025-09-02 13:45:43.186,110696.0,0.00016,27.38738738738739,BINANCE
2025-09-02 13:45:43.186,110696.0,0.0004,27.38738738738739,BINANCE
2025-09-02 13:45:43.186,110696.0,0.00015,27.38738738738739,BINANCE
2025-09-02 13:45:43.186,110696.06,0.0001,27.38198198198219,BINANCE
2025-09-02 13:45:43.186,110696.45,0.00017,27.34684684684711,BINANCE
2025-09-02 13:45:43.186,110696.51,5e-05,27.341441441441912,BINANCE
2025-09-02 13:45:43.186,110695.42,0.00065,27.439639639639797,BINANCE
2025-09-02 13:45:43.186,110696.84,0.0001,27.31171171171203,BINANCE
2025-09-02 13:45:43.186,110697.22,0.00072,27.277477477477373,BINANCE
2025-09-02 13:45:43.186,110696.0,0.002,27.38738738738739,BINANCE
2025-09-02 13:45:43.186,110695.41,5e-05,27.440540540540226,BINANCE
2025-09-02 13:45:43.186,110696.66,0.00029,27.327927927927615,BINANCE
2025-09-02 13:45:43.186,110695.4,5e-05,27.441441441441967,BINANCE
2025-09-02 13:45:43.186,110695.39,0.00198,27.442342342342396,BINANCE
2025-09-02 13:45:43.186,110695.39,5e-05,27.442342342342396,BINANCE
2025-09-02 13:45:43.189,110697.22,5e-05,27.277477477477373,BINANCE
2025-09-02 13:45:43.205,110697.22,0.00903,27.277477477477373,BINANCE
2025-09-02 13:45:43.207,110697.22,5e-05,27.277477477477373,BINANCE
2025-09-02 13:45:43.207,110697.22,0.001,27.277477477477373,BINANCE
2025-09-02 13:45:43.207,110697.22,0.0506,27.277477477477373,BINANCE
2025-09-02 13:45:43.207,110697.22,0.00756,27.277477477477373,BINANCE
2025-09-02 13:45:43.208,110698.0,0.05039,27.207207207207208,BINANCE
2025-09-02 13:45:43.208,110697.92,9e-05,27.21441441441457,BINANCE
2025-09-02 13:45:43.208,110697.69,0.00015,27.235135135134925,BINANCE
2025-09-02 13:45:43.208,110697.67,5e-05,27.236936936937095,BINANCE
2025-09-02 13:45:43.208,110697.83,7e-05,27.222522522522365,BINANCE
2025-09-02 13:45:43.208,110697.24,5e-05,27.275675675675206,BINANCE
2025-09-02 13:45:43.208,110697.23,5e-05,27.276576576576943,BINANCE
2025-09-02 13:45:43.208,110697.45,0.00012,27.25675675675702,BINANCE
2025-09-02 13:45:43.209,110698.0,0.01591,27.207207207207208,BINANCE
2025-09-02 13:45:43.209,110698.0,0.03475,27.207207207207208,BINANCE
2025-09-02 13:45:43.211,110698.0,5e-05,27.207207207207208,BINANCE
2025-09-02 13:45:43.214,110698.01,5e-05,27.20630630630678,BINANCE
2025-09-02 13:45:43.214,110698.08,0.00041,27.199999999999843,BINANCE
2025-09-02 13:45:43.214,110698.08,5e-05,27.199999999999843,BINANCE
2025-09-02 13:45:43.214,110698.05,9e-05,27.20270270270244,BINANCE
2025-09-02 13:45:43.214,110698.04,0.0001,27.20360360360418,BINANCE
2025-09-02 13:45:43.214,110698.02,5e-05,27.20540540540504,BINANCE
2025-09-02 13:45:43.214,110698.0,5e-05,27.207207207207208,BINANCE
2025-09-02 13:45:43.215,110699.0,0.00694,27.117117117117115,BINANCE
2025-09-02 13:45:43.215,110699.0,0.00109,27.117117117117115,BINANCE
2025-09-02 13:45:43.215,110698.99,5e-05,27.118018018017544,BINANCE
2025-09-02 13:45:43.215,110698.8,5e-05,27.135135135134874,BINANCE
2025-09-02 13:45:43.215,110698.54,5e-05,27.158558558559136,BINANCE
2025-09-02 13:45:43.215,110698.53,5e-05,27.159459459459566,BINANCE
2025-09-02 13:45:43.215,110698.72,5e-05,27.14234234234224,BINANCE
2025-09-02 13:45:43.218,110699.0,5e-05,27.117117117117115,BINANCE
2025-09-02 13:45:43.221,110699.01,5e-05,27.116216216216685,BINANCE
2025-09-02 13:45:43.221,110699.01,0.0001,27.116216216216685,BINANCE
2025-09-02 13:45:43.221,110699.13,5e-05,27.105405405404987,BINANCE
2025-09-02 13:45:43.221,110699.41,8e-05,27.080180180179863,BINANCE
2025-09-02 13:45:43.221,110699.97,5e-05,27.029729729729624,BINANCE
2025-09-02 13:45:43.221,110699.78,6e-05,27.04684684684695,BINANCE
2025-09-02 13:45:43.221,110699.42,5e-05,27.07927927927944,BINANCE
2025-09-02 13:45:43.221,110699.0,0.0001,27.117117117117115,BINANCE
2025-09-02 13:45:43.221,110699.0,5e-05,27.117117117117115,BINANCE
2025-09-02 13:45:43.221,110699.0,0.12452,27.117117117117115,BINANCE
2025-09-02 13:45:43.221,110699.0,0.0674,27.117117117117115,BINANCE
2025-09-02 13:45:43.225,110700.0,0.00022,27.027027027027028,BINANCE
2025-09-02 13:45:43.225,110700.0,0.00991,27.027027027027028,BINANCE
2025-09-02 13:45:43.225,110700.0,0.0005,27.027027027027028,BINANCE
2025-09-02 13:45:43.225,110700.0,7e-05,27.027027027027028,BINANCE
2025-09-02 13:45:43.225,110700.0,0.05,27.027027027027028,BINANCE
2025-09-02 13:45:43.225,110700.0,0.0006,27.027027027027028,BINANCE
2025-09-02 13:45:43.225,110700.0,0.0018,27.027027027027028,BINANCE
2025-09-02 13:45:43.225,110700.0,0.00029,27.027027027027028,BINANCE
2025-09-02 13:45:43.225,110700.0,0.0001,27.027027027027028,BINANCE
2025-09-02 13:45:43.225,110699.98,5e-05,27.028828828829198,BINANCE
2025-09-02 13:45:43.225,110699.99,5e-05,27.027927927927454,BINANCE
2025-09-02 13:45:43.225,110699.99,0.0001,27.027927927927454,BINANCE
2025-09-02 13:45:43.225,110699.98,0.39274,27.028828828829198,BINANCE
2025-09-02 13:45:43.225,110700.0,8e-05,27.027027027027028,BINANCE
2025-09-02 13:45:43.229,110700.0,0.00076,27.027027027027028,BINANCE
2025-09-02 13:45:43.229,110700.0,0.00145,27.027027027027028,BINANCE
2025-09-02 13:45:43.229,110700.0,0.01688,27.027027027027028,BINANCE
2025-09-02 13:45:43.229,110700.0,0.008,27.027027027027028,BINANCE
2025-09-02 13:45:43.229,110700.0,0.0009,27.027027027027028,BINANCE
2025-09-02 13:45:43.229,110700.0,0.00452,27.027027027027028,BINANCE
2025-09-02 13:45:43.229,110700.0,9e-05,27.027027027027028,BINANCE
2025-09-02 13:45:43.229,110700.0,0.00026,27.027027027027028,BINANCE
2025-09-02 13:45:43.229,110700.0,0.09894,27.027027027027028,BINANCE
2025-09-02 13:45:43.231,110700.0,0.0009,27.027027027027028,BINANCE
2025-09-02 13:45:43.231,110700.0,0.00226,27.027027027027028,BINANCE
2025-09-02 13:45:43.231,110700.0,5e-05,27.027027027027028,BINANCE
2025-09-02 13:45:43.231,110700.0,0.00041,27.027027027027028,BINANCE
2025-09-02 13:45:43.231,110700.0,0.00036,27.027027027027028,BINANCE
2025-09-02 13:45:43.231,110700.0,0.00032,27.027027027027028,BINANCE
2025-09-02 13:45:43.231,110700.0,0.00038,27.027027027027028,BINANCE
2025-09-02 13:45:43.231,110700.0,0.0025,27.027027027027028,BINANCE
2025-09-02 13:45:43.231,110700.0,0.00576,27.027027027027028,BINANCE
2025-09-02 13:45:43.231,110700.0,0.0002,27.027027027027028,BINANCE
2025-09-02 13:45:43.231,110700.0,0.001,27.027027027027028,BINANCE
2025-09-02 13:45:43.231,110700.0,6e-05,27.027027027027028,BINANCE
2025-09-02 13:45:43.231,110700.0,0.01445,27.027027027027028,BINANCE
2025-09-02 13:45:43.231,110700.0,8e-05,27.027027027027028,BINANCE
2025-09-02 13:45:43.231,110700.0,0.0005,27.027027027027028,BINANCE
2025-09-02 13:45:43.231,110700.0,0.00029,27.027027027027028,BINANCE
2025-09-02 13:45:43.231,110700.0,0.0001,27.027027027027028,BINANCE
2025-09-02 13:45:43.231,110700.0,0.00015,27.027027027027028,BINANCE
2025-09-02 13:45:43.231,110700.0,7e-05,27.027027027027028,BINANCE
2025-09-02 13:45:43.231,110700.0,0.00023,27.027027027027028,BINANCE
2025-09-02 13:45:43.231,110700.0,0.02,27.027027027027028,BINANCE
2025-09-02 13:45:43.231,110700.0,0.02321,27.027027027027028,BINANCE
2025-09-02 13:45:43.232,110700.0,0.09877,27.027027027027028,BINANCE
2025-09-02 13:45:43.232,110700.0,0.00018,27.027027027027028,BINANCE
2025-09-02 13:45:43.232,110700.0,0.01295,27.027027027027028,BINANCE
2025-09-02 13:45:43.237,110700.0,0.00244,27.027027027027028,BINANCE
2025-09-02 13:45:43.237,110700.0,0.04292,27.027027027027028,BINANCE
2025-09-02 13:45:43.239,110700.0,0.12352,27.027027027027028,BINANCE
2025-09-02 13:45:43.240,110700.0,0.36818,27.027027027027028,BINANCE
2025-09-02 13:45:43.240,110700.0,0.00357,27.027027027027028,BINANCE
2025-09-02 13:45:43.240,110700.0,0.00041,27.027027027027028,BINANCE
2025-09-02 13:45:43.240,110700.0,0.0004,27.027027027027028,BINANCE
2025-09-02 13:45:43.240,110700.0,0.00048,27.027027027027028,BINANCE
2025-09-02 13:45:43.240,110700.0,0.0514,27.027027027027028,BINANCE
2025-09-02 13:45:43.240,110700.0,0.00043,27.027027027027028,BINANCE
2025-09-02 13:45:43.240,110700.0,0.00015,27.027027027027028,BINANCE
2025-09-02 13:45:43.240,110700.0,0.00033,27.027027027027028,BINANCE
2025-09-02 13:45:43.240,110700.0,0.13341,27.027027027027028,BINANCE
2025-09-02 13:45:43.240,110700.0,0.0586,27.027027027027028,BINANCE
2025-09-02 13:45:43.242,110700.0,0.00904,27.027027027027028,BINANCE
2025-09-02 13:45:43.243,110700.0,0.00903,27.027027027027028,BINANCE
2025-09-02 13:45:43.245,110700.0,0.019,27.027027027027028,BINANCE
2025-09-02 13:45:43.264,110700.0,0.02097,27.027027027027028,BINANCE
2025-09-02 13:45:43.344,110700.0,0.001,27.027027027027028,BINANCE
2025-09-02 13:45:43.356,110700.0,0.12844,27.027027027027028,BINANCE
2025-09-02 13:45:43.358,110700.0,0.25953,27.027027027027028,BINANCE
2025-09-02 13:45:43.358,110700.0,0.00317,27.027027027027028,BINANCE
2025-09-02 13:45:43.358,110700.0,0.002,27.027027027027028,BINANCE
2025-09-02 13:45:43.358,110700.0,0.0004,27.027027027027028,BINANCE
2025-09-02 13:45:43.358,110700.0,0.00015,27.027027027027028,BINANCE
2025-09-02 13:45:43.358,110700.0,0.2,27.027027027027028,BINANCE
2025-09-02 13:45:43.358,110700.0,0.0002,27.027027027027028,BINANCE
2025-09-02 13:45:43.358,110700.0,0.05,27.027027027027028,BINANCE
2025-09-02 13:45:43.358,110700.0,0.06323,27.027027027027028,BINANCE
2025-09-02 13:45:43.358,110700.0,0.00208,27.027027027027028,BINANCE
2025-09-02 13:45:43.358,110700.0,0.06434,27.027027027027028,BINANCE
2025-09-02 13:45:43.361,110700.0,0.11652,27.027027027027028,BINANCE
2025-09-02 13:45:43.363,110700.0,0.05177,27.027027027027028,BINANCE
2025-09-02 13:45:43.364,110700.0,0.15596,27.027027027027028,BINANCE
2025-09-02 13:45:43.365,110700.0,0.06365,27.027027027027028,BINANCE
2025-09-02 13:45:43.365,110700.0,0.019,27.027027027027028,BINANCE
2025-09-02 13:45:43.365,110700.0,0.05928,27.027027027027028,BINANCE
2025-09-02 13:45:43.366,110700.0,0.22424,27.027027027027028,BINANCE
2025-09-02 13:45:43.366,110700.0,0.019,27.027027027027028,BINANCE
2025-09-02 13:45:43.367,110700.01,5e-05,27.0261261261266,BINANCE
2025-09-02 13:45:43.367,110700.01,0.0001,27.0261261261266,BINANCE
2025-09-02 13:45:43.367,110700.02,5e-05,27.025225225224858,BINANCE
2025-09-02 13:45:43.367,110700.12,6e-05,27.016216216216634,BINANCE
2025-09-02 13:45:43.367,110700.12,5e-05,27.016216216216634,BINANCE
2025-09-02 13:45:43.367,110700.99,0.00093,26.937837837837368,BINANCE
2025-09-02 13:45:43.367,110700.99,5e-05,26.937837837837368,BINANCE
2025-09-02 13:45:43.367,110700.81,0.00014,26.954054054054264,BINANCE
2025-09-02 13:45:43.367,110700.0,0.019,27.027027027027028,BINANCE
2025-09-02 13:45:43.367,110700.0,0.00071,27.027027027027028,BINANCE
2025-09-02 13:45:43.367,110700.0,0.0001,27.027027027027028,BINANCE
2025-09-02 13:45:43.367,110700.0,5e-05,27.027027027027028,BINANCE
2025-09-02 13:45:43.367,110700.0,0.01807,27.027027027027028,BINANCE
2025-09-02 13:45:43.367,110700.0,0.01205,27.027027027027028,BINANCE
2025-09-02 13:45:43.370,110701.0,5e-05,26.936936936936938,BINANCE
2025-09-02 13:45:43.372,110700.99,0.00878,26.937837837837368,BINANCE
2025-09-02 13:45:43.372,110700.99,0.02142,26.937837837837368,BINANCE
2025-09-02 13:45:43.377,110701.0,0.019,26.936936936936938,BINANCE
2025-09-02 13:45:43.382,110701.0,0.00903,26.936936936936938,BINANCE
2025-09-02 13:45:43.465,110701.0,0.02564,26.936936936936938,BINANCE
2025-09-02 13:45:43.466,110701.02,5e-05,26.935135135134768,BINANCE
2025-09-02 13:45:43.466,110701.04,6e-05,26.93333333333391,BINANCE
2025-09-02 13:45:43.466,110701.04,0.00123,26.93333333333391,BINANCE
2025-09-02 13:45:43.466,110701.05,0.00157,26.93243243243217,BINANCE
2025-09-02 13:45:43.466,110701.49,0.0001,26.892792792792324,BINANCE
2025-09-02 13:45:43.466,110701.64,0.00063,26.879279279279334,BINANCE
2025-09-02 13:45:43.466,110701.93,0.00096,26.85315315315378,BINANCE
2025-09-02 13:45:43.466,110702.08,5e-05,26.839639639639483,BINANCE
2025-09-02 13:45:43.466,110703.65,5e-05,26.69819819819872,BINANCE
2025-09-02 13:45:43.466,110702.24,0.00011,26.825225225224756,BINANCE
2025-09-02 13:45:43.466,110702.79,5e-05,26.775675675676254,BINANCE
2025-09-02 13:45:43.466,110702.82,0.0001,26.772972972972344,BINANCE
2025-09-02 13:45:43.466,110702.82,0.00014,26.772972972972344,BINANCE
2025-09-02 13:45:43.466,110703.12,6e-05,26.745945945946367,BINANCE
2025-09-02 13:45:43.466,110703.45,5e-05,26.716216216216477,BINANCE
2025-09-02 13:45:43.466,110703.5,5e-05,26.711711711711715,BINANCE
2025-09-02 13:45:43.466,110702.13,8e-05,26.835135135134717,BINANCE
2025-09-02 13:45:43.466,110701.01,5e-05,26.93603603603651,BINANCE
2025-09-02 13:45:43.466,110701.0,0.06314,26.936936936936938,BINANCE
2025-09-02 13:45:43.466,110701.0,0.01354,26.936936936936938,BINANCE
2025-09-02 13:45:43.466,110701.0,0.0196,26.936936936936938,BINANCE
2025-09-02 13:45:43.466,110701.0,5e-05,26.936936936936938,BINANCE
2025-09-02 13:45:43.466,110701.0,0.002,26.936936936936938,BINANCE
2025-09-02 13:45:43.466,110701.0,0.0001,26.936936936936938,BINANCE
2025-09-02 13:45:43.466,110701.0,0.03425,26.936936936936938,BINANCE
2025-09-02 13:45:43.466,110701.01,0.0001,26.93603603603651,BINANCE
2025-09-02 13:45:43.470,110703.78,5e-05,26.68648648648659,BINANCE
2025-09-02 13:45:43.471,110704.0,0.002,26.666666666666664,BINANCE
2025-09-02 13:45:43.471,110704.0,0.0004,26.666666666666664,BINANCE
2025-09-02 13:45:43.471,110704.0,0.00015,26.666666666666664,BINANCE
2025-09-02 13:45:43.471,110703.79,5e-05,26.68558558558616,BINANCE
2025-09-02 13:45:43.471,110704.0,4e-05,26.666666666666664,BINANCE
2025-09-02 13:45:43.471,110703.78,5e-05,26.68648648648659,BINANCE
2025-09-02 13:45:43.471,110703.78,0.00855,26.68648648648659,BINANCE
2025-09-02 13:45:43.471,110703.78,0.00217,26.68648648648659,BINANCE
2025-09-02 13:45:43.482,110705.88,5e-05,26.49729729729688,BINANCE
2025-09-02 13:45:43.482,110708.0,0.00015,26.306306306306308,BINANCE
2025-09-02 13:45:43.482,110705.95,0.0001,26.490990990991254,BINANCE
2025-09-02 13:45:43.482,110707.33,0.00017,26.366666666666507,BINANCE
2025-09-02 13:45:43.482,110707.33,0.00091,26.366666666666507,BINANCE
2025-09-02 13:45:43.482,110707.36,5e-05,26.36396396396391,BINANCE
2025-09-02 13:45:43.482,110707.37,0.00016,26.363063063063482,BINANCE
2025-09-02 13:45:43.482,110707.59,0.00028,26.34324324324356,BINANCE
2025-09-02 13:45:43.482,110708.0,0.0004,26.306306306306308,BINANCE
2025-09-02 13:45:43.482,110708.06,0.00026,26.30090090090111,BINANCE
2025-09-02 13:45:43.482,110708.06,0.00017,26.30090090090111,BINANCE
2025-09-02 13:45:43.482,110705.88,0.00099,26.49729729729688,BINANCE
2025-09-02 13:45:43.482,110708.25,0.0005,26.283783783783782,BINANCE
2025-09-02 13:45:43.482,110708.25,7e-05,26.283783783783782,BINANCE
2025-09-02 13:45:43.482,110708.46,5e-05,26.264864864864286,BINANCE
2025-09-02 13:45:43.482,110708.57,7e-05,26.25495495495433,BINANCE
2025-09-02 13:45:43.482,110708.68,5e-05,26.245045045045675,BINANCE
2025-09-02 13:45:43.482,110708.69,0.00951,26.24414414414393,BINANCE
2025-09-02 13:45:43.482,110708.0,0.002,26.306306306306308,BINANCE
2025-09-02 13:45:43.482,110705.88,0.00028,26.49729729729688,BINANCE
2025-09-02 13:45:43.482,110705.94,0.00013,26.491891891891683,BINANCE
2025-09-02 13:45:43.482,110705.88,0.00055,26.49729729729688,BINANCE
2025-09-02 13:45:43.482,110703.8,5e-05,26.684684684684424,BINANCE
2025-09-02 13:45:43.482,110705.88,0.00025,26.49729729729688,BINANCE
2025-09-02 13:45:43.482,110703.81,5e-05,26.683783783783994,BINANCE
2025-09-02 13:45:43.482,110704.01,5e-05,26.665765765766235,BINANCE
2025-09-02 13:45:43.482,110704.0,1e-05,26.666666666666664,BINANCE
2025-09-02 13:45:43.482,110705.36,0.00015,26.544144144144095,BINANCE
2025-09-02 13:45:43.482,110704.83,5e-05,26.591891891891738,BINANCE
2025-09-02 13:45:43.482,110704.67,5e-05,26.606306306306465,BINANCE
2025-09-02 13:45:43.482,110705.0,0.00012,26.576576576576578,BINANCE
2025-09-02 13:45:43.482,110704.61,0.00015,26.611711711711656,BINANCE
2025-09-02 13:45:43.482,110704.33,5e-05,26.63693693693678,BINANCE
2025-09-02 13:45:43.482,110704.33,0.00012,26.63693693693678,BINANCE
2025-09-02 13:45:43.482,110704.61,5e-05,26.611711711711656,BINANCE
2025-09-02 13:45:43.483,110708.69,0.019,26.24414414414393,BINANCE
2025-09-02 13:45:43.485,110710.48,0.00016,26.08288288288325,BINANCE
2025-09-02 13:45:43.485,110710.0,0.00451,26.126126126126128,BINANCE
2025-09-02 13:45:43.485,110710.05,5e-05,26.12162162162136,BINANCE
2025-09-02 13:45:43.485,110710.23,0.00021,26.105405405405772,BINANCE
2025-09-02 13:45:43.485,110710.24,5e-05,26.104504504504035,BINANCE
2025-09-02 13:45:43.485,110710.52,5e-05,26.07927927927891,BINANCE
2025-09-02 13:45:43.485,110711.0,5e-05,26.036036036036037,BINANCE
2025-09-02 13:45:43.485,110710.7,5e-05,26.063063063063325,BINANCE
2025-09-02 13:45:43.485,110710.84,0.00644,26.050450450450764,BINANCE
2025-09-02 13:45:43.485,110711.0,0.0053,26.036036036036037,BINANCE
2025-09-02 13:45:43.485,110710.0,7e-05,26.126126126126128,BINANCE
2025-09-02 13:45:43.485,110710.65,5e-05,26.06756756756809,BINANCE
2025-09-02 13:45:43.485,110709.67,5e-05,26.155855855856014,BINANCE
2025-09-02 13:45:43.485,110710.81,5e-05,26.053153153153364,BINANCE
2025-09-02 13:45:43.485,110709.04,7e-05,26.21261261261319,BINANCE
2025-09-02 13:45:43.485,110709.0,0.00024,26.216216216216214,BINANCE
2025-09-02 13:45:43.485,110708.92,5e-05,26.223423423423583,BINANCE
2025-09-02 13:45:43.485,110708.9,0.00097,26.22522522522575,BINANCE
2025-09-02 13:45:43.485,110708.87,7e-05,26.22792792792835,BINANCE
2025-09-02 13:45:43.485,110708.7,5e-05,26.24324324324351,BINANCE
2025-09-02 13:45:43.485,110709.57,0.00011,26.164864864864235,BINANCE
2025-09-02 13:45:43.485,110708.69,5e-05,26.24414414414393,BINANCE
2025-09-02 13:45:43.563,110711.0,0.004,26.036036036036037,BINANCE
2025-09-02 13:45:43.568,110711.0,0.002,26.036036036036037,BINANCE
2025-09-02 13:45:43.569,110710.99,0.00089,26.036936936936467,BINANCE
2025-09-02 13:45:43.570,110711.0,0.00632,26.036036036036037,BINANCE
2025-09-02 13:45:43.570,110711.0,5e-05,26.036036036036037,BINANCE
2025-09-02 13:45:43.570,110711.0,0.001,26.036036036036037,BINANCE
2025-09-02 13:45:43.588,110711.01,5e-05,26.035135135135608,BINANCE
2025-09-02 13:45:43.588,110711.01,0.0005,26.035135135135608,BINANCE
2025-09-02 13:45:43.598,110714.28,6e-05,25.740540540540646,BINANCE
2025-09-02 13:45:43.598,110714.28,5e-05,25.740540540540646,BINANCE
2025-09-02 13:45:43.598,110714.28,7e-05,25.740540540540646,BINANCE
2025-09-02 13:45:43.598,110714.28,0.00029,25.740540540540646,BINANCE
2025-09-02 13:45:43.598,110714.28,0.00082,25.740540540540646,BINANCE
2025-09-02 13:45:43.598,110714.28,0.00031,25.740540540540646,BINANCE
2025-09-02 13:45:43.598,110714.28,0.0001,25.740540540540646,BINANCE
2025-09-02 13:45:43.598,110714.28,0.00096,25.740540540540646,BINANCE
2025-09-02 13:45:43.598,110714.3,0.00997,25.73873873873848,BINANCE
2025-09-02 13:45:43.598,110714.28,0.00475,25.740540540540646,BINANCE
2025-09-02 13:45:43.598,110715.99,0.02294,25.586486486486017,BINANCE
2025-09-02 13:45:43.598,110716.0,0.00033,25.585585585585587,BINANCE
2025-09-02 13:45:43.598,110716.0,0.00015,25.585585585585587,BINANCE
2025-09-02 13:45:43.598,110716.0,0.0004,25.585585585585587,BINANCE
2025-09-02 13:45:43.598,110715.99,5e-05,25.586486486486017,BINANCE
2025-09-02 13:45:43.598,110714.28,8e-05,25.740540540540646,BINANCE
2025-09-02 13:45:43.598,110715.4,0.00018,25.639639639640166,BINANCE
2025-09-02 13:45:43.598,110715.07,5e-05,25.66936936936874,BINANCE
2025-09-02 13:45:43.598,110714.93,9e-05,25.68198198198261,BINANCE
2025-09-02 13:45:43.598,110714.93,0.00042,25.68198198198261,BINANCE
2025-09-02 13:45:43.598,110714.88,0.0001,25.686486486486068,BINANCE
2025-09-02 13:45:43.598,110714.34,5e-05,25.73513513513545,BINANCE
2025-09-02 13:45:43.598,110714.3,5e-05,25.73873873873848,BINANCE
2025-09-02 13:45:43.598,110715.65,5e-05,25.61711711711764,BINANCE
2025-09-02 13:45:43.598,110714.28,0.00118,25.740540540540646,BINANCE
2025-09-02 13:45:43.598,110711.73,5e-05,25.97027027027064,BINANCE
2025-09-02 13:45:43.598,110711.49,0.00094,25.991891891891417,BINANCE
2025-09-02 13:45:43.598,110711.48,0.00129,25.99279279279316,BINANCE
2025-09-02 13:45:43.598,110711.11,5e-05,26.026126126126076,BINANCE
2025-09-02 13:45:43.598,110711.11,9e-05,26.026126126126076,BINANCE
2025-09-02 13:45:43.598,110711.02,5e-05,26.034234234233868,BINANCE
2025-09-02 13:45:43.598,110711.01,5e-05,26.035135135135608,BINANCE
2025-09-02 13:45:43.598,110711.01,0.0015,26.035135135135608,BINANCE
2025-09-02 13:45:43.598,110711.76,7e-05,25.96756756756804,BINANCE
2025-09-02 13:45:43.598,110712.0,0.0004,25.945945945945944,BINANCE
2025-09-02 13:45:43.598,110712.0,0.00015,25.945945945945944,BINANCE
2025-09-02 13:45:43.598,110713.26,7e-05,25.832432432432903,BINANCE
2025-09-02 13:45:43.598,110714.23,5e-05,25.745045045045412,BINANCE
2025-09-02 13:45:43.598,110714.2,0.00014,25.747747747748008,BINANCE
2025-09-02 13:45:43.598,110714.2,0.00039,25.747747747748008,BINANCE
2025-09-02 13:45:43.598,110713.5,0.00091,25.81081081081081,BINANCE
2025-09-02 13:45:43.598,110713.31,0.00045,25.827927927928137,BINANCE
2025-09-02 13:45:43.598,110713.0,5e-05,25.855855855855857,BINANCE
2025-09-02 13:45:43.598,110712.61,6e-05,25.89099099099094,BINANCE
2025-09-02 13:45:43.598,110712.61,0.00052,25.89099099099094,BINANCE
2025-09-02 13:45:43.598,110712.5,7e-05,25.9009009009009,BINANCE
2025-09-02 13:45:43.598,110712.44,0.00079,25.9063063063061,BINANCE
2025-09-02 13:45:43.598,110712.34,5e-05,25.915315315315627,BINANCE
2025-09-02 13:45:43.598,110712.34,0.00012,25.915315315315627,BINANCE
2025-09-02 13:45:43.598,110712.0,0.002,25.945945945945944,BINANCE
2025-09-02 13:45:43.598,110712.94,8e-05,25.86126126126105,BINANCE
2025-09-02 13:45:43.601,110716.0,5e-05,25.585585585585587,BINANCE
2025-09-02 13:45:43.648,110715.99,0.00017,25.586486486486017,BINANCE
2025-09-02 13:45:43.650,110715.99,0.05839,25.586486486486017,BINANCE
2025-09-02 13:45:43.650,110715.99,0.12194,25.586486486486017,BINANCE
2025-09-02 13:45:43.655,110716.0,2e-05,25.585585585585587,BINANCE
2025-09-02 13:45:43.655,110716.0,0.002,25.585585585585587,BINANCE
2025-09-02 13:45:43.655,110716.0,5e-05,25.585585585585587,BINANCE
2025-09-02 13:45:43.655,110716.0,7e-05,25.585585585585587,BINANCE
2025-09-02 13:45:43.655,110716.0,0.05052,25.585585585585587,BINANCE
2025-09-02 13:45:43.673,110720.0,0.01174,25.225225225225223,BINANCE
2025-09-02 13:45:43.673,110720.0,8e-05,25.225225225225223,BINANCE
2025-09-02 13:45:43.673,110720.0,0.00013,25.225225225225223,BINANCE
2025-09-02 13:45:43.673,110720.0,0.00028,25.225225225225223,BINANCE
2025-09-02 13:45:43.673,110720.0,0.00046,25.225225225225223,BINANCE
2025-09-02 13:45:43.673,110719.76,5e-05,25.24684684684732,BINANCE
2025-09-02 13:45:43.673,110719.99,5e-05,25.226126126125653,BINANCE
2025-09-02 13:45:43.673,110720.58,0.00089,25.17297297297282,BINANCE
2025-09-02 13:45:43.673,110720.0,0.0001,25.225225225225223,BINANCE
2025-09-02 13:45:43.673,110720.0,5e-05,25.225225225225223,BINANCE
2025-09-02 13:45:43.673,110720.0,0.0004,25.225225225225223,BINANCE
2025-09-02 13:45:43.673,110720.0,0.0002,25.225225225225223,BINANCE
2025-09-02 13:45:43.673,110719.66,0.0001,25.255855855855543,BINANCE
2025-09-02 13:45:43.673,110720.0,0.00015,25.225225225225223,BINANCE
2025-09-02 13:45:43.673,110720.0,0.002,25.225225225225223,BINANCE
2025-09-02 13:45:43.673,110720.0,0.01806,25.225225225225223,BINANCE
2025-09-02 13:45:43.673,110720.41,0.0001,25.188288288287975,BINANCE
2025-09-02 13:45:43.673,110720.0,7e-05,25.225225225225223,BINANCE
2025-09-02 13:45:43.673,110719.56,5e-05,25.264864864865075,BINANCE
2025-09-02 13:45:43.673,110719.1,7e-05,25.30630630630578,BINANCE
2025-09-02 13:45:43.673,110719.44,0.00012,25.275675675675465,BINANCE
2025-09-02 13:45:43.673,110716.0,5e-05,25.585585585585587,BINANCE
2025-09-02 13:45:43.673,110716.01,5e-05,25.584684684685158,BINANCE
2025-09-02 13:45:43.673,110716.02,5e-05,25.583783783783417,BINANCE
2025-09-02 13:45:43.673,110716.45,0.00943,25.545045045045306,BINANCE
2025-09-02 13:45:43.673,110716.45,5e-05,25.545045045045306,BINANCE
2025-09-02 13:45:43.673,110716.63,0.00018,25.52882882882841,BINANCE
2025-09-02 13:45:43.673,110718.19,0.00015,25.38828828828808,BINANCE
2025-09-02 13:45:43.673,110718.02,5e-05,25.403603603603237,BINANCE
2025-09-02 13:45:43.673,110717.96,0.00034,25.409009009008432,BINANCE
2025-09-02 13:45:43.673,110717.94,5e-05,25.4108108108106,BINANCE
2025-09-02 13:45:43.673,110717.94,7e-05,25.4108108108106,BINANCE
2025-09-02 13:45:43.673,110718.83,8e-05,25.330630630630473,BINANCE
2025-09-02 13:45:43.673,110717.66,5e-05,25.436036036035723,BINANCE
2025-09-02 13:45:43.673,110717.43,8e-05,25.456756756757386,BINANCE
2025-09-02 13:45:43.673,110717.31,0.00042,25.467567567567777,BINANCE
2025-09-02 13:45:43.673,110717.05,0.00303,25.490990990990728,BINANCE
2025-09-02 13:45:43.673,110717.92,0.003,25.41261261261277,BINANCE
2025-09-02 13:45:43.675,110721.27,5e-05,25.11081081081044,BINANCE
2025-09-02 13:45:43.675,110721.25,5e-05,25.11261261261261,BINANCE
2025-09-02 13:45:43.675,110721.09,5e-05,25.12702702702734,BINANCE
2025-09-02 13:45:43.675,110721.0,0.00013,25.135135135135137,BINANCE
2025-09-02 13:45:43.675,110720.71,0.00018,25.161261261260684,BINANCE
2025-09-02 13:45:43.675,110720.6,5e-05,25.17117117117065,BINANCE
2025-09-02 13:45:43.675,110720.58,0.00062,25.17297297297282,BINANCE
2025-09-02 13:45:43.675,110721.28,0.01258,25.109909909910012,BINANCE
2025-09-02 13:45:43.675,110721.06,5e-05,25.129729729729938,BINANCE
2025-09-02 13:45:43.675,110721.28,0.00892,25.109909909910012,BINANCE
2025-09-02 13:45:43.678,110721.28,5e-05,25.109909909910012,BINANCE
2025-09-02 13:45:43.694,110721.27,0.004,25.11081081081044,BINANCE
2025-09-02 13:45:43.707,110721.28,7e-05,25.109909909910012,BINANCE
2025-09-02 13:45:43.738,110721.28,7e-05,25.109909909910012,BINANCE
2025-09-02 13:45:43.755,110721.27,0.00057,25.11081081081044,BINANCE
2025-09-02 13:45:43.761,110721.27,0.00731,25.11081081081044,BINANCE
2025-09-02 13:45:43.784,110721.3,5e-05,25.108108108107846,BINANCE
2025-09-02 13:45:43.784,110721.37,0.00017,25.10180180180222,BINANCE
2025-09-02 13:45:43.784,110721.37,5e-05,25.10180180180222,BINANCE
2025-09-02 13:45:43.784,110721.74,8e-05,25.068468468467998,BINANCE
2025-09-02 13:45:43.784,110721.74,5e-05,25.068468468467998,BINANCE
2025-09-02 13:45:43.784,110721.97,5e-05,25.047747747747643,BINANCE
2025-09-02 13:45:43.784,110721.97,0.00546,25.047747747747643,BINANCE
2025-09-02 13:45:43.784,110721.29,5e-05,25.109009009009583,BINANCE
2025-09-02 13:45:43.784,110722.0,0.0001,25.045045045045043,BINANCE
2025-09-02 13:45:43.784,110722.0,0.00051,25.045045045045043,BINANCE
2025-09-02 13:45:43.784,110722.05,0.00044,25.040540540540277,BINANCE
2025-09-02 13:45:43.784,110722.08,7e-05,25.03783783783768,BINANCE
2025-09-02 13:45:43.784,110721.92,8e-05,25.052252252252412,BINANCE
2025-09-02 13:45:43.784,110721.28,0.01112,25.109909909910012,BINANCE
2025-09-02 13:45:43.784,110721.28,5e-05,25.109909909910012,BINANCE
2025-09-02 13:45:43.784,110721.28,0.001,25.109909909910012,BINANCE
2025-09-02 13:45:43.784,110721.28,0.00013,25.109909909910012,BINANCE
2025-09-02 13:45:43.795,110722.17,5e-05,25.029729729729887,BINANCE
2025-09-02 13:45:43.824,110722.17,0.01268,25.029729729729887,BINANCE
2025-09-02 13:45:43.824,110722.17,5e-05,25.029729729729887,BINANCE
2025-09-02 13:45:43.824,110722.17,2e-05,25.029729729729887,BINANCE
2025-09-02 13:45:43.825,110722.17,0.00685,25.029729729729887,BINANCE
2025-09-02 13:45:43.825,110722.17,5e-05,25.029729729729887,BINANCE
2025-09-02 13:45:43.825,110722.18,0.00208,25.028828828829457,BINANCE
2025-09-02 13:45:43.833,110722.17,0.04132,25.029729729729887,BINANCE
2025-09-02 13:45:43.833,110722.17,0.11769,25.029729729729887,BINANCE
2025-09-02 13:45:43.833,110722.17,0.02166,25.029729729729887,BINANCE
2025-09-02 13:45:43.876,110722.17,0.06433,25.029729729729887,BINANCE
2025-09-02 13:45:43.876,110722.17,0.11634,25.029729729729887,BINANCE
2025-09-02 13:45:43.945,110722.17,0.00224,25.029729729729887,BINANCE
2025-09-02 13:45:43.956,110722.18,0.0002,25.028828828829457,BINANCE
2025-09-02 13:45:43.956,110722.18,5e-05,25.028828828829457,BINANCE
2025-09-02 13:45:43.956,110722.18,0.00258,25.028828828829457,BINANCE
2025-09-02 13:45:43.978,110722.18,0.00904,25.028828828829457,BINANCE
2025-09-02 13:45:44.034,110722.18,5e-05,25.028828828829457,BINANCE
2025-09-02 13:45:44.034,110722.17,0.00401,25.029729729729887,BINANCE
2025-09-02 13:45:44.034,110722.18,0.02233,25.028828828829457,BINANCE
2025-09-02 13:45:44.036,110722.66,0.00014,24.985585585585273,BINANCE
2025-09-02 13:45:44.036,110722.41,0.00025,25.00810810810779,BINANCE
2025-09-02 13:45:44.036,110722.33,0.001,25.01531531531516,BINANCE
2025-09-02 13:45:44.036,110722.31,9e-05,25.017117117117326,BINANCE
2025-09-02 13:45:44.036,110722.22,5e-05,25.025225225225117,BINANCE
2025-09-02 13:45:44.036,110722.22,0.00493,25.025225225225117,BINANCE
2025-09-02 13:45:44.036,110722.2,7e-05,25.027027027027287,BINANCE
2025-09-02 13:45:44.036,110722.2,5e-05,25.027027027027287,BINANCE
2025-09-02 13:45:44.036,110722.19,5e-05,25.027927927927717,BINANCE
2025-09-02 13:45:44.039,110724.0,0.002,24.864864864864867,BINANCE
2025-09-02 13:45:44.039,110723.91,0.003,24.872972972972658,BINANCE
2025-09-02 13:45:44.039,110724.0,0.0004,24.864864864864867,BINANCE
2025-09-02 13:45:44.039,110724.0,0.00015,24.864864864864867,BINANCE
2025-09-02 13:45:44.039,110724.05,5e-05,24.860360360360097,BINANCE
2025-09-02 13:45:44.039,110725.0,0.00068,24.774774774774773,BINANCE
2025-09-02 13:45:44.039,110724.96,0.00018,24.778378378377802,BINANCE
2025-09-02 13:45:44.039,110725.0,0.0004,24.774774774774773,BINANCE
2025-09-02 13:45:44.039,110725.0,0.00229,24.774774774774773,BINANCE
2025-09-02 13:45:44.039,110725.0,6e-05,24.774774774774773,BINANCE
2025-09-02 13:45:44.039,110723.9,0.0001,24.873873873874402,BINANCE
2025-09-02 13:45:44.039,110724.61,5e-05,24.809909909909855,BINANCE
2025-09-02 13:45:44.039,110723.59,0.00031,24.90180180180212,BINANCE
2025-09-02 13:45:44.039,110723.13,0.00026,24.943243243242822,BINANCE
2025-09-02 13:45:44.039,110723.03,5e-05,24.952252252252357,BINANCE
2025-09-02 13:45:44.039,110723.43,0.00033,24.916216216216846,BINANCE
2025-09-02 13:45:44.039,110723.02,5e-05,24.953153153152787,BINANCE
2025-09-02 13:45:44.039,110723.02,0.00184,24.953153153152787,BINANCE
2025-09-02 13:45:44.040,110725.0,0.00017,24.774774774774773,BINANCE
2025-09-02 13:45:44.040,110725.18,5e-05,24.758558558559187,BINANCE
2025-09-02 13:45:44.040,110725.0,0.00077,24.774774774774773,BINANCE
2025-09-02 13:45:44.040,110725.0,5e-05,24.774774774774773,BINANCE
2025-09-02 13:45:44.043,110725.27,0.01157,24.750450450450085,BINANCE
2025-09-02 13:45:44.043,110725.27,5e-05,24.750450450450085,BINANCE
2025-09-02 13:45:44.045,110727.27,7e-05,24.5702702702699,BINANCE
2025-09-02 13:45:44.045,110727.12,7e-05,24.583783783784202,BINANCE
2025-09-02 13:45:44.045,110726.94,0.00013,24.599999999999792,BINANCE
2025-09-02 13:45:44.045,110726.82,5e-05,24.610810810810182,BINANCE
2025-09-02 13:45:44.045,110726.64,0.00017,24.62702702702708,BINANCE
2025-09-02 13:45:44.045,110726.65,0.00019,24.62612612612665,BINANCE
2025-09-02 13:45:44.045,110726.64,6e-05,24.62702702702708,BINANCE
2025-09-02 13:45:44.045,110726.61,0.00025,24.62972972972968,BINANCE
2025-09-02 13:45:44.045,110726.49,8e-05,24.640540540540066,BINANCE
2025-09-02 13:45:44.045,110726.47,5e-05,24.642342342342236,BINANCE
2025-09-02 13:45:44.045,110727.27,9e-05,24.5702702702699,BINANCE
2025-09-02 13:45:44.045,110726.68,0.00062,24.623423423424054,BINANCE
2025-09-02 13:45:44.045,110727.27,0.00014,24.5702702702699,BINANCE
2025-09-02 13:45:44.045,110727.94,5e-05,24.509909909909698,BINANCE
2025-09-02 13:45:44.045,110727.27,0.00013,24.5702702702699,BINANCE
2025-09-02 13:45:44.045,110727.39,0.00055,24.55945945945951,BINANCE
2025-09-02 13:45:44.045,110727.42,0.00018,24.55675675675691,BINANCE
2025-09-02 13:45:44.045,110727.5,0.00022,24.54954954954955,BINANCE
2025-09-02 13:45:44.045,110727.68,0.00045,24.533333333333964,BINANCE
2025-09-02 13:45:44.045,110727.93,5e-05,24.51081081081144,BINANCE
2025-09-02 13:45:44.045,110726.41,5e-05,24.647747747747434,BINANCE
2025-09-02 13:45:44.045,110727.99,5e-05,24.505405405404932,BINANCE
2025-09-02 13:45:44.045,110728.0,0.00753,24.504504504504506,BINANCE
2025-09-02 13:45:44.045,110727.27,5e-05,24.5702702702699,BINANCE
2025-09-02 13:45:44.045,110726.18,0.00018,24.668468468469097,BINANCE
2025-09-02 13:45:44.045,110727.68,0.00023,24.533333333333964,BINANCE
2025-09-02 13:45:44.045,110726.15,0.0001,24.671171171171697,BINANCE
2025-09-02 13:45:44.045,110725.27,5e-05,24.750450450450085,BINANCE
2025-09-02 13:45:44.045,110725.27,0.09049,24.750450450450085,BINANCE
2025-09-02 13:45:44.045,110725.27,0.24355,24.750450450450085,BINANCE
2025-09-02 13:45:44.045,110725.27,0.07076,24.750450450450085,BINANCE
2025-09-02 13:45:44.045,110725.27,0.00591,24.750450450450085,BINANCE
2025-09-02 13:45:44.045,110725.27,0.04613,24.750450450450085,BINANCE
2025-09-02 13:45:44.045,110725.28,5e-05,24.749549549549656,BINANCE
2025-09-02 13:45:44.045,110726.15,5e-05,24.671171171171697,BINANCE
2025-09-02 13:45:44.045,110725.31,0.00013,24.746846846847056,BINANCE
2025-09-02 13:45:44.045,110726.15,0.00067,24.671171171171697,BINANCE
2025-09-02 13:45:44.045,110726.14,5e-05,24.672072072072126,BINANCE
2025-09-02 13:45:44.045,110726.11,0.00017,24.674774774774722,BINANCE
2025-09-02 13:45:44.045,110726.0,0.00011,24.684684684684687,BINANCE
2025-09-02 13:45:44.045,110725.99,6e-05,24.685585585585116,BINANCE
2025-09-02 13:45:44.045,110725.89,9e-05,24.694594594594648,BINANCE
2025-09-02 13:45:44.045,110725.82,6e-05,24.700900900900272,BINANCE
2025-09-02 13:45:44.045,110725.69,7e-05,24.712612612612403,BINANCE
2025-09-02 13:45:44.045,110725.65,5e-05,24.71621621621674,BINANCE
2025-09-02 13:45:44.045,110725.56,9e-05,24.72432432432453,BINANCE
2025-09-02 13:45:44.045,110725.49,0.00019,24.73063063063016,BINANCE
2025-09-02 13:45:44.045,110725.31,5e-05,24.746846846847056,BINANCE
2025-09-02 13:45:44.045,110725.83,0.00457,24.699999999999843,BINANCE
2025-09-02 13:45:44.053,110728.0,0.00903,24.504504504504506,BINANCE
2025-09-02 13:45:44.053,110728.0,5e-05,24.504504504504506,BINANCE
2025-09-02 13:45:44.053,110728.0,0.0004,24.504504504504506,BINANCE
2025-09-02 13:45:44.053,110728.0,0.002,24.504504504504506,BINANCE
2025-09-02 13:45:44.053,110728.0,0.00015,24.504504504504506,BINANCE
2025-09-02 13:45:44.053,110728.0,0.01469,24.504504504504506,BINANCE
2025-09-02 13:45:44.054,110728.0,0.00746,24.504504504504506,BINANCE
2025-09-02 13:45:44.055,110728.01,5e-05,24.503603603604077,BINANCE
2025-09-02 13:45:44.055,110728.01,2e-05,24.503603603604077,BINANCE
2025-09-02 13:45:44.055,110728.0,0.00157,24.504504504504506,BINANCE
2025-09-02 13:45:44.056,110728.01,3e-05,24.503603603604077,BINANCE
2025-09-02 13:45:44.056,110728.29,0.00033,24.478378378378956,BINANCE
2025-09-02 13:45:44.056,110728.29,0.00016,24.478378378378956,BINANCE
2025-09-02 13:45:44.056,110728.34,9e-05,24.473873873874187,BINANCE
2025-09-02 13:45:44.056,110728.36,7e-05,24.472072072072017,BINANCE
2025-09-02 13:45:44.056,110728.38,0.00014,24.47027027026985,BINANCE
2025-09-02 13:45:44.058,110728.39,5e-05,24.469369369369424,BINANCE
2025-09-02 13:45:44.058,110728.38,5e-05,24.47027027026985,BINANCE
2025-09-02 13:45:44.058,110728.51,0.00065,24.45855855855903,BINANCE
2025-09-02 13:45:44.058,110728.64,0.00036,24.4468468468469,BINANCE
2025-09-02 13:45:44.058,110728.29,5e-05,24.478378378378956,BINANCE
2025-09-02 13:45:44.058,110728.3,5e-05,24.477477477477215,BINANCE
2025-09-02 13:45:44.058,110728.38,0.00053,24.47027027026985,BINANCE
2025-09-02 13:45:44.058,110728.01,5e-05,24.503603603604077,BINANCE
2025-09-02 13:45:44.058,110728.38,0.0002,24.47027027026985,BINANCE
2025-09-02 13:45:44.058,110728.02,5e-05,24.502702702702337,BINANCE
2025-09-02 13:45:44.058,110728.38,0.00026,24.47027027026985,BINANCE
2025-09-02 13:45:44.059,110729.2,5e-05,24.396396396396657,BINANCE
2025-09-02 13:45:44.059,110729.21,0.00012,24.39549549549492,BINANCE
2025-09-02 13:45:44.059,110729.41,0.00222,24.377477477477164,BINANCE
2025-09-02 13:45:44.059,110729.76,0.00112,24.34594594594642,BINANCE
2025-09-02 13:45:44.059,110729.5,5e-05,24.36936936936937,BINANCE
2025-09-02 13:45:44.059,110729.65,0.00018,24.355855855856383,BINANCE
2025-09-02 13:45:44.059,110729.16,0.00461,24.399999999999686,BINANCE
2025-09-02 13:45:44.059,110729.49,0.00033,24.370270270269796,BINANCE
2025-09-02 13:45:44.059,110729.16,6e-05,24.399999999999686,BINANCE
2025-09-02 13:45:44.059,110728.82,0.0001,24.430630630630002,BINANCE
2025-09-02 13:45:44.059,110729.04,0.00011,24.410810810811387,BINANCE
2025-09-02 13:45:44.059,110728.38,5e-05,24.47027027026985,BINANCE
2025-09-02 13:45:44.059,110728.39,5e-05,24.469369369369424,BINANCE
2025-09-02 13:45:44.059,110728.64,6e-05,24.4468468468469,BINANCE
2025-09-02 13:45:44.059,110729.16,7e-05,24.399999999999686,BINANCE
2025-09-02 13:45:44.059,110729.02,5e-05,24.412612612612246,BINANCE
2025-09-02 13:45:44.059,110728.82,0.00041,24.430630630630002,BINANCE
2025-09-02 13:45:44.060,110730.3,5e-05,24.297297297297035,BINANCE
2025-09-02 13:45:44.060,110731.18,0.00018,24.218018018018647,BINANCE
2025-09-02 13:45:44.060,110730.8,0.00053,24.252252252251992,BINANCE
2025-09-02 13:45:44.060,110730.76,0.00488,24.255855855856325,BINANCE
2025-09-02 13:45:44.060,110730.62,0.00154,24.26846846846889,BINANCE
2025-09-02 13:45:44.060,110730.62,0.0006,24.26846846846889,BINANCE
2025-09-02 13:45:44.060,110730.6,5e-05,24.270270270269744,BINANCE
2025-09-02 13:45:44.060,110730.33,0.0001,24.294594594594436,BINANCE
2025-09-02 13:45:44.060,110730.32,0.0003,24.295495495494865,BINANCE
2025-09-02 13:45:44.060,110730.3,0.00018,24.297297297297035,BINANCE
2025-09-02 13:45:44.060,110730.05,0.0001,24.319819819819557,BINANCE
2025-09-02 13:45:44.060,110730.0,0.00903,24.324324324324323,BINANCE
2025-09-02 13:45:44.060,110730.0,5e-05,24.324324324324323,BINANCE
2025-09-02 13:45:44.060,110730.0,0.02194,24.324324324324323,BINANCE
2025-09-02 13:45:44.060,110730.0,0.06881,24.324324324324323,BINANCE
2025-09-02 13:45:44.060,110729.99,5e-05,24.325225225224752,BINANCE
2025-09-02 13:45:44.060,110729.99,0.00062,24.325225225224752,BINANCE
2025-09-02 13:45:44.060,110729.82,6e-05,24.340540540539912,BINANCE
2025-09-02 13:45:44.060,110729.77,0.00011,24.345045045044678,BINANCE
2025-09-02 13:45:44.060,110729.76,0.00171,24.34594594594642,BINANCE
2025-09-02 13:45:44.063,110732.0,0.00015,24.144144144144143,BINANCE
2025-09-02 13:45:44.063,110732.0,0.0004,24.144144144144143,BINANCE
2025-09-02 13:45:44.063,110732.0,0.002,24.144144144144143,BINANCE
2025-09-02 13:45:44.063,110731.85,0.001,24.157657657657133,BINANCE
2025-09-02 13:45:44.063,110732.17,7e-05,24.128828828828986,BINANCE
2025-09-02 13:45:44.063,110732.18,0.00067,24.127927927928557,BINANCE
2025-09-02 13:45:44.063,110732.05,0.00028,24.139639639639377,BINANCE
2025-09-02 13:45:44.063,110731.35,5e-05,24.202702702702176,BINANCE
2025-09-02 13:45:44.063,110731.88,5e-05,24.154954954954533,BINANCE
2025-09-02 13:45:44.063,110731.68,0.00195,24.1729729729736,BINANCE
2025-09-02 13:45:44.063,110731.92,0.00181,24.15135135135151,BINANCE
2025-09-02 13:45:44.063,110731.34,5e-05,24.20360360360392,BINANCE
2025-09-02 13:45:44.064,110732.18,0.00114,24.127927927928557,BINANCE
2025-09-02 13:45:44.064,110732.18,0.00091,24.127927927928557,BINANCE
2025-09-02 13:45:44.064,110732.37,8e-05,24.11081081081123,BINANCE
2025-09-02 13:45:44.064,110732.58,0.00045,24.091891891891734,BINANCE
2025-09-02 13:45:44.064,110732.71,0.00042,24.080180180179603,BINANCE
2025-09-02 13:45:44.065,110732.71,9e-05,24.080180180179603,BINANCE
2025-09-02 13:45:44.065,110732.95,5e-05,24.05855855855882,BINANCE
2025-09-02 13:45:44.065,110732.71,0.00359,24.080180180179603,BINANCE
2025-09-02 13:45:44.075,110732.19,5e-05,24.127027027026816,BINANCE
2025-09-02 13:45:44.075,110732.99,5e-05,24.054954954954482,BINANCE
2025-09-02 13:45:44.075,110733.0,0.00016,24.054054054054053,BINANCE
2025-09-02 13:45:44.075,110732.18,5e-05,24.127927927928557,BINANCE
2025-09-02 13:45:44.077,110732.99,5e-05,24.054954954954482,BINANCE
2025-09-02 13:45:44.079,110733.0,0.01806,24.054054054054053,BINANCE
2025-09-02 13:45:44.079,110733.0,0.004,24.054054054054053,BINANCE
2025-09-02 13:45:44.080,110733.0,5e-05,24.054054054054053,BINANCE
2025-09-02 13:45:44.085,110733.0,0.08833,24.054054054054053,BINANCE
2025-09-02 13:45:44.088,110733.0,0.09981,24.054054054054053,BINANCE
2025-09-02 13:45:44.097,110733.0,0.017,24.054054054054053,BINANCE
2025-09-02 13:45:44.097,110733.0,0.063,24.054054054054053,BINANCE
2025-09-02 13:45:44.097,110733.0,0.04,24.054054054054053,BINANCE
2025-09-02 13:45:44.115,110732.99,0.00046,24.054954954954482,BINANCE
2025-09-02 13:45:44.125,110733.0,4e-05,24.054054054054053,BINANCE
2025-09-02 13:45:44.130,110732.99,0.00113,24.054954954954482,BINANCE
2025-09-02 13:45:44.130,110732.99,0.00083,24.054954954954482,BINANCE
2025-09-02 13:45:44.138,110733.0,0.00599,24.054054054054053,BINANCE
2025-09-02 13:45:44.167,110733.0,0.18553,24.054054054054053,BINANCE
2025-09-02 13:45:44.172,110733.01,5e-05,24.053153153153627,BINANCE
2025-09-02 13:45:44.172,110733.33,0.00013,24.024324324324166,BINANCE
2025-09-02 13:45:44.172,110733.61,0.00064,23.99909909909905,BINANCE
2025-09-02 13:45:44.172,110733.02,5e-05,24.052252252251883,BINANCE
2025-09-02 13:45:44.172,110733.33,0.00059,24.024324324324166,BINANCE
2025-09-02 13:45:44.172,110733.61,0.00085,23.99909909909905,BINANCE
2025-09-02 13:45:44.172,110733.0,5e-05,24.054054054054053,BINANCE
2025-09-02 13:45:44.172,110733.0,0.35876,24.054054054054053,BINANCE
2025-09-02 13:45:44.172,110733.0,0.11927,24.054054054054053,BINANCE
2025-09-02 13:45:44.174,110735.71,6e-05,23.809909909909333,BINANCE
2025-09-02 13:45:44.174,110735.71,1e-05,23.809909909909333,BINANCE
2025-09-02 13:45:44.174,110736.64,7e-05,23.72612612612618,BINANCE
2025-09-02 13:45:44.174,110736.0,0.00015,23.783783783783786,BINANCE
2025-09-02 13:45:44.174,110736.0,0.0004,23.783783783783786,BINANCE
2025-09-02 13:45:44.174,110736.84,5e-05,23.708108108108423,BINANCE
2025-09-02 13:45:44.174,110736.13,0.0001,23.77207207207165,BINANCE
2025-09-02 13:45:44.174,110735.71,0.00013,23.809909909909333,BINANCE
2025-09-02 13:45:44.174,110736.0,0.002,23.783783783783786,BINANCE
2025-09-02 13:45:44.174,110735.29,0.00052,23.847747747748326,BINANCE
2025-09-02 13:45:44.174,110735.66,7e-05,23.814414414414102,BINANCE
2025-09-02 13:45:44.174,110733.88,0.00232,23.974774774774353,BINANCE
2025-09-02 13:45:44.174,110734.04,0.0001,23.960360360360937,BINANCE
2025-09-02 13:45:44.174,110734.1,5e-05,23.95495495495443,BINANCE
2025-09-02 13:45:44.174,110734.23,0.0013,23.94324324324361,BINANCE
2025-09-02 13:45:44.174,110734.55,7e-05,23.914414414414153,BINANCE
2025-09-02 13:45:44.174,110734.22,0.003,23.94414414414404,BINANCE
2025-09-02 13:45:44.174,110735.0,0.0001,23.873873873873872,BINANCE
2025-09-02 13:45:44.174,110735.03,0.00286,23.871171171171273,BINANCE
2025-09-02 13:45:44.174,110735.14,0.00153,23.861261261261312,BINANCE
2025-09-02 13:45:44.174,110735.21,0.00063,23.854954954954376,BINANCE
2025-09-02 13:45:44.174,110735.28,0.00034,23.848648648648755,BINANCE
2025-09-02 13:45:44.174,110735.29,7e-05,23.847747747748326,BINANCE
2025-09-02 13:45:44.174,110734.67,7e-05,23.90360360360376,BINANCE
2025-09-02 13:45:44.175,110737.49,9e-05,23.64954954954908,BINANCE
2025-09-02 13:45:44.175,110737.73,5e-05,23.627927927928294,BINANCE
2025-09-02 13:45:44.175,110737.73,0.00814,23.627927927928294,BINANCE
2025-09-02 13:45:44.175,110737.49,0.00012,23.64954954954908,BINANCE
2025-09-02 13:45:44.175,110737.49,0.00043,23.64954954954908,BINANCE
2025-09-02 13:45:44.175,110737.49,8e-05,23.64954954954908,BINANCE
2025-09-02 13:45:44.175,110737.49,0.0001,23.64954954954908,BINANCE
2025-09-02 13:45:44.175,110737.33,7e-05,23.66396396396381,BINANCE
2025-09-02 13:45:44.175,110737.29,5e-05,23.667567567568145,BINANCE
2025-09-02 13:45:44.175,110737.04,8e-05,23.690090090090667,BINANCE
2025-09-02 13:45:44.175,110736.9,5e-05,23.702702702703228,BINANCE
2025-09-02 13:45:44.175,110736.9,0.00965,23.702702702703228,BINANCE
2025-09-02 13:45:44.178,110737.72,5e-05,23.628828828828723,BINANCE
2025-09-02 13:45:44.181,110737.73,5e-05,23.627927927928294,BINANCE
2025-09-02 13:45:44.194,110738.01,5e-05,23.602702702703176,BINANCE
2025-09-02 13:45:44.194,110738.25,0.00019,23.58108108108108,BINANCE
2025-09-02 13:45:44.194,110738.25,5e-05,23.58108108108108,BINANCE
2025-09-02 13:45:44.194,110738.59,0.00265,23.550450450450768,BINANCE
2025-09-02 13:45:44.194,110738.65,5e-05,23.54504504504557,BINANCE
2025-09-02 13:45:44.194,110737.74,5e-05,23.627027027026557,BINANCE
2025-09-02 13:45:44.194,110738.96,0.00012,23.517117117116538,BINANCE
2025-09-02 13:45:44.194,110739.22,7e-05,23.49369369369359,BINANCE
2025-09-02 13:45:44.194,110738.59,5e-05,23.550450450450768,BINANCE
2025-09-02 13:45:44.194,110737.73,5e-05,23.627927927928294,BINANCE
2025-09-02 13:45:44.194,110737.73,0.00469,23.627927927928294,BINANCE
2025-09-02 13:45:44.194,110737.73,0.00513,23.627927927928294,BINANCE
2025-09-02 13:45:44.196,110740.0,0.0004,23.423423423423422,BINANCE
2025-09-02 13:45:44.196,110740.0,0.002,23.423423423423422,BINANCE
2025-09-02 13:45:44.196,110740.0,0.00015,23.423423423423422,BINANCE
2025-09-02 13:45:44.196,110740.32,7e-05,23.394594594593965,BINANCE
2025-09-02 13:45:44.196,110740.0,0.01806,23.423423423423422,BINANCE
2025-09-02 13:45:44.196,110739.34,9e-05,23.4828828828832,BINANCE
2025-09-02 13:45:44.196,110740.0,5e-05,23.423423423423422,BINANCE
2025-09-02 13:45:44.196,110739.72,6e-05,23.448648648648547,BINANCE
2025-09-02 13:45:44.196,110739.29,5e-05,23.48738738738796,BINANCE
2025-09-02 13:45:44.196,110739.28,5e-05,23.48828828828839,BINANCE
2025-09-02 13:45:44.196,110739.28,0.00118,23.48828828828839,BINANCE
2025-09-02 13:45:44.199,110744.01,5e-05,23.062162162162636,BINANCE
2025-09-02 13:45:44.199,110743.8,0.00029,23.08108108108082,BINANCE
2025-09-02 13:45:44.199,110743.92,7e-05,23.070270270270427,BINANCE
2025-09-02 13:45:44.199,110744.0,0.0004,23.063063063063066,BINANCE
2025-09-02 13:45:44.199,110744.0,0.00015,23.063063063063066,BINANCE
2025-09-02 13:45:44.199,110744.0,0.002,23.063063063063066,BINANCE
2025-09-02 13:45:44.199,110744.21,5e-05,23.04414414414357,BINANCE
2025-09-02 13:45:44.199,110743.79,0.00061,23.081981981982562,BINANCE
2025-09-02 13:45:44.199,110744.68,8e-05,23.001801801802433,BINANCE
2025-09-02 13:45:44.199,110744.71,5e-05,22.99909909909852,BINANCE
2025-09-02 13:45:44.199,110744.84,6e-05,22.987387387387702,BINANCE
2025-09-02 13:45:44.199,110744.84,0.00044,22.987387387387702,BINANCE
2025-09-02 13:45:44.199,110744.85,5e-05,22.986486486485962,BINANCE
2025-09-02 13:45:44.199,110744.92,5e-05,22.980180180180337,BINANCE
2025-09-02 13:45:44.199,110745.0,0.0001,22.972972972972972,BINANCE
2025-09-02 13:45:44.199,110744.43,7e-05,23.024324324324954,BINANCE
2025-09-02 13:45:44.199,110743.47,6e-05,23.110810810810708,BINANCE
2025-09-02 13:45:44.199,110741.44,5e-05,23.293693693693484,BINANCE
2025-09-02 13:45:44.199,110743.12,0.0002,23.14234234234276,BINANCE
2025-09-02 13:45:44.199,110740.66,5e-05,23.363963963963652,BINANCE
2025-09-02 13:45:44.199,110740.67,5e-05,23.363063063063223,BINANCE
2025-09-02 13:45:44.199,110741.15,0.00049,23.319819819820342,BINANCE
2025-09-02 13:45:44.199,110741.76,6e-05,23.264864864865338,BINANCE
2025-09-02 13:45:44.199,110742.28,0.00033,23.21801801801812,BINANCE
2025-09-02 13:45:44.199,110742.64,0.00085,23.185585585585635,BINANCE
2025-09-02 13:45:44.199,110741.08,0.00045,23.32612612612597,BINANCE
2025-09-02 13:45:44.199,110742.7,5e-05,23.180180180180443,BINANCE
2025-09-02 13:45:44.199,110742.67,5e-05,23.182882882883042,BINANCE
2025-09-02 13:45:44.199,110742.99,5e-05,23.15405405405358,BINANCE
2025-09-02 13:45:44.199,110742.89,0.00012,23.163063063063117,BINANCE
2025-09-02 13:45:44.199,110742.85,6e-05,23.166666666666142,BINANCE
2025-09-02 13:45:44.199,110743.41,0.00018,23.1162162162159,BINANCE
2025-09-02 13:45:44.199,110742.85,9e-05,23.166666666666142,BINANCE
2025-09-02 13:45:44.199,110742.84,0.00028,23.167567567567882,BINANCE
2025-09-02 13:45:44.199,110742.79,5e-05,23.17207207207265,BINANCE
2025-09-02 13:45:44.203,110747.35,0.00558,22.76126126126074,BINANCE
2025-09-02 13:45:44.203,110747.08,5e-05,22.785585585585427,BINANCE
2025-09-02 13:45:44.203,110746.26,7e-05,22.85945945945993,BINANCE
2025-09-02 13:45:44.203,110746.07,5e-05,22.87657657657595,BINANCE
2025-09-02 13:45:44.203,110745.93,5e-05,22.889189189189818,BINANCE
2025-09-02 13:45:44.203,110745.92,0.00025,22.890090090090247,BINANCE
2025-09-02 13:45:44.203,110745.76,0.00041,22.904504504504974,BINANCE
2025-09-02 13:45:44.203,110745.72,0.00013,22.908108108108003,BINANCE
2025-09-02 13:45:44.203,110745.63,0.0001,22.916216216215794,BINANCE
2025-09-02 13:45:44.203,110745.61,0.00025,22.918018018017964,BINANCE
2025-09-02 13:45:44.203,110745.54,0.00018,22.9243243243249,BINANCE
2025-09-02 13:45:44.203,110746.73,0.00037,22.817117117117487,BINANCE
2025-09-02 13:45:44.203,110745.45,6e-05,22.932432432432698,BINANCE
2025-09-02 13:45:44.203,110740.68,5e-05,23.362162162162793,BINANCE
2025-09-02 13:45:44.203,110740.67,5e-05,23.363063063063223,BINANCE
2025-09-02 13:45:44.203,110745.31,0.00093,22.945045045045255,BINANCE
2025-09-02 13:45:44.204,110747.34,0.00046,22.76216216216248,BINANCE
2025-09-02 13:45:44.208,110747.35,5e-05,22.76126126126074,BINANCE
2025-09-02 13:45:44.213,110747.35,0.006,22.76126126126074,BINANCE
2025-09-02 13:45:44.214,110747.35,0.006,22.76126126126074,BINANCE
2025-09-02 13:45:44.215,110748.58,0.00013,22.650450450450293,BINANCE
2025-09-02 13:45:44.215,110748.55,0.00011,22.65315315315289,BINANCE
2025-09-02 13:45:44.215,110748.51,6e-05,22.65675675675723,BINANCE
2025-09-02 13:45:44.215,110748.35,0.00023,22.671171171170645,BINANCE
2025-09-02 13:45:44.215,110748.35,0.00017,22.671171171170645,BINANCE
2025-09-02 13:45:44.215,110748.33,0.00071,22.672972972972815,BINANCE
2025-09-02 13:45:44.215,110748.33,5e-05,22.672972972972815,BINANCE
2025-09-02 13:45:44.215,110748.11,5e-05,22.69279279279274,BINANCE
2025-09-02 13:45:44.215,110748.1,0.00011,22.69369369369317,BINANCE
2025-09-02 13:45:44.215,110748.1,7e-05,22.69369369369317,BINANCE
2025-09-02 13:45:44.215,110748.0,0.002,22.7027027027027,BINANCE
2025-09-02 13:45:44.215,110748.0,0.0004,22.7027027027027,BINANCE
2025-09-02 13:45:44.215,110748.0,0.00015,22.7027027027027,BINANCE
2025-09-02 13:45:44.215,110749.0,8e-05,22.612612612612615,BINANCE
2025-09-02 13:45:44.215,110747.83,5e-05,22.718018018017858,BINANCE
2025-09-02 13:45:44.215,110747.87,0.00012,22.714414414414836,BINANCE
2025-09-02 13:45:44.215,110747.35,0.00041,22.76126126126074,BINANCE
2025-09-02 13:45:44.215,110747.35,5e-05,22.76126126126074,BINANCE
2025-09-02 13:45:44.215,110747.36,5e-05,22.76036036036031,BINANCE
2025-09-02 13:45:44.215,110747.38,0.0002,22.75855855855814,BINANCE
2025-09-02 13:45:44.216,110750.0,0.00012,22.52252252252252,BINANCE
2025-09-02 13:45:44.216,110750.0,0.00022,22.52252252252252,BINANCE
2025-09-02 13:45:44.216,110750.0,0.00043,22.52252252252252,BINANCE
2025-09-02 13:45:44.216,110750.0,0.00451,22.52252252252252,BINANCE
2025-09-02 13:45:44.216,110750.0,0.00135,22.52252252252252,BINANCE
2025-09-02 13:45:44.216,110750.0,0.0001,22.52252252252252,BINANCE
2025-09-02 13:45:44.216,110750.0,0.00026,22.52252252252252,BINANCE
2025-09-02 13:45:44.216,110750.0,0.00082,22.52252252252252,BINANCE
2025-09-02 13:45:44.216,110750.0,0.00033,22.52252252252252,BINANCE
2025-09-02 13:45:44.216,110750.0,5e-05,22.52252252252252,BINANCE
2025-09-02 13:45:44.216,110750.0,0.00041,22.52252252252252,BINANCE
2025-09-02 13:45:44.216,110750.0,0.00133,22.52252252252252,BINANCE
2025-09-02 13:45:44.216,110750.0,0.00014,22.52252252252252,BINANCE
2025-09-02 13:45:44.216,110750.0,8e-05,22.52252252252252,BINANCE
2025-09-02 13:45:44.216,110750.0,0.0017,22.52252252252252,BINANCE
2025-09-02 13:45:44.216,110750.0,0.0004,22.52252252252252,BINANCE
2025-09-02 13:45:44.216,110750.0,0.006,22.52252252252252,BINANCE
2025-09-02 13:45:44.216,110750.0,0.00073,22.52252252252252,BINANCE
2025-09-02 13:45:44.216,110750.0,0.01767,22.52252252252252,BINANCE
2025-09-02 13:45:44.216,110750.0,0.0009,22.52252252252252,BINANCE
2025-09-02 13:45:44.216,110750.0,0.00999,22.52252252252252,BINANCE
2025-09-02 13:45:44.216,110750.0,0.00025,22.52252252252252,BINANCE
2025-09-02 13:45:44.216,110750.0,0.00018,22.52252252252252,BINANCE
2025-09-02 13:45:44.216,110750.0,0.0002,22.52252252252252,BINANCE
2025-09-02 13:45:44.216,110750.0,0.00504,22.52252252252252,BINANCE
2025-09-02 13:45:44.216,110750.0,6e-05,22.52252252252252,BINANCE
2025-09-02 13:45:44.216,110750.0,0.00021,22.52252252252252,BINANCE
2025-09-02 13:45:44.216,110750.0,0.00034,22.52252252252252,BINANCE
2025-09-02 13:45:44.216,110749.99,5e-05,22.52342342342295,BINANCE
2025-09-02 13:45:44.216,110749.82,0.00016,22.53873873873811,BINANCE
2025-09-02 13:45:44.216,110749.68,0.00314,22.55135135135198,BINANCE
2025-09-02 13:45:44.216,110749.42,0.00016,22.574774774774934,BINANCE
2025-09-02 13:45:44.216,110749.42,5e-05,22.574774774774934,BINANCE
2025-09-02 13:45:44.216,110749.0,0.00083,22.612612612612615,BINANCE
2025-09-02 13:45:44.216,110750.0,0.00031,22.52252252252252,BINANCE
2025-09-02 13:45:44.216,110750.0,0.00011,22.52252252252252,BINANCE
2025-09-02 13:45:44.216,110750.0,0.00308,22.52252252252252,BINANCE
2025-09-02 13:45:44.216,110750.0,0.00019,22.52252252252252,BINANCE
2025-09-02 13:45:44.216,110750.0,7e-05,22.52252252252252,BINANCE
2025-09-02 13:45:44.216,110750.0,0.00152,22.52252252252252,BINANCE
2025-09-02 13:45:44.216,110750.0,0.0003,22.52252252252252,BINANCE
2025-09-02 13:45:44.218,110750.0,0.006,22.52252252252252,BINANCE
2025-09-02 13:45:44.219,110749.99,5e-05,22.52342342342295,BINANCE
2025-09-02 13:45:44.219,110750.0,0.006,22.52252252252252,BINANCE
2025-09-02 13:45:44.221,110750.0,0.006,22.52252252252252,BINANCE
2025-09-02 13:45:44.224,110749.99,0.00074,22.52342342342295,BINANCE
2025-09-02 13:45:44.226,110750.0,0.00421,22.52252252252252,BINANCE
2025-09-02 13:45:44.226,110750.0,5e-05,22.52252252252252,BINANCE
2025-09-02 13:45:44.226,110750.0,0.006,22.52252252252252,BINANCE
2025-09-02 13:45:44.226,110750.0,0.00111,22.52252252252252,BINANCE
2025-09-02 13:45:44.226,110750.0,0.00058,22.52252252252252,BINANCE
2025-09-02 13:45:44.229,110749.99,0.00118,22.52342342342295,BINANCE
2025-09-02 13:45:44.230,110750.0,0.018,22.52252252252252,BINANCE
2025-09-02 13:45:44.232,110750.0,0.006,22.52252252252252,BINANCE
2025-09-02 13:45:44.234,110750.0,5e-05,22.52252252252252,BINANCE
2025-09-02 13:45:44.239,110750.0,0.108,22.52252252252252,BINANCE
2025-09-02 13:45:44.258,110749.99,0.00025,22.52342342342295,BINANCE
2025-09-02 13:45:44.264,110749.99,9e-05,22.52342342342295,BINANCE
2025-09-02 13:45:44.264,110749.99,0.00018,22.52342342342295,BINANCE
2025-09-02 13:45:44.270,110750.0,0.0016,22.52252252252252,BINANCE
2025-09-02 13:45:44.279,110750.0,0.00903,22.52252252252252,BINANCE
2025-09-02 13:45:44.286,110749.99,0.00082,22.52342342342295,BINANCE
2025-09-02 13:45:44.295,110750.0,0.65443,22.52252252252252,BINANCE
2025-09-02 13:45:44.297,110750.82,0.003,22.448648648648017,BINANCE
2025-09-02 13:45:44.297,110750.38,0.00035,22.48828828828787,BINANCE
2025-09-02 13:45:44.297,110750.06,7e-05,22.517117117117326,BINANCE
2025-09-02 13:45:44.297,110750.02,5e-05,22.52072072072035,BINANCE
2025-09-02 13:45:44.297,110750.01,5e-05,22.521621621622092,BINANCE
2025-09-02 13:45:44.297,110750.01,0.00032,22.521621621622092,BINANCE
2025-09-02 13:45:44.297,110750.0,0.00013,22.52252252252252,BINANCE
2025-09-02 13:45:44.297,110750.24,5e-05,22.50090090090043,BINANCE
2025-09-02 13:45:44.297,110750.0,5e-05,22.52252252252252,BINANCE
2025-09-02 13:45:44.297,110750.0,0.14259,22.52252252252252,BINANCE
2025-09-02 13:45:44.297,110749.99,0.00046,22.52342342342295,BINANCE
2025-09-02 13:45:44.297,110750.0,0.02036,22.52252252252252,BINANCE
2025-09-02 13:45:44.297,110750.0,0.02973,22.52252252252252,BINANCE
2025-09-02 13:45:44.297,110750.0,0.19544,22.52252252252252,BINANCE
2025-09-02 13:45:44.297,110750.0,0.00633,22.52252252252252,BINANCE
2025-09-02 13:45:44.300,110750.99,5e-05,22.43333333333286,BINANCE
2025-09-02 13:45:44.302,110756.0,0.00015,21.98198198198198,BINANCE
2025-09-02 13:45:44.302,110755.87,0.002,21.993693693694116,BINANCE
2025-09-02 13:45:44.302,110756.0,0.0004,21.98198198198198,BINANCE
2025-09-02 13:45:44.302,110756.0,5e-05,21.98198198198198,BINANCE
2025-09-02 13:45:44.302,110755.87,5e-05,21.993693693694116,BINANCE
2025-09-02 13:45:44.302,110755.87,0.00068,21.993693693694116,BINANCE
2025-09-02 13:45:44.302,110755.81,9e-05,21.999099099099308,BINANCE
2025-09-02 13:45:44.302,110754.75,0.00036,22.094594594594597,BINANCE
2025-09-02 13:45:44.302,110755.7,0.0001,22.009009009009272,BINANCE
2025-09-02 13:45:44.302,110755.6,5e-05,22.018018018017493,BINANCE
2025-09-02 13:45:44.302,110755.6,0.00012,22.018018018017493,BINANCE
2025-09-02 13:45:44.302,110755.0,0.0001,22.07207207207207,BINANCE
2025-09-02 13:45:44.302,110754.59,0.00161,22.109009009009323,BINANCE
2025-09-02 13:45:44.302,110754.24,5e-05,22.14054054054007,BINANCE
2025-09-02 13:45:44.302,110755.78,5e-05,22.001801801801907,BINANCE
2025-09-02 13:45:44.302,110756.0,0.002,21.98198198198198,BINANCE
2025-09-02 13:45:44.302,110757.52,7e-05,21.845045045044674,BINANCE
2025-09-02 13:45:44.302,110756.28,0.00181,21.956756756756864,BINANCE
2025-09-02 13:45:44.302,110757.87,0.00015,21.813513513513936,BINANCE
2025-09-02 13:45:44.302,110757.7,0.00024,21.828828828829092,BINANCE
2025-09-02 13:45:44.302,110757.59,8e-05,21.838738738739053,BINANCE
2025-09-02 13:45:44.302,110757.57,8e-05,21.840540540539912,BINANCE
2025-09-02 13:45:44.302,110757.57,7e-05,21.840540540539912,BINANCE
2025-09-02 13:45:44.302,110757.53,5e-05,21.844144144144252,BINANCE
2025-09-02 13:45:44.302,110754.2,0.00133,22.14414414414441,BINANCE
2025-09-02 13:45:44.302,110756.24,5e-05,21.96036036035989,BINANCE
2025-09-02 13:45:44.302,110757.35,0.00091,21.860360360359838,BINANCE
2025-09-02 13:45:44.302,110757.34,0.00125,21.86126126126158,BINANCE
2025-09-02 13:45:44.302,110757.27,0.00026,21.8675675675672,BINANCE
2025-09-02 13:45:44.302,110757.11,0.00798,21.881981981981927,BINANCE
2025-09-02 13:45:44.302,110757.07,0.00424,21.885585585584955,BINANCE
2025-09-02 13:45:44.302,110757.01,0.00214,21.89099099099146,BINANCE
2025-09-02 13:45:44.302,110756.86,0.00105,21.90450450450445,BINANCE
2025-09-02 13:45:44.302,110756.83,0.00047,21.90720720720705,BINANCE
2025-09-02 13:45:44.302,110757.35,0.00181,21.860360360359838,BINANCE
2025-09-02 13:45:44.302,110754.12,0.00109,22.15135135135177,BINANCE
2025-09-02 13:45:44.302,110757.11,0.00202,21.881981981981927,BINANCE
2025-09-02 13:45:44.302,110754.11,0.00011,22.1522522522522,BINANCE
2025-09-02 13:45:44.302,110751.99,0.00019,22.34324324324277,BINANCE
2025-09-02 13:45:44.302,110751.78,0.00018,22.362162162162267,BINANCE
2025-09-02 13:45:44.302,110751.7,0.00015,22.36936936936963,BINANCE
2025-09-02 13:45:44.302,110751.6,5e-05,22.378378378377857,BINANCE
2025-09-02 13:45:44.302,110751.35,0.00018,22.400900900900375,BINANCE
2025-09-02 13:45:44.302,110751.25,5e-05,22.40990990990991,BINANCE
2025-09-02 13:45:44.302,110751.24,0.00092,22.41081081081034,BINANCE
2025-09-02 13:45:44.302,110751.0,5e-05,22.43243243243243,BINANCE
2025-09-02 13:45:44.302,110750.99,5e-05,22.43333333333286,BINANCE
2025-09-02 13:45:44.302,110750.99,3e-05,22.43333333333286,BINANCE
2025-09-02 13:45:44.302,110752.0,0.00014,22.34234234234234,BINANCE
2025-09-02 13:45:44.302,110752.0,0.0004,22.34234234234234,BINANCE
2025-09-02 13:45:44.302,110754.11,0.0003,22.1522522522522,BINANCE
2025-09-02 13:45:44.302,110753.95,8e-05,22.166666666666927,BINANCE
2025-09-02 13:45:44.302,110753.88,0.0001,22.172972972972556,BINANCE
2025-09-02 13:45:44.302,110753.85,0.00018,22.17567567567515,BINANCE
2025-09-02 13:45:44.302,110752.0,0.00015,22.34234234234234,BINANCE
2025-09-02 13:45:44.302,110753.52,5e-05,22.20540540540504,BINANCE
2025-09-02 13:45:44.302,110753.48,5e-05,22.209009009009378,BINANCE
2025-09-02 13:45:44.302,110753.41,6e-05,22.215315315315,BINANCE
2025-09-02 13:45:44.302,110753.33,7e-05,22.222522522522365,BINANCE
2025-09-02 13:45:44.302,110753.84,0.00099,22.176576576576892,BINANCE
2025-09-02 13:45:44.302,110752.85,0.00023,22.26576576576524,BINANCE
2025-09-02 13:45:44.302,110752.85,0.00045,22.26576576576524,BINANCE
2025-09-02 13:45:44.302,110752.76,0.0001,22.273873873874347,BINANCE
2025-09-02 13:45:44.302,110753.2,0.00018,22.234234234234496,BINANCE
2025-09-02 13:45:44.302,110752.52,8e-05,22.295495495495132,BINANCE
2025-09-02 13:45:44.302,110752.28,5e-05,22.31711711711722,BINANCE
2025-09-02 13:45:44.302,110752.17,0.00029,22.327027027027185,BINANCE
2025-09-02 13:45:44.302,110752.0,0.002,22.34234234234234,BINANCE
2025-09-02 13:45:44.303,110758.13,0.00158,21.79009009008967,BINANCE
2025-09-02 13:45:44.303,110758.08,7e-05,21.79459459459444,BINANCE
2025-09-02 13:45:44.305,110758.12,0.00403,21.79099099099141,BINANCE
2025-09-02 13:45:44.305,110758.13,0.00028,21.79009009008967,BINANCE
2025-09-02 13:45:44.306,110758.13,0.00875,21.79009009008967,BINANCE
2025-09-02 13:45:44.314,110758.24,0.003,21.780180180179705,BINANCE
2025-09-02 13:45:44.314,110758.69,0.00034,21.73963963963943,BINANCE
2025-09-02 13:45:44.314,110758.62,5e-05,21.745945945946367,BINANCE
2025-09-02 13:45:44.314,110758.49,5e-05,21.757657657657187,BINANCE
2025-09-02 13:45:44.314,110758.44,0.0009,21.76216216216195,BINANCE
2025-09-02 13:45:44.314,110758.42,0.00026,21.76396396396412,BINANCE
2025-09-02 13:45:44.314,110758.14,5e-05,21.78918918918924,BINANCE
2025-09-02 13:45:44.314,110758.13,5e-05,21.79009009008967,BINANCE
2025-09-02 13:45:44.314,110758.13,0.00096,21.79009009008967,BINANCE
2025-09-02 13:45:44.322,110758.68,0.00332,21.74054054054117,BINANCE
2025-09-02 13:45:44.323,110758.68,0.00012,21.74054054054117,BINANCE
2025-09-02 13:45:44.327,110758.68,0.00332,21.74054054054117,BINANCE
2025-09-02 13:45:44.331,110758.68,0.00221,21.74054054054117,BINANCE
2025-09-02 13:45:44.337,110758.68,0.00332,21.74054054054117,BINANCE
2025-09-02 13:45:44.340,110758.68,0.00324,21.74054054054117,BINANCE
2025-09-02 13:45:44.353,110758.68,0.00171,21.74054054054117,BINANCE
2025-09-02 13:45:44.372,110758.68,0.084,21.74054054054117,BINANCE
2025-09-02 13:45:44.399,110758.68,0.00332,21.74054054054117,BINANCE
2025-09-02 13:45:44.403,110758.69,0.0193,21.73963963963943,BINANCE
2025-09-02 13:45:44.403,110758.69,5e-05,21.73963963963943,BINANCE
2025-09-02 13:45:44.403,110758.68,0.00332,21.74054054054117,BINANCE
2025-09-02 13:45:44.403,110758.69,0.00025,21.73963963963943,BINANCE
2025-09-02 13:45:44.406,110758.68,0.01095,21.74054054054117,BINANCE
2025-09-02 13:45:44.407,110758.69,0.019,21.73963963963943,BINANCE
2025-09-02 13:45:44.441,110758.68,0.00013,21.74054054054117,BINANCE
2025-09-02 13:45:44.441,110758.68,0.00033,21.74054054054117,BINANCE
2025-09-02 13:45:44.441,110758.68,5e-05,21.74054054054117,BINANCE
2025-09-02 13:45:44.441,110758.68,0.00036,21.74054054054117,BINANCE
2025-09-02 13:45:44.445,110758.69,0.01198,21.73963963963943,BINANCE
2025-09-02 13:45:44.445,110758.69,0.09602,21.73963963963943,BINANCE
2025-09-02 13:45:44.471,110758.68,0.00073,21.74054054054117,BINANCE
2025-09-02 13:45:44.471,110758.68,0.00378,21.74054054054117,BINANCE
2025-09-02 13:45:44.488,110758.68,0.05045,21.74054054054117,BINANCE
2025-09-02 13:45:44.488,110758.68,0.04555,21.74054054054117,BINANCE
2025-09-02 13:45:44.498,110758.69,0.01332,21.73963963963943,BINANCE
2025-09-02 13:45:44.522,110758.68,0.00183,21.74054054054117,BINANCE
2025-09-02 13:45:44.532,110758.68,0.00175,21.74054054054117,BINANCE
2025-09-02 13:45:44.542,110758.68,9e-05,21.74054054054117,BINANCE
2025-09-02 13:45:44.608,110758.69,0.00012,21.73963963963943,BINANCE
2025-09-02 13:45:44.708,110758.68,0.00091,21.74054054054117,BINANCE
2025-09-02 13:45:44.729,110758.69,6e-05,21.73963963963943,BINANCE
2025-09-02 13:45:44.747,110755.64,5e-05,22.014414414414464,BINANCE
2025-09-02 13:45:44.747,110755.64,0.32501,22.014414414414464,BINANCE
2025-09-02 13:45:44.747,110755.65,5e-05,22.013513513514038,BINANCE
2025-09-02 13:45:44.747,110756.0,5e-05,21.98198198198198,BINANCE
2025-09-02 13:45:44.747,110755.99,5e-05,21.98288288288241,BINANCE
2025-09-02 13:45:44.747,110754.41,0.05705,22.125225225224913,BINANCE
2025-09-02 13:45:44.747,110756.0,0.0663,21.98198198198198,BINANCE
2025-09-02 13:45:44.747,110756.01,5e-05,21.981081081081555,BINANCE
2025-09-02 13:45:44.747,110754.0,0.0663,22.162162162162165,BINANCE
2025-09-02 13:45:44.747,110753.26,5e-05,22.2288288288293,BINANCE
2025-09-02 13:45:44.747,110753.52,5e-05,22.20540540540504,BINANCE
2025-09-02 13:45:44.747,110753.0,0.061,22.25225225225225,BINANCE
2025-09-02 13:45:44.747,110753.0,5e-05,22.25225225225225,BINANCE
2025-09-02 13:45:44.747,110751.0,5e-05,22.43243243243243,BINANCE
2025-09-02 13:45:44.747,110750.99,0.67293,22.43333333333286,BINANCE
2025-09-02 13:45:44.747,110750.99,5e-05,22.43333333333286,BINANCE
2025-09-02 13:45:44.747,110750.98,0.05423,22.434234234234598,BINANCE
2025-09-02 13:45:44.747,110750.98,5e-05,22.434234234234598,BINANCE
2025-09-02 13:45:44.747,110750.33,5e-05,22.492792792792635,BINANCE
2025-09-02 13:45:44.747,110750.32,0.21067,22.493693693693064,BINANCE
2025-09-02 13:45:44.747,110750.32,0.02,22.493693693693064,BINANCE
2025-09-02 13:45:44.747,110754.0,5e-05,22.162162162162165,BINANCE
2025-09-02 13:45:44.747,110756.49,0.04101,21.937837837837368,BINANCE
2025-09-02 13:45:44.747,110755.99,0.04031,21.98288288288241,BINANCE
2025-09-02 13:45:44.747,110757.19,5e-05,21.874774774774565,BINANCE
2025-09-02 13:45:44.747,110758.68,0.0041,21.74054054054117,BINANCE
2025-09-02 13:45:44.747,110758.68,0.0542,21.74054054054117,BINANCE
2025-09-02 13:45:44.747,110758.68,0.05423,21.74054054054117,BINANCE
2025-09-02 13:45:44.747,110756.84,5e-05,21.90630630630662,BINANCE
2025-09-02 13:45:44.747,110758.68,0.4048,21.74054054054117,BINANCE
2025-09-02 13:45:44.747,110758.68,5e-05,21.74054054054117,BINANCE
2025-09-02 13:45:44.747,110758.68,0.01806,21.74054054054117,BINANCE
2025-09-02 13:45:44.747,110758.68,0.04899,21.74054054054117,BINANCE
2025-09-02 13:45:44.747,110758.68,0.00068,21.74054054054117,BINANCE
2025-09-02 13:45:44.747,110757.19,0.29792,21.874774774774565,BINANCE
2025-09-02 13:45:44.747,110757.2,5e-05,21.873873873874135,BINANCE
2025-09-02 13:45:44.747,110757.6,0.04123,21.837837837837313,BINANCE
2025-09-02 13:45:44.747,110758.68,0.0298,21.74054054054117,BINANCE
2025-09-02 13:45:44.747,110758.68,0.00641,21.74054054054117,BINANCE
2025-09-02 13:45:44.747,110758.68,0.05992,21.74054054054117,BINANCE
2025-09-02 13:45:44.747,110758.68,0.07598,21.74054054054117,BINANCE
2025-09-02 13:45:44.758,110750.32,0.00107,22.493693693693064,BINANCE
2025-09-02 13:45:44.781,110750.32,0.00315,22.493693693693064,BINANCE
2025-09-02 13:45:44.924,110750.33,0.48745,22.492792792792635,BINANCE
2025-09-02 13:45:44.924,110750.33,0.79639,22.492792792792635,BINANCE
2025-09-02 13:45:44.924,110750.33,0.13905,22.492792792792635,BINANCE
2025-09-02 13:45:44.924,110750.33,0.13338,22.492792792792635,BINANCE
2025-09-02 13:45:44.924,110750.33,0.14235,22.492792792792635,BINANCE
2025-09-02 13:45:44.925,110750.33,5e-05,22.492792792792635,BINANCE
2025-09-02 13:45:44.925,110750.34,5e-05,22.491891891892205,BINANCE
2025-09-02 13:45:44.925,110750.33,0.03612,22.492792792792635,BINANCE
2025-09-02 13:45:44.925,110750.33,0.002,22.492792792792635,BINANCE
2025-09-02 13:45:44.925,110750.33,0.0489,22.492792792792635,BINANCE
2025-09-02 13:45:44.925,110750.33,0.19631,22.492792792792635,BINANCE
2025-09-02 13:45:44.925,110750.33,0.11263,22.492792792792635,BINANCE
2025-09-02 13:45:44.926,110751.99,5e-05,22.34324324324277,BINANCE
2025-09-02 13:45:44.926,110750.34,0.0001,22.491891891892205,BINANCE
2025-09-02 13:45:44.926,110750.33,0.0001,22.492792792792635,BINANCE
2025-09-02 13:45:44.926,110750.33,0.00091,22.492792792792635,BINANCE
2025-09-02 13:45:44.932,110752.01,0.0001,22.341441441441912,BINANCE
2025-09-02 13:45:44.932,110752.01,5e-05,22.341441441441912,BINANCE
2025-09-02 13:45:44.932,110753.52,5e-05,22.20540540540504,BINANCE
2025-09-02 13:45:44.932,110753.99,5e-05,22.16306306306259,BINANCE
2025-09-02 13:45:44.932,110754.0,5e-05,22.162162162162165,BINANCE
2025-09-02 13:45:44.932,110754.27,5e-05,22.13783783783747,BINANCE
2025-09-02 13:45:44.932,110754.28,0.0103,22.13693693693704,BINANCE
2025-09-02 13:45:44.932,110752.0,5e-05,22.34234234234234,BINANCE
2025-09-02 13:45:44.932,110752.0,0.0001,22.34234234234234,BINANCE
2025-09-02 13:45:44.934,110756.0,0.018,21.98198198198198,BINANCE
2025-09-02 13:45:44.934,110754.29,5e-05,22.13603603603661,BINANCE
2025-09-02 13:45:44.934,110756.0,0.019,21.98198198198198,BINANCE
2025-09-02 13:45:44.934,110756.0,0.00085,21.98198198198198,BINANCE
2025-09-02 13:45:44.934,110755.99,5e-05,21.98288288288241,BINANCE
2025-09-02 13:45:44.934,110755.7,0.01735,22.009009009009272,BINANCE
2025-09-02 13:45:44.934,110754.29,0.0001,22.13603603603661,BINANCE
2025-09-02 13:45:44.934,110754.28,0.0001,22.13693693693704,BINANCE
2025-09-02 13:45:44.934,110754.28,5e-05,22.13693693693704,BINANCE
2025-09-02 13:45:44.958,110756.01,5e-05,21.981081081081555,BINANCE
2025-09-02 13:45:44.958,110756.01,0.0001,21.981081081081555,BINANCE
2025-09-02 13:45:44.958,110757.99,5e-05,21.80270270270223,BINANCE
2025-09-02 13:45:44.958,110756.0,5e-05,21.98198198198198,BINANCE
2025-09-02 13:45:44.958,110758.0,0.05288,21.8018018018018,BINANCE
2025-09-02 13:45:44.958,110756.0,0.0001,21.98198198198198,BINANCE
2025-09-02 13:45:44.958,110756.0,0.05397,21.98198198198198,BINANCE
2025-09-02 13:45:44.959,110758.0,0.01337,21.8018018018018,BINANCE
2025-09-02 13:45:44.959,110758.0,0.01352,21.8018018018018,BINANCE
2025-09-02 13:45:44.959,110758.0,5e-05,21.8018018018018,BINANCE
2025-09-02 13:45:44.959,110758.0,0.01342,21.8018018018018,BINANCE
2025-09-02 13:45:44.959,110758.0,0.0001,21.8018018018018,BINANCE
2025-09-02 13:45:44.976,110758.0,0.01754,21.8018018018018,BINANCE
2025-09-02 13:45:44.976,110758.0,5e-05,21.8018018018018,BINANCE
2025-09-02 13:45:44.976,110758.0,0.01,21.8018018018018,BINANCE
2025-09-02 13:45:44.976,110758.0,0.0001,21.8018018018018,BINANCE
2025-09-02 13:45:45.008,110758.0,0.0001,21.8018018018018,BINANCE
2025-09-02 13:45:45.008,110758.0,0.00016,21.8018018018018,BINANCE
2025-09-02 13:45:45.017,110758.01,5e-05,21.80090090090137,BINANCE
2025-09-02 13:45:45.017,110758.69,0.01407,21.73963963963943,BINANCE
2025-09-02 13:45:45.017,110758.68,5e-05,21.74054054054117,BINANCE
2025-09-02 13:45:45.017,110758.01,0.0001,21.80090090090137,BINANCE
2025-09-02 13:45:45.017,110758.0,0.0001,21.8018018018018,BINANCE
2025-09-02 13:45:45.017,110758.0,5e-05,21.8018018018018,BINANCE
2025-09-02 13:45:45.017,110758.0,0.00184,21.8018018018018,BINANCE
2025-09-02 13:45:45.022,110758.68,0.03471,21.74054054054117,BINANCE
2025-09-02 13:45:45.029,110758.69,0.00046,21.73963963963943,BINANCE
2025-09-02 13:45:45.030,110758.69,0.006,21.73963963963943,BINANCE
2025-09-02 13:45:45.030,110758.69,0.00601,21.73963963963943,BINANCE
2025-09-02 13:45:45.034,110758.69,0.069,21.73963963963943,BINANCE
2025-09-02 13:45:45.035,110758.69,0.011,21.73963963963943,BINANCE
2025-09-02 13:45:45.035,110758.69,0.039,21.73963963963943,BINANCE
2025-09-02 13:45:45.038,110763.12,5e-05,21.34054054054096,BINANCE
2025-09-02 13:45:45.038,110764.0,0.00015,21.26126126126126,BINANCE
2025-09-02 13:45:45.038,110764.0,0.0004,21.26126126126126,BINANCE
2025-09-02 13:45:45.038,110764.0,0.00076,21.26126126126126,BINANCE
2025-09-02 13:45:45.038,110764.0,0.005,21.26126126126126,BINANCE
2025-09-02 13:45:45.038,110763.99,5e-05,21.26216216216169,BINANCE
2025-09-02 13:45:45.038,110763.92,5e-05,21.268468468468626,BINANCE
2025-09-02 13:45:45.038,110763.42,0.00027,21.31351351351367,BINANCE
2025-09-02 13:45:45.038,110762.71,6e-05,21.377477477476898,BINANCE
2025-09-02 13:45:45.038,110762.0,0.0027,21.441441441441444,BINANCE
2025-09-02 13:45:45.038,110762.5,5e-05,21.396396396396394,BINANCE
2025-09-02 13:45:45.038,110762.5,0.00021,21.396396396396394,BINANCE
2025-09-02 13:45:45.038,110762.31,6e-05,21.41351351351372,BINANCE
2025-09-02 13:45:45.038,110762.04,9e-05,21.437837837838416,BINANCE
2025-09-02 13:45:45.038,110762.0,5e-05,21.441441441441444,BINANCE
2025-09-02 13:45:45.038,110761.93,0.00042,21.447747747748377,BINANCE
2025-09-02 13:45:45.038,110761.99,5e-05,21.442342342341874,BINANCE
2025-09-02 13:45:45.038,110764.0,0.002,21.26126126126126,BINANCE
2025-09-02 13:45:45.038,110762.7,0.00018,21.378378378378642,BINANCE
2025-09-02 13:45:45.038,110764.0,0.00529,21.26126126126126,BINANCE
2025-09-02 13:45:45.038,110766.14,5e-05,21.06846846846852,BINANCE
2025-09-02 13:45:45.038,110764.0,0.03269,21.26126126126126,BINANCE
2025-09-02 13:45:45.038,110761.9,0.00025,21.450450450450973,BINANCE
2025-09-02 13:45:45.038,110766.66,0.00233,21.021621621621307,BINANCE
2025-09-02 13:45:45.038,110766.66,6e-05,21.021621621621307,BINANCE
2025-09-02 13:45:45.038,110766.34,7e-05,21.050450450450764,BINANCE
2025-09-02 13:45:45.038,110766.0,5e-05,21.08108108108108,BINANCE
2025-09-02 13:45:45.038,110765.99,5e-05,21.08198198198151,BINANCE
2025-09-02 13:45:45.038,110765.76,7e-05,21.102702702703173,BINANCE
2025-09-02 13:45:45.038,110765.75,8e-05,21.103603603603602,BINANCE
2025-09-02 13:45:45.038,110765.58,0.0005,21.118918918918762,BINANCE
2025-09-02 13:45:45.038,110765.56,0.00046,21.120720720720932,BINANCE
2025-09-02 13:45:45.038,110765.04,0.00018,21.167567567568142,BINANCE
2025-09-02 13:45:45.038,110765.0,0.00014,21.17117117117117,BINANCE
2025-09-02 13:45:45.038,110765.0,0.00019,21.17117117117117,BINANCE
2025-09-02 13:45:45.038,110764.7,7e-05,21.198198198198458,BINANCE
2025-09-02 13:45:45.038,110764.7,0.00075,21.198198198198458,BINANCE
2025-09-02 13:45:45.038,110764.63,0.00015,21.204504504504087,BINANCE
2025-09-02 13:45:45.038,110764.47,7e-05,21.218918918918813,BINANCE
2025-09-02 13:45:45.038,110764.42,0.0002,21.223423423423583,BINANCE
2025-09-02 13:45:45.038,110764.39,0.00018,21.22612612612618,BINANCE
2025-09-02 13:45:45.038,110764.34,5e-05,21.230630630630944,BINANCE
2025-09-02 13:45:45.038,110764.03,9e-05,21.258558558558665,BINANCE
2025-09-02 13:45:45.038,110764.01,0.00135,21.260360360360835,BINANCE
2025-09-02 13:45:45.038,110764.0,0.02832,21.26126126126126,BINANCE
2025-09-02 13:45:45.038,110758.7,5e-05,21.738738738739002,BINANCE
2025-09-02 13:45:45.038,110761.55,9e-05,21.48198198198172,BINANCE
2025-09-02 13:45:45.038,110759.25,0.00229,21.68918918918919,BINANCE
2025-09-02 13:45:45.038,110758.93,5e-05,21.718018018018647,BINANCE
2025-09-02 13:45:45.038,110758.93,9e-05,21.718018018018647,BINANCE
2025-09-02 13:45:45.038,110758.87,5e-05,21.723423423423842,BINANCE
2025-09-02 13:45:45.038,110758.84,8e-05,21.72612612612644,BINANCE
2025-09-02 13:45:45.038,110758.71,5e-05,21.73783783783726,BINANCE
2025-09-02 13:45:45.038,110759.25,0.00091,21.68918918918919,BINANCE
2025-09-02 13:45:45.038,110758.7,0.0001,21.738738738739002,BINANCE
2025-09-02 13:45:45.038,110758.69,5e-05,21.73963963963943,BINANCE
2025-09-02 13:45:45.038,110758.69,0.0001,21.73963963963943,BINANCE
2025-09-02 13:45:45.038,110758.69,0.02909,21.73963963963943,BINANCE
2025-09-02 13:45:45.038,110759.28,0.00014,21.68648648648659,BINANCE
2025-09-02 13:45:45.038,110761.64,0.00015,21.473873873873927,BINANCE
2025-09-02 13:45:45.038,110759.45,0.00072,21.671171171171434,BINANCE
2025-09-02 13:45:45.038,110760.79,5e-05,21.550450450451027,BINANCE
2025-09-02 13:45:45.038,110760.39,0.0004,21.58648648648654,BINANCE
2025-09-02 13:45:45.038,110760.37,5e-05,21.58828828828871,BINANCE
2025-09-02 13:45:45.038,110760.34,0.0001,21.590990990991305,BINANCE
2025-09-02 13:45:45.038,110760.15,7e-05,21.608108108108635,BINANCE
2025-09-02 13:45:45.038,110760.0,5e-05,21.62162162162162,BINANCE
2025-09-02 13:45:45.038,110760.0,0.01806,21.62162162162162,BINANCE
2025-09-02 13:45:45.038,110760.0,0.002,21.62162162162162,BINANCE
2025-09-02 13:45:45.038,110760.0,0.0004,21.62162162162162,BINANCE
2025-09-02 13:45:45.038,110760.0,0.00015,21.62162162162162,BINANCE
2025-09-02 13:45:45.038,110759.32,5e-05,21.682882882882254,BINANCE
2025-09-02 13:45:45.038,110760.0,0.00146,21.62162162162162,BINANCE
2025-09-02 13:45:45.038,110760.0,0.00019,21.62162162162162,BINANCE
2025-09-02 13:45:45.038,110760.0,7e-05,21.62162162162162,BINANCE
2025-09-02 13:45:45.038,110760.0,0.00018,21.62162162162162,BINANCE
2025-09-02 13:45:45.038,110760.0,0.00017,21.62162162162162,BINANCE
2025-09-02 13:45:45.038,110759.99,5e-05,21.62252252252205,BINANCE
2025-09-02 13:45:45.038,110759.99,0.00023,21.62252252252205,BINANCE
2025-09-02 13:45:45.038,110759.84,0.00171,21.63603603603635,BINANCE
2025-09-02 13:45:45.038,110760.8,6e-05,21.549549549549287,BINANCE
2025-09-02 13:45:45.040,110766.66,0.001,21.021621621621307,BINANCE
2025-09-02 13:45:45.043,110766.66,5e-05,21.021621621621307,BINANCE
2025-09-02 13:45:45.052,110766.65,0.00904,21.022522522523047,BINANCE
2025-09-02 13:45:45.071,110766.66,0.0533,21.021621621621307,BINANCE
2025-09-02 13:45:45.088,110766.66,0.0077,21.021621621621307,BINANCE
2025-09-02 13:45:45.088,110766.66,0.0113,21.021621621621307,BINANCE
2025-09-02 13:45:45.089,110766.66,0.005,21.021621621621307,BINANCE
2025-09-02 13:45:45.096,110766.65,7e-05,21.022522522523047,BINANCE
2025-09-02 13:45:45.128,110766.66,0.0399,21.021621621621307,BINANCE
2025-09-02 13:45:45.128,110766.66,0.05177,21.021621621621307,BINANCE
2025-09-02 13:45:45.128,110766.66,0.01633,21.021621621621307,BINANCE
2025-09-02 13:45:45.136,110766.66,0.04234,21.021621621621307,BINANCE
2025-09-02 13:45:45.136,110766.66,5e-05,21.021621621621307,BINANCE
2025-09-02 13:45:45.136,110766.66,0.05526,21.021621621621307,BINANCE
2025-09-02 13:45:45.136,110766.66,0.0494,21.021621621621307,BINANCE
2025-09-02 13:45:45.138,110766.66,0.00291,21.021621621621307,BINANCE
2025-09-02 13:45:45.138,110766.66,5e-05,21.021621621621307,BINANCE
2025-09-02 13:45:45.138,110766.66,0.00647,21.021621621621307,BINANCE
2025-09-02 13:45:45.139,110766.66,0.00599,21.021621621621307,BINANCE
2025-09-02 13:45:45.142,110766.66,0.018,21.021621621621307,BINANCE
2025-09-02 13:45:45.155,110766.66,0.0068,21.021621621621307,BINANCE
2025-09-02 13:45:45.179,110766.65,0.00014,21.022522522523047,BINANCE
2025-09-02 13:45:45.217,110766.66,0.018,21.021621621621307,BINANCE
2025-09-02 13:45:45.236,110766.66,0.036,21.021621621621307,BINANCE
2025-09-02 13:45:45.243,110766.66,5e-05,21.021621621621307,BINANCE
2025-09-02 13:45:45.243,110766.66,0.08571,21.021621621621307,BINANCE
2025-09-02 13:45:45.243,110766.66,0.04134,21.021621621621307,BINANCE
2025-09-02 13:45:45.246,110767.23,0.00045,20.97027027027064,BINANCE
2025-09-02 13:45:45.246,110766.73,0.00011,21.015315315315682,BINANCE
2025-09-02 13:45:45.246,110766.73,7e-05,21.015315315315682,BINANCE
2025-09-02 13:45:45.246,110766.87,0.00095,21.00270270270312,BINANCE
2025-09-02 13:45:45.246,110766.87,0.00014,21.00270270270312,BINANCE
2025-09-02 13:45:45.246,110766.91,0.00016,20.999099099098785,BINANCE
2025-09-02 13:45:45.246,110767.12,7e-05,20.980180180180596,BINANCE
2025-09-02 13:45:45.246,110767.19,5e-05,20.973873873873664,BINANCE
2025-09-02 13:45:45.246,110767.36,0.0027,20.958558558558508,BINANCE
2025-09-02 13:45:45.246,110767.5,5e-05,20.945945945945944,BINANCE
2025-09-02 13:45:45.246,110766.73,5e-05,21.015315315315682,BINANCE
2025-09-02 13:45:45.246,110767.83,5e-05,20.916216216216057,BINANCE
2025-09-02 13:45:45.246,110767.91,0.00097,20.90900900900869,BINANCE
2025-09-02 13:45:45.246,110767.99,0.00036,20.90180180180133,BINANCE
2025-09-02 13:45:45.246,110767.99,5e-05,20.90180180180133,BINANCE
2025-09-02 13:45:45.246,110767.36,0.00052,20.958558558558508,BINANCE
2025-09-02 13:45:45.246,110766.73,0.00017,21.015315315315682,BINANCE
2025-09-02 13:45:45.246,110766.8,5e-05,21.00900900900875,BINANCE
2025-09-02 13:45:45.246,110766.67,0.0001,21.020720720720877,BINANCE
2025-09-02 13:45:45.246,110766.66,5e-05,21.021621621621307,BINANCE
2025-09-02 13:45:45.246,110766.66,0.0001,21.021621621621307,BINANCE
2025-09-02 13:45:45.246,110766.68,5e-05,21.019819819820448,BINANCE
2025-09-02 13:45:45.246,110766.67,5e-05,21.020720720720877,BINANCE
2025-09-02 13:45:45.252,110768.0,5e-05,20.9009009009009,BINANCE
2025-09-02 13:45:45.289,110769.23,6e-05,20.79009009009046,BINANCE
2025-09-02 13:45:45.289,110769.23,8e-05,20.79009009009046,BINANCE
2025-09-02 13:45:45.289,110769.23,5e-05,20.79009009009046,BINANCE
2025-09-02 13:45:45.289,110769.75,5e-05,20.743243243243242,BINANCE
2025-09-02 13:45:45.289,110769.32,0.00011,20.781981981981353,BINANCE
2025-09-02 13:45:45.289,110769.33,8e-05,20.781081081080924,BINANCE
2025-09-02 13:45:45.289,110769.23,0.00014,20.79009009009046,BINANCE
2025-09-02 13:45:45.289,110769.23,0.00022,20.79009009009046,BINANCE
2025-09-02 13:45:45.289,110769.23,9e-05,20.79009009009046,BINANCE
2025-09-02 13:45:45.289,110769.23,0.0001,20.79009009009046,BINANCE
2025-09-02 13:45:45.289,110769.23,0.00043,20.79009009009046,BINANCE
2025-09-02 13:45:45.289,110769.23,0.00324,20.79009009009046,BINANCE
2025-09-02 13:45:45.289,110769.23,0.00367,20.79009009009046,BINANCE
2025-09-02 13:45:45.289,110769.93,0.00021,20.72702702702766,BINANCE
2025-09-02 13:45:45.289,110770.0,5e-05,20.72072072072072,BINANCE
2025-09-02 13:45:45.289,110771.99,5e-05,20.541441441440966,BINANCE
2025-09-02 13:45:45.289,110770.15,8e-05,20.707207207207734,BINANCE
2025-09-02 13:45:45.289,110771.97,5e-05,20.543243243243136,BINANCE
2025-09-02 13:45:45.289,110771.96,5e-05,20.544144144143566,BINANCE
2025-09-02 13:45:45.289,110771.9,6e-05,20.549549549550072,BINANCE
2025-09-02 13:45:45.289,110771.59,0.00028,20.57747747747779,BINANCE
2025-09-02 13:45:45.289,110771.52,0.00014,20.583783783783417,BINANCE
2025-09-02 13:45:45.289,110771.36,0.00025,20.598198198198144,BINANCE
2025-09-02 13:45:45.289,110771.0,5e-05,20.63063063063063,BINANCE
2025-09-02 13:45:45.289,110771.0,0.0225,20.63063063063063,BINANCE
2025-09-02 13:45:45.289,110770.62,0.0001,20.664864864865283,BINANCE
2025-09-02 13:45:45.289,110771.99,2e-05,20.541441441440966,BINANCE
2025-09-02 13:45:45.289,110770.5,5e-05,20.675675675675674,BINANCE
2025-09-02 13:45:45.289,110770.43,0.0002,20.68198198198261,BINANCE
2025-09-02 13:45:45.289,110770.29,5e-05,20.69459459459517,BINANCE
2025-09-02 13:45:45.289,110770.06,0.00056,20.715315315315525,BINANCE
2025-09-02 13:45:45.289,110768.0,5e-05,20.9009009009009,BINANCE
2025-09-02 13:45:45.289,110769.23,0.00071,20.79009009009046,BINANCE
2025-09-02 13:45:45.289,110768.01,5e-05,20.90000000000047,BINANCE
2025-09-02 13:45:45.289,110768.0,0.002,20.9009009009009,BINANCE
2025-09-02 13:45:45.289,110768.0,0.00015,20.9009009009009,BINANCE
2025-09-02 13:45:45.289,110768.0,0.00035,20.9009009009009,BINANCE
2025-09-02 13:45:45.289,110768.0,0.0004,20.9009009009009,BINANCE
2025-09-02 13:45:45.289,110769.23,0.00035,20.79009009009046,BINANCE
2025-09-02 13:45:45.289,110769.23,0.00076,20.79009009009046,BINANCE
2025-09-02 13:45:45.289,110769.23,0.00081,20.79009009009046,BINANCE
2025-09-02 13:45:45.289,110769.23,0.00025,20.79009009009046,BINANCE
2025-09-02 13:45:45.289,110769.13,0.0001,20.79909909909868,BINANCE
2025-09-02 13:45:45.289,110769.08,0.00078,20.80360360360345,BINANCE
2025-09-02 13:45:45.289,110769.04,5e-05,20.807207207207785,BINANCE
2025-09-02 13:45:45.289,110769.22,7e-05,20.79099099099089,BINANCE
2025-09-02 13:45:45.289,110768.7,0.00027,20.8378378378381,BINANCE
2025-09-02 13:45:45.289,110768.8,0.0004,20.828828828828566,BINANCE
2025-09-02 13:45:45.289,110768.02,5e-05,20.89909909909873,BINANCE
2025-09-02 13:45:45.289,110768.07,0.00015,20.894594594593965,BINANCE
2025-09-02 13:45:45.289,110768.25,8e-05,20.878378378378375,BINANCE
2025-09-02 13:45:45.289,110768.66,2e-05,20.84144144144113,BINANCE
2025-09-02 13:45:45.289,110768.66,4e-05,20.84144144144113,BINANCE
2025-09-02 13:45:45.289,110768.07,5e-05,20.894594594593965,BINANCE
2025-09-02 13:45:45.290,110772.0,0.0004,20.540540540540544,BINANCE
2025-09-02 13:45:45.290,110771.99,3e-05,20.541441441440966,BINANCE
2025-09-02 13:45:45.290,110771.99,5e-05,20.541441441440966,BINANCE
2025-09-02 13:45:45.290,110772.0,0.00015,20.540540540540544,BINANCE
2025-09-02 13:45:45.290,110772.0,0.0005,20.540540540540544,BINANCE
2025-09-02 13:45:45.290,110772.0,0.002,20.540540540540544,BINANCE
2025-09-02 13:45:45.293,110772.0,5e-05,20.540540540540544,BINANCE
2025-09-02 13:45:45.294,110777.0,0.00458,20.090090090090094,BINANCE
2025-09-02 13:45:45.294,110777.86,5e-05,20.01261261261256,BINANCE
2025-09-02 13:45:45.294,110777.77,0.00018,20.020720720720355,BINANCE
2025-09-02 13:45:45.294,110777.77,0.00068,20.020720720720355,BINANCE
2025-09-02 13:45:45.294,110777.77,0.00014,20.020720720720355,BINANCE
2025-09-02 13:45:45.294,110777.66,0.0001,20.030630630630316,BINANCE
2025-09-02 13:45:45.294,110777.56,5e-05,20.03963963963985,BINANCE
2025-09-02 13:45:45.294,110780.3,0.02826,19.79279279279253,BINANCE
2025-09-02 13:45:45.294,110777.53,7e-05,20.042342342342444,BINANCE
2025-09-02 13:45:45.294,110777.53,0.00501,20.042342342342444,BINANCE
2025-09-02 13:45:45.294,110777.53,0.00021,20.042342342342444,BINANCE
2025-09-02 13:45:45.294,110777.53,8e-05,20.042342342342444,BINANCE
2025-09-02 13:45:45.294,110777.53,0.00818,20.042342342342444,BINANCE
2025-09-02 13:45:45.294,110777.53,0.00464,20.042342342342444,BINANCE
2025-09-02 13:45:45.294,110777.53,0.00187,20.042342342342444,BINANCE
2025-09-02 13:45:45.294,110777.49,0.00015,20.045945945945473,BINANCE
2025-09-02 13:45:45.294,110777.42,0.01167,20.052252252252412,BINANCE
2025-09-02 13:45:45.294,110777.28,0.00016,20.06486486486497,BINANCE
2025-09-02 13:45:45.294,110777.22,0.001,20.070270270270168,BINANCE
2025-09-02 13:45:45.294,110777.2,5e-05,20.072072072072334,BINANCE
2025-09-02 13:45:45.294,110777.12,0.00025,20.079279279279696,BINANCE
2025-09-02 13:45:45.294,110777.0,0.00205,20.090090090090094,BINANCE
2025-09-02 13:45:45.294,110777.0,0.00092,20.090090090090094,BINANCE
2025-09-02 13:45:45.294,110777.9,8e-05,20.00900900900953,BINANCE
2025-09-02 13:45:45.294,110777.0,0.08346,20.090090090090094,BINANCE
2025-09-02 13:45:45.294,110777.0,0.01654,20.090090090090094,BINANCE
2025-09-02 13:45:45.294,110777.0,0.0009,20.090090090090094,BINANCE
2025-09-02 13:45:45.294,110777.0,0.005,20.090090090090094,BINANCE
2025-09-02 13:45:45.294,110777.94,7e-05,20.0054054054052,BINANCE
2025-09-02 13:45:45.294,110780.0,0.0004,19.81981981981982,BINANCE
2025-09-02 13:45:45.294,110777.99,0.0012,20.00090090090043,BINANCE
2025-09-02 13:45:45.294,110777.0,0.00018,20.090090090090094,BINANCE
2025-09-02 13:45:45.294,110780.0,0.01805,19.81981981981982,BINANCE
2025-09-02 13:45:45.294,110780.0,0.002,19.81981981981982,BINANCE
2025-09-02 13:45:45.294,110780.0,0.00015,19.81981981981982,BINANCE
2025-09-02 13:45:45.294,110780.0,5e-05,19.81981981981982,BINANCE
2025-09-02 13:45:45.294,110780.0,0.007,19.81981981981982,BINANCE
2025-09-02 13:45:45.294,110780.0,8e-05,19.81981981981982,BINANCE
2025-09-02 13:45:45.294,110780.0,0.00085,19.81981981981982,BINANCE
2025-09-02 13:45:45.294,110780.0,0.00016,19.81981981981982,BINANCE
2025-09-02 13:45:45.294,110780.0,0.00013,19.81981981981982,BINANCE
2025-09-02 13:45:45.294,110780.0,0.00082,19.81981981981982,BINANCE
2025-09-02 13:45:45.294,110780.0,0.00029,19.81981981981982,BINANCE
2025-09-02 13:45:45.294,110779.99,0.00464,19.82072072072025,BINANCE
2025-09-02 13:45:45.294,110779.99,0.01825,19.82072072072025,BINANCE
2025-09-02 13:45:45.294,110779.89,5e-05,19.82972972972978,BINANCE
2025-09-02 13:45:45.294,110779.84,0.00045,19.83423423423455,BINANCE
2025-09-02 13:45:45.294,110779.46,5e-05,19.868468468467892,BINANCE
2025-09-02 13:45:45.294,110779.35,5e-05,19.878378378377853,BINANCE
2025-09-02 13:45:45.294,110779.19,6e-05,19.892792792792584,BINANCE
2025-09-02 13:45:45.294,110779.01,0.00073,19.90900900900948,BINANCE
2025-09-02 13:45:45.294,110778.41,0.00017,19.963063063062748,BINANCE
2025-09-02 13:45:45.294,110778.05,0.0001,19.995495495495234,BINANCE
2025-09-02 13:45:45.294,110778.05,7e-05,19.995495495495234,BINANCE
2025-09-02 13:45:45.294,110778.01,0.00037,19.99909909909957,BINANCE
2025-09-02 13:45:45.294,110777.99,5e-05,20.00090090090043,BINANCE
2025-09-02 13:45:45.294,110777.95,7e-05,20.00450450450477,BINANCE
2025-09-02 13:45:45.294,110776.99,5e-05,20.090990990990516,BINANCE
2025-09-02 13:45:45.294,110775.0,0.00411,20.27027027027027,BINANCE
2025-09-02 13:45:45.294,110773.94,0.00036,20.365765765765556,BINANCE
2025-09-02 13:45:45.294,110773.88,6e-05,20.371171171170754,BINANCE
2025-09-02 13:45:45.294,110773.73,0.0408,20.384684684685052,BINANCE
2025-09-02 13:45:45.294,110773.72,5e-05,20.38558558558548,BINANCE
2025-09-02 13:45:45.294,110773.38,6e-05,20.416216216215798,BINANCE
2025-09-02 13:45:45.294,110773.09,0.00027,20.44234234234266,BINANCE
2025-09-02 13:45:45.294,110772.72,5e-05,20.475675675675568,BINANCE
2025-09-02 13:45:45.294,110772.53,5e-05,20.492792792792894,BINANCE
2025-09-02 13:45:45.294,110773.96,5e-05,20.363963963963386,BINANCE
2025-09-02 13:45:45.294,110772.52,5e-05,20.493693693693324,BINANCE
2025-09-02 13:45:45.294,110772.52,0.0001,20.493693693693324,BINANCE
2025-09-02 13:45:45.294,110772.0,5e-05,20.540540540540544,BINANCE
2025-09-02 13:45:45.294,110774.13,0.0001,20.34864864864823,BINANCE
2025-09-02 13:45:45.294,110774.24,0.00013,20.338738738738268,BINANCE
2025-09-02 13:45:45.294,110776.96,8e-05,20.093693693693115,BINANCE
2025-09-02 13:45:45.294,110776.96,5e-05,20.093693693693115,BINANCE
2025-09-02 13:45:45.294,110774.2,0.00048,20.3423423423426,BINANCE
2025-09-02 13:45:45.294,110776.39,6e-05,20.145045045045098,BINANCE
2025-09-02 13:45:45.294,110776.19,0.00019,20.163063063062854,BINANCE
2025-09-02 13:45:45.294,110776.19,9e-05,20.163063063062854,BINANCE
2025-09-02 13:45:45.294,110776.03,8e-05,20.17747747747758,BINANCE
2025-09-02 13:45:45.294,110776.02,5e-05,20.17837837837801,BINANCE
2025-09-02 13:45:45.294,110776.0,0.002,20.18018018018018,BINANCE
2025-09-02 13:45:45.294,110776.0,0.0004,20.18018018018018,BINANCE
2025-09-02 13:45:45.294,110776.0,0.00015,20.18018018018018,BINANCE
2025-09-02 13:45:45.294,110776.0,0.00504,20.18018018018018,BINANCE
2025-09-02 13:45:45.294,110776.0,7e-05,20.18018018018018,BINANCE
2025-09-02 13:45:45.294,110775.9,5e-05,20.189189189189715,BINANCE
2025-09-02 13:45:45.294,110776.62,0.00018,20.124324324324746,BINANCE
2025-09-02 13:45:45.294,110775.63,0.0001,20.213513513513092,BINANCE
2025-09-02 13:45:45.294,110775.89,5e-05,20.190090090090145,BINANCE
2025-09-02 13:45:45.294,110774.3,7e-05,20.333333333333073,BINANCE
2025-09-02 13:45:45.294,110774.53,0.00022,20.312612612612718,BINANCE
2025-09-02 13:45:45.294,110774.77,5e-05,20.290990990990622,BINANCE
2025-09-02 13:45:45.294,110775.0,7e-05,20.27027027027027,BINANCE
2025-09-02 13:45:45.294,110775.0,6e-05,20.27027027027027,BINANCE
2025-09-02 13:45:45.294,110774.94,0.00211,20.275675675675465,BINANCE
2025-09-02 13:45:45.294,110775.0,5e-05,20.27027027027027,BINANCE
2025-09-02 13:45:45.294,110775.16,5e-05,20.255855855855543,BINANCE
2025-09-02 13:45:45.294,110775.31,0.003,20.24234234234255,BINANCE
2025-09-02 13:45:45.294,110775.34,0.00013,20.239639639639957,BINANCE
2025-09-02 13:45:45.294,110775.0,0.00012,20.27027027027027,BINANCE
2025-09-02 13:45:45.298,110780.3,5e-05,19.79279279279253,BINANCE
2025-09-02 13:45:45.316,110780.3,0.01411,19.79279279279253,BINANCE
2025-09-02 13:45:45.316,110780.3,9e-05,19.79279279279253,BINANCE
2025-09-02 13:45:45.316,110780.3,0.0038,19.79279279279253,BINANCE
2025-09-02 13:45:45.329,110780.29,5e-05,19.79369369369427,BINANCE
2025-09-02 13:45:45.332,110780.3,0.06067,19.79279279279253,BINANCE
2025-09-02 13:45:45.332,110780.3,0.01484,19.79279279279253,BINANCE
2025-09-02 13:45:45.332,110780.3,0.00029,19.79279279279253,BINANCE
2025-09-02 13:45:45.332,110780.3,0.05046,19.79279279279253,BINANCE
2025-09-02 13:45:45.332,110780.3,0.05429,19.79279279279253,BINANCE
2025-09-02 13:45:45.332,110780.3,5e-05,19.79279279279253,BINANCE
2025-09-02 13:45:45.383,110780.3,5e-05,19.79279279279253,BINANCE
2025-09-02 13:45:45.383,110780.3,0.01789,19.79279279279253,BINANCE
2025-09-02 13:45:45.400,110780.29,9e-05,19.79369369369427,BINANCE
2025-09-02 13:45:45.412,110780.3,0.001,19.79279279279253,BINANCE
2025-09-02 13:45:45.421,110780.3,0.00903,19.79279279279253,BINANCE
2025-09-02 13:45:45.422,110780.29,0.01976,19.79369369369427,BINANCE
2025-09-02 13:45:45.482,110780.3,0.01879,19.79279279279253,BINANCE
2025-09-02 13:45:45.572,110780.29,0.00112,19.79369369369427,BINANCE
2025-09-02 13:45:45.596,110780.29,8e-05,19.79369369369427,BINANCE
2025-09-02 13:45:45.606,110780.3,0.001,19.79279279279253,BINANCE
2025-09-02 13:45:45.676,110780.29,0.0009,19.79369369369427,BINANCE
2025-09-02 13:45:45.714,110780.29,7e-05,19.79369369369427,BINANCE
2025-09-02 13:45:45.722,110780.3,0.001,19.79279279279253,BINANCE
2025-09-02 13:45:45.734,110780.29,9e-05,19.79369369369427,BINANCE
2025-09-02 13:45:45.788,110780.29,0.00018,19.79369369369427,BINANCE
2025-09-02 13:45:45.834,110780.29,0.02,19.79369369369427,BINANCE
2025-09-02 13:45:45.860,110780.29,0.00731,19.79369369369427,BINANCE
2025-09-02 13:45:45.995,110780.29,0.00198,19.79369369369427,BINANCE
2025-09-02 13:45:46.008,110780.29,0.00048,19.79369369369427,BINANCE
2025-09-02 13:45:46.012,110780.29,6e-05,19.79369369369427,BINANCE
2025-09-02 13:45:46.027,110780.3,9e-05,19.79279279279253,BINANCE
2025-09-02 13:45:46.033,110780.3,0.007,19.79279279279253,BINANCE
2025-09-02 13:45:46.034,110780.3,0.023,19.79279279279253,BINANCE
2025-09-02 13:45:46.034,110780.3,0.006,19.79279279279253,BINANCE
2025-09-02 13:45:46.034,110780.3,0.00601,19.79279279279253,BINANCE
2025-09-02 13:45:46.035,110780.3,0.019,19.79279279279253,BINANCE
2025-09-02 13:45:46.035,110780.3,0.00641,19.79279279279253,BINANCE
2025-09-02 13:45:46.035,110780.3,0.016,19.79279279279253,BINANCE
2025-09-02 13:45:46.035,110780.3,0.018,19.79279279279253,BINANCE
2025-09-02 13:45:46.036,110780.3,0.018,19.79279279279253,BINANCE
2025-09-02 13:45:46.036,110780.3,0.016,19.79279279279253,BINANCE
2025-09-02 13:45:46.037,110780.3,0.019,19.79279279279253,BINANCE
2025-09-02 13:45:46.038,110780.3,0.019,19.79279279279253,BINANCE
2025-09-02 13:45:46.039,110780.3,0.00079,19.79279279279253,BINANCE
2025-09-02 13:45:46.039,110780.3,5e-05,19.79279279279253,BINANCE
2025-09-02 13:45:46.039,110780.3,0.0953,19.79279279279253,BINANCE
2025-09-02 13:45:46.039,110780.3,0.18258,19.79279279279253,BINANCE
2025-09-02 13:45:46.039,110780.3,0.00013,19.79279279279253,BINANCE
2025-09-02 13:45:46.040,110780.3,0.00236,19.79279279279253,BINANCE
2025-09-02 13:45:46.040,110780.3,5e-05,19.79279279279253,BINANCE
2025-09-02 13:45:46.040,110780.31,5e-05,19.7918918918921,BINANCE
2025-09-02 13:45:46.040,110780.31,0.00274,19.7918918918921,BINANCE
2025-09-02 13:45:46.040,110780.32,5e-05,19.79099099099036,BINANCE
2025-09-02 13:45:46.040,110780.45,0.001,19.779279279279542,BINANCE
2025-09-02 13:45:46.040,110780.47,0.0001,19.777477477477373,BINANCE
2025-09-02 13:45:46.040,110780.57,5e-05,19.76846846846784,BINANCE
2025-09-02 13:45:46.040,110780.93,0.00017,19.736036036036666,BINANCE
2025-09-02 13:45:46.040,110781.07,0.00115,19.723423423422794,BINANCE
2025-09-02 13:45:46.040,110780.32,7e-05,19.79099099099036,BINANCE
2025-09-02 13:45:46.040,110780.3,0.08157,19.79279279279253,BINANCE
2025-09-02 13:45:46.040,110780.3,0.31291,19.79279279279253,BINANCE
2025-09-02 13:45:46.040,110780.3,0.20863,19.79279279279253,BINANCE
2025-09-02 13:45:46.040,110780.3,0.005,19.79279279279253,BINANCE
2025-09-02 13:45:46.040,110780.3,0.00103,19.79279279279253,BINANCE
2025-09-02 13:45:46.040,110780.3,0.04827,19.79279279279253,BINANCE
2025-09-02 13:45:46.040,110780.3,0.05864,19.79279279279253,BINANCE
2025-09-02 13:45:46.040,110780.3,0.03611,19.79279279279253,BINANCE
2025-09-02 13:45:46.042,110784.7,7e-05,19.396396396396657,BINANCE
2025-09-02 13:45:46.042,110784.43,5e-05,19.42072072072135,BINANCE
2025-09-02 13:45:46.042,110784.43,0.01335,19.42072072072135,BINANCE
2025-09-02 13:45:46.042,110784.31,0.00016,19.431531531531743,BINANCE
2025-09-02 13:45:46.042,110784.0,5e-05,19.45945945945946,BINANCE
2025-09-02 13:45:46.042,110784.06,5e-05,19.454054054054264,BINANCE
2025-09-02 13:45:46.042,110784.0,0.002,19.45945945945946,BINANCE
2025-09-02 13:45:46.042,110784.0,0.0004,19.45945945945946,BINANCE
2025-09-02 13:45:46.042,110784.0,0.00015,19.45945945945946,BINANCE
2025-09-02 13:45:46.042,110784.8,5e-05,19.387387387387125,BINANCE
2025-09-02 13:45:46.042,110784.12,5e-05,19.44864864864907,BINANCE
2025-09-02 13:45:46.042,110784.88,0.00023,19.38018018017976,BINANCE
2025-09-02 13:45:46.042,110785.57,5e-05,19.318018018017387,BINANCE
2025-09-02 13:45:46.042,110785.04,6e-05,19.365765765766344,BINANCE
2025-09-02 13:45:46.042,110785.26,8e-05,19.34594594594642,BINANCE
2025-09-02 13:45:46.042,110785.33,5e-05,19.339639639639483,BINANCE
2025-09-02 13:45:46.042,110785.34,7e-05,19.338738738739053,BINANCE
2025-09-02 13:45:46.042,110785.34,5e-05,19.338738738739053,BINANCE
2025-09-02 13:45:46.042,110785.71,0.00014,19.30540540540483,BINANCE
2025-09-02 13:45:46.042,110785.98,5e-05,19.28108108108145,BINANCE
2025-09-02 13:45:46.042,110785.99,5e-05,19.28018018017971,BINANCE
2025-09-02 13:45:46.042,110786.0,0.0663,19.27927927927928,BINANCE
2025-09-02 13:45:46.042,110786.0,5e-05,19.27927927927928,BINANCE
2025-09-02 13:45:46.042,110786.03,0.00019,19.27657657657668,BINANCE
2025-09-02 13:45:46.042,110785.0,7e-05,19.36936936936937,BINANCE
2025-09-02 13:45:46.042,110783.99,5e-05,19.46036036035989,BINANCE
2025-09-02 13:45:46.042,110784.0,0.0663,19.45945945945946,BINANCE
2025-09-02 13:45:46.042,110781.17,0.00258,19.71441441441457,BINANCE
2025-09-02 13:45:46.042,110781.25,0.00026,19.707207207207205,BINANCE
2025-09-02 13:45:46.042,110781.46,0.00122,19.68828828828771,BINANCE
2025-09-02 13:45:46.042,110781.7,0.00335,19.66666666666693,BINANCE
2025-09-02 13:45:46.042,110781.72,0.00073,19.66486486486476,BINANCE
2025-09-02 13:45:46.042,110781.75,5e-05,19.66216216216216,BINANCE
2025-09-02 13:45:46.042,110781.98,5e-05,19.641441441441806,BINANCE
2025-09-02 13:45:46.042,110781.99,5e-05,19.640540540540066,BINANCE
2025-09-02 13:45:46.042,110782.0,0.0001,19.639639639639636,BINANCE
2025-09-02 13:45:46.042,110781.25,0.00148,19.707207207207205,BINANCE
2025-09-02 13:45:46.042,110782.0,5e-05,19.639639639639636,BINANCE
2025-09-02 13:45:46.042,110782.0,0.0663,19.639639639639636,BINANCE
2025-09-02 13:45:46.042,110783.98,5e-05,19.461261261261626,BINANCE
2025-09-02 13:45:46.042,110783.98,0.0025,19.461261261261626,BINANCE
2025-09-02 13:45:46.042,110783.98,0.00234,19.461261261261626,BINANCE
2025-09-02 13:45:46.042,110783.98,0.00044,19.461261261261626,BINANCE
2025-09-02 13:45:46.042,110783.98,0.0001,19.461261261261626,BINANCE
2025-09-02 13:45:46.042,110783.36,6e-05,19.517117117117067,BINANCE
2025-09-02 13:45:46.042,110783.22,8e-05,19.529729729729624,BINANCE
2025-09-02 13:45:46.042,110782.6,7e-05,19.58558558558506,BINANCE
2025-09-02 13:45:46.042,110782.6,0.00061,19.58558558558506,BINANCE
2025-09-02 13:45:46.042,110782.4,0.00031,19.603603603604128,BINANCE
2025-09-02 13:45:46.042,110783.67,6e-05,19.489189189189347,BINANCE
2025-09-02 13:45:46.043,110790.0,0.03661,18.91891891891892,BINANCE
2025-09-02 13:45:46.043,110790.0,5e-05,18.91891891891892,BINANCE
2025-09-02 13:45:46.043,110789.67,0.00017,18.948648648648806,BINANCE
2025-09-02 13:45:46.043,110789.47,0.00075,18.966666666666562,BINANCE
2025-09-02 13:45:46.043,110789.47,0.00014,18.966666666666562,BINANCE
2025-09-02 13:45:46.043,110789.47,0.0082,18.966666666666562,BINANCE
2025-09-02 13:45:46.043,110789.47,0.00044,18.966666666666562,BINANCE
2025-09-02 13:45:46.043,110789.47,5e-05,18.966666666666562,BINANCE
2025-09-02 13:45:46.043,110790.14,0.00059,18.90630630630636,BINANCE
2025-09-02 13:45:46.043,110789.27,0.0183,18.984684684684318,BINANCE
2025-09-02 13:45:46.043,110789.47,0.0007,18.966666666666562,BINANCE
2025-09-02 13:45:46.043,110790.42,5e-05,18.881081081081238,BINANCE
2025-09-02 13:45:46.043,110791.16,0.00056,18.8144144144141,BINANCE
2025-09-02 13:45:46.043,110790.54,0.00012,18.870270270270847,BINANCE
2025-09-02 13:45:46.043,110790.54,0.00011,18.870270270270847,BINANCE
2025-09-02 13:45:46.043,110790.58,0.00046,18.866666666666507,BINANCE
2025-09-02 13:45:46.043,110790.72,0.00012,18.85405405405395,BINANCE
2025-09-02 13:45:46.043,110790.79,5e-05,18.847747747748326,BINANCE
2025-09-02 13:45:46.043,110791.01,0.00063,18.8279279279284,BINANCE
2025-09-02 13:45:46.043,110791.16,0.00043,18.8144144144141,BINANCE
2025-09-02 13:45:46.043,110791.17,0.00237,18.813513513513673,BINANCE
2025-09-02 13:45:46.043,110791.27,0.05641,18.804504504504138,BINANCE
2025-09-02 13:45:46.043,110791.39,5e-05,18.793693693693747,BINANCE
2025-09-02 13:45:46.043,110791.58,0.00082,18.77657657657642,BINANCE
2025-09-02 13:45:46.043,110789.06,0.00015,19.003603603603814,BINANCE
2025-09-02 13:45:46.043,110790.49,0.0001,18.874774774774302,BINANCE
2025-09-02 13:45:46.043,110789.0,0.00041,19.00900900900901,BINANCE
2025-09-02 13:45:46.043,110788.0,0.002,19.0990990990991,BINANCE
2025-09-02 13:45:46.043,110788.67,0.05415,19.038738738738896,BINANCE
2025-09-02 13:45:46.043,110786.52,7e-05,19.232432432432063,BINANCE
2025-09-02 13:45:46.043,110786.66,0.00018,19.219819819819506,BINANCE
2025-09-02 13:45:46.043,110786.79,0.00162,19.208108108108686,BINANCE
2025-09-02 13:45:46.043,110786.99,5e-05,19.190090090089615,BINANCE
2025-09-02 13:45:46.043,110787.0,0.02107,19.18918918918919,BINANCE
2025-09-02 13:45:46.043,110787.0,0.03993,19.18918918918919,BINANCE
2025-09-02 13:45:46.043,110787.0,5e-05,19.18918918918919,BINANCE
2025-09-02 13:45:46.043,110787.0,0.055,19.18918918918919,BINANCE
2025-09-02 13:45:46.043,110787.15,5e-05,19.1756756756762,BINANCE
2025-09-02 13:45:46.043,110788.83,7e-05,19.024324324324166,BINANCE
2025-09-02 13:45:46.043,110787.21,0.01735,19.170270270269693,BINANCE
2025-09-02 13:45:46.043,110787.3,5e-05,19.1621621621619,BINANCE
2025-09-02 13:45:46.043,110787.17,0.00039,19.173873873874033,BINANCE
2025-09-02 13:45:46.043,110787.99,0.00023,19.09999999999953,BINANCE
2025-09-02 13:45:46.043,110788.63,0.0001,19.04234234234192,BINANCE
2025-09-02 13:45:46.043,110788.61,0.00082,19.04414414414409,BINANCE
2025-09-02 13:45:46.043,110787.7,9e-05,19.126126126126387,BINANCE
2025-09-02 13:45:46.043,110788.2,0.00055,19.081081081081344,BINANCE
2025-09-02 13:45:46.043,110788.27,5e-05,19.074774774774408,BINANCE
2025-09-02 13:45:46.043,110788.0,0.00015,19.0990990990991,BINANCE
2025-09-02 13:45:46.043,110788.0,0.0004,19.0990990990991,BINANCE
2025-09-02 13:45:46.043,110788.0,0.001,19.0990990990991,BINANCE
2025-09-02 13:45:46.044,110792.57,0.00215,18.68738738738676,BINANCE
2025-09-02 13:45:46.044,110793.19,5e-05,18.63153153153132,BINANCE
2025-09-02 13:45:46.044,110793.1,0.00022,18.639639639639114,BINANCE
2025-09-02 13:45:46.044,110793.06,0.00039,18.643243243243454,BINANCE
2025-09-02 13:45:46.044,110793.0,0.00156,18.64864864864865,BINANCE
2025-09-02 13:45:46.044,110792.81,7e-05,18.665765765765975,BINANCE
2025-09-02 13:45:46.044,110793.29,0.00015,18.6225225225231,BINANCE
2025-09-02 13:45:46.044,110792.5,5e-05,18.693693693693692,BINANCE
2025-09-02 13:45:46.044,110792.59,0.00021,18.6855855855859,BINANCE
2025-09-02 13:45:46.044,110792.34,5e-05,18.708108108108423,BINANCE
2025-09-02 13:45:46.044,110791.92,0.003,18.745945945946104,BINANCE
2025-09-02 13:45:46.044,110792.0,0.0004,18.73873873873874,BINANCE
2025-09-02 13:45:46.044,110792.0,0.00015,18.73873873873874,BINANCE
2025-09-02 13:45:46.044,110792.4,5e-05,18.702702702703228,BINANCE
2025-09-02 13:45:46.044,110792.0,0.002,18.73873873873874,BINANCE
2025-09-02 13:45:46.044,110792.15,0.00044,18.72522522522575,BINANCE
2025-09-02 13:45:46.045,110800.0,0.00011,18.01801801801802,BINANCE
2025-09-02 13:45:46.045,110800.0,0.00769,18.01801801801802,BINANCE
2025-09-02 13:45:46.045,110800.0,0.00052,18.01801801801802,BINANCE
2025-09-02 13:45:46.045,110800.0,6e-05,18.01801801801802,BINANCE
2025-09-02 13:45:46.045,110800.0,0.00098,18.01801801801802,BINANCE
2025-09-02 13:45:46.045,110800.0,5e-05,18.01801801801802,BINANCE
2025-09-02 13:45:46.045,110800.0,0.0025,18.01801801801802,BINANCE
2025-09-02 13:45:46.045,110800.0,0.00048,18.01801801801802,BINANCE
2025-09-02 13:45:46.045,110800.0,0.00016,18.01801801801802,BINANCE
2025-09-02 13:45:46.045,110800.0,0.00036,18.01801801801802,BINANCE
2025-09-02 13:45:46.045,110800.0,0.00648,18.01801801801802,BINANCE
2025-09-02 13:45:46.045,110800.0,7e-05,18.01801801801802,BINANCE
2025-09-02 13:45:46.045,110800.0,0.00015,18.01801801801802,BINANCE
2025-09-02 13:45:46.045,110800.0,0.00012,18.01801801801802,BINANCE
2025-09-02 13:45:46.045,110800.0,0.00094,18.01801801801802,BINANCE
2025-09-02 13:45:46.045,110800.0,0.00018,18.01801801801802,BINANCE
2025-09-02 13:45:46.045,110800.0,0.00132,18.01801801801802,BINANCE
2025-09-02 13:45:46.045,110800.0,0.00563,18.01801801801802,BINANCE
2025-09-02 13:45:46.045,110800.0,8e-05,18.01801801801802,BINANCE
2025-09-02 13:45:46.045,110800.0,0.00162,18.01801801801802,BINANCE
2025-09-02 13:45:46.045,110800.0,9e-05,18.01801801801802,BINANCE
2025-09-02 13:45:46.045,110800.0,0.00067,18.01801801801802,BINANCE
2025-09-02 13:45:46.045,110800.0,0.00092,18.01801801801802,BINANCE
2025-09-02 13:45:46.045,110800.0,0.00408,18.01801801801802,BINANCE
2025-09-02 13:45:46.045,110800.0,0.00268,18.01801801801802,BINANCE
2025-09-02 13:45:46.045,110800.0,0.00043,18.01801801801802,BINANCE
2025-09-02 13:45:46.045,110800.0,0.21343,18.01801801801802,BINANCE
2025-09-02 13:45:46.045,110800.0,0.09099,18.01801801801802,BINANCE
2025-09-02 13:45:46.045,110800.0,0.00064,18.01801801801802,BINANCE
2025-09-02 13:45:46.045,110800.0,0.10262,18.01801801801802,BINANCE
2025-09-02 13:45:46.045,110800.0,0.0018,18.01801801801802,BINANCE
2025-09-02 13:45:46.045,110800.0,0.001,18.01801801801802,BINANCE
2025-09-02 13:45:46.045,110800.0,0.00032,18.01801801801802,BINANCE
2025-09-02 13:45:46.045,110800.0,0.0001,18.01801801801802,BINANCE
2025-09-02 13:45:46.045,110800.0,0.00902,18.01801801801802,BINANCE
2025-09-02 13:45:46.045,110800.0,0.00557,18.01801801801802,BINANCE
2025-09-02 13:45:46.045,110800.0,0.00355,18.01801801801802,BINANCE
2025-09-02 13:45:46.045,110800.0,0.00038,18.01801801801802,BINANCE
2025-09-02 13:45:46.045,110800.0,0.0011,18.01801801801802,BINANCE
2025-09-02 13:45:46.045,110800.0,0.00044,18.01801801801802,BINANCE
2025-09-02 13:45:46.045,110800.0,0.00586,18.01801801801802,BINANCE
2025-09-02 13:45:46.045,110800.0,0.01301,18.01801801801802,BINANCE
2025-09-02 13:45:46.045,110800.0,0.0002,18.01801801801802,BINANCE
2025-09-02 13:45:46.045,110800.0,0.00722,18.01801801801802,BINANCE
2025-09-02 13:45:46.045,110800.0,0.01013,18.01801801801802,BINANCE
2025-09-02 13:45:46.045,110800.0,0.00024,18.01801801801802,BINANCE
2025-09-02 13:45:46.045,110800.0,0.00029,18.01801801801802,BINANCE
2025-09-02 13:45:46.045,110796.39,7e-05,18.343243243243297,BINANCE
2025-09-02 13:45:46.045,110796.0,7e-05,18.37837837837838,BINANCE
2025-09-02 13:45:46.045,110796.08,0.00178,18.371171171171014,BINANCE
2025-09-02 13:45:46.045,110796.08,0.00044,18.371171171171014,BINANCE
2025-09-02 13:45:46.045,110796.22,7e-05,18.358558558558453,BINANCE
2025-09-02 13:45:46.045,110800.0,0.00025,18.01801801801802,BINANCE
2025-09-02 13:45:46.045,110796.55,8e-05,18.328828828828566,BINANCE
2025-09-02 13:45:46.045,110796.63,5e-05,18.3216216216212,BINANCE
2025-09-02 13:45:46.045,110796.67,0.00014,18.318018018018176,BINANCE
2025-09-02 13:45:46.045,110796.0,0.002,18.37837837837838,BINANCE
2025-09-02 13:45:46.045,110796.75,8e-05,18.31081081081081,BINANCE
2025-09-02 13:45:46.045,110797.0,0.00013,18.28828828828829,BINANCE
2025-09-02 13:45:46.045,110797.05,0.00899,18.283783783783523,BINANCE
2025-09-02 13:45:46.045,110797.12,0.00082,18.2774774774779,BINANCE
2025-09-02 13:45:46.045,110797.47,6e-05,18.24594594594584,BINANCE
2025-09-02 13:45:46.045,110798.0,0.00022,18.1981981981982,BINANCE
2025-09-02 13:45:46.045,110798.05,0.00111,18.193693693693433,BINANCE
2025-09-02 13:45:46.045,110798.11,5e-05,18.188288288288234,BINANCE
2025-09-02 13:45:46.045,110796.8,5e-05,18.306306306306045,BINANCE
2025-09-02 13:45:46.045,110796.0,0.0004,18.37837837837838,BINANCE
2025-09-02 13:45:46.045,110796.0,0.00015,18.37837837837838,BINANCE
2025-09-02 13:45:46.045,110793.45,0.00012,18.608108108108368,BINANCE
2025-09-02 13:45:46.045,110793.63,0.00012,18.59189189189147,BINANCE
2025-09-02 13:45:46.045,110793.63,6e-05,18.59189189189147,BINANCE
2025-09-02 13:45:46.045,110793.69,7e-05,18.586486486486276,BINANCE
2025-09-02 13:45:46.045,110793.94,7e-05,18.563963963963754,BINANCE
2025-09-02 13:45:46.045,110794.28,7e-05,18.533333333333438,BINANCE
2025-09-02 13:45:46.045,110794.37,0.00011,18.525225225225643,BINANCE
2025-09-02 13:45:46.045,110794.46,6e-05,18.51711711711654,BINANCE
2025-09-02 13:45:46.045,110794.98,5e-05,18.47027027027064,BINANCE
2025-09-02 13:45:46.045,110795.29,8e-05,18.44234234234292,BINANCE
2025-09-02 13:45:46.045,110795.31,5e-05,18.44054054054075,BINANCE
2025-09-02 13:45:46.045,110795.42,0.00029,18.430630630630787,BINANCE
2025-09-02 13:45:46.045,110795.45,8e-05,18.42792792792819,BINANCE
2025-09-02 13:45:46.045,110795.48,5e-05,18.425225225225592,BINANCE
2025-09-02 13:45:46.045,110795.64,5e-05,18.41081081081086,BINANCE
2025-09-02 13:45:46.045,110795.67,0.00035,18.408108108108266,BINANCE
2025-09-02 13:45:46.045,110795.71,0.00022,18.404504504503926,BINANCE
2025-09-02 13:45:46.045,110795.83,5e-05,18.393693693693535,BINANCE
2025-09-02 13:45:46.045,110796.0,0.00228,18.37837837837838,BINANCE
2025-09-02 13:45:46.045,110798.17,0.0004,18.18288288288304,BINANCE
2025-09-02 13:45:46.045,110798.36,5e-05,18.165765765765713,BINANCE
2025-09-02 13:45:46.045,110796.49,0.00074,18.33423423423376,BINANCE
2025-09-02 13:45:46.045,110798.36,0.00012,18.165765765765713,BINANCE
2025-09-02 13:45:46.045,110800.0,0.00102,18.01801801801802,BINANCE
2025-09-02 13:45:46.045,110800.0,0.00013,18.01801801801802,BINANCE
2025-09-02 13:45:46.045,110800.0,0.00238,18.01801801801802,BINANCE
2025-09-02 13:45:46.045,110800.0,0.00039,18.01801801801802,BINANCE
2025-09-02 13:45:46.045,110800.0,0.00178,18.01801801801802,BINANCE
2025-09-02 13:45:46.045,110800.0,0.00017,18.01801801801802,BINANCE
2025-09-02 13:45:46.045,110798.36,0.00044,18.165765765765713,BINANCE
2025-09-02 13:45:46.045,110800.0,0.00062,18.01801801801802,BINANCE
2025-09-02 13:45:46.045,110800.0,0.0022,18.01801801801802,BINANCE
2025-09-02 13:45:46.045,110800.0,0.00255,18.01801801801802,BINANCE
2025-09-02 13:45:46.045,110800.0,0.00126,18.01801801801802,BINANCE
2025-09-02 13:45:46.045,110798.36,0.0001,18.165765765765713,BINANCE
2025-09-02 13:45:46.045,110798.4,0.01082,18.162162162162687,BINANCE
2025-09-02 13:45:46.045,110798.45,0.00015,18.157657657657918,BINANCE
2025-09-02 13:45:46.045,110798.52,0.00015,18.151351351350986,BINANCE
2025-09-02 13:45:46.045,110798.54,5e-05,18.149549549550127,BINANCE
2025-09-02 13:45:46.045,110799.0,0.061,18.10810810810811,BINANCE
2025-09-02 13:45:46.045,110799.36,8e-05,18.075675675675623,BINANCE
2025-09-02 13:45:46.045,110799.52,8e-05,18.061261261260896,BINANCE
2025-09-02 13:45:46.045,110799.0,0.00075,18.10810810810811,BINANCE
2025-09-02 13:45:46.045,110799.8,7e-05,18.036036036035775,BINANCE
2025-09-02 13:45:46.045,110799.89,9e-05,18.02792792792798,BINANCE
2025-09-02 13:45:46.045,110799.92,5e-05,18.025225225225384,BINANCE
2025-09-02 13:45:46.045,110799.99,0.0001,18.018918918918448,BINANCE
2025-09-02 13:45:46.045,110799.77,0.00011,18.03873873873837,BINANCE
2025-09-02 13:45:46.045,110800.0,0.00021,18.01801801801802,BINANCE
2025-09-02 13:45:46.046,110800.0,0.036,18.01801801801802,BINANCE
2025-09-02 13:45:46.047,110800.0,5e-05,18.01801801801802,BINANCE
2025-09-02 13:45:46.047,110800.0,0.025,18.01801801801802,BINANCE
2025-09-02 13:45:46.048,110798.39,5e-05,18.163063063063117,BINANCE
2025-09-02 13:45:46.051,110800.0,0.00903,18.01801801801802,BINANCE
2025-09-02 13:45:46.056,110798.4,5e-05,18.162162162162687,BINANCE
2025-09-02 13:45:46.056,110798.39,0.03146,18.163063063063117,BINANCE
2025-09-02 13:45:46.060,110798.39,0.00042,18.163063063063117,BINANCE
2025-09-02 13:45:46.067,110798.39,0.05,18.163063063063117,BINANCE
2025-09-02 13:45:46.067,110798.39,0.0001,18.163063063063117,BINANCE
2025-09-02 13:45:46.067,110798.39,5e-05,18.163063063063117,BINANCE
2025-09-02 13:45:46.067,110796.8,5e-05,18.306306306306045,BINANCE
2025-09-02 13:45:46.067,110798.39,0.17311,18.163063063063117,BINANCE
2025-09-02 13:45:46.067,110798.39,0.19692,18.163063063063117,BINANCE
2025-09-02 13:45:46.067,110798.39,0.62328,18.163063063063117,BINANCE
2025-09-02 13:45:46.068,110796.49,0.0555,18.33423423423376,BINANCE
2025-09-02 13:45:46.071,110795.14,0.0012,18.45585585585591,BINANCE
2025-09-02 13:45:46.071,110796.43,0.1068,18.339639639640268,BINANCE
2025-09-02 13:45:46.072,110795.13,1e-05,18.456756756756338,BINANCE
2025-09-02 13:45:46.072,110795.13,0.00552,18.456756756756338,BINANCE
2025-09-02 13:45:46.072,110795.13,5e-05,18.456756756756338,BINANCE
2025-09-02 13:45:46.073,110795.14,0.0007,18.45585585585591,BINANCE
2025-09-02 13:45:46.073,110795.14,0.00661,18.45585585585591,BINANCE
2025-09-02 13:45:46.073,110795.14,0.0775,18.45585585585591,BINANCE
2025-09-02 13:45:46.074,110795.13,0.0001,18.456756756756338,BINANCE
2025-09-02 13:45:46.074,110795.13,6e-05,18.456756756756338,BINANCE
2025-09-02 13:45:46.074,110795.13,0.01,18.456756756756338,BINANCE
2025-09-02 13:45:46.074,110795.13,4e-05,18.456756756756338,BINANCE
2025-09-02 13:45:46.075,110795.14,0.0476,18.45585585585591,BINANCE
2025-09-02 13:45:46.078,110795.13,0.01808,18.456756756756338,BINANCE
2025-09-02 13:45:46.128,110795.13,0.00048,18.456756756756338,BINANCE
2025-09-02 13:45:46.131,110795.13,0.0009,18.456756756756338,BINANCE
2025-09-02 13:45:46.135,110795.13,5e-05,18.456756756756338,BINANCE
2025-09-02 13:45:46.135,110795.13,0.00256,18.456756756756338,BINANCE
2025-09-02 13:45:46.135,110795.13,0.05423,18.456756756756338,BINANCE
2025-09-02 13:45:46.135,110795.13,0.0001,18.456756756756338,BINANCE
2025-09-02 13:45:46.135,110794.77,0.00744,18.48918918918882,BINANCE
2025-09-02 13:45:46.135,110795.13,0.01805,18.456756756756338,BINANCE
2025-09-02 13:45:46.135,110795.13,0.05164,18.456756756756338,BINANCE
2025-09-02 13:45:46.135,110795.13,0.22959,18.456756756756338,BINANCE
2025-09-02 13:45:46.135,110795.13,0.00361,18.456756756756338,BINANCE
2025-09-02 13:45:46.135,110795.13,0.05331,18.456756756756338,BINANCE
2025-09-02 13:45:46.135,110795.13,0.03937,18.456756756756338,BINANCE
2025-09-02 13:45:46.140,110794.78,0.00599,18.488288288288395,BINANCE
2025-09-02 13:45:46.148,110794.78,0.001,18.488288288288395,BINANCE
2025-09-02 13:45:46.257,110794.78,0.01122,18.488288288288395,BINANCE
2025-09-02 13:45:46.311,110794.77,0.00033,18.48918918918882,BINANCE
2025-09-02 13:45:46.311,110794.77,5e-05,18.48918918918882,BINANCE
2025-09-02 13:45:46.312,110794.78,0.0091,18.488288288288395,BINANCE
2025-09-02 13:45:46.312,110794.78,0.0574,18.488288288288395,BINANCE
2025-09-02 13:45:46.313,110794.78,0.0082,18.488288288288395,BINANCE
2025-09-02 13:45:46.322,110794.78,0.0099,18.488288288288395,BINANCE
2025-09-02 13:45:46.323,110794.78,0.096,18.488288288288395,BINANCE
2025-09-02 13:45:46.350,110794.77,0.00048,18.48918918918882,BINANCE
2025-09-02 13:45:46.358,110794.78,0.036,18.488288288288395,BINANCE
2025-09-02 13:45:46.376,110794.77,0.0086,18.48918918918882,BINANCE
2025-09-02 13:45:46.397,110794.77,0.04961,18.48918918918882,BINANCE
2025-09-02 13:45:46.476,110794.78,8e-05,18.488288288288395,BINANCE
2025-09-02 13:45:46.516,110794.77,0.00451,18.48918918918882,BINANCE
2025-09-02 13:45:46.525,110794.77,0.00029,18.48918918918882,BINANCE
2025-09-02 13:45:46.533,110794.0,5e-05,18.55855855855856,BINANCE
2025-09-02 13:45:46.533,110794.01,5e-05,18.55765765765813,BINANCE
2025-09-02 13:45:46.533,110794.77,0.0001,18.48918918918882,BINANCE
2025-09-02 13:45:46.533,110794.77,5e-05,18.48918918918882,BINANCE
2025-09-02 13:45:46.533,110794.76,0.0001,18.49009009009056,BINANCE
2025-09-02 13:45:46.533,110794.77,0.01805,18.48918918918882,BINANCE
2025-09-02 13:45:46.533,110794.77,0.05373,18.48918918918882,BINANCE
2025-09-02 13:45:46.533,110794.77,0.29782,18.48918918918882,BINANCE
2025-09-02 13:45:46.551,110793.02,0.00015,18.64684684684648,BINANCE
2025-09-02 13:45:46.557,110793.01,0.0001,18.64774774774822,BINANCE
2025-09-02 13:45:46.557,110792.97,5e-05,18.651351351351245,BINANCE
2025-09-02 13:45:46.557,110792.96,5e-05,18.652252252251674,BINANCE
2025-09-02 13:45:46.557,110793.02,5e-05,18.64684684684648,BINANCE
2025-09-02 13:45:46.557,110793.02,0.0001,18.64684684684648,BINANCE
2025-09-02 13:45:46.557,110793.02,0.00305,18.64684684684648,BINANCE
2025-09-02 13:45:46.558,110792.0,5e-05,18.73873873873874,BINANCE
2025-09-02 13:45:46.558,110792.01,5e-05,18.73783783783831,BINANCE
2025-09-02 13:45:46.558,110792.08,5e-05,18.731531531531374,BINANCE
2025-09-02 13:45:46.558,110792.08,0.0759,18.731531531531374,BINANCE
2025-09-02 13:45:46.558,110792.09,5e-05,18.730630630630944,BINANCE
2025-09-02 13:45:46.559,110791.39,5e-05,18.793693693693747,BINANCE
2025-09-02 13:45:46.559,110790.2,5e-05,18.900900900901163,BINANCE
2025-09-02 13:45:46.559,110790.19,0.00283,18.901801801801593,BINANCE
2025-09-02 13:45:46.575,110790.0,5e-05,18.91891891891892,BINANCE
2025-09-02 13:45:46.575,110790.19,0.0001,18.901801801801593,BINANCE
2025-09-02 13:45:46.575,110790.01,5e-05,18.91801801801849,BINANCE
2025-09-02 13:45:46.575,110790.18,0.0001,18.90270270270333,BINANCE
2025-09-02 13:45:46.575,110790.19,5e-05,18.901801801801593,BINANCE
2025-09-02 13:45:46.579,110788.35,5e-05,19.067567567567043,BINANCE
2025-09-02 13:45:46.579,110788.35,0.0001,19.067567567567043,BINANCE
2025-09-02 13:45:46.591,110788.34,5e-05,19.068468468468783,BINANCE
2025-09-02 13:45:46.591,110786.01,5e-05,19.27837837837885,BINANCE
2025-09-02 13:45:46.591,110788.33,0.0001,19.069369369369213,BINANCE
2025-09-02 13:45:46.591,110788.34,0.0001,19.068468468468783,BINANCE
2025-09-02 13:45:46.592,110786.0,5e-05,19.27927927927928,BINANCE
2025-09-02 13:45:46.592,110784.99,7e-05,19.3702702702698,BINANCE
2025-09-02 13:45:46.592,110784.56,0.0001,19.40900900900922,BINANCE
2025-09-02 13:45:46.592,110784.01,5e-05,19.45855855855903,BINANCE
2025-09-02 13:45:46.601,110784.0,0.06,19.45945945945946,BINANCE
2025-09-02 13:45:46.614,110784.0,5e-05,19.45945945945946,BINANCE
2025-09-02 13:45:46.614,110784.0,0.01709,19.45945945945946,BINANCE
2025-09-02 13:45:46.614,110784.0,0.0063,19.45945945945946,BINANCE
2025-09-02 13:45:46.678,110784.0,0.0018,19.45945945945946,BINANCE
2025-09-02 13:45:46.682,110784.01,0.02209,19.45855855855903,BINANCE
2025-09-02 13:45:46.682,110784.01,0.01338,19.45855855855903,BINANCE
2025-09-02 13:45:46.685,110784.0,0.00182,19.45945945945946,BINANCE
2025-09-02 13:45:46.706,110784.0,0.00094,19.45945945945946,BINANCE
2025-09-02 13:45:46.716,110784.0,0.00084,19.45945945945946,BINANCE
2025-09-02 13:45:46.734,110784.0,0.00108,19.45945945945946,BINANCE
2025-09-02 13:45:46.734,110784.0,0.00154,19.45945945945946,BINANCE
2025-09-02 13:45:46.790,110784.0,5e-05,19.45945945945946,BINANCE
2025-09-02 13:45:46.810,110784.0,0.00012,19.45945945945946,BINANCE
2025-09-02 13:45:46.821,110784.0,0.0027,19.45945945945946,BINANCE
2025-09-02 13:45:46.824,110784.0,0.0002,19.45945945945946,BINANCE
2025-09-02 13:45:46.856,110784.01,0.13197,19.45855855855903,BINANCE
2025-09-02 13:45:46.856,110784.01,0.04863,19.45855855855903,BINANCE
2025-09-02 13:45:46.894,110784.01,0.0108,19.45855855855903,BINANCE
2025-09-02 13:45:46.907,110784.0,0.00043,19.45945945945946,BINANCE
2025-09-02 13:45:46.909,110784.0,0.00185,19.45945945945946,BINANCE
2025-09-02 13:45:46.962,110784.01,0.07,19.45855855855903,BINANCE
2025-09-02 13:45:46.996,110784.0,0.00145,19.45945945945946,BINANCE
2025-09-02 13:45:47.036,110784.01,5e-05,19.45855855855903,BINANCE
2025-09-02 13:45:47.036,110784.01,0.00383,19.45855855855903,BINANCE
2025-09-02 13:45:47.036,110784.01,0.0055,19.45855855855903,BINANCE
2025-09-02 13:45:47.036,110784.01,0.018,19.45855855855903,BINANCE
2025-09-02 13:45:47.038,110784.01,0.019,19.45855855855903,BINANCE
2025-09-02 13:45:47.038,110784.01,0.02,19.45855855855903,BINANCE
2025-09-02 13:45:47.038,110784.01,0.01,19.45855855855903,BINANCE
2025-09-02 13:45:47.038,110784.01,0.00077,19.45855855855903,BINANCE
2025-09-02 13:45:47.038,110784.01,0.0001,19.45855855855903,BINANCE
2025-09-02 13:45:47.038,110784.01,0.00045,19.45855855855903,BINANCE
2025-09-02 13:45:47.038,110784.01,5e-05,19.45855855855903,BINANCE
2025-09-02 13:45:47.038,110784.01,0.0045,19.45855855855903,BINANCE
2025-09-02 13:45:47.038,110784.01,0.01423,19.45855855855903,BINANCE
2025-09-02 13:45:47.038,110784.01,0.01435,19.45855855855903,BINANCE
2025-09-02 13:45:47.039,110784.01,0.019,19.45855855855903,BINANCE
2025-09-02 13:45:47.039,110784.01,0.018,19.45855855855903,BINANCE
2025-09-02 13:45:47.040,110784.01,0.018,19.45855855855903,BINANCE
2025-09-02 13:45:47.044,110784.02,5e-05,19.457657657657293,BINANCE
2025-09-02 13:45:47.044,110784.95,5e-05,19.373873873874135,BINANCE
2025-09-02 13:45:47.044,110784.01,0.0001,19.45855855855903,BINANCE
2025-09-02 13:45:47.044,110784.01,5e-05,19.45855855855903,BINANCE
2025-09-02 13:45:47.046,110785.99,5e-05,19.28018018017971,BINANCE
2025-09-02 13:45:47.046,110785.98,5e-05,19.28108108108145,BINANCE
2025-09-02 13:45:47.046,110784.96,0.0001,19.3729729729724,BINANCE
2025-09-02 13:45:47.046,110784.96,5e-05,19.3729729729724,BINANCE
2025-09-02 13:45:47.046,110784.97,0.0001,19.37207207207197,BINANCE
2025-09-02 13:45:47.050,110785.99,0.00039,19.28018018017971,BINANCE
2025-09-02 13:45:47.057,110786.0,5e-05,19.27927927927928,BINANCE
2025-09-02 13:45:47.057,110786.0,0.0185,19.27927927927928,BINANCE
2025-09-02 13:45:47.069,110786.0,0.1806,19.27927927927928,BINANCE
2025-09-02 13:45:47.098,110786.0,5e-05,19.27927927927928,BINANCE
2025-09-02 13:45:47.100,110786.01,5e-05,19.27837837837885,BINANCE
2025-09-02 13:45:47.102,110787.05,5e-05,19.184684684684424,BINANCE
2025-09-02 13:45:47.105,110787.05,5e-05,19.184684684684424,BINANCE
2025-09-02 13:45:47.115,110787.06,0.0012,19.183783783783994,BINANCE
2025-09-02 13:45:47.119,110787.06,5e-05,19.183783783783994,BINANCE
2025-09-02 13:45:47.141,110787.07,5e-05,19.182882882882254,BINANCE
2025-09-02 13:45:47.141,110787.08,5e-05,19.181981981981824,BINANCE
2025-09-02 13:45:47.141,110788.35,5e-05,19.067567567567043,BINANCE
2025-09-02 13:45:47.141,110788.36,0.00459,19.066666666666613,BINANCE
2025-09-02 13:45:47.141,110787.06,5e-05,19.183783783783994,BINANCE
2025-09-02 13:45:47.145,110788.35,0.00731,19.067567567567043,BINANCE
2025-09-02 13:45:47.147,110788.36,0.0193,19.066666666666613,BINANCE
2025-09-02 13:45:47.153,110788.36,0.001,19.066666666666613,BINANCE
2025-09-02 13:45:47.160,110788.35,0.00217,19.067567567567043,BINANCE
2025-09-02 13:45:47.173,110788.35,0.0086,19.067567567567043,BINANCE
2025-09-02 13:45:47.211,110788.35,0.00649,19.067567567567043,BINANCE
2025-09-02 13:45:47.250,110788.35,0.00017,19.067567567567043,BINANCE
2025-09-02 13:45:47.264,110788.35,0.00053,19.067567567567043,BINANCE
2025-09-02 13:45:47.322,110788.36,0.0001,19.066666666666613,BINANCE
2025-09-02 13:45:47.322,110788.37,5e-05,19.065765765766187,BINANCE
2025-09-02 13:45:47.322,110789.99,5e-05,18.91981981981935,BINANCE
2025-09-02 13:45:47.322,110788.36,5e-05,19.066666666666613,BINANCE
2025-09-02 13:45:47.322,110788.36,0.00569,19.066666666666613,BINANCE
2025-09-02 13:45:47.322,110788.36,0.02606,19.066666666666613,BINANCE
2025-09-02 13:45:47.336,110790.01,5e-05,18.91801801801849,BINANCE
2025-09-02 13:45:47.336,110791.99,5e-05,18.73963963963917,BINANCE
2025-09-02 13:45:47.336,110791.39,5e-05,18.793693693693747,BINANCE
2025-09-02 13:45:47.336,110791.63,5e-05,18.77207207207165,BINANCE
2025-09-02 13:45:47.336,110790.0,5e-05,18.91891891891892,BINANCE
2025-09-02 13:45:47.336,110790.0,0.0001,18.91891891891892,BINANCE
2025-09-02 13:45:47.366,110792.01,5e-05,18.73783783783831,BINANCE
2025-09-02 13:45:47.366,110792.01,0.0001,18.73783783783831,BINANCE
2025-09-02 13:45:47.366,110793.8,5e-05,18.576576576576315,BINANCE
2025-09-02 13:45:47.366,110792.03,5e-05,18.73603603603614,BINANCE
2025-09-02 13:45:47.366,110793.72,0.00018,18.58378378378368,BINANCE
2025-09-02 13:45:47.366,110792.0,0.0001,18.73873873873874,BINANCE
2025-09-02 13:45:47.366,110792.0,5e-05,18.73873873873874,BINANCE
2025-09-02 13:45:47.383,110794.8,5e-05,18.486486486486225,BINANCE
2025-09-02 13:45:47.383,110793.82,5e-05,18.574774774774145,BINANCE
2025-09-02 13:45:47.383,110793.99,5e-05,18.55945945945899,BINANCE
2025-09-02 13:45:47.383,110794.0,5e-05,18.55855855855856,BINANCE
2025-09-02 13:45:47.383,110796.8,5e-05,18.306306306306045,BINANCE
2025-09-02 13:45:47.383,110795.14,5e-05,18.45585585585591,BINANCE
2025-09-02 13:45:47.383,110796.07,0.00018,18.372072072071443,BINANCE
2025-09-02 13:45:47.383,110796.72,0.00018,18.313513513513406,BINANCE
2025-09-02 13:45:47.383,110797.99,5e-05,18.19909909909863,BINANCE
2025-09-02 13:45:47.383,110798.0,0.00506,18.1981981981982,BINANCE
2025-09-02 13:45:47.383,110795.14,0.01053,18.45585585585591,BINANCE
2025-09-02 13:45:47.383,110793.81,5e-05,18.575675675675885,BINANCE
2025-09-02 13:45:47.388,110797.99,0.00094,18.19909909909863,BINANCE
2025-09-02 13:45:47.390,110798.0,5e-05,18.1981981981982,BINANCE
2025-09-02 13:45:47.447,110798.0,5e-05,18.1981981981982,BINANCE
2025-09-02 13:45:47.447,110798.0,0.0086,18.1981981981982,BINANCE
2025-09-02 13:45:47.448,110798.0,0.009,18.1981981981982,BINANCE
2025-09-02 13:45:47.449,110798.0,0.009,18.1981981981982,BINANCE
2025-09-02 13:45:47.449,110798.0,0.012,18.1981981981982,BINANCE
2025-09-02 13:45:47.450,110798.0,0.012,18.1981981981982,BINANCE
2025-09-02 13:45:47.451,110798.0,0.008,18.1981981981982,BINANCE
2025-09-02 13:45:47.451,110798.0,0.009,18.1981981981982,BINANCE
2025-09-02 13:45:47.454,110798.0,0.009,18.1981981981982,BINANCE
2025-09-02 13:45:47.458,110798.0,0.009,18.1981981981982,BINANCE
2025-09-02 13:45:47.462,110797.99,0.00198,18.19909909909863,BINANCE
2025-09-02 13:45:47.471,110798.02,5e-05,18.19639639639603,BINANCE
2025-09-02 13:45:47.471,110799.93,0.0174,18.024324324324954,BINANCE
2025-09-02 13:45:47.471,110799.92,5e-05,18.025225225225384,BINANCE
2025-09-02 13:45:47.471,110798.01,5e-05,18.19729729729777,BINANCE
2025-09-02 13:45:47.476,110799.92,0.00376,18.025225225225384,BINANCE
2025-09-02 13:45:47.489,110799.93,5e-05,18.024324324324954,BINANCE
2025-09-02 13:45:47.551,110800.0,5e-05,18.01801801801802,BINANCE
2025-09-02 13:45:47.551,110800.0,0.0009,18.01801801801802,BINANCE
2025-09-02 13:45:47.551,110800.0,0.00067,18.01801801801802,BINANCE
2025-09-02 13:45:47.551,110800.0,8e-05,18.01801801801802,BINANCE
2025-09-02 13:45:47.551,110800.0,9e-05,18.01801801801802,BINANCE
2025-09-02 13:45:47.551,110800.0,0.002,18.01801801801802,BINANCE
2025-09-02 13:45:47.551,110800.0,0.0004,18.01801801801802,BINANCE
2025-09-02 13:45:47.551,110800.0,7e-05,18.01801801801802,BINANCE
2025-09-02 13:45:47.551,110800.0,0.04108,18.01801801801802,BINANCE
2025-09-02 13:45:47.551,110800.0,0.01536,18.01801801801802,BINANCE
2025-09-02 13:45:47.551,110800.0,0.0002,18.01801801801802,BINANCE
2025-09-02 13:45:47.551,110800.0,0.03932,18.01801801801802,BINANCE
2025-09-02 13:45:47.551,110800.0,0.00018,18.01801801801802,BINANCE
2025-09-02 13:45:47.551,110799.99,5e-05,18.018918918918448,BINANCE
2025-09-02 13:45:47.551,110800.0,0.00641,18.01801801801802,BINANCE
2025-09-02 13:45:47.551,110799.93,0.03097,18.024324324324954,BINANCE
2025-09-02 13:45:47.551,110799.93,5e-05,18.024324324324954,BINANCE
2025-09-02 13:45:47.551,110799.94,5e-05,18.023423423423214,BINANCE
2025-09-02 13:45:47.551,110799.95,5e-05,18.022522522522785,BINANCE
2025-09-02 13:45:47.551,110799.99,0.0001,18.018918918918448,BINANCE
2025-09-02 13:45:47.554,110800.0,5e-05,18.01801801801802,BINANCE
2025-09-02 13:45:47.558,110800.0,0.0419,18.01801801801802,BINANCE
2025-09-02 13:45:47.567,110799.99,0.00011,18.018918918918448,BINANCE
2025-09-02 13:45:47.577,110800.0,0.0097,18.01801801801802,BINANCE
2025-09-02 13:45:47.577,110800.0,0.05608,18.01801801801802,BINANCE
2025-09-02 13:45:47.577,110800.0,0.0009,18.01801801801802,BINANCE
2025-09-02 13:45:47.577,110800.0,0.00054,18.01801801801802,BINANCE
2025-09-02 13:45:47.577,110800.0,0.00046,18.01801801801802,BINANCE
2025-09-02 13:45:47.577,110800.0,0.0001,18.01801801801802,BINANCE
2025-09-02 13:45:47.577,110800.0,0.03135,18.01801801801802,BINANCE
2025-09-02 13:45:47.577,110800.0,0.05,18.01801801801802,BINANCE
2025-09-02 13:45:47.577,110800.0,5e-05,18.01801801801802,BINANCE
2025-09-02 13:45:47.577,110800.0,0.01,18.01801801801802,BINANCE
2025-09-02 13:45:47.577,110800.0,0.00121,18.01801801801802,BINANCE
2025-09-02 13:45:47.577,110800.0,0.00154,18.01801801801802,BINANCE
2025-09-02 13:45:47.577,110800.0,0.00898,18.01801801801802,BINANCE
2025-09-02 13:45:47.577,110800.0,8e-05,18.01801801801802,BINANCE
2025-09-02 13:45:47.577,110800.0,0.00018,18.01801801801802,BINANCE
2025-09-02 13:45:47.578,110800.0,0.03487,18.01801801801802,BINANCE
2025-09-02 13:45:47.578,110800.0,0.00017,18.01801801801802,BINANCE
2025-09-02 13:45:47.578,110800.0,0.0009,18.01801801801802,BINANCE
2025-09-02 13:45:47.578,110800.0,0.48688,18.01801801801802,BINANCE
2025-09-02 13:45:47.580,110800.41,0.00069,17.981081081080767,BINANCE
2025-09-02 13:45:47.580,110800.02,5e-05,18.01621621621585,BINANCE
2025-09-02 13:45:47.580,110800.27,0.00018,17.993693693693327,BINANCE
2025-09-02 13:45:47.580,110800.24,7e-05,17.996396396395923,BINANCE
2025-09-02 13:45:47.580,110800.01,5e-05,18.01711711711759,BINANCE
2025-09-02 13:45:47.580,110800.0,5e-05,18.01801801801802,BINANCE
2025-09-02 13:45:47.580,110800.0,0.002,18.01801801801802,BINANCE
2025-09-02 13:45:47.580,110800.46,0.00427,17.976576576576,BINANCE
2025-09-02 13:45:47.580,110800.72,5e-05,17.95315315315305,BINANCE
2025-09-02 13:45:47.580,110801.06,5e-05,17.92252252252273,BINANCE
2025-09-02 13:45:47.580,110800.86,6e-05,17.94054054054049,BINANCE
2025-09-02 13:45:47.580,110801.0,0.0018,17.92792792792793,BINANCE
2025-09-02 13:45:47.580,110801.03,5e-05,17.92522522522533,BINANCE
2025-09-02 13:45:47.580,110801.06,9e-05,17.92252252252273,BINANCE
2025-09-02 13:45:47.580,110801.77,5e-05,17.85855855855819,BINANCE
2025-09-02 13:45:47.580,110801.82,0.00103,17.854054054053424,BINANCE
2025-09-02 13:45:47.580,110801.88,0.00016,17.84864864864823,BINANCE
2025-09-02 13:45:47.580,110802.21,5e-05,17.818918918918342,BINANCE
2025-09-02 13:45:47.580,110802.3,0.00013,17.81081081081055,BINANCE
2025-09-02 13:45:47.580,110802.45,0.00044,17.797297297297558,BINANCE
2025-09-02 13:45:47.580,110802.46,0.00013,17.79639639639582,BINANCE
2025-09-02 13:45:47.580,110802.73,7e-05,17.772072072072437,BINANCE
2025-09-02 13:45:47.580,110800.85,0.0008,17.94144144144092,BINANCE
2025-09-02 13:45:47.580,110800.0,0.0004,18.01801801801802,BINANCE
2025-09-02 13:45:47.580,110800.0,0.51312,18.01801801801802,BINANCE
2025-09-02 13:45:47.580,110800.0,0.02208,18.01801801801802,BINANCE
2025-09-02 13:45:47.580,110800.0,0.13292,18.01801801801802,BINANCE
2025-09-02 13:45:47.580,110800.0,0.01393,18.01801801801802,BINANCE
2025-09-02 13:45:47.580,110800.0,0.00181,18.01801801801802,BINANCE
2025-09-02 13:45:47.580,110800.0,0.00135,18.01801801801802,BINANCE
2025-09-02 13:45:47.580,110800.0,8e-05,18.01801801801802,BINANCE
2025-09-02 13:45:47.580,110800.0,0.00485,18.01801801801802,BINANCE
2025-09-02 13:45:47.580,110800.0,6e-05,18.01801801801802,BINANCE
2025-09-02 13:45:47.580,110800.0,0.00013,18.01801801801802,BINANCE
2025-09-02 13:45:47.580,110800.0,0.00217,18.01801801801802,BINANCE
2025-09-02 13:45:47.580,110800.0,7e-05,18.01801801801802,BINANCE
2025-09-02 13:45:47.580,110800.0,0.0002,18.01801801801802,BINANCE
2025-09-02 13:45:47.580,110800.0,0.02,18.01801801801802,BINANCE
2025-09-02 13:45:47.580,110800.0,0.01859,18.01801801801802,BINANCE
2025-09-02 13:45:47.580,110800.0,0.00015,18.01801801801802,BINANCE
2025-09-02 13:45:47.580,110800.0,0.01805,18.01801801801802,BINANCE
2025-09-02 13:45:47.580,110800.0,0.00047,18.01801801801802,BINANCE
2025-09-02 13:45:47.580,110800.0,0.0247,18.01801801801802,BINANCE
2025-09-02 13:45:47.580,110800.0,0.00054,18.01801801801802,BINANCE
2025-09-02 13:45:47.582,110803.55,5e-05,17.698198198197936,BINANCE
2025-09-02 13:45:47.582,110803.44,0.0001,17.708108108107897,BINANCE
2025-09-02 13:45:47.582,110803.28,0.00146,17.722522522522627,BINANCE
2025-09-02 13:45:47.582,110803.28,5e-05,17.722522522522627,BINANCE
2025-09-02 13:45:47.582,110803.17,0.00237,17.73243243243259,BINANCE
2025-09-02 13:45:47.582,110803.03,0.00013,17.74504504504515,BINANCE
2025-09-02 13:45:47.582,110803.28,0.02142,17.722522522522627,BINANCE
2025-09-02 13:45:47.583,110806.43,0.00206,17.438738738739367,BINANCE
2025-09-02 13:45:47.583,110806.45,0.0001,17.436936936937197,BINANCE
2025-09-02 13:45:47.583,110806.45,0.00013,17.436936936937197,BINANCE
2025-09-02 13:45:47.583,110806.45,6e-05,17.436936936937197,BINANCE
2025-09-02 13:45:47.583,110806.45,7e-05,17.436936936937197,BINANCE
2025-09-02 13:45:47.583,110806.48,5e-05,17.4342342342346,BINANCE
2025-09-02 13:45:47.583,110806.49,0.00179,17.43333333333286,BINANCE
2025-09-02 13:45:47.583,110806.73,0.00343,17.41171171171208,BINANCE
2025-09-02 13:45:47.583,110807.03,7e-05,17.38468468468479,BINANCE
2025-09-02 13:45:47.583,110807.38,5e-05,17.353153153152732,BINANCE
2025-09-02 13:45:47.583,110807.4,0.00176,17.351351351351877,BINANCE
2025-09-02 13:45:47.583,110806.43,0.00712,17.438738738739367,BINANCE
2025-09-02 13:45:47.583,110806.45,0.00064,17.436936936937197,BINANCE
2025-09-02 13:45:47.583,110806.0,5e-05,17.47747747747748,BINANCE
2025-09-02 13:45:47.583,110803.7,7e-05,17.684684684684946,BINANCE
2025-09-02 13:45:47.583,110805.38,0.00018,17.533333333332916,BINANCE
2025-09-02 13:45:47.583,110803.71,5e-05,17.68378378378321,BINANCE
2025-09-02 13:45:47.583,110803.78,7e-05,17.677477477477584,BINANCE
2025-09-02 13:45:47.583,110804.0,7e-05,17.65765765765766,BINANCE
2025-09-02 13:45:47.583,110805.98,0.00067,17.479279279279645,BINANCE
2025-09-02 13:45:47.583,110804.0,0.0004,17.65765765765766,BINANCE
2025-09-02 13:45:47.583,110804.0,0.002,17.65765765765766,BINANCE
2025-09-02 13:45:47.583,110804.07,5e-05,17.651351351350723,BINANCE
2025-09-02 13:45:47.583,110804.21,0.00045,17.638738738738162,BINANCE
2025-09-02 13:45:47.583,110804.23,7e-05,17.636936936937303,BINANCE
2025-09-02 13:45:47.583,110804.54,0.00033,17.609009009009586,BINANCE
2025-09-02 13:45:47.583,110805.1,0.00122,17.558558558558033,BINANCE
2025-09-02 13:45:47.583,110805.38,0.00257,17.533333333332916,BINANCE
2025-09-02 13:45:47.583,110804.0,0.00015,17.65765765765766,BINANCE
2025-09-02 13:45:47.584,110807.99,5e-05,17.298198198197728,BINANCE
2025-09-02 13:45:47.584,110808.0,0.002,17.2972972972973,BINANCE
2025-09-02 13:45:47.584,110808.0,5e-05,17.2972972972973,BINANCE
2025-09-02 13:45:47.584,110808.0,0.00012,17.2972972972973,BINANCE
2025-09-02 13:45:47.584,110808.0,0.02159,17.2972972972973,BINANCE
2025-09-02 13:45:47.584,110807.62,5e-05,17.33153153153195,BINANCE
2025-09-02 13:45:47.584,110807.84,0.00018,17.311711711712025,BINANCE
2025-09-02 13:45:47.584,110807.57,5e-05,17.336036036035406,BINANCE
2025-09-02 13:45:47.584,110807.57,9e-05,17.336036036035406,BINANCE
2025-09-02 13:45:47.585,110808.0,5e-05,17.2972972972973,BINANCE
2025-09-02 13:45:47.589,110831.12,5e-05,15.214414414414833,BINANCE
2025-09-02 13:45:47.589,110831.12,0.00013,15.214414414414833,BINANCE
2025-09-02 13:45:47.589,110831.12,0.00027,15.214414414414833,BINANCE
2025-09-02 13:45:47.589,110831.12,8e-05,15.214414414414833,BINANCE
2025-09-02 13:45:47.589,110831.12,0.00017,15.214414414414833,BINANCE
2025-09-02 13:45:47.589,110831.12,0.00444,15.214414414414833,BINANCE
2025-09-02 13:45:47.589,110831.12,0.00026,15.214414414414833,BINANCE
2025-09-02 13:45:47.589,110831.12,7e-05,15.214414414414833,BINANCE
2025-09-02 13:45:47.589,110831.12,0.00055,15.214414414414833,BINANCE
2025-09-02 13:45:47.589,110831.12,0.00062,15.214414414414833,BINANCE
2025-09-02 13:45:47.589,110831.12,9e-05,15.214414414414833,BINANCE
2025-09-02 13:45:47.589,110831.12,0.00046,15.214414414414833,BINANCE
2025-09-02 13:45:47.589,110831.12,0.03386,15.214414414414833,BINANCE
2025-09-02 13:45:47.589,110830.96,5e-05,15.228828828828252,BINANCE
2025-09-02 13:45:47.589,110830.09,0.00038,15.30720720720752,BINANCE
2025-09-02 13:45:47.589,110830.16,0.003,15.300900900900587,BINANCE
2025-09-02 13:45:47.589,110828.0,0.0004,15.495495495495497,BINANCE
2025-09-02 13:45:47.589,110828.0,0.002,15.495495495495497,BINANCE
2025-09-02 13:45:47.589,110827.84,0.00645,15.509909909910224,BINANCE
2025-09-02 13:45:47.589,110827.58,6e-05,15.533333333333177,BINANCE
2025-09-02 13:45:47.589,110827.02,0.0062,15.583783783783417,BINANCE
2025-09-02 13:45:47.589,110826.72,5e-05,15.610810810810706,BINANCE
2025-09-02 13:45:47.589,110826.72,0.00012,15.610810810810706,BINANCE
2025-09-02 13:45:47.589,110826.66,5e-05,15.616216216215902,BINANCE
2025-09-02 13:45:47.589,110826.57,0.0001,15.624324324323695,BINANCE
2025-09-02 13:45:47.589,110826.02,7e-05,15.673873873873507,BINANCE
2025-09-02 13:45:47.589,110825.99,6e-05,15.676576576576105,BINANCE
2025-09-02 13:45:47.589,110825.78,0.00096,15.695495495495601,BINANCE
2025-09-02 13:45:47.589,110825.06,0.053,15.76036036036057,BINANCE
2025-09-02 13:45:47.589,110825.0,0.002,15.765765765765765,BINANCE
2025-09-02 13:45:47.589,110825.0,0.07566,15.765765765765765,BINANCE
2025-09-02 13:45:47.589,110826.65,5e-05,15.61711711711764,BINANCE
2025-09-02 13:45:47.589,110828.0,0.00015,15.495495495495497,BINANCE
2025-09-02 13:45:47.589,110828.14,0.053,15.482882882882935,BINANCE
2025-09-02 13:45:47.589,110828.16,5e-05,15.481081081080767,BINANCE
2025-09-02 13:45:47.589,110830.0,0.00045,15.315315315315315,BINANCE
2025-09-02 13:45:47.589,110830.0,5e-05,15.315315315315315,BINANCE
2025-09-02 13:45:47.589,110830.0,0.00055,15.315315315315315,BINANCE
2025-09-02 13:45:47.589,110829.78,9e-05,15.335135135135241,BINANCE
2025-09-02 13:45:47.589,110829.75,0.01734,15.337837837837837,BINANCE
2025-09-02 13:45:47.589,110829.64,6e-05,15.3477477477478,BINANCE
2025-09-02 13:45:47.589,110829.58,0.46034,15.353153153152997,BINANCE
2025-09-02 13:45:47.589,110829.51,0.0017,15.35945945945993,BINANCE
2025-09-02 13:45:47.589,110829.48,7e-05,15.36216216216253,BINANCE
2025-09-02 13:45:47.589,110829.26,5e-05,15.381981981982452,BINANCE
2025-09-02 13:45:47.589,110829.04,0.00011,15.401801801802378,BINANCE
2025-09-02 13:45:47.589,110829.0,7e-05,15.405405405405405,BINANCE
2025-09-02 13:45:47.589,110828.73,0.022,15.429729729730097,BINANCE
2025-09-02 13:45:47.589,110828.57,7e-05,15.444144144143515,BINANCE
2025-09-02 13:45:47.589,110828.57,0.00051,15.444144144143515,BINANCE
2025-09-02 13:45:47.589,110828.4,5e-05,15.459459459459984,BINANCE
2025-09-02 13:45:47.589,110830.78,0.0689,15.245045045045151,BINANCE
2025-09-02 13:45:47.589,110831.3,8e-05,15.198198198197936,BINANCE
2025-09-02 13:45:47.589,110831.92,6e-05,15.1423423423425,BINANCE
2025-09-02 13:45:47.589,110831.92,5e-05,15.1423423423425,BINANCE
2025-09-02 13:45:47.589,110833.33,0.00013,15.015315315315158,BINANCE
2025-09-02 13:45:47.589,110833.33,0.00011,15.015315315315158,BINANCE
2025-09-02 13:45:47.589,110833.33,0.0002,15.015315315315158,BINANCE
2025-09-02 13:45:47.589,110833.33,0.0001,15.015315315315158,BINANCE
2025-09-02 13:45:47.589,110833.33,0.00019,15.015315315315158,BINANCE
2025-09-02 13:45:47.589,110833.33,0.00059,15.015315315315158,BINANCE
2025-09-02 13:45:47.589,110833.33,5e-05,15.015315315315158,BINANCE
2025-09-02 13:45:47.589,110833.33,6e-05,15.015315315315158,BINANCE
2025-09-02 13:45:47.589,110833.33,9e-05,15.015315315315158,BINANCE
2025-09-02 13:45:47.589,110833.33,0.00071,15.015315315315158,BINANCE
2025-09-02 13:45:47.589,110833.33,0.00022,15.015315315315158,BINANCE
2025-09-02 13:45:47.589,110833.33,8e-05,15.015315315315158,BINANCE
2025-09-02 13:45:47.589,110833.33,0.00056,15.015315315315158,BINANCE
2025-09-02 13:45:47.589,110833.33,7e-05,15.015315315315158,BINANCE
2025-09-02 13:45:47.589,110833.33,0.00232,15.015315315315158,BINANCE
2025-09-02 13:45:47.589,110824.93,5e-05,15.772072072072701,BINANCE
2025-09-02 13:45:47.589,110833.99,0.05064,14.955855855855384,BINANCE
2025-09-02 13:45:47.589,110833.98,0.04511,14.956756756757123,BINANCE
2025-09-02 13:45:47.589,110833.95,0.00016,14.959459459459723,BINANCE
2025-09-02 13:45:47.589,110833.91,5e-05,14.963063063062748,BINANCE
2025-09-02 13:45:47.589,110833.8,5e-05,14.97297297297271,BINANCE
2025-09-02 13:45:47.589,110833.69,0.00017,14.982882882882674,BINANCE
2025-09-02 13:45:47.589,110833.6,0.00016,14.990990990990467,BINANCE
2025-09-02 13:45:47.589,110833.57,9e-05,14.993693693693064,BINANCE
2025-09-02 13:45:47.589,110833.47,0.00015,15.002702702702598,BINANCE
2025-09-02 13:45:47.589,110833.47,0.00017,15.002702702702598,BINANCE
2025-09-02 13:45:47.589,110833.33,0.00028,15.015315315315158,BINANCE
2025-09-02 13:45:47.589,110833.33,0.00147,15.015315315315158,BINANCE
2025-09-02 13:45:47.589,110833.58,5e-05,14.992792792792637,BINANCE
2025-09-02 13:45:47.589,110833.33,0.0006,15.015315315315158,BINANCE
2025-09-02 13:45:47.589,110833.21,8e-05,15.026126126125549,BINANCE
2025-09-02 13:45:47.589,110833.08,0.00017,15.03783783783768,BINANCE
2025-09-02 13:45:47.589,110833.0,0.0001,15.045045045045043,BINANCE
2025-09-02 13:45:47.589,110832.83,5e-05,15.060360360360203,BINANCE
2025-09-02 13:45:47.589,110832.78,8e-05,15.064864864864969,BINANCE
2025-09-02 13:45:47.589,110832.77,0.00153,15.065765765765398,BINANCE
2025-09-02 13:45:47.589,110832.77,0.0006,15.065765765765398,BINANCE
2025-09-02 13:45:47.589,110833.27,5e-05,15.020720720720353,BINANCE
2025-09-02 13:45:47.589,110832.47,0.00188,15.092792792792688,BINANCE
2025-09-02 13:45:47.589,110832.13,0.46034,15.123423423423004,BINANCE
2025-09-02 13:45:47.589,110832.0,0.00015,15.135135135135135,BINANCE
2025-09-02 13:45:47.589,110832.0,0.0004,15.135135135135135,BINANCE
2025-09-02 13:45:47.589,110832.0,0.002,15.135135135135135,BINANCE
2025-09-02 13:45:47.589,110831.95,0.01156,15.139639639639901,BINANCE
2025-09-02 13:45:47.589,110832.4,0.00012,15.099099099099623,BINANCE
2025-09-02 13:45:47.589,110833.33,0.00318,15.015315315315158,BINANCE
2025-09-02 13:45:47.589,110833.3,0.00038,15.018018018017758,BINANCE
2025-09-02 13:45:47.589,110833.33,0.00087,15.015315315315158,BINANCE
2025-09-02 13:45:47.589,110833.33,0.00119,15.015315315315158,BINANCE
2025-09-02 13:45:47.589,110833.33,0.00197,15.015315315315158,BINANCE
2025-09-02 13:45:47.589,110833.33,0.00017,15.015315315315158,BINANCE
2025-09-02 13:45:47.589,110833.33,0.0007,15.015315315315158,BINANCE
2025-09-02 13:45:47.589,110833.33,0.00224,15.015315315315158,BINANCE
2025-09-02 13:45:47.589,110833.33,0.00048,15.015315315315158,BINANCE
2025-09-02 13:45:47.589,110833.33,0.00118,15.015315315315158,BINANCE
2025-09-02 13:45:47.589,110824.87,0.0001,15.777477477477897,BINANCE
2025-09-02 13:45:47.589,110820.0,0.0004,16.216216216216214,BINANCE
2025-09-02 13:45:47.589,110824.66,0.0636,15.79639639639608,BINANCE
2025-09-02 13:45:47.589,110813.84,0.0018,16.771171171171485,BINANCE
2025-09-02 13:45:47.589,110813.82,0.0001,16.772972972972344,BINANCE
2025-09-02 13:45:47.589,110813.15,0.00044,16.833333333333858,BINANCE
2025-09-02 13:45:47.589,110813.03,5e-05,16.84414414414425,BINANCE
2025-09-02 13:45:47.589,110812.97,0.00678,16.849549549549444,BINANCE
2025-09-02 13:45:47.589,110812.85,0.00056,16.860360360359834,BINANCE
2025-09-02 13:45:47.589,110812.72,0.00041,16.87207207207197,BINANCE
2025-09-02 13:45:47.589,110813.89,0.00034,16.76666666666672,BINANCE
2025-09-02 13:45:47.589,110812.7,5e-05,16.873873873874135,BINANCE
2025-09-02 13:45:47.589,110812.5,0.00012,16.89189189189189,BINANCE
2025-09-02 13:45:47.589,110812.5,6e-05,16.89189189189189,BINANCE
2025-09-02 13:45:47.589,110812.5,8e-05,16.89189189189189,BINANCE
2025-09-02 13:45:47.589,110812.0,0.00015,16.936936936936938,BINANCE
2025-09-02 13:45:47.589,110812.0,0.0004,16.936936936936938,BINANCE
2025-09-02 13:45:47.589,110812.0,0.002,16.936936936936938,BINANCE
2025-09-02 13:45:47.589,110812.63,0.00146,16.88018018017976,BINANCE
2025-09-02 13:45:47.589,110811.99,0.00532,16.937837837837368,BINANCE
2025-09-02 13:45:47.589,110813.99,0.00013,16.757657657657184,BINANCE
2025-09-02 13:45:47.589,110814.4,6e-05,16.720720720721246,BINANCE
2025-09-02 13:45:47.589,110816.0,0.00015,16.576576576576574,BINANCE
2025-09-02 13:45:47.589,110816.0,0.0004,16.576576576576574,BINANCE
2025-09-02 13:45:47.589,110816.0,0.002,16.576576576576574,BINANCE
2025-09-02 13:45:47.589,110815.75,8e-05,16.5990990990991,BINANCE
2025-09-02 13:45:47.589,110815.57,8e-05,16.615315315314685,BINANCE
2025-09-02 13:45:47.589,110815.4,5e-05,16.630630630631156,BINANCE
2025-09-02 13:45:47.589,110814.33,0.00021,16.727027027026868,BINANCE
2025-09-02 13:45:47.589,110815.26,0.00029,16.643243243243717,BINANCE
2025-09-02 13:45:47.589,110815.02,0.00019,16.664864864864498,BINANCE
2025-09-02 13:45:47.589,110815.0,0.00458,16.666666666666668,BINANCE
2025-09-02 13:45:47.589,110814.99,0.00045,16.667567567567094,BINANCE
2025-09-02 13:45:47.589,110814.68,7e-05,16.695495495496125,BINANCE
2025-09-02 13:45:47.589,110814.58,5e-05,16.704504504504346,BINANCE
2025-09-02 13:45:47.589,110814.54,0.0018,16.708108108108686,BINANCE
2025-09-02 13:45:47.589,110814.44,0.00011,16.717117117116906,BINANCE
2025-09-02 13:45:47.589,110815.22,5e-05,16.646846846846742,BINANCE
2025-09-02 13:45:47.589,110816.05,0.00029,16.572072072071812,BINANCE
2025-09-02 13:45:47.589,110811.93,5e-05,16.943243243243874,BINANCE
2025-09-02 13:45:47.589,110811.84,7e-05,16.95135135135167,BINANCE
2025-09-02 13:45:47.589,110808.9,8e-05,17.21621621621674,BINANCE
2025-09-02 13:45:47.589,110808.79,7e-05,17.226126126126704,BINANCE
2025-09-02 13:45:47.589,110808.54,0.003,17.248648648649226,BINANCE
2025-09-02 13:45:47.589,110808.49,0.00018,17.25315315315268,BINANCE
2025-09-02 13:45:47.589,110808.36,8e-05,17.264864864864812,BINANCE
2025-09-02 13:45:47.589,110808.04,6e-05,17.29369369369427,BINANCE
2025-09-02 13:45:47.589,110808.01,5e-05,17.29639639639687,BINANCE
2025-09-02 13:45:47.589,110809.39,7e-05,17.172072072072126,BINANCE
2025-09-02 13:45:47.589,110808.0,5e-05,17.2972972972973,BINANCE
2025-09-02 13:45:47.589,110808.0,0.00015,17.2972972972973,BINANCE
2025-09-02 13:45:47.589,110808.0,0.0004,17.2972972972973,BINANCE
2025-09-02 13:45:47.589,110808.0,0.03161,17.2972972972973,BINANCE
2025-09-02 13:45:47.589,110811.9,5e-05,16.94594594594647,BINANCE
2025-09-02 13:45:47.589,110809.52,0.00104,17.16036036035999,BINANCE
2025-09-02 13:45:47.589,110809.68,0.00091,17.145945945946576,BINANCE
2025-09-02 13:45:47.589,110811.38,5e-05,16.992792792792372,BINANCE
2025-09-02 13:45:47.589,110811.11,0.00018,17.017117117117067,BINANCE
2025-09-02 13:45:47.589,110811.1,0.00119,17.018018018017493,BINANCE
2025-09-02 13:45:47.589,110810.99,0.00018,17.027927927927454,BINANCE
2025-09-02 13:45:47.589,110810.99,0.00013,17.027927927927454,BINANCE
2025-09-02 13:45:47.589,110810.94,0.00063,17.032432432432223,BINANCE
2025-09-02 13:45:47.589,110810.81,5e-05,17.044144144144354,BINANCE
2025-09-02 13:45:47.589,110809.6,0.00017,17.15315315315263,BINANCE
2025-09-02 13:45:47.589,110810.57,0.00101,17.065765765765136,BINANCE
2025-09-02 13:45:47.589,110810.21,0.00013,17.098198198197622,BINANCE
2025-09-02 13:45:47.589,110810.0,5e-05,17.117117117117118,BINANCE
2025-09-02 13:45:47.589,110809.91,5e-05,17.125225225224913,BINANCE
2025-09-02 13:45:47.589,110809.88,0.0018,17.12792792792751,BINANCE
2025-09-02 13:45:47.589,110809.74,0.00428,17.14054054054007,BINANCE
2025-09-02 13:45:47.589,110810.69,5e-05,17.054954954954745,BINANCE
2025-09-02 13:45:47.589,110816.51,0.00016,16.5306306306311,BINANCE
2025-09-02 13:45:47.589,110808.27,5e-05,17.272972972972607,BINANCE
2025-09-02 13:45:47.589,110816.89,0.0001,16.49639639639645,BINANCE
2025-09-02 13:45:47.589,110822.57,7e-05,15.984684684684057,BINANCE
2025-09-02 13:45:47.589,110822.34,0.001,16.00540540540572,BINANCE
2025-09-02 13:45:47.589,110822.33,0.001,16.006306306306147,BINANCE
2025-09-02 13:45:47.589,110821.94,0.00328,16.041441441441233,BINANCE
2025-09-02 13:45:47.589,110821.45,0.00038,16.085585585585847,BINANCE
2025-09-02 13:45:47.589,110821.27,0.00012,16.101801801801436,BINANCE
2025-09-02 13:45:47.589,110821.24,7e-05,16.104504504504032,BINANCE
2025-09-02 13:45:47.589,110822.74,5e-05,15.969369369368899,BINANCE
2025-09-02 13:45:47.589,110820.78,0.00085,16.14594594594605,BINANCE
2025-09-02 13:45:47.589,110820.59,0.0003,16.16306306306338,BINANCE
2025-09-02 13:45:47.589,110820.47,0.00302,16.173873873873767,BINANCE
2025-09-02 13:45:47.589,110820.37,6e-05,16.182882882883302,BINANCE
2025-09-02 13:45:47.589,110820.23,5e-05,16.195495495495862,BINANCE
2025-09-02 13:45:47.589,110820.15,6e-05,16.202702702703228,BINANCE
2025-09-02 13:45:47.589,110820.0,0.00015,16.216216216216214,BINANCE
2025-09-02 13:45:47.589,110820.59,6e-05,16.16306306306338,BINANCE
2025-09-02 13:45:47.589,110824.72,8e-05,15.790990990990887,BINANCE
2025-09-02 13:45:47.589,110822.77,5e-05,15.966666666666299,BINANCE
2025-09-02 13:45:47.589,110822.97,0.00194,15.948648648648543,BINANCE
2025-09-02 13:45:47.589,110824.6,0.053,15.801801801801277,BINANCE
2025-09-02 13:45:47.589,110824.4,5e-05,15.819819819820344,BINANCE
2025-09-02 13:45:47.589,110824.03,0.001,15.853153153153258,BINANCE
2025-09-02 13:45:47.589,110824.0,0.00015,15.855855855855856,BINANCE
2025-09-02 13:45:47.589,110824.0,0.0004,15.855855855855856,BINANCE
2025-09-02 13:45:47.589,110824.0,0.002,15.855855855855856,BINANCE
2025-09-02 13:45:47.589,110822.9,0.00014,15.954954954955479,BINANCE
2025-09-02 13:45:47.589,110823.85,5e-05,15.869369369368846,BINANCE
2025-09-02 13:45:47.589,110823.52,0.00013,15.899099099098732,BINANCE
2025-09-02 13:45:47.589,110823.52,0.00012,15.899099099098732,BINANCE
2025-09-02 13:45:47.589,110816.81,5e-05,16.503603603603814,BINANCE
2025-09-02 13:45:47.589,110823.52,5e-05,15.899099099098732,BINANCE
2025-09-02 13:45:47.589,110823.03,0.00152,15.943243243243348,BINANCE
2025-09-02 13:45:47.589,110823.0,9e-05,15.945945945945947,BINANCE
2025-09-02 13:45:47.589,110823.0,0.00013,15.945945945945947,BINANCE
2025-09-02 13:45:47.589,110823.63,7e-05,15.88918918918877,BINANCE
2025-09-02 13:45:47.589,110820.0,0.01805,16.216216216216214,BINANCE
2025-09-02 13:45:47.589,110821.45,7e-05,16.085585585585847,BINANCE
2025-09-02 13:45:47.589,110820.0,5e-05,16.216216216216214,BINANCE
2025-09-02 13:45:47.589,110818.18,6e-05,16.38018018018081,BINANCE
2025-09-02 13:45:47.589,110818.18,8e-05,16.38018018018081,BINANCE
2025-09-02 13:45:47.589,110818.07,9e-05,16.39009009008946,BINANCE
2025-09-02 13:45:47.589,110818.0,7e-05,16.396396396396398,BINANCE
2025-09-02 13:45:47.589,110817.99,0.00182,16.397297297296827,BINANCE
2025-09-02 13:45:47.589,110817.97,5e-05,16.399099099098994,BINANCE
2025-09-02 13:45:47.589,110817.94,0.00059,16.401801801801593,BINANCE
2025-09-02 13:45:47.589,110818.18,0.00075,16.38018018018081,BINANCE
2025-09-02 13:45:47.589,110817.67,5e-05,16.42612612612628,BINANCE
2025-09-02 13:45:47.589,110817.34,0.00059,16.45585585585617,BINANCE
2025-09-02 13:45:47.589,110820.0,0.002,16.216216216216214,BINANCE
2025-09-02 13:45:47.589,110817.25,9e-05,16.463963963963966,BINANCE
2025-09-02 13:45:47.589,110817.23,0.00074,16.465765765766132,BINANCE
2025-09-02 13:45:47.589,110817.12,5e-05,16.475675675676097,BINANCE
2025-09-02 13:45:47.589,110817.07,6e-05,16.480180180179552,BINANCE
2025-09-02 13:45:47.589,110816.89,0.00065,16.49639639639645,BINANCE
2025-09-02 13:45:47.589,110817.38,0.00017,16.45225225225183,BINANCE
2025-09-02 13:45:47.589,110818.18,7e-05,16.38018018018081,BINANCE
2025-09-02 13:45:47.589,110817.32,5e-05,16.457657657657027,BINANCE
2025-09-02 13:45:47.589,110818.18,0.00255,16.38018018018081,BINANCE
2025-09-02 13:45:47.589,110819.96,0.0123,16.219819819819243,BINANCE
2025-09-02 13:45:47.589,110819.92,0.00061,16.223423423423583,BINANCE
2025-09-02 13:45:47.589,110819.78,0.00013,16.23603603603614,BINANCE
2025-09-02 13:45:47.589,110819.71,0.00103,16.242342342341765,BINANCE
2025-09-02 13:45:47.589,110819.7,0.00164,16.243243243243505,BINANCE
2025-09-02 13:45:47.589,110819.7,0.00695,16.243243243243505,BINANCE
2025-09-02 13:45:47.589,110819.01,0.00022,16.305405405405878,BINANCE
2025-09-02 13:45:47.589,110818.83,0.00082,16.321621621621464,BINANCE
2025-09-02 13:45:47.589,110818.94,7e-05,16.311711711711503,BINANCE
2025-09-02 13:45:47.589,110818.81,0.00542,16.323423423423634,BINANCE
2025-09-02 13:45:47.589,110818.18,0.00098,16.38018018018081,BINANCE
2025-09-02 13:45:47.589,110818.8,7e-05,16.32432432432406,BINANCE
2025-09-02 13:45:47.589,110818.44,5e-05,16.356756756756546,BINANCE
2025-09-02 13:45:47.589,110818.39,0.00056,16.361261261261312,BINANCE
2025-09-02 13:45:47.589,110818.34,0.0001,16.36576576576608,BINANCE
2025-09-02 13:45:47.589,110818.3,0.0007,16.369369369369107,BINANCE
2025-09-02 13:45:47.589,110818.83,6e-05,16.321621621621464,BINANCE
2025-09-02 13:45:47.594,110833.99,0.00903,14.955855855855384,BINANCE
2025-09-02 13:45:47.599,110833.99,5e-05,14.955855855855384,BINANCE
2025-09-02 13:45:47.605,110833.99,0.00082,14.955855855855384,BINANCE
2025-09-02 13:45:47.606,110833.98,0.74289,14.956756756757123,BINANCE
2025-09-02 13:45:47.606,110833.99,0.0082,14.955855855855384,BINANCE
2025-09-02 13:45:47.608,110833.99,0.00903,14.955855855855384,BINANCE
2025-09-02 13:45:47.608,110833.99,0.00902,14.955855855855384,BINANCE
2025-09-02 13:45:47.610,110833.99,0.01327,14.955855855855384,BINANCE
2025-09-02 13:45:47.610,110833.99,0.0268,14.955855855855384,BINANCE
2025-09-02 13:45:47.610,110833.99,0.01993,14.955855855855384,BINANCE
2025-09-02 13:45:47.610,110833.99,0.00777,14.955855855855384,BINANCE
2025-09-02 13:45:47.613,110833.99,0.006,14.955855855855384,BINANCE
2025-09-02 13:45:47.614,110833.99,0.01544,14.955855855855384,BINANCE
2025-09-02 13:45:47.619,110833.98,0.0512,14.956756756757123,BINANCE
2025-09-02 13:45:47.619,110833.98,5e-05,14.956756756757123,BINANCE
2025-09-02 13:45:47.619,110833.98,0.4291,14.956756756757123,BINANCE
2025-09-02 13:45:47.619,110833.98,1.09456,14.956756756757123,BINANCE
2025-09-02 13:45:47.619,110833.98,0.45169,14.956756756757123,BINANCE
2025-09-02 13:45:47.629,110833.98,0.00046,14.956756756757123,BINANCE
2025-09-02 13:45:47.633,110833.99,0.006,14.955855855855384,BINANCE
2025-09-02 13:45:47.642,110833.99,0.026,14.955855855855384,BINANCE
2025-09-02 13:45:47.643,110833.99,0.00023,14.955855855855384,BINANCE
2025-09-02 13:45:47.644,110833.99,0.001,14.955855855855384,BINANCE
2025-09-02 13:45:47.647,110833.98,0.0003,14.956756756757123,BINANCE
2025-09-02 13:45:47.648,110833.98,0.00053,14.956756756757123,BINANCE
2025-09-02 13:45:47.648,110833.98,0.0013,14.956756756757123,BINANCE
2025-09-02 13:45:47.655,110833.98,0.00082,14.956756756757123,BINANCE
2025-09-02 13:45:47.667,110833.98,0.00342,14.956756756757123,BINANCE
2025-09-02 13:45:47.707,110833.98,5e-05,14.956756756757123,BINANCE
2025-09-02 13:45:47.707,110833.98,0.0001,14.956756756757123,BINANCE
2025-09-02 13:45:47.707,110833.98,0.03575,14.956756756757123,BINANCE
2025-09-02 13:45:47.707,110833.98,0.01,14.956756756757123,BINANCE
2025-09-02 13:45:47.708,110833.99,0.00035,14.955855855855384,BINANCE
2025-09-02 13:45:47.733,110833.99,0.00902,14.955855855855384,BINANCE
2025-09-02 13:45:47.771,110833.98,0.00053,14.956756756757123,BINANCE
2025-09-02 13:45:47.773,110833.99,0.001,14.955855855855384,BINANCE
2025-09-02 13:45:47.784,110833.98,0.0009,14.956756756757123,BINANCE
2025-09-02 13:45:47.785,110833.98,0.0009,14.956756756757123,BINANCE
2025-09-02 13:45:47.816,110833.98,0.00017,14.956756756757123,BINANCE
2025-09-02 13:45:47.817,110833.98,0.0542,14.956756756757123,BINANCE
2025-09-02 13:45:47.817,110833.98,0.05286,14.956756756757123,BINANCE
2025-09-02 13:45:47.817,110833.98,0.00543,14.956756756757123,BINANCE
2025-09-02 13:45:47.826,110833.98,0.00137,14.956756756757123,BINANCE
2025-09-02 13:45:47.826,110833.98,0.03424,14.956756756757123,BINANCE
2025-09-02 13:45:47.828,110833.98,0.01999,14.956756756757123,BINANCE
2025-09-02 13:45:47.828,110833.98,0.05423,14.956756756757123,BINANCE
2025-09-02 13:45:47.828,110833.98,5e-05,14.956756756757123,BINANCE
2025-09-02 13:45:47.828,110833.98,0.08614,14.956756756757123,BINANCE
2025-09-02 13:45:47.841,110833.98,0.0086,14.956756756757123,BINANCE
2025-09-02 13:45:47.854,110833.98,0.04657,14.956756756757123,BINANCE
2025-09-02 13:45:47.857,110833.98,0.00108,14.956756756757123,BINANCE
2025-09-02 13:45:47.890,110833.98,5e-05,14.956756756757123,BINANCE
2025-09-02 13:45:47.890,110833.98,0.01,14.956756756757123,BINANCE
2025-09-02 13:45:47.890,110833.98,0.02545,14.956756756757123,BINANCE
2025-09-02 13:45:47.890,110833.98,0.0001,14.956756756757123,BINANCE
2025-09-02 13:45:47.890,110833.98,0.00985,14.956756756757123,BINANCE
2025-09-02 13:45:47.927,110833.98,0.00295,14.956756756757123,BINANCE
2025-09-02 13:45:47.930,110833.99,0.18351,14.955855855855384,BINANCE
2025-09-02 13:45:47.941,110833.99,0.01941,14.955855855855384,BINANCE
2025-09-02 13:45:47.951,110833.98,0.11139,14.956756756757123,BINANCE
2025-09-02 13:45:47.951,110833.98,0.01583,14.956756756757123,BINANCE
2025-09-02 13:45:47.963,110833.98,0.00066,14.956756756757123,BINANCE
2025-09-02 13:45:47.977,110833.98,0.00025,14.956756756757123,BINANCE
2025-09-02 13:45:48.033,110833.99,0.00046,14.955855855855384,BINANCE
2025-09-02 13:45:48.034,110834.14,5e-05,14.942342342342394,BINANCE
2025-09-02 13:45:48.034,110834.08,7e-05,14.94774774774759,BINANCE
2025-09-02 13:45:48.034,110834.09,7e-05,14.94684684684716,BINANCE
2025-09-02 13:45:48.034,110834.13,5e-05,14.943243243242822,BINANCE
2025-09-02 13:45:48.034,110834.4,0.00056,14.918918918919443,BINANCE
2025-09-02 13:45:48.034,110834.83,5e-05,14.880180180180023,BINANCE
2025-09-02 13:45:48.034,110834.48,8e-05,14.91171171171208,BINANCE
2025-09-02 13:45:48.034,110834.48,0.00018,14.91171171171208,BINANCE
2025-09-02 13:45:48.034,110834.48,7e-05,14.91171171171208,BINANCE
2025-09-02 13:45:48.034,110834.67,5e-05,14.894594594594754,BINANCE
2025-09-02 13:45:48.034,110834.68,5e-05,14.893693693694324,BINANCE
2025-09-02 13:45:48.034,110834.77,5e-05,14.885585585585218,BINANCE
2025-09-02 13:45:48.034,110834.01,5e-05,14.954054054054527,BINANCE
2025-09-02 13:45:48.034,110834.0,5e-05,14.954954954954955,BINANCE
2025-09-02 13:45:48.034,110833.99,5e-05,14.955855855855384,BINANCE
2025-09-02 13:45:48.034,110833.99,0.00039,14.955855855855384,BINANCE
2025-09-02 13:45:48.034,110833.99,0.00069,14.955855855855384,BINANCE
2025-09-02 13:45:48.034,110833.99,0.02948,14.955855855855384,BINANCE
2025-09-02 13:45:48.034,110833.99,0.00419,14.955855855855384,BINANCE
2025-09-02 13:45:48.034,110833.99,0.20863,14.955855855855384,BINANCE
2025-09-02 13:45:48.034,110833.99,0.00021,14.955855855855384,BINANCE
2025-09-02 13:45:48.038,110834.76,0.01017,14.886486486486959,BINANCE
2025-09-02 13:45:48.040,110835.0,5e-05,14.864864864864865,BINANCE
2025-09-02 13:45:48.044,110835.0,5e-05,14.864864864864865,BINANCE
2025-09-02 13:45:48.044,110835.0,0.00096,14.864864864864865,BINANCE
2025-09-02 13:45:48.044,110835.0,0.005,14.864864864864865,BINANCE
2025-09-02 13:45:48.055,110834.99,5e-05,14.865765765765294,BINANCE
2025-09-02 13:45:48.055,110835.0,0.01017,14.864864864864865,BINANCE
2025-09-02 13:45:48.055,110835.0,0.00883,14.864864864864865,BINANCE
2025-09-02 13:45:48.057,110835.0,0.00712,14.864864864864865,BINANCE
2025-09-02 13:45:48.057,110835.0,5e-05,14.864864864864865,BINANCE
2025-09-02 13:45:48.057,110835.0,0.01183,14.864864864864865,BINANCE
2025-09-02 13:45:48.069,110835.0,5e-05,14.864864864864865,BINANCE
2025-09-02 13:45:48.117,110834.99,0.01106,14.865765765765294,BINANCE
2025-09-02 13:45:48.125,110834.99,0.014,14.865765765765294,BINANCE
2025-09-02 13:45:48.145,110835.0,5e-05,14.864864864864865,BINANCE
2025-09-02 13:45:48.145,110835.0,0.00594,14.864864864864865,BINANCE
2025-09-02 13:45:48.185,110835.0,0.001,14.864864864864865,BINANCE
2025-09-02 13:45:48.202,110835.0,0.00013,14.864864864864865,BINANCE
2025-09-02 13:45:48.254,110835.0,0.00193,14.864864864864865,BINANCE
2025-09-02 13:45:48.264,110835.0,0.019,14.864864864864865,BINANCE
2025-09-02 13:45:48.267,110834.99,0.00103,14.865765765765294,BINANCE
2025-09-02 13:45:48.278,110834.99,0.00225,14.865765765765294,BINANCE
2025-09-02 13:45:48.350,110834.99,0.0001,14.865765765765294,BINANCE
2025-09-02 13:45:48.357,110834.99,0.00053,14.865765765765294,BINANCE
2025-09-02 13:45:48.364,110835.02,5e-05,14.863063063062695,BINANCE
2025-09-02 13:45:48.364,110835.09,9e-05,14.856756756757072,BINANCE
2025-09-02 13:45:48.364,110835.09,0.00054,14.856756756757072,BINANCE
2025-09-02 13:45:48.364,110835.11,9e-05,14.854954954954902,BINANCE
2025-09-02 13:45:48.364,110835.26,0.00016,14.841441441441914,BINANCE
2025-09-02 13:45:48.364,110835.3,7e-05,14.837837837837576,BINANCE
2025-09-02 13:45:48.364,110835.39,5e-05,14.829729729729781,BINANCE
2025-09-02 13:45:48.364,110835.76,0.00323,14.796396396396867,BINANCE
2025-09-02 13:45:48.364,110836.0,0.00045,14.774774774774775,BINANCE
2025-09-02 13:45:48.364,110836.0,0.002,14.774774774774775,BINANCE
2025-09-02 13:45:48.364,110836.0,0.0004,14.774774774774775,BINANCE
2025-09-02 13:45:48.364,110836.0,0.00015,14.774774774774775,BINANCE
2025-09-02 13:45:48.364,110836.19,6e-05,14.757657657657449,BINANCE
2025-09-02 13:45:48.364,110836.47,5e-05,14.732432432432327,BINANCE
2025-09-02 13:45:48.364,110835.76,0.00079,14.796396396396867,BINANCE
2025-09-02 13:45:48.364,110835.01,0.0001,14.863963963964435,BINANCE
2025-09-02 13:45:48.364,110835.01,5e-05,14.863963963964435,BINANCE
2025-09-02 13:45:48.364,110835.0,5e-05,14.864864864864865,BINANCE
2025-09-02 13:45:48.364,110835.0,0.05024,14.864864864864865,BINANCE
2025-09-02 13:45:48.364,110835.0,0.0001,14.864864864864865,BINANCE
2025-09-02 13:45:48.364,110835.0,0.03006,14.864864864864865,BINANCE
2025-09-02 13:45:48.374,110836.48,0.026,14.731531531531898,BINANCE
2025-09-02 13:45:48.382,110836.48,0.019,14.731531531531898,BINANCE
2025-09-02 13:45:48.383,110836.48,0.018,14.731531531531898,BINANCE
2025-09-02 13:45:48.384,110836.48,0.016,14.731531531531898,BINANCE
2025-09-02 13:45:48.385,110836.48,0.019,14.731531531531898,BINANCE
2025-09-02 13:45:48.392,110836.48,0.018,14.731531531531898,BINANCE
2025-09-02 13:45:48.397,110836.71,7e-05,14.710810810810234,BINANCE
2025-09-02 13:45:48.397,110836.49,5e-05,14.73063063063016,BINANCE
2025-09-02 13:45:48.397,110836.48,0.002,14.731531531531898,BINANCE
2025-09-02 13:45:48.397,110836.48,5e-05,14.731531531531898,BINANCE
2025-09-02 13:45:48.397,110836.48,6e-05,14.731531531531898,BINANCE
2025-09-02 13:45:48.397,110836.48,0.09581,14.731531531531898,BINANCE
2025-09-02 13:45:48.404,110837.69,0.00051,14.622522522522313,BINANCE
2025-09-02 13:45:48.404,110837.96,5e-05,14.598198198197622,BINANCE
2025-09-02 13:45:48.404,110838.03,5e-05,14.591891891891997,BINANCE
2025-09-02 13:45:48.404,110838.6,0.00017,14.540540540540016,BINANCE
2025-09-02 13:45:48.404,110838.72,5e-05,14.529729729729624,BINANCE
2025-09-02 13:45:48.404,110838.95,0.00501,14.509009009009272,BINANCE
2025-09-02 13:45:48.404,110838.95,5e-05,14.509009009009272,BINANCE
2025-09-02 13:45:48.404,110839.45,5e-05,14.463963963964225,BINANCE
2025-09-02 13:45:48.404,110839.0,5e-05,14.504504504504505,BINANCE
2025-09-02 13:45:48.404,110839.12,0.00049,14.493693693694114,BINANCE
2025-09-02 13:45:48.404,110839.47,9e-05,14.462162162162057,BINANCE
2025-09-02 13:45:48.404,110839.66,7e-05,14.445045045044731,BINANCE
2025-09-02 13:45:48.404,110839.69,6e-05,14.442342342342132,BINANCE
2025-09-02 13:45:48.404,110839.69,4e-05,14.442342342342132,BINANCE
2025-09-02 13:45:48.404,110837.64,0.0001,14.62702702702708,BINANCE
2025-09-02 13:45:48.404,110838.99,5e-05,14.505405405404934,BINANCE
2025-09-02 13:45:48.404,110837.56,0.00306,14.634234234234444,BINANCE
2025-09-02 13:45:48.404,110837.22,0.00012,14.66486486486476,BINANCE
2025-09-02 13:45:48.404,110837.5,5e-05,14.63963963963964,BINANCE
2025-09-02 13:45:48.404,110837.55,0.00115,14.635135135134872,BINANCE
2025-09-02 13:45:48.404,110837.04,8e-05,14.681081081081658,BINANCE
2025-09-02 13:45:48.404,110837.04,5e-05,14.681081081081658,BINANCE
2025-09-02 13:45:48.404,110837.05,5e-05,14.680180180179917,BINANCE
2025-09-02 13:45:48.404,110837.16,5e-05,14.670270270269956,BINANCE
2025-09-02 13:45:48.404,110837.22,7e-05,14.66486486486476,BINANCE
2025-09-02 13:45:48.404,110837.44,0.0001,14.645045045044835,BINANCE
2025-09-02 13:45:48.404,110837.44,5e-05,14.645045045044835,BINANCE
2025-09-02 13:45:48.417,110840.0,0.0004,14.414414414414415,BINANCE
2025-09-02 13:45:48.417,110840.0,5e-05,14.414414414414415,BINANCE
2025-09-02 13:45:48.417,110840.0,0.00335,14.414414414414415,BINANCE
2025-09-02 13:45:48.417,110840.0,0.00026,14.414414414414415,BINANCE
2025-09-02 13:45:48.417,110840.0,0.002,14.414414414414415,BINANCE
2025-09-02 13:45:48.417,110840.0,0.01804,14.414414414414415,BINANCE
2025-09-02 13:45:48.417,110840.0,0.00015,14.414414414414415,BINANCE
2025-09-02 13:45:48.417,110840.67,7e-05,14.354054054054211,BINANCE
2025-09-02 13:45:48.417,110840.08,5e-05,14.407207207207051,BINANCE
2025-09-02 13:45:48.417,110840.11,0.0062,14.404504504504452,BINANCE
2025-09-02 13:45:48.417,110840.14,9e-05,14.401801801801854,BINANCE
2025-09-02 13:45:48.417,110840.31,7e-05,14.386486486486696,BINANCE
2025-09-02 13:45:48.417,110840.36,7e-05,14.38198198198193,BINANCE
2025-09-02 13:45:48.417,110840.67,6e-05,14.354054054054211,BINANCE
2025-09-02 13:45:48.417,110838.96,5e-05,14.50810810810753,BINANCE
2025-09-02 13:45:48.417,110840.9,7e-05,14.333333333333858,BINANCE
2025-09-02 13:45:48.417,110841.02,7e-05,14.322522522522156,BINANCE
2025-09-02 13:45:48.417,110838.95,5e-05,14.509009009009272,BINANCE
2025-09-02 13:45:48.461,110841.11,5e-05,14.314414414414362,BINANCE
2025-09-02 13:45:48.461,110841.36,0.00066,14.29189189189184,BINANCE
2025-09-02 13:45:48.461,110841.28,7e-05,14.299099099099205,BINANCE
2025-09-02 13:45:48.461,110841.23,0.00011,14.30360360360397,BINANCE
2025-09-02 13:45:48.461,110841.21,0.002,14.30540540540483,BINANCE
2025-09-02 13:45:48.461,110841.2,0.00019,14.306306306306569,BINANCE
2025-09-02 13:45:48.461,110841.1,5e-05,14.315315315314791,BINANCE
2025-09-02 13:45:48.461,110841.1,0.0005,14.315315315314791,BINANCE
2025-09-02 13:45:48.465,110842.71,7e-05,14.170270270269693,BINANCE
2025-09-02 13:45:48.465,110842.71,0.00017,14.170270270269693,BINANCE
2025-09-02 13:45:48.465,110842.71,0.00178,14.170270270269693,BINANCE
2025-09-02 13:45:48.465,110842.71,8e-05,14.170270270269693,BINANCE
2025-09-02 13:45:48.465,110843.56,5e-05,14.093693693693902,BINANCE
2025-09-02 13:45:48.465,110843.21,0.00017,14.125225225224648,BINANCE
2025-09-02 13:45:48.465,110843.51,7e-05,14.09819819819867,BINANCE
2025-09-02 13:45:48.465,110843.84,0.00018,14.068468468468783,BINANCE
2025-09-02 13:45:48.465,110843.84,9e-05,14.068468468468783,BINANCE
2025-09-02 13:45:48.465,110842.85,0.0002,14.157657657657133,BINANCE
2025-09-02 13:45:48.465,110842.71,0.00027,14.170270270269693,BINANCE
2025-09-02 13:45:48.465,110842.44,5e-05,14.194594594594385,BINANCE
2025-09-02 13:45:48.465,110842.28,5e-05,14.209009009009115,BINANCE
2025-09-02 13:45:48.465,110842.29,5e-05,14.208108108108686,BINANCE
2025-09-02 13:45:48.465,110842.43,0.00064,14.195495495496123,BINANCE
2025-09-02 13:45:48.469,110843.99,0.01192,14.054954954954484,BINANCE
2025-09-02 13:45:48.469,110843.99,0.05837,14.054954954954484,BINANCE
2025-09-02 13:45:48.480,110843.99,0.00053,14.054954954954484,BINANCE
2025-09-02 13:45:48.506,110844.29,5e-05,14.027927927928504,BINANCE
2025-09-02 13:45:48.506,110844.11,0.00018,14.044144144144092,BINANCE
2025-09-02 13:45:48.506,110844.07,0.00071,14.047747747747117,BINANCE
2025-09-02 13:45:48.506,110844.01,5e-05,14.053153153153625,BINANCE
2025-09-02 13:45:48.506,110844.0,0.002,14.054054054054054,BINANCE
2025-09-02 13:45:48.506,110844.0,5e-05,14.054054054054054,BINANCE
2025-09-02 13:45:48.506,110844.0,0.00015,14.054054054054054,BINANCE
2025-09-02 13:45:48.506,110844.0,0.0004,14.054054054054054,BINANCE
2025-09-02 13:45:48.506,110844.0,0.00451,14.054054054054054,BINANCE
2025-09-02 13:45:48.527,110844.29,0.00139,14.027927927928504,BINANCE
2025-09-02 13:45:48.573,110844.29,0.00219,14.027927927928504,BINANCE
2025-09-02 13:45:48.573,110844.29,0.00232,14.027927927928504,BINANCE
2025-09-02 13:45:48.574,110844.29,0.00859,14.027927927928504,BINANCE
2025-09-02 13:45:48.583,110844.29,0.00172,14.027927927928504,BINANCE
2025-09-02 13:45:48.588,110844.29,0.00053,14.027927927928504,BINANCE
2025-09-02 13:45:48.592,110844.29,0.00354,14.027927927928504,BINANCE
2025-09-02 13:45:48.592,110844.29,0.01943,14.027927927928504,BINANCE
2025-09-02 13:45:48.675,110846.14,5e-05,13.861261261261314,BINANCE
2025-09-02 13:45:48.675,110845.49,5e-05,13.919819819819349,BINANCE
2025-09-02 13:45:48.675,110845.35,0.0001,13.932432432431908,BINANCE
2025-09-02 13:45:48.675,110844.84,5e-05,13.978378378378693,BINANCE
2025-09-02 13:45:48.675,110844.79,8e-05,13.98288288288346,BINANCE
2025-09-02 13:45:48.675,110844.77,0.0005,13.984684684684318,BINANCE
2025-09-02 13:45:48.675,110844.74,9e-05,13.987387387386915,BINANCE
2025-09-02 13:45:48.675,110844.64,0.003,13.996396396396449,BINANCE
2025-09-02 13:45:48.675,110844.42,5e-05,14.016216216216375,BINANCE
2025-09-02 13:45:48.675,110844.31,5e-05,14.026126126126336,BINANCE
2025-09-02 13:45:48.675,110844.3,0.0001,14.027027027026765,BINANCE
2025-09-02 13:45:48.675,110844.3,5e-05,14.027027027026765,BINANCE
2025-09-02 13:45:48.675,110844.3,3e-05,14.027027027026765,BINANCE
2025-09-02 13:45:48.675,110844.3,2e-05,14.027027027026765,BINANCE
2025-09-02 13:45:48.675,110844.3,0.002,14.027027027026765,BINANCE
2025-09-02 13:45:48.718,110848.26,0.00027,13.670270270270741,BINANCE
2025-09-02 13:45:48.718,110849.7,5e-05,13.540540540540803,BINANCE
2025-09-02 13:45:48.718,110849.71,4e-05,13.539639639639063,BINANCE
2025-09-02 13:45:48.718,110849.67,5e-05,13.543243243243401,BINANCE
2025-09-02 13:45:48.718,110849.31,0.00016,13.575675675675885,BINANCE
2025-09-02 13:45:48.718,110849.23,0.00338,13.58288288288325,BINANCE
2025-09-02 13:45:48.718,110849.05,0.00054,13.599099099098837,BINANCE
2025-09-02 13:45:48.718,110848.58,8e-05,13.641441441441284,BINANCE
2025-09-02 13:45:48.718,110848.12,5e-05,13.682882882883304,BINANCE
2025-09-02 13:45:48.718,110847.95,5e-05,13.698198198198462,BINANCE
2025-09-02 13:45:48.718,110848.0,0.0004,13.693693693693694,BINANCE
2025-09-02 13:45:48.718,110848.0,0.002,13.693693693693694,BINANCE
2025-09-02 13:45:48.718,110848.0,8e-05,13.693693693693694,BINANCE
2025-09-02 13:45:48.718,110849.71,0.00011,13.539639639639063,BINANCE
2025-09-02 13:45:48.718,110847.45,0.00015,13.743243243243505,BINANCE
2025-09-02 13:45:48.718,110847.24,0.00155,13.76216216216169,BINANCE
2025-09-02 13:45:48.718,110847.14,0.001,13.771171171171224,BINANCE
2025-09-02 13:45:48.718,110847.05,0.00056,13.779279279279018,BINANCE
2025-09-02 13:45:48.718,110846.94,5e-05,13.78918918918898,BINANCE
2025-09-02 13:45:48.718,110848.0,0.00015,13.693693693693694,BINANCE
2025-09-02 13:45:48.718,110849.71,7e-05,13.539639639639063,BINANCE
2025-09-02 13:45:48.718,110849.71,5e-05,13.539639639639063,BINANCE
2025-09-02 13:45:48.718,110846.94,0.00047,13.78918918918898,BINANCE
2025-09-02 13:45:48.718,110849.71,0.00019,13.539639639639063,BINANCE
2025-09-02 13:45:48.718,110849.71,6e-05,13.539639639639063,BINANCE
2025-09-02 13:45:48.718,110849.71,0.0007,13.539639639639063,BINANCE
2025-09-02 13:45:48.718,110849.71,0.00118,13.539639639639063,BINANCE
2025-09-02 13:45:48.718,110849.71,0.00079,13.539639639639063,BINANCE
2025-09-02 13:45:48.718,110849.71,0.00039,13.539639639639063,BINANCE
2025-09-02 13:45:48.718,110849.71,9e-05,13.539639639639063,BINANCE
2025-09-02 13:45:48.718,110849.71,0.0004,13.539639639639063,BINANCE
2025-09-02 13:45:48.718,110849.71,0.00014,13.539639639639063,BINANCE
2025-09-02 13:45:48.718,110849.71,0.01979,13.539639639639063,BINANCE
2025-09-02 13:45:48.718,110846.81,6e-05,13.80090090090111,BINANCE
2025-09-02 13:45:48.718,110846.66,5e-05,13.8144144144141,BINANCE
2025-09-02 13:45:48.718,110846.15,7e-05,13.860360360360884,BINANCE
2025-09-02 13:45:48.718,110846.15,0.00053,13.860360360360884,BINANCE
2025-09-02 13:45:48.718,110846.15,5e-05,13.860360360360884,BINANCE
2025-09-02 13:45:48.718,110846.15,0.07692,13.860360360360884,BINANCE
2025-09-02 13:45:48.718,110846.15,6e-05,13.860360360360884,BINANCE
2025-09-02 13:45:48.718,110846.15,0.00011,13.860360360360884,BINANCE
2025-09-02 13:45:48.718,110846.15,0.00018,13.860360360360884,BINANCE
2025-09-02 13:45:48.718,110846.15,8e-05,13.860360360360884,BINANCE
2025-09-02 13:45:48.718,110846.15,0.07244,13.860360360360884,BINANCE
2025-09-02 13:45:48.718,110846.15,0.00025,13.860360360360884,BINANCE
2025-09-02 13:45:48.718,110846.67,0.00015,13.813513513513671,BINANCE
2025-09-02 13:45:48.718,110846.15,0.0003,13.860360360360884,BINANCE
2025-09-02 13:45:48.718,110846.15,0.00029,13.860360360360884,BINANCE
2025-09-02 13:45:48.718,110846.56,6e-05,13.823423423423634,BINANCE
2025-09-02 13:45:48.718,110846.37,5e-05,13.84054054054096,BINANCE
2025-09-02 13:45:48.718,110846.31,5e-05,13.845945945946156,BINANCE
2025-09-02 13:45:48.718,110846.31,6e-05,13.845945945946156,BINANCE
2025-09-02 13:45:48.718,110846.16,5e-05,13.859459459459144,BINANCE
2025-09-02 13:45:48.719,110849.71,7e-05,13.539639639639063,BINANCE
2025-09-02 13:45:48.719,110849.71,5e-05,13.539639639639063,BINANCE
2025-09-02 13:45:48.719,110849.71,0.00156,13.539639639639063,BINANCE
2025-09-02 13:45:48.719,110849.71,0.00011,13.539639639639063,BINANCE
2025-09-02 13:45:48.719,110849.71,0.00047,13.539639639639063,BINANCE
2025-09-02 13:45:48.719,110849.71,6e-05,13.539639639639063,BINANCE
2025-09-02 13:45:48.719,110849.71,0.0001,13.539639639639063,BINANCE
2025-09-02 13:45:48.719,110849.71,8e-05,13.539639639639063,BINANCE
2025-09-02 13:45:48.719,110849.71,0.00019,13.539639639639063,BINANCE
2025-09-02 13:45:48.719,110849.71,0.00128,13.539639639639063,BINANCE
2025-09-02 13:45:48.719,110849.71,0.00118,13.539639639639063,BINANCE
2025-09-02 13:45:48.719,110850.0,6e-05,13.513513513513514,BINANCE
2025-09-02 13:45:48.719,110849.71,0.00039,13.539639639639063,BINANCE
2025-09-02 13:45:48.719,110850.0,5e-05,13.513513513513514,BINANCE
2025-09-02 13:45:48.719,110849.71,0.00015,13.539639639639063,BINANCE
2025-09-02 13:45:48.719,110850.0,0.00451,13.513513513513514,BINANCE
2025-09-02 13:45:48.719,110849.99,5e-05,13.514414414413942,BINANCE
2025-09-02 13:45:48.719,110850.0,8e-05,13.513513513513514,BINANCE
2025-09-02 13:45:48.719,110850.0,0.01849,13.513513513513514,BINANCE
2025-09-02 13:45:48.719,110850.0,0.0009,13.513513513513514,BINANCE
2025-09-02 13:45:48.719,110850.0,0.01941,13.513513513513514,BINANCE
2025-09-02 13:45:48.719,110850.0,0.00538,13.513513513513514,BINANCE
2025-09-02 13:45:48.719,110849.98,0.00105,13.515315315315684,BINANCE
2025-09-02 13:45:48.719,110849.71,0.00013,13.539639639639063,BINANCE
2025-09-02 13:45:48.719,110849.71,9e-05,13.539639639639063,BINANCE
2025-09-02 13:45:48.719,110849.71,0.0002,13.539639639639063,BINANCE
2025-09-02 13:45:48.719,110849.71,0.00389,13.539639639639063,BINANCE
2025-09-02 13:45:48.719,110849.84,5e-05,13.527927927928243,BINANCE
2025-09-02 13:45:48.719,110849.89,5e-05,13.523423423423475,BINANCE
2025-09-02 13:45:48.719,110849.71,0.00525,13.539639639639063,BINANCE
2025-09-02 13:45:48.719,110849.71,0.00263,13.539639639639063,BINANCE
2025-09-02 13:45:48.719,110849.71,0.00395,13.539639639639063,BINANCE
2025-09-02 13:45:48.719,110849.71,0.00023,13.539639639639063,BINANCE
2025-09-02 13:45:48.719,110849.71,0.00017,13.539639639639063,BINANCE
2025-09-02 13:45:48.719,110849.71,1e-05,13.539639639639063,BINANCE
2025-09-02 13:45:48.719,110849.71,0.00078,13.539639639639063,BINANCE
2025-09-02 13:45:48.719,110849.71,0.00068,13.539639639639063,BINANCE
2025-09-02 13:45:48.719,110849.71,0.00012,13.539639639639063,BINANCE
2025-09-02 13:45:48.719,110849.71,0.00064,13.539639639639063,BINANCE
2025-09-02 13:45:48.719,110849.71,0.00014,13.539639639639063,BINANCE
2025-09-02 13:45:48.719,110849.71,0.00065,13.539639639639063,BINANCE
2025-09-02 13:45:48.719,110849.71,0.00984,13.539639639639063,BINANCE
2025-09-02 13:45:48.723,110850.0,0.02111,13.513513513513514,BINANCE
2025-09-02 13:45:48.723,110850.0,0.00829,13.513513513513514,BINANCE
2025-09-02 13:45:48.724,110854.12,7e-05,13.142342342342761,BINANCE
2025-09-02 13:45:48.724,110852.0,0.0004,13.333333333333332,BINANCE
2025-09-02 13:45:48.724,110852.0,0.00015,13.333333333333332,BINANCE
2025-09-02 13:45:48.724,110852.05,5e-05,13.328828828828568,BINANCE
2025-09-02 13:45:48.724,110852.28,0.00167,13.308108108108213,BINANCE
2025-09-02 13:45:48.724,110852.37,7e-05,13.300000000000418,BINANCE
2025-09-02 13:45:48.724,110852.74,0.00287,13.266666666666195,BINANCE
2025-09-02 13:45:48.724,110853.27,0.00026,13.218918918918552,BINANCE
2025-09-02 13:45:48.724,110853.41,5e-05,13.206306306305992,BINANCE
2025-09-02 13:45:48.724,110853.87,5e-05,13.164864864865285,BINANCE
2025-09-02 13:45:48.724,110853.88,0.00022,13.163963963963544,BINANCE
2025-09-02 13:45:48.724,110853.33,8e-05,13.213513513513355,BINANCE
2025-09-02 13:45:48.724,110852.0,0.002,13.333333333333332,BINANCE
2025-09-02 13:45:48.724,110853.23,0.00094,13.22252252252289,BINANCE
2025-09-02 13:45:48.724,110851.85,0.00015,13.346846846846322,BINANCE
2025-09-02 13:45:48.724,110850.0,0.03602,13.513513513513514,BINANCE
2025-09-02 13:45:48.724,110850.0,0.00144,13.513513513513514,BINANCE
2025-09-02 13:45:48.724,110850.0,0.25,13.513513513513514,BINANCE
2025-09-02 13:45:48.724,110850.35,0.00018,13.481981981981457,BINANCE
2025-09-02 13:45:48.724,110850.48,9e-05,13.470270270270637,BINANCE
2025-09-02 13:45:48.724,110850.72,0.00022,13.448648648648543,BINANCE
2025-09-02 13:45:48.724,110850.9,5e-05,13.432432432432957,BINANCE
2025-09-02 13:45:48.724,110850.18,5e-05,13.497297297297926,BINANCE
2025-09-02 13:45:48.724,110851.03,0.00015,13.420720720720826,BINANCE
2025-09-02 13:45:48.724,110851.0,0.00013,13.423423423423422,BINANCE
2025-09-02 13:45:48.724,110851.71,0.00116,13.359459459458883,BINANCE
2025-09-02 13:45:48.724,110851.63,8e-05,13.366666666666248,BINANCE
2025-09-02 13:45:48.724,110851.85,7e-05,13.346846846846322,BINANCE
2025-09-02 13:45:48.724,110851.5,5e-05,13.378378378378379,BINANCE
2025-09-02 13:45:48.724,110851.25,6e-05,13.4009009009009,BINANCE
2025-09-02 13:45:48.724,110851.13,7e-05,13.411711711711293,BINANCE
2025-09-02 13:45:48.735,110856.71,0.00013,12.909009009008432,BINANCE
2025-09-02 13:45:48.735,110856.71,6e-05,12.909009009008432,BINANCE
2025-09-02 13:45:48.735,110856.86,5e-05,12.895495495495444,BINANCE
2025-09-02 13:45:48.735,110856.86,0.00112,12.895495495495444,BINANCE
2025-09-02 13:45:48.735,110857.08,5e-05,12.875675675675518,BINANCE
2025-09-02 13:45:48.735,110857.11,0.0001,12.87297297297292,BINANCE
2025-09-02 13:45:48.735,110857.14,5e-05,12.870270270270323,BINANCE
2025-09-02 13:45:48.735,110857.14,6e-05,12.870270270270323,BINANCE
2025-09-02 13:45:48.735,110857.14,0.00011,12.870270270270323,BINANCE
2025-09-02 13:45:48.735,110857.14,7e-05,12.870270270270323,BINANCE
2025-09-02 13:45:48.735,110857.14,0.00023,12.870270270270323,BINANCE
2025-09-02 13:45:48.735,110857.14,0.00047,12.870270270270323,BINANCE
2025-09-02 13:45:48.735,110857.14,0.0001,12.870270270270323,BINANCE
2025-09-02 13:45:48.735,110857.14,0.00014,12.870270270270323,BINANCE
2025-09-02 13:45:48.735,110856.71,0.00027,12.909009009008432,BINANCE
2025-09-02 13:45:48.735,110857.14,0.00012,12.870270270270323,BINANCE
2025-09-02 13:45:48.735,110856.24,5e-05,12.95135135135088,BINANCE
2025-09-02 13:45:48.735,110854.65,0.00018,13.094594594595119,BINANCE
2025-09-02 13:45:48.735,110854.65,5e-05,13.094594594595119,BINANCE
2025-09-02 13:45:48.735,110854.66,5e-05,13.09369369369338,BINANCE
2025-09-02 13:45:48.735,110854.89,5e-05,13.072972972973025,BINANCE
2025-09-02 13:45:48.735,110855.0,0.00072,13.063063063063064,BINANCE
2025-09-02 13:45:48.735,110855.26,5e-05,13.039639639640113,BINANCE
2025-09-02 13:45:48.735,110855.33,8e-05,13.033333333333175,BINANCE
2025-09-02 13:45:48.735,110855.58,5e-05,13.010810810810653,BINANCE
2025-09-02 13:45:48.735,110855.43,0.00019,13.024324324324953,BINANCE
2025-09-02 13:45:48.735,110856.0,0.00015,12.972972972972972,BINANCE
2025-09-02 13:45:48.735,110856.0,0.0004,12.972972972972972,BINANCE
2025-09-02 13:45:48.735,110856.0,0.002,12.972972972972972,BINANCE
2025-09-02 13:45:48.735,110856.03,0.00023,12.970270270270376,BINANCE
2025-09-02 13:45:48.735,110855.66,6e-05,13.00360360360329,BINANCE
2025-09-02 13:45:48.735,110855.63,8e-05,13.006306306305886,BINANCE
2025-09-02 13:45:48.735,110855.6,5e-05,13.009009009008485,BINANCE
2025-09-02 13:45:48.735,110856.0,5e-05,12.972972972972972,BINANCE
2025-09-02 13:45:48.735,110856.31,5e-05,12.945045045045255,BINANCE
2025-09-02 13:45:48.756,110857.14,0.0001,12.870270270270323,BINANCE
2025-09-02 13:45:48.756,110857.14,0.01074,12.870270270270323,BINANCE
2025-09-02 13:45:48.756,110857.14,5e-05,12.870270270270323,BINANCE
2025-09-02 13:45:48.756,110857.14,0.00011,12.870270270270323,BINANCE
2025-09-02 13:45:48.756,110857.14,0.00032,12.870270270270323,BINANCE
2025-09-02 13:45:48.756,110857.14,0.00413,12.870270270270323,BINANCE
2025-09-02 13:45:48.756,110857.14,7e-05,12.870270270270323,BINANCE
2025-09-02 13:45:48.756,110857.14,0.00126,12.870270270270323,BINANCE
2025-09-02 13:45:48.756,110857.14,6e-05,12.870270270270323,BINANCE
2025-09-02 13:45:48.756,110857.14,9e-05,12.870270270270323,BINANCE
2025-09-02 13:45:48.756,110857.14,0.00163,12.870270270270323,BINANCE
2025-09-02 13:45:48.773,110857.14,0.012,12.870270270270323,BINANCE
2025-09-02 13:45:48.774,110857.14,0.012,12.870270270270323,BINANCE
2025-09-02 13:45:48.775,110857.14,0.008,12.870270270270323,BINANCE
2025-09-02 13:45:48.775,110857.14,0.012,12.870270270270323,BINANCE
2025-09-02 13:45:48.776,110857.14,0.012,12.870270270270323,BINANCE
2025-09-02 13:45:48.777,110857.14,0.012,12.870270270270323,BINANCE
2025-09-02 13:45:48.778,110857.14,0.012,12.870270270270323,BINANCE
2025-09-02 13:45:48.781,110857.14,0.012,12.870270270270323,BINANCE
2025-09-02 13:45:48.782,110857.14,0.012,12.870270270270323,BINANCE
2025-09-02 13:45:48.783,110857.13,9e-05,12.87117117117075,BINANCE
2025-09-02 13:45:48.788,110857.14,0.012,12.870270270270323,BINANCE
2025-09-02 13:45:48.813,110857.14,5e-05,12.870270270270323,BINANCE
2025-09-02 13:45:48.816,110857.14,0.00215,12.870270270270323,BINANCE
2025-09-02 13:45:48.817,110857.13,0.14,12.87117117117075,BINANCE
2025-09-02 13:45:48.818,110857.13,0.14,12.87117117117075,BINANCE
2025-09-02 13:45:48.829,110857.72,0.00073,12.818018018017913,BINANCE
2025-09-02 13:45:48.829,110857.43,5e-05,12.844144144144773,BINANCE
2025-09-02 13:45:48.829,110857.32,5e-05,12.854054054053424,BINANCE
2025-09-02 13:45:48.829,110857.19,5e-05,12.865765765765556,BINANCE
2025-09-02 13:45:48.829,110857.16,5e-05,12.868468468468155,BINANCE
2025-09-02 13:45:48.829,110857.15,5e-05,12.869369369369894,BINANCE
2025-09-02 13:45:48.829,110857.14,5e-05,12.870270270270323,BINANCE
2025-09-02 13:45:48.829,110857.14,0.001,12.870270270270323,BINANCE
2025-09-02 13:45:48.836,110857.71,0.08982,12.81891891891834,BINANCE
2025-09-02 13:45:48.836,110857.71,0.0488,12.81891891891834,BINANCE
2025-09-02 13:45:48.836,110857.71,0.00138,12.81891891891834,BINANCE
2025-09-02 13:45:48.837,110857.71,0.078,12.81891891891834,BINANCE
2025-09-02 13:45:48.838,110857.72,5e-05,12.818018018017913,BINANCE
2025-09-02 13:45:48.839,110857.71,0.03866,12.81891891891834,BINANCE
2025-09-02 13:45:48.843,110857.71,0.02942,12.81891891891834,BINANCE
2025-09-02 13:45:48.872,110857.71,0.00066,12.81891891891834,BINANCE
2025-09-02 13:45:48.874,110857.71,0.00045,12.81891891891834,BINANCE
2025-09-02 13:45:48.877,110857.71,0.21567,12.81891891891834,BINANCE
2025-09-02 13:45:48.880,110857.71,0.00035,12.81891891891834,BINANCE
2025-09-02 13:45:48.881,110857.71,0.00332,12.81891891891834,BINANCE
2025-09-02 13:45:48.884,110857.71,0.00201,12.81891891891834,BINANCE
2025-09-02 13:45:48.888,110857.71,0.00332,12.81891891891834,BINANCE
2025-09-02 13:45:48.891,110857.71,0.00332,12.81891891891834,BINANCE
2025-09-02 13:45:48.894,110857.71,0.00332,12.81891891891834,BINANCE
2025-09-02 13:45:48.896,110857.71,0.00332,12.81891891891834,BINANCE
2025-09-02 13:45:48.898,110857.71,0.00227,12.81891891891834,BINANCE
2025-09-02 13:45:48.995,110857.72,5e-05,12.818018018017913,BINANCE
2025-09-02 13:45:48.995,110857.72,0.00185,12.818018018017913,BINANCE
2025-09-02 13:45:48.995,110857.72,0.0003,12.818018018017913,BINANCE
2025-09-02 13:45:49.021,110857.71,0.00214,12.81891891891834,BINANCE
2025-09-02 13:45:49.028,110857.71,0.0009,12.81891891891834,BINANCE
2025-09-02 13:45:49.030,110857.71,0.00182,12.81891891891834,BINANCE
2025-09-02 13:45:49.052,110857.72,0.00184,12.818018018017913,BINANCE
2025-09-02 13:45:49.073,110857.72,0.00285,12.818018018017913,BINANCE
2025-09-02 13:45:49.121,110857.71,0.00017,12.81891891891834,BINANCE
2025-09-02 13:45:49.151,110857.72,0.00599,12.818018018017913,BINANCE
2025-09-02 13:45:49.196,110857.71,0.00117,12.81891891891834,BINANCE
2025-09-02 13:45:49.263,110857.71,0.024,12.81891891891834,BINANCE
2025-09-02 13:45:49.274,110857.71,0.00203,12.81891891891834,BINANCE
2025-09-02 13:45:49.351,110857.71,0.00045,12.81891891891834,BINANCE
2025-09-02 13:45:49.386,110857.71,9e-05,12.81891891891834,BINANCE
2025-09-02 13:45:49.435,110857.71,0.03265,12.81891891891834,BINANCE
2025-09-02 13:45:49.438,110857.72,0.00646,12.818018018017913,BINANCE
2025-09-02 13:45:49.440,110857.72,0.012,12.818018018017913,BINANCE
2025-09-02 13:45:49.441,110857.72,0.012,12.818018018017913,BINANCE
2025-09-02 13:45:49.441,110857.72,0.008,12.818018018017913,BINANCE
2025-09-02 13:45:49.442,110857.72,0.012,12.818018018017913,BINANCE
2025-09-02 13:45:49.442,110857.72,0.00174,12.818018018017913,BINANCE
2025-09-02 13:45:49.442,110857.72,5e-05,12.818018018017913,BINANCE
2025-09-02 13:45:49.442,110857.72,0.01021,12.818018018017913,BINANCE
2025-09-02 13:45:49.443,110857.72,5e-05,12.818018018017913,BINANCE
2025-09-02 13:45:49.443,110857.72,0.012,12.818018018017913,BINANCE
2025-09-02 13:45:49.443,110857.72,0.00027,12.818018018017913,BINANCE
2025-09-02 13:45:49.443,110857.72,0.01843,12.818018018017913,BINANCE
2025-09-02 13:45:49.444,110857.72,0.019,12.818018018017913,BINANCE
2025-09-02 13:45:49.490,110857.72,0.00075,12.818018018017913,BINANCE
2025-09-02 13:45:49.490,110857.72,5e-05,12.818018018017913,BINANCE
2025-09-02 13:45:49.549,110857.71,0.00019,12.81891891891834,BINANCE
2025-09-02 13:45:49.908,110857.71,0.00731,12.81891891891834,BINANCE
2025-09-02 13:45:49.918,110857.71,0.00175,12.81891891891834,BINANCE
2025-09-02 13:45:49.960,110857.71,0.00816,12.81891891891834,BINANCE
2025-09-02 13:45:50.035,110857.71,0.06,12.81891891891834,BINANCE
2025-09-02 13:45:50.049,110857.71,0.02922,12.81891891891834,BINANCE
2025-09-02 13:45:50.083,110857.71,0.01962,12.81891891891834,BINANCE
2025-09-02 13:45:50.116,110857.71,0.00046,12.81891891891834,BINANCE
2025-09-02 13:45:50.153,110857.72,0.006,12.818018018017913,BINANCE
2025-09-02 13:45:50.166,110857.71,0.0009,12.81891891891834,BINANCE
2025-09-02 13:45:50.170,110857.71,0.00018,12.81891891891834,BINANCE
2025-09-02 13:45:50.200,110857.71,0.00046,12.81891891891834,BINANCE
2025-09-02 13:45:50.248,110857.72,0.00226,12.818018018017913,BINANCE
2025-09-02 13:45:50.256,110857.71,0.0012,12.81891891891834,BINANCE
2025-09-02 13:45:50.287,110857.71,0.00046,12.81891891891834,BINANCE
2025-09-02 13:45:50.361,110857.71,0.00166,12.81891891891834,BINANCE
2025-09-02 13:45:50.361,110857.71,0.01093,12.81891891891834,BINANCE
2025-09-02 13:45:50.377,110857.71,0.00046,12.81891891891834,BINANCE
2025-09-02 13:45:50.428,110857.72,0.03517,12.818018018017913,BINANCE
2025-09-02 13:45:50.428,110857.72,0.00583,12.818018018017913,BINANCE
2025-09-02 13:45:50.445,110857.71,0.00011,12.81891891891834,BINANCE
2025-09-02 13:45:50.462,110857.71,0.00046,12.81891891891834,BINANCE
2025-09-02 13:45:50.481,110857.71,5e-05,12.81891891891834,BINANCE
2025-09-02 13:45:50.481,110857.71,0.00055,12.81891891891834,BINANCE
2025-09-02 13:45:50.481,110857.71,0.001,12.81891891891834,BINANCE
2025-09-02 13:45:50.481,110857.71,0.00014,12.81891891891834,BINANCE
2025-09-02 13:45:50.481,110857.71,0.07542,12.81891891891834,BINANCE
2025-09-02 13:45:50.481,110857.71,0.0001,12.81891891891834,BINANCE
2025-09-02 13:45:50.481,110857.71,9e-05,12.81891891891834,BINANCE
2025-09-02 13:45:50.481,110857.71,0.01,12.81891891891834,BINANCE
2025-09-02 13:45:50.481,110857.71,0.0007,12.81891891891834,BINANCE
2025-09-02 13:45:50.481,110857.71,0.015,12.81891891891834,BINANCE
2025-09-02 13:45:50.481,110857.71,0.005,12.81891891891834,BINANCE
2025-09-02 13:45:50.481,110857.71,0.00726,12.81891891891834,BINANCE
2025-09-02 13:45:50.481,110857.71,0.00021,12.81891891891834,BINANCE
2025-09-02 13:45:50.481,110857.71,0.05308,12.81891891891834,BINANCE
2025-09-02 13:45:50.481,110857.71,0.05423,12.81891891891834,BINANCE
2025-09-02 13:45:50.481,110857.71,0.0542,12.81891891891834,BINANCE
2025-09-02 13:45:50.481,110857.71,0.0422,12.81891891891834,BINANCE
2025-09-02 13:45:50.484,110856.01,5e-05,12.972072072072544,BINANCE
2025-09-02 13:45:50.484,110857.7,0.0001,12.819819819820083,BINANCE
2025-09-02 13:45:50.484,110856.31,5e-05,12.945045045045255,BINANCE
2025-09-02 13:45:50.485,110856.0,5e-05,12.972972972972972,BINANCE
2025-09-02 13:45:50.485,110854.6,5e-05,13.099099099098575,BINANCE
2025-09-02 13:45:50.485,110854.59,5e-05,13.100000000000314,BINANCE
2025-09-02 13:45:50.491,110854.01,5e-05,13.152252252252724,BINANCE
2025-09-02 13:45:50.491,110854.01,0.02241,13.152252252252724,BINANCE
2025-09-02 13:45:50.541,110854.01,0.0018,13.152252252252724,BINANCE
2025-09-02 13:45:50.555,110854.02,0.00082,13.151351351350984,BINANCE
2025-09-02 13:45:50.555,110854.02,0.30626,13.151351351350984,BINANCE
2025-09-02 13:45:50.555,110854.02,0.05,13.151351351350984,BINANCE
2025-09-02 13:45:50.564,110854.01,4e-05,13.152252252252724,BINANCE
2025-09-02 13:45:50.564,110854.01,5e-05,13.152252252252724,BINANCE
2025-09-02 13:45:50.565,110854.02,0.019,13.151351351350984,BINANCE
2025-09-02 13:45:50.566,110854.02,0.02,13.151351351350984,BINANCE
2025-09-02 13:45:50.567,110854.02,0.018,13.151351351350984,BINANCE
2025-09-02 13:45:50.616,110854.02,0.003,13.151351351350984,BINANCE
2025-09-02 13:45:50.625,110854.01,5e-05,13.152252252252724,BINANCE
2025-09-02 13:45:50.625,110854.01,0.0044,13.152252252252724,BINANCE
2025-09-02 13:45:50.625,110854.01,1e-05,13.152252252252724,BINANCE
2025-09-02 13:45:50.725,110854.01,0.00028,13.152252252252724,BINANCE
2025-09-02 13:45:50.735,110854.01,0.00066,13.152252252252724,BINANCE
2025-09-02 13:45:50.824,110854.01,0.0224,13.152252252252724,BINANCE
2025-09-02 13:45:50.824,110854.01,0.00804,13.152252252252724,BINANCE
2025-09-02 13:45:50.824,110854.01,0.008,13.152252252252724,BINANCE
2025-09-02 13:45:50.824,110854.01,0.0001,13.152252252252724,BINANCE
2025-09-02 13:45:50.824,110854.01,0.01,13.152252252252724,BINANCE
2025-09-02 13:45:50.870,110854.01,0.05132,13.152252252252724,BINANCE
2025-09-02 13:45:50.871,110854.01,0.00494,13.152252252252724,BINANCE
2025-09-02 13:45:50.878,110854.02,0.019,13.151351351350984,BINANCE
2025-09-02 13:45:50.879,110854.02,0.02,13.151351351350984,BINANCE
2025-09-02 13:45:50.880,110854.02,0.018,13.151351351350984,BINANCE
2025-09-02 13:45:50.931,110854.02,0.09081,13.151351351350984,BINANCE
2025-09-02 13:45:50.931,110854.02,0.08,13.151351351350984,BINANCE
2025-09-02 13:45:50.931,110854.02,0.0007,13.151351351350984,BINANCE
2025-09-02 13:45:50.931,110854.02,0.00889,13.151351351350984,BINANCE
2025-09-02 13:45:51.013,110854.01,0.00086,13.152252252252724,BINANCE
2025-09-02 13:45:51.015,110854.01,0.0009,13.152252252252724,BINANCE
2025-09-02 13:45:51.046,110854.0,0.0001,13.153153153153154,BINANCE
2025-09-02 13:45:51.046,110854.0,5e-05,13.153153153153154,BINANCE
2025-09-02 13:45:51.046,110852.16,5e-05,13.318918918918605,BINANCE
2025-09-02 13:45:51.046,110852.01,5e-05,13.332432432432906,BINANCE
2025-09-02 13:45:51.046,110851.65,5e-05,13.36486486486539,BINANCE
2025-09-02 13:45:51.046,110852.0,5e-05,13.333333333333332,BINANCE
2025-09-02 13:45:51.046,110854.01,5e-05,13.152252252252724,BINANCE
2025-09-02 13:45:51.046,110851.64,0.29767,13.365765765765817,BINANCE
2025-09-02 13:45:51.046,110851.64,5e-05,13.365765765765817,BINANCE
2025-09-02 13:45:51.046,110854.01,0.05132,13.152252252252724,BINANCE
2025-09-02 13:45:51.046,110854.01,6e-05,13.152252252252724,BINANCE
2025-09-02 13:45:51.046,110854.01,0.00042,13.152252252252724,BINANCE
2025-09-02 13:45:51.046,110854.01,0.0001,13.152252252252724,BINANCE
2025-09-02 13:45:51.046,110854.01,0.002,13.152252252252724,BINANCE
2025-09-02 13:45:51.050,110850.57,5e-05,13.462162162161533,BINANCE
2025-09-02 13:45:51.050,110850.58,5e-05,13.461261261261104,BINANCE
2025-09-02 13:45:51.050,110850.89,5e-05,13.433333333333385,BINANCE
2025-09-02 13:45:51.050,110850.89,0.0001,13.433333333333385,BINANCE
2025-09-02 13:45:51.050,110850.9,0.0001,13.432432432432957,BINANCE
2025-09-02 13:45:51.050,110850.9,5e-05,13.432432432432957,BINANCE
2025-09-02 13:45:51.052,110850.0,5e-05,13.513513513513514,BINANCE
2025-09-02 13:45:51.052,110850.01,5e-05,13.512612612613085,BINANCE
2025-09-02 13:45:51.053,110846.01,5e-05,13.872972972973445,BINANCE
2025-09-02 13:45:51.053,110848.0,5e-05,13.693693693693694,BINANCE
2025-09-02 13:45:51.053,110848.01,5e-05,13.692792792793265,BINANCE
2025-09-02 13:45:51.053,110850.0,5e-05,13.513513513513514,BINANCE
2025-09-02 13:45:51.053,110846.0,0.00126,13.873873873873874,BINANCE
2025-09-02 13:45:51.054,110846.0,0.009,13.873873873873874,BINANCE
2025-09-02 13:45:51.087,110846.01,0.02463,13.872972972973445,BINANCE
2025-09-02 13:45:51.157,110846.01,0.006,13.872972972973445,BINANCE
2025-09-02 13:45:51.229,110846.01,0.003,13.872972972973445,BINANCE
2025-09-02 13:45:51.337,110846.01,0.036,13.872972972973445,BINANCE
2025-09-02 13:45:51.343,110846.0,0.00079,13.873873873873874,BINANCE
2025-09-02 13:45:51.423,110846.0,0.05525,13.873873873873874,BINANCE
2025-09-02 13:45:51.423,110846.0,5e-05,13.873873873873874,BINANCE
2025-09-02 13:45:51.423,110846.0,0.03469,13.873873873873874,BINANCE
2025-09-02 13:45:51.661,110846.01,0.036,13.872972972973445,BINANCE
2025-09-02 13:45:51.713,110846.0,0.00731,13.873873873873874,BINANCE
2025-09-02 13:45:51.728,110846.0,0.00027,13.873873873873874,BINANCE
2025-09-02 13:45:51.758,110846.0,0.00451,13.873873873873874,BINANCE
2025-09-02 13:45:51.765,110846.0,0.00081,13.873873873873874,BINANCE
2025-09-02 13:45:51.811,110846.0,0.00379,13.873873873873874,BINANCE
2025-09-02 13:45:51.848,110846.02,5e-05,13.872072072071706,BINANCE
2025-09-02 13:45:51.848,110847.99,5e-05,13.694594594594124,BINANCE
2025-09-02 13:45:51.848,110848.0,5e-05,13.693693693693694,BINANCE
2025-09-02 13:45:51.848,110848.41,5e-05,13.656756756756442,BINANCE
2025-09-02 13:45:51.848,110849.64,5e-05,13.545945945945999,BINANCE
2025-09-02 13:45:51.848,110848.42,5e-05,13.655855855856014,BINANCE
2025-09-02 13:45:51.848,110849.65,0.00659,13.545045045045569,BINANCE
2025-09-02 13:45:51.848,110846.01,5e-05,13.872972972973445,BINANCE
2025-09-02 13:45:51.848,110846.01,0.10376,13.872972972973445,BINANCE
2025-09-02 13:45:51.848,110846.01,0.02955,13.872972972973445,BINANCE
2025-09-02 13:45:51.848,110846.01,0.008,13.872972972973445,BINANCE
2025-09-02 13:45:51.848,110846.01,0.00034,13.872972972973445,BINANCE
2025-09-02 13:45:51.848,110846.01,0.00242,13.872972972973445,BINANCE
2025-09-02 13:45:51.848,110846.01,0.03319,13.872972972973445,BINANCE
2025-09-02 13:45:51.848,110846.01,0.0007,13.872972972973445,BINANCE
2025-09-02 13:45:51.848,110846.01,0.024,13.872972972973445,BINANCE
2025-09-02 13:45:51.848,110846.01,0.43153,13.872972972973445,BINANCE
2025-09-02 13:45:51.848,110846.01,0.02799,13.872972972973445,BINANCE
2025-09-02 13:45:51.849,110850.0,5e-05,13.513513513513514,BINANCE
2025-09-02 13:45:51.849,110849.99,5e-05,13.514414414413942,BINANCE
2025-09-02 13:45:51.849,110849.65,5e-05,13.545045045045569,BINANCE
2025-09-02 13:45:51.849,110849.65,0.15138,13.545045045045569,BINANCE
2025-09-02 13:45:51.853,110851.99,5e-05,13.334234234233762,BINANCE
2025-09-02 13:45:51.853,110850.91,0.0001,13.431531531531217,BINANCE
2025-09-02 13:45:51.853,110850.91,5e-05,13.431531531531217,BINANCE
2025-09-02 13:45:51.853,110850.9,0.0001,13.432432432432957,BINANCE
2025-09-02 13:45:51.853,110850.9,5e-05,13.432432432432957,BINANCE
2025-09-02 13:45:51.855,110851.99,0.0211,13.334234234233762,BINANCE
2025-09-02 13:45:51.855,110851.99,0.01,13.334234234233762,BINANCE
2025-09-02 13:45:51.855,110851.99,0.00385,13.334234234233762,BINANCE
2025-09-02 13:45:51.856,110856.31,5e-05,12.945045045045255,BINANCE
2025-09-02 13:45:51.856,110857.71,5e-05,12.81891891891834,BINANCE
2025-09-02 13:45:51.856,110856.0,5e-05,12.972972972972972,BINANCE
2025-09-02 13:45:51.856,110857.72,0.00243,12.818018018017913,BINANCE
2025-09-02 13:45:51.856,110855.99,5e-05,12.973873873873401,BINANCE
2025-09-02 13:45:51.856,110852.0,5e-05,13.333333333333332,BINANCE
2025-09-02 13:45:51.856,110854.0,5e-05,13.153153153153154,BINANCE
2025-09-02 13:45:51.856,110853.99,5e-05,13.154054054053582,BINANCE
2025-09-02 13:45:51.864,110857.72,0.019,12.818018018017913,BINANCE
2025-09-02 13:45:51.865,110857.72,0.019,12.818018018017913,BINANCE
2025-09-02 13:45:51.866,110857.72,0.02,12.818018018017913,BINANCE
2025-09-02 13:45:51.866,110857.72,0.00169,12.818018018017913,BINANCE
2025-09-02 13:45:51.866,110857.72,5e-05,12.818018018017913,BINANCE
2025-09-02 13:45:51.866,110857.72,0.0018,12.818018018017913,BINANCE
2025-09-02 13:45:51.866,110857.72,0.01417,12.818018018017913,BINANCE
2025-09-02 13:45:51.866,110857.72,0.00129,12.818018018017913,BINANCE
2025-09-02 13:45:51.868,110857.72,0.018,12.818018018017913,BINANCE
2025-09-02 13:45:51.872,110857.72,0.01054,12.818018018017913,BINANCE
2025-09-02 13:45:51.872,110857.72,0.00541,12.818018018017913,BINANCE
2025-09-02 13:45:51.872,110857.72,5e-05,12.818018018017913,BINANCE
2025-09-02 13:45:51.874,110857.72,0.00316,12.818018018017913,BINANCE
2025-09-02 13:45:51.874,110857.72,0.006,12.818018018017913,BINANCE
2025-09-02 13:45:51.874,110857.72,0.00295,12.818018018017913,BINANCE
2025-09-02 13:45:51.897,110857.72,0.00606,12.818018018017913,BINANCE
2025-09-02 13:45:51.961,110857.72,0.00109,12.818018018017913,BINANCE
2025-09-02 13:45:51.961,110857.72,0.0012,12.818018018017913,BINANCE
2025-09-02 13:45:51.961,110857.72,0.00502,12.818018018017913,BINANCE
2025-09-02 13:45:51.996,110857.72,0.00045,12.818018018017913,BINANCE
2025-09-02 13:45:52.100,110857.71,0.00088,12.81891891891834,BINANCE
2025-09-02 13:45:52.128,110857.71,0.00059,12.81891891891834,BINANCE
2025-09-02 13:45:52.154,110857.72,5e-05,12.818018018017913,BINANCE
2025-09-02 13:45:52.154,110857.72,0.01826,12.818018018017913,BINANCE
2025-09-02 13:45:52.158,110857.72,0.00599,12.818018018017913,BINANCE
2025-09-02 13:45:52.178,110857.71,0.09597,12.81891891891834,BINANCE
2025-09-02 13:45:52.186,110857.72,0.00996,12.818018018017913,BINANCE
2025-09-02 13:45:52.186,110857.72,5e-05,12.818018018017913,BINANCE
2025-09-02 13:45:52.186,110857.72,0.02584,12.818018018017913,BINANCE
2025-09-02 13:45:52.197,110857.72,0.04353,12.818018018017913,BINANCE
2025-09-02 13:45:52.197,110857.72,5e-05,12.818018018017913,BINANCE
2025-09-02 13:45:52.197,110857.72,0.00146,12.818018018017913,BINANCE
2025-09-02 13:45:52.282,110857.71,0.00104,12.81891891891834,BINANCE
2025-09-02 13:45:52.299,110857.71,0.04372,12.81891891891834,BINANCE
2025-09-02 13:45:52.299,110857.71,0.02405,12.81891891891834,BINANCE
2025-09-02 13:45:52.306,110857.71,0.00076,12.81891891891834,BINANCE
2025-09-02 13:45:52.308,110857.72,0.019,12.818018018017913,BINANCE
2025-09-02 13:45:52.309,110857.72,0.019,12.818018018017913,BINANCE
2025-09-02 13:45:52.316,110857.72,0.019,12.818018018017913,BINANCE
2025-09-02 13:45:52.437,110857.71,0.00329,12.81891891891834,BINANCE
2025-09-02 13:45:52.532,110857.72,0.018,12.818018018017913,BINANCE
2025-09-02 13:45:52.533,110857.72,0.016,12.818018018017913,BINANCE
2025-09-02 13:45:52.533,110857.72,0.018,12.818018018017913,BINANCE
2025-09-02 13:45:52.550,110857.72,0.019,12.818018018017913,BINANCE
2025-09-02 13:45:52.551,110857.72,0.019,12.818018018017913,BINANCE
2025-09-02 13:45:52.658,110857.72,0.00041,12.818018018017913,BINANCE
2025-09-02 13:45:52.679,110857.71,0.00451,12.81891891891834,BINANCE
2025-09-02 13:45:52.700,110857.72,0.00375,12.818018018017913,BINANCE
2025-09-02 13:45:52.786,110857.72,0.00722,12.818018018017913,BINANCE
2025-09-02 13:45:52.819,110857.72,0.00286,12.818018018017913,BINANCE
2025-09-02 13:45:52.923,110857.72,0.01801,12.818018018017913,BINANCE
2025-09-02 13:45:52.946,110857.71,0.00022,12.81891891891834,BINANCE
2025-09-02 13:45:52.957,110857.72,0.02,12.818018018017913,BINANCE
2025-09-02 13:45:52.957,110857.72,0.018,12.818018018017913,BINANCE
2025-09-02 13:45:52.958,110857.72,0.019,12.818018018017913,BINANCE
2025-09-02 13:45:52.968,110857.72,0.01333,12.818018018017913,BINANCE
2025-09-02 13:45:52.982,110857.72,0.021,12.818018018017913,BINANCE
2025-09-02 13:45:52.986,110857.72,0.012,12.818018018017913,BINANCE
2025-09-02 13:45:52.986,110857.72,0.008,12.818018018017913,BINANCE
2025-09-02 13:45:52.987,110857.72,0.012,12.818018018017913,BINANCE
2025-09-02 13:45:52.987,110857.72,0.02,12.818018018017913,BINANCE
2025-09-02 13:45:52.988,110857.72,0.00359,12.818018018017913,BINANCE
2025-09-02 13:45:52.988,110857.72,0.012,12.818018018017913,BINANCE
2025-09-02 13:45:52.988,110857.72,5e-05,12.818018018017913,BINANCE
2025-09-02 13:45:52.988,110857.72,0.01076,12.818018018017913,BINANCE
2025-09-02 13:45:52.988,110857.72,0.00124,12.818018018017913,BINANCE
2025-09-02 13:45:52.988,110857.72,0.00836,12.818018018017913,BINANCE
2025-09-02 13:45:52.989,110857.72,0.018,12.818018018017913,BINANCE
2025-09-02 13:45:53.018,110857.72,0.018,12.818018018017913,BINANCE
2025-09-02 13:45:53.018,110857.71,0.0018,12.81891891891834,BINANCE
2025-09-02 13:45:53.020,110857.72,0.006,12.818018018017913,BINANCE
2025-09-02 13:45:53.022,110857.71,0.00101,12.81891891891834,BINANCE
2025-09-02 13:45:53.024,110857.71,0.00021,12.81891891891834,BINANCE
2025-09-02 13:45:53.027,110857.72,0.001,12.818018018017913,BINANCE
2025-09-02 13:45:53.029,110857.72,0.05012,12.818018018017913,BINANCE
2025-09-02 13:45:53.035,110857.72,0.01768,12.818018018017913,BINANCE
2025-09-02 13:45:53.043,110857.72,0.036,12.818018018017913,BINANCE
2025-09-02 13:45:53.047,110857.71,0.00731,12.81891891891834,BINANCE
2025-09-02 13:45:53.070,110857.71,0.00053,12.81891891891834,BINANCE
2025-09-02 13:45:53.092,110857.72,0.1027,12.818018018017913,BINANCE
2025-09-02 13:45:53.096,110857.72,0.0777,12.818018018017913,BINANCE
2025-09-02 13:45:53.101,110857.72,0.07146,12.818018018017913,BINANCE
2025-09-02 13:45:53.159,110857.72,0.006,12.818018018017913,BINANCE
2025-09-02 13:45:53.175,110857.72,0.00902,12.818018018017913,BINANCE
2025-09-02 13:45:53.220,110857.72,0.01666,12.818018018017913,BINANCE
2025-09-02 13:45:53.242,110857.72,0.01744,12.818018018017913,BINANCE
2025-09-02 13:45:53.377,110857.72,0.00414,12.818018018017913,BINANCE
2025-09-02 13:45:53.410,110857.72,0.01267,12.818018018017913,BINANCE
2025-09-02 13:45:53.410,110857.72,0.00032,12.818018018017913,BINANCE
2025-09-02 13:45:53.410,110857.72,5e-05,12.818018018017913,BINANCE
2025-09-02 13:45:53.410,110857.72,0.02191,12.818018018017913,BINANCE
2025-09-02 13:45:53.425,110857.72,0.01586,12.818018018017913,BINANCE
2025-09-02 13:45:53.425,110857.72,0.00401,12.818018018017913,BINANCE
2025-09-02 13:45:53.425,110857.72,5e-05,12.818018018017913,BINANCE
2025-09-02 13:45:53.425,110857.72,0.03003,12.818018018017913,BINANCE
2025-09-02 13:45:53.636,110857.71,0.00095,12.81891891891834,BINANCE
2025-09-02 13:45:53.656,110857.72,0.00903,12.818018018017913,BINANCE
2025-09-02 13:45:53.910,110857.71,0.00022,12.81891891891834,BINANCE
2025-09-02 13:45:54.080,110857.71,0.00068,12.81891891891834,BINANCE
2025-09-02 13:45:54.080,110857.71,5e-05,12.81891891891834,BINANCE
2025-09-02 13:45:54.080,110857.71,0.0001,12.81891891891834,BINANCE
2025-09-02 13:45:54.080,110857.52,5e-05,12.83603603603567,BINANCE
2025-09-02 13:45:54.080,110857.51,5e-05,12.83693693693741,BINANCE
2025-09-02 13:45:54.080,110857.7,0.0001,12.819819819820083,BINANCE
2025-09-02 13:45:54.080,110857.71,0.05352,12.81891891891834,BINANCE
2025-09-02 13:45:54.080,110857.71,0.08663,12.81891891891834,BINANCE
2025-09-02 13:45:54.080,110857.71,0.0542,12.81891891891834,BINANCE
2025-09-02 13:45:54.080,110857.71,0.13975,12.81891891891834,BINANCE
2025-09-02 13:45:54.080,110857.71,0.05412,12.81891891891834,BINANCE
2025-09-02 13:45:54.080,110857.71,0.02255,12.81891891891834,BINANCE
2025-09-02 13:45:54.080,110857.71,0.002,12.81891891891834,BINANCE
2025-09-02 13:45:54.080,110857.71,0.001,12.81891891891834,BINANCE
2025-09-02 13:45:54.082,110855.29,5e-05,13.036936936937513,BINANCE
2025-09-02 13:45:54.082,110855.28,0.15141,13.037837837837944,BINANCE
2025-09-02 13:45:54.082,110856.0,5e-05,12.972972972972972,BINANCE
2025-09-02 13:45:54.082,110856.31,0.00454,12.945045045045255,BINANCE
2025-09-02 13:45:54.082,110856.01,5e-05,12.972072072072544,BINANCE
2025-09-02 13:45:54.082,110856.31,5e-05,12.945045045045255,BINANCE
2025-09-02 13:45:54.096,110855.28,0.0001,13.037837837837944,BINANCE
2025-09-02 13:45:54.096,110854.41,5e-05,13.116216216215902,BINANCE
2025-09-02 13:45:54.096,110855.27,0.0001,13.03873873873837,BINANCE
2025-09-02 13:45:54.096,110855.28,5e-05,13.037837837837944,BINANCE
2025-09-02 13:45:54.098,110854.4,0.00011,13.11711711711764,BINANCE
2025-09-02 13:45:54.154,110854.4,0.01,13.11711711711764,BINANCE
2025-09-02 13:45:54.154,110854.4,0.0111,13.11711711711764,BINANCE
2025-09-02 13:45:54.154,110854.4,5e-05,13.11711711711764,BINANCE
2025-09-02 13:45:54.154,110854.4,0.0001,13.11711711711764,BINANCE
2025-09-02 13:45:54.256,110854.4,0.00052,13.11711711711764,BINANCE
2025-09-02 13:45:54.386,110854.4,0.00111,13.11711711711764,BINANCE
2025-09-02 13:45:54.396,110854.02,0.09335,13.151351351350984,BINANCE
2025-09-02 13:45:54.396,110854.02,0.21911,13.151351351350984,BINANCE
2025-09-02 13:45:54.396,110854.02,0.76451,13.151351351350984,BINANCE
2025-09-02 13:45:54.396,110854.02,0.54897,13.151351351350984,BINANCE
2025-09-02 13:45:54.396,110854.03,5e-05,13.150450450450554,BINANCE
2025-09-02 13:45:54.396,110854.02,0.53146,13.151351351350984,BINANCE
2025-09-02 13:45:54.396,110854.02,0.0084,13.151351351350984,BINANCE
2025-09-02 13:45:54.396,110851.0,0.0212,13.423423423423422,BINANCE
2025-09-02 13:45:54.396,110854.02,0.34009,13.151351351350984,BINANCE
2025-09-02 13:45:54.396,110854.02,5e-05,13.151351351350984,BINANCE
2025-09-02 13:45:54.396,110852.0,0.061,13.333333333333332,BINANCE
2025-09-02 13:45:54.396,110852.0,5e-05,13.333333333333332,BINANCE
2025-09-02 13:45:54.396,110851.0,0.03205,13.423423423423422,BINANCE
2025-09-02 13:45:54.396,110854.39,5e-05,13.11801801801807,BINANCE
2025-09-02 13:45:54.396,110851.0,5e-05,13.423423423423422,BINANCE
2025-09-02 13:45:54.396,110850.9,5e-05,13.432432432432957,BINANCE
2025-09-02 13:45:54.396,110854.02,0.00952,13.151351351350984,BINANCE
2025-09-02 13:45:54.396,110854.4,0.00111,13.11711711711764,BINANCE
2025-09-02 13:45:54.396,110854.39,0.0001,13.11801801801807,BINANCE
2025-09-02 13:45:54.396,110854.4,0.0001,13.11711711711764,BINANCE
2025-09-02 13:45:54.396,110854.4,5e-05,13.11711711711764,BINANCE
2025-09-02 13:45:54.396,110854.4,0.002,13.11711711711764,BINANCE
2025-09-02 13:45:54.396,110854.4,0.05416,13.11711711711764,BINANCE
2025-09-02 13:45:54.396,110854.4,0.01,13.11711711711764,BINANCE
2025-09-02 13:45:54.396,110854.4,0.00242,13.11711711711764,BINANCE
2025-09-02 13:45:54.396,110854.4,0.01804,13.11711711711764,BINANCE
2025-09-02 13:45:54.396,110854.4,0.0682,13.11711711711764,BINANCE
2025-09-02 13:45:54.398,110850.44,5e-05,13.473873873873664,BINANCE
2025-09-02 13:45:54.398,110850.43,5e-05,13.474774774775405,BINANCE
2025-09-02 13:45:54.398,110850.0,5e-05,13.513513513513514,BINANCE
2025-09-02 13:45:54.398,110848.55,5e-05,13.644144144143882,BINANCE
2025-09-02 13:45:54.406,110848.0,5e-05,13.693693693693694,BINANCE
2025-09-02 13:45:54.406,110848.0,0.0012,13.693693693693694,BINANCE
2025-09-02 13:45:54.409,110848.01,5e-05,13.692792792793265,BINANCE
2025-09-02 13:45:54.409,110848.01,0.0011,13.692792792793265,BINANCE
2025-09-02 13:45:54.412,110848.01,0.02251,13.692792792793265,BINANCE
2025-09-02 13:45:54.439,110848.01,0.01569,13.692792792793265,BINANCE
2025-09-02 13:45:54.500,110848.01,0.00219,13.692792792793265,BINANCE
2025-09-02 13:45:54.591,110848.01,0.0013,13.692792792793265,BINANCE
2025-09-02 13:45:54.727,110848.01,0.00451,13.692792792793265,BINANCE
2025-09-02 13:45:54.755,110848.01,0.00475,13.692792792793265,BINANCE
2025-09-02 13:45:54.776,110847.99,5e-05,13.694594594594124,BINANCE
2025-09-02 13:45:54.776,110848.0,0.0001,13.693693693693694,BINANCE
2025-09-02 13:45:54.776,110848.0,5e-05,13.693693693693694,BINANCE
2025-09-02 13:45:54.776,110848.01,5e-05,13.692792792793265,BINANCE
2025-09-02 13:45:54.776,110848.01,0.01353,13.692792792793265,BINANCE
2025-09-02 13:45:54.776,110848.01,0.0001,13.692792792793265,BINANCE
2025-09-02 13:45:54.799,110846.62,5e-05,13.818018018018437,BINANCE
2025-09-02 13:45:54.799,110846.62,0.01,13.818018018018437,BINANCE
2025-09-02 13:45:54.799,110846.62,0.01582,13.818018018018437,BINANCE
2025-09-02 13:45:54.799,110846.62,0.0001,13.818018018018437,BINANCE
2025-09-02 13:45:54.799,110846.62,0.02128,13.818018018018437,BINANCE
2025-09-02 13:45:54.820,110846.62,0.0005,13.818018018018437,BINANCE
2025-09-02 13:45:54.826,110846.62,0.03396,13.818018018018437,BINANCE
2025-09-02 13:45:54.855,110846.62,0.12612,13.818018018018437,BINANCE
2025-09-02 13:45:54.860,110844.42,5e-05,14.016216216216375,BINANCE
2025-09-02 13:45:54.860,110844.01,5e-05,14.053153153153625,BINANCE
2025-09-02 13:45:54.860,110841.08,0.00177,14.31711711711696,BINANCE
2025-09-02 13:45:54.860,110845.49,5e-05,13.919819819819349,BINANCE
2025-09-02 13:45:54.860,110844.0,5e-05,14.054054054054054,BINANCE
2025-09-02 13:45:54.860,110843.09,5e-05,14.13603603603635,BINANCE
2025-09-02 13:45:54.860,110842.01,5e-05,14.233333333333805,BINANCE
2025-09-02 13:45:54.860,110843.08,5e-05,14.13693693693678,BINANCE
2025-09-02 13:45:54.860,110842.0,5e-05,14.234234234234233,BINANCE
2025-09-02 13:45:54.860,110841.08,5e-05,14.31711711711696,BINANCE
2025-09-02 13:45:54.860,110845.95,5e-05,13.87837837837864,BINANCE
2025-09-02 13:45:54.860,110846.0,5e-05,13.873873873873874,BINANCE
2025-09-02 13:45:54.860,110846.62,5e-05,13.818018018018437,BINANCE
2025-09-02 13:45:54.860,110846.61,0.0001,13.818918918918866,BINANCE
2025-09-02 13:45:54.860,110846.0,0.00541,13.873873873873874,BINANCE
2025-09-02 13:45:54.860,110846.62,0.0001,13.818018018018437,BINANCE
2025-09-02 13:45:54.860,110846.62,0.05412,13.818018018018437,BINANCE
2025-09-02 13:45:54.860,110846.62,0.05411,13.818018018018437,BINANCE
2025-09-02 13:45:54.860,110846.62,0.002,13.818018018018437,BINANCE
2025-09-02 13:45:54.860,110846.61,5e-05,13.818918918918866,BINANCE
2025-09-02 13:45:54.863,110841.08,0.00128,14.31711711711696,BINANCE
2025-09-02 13:45:54.863,110841.08,5e-05,14.31711711711696,BINANCE
2025-09-02 13:45:54.863,110841.08,0.00123,14.31711711711696,BINANCE
2025-09-02 13:45:54.869,110841.08,0.00188,14.31711711711696,BINANCE
2025-09-02 13:45:54.869,110841.08,0.00149,14.31711711711696,BINANCE
2025-09-02 13:45:54.869,110841.08,0.0018,14.31711711711696,BINANCE
2025-09-02 13:45:54.899,110841.08,0.0005,14.31711711711696,BINANCE
2025-09-02 13:45:55.003,110841.08,5e-05,14.31711711711696,BINANCE
2025-09-02 13:45:55.003,110841.08,2e-05,14.31711711711696,BINANCE
2025-09-02 13:45:55.005,110841.07,0.0001,14.318018018017389,BINANCE
2025-09-02 13:45:55.005,110841.07,5e-05,14.318018018017389,BINANCE
2025-09-02 13:45:55.005,110840.08,5e-05,14.407207207207051,BINANCE
2025-09-02 13:45:55.005,110840.01,5e-05,14.413513513513985,BINANCE
2025-09-02 13:45:55.005,110840.0,5e-05,14.414414414414415,BINANCE
2025-09-02 13:45:55.005,110839.99,7e-05,14.415315315314844,BINANCE
2025-09-02 13:45:55.005,110839.0,5e-05,14.504504504504505,BINANCE
2025-09-02 13:45:55.005,110841.08,5e-05,14.31711711711696,BINANCE
2025-09-02 13:45:55.005,110841.08,8e-05,14.31711711711696,BINANCE
2025-09-02 13:45:55.005,110841.08,0.0001,14.31711711711696,BINANCE
2025-09-02 13:45:55.005,110841.08,0.01353,14.31711711711696,BINANCE
2025-09-02 13:45:55.005,110841.08,0.01804,14.31711711711696,BINANCE
2025-09-02 13:45:55.008,110838.01,5e-05,14.593693693694167,BINANCE
2025-09-02 13:45:55.008,110838.01,0.0001,14.593693693694167,BINANCE
2025-09-02 13:45:55.010,110838.0,5e-05,14.594594594594593,BINANCE
2025-09-02 13:45:55.010,110836.01,5e-05,14.773873873874345,BINANCE
2025-09-02 13:45:55.010,110837.99,5e-05,14.595495495495024,BINANCE
2025-09-02 13:45:55.010,110838.0,0.0001,14.594594594594593,BINANCE
2025-09-02 13:45:55.014,110836.0,0.00915,14.774774774774775,BINANCE
2025-09-02 13:45:55.095,110835.56,5e-05,14.814414414414625,BINANCE
2025-09-02 13:45:55.095,110835.99,5e-05,14.775675675675203,BINANCE
2025-09-02 13:45:55.095,110835.99,0.0001,14.775675675675203,BINANCE
2025-09-02 13:45:55.095,110835.57,5e-05,14.813513513512884,BINANCE
2025-09-02 13:45:55.095,110835.54,5e-05,14.816216216216793,BINANCE
2025-09-02 13:45:55.095,110835.55,5e-05,14.815315315315054,BINANCE
2025-09-02 13:45:55.095,110835.54,0.0451,14.816216216216793,BINANCE
2025-09-02 13:45:55.095,110834.67,5e-05,14.894594594594754,BINANCE
2025-09-02 13:45:55.095,110836.0,5e-05,14.774774774774775,BINANCE
2025-09-02 13:45:55.095,110836.0,0.0001,14.774774774774775,BINANCE
2025-09-02 13:45:55.097,110833.58,5e-05,14.992792792792637,BINANCE
2025-09-02 13:45:55.097,110831.07,0.00018,15.21891891891829,BINANCE
2025-09-02 13:45:55.097,110834.66,5e-05,14.895495495495181,BINANCE
2025-09-02 13:45:55.097,110834.67,5e-05,14.894594594594754,BINANCE
2025-09-02 13:45:55.100,110830.09,5e-05,15.30720720720752,BINANCE
2025-09-02 13:45:55.102,110830.08,5e-05,15.308108108107952,BINANCE
2025-09-02 13:45:55.102,110830.08,3e-05,15.308108108107952,BINANCE
2025-09-02 13:45:55.108,110830.08,5e-05,15.308108108107952,BINANCE
2025-09-02 13:45:55.108,110830.08,2e-05,15.308108108107952,BINANCE
2025-09-02 13:45:55.109,110830.08,5e-05,15.308108108107952,BINANCE
2025-09-02 13:45:55.109,110830.08,2e-05,15.308108108107952,BINANCE
2025-09-02 13:45:55.115,110830.08,5e-05,15.308108108107952,BINANCE
2025-09-02 13:45:55.115,110830.08,0.00067,15.308108108107952,BINANCE
2025-09-02 13:45:55.115,110830.08,3e-05,15.308108108107952,BINANCE
2025-09-02 13:45:55.118,110826.65,0.00101,15.61711711711764,BINANCE
2025-09-02 13:45:55.118,110826.65,0.00058,15.61711711711764,BINANCE
2025-09-02 13:45:55.118,110827.07,0.0018,15.57927927927865,BINANCE
2025-09-02 13:45:55.118,110827.22,5e-05,15.565765765765661,BINANCE
2025-09-02 13:45:55.118,110827.37,5e-05,15.552252252252671,BINANCE
2025-09-02 13:45:55.118,110828.16,5e-05,15.481081081080767,BINANCE
2025-09-02 13:45:55.118,110828.18,0.00018,15.47927927927991,BINANCE
2025-09-02 13:45:55.118,110828.46,5e-05,15.454054054053477,BINANCE
2025-09-02 13:45:55.118,110828.65,0.00018,15.436936936937462,BINANCE
2025-09-02 13:45:55.118,110828.91,0.005,15.413513513513198,BINANCE
2025-09-02 13:45:55.118,110829.26,5e-05,15.381981981982452,BINANCE
2025-09-02 13:45:55.118,110829.99,5e-05,15.316216216215745,BINANCE
2025-09-02 13:45:55.118,110830.07,5e-05,15.309009009008381,BINANCE
2025-09-02 13:45:55.118,110828.99,7e-05,15.406306306305835,BINANCE
2025-09-02 13:45:55.118,110830.08,5e-05,15.308108108107952,BINANCE
2025-09-02 13:45:55.118,110830.07,0.0001,15.309009009008381,BINANCE
2025-09-02 13:45:55.118,110830.08,0.0001,15.308108108107952,BINANCE
2025-09-02 13:45:55.119,110826.65,7e-05,15.61711711711764,BINANCE
2025-09-02 13:45:55.121,110826.65,0.01327,15.61711711711764,BINANCE
2025-09-02 13:45:55.121,110826.65,0.01185,15.61711711711764,BINANCE
2025-09-02 13:45:55.121,110826.65,5e-05,15.61711711711764,BINANCE
2025-09-02 13:45:55.121,110826.65,0.00137,15.61711711711764,BINANCE
2025-09-02 13:45:55.121,110826.65,0.0041,15.61711711711764,BINANCE
2025-09-02 13:45:55.121,110826.65,0.0001,15.61711711711764,BINANCE
2025-09-02 13:45:55.122,110826.65,0.00049,15.61711711711764,BINANCE
2025-09-02 13:45:55.122,110826.65,0.00409,15.61711711711764,BINANCE
2025-09-02 13:45:55.123,110826.65,9e-05,15.61711711711764,BINANCE
2025-09-02 13:45:55.123,110826.65,5e-05,15.61711711711764,BINANCE
2025-09-02 13:45:55.123,110826.65,2e-05,15.61711711711764,BINANCE
2025-09-02 13:45:55.125,110826.65,3e-05,15.61711711711764,BINANCE
2025-09-02 13:45:55.125,110826.65,4e-05,15.61711711711764,BINANCE
2025-09-02 13:45:55.127,110826.65,5e-05,15.61711711711764,BINANCE
2025-09-02 13:45:55.127,110826.64,5e-05,15.61801801801807,BINANCE
2025-09-02 13:45:55.127,110826.65,1e-05,15.61711711711764,BINANCE
2025-09-02 13:45:55.129,110824.01,5e-05,15.854954954955428,BINANCE
2025-09-02 13:45:55.129,110824.44,5e-05,15.816216216216006,BINANCE
2025-09-02 13:45:55.129,110824.45,5e-05,15.815315315315576,BINANCE
2025-09-02 13:45:55.129,110824.45,9e-05,15.815315315315576,BINANCE
2025-09-02 13:45:55.132,110824.0,0.00046,15.855855855855856,BINANCE
2025-09-02 13:45:55.132,110824.0,0.024,15.855855855855856,BINANCE
2025-09-02 13:45:55.143,110824.0,5e-05,15.855855855855856,BINANCE
2025-09-02 13:45:55.143,110824.0,2e-05,15.855855855855856,BINANCE
2025-09-02 13:45:55.144,110822.31,0.00013,16.008108108108317,BINANCE
2025-09-02 13:45:55.144,110822.74,5e-05,15.969369369368899,BINANCE
2025-09-02 13:45:55.144,110823.85,5e-05,15.869369369368846,BINANCE
2025-09-02 13:45:55.144,110822.66,5e-05,15.976576576576262,BINANCE
2025-09-02 13:45:55.144,110822.31,0.00096,16.008108108108317,BINANCE
2025-09-02 13:45:55.144,110823.99,5e-05,15.856756756756285,BINANCE
2025-09-02 13:45:55.144,110824.0,5e-05,15.855855855855856,BINANCE
2025-09-02 13:45:55.144,110824.0,3e-05,15.855855855855856,BINANCE
2025-09-02 13:45:55.146,110820.0,0.00419,16.216216216216214,BINANCE
2025-09-02 13:45:55.146,110820.0,5e-05,16.216216216216214,BINANCE
2025-09-02 13:45:55.146,110820.24,5e-05,16.194594594594122,BINANCE
2025-09-02 13:45:55.146,110820.4,5e-05,16.180180180180706,BINANCE
2025-09-02 13:45:55.146,110820.41,5e-05,16.179279279278965,BINANCE
2025-09-02 13:45:55.146,110821.66,5e-05,16.06666666666635,BINANCE
2025-09-02 13:45:55.146,110821.67,5e-05,16.06576576576592,BINANCE
2025-09-02 13:45:55.146,110821.72,5e-05,16.061261261261155,BINANCE
2025-09-02 13:45:55.146,110822.31,0.00118,16.008108108108317,BINANCE
2025-09-02 13:45:55.146,110822.31,0.00046,16.008108108108317,BINANCE
2025-09-02 13:45:55.146,110822.31,0.00027,16.008108108108317,BINANCE
2025-09-02 13:45:55.157,110820.0,0.00019,16.216216216216214,BINANCE
2025-09-02 13:45:55.158,110820.0,0.00185,16.216216216216214,BINANCE
2025-09-02 13:45:55.187,110820.0,0.00045,16.216216216216214,BINANCE
2025-09-02 13:45:55.190,110820.0,0.00014,16.216216216216214,BINANCE
2025-09-02 13:45:55.192,110820.0,0.0008,16.216216216216214,BINANCE
2025-09-02 13:45:55.194,110819.99,5e-05,16.217117117116643,BINANCE
2025-09-02 13:45:55.194,110820.0,0.002,16.216216216216214,BINANCE
2025-09-02 13:45:55.194,110820.0,5e-05,16.216216216216214,BINANCE
2025-09-02 13:45:55.194,110818.9,5e-05,16.31531531531584,BINANCE
2025-09-02 13:45:55.194,110820.0,0.01042,16.216216216216214,BINANCE
2025-09-02 13:45:55.195,110816.62,0.00535,16.52072072072114,BINANCE
2025-09-02 13:45:55.195,110817.32,5e-05,16.457657657657027,BINANCE
2025-09-02 13:45:55.195,110817.99,7e-05,16.397297297296827,BINANCE
2025-09-02 13:45:55.195,110818.44,5e-05,16.356756756756546,BINANCE
2025-09-02 13:45:55.195,110818.45,5e-05,16.35585585585612,BINANCE
2025-09-02 13:45:55.195,110818.5,5e-05,16.35135135135135,BINANCE
2025-09-02 13:45:55.195,110818.51,5e-05,16.350450450450925,BINANCE
2025-09-02 13:45:55.197,110816.62,0.00088,16.52072072072114,BINANCE
2025-09-02 13:45:55.209,110816.62,0.00018,16.52072072072114,BINANCE
2025-09-02 13:45:55.209,110816.62,0.00022,16.52072072072114,BINANCE
2025-09-02 13:45:55.210,110816.62,0.0002,16.52072072072114,BINANCE
2025-09-02 13:45:55.214,110816.62,0.00027,16.52072072072114,BINANCE
2025-09-02 13:45:55.214,110816.62,0.00015,16.52072072072114,BINANCE
2025-09-02 13:45:55.214,110816.62,0.00018,16.52072072072114,BINANCE
2025-09-02 13:45:55.215,110816.62,0.00068,16.52072072072114,BINANCE
2025-09-02 13:45:55.217,110816.62,5e-05,16.52072072072114,BINANCE
2025-09-02 13:45:55.217,110816.62,0.02689,16.52072072072114,BINANCE
2025-09-02 13:45:55.219,110816.04,5e-05,16.57297297297355,BINANCE
2025-09-02 13:45:55.219,110816.03,5e-05,16.57387387387398,BINANCE
2025-09-02 13:45:55.219,110815.12,5e-05,16.655855855856274,BINANCE
2025-09-02 13:45:55.219,110814.89,5e-05,16.67657657657663,BINANCE
2025-09-02 13:45:55.220,110811.9,3e-05,16.94594594594647,BINANCE
2025-09-02 13:45:55.220,110813.03,5e-05,16.84414414414425,BINANCE
2025-09-02 13:45:55.220,110813.91,0.0001,16.764864864864553,BINANCE
2025-09-02 13:45:55.221,110811.9,2e-05,16.94594594594647,BINANCE
2025-09-02 13:45:55.221,110807.97,8e-05,17.299999999999894,BINANCE
2025-09-02 13:45:55.224,110804.67,5e-05,17.597297297297455,BINANCE
2025-09-02 13:45:55.224,110804.66,5e-05,17.598198198197885,BINANCE
2025-09-02 13:45:55.224,110804.33,0.0018,17.627927927927768,BINANCE
2025-09-02 13:45:55.224,110804.07,5e-05,17.651351351350723,BINANCE
2025-09-02 13:45:55.224,110804.06,0.05919,17.652252252252463,BINANCE
2025-09-02 13:45:55.224,110804.06,0.001,17.652252252252463,BINANCE
2025-09-02 13:45:55.224,110804.06,0.00329,17.652252252252463,BINANCE
2025-09-02 13:45:55.224,110804.86,0.01108,17.58018018018013,BINANCE
2025-09-02 13:45:55.224,110804.86,5e-05,17.58018018018013,BINANCE
2025-09-02 13:45:55.224,110807.97,0.00172,17.299999999999894,BINANCE
2025-09-02 13:45:55.224,110807.82,5e-05,17.313513513512884,BINANCE
2025-09-02 13:45:55.224,110807.62,5e-05,17.33153153153195,BINANCE
2025-09-02 13:45:55.224,110806.99,7e-05,17.388288288287818,BINANCE
2025-09-02 13:45:55.224,110807.62,0.00091,17.33153153153195,BINANCE
2025-09-02 13:45:55.224,110805.7,0.00022,17.504504504504766,BINANCE
2025-09-02 13:45:55.224,110805.68,0.003,17.506306306306936,BINANCE
2025-09-02 13:45:55.224,110805.06,0.00451,17.56216216216237,BINANCE
2025-09-02 13:45:55.224,110804.86,0.00892,17.58018018018013,BINANCE
2025-09-02 13:45:55.224,110806.48,5e-05,17.4342342342346,BINANCE
2025-09-02 13:45:55.227,110804.06,0.00013,17.652252252252463,BINANCE
2025-09-02 13:45:55.228,110804.06,9e-05,17.652252252252463,BINANCE
2025-09-02 13:45:55.229,110804.06,0.00581,17.652252252252463,BINANCE
2025-09-02 13:45:55.229,110804.06,0.00903,17.652252252252463,BINANCE
2025-09-02 13:45:55.229,110804.06,0.00146,17.652252252252463,BINANCE
2025-09-02 13:45:55.229,110804.06,0.00321,17.652252252252463,BINANCE
2025-09-02 13:45:55.230,110804.06,9e-05,17.652252252252463,BINANCE
2025-09-02 13:45:55.230,110804.06,0.00012,17.652252252252463,BINANCE
2025-09-02 13:45:55.231,110804.06,0.00202,17.652252252252463,BINANCE
2025-09-02 13:45:55.231,110804.06,0.00018,17.652252252252463,BINANCE
2025-09-02 13:45:55.232,110804.06,0.00143,17.652252252252463,BINANCE
2025-09-02 13:45:55.232,110804.06,0.01805,17.652252252252463,BINANCE
2025-09-02 13:45:55.243,110804.06,5e-05,17.652252252252463,BINANCE
2025-09-02 13:45:55.243,110804.06,3e-05,17.652252252252463,BINANCE
2025-09-02 13:45:55.246,110804.06,7e-05,17.652252252252463,BINANCE
2025-09-02 13:45:55.273,110802.0,0.0663,17.83783783783784,BINANCE
2025-09-02 13:45:55.273,110804.06,0.001,17.652252252252463,BINANCE
2025-09-02 13:45:55.273,110804.06,0.05379,17.652252252252463,BINANCE
2025-09-02 13:45:55.273,110804.06,0.0069,17.652252252252463,BINANCE
2025-09-02 13:45:55.273,110804.06,5e-05,17.652252252252463,BINANCE
2025-09-02 13:45:55.273,110802.82,0.00792,17.763963963963334,BINANCE
2025-09-02 13:45:55.273,110804.0,5e-05,17.65765765765766,BINANCE
2025-09-02 13:45:55.273,110803.73,0.0018,17.68198198198235,BINANCE
2025-09-02 13:45:55.273,110802.21,5e-05,17.818918918918342,BINANCE
2025-09-02 13:45:55.273,110804.0,0.0663,17.65765765765766,BINANCE
2025-09-02 13:45:55.273,110804.06,0.05277,17.652252252252463,BINANCE
2025-09-02 13:45:55.273,110804.06,0.05353,17.652252252252463,BINANCE
2025-09-02 13:45:55.273,110804.06,0.05647,17.652252252252463,BINANCE
2025-09-02 13:45:55.273,110804.06,0.05087,17.652252252252463,BINANCE
2025-09-02 13:45:55.273,110804.06,0.04964,17.652252252252463,BINANCE
2025-09-02 13:45:55.273,110804.06,0.00576,17.652252252252463,BINANCE
2025-09-02 13:45:55.274,110801.06,5e-05,17.92252252252273,BINANCE
2025-09-02 13:45:55.274,110801.06,0.0001,17.92252252252273,BINANCE
2025-09-02 13:45:55.275,110801.06,0.0001,17.92252252252273,BINANCE
2025-09-02 13:45:55.289,110801.07,0.01,17.921621621620993,BINANCE
2025-09-02 13:45:55.361,110801.06,0.00027,17.92252252252273,BINANCE
2025-09-02 13:45:55.407,110801.06,0.0005,17.92252252252273,BINANCE
2025-09-02 13:45:55.521,110801.06,0.00731,17.92252252252273,BINANCE
2025-09-02 13:45:55.610,110801.06,0.00026,17.92252252252273,BINANCE
2025-09-02 13:45:55.621,110801.06,0.00039,17.92252252252273,BINANCE
2025-09-02 13:45:55.645,110801.06,0.00019,17.92252252252273,BINANCE
2025-09-02 13:45:55.726,110801.05,0.0001,17.92342342342316,BINANCE
2025-09-02 13:45:55.726,110801.06,5e-05,17.92252252252273,BINANCE
2025-09-02 13:45:55.726,110801.06,0.0126,17.92252252252273,BINANCE
2025-09-02 13:45:55.726,110801.06,0.00045,17.92252252252273,BINANCE
2025-09-02 13:45:55.726,110801.06,0.0001,17.92252252252273,BINANCE
2025-09-02 13:45:55.733,110800.0,5e-05,18.01801801801802,BINANCE
2025-09-02 13:45:55.733,110800.0,0.00306,18.01801801801802,BINANCE
2025-09-02 13:45:55.766,110800.01,0.03463,18.01711711711759,BINANCE
2025-09-02 13:45:55.777,110800.0,0.00915,18.01801801801802,BINANCE
2025-09-02 13:45:55.778,110800.0,5e-05,18.01801801801802,BINANCE
2025-09-02 13:45:55.778,110800.0,0.01,18.01801801801802,BINANCE
2025-09-02 13:45:55.778,110800.0,0.00608,18.01801801801802,BINANCE
2025-09-02 13:45:55.778,110800.0,0.0001,18.01801801801802,BINANCE
2025-09-02 13:45:55.778,110800.0,0.00584,18.01801801801802,BINANCE
2025-09-02 13:45:55.779,110796.01,5e-05,18.37747747747795,BINANCE
2025-09-02 13:45:55.779,110796.76,0.00018,18.30990990991038,BINANCE
2025-09-02 13:45:55.779,110796.8,5e-05,18.306306306306045,BINANCE
2025-09-02 13:45:55.779,110796.73,5e-05,18.31261261261298,BINANCE
2025-09-02 13:45:55.779,110798.02,0.008,18.19639639639603,BINANCE
2025-09-02 13:45:55.779,110799.99,0.0001,18.018918918918448,BINANCE
2025-09-02 13:45:55.779,110800.0,5e-05,18.01801801801802,BINANCE
2025-09-02 13:45:55.779,110800.0,0.01805,18.01801801801802,BINANCE
2025-09-02 13:45:55.779,110798.02,5e-05,18.19639639639603,BINANCE
2025-09-02 13:45:55.781,110795.64,5e-05,18.41081081081086,BINANCE
2025-09-02 13:45:55.781,110795.99,0.0001,18.379279279278805,BINANCE
2025-09-02 13:45:55.781,110795.99,7e-05,18.379279279278805,BINANCE
2025-09-02 13:45:55.781,110796.0,0.0001,18.37837837837838,BINANCE
2025-09-02 13:45:55.781,110796.0,5e-05,18.37837837837838,BINANCE
2025-09-02 13:45:55.782,110795.0,5e-05,18.46846846846847,BINANCE
2025-09-02 13:45:55.782,110792.76,0.00121,18.67027027027074,BINANCE
2025-09-02 13:45:55.782,110794.48,0.00018,18.515315315315682,BINANCE
2025-09-02 13:45:55.782,110794.95,0.00018,18.472972972973235,BINANCE
2025-09-02 13:45:55.782,110795.01,5e-05,18.46756756756804,BINANCE
2025-09-02 13:45:55.782,110795.56,5e-05,18.418018018018227,BINANCE
2025-09-02 13:45:55.785,110792.76,0.0002,18.67027027027074,BINANCE
2025-09-02 13:45:55.786,110788.41,5e-05,19.062162162161847,BINANCE
2025-09-02 13:45:55.786,110788.4,5e-05,19.063063063063588,BINANCE
2025-09-02 13:45:55.786,110787.53,5e-05,19.141441441441547,BINANCE
2025-09-02 13:45:55.786,110788.85,0.00181,19.022522522521996,BINANCE
2025-09-02 13:45:55.786,110787.07,5e-05,19.182882882882254,BINANCE
2025-09-02 13:45:55.786,110785.79,0.00859,19.298198198198776,BINANCE
2025-09-02 13:45:55.786,110787.06,5e-05,19.183783783783994,BINANCE
2025-09-02 13:45:55.786,110785.98,5e-05,19.28108108108145,BINANCE
2025-09-02 13:45:55.786,110785.8,5e-05,19.297297297297035,BINANCE
2025-09-02 13:45:55.786,110787.24,5e-05,19.167567567567094,BINANCE
2025-09-02 13:45:55.786,110789.45,0.00181,18.96846846846873,BINANCE
2025-09-02 13:45:55.786,110792.75,5e-05,18.67117117117117,BINANCE
2025-09-02 13:45:55.786,110790.75,9e-05,18.85135135135135,BINANCE
2025-09-02 13:45:55.786,110790.22,5e-05,18.899099099098994,BINANCE
2025-09-02 13:45:55.786,110792.76,5e-05,18.67027027027074,BINANCE
2025-09-02 13:45:55.786,110792.76,0.0007,18.67027027027074,BINANCE
2025-09-02 13:45:55.786,110792.76,0.05592,18.67027027027074,BINANCE
2025-09-02 13:45:55.786,110791.39,5e-05,18.793693693693747,BINANCE
2025-09-02 13:45:55.786,110791.36,5e-05,18.796396396396343,BINANCE
2025-09-02 13:45:55.786,110790.96,5e-05,18.832432432431855,BINANCE
2025-09-02 13:45:55.786,110790.95,5e-05,18.833333333333595,BINANCE
2025-09-02 13:45:55.848,110785.79,0.0004,19.298198198198776,BINANCE
2025-09-02 13:45:55.848,110785.79,5e-05,19.298198198198776,BINANCE
2025-09-02 13:45:55.860,110785.8,0.019,19.297297297297035,BINANCE
2025-09-02 13:45:55.863,110785.99,5e-05,19.28018018017971,BINANCE
2025-09-02 13:45:55.863,110785.98,5e-05,19.28108108108145,BINANCE
2025-09-02 13:45:55.863,110785.81,0.0001,19.296396396396606,BINANCE
2025-09-02 13:45:55.863,110785.8,0.0001,19.297297297297035,BINANCE
2025-09-02 13:45:55.863,110785.8,0.02368,19.297297297297035,BINANCE
2025-09-02 13:45:55.863,110785.8,5e-05,19.297297297297035,BINANCE
2025-09-02 13:45:55.863,110785.8,0.12257,19.297297297297035,BINANCE
2025-09-02 13:45:55.863,110785.8,0.0077,19.297297297297035,BINANCE
2025-09-02 13:45:55.865,110787.99,5e-05,19.09999999999953,BINANCE
2025-09-02 13:45:55.865,110786.0,5e-05,19.27927927927928,BINANCE
2025-09-02 13:45:55.867,110792.75,5e-05,18.67117117117117,BINANCE
2025-09-02 13:45:55.867,110792.76,5e-05,18.67027027027074,BINANCE
2025-09-02 13:45:55.867,110794.0,0.00215,18.55855855855856,BINANCE
2025-09-02 13:45:55.867,110792.0,5e-05,18.73873873873874,BINANCE
2025-09-02 13:45:55.867,110791.39,5e-05,18.793693693693747,BINANCE
2025-09-02 13:45:55.867,110791.99,5e-05,18.73963963963917,BINANCE
2025-09-02 13:45:55.867,110788.0,5e-05,19.0990990990991,BINANCE
2025-09-02 13:45:55.871,110795.56,5e-05,18.418018018018227,BINANCE
2025-09-02 13:45:55.871,110794.01,0.0001,18.55765765765813,BINANCE
2025-09-02 13:45:55.871,110794.0,5e-05,18.55855855855856,BINANCE
2025-09-02 13:45:55.871,110794.0,0.0001,18.55855855855856,BINANCE
2025-09-02 13:45:55.884,110795.57,0.01,18.417117117116486,BINANCE
2025-09-02 13:45:55.884,110795.57,0.0001,18.417117117116486,BINANCE
2025-09-02 13:45:55.884,110795.57,0.0002,18.417117117116486,BINANCE
2025-09-02 13:45:55.884,110795.57,5e-05,18.417117117116486,BINANCE
2025-09-02 13:45:55.933,110795.56,4e-05,18.418018018018227,BINANCE
2025-09-02 13:45:56.003,110795.58,0.0001,18.416216216216057,BINANCE
2025-09-02 13:45:56.003,110798.0,0.0001,18.1981981981982,BINANCE
2025-09-02 13:45:56.003,110797.99,5e-05,18.19909909909863,BINANCE
2025-09-02 13:45:56.003,110796.8,5e-05,18.306306306306045,BINANCE
2025-09-02 13:45:56.003,110795.57,5e-05,18.417117117116486,BINANCE
2025-09-02 13:45:56.003,110795.57,0.0001,18.417117117116486,BINANCE
2025-09-02 13:45:56.007,110797.99,0.03227,18.19909909909863,BINANCE
2025-09-02 13:45:56.070,110798.0,0.00013,18.1981981981982,BINANCE
2025-09-02 13:45:56.074,110797.99,0.00018,18.19909909909863,BINANCE
2025-09-02 13:45:56.109,110798.0,5e-05,18.1981981981982,BINANCE
2025-09-02 13:45:56.109,110798.0,0.00688,18.1981981981982,BINANCE
2025-09-02 13:45:56.109,110798.0,0.00232,18.1981981981982,BINANCE
2025-09-02 13:45:56.109,110798.0,0.0008,18.1981981981982,BINANCE
2025-09-02 13:45:56.109,110798.0,0.0012,18.1981981981982,BINANCE
2025-09-02 13:45:56.109,110798.0,0.0001,18.1981981981982,BINANCE
2025-09-02 13:45:56.198,110798.0,0.00952,18.1981981981982,BINANCE
2025-09-02 13:45:56.198,110798.0,0.02648,18.1981981981982,BINANCE
2025-09-02 13:45:56.290,110798.0,7e-05,18.1981981981982,BINANCE
2025-09-02 13:45:56.364,110797.99,0.01016,18.19909909909863,BINANCE
2025-09-02 13:45:56.364,110797.99,0.00053,18.19909909909863,BINANCE
2025-09-02 13:45:56.368,110798.0,0.00013,18.1981981981982,BINANCE
2025-09-02 13:45:56.600,110798.0,0.00013,18.1981981981982,BINANCE
2025-09-02 13:45:56.624,110798.0,0.00079,18.1981981981982,BINANCE
2025-09-02 13:45:56.687,110797.99,9e-05,18.19909909909863,BINANCE
2025-09-02 13:45:56.731,110797.99,0.00014,18.19909909909863,BINANCE
2025-09-02 13:45:56.775,110797.99,0.00451,18.19909909909863,BINANCE
2025-09-02 13:45:56.844,110797.99,0.00052,18.19909909909863,BINANCE
2025-09-02 13:45:56.868,110798.0,0.00013,18.1981981981982,BINANCE
2025-09-02 13:45:56.893,110798.0,0.0001,18.1981981981982,BINANCE
2025-09-02 13:45:56.893,110798.29,5e-05,18.17207207207265,BINANCE
2025-09-02 13:45:56.893,110798.01,0.0001,18.19729729729777,BINANCE
2025-09-02 13:45:56.893,110798.0,5e-05,18.1981981981982,BINANCE
2025-09-02 13:45:56.893,110798.0,0.02706,18.1981981981982,BINANCE
2025-09-02 13:45:56.893,110798.0,0.12833,18.1981981981982,BINANCE
2025-09-02 13:45:56.893,110798.0,0.03352,18.1981981981982,BINANCE
2025-09-02 13:45:56.895,110808.0,0.061,17.2972972972973,BINANCE
2025-09-02 13:45:56.895,110807.62,5e-05,17.33153153153195,BINANCE
2025-09-02 13:45:56.895,110807.36,5e-05,17.354954954954902,BINANCE
2025-09-02 13:45:56.895,110806.15,5e-05,17.46396396396449,BINANCE
2025-09-02 13:45:56.895,110806.31,0.00082,17.449549549549758,BINANCE
2025-09-02 13:45:56.895,110809.38,0.00082,17.172972972972556,BINANCE
2025-09-02 13:45:56.895,110806.0,5e-05,17.47747747747748,BINANCE
2025-09-02 13:45:56.895,110807.0,7e-05,17.38738738738739,BINANCE
2025-09-02 13:45:56.895,110809.41,0.0001,17.170270270269956,BINANCE
2025-09-02 13:45:56.895,110816.27,0.00082,16.552252252251886,BINANCE
2025-09-02 13:45:56.895,110814.91,0.0001,16.67477477477446,BINANCE
2025-09-02 13:45:56.895,110816.05,0.855,16.572072072071812,BINANCE
2025-09-02 13:45:56.895,110817.7,0.003,16.423423423423685,BINANCE
2025-09-02 13:45:56.895,110818.0,7e-05,16.396396396396398,BINANCE
2025-09-02 13:45:56.895,110806.0,0.0663,17.47747747747748,BINANCE
2025-09-02 13:45:56.895,110818.44,5e-05,16.356756756756546,BINANCE
2025-09-02 13:45:56.895,110818.5,0.0001,16.35135135135135,BINANCE
2025-09-02 13:45:56.895,110818.5,0.36731,16.35135135135135,BINANCE
2025-09-02 13:45:56.895,110813.03,5e-05,16.84414414414425,BINANCE
2025-09-02 13:45:56.895,110805.01,5e-05,17.56666666666714,BINANCE
2025-09-02 13:45:56.895,110799.99,5e-05,18.018918918918448,BINANCE
2025-09-02 13:45:56.895,110804.57,5e-05,17.606306306305676,BINANCE
2025-09-02 13:45:56.895,110804.58,5e-05,17.605405405405246,BINANCE
2025-09-02 13:45:56.895,110798.3,5e-05,18.171171171170908,BINANCE
2025-09-02 13:45:56.895,110800.0,5e-05,18.01801801801802,BINANCE
2025-09-02 13:45:56.895,110801.99,5e-05,17.838738738738268,BINANCE
2025-09-02 13:45:56.895,110802.0,5e-05,17.83783783783784,BINANCE
2025-09-02 13:45:56.895,110802.21,5e-05,17.818918918918342,BINANCE
2025-09-02 13:45:56.895,110803.99,5e-05,17.658558558558088,BINANCE
2025-09-02 13:45:56.895,110804.0,5e-05,17.65765765765766,BINANCE
2025-09-02 13:45:56.904,110818.49,0.00049,16.35225225225178,BINANCE
2025-09-02 13:45:56.910,110818.49,0.07031,16.35225225225178,BINANCE
2025-09-02 13:45:56.910,110818.5,0.001,16.35135135135135,BINANCE
2025-09-02 13:45:56.910,110818.5,0.019,16.35135135135135,BINANCE
2025-09-02 13:45:56.917,110818.5,0.019,16.35135135135135,BINANCE
2025-09-02 13:45:56.919,110818.5,0.019,16.35135135135135,BINANCE
2025-09-02 13:45:56.920,110818.5,0.019,16.35135135135135,BINANCE
2025-09-02 13:45:56.921,110818.5,0.018,16.35135135135135,BINANCE
2025-09-02 13:45:56.921,110818.5,0.02,16.35135135135135,BINANCE
2025-09-02 13:45:56.927,110818.5,0.012,16.35135135135135,BINANCE
2025-09-02 13:45:56.935,110818.49,0.00012,16.35225225225178,BINANCE
2025-09-02 13:45:56.936,110818.5,0.02256,16.35135135135135,BINANCE
2025-09-02 13:45:56.947,110818.5,0.01291,16.35135135135135,BINANCE
2025-09-02 13:45:56.947,110818.5,0.005,16.35135135135135,BINANCE
2025-09-02 13:45:56.950,110818.49,0.0013,16.35225225225178,BINANCE
2025-09-02 13:45:56.965,110818.5,0.00323,16.35135135135135,BINANCE
2025-09-02 13:45:56.966,110818.49,0.13115,16.35225225225178,BINANCE
2025-09-02 13:45:56.966,110818.49,0.36345,16.35225225225178,BINANCE
2025-09-02 13:45:56.968,110818.5,0.00109,16.35135135135135,BINANCE
2025-09-02 13:45:56.978,110818.5,0.02145,16.35135135135135,BINANCE
2025-09-02 13:45:56.988,110818.49,0.00016,16.35225225225178,BINANCE
2025-09-02 13:45:56.993,110818.5,0.00227,16.35135135135135,BINANCE
2025-09-02 13:45:57.074,110818.5,0.01795,16.35135135135135,BINANCE
2025-09-02 13:45:57.085,110818.49,0.0009,16.35225225225178,BINANCE
2025-09-02 13:45:57.139,110818.5,0.00451,16.35135135135135,BINANCE
2025-09-02 13:45:57.151,110818.5,0.0001,16.35135135135135,BINANCE
2025-09-02 13:45:57.197,110818.5,0.036,16.35135135135135,BINANCE
2025-09-02 13:45:57.209,110818.5,0.0001,16.35135135135135,BINANCE
2025-09-02 13:45:57.232,110818.49,0.00297,16.35225225225178,BINANCE
2025-09-02 13:45:57.232,110818.49,0.00073,16.35225225225178,BINANCE
2025-09-02 13:45:57.232,110818.49,0.05649,16.35225225225178,BINANCE
2025-09-02 13:45:57.232,110818.49,0.0298,16.35225225225178,BINANCE
2025-09-02 13:45:57.281,110818.49,0.00048,16.35225225225178,BINANCE
2025-09-02 13:45:57.284,110818.5,0.00272,16.35135135135135,BINANCE
2025-09-02 13:45:57.295,110818.49,8e-05,16.35225225225178,BINANCE
2025-09-02 13:45:57.326,110818.5,0.00199,16.35135135135135,BINANCE
2025-09-02 13:45:57.339,110818.5,0.0022,16.35135135135135,BINANCE
2025-09-02 13:45:57.371,110818.5,0.036,16.35135135135135,BINANCE
2025-09-02 13:45:57.406,110818.5,0.00224,16.35135135135135,BINANCE
2025-09-02 13:45:57.416,110818.5,0.00662,16.35135135135135,BINANCE
2025-09-02 13:45:57.416,110818.5,0.01594,16.35135135135135,BINANCE
2025-09-02 13:45:57.421,110818.49,0.00094,16.35225225225178,BINANCE
2025-09-02 13:45:57.467,110818.49,0.00902,16.35225225225178,BINANCE
2025-09-02 13:45:57.538,110818.49,0.00048,16.35225225225178,BINANCE
2025-09-02 13:45:57.592,110818.5,0.0082,16.35135135135135,BINANCE
2025-09-02 13:45:57.601,110818.49,0.00731,16.35225225225178,BINANCE
2025-09-02 13:45:57.687,110818.5,0.00352,16.35135135135135,BINANCE
2025-09-02 13:45:57.697,110818.49,0.00046,16.35225225225178,BINANCE
2025-09-02 13:45:57.755,110818.49,0.00053,16.35225225225178,BINANCE
2025-09-02 13:45:57.795,110818.49,0.00012,16.35225225225178,BINANCE
2025-09-02 13:45:57.806,110818.5,0.00731,16.35135135135135,BINANCE
2025-09-02 13:45:57.821,110818.49,0.00188,16.35225225225178,BINANCE
2025-09-02 13:45:57.961,110818.5,0.019,16.35135135135135,BINANCE
2025-09-02 13:45:57.962,110818.5,0.00935,16.35135135135135,BINANCE
2025-09-02 13:45:57.962,110818.5,0.00965,16.35135135135135,BINANCE
2025-09-02 13:45:57.963,110818.5,0.019,16.35135135135135,BINANCE
2025-09-02 13:45:57.964,110818.5,0.019,16.35135135135135,BINANCE
2025-09-02 13:45:57.976,110818.5,0.00742,16.35135135135135,BINANCE
2025-09-02 13:45:57.976,110818.5,0.01059,16.35135135135135,BINANCE
2025-09-02 13:45:57.985,110818.5,0.00401,16.35135135135135,BINANCE
2025-09-02 13:45:58.060,110818.49,0.0053,16.35225225225178,BINANCE
2025-09-02 13:45:58.072,110818.5,0.019,16.35135135135135,BINANCE
2025-09-02 13:45:58.073,110818.5,0.016,16.35135135135135,BINANCE
2025-09-02 13:45:58.073,110818.5,0.00875,16.35135135135135,BINANCE
2025-09-02 13:45:58.073,110818.5,5e-05,16.35135135135135,BINANCE
2025-09-02 13:45:58.073,110818.5,0.0092,16.35135135135135,BINANCE
2025-09-02 13:45:58.083,110818.49,0.00033,16.35225225225178,BINANCE
2025-09-02 13:45:58.095,110818.49,7e-05,16.35225225225178,BINANCE
2025-09-02 13:45:58.104,110818.5,0.00018,16.35135135135135,BINANCE
2025-09-02 13:45:58.107,110818.49,0.00027,16.35225225225178,BINANCE
2025-09-02 13:45:58.110,110818.49,0.0001,16.35225225225178,BINANCE
2025-09-02 13:45:58.119,110818.5,0.036,16.35135135135135,BINANCE
2025-09-02 13:45:58.123,110818.5,9e-05,16.35135135135135,BINANCE
2025-09-02 13:45:58.132,110818.49,0.00039,16.35225225225178,BINANCE
2025-09-02 13:45:58.143,110818.5,0.019,16.35135135135135,BINANCE
2025-09-02 13:45:58.143,110818.5,0.00119,16.35135135135135,BINANCE
2025-09-02 13:45:58.143,110818.5,0.01781,16.35135135135135,BINANCE
2025-09-02 13:45:58.148,110818.5,0.019,16.35135135135135,BINANCE
2025-09-02 13:45:58.157,110818.5,0.018,16.35135135135135,BINANCE
2025-09-02 13:45:58.158,110818.5,0.00194,16.35135135135135,BINANCE
2025-09-02 13:45:58.158,110818.5,0.01606,16.35135135135135,BINANCE
2025-09-02 13:45:58.158,110818.5,0.019,16.35135135135135,BINANCE
2025-09-02 13:45:58.159,110818.5,0.016,16.35135135135135,BINANCE
2025-09-02 13:45:58.160,110818.5,0.018,16.35135135135135,BINANCE
2025-09-02 13:45:58.185,110818.5,0.002,16.35135135135135,BINANCE
2025-09-02 13:45:58.193,110818.49,9e-05,16.35225225225178,BINANCE
2025-09-02 13:45:58.197,110818.49,7e-05,16.35225225225178,BINANCE
2025-09-02 13:45:58.199,110818.49,0.00013,16.35225225225178,BINANCE
2025-09-02 13:45:58.201,110818.49,0.00182,16.35225225225178,BINANCE
2025-09-02 13:45:58.203,110818.5,0.00135,16.35135135135135,BINANCE
2025-09-02 13:45:58.204,110818.49,0.00013,16.35225225225178,BINANCE
2025-09-02 13:45:58.207,110818.49,7e-05,16.35225225225178,BINANCE
2025-09-02 13:45:58.232,110818.49,0.00025,16.35225225225178,BINANCE
2025-09-02 13:45:58.280,110818.49,0.00012,16.35225225225178,BINANCE
2025-09-02 13:45:58.343,110818.49,0.00046,16.35225225225178,BINANCE
2025-09-02 13:45:58.436,110818.5,0.0172,16.35135135135135,BINANCE
2025-09-02 13:45:58.436,110818.5,5e-05,16.35135135135135,BINANCE
2025-09-02 13:45:58.436,110818.5,0.00135,16.35135135135135,BINANCE
2025-09-02 13:45:58.437,110818.5,0.018,16.35135135135135,BINANCE
2025-09-02 13:45:58.437,110818.5,0.00351,16.35135135135135,BINANCE
2025-09-02 13:45:58.437,110818.5,0.016,16.35135135135135,BINANCE
2025-09-02 13:45:58.437,110818.5,0.01444,16.35135135135135,BINANCE
2025-09-02 13:45:58.437,110818.5,5e-05,16.35135135135135,BINANCE
2025-09-02 13:45:58.438,110818.51,5e-05,16.350450450450925,BINANCE
2025-09-02 13:45:58.438,110819.99,0.0307,16.217117117116643,BINANCE
2025-09-02 13:45:58.438,110819.99,5e-05,16.217117117116643,BINANCE
2025-09-02 13:45:58.438,110819.99,0.00269,16.217117117116643,BINANCE
2025-09-02 13:45:58.438,110818.51,0.0001,16.350450450450925,BINANCE
2025-09-02 13:45:58.438,110818.5,0.00761,16.35135135135135,BINANCE
2025-09-02 13:45:58.438,110818.5,5e-05,16.35135135135135,BINANCE
2025-09-02 13:45:58.438,110818.5,0.0001,16.35135135135135,BINANCE
2025-09-02 13:45:58.438,110818.5,0.01109,16.35135135135135,BINANCE
2025-09-02 13:45:58.438,110818.5,0.01,16.35135135135135,BINANCE
2025-09-02 13:45:58.441,110820.01,5e-05,16.215315315315788,BINANCE
2025-09-02 13:45:58.441,110820.32,5e-05,16.18738738738676,BINANCE
2025-09-02 13:45:58.441,110820.01,0.0001,16.215315315315788,BINANCE
2025-09-02 13:45:58.441,110820.0,0.0001,16.216216216216214,BINANCE
2025-09-02 13:45:58.441,110820.0,5e-05,16.216216216216214,BINANCE
2025-09-02 13:45:58.441,110820.0,0.01805,16.216216216216214,BINANCE
2025-09-02 13:45:58.446,110820.34,5e-05,16.1855855855859,BINANCE
2025-09-02 13:45:58.446,110821.99,5e-05,16.036936936936467,BINANCE
2025-09-02 13:45:58.446,110822.0,5e-05,16.036036036036037,BINANCE
2025-09-02 13:45:58.446,110823.99,5e-05,15.856756756756285,BINANCE
2025-09-02 13:45:58.446,110823.85,5e-05,15.869369369368846,BINANCE
2025-09-02 13:45:58.446,110824.0,0.0172,15.855855855855856,BINANCE
2025-09-02 13:45:58.446,110820.33,5e-05,16.18648648648633,BINANCE
2025-09-02 13:45:58.451,110824.0,0.01775,15.855855855855856,BINANCE
2025-09-02 13:45:58.451,110824.0,5e-05,15.855855855855856,BINANCE
2025-09-02 13:45:58.462,110824.0,0.018,15.855855855855856,BINANCE
2025-09-02 13:45:58.483,110824.0,0.00197,15.855855855855856,BINANCE
2025-09-02 13:45:58.512,110830.71,5e-05,15.251351351350776,BINANCE
2025-09-02 13:45:58.512,110830.7,5e-05,15.252252252252514,BINANCE
2025-09-02 13:45:58.512,110829.0,7e-05,15.405405405405405,BINANCE
2025-09-02 13:45:58.512,110829.26,5e-05,15.381981981982452,BINANCE
2025-09-02 13:45:58.512,110828.45,0.00022,15.454954954955218,BINANCE
2025-09-02 13:45:58.512,110828.81,5e-05,15.422522522522732,BINANCE
2025-09-02 13:45:58.512,110830.47,0.0001,15.272972972972868,BINANCE
2025-09-02 13:45:58.512,110832.34,5e-05,15.104504504504819,BINANCE
2025-09-02 13:45:58.512,110834.32,0.003,14.926126126125496,BINANCE
2025-09-02 13:45:58.512,110832.92,5e-05,15.05225225225241,BINANCE
2025-09-02 13:45:58.512,110834.69,0.01578,14.892792792792584,BINANCE
2025-09-02 13:45:58.512,110832.93,5e-05,15.05135135135198,BINANCE
2025-09-02 13:45:58.512,110833.58,5e-05,14.992792792792637,BINANCE
2025-09-02 13:45:58.512,110833.85,0.0001,14.968468468467943,BINANCE
2025-09-02 13:45:58.512,110834.67,5e-05,14.894594594594754,BINANCE
2025-09-02 13:45:58.512,110834.68,5e-05,14.893693693694324,BINANCE
2025-09-02 13:45:58.512,110828.31,5e-05,15.467567567567777,BINANCE
2025-09-02 13:45:58.512,110832.35,0.00082,15.103603603603078,BINANCE
2025-09-02 13:45:58.512,110824.01,5e-05,15.854954954955428,BINANCE
2025-09-02 13:45:58.512,110828.3,5e-05,15.468468468468206,BINANCE
2025-09-02 13:45:58.512,110824.0,5e-05,15.855855855855856,BINANCE
2025-09-02 13:45:58.512,110824.04,0.0001,15.852252252252828,BINANCE
2025-09-02 13:45:58.512,110827.34,0.0001,15.55495495495527,BINANCE
2025-09-02 13:45:58.512,110828.16,5e-05,15.481081081080767,BINANCE
2025-09-02 13:45:58.512,110828.29,5e-05,15.469369369369947,BINANCE
2025-09-02 13:45:58.568,110834.68,0.00081,14.893693693694324,BINANCE
2025-09-02 13:45:58.692,110834.69,0.0001,14.892792792792584,BINANCE
2025-09-02 13:45:58.727,110834.69,0.036,14.892792792792584,BINANCE
2025-09-02 13:45:58.826,110834.68,0.00451,14.893693693694324,BINANCE
2025-09-02 13:45:58.883,110834.68,0.46582,14.893693693694324,BINANCE
2025-09-02 13:45:58.883,110831.89,5e-05,15.145045045045098,BINANCE
2025-09-02 13:45:58.883,110834.68,5e-05,14.893693693694324,BINANCE
2025-09-02 13:45:58.883,110834.68,0.0001,14.893693693694324,BINANCE
2025-09-02 13:45:58.883,110834.67,0.0001,14.894594594594754,BINANCE
2025-09-02 13:45:58.883,110834.68,0.05411,14.893693693694324,BINANCE
2025-09-02 13:45:58.883,110834.68,0.0351,14.893693693694324,BINANCE
2025-09-02 13:45:58.883,110834.68,0.01767,14.893693693694324,BINANCE
2025-09-02 13:45:58.885,110830.01,5e-05,15.314414414414886,BINANCE
2025-09-02 13:45:58.885,110831.87,0.0001,15.146846846847266,BINANCE
2025-09-02 13:45:58.885,110831.88,5e-05,15.145945945945526,BINANCE
2025-09-02 13:45:58.885,110831.88,0.0001,15.145945945945526,BINANCE
2025-09-02 13:45:58.905,110830.0,5e-05,15.315315315315315,BINANCE
2025-09-02 13:45:58.905,110830.0,0.0001,15.315315315315315,BINANCE
2025-09-02 13:45:58.905,110830.0,0.0086,15.315315315315315,BINANCE
2025-09-02 13:45:58.905,110830.0,0.01,15.315315315315315,BINANCE
2025-09-02 13:45:58.930,110830.01,0.00033,15.314414414414886,BINANCE
2025-09-02 13:45:58.931,110830.0,0.0013,15.315315315315315,BINANCE
2025-09-02 13:45:58.938,110830.0,0.00489,15.315315315315315,BINANCE
2025-09-02 13:45:58.967,110830.0,0.00045,15.315315315315315,BINANCE
2025-09-02 13:45:58.989,110830.0,0.00334,15.315315315315315,BINANCE
2025-09-02 13:45:59.022,110830.01,6e-05,15.314414414414886,BINANCE
2025-09-02 13:45:59.206,110830.01,0.00451,15.314414414414886,BINANCE
2025-09-02 13:45:59.389,110830.01,0.00081,15.314414414414886,BINANCE
2025-09-02 13:45:59.389,110830.01,0.03519,15.314414414414886,BINANCE
2025-09-02 13:45:59.509,110830.01,0.01069,15.314414414414886,BINANCE
2025-09-02 13:45:59.573,110830.0,0.00288,15.315315315315315,BINANCE
2025-09-02 13:45:59.640,110830.0,0.00043,15.315315315315315,BINANCE
2025-09-02 13:45:59.675,110830.0,0.00013,15.315315315315315,BINANCE
2025-09-02 13:45:59.823,110830.0,0.0001,15.315315315315315,BINANCE
2025-09-02 13:45:59.881,110830.01,0.019,15.314414414414886,BINANCE
2025-09-02 13:45:59.950,110830.01,0.019,15.314414414414886,BINANCE
2025-09-02 13:46:00.013,110830.01,0.00297,15.314414414414886,BINANCE
2025-09-02 13:46:00.013,110830.01,0.01,15.314414414414886,BINANCE
2025-09-02 13:46:00.013,110830.01,0.00503,15.314414414414886,BINANCE
2025-09-02 13:46:00.015,110830.01,0.02,15.314414414414886,BINANCE
2025-09-02 13:46:00.024,110830.01,0.00051,15.314414414414886,BINANCE
2025-09-02 13:46:00.037,110830.01,0.036,15.314414414414886,BINANCE
2025-09-02 13:46:00.116,110830.01,0.018,15.314414414414886,BINANCE
2025-09-02 13:46:00.117,110830.01,0.019,15.314414414414886,BINANCE
2025-09-02 13:46:00.117,110830.01,0.016,15.314414414414886,BINANCE
2025-09-02 13:46:00.117,110830.01,0.00905,15.314414414414886,BINANCE
2025-09-02 13:46:00.117,110830.01,0.018,15.314414414414886,BINANCE
2025-09-02 13:46:00.117,110830.01,0.00995,15.314414414414886,BINANCE
2025-09-02 13:46:00.118,110830.01,0.019,15.314414414414886,BINANCE
2025-09-02 13:46:00.140,110830.01,5e-05,15.314414414414886,BINANCE
2025-09-02 13:46:00.140,110830.01,0.0001,15.314414414414886,BINANCE
2025-09-02 13:46:00.140,110830.02,5e-05,15.313513513513145,BINANCE
2025-09-02 13:46:00.140,110830.02,0.0451,15.313513513513145,BINANCE
2025-09-02 13:46:00.140,110831.89,0.002,15.145045045045098,BINANCE
2025-09-02 13:46:00.140,110831.99,5e-05,15.136036036035563,BINANCE
2025-09-02 13:46:00.140,110832.0,5e-05,15.135135135135135,BINANCE
2025-09-02 13:46:00.140,110830.01,0.04444,15.314414414414886,BINANCE
2025-09-02 13:46:00.140,110830.01,0.00035,15.314414414414886,BINANCE
2025-09-02 13:46:00.140,110830.01,0.01643,15.314414414414886,BINANCE
2025-09-02 13:46:00.140,110830.01,0.00036,15.314414414414886,BINANCE
2025-09-02 13:46:00.144,110834.68,5e-05,14.893693693694324,BINANCE
2025-09-02 13:46:00.144,110834.67,5e-05,14.894594594594754,BINANCE
2025-09-02 13:46:00.147,110834.67,5e-05,14.894594594594754,BINANCE
2025-09-02 13:46:00.147,110834.68,5e-05,14.893693693694324,BINANCE
2025-09-02 13:46:00.147,110835.98,5e-05,14.776576576576945,BINANCE
2025-09-02 13:46:00.148,110835.98,0.02155,14.776576576576945,BINANCE
2025-09-02 13:46:00.148,110835.98,0.00972,14.776576576576945,BINANCE
2025-09-02 13:46:00.157,110835.99,5e-05,14.775675675675203,BINANCE
2025-09-02 13:46:00.167,110835.99,0.018,14.775675675675203,BINANCE
2025-09-02 13:46:00.167,110835.99,0.01,14.775675675675203,BINANCE
2025-09-02 13:46:00.167,110835.99,0.01825,14.775675675675203,BINANCE
2025-09-02 13:46:00.167,110835.99,0.0001,14.775675675675203,BINANCE
2025-09-02 13:46:00.167,110835.99,5e-05,14.775675675675203,BINANCE
2025-09-02 13:46:00.168,110835.99,0.016,14.775675675675203,BINANCE
2025-09-02 13:46:00.168,110835.99,0.018,14.775675675675203,BINANCE
2025-09-02 13:46:00.169,110835.99,0.00269,14.775675675675203,BINANCE
2025-09-02 13:46:00.169,110835.99,0.019,14.775675675675203,BINANCE
2025-09-02 13:46:00.170,110835.99,0.02256,14.775675675675203,BINANCE
2025-09-02 13:46:00.306,110835.99,0.01,14.775675675675203,BINANCE
2025-09-02 13:46:00.306,110835.99,5e-05,14.775675675675203,BINANCE
2025-09-02 13:46:00.306,110835.99,0.0001,14.775675675675203,BINANCE
2025-09-02 13:46:00.306,110835.99,0.01705,14.775675675675203,BINANCE
2025-09-02 13:46:00.400,110835.99,0.00813,14.775675675675203,BINANCE
2025-09-02 13:46:00.400,110835.99,0.00977,14.775675675675203,BINANCE
2025-09-02 13:46:00.400,110835.99,0.01805,14.775675675675203,BINANCE
2025-09-02 13:46:00.400,110835.99,5e-05,14.775675675675203,BINANCE
2025-09-02 13:46:00.480,110835.98,0.0002,14.776576576576945,BINANCE
2025-09-02 13:46:00.518,110835.99,5e-05,14.775675675675203,BINANCE
2025-09-02 13:46:00.518,110836.01,0.0001,14.773873873874345,BINANCE
2025-09-02 13:46:00.518,110836.01,0.00081,14.773873873874345,BINANCE
2025-09-02 13:46:00.518,110836.0,5e-05,14.774774774774775,BINANCE
2025-09-02 13:46:00.518,110836.0,0.00902,14.774774774774775,BINANCE
2025-09-02 13:46:00.558,110840.0,0.003,14.414414414414415,BINANCE
2025-09-02 13:46:00.559,110840.0,0.003,14.414414414414415,BINANCE
2025-09-02 13:46:00.614,110840.01,5e-05,14.413513513513985,BINANCE
2025-09-02 13:46:00.614,110841.38,0.00018,14.290090090089672,BINANCE
2025-09-02 13:46:00.614,110841.49,0.00023,14.280180180179709,BINANCE
2025-09-02 13:46:00.614,110843.78,0.00018,14.07387387387398,BINANCE
2025-09-02 13:46:00.614,110844.43,0.00018,14.015315315315945,BINANCE
2025-09-02 13:46:00.614,110844.97,5e-05,13.96666666666656,BINANCE
2025-09-02 13:46:00.614,110845.49,5e-05,13.919819819819349,BINANCE
2025-09-02 13:46:00.614,110845.88,0.0018,13.884684684684265,BINANCE
2025-09-02 13:46:00.614,110845.99,0.00091,13.874774774774302,BINANCE
2025-09-02 13:46:00.614,110846.01,0.00541,13.872972972973445,BINANCE
2025-09-02 13:46:00.614,110849.24,5e-05,13.58198198198151,BINANCE
2025-09-02 13:46:00.614,110846.64,5e-05,13.816216216216267,BINANCE
2025-09-02 13:46:00.614,110848.31,0.00081,13.665765765765977,BINANCE
2025-09-02 13:46:00.614,110848.94,5e-05,13.6090090090088,BINANCE
2025-09-02 13:46:00.614,110849.23,5e-05,13.58288288288325,BINANCE
2025-09-02 13:46:00.614,110849.78,0.0018,13.533333333333438,BINANCE
2025-09-02 13:46:00.614,110850.48,2e-05,13.470270270270637,BINANCE
2025-09-02 13:46:00.614,110846.01,5e-05,13.872972972973445,BINANCE
2025-09-02 13:46:00.614,110840.0,0.00904,14.414414414414415,BINANCE
2025-09-02 13:46:00.614,110840.0,5e-05,14.414414414414415,BINANCE
2025-09-02 13:46:00.614,110840.0,0.0001,14.414414414414415,BINANCE
2025-09-02 13:46:00.614,110840.01,0.0001,14.413513513513985,BINANCE
2025-09-02 13:46:00.616,110850.48,0.01622,13.470270270270637,BINANCE
2025-09-02 13:46:00.616,110850.48,0.00178,13.470270270270637,BINANCE
2025-09-02 13:46:00.618,110850.47,0.07029,13.471171171171067,BINANCE
2025-09-02 13:46:00.620,110850.48,5e-05,13.470270270270637,BINANCE
2025-09-02 13:46:00.649,110850.47,0.00054,13.471171171171067,BINANCE
2025-09-02 13:46:00.664,110850.48,0.02073,13.470270270270637,BINANCE
2025-09-02 13:46:00.699,110850.48,0.00027,13.470270270270637,BINANCE
2025-09-02 13:46:00.710,110850.48,0.00042,13.470270270270637,BINANCE
2025-09-02 13:46:00.711,110850.48,5e-05,13.470270270270637,BINANCE
2025-09-02 13:46:00.711,110850.48,0.03709,13.470270270270637,BINANCE
2025-09-02 13:46:00.711,110850.48,0.03089,13.470270270270637,BINANCE
2025-09-02 13:46:00.711,110850.48,0.01142,13.470270270270637,BINANCE
2025-09-02 13:46:00.711,110850.48,0.04,13.470270270270637,BINANCE
2025-09-02 13:46:00.716,110850.49,5e-05,13.469369369368899,BINANCE
2025-09-02 13:46:00.716,110850.49,0.0187,13.469369369368899,BINANCE
2025-09-02 13:46:00.717,110850.49,0.02255,13.469369369368899,BINANCE
2025-09-02 13:46:00.717,110850.49,0.00304,13.469369369368899,BINANCE
2025-09-02 13:46:00.717,110850.49,0.00946,13.469369369368899,BINANCE
2025-09-02 13:46:00.718,110850.48,0.00072,13.470270270270637,BINANCE
2025-09-02 13:46:00.720,110850.48,0.03167,13.470270270270637,BINANCE
2025-09-02 13:46:00.722,110850.49,0.003,13.469369369368899,BINANCE
2025-09-02 13:46:00.723,110850.49,0.003,13.469369369368899,BINANCE
2025-09-02 13:46:00.725,110850.49,0.003,13.469369369368899,BINANCE
2025-09-02 13:46:00.726,110850.49,0.003,13.469369369368899,BINANCE
2025-09-02 13:46:00.727,110850.49,0.02138,13.469369369368899,BINANCE
2025-09-02 13:46:00.730,110850.48,0.04234,13.470270270270637,BINANCE
2025-09-02 13:46:00.877,110850.48,0.00451,13.470270270270637,BINANCE
2025-09-02 13:46:00.892,110850.49,0.00074,13.469369369368899,BINANCE
2025-09-02 13:46:00.892,110850.49,5e-05,13.469369369368899,BINANCE
2025-09-02 13:46:00.892,110850.49,0.03476,13.469369369368899,BINANCE
2025-09-02 13:46:00.974,110850.49,0.002,13.469369369368899,BINANCE
2025-09-02 13:46:00.987,110850.49,0.0004,13.469369369368899,BINANCE
2025-09-02 13:46:00.990,110850.49,0.01597,13.469369369368899,BINANCE
2025-09-02 13:46:01.111,110850.49,0.0001,13.469369369368899,BINANCE
2025-09-02 13:46:01.111,110850.5,5e-05,13.468468468468469,BINANCE
2025-09-02 13:46:01.111,110851.99,5e-05,13.334234234233762,BINANCE
2025-09-02 13:46:01.111,110850.5,0.0001,13.468468468468469,BINANCE
2025-09-02 13:46:01.111,110850.9,5e-05,13.432432432432957,BINANCE
2025-09-02 13:46:01.111,110850.94,0.003,13.42882882882862,BINANCE
2025-09-02 13:46:01.111,110850.49,0.0451,13.469369369368899,BINANCE
2025-09-02 13:46:01.111,110850.49,5e-05,13.469369369368899,BINANCE
2025-09-02 13:46:01.112,110854.02,7e-05,13.151351351350984,BINANCE
2025-09-02 13:46:01.112,110855.98,5e-05,12.974774774775142,BINANCE
2025-09-02 13:46:01.112,110856.31,5e-05,12.945045045045255,BINANCE
2025-09-02 13:46:01.112,110855.99,5e-05,12.973873873873401,BINANCE
2025-09-02 13:46:01.112,110856.0,5e-05,12.972972972972972,BINANCE
2025-09-02 13:46:01.112,110853.99,5e-05,13.154054054053582,BINANCE
2025-09-02 13:46:01.112,110854.01,5e-05,13.152252252252724,BINANCE
2025-09-02 13:46:01.112,110852.0,5e-05,13.333333333333332,BINANCE
2025-09-02 13:46:01.112,110852.19,5e-05,13.316216216216006,BINANCE
2025-09-02 13:46:01.112,110852.2,5e-05,13.315315315315576,BINANCE
2025-09-02 13:46:01.112,110854.0,5e-05,13.153153153153154,BINANCE
2025-09-02 13:46:01.112,110854.01,0.01,13.152252252252724,BINANCE
2025-09-02 13:46:01.112,110854.01,0.00016,13.152252252252724,BINANCE
2025-09-02 13:46:01.113,110856.63,5e-05,12.916216216215798,BINANCE
2025-09-02 13:46:01.120,110857.72,0.00028,12.818018018017913,BINANCE
2025-09-02 13:46:01.120,110857.72,0.00053,12.818018018017913,BINANCE
2025-09-02 13:46:01.120,110857.72,0.0004,12.818018018017913,BINANCE
2025-09-02 13:46:01.120,110857.72,0.0006,12.818018018017913,BINANCE
2025-09-02 13:46:01.120,110857.74,5e-05,12.816216216215745,BINANCE
2025-09-02 13:46:01.120,110857.98,0.00013,12.794594594594962,BINANCE
2025-09-02 13:46:01.120,110857.98,0.00081,12.794594594594962,BINANCE
2025-09-02 13:46:01.120,110857.72,0.00054,12.818018018017913,BINANCE
2025-09-02 13:46:01.120,110857.72,0.00011,12.818018018017913,BINANCE
2025-09-02 13:46:01.120,110857.27,5e-05,12.858558558558192,BINANCE
2025-09-02 13:46:01.120,110857.27,0.0001,12.858558558558192,BINANCE
2025-09-02 13:46:01.120,110857.26,5e-05,12.85945945945993,BINANCE
2025-09-02 13:46:01.120,110857.26,0.0001,12.85945945945993,BINANCE
2025-09-02 13:46:01.120,110857.26,9e-05,12.85945945945993,BINANCE
2025-09-02 13:46:01.122,110858.0,0.00134,12.792792792792794,BINANCE
2025-09-02 13:46:01.122,110858.0,5e-05,12.792792792792794,BINANCE
2025-09-02 13:46:01.122,110858.0,0.00756,12.792792792792794,BINANCE
2025-09-02 13:46:01.122,110858.0,6e-05,12.792792792792794,BINANCE
2025-09-02 13:46:01.124,110858.0,0.00088,12.792792792792794,BINANCE
2025-09-02 13:46:01.132,110858.0,5e-05,12.792792792792794,BINANCE
2025-09-02 13:46:01.141,110859.21,5e-05,12.683783783783207,BINANCE
2025-09-02 13:46:01.141,110859.1,5e-05,12.693693693693168,BINANCE
2025-09-02 13:46:01.141,110858.99,6e-05,12.703603603603131,BINANCE
2025-09-02 13:46:01.141,110858.62,6e-05,12.736936936937356,BINANCE
2025-09-02 13:46:01.141,110858.19,7e-05,12.775675675675465,BINANCE
2025-09-02 13:46:01.141,110858.11,5e-05,12.78288288288283,BINANCE
2025-09-02 13:46:01.141,110858.11,0.00024,12.78288288288283,BINANCE
2025-09-02 13:46:01.141,110858.11,0.00976,12.78288288288283,BINANCE
2025-09-02 13:46:01.141,110858.01,5e-05,12.791891891892364,BINANCE
2025-09-02 13:46:01.141,110858.99,8e-05,12.703603603603131,BINANCE
2025-09-02 13:46:01.141,110858.0,5e-05,12.792792792792794,BINANCE
2025-09-02 13:46:01.141,110858.0,0.00732,12.792792792792794,BINANCE
2025-09-02 13:46:01.142,110860.0,0.00875,12.612612612612612,BINANCE
2025-09-02 13:46:01.142,110860.0,0.002,12.612612612612612,BINANCE
2025-09-02 13:46:01.142,110860.0,6e-05,12.612612612612612,BINANCE
2025-09-02 13:46:01.142,110859.29,6e-05,12.676576576577153,BINANCE
2025-09-02 13:46:01.142,110859.41,0.00016,12.665765765765451,BINANCE
2025-09-02 13:46:01.142,110859.43,0.00091,12.663963963964594,BINANCE
2025-09-02 13:46:01.143,110860.55,5e-05,12.5630630630628,BINANCE
2025-09-02 13:46:01.143,110860.76,0.00125,12.544144144144617,BINANCE
2025-09-02 13:46:01.143,110860.75,5e-05,12.545045045045043,BINANCE
2025-09-02 13:46:01.143,110860.46,7e-05,12.571171171170594,BINANCE
2025-09-02 13:46:01.143,110860.73,7e-05,12.546846846847213,BINANCE
2025-09-02 13:46:01.143,110860.0,5e-05,12.612612612612612,BINANCE
2025-09-02 13:46:01.143,110860.0,0.00015,12.612612612612612,BINANCE
2025-09-02 13:46:01.143,110860.0,0.0004,12.612612612612612,BINANCE
2025-09-02 13:46:01.143,110860.0,0.00929,12.612612612612612,BINANCE
2025-09-02 13:46:01.143,110860.2,7e-05,12.594594594594858,BINANCE
2025-09-02 13:46:01.144,110860.76,0.012,12.544144144144617,BINANCE
2025-09-02 13:46:01.147,110864.15,7e-05,12.238738738739263,BINANCE
2025-09-02 13:46:01.147,110864.11,0.00075,12.24234234234229,BINANCE
2025-09-02 13:46:01.147,110864.0,0.00015,12.252252252252253,BINANCE
2025-09-02 13:46:01.147,110863.87,0.00038,12.263963963964382,BINANCE
2025-09-02 13:46:01.147,110864.0,0.0004,12.252252252252253,BINANCE
2025-09-02 13:46:01.147,110864.0,0.002,12.252252252252253,BINANCE
2025-09-02 13:46:01.147,110864.19,0.00031,12.235135135134925,BINANCE
2025-09-02 13:46:01.147,110863.75,0.00023,12.274774774774775,BINANCE
2025-09-02 13:46:01.147,110865.0,0.00134,12.162162162162161,BINANCE
2025-09-02 13:46:01.147,110866.38,0.01183,12.037837837837419,BINANCE
2025-09-02 13:46:01.147,110865.23,0.00013,12.141441441441808,BINANCE
2025-09-02 13:46:01.147,110865.34,5e-05,12.131531531531847,BINANCE
2025-09-02 13:46:01.147,110865.38,8e-05,12.127927927927509,BINANCE
2025-09-02 13:46:01.147,110865.8,7e-05,12.090090090089829,BINANCE
2025-09-02 13:46:01.147,110865.96,5e-05,12.075675675675098,BINANCE
2025-09-02 13:46:01.147,110866.0,5e-05,12.072072072072071,BINANCE
2025-09-02 13:46:01.147,110866.22,5e-05,12.052252252252147,BINANCE
2025-09-02 13:46:01.147,110866.3,0.0029,12.045045045044782,BINANCE
2025-09-02 13:46:01.147,110863.64,5e-05,12.284684684684738,BINANCE
2025-09-02 13:46:01.147,110865.0,0.00379,12.162162162162161,BINANCE
2025-09-02 13:46:01.147,110863.4,5e-05,12.30630630630683,BINANCE
2025-09-02 13:46:01.147,110861.72,5e-05,12.457657657657553,BINANCE
2025-09-02 13:46:01.147,110863.27,5e-05,12.31801801801765,BINANCE
2025-09-02 13:46:01.147,110860.76,0.00903,12.544144144144617,BINANCE
2025-09-02 13:46:01.147,110860.76,5e-05,12.544144144144617,BINANCE
2025-09-02 13:46:01.147,110860.96,0.00013,12.526126126125549,BINANCE
2025-09-02 13:46:01.147,110861.2,6e-05,12.504504504504766,BINANCE
2025-09-02 13:46:01.147,110861.36,0.00058,12.490090090090037,BINANCE
2025-09-02 13:46:01.147,110862.0,7e-05,12.432432432432433,BINANCE
2025-09-02 13:46:01.147,110862.06,0.0003,12.427027027027238,BINANCE
2025-09-02 13:46:01.147,110863.33,7e-05,12.312612612612455,BINANCE
2025-09-02 13:46:01.147,110862.5,5e-05,12.387387387387387,BINANCE
2025-09-02 13:46:01.147,110862.48,0.0001,12.389189189189556,BINANCE
2025-09-02 13:46:01.147,110862.98,5e-05,12.344144144144511,BINANCE
2025-09-02 13:46:01.147,110862.99,5e-05,12.343243243242771,BINANCE
2025-09-02 13:46:01.147,110863.0,0.00152,12.342342342342343,BINANCE
2025-09-02 13:46:01.147,110863.0,5e-05,12.342342342342343,BINANCE
2025-09-02 13:46:01.147,110863.04,5e-05,12.338738738739314,BINANCE
2025-09-02 13:46:01.147,110863.06,0.00034,12.336936936937146,BINANCE
2025-09-02 13:46:01.147,110863.16,7e-05,12.327927927927613,BINANCE
2025-09-02 13:46:01.147,110862.66,5e-05,12.372972972972658,BINANCE
2025-09-02 13:46:01.164,110866.38,5e-05,12.037837837837419,BINANCE
2025-09-02 13:46:01.164,110866.38,0.01385,12.037837837837419,BINANCE
2025-09-02 13:46:01.184,110866.38,0.00889,12.037837837837419,BINANCE
2025-09-02 13:46:01.186,110866.38,0.16,12.037837837837419,BINANCE
2025-09-02 13:46:01.187,110866.38,0.034,12.037837837837419,BINANCE
2025-09-02 13:46:01.187,110866.38,0.007,12.037837837837419,BINANCE
2025-09-02 13:46:01.190,110866.38,0.085,12.037837837837419,BINANCE
2025-09-02 13:46:01.194,110866.37,0.00025,12.038738738739157,BINANCE
2025-09-02 13:46:01.204,110866.37,0.00043,12.038738738739157,BINANCE
2025-09-02 13:46:01.211,110866.37,0.00042,12.038738738739157,BINANCE
2025-09-02 13:46:01.219,110869.89,0.0001,11.721621621621674,BINANCE
2025-09-02 13:46:01.219,110869.56,0.0001,11.751351351351563,BINANCE
2025-09-02 13:46:01.219,110869.56,0.00015,11.751351351351563,BINANCE
2025-09-02 13:46:01.219,110869.56,5e-05,11.751351351351563,BINANCE
2025-09-02 13:46:01.219,110868.72,5e-05,11.827027027026922,BINANCE
2025-09-02 13:46:01.219,110868.78,5e-05,11.821621621621727,BINANCE
2025-09-02 13:46:01.219,110868.75,0.00333,11.824324324324325,BINANCE
2025-09-02 13:46:01.219,110870.0,5e-05,11.711711711711711,BINANCE
2025-09-02 13:46:01.219,110868.66,5e-05,11.83243243243212,BINANCE
2025-09-02 13:46:01.219,110868.37,0.003,11.858558558558979,BINANCE
2025-09-02 13:46:01.219,110868.37,0.00023,11.858558558558979,BINANCE
2025-09-02 13:46:01.219,110869.4,8e-05,11.76576576576629,BINANCE
2025-09-02 13:46:01.219,110870.58,0.00041,11.6594594594593,BINANCE
2025-09-02 13:46:01.219,110870.67,0.00017,11.651351351351508,BINANCE
2025-09-02 13:46:01.219,110870.67,6e-05,11.651351351351508,BINANCE
2025-09-02 13:46:01.219,110868.21,7e-05,11.872972972972397,BINANCE
2025-09-02 13:46:01.219,110870.96,0.00065,11.625225225224648,BINANCE
2025-09-02 13:46:01.219,110870.96,8e-05,11.625225225224648,BINANCE
2025-09-02 13:46:01.219,110871.05,5e-05,11.617117117116853,BINANCE
2025-09-02 13:46:01.219,110871.18,6e-05,11.605405405406035,BINANCE
2025-09-02 13:46:01.219,110871.5,0.0001,11.576576576576576,BINANCE
2025-09-02 13:46:01.219,110871.51,5e-05,11.575675675676148,BINANCE
2025-09-02 13:46:01.219,110871.8,5e-05,11.549549549549287,BINANCE
2025-09-02 13:46:01.219,110871.88,5e-05,11.542342342341922,BINANCE
2025-09-02 13:46:01.219,110872.0,0.002,11.531531531531533,BINANCE
2025-09-02 13:46:01.219,110872.0,0.0004,11.531531531531533,BINANCE
2025-09-02 13:46:01.219,110872.0,0.00015,11.531531531531533,BINANCE
2025-09-02 13:46:01.219,110870.58,0.00316,11.6594594594593,BINANCE
2025-09-02 13:46:01.219,110868.21,8e-05,11.872972972972397,BINANCE
2025-09-02 13:46:01.219,110868.02,6e-05,11.890090090089723,BINANCE
2025-09-02 13:46:01.219,110866.61,7e-05,12.017117117117065,BINANCE
2025-09-02 13:46:01.219,110866.39,5e-05,12.03693693693699,BINANCE
2025-09-02 13:46:01.219,110866.4,0.00016,12.036036036036561,BINANCE
2025-09-02 13:46:01.219,110866.4,5e-05,12.036036036036561,BINANCE
2025-09-02 13:46:01.219,110866.51,0.00094,12.026126126126599,BINANCE
2025-09-02 13:46:01.219,110866.56,8e-05,12.021621621621831,BINANCE
2025-09-02 13:46:01.219,110866.61,9e-05,12.017117117117065,BINANCE
2025-09-02 13:46:01.219,110868.14,0.00071,11.87927927927933,BINANCE
2025-09-02 13:46:01.219,110866.66,0.00013,12.012612612612298,BINANCE
2025-09-02 13:46:01.219,110866.66,8e-05,12.012612612612298,BINANCE
2025-09-02 13:46:01.219,110866.66,5e-05,12.012612612612298,BINANCE
2025-09-02 13:46:01.219,110866.66,7e-05,12.012612612612298,BINANCE
2025-09-02 13:46:01.219,110866.79,0.00198,12.000900900901478,BINANCE
2025-09-02 13:46:01.219,110867.01,8e-05,11.981081081081554,BINANCE
2025-09-02 13:46:01.219,110867.13,5e-05,11.97027027026985,BINANCE
2025-09-02 13:46:01.219,110867.61,0.00026,11.927027027026973,BINANCE
2025-09-02 13:46:01.219,110867.75,7e-05,11.914414414414415,BINANCE
2025-09-02 13:46:01.219,110867.92,7e-05,11.899099099099256,BINANCE
2025-09-02 13:46:01.219,110868.0,0.00045,11.891891891891893,BINANCE
2025-09-02 13:46:01.219,110868.0,0.002,11.891891891891893,BINANCE
2025-09-02 13:46:01.219,110868.0,0.0004,11.891891891891893,BINANCE
2025-09-02 13:46:01.219,110868.0,0.00015,11.891891891891893,BINANCE
2025-09-02 13:46:01.226,110870.59,5e-05,11.658558558558873,BINANCE
2025-09-02 13:46:01.226,110870.93,0.1076,11.627927927928557,BINANCE
2025-09-02 13:46:01.226,110870.58,5e-05,11.6594594594593,BINANCE
2025-09-02 13:46:01.226,110870.57,0.07027,11.66036036035973,BINANCE
2025-09-02 13:46:01.232,110870.58,0.03028,11.6594594594593,BINANCE
2025-09-02 13:46:01.238,110870.59,5e-05,11.658558558558873,BINANCE
2025-09-02 13:46:01.238,110870.59,0.1801,11.658558558558873,BINANCE
2025-09-02 13:46:01.303,110870.59,0.0659,11.658558558558873,BINANCE
2025-09-02 13:46:01.303,110870.59,0.0298,11.658558558558873,BINANCE
2025-09-02 13:46:01.303,110870.59,5e-05,11.658558558558873,BINANCE
2025-09-02 13:46:01.304,110870.59,0.00701,11.658558558558873,BINANCE
2025-09-02 13:46:01.311,110870.59,0.001,11.658558558558873,BINANCE
2025-09-02 13:46:01.321,110870.59,0.00451,11.658558558558873,BINANCE
2025-09-02 13:46:01.332,110870.59,0.04,11.658558558558873,BINANCE
2025-09-02 13:46:01.351,110870.59,0.005,11.658558558558873,BINANCE
2025-09-02 13:46:01.360,110870.59,0.01799,11.658558558558873,BINANCE
2025-09-02 13:46:01.475,110870.59,5e-05,11.658558558558873,BINANCE
2025-09-02 13:46:01.475,110870.59,0.00444,11.658558558558873,BINANCE
2025-09-02 13:46:01.475,110870.59,0.00243,11.658558558558873,BINANCE
2025-09-02 13:46:01.509,110870.58,0.002,11.6594594594593,BINANCE
2025-09-02 13:46:01.519,110870.59,0.036,11.658558558558873,BINANCE
2025-09-02 13:46:01.579,110870.58,0.012,11.6594594594593,BINANCE
2025-09-02 13:46:01.585,110870.59,0.059,11.658558558558873,BINANCE
2025-09-02 13:46:01.625,110870.59,0.044,11.658558558558873,BINANCE
2025-09-02 13:46:01.684,110870.59,0.00543,11.658558558558873,BINANCE
2025-09-02 13:46:01.684,110870.59,0.05857,11.658558558558873,BINANCE
2025-09-02 13:46:01.715,110870.59,9e-05,11.658558558558873,BINANCE
2025-09-02 13:46:01.716,110870.58,0.00023,11.6594594594593,BINANCE
2025-09-02 13:46:01.730,110870.59,0.019,11.658558558558873,BINANCE
2025-09-02 13:46:01.731,110870.59,0.01098,11.658558558558873,BINANCE
2025-09-02 13:46:01.731,110870.59,0.00802,11.658558558558873,BINANCE
2025-09-02 13:46:01.732,110870.59,0.019,11.658558558558873,BINANCE
2025-09-02 13:46:01.767,110870.59,0.1804,11.658558558558873,BINANCE
2025-09-02 13:46:01.786,110870.58,0.00147,11.6594594594593,BINANCE
2025-09-02 13:46:01.816,110870.59,0.00363,11.658558558558873,BINANCE
2025-09-02 13:46:01.844,110870.58,0.00038,11.6594594594593,BINANCE
2025-09-02 13:46:01.872,110870.59,0.036,11.658558558558873,BINANCE
2025-09-02 13:46:01.915,110870.58,0.00029,11.6594594594593,BINANCE
2025-09-02 13:46:01.936,110870.59,0.046,11.658558558558873,BINANCE
2025-09-02 13:46:01.968,110870.59,0.00434,11.658558558558873,BINANCE
2025-09-02 13:46:02.024,110870.59,0.04,11.658558558558873,BINANCE
2025-09-02 13:46:02.043,110870.59,0.022,11.658558558558873,BINANCE
2025-09-02 13:46:02.050,110870.59,0.00973,11.658558558558873,BINANCE
2025-09-02 13:46:02.076,110870.58,0.00046,11.6594594594593,BINANCE
2025-09-02 13:46:02.181,110870.59,5e-05,11.658558558558873,BINANCE
2025-09-02 13:46:02.181,110870.59,0.02996,11.658558558558873,BINANCE
2025-09-02 13:46:02.181,110870.59,0.0018,11.658558558558873,BINANCE
2025-09-02 13:46:02.181,110870.6,5e-05,11.657657657657133,BINANCE
2025-09-02 13:46:02.181,110870.59,0.04508,11.658558558558873,BINANCE
2025-09-02 13:46:02.183,110872.44,0.00882,11.491891891891681,BINANCE
2025-09-02 13:46:02.183,110872.54,5e-05,11.48288288288346,BINANCE
2025-09-02 13:46:02.183,110872.72,5e-05,11.46666666666656,BINANCE
2025-09-02 13:46:02.183,110872.51,0.00017,11.485585585586056,BINANCE
2025-09-02 13:46:02.183,110872.99,5e-05,11.44234234234187,BINANCE
2025-09-02 13:46:02.183,110872.3,0.00178,11.504504504504244,BINANCE
2025-09-02 13:46:02.183,110872.83,5e-05,11.4567567567566,BINANCE
2025-09-02 13:46:02.183,110872.3,0.00023,11.504504504504244,BINANCE
2025-09-02 13:46:02.183,110872.44,5e-05,11.491891891891681,BINANCE
2025-09-02 13:46:02.183,110872.18,0.0058,11.515315315315945,BINANCE
2025-09-02 13:46:02.183,110872.0,5e-05,11.531531531531533,BINANCE
2025-09-02 13:46:02.183,110872.01,5e-05,11.530630630631103,BINANCE
2025-09-02 13:46:02.183,110872.18,5e-05,11.515315315315945,BINANCE
2025-09-02 13:46:02.183,110872.12,5e-05,11.52072072072114,BINANCE
2025-09-02 13:46:02.194,110873.64,7e-05,11.383783783783835,BINANCE
2025-09-02 13:46:02.194,110873.27,5e-05,11.41711711711675,BINANCE
2025-09-02 13:46:02.194,110873.27,0.00016,11.41711711711675,BINANCE
2025-09-02 13:46:02.194,110873.34,0.00021,11.410810810811125,BINANCE
2025-09-02 13:46:02.194,110873.44,5e-05,11.401801801801591,BINANCE
2025-09-02 13:46:02.194,110873.48,5e-05,11.398198198198566,BINANCE
2025-09-02 13:46:02.194,110873.49,0.00049,11.397297297296827,BINANCE
2025-09-02 13:46:02.194,110873.56,0.0004,11.390990990991202,BINANCE
2025-09-02 13:46:02.194,110873.56,0.0016,11.390990990991202,BINANCE
2025-09-02 13:46:02.194,110874.0,5e-05,11.35135135135135,BINANCE
2025-09-02 13:46:02.194,110874.37,6e-05,11.318018018018437,BINANCE
2025-09-02 13:46:02.194,110874.28,7e-05,11.32612612612623,BINANCE
2025-09-02 13:46:02.194,110874.35,5e-05,11.319819819819296,BINANCE
2025-09-02 13:46:02.194,110874.37,7e-05,11.318018018018437,BINANCE
2025-09-02 13:46:02.194,110873.18,6e-05,11.425225225225855,BINANCE
2025-09-02 13:46:02.194,110874.37,0.00011,11.318018018018437,BINANCE
2025-09-02 13:46:02.194,110874.37,0.00164,11.318018018018437,BINANCE
2025-09-02 13:46:02.194,110874.37,0.00096,11.318018018018437,BINANCE
2025-09-02 13:46:02.194,110874.02,0.00152,11.349549549549181,BINANCE
2025-09-02 13:46:02.194,110873.16,5e-05,11.427027027026712,BINANCE
2025-09-02 13:46:02.194,110873.16,9e-05,11.427027027026712,BINANCE
2025-09-02 13:46:02.194,110873.0,0.019,11.441441441441441,BINANCE
2025-09-02 13:46:02.194,110873.0,0.003,11.441441441441441,BINANCE
2025-09-02 13:46:02.194,110873.0,0.01,11.441441441441441,BINANCE
2025-09-02 13:46:02.194,110873.0,5e-05,11.441441441441441,BINANCE
2025-09-02 13:46:02.194,110873.0,0.018,11.441441441441441,BINANCE
2025-09-02 13:46:02.194,110873.01,5e-05,11.440540540541013,BINANCE
2025-09-02 13:46:02.197,110874.37,5e-05,11.318018018018437,BINANCE
2025-09-02 13:46:02.197,110874.37,0.00081,11.318018018018437,BINANCE
2025-09-02 13:46:02.197,110874.37,0.00017,11.318018018018437,BINANCE
2025-09-02 13:46:02.197,110874.37,0.00012,11.318018018018437,BINANCE
2025-09-02 13:46:02.197,110874.37,6e-05,11.318018018018437,BINANCE
2025-09-02 13:46:02.197,110874.37,0.00031,11.318018018018437,BINANCE
2025-09-02 13:46:02.197,110874.37,0.00035,11.318018018018437,BINANCE
2025-09-02 13:46:02.197,110874.37,7e-05,11.318018018018437,BINANCE
2025-09-02 13:46:02.197,110874.38,5e-05,11.317117117116696,BINANCE
2025-09-02 13:46:02.197,110875.0,0.00031,11.26126126126126,BINANCE
2025-09-02 13:46:02.197,110874.37,0.00016,11.318018018018437,BINANCE
2025-09-02 13:46:02.197,110875.59,1e-05,11.208108108108425,BINANCE
2025-09-02 13:46:02.197,110875.33,5e-05,11.231531531531376,BINANCE
2025-09-02 13:46:02.197,110875.13,5e-05,11.24954954954913,BINANCE
2025-09-02 13:46:02.197,110875.07,5e-05,11.254954954954327,BINANCE
2025-09-02 13:46:02.197,110875.0,6e-05,11.26126126126126,BINANCE
2025-09-02 13:46:02.197,110875.0,0.00146,11.26126126126126,BINANCE
2025-09-02 13:46:02.197,110875.0,0.00052,11.26126126126126,BINANCE
2025-09-02 13:46:02.197,110875.0,5e-05,11.26126126126126,BINANCE
2025-09-02 13:46:02.197,110875.0,0.0002,11.26126126126126,BINANCE
2025-09-02 13:46:02.197,110874.83,5e-05,11.276576576576419,BINANCE
2025-09-02 13:46:02.197,110874.83,0.00011,11.276576576576419,BINANCE
2025-09-02 13:46:02.197,110874.74,0.00018,11.284684684684212,BINANCE
2025-09-02 13:46:02.197,110874.48,5e-05,11.308108108108476,BINANCE
2025-09-02 13:46:02.197,110875.38,0.0001,11.227027027026608,BINANCE
2025-09-02 13:46:02.197,110874.37,0.00247,11.318018018018437,BINANCE
2025-09-02 13:46:02.197,110874.37,8e-05,11.318018018018437,BINANCE
2025-09-02 13:46:02.197,110874.37,0.00018,11.318018018018437,BINANCE
2025-09-02 13:46:02.197,110874.37,0.00029,11.318018018018437,BINANCE
2025-09-02 13:46:02.197,110874.37,0.00049,11.318018018018437,BINANCE
2025-09-02 13:46:02.197,110874.37,0.00036,11.318018018018437,BINANCE
2025-09-02 13:46:02.197,110874.37,9e-05,11.318018018018437,BINANCE
2025-09-02 13:46:02.197,110874.37,0.00068,11.318018018018437,BINANCE
2025-09-02 13:46:02.197,110874.37,0.00011,11.318018018018437,BINANCE
2025-09-02 13:46:02.197,110874.37,0.00362,11.318018018018437,BINANCE
2025-09-02 13:46:02.197,110874.37,0.00027,11.318018018018437,BINANCE
2025-09-02 13:46:02.197,110874.37,0.00033,11.318018018018437,BINANCE
2025-09-02 13:46:02.198,110875.92,6e-05,11.178378378378536,BINANCE
2025-09-02 13:46:02.198,110876.0,0.01531,11.17117117117117,BINANCE
2025-09-02 13:46:02.198,110875.89,0.00018,11.181081081081134,BINANCE
2025-09-02 13:46:02.198,110875.59,0.00014,11.208108108108425,BINANCE
2025-09-02 13:46:02.198,110875.59,0.00026,11.208108108108425,BINANCE
2025-09-02 13:46:02.198,110875.85,5e-05,11.18468468468416,BINANCE
2025-09-02 13:46:02.213,110876.39,0.01359,11.136036036036089,BINANCE
2025-09-02 13:46:02.213,110876.38,5e-05,11.136936936936518,BINANCE
2025-09-02 13:46:02.213,110876.25,5e-05,11.14864864864865,BINANCE
2025-09-02 13:46:02.213,110876.25,0.00016,11.14864864864865,BINANCE
2025-09-02 13:46:02.213,110876.14,5e-05,11.15855855855861,BINANCE
2025-09-02 13:46:02.213,110876.07,5e-05,11.164864864864235,BINANCE
2025-09-02 13:46:02.213,110876.01,5e-05,11.170270270270741,BINANCE
2025-09-02 13:46:02.213,110876.07,7e-05,11.164864864864235,BINANCE
2025-09-02 13:46:02.213,110876.0,5e-05,11.17117117117117,BINANCE
2025-09-02 13:46:02.213,110876.0,0.002,11.17117117117117,BINANCE
2025-09-02 13:46:02.213,110876.0,0.0004,11.17117117117117,BINANCE
2025-09-02 13:46:02.213,110876.0,0.00015,11.17117117117117,BINANCE
2025-09-02 13:46:02.213,110876.0,0.00473,11.17117117117117,BINANCE
2025-09-02 13:46:02.262,110876.4,5e-05,11.13513513513566,BINANCE
2025-09-02 13:46:02.262,110876.54,1e-05,11.1225225225231,BINANCE
2025-09-02 13:46:02.262,110876.54,5e-05,11.1225225225231,BINANCE
2025-09-02 13:46:02.262,110876.39,0.00222,11.136036036036089,BINANCE
2025-09-02 13:46:02.262,110876.39,5e-05,11.136036036036089,BINANCE
2025-09-02 13:46:02.262,110876.39,0.01922,11.136036036036089,BINANCE
2025-09-02 13:46:02.264,110876.55,5e-05,11.12162162162136,BINANCE
2025-09-02 13:46:02.264,110877.88,6e-05,11.001801801801383,BINANCE
2025-09-02 13:46:02.264,110876.94,0.00357,11.086486486486278,BINANCE
2025-09-02 13:46:02.264,110876.92,5e-05,11.088288288288446,BINANCE
2025-09-02 13:46:02.264,110876.92,8e-05,11.088288288288446,BINANCE
2025-09-02 13:46:02.264,110876.98,0.00011,11.08288288288325,BINANCE
2025-09-02 13:46:02.264,110876.54,5e-05,11.1225225225231,BINANCE
2025-09-02 13:46:02.264,110876.54,4e-05,11.1225225225231,BINANCE
2025-09-02 13:46:02.302,110877.88,0.00897,11.001801801801383,BINANCE
2025-09-02 13:46:02.334,110879.19,0.00024,10.883783783783574,BINANCE
2025-09-02 13:46:02.334,110879.15,5e-05,10.887387387387912,BINANCE
2025-09-02 13:46:02.334,110879.07,7e-05,10.894594594593967,BINANCE
2025-09-02 13:46:02.334,110878.18,0.00012,10.974774774775405,BINANCE
2025-09-02 13:46:02.334,110878.67,9e-05,10.93063063063079,BINANCE
2025-09-02 13:46:02.334,110878.55,8e-05,10.941441441441178,BINANCE
2025-09-02 13:46:02.334,110879.19,0.00011,10.883783783783574,BINANCE
2025-09-02 13:46:02.334,110878.0,9e-05,10.99099099099099,BINANCE
2025-09-02 13:46:02.334,110878.74,7e-05,10.924324324323852,BINANCE
2025-09-02 13:46:02.334,110879.5,8e-05,10.855855855855857,BINANCE
2025-09-02 13:46:02.334,110879.99,5e-05,10.81171171171124,BINANCE
2025-09-02 13:46:02.334,110879.82,0.00251,10.827027027026398,BINANCE
2025-09-02 13:46:02.334,110879.89,0.003,10.820720720720773,BINANCE
2025-09-02 13:46:02.334,110880.0,0.0005,10.81081081081081,BINANCE
2025-09-02 13:46:02.334,110880.0,7e-05,10.81081081081081,BINANCE
2025-09-02 13:46:02.334,110880.0,0.00016,10.81081081081081,BINANCE
2025-09-02 13:46:02.334,110880.0,6e-05,10.81081081081081,BINANCE
2025-09-02 13:46:02.334,110880.0,0.00015,10.81081081081081,BINANCE
2025-09-02 13:46:02.334,110880.0,0.00599,10.81081081081081,BINANCE
2025-09-02 13:46:02.334,110879.82,7e-05,10.827027027026398,BINANCE
2025-09-02 13:46:02.334,110878.0,5e-05,10.99099099099099,BINANCE
2025-09-02 13:46:02.334,110877.99,0.00016,10.99189189189142,BINANCE
2025-09-02 13:46:02.334,110877.9,5e-05,11.000000000000526,BINANCE
2025-09-02 13:46:02.334,110877.89,0.0001,11.000900900900954,BINANCE
2025-09-02 13:46:02.334,110877.89,5e-05,11.000900900900954,BINANCE
2025-09-02 13:46:02.334,110877.89,0.05337,11.000900900900954,BINANCE
2025-09-02 13:46:02.334,110878.0,0.00369,10.99099099099099,BINANCE
2025-09-02 13:46:02.334,110877.89,0.03607,11.000900900900954,BINANCE
2025-09-02 13:46:02.347,110879.99,0.00046,10.81171171171124,BINANCE
2025-09-02 13:46:02.359,110879.99,0.04526,10.81171171171124,BINANCE
2025-09-02 13:46:02.416,110880.0,0.00065,10.81081081081081,BINANCE
2025-09-02 13:46:02.416,110880.0,0.00635,10.81081081081081,BINANCE
2025-09-02 13:46:02.421,110880.0,0.00065,10.81081081081081,BINANCE
2025-09-02 13:46:02.421,110880.0,6e-05,10.81081081081081,BINANCE
2025-09-02 13:46:02.421,110880.0,0.0002,10.81081081081081,BINANCE
2025-09-02 13:46:02.421,110880.0,5e-05,10.81081081081081,BINANCE
2025-09-02 13:46:02.421,110880.0,0.002,10.81081081081081,BINANCE
2025-09-02 13:46:02.421,110880.0,0.00204,10.81081081081081,BINANCE
2025-09-02 13:46:02.423,110880.01,5e-05,10.809909909910381,BINANCE
2025-09-02 13:46:02.423,110880.01,0.0001,10.809909909910381,BINANCE
2025-09-02 13:46:02.423,110880.02,0.0003,10.809009009008642,BINANCE
2025-09-02 13:46:02.423,110880.02,5e-05,10.809009009008642,BINANCE
2025-09-02 13:46:02.423,110880.25,0.00057,10.788288288288289,BINANCE
2025-09-02 13:46:02.423,110880.95,0.0001,10.725225225225486,BINANCE
2025-09-02 13:46:02.423,110880.0,0.0001,10.81081081081081,BINANCE
2025-09-02 13:46:02.423,110880.39,0.00023,10.775675675675728,BINANCE
2025-09-02 13:46:02.423,110880.0,5e-05,10.81081081081081,BINANCE
2025-09-02 13:46:02.423,110880.0,0.016,10.81081081081081,BINANCE
2025-09-02 13:46:02.423,110880.0,0.0004,10.81081081081081,BINANCE
2025-09-02 13:46:02.423,110880.0,0.00015,10.81081081081081,BINANCE
2025-09-02 13:46:02.448,110884.12,0.00014,10.43963963964006,BINANCE
2025-09-02 13:46:02.448,110884.12,0.00031,10.43963963964006,BINANCE
2025-09-02 13:46:02.448,110884.79,7e-05,10.379279279279856,BINANCE
2025-09-02 13:46:02.448,110885.1,0.01155,10.351351351350827,BINANCE
2025-09-02 13:46:02.448,110885.1,5e-05,10.351351351350827,BINANCE
2025-09-02 13:46:02.448,110885.22,0.00014,10.340540540540436,BINANCE
2025-09-02 13:46:02.448,110885.16,0.00038,10.34594594594563,BINANCE
2025-09-02 13:46:02.448,110885.66,0.00907,10.300900900900587,BINANCE
2025-09-02 13:46:02.448,110885.71,0.00015,10.296396396395819,BINANCE
2025-09-02 13:46:02.448,110884.12,6e-05,10.43963963964006,BINANCE
2025-09-02 13:46:02.448,110885.12,0.00025,10.349549549549968,BINANCE
2025-09-02 13:46:02.448,110884.0,0.00015,10.45045045045045,BINANCE
2025-09-02 13:46:02.448,110882.53,0.00427,10.582882882882988,BINANCE
2025-09-02 13:46:02.448,110884.0,0.0004,10.45045045045045,BINANCE
2025-09-02 13:46:02.448,110884.0,0.002,10.45045045045045,BINANCE
2025-09-02 13:46:02.448,110883.36,5e-05,10.508108108108056,BINANCE
2025-09-02 13:46:02.448,110883.29,7e-05,10.514414414414992,BINANCE
2025-09-02 13:46:02.448,110882.8,5e-05,10.558558558558296,BINANCE
2025-09-02 13:46:02.448,110882.71,5e-05,10.566666666666091,BINANCE
2025-09-02 13:46:02.448,110885.77,0.0001,10.290990990990624,BINANCE
2025-09-02 13:46:02.448,110882.53,5e-05,10.582882882882988,BINANCE
2025-09-02 13:46:02.448,110882.53,7e-05,10.582882882882988,BINANCE
2025-09-02 13:46:02.448,110882.53,0.00017,10.582882882882988,BINANCE
2025-09-02 13:46:02.448,110886.08,0.00018,10.263063063062905,BINANCE
2025-09-02 13:46:02.448,110887.09,6e-05,10.172072072072385,BINANCE
2025-09-02 13:46:02.448,110886.31,7e-05,10.242342342342551,BINANCE
2025-09-02 13:46:02.448,110888.0,0.03066,10.09009009009009,BINANCE
2025-09-02 13:46:02.448,110888.0,0.00041,10.09009009009009,BINANCE
2025-09-02 13:46:02.448,110888.0,0.0009,10.09009009009009,BINANCE
2025-09-02 13:46:02.448,110888.0,0.00049,10.09009009009009,BINANCE
2025-09-02 13:46:02.448,110888.0,6e-05,10.09009009009009,BINANCE
2025-09-02 13:46:02.448,110888.0,0.00455,10.09009009009009,BINANCE
2025-09-02 13:46:02.448,110888.0,0.00065,10.09009009009009,BINANCE
2025-09-02 13:46:02.448,110888.0,7e-05,10.09009009009009,BINANCE
2025-09-02 13:46:02.448,110888.0,0.00084,10.09009009009009,BINANCE
2025-09-02 13:46:02.448,110888.0,0.00058,10.09009009009009,BINANCE
2025-09-02 13:46:02.448,110887.6,0.00025,10.126126126125603,BINANCE
2025-09-02 13:46:02.448,110886.3,0.00207,10.243243243242981,BINANCE
2025-09-02 13:46:02.448,110887.58,0.00037,10.127927927927772,BINANCE
2025-09-02 13:46:02.448,110887.33,0.00013,10.150450450450293,BINANCE
2025-09-02 13:46:02.448,110887.28,0.0007,10.154954954955059,BINANCE
2025-09-02 13:46:02.448,110887.28,0.0001,10.154954954955059,BINANCE
2025-09-02 13:46:02.448,110887.28,5e-05,10.154954954955059,BINANCE
2025-09-02 13:46:02.448,110887.25,0.00073,10.157657657657657,BINANCE
2025-09-02 13:46:02.448,110882.45,7e-05,10.590090090090351,BINANCE
2025-09-02 13:46:02.448,110887.04,0.00091,10.176576576577153,BINANCE
2025-09-02 13:46:02.448,110886.8,5e-05,10.198198198197936,BINANCE
2025-09-02 13:46:02.448,110886.54,0.00034,10.2216216216222,BINANCE
2025-09-02 13:46:02.448,110886.5,8e-05,10.225225225225225,BINANCE
2025-09-02 13:46:02.448,110886.5,0.00015,10.225225225225225,BINANCE
2025-09-02 13:46:02.448,110887.34,0.06,10.149549549549864,BINANCE
2025-09-02 13:46:02.448,110882.35,6e-05,10.599099099098575,BINANCE
2025-09-02 13:46:02.448,110884.0,6e-05,10.45045045045045,BINANCE
2025-09-02 13:46:02.448,110882.35,0.0001,10.599099099098575,BINANCE
2025-09-02 13:46:02.448,110881.22,5e-05,10.700900900900796,BINANCE
2025-09-02 13:46:02.448,110881.22,0.00058,10.700900900900796,BINANCE
2025-09-02 13:46:02.448,110881.21,5e-05,10.701801801801226,BINANCE
2025-09-02 13:46:02.448,110881.21,9e-05,10.701801801801226,BINANCE
2025-09-02 13:46:02.448,110880.97,5e-05,10.723423423423318,BINANCE
2025-09-02 13:46:02.448,110881.24,6e-05,10.699099099098627,BINANCE
2025-09-02 13:46:02.448,110880.96,0.002,10.724324324323748,BINANCE
2025-09-02 13:46:02.448,110880.96,5e-05,10.724324324323748,BINANCE
2025-09-02 13:46:02.448,110882.35,0.00171,10.599099099098575,BINANCE
2025-09-02 13:46:02.448,110880.96,0.01734,10.724324324323748,BINANCE
2025-09-02 13:46:02.448,110881.24,5e-05,10.699099099098627,BINANCE
2025-09-02 13:46:02.448,110881.28,0.00059,10.695495495495601,BINANCE
2025-09-02 13:46:02.448,110882.35,0.0004,10.599099099098575,BINANCE
2025-09-02 13:46:02.448,110882.35,0.00035,10.599099099098575,BINANCE
2025-09-02 13:46:02.448,110882.35,0.00013,10.599099099098575,BINANCE
2025-09-02 13:46:02.448,110882.35,0.00011,10.599099099098575,BINANCE
2025-09-02 13:46:02.448,110882.35,0.00151,10.599099099098575,BINANCE
2025-09-02 13:46:02.448,110882.35,0.00027,10.599099099098575,BINANCE
2025-09-02 13:46:02.448,110882.28,5e-05,10.605405405405511,BINANCE
2025-09-02 13:46:02.448,110882.28,0.0093,10.605405405405511,BINANCE
2025-09-02 13:46:02.448,110882.23,0.00101,10.609909909910277,BINANCE
2025-09-02 13:46:02.448,110881.28,0.00014,10.695495495495601,BINANCE
2025-09-02 13:46:02.448,110882.11,0.00042,10.62072072072067,BINANCE
2025-09-02 13:46:02.448,110881.93,0.00039,10.636936936937566,BINANCE
2025-09-02 13:46:02.448,110882.17,0.00014,10.615315315315472,BINANCE
2025-09-02 13:46:02.448,110881.78,8e-05,10.650450450450554,BINANCE
2025-09-02 13:46:02.448,110881.28,5e-05,10.695495495495601,BINANCE
2025-09-02 13:46:02.448,110881.31,7e-05,10.692792792793002,BINANCE
2025-09-02 13:46:02.448,110881.32,0.00131,10.691891891891263,BINANCE
2025-09-02 13:46:02.448,110881.81,0.00018,10.647747747747959,BINANCE
2025-09-02 13:46:02.448,110881.37,0.00357,10.687387387387806,BINANCE
2025-09-02 13:46:02.448,110881.37,5e-05,10.687387387387806,BINANCE
2025-09-02 13:46:02.448,110881.46,0.00015,10.6792792792787,BINANCE
2025-09-02 13:46:02.448,110881.47,6e-05,10.678378378378275,BINANCE
2025-09-02 13:46:02.448,110881.76,6e-05,10.652252252252724,BINANCE
2025-09-02 13:46:02.448,110881.76,0.0001,10.652252252252724,BINANCE
2025-09-02 13:46:02.448,110881.38,0.00023,10.686486486486068,BINANCE
2025-09-02 13:46:02.459,110887.99,0.00608,10.09099099099052,BINANCE
2025-09-02 13:46:02.474,110888.0,0.02255,10.09009009009009,BINANCE
2025-09-02 13:46:02.477,110888.0,0.003,10.09009009009009,BINANCE
2025-09-02 13:46:02.516,110888.0,0.00645,10.09009009009009,BINANCE
2025-09-02 13:46:02.566,110888.0,0.00284,10.09009009009009,BINANCE
2025-09-02 13:46:02.570,110888.0,0.00345,10.09009009009009,BINANCE
2025-09-02 13:46:02.606,110887.99,5e-05,10.09099099099052,BINANCE
2025-09-02 13:46:02.621,110887.99,7e-05,10.09099099099052,BINANCE
2025-09-02 13:46:02.753,110887.99,0.00132,10.09099099099052,BINANCE
2025-09-02 13:46:02.801,110887.99,0.00123,10.09099099099052,BINANCE
2025-09-02 13:46:02.810,110888.0,0.019,10.09009009009009,BINANCE
2025-09-02 13:46:02.811,110888.0,0.02,10.09009009009009,BINANCE
2025-09-02 13:46:02.811,110888.0,0.018,10.09009009009009,BINANCE
2025-09-02 13:46:02.895,110888.0,0.00027,10.09009009009009,BINANCE
2025-09-02 13:46:02.940,110887.99,0.00231,10.09099099099052,BINANCE
2025-09-02 13:46:03.005,110887.99,0.00026,10.09099099099052,BINANCE
2025-09-02 13:46:03.045,110888.0,0.0027,10.09009009009009,BINANCE
2025-09-02 13:46:03.046,110887.99,0.0018,10.09099099099052,BINANCE
2025-09-02 13:46:03.080,110888.0,0.02705,10.09009009009009,BINANCE
2025-09-02 13:46:03.081,110887.99,0.00108,10.09099099099052,BINANCE
2025-09-02 13:46:03.085,110888.0,0.0022,10.09009009009009,BINANCE
2025-09-02 13:46:03.089,110888.0,0.0101,10.09009009009009,BINANCE
2025-09-02 13:46:03.109,110888.0,0.04509,10.09009009009009,BINANCE
2025-09-02 13:46:03.139,110888.0,0.0175,10.09009009009009,BINANCE
2025-09-02 13:46:03.148,110887.99,0.00719,10.09099099099052,BINANCE
2025-09-02 13:46:03.155,110888.0,0.06914,10.09009009009009,BINANCE
2025-09-02 13:46:03.155,110888.0,0.005,10.09009009009009,BINANCE
2025-09-02 13:46:03.155,110888.0,0.00088,10.09009009009009,BINANCE
2025-09-02 13:46:03.155,110888.0,0.00938,10.09009009009009,BINANCE
2025-09-02 13:46:03.167,110887.99,0.0045,10.09099099099052,BINANCE
2025-09-02 13:46:03.167,110887.99,0.00278,10.09099099099052,BINANCE
2025-09-02 13:46:03.171,110887.99,0.00331,10.09099099099052,BINANCE
2025-09-02 13:46:03.175,110887.99,9e-05,10.09099099099052,BINANCE
2025-09-02 13:46:03.176,110887.99,0.00331,10.09099099099052,BINANCE
2025-09-02 13:46:03.184,110888.0,0.016,10.09009009009009,BINANCE
2025-09-02 13:46:03.185,110887.99,0.00419,10.09099099099052,BINANCE
2025-09-02 13:46:03.188,110888.0,0.02199,10.09009009009009,BINANCE
2025-09-02 13:46:03.222,110888.0,0.00181,10.09009009009009,BINANCE
2025-09-02 13:46:03.230,110888.0,0.007,10.09009009009009,BINANCE
2025-09-02 13:46:03.296,110888.0,0.019,10.09009009009009,BINANCE
2025-09-02 13:46:03.313,110888.0,0.019,10.09009009009009,BINANCE
2025-09-02 13:46:03.342,110888.0,0.00582,10.09009009009009,BINANCE
2025-09-02 13:46:03.342,110888.0,0.00212,10.09009009009009,BINANCE
2025-09-02 13:46:03.342,110888.0,0.00916,10.09009009009009,BINANCE
2025-09-02 13:46:03.342,110888.0,0.0001,10.09009009009009,BINANCE
2025-09-02 13:46:03.342,110888.0,0.002,10.09009009009009,BINANCE
2025-09-02 13:46:03.342,110888.0,0.00091,10.09009009009009,BINANCE
2025-09-02 13:46:03.342,110888.0,0.0004,10.09009009009009,BINANCE
2025-09-02 13:46:03.342,110888.0,0.00015,10.09009009009009,BINANCE
2025-09-02 13:46:03.342,110888.0,5e-05,10.09009009009009,BINANCE
2025-09-02 13:46:03.342,110888.0,0.01284,10.09009009009009,BINANCE
2025-09-02 13:46:03.375,110888.0,0.00015,10.09009009009009,BINANCE
2025-09-02 13:46:03.403,110888.0,0.02255,10.09009009009009,BINANCE
2025-09-02 13:46:03.412,110888.0,0.00053,10.09009009009009,BINANCE
2025-09-02 13:46:03.412,110888.0,5e-05,10.09009009009009,BINANCE
2025-09-02 13:46:03.412,110888.0,0.00388,10.09009009009009,BINANCE
2025-09-02 13:46:03.415,110888.17,5e-05,10.074774774774932,BINANCE
2025-09-02 13:46:03.415,110888.07,9e-05,10.083783783783156,BINANCE
2025-09-02 13:46:03.415,110888.01,5e-05,10.08918918918966,BINANCE
2025-09-02 13:46:03.415,110888.01,0.00357,10.08918918918966,BINANCE
2025-09-02 13:46:03.415,110888.0,0.0007,10.09009009009009,BINANCE
2025-09-02 13:46:03.415,110888.0,5e-05,10.09009009009009,BINANCE
2025-09-02 13:46:03.415,110888.01,0.0001,10.08918918918966,BINANCE
2025-09-02 13:46:03.415,110888.0,0.0001,10.09009009009009,BINANCE
2025-09-02 13:46:03.415,110888.0,0.03607,10.09009009009009,BINANCE
2025-09-02 13:46:03.415,110888.0,0.0412,10.09009009009009,BINANCE
2025-09-02 13:46:03.415,110888.0,0.00111,10.09009009009009,BINANCE
2025-09-02 13:46:03.425,110888.18,0.0635,10.073873873874502,BINANCE
2025-09-02 13:46:03.443,110888.18,0.03051,10.073873873874502,BINANCE
2025-09-02 13:46:03.452,110888.17,0.00043,10.074774774774932,BINANCE
2025-09-02 13:46:03.452,110888.17,9e-05,10.074774774774932,BINANCE
2025-09-02 13:46:03.519,110888.18,0.02255,10.073873873874502,BINANCE
2025-09-02 13:46:03.561,110888.18,0.02255,10.073873873874502,BINANCE
2025-09-02 13:46:03.567,110888.18,0.00248,10.073873873874502,BINANCE
2025-09-02 13:46:03.591,110888.17,0.0013,10.074774774774932,BINANCE
2025-09-02 13:46:03.624,110888.17,0.00159,10.074774774774932,BINANCE
2025-09-02 13:46:03.688,110888.17,0.00018,10.074774774774932,BINANCE
2025-09-02 13:46:03.695,110888.18,0.019,10.073873873874502,BINANCE
2025-09-02 13:46:03.722,110888.18,0.0007,10.073873873874502,BINANCE
2025-09-02 13:46:03.723,110888.19,5e-05,10.072972972972764,BINANCE
2025-09-02 13:46:03.723,110888.19,0.04508,10.072972972972764,BINANCE
2025-09-02 13:46:03.723,110888.26,8e-05,10.066666666667139,BINANCE
2025-09-02 13:46:03.723,110888.52,5e-05,10.043243243242877,BINANCE
2025-09-02 13:46:03.723,110888.77,5e-05,10.020720720720353,BINANCE
2025-09-02 13:46:03.723,110888.88,0.00046,10.01081081081039,BINANCE
2025-09-02 13:46:03.723,110888.88,6e-05,10.01081081081039,BINANCE
2025-09-02 13:46:03.723,110888.88,5e-05,10.01081081081039,BINANCE
2025-09-02 13:46:03.723,110888.89,0.00872,10.009909909909963,BINANCE
2025-09-02 13:46:03.723,110888.89,5e-05,10.009909909909963,BINANCE
2025-09-02 13:46:03.723,110889.0,0.002,10.0,BINANCE
2025-09-02 13:46:03.723,110889.0,0.001,10.0,BINANCE
2025-09-02 13:46:03.723,110889.02,0.00024,9.998198198197832,BINANCE
2025-09-02 13:46:03.723,110889.14,0.00096,9.98738738738744,BINANCE
2025-09-02 13:46:03.723,110889.14,0.00024,9.98738738738744,BINANCE
2025-09-02 13:46:03.723,110888.88,8e-05,10.01081081081039,BINANCE
2025-09-02 13:46:03.723,110888.18,5e-05,10.073873873874502,BINANCE
2025-09-02 13:46:03.723,110888.18,0.02228,10.073873873874502,BINANCE
2025-09-02 13:46:03.723,110888.18,0.002,10.073873873874502,BINANCE
2025-09-02 13:46:03.723,110888.18,0.03313,10.073873873874502,BINANCE
2025-09-02 13:46:03.723,110888.18,0.0001,10.073873873874502,BINANCE
2025-09-02 13:46:03.726,110890.18,9e-05,9.893693693694324,BINANCE
2025-09-02 13:46:03.726,110890.34,0.00021,9.879279279279594,BINANCE
2025-09-02 13:46:03.726,110890.29,0.00011,9.883783783784361,BINANCE
2025-09-02 13:46:03.726,110890.0,0.001,9.90990990990991,BINANCE
2025-09-02 13:46:03.726,110890.0,7e-05,9.90990990990991,BINANCE
2025-09-02 13:46:03.726,110890.0,0.00068,9.90990990990991,BINANCE
2025-09-02 13:46:03.726,110890.0,5e-05,9.90990990990991,BINANCE
2025-09-02 13:46:03.726,110890.0,0.00113,9.90990990990991,BINANCE
2025-09-02 13:46:03.727,110890.43,0.0001,9.8711711711718,BINANCE
2025-09-02 13:46:03.727,110890.43,3e-05,9.8711711711718,BINANCE
2025-09-02 13:46:03.727,110890.52,7e-05,9.863063063062695,BINANCE
2025-09-02 13:46:03.727,110890.52,3e-05,9.863063063062695,BINANCE
2025-09-02 13:46:03.727,110890.52,0.00021,9.863063063062695,BINANCE
2025-09-02 13:46:03.727,110890.52,0.00049,9.863063063062695,BINANCE
2025-09-02 13:46:03.727,110890.78,5e-05,9.839639639639744,BINANCE
2025-09-02 13:46:03.727,110890.88,0.00132,9.83063063063021,BINANCE
2025-09-02 13:46:03.730,110892.0,0.02229,9.72972972972973,BINANCE
2025-09-02 13:46:03.730,110891.99,5e-05,9.73063063063016,BINANCE
2025-09-02 13:46:03.730,110891.85,7e-05,9.74324324324272,BINANCE
2025-09-02 13:46:03.730,110891.93,6e-05,9.736036036036666,BINANCE
2025-09-02 13:46:03.730,110891.82,0.00628,9.745945945945317,BINANCE
2025-09-02 13:46:03.730,110890.88,0.00079,9.83063063063021,BINANCE
2025-09-02 13:46:03.730,110891.56,0.00026,9.76936936936958,BINANCE
2025-09-02 13:46:03.730,110891.82,5e-05,9.745945945945317,BINANCE
2025-09-02 13:46:03.730,110891.76,7e-05,9.751351351351824,BINANCE
2025-09-02 13:46:03.730,110891.56,0.00154,9.76936936936958,BINANCE
2025-09-02 13:46:03.736,110891.99,0.07026,9.73063063063016,BINANCE
2025-09-02 13:46:03.741,110892.0,5e-05,9.72972972972973,BINANCE
2025-09-02 13:46:03.741,110892.01,4e-05,9.7288288288293,BINANCE
2025-09-02 13:46:03.741,110892.0,0.0004,9.72972972972973,BINANCE
2025-09-02 13:46:03.741,110892.0,0.002,9.72972972972973,BINANCE
2025-09-02 13:46:03.741,110892.0,0.07726,9.72972972972973,BINANCE
2025-09-02 13:46:03.741,110892.0,0.00015,9.72972972972973,BINANCE
2025-09-02 13:46:03.745,110892.01,4e-05,9.7288288288293,BINANCE
2025-09-02 13:46:03.745,110892.01,1e-05,9.7288288288293,BINANCE
2025-09-02 13:46:03.745,110892.01,5e-05,9.7288288288293,BINANCE
2025-09-02 13:46:03.746,110892.01,1e-05,9.7288288288293,BINANCE
2025-09-02 13:46:03.746,110892.01,5e-05,9.7288288288293,BINANCE
2025-09-02 13:46:03.746,110892.07,6e-05,9.723423423422794,BINANCE
2025-09-02 13:46:03.746,110892.07,5e-05,9.723423423422794,BINANCE
2025-09-02 13:46:03.746,110892.17,0.00358,9.714414414414572,BINANCE
2025-09-02 13:46:03.751,110892.78,5e-05,9.659459459459564,BINANCE
2025-09-02 13:46:03.751,110892.85,0.00014,9.653153153152628,BINANCE
2025-09-02 13:46:03.751,110892.93,0.0001,9.645945945946576,BINANCE
2025-09-02 13:46:03.751,110892.93,5e-05,9.645945945946576,BINANCE
2025-09-02 13:46:03.751,110893.12,0.00054,9.62882882882925,BINANCE
2025-09-02 13:46:03.751,110893.12,7e-05,9.62882882882925,BINANCE
2025-09-02 13:46:03.751,110893.77,0.00295,9.570270270269903,BINANCE
2025-09-02 13:46:03.751,110893.32,0.00018,9.61081081081018,BINANCE
2025-09-02 13:46:03.751,110893.45,5e-05,9.59909909909936,BINANCE
2025-09-02 13:46:03.751,110893.88,5e-05,9.560360360359942,BINANCE
2025-09-02 13:46:03.751,110893.77,0.00062,9.570270270269903,BINANCE
2025-09-02 13:46:03.751,110892.69,6e-05,9.667567567567358,BINANCE
2025-09-02 13:46:03.751,110893.53,0.0001,9.591891891891997,BINANCE
2025-09-02 13:46:03.751,110892.18,5e-05,9.713513513514142,BINANCE
2025-09-02 13:46:03.751,110892.17,0.00034,9.714414414414572,BINANCE
2025-09-02 13:46:03.751,110892.17,5e-05,9.714414414414572,BINANCE
2025-09-02 13:46:03.751,110892.5,5e-05,9.684684684684685,BINANCE
2025-09-02 13:46:03.755,110893.98,0.00329,9.551351351351718,BINANCE
2025-09-02 13:46:03.765,110896.0,0.002,9.36936936936937,BINANCE
2025-09-02 13:46:03.765,110895.98,7e-05,9.37117117117154,BINANCE
2025-09-02 13:46:03.765,110895.97,0.00018,9.372072072071967,BINANCE
2025-09-02 13:46:03.765,110895.97,0.00014,9.372072072071967,BINANCE
2025-09-02 13:46:03.765,110895.89,6e-05,9.37927927927933,BINANCE
2025-09-02 13:46:03.765,110895.62,8e-05,9.403603603604024,BINANCE
2025-09-02 13:46:03.765,110895.63,5e-05,9.402702702702284,BINANCE
2025-09-02 13:46:03.765,110895.52,5e-05,9.412612612612245,BINANCE
2025-09-02 13:46:03.765,110895.5,0.00019,9.414414414414415,BINANCE
2025-09-02 13:46:03.765,110896.0,0.0004,9.36936936936937,BINANCE
2025-09-02 13:46:03.765,110895.65,5e-05,9.400900900901426,BINANCE
2025-09-02 13:46:03.765,110896.66,5e-05,9.309909909909596,BINANCE
2025-09-02 13:46:03.765,110896.1,0.00018,9.360360360359836,BINANCE
2025-09-02 13:46:03.765,110896.12,5e-05,9.358558558558979,BINANCE
2025-09-02 13:46:03.765,110896.18,7e-05,9.353153153153782,BINANCE
2025-09-02 13:46:03.765,110896.28,5e-05,9.344144144144249,BINANCE
2025-09-02 13:46:03.765,110896.59,0.00469,9.316216216216532,BINANCE
2025-09-02 13:46:03.765,110895.45,0.00018,9.41891891891918,BINANCE
2025-09-02 13:46:03.765,110896.91,9e-05,9.287387387387072,BINANCE
2025-09-02 13:46:03.765,110896.99,5e-05,9.280180180179709,BINANCE
2025-09-02 13:46:03.765,110897.0,0.00015,9.27927927927928,BINANCE
2025-09-02 13:46:03.765,110896.0,0.00015,9.36936936936937,BINANCE
2025-09-02 13:46:03.765,110895.34,8e-05,9.428828828829143,BINANCE
2025-09-02 13:46:03.765,110897.0,0.00772,9.27927927927928,BINANCE
2025-09-02 13:46:03.765,110895.33,0.00013,9.429729729729573,BINANCE
2025-09-02 13:46:03.765,110895.34,5e-05,9.428828828829143,BINANCE
2025-09-02 13:46:03.765,110893.99,5e-05,9.55045045044998,BINANCE
2025-09-02 13:46:03.765,110894.0,5e-05,9.54954954954955,BINANCE
2025-09-02 13:46:03.765,110894.18,5e-05,9.533333333333962,BINANCE
2025-09-02 13:46:03.765,110894.51,0.00014,9.503603603604075,BINANCE
2025-09-02 13:46:03.765,110894.51,5e-05,9.503603603604075,BINANCE
2025-09-02 13:46:03.765,110894.73,6e-05,9.483783783784151,BINANCE
2025-09-02 13:46:03.765,110895.12,5e-05,9.448648648649067,BINANCE
2025-09-02 13:46:03.765,110894.73,0.00022,9.483783783784151,BINANCE
2025-09-02 13:46:03.765,110895.0,7e-05,9.45945945945946,BINANCE
2025-09-02 13:46:03.772,110897.0,0.01576,9.27927927927928,BINANCE
2025-09-02 13:46:03.772,110897.0,0.03854,9.27927927927928,BINANCE
2025-09-02 13:46:03.775,110897.0,0.0243,9.27927927927928,BINANCE
2025-09-02 13:46:03.778,110897.0,0.1018,9.27927927927928,BINANCE
2025-09-02 13:46:03.783,110899.0,0.00378,9.0990990990991,BINANCE
2025-09-02 13:46:03.783,110899.0,0.00901,9.0990990990991,BINANCE
2025-09-02 13:46:03.783,110898.99,5e-05,9.099999999999529,BINANCE
2025-09-02 13:46:03.783,110898.84,5e-05,9.113513513513828,BINANCE
2025-09-02 13:46:03.783,110898.72,0.00023,9.124324324324219,BINANCE
2025-09-02 13:46:03.783,110898.47,0.00014,9.146846846846742,BINANCE
2025-09-02 13:46:03.783,110898.22,0.00042,9.169369369369264,BINANCE
2025-09-02 13:46:03.783,110898.05,0.00017,9.184684684684424,BINANCE
2025-09-02 13:46:03.783,110898.09,0.00357,9.181081081081397,BINANCE
2025-09-02 13:46:03.783,110898.0,0.00013,9.18918918918919,BINANCE
2025-09-02 13:46:03.783,110898.19,0.00088,9.172072072071863,BINANCE
2025-09-02 13:46:03.783,110897.51,0.0001,9.233333333333805,BINANCE
2025-09-02 13:46:03.783,110897.82,0.0018,9.205405405404775,BINANCE
2025-09-02 13:46:03.783,110897.0,0.00166,9.27927927927928,BINANCE
2025-09-02 13:46:03.783,110897.0,5e-05,9.27927927927928,BINANCE
2025-09-02 13:46:03.783,110897.01,5e-05,9.27837837837885,BINANCE
2025-09-02 13:46:03.783,110897.16,5e-05,9.264864864864549,BINANCE
2025-09-02 13:46:03.809,110899.01,5e-05,9.09819819819867,BINANCE
2025-09-02 13:46:03.809,110899.0,5e-05,9.0990990990991,BINANCE
2025-09-02 13:46:03.809,110899.0,0.2,9.0990990990991,BINANCE
2025-09-02 13:46:03.809,110899.0,0.00523,9.0990990990991,BINANCE
2025-09-02 13:46:03.811,110899.1,0.00012,9.090090090089566,BINANCE
2025-09-02 13:46:03.811,110899.1,0.0001,9.090090090089566,BINANCE
2025-09-02 13:46:03.812,110899.57,0.00087,9.047747747747119,BINANCE
2025-09-02 13:46:03.812,110899.59,5e-05,9.04594594594626,BINANCE
2025-09-02 13:46:03.812,110899.46,7e-05,9.057657657657082,BINANCE
2025-09-02 13:46:03.812,110899.26,0.00069,9.075675675676147,BINANCE
2025-09-02 13:46:03.812,110899.3,0.00078,9.07207207207181,BINANCE
2025-09-02 13:46:03.812,110899.29,0.0001,9.072972972973549,BINANCE
2025-09-02 13:46:03.812,110899.4,0.0001,9.063063063063588,BINANCE
2025-09-02 13:46:03.813,110899.84,5e-05,9.023423423423738,BINANCE
2025-09-02 13:46:03.813,110899.99,0.00458,9.009909909909437,BINANCE
2025-09-02 13:46:03.813,110899.99,0.0001,9.009909909909437,BINANCE
2025-09-02 13:46:03.813,110899.99,5e-05,9.009909909909437,BINANCE
2025-09-02 13:46:03.813,110899.99,0.00307,9.009909909909437,BINANCE
2025-09-02 13:46:03.815,110899.84,5e-05,9.023423423423738,BINANCE
2025-09-02 13:46:03.818,110899.98,0.01,9.010810810811178,BINANCE
2025-09-02 13:46:03.818,110899.85,5e-05,9.022522522521998,BINANCE
2025-09-02 13:46:03.818,110899.85,0.0001,9.022522522521998,BINANCE
2025-09-02 13:46:03.818,110899.98,0.12271,9.010810810811178,BINANCE
2025-09-02 13:46:03.818,110899.84,0.0001,9.023423423423738,BINANCE
2025-09-02 13:46:03.818,110899.84,5e-05,9.023423423423738,BINANCE
2025-09-02 13:46:03.821,110900.0,0.00043,9.00900900900901,BINANCE
2025-09-02 13:46:03.821,110900.0,0.065,9.00900900900901,BINANCE
2025-09-02 13:46:03.821,110900.0,0.00045,9.00900900900901,BINANCE
2025-09-02 13:46:03.821,110900.0,0.0009,9.00900900900901,BINANCE
2025-09-02 13:46:03.821,110900.0,5e-05,9.00900900900901,BINANCE
2025-09-02 13:46:03.821,110900.0,0.01803,9.00900900900901,BINANCE
2025-09-02 13:46:03.821,110900.0,0.00028,9.00900900900901,BINANCE
2025-09-02 13:46:03.821,110900.0,0.0018,9.00900900900901,BINANCE
2025-09-02 13:46:03.821,110900.0,0.00038,9.00900900900901,BINANCE
2025-09-02 13:46:03.821,110900.0,0.05487,9.00900900900901,BINANCE
2025-09-02 13:46:03.821,110900.0,7e-05,9.00900900900901,BINANCE
2025-09-02 13:46:03.821,110900.0,0.00016,9.00900900900901,BINANCE
2025-09-02 13:46:03.821,110900.0,0.00198,9.00900900900901,BINANCE
2025-09-02 13:46:03.821,110900.0,0.001,9.00900900900901,BINANCE
2025-09-02 13:46:03.821,110900.0,0.0139,9.00900900900901,BINANCE
2025-09-02 13:46:03.821,110900.0,0.00936,9.00900900900901,BINANCE
2025-09-02 13:46:03.821,110900.0,0.00459,9.00900900900901,BINANCE
2025-09-02 13:46:03.821,110900.0,0.00015,9.00900900900901,BINANCE
2025-09-02 13:46:03.821,110900.0,0.00277,9.00900900900901,BINANCE
2025-09-02 13:46:03.821,110900.0,0.00101,9.00900900900901,BINANCE
2025-09-02 13:46:03.821,110900.0,0.09017,9.00900900900901,BINANCE
2025-09-02 13:46:03.821,110899.99,9e-05,9.009909909909437,BINANCE
2025-09-02 13:46:03.821,110900.0,0.47217,9.00900900900901,BINANCE
2025-09-02 13:46:03.821,110900.0,0.00443,9.00900900900901,BINANCE
2025-09-02 13:46:03.821,110900.0,0.00999,9.00900900900901,BINANCE
2025-09-02 13:46:03.821,110900.0,0.01051,9.00900900900901,BINANCE
2025-09-02 13:46:03.821,110900.0,0.0015,9.00900900900901,BINANCE
2025-09-02 13:46:03.821,110900.0,0.00026,9.00900900900901,BINANCE
2025-09-02 13:46:03.821,110900.0,0.0027,9.00900900900901,BINANCE
2025-09-02 13:46:03.821,110900.0,0.0004,9.00900900900901,BINANCE
2025-09-02 13:46:03.821,110900.0,0.03341,9.00900900900901,BINANCE
2025-09-02 13:46:03.821,110900.0,0.00014,9.00900900900901,BINANCE
2025-09-02 13:46:03.821,110900.0,0.01,9.00900900900901,BINANCE
2025-09-02 13:46:03.821,110900.0,8e-05,9.00900900900901,BINANCE
2025-09-02 13:46:03.821,110900.0,0.00091,9.00900900900901,BINANCE
2025-09-02 13:46:03.821,110900.0,0.00088,9.00900900900901,BINANCE
2025-09-02 13:46:03.821,110900.0,0.0001,9.00900900900901,BINANCE
2025-09-02 13:46:03.821,110900.0,9e-05,9.00900900900901,BINANCE
2025-09-02 13:46:03.821,110900.0,0.00018,9.00900900900901,BINANCE
2025-09-02 13:46:03.821,110900.0,6e-05,9.00900900900901,BINANCE
2025-09-02 13:46:03.821,110900.0,0.01071,9.00900900900901,BINANCE
2025-09-02 13:46:03.821,110899.99,5e-05,9.009909909909437,BINANCE
2025-09-02 13:46:03.821,110899.98,5e-05,9.010810810811178,BINANCE
2025-09-02 13:46:03.821,110899.98,0.0001,9.010810810811178,BINANCE
2025-09-02 13:46:03.821,110900.0,0.00047,9.00900900900901,BINANCE
2025-09-02 13:46:03.821,110900.0,0.00046,9.00900900900901,BINANCE
2025-09-02 13:46:03.821,110900.0,0.00079,9.00900900900901,BINANCE
2025-09-02 13:46:03.821,110900.0,0.00042,9.00900900900901,BINANCE
2025-09-02 13:46:03.821,110900.0,0.00216,9.00900900900901,BINANCE
2025-09-02 13:46:03.821,110900.0,0.00207,9.00900900900901,BINANCE
2025-09-02 13:46:03.821,110900.0,0.00024,9.00900900900901,BINANCE
2025-09-02 13:46:03.821,110900.0,0.0002,9.00900900900901,BINANCE
2025-09-02 13:46:03.852,110899.99,8e-05,9.009909909909437,BINANCE
2025-09-02 13:46:03.919,110900.0,0.03042,9.00900900900901,BINANCE
2025-09-02 13:46:03.919,110900.0,0.0002,9.00900900900901,BINANCE
2025-09-02 13:46:03.919,110900.0,0.01098,9.00900900900901,BINANCE
2025-09-02 13:46:03.967,110899.99,0.02716,9.009909909909437,BINANCE
2025-09-02 13:46:04.014,110899.99,0.00064,9.009909909909437,BINANCE
2025-09-02 13:46:04.015,110900.0,0.0157,9.00900900900901,BINANCE
2025-09-02 13:46:04.045,110900.0,0.01068,9.00900900900901,BINANCE
2025-09-02 13:46:04.045,110900.0,0.02264,9.00900900900901,BINANCE
2025-09-02 13:46:04.045,110900.0,0.00046,9.00900900900901,BINANCE
2025-09-02 13:46:04.046,110902.27,5e-05,8.804504504504138,BINANCE
2025-09-02 13:46:04.046,110904.0,0.0004,8.64864864864865,BINANCE
2025-09-02 13:46:04.046,110904.0,0.002,8.64864864864865,BINANCE
2025-09-02 13:46:04.046,110903.99,5e-05,8.649549549549077,BINANCE
2025-09-02 13:46:04.046,110903.89,0.0018,8.658558558558612,BINANCE
2025-09-02 13:46:04.046,110903.89,0.00202,8.658558558558612,BINANCE
2025-09-02 13:46:04.046,110903.86,0.003,8.66126126126121,BINANCE
2025-09-02 13:46:04.046,110903.81,5e-05,8.665765765765975,BINANCE
2025-09-02 13:46:04.046,110903.81,0.00357,8.665765765765975,BINANCE
2025-09-02 13:46:04.046,110903.73,0.00059,8.67297297297334,BINANCE
2025-09-02 13:46:04.046,110903.33,5e-05,8.70900900900885,BINANCE
2025-09-02 13:46:04.046,110903.27,0.00097,8.714414414414048,BINANCE
2025-09-02 13:46:04.046,110903.09,0.00013,8.730630630630946,BINANCE
2025-09-02 13:46:04.046,110902.27,0.07,8.804504504504138,BINANCE
2025-09-02 13:46:04.046,110902.71,6e-05,8.764864864864288,BINANCE
2025-09-02 13:46:04.046,110902.28,5e-05,8.803603603603708,BINANCE
2025-09-02 13:46:04.046,110903.77,0.0003,8.669369369369003,BINANCE
2025-09-02 13:46:04.046,110904.0,0.00015,8.64864864864865,BINANCE
2025-09-02 13:46:04.046,110904.0,5e-05,8.64864864864865,BINANCE
2025-09-02 13:46:04.046,110902.22,0.00012,8.809009009008905,BINANCE
2025-09-02 13:46:04.046,110906.33,0.02334,8.43873873873858,BINANCE
2025-09-02 13:46:04.046,110906.32,5e-05,8.439639639639012,BINANCE
2025-09-02 13:46:04.046,110906.11,5e-05,8.458558558558506,BINANCE
2025-09-02 13:46:04.046,110906.0,7e-05,8.468468468468469,BINANCE
2025-09-02 13:46:04.046,110905.91,0.0003,8.476576576576262,BINANCE
2025-09-02 13:46:04.046,110905.88,7e-05,8.47927927927886,BINANCE
2025-09-02 13:46:04.046,110905.69,8e-05,8.496396396396186,BINANCE
2025-09-02 13:46:04.046,110905.23,7e-05,8.537837837838206,BINANCE
2025-09-02 13:46:04.046,110905.18,0.00029,8.542342342342971,BINANCE
2025-09-02 13:46:04.046,110905.0,5e-05,8.558558558558559,BINANCE
2025-09-02 13:46:04.046,110905.0,0.00304,8.558558558558559,BINANCE
2025-09-02 13:46:04.046,110904.97,5e-05,8.561261261261157,BINANCE
2025-09-02 13:46:04.046,110904.76,8e-05,8.580180180180653,BINANCE
2025-09-02 13:46:04.046,110904.67,5e-05,8.588288288288446,BINANCE
2025-09-02 13:46:04.046,110904.67,0.00521,8.588288288288446,BINANCE
2025-09-02 13:46:04.046,110904.4,5e-05,8.612612612613137,BINANCE
2025-09-02 13:46:04.046,110906.33,0.025,8.43873873873858,BINANCE
2025-09-02 13:46:04.046,110904.14,0.002,8.636036036036089,BINANCE
2025-09-02 13:46:04.046,110902.2,6e-05,8.810810810811073,BINANCE
2025-09-02 13:46:04.046,110904.34,5e-05,8.618018018018333,BINANCE
2025-09-02 13:46:04.046,110901.9,8e-05,8.837837837838363,BINANCE
2025-09-02 13:46:04.046,110900.0,0.01715,9.00900900900901,BINANCE
2025-09-02 13:46:04.046,110900.0,5e-05,9.00900900900901,BINANCE
2025-09-02 13:46:04.046,110900.0,0.0001,9.00900900900901,BINANCE
2025-09-02 13:46:04.046,110900.0,0.00015,9.00900900900901,BINANCE
2025-09-02 13:46:04.046,110900.0,0.0004,9.00900900900901,BINANCE
2025-09-02 13:46:04.046,110900.0,0.00063,9.00900900900901,BINANCE
2025-09-02 13:46:04.046,110900.0,0.01803,9.00900900900901,BINANCE
2025-09-02 13:46:04.046,110900.0,0.002,9.00900900900901,BINANCE
2025-09-02 13:46:04.046,110900.0,0.00161,9.00900900900901,BINANCE
2025-09-02 13:46:04.046,110900.0,0.01068,9.00900900900901,BINANCE
2025-09-02 13:46:04.046,110900.0,0.00046,9.00900900900901,BINANCE
2025-09-02 13:46:04.046,110900.0,0.00316,9.00900900900901,BINANCE
2025-09-02 13:46:04.046,110900.0,0.00012,9.00900900900901,BINANCE
2025-09-02 13:46:04.046,110901.91,7e-05,8.836936936936622,BINANCE
2025-09-02 13:46:04.046,110900.0,0.0074,9.00900900900901,BINANCE
2025-09-02 13:46:04.046,110901.87,7e-05,8.84054054054096,BINANCE
2025-09-02 13:46:04.046,110901.78,8e-05,8.848648648648753,BINANCE
2025-09-02 13:46:04.046,110901.65,0.00024,8.860360360360884,BINANCE
2025-09-02 13:46:04.046,110901.4,7e-05,8.882882882883408,BINANCE
2025-09-02 13:46:04.046,110901.35,0.00121,8.887387387386863,BINANCE
2025-09-02 13:46:04.046,110901.34,8e-05,8.888288288288603,BINANCE
2025-09-02 13:46:04.046,110900.98,5e-05,8.920720720721087,BINANCE
2025-09-02 13:46:04.046,110900.69,0.0001,8.946846846846638,BINANCE
2025-09-02 13:46:04.046,110900.38,5e-05,8.974774774774355,BINANCE
2025-09-02 13:46:04.046,110900.37,0.00064,8.975675675676095,BINANCE
2025-09-02 13:46:04.046,110901.0,0.00115,8.91891891891892,BINANCE
2025-09-02 13:46:04.046,110900.12,0.00838,8.998198198198619,BINANCE
2025-09-02 13:46:04.046,110900.11,0.00028,8.999099099099046,BINANCE
2025-09-02 13:46:04.046,110900.01,5e-05,9.00810810810858,BINANCE
2025-09-02 13:46:04.046,110900.12,5e-05,8.998198198198619,BINANCE
2025-09-02 13:46:04.046,110900.01,6e-05,9.00810810810858,BINANCE
2025-09-02 13:46:04.047,110911.78,7e-05,7.947747747747853,BINANCE
2025-09-02 13:46:04.047,110911.78,8e-05,7.947747747747853,BINANCE
2025-09-02 13:46:04.047,110911.79,0.00064,7.946846846847423,BINANCE
2025-09-02 13:46:04.047,110912.0,0.0004,7.927927927927928,BINANCE
2025-09-02 13:46:04.047,110911.96,0.00048,7.931531531530955,BINANCE
2025-09-02 13:46:04.047,110912.0,0.002,7.927927927927928,BINANCE
2025-09-02 13:46:04.047,110911.79,0.00296,7.946846846847423,BINANCE
2025-09-02 13:46:04.047,110911.76,8e-05,7.949549549550022,BINANCE
2025-09-02 13:46:04.047,110910.53,8e-05,8.060360360360466,BINANCE
2025-09-02 13:46:04.047,110911.76,0.00061,7.949549549550022,BINANCE
2025-09-02 13:46:04.047,110911.57,8e-05,7.966666666666038,BINANCE
2025-09-02 13:46:04.047,110911.49,8e-05,7.973873873873401,BINANCE
2025-09-02 13:46:04.047,110911.24,0.00014,7.996396396395925,BINANCE
2025-09-02 13:46:04.047,110911.19,0.00013,8.00090090090069,BINANCE
2025-09-02 13:46:04.047,110911.07,0.00018,8.011711711711083,BINANCE
2025-09-02 13:46:04.047,110910.95,5e-05,8.022522522522785,BINANCE
2025-09-02 13:46:04.047,110910.76,0.0001,8.03963963964011,BINANCE
2025-09-02 13:46:04.047,110910.64,0.00081,8.050450450450503,BINANCE
2025-09-02 13:46:04.047,110912.0,0.00015,7.927927927927928,BINANCE
2025-09-02 13:46:04.047,110911.76,0.00016,7.949549549550022,BINANCE
2025-09-02 13:46:04.047,110912.04,0.00067,7.9243243243249015,BINANCE
2025-09-02 13:46:04.047,110913.04,5e-05,7.834234234234811,BINANCE
2025-09-02 13:46:04.047,110912.5,0.00116,7.882882882882883,BINANCE
2025-09-02 13:46:04.047,110910.41,5e-05,8.071171171170857,BINANCE
2025-09-02 13:46:04.047,110913.98,8e-05,7.749549549549916,BINANCE
2025-09-02 13:46:04.047,110913.72,7e-05,7.772972972972868,BINANCE
2025-09-02 13:46:04.047,110913.67,5e-05,7.777477477477635,BINANCE
2025-09-02 13:46:04.047,110913.66,5e-05,7.778378378378064,BINANCE
2025-09-02 13:46:04.047,110913.64,0.00013,7.780180180180233,BINANCE
2025-09-02 13:46:04.047,110913.58,8e-05,7.7855855855854275,BINANCE
2025-09-02 13:46:04.047,110913.58,0.00182,7.7855855855854275,BINANCE
2025-09-02 13:46:04.047,110913.51,8e-05,7.791891891892363,BINANCE
2025-09-02 13:46:04.047,110913.46,0.00015,7.796396396395819,BINANCE
2025-09-02 13:46:04.047,110913.4,5e-05,7.801801801802326,BINANCE
2025-09-02 13:46:04.047,110913.16,0.00077,7.823423423423108,BINANCE
2025-09-02 13:46:04.047,110913.0,0.00686,7.837837837837838,BINANCE
2025-09-02 13:46:04.047,110913.0,5e-05,7.837837837837838,BINANCE
2025-09-02 13:46:04.047,110912.95,0.00034,7.842342342342604,BINANCE
2025-09-02 13:46:04.047,110912.95,0.00047,7.842342342342604,BINANCE
2025-09-02 13:46:04.047,110912.95,0.00014,7.842342342342604,BINANCE
2025-09-02 13:46:04.047,110912.89,0.00439,7.847747747747801,BINANCE
2025-09-02 13:46:04.047,110912.89,0.00215,7.847747747747801,BINANCE
2025-09-02 13:46:04.047,110912.57,0.00017,7.876576576575947,BINANCE
2025-09-02 13:46:04.047,110912.46,0.00014,7.88648648648591,BINANCE
2025-09-02 13:46:04.047,110910.39,0.00357,8.072972972973025,BINANCE
2025-09-02 13:46:04.047,110909.62,0.0001,8.142342342342761,BINANCE
2025-09-02 13:46:04.047,110909.66,7e-05,8.138738738738425,BINANCE
2025-09-02 13:46:04.047,110909.09,0.00042,8.190090090090404,BINANCE
2025-09-02 13:46:04.047,110909.09,5e-05,8.190090090090404,BINANCE
2025-09-02 13:46:04.047,110909.09,0.0001,8.190090090090404,BINANCE
2025-09-02 13:46:04.047,110909.09,0.00136,8.190090090090404,BINANCE
2025-09-02 13:46:04.047,110908.85,8e-05,8.211711711711187,BINANCE
2025-09-02 13:46:04.047,110908.83,0.001,8.213513513513357,BINANCE
2025-09-02 13:46:04.047,110908.72,0.00053,8.223423423423318,BINANCE
2025-09-02 13:46:04.047,110908.62,5e-05,8.232432432432851,BINANCE
2025-09-02 13:46:04.047,110908.42,0.00014,8.250450450450607,BINANCE
2025-09-02 13:46:04.047,110908.3,7e-05,8.261261261261,BINANCE
2025-09-02 13:46:04.047,110908.0,0.0004,8.288288288288287,BINANCE
2025-09-02 13:46:04.047,110908.0,0.002,8.288288288288287,BINANCE
2025-09-02 13:46:04.047,110907.83,0.00067,8.303603603603445,BINANCE
2025-09-02 13:46:04.047,110907.54,5e-05,8.329729729730307,BINANCE
2025-09-02 13:46:04.047,110907.49,0.0001,8.334234234233762,BINANCE
2025-09-02 13:46:04.047,110907.41,0.00081,8.341441441441127,BINANCE
2025-09-02 13:46:04.047,110907.18,8e-05,8.362162162162791,BINANCE
2025-09-02 13:46:04.047,110910.0,6e-05,8.108108108108107,BINANCE
2025-09-02 13:46:04.047,110908.0,0.00015,8.288288288288287,BINANCE
2025-09-02 13:46:04.047,110909.09,0.00046,8.190090090090404,BINANCE
2025-09-02 13:46:04.047,110906.94,0.00377,8.383783783783574,BINANCE
2025-09-02 13:46:04.047,110909.09,7e-05,8.190090090090404,BINANCE
2025-09-02 13:46:04.047,110909.36,0.01333,8.165765765765714,BINANCE
2025-09-02 13:46:04.047,110909.23,7e-05,8.177477477477844,BINANCE
2025-09-02 13:46:04.047,110909.09,0.00152,8.190090090090404,BINANCE
2025-09-02 13:46:04.047,110909.09,0.00689,8.190090090090404,BINANCE
2025-09-02 13:46:04.047,110909.09,9e-05,8.190090090090404,BINANCE
2025-09-02 13:46:04.047,110909.09,0.00018,8.190090090090404,BINANCE
2025-09-02 13:46:04.047,110909.09,0.0011,8.190090090090404,BINANCE
2025-09-02 13:46:04.047,110909.09,0.00012,8.190090090090404,BINANCE
2025-09-02 13:46:04.047,110909.09,0.00122,8.190090090090404,BINANCE
2025-09-02 13:46:04.047,110909.09,0.00015,8.190090090090404,BINANCE
2025-09-02 13:46:04.047,110909.09,0.00074,8.190090090090404,BINANCE
2025-09-02 13:46:04.047,110909.09,0.00107,8.190090090090404,BINANCE
2025-09-02 13:46:04.047,110909.09,6e-05,8.190090090090404,BINANCE
2025-09-02 13:46:04.048,110919.57,0.00054,7.245945945945317,BINANCE
2025-09-02 13:46:04.048,110919.8,0.00357,7.225225225224962,BINANCE
2025-09-02 13:46:04.048,110919.92,0.0002,7.214414414414572,BINANCE
2025-09-02 13:46:04.048,110920.0,5e-05,7.207207207207207,BINANCE
2025-09-02 13:46:04.048,110919.97,5e-05,7.209909909909805,BINANCE
2025-09-02 13:46:04.048,110919.99,0.00037,7.208108108107636,BINANCE
2025-09-02 13:46:04.048,110919.54,5e-05,7.248648648649225,BINANCE
2025-09-02 13:46:04.048,110919.92,9e-05,7.214414414414572,BINANCE
2025-09-02 13:46:04.048,110919.53,0.00109,7.249549549549655,BINANCE
2025-09-02 13:46:04.048,110918.08,0.00043,7.380180180180022,BINANCE
2025-09-02 13:46:04.048,110919.2,5e-05,7.2792792792795415,BINANCE
2025-09-02 13:46:04.048,110918.9,6e-05,7.306306306306831,BINANCE
2025-09-02 13:46:04.048,110918.79,0.0003,7.316216216216793,BINANCE
2025-09-02 13:46:04.048,110918.79,0.00024,7.316216216216793,BINANCE
2025-09-02 13:46:04.048,110918.64,5e-05,7.329729729729783,BINANCE
2025-09-02 13:46:04.048,110918.49,0.00081,7.343243243242771,BINANCE
2025-09-02 13:46:04.048,110918.17,5e-05,7.37207207207223,BINANCE
2025-09-02 13:46:04.048,110918.14,0.00015,7.374774774774828,BINANCE
2025-09-02 13:46:04.048,110920.0,8e-05,7.207207207207207,BINANCE
2025-09-02 13:46:04.048,110922.0,0.00991,7.027027027027027,BINANCE
2025-09-02 13:46:04.048,110920.0,0.00357,7.207207207207207,BINANCE
2025-09-02 13:46:04.048,110920.05,8e-05,7.202702702702441,BINANCE
2025-09-02 13:46:04.048,110917.66,5e-05,7.418018018017703,BINANCE
2025-09-02 13:46:04.048,110921.39,0.00023,7.081981981982034,BINANCE
2025-09-02 13:46:04.048,110921.27,9e-05,7.092792792792426,BINANCE
2025-09-02 13:46:04.048,110921.23,5e-05,7.096396396396764,BINANCE
2025-09-02 13:46:04.048,110921.14,8e-05,7.104504504504558,BINANCE
2025-09-02 13:46:04.048,110921.06,8e-05,7.111711711711922,BINANCE
2025-09-02 13:46:04.048,110920.67,0.00024,7.146846846847003,BINANCE
2025-09-02 13:46:04.048,110920.67,6e-05,7.146846846847003,BINANCE
2025-09-02 13:46:04.048,110920.67,5e-05,7.146846846847003,BINANCE
2025-09-02 13:46:04.048,110920.49,0.003,7.163063063062591,BINANCE
2025-09-02 13:46:04.048,110920.23,0.0007,7.186486486486853,BINANCE
2025-09-02 13:46:04.048,110920.03,7e-05,7.20450450450461,BINANCE
2025-09-02 13:46:04.048,110920.0,0.01803,7.207207207207207,BINANCE
2025-09-02 13:46:04.048,110920.0,0.00015,7.207207207207207,BINANCE
2025-09-02 13:46:04.048,110920.0,0.0004,7.207207207207207,BINANCE
2025-09-02 13:46:04.048,110920.0,0.002,7.207207207207207,BINANCE
2025-09-02 13:46:04.048,110920.0,0.00101,7.207207207207207,BINANCE
2025-09-02 13:46:04.048,110920.0,0.00349,7.207207207207207,BINANCE
2025-09-02 13:46:04.048,110920.3,5e-05,7.180180180179918,BINANCE
2025-09-02 13:46:04.048,110917.48,0.00654,7.4342342342346015,BINANCE
2025-09-02 13:46:04.048,110916.66,0.00065,7.508108108107794,BINANCE
2025-09-02 13:46:04.048,110917.45,0.00215,7.436936936937199,BINANCE
2025-09-02 13:46:04.048,110915.68,0.01733,7.596396396397025,BINANCE
2025-09-02 13:46:04.048,110915.1,0.0001,7.648648648648124,BINANCE
2025-09-02 13:46:04.048,110915.06,0.00072,7.652252252252462,BINANCE
2025-09-02 13:46:04.048,110915.0,9e-05,7.657657657657658,BINANCE
2025-09-02 13:46:04.048,110914.97,0.00019,7.660360360360255,BINANCE
2025-09-02 13:46:04.048,110914.97,0.00076,7.660360360360255,BINANCE
2025-09-02 13:46:04.048,110914.94,0.03467,7.663063063062854,BINANCE
2025-09-02 13:46:04.048,110914.94,0.00086,7.663063063062854,BINANCE
2025-09-02 13:46:04.048,110914.91,5e-05,7.665765765765451,BINANCE
2025-09-02 13:46:04.048,110914.79,6e-05,7.676576576577153,BINANCE
2025-09-02 13:46:04.048,110914.62,0.00357,7.691891891892311,BINANCE
2025-09-02 13:46:04.048,110914.35,0.0003,7.716216216215692,BINANCE
2025-09-02 13:46:04.048,110914.28,0.00012,7.7225225225226275,BINANCE
2025-09-02 13:46:04.048,110914.28,8e-05,7.7225225225226275,BINANCE
2025-09-02 13:46:04.048,110914.28,6e-05,7.7225225225226275,BINANCE
2025-09-02 13:46:04.048,110914.21,0.00492,7.728828828828252,BINANCE
2025-09-02 13:46:04.048,110914.03,0.00034,7.745045045045149,BINANCE
2025-09-02 13:46:04.048,110917.48,9e-05,7.4342342342346015,BINANCE
2025-09-02 13:46:04.048,110915.72,0.00272,7.592792792792689,BINANCE
2025-09-02 13:46:04.048,110915.82,5e-05,7.583783783783154,BINANCE
2025-09-02 13:46:04.048,110913.98,0.00026,7.749549549549916,BINANCE
2025-09-02 13:46:04.048,110916.0,0.002,7.5675675675675675,BINANCE
2025-09-02 13:46:04.048,110917.27,0.00043,7.453153153152786,BINANCE
2025-09-02 13:46:04.048,110917.21,5e-05,7.458558558557981,BINANCE
2025-09-02 13:46:04.048,110917.19,7e-05,7.46036036036015,BINANCE
2025-09-02 13:46:04.048,110917.18,0.00014,7.461261261261891,BINANCE
2025-09-02 13:46:04.048,110917.0,7e-05,7.4774774774774775,BINANCE
2025-09-02 13:46:04.048,110916.95,5e-05,7.481981981982244,BINANCE
2025-09-02 13:46:04.048,110916.66,0.0001,7.508108108107794,BINANCE
2025-09-02 13:46:04.048,110916.66,0.00017,7.508108108107794,BINANCE
2025-09-02 13:46:04.048,110916.66,5e-05,7.508108108107794,BINANCE
2025-09-02 13:46:04.048,110917.15,6e-05,7.463963963964488,BINANCE
2025-09-02 13:46:04.048,110916.66,0.00069,7.508108108107794,BINANCE
2025-09-02 13:46:04.048,110916.66,0.00027,7.508108108107794,BINANCE
2025-09-02 13:46:04.048,110916.0,0.0004,7.5675675675675675,BINANCE
2025-09-02 13:46:04.048,110916.0,0.00015,7.5675675675675675,BINANCE
2025-09-02 13:46:04.048,110915.93,0.00182,7.573873873874503,BINANCE
2025-09-02 13:46:04.048,110916.3,5e-05,7.540540540540278,BINANCE
2025-09-02 13:46:04.048,110916.44,0.00016,7.527927927927718,BINANCE
2025-09-02 13:46:04.048,110916.5,7e-05,7.522522522522522,BINANCE
2025-09-02 13:46:04.048,110916.05,5e-05,7.563063063062802,BINANCE
2025-09-02 13:46:04.056,110916.99,0.00329,7.478378378377907,BINANCE
2025-09-02 13:46:04.056,110916.99,0.02674,7.478378378377907,BINANCE
2025-09-02 13:46:04.056,110917.05,5e-05,7.472972972972711,BINANCE
2025-09-02 13:46:04.056,110916.99,0.00263,7.478378378377907,BINANCE
2025-09-02 13:46:04.061,110918.0,0.012,7.387387387387387,BINANCE
2025-09-02 13:46:04.061,110918.0,0.00902,7.387387387387387,BINANCE
2025-09-02 13:46:04.062,110918.0,0.012,7.387387387387387,BINANCE
2025-09-02 13:46:04.063,110918.0,0.012,7.387387387387387,BINANCE
2025-09-02 13:46:04.063,110917.19,0.00248,7.46036036036015,BINANCE
2025-09-02 13:46:04.064,110920.0,0.012,7.207207207207207,BINANCE
2025-09-02 13:46:04.064,110918.0,0.00928,7.387387387387387,BINANCE
2025-09-02 13:46:04.064,110920.0,0.00272,7.207207207207207,BINANCE
2025-09-02 13:46:04.065,110920.0,0.012,7.207207207207207,BINANCE
2025-09-02 13:46:04.065,110920.0,0.008,7.207207207207207,BINANCE
2025-09-02 13:46:04.065,110920.0,0.018,7.207207207207207,BINANCE
2025-09-02 13:46:04.066,110922.0,0.019,7.027027027027027,BINANCE
2025-09-02 13:46:04.066,110920.0,0.012,7.207207207207207,BINANCE
2025-09-02 13:46:04.066,110920.0,0.00158,7.207207207207207,BINANCE
2025-09-02 13:46:04.066,110921.23,5e-05,7.096396396396764,BINANCE
2025-09-02 13:46:04.066,110921.99,5e-05,7.027927927927456,BINANCE
2025-09-02 13:46:04.066,110922.0,0.01022,7.027027027027027,BINANCE
2025-09-02 13:46:04.066,110922.0,0.00271,7.027027027027027,BINANCE
2025-09-02 13:46:04.067,110922.0,0.00902,7.027027027027027,BINANCE
2025-09-02 13:46:04.068,110922.0,0.012,7.027027027027027,BINANCE
2025-09-02 13:46:04.069,110922.0,0.012,7.027027027027027,BINANCE
2025-09-02 13:46:04.069,110922.0,0.0019,7.027027027027027,BINANCE
2025-09-02 13:46:04.070,110922.0,0.016,7.027027027027027,BINANCE
2025-09-02 13:46:04.070,110922.0,0.012,7.027027027027027,BINANCE
2025-09-02 13:46:04.074,110922.0,0.012,7.027027027027027,BINANCE
2025-09-02 13:46:04.075,110922.0,0.006,7.027027027027027,BINANCE
2025-09-02 13:46:04.076,110921.99,0.0311,7.027927927927456,BINANCE
2025-09-02 13:46:04.102,110921.99,0.00029,7.027927927927456,BINANCE
2025-09-02 13:46:04.102,110922.0,0.1231,7.027027027027027,BINANCE
2025-09-02 13:46:04.165,110921.99,0.012,7.027927927927456,BINANCE
2025-09-02 13:46:04.197,110921.99,0.00081,7.027927927927456,BINANCE
2025-09-02 13:46:04.197,110921.99,0.0244,7.027927927927456,BINANCE
2025-09-02 13:46:04.197,110921.99,0.12061,7.027927927927456,BINANCE
2025-09-02 13:46:04.197,110921.99,0.0542,7.027927927927456,BINANCE
2025-09-02 13:46:04.197,110921.99,5e-05,7.027927927927456,BINANCE
2025-09-02 13:46:04.201,110921.99,0.00053,7.027927927927456,BINANCE
2025-09-02 13:46:04.213,110921.99,0.02918,7.027927927927456,BINANCE
2025-09-02 13:46:04.213,110921.99,0.03712,7.027927927927456,BINANCE
2025-09-02 13:46:04.216,110921.98,0.0001,7.028828828829196,BINANCE
2025-09-02 13:46:04.216,110921.23,5e-05,7.096396396396764,BINANCE
2025-09-02 13:46:04.216,110920.0,5e-05,7.207207207207207,BINANCE
2025-09-02 13:46:04.216,110918.01,5e-05,7.386486486486958,BINANCE
2025-09-02 13:46:04.216,110919.99,5e-05,7.208108108107636,BINANCE
2025-09-02 13:46:04.216,110921.99,0.0001,7.027927927927456,BINANCE
2025-09-02 13:46:04.216,110921.99,0.00597,7.027927927927456,BINANCE
2025-09-02 13:46:04.216,110921.99,5e-05,7.027927927927456,BINANCE
2025-09-02 13:46:04.216,110921.99,0.05412,7.027927927927456,BINANCE
2025-09-02 13:46:04.216,110921.99,0.05423,7.027927927927456,BINANCE
2025-09-02 13:46:04.216,110921.99,0.05364,7.027927927927456,BINANCE
2025-09-02 13:46:04.216,110921.99,0.01708,7.027927927927456,BINANCE
2025-09-02 13:46:04.216,110921.99,0.00103,7.027927927927456,BINANCE
2025-09-02 13:46:04.217,110918.0,5e-05,7.387387387387387,BINANCE
2025-09-02 13:46:04.219,110916.01,5e-05,7.566666666667138,BINANCE
2025-09-02 13:46:04.219,110917.19,0.0001,7.46036036036015,BINANCE
2025-09-02 13:46:04.219,110917.19,5e-05,7.46036036036015,BINANCE
2025-09-02 13:46:04.219,110917.19,0.01803,7.46036036036015,BINANCE
2025-09-02 13:46:04.223,110914.96,5e-05,7.661261261260685,BINANCE
2025-09-02 13:46:04.223,110915.82,5e-05,7.583783783783154,BINANCE
2025-09-02 13:46:04.223,110915.99,0.0001,7.568468468467996,BINANCE
2025-09-02 13:46:04.223,110916.0,5e-05,7.5675675675675675,BINANCE
2025-09-02 13:46:04.223,110916.0,0.0001,7.5675675675675675,BINANCE
2025-09-02 13:46:04.231,110914.96,0.02171,7.661261261260685,BINANCE
2025-09-02 13:46:04.231,110914.96,0.00984,7.661261261260685,BINANCE
2025-09-02 13:46:04.232,110911.0,5e-05,8.018018018018019,BINANCE
2025-09-02 13:46:04.232,110910.41,5e-05,8.071171171170857,BINANCE
2025-09-02 13:46:04.232,110908.69,5e-05,8.226126126125916,BINANCE
2025-09-02 13:46:04.232,110908.68,5e-05,8.227027027027656,BINANCE
2025-09-02 13:46:04.232,110911.01,5e-05,8.01711711711759,BINANCE
2025-09-02 13:46:04.232,110914.95,0.0001,7.662162162162424,BINANCE
2025-09-02 13:46:04.232,110914.94,0.0001,7.663063063062854,BINANCE
2025-09-02 13:46:04.232,110914.95,5e-05,7.662162162162424,BINANCE
2025-09-02 13:46:04.287,110908.12,0.00046,8.277477477477897,BINANCE
2025-09-02 13:46:04.298,110908.13,0.00595,8.276576576576158,BINANCE
2025-09-02 13:46:04.299,110908.13,0.00595,8.276576576576158,BINANCE
2025-09-02 13:46:04.304,110908.13,0.00011,8.276576576576158,BINANCE
2025-09-02 13:46:04.308,110908.12,0.00054,8.277477477477897,BINANCE
2025-09-02 13:46:04.365,110908.13,0.036,8.276576576576158,BINANCE
2025-09-02 13:46:04.418,110908.12,0.00053,8.277477477477897,BINANCE
2025-09-02 13:46:04.493,110908.12,0.0009,8.277477477477897,BINANCE
2025-09-02 13:46:04.540,110908.12,0.00053,8.277477477477897,BINANCE
2025-09-02 13:46:04.548,110908.13,6e-05,8.276576576576158,BINANCE
2025-09-02 13:46:04.567,110908.13,5e-05,8.276576576576158,BINANCE
2025-09-02 13:46:04.567,110908.13,0.001,8.276576576576158,BINANCE
2025-09-02 13:46:04.567,110908.13,0.48942,8.276576576576158,BINANCE
2025-09-02 13:46:04.567,110908.13,0.00145,8.276576576576158,BINANCE
2025-09-02 13:46:04.567,110908.13,0.14295,8.276576576576158,BINANCE
2025-09-02 13:46:04.567,110908.13,0.14445,8.276576576576158,BINANCE
2025-09-02 13:46:04.567,110908.13,0.79639,8.276576576576158,BINANCE
2025-09-02 13:46:04.567,110908.13,0.38056,8.276576576576158,BINANCE
2025-09-02 13:46:04.567,110908.13,0.41583,8.276576576576158,BINANCE
2025-09-02 13:46:04.567,110908.13,0.20857,8.276576576576158,BINANCE
2025-09-02 13:46:04.568,110910.0,5e-05,8.108108108108107,BINANCE
2025-09-02 13:46:04.568,110910.41,5e-05,8.071171171170857,BINANCE
2025-09-02 13:46:04.568,110910.99,5e-05,8.018918918918446,BINANCE
2025-09-02 13:46:04.568,110911.0,5e-05,8.018018018018019,BINANCE
2025-09-02 13:46:04.568,110911.0,0.04072,8.018018018018019,BINANCE
2025-09-02 13:46:04.568,110909.99,5e-05,8.109009009008536,BINANCE
2025-09-02 13:46:04.568,110908.93,5e-05,8.204504504505135,BINANCE
2025-09-02 13:46:04.568,110908.14,5e-05,8.275675675675728,BINANCE
2025-09-02 13:46:04.568,110908.92,5e-05,8.205405405405562,BINANCE
2025-09-02 13:46:04.574,110914.92,5e-05,7.664864864865023,BINANCE
2025-09-02 13:46:04.574,110914.92,0.0001,7.664864864865023,BINANCE
2025-09-02 13:46:04.625,110914.93,5e-05,7.663963963964593,BINANCE
2025-09-02 13:46:04.625,110914.94,5e-05,7.663063063062854,BINANCE
2025-09-02 13:46:04.625,110915.82,5e-05,7.583783783783154,BINANCE
2025-09-02 13:46:04.625,110916.5,5e-05,7.522522522522522,BINANCE
2025-09-02 13:46:04.625,110914.94,0.0001,7.663063063062854,BINANCE
2025-09-02 13:46:04.625,110914.93,0.0001,7.663963963964593,BINANCE
2025-09-02 13:46:04.630,110916.5,0.00954,7.522522522522522,BINANCE
2025-09-02 13:46:04.630,110916.5,0.01095,7.522522522522522,BINANCE
2025-09-02 13:46:04.630,110916.5,0.00939,7.522522522522522,BINANCE
2025-09-02 13:46:04.634,110916.51,0.02254,7.521621621622093,BINANCE
2025-09-02 13:46:04.641,110916.51,5e-05,7.521621621622093,BINANCE
2025-09-02 13:46:04.641,110916.51,0.00379,7.521621621622093,BINANCE
2025-09-02 13:46:04.641,110916.51,0.0001,7.521621621622093,BINANCE
2025-09-02 13:46:04.641,110916.51,0.00994,7.521621621622093,BINANCE
2025-09-02 13:46:04.641,110916.51,0.01785,7.521621621622093,BINANCE
2025-09-02 13:46:04.651,110916.51,0.014,7.521621621622093,BINANCE
2025-09-02 13:46:04.675,110916.52,5e-05,7.520720720720354,BINANCE
2025-09-02 13:46:04.675,110917.04,5e-05,7.473873873874451,BINANCE
2025-09-02 13:46:04.675,110920.0,0.01367,7.207207207207207,BINANCE
2025-09-02 13:46:04.675,110919.99,5e-05,7.208108108107636,BINANCE
2025-09-02 13:46:04.675,110917.05,5e-05,7.472972972972711,BINANCE
2025-09-02 13:46:04.675,110916.52,0.0001,7.520720720720354,BINANCE
2025-09-02 13:46:04.675,110916.51,5e-05,7.521621621622093,BINANCE
2025-09-02 13:46:04.675,110916.51,0.00777,7.521621621622093,BINANCE
2025-09-02 13:46:04.685,110920.0,0.007,7.207207207207207,BINANCE
2025-09-02 13:46:04.706,110920.0,0.0065,7.207207207207207,BINANCE
2025-09-02 13:46:04.813,110919.99,0.00027,7.208108108107636,BINANCE
2025-09-02 13:46:04.815,110921.99,5e-05,7.027927927927456,BINANCE
2025-09-02 13:46:04.815,110921.23,5e-05,7.096396396396764,BINANCE
2025-09-02 13:46:04.815,110920.01,5e-05,7.206306306306779,BINANCE
2025-09-02 13:46:04.815,110920.0,0.1544,7.207207207207207,BINANCE
2025-09-02 13:46:04.815,110920.0,5e-05,7.207207207207207,BINANCE
2025-09-02 13:46:04.815,110920.0,0.001,7.207207207207207,BINANCE
2025-09-02 13:46:04.815,110920.0,0.0298,7.207207207207207,BINANCE
2025-09-02 13:46:04.846,110921.99,0.05044,7.027927927927456,BINANCE
2025-09-02 13:46:04.962,110921.99,0.012,7.027927927927456,BINANCE
2025-09-02 13:46:04.967,110921.99,0.13005,7.027927927927456,BINANCE
2025-09-02 13:46:04.967,110921.99,0.02325,7.027927927927456,BINANCE
2025-09-02 13:46:04.967,110921.99,0.136,7.027927927927456,BINANCE
2025-09-02 13:46:04.969,110921.99,0.00784,7.027927927927456,BINANCE
2025-09-02 13:46:04.974,110921.99,0.00679,7.027927927927456,BINANCE
2025-09-02 13:46:04.979,110921.99,0.02019,7.027927927927456,BINANCE
2025-09-02 13:46:05.024,110922.0,0.0018,7.027027027027027,BINANCE
2025-09-02 13:46:05.033,110922.0,0.027,7.027027027027027,BINANCE
2025-09-02 13:46:05.033,110922.0,0.01068,7.027027027027027,BINANCE
2025-09-02 13:46:05.033,110922.0,0.028,7.027027027027027,BINANCE
2025-09-02 13:46:05.033,110922.0,0.00046,7.027027027027027,BINANCE
2025-09-02 13:46:05.033,110922.0,0.005,7.027027027027027,BINANCE
2025-09-02 13:46:05.033,110922.0,0.03701,7.027027027027027,BINANCE
2025-09-02 13:46:05.034,110922.0,0.036,7.027027027027027,BINANCE
2025-09-02 13:46:05.034,110922.0,0.01068,7.027027027027027,BINANCE
2025-09-02 13:46:05.035,110922.0,0.001,7.027027027027027,BINANCE
2025-09-02 13:46:05.035,110922.0,0.0871,7.027027027027027,BINANCE
2025-09-02 13:46:05.042,110922.0,0.00306,7.027027027027027,BINANCE
2025-09-02 13:46:05.065,110921.99,0.00901,7.027927927927456,BINANCE
2025-09-02 13:46:05.066,110922.0,0.005,7.027027027027027,BINANCE
2025-09-02 13:46:05.086,110921.99,0.02714,7.027927927927456,BINANCE
2025-09-02 13:46:05.087,110921.99,0.03298,7.027927927927456,BINANCE
2025-09-02 13:46:05.087,110921.99,0.0541,7.027927927927456,BINANCE
2025-09-02 13:46:05.087,110921.99,0.05277,7.027927927927456,BINANCE
2025-09-02 13:46:05.087,110921.99,5e-05,7.027927927927456,BINANCE
2025-09-02 13:46:05.087,110921.99,0.29688,7.027927927927456,BINANCE
2025-09-02 13:46:05.087,110921.99,0.00974,7.027927927927456,BINANCE
2025-09-02 13:46:05.087,110921.99,0.0084,7.027927927927456,BINANCE
2025-09-02 13:46:05.087,110921.99,0.14866,7.027927927927456,BINANCE
2025-09-02 13:46:05.087,110921.99,0.04185,7.027927927927456,BINANCE
2025-09-02 13:46:05.087,110921.99,0.22891,7.027927927927456,BINANCE
2025-09-02 13:46:05.087,110921.99,0.01061,7.027927927927456,BINANCE
2025-09-02 13:46:05.087,110921.99,0.05411,7.027927927927456,BINANCE
2025-09-02 13:46:05.087,110921.99,0.05423,7.027927927927456,BINANCE
2025-09-02 13:46:05.087,110921.99,0.20443,7.027927927927456,BINANCE
2025-09-02 13:46:05.087,110921.99,0.02188,7.027927927927456,BINANCE
2025-09-02 13:46:05.087,110921.99,0.01461,7.027927927927456,BINANCE
2025-09-02 13:46:05.088,110921.99,0.03616,7.027927927927456,BINANCE
2025-09-02 13:46:05.088,110921.99,0.009,7.027927927927456,BINANCE
2025-09-02 13:46:05.088,110921.99,0.06351,7.027927927927456,BINANCE
2025-09-02 13:46:05.088,110921.99,0.02739,7.027927927927456,BINANCE
2025-09-02 13:46:05.088,110921.99,0.05265,7.027927927927456,BINANCE
2025-09-02 13:46:05.088,110921.99,0.12056,7.027927927927456,BINANCE
2025-09-02 13:46:05.094,110919.71,0.00806,7.233333333332756,BINANCE
2025-09-02 13:46:05.094,110919.99,5e-05,7.208108108107636,BINANCE
2025-09-02 13:46:05.094,110919.99,0.00058,7.208108108107636,BINANCE
2025-09-02 13:46:05.094,110920.0,5e-05,7.207207207207207,BINANCE
2025-09-02 13:46:05.094,110921.99,0.0001,7.027927927927456,BINANCE
2025-09-02 13:46:05.094,110920.01,5e-05,7.206306306306779,BINANCE
2025-09-02 13:46:05.094,110921.23,5e-05,7.096396396396764,BINANCE
2025-09-02 13:46:05.094,110921.98,0.0001,7.028828828829196,BINANCE
2025-09-02 13:46:05.094,110921.99,0.00015,7.027927927927456,BINANCE
2025-09-02 13:46:05.094,110921.99,0.06757,7.027927927927456,BINANCE
2025-09-02 13:46:05.102,110918.0,5e-05,7.387387387387387,BINANCE
2025-09-02 13:46:05.102,110918.01,5e-05,7.386486486486958,BINANCE
2025-09-02 13:46:05.102,110918.08,0.01109,7.380180180180022,BINANCE
2025-09-02 13:46:05.112,110917.04,5e-05,7.473873873874451,BINANCE
2025-09-02 13:46:05.112,110917.04,0.0001,7.473873873874451,BINANCE
2025-09-02 13:46:05.112,110917.03,0.0001,7.47477477477488,BINANCE
2025-09-02 13:46:05.112,110916.52,5e-05,7.520720720720354,BINANCE
2025-09-02 13:46:05.112,110916.51,5e-05,7.521621621622093,BINANCE
2025-09-02 13:46:05.148,110916.5,0.0007,7.522522522522522,BINANCE
2025-09-02 13:46:05.148,110916.5,0.0113,7.522522522522522,BINANCE
2025-09-02 13:46:05.193,110916.5,0.00032,7.522522522522522,BINANCE
2025-09-02 13:46:05.201,110916.5,0.00023,7.522522522522522,BINANCE
2025-09-02 13:46:05.252,110916.51,0.48382,7.521621621622093,BINANCE
2025-09-02 13:46:05.252,110916.51,0.12528,7.521621621622093,BINANCE
2025-09-02 13:46:05.252,110916.51,0.0094,7.521621621622093,BINANCE
2025-09-02 13:46:05.253,110916.51,5e-05,7.521621621622093,BINANCE
2025-09-02 13:46:05.253,110916.53,0.14108,7.519819819819925,BINANCE
2025-09-02 13:46:05.253,110916.52,5e-05,7.520720720720354,BINANCE
2025-09-02 13:46:05.253,110916.52,0.14265,7.520720720720354,BINANCE
2025-09-02 13:46:05.253,110916.51,0.71076,7.521621621622093,BINANCE
2025-09-02 13:46:05.253,110916.51,0.13476,7.521621621622093,BINANCE
2025-09-02 13:46:05.253,110916.51,0.43698,7.521621621622093,BINANCE
2025-09-02 13:46:05.253,110916.51,0.03606,7.521621621622093,BINANCE
2025-09-02 13:46:05.253,110916.51,0.021,7.521621621622093,BINANCE
2025-09-02 13:46:05.253,110916.51,0.35941,7.521621621622093,BINANCE
2025-09-02 13:46:05.254,110917.99,5e-05,7.388288288287816,BINANCE
2025-09-02 13:46:05.254,110920.0,5e-05,7.207207207207207,BINANCE
2025-09-02 13:46:05.254,110919.99,5e-05,7.208108108107636,BINANCE
2025-09-02 13:46:05.254,110918.09,0.002,7.379279279279594,BINANCE
2025-09-02 13:46:05.254,110917.05,5e-05,7.472972972972711,BINANCE
2025-09-02 13:46:05.254,110918.0,5e-05,7.387387387387387,BINANCE
2025-09-02 13:46:05.254,110917.05,0.06608,7.472972972972711,BINANCE
2025-09-02 13:46:05.254,110917.04,5e-05,7.473873873874451,BINANCE
2025-09-02 13:46:05.254,110916.53,5e-05,7.519819819819925,BINANCE
2025-09-02 13:46:05.254,110916.53,0.00022,7.519819819819925,BINANCE
2025-09-02 13:46:05.254,110917.05,0.07252,7.472972972972711,BINANCE
2025-09-02 13:46:05.255,110922.0,0.06625,7.027027027027027,BINANCE
2025-09-02 13:46:05.255,110922.0,5e-05,7.027027027027027,BINANCE
2025-09-02 13:46:05.255,110922.0,0.00082,7.027027027027027,BINANCE
2025-09-02 13:46:05.255,110922.0,0.0013,7.027027027027027,BINANCE
2025-09-02 13:46:05.255,110922.0,0.30775,7.027027027027027,BINANCE
2025-09-02 13:46:05.255,110921.23,5e-05,7.096396396396764,BINANCE
2025-09-02 13:46:05.255,110922.0,0.21198,7.027027027027027,BINANCE
2025-09-02 13:46:05.256,110923.07,8e-05,6.9306306306300005,BINANCE
2025-09-02 13:46:05.256,110923.07,6e-05,6.9306306306300005,BINANCE
2025-09-02 13:46:05.256,110923.07,9e-05,6.9306306306300005,BINANCE
2025-09-02 13:46:05.256,110923.07,0.00433,6.9306306306300005,BINANCE
2025-09-02 13:46:05.256,110923.08,5e-05,6.929729729729572,BINANCE
2025-09-02 13:46:05.256,110923.13,5e-05,6.925225225224806,BINANCE
2025-09-02 13:46:05.256,110923.25,5e-05,6.914414414414415,BINANCE
2025-09-02 13:46:05.256,110923.26,5e-05,6.913513513513986,BINANCE
2025-09-02 13:46:05.256,110923.55,0.00038,6.887387387387125,BINANCE
2025-09-02 13:46:05.256,110923.07,5e-05,6.9306306306300005,BINANCE
2025-09-02 13:46:05.256,110923.24,5e-05,6.915315315314843,BINANCE
2025-09-02 13:46:05.256,110923.48,0.00012,6.89369369369406,BINANCE
2025-09-02 13:46:05.256,110923.04,7e-05,6.93333333333391,BINANCE
2025-09-02 13:46:05.256,110923.04,0.0006,6.93333333333391,BINANCE
2025-09-02 13:46:05.256,110922.34,0.001,6.996396396396712,BINANCE
2025-09-02 13:46:05.256,110922.34,5e-05,6.996396396396712,BINANCE
2025-09-02 13:46:05.256,110922.64,5e-05,6.969369369369422,BINANCE
2025-09-02 13:46:05.256,110922.64,8e-05,6.969369369369422,BINANCE
2025-09-02 13:46:05.256,110922.0,5e-05,7.027027027027027,BINANCE
2025-09-02 13:46:05.256,110922.7,5e-05,6.9639639639642255,BINANCE
2025-09-02 13:46:05.256,110922.76,0.0033,6.958558558559031,BINANCE
2025-09-02 13:46:05.256,110922.76,0.0001,6.958558558559031,BINANCE
2025-09-02 13:46:05.256,110922.76,0.00137,6.958558558559031,BINANCE
2025-09-02 13:46:05.256,110922.92,5e-05,6.9441441441443015,BINANCE
2025-09-02 13:46:05.256,110922.64,7e-05,6.969369369369422,BINANCE
2025-09-02 13:46:05.257,110924.89,0.001,6.766666666666719,BINANCE
2025-09-02 13:46:05.257,110925.0,2e-05,6.756756756756757,BINANCE
2025-09-02 13:46:05.257,110925.0,0.00015,6.756756756756757,BINANCE
2025-09-02 13:46:05.257,110925.0,0.00013,6.756756756756757,BINANCE
2025-09-02 13:46:05.257,110925.19,0.0008,6.739639639639431,BINANCE
2025-09-02 13:46:05.257,110925.3,0.00616,6.729729729729468,BINANCE
2025-09-02 13:46:05.257,110925.37,0.00082,6.723423423423843,BINANCE
2025-09-02 13:46:05.257,110925.37,6e-05,6.723423423423843,BINANCE
2025-09-02 13:46:05.257,110925.44,5e-05,6.717117117116907,BINANCE
2025-09-02 13:46:05.257,110925.68,5e-05,6.695495495496125,BINANCE
2025-09-02 13:46:05.257,110925.87,0.00314,6.678378378378798,BINANCE
2025-09-02 13:46:05.257,110924.86,0.00233,6.7693693693693175,BINANCE
2025-09-02 13:46:05.257,110924.36,0.02892,6.814414414414363,BINANCE
2025-09-02 13:46:05.257,110925.35,0.00044,6.725225225224701,BINANCE
2025-09-02 13:46:05.257,110924.59,0.00016,6.793693693694008,BINANCE
2025-09-02 13:46:05.257,110925.37,0.00028,6.723423423423843,BINANCE
2025-09-02 13:46:05.257,110924.37,0.05919,6.813513513513932,BINANCE
2025-09-02 13:46:05.257,110923.55,0.00015,6.887387387387125,BINANCE
2025-09-02 13:46:05.257,110924.47,0.00349,6.8045045045044,BINANCE
2025-09-02 13:46:05.257,110923.9,0.00108,6.85585585585638,BINANCE
2025-09-02 13:46:05.257,110924.0,0.002,6.846846846846847,BINANCE
2025-09-02 13:46:05.257,110924.0,8e-05,6.846846846846847,BINANCE
2025-09-02 13:46:05.257,110924.0,0.00032,6.846846846846847,BINANCE
2025-09-02 13:46:05.257,110923.9,9e-05,6.85585585585638,BINANCE
2025-09-02 13:46:05.257,110924.0,0.00015,6.846846846846847,BINANCE
2025-09-02 13:46:05.257,110924.0,5e-05,6.846846846846847,BINANCE
2025-09-02 13:46:05.257,110924.36,5e-05,6.814414414414363,BINANCE
2025-09-02 13:46:05.257,110924.37,5e-05,6.813513513513932,BINANCE
2025-09-02 13:46:05.257,110924.0,0.0004,6.846846846846847,BINANCE
2025-09-02 13:46:05.268,110925.88,5e-05,6.6774774774770576,BINANCE
2025-09-02 13:46:05.268,110925.99,5e-05,6.6675675675670965,BINANCE
2025-09-02 13:46:05.268,110925.95,0.00024,6.671171171171433,BINANCE
2025-09-02 13:46:05.268,110926.0,5e-05,6.666666666666666,BINANCE
2025-09-02 13:46:05.268,110925.92,0.00046,6.673873873874031,BINANCE
2025-09-02 13:46:05.268,110925.87,5e-05,6.678378378378798,BINANCE
2025-09-02 13:46:05.268,110925.87,0.05005,6.678378378378798,BINANCE
2025-09-02 13:46:05.268,110925.87,0.00129,6.678378378378798,BINANCE
2025-09-02 13:46:05.268,110925.87,0.20766,6.678378378378798,BINANCE
2025-09-02 13:46:05.268,110925.87,0.00097,6.678378378378798,BINANCE
2025-09-02 13:46:05.269,110926.59,0.00357,6.613513513513828,BINANCE
2025-09-02 13:46:05.269,110926.64,3e-05,6.609009009009061,BINANCE
2025-09-02 13:46:05.270,110926.64,2e-05,6.609009009009061,BINANCE
2025-09-02 13:46:05.270,110926.76,5e-05,6.59819819819867,BINANCE
2025-09-02 13:46:05.273,110926.79,5e-05,6.595495495496072,BINANCE
2025-09-02 13:46:05.273,110927.14,5e-05,6.563963963964016,BINANCE
2025-09-02 13:46:05.273,110927.07,5e-05,6.570270270269641,BINANCE
2025-09-02 13:46:05.273,110926.86,0.00031,6.589189189189137,BINANCE
2025-09-02 13:46:05.273,110926.78,5e-05,6.596396396396501,BINANCE
2025-09-02 13:46:05.273,110926.78,0.00032,6.596396396396501,BINANCE
2025-09-02 13:46:05.275,110927.43,0.0001,6.537837837838468,BINANCE
2025-09-02 13:46:05.295,110927.43,0.00079,6.537837837838468,BINANCE
2025-09-02 13:46:05.335,110927.43,0.00082,6.537837837838468,BINANCE
2025-09-02 13:46:05.364,110927.43,0.00016,6.537837837838468,BINANCE
2025-09-02 13:46:05.390,110939.0,0.00182,5.495495495495495,BINANCE
2025-09-02 13:46:05.390,110938.9,8e-05,5.50450450450503,BINANCE
2025-09-02 13:46:05.390,110938.82,0.0071,5.511711711711082,BINANCE
2025-09-02 13:46:05.390,110938.7,0.46034,5.5225225225227845,BINANCE
2025-09-02 13:46:05.390,110938.62,5e-05,5.52972972973015,BINANCE
2025-09-02 13:46:05.390,110937.5,6e-05,5.63063063063063,BINANCE
2025-09-02 13:46:05.390,110937.85,5e-05,5.5990990990985745,BINANCE
2025-09-02 13:46:05.390,110937.5,5e-05,5.63063063063063,BINANCE
2025-09-02 13:46:05.390,110939.0,7e-05,5.495495495495495,BINANCE
2025-09-02 13:46:05.390,110937.5,0.00029,5.63063063063063,BINANCE
2025-09-02 13:46:05.390,110938.22,5e-05,5.5657657657656605,BINANCE
2025-09-02 13:46:05.390,110939.39,8e-05,5.460360360360413,BINANCE
2025-09-02 13:46:05.390,110940.0,0.01361,5.405405405405405,BINANCE
2025-09-02 13:46:05.390,110939.7,5e-05,5.432432432432695,BINANCE
2025-09-02 13:46:05.390,110940.0,9e-05,5.405405405405405,BINANCE
2025-09-02 13:46:05.390,110940.0,5e-05,5.405405405405405,BINANCE
2025-09-02 13:46:05.390,110937.46,5e-05,5.6342342342336575,BINANCE
2025-09-02 13:46:05.390,110940.0,0.00883,5.405405405405405,BINANCE
2025-09-02 13:46:05.390,110940.0,0.002,5.405405405405405,BINANCE
2025-09-02 13:46:05.390,110940.0,0.0004,5.405405405405405,BINANCE
2025-09-02 13:46:05.390,110940.0,0.00015,5.405405405405405,BINANCE
2025-09-02 13:46:05.390,110940.0,0.01803,5.405405405405405,BINANCE
2025-09-02 13:46:05.390,110940.03,9e-05,5.402702702702808,BINANCE
2025-09-02 13:46:05.390,110939.67,0.00091,5.435135135135292,BINANCE
2025-09-02 13:46:05.390,110937.45,6e-05,5.635135135135397,BINANCE
2025-09-02 13:46:05.390,110936.81,0.00011,5.692792792793002,BINANCE
2025-09-02 13:46:05.390,110937.02,8e-05,5.673873873873506,BINANCE
2025-09-02 13:46:05.390,110934.46,7e-05,5.904504504503928,BINANCE
2025-09-02 13:46:05.390,110934.46,5e-05,5.904504504503928,BINANCE
2025-09-02 13:46:05.390,110934.64,0.00018,5.88828828828834,BINANCE
2025-09-02 13:46:05.390,110934.91,9e-05,5.863963963963649,BINANCE
2025-09-02 13:46:05.390,110934.92,0.00153,5.863063063063221,BINANCE
2025-09-02 13:46:05.390,110934.92,0.0006,5.863063063063221,BINANCE
2025-09-02 13:46:05.390,110935.17,0.00011,5.840540540540698,BINANCE
2025-09-02 13:46:05.390,110935.37,5e-05,5.8225225225229424,BINANCE
2025-09-02 13:46:05.390,110935.44,0.00054,5.816216216216006,BINANCE
2025-09-02 13:46:05.390,110935.57,0.00014,5.804504504503876,BINANCE
2025-09-02 13:46:05.390,110935.7,5e-05,5.792792792793055,BINANCE
2025-09-02 13:46:05.390,110935.8,0.005,5.783783783783521,BINANCE
2025-09-02 13:46:05.390,110935.85,0.0001,5.779279279278755,BINANCE
2025-09-02 13:46:05.390,110936.0,0.002,5.765765765765766,BINANCE
2025-09-02 13:46:05.390,110936.0,0.0004,5.765765765765766,BINANCE
2025-09-02 13:46:05.390,110936.0,0.00015,5.765765765765766,BINANCE
2025-09-02 13:46:05.390,110936.08,0.00357,5.758558558558401,BINANCE
2025-09-02 13:46:05.390,110936.5,0.0004,5.7207207207207205,BINANCE
2025-09-02 13:46:05.390,110936.62,7e-05,5.709909909910329,BINANCE
2025-09-02 13:46:05.390,110940.08,9e-05,5.398198198198042,BINANCE
2025-09-02 13:46:05.390,110937.0,5e-05,5.675675675675675,BINANCE
2025-09-02 13:46:05.390,110937.04,8e-05,5.672072072072649,BINANCE
2025-09-02 13:46:05.390,110940.64,0.0018,5.347747747747801,BINANCE
2025-09-02 13:46:05.390,110941.17,0.0005,5.300000000000157,BINANCE
2025-09-02 13:46:05.390,110940.95,0.00071,5.319819819820083,BINANCE
2025-09-02 13:46:05.390,110942.33,0.0001,5.195495495495338,BINANCE
2025-09-02 13:46:05.390,110942.4,0.07612,5.1891891891897135,BINANCE
2025-09-02 13:46:05.390,110942.75,6e-05,5.157657657657658,BINANCE
2025-09-02 13:46:05.390,110942.75,0.00018,5.157657657657658,BINANCE
2025-09-02 13:46:05.390,110942.75,5e-05,5.157657657657658,BINANCE
2025-09-02 13:46:05.390,110942.85,5e-05,5.148648648648124,BINANCE
2025-09-02 13:46:05.390,110942.87,0.00357,5.146846846847266,BINANCE
2025-09-02 13:46:05.390,110942.87,5e-05,5.146846846847266,BINANCE
2025-09-02 13:46:05.390,110942.97,0.0007,5.137837837837733,BINANCE
2025-09-02 13:46:05.390,110942.99,0.0001,5.136036036035565,BINANCE
2025-09-02 13:46:05.390,110943.14,0.0005,5.1225225225225754,BINANCE
2025-09-02 13:46:05.390,110942.25,8e-05,5.202702702702703,BINANCE
2025-09-02 13:46:05.390,110943.52,5e-05,5.088288288287921,BINANCE
2025-09-02 13:46:05.390,110944.0,0.002,5.045045045045045,BINANCE
2025-09-02 13:46:05.390,110944.0,0.0004,5.045045045045045,BINANCE
2025-09-02 13:46:05.390,110944.0,0.00015,5.045045045045045,BINANCE
2025-09-02 13:46:05.390,110944.04,0.00017,5.041441441442019,BINANCE
2025-09-02 13:46:05.390,110944.05,0.00256,5.040540540540278,BINANCE
2025-09-02 13:46:05.390,110944.07,0.00812,5.038738738738109,BINANCE
2025-09-02 13:46:05.390,110944.11,0.00036,5.035135135135082,BINANCE
2025-09-02 13:46:05.390,110944.15,0.00093,5.031531531532056,BINANCE
2025-09-02 13:46:05.390,110944.15,0.98895,5.031531531532056,BINANCE
2025-09-02 13:46:05.390,110934.46,0.00027,5.904504504503928,BINANCE
2025-09-02 13:46:05.390,110943.59,0.46034,5.081981981982297,BINANCE
2025-09-02 13:46:05.390,110942.09,0.00451,5.217117117117431,BINANCE
2025-09-02 13:46:05.390,110942.02,0.0001,5.223423423423056,BINANCE
2025-09-02 13:46:05.390,110941.76,8e-05,5.246846846847318,BINANCE
2025-09-02 13:46:05.390,110941.11,7e-05,5.305405405405353,BINANCE
2025-09-02 13:46:05.390,110941.17,0.00037,5.300000000000157,BINANCE
2025-09-02 13:46:05.390,110941.17,0.00029,5.300000000000157,BINANCE
2025-09-02 13:46:05.390,110941.17,9e-05,5.300000000000157,BINANCE
2025-09-02 13:46:05.390,110941.17,0.00052,5.300000000000157,BINANCE
2025-09-02 13:46:05.390,110941.17,0.0001,5.300000000000157,BINANCE
2025-09-02 13:46:05.390,110941.17,0.00041,5.300000000000157,BINANCE
2025-09-02 13:46:05.390,110941.17,0.00088,5.300000000000157,BINANCE
2025-09-02 13:46:05.390,110941.17,0.00035,5.300000000000157,BINANCE
2025-09-02 13:46:05.390,110941.17,5e-05,5.300000000000157,BINANCE
2025-09-02 13:46:05.390,110941.34,0.46034,5.284684684684999,BINANCE
2025-09-02 13:46:05.390,110941.41,0.003,5.278378378378064,BINANCE
2025-09-02 13:46:05.390,110941.42,0.0002,5.277477477477635,BINANCE
2025-09-02 13:46:05.390,110941.45,5e-05,5.274774774775037,BINANCE
2025-09-02 13:46:05.390,110941.45,0.00016,5.274774774775037,BINANCE
2025-09-02 13:46:05.390,110941.45,0.00041,5.274774774775037,BINANCE
2025-09-02 13:46:05.390,110941.45,0.00015,5.274774774775037,BINANCE
2025-09-02 13:46:05.390,110941.45,0.00054,5.274774774775037,BINANCE
2025-09-02 13:46:05.390,110941.45,0.00026,5.274774774775037,BINANCE
2025-09-02 13:46:05.390,110941.46,0.00016,5.273873873873297,BINANCE
2025-09-02 13:46:05.390,110941.47,0.00081,5.272972972972869,BINANCE
2025-09-02 13:46:05.390,110941.64,0.0062,5.25765765765771,BINANCE
2025-09-02 13:46:05.390,110941.71,0.00016,5.251351351350774,BINANCE
2025-09-02 13:46:05.390,110940.67,0.00011,5.345045045045203,BINANCE
2025-09-02 13:46:05.390,110943.11,0.00171,5.125225225225173,BINANCE
2025-09-02 13:46:05.390,110934.46,0.00011,5.904504504503928,BINANCE
2025-09-02 13:46:05.390,110928.11,0.0001,6.476576576576525,BINANCE
2025-09-02 13:46:05.390,110928.18,5e-05,6.4702702702709,BINANCE
2025-09-02 13:46:05.390,110928.44,0.00826,6.446846846846637,BINANCE
2025-09-02 13:46:05.390,110928.44,5e-05,6.446846846846637,BINANCE
2025-09-02 13:46:05.390,110928.57,0.00936,6.435135135134506,BINANCE
2025-09-02 13:46:05.390,110928.57,5e-05,6.435135135134506,BINANCE
2025-09-02 13:46:05.390,110928.85,0.00049,6.409909909909385,BINANCE
2025-09-02 13:46:05.390,110928.85,7e-05,6.409909909909385,BINANCE
2025-09-02 13:46:05.390,110928.94,0.00055,6.401801801801591,BINANCE
2025-09-02 13:46:05.390,110929.04,0.00057,6.39279279279337,BINANCE
2025-09-02 13:46:05.390,110928.0,7e-05,6.486486486486486,BINANCE
2025-09-02 13:46:05.390,110929.2,0.00024,6.37837837837864,BINANCE
2025-09-02 13:46:05.390,110929.99,5e-05,6.307207207206735,BINANCE
2025-09-02 13:46:05.390,110930.0,5e-05,6.306306306306306,BINANCE
2025-09-02 13:46:05.390,110930.0,8e-05,6.306306306306306,BINANCE
2025-09-02 13:46:05.390,110930.0,0.00455,6.306306306306306,BINANCE
2025-09-02 13:46:05.390,110930.0,0.02704,6.306306306306306,BINANCE
2025-09-02 13:46:05.390,110930.01,0.00033,6.305405405405877,BINANCE
2025-09-02 13:46:05.390,110930.36,0.0001,6.273873873873821,BINANCE
2025-09-02 13:46:05.390,110929.9,0.003,6.31531531531584,BINANCE
2025-09-02 13:46:05.390,110928.0,0.00015,6.486486486486486,BINANCE
2025-09-02 13:46:05.390,110928.0,0.0004,6.486486486486486,BINANCE
2025-09-02 13:46:05.390,110927.44,7e-05,6.536936936936727,BINANCE
2025-09-02 13:46:05.390,110927.44,5e-05,6.536936936936727,BINANCE
2025-09-02 13:46:05.390,110927.44,0.00865,6.536936936936727,BINANCE
2025-09-02 13:46:05.390,110927.44,0.005,6.536936936936727,BINANCE
2025-09-02 13:46:05.390,110927.45,5e-05,6.536036036036299,BINANCE
2025-09-02 13:46:05.390,110927.78,0.00035,6.506306306306412,BINANCE
2025-09-02 13:46:05.390,110927.78,0.0008,6.506306306306412,BINANCE
2025-09-02 13:46:05.390,110927.78,5e-05,6.506306306306412,BINANCE
2025-09-02 13:46:05.390,110927.9,0.00107,6.49549549549602,BINANCE
2025-09-02 13:46:05.390,110927.9,0.00549,6.49549549549602,BINANCE
2025-09-02 13:46:05.390,110927.9,5e-05,6.49549549549602,BINANCE
2025-09-02 13:46:05.390,110928.0,0.002,6.486486486486486,BINANCE
2025-09-02 13:46:05.390,110930.41,0.00014,6.269369369369055,BINANCE
2025-09-02 13:46:05.390,110930.41,0.00013,6.269369369369055,BINANCE
2025-09-02 13:46:05.390,110934.46,8e-05,5.904504504503928,BINANCE
2025-09-02 13:46:05.390,110930.61,5e-05,6.2513513513513,BINANCE
2025-09-02 13:46:05.390,110933.0,5e-05,6.036036036036036,BINANCE
2025-09-02 13:46:05.390,110933.33,0.00126,6.006306306306149,BINANCE
2025-09-02 13:46:05.390,110933.33,6e-05,6.006306306306149,BINANCE
2025-09-02 13:46:05.390,110933.33,0.00059,6.006306306306149,BINANCE
2025-09-02 13:46:05.390,110933.33,5e-05,6.006306306306149,BINANCE
2025-09-02 13:46:05.390,110933.37,0.01155,6.002702702703122,BINANCE
2025-09-02 13:46:05.390,110933.37,5e-05,6.002702702703122,BINANCE
2025-09-02 13:46:05.390,110933.63,5e-05,5.97927927927886,BINANCE
2025-09-02 13:46:05.390,110930.43,0.00073,6.2675675675681966,BINANCE
2025-09-02 13:46:05.390,110933.78,0.00014,5.9657657657658705,BINANCE
2025-09-02 13:46:05.390,110933.82,0.00073,5.962162162161532,BINANCE
2025-09-02 13:46:05.390,110933.87,7e-05,5.957657657658077,BINANCE
2025-09-02 13:46:05.390,110933.87,0.00081,5.957657657658077,BINANCE
2025-09-02 13:46:05.390,110934.31,0.06069,5.918018018018227,BINANCE
2025-09-02 13:46:05.390,110934.45,5e-05,5.905405405405668,BINANCE
2025-09-02 13:46:05.390,110934.46,0.00013,5.904504504503928,BINANCE
2025-09-02 13:46:05.390,110934.46,0.09657,5.904504504503928,BINANCE
2025-09-02 13:46:05.390,110934.46,0.0001,5.904504504503928,BINANCE
2025-09-02 13:46:05.390,110932.99,5e-05,6.036936936936464,BINANCE
2025-09-02 13:46:05.390,110933.0,0.00015,6.036036036036036,BINANCE
2025-09-02 13:46:05.390,110932.79,6e-05,6.054954954955532,BINANCE
2025-09-02 13:46:05.390,110931.01,0.00357,6.215315315315788,BINANCE
2025-09-02 13:46:05.390,110931.03,5e-05,6.213513513513619,BINANCE
2025-09-02 13:46:05.390,110931.06,5e-05,6.2108108108110205,BINANCE
2025-09-02 13:46:05.390,110931.44,0.00053,6.176576576576367,BINANCE
2025-09-02 13:46:05.390,110931.44,0.00028,6.176576576576367,BINANCE
2025-09-02 13:46:05.390,110931.7,0.00155,6.153153153153415,BINANCE
2025-09-02 13:46:05.390,110931.8,0.00013,6.1441441441438815,BINANCE
2025-09-02 13:46:05.390,110931.81,0.0001,6.143243243243454,BINANCE
2025-09-02 13:46:05.390,110931.82,0.00027,6.142342342341713,BINANCE
2025-09-02 13:46:05.390,110932.0,8e-05,6.126126126126127,BINANCE
2025-09-02 13:46:05.390,110932.0,0.0004,6.126126126126127,BINANCE
2025-09-02 13:46:05.390,110932.0,0.002,6.126126126126127,BINANCE
2025-09-02 13:46:05.390,110932.05,5e-05,6.121621621621359,BINANCE
2025-09-02 13:46:05.390,110932.79,0.00011,6.054954954955532,BINANCE
2025-09-02 13:46:05.390,110932.79,0.00019,6.054954954955532,BINANCE
2025-09-02 13:46:05.390,110932.0,0.00015,6.126126126126127,BINANCE
2025-09-02 13:46:05.390,110932.79,0.00017,6.054954954955532,BINANCE
2025-09-02 13:46:05.390,110932.79,7e-05,6.054954954955532,BINANCE
2025-09-02 13:46:05.390,110932.28,7e-05,6.1009009009010065,BINANCE
2025-09-02 13:46:05.390,110932.14,8e-05,6.113513513513566,BINANCE
2025-09-02 13:46:05.390,110932.79,0.00041,6.054954954955532,BINANCE
2025-09-02 13:46:05.395,110944.15,5e-05,5.031531531532056,BINANCE
2025-09-02 13:46:05.401,110944.14,0.00418,5.0324324324324845,BINANCE
2025-09-02 13:46:05.417,110944.14,0.00025,5.0324324324324845,BINANCE
2025-09-02 13:46:05.419,110944.14,0.00325,5.0324324324324845,BINANCE
2025-09-02 13:46:05.420,110944.14,0.00301,5.0324324324324845,BINANCE
2025-09-02 13:46:05.421,110944.14,0.00626,5.0324324324324845,BINANCE
2025-09-02 13:46:05.451,110944.14,0.0009,5.0324324324324845,BINANCE
2025-09-02 13:46:05.453,110944.14,0.0069,5.0324324324324845,BINANCE
2025-09-02 13:46:05.485,110944.15,0.00451,5.031531531532056,BINANCE
2025-09-02 13:46:05.517,110944.14,0.00118,5.0324324324324845,BINANCE
2025-09-02 13:46:05.567,110944.14,5e-05,5.0324324324324845,BINANCE
2025-09-02 13:46:05.567,110944.14,0.0541,5.0324324324324845,BINANCE
2025-09-02 13:46:05.567,110944.14,0.0542,5.0324324324324845,BINANCE
2025-09-02 13:46:05.567,110944.14,0.02105,5.0324324324324845,BINANCE
2025-09-02 13:46:05.575,110944.15,0.00387,5.031531531532056,BINANCE
2025-09-02 13:46:05.600,110944.15,0.00189,5.031531531532056,BINANCE
2025-09-02 13:46:05.621,110944.15,0.036,5.031531531532056,BINANCE
2025-09-02 13:46:05.712,110944.15,0.004,5.031531531532056,BINANCE
2025-09-02 13:46:05.744,110944.15,0.00734,5.031531531532056,BINANCE
2025-09-02 13:46:05.821,110944.14,0.00972,5.0324324324324845,BINANCE
2025-09-02 13:46:05.868,110944.14,0.0001,5.0324324324324845,BINANCE
2025-09-02 13:46:05.877,110944.15,0.09025,5.031531531532056,BINANCE
2025-09-02 13:46:05.902,110944.15,0.00012,5.031531531532056,BINANCE
2025-09-02 13:46:05.931,110944.14,0.01101,5.0324324324324845,BINANCE
2025-09-02 13:46:05.996,110944.14,0.01235,5.0324324324324845,BINANCE
2025-09-02 13:46:05.996,110944.14,0.05345,5.0324324324324845,BINANCE
2025-09-02 13:46:05.996,110944.14,0.0532,5.0324324324324845,BINANCE
2025-09-02 13:46:05.996,110944.14,0.0541,5.0324324324324845,BINANCE
2025-09-02 13:46:05.996,110944.14,5e-05,5.0324324324324845,BINANCE
2025-09-02 13:46:05.996,110944.14,0.0001,5.0324324324324845,BINANCE
2025-09-02 13:46:05.996,110944.13,0.0001,5.033333333332914,BINANCE
2025-09-02 13:46:05.996,110942.87,5e-05,5.146846846847266,BINANCE
2025-09-02 13:46:05.996,110942.01,5e-05,5.2243243243247965,BINANCE
2025-09-02 13:46:06.005,110941.62,5e-05,5.259459459459879,BINANCE
2025-09-02 13:46:06.005,110942.0,0.0001,5.225225225225225,BINANCE
2025-09-02 13:46:06.005,110941.99,0.0001,5.226126126125654,BINANCE
2025-09-02 13:46:06.006,110941.61,5e-05,5.260360360360308,BINANCE
2025-09-02 13:46:06.006,110940.01,5e-05,5.404504504504977,BINANCE
2025-09-02 13:46:06.006,110940.0,5e-05,5.405405405405405,BINANCE
2025-09-02 13:46:06.055,110938.02,0.018,5.583783783783417,BINANCE
2025-09-02 13:46:06.056,110938.02,0.00133,5.583783783783417,BINANCE
2025-09-02 13:46:06.056,110938.02,0.01767,5.583783783783417,BINANCE
2025-09-02 13:46:06.056,110938.01,0.01,5.584684684685156,BINANCE
2025-09-02 13:46:06.056,110938.01,0.00081,5.584684684685156,BINANCE
2025-09-02 13:46:06.056,110938.01,9e-05,5.584684684685156,BINANCE
2025-09-02 13:46:06.056,110938.01,0.0001,5.584684684685156,BINANCE
2025-09-02 13:46:06.056,110938.01,5e-05,5.584684684685156,BINANCE
2025-09-02 13:46:06.057,110938.02,0.018,5.583783783783417,BINANCE
2025-09-02 13:46:06.062,110938.01,0.00029,5.584684684685156,BINANCE
2025-09-02 13:46:06.071,110938.01,0.02649,5.584684684685156,BINANCE
2025-09-02 13:46:06.076,110938.01,5e-05,5.584684684685156,BINANCE
2025-09-02 13:46:06.076,110937.46,5e-05,5.6342342342336575,BINANCE
2025-09-02 13:46:06.076,110938.0,0.061,5.585585585585585,BINANCE
2025-09-02 13:46:06.076,110938.0,5e-05,5.585585585585585,BINANCE
2025-09-02 13:46:06.076,110938.01,0.05286,5.584684684685156,BINANCE
2025-09-02 13:46:06.076,110938.01,0.0001,5.584684684685156,BINANCE
2025-09-02 13:46:06.078,110936.01,5e-05,5.764864864865336,BINANCE
2025-09-02 13:46:06.078,110936.0,5e-05,5.765765765765766,BINANCE
2025-09-02 13:46:06.078,110935.58,5e-05,5.803603603603447,BINANCE
2025-09-02 13:46:06.078,110935.57,5e-05,5.804504504503876,BINANCE
2025-09-02 13:46:06.082,110932.05,0.00015,6.121621621621359,BINANCE
2025-09-02 13:46:06.099,110932.05,0.00784,6.121621621621359,BINANCE
2025-09-02 13:46:06.100,110932.05,0.00183,6.121621621621359,BINANCE
2025-09-02 13:46:06.100,110932.05,0.00191,6.121621621621359,BINANCE
2025-09-02 13:46:06.104,110932.06,9e-05,6.12072072072093,BINANCE
2025-09-02 13:46:06.112,110932.06,0.0026,6.12072072072093,BINANCE
2025-09-02 13:46:06.134,110932.06,0.00189,6.12072072072093,BINANCE
2025-09-02 13:46:06.172,110932.06,0.036,6.12072072072093,BINANCE
2025-09-02 13:46:06.177,110932.05,0.0009,6.121621621621359,BINANCE
2025-09-02 13:46:06.183,110932.05,0.02417,6.121621621621359,BINANCE
2025-09-02 13:46:06.242,110932.05,0.01064,6.121621621621359,BINANCE
2025-09-02 13:46:06.257,110932.06,0.0063,6.12072072072093,BINANCE
2025-09-02 13:46:06.257,110932.06,0.0014,6.12072072072093,BINANCE
2025-09-02 13:46:06.257,110932.06,0.53069,6.12072072072093,BINANCE
2025-09-02 13:46:06.258,110932.06,0.09534,6.12072072072093,BINANCE
2025-09-02 13:46:06.276,110932.06,0.0001,6.12072072072093,BINANCE
2025-09-02 13:46:06.276,110934.57,5e-05,5.894594594593965,BINANCE
2025-09-02 13:46:06.276,110932.07,0.0001,6.11981981981919,BINANCE
2025-09-02 13:46:06.276,110932.07,5e-05,6.11981981981919,BINANCE
2025-09-02 13:46:06.276,110932.06,5e-05,6.12072072072093,BINANCE
2025-09-02 13:46:06.276,110932.06,0.00608,6.12072072072093,BINANCE
2025-09-02 13:46:06.279,110935.99,5e-05,5.766666666666195,BINANCE
2025-09-02 13:46:06.279,110934.58,5e-05,5.893693693693536,BINANCE
2025-09-02 13:46:06.279,110934.59,5e-05,5.892792792793108,BINANCE
2025-09-02 13:46:06.279,110934.59,0.0001,5.892792792793108,BINANCE
2025-09-02 13:46:06.279,110934.58,0.0001,5.893693693693536,BINANCE
2025-09-02 13:46:06.283,110935.99,0.04961,5.766666666666195,BINANCE
2025-09-02 13:46:06.283,110935.99,0.00985,5.766666666666195,BINANCE
2025-09-02 13:46:06.284,110937.49,5e-05,5.631531531531059,BINANCE
2025-09-02 13:46:06.284,110937.99,5e-05,5.586486486486014,BINANCE
2025-09-02 13:46:06.284,110937.48,5e-05,5.6324324324327995,BINANCE
2025-09-02 13:46:06.284,110942.0,0.01655,5.225225225225225,BINANCE
2025-09-02 13:46:06.284,110938.0,5e-05,5.585585585585585,BINANCE
2025-09-02 13:46:06.284,110938.01,5e-05,5.584684684685156,BINANCE
2025-09-02 13:46:06.284,110938.26,5e-05,5.562162162162634,BINANCE
2025-09-02 13:46:06.284,110938.02,5e-05,5.583783783783417,BINANCE
2025-09-02 13:46:06.284,110938.04,5e-05,5.581981981982558,BINANCE
2025-09-02 13:46:06.284,110938.27,5e-05,5.561261261260894,BINANCE
2025-09-02 13:46:06.284,110938.71,5e-05,5.521621621621045,BINANCE
2025-09-02 13:46:06.284,110940.0,5e-05,5.405405405405405,BINANCE
2025-09-02 13:46:06.284,110940.01,5e-05,5.404504504504977,BINANCE
2025-09-02 13:46:06.284,110936.01,5e-05,5.764864864865336,BINANCE
2025-09-02 13:46:06.284,110937.47,5e-05,5.633333333333228,BINANCE
2025-09-02 13:46:06.284,110936.0,5e-05,5.765765765765766,BINANCE
2025-09-02 13:46:06.284,110936.0,0.0001,5.765765765765766,BINANCE
2025-09-02 13:46:06.284,110936.01,0.0001,5.764864864865336,BINANCE
2025-09-02 13:46:06.284,110937.46,5e-05,5.6342342342336575,BINANCE
2025-09-02 13:46:06.285,110942.0,0.00892,5.225225225225225,BINANCE
2025-09-02 13:46:06.285,110942.87,5e-05,5.146846846847266,BINANCE
2025-09-02 13:46:06.285,110944.0,0.01895,5.045045045045045,BINANCE
2025-09-02 13:46:06.287,110944.0,0.019,5.045045045045045,BINANCE
2025-09-02 13:46:06.311,110943.99,0.00673,5.045945945945474,BINANCE
2025-09-02 13:46:06.326,110943.99,0.07023,5.045945945945474,BINANCE
2025-09-02 13:46:06.331,110943.99,0.0018,5.045945945945474,BINANCE
2025-09-02 13:46:06.405,110943.99,0.00314,5.045945945945474,BINANCE
2025-09-02 13:46:06.472,110944.0,5e-05,5.045045045045045,BINANCE
2025-09-02 13:46:06.472,110944.0,0.00073,5.045045045045045,BINANCE
2025-09-02 13:46:06.472,110944.0,0.01792,5.045045045045045,BINANCE
2025-09-02 13:46:06.486,110943.99,0.00428,5.045945945945474,BINANCE
2025-09-02 13:46:06.494,110944.0,0.019,5.045045045045045,BINANCE
2025-09-02 13:46:06.550,110943.99,0.00027,5.045945945945474,BINANCE
2025-09-02 13:46:06.560,110943.99,0.00012,5.045945945945474,BINANCE
2025-09-02 13:46:06.564,110943.99,0.00061,5.045945945945474,BINANCE
2025-09-02 13:46:06.569,110943.99,0.00145,5.045945945945474,BINANCE
2025-09-02 13:46:06.578,110943.99,0.00075,5.045945945945474,BINANCE
2025-09-02 13:46:06.659,110944.0,0.019,5.045045045045045,BINANCE
2025-09-02 13:46:06.662,110944.0,0.019,5.045045045045045,BINANCE
2025-09-02 13:46:06.674,110943.99,0.00011,5.045945945945474,BINANCE
2025-09-02 13:46:06.760,110944.16,0.00451,5.0306306306303155,BINANCE
2025-09-02 13:46:06.760,110944.15,0.00272,5.031531531532056,BINANCE
2025-09-02 13:46:06.760,110944.15,0.00013,5.031531531532056,BINANCE
2025-09-02 13:46:06.760,110944.01,5e-05,5.044144144144616,BINANCE
2025-09-02 13:46:06.760,110944.0,0.00224,5.045045045045045,BINANCE
2025-09-02 13:46:06.760,110944.0,5e-05,5.045045045045045,BINANCE
2025-09-02 13:46:06.760,110944.0,0.0311,5.045045045045045,BINANCE
2025-09-02 13:46:06.760,110944.0,0.0001,5.045045045045045,BINANCE
2025-09-02 13:46:06.783,110944.15,0.0009,5.031531531532056,BINANCE
2025-09-02 13:46:06.803,110944.16,0.006,5.0306306306303155,BINANCE
2025-09-02 13:46:06.821,110944.17,5e-05,5.029729729729887,BINANCE
2025-09-02 13:46:06.821,110944.17,0.0001,5.029729729729887,BINANCE
2025-09-02 13:46:06.821,110944.16,5e-05,5.0306306306303155,BINANCE
2025-09-02 13:46:06.821,110944.16,0.00128,5.0306306306303155,BINANCE
2025-09-02 13:46:06.821,110944.16,0.03455,5.0306306306303155,BINANCE
2025-09-02 13:46:06.821,110944.16,0.0001,5.0306306306303155,BINANCE
2025-09-02 13:46:06.831,110945.01,5e-05,4.9540540540545255,BINANCE
2025-09-02 13:46:06.831,110945.04,5e-05,4.951351351351928,BINANCE
2025-09-02 13:46:06.831,110945.0,5e-05,4.954954954954955,BINANCE
2025-09-02 13:46:06.831,110945.05,5e-05,4.950450450450189,BINANCE
2025-09-02 13:46:06.831,110945.0,0.01717,4.954954954954955,BINANCE
2025-09-02 13:46:06.832,110945.27,5e-05,4.930630630630263,BINANCE
2025-09-02 13:46:06.832,110945.17,5e-05,4.939639639639797,BINANCE
2025-09-02 13:46:06.832,110945.17,0.00011,4.939639639639797,BINANCE
2025-09-02 13:46:06.834,110949.93,0.00052,4.51081081081144,BINANCE
2025-09-02 13:46:06.834,110949.93,8e-05,4.51081081081144,BINANCE
2025-09-02 13:46:06.834,110949.93,7e-05,4.51081081081144,BINANCE
2025-09-02 13:46:06.834,110949.93,0.00055,4.51081081081144,BINANCE
2025-09-02 13:46:06.834,110949.83,0.00083,4.519819819819662,BINANCE
2025-09-02 13:46:06.834,110949.78,9e-05,4.5243243243244295,BINANCE
2025-09-02 13:46:06.834,110948.8,5e-05,4.612612612612351,BINANCE
2025-09-02 13:46:06.834,110949.36,5e-05,4.562162162162109,BINANCE
2025-09-02 13:46:06.834,110949.36,6e-05,4.562162162162109,BINANCE
2025-09-02 13:46:06.834,110949.35,0.0006,4.563063063062539,BINANCE
2025-09-02 13:46:06.834,110949.31,5e-05,4.566666666666877,BINANCE
2025-09-02 13:46:06.834,110948.96,0.00046,4.598198198197621,BINANCE
2025-09-02 13:46:06.834,110948.81,0.00016,4.611711711711921,BINANCE
2025-09-02 13:46:06.834,110949.93,0.00027,4.51081081081144,BINANCE
2025-09-02 13:46:06.834,110949.75,0.00022,4.527027027027027,BINANCE
2025-09-02 13:46:06.834,110949.99,5e-05,4.505405405404933,BINANCE
2025-09-02 13:46:06.834,110950.0,0.00441,4.504504504504505,BINANCE
2025-09-02 13:46:06.834,110950.0,0.00052,4.504504504504505,BINANCE
2025-09-02 13:46:06.834,110950.0,0.00016,4.504504504504505,BINANCE
2025-09-02 13:46:06.834,110950.0,0.00026,4.504504504504505,BINANCE
2025-09-02 13:46:06.834,110950.0,0.0001,4.504504504504505,BINANCE
2025-09-02 13:46:06.834,110950.0,5e-05,4.504504504504505,BINANCE
2025-09-02 13:46:06.834,110950.0,0.1,4.504504504504505,BINANCE
2025-09-02 13:46:06.834,110950.0,0.15982,4.504504504504505,BINANCE
2025-09-02 13:46:06.834,110950.0,0.09891,4.504504504504505,BINANCE
2025-09-02 13:46:06.834,110950.0,0.32989,4.504504504504505,BINANCE
2025-09-02 13:46:06.834,110950.0,0.38229,4.504504504504505,BINANCE
2025-09-02 13:46:06.834,110950.0,0.2377,4.504504504504505,BINANCE
2025-09-02 13:46:06.834,110948.75,0.00082,4.617117117117117,BINANCE
2025-09-02 13:46:06.834,110948.2,0.00088,4.666666666666929,BINANCE
2025-09-02 13:46:06.834,110948.28,5e-05,4.659459459459565,BINANCE
2025-09-02 13:46:06.834,110945.33,0.00543,4.925225225225068,BINANCE
2025-09-02 13:46:06.834,110945.33,5e-05,4.925225225225068,BINANCE
2025-09-02 13:46:06.834,110945.45,0.0045,4.914414414414677,BINANCE
2025-09-02 13:46:06.834,110945.46,0.00013,4.913513513512936,BINANCE
2025-09-02 13:46:06.834,110945.47,0.00131,4.9126126126125085,BINANCE
2025-09-02 13:46:06.834,110945.7,0.0015,4.891891891892154,BINANCE
2025-09-02 13:46:06.834,110945.72,5e-05,4.890090090089985,BINANCE
2025-09-02 13:46:06.834,110945.97,0.00769,4.867567567567463,BINANCE
2025-09-02 13:46:06.834,110945.97,5e-05,4.867567567567463,BINANCE
2025-09-02 13:46:06.834,110946.17,5e-05,4.849549549549707,BINANCE
2025-09-02 13:46:06.834,110946.48,7e-05,4.821621621621989,BINANCE
2025-09-02 13:46:06.834,110946.48,0.00021,4.821621621621989,BINANCE
2025-09-02 13:46:06.834,110946.5,0.00125,4.81981981981982,BINANCE
2025-09-02 13:46:06.834,110945.41,0.00013,4.918018018017703,BINANCE
2025-09-02 13:46:06.834,110946.64,8e-05,4.807207207207259,BINANCE
2025-09-02 13:46:06.834,110948.12,0.00162,4.673873873874293,BINANCE
2025-09-02 13:46:06.834,110948.0,0.00015,4.684684684684685,BINANCE
2025-09-02 13:46:06.834,110948.0,0.0004,4.684684684684685,BINANCE
2025-09-02 13:46:06.834,110948.0,0.002,4.684684684684685,BINANCE
2025-09-02 13:46:06.834,110947.42,5e-05,4.736936936937094,BINANCE
2025-09-02 13:46:06.834,110947.65,7e-05,4.716216216216741,BINANCE
2025-09-02 13:46:06.834,110948.18,0.00357,4.668468468469098,BINANCE
2025-09-02 13:46:06.834,110947.37,6e-05,4.741441441441861,BINANCE
2025-09-02 13:46:06.834,110947.36,0.0011,4.74234234234229,BINANCE
2025-09-02 13:46:06.834,110947.0,5e-05,4.774774774774775,BINANCE
2025-09-02 13:46:06.834,110947.0,0.00021,4.774774774774775,BINANCE
2025-09-02 13:46:06.834,110946.74,0.0001,4.798198198197727,BINANCE
2025-09-02 13:46:06.834,110947.37,0.00072,4.741441441441861,BINANCE
2025-09-02 13:46:06.834,110946.53,5e-05,4.817117117117221,BINANCE
2025-09-02 13:46:06.839,110949.99,0.0018,4.505405405404933,BINANCE
2025-09-02 13:46:06.841,110950.01,5e-05,4.503603603604075,BINANCE
2025-09-02 13:46:06.841,110950.71,5e-05,4.440540540539963,BINANCE
2025-09-02 13:46:06.841,110950.26,0.00038,4.481081081081553,BINANCE
2025-09-02 13:46:06.841,110950.35,0.00018,4.472972972972449,BINANCE
2025-09-02 13:46:06.841,110950.39,0.00018,4.469369369369422,BINANCE
2025-09-02 13:46:06.841,110950.11,8e-05,4.494594594594543,BINANCE
2025-09-02 13:46:06.841,110950.0,0.061,4.504504504504505,BINANCE
2025-09-02 13:46:06.841,110950.0,5e-05,4.504504504504505,BINANCE
2025-09-02 13:46:06.841,110950.0,0.00455,4.504504504504505,BINANCE
2025-09-02 13:46:06.841,110950.0,0.00901,4.504504504504505,BINANCE
2025-09-02 13:46:06.841,110950.0,8e-05,4.504504504504505,BINANCE
2025-09-02 13:46:06.841,110950.0,0.08469,4.504504504504505,BINANCE
2025-09-02 13:46:06.844,110950.72,5e-05,4.439639639639535,BINANCE
2025-09-02 13:46:06.844,110951.6,0.00017,4.360360360359836,BINANCE
2025-09-02 13:46:06.844,110951.6,6e-05,4.360360360359836,BINANCE
2025-09-02 13:46:06.844,110951.78,5e-05,4.344144144144249,BINANCE
2025-09-02 13:46:06.844,110950.71,5e-05,4.440540540539963,BINANCE
2025-09-02 13:46:06.862,110952.52,0.00181,4.2774774774771105,BINANCE
2025-09-02 13:46:06.862,110952.71,0.00021,4.260360360359784,BINANCE
2025-09-02 13:46:06.862,110952.8,0.00016,4.25225225225199,BINANCE
2025-09-02 13:46:06.862,110952.95,6e-05,4.238738738739,BINANCE
2025-09-02 13:46:06.862,110953.13,0.00023,4.222522522522103,BINANCE
2025-09-02 13:46:06.862,110953.43,5e-05,4.195495495496125,BINANCE
2025-09-02 13:46:06.862,110954.17,0.0002,4.128828828828986,BINANCE
2025-09-02 13:46:06.862,110952.51,0.0001,4.27837837837885,BINANCE
2025-09-02 13:46:06.862,110954.17,0.00012,4.128828828828986,BINANCE
2025-09-02 13:46:06.862,110954.18,0.00015,4.127927927928557,BINANCE
2025-09-02 13:46:06.862,110954.2,0.00022,4.126126126126388,BINANCE
2025-09-02 13:46:06.862,110954.54,5e-05,4.095495495496072,BINANCE
2025-09-02 13:46:06.862,110954.62,0.00235,4.088288288288708,BINANCE
2025-09-02 13:46:06.862,110953.69,5e-05,4.172072072071862,BINANCE
2025-09-02 13:46:06.862,110952.49,5e-05,4.280180180179708,BINANCE
2025-09-02 13:46:06.862,110952.9,0.00138,4.243243243243768,BINANCE
2025-09-02 13:46:06.862,110952.38,5e-05,4.290090090089671,BINANCE
2025-09-02 13:46:06.862,110952.19,0.00349,4.307207207206997,BINANCE
2025-09-02 13:46:06.862,110952.03,0.00018,4.321621621621727,BINANCE
2025-09-02 13:46:06.862,110952.01,5e-05,4.323423423423895,BINANCE
2025-09-02 13:46:06.862,110952.0,5e-05,4.324324324324325,BINANCE
2025-09-02 13:46:06.862,110952.0,0.00015,4.324324324324325,BINANCE
2025-09-02 13:46:06.862,110952.0,0.0004,4.324324324324325,BINANCE
2025-09-02 13:46:06.862,110952.0,0.002,4.324324324324325,BINANCE
2025-09-02 13:46:06.862,110952.38,9e-05,4.290090090089671,BINANCE
2025-09-02 13:46:06.896,110954.61,0.00183,4.0891891891891365,BINANCE
2025-09-02 13:46:06.897,110954.61,0.13589,4.0891891891891365,BINANCE
2025-09-02 13:46:06.983,110954.61,0.0009,4.0891891891891365,BINANCE
2025-09-02 13:46:07.026,110954.61,0.1079,4.0891891891891365,BINANCE
2025-09-02 13:46:07.028,110954.61,0.0733,4.0891891891891365,BINANCE
2025-09-02 13:46:07.028,110954.61,0.15132,4.0891891891891365,BINANCE
2025-09-02 13:46:07.028,110954.61,0.02358,4.0891891891891365,BINANCE
2025-09-02 13:46:07.029,110954.0,5e-05,4.144144144144144,BINANCE
2025-09-02 13:46:07.029,110954.01,5e-05,4.143243243243716,BINANCE
2025-09-02 13:46:07.029,110954.6,0.0001,4.090090090089565,BINANCE
2025-09-02 13:46:07.029,110954.61,0.0001,4.0891891891891365,BINANCE
2025-09-02 13:46:07.029,110953.69,5e-05,4.172072072071862,BINANCE
2025-09-02 13:46:07.029,110954.61,0.04012,4.0891891891891365,BINANCE
2025-09-02 13:46:07.029,110954.61,0.02,4.0891891891891365,BINANCE
2025-09-02 13:46:07.029,110954.61,0.054,4.0891891891891365,BINANCE
2025-09-02 13:46:07.029,110954.61,0.00074,4.0891891891891365,BINANCE
2025-09-02 13:46:07.029,110954.61,0.01803,4.0891891891891365,BINANCE
2025-09-02 13:46:07.029,110954.61,0.0541,4.0891891891891365,BINANCE
2025-09-02 13:46:07.029,110954.61,0.02253,4.0891891891891365,BINANCE
2025-09-02 13:46:07.029,110954.61,5e-05,4.0891891891891365,BINANCE
2025-09-02 13:46:07.029,110954.61,0.00069,4.0891891891891365,BINANCE
2025-09-02 13:46:07.029,110954.61,0.02336,4.0891891891891365,BINANCE
2025-09-02 13:46:07.029,110954.61,0.01352,4.0891891891891365,BINANCE
2025-09-02 13:46:07.033,110950.01,5e-05,4.503603603604075,BINANCE
2025-09-02 13:46:07.033,110950.01,0.0001,4.503603603604075,BINANCE
2025-09-02 13:46:07.044,110950.02,0.00208,4.502702702702336,BINANCE
2025-09-02 13:46:07.049,110950.01,0.00091,4.503603603604075,BINANCE
2025-09-02 13:46:07.082,110950.02,0.01802,4.502702702702336,BINANCE
2025-09-02 13:46:07.107,110950.01,0.00727,4.503603603604075,BINANCE
2025-09-02 13:46:07.107,110950.01,0.00048,4.503603603604075,BINANCE
2025-09-02 13:46:07.139,110946.0,5e-05,4.864864864864865,BINANCE
2025-09-02 13:46:07.139,110946.01,5e-05,4.863963963964436,BINANCE
2025-09-02 13:46:07.139,110947.07,5e-05,4.768468468467839,BINANCE
2025-09-02 13:46:07.139,110947.07,0.04012,4.768468468467839,BINANCE
2025-09-02 13:46:07.139,110947.08,5e-05,4.7675675675674105,BINANCE
2025-09-02 13:46:07.139,110948.0,5e-05,4.684684684684685,BINANCE
2025-09-02 13:46:07.139,110948.01,5e-05,4.683783783784256,BINANCE
2025-09-02 13:46:07.139,110950.01,0.0001,4.503603603604075,BINANCE
2025-09-02 13:46:07.139,110948.28,5e-05,4.659459459459565,BINANCE
2025-09-02 13:46:07.139,110950.0,5e-05,4.504504504504505,BINANCE
2025-09-02 13:46:07.139,110950.01,5e-05,4.503603603604075,BINANCE
2025-09-02 13:46:07.139,110950.01,0.0536,4.503603603604075,BINANCE
2025-09-02 13:46:07.140,110944.01,5e-05,5.044144144144616,BINANCE
2025-09-02 13:46:07.140,110944.0,5e-05,5.045045045045045,BINANCE
2025-09-02 13:46:07.140,110944.15,5e-05,5.031531531532056,BINANCE
2025-09-02 13:46:07.140,110944.3,5e-05,5.018018018017756,BINANCE
2025-09-02 13:46:07.140,110944.31,5e-05,5.017117117117327,BINANCE
2025-09-02 13:46:07.140,110944.15,0.00541,5.031531531532056,BINANCE
2025-09-02 13:46:07.237,110942.87,0.00024,5.146846846847266,BINANCE
2025-09-02 13:46:07.255,110942.87,0.00208,5.146846846847266,BINANCE
2025-09-02 13:46:07.255,110942.87,0.00101,5.146846846847266,BINANCE
2025-09-02 13:46:07.266,110942.87,0.00088,5.146846846847266,BINANCE
2025-09-02 13:46:07.275,110942.87,0.02054,5.146846846847266,BINANCE
2025-09-02 13:46:07.302,110942.87,0.00224,5.146846846847266,BINANCE
2025-09-02 13:46:07.355,110942.88,5e-05,5.145945945945527,BINANCE
2025-09-02 13:46:07.355,110942.88,0.05,5.145945945945527,BINANCE
2025-09-02 13:46:07.355,110942.89,5e-05,5.145045045045097,BINANCE
2025-09-02 13:46:07.355,110942.88,0.00028,5.145945945945527,BINANCE
2025-09-02 13:46:07.355,110942.88,0.14595,5.145945945945527,BINANCE
2025-09-02 13:46:07.355,110942.88,0.06268,5.145945945945527,BINANCE
2025-09-02 13:46:07.355,110942.88,0.00133,5.145945945945527,BINANCE
2025-09-02 13:46:07.355,110942.88,0.04092,5.145945945945527,BINANCE
2025-09-02 13:46:07.363,110944.15,0.03478,5.031531531532056,BINANCE
2025-09-02 13:46:07.368,110946.0,5e-05,4.864864864864865,BINANCE
2025-09-02 13:46:07.368,110944.3,5e-05,5.018018018017756,BINANCE
2025-09-02 13:46:07.368,110944.31,5e-05,5.017117117117327,BINANCE
2025-09-02 13:46:07.368,110946.66,0.01224,4.80540540540509,BINANCE
2025-09-02 13:46:07.368,110946.01,5e-05,4.863963963964436,BINANCE
2025-09-02 13:46:07.368,110946.65,5e-05,4.806306306306831,BINANCE
2025-09-02 13:46:07.368,110944.16,5e-05,5.0306306306303155,BINANCE
2025-09-02 13:46:07.368,110944.17,5e-05,5.029729729729887,BINANCE
2025-09-02 13:46:07.368,110944.16,0.00541,5.0306306306303155,BINANCE
2025-09-02 13:46:07.372,110946.66,0.02,4.80540540540509,BINANCE
2025-09-02 13:46:07.538,110946.65,0.04509,4.806306306306831,BINANCE
2025-09-02 13:46:07.558,110946.67,5e-05,4.804504504504662,BINANCE
2025-09-02 13:46:07.558,110948.24,5e-05,4.663063063062591,BINANCE
2025-09-02 13:46:07.558,110948.28,5e-05,4.659459459459565,BINANCE
2025-09-02 13:46:07.558,110949.99,5e-05,4.505405405404933,BINANCE
2025-09-02 13:46:07.558,110950.0,5e-05,4.504504504504505,BINANCE
2025-09-02 13:46:07.558,110951.49,0.00351,4.370270270269798,BINANCE
2025-09-02 13:46:07.558,110946.66,5e-05,4.80540540540509,BINANCE
2025-09-02 13:46:07.656,110951.49,5e-05,4.370270270269798,BINANCE
2025-09-02 13:46:07.656,110951.49,0.01655,4.370270270269798,BINANCE
2025-09-02 13:46:07.656,110951.49,0.002,4.370270270269798,BINANCE
2025-09-02 13:46:07.657,110951.49,0.019,4.370270270269798,BINANCE
2025-09-02 13:46:07.657,110951.49,0.0005,4.370270270269798,BINANCE
2025-09-02 13:46:07.657,110951.49,0.0185,4.370270270269798,BINANCE
2025-09-02 13:46:07.663,110951.48,0.00098,4.371171171171538,BINANCE
2025-09-02 13:46:07.673,110951.48,0.00092,4.371171171171538,BINANCE
2025-09-02 13:46:07.688,110951.99,5e-05,4.325225225224753,BINANCE
2025-09-02 13:46:07.688,110952.0,5e-05,4.324324324324325,BINANCE
2025-09-02 13:46:07.688,110954.84,5e-05,4.068468468468783,BINANCE
2025-09-02 13:46:07.688,110953.69,5e-05,4.172072072071862,BINANCE
2025-09-02 13:46:07.688,110954.62,0.00122,4.088288288288708,BINANCE
2025-09-02 13:46:07.688,110951.5,5e-05,4.36936936936937,BINANCE
2025-09-02 13:46:07.688,110955.0,0.002,4.0540540540540535,BINANCE
2025-09-02 13:46:07.688,110954.91,0.00027,4.062162162161847,BINANCE
2025-09-02 13:46:07.688,110951.49,5e-05,4.370270270269798,BINANCE
2025-09-02 13:46:07.688,110951.49,0.00064,4.370270270269798,BINANCE
2025-09-02 13:46:07.688,110951.49,0.01755,4.370270270269798,BINANCE
2025-09-02 13:46:07.694,110955.0,5e-05,4.0540540540540535,BINANCE
2025-09-02 13:46:07.694,110955.01,5e-05,4.053153153153625,BINANCE
2025-09-02 13:46:07.694,110955.54,7e-05,4.005405405405982,BINANCE
2025-09-02 13:46:07.694,110955.55,9e-05,4.004504504504243,BINANCE
2025-09-02 13:46:07.694,110955.58,0.0029,4.001801801801644,BINANCE
2025-09-02 13:46:07.694,110955.18,5e-05,4.037837837838467,BINANCE
2025-09-02 13:46:07.694,110955.0,0.00067,4.0540540540540535,BINANCE
2025-09-02 13:46:07.694,110955.0,0.00077,4.0540540540540535,BINANCE
2025-09-02 13:46:07.694,110955.0,0.0007,4.0540540540540535,BINANCE
2025-09-02 13:46:07.697,110955.58,0.00547,4.001801801801644,BINANCE
2025-09-02 13:46:07.814,110956.0,0.00015,3.963963963963964,BINANCE
2025-09-02 13:46:07.814,110955.6,5e-05,3.9999999999994755,BINANCE
2025-09-02 13:46:07.814,110955.84,8e-05,3.978378378378693,BINANCE
2025-09-02 13:46:07.814,110955.9,5e-05,3.9729729729734973,BINANCE
2025-09-02 13:46:07.814,110956.0,5e-05,3.963963963963964,BINANCE
2025-09-02 13:46:07.814,110956.0,0.002,3.963963963963964,BINANCE
2025-09-02 13:46:07.814,110956.0,0.0004,3.963963963963964,BINANCE
2025-09-02 13:46:07.814,110956.17,0.00011,3.9486486486488057,BINANCE
2025-09-02 13:46:07.814,110956.88,8e-05,3.8846846846842653,BINANCE
2025-09-02 13:46:07.814,110956.52,6e-05,3.91711711711675,BINANCE
2025-09-02 13:46:07.814,110956.58,7e-05,3.911711711711554,BINANCE
2025-09-02 13:46:07.814,110956.77,0.0001,3.8945945945942273,BINANCE
2025-09-02 13:46:07.814,110956.88,0.00715,3.8846846846842653,BINANCE
2025-09-02 13:46:07.814,110955.59,5e-05,4.0009009009012155,BINANCE
2025-09-02 13:46:07.814,110956.88,5e-05,3.8846846846842653,BINANCE
2025-09-02 13:46:07.814,110957.0,5e-05,3.8738738738738743,BINANCE
2025-09-02 13:46:07.814,110957.26,0.00809,3.8504504504509227,BINANCE
2025-09-02 13:46:07.814,110956.52,7e-05,3.91711711711675,BINANCE
2025-09-02 13:46:07.814,110955.58,0.00895,4.001801801801644,BINANCE
2025-09-02 13:46:07.814,110955.58,5e-05,4.001801801801644,BINANCE
2025-09-02 13:46:07.814,110955.58,0.00188,4.001801801801644,BINANCE
2025-09-02 13:46:07.814,110955.58,0.0007,4.001801801801644,BINANCE
2025-09-02 13:46:07.843,110957.25,0.05482,3.8513513513513513,BINANCE
2025-09-02 13:46:07.912,110957.25,0.0013,3.8513513513513513,BINANCE
2025-09-02 13:46:07.913,110957.25,3e-05,3.8513513513513513,BINANCE
2025-09-02 13:46:07.913,110957.25,0.00497,3.8513513513513513,BINANCE
2025-09-02 13:46:07.922,110957.26,4e-05,3.8504504504509227,BINANCE
2025-09-02 13:46:07.967,110957.25,0.02158,3.8513513513513513,BINANCE
2025-09-02 13:46:07.967,110957.25,0.00559,3.8513513513513513,BINANCE
2025-09-02 13:46:07.969,110957.25,0.03249,3.8513513513513513,BINANCE
2025-09-02 13:46:07.969,110957.25,0.05407,3.8513513513513513,BINANCE
2025-09-02 13:46:07.969,110957.25,0.02253,3.8513513513513513,BINANCE
2025-09-02 13:46:07.969,110957.25,5e-05,3.8513513513513513,BINANCE
2025-09-02 13:46:07.969,110957.25,0.00076,3.8513513513513513,BINANCE
2025-09-02 13:46:07.970,110955.57,5e-05,4.002702702702074,BINANCE
2025-09-02 13:46:07.970,110955.57,0.01352,4.002702702702074,BINANCE
2025-09-02 13:46:07.970,110955.57,0.02233,4.002702702702074,BINANCE
2025-09-02 13:46:07.970,110955.58,5e-05,4.001801801801644,BINANCE
2025-09-02 13:46:07.970,110956.0,5e-05,3.963963963963964,BINANCE
2025-09-02 13:46:07.970,110956.01,5e-05,3.9630630630635353,BINANCE
2025-09-02 13:46:07.970,110957.24,0.0001,3.8522522522517804,BINANCE
2025-09-02 13:46:07.970,110957.25,0.0001,3.8513513513513513,BINANCE
2025-09-02 13:46:07.970,110957.25,0.00024,3.8513513513513513,BINANCE
2025-09-02 13:46:07.971,110952.94,0.00112,4.23963963963943,BINANCE
2025-09-02 13:46:07.971,110952.61,5e-05,4.269369369369317,BINANCE
2025-09-02 13:46:07.971,110952.61,0.01129,4.269369369369317,BINANCE
2025-09-02 13:46:07.971,110953.69,5e-05,4.172072072071862,BINANCE
2025-09-02 13:46:07.971,110954.01,5e-05,4.143243243243716,BINANCE
2025-09-02 13:46:07.971,110954.0,5e-05,4.144144144144144,BINANCE
2025-09-02 13:46:07.974,110952.01,5e-05,4.323423423423895,BINANCE
2025-09-02 13:46:07.974,110952.0,5e-05,4.324324324324325,BINANCE
2025-09-02 13:46:07.975,110951.44,0.01552,4.374774774774565,BINANCE
2025-09-02 13:46:07.975,110951.44,5e-05,4.374774774774565,BINANCE
2025-09-02 13:46:07.975,110950.01,5e-05,4.503603603604075,BINANCE
2025-09-02 13:46:07.975,110950.0,5e-05,4.504504504504505,BINANCE
2025-09-02 13:46:07.975,110949.88,5e-05,4.515315315314896,BINANCE
2025-09-02 13:46:07.975,110949.87,5e-05,4.516216216216636,BINANCE
2025-09-02 13:46:08.054,110948.94,0.036,4.59999999999979,BINANCE
2025-09-02 13:46:08.081,110948.94,0.1747,4.59999999999979,BINANCE
2025-09-02 13:46:08.086,110948.94,0.00091,4.59999999999979,BINANCE
2025-09-02 13:46:08.115,110948.93,0.00046,4.6009009009015305,BINANCE
2025-09-02 13:46:08.140,110948.93,0.00383,4.6009009009015305,BINANCE
2025-09-02 13:46:08.184,110948.93,0.00362,4.6009009009015305,BINANCE
2025-09-02 13:46:08.200,110948.93,0.00046,4.6009009009015305,BINANCE
2025-09-02 13:46:08.232,110948.94,0.019,4.59999999999979,BINANCE
2025-09-02 13:46:08.243,110948.94,0.019,4.59999999999979,BINANCE
2025-09-02 13:46:08.283,110948.93,0.00046,4.6009009009015305,BINANCE
2025-09-02 13:46:08.319,110948.95,5e-05,4.599099099099361,BINANCE
2025-09-02 13:46:08.319,110949.99,5e-05,4.505405405404933,BINANCE
2025-09-02 13:46:08.319,110950.0,0.02142,4.504504504504505,BINANCE
2025-09-02 13:46:08.319,110948.94,5e-05,4.59999999999979,BINANCE
2025-09-02 13:46:08.319,110948.94,0.00021,4.59999999999979,BINANCE
2025-09-02 13:46:08.468,110948.94,5e-05,4.59999999999979,BINANCE
2025-09-02 13:46:08.468,110949.99,0.0001,4.505405405404933,BINANCE
2025-09-02 13:46:08.468,110949.98,0.0001,4.506306306306674,BINANCE
2025-09-02 13:46:08.468,110949.99,0.05407,4.505405405404933,BINANCE
2025-09-02 13:46:08.468,110949.99,0.001,4.505405405404933,BINANCE
2025-09-02 13:46:08.468,110949.99,0.05393,4.505405405404933,BINANCE
2025-09-02 13:46:08.468,110949.99,5e-05,4.505405405404933,BINANCE
2025-09-02 13:46:08.469,110948.0,5e-05,4.684684684684685,BINANCE
2025-09-02 13:46:08.469,110948.01,5e-05,4.683783783784256,BINANCE
2025-09-02 13:46:08.469,110948.06,5e-05,4.6792792792794895,BINANCE
2025-09-02 13:46:08.469,110948.07,5e-05,4.678378378377749,BINANCE
2025-09-02 13:46:08.469,110948.28,5e-05,4.659459459459565,BINANCE
2025-09-02 13:46:08.469,110948.93,5e-05,4.6009009009015305,BINANCE
2025-09-02 13:46:08.469,110948.93,0.02253,4.6009009009015305,BINANCE
2025-09-02 13:46:08.469,110948.93,0.01803,4.6009009009015305,BINANCE
2025-09-02 13:46:08.469,110948.93,0.01352,4.6009009009015305,BINANCE
2025-09-02 13:46:08.470,110944.31,5e-05,5.017117117117327,BINANCE
2025-09-02 13:46:08.470,110944.3,0.18731,5.018018018017756,BINANCE
2025-09-02 13:46:08.470,110946.0,5e-05,4.864864864864865,BINANCE
2025-09-02 13:46:08.470,110944.3,0.02694,5.018018018017756,BINANCE
2025-09-02 13:46:08.470,110946.01,5e-05,4.863963963964436,BINANCE
2025-09-02 13:46:08.471,110944.3,0.03035,5.018018018017756,BINANCE
2025-09-02 13:46:08.471,110944.3,0.24315,5.018018018017756,BINANCE
2025-09-02 13:46:08.471,110944.3,0.00167,5.018018018017756,BINANCE
2025-09-02 13:46:08.471,110944.3,5e-05,5.018018018017756,BINANCE
2025-09-02 13:46:08.471,110944.16,5e-05,5.0306306306303155,BINANCE
2025-09-02 13:46:08.471,110944.15,0.0341,5.031531531532056,BINANCE
2025-09-02 13:46:08.473,110942.86,5e-05,5.147747747747696,BINANCE
2025-09-02 13:46:08.473,110942.87,5e-05,5.146846846847266,BINANCE
2025-09-02 13:46:08.473,110944.0,5e-05,5.045045045045045,BINANCE
2025-09-02 13:46:08.473,110944.15,5e-05,5.031531531532056,BINANCE
2025-09-02 13:46:08.473,110944.15,0.35386,5.031531531532056,BINANCE
2025-09-02 13:46:08.473,110944.15,0.0045,5.031531531532056,BINANCE
2025-09-02 13:46:08.473,110944.15,0.03062,5.031531531532056,BINANCE
2025-09-02 13:46:08.473,110944.15,0.06634,5.031531531532056,BINANCE
2025-09-02 13:46:08.474,110941.27,5e-05,5.290990990990624,BINANCE
2025-09-02 13:46:08.474,110940.0,5e-05,5.405405405405405,BINANCE
2025-09-02 13:46:08.474,110938.99,7e-05,5.496396396395925,BINANCE
2025-09-02 13:46:08.474,110937.85,0.00503,5.5990990990985745,BINANCE
2025-09-02 13:46:08.478,110937.85,0.00797,5.5990990990985745,BINANCE
2025-09-02 13:46:08.478,110937.84,0.00099,5.600000000000315,BINANCE
2025-09-02 13:46:08.478,110937.46,5e-05,5.6342342342336575,BINANCE
2025-09-02 13:46:08.480,110937.85,0.036,5.5990990990985745,BINANCE
2025-09-02 13:46:08.488,110937.84,5e-05,5.600000000000315,BINANCE
2025-09-02 13:46:08.488,110936.56,5e-05,5.715315315315525,BINANCE
2025-09-02 13:46:08.488,110937.46,4e-05,5.6342342342336575,BINANCE
2025-09-02 13:46:08.488,110937.83,1e-05,5.6009009009007436,BINANCE
2025-09-02 13:46:08.488,110937.46,1e-05,5.6342342342336575,BINANCE
2025-09-02 13:46:08.488,110937.83,4e-05,5.6009009009007436,BINANCE
2025-09-02 13:46:08.488,110937.83,5e-05,5.6009009009007436,BINANCE
2025-09-02 13:46:08.494,110926.75,0.00099,6.5990990990990985,BINANCE
2025-09-02 13:46:08.494,110929.74,0.00043,6.329729729729257,BINANCE
2025-09-02 13:46:08.494,110929.74,0.00026,6.329729729729257,BINANCE
2025-09-02 13:46:08.494,110927.99,7e-05,6.4873873873869154,BINANCE
2025-09-02 13:46:08.494,110927.49,0.003,6.5324324324319605,BINANCE
2025-09-02 13:46:08.494,110927.46,5e-05,6.535135135134558,BINANCE
2025-09-02 13:46:08.494,110926.64,5e-05,6.609009009009061,BINANCE
2025-09-02 13:46:08.494,110922.0,0.0001,7.027027027027027,BINANCE
2025-09-02 13:46:08.494,110925.72,5e-05,6.691891891891787,BINANCE
2025-09-02 13:46:08.494,110924.75,0.0001,6.779279279279279,BINANCE
2025-09-02 13:46:08.494,110930.14,0.0001,6.293693693693745,BINANCE
2025-09-02 13:46:08.494,110921.23,5e-05,7.096396396396764,BINANCE
2025-09-02 13:46:08.494,110921.0,0.00076,7.117117117117116,BINANCE
2025-09-02 13:46:08.494,110925.74,0.00324,6.690090090089618,BINANCE
2025-09-02 13:46:08.494,110931.14,5e-05,6.203603603603656,BINANCE
2025-09-02 13:46:08.494,110932.61,5e-05,6.07117117117112,BINANCE
2025-09-02 13:46:08.494,110931.78,5e-05,6.145945945946051,BINANCE
2025-09-02 13:46:08.494,110932.05,5e-05,6.121621621621359,BINANCE
2025-09-02 13:46:08.494,110932.2,5e-05,6.10810810810837,BINANCE
2025-09-02 13:46:08.494,110932.23,5e-05,6.105405405405772,BINANCE
2025-09-02 13:46:08.494,110931.32,0.00072,6.1873873873867575,BINANCE
2025-09-02 13:46:08.494,110936.25,0.0001,5.743243243243243,BINANCE
2025-09-02 13:46:08.494,110936.35,5e-05,5.7342342342337105,BINANCE
2025-09-02 13:46:08.508,110926.98,0.0001,6.578378378378746,BINANCE
2025-09-02 13:46:08.528,110926.98,0.00171,6.578378378378746,BINANCE
2025-09-02 13:46:08.529,110926.98,0.00282,6.578378378378746,BINANCE
2025-09-02 13:46:08.530,110926.98,0.00152,6.578378378378746,BINANCE
2025-09-02 13:46:08.537,110926.99,4e-05,6.5774774774770055,BINANCE
2025-09-02 13:46:08.567,110926.99,0.28946,6.5774774774770055,BINANCE
2025-09-02 13:46:08.567,110926.99,0.07091,6.5774774774770055,BINANCE
2025-09-02 13:46:08.603,110926.98,0.00039,6.578378378378746,BINANCE
2025-09-02 13:46:08.624,110926.99,5e-05,6.5774774774770055,BINANCE
2025-09-02 13:46:08.624,110926.99,0.00135,6.5774774774770055,BINANCE
2025-09-02 13:46:08.627,110926.99,5e-05,6.5774774774770055,BINANCE
2025-09-02 13:46:08.627,110927.0,5e-05,6.576576576576577,BINANCE
2025-09-02 13:46:08.627,110926.99,0.00883,6.5774774774770055,BINANCE
2025-09-02 13:46:08.627,110926.99,0.00782,6.5774774774770055,BINANCE
2025-09-02 13:46:08.628,110926.99,5e-05,6.5774774774770055,BINANCE
2025-09-02 13:46:08.630,110928.0,5e-05,6.486486486486486,BINANCE
2025-09-02 13:46:08.630,110927.99,5e-05,6.4873873873869154,BINANCE
2025-09-02 13:46:08.633,110929.99,5e-05,6.307207207206735,BINANCE
2025-09-02 13:46:08.633,110928.01,5e-05,6.485585585586057,BINANCE
2025-09-02 13:46:08.633,110928.0,5e-05,6.486486486486486,BINANCE
2025-09-02 13:46:08.638,110930.0,5e-05,6.306306306306306,BINANCE
2025-09-02 13:46:08.638,110930.0,0.01805,6.306306306306306,BINANCE
2025-09-02 13:46:08.638,110930.0,0.019,6.306306306306306,BINANCE
2025-09-02 13:46:08.639,110930.0,0.02,6.306306306306306,BINANCE
2025-09-02 13:46:08.643,110934.0,5e-05,5.9459459459459465,BINANCE
2025-09-02 13:46:08.643,110933.99,5e-05,5.946846846846375,BINANCE
2025-09-02 13:46:08.643,110932.0,5e-05,6.126126126126127,BINANCE
2025-09-02 13:46:08.643,110932.05,5e-05,6.121621621621359,BINANCE
2025-09-02 13:46:08.643,110936.57,5e-05,5.714414414413785,BINANCE
2025-09-02 13:46:08.643,110937.82,5e-05,5.601801801801172,BINANCE
2025-09-02 13:46:08.643,110938.0,0.0132,5.585585585585585,BINANCE
2025-09-02 13:46:08.643,110937.46,5e-05,5.6342342342336575,BINANCE
2025-09-02 13:46:08.643,110937.83,5e-05,5.6009009009007436,BINANCE
2025-09-02 13:46:08.643,110937.99,5e-05,5.586486486486014,BINANCE
2025-09-02 13:46:08.643,110931.99,5e-05,6.127027027026555,BINANCE
2025-09-02 13:46:08.643,110930.01,5e-05,6.305405405405877,BINANCE
2025-09-02 13:46:08.643,110930.0,0.00295,6.306306306306306,BINANCE
2025-09-02 13:46:08.643,110930.0,5e-05,6.306306306306306,BINANCE
2025-09-02 13:46:08.643,110931.75,5e-05,6.148648648648648,BINANCE
2025-09-02 13:46:08.643,110931.76,5e-05,6.14774774774822,BINANCE
2025-09-02 13:46:08.679,110938.0,5e-05,5.585585585585585,BINANCE
2025-09-02 13:46:08.679,110938.0,0.18013,5.585585585585585,BINANCE
2025-09-02 13:46:08.703,110937.99,0.00025,5.586486486486014,BINANCE
2025-09-02 13:46:08.807,110942.92,0.00151,5.142342342342499,BINANCE
2025-09-02 13:46:08.807,110942.91,5e-05,5.143243243242928,BINANCE
2025-09-02 13:46:08.807,110942.87,5e-05,5.146846846847266,BINANCE
2025-09-02 13:46:08.807,110941.82,5e-05,5.241441441440813,BINANCE
2025-09-02 13:46:08.807,110941.81,5e-05,5.242342342342552,BINANCE
2025-09-02 13:46:08.807,110938.01,5e-05,5.584684684685156,BINANCE
2025-09-02 13:46:08.807,110938.0,5e-05,5.585585585585585,BINANCE
2025-09-02 13:46:08.838,110942.92,0.00236,5.142342342342499,BINANCE
2025-09-02 13:46:08.860,110942.91,0.00146,5.143243243242928,BINANCE
2025-09-02 13:46:08.905,110942.91,0.01005,5.143243243242928,BINANCE
2025-09-02 13:46:08.909,110942.92,5e-05,5.142342342342499,BINANCE
2025-09-02 13:46:08.909,110942.92,0.00514,5.142342342342499,BINANCE
2025-09-02 13:46:09.049,110942.91,0.00173,5.143243243242928,BINANCE
2025-09-02 13:46:09.117,110942.91,0.00176,5.143243243242928,BINANCE
2025-09-02 13:46:09.145,110942.91,0.11026,5.143243243242928,BINANCE
2025-09-02 13:46:09.145,110942.91,0.17066,5.143243243242928,BINANCE
2025-09-02 13:46:09.150,110942.9,6e-05,5.1441441441446685,BINANCE
2025-09-02 13:46:09.150,110942.01,5e-05,5.2243243243247965,BINANCE
2025-09-02 13:46:09.150,110942.91,0.0001,5.143243243242928,BINANCE
2025-09-02 13:46:09.150,110942.91,5e-05,5.143243243242928,BINANCE
2025-09-02 13:46:09.150,110942.91,0.00813,5.143243243242928,BINANCE
2025-09-02 13:46:09.150,110942.91,0.05407,5.143243243242928,BINANCE
2025-09-02 13:46:09.151,110942.0,5e-05,5.225225225225225,BINANCE
2025-09-02 13:46:09.152,110942.0,0.0001,5.225225225225225,BINANCE
2025-09-02 13:46:09.152,110940.0,5e-05,5.405405405405405,BINANCE
2025-09-02 13:46:09.152,110938.01,5e-05,5.584684684685156,BINANCE
2025-09-02 13:46:09.154,110938.0,0.0001,5.585585585585585,BINANCE
2025-09-02 13:46:09.154,110937.99,0.0314,5.586486486486014,BINANCE
2025-09-02 13:46:09.154,110938.0,5e-05,5.585585585585585,BINANCE
2025-09-02 13:46:09.156,110936.0,5e-05,5.765765765765766,BINANCE
2025-09-02 13:46:09.156,110936.01,5e-05,5.764864864865336,BINANCE
2025-09-02 13:46:09.156,110937.36,5e-05,5.643243243243191,BINANCE
2025-09-02 13:46:09.156,110936.01,0.01,5.764864864865336,BINANCE
2025-09-02 13:46:09.156,110937.37,5e-05,5.642342342342762,BINANCE
2025-09-02 13:46:09.156,110937.46,5e-05,5.6342342342336575,BINANCE
2025-09-02 13:46:09.156,110937.99,5e-05,5.586486486486014,BINANCE
2025-09-02 13:46:09.156,110937.99,0.00015,5.586486486486014,BINANCE
2025-09-02 13:46:09.161,110934.01,5e-05,5.945045045045517,BINANCE
2025-09-02 13:46:09.161,110934.0,5e-05,5.9459459459459465,BINANCE
2025-09-02 13:46:09.161,110934.01,0.0001,5.945045045045517,BINANCE
2025-09-02 13:46:09.163,110933.81,5e-05,5.963063063063273,BINANCE
2025-09-02 13:46:09.163,110933.82,5e-05,5.962162162161532,BINANCE
2025-09-02 13:46:09.163,110933.99,5e-05,5.946846846846375,BINANCE
2025-09-02 13:46:09.163,110934.0,5e-05,5.9459459459459465,BINANCE
2025-09-02 13:46:09.167,110932.67,5e-05,6.065765765765923,BINANCE
2025-09-02 13:46:09.167,110931.99,5e-05,6.127027027026555,BINANCE
2025-09-02 13:46:09.167,110931.98,5e-05,6.127927927928295,BINANCE
2025-09-02 13:46:09.167,110932.05,5e-05,6.121621621621359,BINANCE
2025-09-02 13:46:09.167,110932.68,5e-05,6.064864864865495,BINANCE
2025-09-02 13:46:09.168,110927.44,5e-05,6.536936936936727,BINANCE
2025-09-02 13:46:09.168,110926.98,0.00036,6.578378378378746,BINANCE
2025-09-02 13:46:09.168,110927.26,5e-05,6.553153153153626,BINANCE
2025-09-02 13:46:09.168,110927.99,7e-05,6.4873873873869154,BINANCE
2025-09-02 13:46:09.168,110929.99,5e-05,6.307207207206735,BINANCE
2025-09-02 13:46:09.168,110929.06,0.0001,6.390990990991201,BINANCE
2025-09-02 13:46:09.168,110929.98,5e-05,6.308108108108475,BINANCE
2025-09-02 13:46:09.168,110928.0,5e-05,6.486486486486486,BINANCE
2025-09-02 13:46:09.171,110926.97,5e-05,6.5792792792791746,BINANCE
2025-09-02 13:46:09.171,110926.96,0.001,6.580180180179603,BINANCE
2025-09-02 13:46:09.171,110926.96,0.002,6.580180180179603,BINANCE
2025-09-02 13:46:09.171,110926.95,0.0011,6.581081081081344,BINANCE
2025-09-02 13:46:09.171,110926.01,5e-05,6.6657657657662375,BINANCE
2025-09-02 13:46:09.171,110925.72,5e-05,6.691891891891787,BINANCE
2025-09-02 13:46:09.171,110926.64,5e-05,6.609009009009061,BINANCE
2025-09-02 13:46:09.171,110926.98,5e-05,6.578378378378746,BINANCE
2025-09-02 13:46:09.171,110926.98,0.001,6.578378378378746,BINANCE
2025-09-02 13:46:09.171,110926.98,0.0005,6.578378378378746,BINANCE
2025-09-02 13:46:09.171,110926.98,0.00064,6.578378378378746,BINANCE
2025-09-02 13:46:09.174,110926.0,5e-05,6.666666666666666,BINANCE
2025-09-02 13:46:09.175,110924.11,0.0001,6.836936936936884,BINANCE
2025-09-02 13:46:09.193,110924.11,5e-05,6.836936936936884,BINANCE
2025-09-02 13:46:09.193,110924.11,0.00138,6.836936936936884,BINANCE
2025-09-02 13:46:09.217,110924.1,5e-05,6.837837837837314,BINANCE
2025-09-02 13:46:09.217,110921.2,5e-05,7.099099099099361,BINANCE
2025-09-02 13:46:09.217,110921.23,5e-05,7.096396396396764,BINANCE
2025-09-02 13:46:09.217,110924.09,5e-05,6.838738738739053,BINANCE
2025-09-02 13:46:09.217,110924.1,0.0001,6.837837837837314,BINANCE
2025-09-02 13:46:09.217,110924.11,0.0001,6.836936936936884,BINANCE
2025-09-02 13:46:09.217,110924.11,5e-05,6.836936936936884,BINANCE
2025-09-02 13:46:09.217,110924.11,0.001,6.836936936936884,BINANCE
2025-09-02 13:46:09.243,110921.2,0.00042,7.099099099099361,BINANCE
2025-09-02 13:46:09.270,110921.2,0.02662,7.099099099099361,BINANCE
2025-09-02 13:46:09.270,110921.2,0.00938,7.099099099099361,BINANCE
2025-09-02 13:46:09.282,110921.2,7e-05,7.099099099099361,BINANCE
2025-09-02 13:46:09.350,110921.18,5e-05,7.1009009009015305,BINANCE
2025-09-02 13:46:09.350,110921.01,0.001,7.116216216216688,BINANCE
2025-09-02 13:46:09.350,110921.01,5e-05,7.116216216216688,BINANCE
2025-09-02 13:46:09.350,110921.18,0.0001,7.1009009009015305,BINANCE
2025-09-02 13:46:09.350,110918.0,5e-05,7.387387387387387,BINANCE
2025-09-02 13:46:09.350,110921.0,0.055,7.117117117117116,BINANCE
2025-09-02 13:46:09.350,110921.0,5e-05,7.117117117117116,BINANCE
2025-09-02 13:46:09.350,110920.0,5e-05,7.207207207207207,BINANCE
2025-09-02 13:46:09.350,110920.0,0.01803,7.207207207207207,BINANCE
2025-09-02 13:46:09.350,110918.01,5e-05,7.386486486486958,BINANCE
2025-09-02 13:46:09.350,110921.0,0.06024,7.117117117117116,BINANCE
2025-09-02 13:46:09.350,110921.19,0.0333,7.09999999999979,BINANCE
2025-09-02 13:46:09.350,110921.19,0.001,7.09999999999979,BINANCE
2025-09-02 13:46:09.350,110921.19,0.05266,7.09999999999979,BINANCE
2025-09-02 13:46:09.350,110921.19,0.03126,7.09999999999979,BINANCE
2025-09-02 13:46:09.350,110921.19,0.0001,7.09999999999979,BINANCE
2025-09-02 13:46:09.350,110921.19,5e-05,7.09999999999979,BINANCE
2025-09-02 13:46:09.350,110921.19,0.01,7.09999999999979,BINANCE
2025-09-02 13:46:09.350,110921.19,0.00707,7.09999999999979,BINANCE
2025-09-02 13:46:09.352,110912.87,0.00099,7.84954954954997,BINANCE
2025-09-02 13:46:09.352,110912.33,5e-05,7.89819819819804,BINANCE
2025-09-02 13:46:09.352,110912.32,0.07646,7.89909909909847,BINANCE
2025-09-02 13:46:09.352,110910.09,5e-05,8.100000000000316,BINANCE
2025-09-02 13:46:09.352,110910.85,0.003,8.031531531531007,BINANCE
2025-09-02 13:46:09.352,110910.41,5e-05,8.071171171170857,BINANCE
2025-09-02 13:46:09.352,110912.32,5e-05,7.89909909909847,BINANCE
2025-09-02 13:46:09.352,110915.51,5e-05,7.611711711712184,BINANCE
2025-09-02 13:46:09.352,110913.48,0.0001,7.794594594594962,BINANCE
2025-09-02 13:46:09.352,110915.52,5e-05,7.6108108108104435,BINANCE
2025-09-02 13:46:09.352,110915.82,5e-05,7.583783783783154,BINANCE
2025-09-02 13:46:09.352,110916.0,5e-05,7.5675675675675675,BINANCE
2025-09-02 13:46:09.352,110916.01,5e-05,7.566666666667138,BINANCE
2025-09-02 13:46:09.352,110917.01,0.00022,7.476576576577049,BINANCE
2025-09-02 13:46:09.357,110904.84,0.06963,8.572972972973288,BINANCE
2025-09-02 13:46:09.357,110905.0,5e-05,8.558558558558559,BINANCE
2025-09-02 13:46:09.357,110906.14,0.0001,8.455855855855908,BINANCE
2025-09-02 13:46:09.357,110907.32,5e-05,8.34954954954892,BINANCE
2025-09-02 13:46:09.357,110905.99,7e-05,8.469369369368899,BINANCE
2025-09-02 13:46:09.357,110909.04,5e-05,8.194594594595172,BINANCE
2025-09-02 13:46:09.357,110909.37,0.0001,8.164864864865285,BINANCE
2025-09-02 13:46:09.357,110909.46,5e-05,8.15675675675618,BINANCE
2025-09-02 13:46:09.357,110909.59,9e-05,8.145045045045359,BINANCE
2025-09-02 13:46:09.357,110909.03,5e-05,8.195495495495601,BINANCE
2025-09-02 13:46:09.372,110904.87,0.00101,8.57027027027069,BINANCE
2025-09-02 13:46:09.378,110904.87,0.00314,8.57027027027069,BINANCE
2025-09-02 13:46:09.378,110904.87,0.00155,8.57027027027069,BINANCE
2025-09-02 13:46:09.411,110904.87,0.001,8.57027027027069,BINANCE
2025-09-02 13:46:09.449,110904.87,0.00437,8.57027027027069,BINANCE
2025-09-02 13:46:09.600,110904.88,0.04278,8.56936936936895,BINANCE
2025-09-02 13:46:09.637,110904.88,0.00451,8.56936936936895,BINANCE
2025-09-02 13:46:09.775,110904.88,0.00088,8.56936936936895,BINANCE
2025-09-02 13:46:09.788,110904.88,0.00046,8.56936936936895,BINANCE
2025-09-02 13:46:09.827,110904.87,0.00022,8.57027027027069,BINANCE
2025-09-02 13:46:09.917,110904.88,5e-05,8.56936936936895,BINANCE
2025-09-02 13:46:09.917,110905.0,5e-05,8.558558558558559,BINANCE
2025-09-02 13:46:09.917,110904.88,0.00011,8.56936936936895,BINANCE
2025-09-02 13:46:09.917,110904.88,0.06869,8.56936936936895,BINANCE
2025-09-02 13:46:09.917,110904.88,0.00135,8.56936936936895,BINANCE
2025-09-02 13:46:09.919,110909.6,0.002,8.144144144143619,BINANCE
2025-09-02 13:46:09.921,110913.6,0.36744,7.78378378378326,BINANCE
2025-09-02 13:46:09.921,110912.91,5e-05,7.8459459459456315,BINANCE
2025-09-02 13:46:09.921,110912.0,5e-05,7.927927927927928,BINANCE
2025-09-02 13:46:09.921,110911.99,5e-05,7.928828828828357,BINANCE
2025-09-02 13:46:09.921,110911.3,5e-05,7.990990990990729,BINANCE
2025-09-02 13:46:09.921,110911.29,5e-05,7.991891891892469,BINANCE
2025-09-02 13:46:09.921,110910.41,5e-05,8.071171171170857,BINANCE
2025-09-02 13:46:09.921,110910.0,5e-05,8.108108108108107,BINANCE
2025-09-02 13:46:09.921,110909.99,5e-05,8.109009009008536,BINANCE
2025-09-02 13:46:09.923,110913.59,5e-05,7.784684684684999,BINANCE
2025-09-02 13:46:09.923,110913.6,0.0213,7.78378378378326,BINANCE
2025-09-02 13:46:09.924,110913.6,0.04919,7.78378378378326,BINANCE
2025-09-02 13:46:09.928,110913.6,0.24042,7.78378378378326,BINANCE
2025-09-02 13:46:09.928,110913.6,0.25106,7.78378378378326,BINANCE
2025-09-02 13:46:09.928,110913.6,0.06198,7.78378378378326,BINANCE
2025-09-02 13:46:09.928,110913.6,0.01675,7.78378378378326,BINANCE
2025-09-02 13:46:09.928,110913.6,0.0456,7.78378378378326,BINANCE
2025-09-02 13:46:09.928,110913.6,0.06197,7.78378378378326,BINANCE
2025-09-02 13:46:09.928,110913.6,0.01812,7.78378378378326,BINANCE
2025-09-02 13:46:09.928,110913.6,0.02886,7.78378378378326,BINANCE
2025-09-02 13:46:09.929,110915.98,0.05883,7.569369369369737,BINANCE
2025-09-02 13:46:09.929,110915.98,0.01439,7.569369369369737,BINANCE
2025-09-02 13:46:09.929,110915.97,5e-05,7.570270270270165,BINANCE
2025-09-02 13:46:09.929,110915.98,0.01185,7.569369369369737,BINANCE
2025-09-02 13:46:09.929,110915.82,5e-05,7.583783783783154,BINANCE
2025-09-02 13:46:09.929,110913.61,5e-05,7.782882882882831,BINANCE
2025-09-02 13:46:09.929,110913.6,0.14741,7.78378378378326,BINANCE
2025-09-02 13:46:09.932,110915.98,0.09779,7.569369369369737,BINANCE
2025-09-02 13:46:09.933,110915.98,0.41724,7.569369369369737,BINANCE
2025-09-02 13:46:09.935,110915.98,0.0874,7.569369369369737,BINANCE
2025-09-02 13:46:09.937,110917.0,7e-05,7.4774774774774775,BINANCE
2025-09-02 13:46:09.940,110924.29,0.00081,6.820720720721297,BINANCE
2025-09-02 13:46:09.940,110921.52,0.003,7.070270270269903,BINANCE
2025-09-02 13:46:09.940,110921.23,5e-05,7.096396396396764,BINANCE
2025-09-02 13:46:09.940,110920.51,0.0001,7.161261261261733,BINANCE
2025-09-02 13:46:09.940,110921.2,0.00073,7.099099099099361,BINANCE
2025-09-02 13:46:09.940,110920.34,5e-05,7.176576576576892,BINANCE
2025-09-02 13:46:09.940,110921.2,0.0007,7.099099099099361,BINANCE
2025-09-02 13:46:09.943,110924.1,0.03348,6.837837837837314,BINANCE
2025-09-02 13:46:09.948,110925.53,0.02842,6.7090090090091135,BINANCE
2025-09-02 13:46:09.949,110926.05,0.0001,6.6621621621619,BINANCE
2025-09-02 13:46:09.949,110925.53,0.01193,6.7090090090091135,BINANCE
2025-09-02 13:46:09.949,110926.64,5e-05,6.609009009009061,BINANCE
2025-09-02 13:46:09.951,110928.0,7e-05,6.486486486486486,BINANCE
2025-09-02 13:46:09.955,110929.83,0.00081,6.321621621621465,BINANCE
2025-09-02 13:46:09.955,110929.83,5e-05,6.321621621621465,BINANCE
2025-09-02 13:46:09.955,110929.84,0.0001,6.320720720721035,BINANCE
2025-09-02 13:46:09.955,110932.05,5e-05,6.121621621621359,BINANCE
2025-09-02 13:46:09.955,110935.05,0.0001,5.851351351351089,BINANCE
2025-09-02 13:46:09.955,110935.31,0.00137,5.827927927928138,BINANCE
2025-09-02 13:46:09.955,110935.31,0.00901,5.827927927928138,BINANCE
2025-09-02 13:46:09.955,110935.31,0.0007,5.827927927928138,BINANCE
2025-09-02 13:46:09.961,110925.52,0.0028,6.709909909909543,BINANCE
2025-09-02 13:46:09.963,110937.93,0.00014,5.591891891892521,BINANCE
2025-09-02 13:46:09.963,110935.38,0.00081,5.821621621621202,BINANCE
2025-09-02 13:46:09.963,110937.46,5e-05,5.6342342342336575,BINANCE
2025-09-02 13:46:09.971,110937.93,8e-05,5.591891891892521,BINANCE
2025-09-02 13:46:09.971,110938.01,0.002,5.584684684685156,BINANCE
2025-09-02 13:46:09.971,110938.16,0.003,5.571171171170857,BINANCE
2025-09-02 13:46:09.971,110938.18,0.02492,5.569369369369999,BINANCE
2025-09-02 13:46:09.978,110942.87,5e-05,5.146846846847266,BINANCE
2025-09-02 13:46:09.978,110942.9,0.019,5.1441441441446685,BINANCE
2025-09-02 13:46:09.978,110942.9,0.01761,5.1441441441446685,BINANCE
2025-09-02 13:46:09.978,110940.0,0.00134,5.405405405405405,BINANCE
2025-09-02 13:46:09.978,110939.0,7e-05,5.495495495495495,BINANCE
2025-09-02 13:46:09.978,110940.0,0.01669,5.405405405405405,BINANCE
2025-09-02 13:46:09.978,110938.4,0.0001,5.549549549550074,BINANCE
2025-09-02 13:46:09.978,110938.18,0.00214,5.569369369369999,BINANCE
2025-09-02 13:46:09.979,110942.9,0.00228,5.1441441441446685,BINANCE
2025-09-02 13:46:09.983,110942.9,0.00909,5.1441441441446685,BINANCE
2025-09-02 13:46:09.983,110943.94,0.0001,5.050450450450241,BINANCE
2025-09-02 13:46:09.983,110944.24,0.0033,5.023423423422952,BINANCE
2025-09-02 13:46:09.983,110945.86,0.01907,4.8774774774774246,BINANCE
2025-09-02 13:46:09.989,110945.86,0.00087,4.8774774774774246,BINANCE
2025-09-02 13:46:09.992,110931.77,0.00394,6.146846846846479,BINANCE
2025-09-02 13:46:10.003,110950.0,7e-05,4.504504504504505,BINANCE
2025-09-02 13:46:10.003,110950.52,0.01878,4.457657657657291,BINANCE
2025-09-02 13:46:10.003,110948.28,5e-05,4.659459459459565,BINANCE
2025-09-02 13:46:10.003,110949.6,0.0001,4.540540540540016,BINANCE
2025-09-02 13:46:10.016,110952.55,5e-05,4.274774774774513,BINANCE
2025-09-02 13:46:10.018,110952.57,0.00014,4.272972972972344,BINANCE
2025-09-02 13:46:10.018,110952.55,5e-05,4.274774774774513,BINANCE
2025-09-02 13:46:10.030,110937.99,0.03151,5.586486486486014,BINANCE
2025-09-02 13:46:10.059,110942.89,0.04408,5.145045045045097,BINANCE
2025-09-02 13:46:10.059,110942.89,0.02615,5.145045045045097,BINANCE
2025-09-02 13:46:10.096,110942.9,0.04,5.1441441441446685,BINANCE
2025-09-02 13:46:10.136,110942.9,0.006,5.1441441441446685,BINANCE
2025-09-02 13:46:10.141,110942.9,0.0009,5.1441441441446685,BINANCE
2025-09-02 13:46:10.209,110942.89,0.00539,5.145045045045097,BINANCE
2025-09-02 13:46:10.260,110942.89,0.0005,5.145045045045097,BINANCE
2025-09-02 13:46:10.349,110942.9,5e-05,5.1441441441446685,BINANCE
2025-09-02 13:46:10.349,110942.9,0.00014,5.1441441441446685,BINANCE
2025-09-02 13:46:10.349,110942.9,0.00946,5.1441441441446685,BINANCE
2025-09-02 13:46:10.349,110942.9,0.0007,5.1441441441446685,BINANCE
2025-09-02 13:46:10.349,110942.9,0.0001,5.1441441441446685,BINANCE
2025-09-02 13:46:10.390,110942.89,0.0013,5.145045045045097,BINANCE
2025-09-02 13:46:10.446,110942.89,0.00227,5.145045045045097,BINANCE
2025-09-02 13:46:10.604,110942.9,0.00055,5.1441441441446685,BINANCE
2025-09-02 13:46:10.811,110942.89,0.03048,5.145045045045097,BINANCE
2025-09-02 13:46:10.950,110942.9,0.01803,5.1441441441446685,BINANCE
2025-09-02 13:46:11.117,110942.89,0.00027,5.145045045045097,BINANCE
2025-09-02 13:46:11.166,110942.89,0.0006,5.145045045045097,BINANCE
2025-09-02 13:46:11.175,110942.9,0.00051,5.1441441441446685,BINANCE
2025-09-02 13:46:11.187,110942.9,0.036,5.1441441441446685,BINANCE
2025-09-02 13:46:11.226,110942.89,0.00731,5.145045045045097,BINANCE
2025-09-02 13:46:11.240,110942.89,0.00263,5.145045045045097,BINANCE
2025-09-02 13:46:11.277,110942.89,0.0009,5.145045045045097,BINANCE
2025-09-02 13:46:11.348,110942.89,0.02481,5.145045045045097,BINANCE
2025-09-02 13:46:11.374,110942.9,0.0009,5.1441441441446685,BINANCE
2025-09-02 13:46:11.415,110942.9,0.01352,5.1441441441446685,BINANCE
2025-09-02 13:46:11.542,110942.89,0.0009,5.145045045045097,BINANCE
2025-09-02 13:46:11.571,110942.9,0.00208,5.1441441441446685,BINANCE
2025-09-02 13:46:11.603,110942.89,9e-05,5.145045045045097,BINANCE
2025-09-02 13:46:11.719,110942.9,0.00451,5.1441441441446685,BINANCE
2025-09-02 13:46:11.778,110942.89,0.00095,5.145045045045097,BINANCE
2025-09-02 13:46:11.970,110942.89,0.0002,5.145045045045097,BINANCE
2025-09-02 13:46:12.134,110942.89,0.00013,5.145045045045097,BINANCE
2025-09-02 13:46:12.156,110942.9,0.01352,5.1441441441446685,BINANCE
2025-09-02 13:46:12.160,110942.89,0.2826,5.145045045045097,BINANCE
2025-09-02 13:46:12.161,110942.88,5e-05,5.145945945945527,BINANCE
2025-09-02 13:46:12.161,110942.88,0.0001,5.145945945945527,BINANCE
2025-09-02 13:46:12.161,110942.01,5e-05,5.2243243243247965,BINANCE
2025-09-02 13:46:12.161,110942.89,0.00541,5.145045045045097,BINANCE
2025-09-02 13:46:12.161,110942.0,0.0663,5.225225225225225,BINANCE
2025-09-02 13:46:12.161,110941.97,0.03079,5.227927927927823,BINANCE
2025-09-02 13:46:12.161,110941.97,5e-05,5.227927927927823,BINANCE
2025-09-02 13:46:12.161,110942.89,7e-05,5.145045045045097,BINANCE
2025-09-02 13:46:12.161,110942.0,5e-05,5.225225225225225,BINANCE
2025-09-02 13:46:12.161,110942.89,0.0001,5.145045045045097,BINANCE
2025-09-02 13:46:12.161,110942.89,0.05573,5.145045045045097,BINANCE
2025-09-02 13:46:12.161,110942.89,5e-05,5.145045045045097,BINANCE
2025-09-02 13:46:12.161,110942.89,0.0007,5.145045045045097,BINANCE
2025-09-02 13:46:12.161,110942.89,0.00134,5.145045045045097,BINANCE
2025-09-02 13:46:12.161,110942.89,0.0542,5.145045045045097,BINANCE
2025-09-02 13:46:12.161,110942.89,0.00069,5.145045045045097,BINANCE
2025-09-02 13:46:12.162,110940.01,5e-05,5.404504504504977,BINANCE
2025-09-02 13:46:12.162,110940.0,0.0663,5.405405405405405,BINANCE
2025-09-02 13:46:12.162,110940.0,5e-05,5.405405405405405,BINANCE
2025-09-02 13:46:12.163,110938.0,5e-05,5.585585585585585,BINANCE
2025-09-02 13:46:12.163,110937.46,5e-05,5.6342342342336575,BINANCE
2025-09-02 13:46:12.163,110938.0,0.06625,5.585585585585585,BINANCE
2025-09-02 13:46:12.163,110938.01,5e-05,5.584684684685156,BINANCE
2025-09-02 13:46:12.165,110936.0,5e-05,5.765765765765766,BINANCE
2025-09-02 13:46:12.165,110936.01,5e-05,5.764864864865336,BINANCE
2025-09-02 13:46:12.165,110936.01,0.0001,5.764864864865336,BINANCE
2025-09-02 13:46:12.165,110936.0,0.061,5.765765765765766,BINANCE
2025-09-02 13:46:12.165,110932.07,0.011,6.11981981981919,BINANCE
2025-09-02 13:46:12.165,110932.07,5e-05,6.11981981981919,BINANCE
2025-09-02 13:46:12.165,110932.05,5e-05,6.121621621621359,BINANCE
2025-09-02 13:46:12.165,110931.14,5e-05,6.203603603603656,BINANCE
2025-09-02 13:46:12.173,110930.68,0.00875,6.245045045045675,BINANCE
2025-09-02 13:46:12.173,110930.68,0.01,6.245045045045675,BINANCE
2025-09-02 13:46:12.173,110930.68,5e-05,6.245045045045675,BINANCE
2025-09-02 13:46:12.173,110930.68,0.00182,6.245045045045675,BINANCE
2025-09-02 13:46:12.173,110930.68,0.0001,6.245045045045675,BINANCE
2025-09-02 13:46:12.175,110930.01,5e-05,6.305405405405877,BINANCE
2025-09-02 13:46:12.175,110930.0,5e-05,6.306306306306306,BINANCE
2025-09-02 13:46:12.175,110929.04,0.0001,6.39279279279337,BINANCE
2025-09-02 13:46:12.175,110928.22,5e-05,6.466666666666562,BINANCE
2025-09-02 13:46:12.175,110928.21,5e-05,6.467567567566991,BINANCE
2025-09-02 13:46:12.175,110928.01,5e-05,6.485585585586057,BINANCE
2025-09-02 13:46:12.175,110928.0,5e-05,6.486486486486486,BINANCE
2025-09-02 13:46:12.175,110927.99,7e-05,6.4873873873869154,BINANCE
2025-09-02 13:46:12.175,110926.64,5e-05,6.609009009009061,BINANCE
2025-09-02 13:46:12.175,110926.24,0.003,6.645045045044573,BINANCE
2025-09-02 13:46:12.175,110926.01,5e-05,6.6657657657662375,BINANCE
2025-09-02 13:46:12.175,110926.0,0.00405,6.666666666666666,BINANCE
2025-09-02 13:46:12.175,110930.02,5e-05,6.304504504504138,BINANCE
2025-09-02 13:46:12.175,110930.68,5e-05,6.245045045045675,BINANCE
2025-09-02 13:46:12.175,110930.68,0.0001,6.245045045045675,BINANCE
2025-09-02 13:46:12.175,110930.67,5e-05,6.2459459459461035,BINANCE
2025-09-02 13:46:12.175,110930.67,0.0001,6.2459459459461035,BINANCE
2025-09-02 13:46:12.176,110926.0,0.00901,6.666666666666666,BINANCE
2025-09-02 13:46:12.180,110926.0,0.00171,6.666666666666666,BINANCE
2025-09-02 13:46:12.214,110926.0,0.00186,6.666666666666666,BINANCE
2025-09-02 13:46:12.218,110926.0,0.0005,6.666666666666666,BINANCE
2025-09-02 13:46:12.219,110926.0,0.00902,6.666666666666666,BINANCE
2025-09-02 13:46:12.222,110926.0,0.00146,6.666666666666666,BINANCE
2025-09-02 13:46:12.223,110926.0,0.002,6.666666666666666,BINANCE
2025-09-02 13:46:12.279,110926.0,5e-05,6.666666666666666,BINANCE
2025-09-02 13:46:12.279,110924.01,5e-05,6.8459459459464185,BINANCE
2025-09-02 13:46:12.279,110925.99,0.0001,6.6675675675670965,BINANCE
2025-09-02 13:46:12.279,110926.0,0.01352,6.666666666666666,BINANCE
2025-09-02 13:46:12.279,110926.0,0.0001,6.666666666666666,BINANCE
2025-09-02 13:46:12.279,110926.0,0.001,6.666666666666666,BINANCE
2025-09-02 13:46:12.317,110924.01,0.00187,6.8459459459464185,BINANCE
2025-09-02 13:46:12.347,110924.01,0.11033,6.8459459459464185,BINANCE
2025-09-02 13:46:12.365,110923.99,5e-05,6.847747747747276,BINANCE
2025-09-02 13:46:12.365,110923.86,5e-05,6.859459459459407,BINANCE
2025-09-02 13:46:12.365,110923.85,5e-05,6.860360360359835,BINANCE
2025-09-02 13:46:12.365,110923.85,0.06647,6.860360360359835,BINANCE
2025-09-02 13:46:12.365,110923.99,0.0001,6.847747747747276,BINANCE
2025-09-02 13:46:12.365,110924.0,5e-05,6.846846846846847,BINANCE
2025-09-02 13:46:12.365,110924.0,0.11354,6.846846846846847,BINANCE
2025-09-02 13:46:12.365,110924.0,0.001,6.846846846846847,BINANCE
2025-09-02 13:46:12.365,110924.0,0.0001,6.846846846846847,BINANCE
2025-09-02 13:46:12.375,110920.49,0.0001,7.163063063062591,BINANCE
2025-09-02 13:46:12.375,110920.0,5e-05,7.207207207207207,BINANCE
2025-09-02 13:46:12.375,110920.0,0.01803,7.207207207207207,BINANCE
2025-09-02 13:46:12.375,110920.5,5e-05,7.162162162162162,BINANCE
2025-09-02 13:46:12.375,110920.5,0.0001,7.162162162162162,BINANCE
2025-09-02 13:46:12.375,110920.5,0.00018,7.162162162162162,BINANCE
2025-09-02 13:46:12.379,110919.07,0.00018,7.290990990990362,BINANCE
2025-09-02 13:46:12.379,110918.5,0.00023,7.342342342342342,BINANCE
2025-09-02 13:46:12.379,110918.5,0.00045,7.342342342342342,BINANCE
2025-09-02 13:46:12.388,110915.07,0.00092,7.651351351350722,BINANCE
2025-09-02 13:46:12.388,110915.82,5e-05,7.583783783783154,BINANCE
2025-09-02 13:46:12.388,110916.17,0.00018,7.552252252252409,BINANCE
2025-09-02 13:46:12.388,110916.63,5e-05,7.5108108108103915,BINANCE
2025-09-02 13:46:12.388,110916.64,5e-05,7.509909909909963,BINANCE
2025-09-02 13:46:12.388,110916.64,0.00018,7.509909909909963,BINANCE
2025-09-02 13:46:12.393,110915.0,0.0018,7.657657657657658,BINANCE
2025-09-02 13:46:12.393,110915.0,0.00091,7.657657657657658,BINANCE
2025-09-02 13:46:12.393,110913.09,0.0041,7.829729729730044,BINANCE
2025-09-02 13:46:12.393,110915.07,0.00088,7.651351351350722,BINANCE
2025-09-02 13:46:12.393,110915.02,0.013,7.655855855855489,BINANCE
2025-09-02 13:46:12.394,110913.09,0.01472,7.829729729730044,BINANCE
2025-09-02 13:46:12.394,110913.09,5e-05,7.829729729730044,BINANCE
2025-09-02 13:46:12.394,110911.14,0.0018,8.005405405405458,BINANCE
2025-09-02 13:46:12.394,110911.06,0.00099,8.012612612612822,BINANCE
2025-09-02 13:46:12.449,110910.54,0.00992,8.059459459460037,BINANCE
2025-09-02 13:46:12.503,110910.54,0.0001,8.059459459460037,BINANCE
2025-09-02 13:46:12.528,110910.55,0.22281,8.058558558558296,BINANCE
2025-09-02 13:46:12.529,110911.06,5e-05,8.012612612612822,BINANCE
2025-09-02 13:46:12.529,110911.07,0.14775,8.011711711711083,BINANCE
2025-09-02 13:46:12.529,110911.07,5e-05,8.011711711711083,BINANCE
2025-09-02 13:46:12.529,110913.07,0.03897,7.831531531530902,BINANCE
2025-09-02 13:46:12.529,110911.68,5e-05,7.956756756757386,BINANCE
2025-09-02 13:46:12.529,110911.67,5e-05,7.9576576576578155,BINANCE
2025-09-02 13:46:12.529,110913.07,5e-05,7.831531531530902,BINANCE
2025-09-02 13:46:12.529,110910.56,5e-05,8.057657657657868,BINANCE
2025-09-02 13:46:12.529,110910.55,0.00013,8.058558558558296,BINANCE
2025-09-02 13:46:12.529,110910.55,0.13203,8.058558558558296,BINANCE
2025-09-02 13:46:12.529,110910.55,0.00135,8.058558558558296,BINANCE
2025-09-02 13:46:12.529,110910.55,5e-05,8.058558558558296,BINANCE
2025-09-02 13:46:12.529,110910.55,0.038,8.058558558558296,BINANCE
2025-09-02 13:46:12.530,110913.08,5e-05,7.830630630630473,BINANCE
2025-09-02 13:46:12.530,110913.07,5e-05,7.831531531530902,BINANCE
2025-09-02 13:46:12.530,110913.07,0.03494,7.831531531530902,BINANCE
2025-09-02 13:46:12.530,110913.07,0.52955,7.831531531530902,BINANCE
2025-09-02 13:46:12.534,110913.1,5e-05,7.828828828828304,BINANCE
2025-09-02 13:46:12.542,110916.64,5e-05,7.509909909909963,BINANCE
2025-09-02 13:46:12.542,110916.65,5e-05,7.509009009009533,BINANCE
2025-09-02 13:46:12.542,110917.32,5e-05,7.44864864864802,BINANCE
2025-09-02 13:46:12.542,110916.0,5e-05,7.5675675675675675,BINANCE
2025-09-02 13:46:12.542,110917.33,5e-05,7.447747747747591,BINANCE
2025-09-02 13:46:12.542,110918.0,2e-05,7.387387387387387,BINANCE
2025-09-02 13:46:12.542,110915.99,5e-05,7.568468468467996,BINANCE
2025-09-02 13:46:12.542,110913.94,5e-05,7.753153153152943,BINANCE
2025-09-02 13:46:12.542,110913.94,0.0001,7.753153153152943,BINANCE
2025-09-02 13:46:12.542,110913.95,0.0001,7.752252252252514,BINANCE
2025-09-02 13:46:12.542,110913.99,5e-05,7.748648648648177,BINANCE
2025-09-02 13:46:12.542,110913.94,0.00135,7.753153153152943,BINANCE
2025-09-02 13:46:12.542,110914.0,5e-05,7.7477477477477485,BINANCE
2025-09-02 13:46:12.542,110915.82,5e-05,7.583783783783154,BINANCE
2025-09-02 13:46:12.545,110921.0,0.01982,7.117117117117116,BINANCE
2025-09-02 13:46:12.545,110918.0,3e-05,7.387387387387387,BINANCE
2025-09-02 13:46:12.545,110918.0,5e-05,7.387387387387387,BINANCE
2025-09-02 13:46:12.545,110920.0,5e-05,7.207207207207207,BINANCE
2025-09-02 13:46:12.545,110920.24,5e-05,7.185585585585114,BINANCE
2025-09-02 13:46:12.551,110921.0,0.0179,7.117117117117116,BINANCE
2025-09-02 13:46:12.551,110921.0,5e-05,7.117117117117116,BINANCE
2025-09-02 13:46:12.627,110921.0,0.003,7.117117117117116,BINANCE
2025-09-02 13:46:12.637,110920.99,0.00963,7.118018018017546,BINANCE
2025-09-02 13:46:12.733,110920.99,0.0009,7.118018018017546,BINANCE
2025-09-02 13:46:12.736,110921.0,0.00396,7.117117117117116,BINANCE
2025-09-02 13:46:12.744,110921.0,0.019,7.117117117117116,BINANCE
2025-09-02 13:46:12.744,110921.0,0.01111,7.117117117117116,BINANCE
2025-09-02 13:46:12.744,110921.0,0.00135,7.117117117117116,BINANCE
2025-09-02 13:46:12.744,110921.0,0.00654,7.117117117117116,BINANCE
2025-09-02 13:46:12.745,110921.0,0.02,7.117117117117116,BINANCE
2025-09-02 13:46:12.793,110921.0,0.019,7.117117117117116,BINANCE
2025-09-02 13:46:12.808,110920.99,0.00901,7.118018018017546,BINANCE
2025-09-02 13:46:12.813,110921.0,5e-05,7.117117117117116,BINANCE
2025-09-02 13:46:12.813,110921.0,0.0001,7.117117117117116,BINANCE
2025-09-02 13:46:12.813,110921.0,0.07497,7.117117117117116,BINANCE
2025-09-02 13:46:12.813,110921.0,0.01,7.117117117117116,BINANCE
2025-09-02 13:46:12.813,110921.0,0.01431,7.117117117117116,BINANCE
2025-09-02 13:46:12.820,110920.99,0.02,7.118018018017546,BINANCE
2025-09-02 13:46:12.856,110921.0,0.01352,7.117117117117116,BINANCE
2025-09-02 13:46:13.009,110921.0,0.03985,7.117117117117116,BINANCE
2025-09-02 13:46:13.065,110921.0,0.00306,7.117117117117116,BINANCE
2025-09-02 13:46:13.074,110921.0,0.07471,7.117117117117116,BINANCE
2025-09-02 13:46:13.107,110920.99,0.00182,7.118018018017546,BINANCE
2025-09-02 13:46:13.109,110920.99,7e-05,7.118018018017546,BINANCE
2025-09-02 13:46:13.117,110920.99,7e-05,7.118018018017546,BINANCE
2025-09-02 13:46:13.117,110920.99,9e-05,7.118018018017546,BINANCE
2025-09-02 13:46:13.121,110920.99,9e-05,7.118018018017546,BINANCE
2025-09-02 13:46:13.125,110920.99,0.00045,7.118018018017546,BINANCE
2025-09-02 13:46:13.130,110920.99,0.00018,7.118018018017546,BINANCE
2025-09-02 13:46:13.132,110920.99,7e-05,7.118018018017546,BINANCE
2025-09-02 13:46:13.133,110920.99,7e-05,7.118018018017546,BINANCE
2025-09-02 13:46:13.134,110920.99,0.00013,7.118018018017546,BINANCE
2025-09-02 13:46:13.138,110920.99,0.0001,7.118018018017546,BINANCE
2025-09-02 13:46:13.141,110920.99,0.00027,7.118018018017546,BINANCE
2025-09-02 13:46:13.183,110920.99,0.10653,7.118018018017546,BINANCE
2025-09-02 13:46:13.183,110920.99,0.11779,7.118018018017546,BINANCE
2025-09-02 13:46:13.204,110920.99,0.00013,7.118018018017546,BINANCE
2025-09-02 13:46:13.207,110920.99,0.00013,7.118018018017546,BINANCE
2025-09-02 13:46:13.222,110920.99,0.0001,7.118018018017546,BINANCE
2025-09-02 13:46:13.226,110920.99,0.00025,7.118018018017546,BINANCE
2025-09-02 13:46:13.228,110920.99,0.00184,7.118018018017546,BINANCE
2025-09-02 13:46:13.232,110920.99,0.00013,7.118018018017546,BINANCE
2025-09-02 13:46:13.237,110920.99,0.00023,7.118018018017546,BINANCE
2025-09-02 13:46:13.256,110920.99,0.00013,7.118018018017546,BINANCE
2025-09-02 13:46:13.259,110920.99,0.00036,7.118018018017546,BINANCE
2025-09-02 13:46:13.259,110920.99,9e-05,7.118018018017546,BINANCE
2025-09-02 13:46:13.260,110920.99,0.00018,7.118018018017546,BINANCE
2025-09-02 13:46:13.260,110920.99,0.00029,7.118018018017546,BINANCE
2025-09-02 13:46:13.261,110920.99,7e-05,7.118018018017546,BINANCE
2025-09-02 13:46:13.261,110920.99,0.00014,7.118018018017546,BINANCE
2025-09-02 13:46:13.262,110920.99,0.00013,7.118018018017546,BINANCE
2025-09-02 13:46:13.263,110920.99,0.00046,7.118018018017546,BINANCE
2025-09-02 13:46:13.263,110920.99,7e-05,7.118018018017546,BINANCE
2025-09-02 13:46:13.264,110920.99,0.00015,7.118018018017546,BINANCE
2025-09-02 13:46:13.266,110920.99,0.00027,7.118018018017546,BINANCE
2025-09-02 13:46:13.266,110920.99,0.00018,7.118018018017546,BINANCE
2025-09-02 13:46:13.266,110920.99,0.00022,7.118018018017546,BINANCE
2025-09-02 13:46:13.267,110920.99,9e-05,7.118018018017546,BINANCE
2025-09-02 13:46:13.267,110920.99,0.00045,7.118018018017546,BINANCE
2025-09-02 13:46:13.268,110920.99,9e-05,7.118018018017546,BINANCE
2025-09-02 13:46:13.269,110920.99,0.00026,7.118018018017546,BINANCE
2025-09-02 13:46:13.273,110920.99,9e-05,7.118018018017546,BINANCE
2025-09-02 13:46:13.274,110920.99,0.00027,7.118018018017546,BINANCE
2025-09-02 13:46:13.281,110920.99,9e-05,7.118018018017546,BINANCE
2025-09-02 13:46:13.409,110920.99,0.0013,7.118018018017546,BINANCE
2025-09-02 13:46:13.410,110920.99,0.00013,7.118018018017546,BINANCE
2025-09-02 13:46:13.440,110921.0,0.00013,7.117117117117116,BINANCE
2025-09-02 13:46:13.560,110920.99,0.00174,7.118018018017546,BINANCE
2025-09-02 13:46:13.619,110920.99,0.00731,7.118018018017546,BINANCE
2025-09-02 13:46:13.730,110921.0,0.04747,7.117117117117116,BINANCE
2025-09-02 13:46:13.776,110920.99,0.00782,7.118018018017546,BINANCE
2025-09-02 13:46:13.776,110920.99,0.001,7.118018018017546,BINANCE
2025-09-02 13:46:13.813,110921.0,0.00451,7.117117117117116,BINANCE
2025-09-02 13:46:13.816,110921.0,0.00731,7.117117117117116,BINANCE
2025-09-02 13:46:13.963,110921.0,0.019,7.117117117117116,BINANCE
2025-09-02 13:46:13.964,110921.0,0.019,7.117117117117116,BINANCE
2025-09-02 13:46:13.972,110920.99,0.00024,7.118018018017546,BINANCE
2025-09-02 13:46:13.995,110920.99,0.0002,7.118018018017546,BINANCE
2025-09-02 13:46:14.009,110920.99,0.00024,7.118018018017546,BINANCE
2025-09-02 13:46:14.034,110920.99,0.0002,7.118018018017546,BINANCE
2025-09-02 13:46:14.060,110920.99,0.00021,7.118018018017546,BINANCE
2025-09-02 13:46:14.073,110921.0,0.001,7.117117117117116,BINANCE
2025-09-02 13:46:14.073,110921.0,0.00273,7.117117117117116,BINANCE
2025-09-02 13:46:14.082,110920.99,0.0002,7.118018018017546,BINANCE
2025-09-02 13:46:14.101,110921.0,0.00228,7.117117117117116,BINANCE
2025-09-02 13:46:14.106,110920.99,0.00021,7.118018018017546,BINANCE
2025-09-02 13:46:14.109,110921.0,7e-05,7.117117117117116,BINANCE
2025-09-02 13:46:14.131,110920.99,0.0002,7.118018018017546,BINANCE
2025-09-02 13:46:14.139,110921.0,0.06872,7.117117117117116,BINANCE
2025-09-02 13:46:14.139,110921.0,0.0047,7.117117117117116,BINANCE
2025-09-02 13:46:14.140,110921.0,0.03,7.117117117117116,BINANCE
2025-09-02 13:46:14.141,110921.0,0.19032,7.117117117117116,BINANCE
2025-09-02 13:46:14.141,110921.0,0.11777,7.117117117117116,BINANCE
2025-09-02 13:46:14.143,110921.0,0.01284,7.117117117117116,BINANCE
2025-09-02 13:46:14.147,110921.0,0.00891,7.117117117117116,BINANCE
2025-09-02 13:46:14.147,110921.0,0.02266,7.117117117117116,BINANCE
2025-09-02 13:46:14.147,110921.0,5e-05,7.117117117117116,BINANCE
2025-09-02 13:46:14.147,110921.0,0.02813,7.117117117117116,BINANCE
2025-09-02 13:46:14.147,110921.0,0.04607,7.117117117117116,BINANCE
2025-09-02 13:46:14.147,110921.0,0.019,7.117117117117116,BINANCE
2025-09-02 13:46:14.147,110921.0,0.00093,7.117117117117116,BINANCE
2025-09-02 13:46:14.148,110921.99,5e-05,7.027927927927456,BINANCE
2025-09-02 13:46:14.148,110921.24,0.002,7.095495495495023,BINANCE
2025-09-02 13:46:14.148,110921.23,5e-05,7.096396396396764,BINANCE
2025-09-02 13:46:14.148,110921.01,0.0001,7.116216216216688,BINANCE
2025-09-02 13:46:14.148,110921.0,0.0001,7.117117117117116,BINANCE
2025-09-02 13:46:14.148,110921.0,5e-05,7.117117117117116,BINANCE
2025-09-02 13:46:14.148,110921.0,0.0045,7.117117117117116,BINANCE
2025-09-02 13:46:14.148,110921.0,0.0179,7.117117117117116,BINANCE
2025-09-02 13:46:14.154,110922.0,5e-05,7.027027027027027,BINANCE
2025-09-02 13:46:14.154,110921.99,0.00022,7.027927927927456,BINANCE
2025-09-02 13:46:14.156,110925.99,5e-05,6.6675675675670965,BINANCE
2025-09-02 13:46:14.156,110922.01,0.0001,7.026126126126599,BINANCE
2025-09-02 13:46:14.156,110922.0,5e-05,7.027027027027027,BINANCE
2025-09-02 13:46:14.156,110922.01,5e-05,7.026126126126599,BINANCE
2025-09-02 13:46:14.161,110925.99,0.0214,6.6675675675670965,BINANCE
2025-09-02 13:46:14.161,110925.99,0.01022,6.6675675675670965,BINANCE
2025-09-02 13:46:14.162,110931.99,5e-05,6.127027027026555,BINANCE
2025-09-02 13:46:14.162,110926.64,5e-05,6.609009009009061,BINANCE
2025-09-02 13:46:14.162,110932.0,0.019,6.126126126126127,BINANCE
2025-09-02 13:46:14.162,110932.0,0.01764,6.126126126126127,BINANCE
2025-09-02 13:46:14.162,110929.32,0.00081,6.367567567566938,BINANCE
2025-09-02 13:46:14.162,110926.0,5e-05,6.666666666666666,BINANCE
2025-09-02 13:46:14.162,110928.0,5e-05,6.486486486486486,BINANCE
2025-09-02 13:46:14.162,110927.99,5e-05,6.4873873873869154,BINANCE
2025-09-02 13:46:14.163,110933.0,5e-05,6.036036036036036,BINANCE
2025-09-02 13:46:14.163,110932.99,5e-05,6.036936936936464,BINANCE
2025-09-02 13:46:14.163,110935.37,8e-05,5.8225225225229424,BINANCE
2025-09-02 13:46:14.163,110935.36,5e-05,5.823423423423371,BINANCE
2025-09-02 13:46:14.163,110934.87,0.00081,5.8675675675679875,BINANCE
2025-09-02 13:46:14.163,110932.05,5e-05,6.121621621621359,BINANCE
2025-09-02 13:46:14.163,110932.0,5e-05,6.126126126126127,BINANCE
2025-09-02 13:46:14.163,110932.0,0.01166,6.126126126126127,BINANCE
2025-09-02 13:46:14.163,110932.0,0.018,6.126126126126127,BINANCE
2025-09-02 13:46:14.171,110935.37,0.019,5.8225225225229424,BINANCE
2025-09-02 13:46:14.174,110935.37,0.019,5.8225225225229424,BINANCE
2025-09-02 13:46:14.176,110935.37,0.00245,5.8225225225229424,BINANCE
2025-09-02 13:46:14.183,110935.36,0.00021,5.823423423423371,BINANCE
2025-09-02 13:46:14.191,110935.37,0.019,5.8225225225229424,BINANCE
2025-09-02 13:46:14.205,110935.36,0.00018,5.823423423423371,BINANCE
2025-09-02 13:46:14.228,110935.36,0.00018,5.823423423423371,BINANCE
2025-09-02 13:46:14.281,110937.46,5e-05,5.6342342342336575,BINANCE
2025-09-02 13:46:14.281,110935.38,0.0001,5.821621621621202,BINANCE
2025-09-02 13:46:14.281,110935.38,5e-05,5.821621621621202,BINANCE
2025-09-02 13:46:14.281,110938.0,0.01094,5.585585585585585,BINANCE
2025-09-02 13:46:14.281,110935.37,5e-05,5.8225225225229424,BINANCE
2025-09-02 13:46:14.281,110935.37,0.0001,5.8225225225229424,BINANCE
2025-09-02 13:46:14.281,110935.37,8e-05,5.8225225225229424,BINANCE
2025-09-02 13:46:14.282,110939.0,7e-05,5.495495495495495,BINANCE
2025-09-02 13:46:14.282,110938.0,5e-05,5.585585585585585,BINANCE
2025-09-02 13:46:14.282,110938.0,0.00526,5.585585585585585,BINANCE
2025-09-02 13:46:14.291,110939.99,0.0001,5.406306306305834,BINANCE
2025-09-02 13:46:14.291,110939.99,5e-05,5.406306306305834,BINANCE
2025-09-02 13:46:14.292,110940.0,0.00312,5.405405405405405,BINANCE
2025-09-02 13:46:14.304,110940.0,0.0009,5.405405405405405,BINANCE
2025-09-02 13:46:14.333,110939.99,0.00245,5.406306306305834,BINANCE
2025-09-02 13:46:14.344,110940.0,0.003,5.405405405405405,BINANCE
2025-09-02 13:46:14.388,110940.0,5e-05,5.405405405405405,BINANCE
2025-09-02 13:46:14.388,110940.01,5e-05,5.404504504504977,BINANCE
2025-09-02 13:46:14.388,110942.87,5e-05,5.146846846847266,BINANCE
2025-09-02 13:46:14.388,110941.98,5e-05,5.227027027027394,BINANCE
2025-09-02 13:46:14.388,110940.0,0.01101,5.405405405405405,BINANCE
2025-09-02 13:46:14.424,110942.89,0.0006,5.145045045045097,BINANCE
2025-09-02 13:46:14.424,110942.89,0.00162,5.145045045045097,BINANCE
2025-09-02 13:46:14.428,110942.89,5e-05,5.145045045045097,BINANCE
2025-09-02 13:46:14.428,110942.89,0.0014,5.145045045045097,BINANCE
2025-09-02 13:46:14.428,110942.89,0.00271,5.145045045045097,BINANCE
2025-09-02 13:46:14.428,110942.89,0.0029,5.145045045045097,BINANCE
2025-09-02 13:46:14.429,110942.88,0.00091,5.145945945945527,BINANCE
2025-09-02 13:46:14.450,110943.41,5e-05,5.098198198197883,BINANCE
2025-09-02 13:46:14.450,110942.9,5e-05,5.1441441441446685,BINANCE
2025-09-02 13:46:14.450,110942.9,0.00541,5.1441441441446685,BINANCE
2025-09-02 13:46:14.450,110942.89,5e-05,5.145045045045097,BINANCE
2025-09-02 13:46:14.450,110942.89,0.0006,5.145045045045097,BINANCE
2025-09-02 13:46:14.458,110945.41,5e-05,4.918018018017703,BINANCE
2025-09-02 13:46:14.458,110947.4,5e-05,4.738738738739263,BINANCE
2025-09-02 13:46:14.458,110948.28,5e-05,4.659459459459565,BINANCE
2025-09-02 13:46:14.458,110949.43,0.00092,4.555855855856485,BINANCE
2025-09-02 13:46:14.458,110949.86,5e-05,4.517117117117065,BINANCE
2025-09-02 13:46:14.458,110945.4,0.0001,4.918918918919443,BINANCE
2025-09-02 13:46:14.458,110945.4,5e-05,4.918918918919443,BINANCE
2025-09-02 13:46:14.486,110949.87,0.00233,4.516216216216636,BINANCE
2025-09-02 13:46:14.510,110949.86,0.00186,4.517117117117065,BINANCE
2025-09-02 13:46:14.677,110949.87,0.0009,4.516216216216636,BINANCE
2025-09-02 13:46:14.769,110949.87,0.01,4.516216216216636,BINANCE
2025-09-02 13:46:14.773,110949.87,0.01,4.516216216216636,BINANCE
2025-09-02 13:46:14.806,110949.87,0.00046,4.516216216216636,BINANCE
2025-09-02 13:46:14.864,110949.86,0.00731,4.517117117117065,BINANCE
2025-09-02 13:46:14.874,110949.86,0.03074,4.517117117117065,BINANCE
2025-09-02 13:46:14.951,110949.86,0.00181,4.517117117117065,BINANCE
2025-09-02 13:46:15.070,110949.87,0.0036,4.516216216216636,BINANCE
2025-09-02 13:46:15.191,110949.87,0.0075,4.516216216216636,BINANCE
2025-09-02 13:46:15.375,110949.87,0.0142,4.516216216216636,BINANCE
2025-09-02 13:46:15.375,110949.87,0.00108,4.516216216216636,BINANCE
2025-09-02 13:46:15.375,110949.87,5e-05,4.516216216216636,BINANCE
2025-09-02 13:46:15.375,110949.87,0.02057,4.516216216216636,BINANCE
2025-09-02 13:46:15.493,110949.86,0.02,4.517117117117065,BINANCE
2025-09-02 13:46:15.513,110949.86,0.00046,4.517117117117065,BINANCE
2025-09-02 13:46:15.573,110949.86,0.00013,4.517117117117065,BINANCE
2025-09-02 13:46:15.719,110949.87,9e-05,4.516216216216636,BINANCE
2025-09-02 13:46:15.902,110949.87,0.00451,4.516216216216636,BINANCE
2025-09-02 13:46:15.972,110949.86,0.00183,4.517117117117065,BINANCE
2025-09-02 13:46:16.006,110949.86,0.00013,4.517117117117065,BINANCE
2025-09-02 13:46:16.011,110949.87,0.01074,4.516216216216636,BINANCE
2025-09-02 13:46:16.011,110949.87,0.00826,4.516216216216636,BINANCE
2025-09-02 13:46:16.011,110949.87,0.018,4.516216216216636,BINANCE
2025-09-02 13:46:16.011,110949.87,0.0188,4.516216216216636,BINANCE
2025-09-02 13:46:16.011,110949.87,5e-05,4.516216216216636,BINANCE
2025-09-02 13:46:16.012,110949.87,0.016,4.516216216216636,BINANCE
2025-09-02 13:46:16.013,110949.87,0.0001,4.516216216216636,BINANCE
2025-09-02 13:46:16.013,110950.64,5e-05,4.446846846846899,BINANCE
2025-09-02 13:46:16.013,110950.0,0.00092,4.504504504504505,BINANCE
2025-09-02 13:46:16.013,110949.88,0.0001,4.515315315314896,BINANCE
2025-09-02 13:46:16.013,110949.88,5e-05,4.515315315314896,BINANCE
2025-09-02 13:46:16.013,110949.87,5e-05,4.516216216216636,BINANCE
2025-09-02 13:46:16.013,110949.87,0.00414,4.516216216216636,BINANCE
2025-09-02 13:46:16.020,110950.64,0.00013,4.446846846846899,BINANCE
2025-09-02 13:46:16.020,110950.64,0.00985,4.446846846846899,BINANCE
2025-09-02 13:46:16.023,110950.65,5e-05,4.4459459459464705,BINANCE
2025-09-02 13:46:16.023,110950.65,0.01,4.4459459459464705,BINANCE
2025-09-02 13:46:16.023,110950.65,0.01715,4.4459459459464705,BINANCE
2025-09-02 13:46:16.023,110950.65,0.0001,4.4459459459464705,BINANCE
2025-09-02 13:46:16.024,110950.66,5e-05,4.445045045044731,BINANCE
2025-09-02 13:46:16.024,110953.99,5e-05,4.145045045044573,BINANCE
2025-09-02 13:46:16.024,110954.0,0.00925,4.144144144144144,BINANCE
2025-09-02 13:46:16.024,110953.69,5e-05,4.172072072071862,BINANCE
2025-09-02 13:46:16.024,110952.82,5e-05,4.250450450449821,BINANCE
2025-09-02 13:46:16.024,110950.66,0.0001,4.445045045044731,BINANCE
2025-09-02 13:46:16.024,110950.65,0.0091,4.4459459459464705,BINANCE
2025-09-02 13:46:16.024,110950.65,0.019,4.4459459459464705,BINANCE
2025-09-02 13:46:16.069,110954.0,0.04301,4.144144144144144,BINANCE
2025-09-02 13:46:16.082,110954.0,0.0094,4.144144144144144,BINANCE
2025-09-02 13:46:16.082,110954.0,0.0006,4.144144144144144,BINANCE
2025-09-02 13:46:16.082,110954.0,0.0001,4.144144144144144,BINANCE
2025-09-02 13:46:16.082,110954.0,5e-05,4.144144144144144,BINANCE
2025-09-02 13:46:16.095,110954.01,0.0001,4.143243243243716,BINANCE
2025-09-02 13:46:16.095,110954.51,5e-05,4.09819819819867,BINANCE
2025-09-02 13:46:16.095,110954.61,0.01428,4.0891891891891365,BINANCE
2025-09-02 13:46:16.095,110954.61,5e-05,4.0891891891891365,BINANCE
2025-09-02 13:46:16.095,110957.59,0.00021,3.8207207207210354,BINANCE
2025-09-02 13:46:16.095,110957.29,5e-05,3.8477477477483246,BINANCE
2025-09-02 13:46:16.095,110957.44,0.00101,3.8342342342340245,BINANCE
2025-09-02 13:46:16.095,110957.8,5e-05,3.80180180180154,BINANCE
2025-09-02 13:46:16.095,110958.0,0.00978,3.7837837837837838,BINANCE
2025-09-02 13:46:16.095,110954.01,5e-05,4.143243243243716,BINANCE
2025-09-02 13:46:16.095,110957.26,0.00031,3.8504504504509227,BINANCE
2025-09-02 13:46:16.095,110954.0,0.04779,4.144144144144144,BINANCE
2025-09-02 13:46:16.095,110954.0,0.0007,4.144144144144144,BINANCE
2025-09-02 13:46:16.095,110954.0,0.0001,4.144144144144144,BINANCE
2025-09-02 13:46:16.095,110954.0,5e-05,4.144144144144144,BINANCE
2025-09-02 13:46:16.200,110958.0,9e-05,3.7837837837837838,BINANCE
2025-09-02 13:46:16.204,110957.99,0.00183,3.7846846846842124,BINANCE
2025-09-02 13:46:16.393,110958.0,0.00056,3.7837837837837838,BINANCE
2025-09-02 13:46:16.450,110958.0,5e-05,3.7837837837837838,BINANCE
2025-09-02 13:46:16.456,110957.99,0.0013,3.7846846846842124,BINANCE
2025-09-02 13:46:16.511,110957.99,0.02729,3.7846846846842124,BINANCE
2025-09-02 13:46:16.513,110957.99,0.00276,3.7846846846842124,BINANCE
2025-09-02 13:46:16.605,110958.0,0.036,3.7837837837837838,BINANCE
2025-09-02 13:46:16.663,110957.99,5e-05,3.7846846846842124,BINANCE
2025-09-02 13:46:16.754,110958.0,8e-05,3.7837837837837838,BINANCE
2025-09-02 13:46:16.816,110957.99,0.00046,3.7846846846842124,BINANCE
2025-09-02 13:46:16.829,110957.99,0.02161,3.7846846846842124,BINANCE
2025-09-02 13:46:16.829,110957.99,0.00044,3.7846846846842124,BINANCE
2025-09-02 13:46:16.829,110957.99,0.16232,3.7846846846842124,BINANCE
2025-09-02 13:46:16.829,110957.99,0.13506,3.7846846846842124,BINANCE
2025-09-02 13:46:16.829,110957.99,5e-05,3.7846846846842124,BINANCE
2025-09-02 13:46:16.829,110957.99,0.05408,3.7846846846842124,BINANCE
2025-09-02 13:46:16.829,110957.99,0.02513,3.7846846846842124,BINANCE
2025-09-02 13:46:16.831,110957.99,5e-05,3.7846846846842124,BINANCE
2025-09-02 13:46:16.831,110957.99,0.03154,3.7846846846842124,BINANCE
2025-09-02 13:46:16.831,110957.99,0.04697,3.7846846846842124,BINANCE
2025-09-02 13:46:16.831,110957.99,0.0001,3.7846846846842124,BINANCE
2025-09-02 13:46:16.831,110956.41,5e-05,3.9270270270267127,BINANCE
2025-09-02 13:46:16.831,110957.98,0.0001,3.7855855855859524,BINANCE
2025-09-02 13:46:16.831,110957.99,6e-05,3.7846846846842124,BINANCE
2025-09-02 13:46:16.831,110957.99,0.0542,3.7846846846842124,BINANCE
2025-09-02 13:46:16.831,110957.99,0.01802,3.7846846846842124,BINANCE
2025-09-02 13:46:16.831,110957.99,0.0082,3.7846846846842124,BINANCE
2025-09-02 13:46:16.831,110957.99,0.04019,3.7846846846842124,BINANCE
2025-09-02 13:46:16.831,110957.99,0.05407,3.7846846846842124,BINANCE
2025-09-02 13:46:16.831,110957.99,0.05408,3.7846846846842124,BINANCE
2025-09-02 13:46:16.831,110957.99,0.02074,3.7846846846842124,BINANCE
2025-09-02 13:46:16.831,110957.99,0.00491,3.7846846846842124,BINANCE
2025-09-02 13:46:16.831,110957.99,0.04316,3.7846846846842124,BINANCE
2025-09-02 13:46:16.834,110956.4,5e-05,3.9279279279284527,BINANCE
2025-09-02 13:46:16.834,110956.4,0.0001,3.9279279279284527,BINANCE
2025-09-02 13:46:16.856,110956.39,5e-05,3.928828828828881,BINANCE
2025-09-02 13:46:16.856,110956.39,0.01,3.928828828828881,BINANCE
2025-09-02 13:46:16.856,110956.39,0.0001,3.928828828828881,BINANCE
2025-09-02 13:46:16.857,110956.39,0.00065,3.928828828828881,BINANCE
2025-09-02 13:46:16.892,110956.39,5e-05,3.928828828828881,BINANCE
2025-09-02 13:46:16.892,110956.01,5e-05,3.9630630630635353,BINANCE
2025-09-02 13:46:16.892,110956.39,0.04994,3.928828828828881,BINANCE
2025-09-02 13:46:16.892,110956.39,0.35585,3.928828828828881,BINANCE
2025-09-02 13:46:16.892,110956.39,0.0001,3.928828828828881,BINANCE
2025-09-02 13:46:16.894,110956.0,5e-05,3.963963963963964,BINANCE
2025-09-02 13:46:16.894,110954.88,0.02241,4.064864864864445,BINANCE
2025-09-02 13:46:16.965,110956.01,0.00037,3.9630630630635353,BINANCE
2025-09-02 13:46:17.011,110954.89,5e-05,4.063963963964016,BINANCE
2025-09-02 13:46:17.011,110955.99,0.0001,3.964864864864393,BINANCE
2025-09-02 13:46:17.011,110956.0,0.05407,3.963963963963964,BINANCE
2025-09-02 13:46:17.011,110956.0,5e-05,3.963963963963964,BINANCE
2025-09-02 13:46:17.011,110956.0,0.05824,3.963963963963964,BINANCE
2025-09-02 13:46:17.011,110956.0,0.001,3.963963963963964,BINANCE
2025-09-02 13:46:17.011,110956.0,0.0001,3.963963963963964,BINANCE
2025-09-02 13:46:17.012,110954.88,5e-05,4.064864864864445,BINANCE
2025-09-02 13:46:17.012,110954.86,5e-05,4.066666666666614,BINANCE
2025-09-02 13:46:17.012,110953.84,0.00655,4.158558558558873,BINANCE
2025-09-02 13:46:17.013,110953.84,0.13041,4.158558558558873,BINANCE
2025-09-02 13:46:17.013,110953.84,0.00055,4.158558558558873,BINANCE
2025-09-02 13:46:17.013,110953.84,0.01,4.158558558558873,BINANCE
2025-09-02 13:46:17.013,110954.87,0.0001,4.065765765766185,BINANCE
2025-09-02 13:46:17.013,110954.88,0.0001,4.064864864864445,BINANCE
2025-09-02 13:46:17.013,110953.84,0.00025,4.158558558558873,BINANCE
2025-09-02 13:46:17.016,110950.01,5e-05,4.503603603604075,BINANCE
2025-09-02 13:46:17.016,110950.49,0.00174,4.460360360359888,BINANCE
2025-09-02 13:46:17.016,110950.63,5e-05,4.447747747747328,BINANCE
2025-09-02 13:46:17.016,110952.0,5e-05,4.324324324324325,BINANCE
2025-09-02 13:46:17.016,110953.69,5e-05,4.172072072071862,BINANCE
2025-09-02 13:46:17.016,110953.83,0.0001,4.159459459459303,BINANCE
2025-09-02 13:46:17.016,110953.84,0.0001,4.158558558558873,BINANCE
2025-09-02 13:46:17.016,110953.84,5e-05,4.158558558558873,BINANCE
2025-09-02 13:46:17.016,110953.84,0.14854,4.158558558558873,BINANCE
2025-09-02 13:46:17.016,110952.2,5e-05,4.306306306306569,BINANCE
2025-09-02 13:46:17.045,110950.0,0.1335,4.504504504504505,BINANCE
2025-09-02 13:46:17.045,110950.0,0.0001,4.504504504504505,BINANCE
2025-09-02 13:46:17.045,110950.0,0.01,4.504504504504505,BINANCE
2025-09-02 13:46:17.045,110950.0,5e-05,4.504504504504505,BINANCE
2025-09-02 13:46:17.045,110950.0,0.0663,4.504504504504505,BINANCE
2025-09-02 13:46:17.519,110950.01,0.00786,4.503603603604075,BINANCE
2025-09-02 13:46:17.519,110950.01,0.10014,4.503603603604075,BINANCE
2025-09-02 13:46:17.534,110950.0,0.02976,4.504504504504505,BINANCE
2025-09-02 13:46:17.596,110950.0,0.01311,4.504504504504505,BINANCE
2025-09-02 13:46:17.622,110950.0,0.0009,4.504504504504505,BINANCE
2025-09-02 13:46:17.630,110950.01,0.0204,4.503603603604075,BINANCE
2025-09-02 13:46:17.630,110950.01,0.0156,4.503603603604075,BINANCE
2025-09-02 13:46:17.709,110950.0,0.00901,4.504504504504505,BINANCE
2025-09-02 13:46:17.778,110950.0,0.0009,4.504504504504505,BINANCE
2025-09-02 13:46:17.821,110950.0,0.00011,4.504504504504505,BINANCE
2025-09-02 13:46:17.841,110950.0,0.00731,4.504504504504505,BINANCE
2025-09-02 13:46:17.875,110950.01,0.08833,4.503603603604075,BINANCE
2025-09-02 13:46:17.875,110950.01,0.10494,4.503603603604075,BINANCE
2025-09-02 13:46:17.888,110950.0,0.03161,4.504504504504505,BINANCE
2025-09-02 13:46:17.911,110950.01,0.019,4.503603603604075,BINANCE
2025-09-02 13:46:17.912,110950.01,0.019,4.503603603604075,BINANCE
2025-09-02 13:46:17.918,110950.01,0.0009,4.503603603604075,BINANCE
2025-09-02 13:46:17.950,110950.01,0.00673,4.503603603604075,BINANCE
2025-09-02 13:46:17.975,110950.01,0.00069,4.503603603604075,BINANCE
2025-09-02 13:46:17.975,110950.01,0.00382,4.503603603604075,BINANCE
2025-09-02 13:46:17.980,110950.01,0.0046,4.503603603604075,BINANCE
2025-09-02 13:46:18.147,110950.01,0.00056,4.503603603604075,BINANCE
2025-09-02 13:46:18.149,110950.0,0.0018,4.504504504504505,BINANCE
2025-09-02 13:46:18.242,110950.0,5e-05,4.504504504504505,BINANCE
2025-09-02 13:46:18.242,110950.0,0.0009,4.504504504504505,BINANCE
2025-09-02 13:46:18.244,110950.0,0.0001,4.504504504504505,BINANCE
2025-09-02 13:46:18.301,110950.01,0.00055,4.503603603604075,BINANCE
2025-09-02 13:46:18.336,110950.01,0.03349,4.503603603604075,BINANCE
2025-09-02 13:46:18.406,110950.0,0.00043,4.504504504504505,BINANCE
2025-09-02 13:46:18.571,110950.0,6e-05,4.504504504504505,BINANCE
2025-09-02 13:46:18.574,110950.0,0.00048,4.504504504504505,BINANCE
2025-09-02 13:46:18.650,110950.0,0.00919,4.504504504504505,BINANCE
2025-09-02 13:46:18.654,110950.01,9e-05,4.503603603604075,BINANCE
2025-09-02 13:46:18.669,110950.0,0.00907,4.504504504504505,BINANCE
2025-09-02 13:46:18.824,110950.01,0.00541,4.503603603604075,BINANCE
2025-09-02 13:46:18.829,110950.01,0.0001,4.503603603604075,BINANCE
2025-09-02 13:46:18.831,110950.01,0.0001,4.503603603604075,BINANCE
2025-09-02 13:46:18.839,110950.01,0.1437,4.503603603604075,BINANCE
2025-09-02 13:46:18.840,110950.01,0.1499,4.503603603604075,BINANCE
2025-09-02 13:46:18.840,110950.01,0.00761,4.503603603604075,BINANCE
2025-09-02 13:46:18.840,110950.01,0.0014,4.503603603604075,BINANCE
2025-09-02 13:46:18.840,110950.01,0.1915,4.503603603604075,BINANCE
2025-09-02 13:46:18.841,110950.01,0.03443,4.503603603604075,BINANCE
2025-09-02 13:46:18.842,110950.01,0.09013,4.503603603604075,BINANCE
2025-09-02 13:46:18.843,110950.01,0.00901,4.503603603604075,BINANCE
2025-09-02 13:46:18.844,110950.01,0.00951,4.503603603604075,BINANCE
2025-09-02 13:46:18.845,110950.01,0.02861,4.503603603604075,BINANCE
2025-09-02 13:46:18.845,110950.01,0.1739,4.503603603604075,BINANCE
2025-09-02 13:46:18.845,110950.01,0.19988,4.503603603604075,BINANCE
2025-09-02 13:46:18.845,110950.01,0.01969,4.503603603604075,BINANCE
2025-09-02 13:46:18.845,110950.01,0.0243,4.503603603604075,BINANCE
2025-09-02 13:46:18.846,110950.01,0.01332,4.503603603604075,BINANCE
2025-09-02 13:46:18.847,110950.01,0.04897,4.503603603604075,BINANCE
2025-09-02 13:46:18.847,110950.01,0.07513,4.503603603604075,BINANCE
2025-09-02 13:46:18.847,110950.01,0.6396,4.503603603604075,BINANCE
2025-09-02 13:46:18.847,110950.01,0.02317,4.503603603604075,BINANCE
2025-09-02 13:46:18.847,110950.01,0.0405,4.503603603604075,BINANCE
2025-09-02 13:46:18.847,110950.01,0.05204,4.503603603604075,BINANCE
2025-09-02 13:46:18.847,110950.01,0.1474,4.503603603604075,BINANCE
2025-09-02 13:46:18.848,110950.01,0.02594,4.503603603604075,BINANCE
2025-09-02 13:46:18.848,110950.01,0.0001,4.503603603604075,BINANCE
2025-09-02 13:46:18.849,110950.01,0.02683,4.503603603604075,BINANCE
2025-09-02 13:46:18.849,110950.01,0.01109,4.503603603604075,BINANCE
2025-09-02 13:46:18.849,110950.01,0.13171,4.503603603604075,BINANCE
2025-09-02 13:46:18.849,110950.01,0.01624,4.503603603604075,BINANCE
2025-09-02 13:46:18.850,110950.01,0.001,4.503603603604075,BINANCE
2025-09-02 13:46:18.850,110950.01,5e-05,4.503603603604075,BINANCE
2025-09-02 13:46:18.850,110950.01,0.00154,4.503603603604075,BINANCE
2025-09-02 13:46:18.850,110950.01,0.83876,4.503603603604075,BINANCE
2025-09-02 13:46:18.851,110950.01,0.02332,4.503603603604075,BINANCE
2025-09-02 13:46:18.851,110950.01,0.00763,4.503603603604075,BINANCE
2025-09-02 13:46:18.853,110950.01,5e-05,4.503603603604075,BINANCE
2025-09-02 13:46:18.853,110950.01,0.01855,4.503603603604075,BINANCE
2025-09-02 13:46:18.854,110950.13,5e-05,4.492792792792374,BINANCE
2025-09-02 13:46:18.854,110950.14,5e-05,4.491891891891944,BINANCE
2025-09-02 13:46:18.854,110950.02,5e-05,4.502702702702336,BINANCE
2025-09-02 13:46:18.854,110950.02,0.00706,4.502702702702336,BINANCE
2025-09-02 13:46:18.854,110950.02,0.019,4.502702702702336,BINANCE
2025-09-02 13:46:18.855,110953.99,5e-05,4.145045045044573,BINANCE
2025-09-02 13:46:18.855,110953.69,5e-05,4.172072072071862,BINANCE
2025-09-02 13:46:18.855,110952.71,5e-05,4.260360360359784,BINANCE
2025-09-02 13:46:18.855,110952.0,5e-05,4.324324324324325,BINANCE
2025-09-02 13:46:18.855,110951.99,5e-05,4.325225225224753,BINANCE
2025-09-02 13:46:18.855,110954.0,5e-05,4.144144144144144,BINANCE
2025-09-02 13:46:18.855,110951.98,5e-05,4.326126126126494,BINANCE
2025-09-02 13:46:18.855,110950.64,0.00138,4.446846846846899,BINANCE
2025-09-02 13:46:18.867,110956.0,0.00999,3.963963963963964,BINANCE
2025-09-02 13:46:18.867,110956.0,5e-05,3.963963963963964,BINANCE
2025-09-02 13:46:18.867,110956.01,0.00096,3.9630630630635353,BINANCE
2025-09-02 13:46:18.886,110956.01,0.00013,3.9630630630635353,BINANCE
2025-09-02 13:46:18.887,110956.41,0.002,3.9270270270267127,BINANCE
2025-09-02 13:46:18.887,110956.01,0.0001,3.9630630630635353,BINANCE
2025-09-02 13:46:18.887,110956.01,5e-05,3.9630630630635353,BINANCE
2025-09-02 13:46:18.887,110956.01,0.00392,3.9630630630635353,BINANCE
2025-09-02 13:46:18.889,110957.0,0.055,3.8738738738738743,BINANCE
2025-09-02 13:46:18.892,110956.99,0.03211,3.8747747747743024,BINANCE
2025-09-02 13:46:18.892,110957.0,5e-05,3.8738738738738743,BINANCE
2025-09-02 13:46:18.892,110958.0,5e-05,3.7837837837837838,BINANCE
2025-09-02 13:46:18.892,110958.24,5e-05,3.7621621621616903,BINANCE
2025-09-02 13:46:18.892,110958.28,0.00024,3.7585585585586636,BINANCE
2025-09-02 13:46:18.892,110958.53,0.00015,3.736036036036141,BINANCE
2025-09-02 13:46:18.893,110960.0,0.00022,3.6036036036036037,BINANCE
2025-09-02 13:46:18.893,110960.0,0.0019,3.6036036036036037,BINANCE
2025-09-02 13:46:18.893,110960.0,5e-05,3.6036036036036037,BINANCE
2025-09-02 13:46:18.893,110960.0,0.00016,3.6036036036036037,BINANCE
2025-09-02 13:46:18.893,110960.0,0.00455,3.6036036036036037,BINANCE
2025-09-02 13:46:18.893,110960.0,0.00012,3.6036036036036037,BINANCE
2025-09-02 13:46:18.893,110960.0,0.00984,3.6036036036036037,BINANCE
2025-09-02 13:46:18.893,110958.86,5e-05,3.7063063063062542,BINANCE
2025-09-02 13:46:18.893,110960.0,0.002,3.6036036036036037,BINANCE
2025-09-02 13:46:18.893,110960.0,0.0004,3.6036036036036037,BINANCE
2025-09-02 13:46:18.893,110960.0,0.00015,3.6036036036036037,BINANCE
2025-09-02 13:46:18.893,110960.0,0.00232,3.6036036036036037,BINANCE
2025-09-02 13:46:18.893,110960.0,9e-05,3.6036036036036037,BINANCE
2025-09-02 13:46:18.893,110960.0,0.00089,3.6036036036036037,BINANCE
2025-09-02 13:46:18.893,110960.0,6e-05,3.6036036036036037,BINANCE
2025-09-02 13:46:18.893,110958.67,0.00032,3.723423423423581,BINANCE
2025-09-02 13:46:18.893,110960.0,0.00118,3.6036036036036037,BINANCE
2025-09-02 13:46:18.893,110958.53,2e-05,3.736036036036141,BINANCE
2025-09-02 13:46:18.893,110958.84,0.00013,3.7081081081084224,BINANCE
2025-09-02 13:46:18.893,110958.95,0.00024,3.6981981981984604,BINANCE
2025-09-02 13:46:18.893,110958.98,0.00023,3.6954954954958628,BINANCE
2025-09-02 13:46:18.893,110959.1,5e-05,3.6846846846841603,BINANCE
2025-09-02 13:46:18.893,110958.87,0.00028,3.7054054054058247,BINANCE
2025-09-02 13:46:18.893,110959.82,0.0002,3.6198198198191904,BINANCE
2025-09-02 13:46:18.893,110959.97,7e-05,3.6063063063062013,BINANCE
2025-09-02 13:46:18.893,110960.0,0.0001,3.6036036036036037,BINANCE
2025-09-02 13:46:18.893,110959.44,0.00026,3.654054054053844,BINANCE
2025-09-02 13:46:18.895,110960.0,0.00901,3.6036036036036037,BINANCE
2025-09-02 13:46:18.920,110960.0,0.00669,3.6036036036036037,BINANCE
2025-09-02 13:46:18.920,110960.0,0.0002,3.6036036036036037,BINANCE
2025-09-02 13:46:18.920,110960.06,0.01111,3.598198198198408,BINANCE
2025-09-02 13:46:18.921,110961.53,6e-05,3.4657657657658705,BINANCE
2025-09-02 13:46:18.921,110961.53,8e-05,3.4657657657658705,BINANCE
2025-09-02 13:46:18.921,110961.61,5e-05,3.458558558558506,BINANCE
2025-09-02 13:46:18.921,110961.38,0.00507,3.47927927927886,BINANCE
2025-09-02 13:46:18.921,110961.91,5e-05,3.431531531531217,BINANCE
2025-09-02 13:46:18.921,110961.96,0.00147,3.42702702702645,BINANCE
2025-09-02 13:46:18.921,110961.67,0.0001,3.4531531531533104,BINANCE
2025-09-02 13:46:18.921,110961.3,5e-05,3.486486486486224,BINANCE
2025-09-02 13:46:18.921,110961.27,0.00031,3.489189189188822,BINANCE
2025-09-02 13:46:18.921,110961.21,6e-05,3.4945945945940178,BINANCE
2025-09-02 13:46:18.921,110960.69,7e-05,3.5414414414412314,BINANCE
2025-09-02 13:46:18.921,110960.55,8e-05,3.554054054053792,BINANCE
2025-09-02 13:46:18.921,110960.55,0.00744,3.554054054053792,BINANCE
2025-09-02 13:46:18.921,110960.13,0.00357,3.5918918918914726,BINANCE
2025-09-02 13:46:18.921,110960.06,0.00041,3.598198198198408,BINANCE
2025-09-02 13:46:18.922,110963.1,0.003,3.3243243243238,BINANCE
2025-09-02 13:46:18.922,110963.07,0.00012,3.3270270270263977,BINANCE
2025-09-02 13:46:18.922,110961.96,0.0015,3.42702702702645,BINANCE
2025-09-02 13:46:18.922,110962.0,0.01433,3.4234234234234235,BINANCE
2025-09-02 13:46:18.922,110963.04,5e-05,3.329729729730307,BINANCE
2025-09-02 13:46:18.926,110963.86,0.0001,3.2558558558558035,BINANCE
2025-09-02 13:46:18.926,110964.0,0.00015,3.243243243243243,BINANCE
2025-09-02 13:46:18.926,110964.0,0.002,3.243243243243243,BINANCE
2025-09-02 13:46:18.926,110963.66,5e-05,3.2738738738735593,BINANCE
2025-09-02 13:46:18.926,110963.1,0.00049,3.3243243243238,BINANCE
2025-09-02 13:46:18.926,110963.29,0.00027,3.3072072072077843,BINANCE
2025-09-02 13:46:18.926,110963.14,8e-05,3.320720720720773,BINANCE
2025-09-02 13:46:18.926,110963.74,0.00081,3.2666666666661945,BINANCE
2025-09-02 13:46:18.943,110964.7,0.0001,3.1801801801804426,BINANCE
2025-09-02 13:46:18.943,110964.0,0.00025,3.243243243243243,BINANCE
2025-09-02 13:46:18.943,110964.0,0.0004,3.243243243243243,BINANCE
2025-09-02 13:46:18.943,110964.0,0.00015,3.243243243243243,BINANCE
2025-09-02 13:46:18.943,110964.51,5e-05,3.1972972972977693,BINANCE
2025-09-02 13:46:18.943,110965.11,0.01805,3.143243243243191,BINANCE
2025-09-02 13:46:18.967,110965.11,0.02,3.143243243243191,BINANCE
2025-09-02 13:46:18.968,110965.11,0.018,3.143243243243191,BINANCE
2025-09-02 13:46:19.000,110965.11,0.00293,3.143243243243191,BINANCE
2025-09-02 13:46:19.040,110965.1,0.14,3.14414414414362,BINANCE
2025-09-02 13:46:19.043,110965.1,0.14,3.14414414414362,BINANCE
2025-09-02 13:46:19.064,110965.1,0.00662,3.14414414414362,BINANCE
2025-09-02 13:46:19.064,110965.1,0.13338,3.14414414414362,BINANCE
2025-09-02 13:46:19.064,110965.11,0.01062,3.143243243243191,BINANCE
2025-09-02 13:46:19.066,110965.1,0.08,3.14414414414362,BINANCE
2025-09-02 13:46:19.097,110965.11,0.00046,3.143243243243191,BINANCE
2025-09-02 13:46:19.109,110965.1,0.00683,3.14414414414362,BINANCE
2025-09-02 13:46:19.422,110965.11,0.01803,3.143243243243191,BINANCE
2025-09-02 13:46:19.447,110965.1,0.00148,3.14414414414362,BINANCE
2025-09-02 13:46:19.466,110965.1,0.0013,3.14414414414362,BINANCE
2025-09-02 13:46:19.554,110965.11,0.02276,3.143243243243191,BINANCE
2025-09-02 13:46:19.554,110965.11,0.01324,3.143243243243191,BINANCE
2025-09-02 13:46:19.621,110965.11,0.01248,3.143243243243191,BINANCE
2025-09-02 13:46:19.647,110965.11,5e-05,3.143243243243191,BINANCE
2025-09-02 13:46:19.647,110965.21,7e-05,3.134234234233657,BINANCE
2025-09-02 13:46:19.647,110965.21,0.00041,3.134234234233657,BINANCE
2025-09-02 13:46:19.647,110965.33,0.0003,3.123423423423266,BINANCE
2025-09-02 13:46:19.647,110965.51,5e-05,3.107207207207679,BINANCE
2025-09-02 13:46:19.647,110965.62,5e-05,3.097297297297717,BINANCE
2025-09-02 13:46:19.647,110965.63,0.05337,3.096396396395977,BINANCE
2025-09-02 13:46:19.647,110965.63,5e-05,3.096396396395977,BINANCE
2025-09-02 13:46:19.647,110965.76,0.00357,3.0846846846851568,BINANCE
2025-09-02 13:46:19.647,110965.92,0.00581,3.070270270270427,BINANCE
2025-09-02 13:46:19.647,110965.92,5e-05,3.070270270270427,BINANCE
2025-09-02 13:46:19.647,110965.99,5e-05,3.063963963963492,BINANCE
2025-09-02 13:46:19.647,110966.0,0.0005,3.0630630630630633,BINANCE
2025-09-02 13:46:19.647,110966.0,5e-05,3.0630630630630633,BINANCE
2025-09-02 13:46:19.647,110966.0,0.0606,3.0630630630630633,BINANCE
2025-09-02 13:46:19.647,110965.11,0.02817,3.143243243243191,BINANCE
2025-09-02 13:46:19.647,110965.11,0.00694,3.143243243243191,BINANCE
2025-09-02 13:46:19.647,110965.11,0.00014,3.143243243243191,BINANCE
2025-09-02 13:46:19.647,110965.11,0.09533,3.143243243243191,BINANCE
2025-09-02 13:46:19.647,110965.11,0.5062,3.143243243243191,BINANCE
2025-09-02 13:46:19.647,110965.11,0.48942,3.143243243243191,BINANCE
2025-09-02 13:46:19.647,110965.11,0.03263,3.143243243243191,BINANCE
2025-09-02 13:46:19.647,110965.11,0.4058,3.143243243243191,BINANCE
2025-09-02 13:46:19.647,110965.11,0.79639,3.143243243243191,BINANCE
2025-09-02 13:46:19.647,110965.11,0.0298,3.143243243243191,BINANCE
2025-09-02 13:46:19.647,110965.11,0.05704,3.143243243243191,BINANCE
2025-09-02 13:46:19.647,110965.11,0.04506,3.143243243243191,BINANCE
2025-09-02 13:46:19.647,110965.11,0.855,3.143243243243191,BINANCE
2025-09-02 13:46:19.647,110965.11,0.005,3.143243243243191,BINANCE
2025-09-02 13:46:19.647,110965.11,0.0619,3.143243243243191,BINANCE
2025-09-02 13:46:19.647,110965.11,0.16556,3.143243243243191,BINANCE
2025-09-02 13:46:19.647,110965.11,0.05321,3.143243243243191,BINANCE
2025-09-02 13:46:19.647,110965.11,0.06869,3.143243243243191,BINANCE
2025-09-02 13:46:19.648,110967.74,0.00114,2.9063063063058348,BINANCE
2025-09-02 13:46:19.648,110967.74,0.00122,2.9063063063058348,BINANCE
2025-09-02 13:46:19.648,110967.6,5e-05,2.918918918918395,BINANCE
2025-09-02 13:46:19.648,110967.74,0.00117,2.9063063063058348,BINANCE
2025-09-02 13:46:19.648,110967.74,0.00109,2.9063063063058348,BINANCE
2025-09-02 13:46:19.648,110967.74,5e-05,2.9063063063058348,BINANCE
2025-09-02 13:46:19.648,110968.0,0.00015,2.882882882882883,BINANCE
2025-09-02 13:46:19.648,110968.0,0.002,2.882882882882883,BINANCE
2025-09-02 13:46:19.648,110968.0,0.0004,2.882882882882883,BINANCE
2025-09-02 13:46:19.648,110968.0,5e-05,2.882882882882883,BINANCE
2025-09-02 13:46:19.648,110968.01,5e-05,2.881981981982454,BINANCE
2025-09-02 13:46:19.648,110968.04,7e-05,2.879279279279856,BINANCE
2025-09-02 13:46:19.648,110968.48,0.00088,2.8396396396400068,BINANCE
2025-09-02 13:46:19.648,110968.6,0.00029,2.8288288288283048,BINANCE
2025-09-02 13:46:19.648,110967.45,0.0036,2.9324324324326945,BINANCE
2025-09-02 13:46:19.648,110968.0,0.00037,2.882882882882883,BINANCE
2025-09-02 13:46:19.648,110967.42,0.00067,2.9351351351352926,BINANCE
2025-09-02 13:46:19.648,110966.97,5e-05,2.975675675675571,BINANCE
2025-09-02 13:46:19.648,110966.98,5e-05,2.974774774775142,BINANCE
2025-09-02 13:46:19.648,110966.0,5e-05,3.0630630630630633,BINANCE
2025-09-02 13:46:19.648,110966.06,0.0002,3.057657657657867,BINANCE
2025-09-02 13:46:19.648,110966.27,5e-05,3.0387387387383713,BINANCE
2025-09-02 13:46:19.648,110966.35,8e-05,3.0315315315310074,BINANCE
2025-09-02 13:46:19.648,110966.49,0.00012,3.018918918918447,BINANCE
2025-09-02 13:46:19.648,110966.66,0.0011,3.0036036036032887,BINANCE
2025-09-02 13:46:19.648,110966.66,0.00128,3.0036036036032887,BINANCE
2025-09-02 13:46:19.648,110966.1,7e-05,3.05405405405353,BINANCE
2025-09-02 13:46:19.648,110966.96,5e-05,2.976576576576,BINANCE
2025-09-02 13:46:19.648,110966.97,0.81533,2.975675675675571,BINANCE
2025-09-02 13:46:19.648,110966.73,0.00012,2.9972972972976644,BINANCE
2025-09-02 13:46:19.649,110972.45,0.00021,2.481981981982244,BINANCE
2025-09-02 13:46:19.649,110972.37,0.0036,2.489189189189609,BINANCE
2025-09-02 13:46:19.649,110972.33,6e-05,2.492792792792635,BINANCE
2025-09-02 13:46:19.649,110972.27,5e-05,2.498198198197831,BINANCE
2025-09-02 13:46:19.649,110972.22,6e-05,2.5027027027025976,BINANCE
2025-09-02 13:46:19.649,110972.0,0.0004,2.5225225225225225,BINANCE
2025-09-02 13:46:19.649,110972.15,5e-05,2.509009009009534,BINANCE
2025-09-02 13:46:19.649,110972.0,0.00015,2.5225225225225225,BINANCE
2025-09-02 13:46:19.649,110972.45,9e-05,2.481981981982244,BINANCE
2025-09-02 13:46:19.649,110972.22,0.00459,2.5027027027025976,BINANCE
2025-09-02 13:46:19.649,110972.68,0.00073,2.4612612612618907,BINANCE
2025-09-02 13:46:19.649,110972.0,0.002,2.5225225225225225,BINANCE
2025-09-02 13:46:19.649,110972.88,5e-05,2.4432432432428235,BINANCE
2025-09-02 13:46:19.649,110972.95,0.00024,2.436936936937199,BINANCE
2025-09-02 13:46:19.649,110973.0,0.05,2.4324324324324325,BINANCE
2025-09-02 13:46:19.649,110973.11,7e-05,2.42252252252247,BINANCE
2025-09-02 13:46:19.649,110973.13,0.00041,2.420720720720301,BINANCE
2025-09-02 13:46:19.649,110973.42,0.00081,2.3945945945947518,BINANCE
2025-09-02 13:46:19.649,110973.43,8e-05,2.393693693694323,BINANCE
2025-09-02 13:46:19.649,110973.66,5e-05,2.3729729729726583,BINANCE
2025-09-02 13:46:19.649,110973.89,7e-05,2.3522522522523044,BINANCE
2025-09-02 13:46:19.649,110973.95,0.00457,2.346846846847109,BINANCE
2025-09-02 13:46:19.649,110974.08,0.0001,2.3351351351349776,BINANCE
2025-09-02 13:46:19.649,110974.13,5e-05,2.330630630630211,BINANCE
2025-09-02 13:46:19.649,110972.71,0.00063,2.4585585585579817,BINANCE
2025-09-02 13:46:19.649,110972.0,0.00024,2.5225225225225225,BINANCE
2025-09-02 13:46:19.649,110970.63,0.00065,2.645945945945526,BINANCE
2025-09-02 13:46:19.649,110971.42,6e-05,2.574774774774932,BINANCE
2025-09-02 13:46:19.649,110969.0,5e-05,2.7927927927927927,BINANCE
2025-09-02 13:46:19.649,110969.08,5e-05,2.7855855855854283,BINANCE
2025-09-02 13:46:19.649,110969.57,5e-05,2.741441441440812,BINANCE
2025-09-02 13:46:19.649,110969.58,5e-05,2.7405405405403833,BINANCE
2025-09-02 13:46:19.649,110969.59,5e-05,2.7396396396399543,BINANCE
2025-09-02 13:46:19.649,110969.6,0.00357,2.7387387387382143,BINANCE
2025-09-02 13:46:19.649,110969.92,5e-05,2.7099099099100674,BINANCE
2025-09-02 13:46:19.649,110970.0,7e-05,2.7027027027027026,BINANCE
2025-09-02 13:46:19.649,110970.0,0.005,2.7027027027027026,BINANCE
2025-09-02 13:46:19.649,110970.0,0.001,2.7027027027027026,BINANCE
2025-09-02 13:46:19.649,110970.0,6e-05,2.7027027027027026,BINANCE
2025-09-02 13:46:19.649,110970.0,0.006,2.7027027027027026,BINANCE
2025-09-02 13:46:19.649,110969.16,5e-05,2.7783783783780636,BINANCE
2025-09-02 13:46:19.649,110970.43,8e-05,2.6639639639645933,BINANCE
2025-09-02 13:46:19.649,110970.03,0.00056,2.7000000000001045,BINANCE
2025-09-02 13:46:19.649,110971.41,5e-05,2.575675675675361,BINANCE
2025-09-02 13:46:19.649,110970.88,5e-05,2.623423423423004,BINANCE
2025-09-02 13:46:19.649,110970.87,5e-05,2.6243243243247436,BINANCE
2025-09-02 13:46:19.649,110970.78,8e-05,2.6324324324325374,BINANCE
2025-09-02 13:46:19.649,110971.4,5e-05,2.576576576577101,BINANCE
2025-09-02 13:46:19.649,110971.96,0.00084,2.526126126125549,BINANCE
2025-09-02 13:46:19.649,110970.58,5e-05,2.6504504504502933,BINANCE
2025-09-02 13:46:19.649,110970.58,0.00055,2.6504504504502933,BINANCE
2025-09-02 13:46:19.649,110970.51,0.00108,2.656756756757229,BINANCE
2025-09-02 13:46:19.649,110970.46,0.00012,2.6612612612606847,BINANCE
2025-09-02 13:46:19.649,110970.68,5e-05,2.6414414414420704,BINANCE
2025-09-02 13:46:19.656,110976.63,0.00047,2.1054054054049858,BINANCE
2025-09-02 13:46:19.656,110977.79,5e-05,2.0009009009014775,BINANCE
2025-09-02 13:46:19.656,110976.74,6e-05,2.0954954954950233,BINANCE
2025-09-02 13:46:19.656,110976.85,0.00035,2.085585585585061,BINANCE
2025-09-02 13:46:19.656,110976.97,0.00306,2.07477477477467,BINANCE
2025-09-02 13:46:19.656,110977.03,0.00948,2.069369369369474,BINANCE
2025-09-02 13:46:19.656,110977.1,0.00357,2.063063063062539,BINANCE
2025-09-02 13:46:19.656,110977.12,0.0001,2.0612612612616807,BINANCE
2025-09-02 13:46:19.656,110977.43,0.00017,2.033333333333963,BINANCE
2025-09-02 13:46:19.656,110977.82,0.00259,1.998198198197569,BINANCE
2025-09-02 13:46:19.656,110979.0,7e-05,1.8918918918918919,BINANCE
2025-09-02 13:46:19.656,110978.09,0.00071,1.9738738738741883,BINANCE
2025-09-02 13:46:19.656,110978.32,0.00081,1.953153153152524,BINANCE
2025-09-02 13:46:19.656,110978.35,5e-05,1.950450450449926,BINANCE
2025-09-02 13:46:19.656,110978.75,0.00183,1.9144144144144144,BINANCE
2025-09-02 13:46:19.656,110978.98,0.00049,1.8936936936940607,BINANCE
2025-09-02 13:46:19.656,110979.0,0.061,1.8918918918918919,BINANCE
2025-09-02 13:46:19.656,110979.34,5e-05,1.8612612612615758,BINANCE
2025-09-02 13:46:19.656,110979.54,0.00086,1.84324324324382,BINANCE
2025-09-02 13:46:19.656,110979.55,0.00024,1.8423423423420802,BINANCE
2025-09-02 13:46:19.656,110976.41,9e-05,2.1252252252249106,BINANCE
2025-09-02 13:46:19.656,110977.98,0.00046,1.9837837837841508,BINANCE
2025-09-02 13:46:19.656,110976.33,0.002,2.132432432432275,BINANCE
2025-09-02 13:46:19.656,110975.32,5e-05,2.223423423422794,BINANCE
2025-09-02 13:46:19.656,110976.0,0.0004,2.1621621621621623,BINANCE
2025-09-02 13:46:19.656,110974.5,0.00131,2.2972972972972974,BINANCE
2025-09-02 13:46:19.656,110974.5,5e-05,2.2972972972972974,BINANCE
2025-09-02 13:46:19.656,110974.53,0.00654,2.2945945945946997,BINANCE
2025-09-02 13:46:19.656,110974.86,9e-05,2.2648648648648124,BINANCE
2025-09-02 13:46:19.656,110974.87,0.00114,2.2639639639643834,BINANCE
2025-09-02 13:46:19.656,110974.87,5e-05,2.2639639639643834,BINANCE
2025-09-02 13:46:19.656,110974.87,0.00013,2.2639639639643834,BINANCE
2025-09-02 13:46:19.656,110974.87,0.00029,2.2639639639643834,BINANCE
2025-09-02 13:46:19.656,110975.0,6e-05,2.2522522522522523,BINANCE
2025-09-02 13:46:19.656,110976.0,0.00015,2.1621621621621623,BINANCE
2025-09-02 13:46:19.656,110975.21,0.00053,2.2333333333327565,BINANCE
2025-09-02 13:46:19.656,110975.32,0.00019,2.223423423422794,BINANCE
2025-09-02 13:46:19.656,110975.33,0.00011,2.2225225225223655,BINANCE
2025-09-02 13:46:19.656,110975.33,5e-05,2.2225225225223655,BINANCE
2025-09-02 13:46:19.656,110975.43,6e-05,2.2135135135141426,BINANCE
2025-09-02 13:46:19.656,110975.52,5e-05,2.2054054054050383,BINANCE
2025-09-02 13:46:19.656,110975.82,0.00015,2.178378378377749,BINANCE
2025-09-02 13:46:19.656,110975.84,9e-05,2.176576576576891,BINANCE
2025-09-02 13:46:19.656,110976.0,0.00052,2.1621621621621623,BINANCE
2025-09-02 13:46:19.656,110976.0,0.002,2.1621621621621623,BINANCE
2025-09-02 13:46:19.657,110977.75,5e-05,2.0045045045045047,BINANCE
2025-09-02 13:46:19.666,110979.66,0.00895,1.8324324324321177,BINANCE
2025-09-02 13:46:19.666,110979.66,6e-05,1.8324324324321177,BINANCE
2025-09-02 13:46:19.667,110979.66,0.00901,1.8324324324321177,BINANCE
2025-09-02 13:46:19.668,110979.66,0.05,1.8324324324321177,BINANCE
2025-09-02 13:46:19.671,110979.66,0.00722,1.8324324324321177,BINANCE
2025-09-02 13:46:19.671,110979.66,0.28062,1.8324324324321177,BINANCE
2025-09-02 13:46:19.672,110979.82,5e-05,1.8180180180173886,BINANCE
2025-09-02 13:46:19.672,110979.82,0.00039,1.8180180180173886,BINANCE
2025-09-02 13:46:19.672,110979.82,0.08452,1.8180180180173886,BINANCE
2025-09-02 13:46:19.673,110979.66,0.02871,1.8324324324321177,BINANCE
2025-09-02 13:46:19.675,110979.82,0.00901,1.8180180180173886,BINANCE
2025-09-02 13:46:19.681,110979.82,0.08452,1.8180180180173886,BINANCE
2025-09-02 13:46:19.681,110979.82,0.00044,1.8180180180173886,BINANCE
2025-09-02 13:46:19.681,110979.82,0.21791,1.8180180180173886,BINANCE
2025-09-02 13:46:19.681,110979.82,0.00718,1.8180180180173886,BINANCE
2025-09-02 13:46:19.681,110979.82,0.00662,1.8180180180173886,BINANCE
2025-09-02 13:46:19.681,110979.82,0.00422,1.8180180180173886,BINANCE
2025-09-02 13:46:19.689,110979.82,0.29077,1.8180180180173886,BINANCE
2025-09-02 13:46:19.689,110979.82,0.00422,1.8180180180173886,BINANCE
2025-09-02 13:46:19.689,110979.82,0.07465,1.8180180180173886,BINANCE
2025-09-02 13:46:19.689,110979.82,0.00044,1.8180180180173886,BINANCE
2025-09-02 13:46:19.689,110979.82,0.07368,1.8180180180173886,BINANCE
2025-09-02 13:46:19.689,110979.82,0.08452,1.8180180180173886,BINANCE
2025-09-02 13:46:19.705,110979.82,0.00053,1.8180180180173886,BINANCE
2025-09-02 13:46:19.714,110979.82,0.00343,1.8180180180173886,BINANCE
2025-09-02 13:46:19.716,110979.82,0.18309,1.8180180180173886,BINANCE
2025-09-02 13:46:19.716,110979.82,0.0001,1.8180180180173886,BINANCE
2025-09-02 13:46:19.736,110979.82,0.00019,1.8180180180173886,BINANCE
2025-09-02 13:46:19.745,110979.82,0.04848,1.8180180180173886,BINANCE
2025-09-02 13:46:19.750,110979.99,5e-05,1.8027027027022307,BINANCE
2025-09-02 13:46:19.750,110979.92,5e-05,1.8090090090091664,BINANCE
2025-09-02 13:46:19.750,110979.82,5e-05,1.8180180180173886,BINANCE
2025-09-02 13:46:19.750,110980.0,0.007,1.8018018018018018,BINANCE
2025-09-02 13:46:19.750,110980.0,0.01784,1.8018018018018018,BINANCE
2025-09-02 13:46:19.750,110979.83,5e-05,1.8171171171169598,BINANCE
2025-09-02 13:46:19.750,110979.83,0.0001,1.8171171171169598,BINANCE
2025-09-02 13:46:19.750,110979.82,0.0298,1.8180180180173886,BINANCE
2025-09-02 13:46:19.750,110979.82,0.0001,1.8180180180173886,BINANCE
2025-09-02 13:46:19.750,110979.82,0.002,1.8180180180173886,BINANCE
2025-09-02 13:46:19.750,110979.82,0.09046,1.8180180180173886,BINANCE
2025-09-02 13:46:19.751,110980.0,0.01255,1.8018018018018018,BINANCE
2025-09-02 13:46:19.751,110980.0,0.0004,1.8018018018018018,BINANCE
2025-09-02 13:46:19.751,110980.0,0.00015,1.8018018018018018,BINANCE
2025-09-02 13:46:19.751,110980.0,5e-05,1.8018018018018018,BINANCE
2025-09-02 13:46:19.751,110980.0,0.00604,1.8018018018018018,BINANCE
2025-09-02 13:46:19.751,110980.0,0.03262,1.8018018018018018,BINANCE
2025-09-02 13:46:19.751,110980.0,0.002,1.8018018018018018,BINANCE
2025-09-02 13:46:19.753,110980.0,0.01185,1.8018018018018018,BINANCE
2025-09-02 13:46:19.753,110980.0,5e-05,1.8018018018018018,BINANCE
2025-09-02 13:46:19.753,110980.0,0.00547,1.8018018018018018,BINANCE
2025-09-02 13:46:19.754,110980.0,0.01757,1.8018018018018018,BINANCE
2025-09-02 13:46:19.770,110980.0,0.05966,1.8018018018018018,BINANCE
2025-09-02 13:46:19.779,110980.0,0.10365,1.8018018018018018,BINANCE
2025-09-02 13:46:19.784,110980.0,0.00026,1.8018018018018018,BINANCE
2025-09-02 13:46:19.784,110980.0,0.04579,1.8018018018018018,BINANCE
2025-09-02 13:46:19.786,110980.0,0.04,1.8018018018018018,BINANCE
2025-09-02 13:46:19.789,110980.0,0.04522,1.8018018018018018,BINANCE
2025-09-02 13:46:19.791,110980.0,0.04722,1.8018018018018018,BINANCE
2025-09-02 13:46:19.795,110980.0,0.30229,1.8018018018018018,BINANCE
2025-09-02 13:46:19.795,110980.0,0.04697,1.8018018018018018,BINANCE
2025-09-02 13:46:19.797,110980.0,0.07342,1.8018018018018018,BINANCE
2025-09-02 13:46:19.863,110979.99,0.00135,1.8027027027022307,BINANCE
2025-09-02 13:46:19.890,110979.99,0.00028,1.8027027027022307,BINANCE
2025-09-02 13:46:20.010,110980.0,5e-05,1.8018018018018018,BINANCE
2025-09-02 13:46:20.010,110980.0,2e-05,1.8018018018018018,BINANCE
2025-09-02 13:46:20.016,110979.99,0.09015,1.8027027027022307,BINANCE
2025-09-02 13:46:20.025,110979.99,6e-05,1.8027027027022307,BINANCE
2025-09-02 13:46:20.044,110980.0,0.00451,1.8018018018018018,BINANCE
2025-09-02 13:46:20.099,110979.99,0.00058,1.8027027027022307,BINANCE
2025-09-02 13:46:20.109,110979.99,0.00351,1.8027027027022307,BINANCE
2025-09-02 13:46:20.113,110979.99,0.00046,1.8027027027022307,BINANCE
2025-09-02 13:46:20.156,110980.0,0.018,1.8018018018018018,BINANCE
2025-09-02 13:46:20.157,110980.0,0.00272,1.8018018018018018,BINANCE
2025-09-02 13:46:20.157,110980.0,0.01528,1.8018018018018018,BINANCE
2025-09-02 13:46:20.158,110980.0,0.00227,1.8018018018018018,BINANCE
2025-09-02 13:46:20.158,110980.0,0.01373,1.8018018018018018,BINANCE
2025-09-02 13:46:20.173,110980.0,0.019,1.8018018018018018,BINANCE
2025-09-02 13:46:20.193,110980.0,0.036,1.8018018018018018,BINANCE
2025-09-02 13:46:20.207,110979.99,9e-05,1.8027027027022307,BINANCE
2025-09-02 13:46:20.365,110979.99,9e-05,1.8027027027022307,BINANCE
2025-09-02 13:46:20.407,110979.99,0.0039,1.8027027027022307,BINANCE
2025-09-02 13:46:20.420,110979.83,5e-05,1.8171171171169598,BINANCE
2025-09-02 13:46:20.420,110979.96,0.0005,1.8054054054048285,BINANCE
2025-09-02 13:46:20.420,110979.99,0.00122,1.8027027027022307,BINANCE
2025-09-02 13:46:20.420,110979.99,0.00055,1.8027027027022307,BINANCE
2025-09-02 13:46:20.420,110979.99,0.07903,1.8027027027022307,BINANCE
2025-09-02 13:46:20.420,110979.99,0.1296,1.8027027027022307,BINANCE
2025-09-02 13:46:20.420,110979.99,5e-05,1.8027027027022307,BINANCE
2025-09-02 13:46:20.420,110979.82,5e-05,1.8180180180173886,BINANCE
2025-09-02 13:46:20.420,110979.99,0.03154,1.8027027027022307,BINANCE
2025-09-02 13:46:20.420,110979.99,0.015,1.8027027027022307,BINANCE
2025-09-02 13:46:20.420,110979.99,0.03349,1.8027027027022307,BINANCE
2025-09-02 13:46:20.420,110979.99,0.05407,1.8027027027022307,BINANCE
2025-09-02 13:46:20.420,110979.99,0.0542,1.8027027027022307,BINANCE
2025-09-02 13:46:20.420,110979.99,0.05392,1.8027027027022307,BINANCE
2025-09-02 13:46:20.420,110979.99,0.02666,1.8027027027022307,BINANCE
2025-09-02 13:46:20.420,110979.99,0.03157,1.8027027027022307,BINANCE
2025-09-02 13:46:20.421,110978.0,5e-05,1.981981981981982,BINANCE
2025-09-02 13:46:20.421,110978.01,5e-05,1.9810810810815531,BINANCE
2025-09-02 13:46:20.421,110976.86,5e-05,2.0846846846846323,BINANCE
2025-09-02 13:46:20.429,110976.01,5e-05,2.1612612612617332,BINANCE
2025-09-02 13:46:20.429,110976.01,0.0001,2.1612612612617332,BINANCE
2025-09-02 13:46:20.430,110976.01,0.0001,2.1612612612617332,BINANCE
2025-09-02 13:46:20.485,110975.65,5e-05,2.193693693694218,BINANCE
2025-09-02 13:46:20.485,110974.87,5e-05,2.2639639639643834,BINANCE
2025-09-02 13:46:20.485,110975.33,5e-05,2.2225225225223655,BINANCE
2025-09-02 13:46:20.485,110975.64,5e-05,2.194594594594647,BINANCE
2025-09-02 13:46:20.485,110974.87,0.012,2.2639639639643834,BINANCE
2025-09-02 13:46:20.485,110975.66,5e-05,2.192792792792478,BINANCE
2025-09-02 13:46:20.485,110976.01,5e-05,2.1612612612617332,BINANCE
2025-09-02 13:46:20.485,110976.0,5e-05,2.1621621621621623,BINANCE
2025-09-02 13:46:20.485,110976.01,0.04064,2.1612612612617332,BINANCE
2025-09-02 13:46:20.485,110976.01,0.0001,2.1612612612617332,BINANCE
2025-09-02 13:46:20.489,110972.2,5e-05,2.5045045045047667,BINANCE
2025-09-02 13:46:20.489,110972.01,5e-05,2.5216216216220935,BINANCE
2025-09-02 13:46:20.489,110970.0,0.00012,2.7027027027027026,BINANCE
2025-09-02 13:46:20.489,110970.51,5e-05,2.656756756757229,BINANCE
2025-09-02 13:46:20.489,110970.02,5e-05,2.7009009009005336,BINANCE
2025-09-02 13:46:20.489,110973.03,5e-05,2.4297297297298344,BINANCE
2025-09-02 13:46:20.489,110972.0,5e-05,2.5225225225225225,BINANCE
2025-09-02 13:46:20.489,110973.04,5e-05,2.4288288288294058,BINANCE
2025-09-02 13:46:20.489,110974.01,5e-05,2.3414414414419134,BINANCE
2025-09-02 13:46:20.489,110974.0,5e-05,2.3423423423423424,BINANCE
2025-09-02 13:46:20.489,110974.1,5e-05,2.333333333332809,BINANCE
2025-09-02 13:46:20.489,110974.11,5e-05,2.33243243243238,BINANCE
2025-09-02 13:46:20.500,110970.0,0.00013,2.7027027027027026,BINANCE
2025-09-02 13:46:20.501,110970.01,0.05051,2.7018018018022736,BINANCE
2025-09-02 13:46:20.501,110970.01,0.02615,2.7018018018022736,BINANCE
2025-09-02 13:46:20.501,110970.01,0.855,2.7018018018022736,BINANCE
2025-09-02 13:46:20.501,110970.01,0.48942,2.7018018018022736,BINANCE
2025-09-02 13:46:20.501,110970.0,0.009,2.7027027027027026,BINANCE
2025-09-02 13:46:20.501,110970.01,0.09351,2.7018018018022736,BINANCE
2025-09-02 13:46:20.571,110970.0,0.00041,2.7027027027027026,BINANCE
2025-09-02 13:46:20.578,110970.01,0.0001,2.7018018018022736,BINANCE
2025-09-02 13:46:20.578,110970.01,0.00117,2.7018018018022736,BINANCE
2025-09-02 13:46:20.578,110970.01,0.01,2.7018018018022736,BINANCE
2025-09-02 13:46:20.578,110970.01,5e-05,2.7018018018022736,BINANCE
2025-09-02 13:46:20.612,110979.96,5e-05,1.8054054054048285,BINANCE
2025-09-02 13:46:20.612,110978.02,0.00198,1.9801801801798131,BINANCE
2025-09-02 13:46:20.612,110978.02,2e-05,1.9801801801798131,BINANCE
2025-09-02 13:46:20.612,110975.33,5e-05,2.2225225225223655,BINANCE
2025-09-02 13:46:20.612,110974.19,5e-05,2.325225225225015,BINANCE
2025-09-02 13:46:20.612,110974.0,5e-05,2.3423423423423424,BINANCE
2025-09-02 13:46:20.612,110970.02,5e-05,2.7009009009005336,BINANCE
2025-09-02 13:46:20.612,110970.01,0.0001,2.7018018018022736,BINANCE
2025-09-02 13:46:20.612,110970.01,5e-05,2.7018018018022736,BINANCE
2025-09-02 13:46:20.612,110970.02,0.0001,2.7009009009005336,BINANCE
2025-09-02 13:46:20.624,110979.97,5e-05,1.8045045045043997,BINANCE
2025-09-02 13:46:20.624,110979.97,0.00737,1.8045045045043997,BINANCE
2025-09-02 13:46:20.642,110979.96,5e-05,1.8054054054048285,BINANCE
2025-09-02 13:46:20.685,110979.97,7e-05,1.8045045045043997,BINANCE
2025-09-02 13:46:20.685,110979.97,5e-05,1.8045045045043997,BINANCE
2025-09-02 13:46:20.872,110979.97,5e-05,1.8045045045043997,BINANCE
2025-09-02 13:46:20.872,110979.97,0.00011,1.8045045045043997,BINANCE
2025-09-02 13:46:20.876,110979.97,0.00734,1.8045045045043997,BINANCE
2025-09-02 13:46:20.877,110979.97,0.0001,1.8045045045043997,BINANCE
2025-09-02 13:46:20.886,110979.97,0.14691,1.8045045045043997,BINANCE
2025-09-02 13:46:20.886,110979.97,0.02947,1.8045045045043997,BINANCE
2025-09-02 13:46:20.886,110979.97,0.07609,1.8045045045043997,BINANCE
2025-09-02 13:46:20.886,110979.97,0.01262,1.8045045045043997,BINANCE
2025-09-02 13:46:20.886,110979.97,0.01885,1.8045045045043997,BINANCE
2025-09-02 13:46:20.904,110979.96,8e-05,1.8054054054048285,BINANCE
2025-09-02 13:46:20.961,110979.96,0.01911,1.8054054054048285,BINANCE
2025-09-02 13:46:20.972,110979.96,0.00346,1.8054054054048285,BINANCE
2025-09-02 13:46:21.035,110979.96,0.00314,1.8054054054048285,BINANCE
2025-09-02 13:46:21.053,110979.97,0.01,1.8045045045043997,BINANCE
2025-09-02 13:46:21.053,110979.97,0.00935,1.8045045045043997,BINANCE
2025-09-02 13:46:21.053,110979.97,0.0001,1.8045045045043997,BINANCE
2025-09-02 13:46:21.053,110979.97,5e-05,1.8045045045043997,BINANCE
2025-09-02 13:46:21.053,110979.97,0.0262,1.8045045045043997,BINANCE
2025-09-02 13:46:21.070,110980.19,0.00406,1.784684684684475,BINANCE
2025-09-02 13:46:21.070,110980.0,0.27038,1.8018018018018018,BINANCE
2025-09-02 13:46:21.070,110980.0,0.09013,1.8018018018018018,BINANCE
2025-09-02 13:46:21.070,110980.0,5e-05,1.8018018018018018,BINANCE
2025-09-02 13:46:21.070,110980.43,0.00034,1.7630630630636923,BINANCE
2025-09-02 13:46:21.070,110980.74,5e-05,1.735135135134663,BINANCE
2025-09-02 13:46:21.070,110980.43,5e-05,1.7630630630636923,BINANCE
2025-09-02 13:46:21.070,110980.5,0.00016,1.7567567567567568,BINANCE
2025-09-02 13:46:21.070,110980.57,0.00556,1.7504504504498213,BINANCE
2025-09-02 13:46:21.070,110980.57,5e-05,1.7504504504498213,BINANCE
2025-09-02 13:46:21.070,110979.99,5e-05,1.8027027027022307,BINANCE
2025-09-02 13:46:21.070,110980.95,0.0074,1.7162162162164785,BINANCE
2025-09-02 13:46:21.070,110980.95,5e-05,1.7162162162164785,BINANCE
2025-09-02 13:46:21.070,110979.97,0.06428,1.8045045045043997,BINANCE
2025-09-02 13:46:21.070,110979.97,0.0001,1.8045045045043997,BINANCE
2025-09-02 13:46:21.070,110979.97,5e-05,1.8045045045043997,BINANCE
2025-09-02 13:46:21.070,110979.98,5e-05,1.8036036036039707,BINANCE
2025-09-02 13:46:21.070,110979.98,0.0001,1.8036036036039707,BINANCE
2025-09-02 13:46:21.075,110981.02,0.03039,1.709909909909543,BINANCE
2025-09-02 13:46:21.081,110981.15,0.00033,1.6981981981987226,BINANCE
2025-09-02 13:46:21.081,110981.25,5e-05,1.6891891891891893,BINANCE
2025-09-02 13:46:21.081,110981.15,5e-05,1.6981981981987226,BINANCE
2025-09-02 13:46:21.081,110981.04,5e-05,1.708108108108685,BINANCE
2025-09-02 13:46:21.081,110981.03,5e-05,1.709009009009114,BINANCE
2025-09-02 13:46:21.081,110981.03,0.00357,1.709009009009114,BINANCE
2025-09-02 13:46:21.083,110981.03,0.02853,1.709009009009114,BINANCE
2025-09-02 13:46:21.096,110982.0,0.00158,1.6216216216216215,BINANCE
2025-09-02 13:46:21.097,110982.42,5e-05,1.583783783783941,BINANCE
2025-09-02 13:46:21.097,110982.57,0.0003,1.570270270269641,BINANCE
2025-09-02 13:46:21.097,110982.57,5e-05,1.570270270269641,BINANCE
2025-09-02 13:46:21.097,110982.57,6e-05,1.570270270269641,BINANCE
2025-09-02 13:46:21.097,110982.61,0.00015,1.5666666666666142,BINANCE
2025-09-02 13:46:21.097,110982.61,7e-05,1.5666666666666142,BINANCE
2025-09-02 13:46:21.097,110982.61,9e-05,1.5666666666666142,BINANCE
2025-09-02 13:46:21.097,110982.26,5e-05,1.5981981981986702,BINANCE
2025-09-02 13:46:21.097,110982.0,0.00636,1.6216216216216215,BINANCE
2025-09-02 13:46:21.097,110982.02,5e-05,1.6198198198194529,BINANCE
2025-09-02 13:46:21.097,110982.0,5e-05,1.6216216216216215,BINANCE
2025-09-02 13:46:21.097,110982.26,0.00017,1.5981981981986702,BINANCE
2025-09-02 13:46:21.097,110982.01,5e-05,1.6207207207211927,BINANCE
2025-09-02 13:46:21.097,110982.02,7e-05,1.6198198198194529,BINANCE
2025-09-02 13:46:21.099,110983.1,0.00752,1.522522522521998,BINANCE
2025-09-02 13:46:21.099,110983.57,0.00016,1.4801801801795509,BINANCE
2025-09-02 13:46:21.099,110983.57,0.00041,1.4801801801795509,BINANCE
2025-09-02 13:46:21.099,110983.32,5e-05,1.5027027027020734,BINANCE
2025-09-02 13:46:21.099,110983.1,5e-05,1.522522522521998,BINANCE
2025-09-02 13:46:21.099,110983.08,6e-05,1.524324324324167,BINANCE
2025-09-02 13:46:21.099,110982.99,5e-05,1.5324324324319605,BINANCE
2025-09-02 13:46:21.099,110983.0,5e-05,1.5315315315315317,BINANCE
2025-09-02 13:46:21.099,110982.91,0.0009,1.539639639639325,BINANCE
2025-09-02 13:46:21.105,110984.56,8e-05,1.3909909909912008,BINANCE
2025-09-02 13:46:21.105,110984.95,0.00032,1.3558558558561182,BINANCE
2025-09-02 13:46:21.105,110985.0,0.0091,1.3513513513513513,BINANCE
2025-09-02 13:46:21.105,110985.0,0.00059,1.3513513513513513,BINANCE
2025-09-02 13:46:21.105,110985.0,5e-05,1.3513513513513513,BINANCE
2025-09-02 13:46:21.105,110985.04,5e-05,1.3477477477483244,BINANCE
2025-09-02 13:46:21.105,110985.04,0.0071,1.3477477477483244,BINANCE
2025-09-02 13:46:21.105,110984.41,6e-05,1.40450450450419,BINANCE
2025-09-02 13:46:21.105,110985.21,5e-05,1.3324324324318557,BINANCE
2025-09-02 13:46:21.105,110985.23,7e-05,1.3306306306309976,BINANCE
2025-09-02 13:46:21.105,110985.02,0.00018,1.3495495495491825,BINANCE
2025-09-02 13:46:21.105,110984.0,0.00015,1.4414414414414416,BINANCE
2025-09-02 13:46:21.105,110984.42,0.0001,1.4036036036037607,BINANCE
2025-09-02 13:46:21.105,110984.0,0.0004,1.4414414414414416,BINANCE
2025-09-02 13:46:21.105,110983.89,7e-05,1.4513513513514036,BINANCE
2025-09-02 13:46:21.105,110983.89,5e-05,1.4513513513514036,BINANCE
2025-09-02 13:46:21.105,110983.9,9e-05,1.4504504504509748,BINANCE
2025-09-02 13:46:21.105,110983.9,5e-05,1.4504504504509748,BINANCE
2025-09-02 13:46:21.105,110984.0,0.002,1.4414414414414416,BINANCE
2025-09-02 13:46:21.110,110986.8,7e-05,1.189189189188927,BINANCE
2025-09-02 13:46:21.110,110987.4,0.00013,1.1351351351356596,BINANCE
2025-09-02 13:46:21.110,110987.35,0.00389,1.1396396396391153,BINANCE
2025-09-02 13:46:21.110,110987.35,0.00572,1.1396396396391153,BINANCE
2025-09-02 13:46:21.110,110987.34,0.00027,1.1405405405408553,BINANCE
2025-09-02 13:46:21.110,110986.96,0.00168,1.174774774774198,BINANCE
2025-09-02 13:46:21.110,110987.4,0.00032,1.1351351351356596,BINANCE
2025-09-02 13:46:21.110,110986.96,8e-05,1.174774774774198,BINANCE
2025-09-02 13:46:21.110,110986.96,0.00016,1.174774774774198,BINANCE
2025-09-02 13:46:21.110,110986.96,0.00064,1.174774774774198,BINANCE
2025-09-02 13:46:21.110,110986.66,0.00031,1.201801801801487,BINANCE
2025-09-02 13:46:21.110,110985.77,0.00357,1.281981981981615,BINANCE
2025-09-02 13:46:21.110,110986.48,6e-05,1.218018018018385,BINANCE
2025-09-02 13:46:21.110,110986.34,8e-05,1.2306306306309454,BINANCE
2025-09-02 13:46:21.110,110986.15,5e-05,1.2477477477482721,BINANCE
2025-09-02 13:46:21.110,110986.14,0.00035,1.248648648648701,BINANCE
2025-09-02 13:46:21.110,110986.03,0.00018,1.2585585585586634,BINANCE
2025-09-02 13:46:21.110,110985.68,5e-05,1.2900900900907195,BINANCE
2025-09-02 13:46:21.110,110985.68,0.00105,1.2900900900907195,BINANCE
2025-09-02 13:46:21.110,110985.63,5e-05,1.2945945945941753,BINANCE
2025-09-02 13:46:21.110,110985.49,0.00654,1.3072072072067351,BINANCE
2025-09-02 13:46:21.110,110985.34,5e-05,1.3207207207210352,BINANCE
2025-09-02 13:46:21.110,110986.66,7e-05,1.201801801801487,BINANCE
2025-09-02 13:46:21.117,110987.99,5e-05,1.08198198198151,BINANCE
2025-09-02 13:46:21.117,110987.44,0.0001,1.1315315315313217,BINANCE
2025-09-02 13:46:21.117,110987.44,0.00025,1.1315315315313217,BINANCE
2025-09-02 13:46:21.117,110987.5,0.0074,1.1261261261261262,BINANCE
2025-09-02 13:46:21.122,110988.0,0.0006,1.0810810810810811,BINANCE
2025-09-02 13:46:21.148,110988.0,0.0027,1.0810810810810811,BINANCE
2025-09-02 13:46:21.152,110988.0,0.0027,1.0810810810810811,BINANCE
2025-09-02 13:46:21.175,110988.0,5e-05,1.0810810810810811,BINANCE
2025-09-02 13:46:21.175,110988.01,0.0001,1.080180180180652,BINANCE
2025-09-02 13:46:21.175,110988.98,5e-05,0.9927927927931599,BINANCE
2025-09-02 13:46:21.175,110988.76,8e-05,1.0126126126130846,BINANCE
2025-09-02 13:46:21.175,110989.0,0.00205,0.990990990990991,BINANCE
2025-09-02 13:46:21.175,110988.64,0.00372,1.0234234234234758,BINANCE
2025-09-02 13:46:21.175,110988.0,0.00015,1.0810810810810811,BINANCE
2025-09-02 13:46:21.175,110988.0,0.0001,1.0810810810810811,BINANCE
2025-09-02 13:46:21.175,110988.0,0.0004,1.0810810810810811,BINANCE
2025-09-02 13:46:21.175,110988.0,0.002,1.0810810810810811,BINANCE
2025-09-02 13:46:21.175,110988.0,0.001,1.0810810810810811,BINANCE
2025-09-02 13:46:21.175,110988.0,0.0934,1.0810810810810811,BINANCE
2025-09-02 13:46:21.179,110989.0,0.009,0.990990990990991,BINANCE
2025-09-02 13:46:21.181,110989.0,1e-05,0.990990990990991,BINANCE
2025-09-02 13:46:21.181,110989.0,5e-05,0.990990990990991,BINANCE
2025-09-02 13:46:21.181,110989.0,0.00895,0.990990990990991,BINANCE
2025-09-02 13:46:21.189,110990.0,5e-05,0.9009009009009009,BINANCE
2025-09-02 13:46:21.189,110990.0,0.01265,0.9009009009009009,BINANCE
2025-09-02 13:46:21.189,110990.0,0.00017,0.9009009009009009,BINANCE
2025-09-02 13:46:21.189,110990.0,0.00368,0.9009009009009009,BINANCE
2025-09-02 13:46:21.189,110990.0,0.00058,0.9009009009009009,BINANCE
2025-09-02 13:46:21.189,110989.71,0.00058,0.9270270270264502,BINANCE
2025-09-02 13:46:21.189,110989.58,7e-05,0.9387387387385814,BINANCE
2025-09-02 13:46:21.189,110989.58,6e-05,0.9387387387385814,BINANCE
2025-09-02 13:46:21.189,110989.42,0.00029,0.9531531531533105,BINANCE
2025-09-02 13:46:21.189,110989.4,0.0001,0.9549549549554793,BINANCE
2025-09-02 13:46:21.189,110989.42,0.00205,0.9531531531533105,BINANCE
2025-09-02 13:46:21.189,110989.0,4e-05,0.990990990990991,BINANCE
2025-09-02 13:46:21.189,110989.0,0.0001,0.990990990990991,BINANCE
2025-09-02 13:46:21.189,110989.0,5e-05,0.990990990990991,BINANCE
2025-09-02 13:46:21.189,110989.01,0.0001,0.9900900900905621,BINANCE
2025-09-02 13:46:21.193,110990.76,5e-05,0.8324324324329043,BINANCE
2025-09-02 13:46:21.193,110991.56,5e-05,0.7603603603605701,BINANCE
2025-09-02 13:46:21.193,110991.39,5e-05,0.7756756756757281,BINANCE
2025-09-02 13:46:21.193,110991.26,0.00083,0.7873873873878594,BINANCE
2025-09-02 13:46:21.193,110990.75,0.00022,0.8333333333333333,BINANCE
2025-09-02 13:46:21.193,110990.11,6e-05,0.8909909909909385,BINANCE
2025-09-02 13:46:21.193,110990.64,6e-05,0.8432432432432957,BINANCE
2025-09-02 13:46:21.193,110990.37,5e-05,0.8675675675679871,BINANCE
2025-09-02 13:46:21.193,110990.32,5e-05,0.8720720720714429,BINANCE
2025-09-02 13:46:21.193,110990.73,5e-05,0.8351351351355022,BINANCE
2025-09-02 13:46:21.198,110991.8,0.00046,0.7387387387384765,BINANCE
2025-09-02 13:46:21.198,110991.78,5e-05,0.7405405405406454,BINANCE
2025-09-02 13:46:21.198,110991.66,5e-05,0.7513513513510367,BINANCE
2025-09-02 13:46:21.198,110991.66,0.00017,0.7513513513510367,BINANCE
2025-09-02 13:46:21.198,110991.62,5e-05,0.7549549549553745,BINANCE
2025-09-02 13:46:21.201,110992.31,0.01489,0.6927927927930025,BINANCE
2025-09-02 13:46:21.201,110992.3,5e-05,0.6936936936934316,BINANCE
2025-09-02 13:46:21.201,110992.15,7e-05,0.7072072072077316,BINANCE
2025-09-02 13:46:21.201,110992.14,0.00357,0.7081081081081605,BINANCE
2025-09-02 13:46:21.201,110992.07,0.00014,0.7144144144137851,BINANCE
2025-09-02 13:46:21.201,110992.0,0.00015,0.7207207207207208,BINANCE
2025-09-02 13:46:21.201,110992.0,0.0004,0.7207207207207208,BINANCE
2025-09-02 13:46:21.201,110992.0,0.002,0.7207207207207208,BINANCE
2025-09-02 13:46:21.201,110992.0,5e-05,0.7207207207207208,BINANCE
2025-09-02 13:46:21.201,110991.8,0.00018,0.7387387387384765,BINANCE
2025-09-02 13:46:21.264,110992.3,0.00297,0.6936936936934316,BINANCE
2025-09-02 13:46:21.352,110992.3,0.00278,0.6936936936934316,BINANCE
2025-09-02 13:46:21.377,110992.31,0.00358,0.6927927927930025,BINANCE
2025-09-02 13:46:21.410,110992.31,0.00017,0.6927927927930025,BINANCE
2025-09-02 13:46:21.548,110992.3,0.00073,0.6936936936934316,BINANCE
2025-09-02 13:46:21.548,110992.3,8e-05,0.6936936936934316,BINANCE
2025-09-02 13:46:21.580,110992.31,0.0009,0.6927927927930025,BINANCE
2025-09-02 13:46:21.780,110992.3,0.00266,0.6936936936934316,BINANCE
2025-09-02 13:46:21.871,110992.3,0.00183,0.6936936936934316,BINANCE
2025-09-02 13:46:21.880,110992.3,0.00379,0.6936936936934316,BINANCE
2025-09-02 13:46:21.962,110992.3,0.0002,0.6936936936934316,BINANCE
2025-09-02 13:46:22.070,110992.31,0.0008,0.6927927927930025,BINANCE
2025-09-02 13:46:22.110,110992.3,9e-05,0.6936936936934316,BINANCE
2025-09-02 13:46:22.115,110992.31,0.00451,0.6927927927930025,BINANCE
2025-09-02 13:46:22.169,110992.31,0.0001,0.6927927927930025,BINANCE
2025-09-02 13:46:22.200,110992.3,0.0018,0.6936936936934316,BINANCE
2025-09-02 13:46:22.322,110992.31,9e-05,0.6927927927930025,BINANCE
2025-09-02 13:46:22.390,110992.3,0.01642,0.6936936936934316,BINANCE
2025-09-02 13:46:22.437,110992.3,0.01,0.6936936936934316,BINANCE
2025-09-02 13:46:22.437,110992.3,0.002,0.6936936936934316,BINANCE
2025-09-02 13:46:22.437,110992.3,0.00069,0.6936936936934316,BINANCE
2025-09-02 13:46:22.437,110992.3,0.00541,0.6936936936934316,BINANCE
2025-09-02 13:46:22.437,110992.3,5e-05,0.6936936936934316,BINANCE
2025-09-02 13:46:22.437,110992.0,5e-05,0.7207207207207208,BINANCE
2025-09-02 13:46:22.437,110992.01,5e-05,0.7198198198202918,BINANCE
2025-09-02 13:46:22.437,110991.56,5e-05,0.7603603603605701,BINANCE
2025-09-02 13:46:22.437,110992.3,0.01539,0.6936936936934316,BINANCE
2025-09-02 13:46:22.437,110992.3,0.00064,0.6936936936934316,BINANCE
2025-09-02 13:46:22.437,110992.3,0.00017,0.6936936936934316,BINANCE
2025-09-02 13:46:22.437,110992.3,0.11277,0.6936936936934316,BINANCE
2025-09-02 13:46:22.437,110992.3,0.05406,0.6936936936934316,BINANCE
2025-09-02 13:46:22.437,110992.3,0.001,0.6936936936934316,BINANCE
2025-09-02 13:46:22.437,110992.3,0.05343,0.6936936936934316,BINANCE
2025-09-02 13:46:22.437,110992.3,0.01802,0.6936936936934316,BINANCE
2025-09-02 13:46:22.437,110992.3,0.05423,0.6936936936934316,BINANCE
2025-09-02 13:46:22.441,110990.01,5e-05,0.900000000000472,BINANCE
2025-09-02 13:46:22.452,110990.0,0.00021,0.9009009009009009,BINANCE
2025-09-02 13:46:22.452,110990.0,0.01,0.9009009009009009,BINANCE
2025-09-02 13:46:22.452,110990.0,9e-05,0.9009009009009009,BINANCE
2025-09-02 13:46:22.452,110990.0,0.02344,0.9009009009009009,BINANCE
2025-09-02 13:46:22.452,110990.0,0.0001,0.9009009009009009,BINANCE
2025-09-02 13:46:22.452,110990.0,5e-05,0.9009009009009009,BINANCE
2025-09-02 13:46:22.453,110990.0,0.00016,0.9009009009009009,BINANCE
2025-09-02 13:46:22.453,110990.0,7e-05,0.9009009009009009,BINANCE
2025-09-02 13:46:22.468,110990.01,0.00434,0.900000000000472,BINANCE
2025-09-02 13:46:22.506,110990.01,0.00036,0.900000000000472,BINANCE
2025-09-02 13:46:22.585,110990.01,0.0009,0.900000000000472,BINANCE
2025-09-02 13:46:22.607,110990.0,0.009,0.9009009009009009,BINANCE
2025-09-02 13:46:22.827,110990.0,0.02697,0.9009009009009009,BINANCE
2025-09-02 13:46:22.827,110990.0,5e-05,0.9009009009009009,BINANCE
2025-09-02 13:46:22.827,110990.0,0.0001,0.9009009009009009,BINANCE
2025-09-02 13:46:22.860,110990.0,0.00423,0.9009009009009009,BINANCE
2025-09-02 13:46:22.883,110990.01,0.00094,0.900000000000472,BINANCE
2025-09-02 13:46:22.903,110989.99,5e-05,0.9018018018013298,BINANCE
2025-09-02 13:46:22.903,110989.99,0.0001,0.9018018018013298,BINANCE
2025-09-02 13:46:22.903,110990.0,5e-05,0.9009009009009009,BINANCE
2025-09-02 13:46:22.903,110988.01,5e-05,1.080180180180652,BINANCE
2025-09-02 13:46:22.903,110990.0,0.0001,0.9009009009009009,BINANCE
2025-09-02 13:46:22.903,110990.0,0.001,0.9009009009009009,BINANCE
2025-09-02 13:46:22.933,110988.01,0.00951,1.080180180180652,BINANCE
2025-09-02 13:46:23.031,110988.0,0.00248,1.0810810810810811,BINANCE
2025-09-02 13:46:23.074,110987.99,5e-05,1.08198198198151,BINANCE
2025-09-02 13:46:23.074,110988.0,0.05405,1.0810810810810811,BINANCE
2025-09-02 13:46:23.074,110988.0,0.001,1.0810810810810811,BINANCE
2025-09-02 13:46:23.074,110986.0,5e-05,1.2612612612612613,BINANCE
2025-09-02 13:46:23.074,110986.01,5e-05,1.2603603603608324,BINANCE
2025-09-02 13:46:23.074,110988.0,0.05406,1.0810810810810811,BINANCE
2025-09-02 13:46:23.074,110987.99,0.0001,1.08198198198151,BINANCE
2025-09-02 13:46:23.074,110986.15,5e-05,1.2477477477482721,BINANCE
2025-09-02 13:46:23.074,110988.0,5e-05,1.0810810810810811,BINANCE
2025-09-02 13:46:23.074,110988.0,0.0001,1.0810810810810811,BINANCE
2025-09-02 13:46:23.075,110982.01,5e-05,1.6207207207211927,BINANCE
2025-09-02 13:46:23.075,110982.0,5e-05,1.6216216216216215,BINANCE
2025-09-02 13:46:23.075,110981.2,5e-05,1.6936936936939557,BINANCE
2025-09-02 13:46:23.075,110981.2,0.02806,1.6936936936939557,BINANCE
2025-09-02 13:46:23.075,110980.74,5e-05,1.735135135134663,BINANCE
2025-09-02 13:46:23.075,110984.0,5e-05,1.4414414414414416,BINANCE
2025-09-02 13:46:23.075,110984.01,5e-05,1.4405405405410123,BINANCE
2025-09-02 13:46:23.075,110984.39,5e-05,1.4063063063063588,BINANCE
2025-09-02 13:46:23.075,110984.4,5e-05,1.4054054054059297,BINANCE
2025-09-02 13:46:23.075,110985.34,5e-05,1.3207207207210352,BINANCE
2025-09-02 13:46:23.145,110980.19,0.00014,1.784684684684475,BINANCE
2025-09-02 13:46:23.145,110980.18,0.00182,1.785585585586215,BINANCE
2025-09-02 13:46:23.215,110980.17,5e-05,1.7864864864866439,BINANCE
2025-09-02 13:46:23.215,110980.18,5e-05,1.785585585586215,BINANCE
2025-09-02 13:46:23.215,110980.18,0.013,1.785585585586215,BINANCE
2025-09-02 13:46:23.215,110980.18,0.001,1.785585585586215,BINANCE
2025-09-02 13:46:23.215,110980.0,5e-05,1.8018018018018018,BINANCE
2025-09-02 13:46:23.215,110980.17,0.0001,1.7864864864866439,BINANCE
2025-09-02 13:46:23.215,110979.98,5e-05,1.8036036036039707,BINANCE
2025-09-02 13:46:23.215,110980.18,0.00069,1.785585585586215,BINANCE
2025-09-02 13:46:23.215,110980.18,0.0001,1.785585585586215,BINANCE
2025-09-02 13:46:23.215,110980.18,0.03328,1.785585585586215,BINANCE
2025-09-02 13:46:23.215,110980.18,0.4058,1.785585585586215,BINANCE
2025-09-02 13:46:23.215,110980.18,0.05,1.785585585586215,BINANCE
2025-09-02 13:46:23.217,110979.96,0.23095,1.8054054054048285,BINANCE
2025-09-02 13:46:23.217,110979.92,5e-05,1.8090090090091664,BINANCE
2025-09-02 13:46:23.217,110979.96,5e-05,1.8054054054048285,BINANCE
2025-09-02 13:46:23.217,110979.97,5e-05,1.8045045045043997,BINANCE
2025-09-02 13:46:23.217,110979.97,0.03678,1.8045045045043997,BINANCE
2025-09-02 13:46:23.221,110978.01,5e-05,1.9810810810815531,BINANCE
2025-09-02 13:46:23.221,110978.01,0.05892,1.9810810810815531,BINANCE
2025-09-02 13:46:23.221,110978.01,0.00748,1.9810810810815531,BINANCE
2025-09-02 13:46:23.229,110978.01,0.0914,1.9810810810815531,BINANCE
2025-09-02 13:46:23.229,110978.01,5e-05,1.9810810810815531,BINANCE
2025-09-02 13:46:23.232,110978.01,0.0002,1.9810810810815531,BINANCE
2025-09-02 13:46:23.242,110978.01,5e-05,1.9810810810815531,BINANCE
2025-09-02 13:46:23.242,110978.01,0.0001,1.9810810810815531,BINANCE
2025-09-02 13:46:23.245,110978.0,0.0001,1.981981981981982,BINANCE
2025-09-02 13:46:23.245,110976.01,5e-05,2.1612612612617332,BINANCE
2025-09-02 13:46:23.245,110978.0,5e-05,1.981981981981982,BINANCE
2025-09-02 13:46:23.263,110976.0,0.01,2.1621621621621623,BINANCE
2025-09-02 13:46:23.263,110976.0,0.00136,2.1621621621621623,BINANCE
2025-09-02 13:46:23.263,110976.0,0.0001,2.1621621621621623,BINANCE
2025-09-02 13:46:23.263,110976.0,5e-05,2.1621621621621623,BINANCE
2025-09-02 13:46:23.274,110976.0,0.00189,2.1621621621621623,BINANCE
2025-09-02 13:46:23.278,110976.0,0.0002,2.1621621621621623,BINANCE
2025-09-02 13:46:23.282,110976.0,0.00182,2.1621621621621623,BINANCE
2025-09-02 13:46:23.337,110976.0,5e-05,2.1621621621621623,BINANCE
2025-09-02 13:46:23.337,110976.0,0.00194,2.1621621621621623,BINANCE
2025-09-02 13:46:23.361,110975.33,5e-05,2.2225225225223655,BINANCE
2025-09-02 13:46:23.361,110963.8,5e-05,3.261261261260999,BINANCE
2025-09-02 13:46:23.361,110964.51,5e-05,3.1972972972977693,BINANCE
2025-09-02 13:46:23.361,110966.1,0.0001,3.05405405405353,BINANCE
2025-09-02 13:46:23.361,110967.33,0.00099,2.943243243243086,BINANCE
2025-09-02 13:46:23.361,110969.08,5e-05,2.7855855855854283,BINANCE
2025-09-02 13:46:23.361,110969.56,0.0001,2.742342342342552,BINANCE
2025-09-02 13:46:23.361,110969.92,5e-05,2.7099099099100674,BINANCE
2025-09-02 13:46:23.361,110974.5,5e-05,2.2972972972972974,BINANCE
2025-09-02 13:46:23.361,110975.65,0.003,2.193693693694218,BINANCE
2025-09-02 13:46:23.361,110975.99,5e-05,2.1630630630625913,BINANCE
2025-09-02 13:46:23.361,110976.0,5e-05,2.1621621621621623,BINANCE
2025-09-02 13:46:23.361,110976.0,0.0001,2.1621621621621623,BINANCE
2025-09-02 13:46:23.361,110975.99,0.0001,2.1630630630625913,BINANCE
2025-09-02 13:46:23.361,110976.0,0.001,2.1621621621621623,BINANCE
2025-09-02 13:46:23.473,110963.8,0.00094,3.261261261260999,BINANCE
2025-09-02 13:46:23.483,110963.79,0.001,3.262162162162739,BINANCE
2025-09-02 13:46:23.483,110963.79,0.00034,3.262162162162739,BINANCE
2025-09-02 13:46:23.483,110963.79,0.00041,3.262162162162739,BINANCE
2025-09-02 13:46:23.483,110963.79,5e-05,3.262162162162739,BINANCE
2025-09-02 13:46:23.536,110963.79,0.00034,3.262162162162739,BINANCE
2025-09-02 13:46:23.629,110963.79,0.00631,3.262162162162739,BINANCE
2025-09-02 13:46:23.629,110963.79,0.001,3.262162162162739,BINANCE
2025-09-02 13:46:23.629,110963.79,0.00032,3.262162162162739,BINANCE
2025-09-02 13:46:23.687,110963.79,0.00011,3.262162162162739,BINANCE
2025-09-02 13:46:23.695,110963.79,5e-05,3.262162162162739,BINANCE
2025-09-02 13:46:23.695,110963.79,0.00059,3.262162162162739,BINANCE
2025-09-02 13:46:23.695,110963.79,0.02253,3.262162162162739,BINANCE
2025-09-02 13:46:23.695,110963.79,0.001,3.262162162162739,BINANCE
2025-09-02 13:46:23.695,110963.79,0.0298,3.262162162162739,BINANCE
2025-09-02 13:46:23.695,110963.79,0.03763,3.262162162162739,BINANCE
2025-09-02 13:46:23.729,110963.8,0.00022,3.261261261260999,BINANCE
2025-09-02 13:46:23.769,110963.79,0.00893,3.262162162162739,BINANCE
2025-09-02 13:46:23.835,110963.8,0.00135,3.261261261260999,BINANCE
2025-09-02 13:46:23.927,110963.8,0.00016,3.261261261260999,BINANCE
2025-09-02 13:46:23.958,110963.79,0.00208,3.262162162162739,BINANCE
2025-09-02 13:46:23.979,110963.8,0.0036,3.261261261260999,BINANCE
2025-09-02 13:46:24.115,110963.79,0.0018,3.262162162162739,BINANCE
2025-09-02 13:46:24.164,110963.79,0.00017,3.262162162162739,BINANCE
2025-09-02 13:46:24.180,110963.8,0.00451,3.261261261260999,BINANCE
2025-09-02 13:46:24.191,110963.79,0.00135,3.262162162162739,BINANCE
2025-09-02 13:46:24.207,110963.79,0.00035,3.262162162162739,BINANCE
2025-09-02 13:46:24.208,110963.79,0.01,3.262162162162739,BINANCE
2025-09-02 13:46:24.252,110963.79,5e-05,3.262162162162739,BINANCE
2025-09-02 13:46:24.252,110963.78,5e-05,3.263063063063168,BINANCE
2025-09-02 13:46:24.252,110963.78,0.0001,3.263063063063168,BINANCE
2025-09-02 13:46:24.252,110962.01,5e-05,3.4225225225229945,BINANCE
2025-09-02 13:46:24.252,110963.66,5e-05,3.2738738738735593,BINANCE
2025-09-02 13:46:24.252,110963.79,0.0001,3.262162162162739,BINANCE
2025-09-02 13:46:24.252,110963.79,0.01802,3.262162162162739,BINANCE
2025-09-02 13:46:24.252,110963.79,0.001,3.262162162162739,BINANCE
2025-09-02 13:46:24.252,110963.79,0.002,3.262162162162739,BINANCE
2025-09-02 13:46:24.262,110960.01,5e-05,3.6027027027031746,BINANCE
2025-09-02 13:46:24.262,110962.0,5e-05,3.4234234234234235,BINANCE
2025-09-02 13:46:24.262,110961.99,0.0001,3.4243243243238526,BINANCE
2025-09-02 13:46:24.263,110958.01,5e-05,3.7828828828833547,BINANCE
2025-09-02 13:46:24.263,110957.77,0.02646,3.8045045045041372,BINANCE
2025-09-02 13:46:24.263,110957.78,5e-05,3.803603603603708,BINANCE
2025-09-02 13:46:24.263,110958.0,5e-05,3.7837837837837838,BINANCE
2025-09-02 13:46:24.263,110960.0,5e-05,3.6036036036036037,BINANCE
2025-09-02 13:46:24.263,110958.24,5e-05,3.7621621621616903,BINANCE
2025-09-02 13:46:24.263,110959.1,5e-05,3.6846846846841603,BINANCE
2025-09-02 13:46:24.263,110959.55,5e-05,3.644144144143882,BINANCE
2025-09-02 13:46:24.263,110960.0,0.00967,3.6036036036036037,BINANCE
2025-09-02 13:46:24.263,110960.0,0.00835,3.6036036036036037,BINANCE
2025-09-02 13:46:24.263,110958.12,5e-05,3.7729729729733927,BINANCE
2025-09-02 13:46:24.270,110957.77,0.00076,3.8045045045041372,BINANCE
2025-09-02 13:46:24.278,110957.77,0.00208,3.8045045045041372,BINANCE
2025-09-02 13:46:24.279,110957.77,5e-05,3.8045045045041372,BINANCE
2025-09-02 13:46:24.279,110957.77,0.01575,3.8045045045041372,BINANCE
2025-09-02 13:46:24.280,110957.77,5e-05,3.8045045045041372,BINANCE
2025-09-02 13:46:24.289,110953.0,5e-05,4.2342342342342345,BINANCE
2025-09-02 13:46:24.289,110952.82,5e-05,4.250450450449821,BINANCE
2025-09-02 13:46:24.289,110952.7,5e-05,4.261261261261524,BINANCE
2025-09-02 13:46:24.289,110952.69,5e-05,4.262162162161952,BINANCE
2025-09-02 13:46:24.289,110952.31,5e-05,4.296396396396606,BINANCE
2025-09-02 13:46:24.289,110952.3,5e-05,4.297297297297035,BINANCE
2025-09-02 13:46:24.289,110951.3,5e-05,4.3873873873871245,BINANCE
2025-09-02 13:46:24.289,110951.11,5e-05,4.404504504504453,BINANCE
2025-09-02 13:46:24.289,110951.1,5e-05,4.405405405404881,BINANCE
2025-09-02 13:46:24.289,110950.64,0.0002,4.446846846846899,BINANCE
2025-09-02 13:46:24.289,110953.01,5e-05,4.233333333333805,BINANCE
2025-09-02 13:46:24.289,110953.42,0.0001,4.196396396396554,BINANCE
2025-09-02 13:46:24.289,110957.77,5e-05,3.8045045045041372,BINANCE
2025-09-02 13:46:24.289,110957.76,5e-05,3.8054054054058772,BINANCE
2025-09-02 13:46:24.289,110956.13,5e-05,3.9522522522518324,BINANCE
2025-09-02 13:46:24.289,110954.28,0.00022,4.118918918919024,BINANCE
2025-09-02 13:46:24.289,110953.69,5e-05,4.172072072071862,BINANCE
2025-09-02 13:46:24.312,110951.11,6e-05,4.404504504504453,BINANCE
2025-09-02 13:46:24.318,110950.67,0.01658,4.4441441441443015,BINANCE
2025-09-02 13:46:24.318,110951.1,5e-05,4.405405405404881,BINANCE
2025-09-02 13:46:24.324,110950.64,6e-05,4.446846846846899,BINANCE
2025-09-02 13:46:24.324,110950.58,9e-05,4.452252252252095,BINANCE
2025-09-02 13:46:24.324,110950.58,0.00886,4.452252252252095,BINANCE
2025-09-02 13:46:24.338,110949.86,0.00041,4.517117117117065,BINANCE
2025-09-02 13:46:24.338,110949.99,7e-05,4.505405405404933,BINANCE
2025-09-02 13:46:24.338,110950.57,5e-05,4.453153153152524,BINANCE
2025-09-02 13:46:24.338,110950.58,5e-05,4.452252252252095,BINANCE
2025-09-02 13:46:24.338,110950.59,5e-05,4.451351351351666,BINANCE
2025-09-02 13:46:24.338,110950.63,5e-05,4.447747747747328,BINANCE
2025-09-02 13:46:24.338,110950.64,5e-05,4.446846846846899,BINANCE
2025-09-02 13:46:24.338,110951.09,5e-05,4.406306306306621,BINANCE
2025-09-02 13:46:24.338,110950.67,5e-05,4.4441441441443015,BINANCE
2025-09-02 13:46:24.338,110950.66,5e-05,4.445045045044731,BINANCE
2025-09-02 13:46:24.364,110942.91,2e-05,5.143243243242928,BINANCE
2025-09-02 13:46:24.364,110948.28,5e-05,4.659459459459565,BINANCE
2025-09-02 13:46:24.364,110942.92,5e-05,5.142342342342499,BINANCE
2025-09-02 13:46:24.364,110943.96,5e-05,5.048648648648072,BINANCE
2025-09-02 13:46:24.364,110944.38,0.00099,5.0108108108103915,BINANCE
2025-09-02 13:46:24.364,110944.43,5e-05,5.006306306306936,BINANCE
2025-09-02 13:46:24.364,110947.4,5e-05,4.738738738739263,BINANCE
2025-09-02 13:46:24.364,110949.85,5e-05,4.518018018017494,BINANCE
2025-09-02 13:46:24.364,110949.86,5e-05,4.517117117117065,BINANCE
2025-09-02 13:46:24.364,110949.86,8e-05,4.517117117117065,BINANCE
2025-09-02 13:46:24.364,110948.45,5e-05,4.6441441441444065,BINANCE
2025-09-02 13:46:24.392,110942.91,0.00159,5.143243243242928,BINANCE
2025-09-02 13:46:24.395,110942.91,0.00151,5.143243243242928,BINANCE
2025-09-02 13:46:24.423,110942.91,0.00919,5.143243243242928,BINANCE
2025-09-02 13:46:24.432,110942.91,0.00901,5.143243243242928,BINANCE
2025-09-02 13:46:24.446,110942.91,0.00083,5.143243243242928,BINANCE
2025-09-02 13:46:24.597,110942.91,5e-05,5.143243243242928,BINANCE
2025-09-02 13:46:24.597,110942.91,0.00118,5.143243243242928,BINANCE
2025-09-02 13:46:24.660,110942.91,0.00133,5.143243243242928,BINANCE
2025-09-02 13:46:24.686,110942.92,9e-05,5.142342342342499,BINANCE
2025-09-02 13:46:24.778,110942.92,0.005,5.142342342342499,BINANCE
2025-09-02 13:46:24.883,110942.91,0.00119,5.143243243242928,BINANCE
2025-09-02 13:46:24.986,110942.92,0.00077,5.142342342342499,BINANCE
2025-09-02 13:46:25.022,110942.91,0.00184,5.143243243242928,BINANCE
2025-09-02 13:46:25.071,110942.92,0.00013,5.142342342342499,BINANCE
2025-09-02 13:46:25.076,110942.91,0.009,5.143243243242928,BINANCE
2025-09-02 13:46:25.079,110942.91,0.00115,5.143243243242928,BINANCE
2025-09-02 13:46:25.082,110942.91,0.00012,5.143243243242928,BINANCE
2025-09-02 13:46:25.146,110942.92,0.00077,5.142342342342499,BINANCE
2025-09-02 13:46:25.223,110942.92,0.0084,5.142342342342499,BINANCE
2025-09-02 13:46:25.224,110942.92,0.45598,5.142342342342499,BINANCE
2025-09-02 13:46:25.224,110942.92,0.07013,5.142342342342499,BINANCE
2025-09-02 13:46:25.224,110942.92,0.06258,5.142342342342499,BINANCE
2025-09-02 13:46:25.224,110942.92,0.0001,5.142342342342499,BINANCE
2025-09-02 13:46:25.225,110942.92,0.02839,5.142342342342499,BINANCE
2025-09-02 13:46:25.225,110942.92,5e-05,5.142342342342499,BINANCE
2025-09-02 13:46:25.225,110942.92,0.00055,5.142342342342499,BINANCE
2025-09-02 13:46:25.225,110942.92,0.04073,5.142342342342499,BINANCE
2025-09-02 13:46:25.225,110942.92,0.011,5.142342342342499,BINANCE
2025-09-02 13:46:25.225,110942.92,0.00117,5.142342342342499,BINANCE
2025-09-02 13:46:25.226,110942.92,5e-05,5.142342342342499,BINANCE
2025-09-02 13:46:25.226,110944.15,0.00032,5.031531531532056,BINANCE
2025-09-02 13:46:25.226,110944.15,0.00053,5.031531531532056,BINANCE
2025-09-02 13:46:25.226,110942.94,5e-05,5.14054054054033,BINANCE
2025-09-02 13:46:25.226,110942.93,0.0001,5.141441441442071,BINANCE
2025-09-02 13:46:25.226,110942.92,0.0001,5.142342342342499,BINANCE
2025-09-02 13:46:25.226,110942.92,0.00341,5.142342342342499,BINANCE
2025-09-02 13:46:25.226,110942.92,0.07047,5.142342342342499,BINANCE
2025-09-02 13:46:25.226,110942.92,0.00038,5.142342342342499,BINANCE
2025-09-02 13:46:25.230,110949.95,5e-05,4.509009009009271,BINANCE
2025-09-02 13:46:25.279,110949.94,0.005,4.5099099099097,BINANCE
2025-09-02 13:46:25.296,110949.94,0.00032,4.5099099099097,BINANCE
2025-09-02 13:46:25.303,110949.95,0.0077,4.509009009009271,BINANCE
2025-09-02 13:46:25.303,110949.95,5e-05,4.509009009009271,BINANCE
2025-09-02 13:46:25.303,110949.95,0.002,4.509009009009271,BINANCE
2025-09-02 13:46:25.303,110949.95,0.0001,4.509009009009271,BINANCE
2025-09-02 13:46:25.303,110949.95,6e-05,4.509009009009271,BINANCE
2025-09-02 13:46:25.303,110949.95,7e-05,4.509009009009271,BINANCE
2025-09-02 13:46:25.303,110949.95,3e-05,4.509009009009271,BINANCE
2025-09-02 13:46:25.313,110949.95,7e-05,4.509009009009271,BINANCE
2025-09-02 13:46:25.363,110949.95,0.01,4.509009009009271,BINANCE
2025-09-02 13:46:25.363,110949.95,0.00033,4.509009009009271,BINANCE
2025-09-02 13:46:25.363,110949.95,5e-05,4.509009009009271,BINANCE
2025-09-02 13:46:25.363,110949.95,0.0001,4.509009009009271,BINANCE
2025-09-02 13:46:25.363,110949.95,0.02805,4.509009009009271,BINANCE
2025-09-02 13:46:25.365,110953.95,0.0001,4.148648648648911,BINANCE
2025-09-02 13:46:25.365,110953.99,5e-05,4.145045045044573,BINANCE
2025-09-02 13:46:25.365,110953.95,8e-05,4.148648648648911,BINANCE
2025-09-02 13:46:25.365,110950.01,0.00027,4.503603603604075,BINANCE
2025-09-02 13:46:25.365,110949.96,0.0001,4.508108108107531,BINANCE
2025-09-02 13:46:25.365,110949.95,0.0001,4.509009009009271,BINANCE
2025-09-02 13:46:25.365,110949.95,0.00764,4.509009009009271,BINANCE
2025-09-02 13:46:25.365,110949.97,5e-05,4.507207207207102,BINANCE
2025-09-02 13:46:25.368,110954.0,5e-05,4.144144144144144,BINANCE
2025-09-02 13:46:25.435,110953.99,0.00032,4.145045045044573,BINANCE
2025-09-02 13:46:25.484,110954.0,0.036,4.144144144144144,BINANCE
2025-09-02 13:46:25.538,110954.0,5e-05,4.144144144144144,BINANCE
2025-09-02 13:46:25.538,110954.0,0.01895,4.144144144144144,BINANCE
2025-09-02 13:46:25.539,110954.0,5e-05,4.144144144144144,BINANCE
2025-09-02 13:46:25.539,110954.0,0.01895,4.144144144144144,BINANCE
2025-09-02 13:46:25.546,110954.0,0.019,4.144144144144144,BINANCE
2025-09-02 13:46:25.548,110954.0,0.0001,4.144144144144144,BINANCE
2025-09-02 13:46:25.548,110956.97,5e-05,3.8765765765764715,BINANCE
2025-09-02 13:46:25.548,110954.01,0.0001,4.143243243243716,BINANCE
2025-09-02 13:46:25.548,110954.0,5e-05,4.144144144144144,BINANCE
2025-09-02 13:46:25.548,110954.02,5e-05,4.142342342341975,BINANCE
2025-09-02 13:46:25.548,110954.0,0.00711,4.144144144144144,BINANCE
2025-09-02 13:46:25.556,110956.97,0.00032,3.8765765765764715,BINANCE
2025-09-02 13:46:25.557,110956.97,5e-05,3.8765765765764715,BINANCE
2025-09-02 13:46:25.557,110956.98,5e-05,3.8756756756760424,BINANCE
2025-09-02 13:46:25.560,110959.1,5e-05,3.6846846846841603,BINANCE
2025-09-02 13:46:25.560,110958.0,5e-05,3.7837837837837838,BINANCE
2025-09-02 13:46:25.560,110959.57,0.00024,3.642342342341713,BINANCE
2025-09-02 13:46:25.560,110957.99,5e-05,3.7846846846842124,BINANCE
2025-09-02 13:46:25.560,110956.99,0.0001,3.8747747747743024,BINANCE
2025-09-02 13:46:25.560,110956.98,5e-05,3.8756756756760424,BINANCE
2025-09-02 13:46:25.560,110956.98,0.002,3.8756756756760424,BINANCE
2025-09-02 13:46:25.560,110956.98,0.0001,3.8756756756760424,BINANCE
2025-09-02 13:46:25.562,110959.58,5e-05,3.6414414414412843,BINANCE
2025-09-02 13:46:25.566,110959.58,0.01895,3.6414414414412843,BINANCE
2025-09-02 13:46:25.566,110959.58,5e-05,3.6414414414412843,BINANCE
2025-09-02 13:46:25.723,110959.58,5e-05,3.6414414414412843,BINANCE
2025-09-02 13:46:25.723,110959.58,0.01136,3.6414414414412843,BINANCE
2025-09-02 13:46:25.748,110959.58,8e-05,3.6414414414412843,BINANCE
2025-09-02 13:46:25.810,110959.57,0.0009,3.642342342341713,BINANCE
2025-09-02 13:46:25.851,110959.58,0.00365,3.6414414414412843,BINANCE
2025-09-02 13:46:25.851,110959.58,0.0323,3.6414414414412843,BINANCE
2025-09-02 13:46:25.851,110959.58,5e-05,3.6414414414412843,BINANCE
2025-09-02 13:46:26.047,110959.57,0.001,3.642342342341713,BINANCE
2025-09-02 13:46:26.108,110959.58,5e-05,3.6414414414412843,BINANCE
2025-09-02 13:46:26.108,110959.58,0.02938,3.6414414414412843,BINANCE
2025-09-02 13:46:26.108,110959.58,0.1544,3.6414414414412843,BINANCE
2025-09-02 13:46:26.108,110959.58,0.0007,3.6414414414412843,BINANCE
2025-09-02 13:46:26.108,110959.58,0.0298,3.6414414414412843,BINANCE
2025-09-02 13:46:26.108,110959.58,0.0159,3.6414414414412843,BINANCE
2025-09-02 13:46:26.108,110959.58,0.00739,3.6414414414412843,BINANCE
2025-09-02 13:46:26.108,110959.58,0.04506,3.6414414414412843,BINANCE
2025-09-02 13:46:26.108,110959.58,0.08353,3.6414414414412843,BINANCE
2025-09-02 13:46:26.188,110959.56,5e-05,3.643243243243453,BINANCE
2025-09-02 13:46:26.188,110959.1,5e-05,3.6846846846841603,BINANCE
2025-09-02 13:46:26.188,110958.01,5e-05,3.7828828828833547,BINANCE
2025-09-02 13:46:26.188,110958.0,5e-05,3.7837837837837838,BINANCE
2025-09-02 13:46:26.188,110956.97,5e-05,3.8765765765764715,BINANCE
2025-09-02 13:46:26.188,110956.96,5e-05,3.8774774774769005,BINANCE
2025-09-02 13:46:26.188,110956.96,0.05404,3.8774774774769005,BINANCE
2025-09-02 13:46:26.188,110956.96,0.05406,3.8774774774769005,BINANCE
2025-09-02 13:46:26.188,110956.0,5e-05,3.963963963963964,BINANCE
2025-09-02 13:46:26.188,110956.01,5e-05,3.9630630630635353,BINANCE
2025-09-02 13:46:26.188,110959.57,5e-05,3.642342342341713,BINANCE
2025-09-02 13:46:26.188,110959.57,0.00115,3.642342342341713,BINANCE
2025-09-02 13:46:26.188,110959.57,0.05409,3.642342342341713,BINANCE
2025-09-02 13:46:26.188,110959.57,0.08676,3.642342342341713,BINANCE
2025-09-02 13:46:26.188,110959.57,0.13738,3.642342342341713,BINANCE
2025-09-02 13:46:26.188,110959.57,0.05406,3.642342342341713,BINANCE
2025-09-02 13:46:26.188,110959.57,0.05405,3.642342342341713,BINANCE
2025-09-02 13:46:26.188,110959.57,0.05404,3.642342342341713,BINANCE
2025-09-02 13:46:26.188,110959.57,0.008,3.642342342341713,BINANCE
2025-09-02 13:46:26.188,110959.57,0.00887,3.642342342341713,BINANCE
2025-09-02 13:46:26.188,110959.57,0.12156,3.642342342341713,BINANCE
2025-09-02 13:46:26.194,110954.0,5e-05,4.144144144144144,BINANCE
2025-09-02 13:46:26.194,110953.99,5e-05,4.145045045044573,BINANCE
2025-09-02 13:46:26.194,110953.69,4e-05,4.172072072071862,BINANCE
2025-09-02 13:46:26.194,110954.01,5e-05,4.143243243243716,BINANCE
2025-09-02 13:46:26.194,110954.01,0.0001,4.143243243243716,BINANCE
2025-09-02 13:46:26.216,110952.02,0.108,4.3225225225221555,BINANCE
2025-09-02 13:46:26.251,110952.02,0.00451,4.3225225225221555,BINANCE
2025-09-02 13:46:26.286,110952.01,5e-05,4.323423423423895,BINANCE
2025-09-02 13:46:26.286,110952.01,0.0006,4.323423423423895,BINANCE
2025-09-02 13:46:26.310,110952.02,0.03179,4.3225225225221555,BINANCE
2025-09-02 13:46:26.310,110952.02,0.13995,4.3225225225221555,BINANCE
2025-09-02 13:46:26.310,110952.02,0.00851,4.3225225225221555,BINANCE
2025-09-02 13:46:26.348,110952.02,0.036,4.3225225225221555,BINANCE
2025-09-02 13:46:26.372,110952.01,0.0009,4.323423423423895,BINANCE
2025-09-02 13:46:26.440,110952.01,0.00135,4.323423423423895,BINANCE
2025-09-02 13:46:26.530,110952.01,0.03738,4.323423423423895,BINANCE
2025-09-02 13:46:26.833,110952.02,0.0007,4.3225225225221555,BINANCE
2025-09-02 13:46:26.875,110952.02,0.036,4.3225225225221555,BINANCE
2025-09-02 13:46:26.904,110952.02,0.019,4.3225225225221555,BINANCE
2025-09-02 13:46:26.904,110952.02,0.018,4.3225225225221555,BINANCE
2025-09-02 13:46:26.905,110952.02,0.019,4.3225225225221555,BINANCE
2025-09-02 13:46:26.905,110952.02,0.02,4.3225225225221555,BINANCE
2025-09-02 13:46:26.906,110952.02,0.018,4.3225225225221555,BINANCE
2025-09-02 13:46:26.908,110952.02,0.019,4.3225225225221555,BINANCE
2025-09-02 13:46:26.909,110952.02,0.016,4.3225225225221555,BINANCE
2025-09-02 13:46:26.914,110952.02,5e-05,4.3225225225221555,BINANCE
2025-09-02 13:46:26.914,110953.69,5e-05,4.172072072071862,BINANCE
2025-09-02 13:46:26.914,110952.03,5e-05,4.321621621621727,BINANCE
2025-09-02 13:46:26.914,110952.03,0.0001,4.321621621621727,BINANCE
2025-09-02 13:46:26.914,110952.02,0.0001,4.3225225225221555,BINANCE
2025-09-02 13:46:26.914,110952.02,0.001,4.3225225225221555,BINANCE
2025-09-02 13:46:26.914,110952.02,0.03207,4.3225225225221555,BINANCE
2025-09-02 13:46:26.914,110952.02,0.28572,4.3225225225221555,BINANCE
2025-09-02 13:46:26.916,110953.99,5e-05,4.145045045044573,BINANCE
2025-09-02 13:46:26.917,110954.02,0.002,4.142342342341975,BINANCE
2025-09-02 13:46:26.979,110956.8,0.0001,3.89189189189163,BINANCE
2025-09-02 13:46:27.024,110956.79,0.0013,3.8927927927933696,BINANCE
2025-09-02 13:46:27.034,110956.8,0.00032,3.89189189189163,BINANCE
2025-09-02 13:46:27.252,110956.8,5e-05,3.89189189189163,BINANCE
2025-09-02 13:46:27.252,110956.8,0.002,3.89189189189163,BINANCE
2025-09-02 13:46:27.252,110956.8,0.03395,3.89189189189163,BINANCE
2025-09-02 13:46:27.378,110956.8,0.00357,3.89189189189163,BINANCE
2025-09-02 13:46:27.475,110956.79,0.08143,3.8927927927933696,BINANCE
2025-09-02 13:46:27.598,110956.79,0.00096,3.8927927927933696,BINANCE
2025-09-02 13:46:27.666,110956.8,0.00438,3.89189189189163,BINANCE
2025-09-02 13:46:27.666,110956.8,0.03162,3.89189189189163,BINANCE
2025-09-02 13:46:27.709,110956.8,0.05187,3.89189189189163,BINANCE
2025-09-02 13:46:27.709,110956.8,5e-05,3.89189189189163,BINANCE
2025-09-02 13:46:27.709,110956.8,0.0176,3.89189189189163,BINANCE
2025-09-02 13:46:27.709,110956.8,0.03048,3.89189189189163,BINANCE
2025-09-02 13:46:27.813,110956.79,0.00097,3.8927927927933696,BINANCE
2025-09-02 13:46:27.826,110956.79,0.00096,3.8927927927933696,BINANCE
2025-09-02 13:46:27.910,110956.8,0.01802,3.89189189189163,BINANCE
2025-09-02 13:46:27.910,110956.8,5e-05,3.89189189189163,BINANCE
2025-09-02 13:46:28.047,110956.79,0.00708,3.8927927927933696,BINANCE
2025-09-02 13:46:28.048,110956.79,0.02,3.8927927927933696,BINANCE
2025-09-02 13:46:28.084,110956.8,0.00027,3.89189189189163,BINANCE
2025-09-02 13:46:28.118,110956.79,7e-05,3.8927927927933696,BINANCE
2025-09-02 13:46:28.123,110956.79,0.00182,3.8927927927933696,BINANCE
2025-09-02 13:46:28.134,110956.79,0.00055,3.8927927927933696,BINANCE
2025-09-02 13:46:28.144,110956.79,7e-05,3.8927927927933696,BINANCE
2025-09-02 13:46:28.146,110956.79,9e-05,3.8927927927933696,BINANCE
2025-09-02 13:46:28.183,110956.79,5e-05,3.8927927927933696,BINANCE
2025-09-02 13:46:28.183,110956.79,0.11705,3.8927927927933696,BINANCE
2025-09-02 13:46:28.183,110956.79,0.05406,3.8927927927933696,BINANCE
2025-09-02 13:46:28.183,110956.79,0.012,3.8927927927933696,BINANCE
2025-09-02 13:46:28.183,110956.79,0.401,3.8927927927933696,BINANCE
2025-09-02 13:46:28.183,110956.79,0.01659,3.8927927927933696,BINANCE
2025-09-02 13:46:28.184,110953.69,5e-05,4.172072072071862,BINANCE
2025-09-02 13:46:28.184,110953.68,0.05382,4.172972972973603,BINANCE
2025-09-02 13:46:28.184,110953.84,0.00281,4.158558558558873,BINANCE
2025-09-02 13:46:28.184,110954.0,5e-05,4.144144144144144,BINANCE
2025-09-02 13:46:28.184,110954.01,5e-05,4.143243243243716,BINANCE
2025-09-02 13:46:28.186,110952.01,0.02521,4.323423423423895,BINANCE
2025-09-02 13:46:28.186,110952.02,5e-05,4.3225225225221555,BINANCE
2025-09-02 13:46:28.186,110952.38,5e-05,4.290090090089671,BINANCE
2025-09-02 13:46:28.186,110952.39,5e-05,4.2891891891892415,BINANCE
2025-09-02 13:46:28.186,110953.68,5e-05,4.172972972973603,BINANCE
2025-09-02 13:46:28.187,110952.01,0.12875,4.323423423423895,BINANCE
2025-09-02 13:46:28.189,110952.0,5e-05,4.324324324324325,BINANCE
2025-09-02 13:46:28.189,110952.01,5e-05,4.323423423423895,BINANCE
2025-09-02 13:46:28.189,110952.01,0.001,4.323423423423895,BINANCE
2025-09-02 13:46:28.189,110952.01,0.00541,4.323423423423895,BINANCE
2025-09-02 13:46:28.189,110952.01,0.00046,4.323423423423895,BINANCE
2025-09-02 13:46:28.193,110948.01,5e-05,4.683783783784256,BINANCE
2025-09-02 13:46:28.193,110945.01,5e-05,4.9540540540545255,BINANCE
2025-09-02 13:46:28.193,110945.69,5e-05,4.892792792792583,BINANCE
2025-09-02 13:46:28.193,110945.7,5e-05,4.891891891892154,BINANCE
2025-09-02 13:46:28.193,110945.7,0.00099,4.891891891892154,BINANCE
2025-09-02 13:46:28.193,110945.0,0.00678,4.954954954954955,BINANCE
2025-09-02 13:46:28.193,110947.4,5e-05,4.738738738739263,BINANCE
2025-09-02 13:46:28.193,110948.0,5e-05,4.684684684684685,BINANCE
2025-09-02 13:46:28.193,110945.72,0.0001,4.890090090089985,BINANCE
2025-09-02 13:46:28.193,110950.0,5e-05,4.504504504504505,BINANCE
2025-09-02 13:46:28.193,110952.0,5e-05,4.324324324324325,BINANCE
2025-09-02 13:46:28.193,110948.28,5e-05,4.659459459459565,BINANCE
2025-09-02 13:46:28.193,110950.64,0.0001,4.446846846846899,BINANCE
2025-09-02 13:46:28.193,110950.01,5e-05,4.503603603604075,BINANCE
2025-09-02 13:46:28.195,110945.0,0.00162,4.954954954954955,BINANCE
2025-09-02 13:46:28.214,110945.0,5e-05,4.954954954954955,BINANCE
2025-09-02 13:46:28.214,110945.0,2e-05,4.954954954954955,BINANCE
2025-09-02 13:46:28.220,110945.0,0.00018,4.954954954954955,BINANCE
2025-09-02 13:46:28.222,110945.0,0.00024,4.954954954954955,BINANCE
2025-09-02 13:46:28.223,110945.0,0.00182,4.954954954954955,BINANCE
2025-09-02 13:46:28.224,110945.0,7e-05,4.954954954954955,BINANCE
2025-09-02 13:46:28.231,110945.0,0.00035,4.954954954954955,BINANCE
2025-09-02 13:46:28.231,110945.0,5e-05,4.954954954954955,BINANCE
2025-09-02 13:46:28.233,110945.0,0.00863,4.954954954954955,BINANCE
2025-09-02 13:46:28.238,110945.0,0.00142,4.954954954954955,BINANCE
2025-09-02 13:46:28.238,110945.0,9e-05,4.954954954954955,BINANCE
2025-09-02 13:46:28.245,110945.0,0.00024,4.954954954954955,BINANCE
2025-09-02 13:46:28.267,110945.0,0.00027,4.954954954954955,BINANCE
2025-09-02 13:46:28.305,110945.0,0.00016,4.954954954954955,BINANCE
2025-09-02 13:46:28.319,110945.0,7e-05,4.954954954954955,BINANCE
2025-09-02 13:46:28.321,110945.01,0.00451,4.9540540540545255,BINANCE
2025-09-02 13:46:28.322,110945.0,0.00109,4.954954954954955,BINANCE
2025-09-02 13:46:28.415,110945.0,0.00022,4.954954954954955,BINANCE
2025-09-02 13:46:28.629,110945.0,0.00037,4.954954954954955,BINANCE
2025-09-02 13:46:28.753,110945.0,0.00093,4.954954954954955,BINANCE
2025-09-02 13:46:28.791,110945.01,0.036,4.9540540540545255,BINANCE
2025-09-02 13:46:28.924,110945.01,0.00154,4.9540540540545255,BINANCE
2025-09-02 13:46:28.967,110945.0,0.00029,4.954954954954955,BINANCE
2025-09-02 13:46:29.002,110945.0,0.00082,4.954954954954955,BINANCE
2025-09-02 13:46:29.036,110945.0,0.00027,4.954954954954955,BINANCE
2025-09-02 13:46:29.066,110945.01,0.00057,4.9540540540545255,BINANCE
2025-09-02 13:46:29.189,110945.0,0.00014,4.954954954954955,BINANCE
2025-09-02 13:46:29.209,110945.01,5e-05,4.9540540540545255,BINANCE
2025-09-02 13:46:29.209,110945.02,0.0001,4.953153153152786,BINANCE
2025-09-02 13:46:29.209,110945.02,5e-05,4.953153153152786,BINANCE
2025-09-02 13:46:29.209,110946.55,5e-05,4.815315315315053,BINANCE
2025-09-02 13:46:29.209,110945.01,0.008,4.9540540540545255,BINANCE
2025-09-02 13:46:29.209,110945.01,0.0001,4.9540540540545255,BINANCE
2025-09-02 13:46:29.209,110945.01,0.00092,4.9540540540545255,BINANCE
2025-09-02 13:46:29.222,110953.26,5e-05,4.2108108108112825,BINANCE
2025-09-02 13:46:29.222,110952.02,5e-05,4.3225225225221555,BINANCE
2025-09-02 13:46:29.222,110952.02,0.00541,4.3225225225221555,BINANCE
2025-09-02 13:46:29.222,110948.28,5e-05,4.659459459459565,BINANCE
2025-09-02 13:46:29.222,110946.56,0.0001,4.814414414414625,BINANCE
2025-09-02 13:46:29.222,110946.56,5e-05,4.814414414414625,BINANCE
2025-09-02 13:46:29.222,110946.57,0.0001,4.813513513512884,BINANCE
2025-09-02 13:46:29.224,110953.27,0.018,4.209909909909543,BINANCE
2025-09-02 13:46:29.225,110953.27,0.016,4.209909909909543,BINANCE
2025-09-02 13:46:29.225,110953.27,0.019,4.209909909909543,BINANCE
2025-09-02 13:46:29.226,110953.27,0.00258,4.209909909909543,BINANCE
2025-09-02 13:46:29.226,110954.0,0.019,4.144144144144144,BINANCE
2025-09-02 13:46:29.226,110954.0,0.01431,4.144144144144144,BINANCE
2025-09-02 13:46:29.226,110953.99,5e-05,4.145045045044573,BINANCE
2025-09-02 13:46:29.226,110953.69,5e-05,4.172072072071862,BINANCE
2025-09-02 13:46:29.226,110953.33,0.00081,4.204504504504347,BINANCE
2025-09-02 13:46:29.226,110953.27,5e-05,4.209909909909543,BINANCE
2025-09-02 13:46:29.227,110953.99,0.02791,4.145045045044573,BINANCE
2025-09-02 13:46:29.233,110954.01,5e-05,4.143243243243716,BINANCE
2025-09-02 13:46:29.233,110956.0,0.0076,3.963963963963964,BINANCE
2025-09-02 13:46:29.233,110955.99,5e-05,3.964864864864393,BINANCE
2025-09-02 13:46:29.233,110954.02,5e-05,4.142342342341975,BINANCE
2025-09-02 13:46:29.233,110954.01,0.0001,4.143243243243716,BINANCE
2025-09-02 13:46:29.233,110954.0,5e-05,4.144144144144144,BINANCE
2025-09-02 13:46:29.233,110954.0,0.0007,4.144144144144144,BINANCE
2025-09-02 13:46:29.233,110954.0,0.0001,4.144144144144144,BINANCE
2025-09-02 13:46:29.233,110954.0,0.00975,4.144144144144144,BINANCE
2025-09-02 13:46:29.245,110956.0,0.019,3.963963963963964,BINANCE
2025-09-02 13:46:29.259,110955.99,0.01453,3.964864864864393,BINANCE
2025-09-02 13:46:29.259,110955.99,0.1485,3.964864864864393,BINANCE
2025-09-02 13:46:29.274,110955.99,0.00025,3.964864864864393,BINANCE
2025-09-02 13:46:29.356,110956.0,0.031,3.963963963963964,BINANCE
2025-09-02 13:46:29.410,110956.0,0.00019,3.963963963963964,BINANCE
2025-09-02 13:46:29.643,110956.0,0.0055,3.963963963963964,BINANCE
2025-09-02 13:46:29.788,110955.99,0.00659,3.964864864864393,BINANCE
2025-09-02 13:46:29.818,110955.99,0.03146,3.964864864864393,BINANCE
2025-09-02 13:46:29.891,110956.0,0.00219,3.963963963963964,BINANCE
2025-09-02 13:46:29.891,110956.0,5e-05,3.963963963963964,BINANCE
2025-09-02 13:46:29.891,110956.0,0.03351,3.963963963963964,BINANCE
2025-09-02 13:46:29.913,110960.0,5e-05,3.6036036036036037,BINANCE
2025-09-02 13:46:29.913,110958.0,5e-05,3.7837837837837838,BINANCE
2025-09-02 13:46:29.913,110958.24,5e-05,3.7621621621616903,BINANCE
2025-09-02 13:46:29.913,110959.1,5e-05,3.6846846846841603,BINANCE
2025-09-02 13:46:29.913,110959.6,5e-05,3.6396396396391153,BINANCE
2025-09-02 13:46:29.913,110959.99,5e-05,3.6045045045040327,BINANCE
2025-09-02 13:46:29.913,110960.0,0.0663,3.6036036036036037,BINANCE
2025-09-02 13:46:29.913,110960.0,0.00018,3.6036036036036037,BINANCE
2025-09-02 13:46:29.913,110962.51,0.00018,3.3774774774779495,BINANCE
2025-09-02 13:46:29.913,110961.5,0.00045,3.4684684684684686,BINANCE
2025-09-02 13:46:29.913,110961.5,0.00023,3.4684684684684686,BINANCE
2025-09-02 13:46:29.913,110961.86,0.00018,3.4360360360359836,BINANCE
2025-09-02 13:46:29.913,110961.99,5e-05,3.4243243243238526,BINANCE
2025-09-02 13:46:29.913,110961.99,0.04112,3.4243243243238526,BINANCE
2025-09-02 13:46:29.913,110962.0,0.0663,3.4234234234234235,BINANCE
2025-09-02 13:46:29.913,110963.66,5e-05,3.2738738738735593,BINANCE
2025-09-02 13:46:29.913,110962.0,5e-05,3.4234234234234235,BINANCE
2025-09-02 13:46:29.913,110958.0,0.0663,3.7837837837837838,BINANCE
2025-09-02 13:46:29.913,110960.43,0.00018,3.5648648648654944,BINANCE
2025-09-02 13:46:29.913,110957.99,5e-05,3.7846846846842124,BINANCE
2025-09-02 13:46:29.913,110956.0,0.0298,3.963963963963964,BINANCE
2025-09-02 13:46:29.913,110956.0,0.08122,3.963963963963964,BINANCE
2025-09-02 13:46:29.913,110956.0,0.0007,3.963963963963964,BINANCE
2025-09-02 13:46:29.913,110956.0,0.00048,3.963963963963964,BINANCE
2025-09-02 13:46:29.913,110956.0,0.1544,3.963963963963964,BINANCE
2025-09-02 13:46:29.913,110956.0,0.11577,3.963963963963964,BINANCE
2025-09-02 13:46:29.913,110956.0,0.50623,3.963963963963964,BINANCE
2025-09-02 13:46:29.913,110956.0,0.01973,3.963963963963964,BINANCE
2025-09-02 13:46:29.913,110956.0,5e-05,3.963963963963964,BINANCE
2025-09-02 13:46:29.913,110956.0,0.0012,3.963963963963964,BINANCE
2025-09-02 13:46:29.913,110956.0,0.03245,3.963963963963964,BINANCE
2025-09-02 13:46:29.913,110956.0,0.14478,3.963963963963964,BINANCE
2025-09-02 13:46:29.913,110956.35,5e-05,3.9324324324319084,BINANCE
2025-09-02 13:46:29.913,110956.35,0.05893,3.9324324324319084,BINANCE
2025-09-02 13:46:29.913,110956.36,0.05921,3.931531531531479,BINANCE
2025-09-02 13:46:29.913,110956.36,5e-05,3.931531531531479,BINANCE
2025-09-02 13:46:29.913,110956.8,0.00398,3.89189189189163,BINANCE
2025-09-02 13:46:29.917,110963.99,5e-05,3.244144144143672,BINANCE
2025-09-02 13:46:30.043,110963.99,0.00236,3.244144144143672,BINANCE
2025-09-02 13:46:30.043,110963.99,9e-05,3.244144144143672,BINANCE
2025-09-02 13:46:30.043,110963.99,5e-05,3.244144144143672,BINANCE
2025-09-02 13:46:30.043,110963.99,0.0001,3.244144144143672,BINANCE
2025-09-02 13:46:30.051,110963.98,0.00051,3.245045045045412,BINANCE
2025-09-02 13:46:30.075,110963.99,0.00018,3.244144144143672,BINANCE
2025-09-02 13:46:30.103,110963.98,0.00112,3.245045045045412,BINANCE
2025-09-02 13:46:30.120,110963.98,0.01619,3.245045045045412,BINANCE
2025-09-02 13:46:30.268,110963.99,0.00305,3.244144144143672,BINANCE
2025-09-02 13:46:30.356,110963.97,5e-05,3.245945945945841,BINANCE
2025-09-02 13:46:30.356,110963.98,0.01081,3.245045045045412,BINANCE
2025-09-02 13:46:30.356,110963.98,5e-05,3.245045045045412,BINANCE
2025-09-02 13:46:30.356,110963.98,0.00083,3.245045045045412,BINANCE
2025-09-02 13:46:30.356,110963.97,0.0001,3.245945945945841,BINANCE
2025-09-02 13:46:30.356,110963.81,5e-05,3.2603603603605698,BINANCE
2025-09-02 13:46:30.356,110963.8,0.06702,3.261261261260999,BINANCE
2025-09-02 13:46:30.356,110963.98,0.05406,3.245045045045412,BINANCE
2025-09-02 13:46:30.356,110963.98,0.0001,3.245045045045412,BINANCE
2025-09-02 13:46:30.356,110963.98,0.008,3.245045045045412,BINANCE
2025-09-02 13:46:30.357,110963.8,0.09892,3.261261261260999,BINANCE
2025-09-02 13:46:30.358,110963.8,0.05004,3.261261261260999,BINANCE
2025-09-02 13:46:30.393,110963.8,0.20278,3.261261261260999,BINANCE
2025-09-02 13:46:30.393,110963.8,0.05537,3.261261261260999,BINANCE
2025-09-02 13:46:30.393,110963.8,0.07222,3.261261261260999,BINANCE
2025-09-02 13:46:30.393,110963.8,0.00874,3.261261261260999,BINANCE
2025-09-02 13:46:30.393,110963.8,0.67365,3.261261261260999,BINANCE
2025-09-02 13:46:30.393,110963.8,0.33035,3.261261261260999,BINANCE
2025-09-02 13:46:30.394,110963.8,0.007,3.261261261260999,BINANCE
2025-09-02 13:46:30.394,110963.8,0.48965,3.261261261260999,BINANCE
2025-09-02 13:46:30.394,110963.81,0.00451,3.2603603603605698,BINANCE
2025-09-02 13:46:30.394,110963.8,0.02766,3.261261261260999,BINANCE
2025-09-02 13:46:30.394,110963.8,0.04542,3.261261261260999,BINANCE
2025-09-02 13:46:30.395,110963.8,0.02686,3.261261261260999,BINANCE
2025-09-02 13:46:30.395,110963.8,0.14629,3.261261261260999,BINANCE
2025-09-02 13:46:30.395,110963.8,0.05744,3.261261261260999,BINANCE
2025-09-02 13:46:30.395,110963.8,0.02108,3.261261261260999,BINANCE
2025-09-02 13:46:30.395,110963.8,0.03741,3.261261261260999,BINANCE
2025-09-02 13:46:30.396,110963.8,0.22072,3.261261261260999,BINANCE
2025-09-02 13:46:30.396,110963.8,0.02742,3.261261261260999,BINANCE
2025-09-02 13:46:30.396,110963.8,0.09099,3.261261261260999,BINANCE
2025-09-02 13:46:30.397,110963.8,0.13965,3.261261261260999,BINANCE
2025-09-02 13:46:30.398,110963.8,0.08319,3.261261261260999,BINANCE
2025-09-02 13:46:30.398,110963.8,0.0673,3.261261261260999,BINANCE
2025-09-02 13:46:30.398,110963.8,0.07823,3.261261261260999,BINANCE
2025-09-02 13:46:30.399,110963.8,0.0001,3.261261261260999,BINANCE
2025-09-02 13:46:30.399,110963.8,0.06197,3.261261261260999,BINANCE
2025-09-02 13:46:30.399,110963.8,0.01238,3.261261261260999,BINANCE
2025-09-02 13:46:30.399,110963.8,0.05328,3.261261261260999,BINANCE
2025-09-02 13:46:30.399,110963.8,0.06016,3.261261261260999,BINANCE
2025-09-02 13:46:30.399,110963.8,0.06834,3.261261261260999,BINANCE
2025-09-02 13:46:30.402,110963.8,0.08244,3.261261261260999,BINANCE
2025-09-02 13:46:30.403,110963.8,0.0132,3.261261261260999,BINANCE
2025-09-02 13:46:30.405,110963.8,0.12553,3.261261261260999,BINANCE
2025-09-02 13:46:30.421,110963.8,0.06943,3.261261261260999,BINANCE
2025-09-02 13:46:30.421,110963.8,0.32743,3.261261261260999,BINANCE
2025-09-02 13:46:30.421,110963.8,1.28521,3.261261261260999,BINANCE
2025-09-02 13:46:30.422,110963.8,0.17325,3.261261261260999,BINANCE
2025-09-02 13:46:30.422,110963.8,0.55945,3.261261261260999,BINANCE
2025-09-02 13:46:30.422,110963.8,0.05717,3.261261261260999,BINANCE
2025-09-02 13:46:30.422,110963.8,0.10916,3.261261261260999,BINANCE
2025-09-02 13:46:30.423,110963.8,5e-05,3.261261261260999,BINANCE
2025-09-02 13:46:30.423,110963.79,5e-05,3.262162162162739,BINANCE
2025-09-02 13:46:30.423,110963.8,0.02002,3.261261261260999,BINANCE
2025-09-02 13:46:30.423,110963.8,0.01268,3.261261261260999,BINANCE
2025-09-02 13:46:30.423,110963.8,1.27201,3.261261261260999,BINANCE
2025-09-02 13:46:30.423,110963.8,0.05959,3.261261261260999,BINANCE
2025-09-02 13:46:30.425,110959.99,5e-05,3.6045045045040327,BINANCE
2025-09-02 13:46:30.425,110956.01,5e-05,3.9630630630635353,BINANCE
2025-09-02 13:46:30.425,110959.1,5e-05,3.6846846846841603,BINANCE
2025-09-02 13:46:30.425,110960.0,5e-05,3.6036036036036037,BINANCE
2025-09-02 13:46:30.425,110960.0,0.0001,3.6036036036036037,BINANCE
2025-09-02 13:46:30.428,110955.99,5e-05,3.964864864864393,BINANCE
2025-09-02 13:46:30.428,110954.01,5e-05,4.143243243243716,BINANCE
2025-09-02 13:46:30.428,110955.99,0.0001,3.964864864864393,BINANCE
2025-09-02 13:46:30.428,110956.0,0.0001,3.963963963963964,BINANCE
2025-09-02 13:46:30.428,110956.0,5e-05,3.963963963963964,BINANCE
2025-09-02 13:46:30.518,110954.01,0.35943,4.143243243243716,BINANCE
2025-09-02 13:46:30.518,110954.01,0.855,4.143243243243716,BINANCE
2025-09-02 13:46:30.518,110954.01,0.11337,4.143243243243716,BINANCE
2025-09-02 13:46:30.518,110954.01,0.13785,4.143243243243716,BINANCE
2025-09-02 13:46:30.518,110954.01,0.13692,4.143243243243716,BINANCE
2025-09-02 13:46:30.518,110954.01,0.13685,4.143243243243716,BINANCE
2025-09-02 13:46:30.518,110954.01,0.13068,4.143243243243716,BINANCE
2025-09-02 13:46:30.518,110954.01,0.00985,4.143243243243716,BINANCE
2025-09-02 13:46:30.558,110954.0,0.00151,4.144144144144144,BINANCE
2025-09-02 13:46:30.559,110954.0,0.00501,4.144144144144144,BINANCE
2025-09-02 13:46:30.624,110954.0,5e-05,4.144144144144144,BINANCE
2025-09-02 13:46:30.624,110954.0,0.00028,4.144144144144144,BINANCE
2025-09-02 13:46:30.629,110954.01,0.0001,4.143243243243716,BINANCE
2025-09-02 13:46:31.020,110953.99,5e-05,4.145045045044573,BINANCE
2025-09-02 13:46:31.020,110953.69,5e-05,4.172072072071862,BINANCE
2025-09-02 13:46:31.020,110953.76,5e-05,4.1657657657662375,BINANCE
2025-09-02 13:46:31.020,110952.01,5e-05,4.323423423423895,BINANCE
2025-09-02 13:46:31.020,110954.0,5e-05,4.144144144144144,BINANCE
2025-09-02 13:46:31.020,110954.0,0.0001,4.144144144144144,BINANCE
2025-09-02 13:46:31.020,110954.0,0.05351,4.144144144144144,BINANCE
2025-09-02 13:46:31.020,110954.0,0.00014,4.144144144144144,BINANCE
2025-09-02 13:46:31.022,110950.01,5e-05,4.503603603604075,BINANCE
2025-09-02 13:46:31.022,110950.44,5e-05,4.464864864864655,BINANCE
2025-09-02 13:46:31.022,110952.0,5e-05,4.324324324324325,BINANCE
2025-09-02 13:46:31.040,110948.62,5e-05,4.628828828829248,BINANCE
2025-09-02 13:46:31.040,110948.63,5e-05,4.627927927927509,BINANCE
2025-09-02 13:46:31.040,110948.28,2e-05,4.659459459459565,BINANCE
2025-09-02 13:46:31.040,110949.99,5e-05,4.505405405404933,BINANCE
2025-09-02 13:46:31.040,110949.99,0.0001,4.505405405404933,BINANCE
2025-09-02 13:46:31.040,110950.0,0.0001,4.504504504504505,BINANCE
2025-09-02 13:46:31.040,110950.0,5e-05,4.504504504504505,BINANCE
2025-09-02 13:46:31.120,110946.02,0.01801,4.863063063062696,BINANCE
2025-09-02 13:46:31.199,110946.01,0.01,4.863963963964436,BINANCE
2025-09-02 13:46:31.199,110946.01,0.00115,4.863963963964436,BINANCE
2025-09-02 13:46:31.199,110946.01,5e-05,4.863963963964436,BINANCE
2025-09-02 13:46:31.199,110946.01,0.0001,4.863963963964436,BINANCE
2025-09-02 13:46:31.276,110946.01,0.0196,4.863963963964436,BINANCE
2025-09-02 13:46:31.278,110946.01,0.00786,4.863963963964436,BINANCE
2025-09-02 13:46:31.280,110946.0,5e-05,4.864864864864865,BINANCE
2025-09-02 13:46:31.280,110946.0,0.0001,4.864864864864865,BINANCE
2025-09-02 13:46:31.280,110944.0,5e-05,5.045045045045045,BINANCE
2025-09-02 13:46:31.280,110944.01,5e-05,5.044144144144616,BINANCE
2025-09-02 13:46:31.280,110942.92,0.00059,5.142342342342499,BINANCE
2025-09-02 13:46:31.280,110942.91,0.00832,5.143243243242928,BINANCE
2025-09-02 13:46:31.280,110946.01,5e-05,4.863963963964436,BINANCE
2025-09-02 13:46:31.280,110946.01,0.0001,4.863963963964436,BINANCE
2025-09-02 13:46:31.280,110946.01,0.06922,4.863963963964436,BINANCE
2025-09-02 13:46:31.287,110942.01,5e-05,5.2243243243247965,BINANCE
2025-09-02 13:46:31.287,110940.0,0.00858,5.405405405405405,BINANCE
2025-09-02 13:46:31.287,110940.0,5e-05,5.405405405405405,BINANCE
2025-09-02 13:46:31.287,110940.99,5e-05,5.316216216215745,BINANCE
2025-09-02 13:46:31.287,110941.06,0.00018,5.30990990991012,BINANCE
2025-09-02 13:46:31.287,110941.98,5e-05,5.227027027027394,BINANCE
2025-09-02 13:46:31.287,110942.0,5e-05,5.225225225225225,BINANCE
2025-09-02 13:46:31.287,110942.9,0.0005,5.1441441441446685,BINANCE
2025-09-02 13:46:31.287,110942.89,5e-05,5.145045045045097,BINANCE
2025-09-02 13:46:31.287,110942.9,5e-05,5.1441441441446685,BINANCE
2025-09-02 13:46:31.287,110942.91,0.0001,5.143243243242928,BINANCE
2025-09-02 13:46:31.287,110942.91,5e-05,5.143243243242928,BINANCE
2025-09-02 13:46:31.287,110942.91,0.01459,5.143243243242928,BINANCE
2025-09-02 13:46:31.287,110942.75,5e-05,5.157657657657658,BINANCE
2025-09-02 13:46:31.295,110940.0,5e-05,5.405405405405405,BINANCE
2025-09-02 13:46:31.337,110940.01,0.00054,5.404504504504977,BINANCE
2025-09-02 13:46:31.409,110940.01,0.0001,5.404504504504977,BINANCE
2025-09-02 13:46:31.423,110940.0,0.00651,5.405405405405405,BINANCE
2025-09-02 13:46:31.467,110940.0,0.00263,5.405405405405405,BINANCE
2025-09-02 13:46:31.483,110940.01,0.0005,5.404504504504977,BINANCE
2025-09-02 13:46:31.502,110940.0,0.00025,5.405405405405405,BINANCE
2025-09-02 13:46:31.502,110940.0,6e-05,5.405405405405405,BINANCE
2025-09-02 13:46:31.502,110940.0,5e-05,5.405405405405405,BINANCE
2025-09-02 13:46:31.502,110940.0,0.0001,5.405405405405405,BINANCE
2025-09-02 13:46:31.502,110940.0,9e-05,5.405405405405405,BINANCE
2025-09-02 13:46:31.503,110939.99,0.0001,5.406306306305834,BINANCE
2025-09-02 13:46:31.503,110938.01,5e-05,5.584684684685156,BINANCE
2025-09-02 13:46:31.503,110939.34,5e-05,5.46486486486518,BINANCE
2025-09-02 13:46:31.503,110939.99,5e-05,5.406306306305834,BINANCE
2025-09-02 13:46:31.503,110940.0,5e-05,5.405405405405405,BINANCE
2025-09-02 13:46:31.503,110940.0,0.0001,5.405405405405405,BINANCE
2025-09-02 13:46:31.503,110940.0,4e-05,5.405405405405405,BINANCE
2025-09-02 13:46:31.506,110938.0,0.0025,5.585585585585585,BINANCE
2025-09-02 13:46:31.546,110938.0,5e-05,5.585585585585585,BINANCE
2025-09-02 13:46:31.546,110938.0,0.06998,5.585585585585585,BINANCE
2025-09-02 13:46:31.546,110938.0,0.001,5.585585585585585,BINANCE
2025-09-02 13:46:31.546,110938.0,0.01,5.585585585585585,BINANCE
2025-09-02 13:46:31.546,110938.0,0.0001,5.585585585585585,BINANCE
2025-09-02 13:46:31.548,110936.01,5e-05,5.764864864865336,BINANCE
2025-09-02 13:46:31.548,110936.56,5e-05,5.715315315315525,BINANCE
2025-09-02 13:46:31.548,110937.46,5e-05,5.6342342342336575,BINANCE
2025-09-02 13:46:31.548,110937.99,5e-05,5.586486486486014,BINANCE
2025-09-02 13:46:31.548,110937.99,0.0001,5.586486486486014,BINANCE
2025-09-02 13:46:31.548,110938.0,0.026,5.585585585585585,BINANCE
2025-09-02 13:46:31.550,110935.99,5e-05,5.766666666666195,BINANCE
2025-09-02 13:46:31.550,110934.61,5e-05,5.890990990990939,BINANCE
2025-09-02 13:46:31.550,110936.0,5e-05,5.765765765765766,BINANCE
2025-09-02 13:46:31.550,110936.0,0.0001,5.765765765765766,BINANCE
2025-09-02 13:46:31.552,110934.59,5e-05,5.892792792793108,BINANCE
2025-09-02 13:46:31.552,110929.29,5e-05,6.370270270270847,BINANCE
2025-09-02 13:46:31.552,110930.5,0.003,6.261261261261261,BINANCE
2025-09-02 13:46:31.552,110930.67,5e-05,6.2459459459461035,BINANCE
2025-09-02 13:46:31.552,110931.14,5e-05,6.203603603603656,BINANCE
2025-09-02 13:46:31.552,110932.05,5e-05,6.121621621621359,BINANCE
2025-09-02 13:46:31.552,110933.06,0.0001,6.030630630630841,BINANCE
2025-09-02 13:46:31.552,110934.59,0.0001,5.892792792793108,BINANCE
2025-09-02 13:46:31.552,110934.6,5e-05,5.891891891891367,BINANCE
2025-09-02 13:46:31.552,110934.6,0.0001,5.891891891891367,BINANCE
2025-09-02 13:46:31.552,110934.6,0.10814,5.891891891891367,BINANCE
2025-09-02 13:46:31.556,110929.28,0.01,6.371171171171276,BINANCE
2025-09-02 13:46:31.556,110929.28,0.00856,6.371171171171276,BINANCE
2025-09-02 13:46:31.556,110929.28,5e-05,6.371171171171276,BINANCE
2025-09-02 13:46:31.556,110929.28,0.0001,6.371171171171276,BINANCE
2025-09-02 13:46:31.563,110929.27,5e-05,6.372072072071704,BINANCE
2025-09-02 13:46:31.563,110927.76,5e-05,6.508108108108581,BINANCE
2025-09-02 13:46:31.563,110928.35,5e-05,6.45495495495443,BINANCE
2025-09-02 13:46:31.563,110929.03,0.0001,6.393693693693799,BINANCE
2025-09-02 13:46:31.563,110929.28,5e-05,6.371171171171276,BINANCE
2025-09-02 13:46:31.563,110929.28,0.0001,6.371171171171276,BINANCE
2025-09-02 13:46:31.563,110929.27,0.0001,6.372072072071704,BINANCE
2025-09-02 13:46:31.563,110927.75,0.00776,6.509009009009009,BINANCE
2025-09-02 13:46:31.565,110927.75,0.00209,6.509009009009009,BINANCE
2025-09-02 13:46:31.568,110927.75,0.00901,6.509009009009009,BINANCE
2025-09-02 13:46:31.614,110927.75,0.00902,6.509009009009009,BINANCE
2025-09-02 13:46:31.629,110927.75,0.00145,6.509009009009009,BINANCE
2025-09-02 13:46:31.640,110927.75,0.03,6.509009009009009,BINANCE
2025-09-02 13:46:31.654,110927.75,5e-05,6.509009009009009,BINANCE
2025-09-02 13:46:31.675,110927.75,0.01833,6.509009009009009,BINANCE
2025-09-02 13:46:31.675,110927.75,0.05406,6.509009009009009,BINANCE
2025-09-02 13:46:31.675,110927.74,5e-05,6.509909909909438,BINANCE
2025-09-02 13:46:31.675,110927.74,0.0001,6.509909909909438,BINANCE
2025-09-02 13:46:31.675,110927.35,5e-05,6.545045045044521,BINANCE
2025-09-02 13:46:31.675,110927.32,5e-05,6.547747747747119,BINANCE
2025-09-02 13:46:31.675,110924.01,5e-05,6.8459459459464185,BINANCE
2025-09-02 13:46:31.675,110925.72,5e-05,6.691891891891787,BINANCE
2025-09-02 13:46:31.675,110927.75,0.001,6.509009009009009,BINANCE
2025-09-02 13:46:31.675,110924.0,5e-05,6.846846846846847,BINANCE
2025-09-02 13:46:31.675,110924.0,0.0009,6.846846846846847,BINANCE
2025-09-02 13:46:31.675,110926.64,5e-05,6.609009009009061,BINANCE
2025-09-02 13:46:31.675,110927.75,5e-05,6.509009009009009,BINANCE
2025-09-02 13:46:31.675,110927.75,0.0001,6.509009009009009,BINANCE
2025-09-02 13:46:31.675,110927.75,0.04876,6.509009009009009,BINANCE
2025-09-02 13:46:31.677,110922.59,5e-05,6.973873873874188,BINANCE
2025-09-02 13:46:31.677,110922.6,5e-05,6.972972972972448,BINANCE
2025-09-02 13:46:31.677,110924.0,5e-05,6.846846846846847,BINANCE
2025-09-02 13:46:31.677,110924.0,0.0001,6.846846846846847,BINANCE
2025-09-02 13:46:31.770,110922.58,5e-05,6.974774774774617,BINANCE
2025-09-02 13:46:31.770,110920.23,0.00791,7.186486486486853,BINANCE
2025-09-02 13:46:31.770,110920.3,5e-05,7.180180180179918,BINANCE
2025-09-02 13:46:31.770,110921.06,5e-05,7.111711711711922,BINANCE
2025-09-02 13:46:31.770,110921.23,5e-05,7.096396396396764,BINANCE
2025-09-02 13:46:31.770,110922.59,5e-05,6.973873873874188,BINANCE
2025-09-02 13:46:31.790,110920.23,0.00197,7.186486486486853,BINANCE
2025-09-02 13:46:31.796,110920.22,5e-05,7.187387387387283,BINANCE
2025-09-02 13:46:31.796,110920.0,5e-05,7.207207207207207,BINANCE
2025-09-02 13:46:31.796,110920.22,0.0001,7.187387387387283,BINANCE
2025-09-02 13:46:31.796,110920.0,0.00602,7.207207207207207,BINANCE
2025-09-02 13:46:31.796,110920.0,0.00024,7.207207207207207,BINANCE
2025-09-02 13:46:31.796,110920.0,0.00541,7.207207207207207,BINANCE
2025-09-02 13:46:31.796,110920.0,0.01201,7.207207207207207,BINANCE
2025-09-02 13:46:31.796,110920.23,0.001,7.186486486486853,BINANCE
2025-09-02 13:46:31.796,110920.23,0.0001,7.186486486486853,BINANCE
2025-09-02 13:46:31.796,110920.23,5e-05,7.186486486486853,BINANCE
2025-09-02 13:46:31.796,110920.23,0.00927,7.186486486486853,BINANCE
2025-09-02 13:46:31.799,110919.09,0.00018,7.289189189189504,BINANCE
2025-09-02 13:46:31.806,110913.59,0.00173,7.784684684684999,BINANCE
2025-09-02 13:46:31.806,110913.85,0.003,7.761261261260737,BINANCE
2025-09-02 13:46:31.806,110914.16,0.0018,7.733333333333019,BINANCE
2025-09-02 13:46:31.806,110914.88,5e-05,7.668468468468049,BINANCE
2025-09-02 13:46:31.806,110915.76,0.00018,7.5891891891896615,BINANCE
2025-09-02 13:46:31.806,110915.78,0.0001,7.587387387387492,BINANCE
2025-09-02 13:46:31.806,110915.82,5e-05,7.583783783783154,BINANCE
2025-09-02 13:46:31.806,110916.23,0.00018,7.546846846847214,BINANCE
2025-09-02 13:46:31.806,110916.66,9e-05,7.508108108107794,BINANCE
2025-09-02 13:46:31.806,110917.09,0.00023,7.469369369369684,BINANCE
2025-09-02 13:46:31.806,110917.09,0.00045,7.469369369369684,BINANCE
2025-09-02 13:46:31.806,110917.26,5e-05,7.4540540540545255,BINANCE
2025-09-02 13:46:31.806,110918.16,0.00018,7.372972972972659,BINANCE
2025-09-02 13:46:31.806,110918.5,5e-05,7.342342342342342,BINANCE
2025-09-02 13:46:31.806,110916.3,5e-05,7.540540540540278,BINANCE
2025-09-02 13:46:31.806,110918.78,5e-05,7.317117117117222,BINANCE
2025-09-02 13:46:31.806,110918.79,0.00012,7.316216216216793,BINANCE
2025-09-02 13:46:31.806,110918.79,5e-05,7.316216216216793,BINANCE
2025-09-02 13:46:31.808,110913.59,7e-05,7.784684684684999,BINANCE
2025-09-02 13:46:31.808,110913.59,0.00091,7.784684684684999,BINANCE
2025-09-02 13:46:31.808,110913.48,5e-05,7.794594594594962,BINANCE
2025-09-02 13:46:31.809,110909.46,5e-05,8.15675675675618,BINANCE
2025-09-02 13:46:31.809,110909.5,0.00099,8.153153153153154,BINANCE
2025-09-02 13:46:31.809,110910.04,5e-05,8.104504504505082,BINANCE
2025-09-02 13:46:31.809,110910.11,5e-05,8.098198198198146,BINANCE
2025-09-02 13:46:31.809,110910.13,0.0018,8.096396396395978,BINANCE
2025-09-02 13:46:31.809,110910.14,0.00884,8.095495495495548,BINANCE
2025-09-02 13:46:31.809,110910.14,0.00031,8.095495495495548,BINANCE
2025-09-02 13:46:31.809,110910.41,5e-05,8.071171171170857,BINANCE
2025-09-02 13:46:31.809,110910.73,0.0018,8.042342342342709,BINANCE
2025-09-02 13:46:31.809,110912.14,0.0001,7.915315315315368,BINANCE
2025-09-02 13:46:31.809,110910.14,5e-05,8.095495495495548,BINANCE
2025-09-02 13:46:31.817,110905.0,5e-05,8.558558558558559,BINANCE
2025-09-02 13:46:31.817,110905.28,5e-05,8.533333333333438,BINANCE
2025-09-02 13:46:31.817,110905.37,5e-05,8.525225225225645,BINANCE
2025-09-02 13:46:31.817,110905.38,5e-05,8.524324324323905,BINANCE
2025-09-02 13:46:31.817,110906.6,5e-05,8.41441441441389,BINANCE
2025-09-02 13:46:31.817,110906.97,0.00069,8.381081081080977,BINANCE
2025-09-02 13:46:31.817,110907.14,0.0001,8.365765765765818,BINANCE
2025-09-02 13:46:31.820,110903.8,5e-05,8.666666666666405,BINANCE
2025-09-02 13:46:31.820,110901.83,0.0001,8.844144144143987,BINANCE
2025-09-02 13:46:31.820,110901.24,0.03471,8.897297297296825,BINANCE
2025-09-02 13:46:31.820,110903.16,5e-05,8.72432432432401,BINANCE
2025-09-02 13:46:31.820,110903.81,5e-05,8.665765765765975,BINANCE
2025-09-02 13:46:31.820,110904.04,5e-05,8.645045045045622,BINANCE
2025-09-02 13:46:31.853,110901.24,0.01,8.897297297296825,BINANCE
2025-09-02 13:46:31.853,110901.24,0.00164,8.897297297296825,BINANCE
2025-09-02 13:46:31.853,110901.24,0.0001,8.897297297296825,BINANCE
2025-09-02 13:46:31.853,110901.24,5e-05,8.897297297296825,BINANCE
2025-09-02 13:46:31.962,110901.24,0.0001,8.897297297296825,BINANCE
2025-09-02 13:46:31.962,110901.24,0.01,8.897297297296825,BINANCE
2025-09-02 13:46:31.962,110901.24,0.00842,8.897297297296825,BINANCE
2025-09-02 13:46:31.962,110901.24,5e-05,8.897297297296825,BINANCE
2025-09-02 13:46:31.967,110901.24,0.03,8.897297297296825,BINANCE
2025-09-02 13:46:31.989,110901.24,0.00564,8.897297297296825,BINANCE
2025-09-02 13:46:31.989,110901.24,0.00754,8.897297297296825,BINANCE
2025-09-02 13:46:31.991,110901.24,0.00181,8.897297297296825,BINANCE
2025-09-02 13:46:32.016,110901.23,5e-05,8.898198198198566,BINANCE
2025-09-02 13:46:32.016,110900.01,5e-05,9.00810810810858,BINANCE
2025-09-02 13:46:32.016,110901.23,0.0001,8.898198198198566,BINANCE
2025-09-02 13:46:32.016,110901.24,5e-05,8.897297297296825,BINANCE
2025-09-02 13:46:32.016,110901.24,0.0001,8.897297297296825,BINANCE
2025-09-02 13:46:32.016,110901.24,0.04447,8.897297297296825,BINANCE
2025-09-02 13:46:32.016,110901.24,0.002,8.897297297296825,BINANCE
2025-09-02 13:46:32.021,110900.0,0.00078,9.00900900900901,BINANCE
2025-09-02 13:46:32.037,110900.0,0.01079,9.00900900900901,BINANCE
2025-09-02 13:46:32.037,110900.0,0.01725,9.00900900900901,BINANCE
2025-09-02 13:46:32.037,110900.0,5e-05,9.00900900900901,BINANCE
2025-09-02 13:46:32.039,110900.0,0.01905,9.00900900900901,BINANCE
2025-09-02 13:46:32.046,110900.0,0.00901,9.00900900900901,BINANCE
2025-09-02 13:46:32.052,110900.0,0.0018,9.00900900900901,BINANCE
2025-09-02 13:46:32.055,110900.0,0.10056,9.00900900900901,BINANCE
2025-09-02 13:46:32.074,110900.0,0.00072,9.00900900900901,BINANCE
2025-09-02 13:46:32.095,110900.01,0.0001,9.00810810810858,BINANCE
2025-09-02 13:46:32.110,110900.0,0.00279,9.00900900900901,BINANCE
2025-09-02 13:46:32.127,110900.01,0.00981,9.00810810810858,BINANCE
2025-09-02 13:46:32.129,110900.0,0.03,9.00900900900901,BINANCE
2025-09-02 13:46:32.283,110900.0,0.03,9.00900900900901,BINANCE
2025-09-02 13:46:32.303,110900.0,0.00158,9.00900900900901,BINANCE
2025-09-02 13:46:32.388,110900.01,0.01,9.00810810810858,BINANCE
2025-09-02 13:46:32.388,110900.01,0.026,9.00810810810858,BINANCE
2025-09-02 13:46:32.411,110900.01,0.00416,9.00810810810858,BINANCE
2025-09-02 13:46:32.411,110900.01,0.02584,9.00810810810858,BINANCE
2025-09-02 13:46:32.420,110900.0,0.00202,9.00900900900901,BINANCE
2025-09-02 13:46:32.464,110900.0,9e-05,9.00900900900901,BINANCE
2025-09-02 13:46:32.467,110900.01,0.00451,9.00810810810858,BINANCE
2025-09-02 13:46:32.532,110900.01,0.019,9.00810810810858,BINANCE
2025-09-02 13:46:32.532,110900.01,0.018,9.00810810810858,BINANCE
2025-09-02 13:46:32.533,110900.01,0.019,9.00810810810858,BINANCE
2025-09-02 13:46:32.534,110900.01,0.019,9.00810810810858,BINANCE
2025-09-02 13:46:32.602,110900.0,0.00038,9.00900900900901,BINANCE
2025-09-02 13:46:32.602,110900.0,5e-05,9.00900900900901,BINANCE
2025-09-02 13:46:32.602,110900.0,0.00078,9.00900900900901,BINANCE
2025-09-02 13:46:32.772,110900.0,0.0005,9.00900900900901,BINANCE
2025-09-02 13:46:32.805,110900.01,0.00017,9.00810810810858,BINANCE
2025-09-02 13:46:32.832,110900.01,0.00019,9.00810810810858,BINANCE
2025-09-02 13:46:32.833,110900.0,0.00023,9.00900900900901,BINANCE
2025-09-02 13:46:32.962,110900.0,0.19615,9.00900900900901,BINANCE
2025-09-02 13:46:32.962,110900.0,0.05246,9.00900900900901,BINANCE
2025-09-02 13:46:32.982,110900.0,0.00471,9.00900900900901,BINANCE
2025-09-02 13:46:32.993,110900.01,0.05,9.00810810810858,BINANCE
2025-09-02 13:46:33.077,110900.01,0.00023,9.00810810810858,BINANCE
2025-09-02 13:46:33.451,110900.01,0.0001,9.00810810810858,BINANCE
2025-09-02 13:46:33.451,110900.01,5e-05,9.00810810810858,BINANCE
2025-09-02 13:46:33.451,110900.01,0.02,9.00810810810858,BINANCE
2025-09-02 13:46:33.451,110900.01,0.08336,9.00810810810858,BINANCE
2025-09-02 13:46:33.451,110900.02,0.00912,9.00720720720684,BINANCE
2025-09-02 13:46:33.451,110900.02,0.03596,9.00720720720684,BINANCE
2025-09-02 13:46:33.451,110900.02,5e-05,9.00720720720684,BINANCE
2025-09-02 13:46:33.451,110900.01,0.03376,9.00810810810858,BINANCE
2025-09-02 13:46:33.451,110900.01,0.11994,9.00810810810858,BINANCE
2025-09-02 13:46:33.451,110900.01,0.2582,9.00810810810858,BINANCE
2025-09-02 13:46:33.451,110900.01,0.00135,9.00810810810858,BINANCE
2025-09-02 13:46:33.451,110900.01,0.00817,9.00810810810858,BINANCE
2025-09-02 13:46:33.455,110905.0,5e-05,8.558558558558559,BINANCE
2025-09-02 13:46:33.456,110910.41,5e-05,8.071171171170857,BINANCE
2025-09-02 13:46:33.471,110910.99,0.018,8.018918918918446,BINANCE
2025-09-02 13:46:33.471,110910.99,5e-05,8.018918918918446,BINANCE
2025-09-02 13:46:33.471,110910.99,0.0159,8.018918918918446,BINANCE
2025-09-02 13:46:33.472,110910.99,0.02,8.018918918918446,BINANCE
2025-09-02 13:46:33.473,110910.99,0.019,8.018918918918446,BINANCE
2025-09-02 13:46:33.505,110910.99,0.003,8.018918918918446,BINANCE
2025-09-02 13:46:33.533,110910.99,7e-05,8.018918918918446,BINANCE
2025-09-02 13:46:33.598,110910.99,0.0001,8.018918918918446,BINANCE
2025-09-02 13:46:33.598,110911.41,5e-05,7.981081081080766,BINANCE
2025-09-02 13:46:33.598,110911.4,5e-05,7.981981981982506,BINANCE
2025-09-02 13:46:33.598,110911.0,0.0001,8.018018018018019,BINANCE
2025-09-02 13:46:33.598,110910.99,5e-05,8.018918918918446,BINANCE
2025-09-02 13:46:33.598,110910.99,0.04508,8.018918918918446,BINANCE
2025-09-02 13:46:33.599,110912.31,5e-05,7.900000000000209,BINANCE
2025-09-02 13:46:33.599,110912.3,5e-05,7.900900900900639,BINANCE
2025-09-02 13:46:33.603,110915.78,5e-05,7.587387387387492,BINANCE
2025-09-02 13:46:33.603,110914.88,5e-05,7.668468468468049,BINANCE
2025-09-02 13:46:33.603,110912.32,5e-05,7.89909909909847,BINANCE
2025-09-02 13:46:33.603,110912.32,0.0001,7.89909909909847,BINANCE
2025-09-02 13:46:33.609,110917.19,5e-05,7.46036036036015,BINANCE
2025-09-02 13:46:33.609,110917.0,7e-05,7.4774774774774775,BINANCE
2025-09-02 13:46:33.609,110916.65,0.00273,7.509009009009533,BINANCE
2025-09-02 13:46:33.609,110915.8,0.0001,7.585585585585323,BINANCE
2025-09-02 13:46:33.609,110916.65,0.00027,7.509009009009533,BINANCE
2025-09-02 13:46:33.609,110915.79,5e-05,7.586486486487064,BINANCE
2025-09-02 13:46:33.609,110915.79,0.0001,7.586486486487064,BINANCE
2025-09-02 13:46:33.612,110919.22,5e-05,7.2774774774773725,BINANCE
2025-09-02 13:46:33.612,110919.21,5e-05,7.278378378377801,BINANCE
2025-09-02 13:46:33.612,110918.78,5e-05,7.317117117117222,BINANCE
2025-09-02 13:46:33.612,110920.0,0.00247,7.207207207207207,BINANCE
2025-09-02 13:46:33.612,110918.77,5e-05,7.318018018017651,BINANCE
2025-09-02 13:46:33.612,110917.2,5e-05,7.459459459459722,BINANCE
2025-09-02 13:46:33.613,110919.99,0.00016,7.208108108107636,BINANCE
2025-09-02 13:46:33.631,110919.99,0.00013,7.208108108107636,BINANCE
2025-09-02 13:46:33.742,110919.99,9e-05,7.208108108107636,BINANCE
2025-09-02 13:46:33.754,110919.99,0.00013,7.208108108107636,BINANCE
2025-09-02 13:46:33.783,110919.99,0.00034,7.208108108107636,BINANCE
2025-09-02 13:46:33.872,110919.99,0.00027,7.208108108107636,BINANCE
2025-09-02 13:46:33.900,110919.99,0.00062,7.208108108107636,BINANCE
2025-09-02 13:46:33.917,110920.0,0.01556,7.207207207207207,BINANCE
2025-09-02 13:46:33.917,110920.0,0.02044,7.207207207207207,BINANCE
2025-09-02 13:46:33.950,110919.99,0.00048,7.208108108107636,BINANCE
2025-09-02 13:46:33.955,110918.55,5e-05,7.337837837837575,BINANCE
2025-09-02 13:46:33.955,110919.98,5e-05,7.209009009009376,BINANCE
2025-09-02 13:46:33.955,110919.99,5e-05,7.208108108107636,BINANCE
2025-09-02 13:46:33.955,110919.99,0.00026,7.208108108107636,BINANCE
2025-09-02 13:46:33.955,110919.99,0.00087,7.208108108107636,BINANCE
2025-09-02 13:46:33.955,110919.99,0.04,7.208108108107636,BINANCE
2025-09-02 13:46:33.961,110918.01,5e-05,7.386486486486958,BINANCE
2025-09-02 13:46:33.967,110918.01,5e-05,7.386486486486958,BINANCE
2025-09-02 13:46:33.973,110918.01,5e-05,7.386486486486958,BINANCE
2025-09-02 13:46:34.001,110918.0,5e-05,7.387387387387387,BINANCE
2025-09-02 13:46:34.001,110918.0,0.10405,7.387387387387387,BINANCE
2025-09-02 13:46:34.003,110918.0,0.04543,7.387387387387387,BINANCE
2025-09-02 13:46:34.018,110918.0,0.08358,7.387387387387387,BINANCE
2025-09-02 13:46:34.020,110917.99,5e-05,7.388288288287816,BINANCE
2025-09-02 13:46:34.020,110918.0,5e-05,7.387387387387387,BINANCE
2025-09-02 13:46:34.029,110915.81,5e-05,7.584684684684895,BINANCE
2025-09-02 13:46:34.029,110914.0,0.00031,7.7477477477477485,BINANCE
2025-09-02 13:46:34.029,110914.01,5e-05,7.746846846847318,BINANCE
2025-09-02 13:46:34.029,110915.82,5e-05,7.583783783783154,BINANCE
2025-09-02 13:46:34.029,110915.82,0.17394,7.583783783783154,BINANCE
2025-09-02 13:46:34.030,110910.01,5e-05,8.10720720720768,BINANCE
2025-09-02 13:46:34.030,110910.0,5e-05,8.108108108108107,BINANCE
2025-09-02 13:46:34.030,110910.0,1e-05,8.108108108108107,BINANCE
2025-09-02 13:46:34.030,110910.41,5e-05,8.071171171170857,BINANCE
2025-09-02 13:46:34.030,110912.0,5e-05,7.927927927927928,BINANCE
2025-09-02 13:46:34.030,110912.01,5e-05,7.927027027027499,BINANCE
2025-09-02 13:46:34.030,110914.0,5e-05,7.7477477477477485,BINANCE
2025-09-02 13:46:34.048,110909.99,5e-05,8.109009009008536,BINANCE
2025-09-02 13:46:34.048,110909.99,4e-05,8.109009009008536,BINANCE
2025-09-02 13:46:34.048,110910.0,5e-05,8.108108108108107,BINANCE
2025-09-02 13:46:34.105,110909.99,5e-05,8.109009009008536,BINANCE
2025-09-02 13:46:34.105,110909.98,5e-05,8.109909909910277,BINANCE
2025-09-02 13:46:34.105,110908.38,5e-05,8.254054054053634,BINANCE
2025-09-02 13:46:34.105,110908.37,5e-05,8.254954954955375,BINANCE
2025-09-02 13:46:34.105,110909.99,1e-05,8.109009009008536,BINANCE
2025-09-02 13:46:34.107,110908.0,5e-05,8.288288288288287,BINANCE
2025-09-02 13:46:34.107,110904.01,1e-05,8.64774774774822,BINANCE
2025-09-02 13:46:34.107,110904.01,5e-05,8.64774774774822,BINANCE
2025-09-02 13:46:34.107,110905.0,5e-05,8.558558558558559,BINANCE
2025-09-02 13:46:34.107,110908.01,5e-05,8.28738738738786,BINANCE
2025-09-02 13:46:34.116,110904.0,5e-05,8.64864864864865,BINANCE
2025-09-02 13:46:34.116,110902.0,0.00076,8.82882882882883,BINANCE
2025-09-02 13:46:34.116,110902.01,5e-05,8.8279279279284,BINANCE
2025-09-02 13:46:34.116,110904.01,5e-05,8.64774774774822,BINANCE
2025-09-02 13:46:34.137,110902.01,0.00014,8.8279279279284,BINANCE
2025-09-02 13:46:34.156,110900.0,0.00108,9.00900900900901,BINANCE
2025-09-02 13:46:34.156,110900.01,5e-05,9.00810810810858,BINANCE
2025-09-02 13:46:34.156,110900.51,0.00018,8.963063063063535,BINANCE
2025-09-02 13:46:34.156,110901.99,5e-05,8.829729729729257,BINANCE
2025-09-02 13:46:34.156,110902.0,5e-05,8.82882882882883,BINANCE
2025-09-02 13:46:34.174,110900.0,0.00903,9.00900900900901,BINANCE
2025-09-02 13:46:34.188,110900.0,0.00901,9.00900900900901,BINANCE
2025-09-02 13:46:34.216,110899.99,5e-05,9.009909909909437,BINANCE
2025-09-02 13:46:34.216,110899.67,0.00018,9.038738738738896,BINANCE
2025-09-02 13:46:34.216,110898.82,5e-05,9.115315315314685,BINANCE
2025-09-02 13:46:34.216,110899.32,5e-05,9.070270270269642,BINANCE
2025-09-02 13:46:34.216,110898.81,0.02746,9.116216216216426,BINANCE
2025-09-02 13:46:34.216,110899.59,5e-05,9.04594594594626,BINANCE
2025-09-02 13:46:34.216,110900.0,5e-05,9.00900900900901,BINANCE
2025-09-02 13:46:34.216,110900.0,0.001,9.00900900900901,BINANCE
2025-09-02 13:46:34.286,110898.8,5e-05,9.117117117116855,BINANCE
2025-09-02 13:46:34.286,110898.75,5e-05,9.121621621621621,BINANCE
2025-09-02 13:46:34.286,110898.01,5e-05,9.18828828828876,BINANCE
2025-09-02 13:46:34.286,110898.0,5e-05,9.18918918918919,BINANCE
2025-09-02 13:46:34.286,110898.62,5e-05,9.133333333333754,BINANCE
2025-09-02 13:46:34.286,110898.81,5e-05,9.116216216216426,BINANCE
2025-09-02 13:46:34.286,110898.81,0.01759,9.116216216216426,BINANCE
2025-09-02 13:46:34.288,110896.82,0.0001,9.295495495494867,BINANCE
2025-09-02 13:46:34.288,110896.5,0.00018,9.324324324324325,BINANCE
2025-09-02 13:46:34.288,110896.29,3e-05,9.343243243243819,BINANCE
2025-09-02 13:46:34.289,110896.81,5e-05,9.296396396396606,BINANCE
2025-09-02 13:46:34.289,110896.0,0.00048,9.36936936936937,BINANCE
2025-09-02 13:46:34.289,110896.29,2e-05,9.343243243243819,BINANCE
2025-09-02 13:46:34.289,110896.82,5e-05,9.295495495494867,BINANCE
2025-09-02 13:46:34.294,110896.28,5e-05,9.344144144144249,BINANCE
2025-09-02 13:46:34.294,110896.0,0.00152,9.36936936936937,BINANCE
2025-09-02 13:46:34.294,110896.0,5e-05,9.36936936936937,BINANCE
2025-09-02 13:46:34.294,110895.42,0.00018,9.421621621621778,BINANCE
2025-09-02 13:46:34.294,110895.02,5e-05,9.45765765765729,BINANCE
2025-09-02 13:46:34.294,110894.5,0.00045,9.504504504504505,BINANCE
2025-09-02 13:46:34.294,110894.18,5e-05,9.533333333333962,BINANCE
2025-09-02 13:46:34.294,110894.26,5e-05,9.526126126126599,BINANCE
2025-09-02 13:46:34.294,110893.34,0.00018,9.609009009009323,BINANCE
2025-09-02 13:46:34.294,110892.87,0.00018,9.65135135135177,BINANCE
2025-09-02 13:46:34.294,110892.47,0.0001,9.687387387387282,BINANCE
2025-09-02 13:46:34.294,110892.0,0.002,9.72972972972973,BINANCE
2025-09-02 13:46:34.294,110891.42,0.0018,9.781981981982138,BINANCE
2025-09-02 13:46:34.294,110891.0,0.00083,9.819819819819818,BINANCE
2025-09-02 13:46:34.294,110894.5,0.00023,9.504504504504505,BINANCE
2025-09-02 13:46:34.294,110893.2,5e-05,9.621621621621884,BINANCE
2025-09-02 13:46:34.294,110896.29,5e-05,9.343243243243819,BINANCE
2025-09-02 13:46:34.294,110896.29,1e-05,9.343243243243819,BINANCE
2025-09-02 13:46:34.294,110896.29,4e-05,9.343243243243819,BINANCE
2025-09-02 13:46:34.298,110891.0,0.00097,9.819819819819818,BINANCE
2025-09-02 13:46:34.298,110891.0,0.00091,9.819819819819818,BINANCE
2025-09-02 13:46:34.298,110891.0,0.00714,9.819819819819818,BINANCE
2025-09-02 13:46:34.300,110891.0,0.00185,9.819819819819818,BINANCE
2025-09-02 13:46:34.308,110891.0,0.00164,9.819819819819818,BINANCE
2025-09-02 13:46:34.312,110891.01,0.00179,9.818918918919392,BINANCE
2025-09-02 13:46:34.313,110891.0,0.00902,9.819819819819818,BINANCE
2025-09-02 13:46:34.410,110891.01,0.00135,9.818918918919392,BINANCE
2025-09-02 13:46:34.411,110891.0,5e-05,9.819819819819818,BINANCE
2025-09-02 13:46:34.411,110891.0,4e-05,9.819819819819818,BINANCE
2025-09-02 13:46:34.415,110890.0,7e-05,9.90990990990991,BINANCE
2025-09-02 13:46:34.415,110890.01,5e-05,9.90900900900948,BINANCE
2025-09-02 13:46:34.415,110890.99,5e-05,9.820720720720248,BINANCE
2025-09-02 13:46:34.415,110891.0,5e-05,9.819819819819818,BINANCE
2025-09-02 13:46:34.415,110891.0,0.001,9.819819819819818,BINANCE
2025-09-02 13:46:34.417,110890.0,9e-05,9.90990990990991,BINANCE
2025-09-02 13:46:34.476,110890.01,0.00046,9.90900900900948,BINANCE
2025-09-02 13:46:34.477,110891.01,5e-05,9.818918918919392,BINANCE
2025-09-02 13:46:34.477,110891.0,5e-05,9.819819819819818,BINANCE
2025-09-02 13:46:34.477,110891.01,0.02,9.818918918919392,BINANCE
2025-09-02 13:46:34.477,110890.01,0.00072,9.90900900900948,BINANCE
2025-09-02 13:46:34.477,110892.01,5e-05,9.7288288288293,BINANCE
2025-09-02 13:46:34.477,110891.17,5e-05,9.804504504504662,BINANCE
2025-09-02 13:46:34.477,110891.73,5e-05,9.754054054054421,BINANCE
2025-09-02 13:46:34.477,110892.34,5e-05,9.699099099099413,BINANCE
2025-09-02 13:46:34.477,110890.01,5e-05,9.90900900900948,BINANCE
2025-09-02 13:46:34.477,110892.33,5e-05,9.699999999999843,BINANCE
2025-09-02 13:46:34.477,110890.01,0.0432,9.90900900900948,BINANCE
2025-09-02 13:46:34.477,110890.01,0.13582,9.90900900900948,BINANCE
2025-09-02 13:46:34.477,110890.01,0.0084,9.90900900900948,BINANCE
2025-09-02 13:46:34.477,110890.01,0.0144,9.90900900900948,BINANCE
2025-09-02 13:46:34.477,110890.01,0.05628,9.90900900900948,BINANCE
2025-09-02 13:46:34.477,110890.01,0.00467,9.90900900900948,BINANCE
2025-09-02 13:46:34.477,110890.01,0.01762,9.90900900900948,BINANCE
2025-09-02 13:46:34.477,110890.01,0.00135,9.90900900900948,BINANCE
2025-09-02 13:46:34.477,110890.01,0.00019,9.90900900900948,BINANCE
2025-09-02 13:46:34.477,110890.01,0.20863,9.90900900900948,BINANCE
2025-09-02 13:46:34.477,110890.01,0.12113,9.90900900900948,BINANCE
2025-09-02 13:46:34.481,110894.12,5e-05,9.53873873873916,BINANCE
2025-09-02 13:46:34.481,110894.18,5e-05,9.533333333333962,BINANCE
2025-09-02 13:46:34.481,110896.27,5e-05,9.345045045044678,BINANCE
2025-09-02 13:46:34.483,110896.29,5e-05,9.343243243243819,BINANCE
2025-09-02 13:46:34.483,110896.3,0.00274,9.34234234234208,BINANCE
2025-09-02 13:46:34.483,110896.28,5e-05,9.344144144144249,BINANCE
2025-09-02 13:46:34.483,110896.27,9e-05,9.345045045044678,BINANCE
2025-09-02 13:46:34.493,110896.29,0.02766,9.343243243243819,BINANCE
2025-09-02 13:46:34.664,110896.3,0.00451,9.34234234234208,BINANCE
2025-09-02 13:46:34.715,110896.3,0.01536,9.34234234234208,BINANCE
2025-09-02 13:46:34.756,110896.3,5e-05,9.34234234234208,BINANCE
2025-09-02 13:46:34.756,110896.3,0.012,9.34234234234208,BINANCE
2025-09-02 13:46:34.756,110896.3,0.02395,9.34234234234208,BINANCE
2025-09-02 13:46:34.821,110896.3,5e-05,9.34234234234208,BINANCE
2025-09-02 13:46:34.821,110904.77,5e-05,8.579279279278913,BINANCE
2025-09-02 13:46:34.821,110899.59,5e-05,9.04594594594626,BINANCE
2025-09-02 13:46:34.821,110900.01,0.00454,9.00810810810858,BINANCE
2025-09-02 13:46:34.821,110901.61,5e-05,8.863963963963911,BINANCE
2025-09-02 13:46:34.821,110902.61,8e-05,8.773873873873821,BINANCE
2025-09-02 13:46:34.821,110903.26,0.00018,8.715315315315788,BINANCE
2025-09-02 13:46:34.821,110904.77,0.00964,8.579279279278913,BINANCE
2025-09-02 13:46:34.821,110904.77,0.00547,8.579279279278913,BINANCE
2025-09-02 13:46:34.821,110902.61,0.0001,8.773873873873821,BINANCE
2025-09-02 13:46:34.821,110896.3,0.00349,9.34234234234208,BINANCE
2025-09-02 13:46:34.821,110896.31,0.0001,9.341441441441651,BINANCE
2025-09-02 13:46:34.821,110896.3,0.0001,9.34234234234208,BINANCE
2025-09-02 13:46:34.821,110896.3,0.00859,9.34234234234208,BINANCE
2025-09-02 13:46:34.901,110904.78,0.05583,8.578378378378483,BINANCE
2025-09-02 13:46:34.901,110904.78,5e-05,8.578378378378483,BINANCE
2025-09-02 13:46:34.901,110904.78,0.0001,8.578378378378483,BINANCE
2025-09-02 13:46:34.901,110904.78,0.05,8.578378378378483,BINANCE
2025-09-02 13:46:34.901,110904.78,0.00039,8.578378378378483,BINANCE
2025-09-02 13:46:34.901,110904.78,0.00961,8.578378378378483,BINANCE
2025-09-02 13:46:35.052,110904.78,0.004,8.578378378378483,BINANCE
2025-09-02 13:46:35.174,110904.77,9e-05,8.579279279278913,BINANCE
2025-09-02 13:46:35.327,110904.77,0.02,8.579279279278913,BINANCE
2025-09-02 13:46:35.476,110904.78,0.036,8.578378378378483,BINANCE
2025-09-02 13:46:35.484,110904.77,0.0024,8.579279279278913,BINANCE
2025-09-02 13:46:35.550,110904.78,5e-05,8.578378378378483,BINANCE
2025-09-02 13:46:35.619,110904.77,0.00045,8.579279279278913,BINANCE
2025-09-02 13:46:35.725,110904.78,6e-05,8.578378378378483,BINANCE
2025-09-02 13:46:35.875,110904.78,0.0001,8.578378378378483,BINANCE
2025-09-02 13:46:35.877,110904.77,9e-05,8.579279279278913,BINANCE
2025-09-02 13:46:35.881,110904.77,0.00036,8.579279279278913,BINANCE
2025-09-02 13:46:35.881,110904.77,0.01331,8.579279279278913,BINANCE
2025-09-02 13:46:36.111,110904.77,0.00077,8.579279279278913,BINANCE
2025-09-02 13:46:36.116,110904.77,0.00152,8.579279279278913,BINANCE
2025-09-02 13:46:36.139,110904.78,0.0038,8.578378378378483,BINANCE
2025-09-02 13:46:36.139,110904.78,0.0012,8.578378378378483,BINANCE
2025-09-02 13:46:36.355,110904.78,0.0018,8.578378378378483,BINANCE
2025-09-02 13:46:36.538,110904.77,9e-05,8.579279279278913,BINANCE
2025-09-02 13:46:36.687,110904.78,0.00194,8.578378378378483,BINANCE
2025-09-02 13:46:36.708,110904.77,0.00022,8.579279279278913,BINANCE
2025-09-02 13:46:36.742,110904.77,0.00019,8.579279279278913,BINANCE
2025-09-02 13:46:36.755,110904.78,0.00018,8.578378378378483,BINANCE
2025-09-02 13:46:36.851,110904.78,0.00361,8.578378378378483,BINANCE
2025-09-02 13:46:36.851,110904.78,0.0009,8.578378378378483,BINANCE
2025-09-02 13:46:36.946,110904.78,0.036,8.578378378378483,BINANCE
2025-09-02 13:46:36.986,110904.78,0.1,8.578378378378483,BINANCE
2025-09-02 13:46:37.082,110904.78,0.01,8.578378378378483,BINANCE
2025-09-02 13:46:37.096,110904.77,0.00023,8.579279279278913,BINANCE
2025-09-02 13:46:37.170,110904.78,0.00451,8.578378378378483,BINANCE
2025-09-02 13:46:37.171,110904.78,0.00019,8.578378378378483,BINANCE
2025-09-02 13:46:37.210,110904.77,9e-05,8.579279279278913,BINANCE
2025-09-02 13:46:37.217,110904.78,0.01687,8.578378378378483,BINANCE
2025-09-02 13:46:37.217,110904.78,0.01755,8.578378378378483,BINANCE
2025-09-02 13:46:37.217,110904.78,0.0001,8.578378378378483,BINANCE
2025-09-02 13:46:37.217,110904.78,0.00148,8.578378378378483,BINANCE
2025-09-02 13:46:37.659,110904.78,0.01749,8.578378378378483,BINANCE
2025-09-02 13:46:37.659,110904.78,0.01851,8.578378378378483,BINANCE
2025-09-02 13:46:37.665,110904.78,0.001,8.578378378378483,BINANCE
2025-09-02 13:46:37.817,110904.78,5e-05,8.578378378378483,BINANCE
2025-09-02 13:46:37.817,110904.78,9e-05,8.578378378378483,BINANCE
2025-09-02 13:46:37.841,110904.78,0.00538,8.578378378378483,BINANCE
2025-09-02 13:46:37.841,110904.78,5e-05,8.578378378378483,BINANCE
2025-09-02 13:46:37.841,110904.78,0.01347,8.578378378378483,BINANCE
2025-09-02 13:46:37.849,110904.78,0.02101,8.578378378378483,BINANCE
2025-09-02 13:46:37.849,110904.78,0.0001,8.578378378378483,BINANCE
2025-09-02 13:46:37.849,110904.78,5e-05,8.578378378378483,BINANCE
2025-09-02 13:46:37.849,110904.79,5e-05,8.577477477478055,BINANCE
2025-09-02 13:46:37.849,110904.79,0.0001,8.577477477478055,BINANCE
2025-09-02 13:46:37.849,110905.0,5e-05,8.558558558558559,BINANCE
2025-09-02 13:46:37.849,110907.68,5e-05,8.317117117117746,BINANCE
2025-09-02 13:46:37.849,110904.78,0.007,8.578378378378483,BINANCE
2025-09-02 13:46:37.849,110904.78,0.04905,8.578378378378483,BINANCE
2025-09-02 13:46:37.849,110904.78,0.04361,8.578378378378483,BINANCE
2025-09-02 13:46:37.850,110910.41,5e-05,8.071171171170857,BINANCE
2025-09-02 13:46:37.850,110910.97,5e-05,8.020720720720616,BINANCE
2025-09-02 13:46:37.850,110911.0,0.055,8.018018018018019,BINANCE
2025-09-02 13:46:37.850,110910.98,5e-05,8.019819819820187,BINANCE
2025-09-02 13:46:37.850,110911.0,5e-05,8.018018018018019,BINANCE
2025-09-02 13:46:37.850,110908.37,5e-05,8.254954954955375,BINANCE
2025-09-02 13:46:37.850,110907.69,5e-05,8.316216216216006,BINANCE
2025-09-02 13:46:37.850,110908.36,5e-05,8.255855855855803,BINANCE
2025-09-02 13:46:37.850,110907.7,5e-05,8.315315315315578,BINANCE
2025-09-02 13:46:37.852,110914.88,5e-05,7.668468468468049,BINANCE
2025-09-02 13:46:37.858,110915.42,5e-05,7.619819819819977,BINANCE
2025-09-02 13:46:37.858,110915.42,0.02175,7.619819819819977,BINANCE
2025-09-02 13:46:37.859,110915.42,0.00199,7.619819819819977,BINANCE
2025-09-02 13:46:37.866,110917.64,5e-05,7.419819819819872,BINANCE
2025-09-02 13:46:37.866,110917.65,5e-05,7.418918918919443,BINANCE
2025-09-02 13:46:37.866,110919.2,5e-05,7.2792792792795415,BINANCE
2025-09-02 13:46:37.866,110919.21,5e-05,7.278378378377801,BINANCE
2025-09-02 13:46:37.866,110920.16,5e-05,7.192792792792478,BINANCE
2025-09-02 13:46:37.866,110920.3,5e-05,7.180180180179918,BINANCE
2025-09-02 13:46:37.866,110921.1,5e-05,7.108108108107584,BINANCE
2025-09-02 13:46:37.866,110921.23,5e-05,7.096396396396764,BINANCE
2025-09-02 13:46:37.866,110922.55,5e-05,6.9774774774772155,BINANCE
2025-09-02 13:46:37.866,110923.77,5e-05,6.8675675675672005,BINANCE
2025-09-02 13:46:37.866,110923.84,0.0001,6.861261261261576,BINANCE
2025-09-02 13:46:37.866,110924.19,0.00081,6.82972972972952,BINANCE
2025-09-02 13:46:37.866,110924.41,0.00022,6.809909909909596,BINANCE
2025-09-02 13:46:37.866,110925.72,5e-05,6.691891891891787,BINANCE
2025-09-02 13:46:37.866,110926.64,5e-05,6.609009009009061,BINANCE
2025-09-02 13:46:37.866,110927.45,5e-05,6.536036036036299,BINANCE
2025-09-02 13:46:37.866,110928.0,7e-05,6.486486486486486,BINANCE
2025-09-02 13:46:37.866,110928.21,0.00323,6.467567567566991,BINANCE
2025-09-02 13:46:37.866,110928.21,0.007,6.467567567566991,BINANCE
2025-09-02 13:46:37.866,110922.42,5e-05,6.9891891891893465,BINANCE
2025-09-02 13:46:37.866,110917.63,5e-05,7.4207207207203005,BINANCE
2025-09-02 13:46:37.866,110915.42,5e-05,7.619819819819977,BINANCE
2025-09-02 13:46:37.866,110915.42,0.0001,7.619819819819977,BINANCE
2025-09-02 13:46:37.866,110915.43,5e-05,7.618918918919548,BINANCE
2025-09-02 13:46:37.866,110915.78,5e-05,7.587387387387492,BINANCE
2025-09-02 13:46:37.866,110915.79,5e-05,7.586486486487064,BINANCE
2025-09-02 13:46:37.866,110915.82,5e-05,7.583783783783154,BINANCE
2025-09-02 13:46:37.866,110917.0,7e-05,7.4774774774774775,BINANCE
2025-09-02 13:46:37.867,110934.57,0.007,5.894594594593965,BINANCE
2025-09-02 13:46:37.867,110934.57,0.01961,5.894594594593965,BINANCE
2025-09-02 13:46:37.867,110933.32,0.0001,6.007207207206577,BINANCE
2025-09-02 13:46:37.867,110933.28,9e-05,6.0108108108109155,BINANCE
2025-09-02 13:46:37.867,110931.14,5e-05,6.203603603603656,BINANCE
2025-09-02 13:46:37.867,110929.53,0.0001,6.348648648648753,BINANCE
2025-09-02 13:46:37.867,110928.21,0.007,6.467567567566991,BINANCE
2025-09-02 13:46:37.867,110932.05,5e-05,6.121621621621359,BINANCE
2025-09-02 13:46:37.868,110934.57,0.016,5.894594594593965,BINANCE
2025-09-02 13:46:37.869,110929.01,5e-05,6.395495495495967,BINANCE
2025-09-02 13:46:37.869,110929.01,0.00596,6.395495495495967,BINANCE
2025-09-02 13:46:37.869,110929.01,0.00646,6.395495495495967,BINANCE
2025-09-02 13:46:37.869,110929.01,0.00553,6.395495495495967,BINANCE
2025-09-02 13:46:37.871,110929.01,0.00136,6.395495495495967,BINANCE
2025-09-02 13:46:37.871,110929.01,0.00594,6.395495495495967,BINANCE
2025-09-02 13:46:37.871,110929.01,0.00593,6.395495495495967,BINANCE
2025-09-02 13:46:37.871,110929.01,0.00577,6.395495495495967,BINANCE
2025-09-02 13:46:37.872,110929.01,0.01895,6.395495495495967,BINANCE
2025-09-02 13:46:37.872,110929.01,5e-05,6.395495495495967,BINANCE
2025-09-02 13:46:37.873,110929.01,5e-05,6.395495495495967,BINANCE
2025-09-02 13:46:37.887,110929.0,9e-05,6.396396396396397,BINANCE
2025-09-02 13:46:37.980,110929.0,0.0005,6.396396396396397,BINANCE
2025-09-02 13:46:38.069,110929.0,0.02069,6.396396396396397,BINANCE
2025-09-02 13:46:38.131,110929.01,0.036,6.395495495495967,BINANCE
2025-09-02 13:46:38.308,110929.0,0.0009,6.396396396396397,BINANCE
2025-09-02 13:46:38.308,110929.0,0.00014,6.396396396396397,BINANCE
2025-09-02 13:46:38.308,110929.0,5e-05,6.396396396396397,BINANCE
2025-09-02 13:46:38.308,110929.0,0.00731,6.396396396396397,BINANCE
2025-09-02 13:46:38.309,110926.58,0.05341,6.614414414414258,BINANCE
2025-09-02 13:46:38.309,110926.64,5e-05,6.609009009009061,BINANCE
2025-09-02 13:46:38.309,110928.0,5e-05,6.486486486486486,BINANCE
2025-09-02 13:46:38.309,110928.01,5e-05,6.485585585586057,BINANCE
2025-09-02 13:46:38.309,110928.99,0.0001,6.397297297296825,BINANCE
2025-09-02 13:46:38.309,110929.0,0.0001,6.396396396396397,BINANCE
2025-09-02 13:46:38.309,110929.0,0.01269,6.396396396396397,BINANCE
2025-09-02 13:46:38.318,110920.93,5e-05,7.123423423424053,BINANCE
2025-09-02 13:46:38.318,110920.01,5e-05,7.206306306306779,BINANCE
2025-09-02 13:46:38.318,110921.23,5e-05,7.096396396396764,BINANCE
2025-09-02 13:46:38.318,110926.01,5e-05,6.6657657657662375,BINANCE
2025-09-02 13:46:38.318,110926.0,5e-05,6.666666666666666,BINANCE
2025-09-02 13:46:38.318,110926.01,0.0001,6.6657657657662375,BINANCE
2025-09-02 13:46:38.318,110926.02,0.0001,6.664864864864497,BINANCE
2025-09-02 13:46:38.318,110924.0,5e-05,6.846846846846847,BINANCE
2025-09-02 13:46:38.325,110920.0,0.02139,7.207207207207207,BINANCE
2025-09-02 13:46:38.510,110920.01,0.0042,7.206306306306779,BINANCE
2025-09-02 13:46:38.519,110920.01,5e-05,7.206306306306779,BINANCE
2025-09-02 13:46:38.519,110920.02,0.0094,7.205405405405038,BINANCE
2025-09-02 13:46:38.519,110920.02,5e-05,7.205405405405038,BINANCE
2025-09-02 13:46:38.519,110920.01,0.0001,7.206306306306779,BINANCE
2025-09-02 13:46:38.532,110920.02,0.019,7.205405405405038,BINANCE
2025-09-02 13:46:38.534,110920.03,5e-05,7.20450450450461,BINANCE
2025-09-02 13:46:38.534,110920.03,0.0001,7.20450450450461,BINANCE
2025-09-02 13:46:38.534,110921.23,5e-05,7.096396396396764,BINANCE
2025-09-02 13:46:38.534,110924.19,0.00018,6.82972972972952,BINANCE
2025-09-02 13:46:38.534,110920.02,0.0001,7.205405405405038,BINANCE
2025-09-02 13:46:38.534,110926.0,5e-05,6.666666666666666,BINANCE
2025-09-02 13:46:38.534,110925.37,0.00018,6.723423423423843,BINANCE
2025-09-02 13:46:38.534,110920.02,5e-05,7.205405405405038,BINANCE
2025-09-02 13:46:38.534,110920.02,0.01666,7.205405405405038,BINANCE
2025-09-02 13:46:38.536,110926.01,5e-05,6.6657657657662375,BINANCE
2025-09-02 13:46:38.569,110926.01,9e-05,6.6657657657662375,BINANCE
2025-09-02 13:46:38.614,110926.02,0.0272,6.664864864864497,BINANCE
2025-09-02 13:46:38.614,110926.02,5e-05,6.664864864864497,BINANCE
2025-09-02 13:46:38.614,110926.02,0.01,6.664864864864497,BINANCE
2025-09-02 13:46:38.614,110926.02,0.0001,6.664864864864497,BINANCE
2025-09-02 13:46:38.614,110926.02,0.00018,6.664864864864497,BINANCE
2025-09-02 13:46:38.646,110929.0,5e-05,6.396396396396397,BINANCE
2025-09-02 13:46:38.646,110927.34,5e-05,6.545945945946261,BINANCE
2025-09-02 13:46:38.646,110926.64,5e-05,6.609009009009061,BINANCE
2025-09-02 13:46:38.646,110926.03,5e-05,6.663963963964069,BINANCE
2025-09-02 13:46:38.646,110926.03,0.0001,6.663963963964069,BINANCE
2025-09-02 13:46:38.646,110926.02,0.0001,6.664864864864497,BINANCE
2025-09-02 13:46:38.646,110926.02,5e-05,6.664864864864497,BINANCE
2025-09-02 13:46:38.653,110929.01,0.012,6.395495495495967,BINANCE
2025-09-02 13:46:38.653,110929.01,0.00989,6.395495495495967,BINANCE
2025-09-02 13:46:38.653,110929.01,0.002,6.395495495495967,BINANCE
2025-09-02 13:46:38.653,110929.01,0.00011,6.395495495495967,BINANCE
2025-09-02 13:46:38.655,110932.05,5e-05,6.121621621621359,BINANCE
2025-09-02 13:46:38.655,110933.59,5e-05,5.982882882883198,BINANCE
2025-09-02 13:46:38.655,110931.1,5e-05,6.207207207206683,BINANCE
2025-09-02 13:46:38.655,110933.62,5e-05,5.9801801801806,BINANCE
2025-09-02 13:46:38.655,110937.0,0.008,5.675675675675675,BINANCE
2025-09-02 13:46:38.655,110936.9,0.00132,5.68468468468521,BINANCE
2025-09-02 13:46:38.655,110933.63,5e-05,5.97927927927886,BINANCE
2025-09-02 13:46:38.655,110933.86,0.0001,5.958558558558507,BINANCE
2025-09-02 13:46:38.655,110936.56,5e-05,5.715315315315525,BINANCE
2025-09-02 13:46:38.655,110936.81,5e-05,5.692792792793002,BINANCE
2025-09-02 13:46:38.655,110936.9,0.00138,5.68468468468521,BINANCE
2025-09-02 13:46:38.655,110937.0,0.01062,5.675675675675675,BINANCE
2025-09-02 13:46:38.655,110931.09,5e-05,6.208108108108423,BINANCE
2025-09-02 13:46:38.655,110929.01,5e-05,6.395495495495967,BINANCE
2025-09-02 13:46:38.655,110929.01,0.00883,6.395495495495967,BINANCE
2025-09-02 13:46:38.655,110929.01,0.0001,6.395495495495967,BINANCE
2025-09-02 13:46:38.655,110929.02,0.0001,6.394594594594228,BINANCE
2025-09-02 13:46:38.655,110929.02,5e-05,6.394594594594228,BINANCE
2025-09-02 13:46:38.656,110937.27,5e-05,5.651351351350985,BINANCE
2025-09-02 13:46:38.656,110937.28,5e-05,5.650450450450555,BINANCE
2025-09-02 13:46:38.656,110937.46,5e-05,5.6342342342336575,BINANCE
2025-09-02 13:46:38.656,110939.75,0.012,5.427927927927929,BINANCE
2025-09-02 13:46:38.656,110938.06,0.003,5.580180180180389,BINANCE
2025-09-02 13:46:38.656,110939.74,5e-05,5.428828828828357,BINANCE
2025-09-02 13:46:38.656,110939.75,0.0018,5.427927927927929,BINANCE
2025-09-02 13:46:38.656,110939.0,7e-05,5.495495495495495,BINANCE
2025-09-02 13:46:38.656,110937.26,5e-05,5.652252252252724,BINANCE
2025-09-02 13:46:38.656,110937.1,5e-05,5.666666666666142,BINANCE
2025-09-02 13:46:38.656,110937.0,0.012,5.675675675675675,BINANCE
2025-09-02 13:46:38.656,110937.0,0.00638,5.675675675675675,BINANCE
2025-09-02 13:46:38.656,110937.0,5e-05,5.675675675675675,BINANCE
2025-09-02 13:46:38.656,110937.11,5e-05,5.6657657657657134,BINANCE
2025-09-02 13:46:38.657,110939.75,0.019,5.427927927927929,BINANCE
2025-09-02 13:46:38.657,110939.75,0.012,5.427927927927929,BINANCE
2025-09-02 13:46:38.657,110939.75,0.018,5.427927927927929,BINANCE
2025-09-02 13:46:38.658,110940.63,5e-05,5.348648648648229,BINANCE
2025-09-02 13:46:38.658,110942.45,0.00032,5.184684684684947,BINANCE
2025-09-02 13:46:38.658,110941.99,5e-05,5.226126126125654,BINANCE
2025-09-02 13:46:38.658,110941.98,5e-05,5.227027027027394,BINANCE
2025-09-02 13:46:38.658,110940.0,0.01803,5.405405405405405,BINANCE
2025-09-02 13:46:38.658,110939.76,5e-05,5.427027027027499,BINANCE
2025-09-02 13:46:38.658,110939.75,5e-05,5.427927927927929,BINANCE
2025-09-02 13:46:38.658,110939.75,0.019,5.427927927927929,BINANCE
2025-09-02 13:46:38.658,110939.75,0.018,5.427927927927929,BINANCE
2025-09-02 13:46:38.658,110939.88,0.0001,5.416216216215797,BINANCE
2025-09-02 13:46:38.659,110943.99,0.02,5.045945945945474,BINANCE
2025-09-02 13:46:38.659,110943.99,0.019,5.045945945945474,BINANCE
2025-09-02 13:46:38.659,110943.99,0.01327,5.045945945945474,BINANCE
2025-09-02 13:46:38.659,110943.98,5e-05,5.046846846847214,BINANCE
2025-09-02 13:46:38.659,110943.95,5e-05,5.049549549549812,BINANCE
2025-09-02 13:46:38.659,110943.14,0.0001,5.1225225225225754,BINANCE
2025-09-02 13:46:38.659,110942.87,5e-05,5.146846846847266,BINANCE
2025-09-02 13:46:38.659,110942.45,0.00238,5.184684684684947,BINANCE
2025-09-02 13:46:38.675,110943.99,5e-05,5.045945945945474,BINANCE
2025-09-02 13:46:38.675,110943.99,0.0189,5.045945945945474,BINANCE
2025-09-02 13:46:38.729,110943.99,5e-05,5.045945945945474,BINANCE
2025-09-02 13:46:38.729,110943.99,0.0001,5.045945945945474,BINANCE
2025-09-02 13:46:38.729,110944.0,5e-05,5.045045045045045,BINANCE
2025-09-02 13:46:38.729,110945.31,5e-05,4.927027027027237,BINANCE
2025-09-02 13:46:38.729,110944.0,0.0001,5.045045045045045,BINANCE
2025-09-02 13:46:38.729,110943.99,0.0007,5.045945945945474,BINANCE
2025-09-02 13:46:38.893,110945.32,0.00082,4.926126126125497,BINANCE
2025-09-02 13:46:38.893,110945.32,0.01,4.926126126125497,BINANCE
2025-09-02 13:46:38.893,110945.32,0.00037,4.926126126125497,BINANCE
2025-09-02 13:46:38.893,110945.32,0.0001,4.926126126125497,BINANCE
2025-09-02 13:46:38.893,110945.32,5e-05,4.926126126125497,BINANCE
2025-09-02 13:46:38.923,110945.33,5e-05,4.925225225225068,BINANCE
2025-09-02 13:46:38.923,110947.4,5e-05,4.738738738739263,BINANCE
2025-09-02 13:46:38.923,110948.28,5e-05,4.659459459459565,BINANCE
2025-09-02 13:46:38.923,110952.17,5e-05,4.309009009009166,BINANCE
2025-09-02 13:46:38.923,110950.0,7e-05,4.504504504504505,BINANCE
2025-09-02 13:46:38.923,110945.32,5e-05,4.926126126125497,BINANCE
2025-09-02 13:46:38.923,110949.64,7e-05,4.536936936936989,BINANCE
2025-09-02 13:46:38.923,110945.32,0.0001,4.926126126125497,BINANCE
2025-09-02 13:46:38.926,110952.17,0.0037,4.309009009009166,BINANCE
2025-09-02 13:46:38.927,110952.17,0.02727,4.309009009009166,BINANCE
2025-09-02 13:46:39.041,110952.18,0.00451,4.308108108108738,BINANCE
2025-09-02 13:46:39.045,110952.18,0.03515,4.308108108108738,BINANCE
2025-09-02 13:46:39.055,110952.18,0.00018,4.308108108108738,BINANCE
2025-09-02 13:46:39.106,110952.18,9e-05,4.308108108108738,BINANCE
2025-09-02 13:46:39.253,110952.17,9e-05,4.309009009009166,BINANCE
2025-09-02 13:46:39.304,110952.18,0.00442,4.308108108108738,BINANCE
2025-09-02 13:46:39.304,110952.18,0.0848,4.308108108108738,BINANCE
2025-09-02 13:46:39.354,110952.18,0.00022,4.308108108108738,BINANCE
2025-09-02 13:46:39.699,110952.18,0.0002,4.308108108108738,BINANCE
2025-09-02 13:46:39.867,110952.17,8e-05,4.309009009009166,BINANCE
2025-09-02 13:46:40.089,110952.17,0.02629,4.309009009009166,BINANCE
2025-09-02 13:46:40.228,110952.17,0.00472,4.309009009009166,BINANCE
2025-09-02 13:46:40.300,110952.17,9e-05,4.309009009009166,BINANCE
2025-09-02 13:46:40.417,110952.17,0.00018,4.309009009009166,BINANCE
2025-09-02 13:46:40.599,110952.17,0.00444,4.309009009009166,BINANCE
2025-09-02 13:46:40.709,110952.18,0.03181,4.308108108108738,BINANCE
2025-09-02 13:46:40.709,110952.18,0.00419,4.308108108108738,BINANCE
2025-09-02 13:46:41.008,110952.18,0.00239,4.308108108108738,BINANCE
2025-09-02 13:46:41.069,110952.17,9e-05,4.309009009009166,BINANCE
2025-09-02 13:46:41.197,110952.18,0.00451,4.308108108108738,BINANCE
2025-09-02 13:46:41.604,110952.17,5e-05,4.309009009009166,BINANCE
2025-09-02 13:46:41.658,110952.17,0.0001,4.309009009009166,BINANCE
2025-09-02 13:46:41.741,110952.17,0.00022,4.309009009009166,BINANCE
2025-09-02 13:46:41.762,110952.17,0.03877,4.309009009009166,BINANCE
2025-09-02 13:46:41.763,110951.2,0.10526,4.396396396396659,BINANCE
2025-09-02 13:46:41.763,110951.2,0.01,4.396396396396659,BINANCE
2025-09-02 13:46:41.763,110951.2,0.0391,4.396396396396659,BINANCE
2025-09-02 13:46:41.763,110952.16,0.0001,4.309909909909595,BINANCE
2025-09-02 13:46:41.763,110952.16,5e-05,4.309909909909595,BINANCE
2025-09-02 13:46:41.763,110952.17,5e-05,4.309009009009166,BINANCE
2025-09-02 13:46:41.763,110952.17,0.0001,4.309009009009166,BINANCE
2025-09-02 13:46:41.763,110952.17,0.01492,4.309009009009166,BINANCE
2025-09-02 13:46:41.763,110952.17,0.05408,4.309009009009166,BINANCE
2025-09-02 13:46:41.768,110950.01,5e-05,4.503603603604075,BINANCE
2025-09-02 13:46:41.768,110950.45,5e-05,4.463963963964226,BINANCE
2025-09-02 13:46:41.768,110950.46,5e-05,4.463063063062487,BINANCE
2025-09-02 13:46:41.769,110948.01,5e-05,4.683783783784256,BINANCE
2025-09-02 13:46:41.769,110948.28,5e-05,4.659459459459565,BINANCE
2025-09-02 13:46:41.769,110949.99,5e-05,4.505405405404933,BINANCE
2025-09-02 13:46:41.769,110950.0,5e-05,4.504504504504505,BINANCE
2025-09-02 13:46:41.771,110948.0,0.01547,4.684684684684685,BINANCE
2025-09-02 13:46:41.771,110948.0,5e-05,4.684684684684685,BINANCE
2025-09-02 13:46:41.772,110947.99,5e-05,4.685585585585113,BINANCE
2025-09-02 13:46:41.772,110944.01,5e-05,5.044144144144616,BINANCE
2025-09-02 13:46:41.772,110946.62,5e-05,4.809009009009428,BINANCE
2025-09-02 13:46:41.772,110944.0,0.05595,5.045045045045045,BINANCE
2025-09-02 13:46:41.772,110948.0,5e-05,4.684684684684685,BINANCE
2025-09-02 13:46:41.772,110948.0,0.04335,4.684684684684685,BINANCE
2025-09-02 13:46:42.000,110944.0,0.01035,5.045045045045045,BINANCE
2025-09-02 13:46:42.000,110944.0,5e-05,5.045045045045045,BINANCE
2025-09-02 13:46:42.000,110944.0,0.00746,5.045045045045045,BINANCE
2025-09-02 13:46:42.020,110944.0,0.04821,5.045045045045045,BINANCE
2025-09-02 13:46:42.020,110944.0,5e-05,5.045045045045045,BINANCE
2025-09-02 13:46:42.022,110944.0,0.0014,5.045045045045045,BINANCE
2025-09-02 13:46:42.031,110944.0,0.00445,5.045045045045045,BINANCE
2025-09-02 13:46:42.031,110944.0,0.00069,5.045045045045045,BINANCE
2025-09-02 13:46:42.031,110944.0,5e-05,5.045045045045045,BINANCE
2025-09-02 13:46:42.031,110944.0,0.00111,5.045045045045045,BINANCE
2025-09-02 13:46:42.056,110944.0,9e-05,5.045045045045045,BINANCE
2025-09-02 13:46:42.094,110943.06,5e-05,5.12972972972994,BINANCE
2025-09-02 13:46:42.094,110942.0,5e-05,5.225225225225225,BINANCE
2025-09-02 13:46:42.094,110942.01,5e-05,5.2243243243247965,BINANCE
2025-09-02 13:46:42.094,110942.87,5e-05,5.146846846847266,BINANCE
2025-09-02 13:46:42.094,110943.05,5e-05,5.130630630630368,BINANCE
2025-09-02 13:46:42.094,110944.0,0.05406,5.045045045045045,BINANCE
2025-09-02 13:46:42.094,110943.99,5e-05,5.045945945945474,BINANCE
2025-09-02 13:46:42.094,110944.0,5e-05,5.045045045045045,BINANCE
2025-09-02 13:46:42.094,110944.0,0.05289,5.045045045045045,BINANCE
2025-09-02 13:46:42.095,110941.07,0.08995,5.3090090090083795,BINANCE
2025-09-02 13:46:42.095,110941.08,5e-05,5.308108108107951,BINANCE
2025-09-02 13:46:42.096,110941.07,5e-05,5.3090090090083795,BINANCE
2025-09-02 13:46:42.097,110939.33,5e-05,5.4657657657656085,BINANCE
2025-09-02 13:46:42.097,110939.34,5e-05,5.46486486486518,BINANCE
2025-09-02 13:46:42.097,110940.01,5e-05,5.404504504504977,BINANCE
2025-09-02 13:46:42.097,110940.0,5e-05,5.405405405405405,BINANCE
2025-09-02 13:46:42.098,110938.32,0.0001,5.556756756756127,BINANCE
2025-09-02 13:46:42.099,110936.01,5e-05,5.764864864865336,BINANCE
2025-09-02 13:46:42.099,110932.05,5e-05,6.121621621621359,BINANCE
2025-09-02 13:46:42.099,110932.48,0.00069,6.08288288288325,BINANCE
2025-09-02 13:46:42.099,110934.0,5e-05,5.9459459459459465,BINANCE
2025-09-02 13:46:42.099,110934.47,0.00074,5.903603603603499,BINANCE
2025-09-02 13:46:42.099,110934.96,0.0007,5.859459459458883,BINANCE
2025-09-02 13:46:42.099,110935.52,5e-05,5.8090090090086415,BINANCE
2025-09-02 13:46:42.099,110935.52,0.003,5.8090090090086415,BINANCE
2025-09-02 13:46:42.099,110936.0,5e-05,5.765765765765766,BINANCE
2025-09-02 13:46:42.099,110938.01,5e-05,5.584684684685156,BINANCE
2025-09-02 13:46:42.099,110937.16,5e-05,5.661261261260946,BINANCE
2025-09-02 13:46:42.099,110938.0,5e-05,5.585585585585585,BINANCE
2025-09-02 13:46:42.099,110937.71,0.29744,5.611711711711135,BINANCE
2025-09-02 13:46:42.099,110936.56,5e-05,5.715315315315525,BINANCE
2025-09-02 13:46:42.099,110937.17,5e-05,5.660360360360517,BINANCE
2025-09-02 13:46:42.099,110937.46,5e-05,5.6342342342336575,BINANCE
2025-09-02 13:46:42.101,110931.14,5e-05,6.203603603603656,BINANCE
2025-09-02 13:46:42.101,110930.14,0.00099,6.293693693693745,BINANCE
2025-09-02 13:46:42.101,110930.11,0.0001,6.296396396396344,BINANCE
2025-09-02 13:46:42.106,110920.0,5e-05,7.207207207207207,BINANCE
2025-09-02 13:46:42.106,110920.02,0.0001,7.205405405405038,BINANCE
2025-09-02 13:46:42.106,110920.3,5e-05,7.180180180179918,BINANCE
2025-09-02 13:46:42.106,110921.23,5e-05,7.096396396396764,BINANCE
2025-09-02 13:46:42.106,110922.59,0.00099,6.973873873874188,BINANCE
2025-09-02 13:46:42.106,110922.79,0.02,6.955855855856433,BINANCE
2025-09-02 13:46:42.106,110922.8,5e-05,6.954954954954693,BINANCE
2025-09-02 13:46:42.106,110922.8,0.00332,6.954954954954693,BINANCE
2025-09-02 13:46:42.106,110924.43,5e-05,6.808108108108738,BINANCE
2025-09-02 13:46:42.106,110926.64,5e-05,6.609009009009061,BINANCE
2025-09-02 13:46:42.106,110925.72,5e-05,6.691891891891787,BINANCE
2025-09-02 13:46:42.106,110926.01,0.00448,6.6657657657662375,BINANCE
2025-09-02 13:46:42.106,110927.21,5e-05,6.557657657657081,BINANCE
2025-09-02 13:46:42.106,110927.32,5e-05,6.547747747747119,BINANCE
2025-09-02 13:46:42.106,110920.0,0.00846,7.207207207207207,BINANCE
2025-09-02 13:46:42.106,110928.03,5e-05,6.483783783783888,BINANCE
2025-09-02 13:46:42.106,110928.57,0.0007,6.435135135134506,BINANCE
2025-09-02 13:46:42.106,110929.01,5e-05,6.395495495495967,BINANCE
2025-09-02 13:46:42.106,110924.57,0.0001,6.795495495494866,BINANCE
2025-09-02 13:46:42.106,110927.99,7e-05,6.4873873873869154,BINANCE
2025-09-02 13:46:42.107,110919.55,0.03843,7.247747747747486,BINANCE
2025-09-02 13:46:42.107,110920.0,0.00957,7.207207207207207,BINANCE
2025-09-02 13:46:42.109,110918.88,9e-05,7.308108108107688,BINANCE
2025-09-02 13:46:42.109,110918.88,0.00141,7.308108108107688,BINANCE
2025-09-02 13:46:42.109,110918.88,0.00159,7.308108108107688,BINANCE
2025-09-02 13:46:42.109,110916.99,7e-05,7.478378378377907,BINANCE
2025-09-02 13:46:42.109,110915.92,1e-05,7.574774774774932,BINANCE
2025-09-02 13:46:42.109,110915.92,0.00011,7.574774774774932,BINANCE
2025-09-02 13:46:42.109,110915.82,5e-05,7.583783783783154,BINANCE
2025-09-02 13:46:42.109,110915.82,0.00885,7.583783783783154,BINANCE
2025-09-02 13:46:42.120,110918.39,5e-05,7.352252252252304,BINANCE
2025-09-02 13:46:42.145,110918.39,5e-05,7.352252252252304,BINANCE
2025-09-02 13:46:42.145,110918.39,0.00175,7.352252252252304,BINANCE
2025-09-02 13:46:42.159,110918.39,0.00207,7.352252252252304,BINANCE
2025-09-02 13:46:42.165,110918.39,0.03,7.352252252252304,BINANCE
2025-09-02 13:46:42.167,110918.39,0.00902,7.352252252252304,BINANCE
2025-09-02 13:46:42.273,110918.39,0.00125,7.352252252252304,BINANCE
2025-09-02 13:46:42.273,110918.39,5e-05,7.352252252252304,BINANCE
2025-09-02 13:46:42.350,110918.4,0.0002,7.351351351351876,BINANCE
2025-09-02 13:46:42.502,110918.39,0.00366,7.352252252252304,BINANCE
2025-09-02 13:46:42.508,110918.39,0.00026,7.352252252252304,BINANCE
2025-09-02 13:46:42.522,110918.0,0.07684,7.387387387387387,BINANCE
2025-09-02 13:46:42.522,110918.0,5e-05,7.387387387387387,BINANCE
2025-09-02 13:46:42.522,110918.01,5e-05,7.386486486486958,BINANCE
2025-09-02 13:46:42.522,110918.38,5e-05,7.353153153152734,BINANCE
2025-09-02 13:46:42.522,110918.0,0.00046,7.387387387387387,BINANCE
2025-09-02 13:46:42.522,110918.39,0.00054,7.352252252252304,BINANCE
2025-09-02 13:46:42.522,110918.39,5e-05,7.352252252252304,BINANCE
2025-09-02 13:46:42.522,110918.39,0.04875,7.352252252252304,BINANCE
2025-09-02 13:46:42.522,110918.39,0.002,7.352252252252304,BINANCE
2025-09-02 13:46:42.522,110918.39,0.001,7.352252252252304,BINANCE
2025-09-02 13:46:42.522,110918.39,0.00046,7.352252252252304,BINANCE
2025-09-02 13:46:42.522,110918.39,0.02454,7.352252252252304,BINANCE
2025-09-02 13:46:42.523,110915.5,0.00096,7.612612612612613,BINANCE
2025-09-02 13:46:42.523,110915.5,0.00046,7.612612612612613,BINANCE
2025-09-02 13:46:42.523,110915.82,5e-05,7.583783783783154,BINANCE
2025-09-02 13:46:42.523,110916.0,0.0663,7.5675675675675675,BINANCE
2025-09-02 13:46:42.523,110916.0,5e-05,7.5675675675675675,BINANCE
2025-09-02 13:46:42.523,110916.01,5e-05,7.566666666667138,BINANCE
2025-09-02 13:46:42.523,110918.0,0.18145,7.387387387387387,BINANCE
2025-09-02 13:46:42.523,110915.5,0.002,7.612612612612613,BINANCE
2025-09-02 13:46:42.524,110915.5,5e-05,7.612612612612613,BINANCE
2025-09-02 13:46:42.524,110915.5,0.02568,7.612612612612613,BINANCE
2025-09-02 13:46:42.524,110915.5,0.00096,7.612612612612613,BINANCE
2025-09-02 13:46:42.524,110915.5,0.00095,7.612612612612613,BINANCE
2025-09-02 13:46:42.524,110915.5,1e-05,7.612612612612613,BINANCE
2025-09-02 13:46:42.528,110914.87,5e-05,7.6693693693697895,BINANCE
2025-09-02 13:46:42.528,110914.01,5e-05,7.746846846847318,BINANCE
2025-09-02 13:46:42.528,110914.45,5e-05,7.70720720720747,BINANCE
2025-09-02 13:46:42.528,110914.88,5e-05,7.668468468468049,BINANCE
2025-09-02 13:46:42.530,110914.0,5e-05,7.7477477477477485,BINANCE
2025-09-02 13:46:42.535,110913.99,5e-05,7.748648648648177,BINANCE
2025-09-02 13:46:42.535,110914.0,5e-05,7.7477477477477485,BINANCE
2025-09-02 13:46:42.535,110913.99,1e-05,7.748648648648177,BINANCE
2025-09-02 13:46:42.535,110913.99,4e-05,7.748648648648177,BINANCE
2025-09-02 13:46:42.535,110914.0,3e-05,7.7477477477477485,BINANCE
2025-09-02 13:46:42.535,110914.0,2e-05,7.7477477477477485,BINANCE
2025-09-02 13:46:42.541,110912.43,5e-05,7.8891891891898185,BINANCE
2025-09-02 13:46:42.542,110906.89,5e-05,8.38828828828834,BINANCE
2025-09-02 13:46:42.542,110904.78,4e-05,8.578378378378483,BINANCE
2025-09-02 13:46:42.542,110905.0,5e-05,8.558558558558559,BINANCE
2025-09-02 13:46:42.542,110905.99,7e-05,8.469369369368899,BINANCE
2025-09-02 13:46:42.542,110906.6,5e-05,8.41441441441389,BINANCE
2025-09-02 13:46:42.542,110906.61,5e-05,8.413513513513461,BINANCE
2025-09-02 13:46:42.542,110909.46,5e-05,8.15675675675618,BINANCE
2025-09-02 13:46:42.542,110910.41,5e-05,8.071171171170857,BINANCE
2025-09-02 13:46:42.542,110912.0,5e-05,7.927927927927928,BINANCE
2025-09-02 13:46:42.542,110912.01,5e-05,7.927027027027499,BINANCE
2025-09-02 13:46:42.542,110912.16,5e-05,7.913513513513199,BINANCE
2025-09-02 13:46:42.542,110912.17,5e-05,7.91261261261277,BINANCE
2025-09-02 13:46:42.542,110912.42,5e-05,7.890090090090248,BINANCE
2025-09-02 13:46:42.547,110904.78,5e-05,8.578378378378483,BINANCE
2025-09-02 13:46:42.562,110904.79,0.02388,8.577477477478055,BINANCE
2025-09-02 13:46:42.579,110904.78,0.00056,8.578378378378483,BINANCE
2025-09-02 13:46:42.579,110904.78,0.00583,8.578378378378483,BINANCE
2025-09-02 13:46:42.641,110904.79,0.0001,8.577477477478055,BINANCE
2025-09-02 13:46:42.757,110904.78,9e-05,8.578378378378483,BINANCE
2025-09-02 13:46:42.768,110904.79,0.01,8.577477477478055,BINANCE
2025-09-02 13:46:42.880,110904.78,0.00755,8.578378378378483,BINANCE
2025-09-02 13:46:42.988,110904.78,0.001,8.578378378378483,BINANCE
2025-09-02 13:46:43.011,110904.79,9e-05,8.577477477478055,BINANCE
2025-09-02 13:46:43.011,110904.79,0.00069,8.577477477478055,BINANCE
2025-09-02 13:46:43.011,110904.79,0.00388,8.577477477478055,BINANCE
2025-09-02 13:46:43.011,110904.79,0.03134,8.577477477478055,BINANCE
2025-09-02 13:46:43.029,110915.87,5e-05,7.579279279279699,BINANCE
2025-09-02 13:46:43.029,110915.82,5e-05,7.583783783783154,BINANCE
2025-09-02 13:46:43.029,110913.11,0.00081,7.827927927927875,BINANCE
2025-09-02 13:46:43.029,110905.0,5e-05,8.558558558558559,BINANCE
2025-09-02 13:46:43.029,110904.8,0.0001,8.576576576576315,BINANCE
2025-09-02 13:46:43.029,110904.79,5e-05,8.577477477478055,BINANCE
2025-09-02 13:46:43.029,110904.79,0.0001,8.577477477478055,BINANCE
2025-09-02 13:46:43.029,110910.41,5e-05,8.071171171170857,BINANCE
2025-09-02 13:46:43.090,110915.87,0.14895,7.579279279279699,BINANCE
2025-09-02 13:46:43.090,110915.87,0.01773,7.579279279279699,BINANCE
2025-09-02 13:46:43.271,110915.88,0.00029,7.578378378377959,BINANCE
2025-09-02 13:46:43.327,110915.87,0.00723,7.579279279279699,BINANCE
2025-09-02 13:46:43.382,110915.88,0.00451,7.578378378377959,BINANCE
2025-09-02 13:46:43.471,110915.87,9e-05,7.579279279279699,BINANCE
2025-09-02 13:46:43.569,110915.87,0.0018,7.579279279279699,BINANCE
2025-09-02 13:46:43.589,110915.87,0.00018,7.579279279279699,BINANCE
2025-09-02 13:46:43.598,110915.87,0.00014,7.579279279279699,BINANCE
2025-09-02 13:46:43.605,110915.87,0.00014,7.579279279279699,BINANCE
2025-09-02 13:46:43.609,110915.87,0.00014,7.579279279279699,BINANCE
2025-09-02 13:46:43.610,110915.87,0.00014,7.579279279279699,BINANCE
2025-09-02 13:46:43.612,110915.87,0.00014,7.579279279279699,BINANCE
2025-09-02 13:46:43.613,110915.87,0.00014,7.579279279279699,BINANCE
2025-09-02 13:46:43.613,110915.87,0.00013,7.579279279279699,BINANCE
2025-09-02 13:46:43.614,110915.87,0.00018,7.579279279279699,BINANCE
2025-09-02 13:46:43.614,110915.87,0.00014,7.579279279279699,BINANCE
2025-09-02 13:46:43.616,110915.87,0.00018,7.579279279279699,BINANCE
2025-09-02 13:46:43.619,110915.87,0.00014,7.579279279279699,BINANCE
2025-09-02 13:46:43.629,110915.87,0.00017,7.579279279279699,BINANCE
2025-09-02 13:46:43.635,110915.87,0.00014,7.579279279279699,BINANCE
2025-09-02 13:46:43.642,110915.87,0.00013,7.579279279279699,BINANCE
2025-09-02 13:46:43.644,110915.87,0.00014,7.579279279279699,BINANCE
2025-09-02 13:46:43.646,110915.87,0.00014,7.579279279279699,BINANCE
2025-09-02 13:46:43.654,110915.87,0.00013,7.579279279279699,BINANCE
2025-09-02 13:46:43.658,110915.87,0.00013,7.579279279279699,BINANCE
2025-09-02 13:46:43.667,110915.87,0.00013,7.579279279279699,BINANCE
2025-09-02 13:46:43.673,110915.87,0.00027,7.579279279279699,BINANCE
2025-09-02 13:46:43.674,110915.87,0.00014,7.579279279279699,BINANCE
2025-09-02 13:46:43.675,110915.87,0.00014,7.579279279279699,BINANCE
2025-09-02 13:46:43.675,110915.87,0.00013,7.579279279279699,BINANCE
2025-09-02 13:46:43.676,110915.87,0.00014,7.579279279279699,BINANCE
2025-09-02 13:46:43.678,110915.87,0.00017,7.579279279279699,BINANCE
2025-09-02 13:46:43.680,110915.87,0.00018,7.579279279279699,BINANCE
2025-09-02 13:46:43.681,110915.87,0.00014,7.579279279279699,BINANCE
2025-09-02 13:46:43.682,110915.87,0.00013,7.579279279279699,BINANCE
2025-09-02 13:46:43.684,110915.87,0.00014,7.579279279279699,BINANCE
2025-09-02 13:46:43.685,110915.88,0.036,7.578378378377959,BINANCE
2025-09-02 13:46:43.685,110915.87,0.00013,7.579279279279699,BINANCE
2025-09-02 13:46:43.686,110915.87,0.00018,7.579279279279699,BINANCE
2025-09-02 13:46:43.686,110915.87,0.00014,7.579279279279699,BINANCE
2025-09-02 13:46:43.689,110915.87,0.00027,7.579279279279699,BINANCE
2025-09-02 13:46:43.690,110915.87,0.00014,7.579279279279699,BINANCE
2025-09-02 13:46:43.691,110915.87,0.00044,7.579279279279699,BINANCE
2025-09-02 13:46:43.696,110915.87,0.00014,7.579279279279699,BINANCE
2025-09-02 13:46:43.699,110915.87,0.00018,7.579279279279699,BINANCE
2025-09-02 13:46:43.702,110915.87,0.00014,7.579279279279699,BINANCE
2025-09-02 13:46:43.702,110915.87,0.00018,7.579279279279699,BINANCE
2025-09-02 13:46:43.703,110915.87,0.00014,7.579279279279699,BINANCE
2025-09-02 13:46:43.705,110915.87,0.00013,7.579279279279699,BINANCE
2025-09-02 13:46:43.706,110915.87,0.00012,7.579279279279699,BINANCE
2025-09-02 13:46:43.712,110915.87,0.00014,7.579279279279699,BINANCE
2025-09-02 13:46:43.714,110915.87,0.00014,7.579279279279699,BINANCE
2025-09-02 13:46:43.716,110915.87,0.00014,7.579279279279699,BINANCE
2025-09-02 13:46:43.716,110915.87,0.00018,7.579279279279699,BINANCE
2025-09-02 13:46:43.717,110915.87,0.00013,7.579279279279699,BINANCE
2025-09-02 13:46:43.717,110915.87,0.00056,7.579279279279699,BINANCE
2025-09-02 13:46:43.719,110915.87,0.00014,7.579279279279699,BINANCE
2025-09-02 13:46:43.720,110915.87,0.00014,7.579279279279699,BINANCE
2025-09-02 13:46:43.722,110915.87,0.00014,7.579279279279699,BINANCE
2025-09-02 13:46:43.723,110915.87,0.00042,7.579279279279699,BINANCE
2025-09-02 13:46:43.726,110915.87,0.00013,7.579279279279699,BINANCE
2025-09-02 13:46:43.728,110915.87,0.00014,7.579279279279699,BINANCE
2025-09-02 13:46:43.730,110915.87,0.00018,7.579279279279699,BINANCE
2025-09-02 13:46:43.731,110915.87,0.00014,7.579279279279699,BINANCE
2025-09-02 13:46:43.733,110915.87,0.00014,7.579279279279699,BINANCE
2025-09-02 13:46:43.736,110915.87,5e-05,7.579279279279699,BINANCE
2025-09-02 13:46:43.736,110914.01,5e-05,7.746846846847318,BINANCE
2025-09-02 13:46:43.736,110915.86,5e-05,7.580180180180128,BINANCE
2025-09-02 13:46:43.736,110915.86,0.0001,7.580180180180128,BINANCE
2025-09-02 13:46:43.736,110915.87,4e-05,7.579279279279699,BINANCE
2025-09-02 13:46:43.736,110915.87,0.0001,7.579279279279699,BINANCE
2025-09-02 13:46:43.736,110915.87,1e-05,7.579279279279699,BINANCE
2025-09-02 13:46:43.737,110914.0,5e-05,7.7477477477477485,BINANCE
2025-09-02 13:46:43.737,110913.31,3e-05,7.80990990991012,BINANCE
2025-09-02 13:46:43.738,110913.3,3e-05,7.8108108108105485,BINANCE
2025-09-02 13:46:43.738,110912.01,1e-05,7.927027027027499,BINANCE
2025-09-02 13:46:43.738,110913.3,2e-05,7.8108108108105485,BINANCE
2025-09-02 13:46:43.738,110912.01,5e-05,7.927027027027499,BINANCE
2025-09-02 13:46:43.738,110913.31,5e-05,7.80990990991012,BINANCE
2025-09-02 13:46:43.738,110913.31,2e-05,7.80990990991012,BINANCE
2025-09-02 13:46:43.738,110913.3,5e-05,7.8108108108105485,BINANCE
2025-09-02 13:46:43.740,110912.01,4e-05,7.927027027027499,BINANCE
2025-09-02 13:46:43.740,110912.01,5e-05,7.927027027027499,BINANCE
2025-09-02 13:46:43.740,110912.0,4e-05,7.927927927927928,BINANCE
2025-09-02 13:46:43.742,110912.0,1e-05,7.927927927927928,BINANCE
2025-09-02 13:46:43.742,110912.0,5e-05,7.927927927927928,BINANCE
2025-09-02 13:46:43.742,110910.41,5e-05,8.071171171170857,BINANCE
2025-09-02 13:46:43.742,110910.34,3e-05,8.077477477477792,BINANCE
2025-09-02 13:46:43.743,110912.0,5e-05,7.927927927927928,BINANCE
2025-09-02 13:46:43.743,110910.34,2e-05,8.077477477477792,BINANCE
2025-09-02 13:46:43.743,110910.34,5e-05,8.077477477477792,BINANCE
2025-09-02 13:46:43.743,110910.33,0.00018,8.07837837837822,BINANCE
2025-09-02 13:46:43.743,110910.33,0.00014,8.07837837837822,BINANCE
2025-09-02 13:46:43.744,110910.33,0.00014,8.07837837837822,BINANCE
2025-09-02 13:46:43.745,110910.33,0.00014,8.07837837837822,BINANCE
2025-09-02 13:46:43.748,110910.33,0.00018,8.07837837837822,BINANCE
2025-09-02 13:46:43.748,110910.33,0.00013,8.07837837837822,BINANCE
2025-09-02 13:46:43.748,110910.33,0.00014,8.07837837837822,BINANCE
2025-09-02 13:46:43.749,110910.33,0.00014,8.07837837837822,BINANCE
2025-09-02 13:46:43.749,110910.33,0.00013,8.07837837837822,BINANCE
2025-09-02 13:46:43.750,110910.33,0.00027,8.07837837837822,BINANCE
2025-09-02 13:46:43.751,110910.33,0.00013,8.07837837837822,BINANCE
2025-09-02 13:46:43.751,110910.33,0.00014,8.07837837837822,BINANCE
2025-09-02 13:46:43.752,110910.33,0.00014,8.07837837837822,BINANCE
2025-09-02 13:46:43.754,110910.33,0.00027,8.07837837837822,BINANCE
2025-09-02 13:46:43.754,110910.33,0.00014,8.07837837837822,BINANCE
2025-09-02 13:46:43.757,110910.33,0.00014,8.07837837837822,BINANCE
2025-09-02 13:46:43.757,110910.33,0.00013,8.07837837837822,BINANCE
2025-09-02 13:46:43.759,110910.33,0.00017,8.07837837837822,BINANCE
2025-09-02 13:46:43.762,110910.33,0.00014,8.07837837837822,BINANCE
2025-09-02 13:46:43.763,110910.33,0.00014,8.07837837837822,BINANCE
2025-09-02 13:46:43.764,110910.33,0.00014,8.07837837837822,BINANCE
2025-09-02 13:46:43.765,110910.33,0.00014,8.07837837837822,BINANCE
2025-09-02 13:46:43.768,110910.33,0.00013,8.07837837837822,BINANCE
2025-09-02 13:46:43.771,110910.33,0.00014,8.07837837837822,BINANCE
2025-09-02 13:46:43.773,110910.33,0.00014,8.07837837837822,BINANCE
2025-09-02 13:46:43.774,110910.33,0.00014,8.07837837837822,BINANCE
2025-09-02 13:46:43.776,110910.33,0.00013,8.07837837837822,BINANCE
2025-09-02 13:46:43.778,110910.33,0.00027,8.07837837837822,BINANCE
2025-09-02 13:46:43.780,110910.33,0.00013,8.07837837837822,BINANCE
2025-09-02 13:46:43.782,110910.33,0.00018,8.07837837837822,BINANCE
2025-09-02 13:46:43.783,110910.33,0.00014,8.07837837837822,BINANCE
2025-09-02 13:46:43.787,110910.33,0.00014,8.07837837837822,BINANCE
2025-09-02 13:46:43.790,110910.33,0.00014,8.07837837837822,BINANCE
2025-09-02 13:46:43.790,110910.33,0.00036,8.07837837837822,BINANCE
2025-09-02 13:46:43.792,110910.33,0.00018,8.07837837837822,BINANCE
2025-09-02 13:46:43.793,110910.33,0.00014,8.07837837837822,BINANCE
2025-09-02 13:46:43.794,110910.33,0.00014,8.07837837837822,BINANCE
2025-09-02 13:46:43.797,110910.33,0.00027,8.07837837837822,BINANCE
2025-09-02 13:46:43.799,110910.33,0.00014,8.07837837837822,BINANCE
2025-09-02 13:46:43.799,110910.33,0.00013,8.07837837837822,BINANCE
2025-09-02 13:46:43.800,110910.33,0.00018,8.07837837837822,BINANCE
2025-09-02 13:46:43.801,110910.33,0.00014,8.07837837837822,BINANCE
2025-09-02 13:46:43.810,110910.33,0.00044,8.07837837837822,BINANCE
2025-09-02 13:46:43.812,110910.33,0.00014,8.07837837837822,BINANCE
2025-09-02 13:46:43.814,110910.33,0.00045,8.07837837837822,BINANCE
2025-09-02 13:46:43.814,110910.33,0.00014,8.07837837837822,BINANCE
2025-09-02 13:46:43.815,110910.33,0.00014,8.07837837837822,BINANCE
2025-09-02 13:46:43.816,110910.33,0.00018,8.07837837837822,BINANCE
2025-09-02 13:46:43.816,110910.33,0.00014,8.07837837837822,BINANCE
2025-09-02 13:46:43.817,110910.33,0.00013,8.07837837837822,BINANCE
2025-09-02 13:46:43.817,110910.33,0.00014,8.07837837837822,BINANCE
2025-09-02 13:46:43.818,110910.33,0.00013,8.07837837837822,BINANCE
2025-09-02 13:46:43.821,110910.33,0.00014,8.07837837837822,BINANCE
2025-09-02 13:46:43.821,110910.33,0.00027,8.07837837837822,BINANCE
2025-09-02 13:46:43.822,110910.33,0.00013,8.07837837837822,BINANCE
2025-09-02 13:46:43.827,110910.33,0.00021,8.07837837837822,BINANCE
2025-09-02 13:46:43.827,110910.33,0.00013,8.07837837837822,BINANCE
2025-09-02 13:46:43.829,110910.33,0.013,8.07837837837822,BINANCE
2025-09-02 13:46:43.829,110910.33,0.00014,8.07837837837822,BINANCE
2025-09-02 13:46:43.830,110910.33,0.00022,8.07837837837822,BINANCE
2025-09-02 13:46:43.831,110910.33,0.00014,8.07837837837822,BINANCE
2025-09-02 13:46:43.832,110910.33,0.00045,8.07837837837822,BINANCE
2025-09-02 13:46:43.832,110910.33,0.00013,8.07837837837822,BINANCE
2025-09-02 13:46:43.832,110910.33,0.00014,8.07837837837822,BINANCE
2025-09-02 13:46:43.833,110910.33,0.00045,8.07837837837822,BINANCE
2025-09-02 13:46:43.833,110910.33,0.00014,8.07837837837822,BINANCE
2025-09-02 13:46:43.834,110910.33,0.00018,8.07837837837822,BINANCE
2025-09-02 13:46:43.835,110910.33,0.00018,8.07837837837822,BINANCE
2025-09-02 13:46:43.838,110910.33,0.00036,8.07837837837822,BINANCE
2025-09-02 13:46:43.839,110910.33,0.00017,8.07837837837822,BINANCE
2025-09-02 13:46:43.841,110910.33,0.00013,8.07837837837822,BINANCE
2025-09-02 13:46:43.844,110910.33,0.00018,8.07837837837822,BINANCE
2025-09-02 13:46:43.848,110910.33,0.00014,8.07837837837822,BINANCE
2025-09-02 13:46:43.848,110910.33,0.00013,8.07837837837822,BINANCE
2025-09-02 13:46:43.848,110910.33,0.00018,8.07837837837822,BINANCE
2025-09-02 13:46:43.850,110910.33,0.00014,8.07837837837822,BINANCE
2025-09-02 13:46:43.851,110910.33,0.00014,8.07837837837822,BINANCE
2025-09-02 13:46:43.852,110910.33,0.00027,8.07837837837822,BINANCE
2025-09-02 13:46:43.854,110910.33,0.00022,8.07837837837822,BINANCE
2025-09-02 13:46:43.854,110910.33,0.00014,8.07837837837822,BINANCE
2025-09-02 13:46:43.855,110910.33,0.00014,8.07837837837822,BINANCE
2025-09-02 13:46:43.856,110910.33,0.00041,8.07837837837822,BINANCE
2025-09-02 13:46:43.857,110910.33,0.00027,8.07837837837822,BINANCE
2025-09-02 13:46:43.860,110910.33,0.00013,8.07837837837822,BINANCE
2025-09-02 13:46:43.861,110910.33,0.00013,8.07837837837822,BINANCE
2025-09-02 13:46:43.862,110910.33,0.00014,8.07837837837822,BINANCE
2025-09-02 13:46:43.866,110910.33,0.00014,8.07837837837822,BINANCE
2025-09-02 13:46:43.868,110910.33,0.00014,8.07837837837822,BINANCE
2025-09-02 13:46:43.871,110910.33,0.00014,8.07837837837822,BINANCE
2025-09-02 13:46:43.873,110910.33,0.00014,8.07837837837822,BINANCE
2025-09-02 13:46:43.875,110910.33,0.00014,8.07837837837822,BINANCE
2025-09-02 13:46:43.876,110910.33,0.00013,8.07837837837822,BINANCE
2025-09-02 13:46:43.877,110910.33,0.00045,8.07837837837822,BINANCE
2025-09-02 13:46:43.881,110910.33,0.00014,8.07837837837822,BINANCE
2025-09-02 13:46:43.882,110910.33,0.00044,8.07837837837822,BINANCE
2025-09-02 13:46:43.882,110910.33,0.00012,8.07837837837822,BINANCE
2025-09-02 13:46:43.882,110910.33,0.00013,8.07837837837822,BINANCE
2025-09-02 13:46:43.884,110910.33,0.00014,8.07837837837822,BINANCE
2025-09-02 13:46:43.890,110910.33,0.00013,8.07837837837822,BINANCE
2025-09-02 13:46:43.892,110910.33,0.00014,8.07837837837822,BINANCE
2025-09-02 13:46:43.893,110910.33,0.00022,8.07837837837822,BINANCE
2025-09-02 13:46:43.894,110910.33,0.00014,8.07837837837822,BINANCE
2025-09-02 13:46:43.895,110910.33,0.00013,8.07837837837822,BINANCE
2025-09-02 13:46:43.898,110910.33,0.00014,8.07837837837822,BINANCE
2025-09-02 13:46:43.903,110910.33,0.00013,8.07837837837822,BINANCE
2025-09-02 13:46:43.904,110910.33,0.00014,8.07837837837822,BINANCE
2025-09-02 13:46:43.905,110910.33,0.00014,8.07837837837822,BINANCE
2025-09-02 13:46:43.906,110910.33,0.00014,8.07837837837822,BINANCE
2025-09-02 13:46:43.907,110910.33,0.00014,8.07837837837822,BINANCE
2025-09-02 13:46:43.909,110910.33,0.00041,8.07837837837822,BINANCE
2025-09-02 13:46:43.912,110910.33,0.00014,8.07837837837822,BINANCE
2025-09-02 13:46:43.913,110910.33,0.00018,8.07837837837822,BINANCE
2025-09-02 13:46:43.916,110910.33,0.00014,8.07837837837822,BINANCE
2025-09-02 13:46:43.918,110910.33,0.00013,8.07837837837822,BINANCE
2025-09-02 13:46:43.918,110910.33,0.00018,8.07837837837822,BINANCE
2025-09-02 13:46:43.923,110910.33,0.00012,8.07837837837822,BINANCE
2025-09-02 13:46:43.927,110910.33,0.00014,8.07837837837822,BINANCE
2025-09-02 13:46:43.932,110910.33,0.00012,8.07837837837822,BINANCE
2025-09-02 13:46:43.939,110910.33,0.00014,8.07837837837822,BINANCE
2025-09-02 13:46:43.939,110910.33,0.00013,8.07837837837822,BINANCE
2025-09-02 13:46:43.941,110910.33,0.00036,8.07837837837822,BINANCE
2025-09-02 13:46:43.943,110910.33,0.00014,8.07837837837822,BINANCE
2025-09-02 13:46:43.948,110910.33,0.00042,8.07837837837822,BINANCE
2025-09-02 13:46:43.948,110910.33,0.00018,8.07837837837822,BINANCE
2025-09-02 13:46:43.951,110910.33,0.00013,8.07837837837822,BINANCE
2025-09-02 13:46:43.952,110910.33,0.00058,8.07837837837822,BINANCE
2025-09-02 13:46:43.953,110910.33,0.00018,8.07837837837822,BINANCE
2025-09-02 13:46:43.955,110910.33,0.00014,8.07837837837822,BINANCE
2025-09-02 13:46:43.956,110910.33,0.00044,8.07837837837822,BINANCE
2025-09-02 13:46:43.956,110910.33,0.00013,8.07837837837822,BINANCE
2025-09-02 13:46:43.956,110910.33,0.00027,8.07837837837822,BINANCE
2025-09-02 13:46:43.957,110910.33,0.00014,8.07837837837822,BINANCE
2025-09-02 13:46:43.958,110910.33,0.00014,8.07837837837822,BINANCE
2025-09-02 13:46:43.964,110910.33,0.00014,8.07837837837822,BINANCE
2025-09-02 13:46:43.967,110910.33,0.00013,8.07837837837822,BINANCE
2025-09-02 13:46:43.969,110910.33,0.00014,8.07837837837822,BINANCE
2025-09-02 13:46:43.970,110910.33,0.00013,8.07837837837822,BINANCE
2025-09-02 13:46:43.971,110910.33,0.00028,8.07837837837822,BINANCE
2025-09-02 13:46:43.973,110910.33,0.00014,8.07837837837822,BINANCE
2025-09-02 13:46:43.975,110910.33,0.00018,8.07837837837822,BINANCE
2025-09-02 13:46:43.976,110910.33,0.00014,8.07837837837822,BINANCE
2025-09-02 13:46:43.978,110910.33,0.00021,8.07837837837822,BINANCE
2025-09-02 13:46:43.979,110910.33,0.00014,8.07837837837822,BINANCE
2025-09-02 13:46:43.980,110910.33,0.00014,8.07837837837822,BINANCE
2025-09-02 13:46:43.982,110910.33,0.00036,8.07837837837822,BINANCE
2025-09-02 13:46:43.986,110910.33,0.00018,8.07837837837822,BINANCE
2025-09-02 13:46:43.998,110910.33,0.00014,8.07837837837822,BINANCE
2025-09-02 13:46:43.999,110910.33,0.00014,8.07837837837822,BINANCE
2025-09-02 13:46:44.003,110910.33,0.00013,8.07837837837822,BINANCE
2025-09-02 13:46:44.006,110910.33,0.00018,8.07837837837822,BINANCE
2025-09-02 13:46:44.008,110910.33,0.00014,8.07837837837822,BINANCE
2025-09-02 13:46:44.011,110910.33,0.00014,8.07837837837822,BINANCE
2025-09-02 13:46:44.012,110910.33,0.00014,8.07837837837822,BINANCE
2025-09-02 13:46:44.014,110910.33,0.00013,8.07837837837822,BINANCE
2025-09-02 13:46:44.018,110910.33,0.00021,8.07837837837822,BINANCE
2025-09-02 13:46:44.018,110910.33,0.00013,8.07837837837822,BINANCE
2025-09-02 13:46:44.020,110910.33,0.00018,8.07837837837822,BINANCE
2025-09-02 13:46:44.022,110910.33,0.00014,8.07837837837822,BINANCE
2025-09-02 13:46:44.023,110910.33,0.00053,8.07837837837822,BINANCE
2025-09-02 13:46:44.024,110910.33,0.00014,8.07837837837822,BINANCE
2025-09-02 13:46:44.025,110910.33,0.00013,8.07837837837822,BINANCE
2025-09-02 13:46:44.026,110910.33,0.00014,8.07837837837822,BINANCE
2025-09-02 13:46:44.029,110910.33,0.00041,8.07837837837822,BINANCE
2025-09-02 13:46:44.032,110910.33,0.00013,8.07837837837822,BINANCE
2025-09-02 13:46:44.033,110910.33,0.00013,8.07837837837822,BINANCE
2025-09-02 13:46:44.034,110910.33,0.00017,8.07837837837822,BINANCE
2025-09-02 13:46:44.035,110910.33,0.00014,8.07837837837822,BINANCE
