day,frequency,edge,lag,lag_s,n_obs,observed_beta,hac_se,mde_05,mde_10,power_05,power_10,exceeds_mde_05,exceeds_mde_10
2025-09-01,1S,BINANCE->BITGET,1,1,1000,0.0107260982014092,0.0081588204794589,0.022857630852489416,0.020286702013706075,0.25936602949989496,0.37062790846572674,False,False
2025-09-01,1S,BINANCE->BITGET,3,3,1000,-0.0108746335676928,0.0085650849534481,0.023995815397462,0.021296868415004385,0.0006197940076642706,0.001781291031139689,False,False
2025-09-01,1S,BINANCE->BITGET,6,6,1000,-0.0015338055690609,0.0084221560187596,0.02359538780679806,0.020941479212059896,0.016093541255255042,0.03385220202087723,False,False
2025-09-01,1S,BINANCE->BYBITSPOT,1,1,1000,0.0236689502553835,0.0094114884035712,0.026367086791886693,0.023401429315596578,0.7105307166554156,0.8078624127643759,False,True
2025-09-01,1S,BINANCE->BYBITSPOT,3,3,1000,0.030256474577919,0.0089322032126018,0.025024328485606373,0.022209698737229538,0.9232652836321407,0.9592889525946203,True,True
2025-09-01,1S,BINANCE->BYBITSPOT,6,6,1000,-0.0098554075091887,0.0083635817737741,0.02343128706788456,0.020795835824429256,0.0008495510392125991,0.0023771577307352865,False,False
2025-09-01,1S,BINANCE->COINBASE,1,1,1000,0.2498749343344799,0.0186799400823108,0.05233344400983788,0.046447201410767636,1.0,1.0,True,True
2025-09-01,1S,BINANCE->COINBASE,3,3,1000,0.027299725891324,0.0109970718169611,0.03080923384492494,0.02734394261225501,0.699335432489419,0.798872433172997,False,False
2025-09-01,1S,BINANCE->COINBASE,6,6,1000,0.1627944945608171,0.0218843873850629,0.06131097620545014,0.05441497907093591,0.9999999785984041,0.999999996563284,True,True
2025-09-01,1S,BITGET->BINANCE,1,1,1000,0.0095677810675308,0.0089133418526142,0.0249714867782716,0.022162800439785066,0.1876628859915343,0.2838536933200007,False,False
2025-09-01,1S,BITGET->BINANCE,3,3,1000,-0.0043351608642866,0.008810793592555,0.024684189088746547,0.021907816769157352,0.0071033830043802,0.016303793220002586,False,False
2025-09-01,1S,BITGET->BINANCE,6,6,1000,-0.0035904377352282,0.0085139307658938,0.02385250258176529,0.021169674813640064,0.008616996801996825,0.019387490534813392,False,False
2025-09-01,1S,BITGET->BYBITSPOT,1,1,1000,0.0176944312925454,0.0098954752794215,0.027723017269029572,0.024604850515222088,0.4317854171363018,0.5569654424375996,False,False
2025-09-01,1S,BITGET->BYBITSPOT,3,3,1000,0.0121751193950047,0.0107671784212171,0.030165167905666757,0.02677231846313697,0.2034951448845434,0.30359406911035886,False,False
2025-09-01,1S,BITGET->BYBITSPOT,6,6,1000,0.0097462671765916,0.0098183980728932,0.02750707890656644,0.02441319997887002,0.16669442110341404,0.2571360378924338,False,False
2025-09-01,1S,BITGET->COINBASE,1,1,1000,-0.0043622753009042,0.0084410531485435,0.0236483297262654,0.020988466450203632,0.006629111154063925,0.015322720855927523,False,False
2025-09-01,1S,BITGET->COINBASE,3,3,1000,0.0012935926689524,0.0080930296560466,0.022673312254130037,0.02012311478523819,0.03592055900005244,0.06877015315017831,False,False
2025-09-01,1S,BITGET->COINBASE,6,6,1000,0.0128664151216487,0.00819501600488,0.022959035701471002,0.02037670127772911,0.3482924172920605,0.47017723715655296,False,False
2025-09-01,1S,BYBITSPOT->BINANCE,1,1,1000,-0.0016704699978179,0.0091528354829083,0.025642448592735765,0.022758295330767068,0.016077741481632667,0.03382267216869716,False,False
2025-09-01,1S,BYBITSPOT->BINANCE,3,3,1000,0.0170723310495142,0.0087585784662228,0.02453790396265235,0.021777985170193227,0.49571088004483105,0.6195727698356769,False,False
2025-09-01,1S,BYBITSPOT->BINANCE,6,6,1000,-0.0034181464446733,0.0090027709752748,0.025222030086386352,0.0223851637050794,0.009651138459856093,0.021457784187575685,False,False
2025-09-01,1S,BYBITSPOT->BITGET,1,1,1000,0.002988264517524,0.0096885493533363,0.02714329665326494,0.024090334402020512,0.04931505938872977,0.0907058495170292,False,False
2025-09-01,1S,BYBITSPOT->BITGET,3,3,1000,-0.0039022345367622,0.0125228074516094,0.03508371224570383,0.031137645911614227,0.011556120788065609,0.025205269815051057,False,False
2025-09-01,1S,BYBITSPOT->BITGET,6,6,1000,0.024975743962681,0.0117632518615632,0.03295575253229532,0.029249030031793584,0.5648339495502591,0.6837983823847916,False,False
2025-09-01,1S,BYBITSPOT->COINBASE,1,1,1000,0.0013457965915185,0.0080509293568944,0.022555364678347095,0.020018433449775688,0.036502168270373,0.06974495437784702,False,False
2025-09-01,1S,BYBITSPOT->COINBASE,3,3,1000,0.025862667473997,0.0078559158540074,0.022009017731326446,0.019533537277384362,0.90859657743882,0.9502489975931979,True,True
2025-09-01,1S,BYBITSPOT->COINBASE,6,6,1000,-0.0083983101666215,0.0076081038589563,0.0213147513091202,0.01891735898155341,0.0010926234584907727,0.0029914473064150413,False,False
2025-09-01,1S,COINBASE->BINANCE,1,1,1000,0.0120563148427007,0.0121019252728885,0.03390457495523217,0.03009113295498198,0.16758994218335244,0.2582912093937276,False,False
2025-09-01,1S,COINBASE->BINANCE,3,3,1000,0.0118266200366214,0.0144993610211968,0.04062119550906831,0.03605229667287304,0.12624981397636598,0.20349881494538707,False,False
2025-09-01,1S,COINBASE->BINANCE,6,6,1000,0.0322375021262034,0.013306801509296,0.037280138408807006,0.03308702742685246,0.6781993371781883,0.7816505804642947,False,False
2025-09-01,1S,COINBASE->BITGET,1,1,1000,-0.0166329416307261,0.0091632077934717,0.025671507504687864,0.022784085820228513,7.99551794912095e-05,0.00027004629420400314,False,False
2025-09-01,1S,COINBASE->BITGET,3,3,1000,-0.0044846847727308,0.0094908482955412,0.026589420292140887,0.023598755691913914,0.0074976765171991255,0.017113766455102083,False,False
2025-09-01,1S,COINBASE->BITGET,6,6,1000,0.0077449056583469,0.0086783201930239,0.024313053570827043,0.021578424991535068,0.14286830976812626,0.22590206332804935,False,False
2025-09-01,1S,COINBASE->BYBITSPOT,1,1,1000,0.003342776700685,0.0099024249949018,0.02774248748918927,0.02462213080805165,0.052359671271487246,0.09555846015841374,False,False
2025-09-01,1S,COINBASE->BYBITSPOT,3,3,1000,0.0237962973552617,0.0095439084387134,0.026738072804923078,0.02373068840400741,0.7031165572380287,0.8019190073741951,False,True
2025-09-01,1S,COINBASE->BYBITSPOT,6,6,1000,-0.002343398086228,0.0086452513124545,0.024220408283844263,0.02149620005133357,0.0128397078517834,0.027687925576847246,False,False
2025-09-01,2S,BINANCE->BITGET,1,2,1000,0.0107260982014092,0.0081588204794589,0.022857630852489416,0.020286702013706075,0.25936602949989496,0.37062790846572674,False,False
2025-09-01,2S,BINANCE->BITGET,3,6,1000,-0.0108746335676928,0.0085650849534481,0.023995815397462,0.021296868415004385,0.0006197940076642706,0.001781291031139689,False,False
2025-09-01,2S,BINANCE->BITGET,6,12,1000,-0.0015338055690609,0.0084221560187596,0.02359538780679806,0.020941479212059896,0.016093541255255042,0.03385220202087723,False,False
2025-09-01,2S,BINANCE->BYBITSPOT,1,2,1000,0.0236689502553835,0.0094114884035712,0.026367086791886693,0.023401429315596578,0.7105307166554156,0.8078624127643759,False,True
2025-09-01,2S,BINANCE->BYBITSPOT,3,6,1000,0.030256474577919,0.0089322032126018,0.025024328485606373,0.022209698737229538,0.9232652836321407,0.9592889525946203,True,True
2025-09-01,2S,BINANCE->BYBITSPOT,6,12,1000,-0.0098554075091887,0.0083635817737741,0.02343128706788456,0.020795835824429256,0.0008495510392125991,0.0023771577307352865,False,False
2025-09-01,2S,BINANCE->COINBASE,1,2,1000,0.2498749343344799,0.0186799400823108,0.05233344400983788,0.046447201410767636,1.0,1.0,True,True
2025-09-01,2S,BINANCE->COINBASE,3,6,1000,0.027299725891324,0.0109970718169611,0.03080923384492494,0.02734394261225501,0.699335432489419,0.798872433172997,False,False
2025-09-01,2S,BINANCE->COINBASE,6,12,1000,0.1627944945608171,0.0218843873850629,0.06131097620545014,0.05441497907093591,0.9999999785984041,0.999999996563284,True,True
2025-09-01,2S,BITGET->BINANCE,1,2,1000,0.0095677810675308,0.0089133418526142,0.0249714867782716,0.022162800439785066,0.1876628859915343,0.2838536933200007,False,False
2025-09-01,2S,BITGET->BINANCE,3,6,1000,-0.0043351608642866,0.008810793592555,0.024684189088746547,0.021907816769157352,0.0071033830043802,0.016303793220002586,False,False
2025-09-01,2S,BITGET->BINANCE,6,12,1000,-0.0035904377352282,0.0085139307658938,0.02385250258176529,0.021169674813640064,0.008616996801996825,0.019387490534813392,False,False
2025-09-01,2S,BITGET->BYBITSPOT,1,2,1000,0.0176944312925454,0.0098954752794215,0.027723017269029572,0.024604850515222088,0.4317854171363018,0.5569654424375996,False,False
2025-09-01,2S,BITGET->BYBITSPOT,3,6,1000,0.0121751193950047,0.0107671784212171,0.030165167905666757,0.02677231846313697,0.2034951448845434,0.30359406911035886,False,False
2025-09-01,2S,BITGET->BYBITSPOT,6,12,1000,0.0097462671765916,0.0098183980728932,0.02750707890656644,0.02441319997887002,0.16669442110341404,0.2571360378924338,False,False
2025-09-01,2S,BITGET->COINBASE,1,2,1000,-0.0043622753009042,0.0084410531485435,0.0236483297262654,0.020988466450203632,0.006629111154063925,0.015322720855927523,False,False
2025-09-01,2S,BITGET->COINBASE,3,6,1000,0.0012935926689524,0.0080930296560466,0.022673312254130037,0.02012311478523819,0.03592055900005244,0.06877015315017831,False,False
2025-09-01,2S,BITGET->COINBASE,6,12,1000,0.0128664151216487,0.00819501600488,0.022959035701471002,0.02037670127772911,0.3482924172920605,0.47017723715655296,False,False
2025-09-01,2S,BYBITSPOT->BINANCE,1,2,1000,-0.0016704699978179,0.0091528354829083,0.025642448592735765,0.022758295330767068,0.016077741481632667,0.03382267216869716,False,False
2025-09-01,2S,BYBITSPOT->BINANCE,3,6,1000,0.0170723310495142,0.0087585784662228,0.02453790396265235,0.021777985170193227,0.49571088004483105,0.6195727698356769,False,False
2025-09-01,2S,BYBITSPOT->BINANCE,6,12,1000,-0.0034181464446733,0.0090027709752748,0.025222030086386352,0.0223851637050794,0.009651138459856093,0.021457784187575685,False,False
2025-09-01,2S,BYBITSPOT->BITGET,1,2,1000,0.002988264517524,0.0096885493533363,0.02714329665326494,0.024090334402020512,0.04931505938872977,0.0907058495170292,False,False
2025-09-01,2S,BYBITSPOT->BITGET,3,6,1000,-0.0039022345367622,0.0125228074516094,0.03508371224570383,0.031137645911614227,0.011556120788065609,0.025205269815051057,False,False
2025-09-01,2S,BYBITSPOT->BITGET,6,12,1000,0.024975743962681,0.0117632518615632,0.03295575253229532,0.029249030031793584,0.5648339495502591,0.6837983823847916,False,False
2025-09-01,2S,BYBITSPOT->COINBASE,1,2,1000,0.0013457965915185,0.0080509293568944,0.022555364678347095,0.020018433449775688,0.036502168270373,0.06974495437784702,False,False
2025-09-01,2S,BYBITSPOT->COINBASE,3,6,1000,0.025862667473997,0.0078559158540074,0.022009017731326446,0.019533537277384362,0.90859657743882,0.9502489975931979,True,True
2025-09-01,2S,BYBITSPOT->COINBASE,6,12,1000,-0.0083983101666215,0.0076081038589563,0.0213147513091202,0.01891735898155341,0.0010926234584907727,0.0029914473064150413,False,False
2025-09-01,2S,COINBASE->BINANCE,1,2,1000,0.0120563148427007,0.0121019252728885,0.03390457495523217,0.03009113295498198,0.16758994218335244,0.2582912093937276,False,False
2025-09-01,2S,COINBASE->BINANCE,3,6,1000,0.0118266200366214,0.0144993610211968,0.04062119550906831,0.03605229667287304,0.12624981397636598,0.20349881494538707,False,False
2025-09-01,2S,COINBASE->BINANCE,6,12,1000,0.0322375021262034,0.013306801509296,0.037280138408807006,0.03308702742685246,0.6781993371781883,0.7816505804642947,False,False
2025-09-01,2S,COINBASE->BITGET,1,2,1000,-0.0166329416307261,0.0091632077934717,0.025671507504687864,0.022784085820228513,7.99551794912095e-05,0.00027004629420400314,False,False
2025-09-01,2S,COINBASE->BITGET,3,6,1000,-0.0044846847727308,0.0094908482955412,0.026589420292140887,0.023598755691913914,0.0074976765171991255,0.017113766455102083,False,False
2025-09-01,2S,COINBASE->BITGET,6,12,1000,0.0077449056583469,0.0086783201930239,0.024313053570827043,0.021578424991535068,0.14286830976812626,0.22590206332804935,False,False
2025-09-01,2S,COINBASE->BYBITSPOT,1,2,1000,0.003342776700685,0.0099024249949018,0.02774248748918927,0.02462213080805165,0.052359671271487246,0.09555846015841374,False,False
2025-09-01,2S,COINBASE->BYBITSPOT,3,6,1000,0.0237962973552617,0.0095439084387134,0.026738072804923078,0.02373068840400741,0.7031165572380287,0.8019190073741951,False,True
2025-09-01,2S,COINBASE->BYBITSPOT,6,12,1000,-0.002343398086228,0.0086452513124545,0.024220408283844263,0.02149620005133357,0.0128397078517834,0.027687925576847246,False,False
2025-09-01,5S,BINANCE->BITGET,1,5,1000,0.0107260982014092,0.0081588204794589,0.022857630852489416,0.020286702013706075,0.25936602949989496,0.37062790846572674,False,False
2025-09-01,5S,BINANCE->BITGET,3,15,1000,-0.0108746335676928,0.0085650849534481,0.023995815397462,0.021296868415004385,0.0006197940076642706,0.001781291031139689,False,False
2025-09-01,5S,BINANCE->BITGET,6,30,1000,-0.0015338055690609,0.0084221560187596,0.02359538780679806,0.020941479212059896,0.016093541255255042,0.03385220202087723,False,False
2025-09-01,5S,BINANCE->BYBITSPOT,1,5,1000,0.0236689502553835,0.0094114884035712,0.026367086791886693,0.023401429315596578,0.7105307166554156,0.8078624127643759,False,True
2025-09-01,5S,BINANCE->BYBITSPOT,3,15,1000,0.030256474577919,0.0089322032126018,0.025024328485606373,0.022209698737229538,0.9232652836321407,0.9592889525946203,True,True
2025-09-01,5S,BINANCE->BYBITSPOT,6,30,1000,-0.0098554075091887,0.0083635817737741,0.02343128706788456,0.020795835824429256,0.0008495510392125991,0.0023771577307352865,False,False
2025-09-01,5S,BINANCE->COINBASE,1,5,1000,0.2498749343344799,0.0186799400823108,0.05233344400983788,0.046447201410767636,1.0,1.0,True,True
2025-09-01,5S,BINANCE->COINBASE,3,15,1000,0.027299725891324,0.0109970718169611,0.03080923384492494,0.02734394261225501,0.699335432489419,0.798872433172997,False,False
2025-09-01,5S,BINANCE->COINBASE,6,30,1000,0.1627944945608171,0.0218843873850629,0.06131097620545014,0.05441497907093591,0.9999999785984041,0.999999996563284,True,True
2025-09-01,5S,BITGET->BINANCE,1,5,1000,0.0095677810675308,0.0089133418526142,0.0249714867782716,0.022162800439785066,0.1876628859915343,0.2838536933200007,False,False
2025-09-01,5S,BITGET->BINANCE,3,15,1000,-0.0043351608642866,0.008810793592555,0.024684189088746547,0.021907816769157352,0.0071033830043802,0.016303793220002586,False,False
2025-09-01,5S,BITGET->BINANCE,6,30,1000,-0.0035904377352282,0.0085139307658938,0.02385250258176529,0.021169674813640064,0.008616996801996825,0.019387490534813392,False,False
2025-09-01,5S,BITGET->BYBITSPOT,1,5,1000,0.0176944312925454,0.0098954752794215,0.027723017269029572,0.024604850515222088,0.4317854171363018,0.5569654424375996,False,False
2025-09-01,5S,BITGET->BYBITSPOT,3,15,1000,0.0121751193950047,0.0107671784212171,0.030165167905666757,0.02677231846313697,0.2034951448845434,0.30359406911035886,False,False
2025-09-01,5S,BITGET->BYBITSPOT,6,30,1000,0.0097462671765916,0.0098183980728932,0.02750707890656644,0.02441319997887002,0.16669442110341404,0.2571360378924338,False,False
2025-09-01,5S,BITGET->COINBASE,1,5,1000,-0.0043622753009042,0.0084410531485435,0.0236483297262654,0.020988466450203632,0.006629111154063925,0.015322720855927523,False,False
2025-09-01,5S,BITGET->COINBASE,3,15,1000,0.0012935926689524,0.0080930296560466,0.022673312254130037,0.02012311478523819,0.03592055900005244,0.06877015315017831,False,False
2025-09-01,5S,BITGET->COINBASE,6,30,1000,0.0128664151216487,0.00819501600488,0.022959035701471002,0.02037670127772911,0.3482924172920605,0.47017723715655296,False,False
2025-09-01,5S,BYBITSPOT->BINANCE,1,5,1000,-0.0016704699978179,0.0091528354829083,0.025642448592735765,0.022758295330767068,0.016077741481632667,0.03382267216869716,False,False
2025-09-01,5S,BYBITSPOT->BINANCE,3,15,1000,0.0170723310495142,0.0087585784662228,0.02453790396265235,0.021777985170193227,0.49571088004483105,0.6195727698356769,False,False
2025-09-01,5S,BYBITSPOT->BINANCE,6,30,1000,-0.0034181464446733,0.0090027709752748,0.025222030086386352,0.0223851637050794,0.009651138459856093,0.021457784187575685,False,False
2025-09-01,5S,BYBITSPOT->BITGET,1,5,1000,0.002988264517524,0.0096885493533363,0.02714329665326494,0.024090334402020512,0.04931505938872977,0.0907058495170292,False,False
2025-09-01,5S,BYBITSPOT->BITGET,3,15,1000,-0.0039022345367622,0.0125228074516094,0.03508371224570383,0.031137645911614227,0.011556120788065609,0.025205269815051057,False,False
2025-09-01,5S,BYBITSPOT->BITGET,6,30,1000,0.024975743962681,0.0117632518615632,0.03295575253229532,0.029249030031793584,0.5648339495502591,0.6837983823847916,False,False
2025-09-01,5S,BYBITSPOT->COINBASE,1,5,1000,0.0013457965915185,0.0080509293568944,0.022555364678347095,0.020018433449775688,0.036502168270373,0.06974495437784702,False,False
2025-09-01,5S,BYBITSPOT->COINBASE,3,15,1000,0.025862667473997,0.0078559158540074,0.022009017731326446,0.019533537277384362,0.90859657743882,0.9502489975931979,True,True
2025-09-01,5S,BYBITSPOT->COINBASE,6,30,1000,-0.0083983101666215,0.0076081038589563,0.0213147513091202,0.01891735898155341,0.0010926234584907727,0.0029914473064150413,False,False
2025-09-01,5S,COINBASE->BINANCE,1,5,1000,0.0120563148427007,0.0121019252728885,0.03390457495523217,0.03009113295498198,0.16758994218335244,0.2582912093937276,False,False
2025-09-01,5S,COINBASE->BINANCE,3,15,1000,0.0118266200366214,0.0144993610211968,0.04062119550906831,0.03605229667287304,0.12624981397636598,0.20349881494538707,False,False
2025-09-01,5S,COINBASE->BINANCE,6,30,1000,0.0322375021262034,0.013306801509296,0.037280138408807006,0.03308702742685246,0.6781993371781883,0.7816505804642947,False,False
2025-09-01,5S,COINBASE->BITGET,1,5,1000,-0.0166329416307261,0.0091632077934717,0.025671507504687864,0.022784085820228513,7.99551794912095e-05,0.00027004629420400314,False,False
2025-09-01,5S,COINBASE->BITGET,3,15,1000,-0.0044846847727308,0.0094908482955412,0.026589420292140887,0.023598755691913914,0.0074976765171991255,0.017113766455102083,False,False
2025-09-01,5S,COINBASE->BITGET,6,30,1000,0.0077449056583469,0.0086783201930239,0.024313053570827043,0.021578424991535068,0.14286830976812626,0.22590206332804935,False,False
2025-09-01,5S,COINBASE->BYBITSPOT,1,5,1000,0.003342776700685,0.0099024249949018,0.02774248748918927,0.02462213080805165,0.052359671271487246,0.09555846015841374,False,False
2025-09-01,5S,COINBASE->BYBITSPOT,3,15,1000,0.0237962973552617,0.0095439084387134,0.026738072804923078,0.02373068840400741,0.7031165572380287,0.8019190073741951,False,True
2025-09-01,5S,COINBASE->BYBITSPOT,6,30,1000,-0.002343398086228,0.0086452513124545,0.024220408283844263,0.02149620005133357,0.0128397078517834,0.027687925576847246,False,False
2025-09-01,10S,BINANCE->BITGET,1,10,1000,-0.0025663608522026,0.0120078156626734,0.03364091886237117,0.029857131775048385,0.014864280127997991,0.031543500877093275,False,False
2025-09-01,10S,BINANCE->BITGET,3,30,1000,-0.0042291218306397,0.0120145247579947,0.03365971496465024,0.02987381377190166,0.01038981315709685,0.02292050178064219,False,False
2025-09-01,10S,BINANCE->BITGET,6,60,1000,0.0020135082997201,0.0109420601549962,0.030655113985940247,0.02720715749774362,0.03787070145692709,0.07202993026162283,False,False
2025-09-01,10S,BINANCE->BYBITSPOT,1,10,1000,0.016514670646955,0.0121647122052297,0.03408047789676994,0.03024725108381782,0.2734620372556811,0.38695457474596107,False,False
2025-09-01,10S,BINANCE->BYBITSPOT,3,30,1000,-0.0124896238489548,0.0116539977312607,0.032649667775822046,0.028977372383387965,0.0012160369548665684,0.0032982458981228456,False,False
2025-09-01,10S,BINANCE->BYBITSPOT,6,60,1000,0.0099308796005617,0.0105706256267671,0.029614508502156838,0.026283594880971227,0.15374922674597402,0.24028852980666932,False,False
2025-09-01,10S,BINANCE->COINBASE,1,10,1000,0.0348252624229742,0.015016956704334,0.04207128392390457,0.03733928532690963,0.6402393354598677,0.749910762160135,False,False
2025-09-01,10S,BINANCE->COINBASE,3,30,1000,0.1479294178561511,0.0371601168105284,0.1041072339597276,0.0923976962635285,0.9783550067748996,0.9902546822266038,True,True
2025-09-01,10S,BINANCE->COINBASE,6,60,1000,0.0039897625916688,0.0138550976964913,0.03881623690200107,0.034450352112434954,0.04726211444547802,0.08740806410047919,False,False
2025-09-01,10S,BITGET->BINANCE,1,10,1000,0.0078091872929934,0.0120948146748582,0.03388465400889854,0.03007345263173634,0.09437264835170805,0.15885143737155216,False,False
2025-09-01,10S,BITGET->BINANCE,3,30,1000,-0.0099573198911168,0.012076221160368,0.033832562693550026,0.030027220325387665,0.0026804882560464483,0.006767124280629912,False,False
2025-09-01,10S,BITGET->BINANCE,6,60,1000,0.0096541105303234,0.0122953195272337,0.03444638543947366,0.03057200290658118,0.12004173882524122,0.19498609246308524,False,False
2025-09-01,10S,BITGET->BYBITSPOT,1,10,1000,0.0232164199092672,0.0140401618090663,0.03933470978419438,0.03491050937593795,0.37965314500934677,0.503478125226909,False,False
2025-09-01,10S,BITGET->BYBITSPOT,3,30,1000,0.0270006057612569,0.0130362397686082,0.036522136635509156,0.03241428246041253,0.5442837598939736,0.6650707538373548,False,False
2025-09-01,10S,BITGET->BYBITSPOT,6,60,1000,0.0077318099368186,0.0125159024469446,0.035064367286703924,0.0311204767911034,0.08976475168940523,0.15218792710002144,False,False
2025-09-01,10S,BITGET->COINBASE,1,10,1000,-0.0042717129862887,0.0108389802807007,0.030366326933829034,0.02695085198168185,0.0092845439068002,0.0207270017307898,False,False
2025-09-01,10S,BITGET->COINBASE,3,30,1000,0.016099885077717,0.0105402404776992,0.029529381917678052,0.026208042971680612,0.33269065859255453,0.45327742596934156,False,False
2025-09-01,10S,BITGET->COINBASE,6,60,1000,0.0027013370961696,0.0101430419288513,0.028416596334569853,0.025220418765333538,0.045166872564313995,0.08401993785289935,False,False
2025-09-01,10S,BYBITSPOT->BINANCE,1,10,1000,0.0062294627280989,0.0120990702335506,0.033896576319225984,0.030084033971442485,0.0742159117691191,0.129241813237435,False,False
2025-09-01,10S,BYBITSPOT->BINANCE,3,30,1000,-0.0002356200010758,0.0115459557374573,0.03234697892304699,0.028708728681914878,0.023830920737852156,0.047930370518249464,False,False
2025-09-01,10S,BYBITSPOT->BINANCE,6,60,1000,-0.0011628450215445,0.0118055854383104,0.033074353655140123,0.029354291406131577,0.019772828441964,0.040635969685012395,False,False
2025-09-01,10S,BYBITSPOT->BITGET,1,10,1000,0.0268614067362345,0.0135658184181126,0.03800579635178891,0.03373106645907568,0.5080246173666608,0.6312728633602981,False,False
2025-09-01,10S,BYBITSPOT->BITGET,3,30,1000,0.0328440353661819,0.0176229242368886,0.049372124041991865,0.04381895808394941,0.4616597715016483,0.5866193708446986,False,False
2025-09-01,10S,BYBITSPOT->BITGET,6,60,1000,0.0414960777273147,0.0181420257491773,0.05082643116551997,0.045109690944315446,0.6282894172310381,0.7397051206551084,False,False
2025-09-01,10S,BYBITSPOT->COINBASE,1,10,1000,0.0124122708283611,0.0101378834953118,0.028402144543416972,0.02520759245001789,0.23098141879863054,0.3370571033135694,False,False
2025-09-01,10S,BYBITSPOT->COINBASE,3,30,1000,0.0007492363893992,0.0104052476196824,0.02915118792210736,0.025872386623871497,0.029515770618236892,0.05787700919548936,False,False
2025-09-01,10S,BYBITSPOT->COINBASE,6,60,1000,-0.0029657395246713,0.0110622518717925,0.030991841323056383,0.027506011180000886,0.012938275556762349,0.027877285187368695,False,False
2025-09-01,10S,COINBASE->BINANCE,1,10,1000,-0.0316613017471028,0.014776843174057,0.04139858540681161,0.036742249070204104,2.042722505267893e-05,7.609047385045055e-05,False,False
2025-09-01,10S,COINBASE->BINANCE,3,30,1000,0.0554452961719073,0.0209203152736849,0.05861004602901857,0.05201783800226185,0.7550113218856795,0.8426611436578433,False,True
2025-09-01,10S,COINBASE->BINANCE,6,60,1000,-0.0204097226904792,0.0179966046570197,0.05041902158332939,0.04474810505447557,0.0009872164138225602,0.0027268212060673085,False,False
2025-09-01,10S,COINBASE->BITGET,1,10,1000,-0.0035914178106413,0.0120853952849352,0.03385826478532662,0.030050031555491324,0.011999849640966651,0.026067115570750057,False,False
2025-09-01,10S,COINBASE->BITGET,3,30,1000,0.0129918318016145,0.0118981604024747,0.03333371030631017,0.02958447672724006,0.1926849544658864,0.2901542141307135,False,False
2025-09-01,10S,COINBASE->BITGET,6,60,1000,-0.0035351407005536,0.0128053059262895,0.035875155796507054,0.03184007126704278,0.012674823977153308,0.02737076729315081,False,False
2025-09-01,10S,COINBASE->BYBITSPOT,1,10,1000,0.0113541643018347,0.0123161311738063,0.03450469104087605,0.030623750542590065,0.14961867795461103,0.2348522662202609,False,False
2025-09-01,10S,COINBASE->BYBITSPOT,3,30,1000,-0.0001716700941631,0.0116291366064842,0.032580017216142544,0.028915555821626835,0.02414962242965958,0.048495894544735914,False,False
2025-09-01,10S,COINBASE->BYBITSPOT,6,60,1000,-0.0093840817829999,0.0136439934145905,0.03822481026634743,0.03392544662253956,0.004051529172683652,0.009833660450842552,False,False
2025-09-01,15S,BINANCE->BITGET,1,15,1000,-0.0078239159109535,0.013441602622462,0.03765779521483805,0.03342220700591043,0.005510517107563527,0.012976283047674815,False,False
2025-09-01,15S,BINANCE->BITGET,3,45,1000,0.0054524307553216,0.0146854879702014,0.04114264601809206,0.03651509665243908,0.05606589963409684,0.10140731547329385,False,False
2025-09-01,15S,BINANCE->BITGET,6,90,1000,0.0003673059614891,0.0132793161256324,0.03720313576422091,0.033018685711341055,0.026660998818790305,0.0529182464205285,False,False
2025-09-01,15S,BINANCE->BYBITSPOT,1,15,1000,0.0208865977264913,0.0143469753493891,0.04019427406347965,0.035673393530819074,0.3070797100332946,0.4250327956739694,False,False
2025-09-01,15S,BINANCE->BYBITSPOT,3,45,1000,0.009883905052072,0.0158376747700271,0.04437059552498863,0.039379980164833725,0.0907928652813364,0.15367978859145176,False,False
2025-09-01,15S,BINANCE->BYBITSPOT,6,90,1000,-0.0138488010753696,0.0152246875188912,0.04265325950331459,0.03785580277506236,0.002055009261964666,0.0053173030890531865,False,False
2025-09-01,15S,BINANCE->COINBASE,1,15,1000,0.0295945115159828,0.0148020729938154,0.041469268896902396,0.03680498238276893,0.51570833190094,0.6385162069816549,False,False
2025-09-01,15S,BINANCE->COINBASE,3,45,1000,-0.0135778848818554,0.0148075292183905,0.0414845549750187,0.03681854914800829,0.00200787324538548,0.005206386402947327,False,False
2025-09-01,15S,BINANCE->COINBASE,6,90,1000,-0.0093215545044775,0.0179334354369721,0.05024204763020431,0.04459103637686829,0.006573720680792425,0.015207634454916562,False,False
2025-09-01,15S,BITGET->BINANCE,1,15,1000,-0.0068560075380433,0.0152109908878054,0.042614887224126666,0.03782174644619364,0.00796116161506533,0.018059695150668072,False,False
2025-09-01,15S,BITGET->BINANCE,3,45,1000,0.0207532034298876,0.0141900869313353,0.039754737790566985,0.035283294423420854,0.3094359477293262,0.42765817381698806,False,False
2025-09-01,15S,BITGET->BINANCE,6,90,1000,0.0097552539657727,0.0144429454125678,0.040463142373862455,0.035912020680275845,0.09947826015732608,0.1661678899033192,False,False
2025-09-01,15S,BITGET->BYBITSPOT,1,15,1000,0.0028774862457306,0.0157441563255131,0.04410859563321729,0.03914744890355432,0.03776778204574484,0.07185851043637552,False,False
2025-09-01,15S,BITGET->BYBITSPOT,3,45,1000,-0.0199736639141425,0.0158105873094156,0.044294707695743236,0.039312627874987786,0.0006336726216744706,0.0018177936470913378,False,False
2025-09-01,15S,BITGET->BYBITSPOT,6,90,1000,0.0057420762547483,0.0149090469537172,0.041768965561686286,0.0370709704447955,0.057648585075241905,0.10388641541827581,False,False
2025-09-01,15S,BITGET->COINBASE,1,15,1000,-0.0057447151175474,0.0139511030603825,0.03908520411033821,0.034689067036225915,0.008852297057684314,0.01986098238584361,False,False
2025-09-01,15S,BITGET->COINBASE,3,45,1000,0.0205550749113348,0.012945379240509,0.0362675831230765,0.0321883600414799,0.35489693231952213,0.47726359911932476,False,False
2025-09-01,15S,BITGET->COINBASE,6,90,1000,0.0042587305430148,0.013006228435451,0.03643805732816008,0.03233966003498633,0.05128434122819225,0.09384963568540672,False,False
2025-09-01,15S,BYBITSPOT->BINANCE,1,15,1000,0.0142724374609954,0.0157808988616793,0.04421153297941649,0.03923880829604348,0.1455865195091247,0.22951609490146435,False,False
2025-09-01,15S,BYBITSPOT->BINANCE,3,45,1000,-0.003290683154445,0.01324826263654,0.0371161367682088,0.032941471991381234,0.01360994222543555,0.02916300394331942,False,False
2025-09-01,15S,BYBITSPOT->BINANCE,6,90,1000,-0.0214076013297776,0.0156994120087893,0.043983240616889324,0.03903619328486924,0.00044438702172538844,0.0013129365296169373,False,False
2025-09-01,15S,BYBITSPOT->BITGET,1,15,1000,0.0104408040803381,0.0164030853330384,0.04595464140048602,0.04078585931563626,0.09284299693459858,0.15664587810895858,False,False
2025-09-01,15S,BYBITSPOT->BITGET,3,45,1000,0.0209223234143196,0.0174510384385554,0.048890571330178025,0.04339156836751274,0.22331410451463302,0.32782103101683946,False,False
2025-09-01,15S,BYBITSPOT->BITGET,6,90,1000,0.0559116237598227,0.0248353357304864,0.06957830946940353,0.06175243794653748,0.6146002475169432,0.727888569020084,False,False
2025-09-01,15S,BYBITSPOT->COINBASE,1,15,1000,0.0383111562328745,0.0126885788105646,0.03554813483453922,0.0315498322282513,0.8552861228414003,0.9153549084084256,True,True
2025-09-01,15S,BYBITSPOT->COINBASE,3,45,1000,-0.0070597023488103,0.0132655540950665,0.037164580262816264,0.03298446676830918,0.006348674035749743,0.014738917445826697,False,False
2025-09-01,15S,BYBITSPOT->COINBASE,6,90,1000,0.0023007993785043,0.0122928606728761,0.03443949674945192,0.030565889027035314,0.03813105207541623,0.07246326263270841,False,False
2025-09-01,15S,COINBASE->BINANCE,1,15,1000,-0.0254009768259709,0.0176700067901017,0.04950402982710471,0.04393602766888308,0.00034004364059761553,0.0010267867363712622,False,False
2025-09-01,15S,COINBASE->BINANCE,3,45,1000,0.0182102289859991,0.0166980876536377,0.04678111554118604,0.041519375169602774,0.1923124885060134,0.289688187525191,False,False
2025-09-01,15S,COINBASE->BINANCE,6,90,1000,0.0107091269199031,0.0177165310298385,0.04963437144943526,0.044051709021393645,0.08763025038315453,0.14908105466751403,False,False
2025-09-01,15S,COINBASE->BITGET,1,15,1000,-0.0141811251419724,0.0167187743078405,0.046839070965812815,0.041570812015226395,0.0024911217479833686,0.006332207638044209,False,False
2025-09-01,15S,COINBASE->BITGET,3,45,1000,0.0022530908959686,0.0154885548622238,0.04339250635193794,0.038511902290772226,0.03480070911622395,0.0668868251033251,False,False
2025-09-01,15S,COINBASE->BITGET,6,90,1000,0.0245872624513641,0.0146010940431552,0.040906209239580923,0.03630525327445777,0.391262090838704,0.5155864019516205,False,False
2025-09-01,15S,COINBASE->BYBITSPOT,1,15,1000,0.0150493767319227,0.0160714962060139,0.0450256662037272,0.039961371287266616,0.1530210388269782,0.23933233476678362,False,False
2025-09-01,15S,COINBASE->BYBITSPOT,3,45,1000,-0.0021266373203958,0.0153777990150021,0.04308221440754205,0.03823651066099939,0.01794123840753943,0.03728124356408763,False,False
2025-09-01,15S,COINBASE->BYBITSPOT,6,90,1000,-0.0125097366108922,0.0147533806648016,0.041332853187701836,0.03668391013077573,0.002493383151155144,0.00633742075870988,False,False
2025-09-01,30S,BINANCE->BITGET,1,30,1000,-0.0009046809456269,0.0179298391018294,0.050231972190829144,0.04458209417994594,0.022193340261740704,0.045008281108478695,False,False
2025-09-01,30S,BINANCE->BITGET,3,90,1000,-0.014126373329411,0.0182559152276445,0.05114550224489228,0.04539287426940238,0.003130773478085109,0.007789096147425177,False,False
2025-09-01,30S,BINANCE->BITGET,6,180,1000,-0.0127760885756847,0.0183922558745794,0.051527472185973054,0.04573188186047364,0.003970019321382069,0.009654821284682319,False,False
2025-09-01,30S,BINANCE->BYBITSPOT,1,30,1000,-0.0131667986098089,0.0216717346502501,0.0607152114470073,0.05388622339180212,0.005121440029525627,0.012148189939886934,False,False
2025-09-01,30S,BINANCE->BYBITSPOT,3,90,1000,-0.0058355499855179,0.0197170719791868,0.05523905740135915,0.04902600379939778,0.012037560488494246,0.026140181106325933,False,False
2025-09-01,30S,BINANCE->BYBITSPOT,6,180,1000,0.0189847604101997,0.0189206127160965,0.05300770890305622,0.04704562786429198,0.1693912534731336,0.26061086974273917,False,False
2025-09-01,30S,BINANCE->COINBASE,1,30,1000,0.072793828436747,0.0327362072902746,0.09171327444151531,0.08139775645618293,0.6039886059314031,0.7186363096497034,False,False
2025-09-01,30S,BINANCE->COINBASE,3,90,1000,0.02482749236474,0.0203441667912431,0.056995916957171405,0.05058525928474104,0.22977441273360588,0.3356080329682422,False,False
2025-09-01,30S,BINANCE->COINBASE,6,180,1000,0.0128103905594541,0.0167321984935106,0.04687667996595138,0.041604190915418116,0.11617037274569408,0.18963544065802695,False,False
2025-09-01,30S,BITGET->BINANCE,1,30,1000,-0.0344046638943303,0.019521071447806,0.05468994520990041,0.048538653405470006,9.866854586091457e-05,0.0003280557970933754,False,False
2025-09-01,30S,BITGET->BINANCE,3,90,1000,0.0166552013258627,0.01811883174815,0.05076145119509299,0.04505201964384609,0.14899730462714028,0.23403184941633726,False,False
2025-09-01,30S,BITGET->BINANCE,6,180,1000,0.0154671871093646,0.020528899666244,0.05751346184907344,0.05104459293434317,0.11380675370117965,0.18635225661415739,False,False
2025-09-01,30S,BITGET->BYBITSPOT,1,30,1000,0.0086675548467116,0.0239335566682418,0.0670518985786153,0.05951018697851902,0.05504227115782984,0.09979809103555287,False,False
2025-09-01,30S,BITGET->BYBITSPOT,3,90,1000,0.0357093922294223,0.0221638027320324,0.06209378211123379,0.055109738306820276,0.3636175553702964,0.4865600076982511,False,False
2025-09-01,30S,BITGET->BYBITSPOT,6,180,1000,0.0137606592116432,0.020826439554341,0.05834704520136498,0.051784418386099595,0.0969318687592074,0.1625274341263867,False,False
2025-09-01,30S,BITGET->COINBASE,1,30,1000,0.0116098987923875,0.0151795519121032,0.04252680825452677,0.03774357422346948,0.11601891413266247,0.18942543393014355,False,False
2025-09-01,30S,BITGET->COINBASE,3,90,1000,-0.0031583817909091,0.0159466064059848,0.04467577678607258,0.03965083593915834,0.015462991032761076,0.0326708252573893,False,False
2025-09-01,30S,BITGET->COINBASE,6,180,1000,0.0027160657577282,0.0159222253391336,0.04460747114958044,0.03959021302936007,0.03677676402377184,0.07020441072644582,False,False
2025-09-01,30S,BYBITSPOT->BINANCE,1,30,1000,-0.0020954302975033,0.0187966077346982,0.05266029838019837,0.04673729259546531,0.01915870061225133,0.03951579986131846,False,False
2025-09-01,30S,BYBITSPOT->BINANCE,3,90,1000,-0.0049771343179434,0.0173866712786944,0.048710241246579536,0.04323152104267501,0.012344784856223158,0.026734409365375945,False,False
2025-09-01,30S,BYBITSPOT->BINANCE,6,180,1000,-0.0097528707991055,0.0175437071735008,0.049150190688182285,0.04362198684731108,0.005936738812817121,0.01387608104319902,False,False
2025-09-01,30S,BYBITSPOT->BITGET,1,30,1000,0.0345473137898523,0.0209833012240301,0.05878650653645448,0.05217445098436142,0.37693346910489106,0.5006246448028723,False,False
2025-09-01,30S,BYBITSPOT->BITGET,3,90,1000,0.1151957848667468,0.0326794942284202,0.0915543879657501,0.08125674085361861,0.9412148041233082,0.9699571175000655,True,True
2025-09-01,30S,BYBITSPOT->BITGET,6,180,1000,0.0298265306751527,0.0207343787557254,0.058089129028795844,0.05155551152470211,0.3010239243800289,0.41825973475410017,False,False
2025-09-01,30S,BYBITSPOT->COINBASE,1,30,1000,0.0020980301024429,0.016383183421177,0.04589888449840293,0.04073637371211652,0.03348286174438407,0.06465939547468628,False,False
2025-09-01,30S,BYBITSPOT->COINBASE,3,90,1000,0.007868352444443,0.0156510757893076,0.04384782257888993,0.03891600649027521,0.07252666921994746,0.1267024745231335,False,False
2025-09-01,30S,BYBITSPOT->COINBASE,6,180,1000,-0.0015213783847029,0.0152231805419217,0.0426490375789128,0.037852055714712306,0.019703942890808297,0.040510549580607805,False,False
2025-09-01,30S,COINBASE->BINANCE,1,30,1000,0.0231209291845997,0.0248456856122066,0.06960730554504006,0.061778172667244155,0.15164992964381996,0.23752938495262332,False,False
2025-09-01,30S,COINBASE->BINANCE,3,90,1000,0.0146498748727314,0.0234733665124927,0.06576263664074751,0.058365935725188084,0.09079788979523123,0.15368707221801953,False,False
2025-09-01,30S,COINBASE->BINANCE,6,180,1000,0.0126732663006099,0.0244669938715765,0.06854636836226931,0.0608365651742792,0.07465259731728544,0.12989668577544705,False,False
2025-09-01,30S,COINBASE->BITGET,1,30,1000,-0.0047539499934665,0.0203902150564836,0.05712492509638893,0.0506997571386323,0.014149634450837317,0.03019043055771189,False,False
2025-09-01,30S,COINBASE->BITGET,3,90,1000,0.0249797476740316,0.021359043482393,0.059839180493304375,0.05310872466381744,0.2146331566808507,0.31727324834711573,False,False
2025-09-01,30S,COINBASE->BITGET,6,180,1000,-0.0130836807494314,0.0266174292987711,0.07457099646760415,0.06618356880317958,0.007112919525538489,0.016323442753815632,False,False
2025-09-01,30S,COINBASE->BYBITSPOT,1,30,1000,-0.0030887316006163,0.0180343370492109,0.050524732095536304,0.044841925699086446,0.01653495652282939,0.034675744633568345,False,False
2025-09-01,30S,COINBASE->BYBITSPOT,3,90,1000,-0.0145250923058295,0.0199377238037331,0.055857232291357715,0.049574649014060994,0.003588830638345947,0.00881313790034051,False,False
2025-09-01,30S,COINBASE->BYBITSPOT,6,180,1000,-0.0285313540343081,0.0205408596182826,0.05754696867391412,0.051074331054420226,0.0004055645668566027,0.0012072382540112858,False,False
2025-09-02,1S,BINANCE->BITGET,1,1,1000,0.1006516995437239,0.0115516067806741,0.0323628108021901,0.02872277985880919,0.9999999999927719,0.9999999999992162,True,True
2025-09-02,1S,BINANCE->BITGET,3,3,1000,0.1177945634912423,0.0125941725930981,0.03528364777118711,0.03131509354184365,0.9999999999999283,0.9999999999999937,True,True
2025-09-02,1S,BINANCE->BITGET,6,6,1000,0.0282967165995439,0.0131313945690339,0.03678872091781429,0.03265088247952925,0.5772747378842634,0.694987163729562,False,False
2025-09-02,1S,BINANCE->BYBITSPOT,1,1,1000,0.0170708669356346,0.010470441627334,0.029333834490253625,0.026034489884954035,0.37085962809874107,0.4942286625115367,False,False
2025-09-02,1S,BINANCE->BYBITSPOT,3,3,1000,-0.0191232648750963,0.0104064793549992,0.029154638733563536,0.025875449302771542,7.305351692951397e-05,0.00024839224517516587,False,False
2025-09-02,1S,BINANCE->BYBITSPOT,6,6,1000,-0.0003487734478559,0.0103266443722312,0.028930974225952404,0.025676941625128513,0.023090340785495045,0.04661230656197887,False,False
2025-09-02,1S,BINANCE->COINBASE,1,1,1000,0.0506260930500723,0.0112892407312721,0.03162776995645075,0.028070413272716012,0.9942067031379903,0.9977415036105541,True,True
2025-09-02,1S,BINANCE->COINBASE,3,3,1000,-0.0068283471566202,0.0121462452627314,0.03402874118364296,0.030201333495545046,0.005832137274094935,0.013655938481619568,False,False
2025-09-02,1S,BINANCE->COINBASE,6,6,1000,0.0172528937717019,0.0119689708155416,0.033532091712846865,0.02976054503919425,0.3020562863312424,0.4194169911479178,False,False
2025-09-02,1S,BITGET->BINANCE,1,1,1000,-0.0034016146624404,0.0146719643670926,0.041104758491526824,0.036481470553285336,0.014196668077984052,0.030279737790980962,False,False
2025-09-02,1S,BITGET->BINANCE,3,3,1000,0.0100731466369402,0.012212939127291,0.03421558972873196,0.03036716611312371,0.12815184099238347,0.20609077162051503,False,False
2025-09-02,1S,BITGET->BINANCE,6,6,1000,0.003867488400187,0.0145382601140183,0.04073017463251503,0.036149018289270904,0.045138097516731306,0.08397324493569358,False,False
2025-09-02,1S,BITGET->BYBITSPOT,1,1,1000,-0.0158795578741072,0.0109569597736209,0.03069685653723473,0.02724420502488534,0.0003257317280288555,0.0009869867621019352,False,False
2025-09-02,1S,BITGET->BYBITSPOT,3,3,1000,0.005525383353747,0.0096509254922735,0.027037890200263058,0.023996783617331992,0.08265377068377172,0.1417859296548739,False,False
2025-09-02,1S,BITGET->BYBITSPOT,6,6,1000,0.0091241103241604,0.0104936722802649,0.02939891714411195,0.026092252319460288,0.13775151573782785,0.21906148799476222,False,False
2025-09-02,1S,BITGET->COINBASE,1,1,1000,0.0033902272290391,0.0124354119224893,0.034838866223191794,0.030920339125534872,0.04576927258442905,0.08499642664359658,False,False
2025-09-02,1S,BITGET->COINBASE,3,3,1000,0.0044238633351536,0.0113490230261711,0.03179525515014466,0.028219060446086835,0.05818862808969345,0.10472987298931719,False,False
2025-09-02,1S,BITGET->COINBASE,6,6,1000,0.0112436881510927,0.011847829882132,0.033192705064498125,0.029459331153690822,0.15601880519960543,0.2432628301167089,False,False
2025-09-02,1S,BYBITSPOT->BINANCE,1,1,1000,-0.0111271898901593,0.0110967282812029,0.03108842992203417,0.02759173590528099,0.0015247231388029379,0.004053284290172594,False,False
2025-09-02,1S,BYBITSPOT->BINANCE,3,3,1000,-0.0070866865584677,0.0108422838178412,0.030375582074649347,0.02695906614373251,0.00447995981378932,0.010767546818800286,False,False
2025-09-02,1S,BYBITSPOT->BINANCE,6,6,1000,-0.0146789326117652,0.0105246031248879,0.0294855725411915,0.026169161087030164,0.0003972705487558432,0.0011845447067505483,False,False
2025-09-02,1S,BYBITSPOT->BITGET,1,1,1000,0.0103505467070613,0.0106297428677541,0.02978013049064164,0.026430588414508967,0.16201024192395408,0.2510723020885588,False,False
2025-09-02,1S,BYBITSPOT->BITGET,3,3,1000,-0.0075951568188017,0.0105437867999349,0.029539317241632255,0.026216860812766998,0.0036777191226413336,0.009010218426374174,False,False
2025-09-02,1S,BYBITSPOT->BITGET,6,6,1000,-0.0206300462705946,0.0101690153448034,0.028489363072765155,0.025285001011140375,3.322096151138403e-05,0.0001195926328384803,False,False
2025-09-02,1S,BYBITSPOT->COINBASE,1,1,1000,-0.0067111300057407,0.0101891943855545,0.028545896375049135,0.025335175688677485,0.004414367766685654,0.01062521444005569,False,False
2025-09-02,1S,BYBITSPOT->COINBASE,3,3,1000,-0.0007343229996105,0.0102393565551257,0.02868642996782829,0.025459902662265638,0.021093045074749416,0.04302894207341033,False,False
2025-09-02,1S,BYBITSPOT->COINBASE,6,6,1000,0.0004092095974129,0.0104194917355107,0.029191094026457018,0.025907804259788964,0.027385368087718534,0.05418309412848974,False,False
2025-09-02,1S,COINBASE->BINANCE,1,1,1000,0.040280921102892,0.0112501616853103,0.03151828667894622,0.027973244207358722,0.9474387101403507,0.9735429461567382,True,True
2025-09-02,1S,COINBASE->BINANCE,3,3,1000,0.0018737716574273,0.0122146775973476,0.034220460200744665,0.03037148877521522,0.035415400864040984,0.0679216496098362,False,False
2025-09-02,1S,COINBASE->BINANCE,6,6,1000,-0.0209903856490847,0.0147626225868087,0.04135874521978389,0.03670688993750932,0.00036003105722258965,0.0010821297173118057,False,False
2025-09-02,1S,COINBASE->BITGET,1,1,1000,0.046234485035757,0.0127096125796663,0.03560706273113574,0.03160213216634475,0.9533062656599373,0.9768639980692732,True,True
2025-09-02,1S,COINBASE->BITGET,3,3,1000,0.0309138876431756,0.0110265599834604,0.030891847456298634,0.027417264196938476,0.8005591246729622,0.8767169560949972,True,True
2025-09-02,1S,COINBASE->BITGET,6,6,1000,0.0026424509004008,0.0124988189386505,0.03501650638239366,0.031077999077200557,0.040184596242494784,0.07586641273614125,False,False
2025-09-02,1S,COINBASE->BYBITSPOT,1,1,1000,-0.0040978863716068,0.0112729347053881,0.03158208723536797,0.02802986874928039,0.01007670454989097,0.022302041128894966,False,False
2025-09-02,1S,COINBASE->BYBITSPOT,3,3,1000,-0.0054207535551202,0.0115519446202237,0.032363757288478345,0.02872361988835616,0.0075657929128902564,0.017253195651852783,False,False
2025-09-02,1S,COINBASE->BYBITSPOT,6,6,1000,-0.0074407518919395,0.0108854914012377,0.030496631801603363,0.027066500713631914,0.0041025474795745405,0.009945403384108941,False,False
2025-09-02,2S,BINANCE->BITGET,1,2,1000,0.1006516995437239,0.0115516067806741,0.0323628108021901,0.02872277985880919,0.9999999999927719,0.9999999999992162,True,True
2025-09-02,2S,BINANCE->BITGET,3,6,1000,0.1177945634912423,0.0125941725930981,0.03528364777118711,0.03131509354184365,0.9999999999999283,0.9999999999999937,True,True
2025-09-02,2S,BINANCE->BITGET,6,12,1000,0.0282967165995439,0.0131313945690339,0.03678872091781429,0.03265088247952925,0.5772747378842634,0.694987163729562,False,False
2025-09-02,2S,BINANCE->BYBITSPOT,1,2,1000,0.0170708669356346,0.010470441627334,0.029333834490253625,0.026034489884954035,0.37085962809874107,0.4942286625115367,False,False
2025-09-02,2S,BINANCE->BYBITSPOT,3,6,1000,-0.0191232648750963,0.0104064793549992,0.029154638733563536,0.025875449302771542,7.305351692951397e-05,0.00024839224517516587,False,False
2025-09-02,2S,BINANCE->BYBITSPOT,6,12,1000,-0.0003487734478559,0.0103266443722312,0.028930974225952404,0.025676941625128513,0.023090340785495045,0.04661230656197887,False,False
2025-09-02,2S,BINANCE->COINBASE,1,2,1000,0.0506260930500723,0.0112892407312721,0.03162776995645075,0.028070413272716012,0.9942067031379903,0.9977415036105541,True,True
2025-09-02,2S,BINANCE->COINBASE,3,6,1000,-0.0068283471566202,0.0121462452627314,0.03402874118364296,0.030201333495545046,0.005832137274094935,0.013655938481619568,False,False
2025-09-02,2S,BINANCE->COINBASE,6,12,1000,0.0172528937717019,0.0119689708155416,0.033532091712846865,0.02976054503919425,0.3020562863312424,0.4194169911479178,False,False
2025-09-02,2S,BITGET->BINANCE,1,2,1000,-0.0034016146624404,0.0146719643670926,0.041104758491526824,0.036481470553285336,0.014196668077984052,0.030279737790980962,False,False
2025-09-02,2S,BITGET->BINANCE,3,6,1000,0.0100731466369402,0.012212939127291,0.03421558972873196,0.03036716611312371,0.12815184099238347,0.20609077162051503,False,False
2025-09-02,2S,BITGET->BINANCE,6,12,1000,0.003867488400187,0.0145382601140183,0.04073017463251503,0.036149018289270904,0.045138097516731306,0.08397324493569358,False,False
2025-09-02,2S,BITGET->BYBITSPOT,1,2,1000,-0.0158795578741072,0.0109569597736209,0.03069685653723473,0.02724420502488534,0.0003257317280288555,0.0009869867621019352,False,False
2025-09-02,2S,BITGET->BYBITSPOT,3,6,1000,0.005525383353747,0.0096509254922735,0.027037890200263058,0.023996783617331992,0.08265377068377172,0.1417859296548739,False,False
2025-09-02,2S,BITGET->BYBITSPOT,6,12,1000,0.0091241103241604,0.0104936722802649,0.02939891714411195,0.026092252319460288,0.13775151573782785,0.21906148799476222,False,False
2025-09-02,2S,BITGET->COINBASE,1,2,1000,0.0033902272290391,0.0124354119224893,0.034838866223191794,0.030920339125534872,0.04576927258442905,0.08499642664359658,False,False
2025-09-02,2S,BITGET->COINBASE,3,6,1000,0.0044238633351536,0.0113490230261711,0.03179525515014466,0.028219060446086835,0.05818862808969345,0.10472987298931719,False,False
2025-09-02,2S,BITGET->COINBASE,6,12,1000,0.0112436881510927,0.011847829882132,0.033192705064498125,0.029459331153690822,0.15601880519960543,0.2432628301167089,False,False
2025-09-02,2S,BYBITSPOT->BINANCE,1,2,1000,-0.0111271898901593,0.0110967282812029,0.03108842992203417,0.02759173590528099,0.0015247231388029379,0.004053284290172594,False,False
2025-09-02,2S,BYBITSPOT->BINANCE,3,6,1000,-0.0070866865584677,0.0108422838178412,0.030375582074649347,0.02695906614373251,0.00447995981378932,0.010767546818800286,False,False
2025-09-02,2S,BYBITSPOT->BINANCE,6,12,1000,-0.0146789326117652,0.0105246031248879,0.0294855725411915,0.026169161087030164,0.0003972705487558432,0.0011845447067505483,False,False
2025-09-02,2S,BYBITSPOT->BITGET,1,2,1000,0.0103505467070613,0.0106297428677541,0.02978013049064164,0.026430588414508967,0.16201024192395408,0.2510723020885588,False,False
2025-09-02,2S,BYBITSPOT->BITGET,3,6,1000,-0.0075951568188017,0.0105437867999349,0.029539317241632255,0.026216860812766998,0.0036777191226413336,0.009010218426374174,False,False
2025-09-02,2S,BYBITSPOT->BITGET,6,12,1000,-0.0206300462705946,0.0101690153448034,0.028489363072765155,0.025285001011140375,3.322096151138403e-05,0.0001195926328384803,False,False
2025-09-02,2S,BYBITSPOT->COINBASE,1,2,1000,-0.0067111300057407,0.0101891943855545,0.028545896375049135,0.025335175688677485,0.004414367766685654,0.01062521444005569,False,False
2025-09-02,2S,BYBITSPOT->COINBASE,3,6,1000,-0.0007343229996105,0.0102393565551257,0.02868642996782829,0.025459902662265638,0.021093045074749416,0.04302894207341033,False,False
2025-09-02,2S,BYBITSPOT->COINBASE,6,12,1000,0.0004092095974129,0.0104194917355107,0.029191094026457018,0.025907804259788964,0.027385368087718534,0.05418309412848974,False,False
2025-09-02,2S,COINBASE->BINANCE,1,2,1000,0.040280921102892,0.0112501616853103,0.03151828667894622,0.027973244207358722,0.9474387101403507,0.9735429461567382,True,True
2025-09-02,2S,COINBASE->BINANCE,3,6,1000,0.0018737716574273,0.0122146775973476,0.034220460200744665,0.03037148877521522,0.035415400864040984,0.0679216496098362,False,False
2025-09-02,2S,COINBASE->BINANCE,6,12,1000,-0.0209903856490847,0.0147626225868087,0.04135874521978389,0.03670688993750932,0.00036003105722258965,0.0010821297173118057,False,False
2025-09-02,2S,COINBASE->BITGET,1,2,1000,0.046234485035757,0.0127096125796663,0.03560706273113574,0.03160213216634475,0.9533062656599373,0.9768639980692732,True,True
2025-09-02,2S,COINBASE->BITGET,3,6,1000,0.0309138876431756,0.0110265599834604,0.030891847456298634,0.027417264196938476,0.8005591246729622,0.8767169560949972,True,True
2025-09-02,2S,COINBASE->BITGET,6,12,1000,0.0026424509004008,0.0124988189386505,0.03501650638239366,0.031077999077200557,0.040184596242494784,0.07586641273614125,False,False
2025-09-02,2S,COINBASE->BYBITSPOT,1,2,1000,-0.0040978863716068,0.0112729347053881,0.03158208723536797,0.02802986874928039,0.01007670454989097,0.022302041128894966,False,False
2025-09-02,2S,COINBASE->BYBITSPOT,3,6,1000,-0.0054207535551202,0.0115519446202237,0.032363757288478345,0.02872361988835616,0.0075657929128902564,0.017253195651852783,False,False
2025-09-02,2S,COINBASE->BYBITSPOT,6,12,1000,-0.0074407518919395,0.0108854914012377,0.030496631801603363,0.027066500713631914,0.0041025474795745405,0.009945403384108941,False,False
2025-09-02,5S,BINANCE->BITGET,1,5,1000,0.1006516995437239,0.0115516067806741,0.0323628108021901,0.02872277985880919,0.9999999999927719,0.9999999999992162,True,True
2025-09-02,5S,BINANCE->BITGET,3,15,1000,0.1177945634912423,0.0125941725930981,0.03528364777118711,0.03131509354184365,0.9999999999999283,0.9999999999999937,True,True
2025-09-02,5S,BINANCE->BITGET,6,30,1000,0.0282967165995439,0.0131313945690339,0.03678872091781429,0.03265088247952925,0.5772747378842634,0.694987163729562,False,False
2025-09-02,5S,BINANCE->BYBITSPOT,1,5,1000,0.0170708669356346,0.010470441627334,0.029333834490253625,0.026034489884954035,0.37085962809874107,0.4942286625115367,False,False
2025-09-02,5S,BINANCE->BYBITSPOT,3,15,1000,-0.0191232648750963,0.0104064793549992,0.029154638733563536,0.025875449302771542,7.305351692951397e-05,0.00024839224517516587,False,False
2025-09-02,5S,BINANCE->BYBITSPOT,6,30,1000,-0.0003487734478559,0.0103266443722312,0.028930974225952404,0.025676941625128513,0.023090340785495045,0.04661230656197887,False,False
2025-09-02,5S,BINANCE->COINBASE,1,5,1000,0.0506260930500723,0.0112892407312721,0.03162776995645075,0.028070413272716012,0.9942067031379903,0.9977415036105541,True,True
2025-09-02,5S,BINANCE->COINBASE,3,15,1000,-0.0068283471566202,0.0121462452627314,0.03402874118364296,0.030201333495545046,0.005832137274094935,0.013655938481619568,False,False
2025-09-02,5S,BINANCE->COINBASE,6,30,1000,0.0172528937717019,0.0119689708155416,0.033532091712846865,0.02976054503919425,0.3020562863312424,0.4194169911479178,False,False
2025-09-02,5S,BITGET->BINANCE,1,5,1000,-0.0034016146624404,0.0146719643670926,0.041104758491526824,0.036481470553285336,0.014196668077984052,0.030279737790980962,False,False
2025-09-02,5S,BITGET->BINANCE,3,15,1000,0.0100731466369402,0.012212939127291,0.03421558972873196,0.03036716611312371,0.12815184099238347,0.20609077162051503,False,False
2025-09-02,5S,BITGET->BINANCE,6,30,1000,0.003867488400187,0.0145382601140183,0.04073017463251503,0.036149018289270904,0.045138097516731306,0.08397324493569358,False,False
2025-09-02,5S,BITGET->BYBITSPOT,1,5,1000,-0.0158795578741072,0.0109569597736209,0.03069685653723473,0.02724420502488534,0.0003257317280288555,0.0009869867621019352,False,False
2025-09-02,5S,BITGET->BYBITSPOT,3,15,1000,0.005525383353747,0.0096509254922735,0.027037890200263058,0.023996783617331992,0.08265377068377172,0.1417859296548739,False,False
2025-09-02,5S,BITGET->BYBITSPOT,6,30,1000,0.0091241103241604,0.0104936722802649,0.02939891714411195,0.026092252319460288,0.13775151573782785,0.21906148799476222,False,False
2025-09-02,5S,BITGET->COINBASE,1,5,1000,0.0033902272290391,0.0124354119224893,0.034838866223191794,0.030920339125534872,0.04576927258442905,0.08499642664359658,False,False
2025-09-02,5S,BITGET->COINBASE,3,15,1000,0.0044238633351536,0.0113490230261711,0.03179525515014466,0.028219060446086835,0.05818862808969345,0.10472987298931719,False,False
2025-09-02,5S,BITGET->COINBASE,6,30,1000,0.0112436881510927,0.011847829882132,0.033192705064498125,0.029459331153690822,0.15601880519960543,0.2432628301167089,False,False
2025-09-02,5S,BYBITSPOT->BINANCE,1,5,1000,-0.0111271898901593,0.0110967282812029,0.03108842992203417,0.02759173590528099,0.0015247231388029379,0.004053284290172594,False,False
2025-09-02,5S,BYBITSPOT->BINANCE,3,15,1000,-0.0070866865584677,0.0108422838178412,0.030375582074649347,0.02695906614373251,0.00447995981378932,0.010767546818800286,False,False
2025-09-02,5S,BYBITSPOT->BINANCE,6,30,1000,-0.0146789326117652,0.0105246031248879,0.0294855725411915,0.026169161087030164,0.0003972705487558432,0.0011845447067505483,False,False
2025-09-02,5S,BYBITSPOT->BITGET,1,5,1000,0.0103505467070613,0.0106297428677541,0.02978013049064164,0.026430588414508967,0.16201024192395408,0.2510723020885588,False,False
2025-09-02,5S,BYBITSPOT->BITGET,3,15,1000,-0.0075951568188017,0.0105437867999349,0.029539317241632255,0.026216860812766998,0.0036777191226413336,0.009010218426374174,False,False
2025-09-02,5S,BYBITSPOT->BITGET,6,30,1000,-0.0206300462705946,0.0101690153448034,0.028489363072765155,0.025285001011140375,3.322096151138403e-05,0.0001195926328384803,False,False
2025-09-02,5S,BYBITSPOT->COINBASE,1,5,1000,-0.0067111300057407,0.0101891943855545,0.028545896375049135,0.025335175688677485,0.004414367766685654,0.01062521444005569,False,False
2025-09-02,5S,BYBITSPOT->COINBASE,3,15,1000,-0.0007343229996105,0.0102393565551257,0.02868642996782829,0.025459902662265638,0.021093045074749416,0.04302894207341033,False,False
2025-09-02,5S,BYBITSPOT->COINBASE,6,30,1000,0.0004092095974129,0.0104194917355107,0.029191094026457018,0.025907804259788964,0.027385368087718534,0.05418309412848974,False,False
2025-09-02,5S,COINBASE->BINANCE,1,5,1000,0.040280921102892,0.0112501616853103,0.03151828667894622,0.027973244207358722,0.9474387101403507,0.9735429461567382,True,True
2025-09-02,5S,COINBASE->BINANCE,3,15,1000,0.0018737716574273,0.0122146775973476,0.034220460200744665,0.03037148877521522,0.035415400864040984,0.0679216496098362,False,False
2025-09-02,5S,COINBASE->BINANCE,6,30,1000,-0.0209903856490847,0.0147626225868087,0.04135874521978389,0.03670688993750932,0.00036003105722258965,0.0010821297173118057,False,False
2025-09-02,5S,COINBASE->BITGET,1,5,1000,0.046234485035757,0.0127096125796663,0.03560706273113574,0.03160213216634475,0.9533062656599373,0.9768639980692732,True,True
2025-09-02,5S,COINBASE->BITGET,3,15,1000,0.0309138876431756,0.0110265599834604,0.030891847456298634,0.027417264196938476,0.8005591246729622,0.8767169560949972,True,True
2025-09-02,5S,COINBASE->BITGET,6,30,1000,0.0026424509004008,0.0124988189386505,0.03501650638239366,0.031077999077200557,0.040184596242494784,0.07586641273614125,False,False
2025-09-02,5S,COINBASE->BYBITSPOT,1,5,1000,-0.0040978863716068,0.0112729347053881,0.03158208723536797,0.02802986874928039,0.01007670454989097,0.022302041128894966,False,False
2025-09-02,5S,COINBASE->BYBITSPOT,3,15,1000,-0.0054207535551202,0.0115519446202237,0.032363757288478345,0.02872361988835616,0.0075657929128902564,0.017253195651852783,False,False
2025-09-02,5S,COINBASE->BYBITSPOT,6,30,1000,-0.0074407518919395,0.0108854914012377,0.030496631801603363,0.027066500713631914,0.0041025474795745405,0.009945403384108941,False,False
2025-09-02,10S,BINANCE->BITGET,1,10,1000,0.7778391800170539,0.0164419411842699,0.046063499378933385,0.04088247341290766,1.0,1.0,True,True
2025-09-02,10S,BINANCE->BITGET,3,30,1000,0.0287658176531575,0.0167681445286144,0.04697738584654795,0.04169356982803924,0.4034372634553057,0.5281619584409452,False,False
2025-09-02,10S,BINANCE->BITGET,6,60,1000,-0.0123315875538385,0.0151565550334015,0.042462380539093354,0.03768639306270718,0.002772176267462126,0.006976564986360763,False,False
2025-09-02,10S,BINANCE->BYBITSPOT,1,10,1000,0.0048833049099848,0.0127250474738661,0.035650304902569034,0.03164051064274741,0.05748886339236742,0.10363671873226832,False,False
2025-09-02,10S,BINANCE->BYBITSPOT,3,30,1000,-0.0075123468098051,0.0132802560531887,0.037205769051368735,0.033021022817580514,0.0057743575287616585,0.013534148916435954,False,False
2025-09-02,10S,BINANCE->BYBITSPOT,6,60,1000,-0.0089144693527956,0.0133536256045543,0.037411320101934174,0.03320345436257902,0.004300322446833862,0.010377196417024486,False,False
2025-09-02,10S,BINANCE->COINBASE,1,10,1000,-0.0196747846984629,0.0135082716855694,0.03784457427654518,0.03358797795530169,0.0003172013958946159,0.0009631935588113652,False,False
2025-09-02,10S,BINANCE->COINBASE,3,30,1000,0.0326354713215529,0.0144278333094207,0.040420804529070944,0.03587444481571093,0.6186800975650822,0.7314243340646494,False,False
2025-09-02,10S,BINANCE->COINBASE,6,60,1000,0.0173411653354502,0.0152582934226571,0.04274740930654646,0.037939363009941475,0.20512423456417606,0.3056053230562058,False,False
2025-09-02,10S,BITGET->BINANCE,1,10,1000,-0.006851485324179,0.0167272384035493,0.04686278385123529,0.0415918577764234,0.008904524454119912,0.019965879138940875,False,False
2025-09-02,10S,BITGET->BINANCE,3,30,1000,0.0006043085139889,0.0161182808227288,0.04515673729435074,0.04007770006058749,0.027273205251497637,0.05398754445522989,False,False
2025-09-02,10S,BITGET->BINANCE,6,60,1000,0.0082774204017091,0.0185661586797152,0.05201467571422989,0.04616428681361848,0.06499640759247885,0.1152601110534866,False,False
2025-09-02,10S,BITGET->BYBITSPOT,1,10,1000,-0.0007999216631467,0.0142967071031246,0.04005344328780455,0.03554840280019974,0.021904409061567914,0.044489796692626836,False,False
2025-09-02,10S,BITGET->BYBITSPOT,3,30,1000,0.0030492054396853,0.0157294672013908,0.04406744280020923,0.0391109247657011,0.03868862099784527,0.07338985197026823,False,False
2025-09-02,10S,BITGET->BYBITSPOT,6,60,1000,0.0147778212174856,0.0134714766556263,0.03774148986455657,0.03349648803835593,0.19407070287260886,0.2918863002503437,False,False
2025-09-02,10S,BITGET->COINBASE,1,10,1000,0.0174095874919118,0.0147682193570148,0.04137442504846247,0.03672080616592692,0.21736916443495002,0.3206081995601374,False,False
2025-09-02,10S,BITGET->COINBASE,3,30,1000,-0.0045788439197484,0.0146972747027551,0.04117566755378436,0.03654440406662158,0.011558129963475492,0.025209181089267545,False,False
2025-09-02,10S,BITGET->COINBASE,6,60,1000,-0.0059358185740391,0.0134523630772117,0.03768794154580499,0.033448962606133364,0.008170449692239484,0.018484741933563528,False,False
2025-09-02,10S,BYBITSPOT->BINANCE,1,10,1000,-0.0070274280517644,0.014230967668346,0.03986926865908173,0.03538494334827767,0.007068243263353307,0.016231363658171967,False,False
2025-09-02,10S,BYBITSPOT->BINANCE,3,30,1000,0.0021718404264277,0.0141300314851131,0.03958648734016369,0.03513396806615178,0.035438858901974526,0.06796108976891124,False,False
2025-09-02,10S,BYBITSPOT->BINANCE,6,60,1000,-0.0053102744183124,0.0130325292649432,0.036511741343289536,0.03240505638632963,0.008956125273073151,0.02006944705174831,False,False
2025-09-02,10S,BYBITSPOT->BITGET,1,10,1000,-0.0035849698139174,0.0142704822284064,0.039979972066447184,0.03548319530849254,0.013511696778969882,0.028975436027135253,False,False
2025-09-02,10S,BYBITSPOT->BITGET,3,30,1000,-0.0260043535528887,0.0134775348005642,0.03775846227386377,0.03351155146344543,5.024138295112696e-05,0.00017557444891718352,False,False
2025-09-02,10S,BYBITSPOT->BITGET,6,60,1000,0.0021906545933484,0.0138392948563563,0.03877196389867465,0.034411058747714385,0.035798542219098756,0.06856536158452187,False,False
2025-09-02,10S,BYBITSPOT->COINBASE,1,10,1000,0.001344680198966,0.014665776882082,0.04108742372498383,0.036466085527356605,0.030861827265088782,0.060191821646586395,False,False
2025-09-02,10S,BYBITSPOT->COINBASE,3,30,1000,-0.0011564017823759,0.0130901917889163,0.036673287818091656,0.03254843280258312,0.020265058146499145,0.041530533055502715,False,False
2025-09-02,10S,BYBITSPOT->COINBASE,6,60,1000,-0.0013722922976372,0.0124600093351815,0.034907777970994085,0.030981499973827972,0.019221503534906727,0.039630563624326196,False,False
2025-09-02,10S,COINBASE->BINANCE,1,10,1000,-0.0024989892279998,0.0173660222746554,0.048652391302095116,0.04318017781323717,0.017695109928464174,0.03682716472364949,False,False
2025-09-02,10S,COINBASE->BINANCE,3,30,1000,-0.0217171401524008,0.0182140271536498,0.0510281492359735,0.045288720626458764,0.0008099640420045283,0.002275667808375249,False,False
2025-09-02,10S,COINBASE->BINANCE,6,60,1000,-0.0265055577217168,0.0170191639039013,0.04768063801781169,0.042317723194194655,0.00021793208365831053,0.0006817966824855076,False,False
2025-09-02,10S,COINBASE->BITGET,1,10,1000,0.134108084002083,0.0223514768985182,0.06261956728188209,0.05557638540375708,0.9999732745400388,0.9999933500426984,True,True
2025-09-02,10S,COINBASE->BITGET,3,30,1000,0.0024630266236199,0.0171866702946093,0.04814992144595867,0.04273422362366727,0.03463507773675548,0.06660754264602328,False,False
2025-09-02,10S,COINBASE->BITGET,6,60,1000,-0.0040376387571013,0.0156700426669435,0.043900959902908425,0.03896316715469952,0.013290032491664073,0.028551621287998017,False,False
2025-09-02,10S,COINBASE->BYBITSPOT,1,10,1000,-0.0142017605490902,0.0142021303503152,0.039788478455156616,0.035313240081949145,0.0015385050690294038,0.004086627501982903,False,False
2025-09-02,10S,COINBASE->BYBITSPOT,3,30,1000,-0.0071842753029303,0.0146613366846666,0.04107498413353934,0.03645504508810745,0.007143227085883295,0.01638587018013012,False,False
2025-09-02,10S,COINBASE->BYBITSPOT,6,60,1000,-0.0242754698962086,0.0155543072766757,0.04357671734432162,0.03867539401632566,0.00021524103787250572,0.0006740353253714612,False,False
2025-09-02,15S,BINANCE->BITGET,1,15,1000,0.1216458548173086,0.0236584590215199,0.06628118907802155,0.0588261635957556,0.9992681475369559,0.9997646466782332,True,True
2025-09-02,15S,BINANCE->BITGET,3,45,1000,0.0211445342050061,0.0207526076047824,0.058140198702857145,0.051600837099618636,0.17333236009306346,0.2656679747522144,False,False
2025-09-02,15S,BINANCE->BITGET,6,90,1000,-0.001717302898709,0.0181494634593104,0.05084726854428548,0.04512818462358127,0.01995960016045384,0.04097574040611442,False,False
2025-09-02,15S,BINANCE->BYBITSPOT,1,15,1000,-0.0181151029384846,0.0166086039558927,0.046530419336321564,0.041296876204733074,0.0011416571955347216,0.003113715739033278,False,False
2025-09-02,15S,BINANCE->BYBITSPOT,3,45,1000,-0.0126687940794869,0.0145012501224988,0.04062648798735151,0.03605699387576944,0.002301355309322255,0.005892990915882741,False,False
2025-09-02,15S,BINANCE->BYBITSPOT,6,90,1000,-0.0006629501301749,0.0155769409973686,0.04364012764164575,0.038731672193828684,0.022614218544103098,0.04576195031469117,False,False
2025-09-02,15S,BINANCE->COINBASE,1,15,1000,-0.0031571126356237,0.0184776303539551,0.0517666560653961,0.04594416335717167,0.016551767710220065,0.03470705366932828,False,False
2025-09-02,15S,BINANCE->COINBASE,3,45,1000,0.0154715225630407,0.0147469703722606,0.041314894206875195,0.03666797109952393,0.18119202579794363,0.2756806955474995,False,False
2025-09-02,15S,BINANCE->COINBASE,6,90,1000,-0.0157474700987225,0.0193536661559623,0.054220945018837216,0.0481224043557819,0.002771712477562825,0.006975507366603196,False,False
2025-09-02,15S,BITGET->BINANCE,1,15,1000,0.0234934236288945,0.0232475909288452,0.06513010710298985,0.057804550412328355,0.17121128974846644,0.26294935276225573,False,False
2025-09-02,15S,BITGET->BINANCE,3,45,1000,-0.0127264909012964,0.0180525465992897,0.05057574770186556,0.04488720328757884,0.003850180031574263,0.009391172263751534,False,False
2025-09-02,15S,BITGET->BINANCE,6,90,1000,-0.0251492014992819,0.0193383665807406,0.05417808195505269,0.048084362346616435,0.0005561853718894704,0.0016130215070221895,False,False
2025-09-02,15S,BITGET->BYBITSPOT,1,15,1000,-0.0066493731773954,0.0142958908151483,0.04005115638747643,0.035546373120667725,0.0076523219284239784,0.017430107593039,False,False
2025-09-02,15S,BITGET->BYBITSPOT,3,45,1000,0.016413514027366,0.0159722928362309,0.04474773950935615,0.03971470460222188,0.17558046660931564,0.2685416914667884,False,False
2025-09-02,15S,BITGET->BYBITSPOT,6,90,1000,-0.0157402420979136,0.0154416983306145,0.04326123378560928,0.038395394702874334,0.0014445501678971911,0.003858729705705665,False,False
2025-09-02,15S,BITGET->COINBASE,1,15,1000,-0.0110721881691935,0.0173656485727792,0.04865134434444277,0.043179248612916665,0.004694498889703318,0.01123153980277546,False,False
2025-09-02,15S,BITGET->COINBASE,3,45,1000,0.0068076297542954,0.0163787401800566,0.04588643637975951,0.0407253257047714,0.06125471211174225,0.10949551937359048,False,False
2025-09-02,15S,BITGET->COINBASE,6,90,1000,0.0055994253414083,0.0149425667523574,0.0418628741340708,0.0371543165814442,0.05645657036590758,0.102020266219154,False,False
2025-09-02,15S,BYBITSPOT->BINANCE,1,15,1000,-0.0094930547444863,0.01579592800061,0.04425363839288571,0.03927617787216999,0.005219392226723734,0.012357296892605162,False,False
2025-09-02,15S,BYBITSPOT->BINANCE,3,45,1000,-0.0024306337087564,0.0155888571132529,0.043673511655764524,0.03876130131641009,0.01717728579553509,0.03586918701898675,False,False
2025-09-02,15S,BYBITSPOT->BINANCE,6,90,1000,-0.0066030308826248,0.0154294810694187,0.043227006087237306,0.03836501679004652,0.008472176730084865,0.01909532627135006,False,False
2025-09-02,15S,BYBITSPOT->BITGET,1,15,1000,0.0055905788739776,0.0166919827244578,0.04676401206183801,0.04150419541667168,0.05207723189058519,0.09511015870461187,False,False
2025-09-02,15S,BYBITSPOT->BITGET,3,45,1000,-0.0210971190279842,0.0159309049324131,0.04463178776981152,0.03961179461984912,0.000511265807427495,0.0014931607116313128,False,False
2025-09-02,15S,BYBITSPOT->BITGET,6,90,1000,0.0140649627630706,0.0149216804800577,0.041804359462334476,0.037102383390440925,0.15448675610819101,0.24125604810888196,False,False
2025-09-02,15S,BYBITSPOT->COINBASE,1,15,1000,0.0066808356390387,0.0159125235402927,0.04458029073335867,0.039566089750440306,0.06176599960667328,0.11028648456727208,False,False
2025-09-02,15S,BYBITSPOT->COINBASE,3,45,1000,-0.0225621126592401,0.0140235259370802,0.0392881029711477,0.034869144698461606,0.00017928274626365613,0.0005695033839455507,False,False
2025-09-02,15S,BYBITSPOT->COINBASE,6,90,1000,-0.0153130539043595,0.0151593816838565,0.042470299641224854,0.03769342145800303,0.0014885088419265623,0.003965529394630997,False,False
2025-09-02,15S,COINBASE->BINANCE,1,15,1000,-0.0006382898088128,0.021270083324148,0.05958995102896418,0.052887527466752966,0.023296966445713413,0.046980612919089004,False,False
2025-09-02,15S,COINBASE->BINANCE,3,45,1000,0.0211421050716171,0.0189763922549003,0.0531639800344421,0.04718432228525927,0.19882175831121934,0.2978040080245644,False,False
2025-09-02,15S,COINBASE->BINANCE,6,90,1000,-0.0248326254179142,0.0169320471547221,0.047436573021061176,0.04210110958742996,0.0003056292106264452,0.000930827719969339,False,False
2025-09-02,15S,COINBASE->BITGET,1,15,1000,0.0522854150355395,0.0174877543982057,0.048993434220003136,0.04348286167816324,0.8484635779422398,0.9106835889349678,True,True
2025-09-02,15S,COINBASE->BITGET,3,45,1000,0.0129619927291036,0.0176726634338182,0.049511472640870635,0.04394263334669753,0.1100024210823885,0.18104103984138514,False,False
2025-09-02,15S,COINBASE->BITGET,6,90,1000,-0.0074854174055554,0.0173430500882947,0.048588032764359246,0.04312305804936001,0.008388172861106321,0.018925589713301768,False,False
2025-09-02,15S,COINBASE->BYBITSPOT,1,15,1000,-0.0174912091582303,0.0177576177318682,0.04974947934650269,0.044153870073092356,0.0016149743122334493,0.0042711132782739065,False,False
2025-09-02,15S,COINBASE->BYBITSPOT,3,45,1000,0.0009476181565627,0.0188927898336739,0.05292976072693577,0.04697644696660085,0.028079077434077292,0.05539012034478644,False,False
2025-09-02,15S,COINBASE->BYBITSPOT,6,90,1000,-0.0115521024579448,0.0165172361490571,0.046274444639279544,0.041069692449975104,0.003914453620980975,0.00953268215266744,False,False
2025-09-02,30S,BINANCE->BITGET,1,30,1000,0.0213881787734622,0.0259829344819885,0.07279340516793673,0.06460591339211662,0.12781065312284,0.20562637129714745,False,False
2025-09-02,30S,BINANCE->BITGET,3,90,1000,-0.0132200866265031,0.0205299054764734,0.057516279712144354,0.05104709385619303,0.004608389838980569,0.011045589028626327,False,False
2025-09-02,30S,BINANCE->BITGET,6,180,1000,-0.012502579160991,0.0207366564900206,0.05809551029552806,0.05156117505376608,0.00519031178113687,0.012295261532942867,False,False
2025-09-02,30S,BINANCE->BYBITSPOT,1,30,1000,-0.0289549736705069,0.0205840956135411,0.05766809799912074,0.051181836269700236,0.00038046180079441945,0.0011384259796584893,False,False
2025-09-02,30S,BINANCE->BYBITSPOT,3,90,1000,-0.0045186663614738,0.0197263267536275,0.05526498544062918,0.0490490155633844,0.014297264790635561,0.03047062752957213,False,False
2025-09-02,30S,BINANCE->BYBITSPOT,6,180,1000,-0.0151985288047009,0.0201822494472947,0.05654229171980946,0.05018265587953046,0.0033335721481479513,0.008244282694347847,False,False
2025-09-02,30S,BINANCE->COINBASE,1,30,1000,0.0312747517044347,0.0214749952932917,0.060164029372731596,0.05339703592664933,0.3072604783161281,0.42523440847287014,False,False
2025-09-02,30S,BINANCE->COINBASE,3,90,1000,-0.0350155542924373,0.0201032833841803,0.056321061564655585,0.04998630874876193,0.00010706010442526472,0.000353775366679917,False,False
2025-09-02,30S,BINANCE->COINBASE,6,180,1000,0.0122170067922203,0.0216780776446919,0.060732981886474025,0.05390199508802211,0.08129719705792382,0.13978438232140145,False,False
2025-09-02,30S,BITGET->BINANCE,1,30,1000,-0.0534089203878414,0.0226820098998272,0.06354558365244789,0.05639824740208558,7.992943493122795e-06,3.17334470139244e-05,False,False
2025-09-02,30S,BITGET->BINANCE,3,90,1000,-0.0610906261727055,0.02510744823634,0.07034065584346666,0.06242903885157675,5.586476198100918e-06,2.2710323481065808e-05,False,False
2025-09-02,30S,BITGET->BINANCE,6,180,1000,0.0236682551069373,0.0190585899737907,0.05339426394864805,0.0473887048468727,0.23634908680427136,0.34347943945555626,False,False
2025-09-02,30S,BITGET->BYBITSPOT,1,30,1000,0.0026107033438248,0.0201744311347949,0.05652038805107943,0.050163215842047984,0.0335833126807622,0.06482961038778534,False,False
2025-09-02,30S,BITGET->BYBITSPOT,3,90,1000,0.0173953803997176,0.0210851588529759,0.05907186936406108,0.052427717418087785,0.12819643995461005,0.20615145888789838,False,False
2025-09-02,30S,BITGET->BYBITSPOT,6,180,1000,-0.0089473517790653,0.0199126695411097,0.05578704063954128,0.049512352219898935,0.007991717393950368,0.01812183080753027,False,False
2025-09-02,30S,BITGET->COINBASE,1,30,1000,0.0059894463388202,0.020871403397943,0.058473015240949895,0.05189621985284853,0.04716414441796854,0.08725015246064621,False,False
2025-09-02,30S,BITGET->COINBASE,3,90,1000,-0.003539724314545,0.0219383299182133,0.06146210080895187,0.054549105823527386,0.016947742483971174,0.03544335904704062,False,False
2025-09-02,30S,BITGET->COINBASE,6,180,1000,-0.0108734047013653,0.0240756737578986,0.06745005171623902,0.05986355754920155,0.007941381008699207,0.018019456363886435,False,False
2025-09-02,30S,BYBITSPOT->BINANCE,1,30,1000,-0.0146191535490882,0.0222369988826785,0.06229884736490668,0.05529173869528896,0.004430268426529907,0.01065973906556192,False,False
2025-09-02,30S,BYBITSPOT->BINANCE,3,90,1000,-0.0171618280981474,0.0247122968459872,0.06923360554933747,0.06144650485336325,0.003972136608395883,0.009659471691635214,False,False
2025-09-02,30S,BYBITSPOT->BINANCE,6,180,1000,0.0070336191362674,0.0235283391956926,0.06591664729740035,0.05850262391998021,0.04835455993664652,0.08916558034567118,False,False
2025-09-02,30S,BYBITSPOT->BITGET,1,30,1000,-0.0191781275913017,0.0204223953664951,0.05721508097723145,0.05077977267047978,0.0018715514979607733,0.004884123435414293,False,False
2025-09-02,30S,BYBITSPOT->BITGET,3,90,1000,0.0157627228641094,0.021913613107949,0.0613928545586765,0.05448764809617285,0.10736715263166141,0.17734209674804358,False,False
2025-09-02,30S,BYBITSPOT->BITGET,6,180,1000,-0.0117297596069739,0.0223605870416144,0.06264509012411529,0.05559903754554157,0.0064860021347941405,0.015025155682909483,False,False
2025-09-02,30S,BYBITSPOT->COINBASE,1,30,1000,-0.0287025106296625,0.0181892883557043,0.05095884138533551,0.045227208227287694,0.00020162035164850804,0.0006346246666333519,False,False
2025-09-02,30S,BYBITSPOT->COINBASE,3,90,1000,-0.0177191818253323,0.020396246773679,0.057141823466123405,0.050714754851804454,0.0023367928935445754,0.00597528096902825,False,False
2025-09-02,30S,BYBITSPOT->COINBASE,6,180,1000,-0.010723028319896,0.0196167068971832,0.054957876071203164,0.04877644854612136,0.006095078128240219,0.01420850277725232,False,False
2025-09-02,30S,COINBASE->BINANCE,1,30,1000,-0.0078667864905152,0.0263967850757983,0.07395284287406154,0.06563494248963778,0.011973309360972713,0.026015676572800628,False,False
2025-09-02,30S,COINBASE->BINANCE,3,90,1000,-0.0146043064568072,0.024810895104579,0.06950983697313994,0.06169166694464325,0.005407988650250797,0.012758707974518562,False,False
2025-09-02,30S,COINBASE->BINANCE,6,180,1000,-0.0232532690660934,0.0212041049488274,0.05940510698795088,0.052723473895180055,0.0011192991958216283,0.003058027617443708,False,False
2025-09-02,30S,COINBASE->BITGET,1,30,1000,-0.0584074678782475,0.0278755279128488,0.07809566694773265,0.06931179937914436,2.5039340399839967e-05,9.195555882888011e-05,False,False
2025-09-02,30S,COINBASE->BITGET,3,90,1000,-0.0046754845392735,0.0267816090027054,0.07503095989926065,0.06659179750962056,0.016399213019501053,0.03442278895093422,False,False
2025-09-02,30S,COINBASE->BITGET,6,180,1000,0.0043373734476601,0.0230524732571826,0.06458346831826728,0.05731939522689525,0.038212902452191035,0.07259940719823031,False,False
2025-09-02,30S,COINBASE->BYBITSPOT,1,30,1000,-0.0146320935306399,0.0200559451321886,0.056188439417624324,0.04986860337524339,0.0035776584508728348,0.00878833118993777,False,False
2025-09-02,30S,COINBASE->BYBITSPOT,3,90,1000,-0.0207403242438977,0.0230226775153789,0.06449999300846733,0.05724530886394968,0.002112674582988088,0.005452652644490259,False,False
2025-09-02,30S,COINBASE->BYBITSPOT,6,180,1000,0.0330546118734129,0.0207709726705045,0.05819164999951386,0.05164650137384852,0.3562207368167216,0.4786792161025442,False,False
2025-09-03,1S,BINANCE->BITGET,1,1,1000,0.005637044836979,0.0101491747541533,0.028433777967281203,0.02523566788127095,0.08007831804193022,0.13798114172425374,False,False
2025-09-03,1S,BINANCE->BITGET,3,3,1000,0.0449875955941581,0.0115266175870459,0.03229280144670876,0.02866064485706789,0.9739899411505436,0.9880295887083498,True,True
2025-09-03,1S,BINANCE->BITGET,6,6,1000,0.0132510085056448,0.0114985006325007,0.03221402940247658,0.028590732756436744,0.20967422839993394,0.3112035396848415,False,False
2025-09-03,1S,BINANCE->BYBITSPOT,1,1,1000,0.018743086888639,0.0098716328492187,0.027656220669009517,0.02454556691190902,0.4755671289434084,0.6001857392753651,False,False
2025-09-03,1S,BINANCE->BYBITSPOT,3,3,1000,0.0115495108481037,0.0101367839512668,0.028399064077073835,0.025204858461391953,0.20593775666044728,0.30660832718893016,False,False
2025-09-03,1S,BINANCE->BYBITSPOT,6,6,1000,-0.0053401431464363,0.0119393777611321,0.033449184249054395,0.029686962653358896,0.008036901286459354,0.01821366293773734,False,False
2025-09-03,1S,BINANCE->COINBASE,1,1,1000,0.0206098790690372,0.0102739844709556,0.028783443024951397,0.025546004104449037,0.5183695543984428,0.6410146704798905,False,False
2025-09-03,1S,BINANCE->COINBASE,3,3,1000,0.0196578937845459,0.0097969613708043,0.02744702215886909,0.02435989815803342,0.5185703141153117,0.6412029386767157,False,False
2025-09-03,1S,BINANCE->COINBASE,6,6,1000,-0.0117791274686738,0.0106819636202241,0.02992643137884033,0.026560434002723288,0.0010968379084562213,0.0030019763140504245,False,False
2025-09-03,1S,BITGET->BINANCE,1,1,1000,-0.0047966248392224,0.0111788257483424,0.03131843297241671,0.027795869193436087,0.008446110549583429,0.019042678396522624,False,False
2025-09-03,1S,BITGET->BINANCE,3,3,1000,-0.0145871280018012,0.0115740549045919,0.03242570113433257,0.028778596554596733,0.0006402961113573881,0.0018351888034006142,False,False
2025-09-03,1S,BITGET->BINANCE,6,6,1000,-0.0007014434156694,0.01010484251479,0.028309577420795137,0.025125436882583355,0.021209772542097168,0.04323955783251612,False,False
2025-09-03,1S,BITGET->BYBITSPOT,1,1,1000,0.0034648369411461,0.0108319175603793,0.030346540120976935,0.02693329070515577,0.05049311549460887,0.09258877277490724,False,False
2025-09-03,1S,BITGET->BYBITSPOT,3,3,1000,-0.0094679642393858,0.0116121235365044,0.032532353650772415,0.028873253250821723,0.0027574077453082295,0.006942878137854458,False,False
2025-09-03,1S,BITGET->BYBITSPOT,6,6,1000,0.0139217549481877,0.0117974265010429,0.033051495697095985,0.02933400441372734,0.21772578794203323,0.32104217064491136,False,False
2025-09-03,1S,BITGET->COINBASE,1,1,1000,0.0039887833347295,0.0120313730666416,0.0337069169371056,0.029915706667794528,0.05171664391460628,0.09453727122854294,False,False
2025-09-03,1S,BITGET->COINBASE,3,3,1000,-0.0158504580788325,0.0092175873333684,0.025823856419830243,0.02291929917910854,0.00011682175601348025,0.000383492703078715,False,False
2025-09-03,1S,BITGET->COINBASE,6,6,1000,-0.0163643795637382,0.0102324874423343,0.02866718556297035,0.02544282278599571,0.0001859780658172413,0.0005890894050424097,False,False
2025-09-03,1S,BYBITSPOT->BINANCE,1,1,1000,0.0117152465405505,0.0106635262819629,0.0298747776045064,0.02651459002464183,0.1945264591642566,0.29245536138142947,False,False
2025-09-03,1S,BYBITSPOT->BINANCE,3,3,1000,0.0046538425231689,0.0109483398814604,0.030672707174776145,0.027222771879727825,0.062405291247156214,0.11127400366679108,False,False
2025-09-03,1S,BYBITSPOT->BINANCE,6,6,1000,-0.0105186397733795,0.0112565763561339,0.03153625792590467,0.02798919412510014,0.0018993713941808364,0.004950072978780675,False,False
2025-09-03,1S,BYBITSPOT->BITGET,1,1,1000,0.0039591958427839,0.0131235553119795,0.03676675857112969,0.03263139036393829,0.04863070782403126,0.0896088870103523,False,False
2025-09-03,1S,BYBITSPOT->BITGET,3,3,1000,0.0057241130499697,0.0113313189238632,0.03174565559881889,0.02817503964077009,0.07286157167186842,0.12720668704061233,False,False
2025-09-03,1S,BYBITSPOT->BITGET,6,6,1000,-0.0028165784241886,0.0122720652830097,0.034381236692597315,0.030514181812917707,0.0142811542393729,0.030440067784856056,False,False
2025-09-03,1S,BYBITSPOT->COINBASE,1,1,1000,0.0106327717969025,0.0099780023410258,0.027954223864914474,0.024810051979214123,0.18556928346789137,0.28121620947694803,False,False
2025-09-03,1S,BYBITSPOT->COINBASE,3,3,1000,-0.0160679843172866,0.0106342041785135,0.029792629232918585,0.0264416813515572,0.0002593238537494349,0.0008002226596240973,False,False
2025-09-03,1S,BYBITSPOT->COINBASE,6,6,1000,-0.0062597084048682,0.0102685171765611,0.02876812593379269,0.025532409814382026,0.0050913001805884435,0.01208376020890947,False,False
2025-09-03,1S,COINBASE->BINANCE,1,1,1000,0.0105920552664156,0.0121750798227076,0.03410952366064307,0.030273029904040148,0.13785972540752373,0.21920666687828455,False,False
2025-09-03,1S,COINBASE->BINANCE,3,3,1000,0.0178104039774171,0.0130631656405267,0.03659757176026083,0.03248123296403558,0.27540140711931155,0.38918370968786187,False,False
2025-09-03,1S,COINBASE->BINANCE,6,6,1000,-0.009826372614294,0.0136105859860215,0.038131216508293354,0.03384237989124798,0.003659945094403256,0.008970850982283889,False,False
2025-09-03,1S,COINBASE->BITGET,1,1,1000,-0.0052839239326208,0.0123155681376499,0.03450311364710302,0.030622350567341614,0.008446961408881922,0.019044397239379025,False,False
2025-09-03,1S,COINBASE->BITGET,3,3,1000,0.0134157591813935,0.0135571839807993,0.03798160623984525,0.03370959714776138,0.16592464351905672,0.25614202537818903,False,False
2025-09-03,1S,COINBASE->BITGET,6,6,1000,0.0257417262928069,0.0134789781462194,0.037762505929716014,0.03351514030613213,0.47998325812292186,0.6044624344991152,False,False
2025-09-03,1S,COINBASE->BYBITSPOT,1,1,1000,0.0108373320016269,0.0123626461686833,0.03463500676294405,0.030739408907989145,0.13932768917730176,0.22117393804565172,False,False
2025-09-03,1S,COINBASE->BYBITSPOT,3,3,1000,0.0180400320976526,0.0121611364636804,0.03407046015210163,0.030238360092347753,0.31684224039128694,0.4358746156271699,False,False
2025-09-03,1S,COINBASE->BYBITSPOT,6,6,1000,0.005009161240552,0.0120594037396663,0.033785447256305355,0.029985404231594025,0.061222719804220366,0.10944599212908912,False,False
2025-09-03,2S,BINANCE->BITGET,1,2,1000,0.005637044836979,0.0101491747541533,0.028433777967281203,0.02523566788127095,0.08007831804193022,0.13798114172425374,False,False
2025-09-03,2S,BINANCE->BITGET,3,6,1000,0.0449875955941581,0.0115266175870459,0.03229280144670876,0.02866064485706789,0.9739899411505436,0.9880295887083498,True,True
2025-09-03,2S,BINANCE->BITGET,6,12,1000,0.0132510085056448,0.0114985006325007,0.03221402940247658,0.028590732756436744,0.20967422839993394,0.3112035396848415,False,False
2025-09-03,2S,BINANCE->BYBITSPOT,1,2,1000,0.018743086888639,0.0098716328492187,0.027656220669009517,0.02454556691190902,0.4755671289434084,0.6001857392753651,False,False
2025-09-03,2S,BINANCE->BYBITSPOT,3,6,1000,0.0115495108481037,0.0101367839512668,0.028399064077073835,0.025204858461391953,0.20593775666044728,0.30660832718893016,False,False
2025-09-03,2S,BINANCE->BYBITSPOT,6,12,1000,-0.0053401431464363,0.0119393777611321,0.033449184249054395,0.029686962653358896,0.008036901286459354,0.01821366293773734,False,False
2025-09-03,2S,BINANCE->COINBASE,1,2,1000,0.0206098790690372,0.0102739844709556,0.028783443024951397,0.025546004104449037,0.5183695543984428,0.6410146704798905,False,False
2025-09-03,2S,BINANCE->COINBASE,3,6,1000,0.0196578937845459,0.0097969613708043,0.02744702215886909,0.02435989815803342,0.5185703141153117,0.6412029386767157,False,False
2025-09-03,2S,BINANCE->COINBASE,6,12,1000,-0.0117791274686738,0.0106819636202241,0.02992643137884033,0.026560434002723288,0.0010968379084562213,0.0030019763140504245,False,False
2025-09-03,2S,BITGET->BINANCE,1,2,1000,-0.0047966248392224,0.0111788257483424,0.03131843297241671,0.027795869193436087,0.008446110549583429,0.019042678396522624,False,False
2025-09-03,2S,BITGET->BINANCE,3,6,1000,-0.0145871280018012,0.0115740549045919,0.03242570113433257,0.028778596554596733,0.0006402961113573881,0.0018351888034006142,False,False
2025-09-03,2S,BITGET->BINANCE,6,12,1000,-0.0007014434156694,0.01010484251479,0.028309577420795137,0.025125436882583355,0.021209772542097168,0.04323955783251612,False,False
2025-09-03,2S,BITGET->BYBITSPOT,1,2,1000,0.0034648369411461,0.0108319175603793,0.030346540120976935,0.02693329070515577,0.05049311549460887,0.09258877277490724,False,False
2025-09-03,2S,BITGET->BYBITSPOT,3,6,1000,-0.0094679642393858,0.0116121235365044,0.032532353650772415,0.028873253250821723,0.0027574077453082295,0.006942878137854458,False,False
2025-09-03,2S,BITGET->BYBITSPOT,6,12,1000,0.0139217549481877,0.0117974265010429,0.033051495697095985,0.02933400441372734,0.21772578794203323,0.32104217064491136,False,False
2025-09-03,2S,BITGET->COINBASE,1,2,1000,0.0039887833347295,0.0120313730666416,0.0337069169371056,0.029915706667794528,0.05171664391460628,0.09453727122854294,False,False
2025-09-03,2S,BITGET->COINBASE,3,6,1000,-0.0158504580788325,0.0092175873333684,0.025823856419830243,0.02291929917910854,0.00011682175601348025,0.000383492703078715,False,False
2025-09-03,2S,BITGET->COINBASE,6,12,1000,-0.0163643795637382,0.0102324874423343,0.02866718556297035,0.02544282278599571,0.0001859780658172413,0.0005890894050424097,False,False
2025-09-03,2S,BYBITSPOT->BINANCE,1,2,1000,0.0117152465405505,0.0106635262819629,0.0298747776045064,0.02651459002464183,0.1945264591642566,0.29245536138142947,False,False
2025-09-03,2S,BYBITSPOT->BINANCE,3,6,1000,0.0046538425231689,0.0109483398814604,0.030672707174776145,0.027222771879727825,0.062405291247156214,0.11127400366679108,False,False
2025-09-03,2S,BYBITSPOT->BINANCE,6,12,1000,-0.0105186397733795,0.0112565763561339,0.03153625792590467,0.02798919412510014,0.0018993713941808364,0.004950072978780675,False,False
2025-09-03,2S,BYBITSPOT->BITGET,1,2,1000,0.0039591958427839,0.0131235553119795,0.03676675857112969,0.03263139036393829,0.04863070782403126,0.0896088870103523,False,False
2025-09-03,2S,BYBITSPOT->BITGET,3,6,1000,0.0057241130499697,0.0113313189238632,0.03174565559881889,0.02817503964077009,0.07286157167186842,0.12720668704061233,False,False
2025-09-03,2S,BYBITSPOT->BITGET,6,12,1000,-0.0028165784241886,0.0122720652830097,0.034381236692597315,0.030514181812917707,0.0142811542393729,0.030440067784856056,False,False
2025-09-03,2S,BYBITSPOT->COINBASE,1,2,1000,0.0106327717969025,0.0099780023410258,0.027954223864914474,0.024810051979214123,0.18556928346789137,0.28121620947694803,False,False
2025-09-03,2S,BYBITSPOT->COINBASE,3,6,1000,-0.0160679843172866,0.0106342041785135,0.029792629232918585,0.0264416813515572,0.0002593238537494349,0.0008002226596240973,False,False
2025-09-03,2S,BYBITSPOT->COINBASE,6,12,1000,-0.0062597084048682,0.0102685171765611,0.02876812593379269,0.025532409814382026,0.0050913001805884435,0.01208376020890947,False,False
2025-09-03,2S,COINBASE->BINANCE,1,2,1000,0.0105920552664156,0.0121750798227076,0.03410952366064307,0.030273029904040148,0.13785972540752373,0.21920666687828455,False,False
2025-09-03,2S,COINBASE->BINANCE,3,6,1000,0.0178104039774171,0.0130631656405267,0.03659757176026083,0.03248123296403558,0.27540140711931155,0.38918370968786187,False,False
2025-09-03,2S,COINBASE->BINANCE,6,12,1000,-0.009826372614294,0.0136105859860215,0.038131216508293354,0.03384237989124798,0.003659945094403256,0.008970850982283889,False,False
2025-09-03,2S,COINBASE->BITGET,1,2,1000,-0.0052839239326208,0.0123155681376499,0.03450311364710302,0.030622350567341614,0.008446961408881922,0.019044397239379025,False,False
2025-09-03,2S,COINBASE->BITGET,3,6,1000,0.0134157591813935,0.0135571839807993,0.03798160623984525,0.03370959714776138,0.16592464351905672,0.25614202537818903,False,False
2025-09-03,2S,COINBASE->BITGET,6,12,1000,0.0257417262928069,0.0134789781462194,0.037762505929716014,0.03351514030613213,0.47998325812292186,0.6044624344991152,False,False
2025-09-03,2S,COINBASE->BYBITSPOT,1,2,1000,0.0108373320016269,0.0123626461686833,0.03463500676294405,0.030739408907989145,0.13932768917730176,0.22117393804565172,False,False
2025-09-03,2S,COINBASE->BYBITSPOT,3,6,1000,0.0180400320976526,0.0121611364636804,0.03407046015210163,0.030238360092347753,0.31684224039128694,0.4358746156271699,False,False
2025-09-03,2S,COINBASE->BYBITSPOT,6,12,1000,0.005009161240552,0.0120594037396663,0.033785447256305355,0.029985404231594025,0.061222719804220366,0.10944599212908912,False,False
2025-09-03,5S,BINANCE->BITGET,1,5,1000,0.005637044836979,0.0101491747541533,0.028433777967281203,0.02523566788127095,0.08007831804193022,0.13798114172425374,False,False
2025-09-03,5S,BINANCE->BITGET,3,15,1000,0.0449875955941581,0.0115266175870459,0.03229280144670876,0.02866064485706789,0.9739899411505436,0.9880295887083498,True,True
2025-09-03,5S,BINANCE->BITGET,6,30,1000,0.0132510085056448,0.0114985006325007,0.03221402940247658,0.028590732756436744,0.20967422839993394,0.3112035396848415,False,False
2025-09-03,5S,BINANCE->BYBITSPOT,1,5,1000,0.018743086888639,0.0098716328492187,0.027656220669009517,0.02454556691190902,0.4755671289434084,0.6001857392753651,False,False
2025-09-03,5S,BINANCE->BYBITSPOT,3,15,1000,0.0115495108481037,0.0101367839512668,0.028399064077073835,0.025204858461391953,0.20593775666044728,0.30660832718893016,False,False
2025-09-03,5S,BINANCE->BYBITSPOT,6,30,1000,-0.0053401431464363,0.0119393777611321,0.033449184249054395,0.029686962653358896,0.008036901286459354,0.01821366293773734,False,False
2025-09-03,5S,BINANCE->COINBASE,1,5,1000,0.0206098790690372,0.0102739844709556,0.028783443024951397,0.025546004104449037,0.5183695543984428,0.6410146704798905,False,False
2025-09-03,5S,BINANCE->COINBASE,3,15,1000,0.0196578937845459,0.0097969613708043,0.02744702215886909,0.02435989815803342,0.5185703141153117,0.6412029386767157,False,False
2025-09-03,5S,BINANCE->COINBASE,6,30,1000,-0.0117791274686738,0.0106819636202241,0.02992643137884033,0.026560434002723288,0.0010968379084562213,0.0030019763140504245,False,False
2025-09-03,5S,BITGET->BINANCE,1,5,1000,-0.0047966248392224,0.0111788257483424,0.03131843297241671,0.027795869193436087,0.008446110549583429,0.019042678396522624,False,False
2025-09-03,5S,BITGET->BINANCE,3,15,1000,-0.0145871280018012,0.0115740549045919,0.03242570113433257,0.028778596554596733,0.0006402961113573881,0.0018351888034006142,False,False
2025-09-03,5S,BITGET->BINANCE,6,30,1000,-0.0007014434156694,0.01010484251479,0.028309577420795137,0.025125436882583355,0.021209772542097168,0.04323955783251612,False,False
2025-09-03,5S,BITGET->BYBITSPOT,1,5,1000,0.0034648369411461,0.0108319175603793,0.030346540120976935,0.02693329070515577,0.05049311549460887,0.09258877277490724,False,False
2025-09-03,5S,BITGET->BYBITSPOT,3,15,1000,-0.0094679642393858,0.0116121235365044,0.032532353650772415,0.028873253250821723,0.0027574077453082295,0.006942878137854458,False,False
2025-09-03,5S,BITGET->BYBITSPOT,6,30,1000,0.0139217549481877,0.0117974265010429,0.033051495697095985,0.02933400441372734,0.21772578794203323,0.32104217064491136,False,False
2025-09-03,5S,BITGET->COINBASE,1,5,1000,0.0039887833347295,0.0120313730666416,0.0337069169371056,0.029915706667794528,0.05171664391460628,0.09453727122854294,False,False
2025-09-03,5S,BITGET->COINBASE,3,15,1000,-0.0158504580788325,0.0092175873333684,0.025823856419830243,0.02291929917910854,0.00011682175601348025,0.000383492703078715,False,False
2025-09-03,5S,BITGET->COINBASE,6,30,1000,-0.0163643795637382,0.0102324874423343,0.02866718556297035,0.02544282278599571,0.0001859780658172413,0.0005890894050424097,False,False
2025-09-03,5S,BYBITSPOT->BINANCE,1,5,1000,0.0117152465405505,0.0106635262819629,0.0298747776045064,0.02651459002464183,0.1945264591642566,0.29245536138142947,False,False
2025-09-03,5S,BYBITSPOT->BINANCE,3,15,1000,0.0046538425231689,0.0109483398814604,0.030672707174776145,0.027222771879727825,0.062405291247156214,0.11127400366679108,False,False
2025-09-03,5S,BYBITSPOT->BINANCE,6,30,1000,-0.0105186397733795,0.0112565763561339,0.03153625792590467,0.02798919412510014,0.0018993713941808364,0.004950072978780675,False,False
2025-09-03,5S,BYBITSPOT->BITGET,1,5,1000,0.0039591958427839,0.0131235553119795,0.03676675857112969,0.03263139036393829,0.04863070782403126,0.0896088870103523,False,False
2025-09-03,5S,BYBITSPOT->BITGET,3,15,1000,0.0057241130499697,0.0113313189238632,0.03174565559881889,0.02817503964077009,0.07286157167186842,0.12720668704061233,False,False
2025-09-03,5S,BYBITSPOT->BITGET,6,30,1000,-0.0028165784241886,0.0122720652830097,0.034381236692597315,0.030514181812917707,0.0142811542393729,0.030440067784856056,False,False
2025-09-03,5S,BYBITSPOT->COINBASE,1,5,1000,0.0106327717969025,0.0099780023410258,0.027954223864914474,0.024810051979214123,0.18556928346789137,0.28121620947694803,False,False
2025-09-03,5S,BYBITSPOT->COINBASE,3,15,1000,-0.0160679843172866,0.0106342041785135,0.029792629232918585,0.0264416813515572,0.0002593238537494349,0.0008002226596240973,False,False
2025-09-03,5S,BYBITSPOT->COINBASE,6,30,1000,-0.0062597084048682,0.0102685171765611,0.02876812593379269,0.025532409814382026,0.0050913001805884435,0.01208376020890947,False,False
2025-09-03,5S,COINBASE->BINANCE,1,5,1000,0.0105920552664156,0.0121750798227076,0.03410952366064307,0.030273029904040148,0.13785972540752373,0.21920666687828455,False,False
2025-09-03,5S,COINBASE->BINANCE,3,15,1000,0.0178104039774171,0.0130631656405267,0.03659757176026083,0.03248123296403558,0.27540140711931155,0.38918370968786187,False,False
2025-09-03,5S,COINBASE->BINANCE,6,30,1000,-0.009826372614294,0.0136105859860215,0.038131216508293354,0.03384237989124798,0.003659945094403256,0.008970850982283889,False,False
2025-09-03,5S,COINBASE->BITGET,1,5,1000,-0.0052839239326208,0.0123155681376499,0.03450311364710302,0.030622350567341614,0.008446961408881922,0.019044397239379025,False,False
2025-09-03,5S,COINBASE->BITGET,3,15,1000,0.0134157591813935,0.0135571839807993,0.03798160623984525,0.03370959714776138,0.16592464351905672,0.25614202537818903,False,False
2025-09-03,5S,COINBASE->BITGET,6,30,1000,0.0257417262928069,0.0134789781462194,0.037762505929716014,0.03351514030613213,0.47998325812292186,0.6044624344991152,False,False
2025-09-03,5S,COINBASE->BYBITSPOT,1,5,1000,0.0108373320016269,0.0123626461686833,0.03463500676294405,0.030739408907989145,0.13932768917730176,0.22117393804565172,False,False
2025-09-03,5S,COINBASE->BYBITSPOT,3,15,1000,0.0180400320976526,0.0121611364636804,0.03407046015210163,0.030238360092347753,0.31684224039128694,0.4358746156271699,False,False
2025-09-03,5S,COINBASE->BYBITSPOT,6,30,1000,0.005009161240552,0.0120594037396663,0.033785447256305355,0.029985404231594025,0.061222719804220366,0.10944599212908912,False,False
2025-09-03,10S,BINANCE->BITGET,1,10,1000,0.0290327379503666,0.0132902010624485,0.03723363084230498,0.033045750833092684,0.5888384746202194,0.7052871575075413,False,False
2025-09-03,10S,BINANCE->BITGET,3,30,1000,0.0161815381004215,0.0137479308011157,0.03851599971204572,0.034183884321203076,0.21682890537242228,0.3199504483901496,False,False
2025-09-03,10S,BINANCE->BITGET,6,60,1000,0.0278572005996786,0.0139029747795754,0.03895036863025584,0.0345693972759188,0.5174371389359481,0.6401398792418826,False,False
2025-09-03,10S,BINANCE->BYBITSPOT,1,10,1000,0.0279034309391921,0.0128698126940541,0.0360558770035446,0.03200046572342315,0.5824504480764722,0.6996091363811986,False,False
2025-09-03,10S,BINANCE->BYBITSPOT,3,30,1000,-0.0124018948107327,0.0147275335475878,0.04126044028618483,0.036619641923606595,0.002538926224415906,0.006442307810484241,False,False
2025-09-03,10S,BINANCE->BYBITSPOT,6,60,1000,0.0071925137301344,0.0141865585836251,0.03974485282377773,0.03527452127554025,0.07311617753804134,0.1275897518775181,False,False
2025-09-03,10S,BINANCE->COINBASE,1,10,1000,0.0028084044718,0.0137741948454286,0.03858958067036061,0.0342491892071228,0.039537788418257155,0.07479731418071693,False,False
2025-09-03,10S,BINANCE->COINBASE,3,30,1000,-0.0047050332898812,0.015155688331613,0.042459952400174174,0.0376842380304985,0.011591338685508016,0.02527381685994485,False,False
2025-09-03,10S,BINANCE->COINBASE,6,60,1000,0.016376595427394,0.014320501582602,0.04012010554978113,0.035607567175239566,0.2071394029696993,0.3080882062557916,False,False
2025-09-03,10S,BITGET->BINANCE,1,10,1000,-0.0251411548717587,0.0136647959407077,0.03828309031601679,0.033977171580765374,7.240279607769201e-05,0.0002463425551626297,False,False
2025-09-03,10S,BITGET->BINANCE,3,30,1000,-0.0134335756619826,0.0123025378996345,0.034466608324890576,0.030589951208089668,0.0011369918536855844,0.0031021041330567198,False,False
2025-09-03,10S,BITGET->BINANCE,6,60,1000,0.0214842280060942,0.0135541290149893,0.03797304749279011,0.033702001052075055,0.3538692375068856,0.4761635343317587,False,False
2025-09-03,10S,BITGET->BYBITSPOT,1,10,1000,-0.0083610726566655,0.0142409965873426,0.039897365530296255,0.035409880003240954,0.005431475007162524,0.012808588007721758,False,False
2025-09-03,10S,BITGET->BYBITSPOT,3,30,1000,-0.0093969320736926,0.0143754851666579,0.04027414674611101,0.035744282474736086,0.0044791484091690256,0.010765787476463264,False,False
2025-09-03,10S,BITGET->BYBITSPOT,6,60,1000,0.0060372786636067,0.0153295742274615,0.042947108555621664,0.038116600939125556,0.058658874441922075,0.10546331482517368,False,False
2025-09-03,10S,BITGET->COINBASE,1,10,1000,-0.0153915940948743,0.0122396418293191,0.03429039962401756,0.030433561710424654,0.0006466012881993794,0.0018517328838353426,False,False
2025-09-03,10S,BITGET->COINBASE,3,30,1000,-0.0065786506857984,0.0120892959008066,0.03386919269309347,0.030059730338796123,0.006137550367236726,0.014297505680100383,False,False
2025-09-03,10S,BITGET->COINBASE,6,60,1000,0.0287515100530396,0.013533990344317,0.03791662729072215,0.033651926753724,0.5653031633569501,0.6842224046267011,False,False
2025-09-03,10S,BYBITSPOT->BINANCE,1,10,1000,-0.0186002374383208,0.0137409780735764,0.038496521053346056,0.034166596538964526,0.00046052126400411374,0.0013566215921614513,False,False
2025-09-03,10S,BYBITSPOT->BINANCE,3,30,1000,-0.0009898533187635,0.0149253272925594,0.04181457631833247,0.03711145109804745,0.021367826489565995,0.04352449813241555,False,False
2025-09-03,10S,BYBITSPOT->BINANCE,6,60,1000,0.0064342839489669,0.0155257304864601,0.04349665703127248,0.03860433854586009,0.06110823096244053,0.10926871830400464,False,False
2025-09-03,10S,BYBITSPOT->BITGET,1,10,1000,-0.0009218016736728,0.0168554952649925,0.047222106378376115,0.041910765238091674,0.021970537285051602,0.044608542500605156,False,False
2025-09-03,10S,BYBITSPOT->BITGET,3,30,1000,-0.0081609754918947,0.0152121746503685,0.042618203635825205,0.03782468984204762,0.006272334396955971,0.01457950071543352,False,False
2025-09-03,10S,BYBITSPOT->BITGET,6,60,1000,0.0110900024211514,0.0154781870915662,0.04336346015891882,0.038486123089672426,0.10684704101188713,0.1766100952909927,False,False
2025-09-03,10S,BYBITSPOT->COINBASE,1,10,1000,0.0035766099102105,0.0143678676393437,0.04025280559418898,0.03572534168456997,0.04353752644870406,0.0813689216290181,False,False
2025-09-03,10S,BYBITSPOT->COINBASE,3,30,1000,0.0106050390228117,0.0133569308883808,0.03742058013624417,0.03321167286772052,0.12180899282612356,0.19741776170081232,False,False
2025-09-03,10S,BYBITSPOT->COINBASE,6,60,1000,0.0050065397088818,0.012843283262024,0.03598155253892414,0.03193450095761631,0.05819054654127215,0.10473286708745877,False,False
2025-09-03,10S,COINBASE->BINANCE,1,10,1000,-0.0053616746372534,0.0170206667385075,0.04768484833702968,0.042321459954662494,0.011453755107298371,0.025005885188733486,False,False
2025-09-03,10S,COINBASE->BINANCE,3,30,1000,-0.0077309940542008,0.0179659308299835,0.05033308624292183,0.04467183535467399,0.008417809104061732,0.01898549448025987,False,False
2025-09-03,10S,COINBASE->BINANCE,6,60,1000,0.0105637641756811,0.0156145661875762,0.04374553781836005,0.03882522628340233,0.09967050466264676,0.16644205112961663,False,False
2025-09-03,10S,COINBASE->BITGET,1,10,1000,0.0141193528686896,0.0165414487137993,0.0463422782027539,0.041129896383515406,0.13427890970493167,0.21439045814934032,False,False
2025-09-03,10S,COINBASE->BITGET,3,30,1000,0.0273496330998316,0.0155630350515935,0.04360116894951835,0.03869709540924708,0.41971670808560574,0.544783382179866,False,False
2025-09-03,10S,COINBASE->BITGET,6,60,1000,-0.0042634681032878,0.0148380653510225,0.04157010455281885,0.0368944764741354,0.012310521846845775,0.026668228144225085,False,False
2025-09-03,10S,COINBASE->BYBITSPOT,1,10,1000,0.0181193048270901,0.0149952435263141,0.042010452605325765,0.03728529605562106,0.2261376502962406,0.33123090268465377,False,False
2025-09-03,10S,COINBASE->BYBITSPOT,3,30,1000,0.0039266749177929,0.01546142956098,0.04331651250893645,0.03844445591114537,0.04400421235643347,0.08212972814964992,False,False
2025-09-03,10S,COINBASE->BYBITSPOT,6,60,1000,0.0003469052817692,0.0158572552608868,0.04442545193874456,0.03942866656311309,0.02630629058270367,0.052297174474527926,False,False
2025-09-03,15S,BINANCE->BITGET,1,15,1000,0.0328203559757818,0.0171746585587355,0.048116269544290755,0.04270435674438581,0.4804643350476574,0.6049274202895483,False,False
2025-09-03,15S,BINANCE->BITGET,3,45,1000,-0.004350349659882,0.0143796748647656,0.0402858845423979,0.035754700053754064,0.011833307073644666,0.02574410223377571,False,False
2025-09-03,15S,BINANCE->BITGET,6,90,1000,0.00717114733796,0.0139327256374738,0.03903371819397018,0.034643372036162204,0.07419160751411855,0.12920534669673617,False,False
2025-09-03,15S,BINANCE->BYBITSPOT,1,15,1000,0.0204545562124169,0.0146539603371487,0.04105431866736953,0.0364367039854417,0.28633423294850985,0.40167438697246594,False,False
2025-09-03,15S,BINANCE->BYBITSPOT,3,45,1000,0.0061792036690517,0.0142646505644211,0.039963634162828963,0.035468695022598064,0.06340773680422837,0.1128192374689223,False,False
2025-09-03,15S,BINANCE->BYBITSPOT,6,90,1000,-0.0282065516202005,0.0155029989508089,0.04343297269700708,0.03854781715392227,7.860667514188322e-05,0.0002658272686498623,False,False
2025-09-03,15S,BINANCE->COINBASE,1,15,1000,0.0079619961101498,0.0153410310903155,0.04297920593323938,0.038145088140592504,0.07479743791033999,0.13011375380306245,False,False
2025-09-03,15S,BINANCE->COINBASE,3,45,1000,0.0139063526322101,0.0189140340053731,0.0529892780843393,0.04702927006546358,0.11033959983853536,0.18151313062916796,False,False
2025-09-03,15S,BINANCE->COINBASE,6,90,1000,-0.0031848223316047,0.014826251791756,0.04153700785980452,0.03686510235600593,0.014823540942016511,0.0314665885793208,False,False
2025-09-03,15S,BITGET->BINANCE,1,15,1000,0.0052907428922441,0.0182225164792349,0.05105193280504446,0.045309829121108924,0.04749698582277748,0.08778643715595708,False,False
2025-09-03,15S,BITGET->BINANCE,3,45,1000,0.0251597783664971,0.0164074422640201,0.045966847713920685,0.0407966927149913,0.33486192967758954,0.4556429715270141,False,False
2025-09-03,15S,BITGET->BINANCE,6,90,1000,-0.0013960113556662,0.0165105234262579,0.046255638374312014,0.04105300143348922,0.020451259384774753,0.04186818827611299,False,False
2025-09-03,15S,BITGET->BYBITSPOT,1,15,1000,-0.0143291127374582,0.0156380690341098,0.04381138304579216,0.03888366552045889,0.002012085392801024,0.005216308547278503,False,False
2025-09-03,15S,BITGET->BYBITSPOT,3,45,1000,0.0218910240525282,0.0159809909318953,0.04477210796559527,0.03973633219842585,0.2775458669074364,0.39164383298612016,False,False
2025-09-03,15S,BITGET->BYBITSPOT,6,90,1000,-0.0001916895566818,0.016533562453927,0.046320184173669454,0.04111028739659936,0.024330045724053173,0.04881560490440414,False,False
2025-09-03,15S,BITGET->COINBASE,1,15,1000,0.0141646580734417,0.0133593397474243,0.03742732876013296,0.03321766243517473,0.1841445695474695,0.2794176587259555,False,False
2025-09-03,15S,BITGET->COINBASE,3,45,1000,-0.0029957654697847,0.0168350480989778,0.04716482190031703,0.04185992387382716,0.016261938070945073,0.03416671013325109,False,False
2025-09-03,15S,BITGET->COINBASE,6,90,1000,-0.0051373147203885,0.0155035228305576,0.0434344403907671,0.03854911976774735,0.010972215592876445,0.024065047514343775,False,False
2025-09-03,15S,BYBITSPOT->BINANCE,1,15,1000,0.0271526433410832,0.0185127607805229,0.05186507694917445,0.046031514279672,0.3109125994857865,0.4293006780626416,False,False
2025-09-03,15S,BYBITSPOT->BINANCE,3,45,1000,0.0074806739094638,0.0186501852094422,0.05225008319784238,0.04637321666740177,0.059514825159463755,0.10679596139620956,False,False
2025-09-03,15S,BYBITSPOT->BINANCE,6,90,1000,-0.0129987554471531,0.0181991632583688,0.05098650676667067,0.04525176192451309,0.0037452300869110625,0.009159565512480882,False,False
2025-09-03,15S,BYBITSPOT->BITGET,1,15,1000,0.0197924352416998,0.0204256149434794,0.05722410089651924,0.050787778067712765,0.16085175507739247,0.24956701456934927,False,False
2025-09-03,15S,BYBITSPOT->BITGET,3,45,1000,-0.0174302806623361,0.0187850692226369,0.05262797225536841,0.046708602375297024,0.0019394641588391063,0.00504494882750814,False,False
2025-09-03,15S,BYBITSPOT->BITGET,6,90,1000,-0.0374264040740396,0.0160775047682867,0.045042499702972784,0.03997631142630583,9.021033574677903e-06,3.55271524490095e-05,False,False
2025-09-03,15S,BYBITSPOT->COINBASE,1,15,1000,0.0022185786810059,0.0173717781573142,0.048668516897869205,0.04319448967076841,0.03345691848238612,0.06461542266619699,False,False
2025-09-03,15S,BYBITSPOT->COINBASE,3,45,1000,0.004609454123568,0.0152869210569528,0.04282761206361884,0.03801054490293402,0.04861487715823903,0.08958348402020277,False,False
2025-09-03,15S,BYBITSPOT->COINBASE,6,90,1000,-0.0038049894766613,0.0141317688276967,0.03959135465346471,0.035138287924810024,0.0128998100266107,0.02780340964554273,False,False
2025-09-03,15S,COINBASE->BINANCE,1,15,1000,-0.0101293243485305,0.0188201099557201,0.05272614185520614,0.04679573027720275,0.0062416023037387075,0.014515263115713516,False,False
2025-09-03,15S,COINBASE->BINANCE,3,45,1000,0.0114081807930134,0.0194839235374038,0.05458587217323382,0.04844628606013392,0.08465157733875883,0.14472339405348694,False,False
2025-09-03,15S,COINBASE->BINANCE,6,90,1000,0.00592164242418,0.018242654532195,0.05110835127653906,0.04535990188353413,0.05098682463390311,0.09337587856656715,False,False
2025-09-03,15S,COINBASE->BITGET,1,15,1000,-0.0166087347777386,0.0201759315832684,0.05652459168534333,0.050166946669456855,0.00269161739554984,0.006792584916318447,False,False
2025-09-03,15S,COINBASE->BITGET,3,45,1000,0.0073650552443715,0.0196046505507855,0.054924099189350914,0.048746470743893704,0.05656443904730737,0.10218939178468045,False,False
2025-09-03,15S,COINBASE->BITGET,6,90,1000,0.000407009790614,0.0169332676844993,0.047439992439243246,0.042104144404037494,0.02643826727450123,0.052528389699459783,False,False
2025-09-03,15S,COINBASE->BYBITSPOT,1,15,1000,0.0204176933895857,0.0235682737522902,0.06602852736085608,0.05860192019102633,0.13705582163696933,0.21812757624145446,False,False
2025-09-03,15S,COINBASE->BYBITSPOT,3,45,1000,0.0107280050216724,0.0158732752476816,0.044470333296943235,0.0394684998575443,0.09955161024026771,0.1662725061678395,False,False
2025-09-03,15S,COINBASE->BYBITSPOT,6,90,1000,-0.0221080101430478,0.0189324944810655,0.053040996680158464,0.04707517157418605,0.0008809225767101744,0.0024572748908036953,False,False
2025-09-03,30S,BINANCE->BITGET,1,30,1000,0.0378079181844188,0.0229152530670778,0.06419903426204303,0.05697820067384329,0.378256849164473,0.5020139368100527,False,False
2025-09-03,30S,BINANCE->BITGET,3,90,1000,0.0021630687551129,0.019738419289172,0.055298863709460154,0.049079083349015805,0.03212959722418619,0.06235914052550784,False,False
2025-09-03,30S,BINANCE->BITGET,6,180,1000,0.0104834186060842,0.0220016372125294,0.06163946158890658,0.05470651781933219,0.06897340790173827,0.12132876345597088,False,False
2025-09-03,30S,BINANCE->BYBITSPOT,1,30,1000,0.0144575224292005,0.0280392133051283,0.07855424552316391,0.06971879899208241,0.07432083506155951,0.12939921921214742,False,False
2025-09-03,30S,BINANCE->BYBITSPOT,3,90,1000,-0.0457089326022751,0.0204936746278483,0.05741477590219659,0.050957006761911255,1.3925843303053803e-05,5.325855007141397e-05,False,False
2025-09-03,30S,BINANCE->BYBITSPOT,6,180,1000,0.0218240896069476,0.0214850017266844,0.060192063248610615,0.053421916671723794,0.17253846758295427,0.26465125880953777,False,False
2025-09-03,30S,BINANCE->COINBASE,1,30,1000,0.0206667143644247,0.0208732952182942,0.05847831533688113,0.051900923816592406,0.16605792055766805,0.2563141949989315,False,False
2025-09-03,30S,BINANCE->COINBASE,3,90,1000,0.0144978543767644,0.0241824611716168,0.06774922575599245,0.06012908176883227,0.08684463737671222,0.1479342597263224,False,False
2025-09-03,30S,BINANCE->COINBASE,6,180,1000,0.0054952187121935,0.0210862556725448,0.05907494219755224,0.052430444632372376,0.044625939039801804,0.08314142364639254,False,False
2025-09-03,30S,BITGET->BINANCE,1,30,1000,-0.0346402667722015,0.0231869959529854,0.06496034511432912,0.057653882528178886,0.0002762543914101369,0.0008481886815945743,False,False
2025-09-03,30S,BITGET->BINANCE,3,90,1000,-0.0094224845392897,0.0230585305268129,0.06460043827532566,0.05733445647555441,0.008927840726579617,0.020012685827748216,False,False
2025-09-03,30S,BITGET->BINANCE,6,180,1000,0.0089412937051771,0.0225786904156589,0.06325612531285893,0.05614134610209876,0.058913701388840306,0.10586037947778915,False,False
2025-09-03,30S,BITGET->BYBITSPOT,1,30,1000,-0.0288346763140255,0.0241213569793286,0.06757803715411309,0.05997714773083501,0.0008014892364676817,0.0022538821039145354,False,False
2025-09-03,30S,BITGET->BYBITSPOT,3,90,1000,-0.0014803619785312,0.0211083783663864,0.059136920809603706,0.052485452154456595,0.021173417839297055,0.04317397803085357,False,False
2025-09-03,30S,BITGET->BYBITSPOT,6,180,1000,-0.002565720250799,0.0227564046457208,0.06375400687284867,0.056583228067505126,0.019099584469119208,0.03940772872705686,False,False
2025-09-03,30S,BITGET->COINBASE,1,30,1000,0.0226330988817863,0.0189561160671828,0.053107174566653065,0.04713390605423243,0.2218409605928397,0.32603794770310746,False,False
2025-09-03,30S,BITGET->COINBASE,3,90,1000,0.0175701992157327,0.0242355330927391,0.06789791126570553,0.060261043766502605,0.10841763676199939,0.17881856473727498,False,False
2025-09-03,30S,BITGET->COINBASE,6,180,1000,0.0373211209079474,0.0210239978040911,0.05890052147358113,0.05227564200759242,0.4266943939500622,0.5518410095489187,False,False
2025-09-03,30S,BYBITSPOT->BINANCE,1,30,1000,0.0316425525528684,0.0278608802485066,0.07805463026783165,0.06927537832999207,0.20490448295030494,0.30533423271897264,False,False
2025-09-03,30S,BYBITSPOT->BINANCE,3,90,1000,-0.0066387385340995,0.0265183051133398,0.07429329161494232,0.0659370990080347,0.01354184517714513,0.029033012441344312,False,False
2025-09-03,30S,BYBITSPOT->BINANCE,6,180,1000,-0.0201766235728468,0.0238629289820777,0.06685402909706842,0.05933457301241498,0.0025120408820586628,0.006380413397402134,False,False
2025-09-03,30S,BYBITSPOT->BITGET,1,30,1000,-0.00679893333574,0.0221849361540917,0.062152989194083276,0.05516228602948758,0.01171252826493408,0.025509505289563972,False,False
2025-09-03,30S,BYBITSPOT->BITGET,3,90,1000,-0.0090364192193756,0.0231705852942874,0.0649143692555013,0.05761307783788166,0.009387732511738994,0.020933038458590462,False,False
2025-09-03,30S,BYBITSPOT->BITGET,6,180,1000,-0.0080780653575534,0.0219952811933142,0.06162165465942723,0.05469071373734058,0.009976578771960688,0.022103792472555416,False,False
2025-09-03,30S,BYBITSPOT->COINBASE,1,30,1000,-0.0232447684197972,0.0224399727329207,0.0628674959034087,0.05579642807126003,0.0013685022102379115,0.003673219735851342,False,False
2025-09-03,30S,BYBITSPOT->COINBASE,3,90,1000,-0.0251269419778147,0.0202869637085036,0.05683565764613793,0.05044302525756478,0.0006906274038934611,0.0019668539988122896,False,False
2025-09-03,30S,BYBITSPOT->COINBASE,6,180,1000,-0.0090766233705688,0.0250384850364254,0.07014744956199215,0.06225756358868778,0.010103797434663784,0.02235564478894569,False,False
2025-09-03,30S,COINBASE->BINANCE,1,30,1000,0.0182190555597892,0.0354826179956941,0.09940757807668578,0.08822663763188356,0.07401854211296939,0.12894561870561588,False,False
2025-09-03,30S,COINBASE->BINANCE,3,90,1000,0.0081320835314002,0.0301285858364125,0.08440780072194101,0.07491397126539077,0.04550905779080687,0.08457485703319007,False,False
2025-09-03,30S,COINBASE->BINANCE,6,180,1000,-0.0083695202223981,0.0245570335311235,0.06879862214150011,0.06106044652419298,0.01070193122355667,0.02353480559110269,False,False
2025-09-03,30S,COINBASE->BITGET,1,30,1000,0.0142701793092289,0.0237552726391431,0.06655242067806676,0.05906688822213211,0.08703405663402247,0.14821092742475545,False,False
2025-09-03,30S,COINBASE->BITGET,3,90,1000,-0.000100942263984,0.022932154833565,0.06424638600119356,0.057020226491312165,0.024743845137398898,0.04954766073628004,False,False
2025-09-03,30S,COINBASE->BITGET,6,180,1000,-0.0006475911448761,0.0247359410262506,0.06929984673525781,0.061505295513185905,0.023508659829861243,0.0473575011860841,False,False
2025-09-03,30S,COINBASE->BYBITSPOT,1,30,1000,-0.0053527413876812,0.0234223766528452,0.06561978420368542,0.05823915072103291,0.014316779638838689,0.030507639092172092,False,False
2025-09-03,30S,COINBASE->BYBITSPOT,3,90,1000,-0.0206433073872609,0.0224202406308092,0.06281221473781083,0.055747364695414484,0.0019839138382362555,0.005149908061920514,False,False
2025-09-03,30S,COINBASE->BYBITSPOT,6,180,1000,-0.0267450835274432,0.0217548742927661,0.06094813424051932,0.05409294802283114,0.0007129717983219947,0.0020250237914744952,False,False
2025-09-04,1S,BINANCE->BITGET,1,1,1000,0.0137294974363914,0.0090270642980181,0.025290089900282826,0.02244556844135922,0.33031703246517485,0.45068631735685494,False,False
2025-09-04,1S,BINANCE->BITGET,3,3,1000,-0.0090792144375683,0.0085827192353485,0.024045219340966196,0.02134071561363313,0.0012730330647747542,0.0034389203079140886,False,False
2025-09-04,1S,BINANCE->BITGET,6,6,1000,0.0132553325163339,0.0084385994784045,0.02364145556027385,0.020982365461086987,0.3485765652916025,0.47048293566586175,False,False
2025-09-04,1S,BINANCE->BYBITSPOT,1,1,1000,0.0093276591610959,0.0087877658144872,0.024619674806105808,0.02185055877789803,0.1844523139612112,0.2798064099358596,False,False
2025-09-04,1S,BINANCE->BYBITSPOT,3,3,1000,-0.009038987142217,0.008281357208136,0.023200927940227097,0.02059138650905258,0.0011386941604814385,0.0031063415391288356,False,False
2025-09-04,1S,BINANCE->BYBITSPOT,6,6,1000,-0.0040170221192752,0.0077336401533417,0.02166645193580702,0.019229501821626097,0.006580441658999518,0.015221604620480146,False,False
2025-09-04,1S,BINANCE->COINBASE,1,1,1000,0.0407171065433188,0.00938829145397,0.02630209856077866,0.023343750683572344,0.9912740259813209,0.9964504091048382,True,True
2025-09-04,1S,BINANCE->COINBASE,3,3,1000,0.0084726129021097,0.0097514106539994,0.027319407943994033,0.02424663744581917,0.1376136154416716,0.2188764422585875,False,False
2025-09-04,1S,BINANCE->COINBASE,6,6,1000,0.0007798485819819,0.0092585563861956,0.025938634712631015,0.02302116769902287,0.03034591123351064,0.05930629517115719,False,False
2025-09-04,1S,BITGET->BINANCE,1,1,1000,0.0051753977221351,0.0096036371343016,0.02690540783558015,0.023879202304039386,0.07764904425627005,0.13437324327855132,False,False
2025-09-04,1S,BITGET->BINANCE,3,3,1000,-0.0040775680209021,0.0093956848814965,0.02632281187804809,0.023362134255250095,0.008334077696004092,0.018816182077597585,False,False
2025-09-04,1S,BITGET->BINANCE,6,6,1000,0.028864278813198,0.0109910746884556,0.030792432378352805,0.02732903090299075,0.7473558723736793,0.8367782200731861,False,True
2025-09-04,1S,BITGET->BYBITSPOT,1,1,1000,-0.0059284604834797,0.0087427664431635,0.024493605232580953,0.02173866897236225,0.004169055666762685,0.010090850894669063,False,False
2025-09-04,1S,BITGET->BYBITSPOT,3,3,1000,0.0139264979909809,0.0094420661177647,0.026452752863974884,0.023477460033231014,0.31383030431080494,0.4325397397177049,False,False
2025-09-04,1S,BITGET->BYBITSPOT,6,6,1000,-0.0094553674150898,0.0087466383161006,0.024504452614567945,0.021748296287083493,0.0011789976346793316,0.0032064924385203555,False,False
2025-09-04,1S,BITGET->COINBASE,1,1,1000,0.0062002796958458,0.0090457358394909,0.025342399814872407,0.022491994759838575,0.10123831197384914,0.16867438594557094,False,False
2025-09-04,1S,BITGET->COINBASE,3,3,1000,-0.015620107984186,0.0092031705026142,0.02578346643989724,0.022883452091869788,0.0001274843079734866,0.00041572569615982844,False,False
2025-09-04,1S,BITGET->COINBASE,6,6,1000,0.0094245070824611,0.0082522679675095,0.023119431953681765,0.020519056843523044,0.2067033062008412,0.307551361282818,False,False
2025-09-04,1S,BYBITSPOT->BINANCE,1,1,1000,0.0046218113015789,0.0095210695569319,0.0266740877313258,0.023673900098615225,0.07016891613571316,0.12314174338640249,False,False
2025-09-04,1S,BYBITSPOT->BINANCE,3,3,1000,0.0112737210116599,0.0093573324374464,0.026215364237718825,0.02326677186727985,0.22507551862906944,0.32994940038085585,False,False
2025-09-04,1S,BYBITSPOT->BINANCE,6,6,1000,-0.0029466729154774,0.0091033274589179,0.025503747644546278,0.0226351948737207,0.011195882765174215,0.024502654404455267,False,False
2025-09-04,1S,BYBITSPOT->BITGET,1,1,1000,-0.007149337696707,0.0092965735654864,0.02604514308016647,0.023115696459597494,0.0031763996368831347,0.007891765909314487,False,False
2025-09-04,1S,BYBITSPOT->BITGET,3,3,1000,-0.0079059789807941,0.0096743594141331,0.02710354232934733,0.024055051474919383,0.0027416946466052292,0.006907016411882865,False,False
2025-09-04,1S,BYBITSPOT->BITGET,6,6,1000,0.0113332000312324,0.0100552705288477,0.028170697277746685,0.025002177385751556,0.2024580466542546,0.3023117789181771,False,False
2025-09-04,1S,BYBITSPOT->COINBASE,1,1,1000,0.0069766224827287,0.0087087642625626,0.024398345226025863,0.021654123405095097,0.12325655139483782,0.19940455552074254,False,False
2025-09-04,1S,BYBITSPOT->COINBASE,3,3,1000,0.0072127190604247,0.0092351025180585,0.025872926702350547,0.02296285024551792,0.11920850076157563,0.19383724541908975,False,False
2025-09-04,1S,BYBITSPOT->COINBASE,6,6,1000,-0.013381552631325,0.0086398274740306,0.024205212938290435,0.021482713813445,0.00022507870820412488,0.0007023699361595043,False,False
2025-09-04,1S,COINBASE->BINANCE,1,1,1000,0.1152085488069122,0.0140388263183233,0.03933096829306987,0.03490718871177901,0.999999999790069,0.9999999999733779,True,True
2025-09-04,1S,COINBASE->BINANCE,3,3,1000,0.0109987532632949,0.011065487613651,0.031000906529616786,0.027514056770787196,0.16702338166109326,0.2575605297477974,False,False
2025-09-04,1S,COINBASE->BINANCE,6,6,1000,-0.0089935549023758,0.0111815159860805,0.03132596990269698,0.027802558401940704,0.0028523636035994405,0.007159152904732283,False,False
2025-09-04,1S,COINBASE->BITGET,1,1,1000,0.0094638847872326,0.0089897548455342,0.025185564289708046,0.022352799425698077,0.18214448342762152,0.2768876337337469,False,False
2025-09-04,1S,COINBASE->BITGET,3,3,1000,0.0083092918999648,0.0092453814674007,0.025901724054885385,0.0229884085946499,0.14429646309520083,0.22780258260089659,False,False
2025-09-04,1S,COINBASE->BITGET,6,6,1000,0.0065286254058623,0.0098660953705725,0.027640706950688706,0.02453179811046455,0.09710232469309182,0.16277165549227113,False,False
2025-09-04,1S,COINBASE->BYBITSPOT,1,1,1000,-0.0054573114192225,0.0097606539569724,0.027345303844969727,0.024269620686289746,0.005883141412426524,0.013763335139541043,False,False
2025-09-04,1S,COINBASE->BYBITSPOT,3,3,1000,0.0039510260067247,0.0090398640023769,0.02532594936281066,0.022477394584469523,0.06389223694235037,0.11356466839307933,False,False
2025-09-04,1S,COINBASE->BYBITSPOT,6,6,1000,-0.0005301375476626,0.0098187258285809,0.02750799714205626,0.024414014935147884,0.022007051226398226,0.04467408999961733,False,False
2025-09-04,2S,BINANCE->BITGET,1,2,1000,0.0137294974363914,0.0090270642980181,0.025290089900282826,0.02244556844135922,0.33031703246517485,0.45068631735685494,False,False
2025-09-04,2S,BINANCE->BITGET,3,6,1000,-0.0090792144375683,0.0085827192353485,0.024045219340966196,0.02134071561363313,0.0012730330647747542,0.0034389203079140886,False,False
2025-09-04,2S,BINANCE->BITGET,6,12,1000,0.0132553325163339,0.0084385994784045,0.02364145556027385,0.020982365461086987,0.3485765652916025,0.47048293566586175,False,False
2025-09-04,2S,BINANCE->BYBITSPOT,1,2,1000,0.0093276591610959,0.0087877658144872,0.024619674806105808,0.02185055877789803,0.1844523139612112,0.2798064099358596,False,False
2025-09-04,2S,BINANCE->BYBITSPOT,3,6,1000,-0.009038987142217,0.008281357208136,0.023200927940227097,0.02059138650905258,0.0011386941604814385,0.0031063415391288356,False,False
2025-09-04,2S,BINANCE->BYBITSPOT,6,12,1000,-0.0040170221192752,0.0077336401533417,0.02166645193580702,0.019229501821626097,0.006580441658999518,0.015221604620480146,False,False
2025-09-04,2S,BINANCE->COINBASE,1,2,1000,0.0407171065433188,0.00938829145397,0.02630209856077866,0.023343750683572344,0.9912740259813209,0.9964504091048382,True,True
2025-09-04,2S,BINANCE->COINBASE,3,6,1000,0.0084726129021097,0.0097514106539994,0.027319407943994033,0.02424663744581917,0.1376136154416716,0.2188764422585875,False,False
2025-09-04,2S,BINANCE->COINBASE,6,12,1000,0.0007798485819819,0.0092585563861956,0.025938634712631015,0.02302116769902287,0.03034591123351064,0.05930629517115719,False,False
2025-09-04,2S,BITGET->BINANCE,1,2,1000,0.0051753977221351,0.0096036371343016,0.02690540783558015,0.023879202304039386,0.07764904425627005,0.13437324327855132,False,False
2025-09-04,2S,BITGET->BINANCE,3,6,1000,-0.0040775680209021,0.0093956848814965,0.02632281187804809,0.023362134255250095,0.008334077696004092,0.018816182077597585,False,False
2025-09-04,2S,BITGET->BINANCE,6,12,1000,0.028864278813198,0.0109910746884556,0.030792432378352805,0.02732903090299075,0.7473558723736793,0.8367782200731861,False,True
2025-09-04,2S,BITGET->BYBITSPOT,1,2,1000,-0.0059284604834797,0.0087427664431635,0.024493605232580953,0.02173866897236225,0.004169055666762685,0.010090850894669063,False,False
2025-09-04,2S,BITGET->BYBITSPOT,3,6,1000,0.0139264979909809,0.0094420661177647,0.026452752863974884,0.023477460033231014,0.31383030431080494,0.4325397397177049,False,False
2025-09-04,2S,BITGET->BYBITSPOT,6,12,1000,-0.0094553674150898,0.0087466383161006,0.024504452614567945,0.021748296287083493,0.0011789976346793316,0.0032064924385203555,False,False
2025-09-04,2S,BITGET->COINBASE,1,2,1000,0.0062002796958458,0.0090457358394909,0.025342399814872407,0.022491994759838575,0.10123831197384914,0.16867438594557094,False,False
2025-09-04,2S,BITGET->COINBASE,3,6,1000,-0.015620107984186,0.0092031705026142,0.02578346643989724,0.022883452091869788,0.0001274843079734866,0.00041572569615982844,False,False
2025-09-04,2S,BITGET->COINBASE,6,12,1000,0.0094245070824611,0.0082522679675095,0.023119431953681765,0.020519056843523044,0.2067033062008412,0.307551361282818,False,False
2025-09-04,2S,BYBITSPOT->BINANCE,1,2,1000,0.0046218113015789,0.0095210695569319,0.0266740877313258,0.023673900098615225,0.07016891613571316,0.12314174338640249,False,False
2025-09-04,2S,BYBITSPOT->BINANCE,3,6,1000,0.0112737210116599,0.0093573324374464,0.026215364237718825,0.02326677186727985,0.22507551862906944,0.32994940038085585,False,False
2025-09-04,2S,BYBITSPOT->BINANCE,6,12,1000,-0.0029466729154774,0.0091033274589179,0.025503747644546278,0.0226351948737207,0.011195882765174215,0.024502654404455267,False,False
2025-09-04,2S,BYBITSPOT->BITGET,1,2,1000,-0.007149337696707,0.0092965735654864,0.02604514308016647,0.023115696459597494,0.0031763996368831347,0.007891765909314487,False,False
2025-09-04,2S,BYBITSPOT->BITGET,3,6,1000,-0.0079059789807941,0.0096743594141331,0.02710354232934733,0.024055051474919383,0.0027416946466052292,0.006907016411882865,False,False
2025-09-04,2S,BYBITSPOT->BITGET,6,12,1000,0.0113332000312324,0.0100552705288477,0.028170697277746685,0.025002177385751556,0.2024580466542546,0.3023117789181771,False,False
2025-09-04,2S,BYBITSPOT->COINBASE,1,2,1000,0.0069766224827287,0.0087087642625626,0.024398345226025863,0.021654123405095097,0.12325655139483782,0.19940455552074254,False,False
2025-09-04,2S,BYBITSPOT->COINBASE,3,6,1000,0.0072127190604247,0.0092351025180585,0.025872926702350547,0.02296285024551792,0.11920850076157563,0.19383724541908975,False,False
2025-09-04,2S,BYBITSPOT->COINBASE,6,12,1000,-0.013381552631325,0.0086398274740306,0.024205212938290435,0.021482713813445,0.00022507870820412488,0.0007023699361595043,False,False
2025-09-04,2S,COINBASE->BINANCE,1,2,1000,0.1152085488069122,0.0140388263183233,0.03933096829306987,0.03490718871177901,0.999999999790069,0.9999999999733779,True,True
2025-09-04,2S,COINBASE->BINANCE,3,6,1000,0.0109987532632949,0.011065487613651,0.031000906529616786,0.027514056770787196,0.16702338166109326,0.2575605297477974,False,False
2025-09-04,2S,COINBASE->BINANCE,6,12,1000,-0.0089935549023758,0.0111815159860805,0.03132596990269698,0.027802558401940704,0.0028523636035994405,0.007159152904732283,False,False
2025-09-04,2S,COINBASE->BITGET,1,2,1000,0.0094638847872326,0.0089897548455342,0.025185564289708046,0.022352799425698077,0.18214448342762152,0.2768876337337469,False,False
2025-09-04,2S,COINBASE->BITGET,3,6,1000,0.0083092918999648,0.0092453814674007,0.025901724054885385,0.0229884085946499,0.14429646309520083,0.22780258260089659,False,False
2025-09-04,2S,COINBASE->BITGET,6,12,1000,0.0065286254058623,0.0098660953705725,0.027640706950688706,0.02453179811046455,0.09710232469309182,0.16277165549227113,False,False
2025-09-04,2S,COINBASE->BYBITSPOT,1,2,1000,-0.0054573114192225,0.0097606539569724,0.027345303844969727,0.024269620686289746,0.005883141412426524,0.013763335139541043,False,False
2025-09-04,2S,COINBASE->BYBITSPOT,3,6,1000,0.0039510260067247,0.0090398640023769,0.02532594936281066,0.022477394584469523,0.06389223694235037,0.11356466839307933,False,False
2025-09-04,2S,COINBASE->BYBITSPOT,6,12,1000,-0.0005301375476626,0.0098187258285809,0.02750799714205626,0.024414014935147884,0.022007051226398226,0.04467408999961733,False,False
2025-09-04,5S,BINANCE->BITGET,1,5,1000,0.0137294974363914,0.0090270642980181,0.025290089900282826,0.02244556844135922,0.33031703246517485,0.45068631735685494,False,False
2025-09-04,5S,BINANCE->BITGET,3,15,1000,-0.0090792144375683,0.0085827192353485,0.024045219340966196,0.02134071561363313,0.0012730330647747542,0.0034389203079140886,False,False
2025-09-04,5S,BINANCE->BITGET,6,30,1000,0.0132553325163339,0.0084385994784045,0.02364145556027385,0.020982365461086987,0.3485765652916025,0.47048293566586175,False,False
2025-09-04,5S,BINANCE->BYBITSPOT,1,5,1000,0.0093276591610959,0.0087877658144872,0.024619674806105808,0.02185055877789803,0.1844523139612112,0.2798064099358596,False,False
2025-09-04,5S,BINANCE->BYBITSPOT,3,15,1000,-0.009038987142217,0.008281357208136,0.023200927940227097,0.02059138650905258,0.0011386941604814385,0.0031063415391288356,False,False
2025-09-04,5S,BINANCE->BYBITSPOT,6,30,1000,-0.0040170221192752,0.0077336401533417,0.02166645193580702,0.019229501821626097,0.006580441658999518,0.015221604620480146,False,False
2025-09-04,5S,BINANCE->COINBASE,1,5,1000,0.0407171065433188,0.00938829145397,0.02630209856077866,0.023343750683572344,0.9912740259813209,0.9964504091048382,True,True
2025-09-04,5S,BINANCE->COINBASE,3,15,1000,0.0084726129021097,0.0097514106539994,0.027319407943994033,0.02424663744581917,0.1376136154416716,0.2188764422585875,False,False
2025-09-04,5S,BINANCE->COINBASE,6,30,1000,0.0007798485819819,0.0092585563861956,0.025938634712631015,0.02302116769902287,0.03034591123351064,0.05930629517115719,False,False
2025-09-04,5S,BITGET->BINANCE,1,5,1000,0.0051753977221351,0.0096036371343016,0.02690540783558015,0.023879202304039386,0.07764904425627005,0.13437324327855132,False,False
2025-09-04,5S,BITGET->BINANCE,3,15,1000,-0.0040775680209021,0.0093956848814965,0.02632281187804809,0.023362134255250095,0.008334077696004092,0.018816182077597585,False,False
2025-09-04,5S,BITGET->BINANCE,6,30,1000,0.028864278813198,0.0109910746884556,0.030792432378352805,0.02732903090299075,0.7473558723736793,0.8367782200731861,False,True
2025-09-04,5S,BITGET->BYBITSPOT,1,5,1000,-0.0059284604834797,0.0087427664431635,0.024493605232580953,0.02173866897236225,0.004169055666762685,0.010090850894669063,False,False
2025-09-04,5S,BITGET->BYBITSPOT,3,15,1000,0.0139264979909809,0.0094420661177647,0.026452752863974884,0.023477460033231014,0.31383030431080494,0.4325397397177049,False,False
2025-09-04,5S,BITGET->BYBITSPOT,6,30,1000,-0.0094553674150898,0.0087466383161006,0.024504452614567945,0.021748296287083493,0.0011789976346793316,0.0032064924385203555,False,False
2025-09-04,5S,BITGET->COINBASE,1,5,1000,0.0062002796958458,0.0090457358394909,0.025342399814872407,0.022491994759838575,0.10123831197384914,0.16867438594557094,False,False
2025-09-04,5S,BITGET->COINBASE,3,15,1000,-0.015620107984186,0.0092031705026142,0.02578346643989724,0.022883452091869788,0.0001274843079734866,0.00041572569615982844,False,False
2025-09-04,5S,BITGET->COINBASE,6,30,1000,0.0094245070824611,0.0082522679675095,0.023119431953681765,0.020519056843523044,0.2067033062008412,0.307551361282818,False,False
2025-09-04,5S,BYBITSPOT->BINANCE,1,5,1000,0.0046218113015789,0.0095210695569319,0.0266740877313258,0.023673900098615225,0.07016891613571316,0.12314174338640249,False,False
2025-09-04,5S,BYBITSPOT->BINANCE,3,15,1000,0.0112737210116599,0.0093573324374464,0.026215364237718825,0.02326677186727985,0.22507551862906944,0.32994940038085585,False,False
2025-09-04,5S,BYBITSPOT->BINANCE,6,30,1000,-0.0029466729154774,0.0091033274589179,0.025503747644546278,0.0226351948737207,0.011195882765174215,0.024502654404455267,False,False
2025-09-04,5S,BYBITSPOT->BITGET,1,5,1000,-0.007149337696707,0.0092965735654864,0.02604514308016647,0.023115696459597494,0.0031763996368831347,0.007891765909314487,False,False
2025-09-04,5S,BYBITSPOT->BITGET,3,15,1000,-0.0079059789807941,0.0096743594141331,0.02710354232934733,0.024055051474919383,0.0027416946466052292,0.006907016411882865,False,False
2025-09-04,5S,BYBITSPOT->BITGET,6,30,1000,0.0113332000312324,0.0100552705288477,0.028170697277746685,0.025002177385751556,0.2024580466542546,0.3023117789181771,False,False
2025-09-04,5S,BYBITSPOT->COINBASE,1,5,1000,0.0069766224827287,0.0087087642625626,0.024398345226025863,0.021654123405095097,0.12325655139483782,0.19940455552074254,False,False
2025-09-04,5S,BYBITSPOT->COINBASE,3,15,1000,0.0072127190604247,0.0092351025180585,0.025872926702350547,0.02296285024551792,0.11920850076157563,0.19383724541908975,False,False
2025-09-04,5S,BYBITSPOT->COINBASE,6,30,1000,-0.013381552631325,0.0086398274740306,0.024205212938290435,0.021482713813445,0.00022507870820412488,0.0007023699361595043,False,False
2025-09-04,5S,COINBASE->BINANCE,1,5,1000,0.1152085488069122,0.0140388263183233,0.03933096829306987,0.03490718871177901,0.999999999790069,0.9999999999733779,True,True
2025-09-04,5S,COINBASE->BINANCE,3,15,1000,0.0109987532632949,0.011065487613651,0.031000906529616786,0.027514056770787196,0.16702338166109326,0.2575605297477974,False,False
2025-09-04,5S,COINBASE->BINANCE,6,30,1000,-0.0089935549023758,0.0111815159860805,0.03132596990269698,0.027802558401940704,0.0028523636035994405,0.007159152904732283,False,False
2025-09-04,5S,COINBASE->BITGET,1,5,1000,0.0094638847872326,0.0089897548455342,0.025185564289708046,0.022352799425698077,0.18214448342762152,0.2768876337337469,False,False
2025-09-04,5S,COINBASE->BITGET,3,15,1000,0.0083092918999648,0.0092453814674007,0.025901724054885385,0.0229884085946499,0.14429646309520083,0.22780258260089659,False,False
2025-09-04,5S,COINBASE->BITGET,6,30,1000,0.0065286254058623,0.0098660953705725,0.027640706950688706,0.02453179811046455,0.09710232469309182,0.16277165549227113,False,False
2025-09-04,5S,COINBASE->BYBITSPOT,1,5,1000,-0.0054573114192225,0.0097606539569724,0.027345303844969727,0.024269620686289746,0.005883141412426524,0.013763335139541043,False,False
2025-09-04,5S,COINBASE->BYBITSPOT,3,15,1000,0.0039510260067247,0.0090398640023769,0.02532594936281066,0.022477394584469523,0.06389223694235037,0.11356466839307933,False,False
2025-09-04,5S,COINBASE->BYBITSPOT,6,30,1000,-0.0005301375476626,0.0098187258285809,0.02750799714205626,0.024414014935147884,0.022007051226398226,0.04467408999961733,False,False
2025-09-04,10S,BINANCE->BITGET,1,10,1000,0.0047664658080716,0.0119991048380072,0.03361651474474878,0.029835472528501442,0.05905819066301528,0.10608539821637697,False,False
2025-09-04,10S,BINANCE->BITGET,3,30,1000,-0.0025239499149019,0.0109684322848048,0.03072899775498218,0.02727273113553119,0.014259422714492865,0.03039883896953961,False,False
2025-09-04,10S,BINANCE->BITGET,6,60,1000,0.0354121433812887,0.0111538800006454,0.03124854533441402,0.027733842218910513,0.8877994473248594,0.9369939324369854,True,True
2025-09-04,10S,BINANCE->BYBITSPOT,1,10,1000,0.0049478077601844,0.0130351367533683,0.0365190464443177,0.032411539840747745,0.05700886881413279,0.10288567397768827,False,False
2025-09-04,10S,BINANCE->BYBITSPOT,3,30,1000,-0.0104025356297821,0.0110140914541051,0.030856915808765217,0.02738626151214881,0.0018395586775438047,0.004808161685797383,False,False
2025-09-04,10S,BINANCE->BYBITSPOT,6,60,1000,0.0121597953272664,0.0121963148596638,0.03416901542628564,0.030325830289594048,0.1677842268699712,0.25854165391525874,False,False
2025-09-04,10S,BINANCE->COINBASE,1,10,1000,0.0091156565458045,0.0126742227162411,0.03550791501289266,0.0315141361606206,0.1073516582568857,0.17732029946562305,False,False
2025-09-04,10S,BINANCE->COINBASE,3,30,1000,-0.0153841585980391,0.0116882104945141,0.032745517747623576,0.029062441559126618,0.0005261155498707121,0.0015328848639300312,False,False
2025-09-04,10S,BINANCE->COINBASE,6,60,1000,0.0314683135770489,0.0122745508184888,0.03438820013205466,0.03052036203440143,0.7269917078481427,0.8209130487767067,False,True
2025-09-04,10S,BITGET->BINANCE,1,10,1000,0.0167709621964898,0.0124880918803635,0.03498645361446297,0.031051326516442556,0.26861484255853857,0.38136518296625693,False,False
2025-09-04,10S,BITGET->BINANCE,3,30,1000,0.0213575125795456,0.0138453324234842,0.03878887865749353,0.034426071006596635,0.33819824727742315,0.45926916191049894,False,False
2025-09-04,10S,BITGET->BINANCE,6,60,1000,0.011888569739134,0.0125828036175819,0.035251796617435834,0.031286824870032696,0.15502021286926998,0.24195526709560622,False,False
2025-09-04,10S,BITGET->BYBITSPOT,1,10,1000,0.0138189073667859,0.0121353277646222,0.03399815488232145,0.030174187410956697,0.20575757064769395,0.3063862509096186,False,False
2025-09-04,10S,BITGET->BYBITSPOT,3,30,1000,-0.0033978110039834,0.0118545847436765,0.0332116293847516,0.029476126947107543,0.012333178626676601,0.02671199368416368,False,False
2025-09-04,10S,BITGET->BYBITSPOT,6,60,1000,0.0115772153320705,0.0109934651963923,0.03079912959005205,0.02733497484087924,0.18223929542305767,0.27700770284204707,False,False
2025-09-04,10S,BITGET->COINBASE,1,10,1000,-0.0027781623949025,0.0106415788970347,0.029813290135315324,0.026460018403763608,0.013174439963600685,0.02833026857370085,False,False
2025-09-04,10S,BITGET->COINBASE,3,30,1000,0.0014748446947949,0.0111444759830127,0.031222199177623373,0.027710459365478876,0.033802899018547744,0.06520145032754802,False,False
2025-09-04,10S,BITGET->COINBASE,6,60,1000,-0.0056839879069832,0.0115162340680198,0.032263711133293245,0.028634826498045718,0.007073144771938925,0.01624146902678809,False,False
2025-09-04,10S,BYBITSPOT->BINANCE,1,10,1000,0.0010071473484601,0.0120672034049492,0.03380729868326816,0.03000479790324046,0.030293159494871408,0.059215633587644256,False,False
2025-09-04,10S,BYBITSPOT->BINANCE,3,30,1000,0.0104168485430186,0.0116334259626626,0.032592034213007166,0.028926221197932263,0.14354207031828248,0.22679914289290143,False,False
2025-09-04,10S,BYBITSPOT->BINANCE,6,60,1000,-0.0079850473582599,0.0117317407318486,0.03286747141708086,0.02917067839993151,0.00413796607721968,0.010022891795641937,False,False
2025-09-04,10S,BYBITSPOT->BITGET,1,10,1000,-0.0065786969033391,0.0113537279455054,0.031808436382604055,0.028230759109732367,0.0055522258808174355,0.013064665083147868,False,False
2025-09-04,10S,BYBITSPOT->BITGET,3,30,1000,0.0046575736630904,0.0114894164588971,0.03218857931598996,0.028568145187142752,0.060022528211900086,0.10758497851120302,False,False
2025-09-04,10S,BYBITSPOT->BITGET,6,60,1000,0.0041229359054047,0.0112473192321707,0.031510323304247134,0.02796617651908489,0.05553597791529632,0.1005748148756545,False,False
2025-09-04,10S,BYBITSPOT->COINBASE,1,10,1000,-0.0055335596398949,0.0111515635270833,0.031242055536324292,0.02772808236563328,0.007021183511611335,0.016134300760836082,False,False
2025-09-04,10S,BYBITSPOT->COINBASE,3,30,1000,-0.0184737669961863,0.0115501000856434,0.032358589667663876,0.028719033499492872,0.0001858441070191856,0.000588698109830764,False,False
2025-09-04,10S,BYBITSPOT->COINBASE,6,60,1000,0.0108262392454431,0.0119244840153598,0.03340745815105639,0.02964992972891703,0.14638510129110982,0.23057528051578563,False,False
2025-09-04,10S,COINBASE->BINANCE,1,10,1000,0.0279329458512446,0.0150455816330972,0.04215147910119709,0.03741046049266363,0.45881908649412834,0.5838298889665577,False,False
2025-09-04,10S,COINBASE->BINANCE,3,30,1000,-0.0341146208977055,0.0152226314093027,0.04264749913708463,0.037850690310260074,1.3286329380829157e-05,5.097576311181682e-05,False,False
2025-09-04,10S,COINBASE->BINANCE,6,60,1000,-0.003316130949683,0.013611323482659,0.038133282667971384,0.03384421365809684,0.013776444474567271,0.02948050622485063,False,False
2025-09-04,10S,COINBASE->BITGET,1,10,1000,0.0127466369311046,0.013545786320819,0.03794967472412336,0.03368125715275156,0.15411094387805807,0.24076316207951537,False,False
2025-09-04,10S,COINBASE->BITGET,3,30,1000,-0.0018080337778299,0.011976511313828,0.03355321706138325,0.02977929429861921,0.01738920907112161,0.03626168533001265,False,False
2025-09-04,10S,COINBASE->BITGET,6,60,1000,-0.000253818124954,0.013887473889936,0.0389069415669745,0.03453085470351468,0.023950776739951087,0.0481431685177741,False,False
2025-09-04,10S,COINBASE->BYBITSPOT,1,10,1000,-0.0031754100721086,0.0130839876563146,0.03665590641190353,0.03253300638283764,0.013809418991879832,0.029543328874252713,False,False
2025-09-04,10S,COINBASE->BYBITSPOT,3,30,1000,0.0039683242152172,0.0124230685407328,0.03480428518732125,0.03088964761710348,0.050447290070077234,0.0925156550397111,False,False
2025-09-04,10S,COINBASE->BYBITSPOT,6,60,1000,0.0150471952546269,0.0123764286746526,0.0346736196279362,0.03077367876259684,0.22838700618320673,0.3339401375669633,False,False
2025-09-04,15S,BINANCE->BITGET,1,15,1000,-0.0075462374331071,0.0134342179512236,0.037637106429055926,0.033403845206522904,0.0058397679067916375,0.013672012495998597,False,False
2025-09-04,15S,BINANCE->BITGET,3,45,1000,-0.0011957597109921,0.0142760378096233,0.039995536500662475,0.03549700912152396,0.02049041540776377,0.04193914218176781,False,False
2025-09-04,15S,BINANCE->BITGET,6,90,1000,-0.0074576484263521,0.0147787458068796,0.041403915794802904,0.03674697991888631,0.006858623584556883,0.015798443366255115,False,False
2025-09-04,15S,BINANCE->BYBITSPOT,1,15,1000,-0.0068402573883868,0.0133705825490772,0.03745882642705389,0.03324561737884652,0.0067263604118490685,0.015524517490758658,False,False
2025-09-04,15S,BINANCE->BYBITSPOT,3,45,1000,0.0169867306556668,0.013674874750321,0.038311326960045584,0.034002232287492856,0.23644693010883078,0.34359617947923227,False,False
2025-09-04,15S,BINANCE->BYBITSPOT,6,90,1000,-0.0130503176036131,0.0162434168944537,0.04550731666314794,0.04038884775707622,0.0028602541821336554,0.007177091161638297,False,False
2025-09-04,15S,BINANCE->COINBASE,1,15,1000,0.0123368741387639,0.0147327818437044,0.04127514383500537,0.03663269167996111,0.1308062057255422,0.20969560556319844,False,False
2025-09-04,15S,BINANCE->COINBASE,3,45,1000,-0.0097126617927231,0.0161941313042595,0.0453692388821939,0.04026630037607224,0.0052377015483564835,0.012396335518373165,False,False
2025-09-04,15S,BINANCE->COINBASE,6,90,1000,0.0201289162916299,0.0173796451865445,0.048690557050671275,0.04321405084117656,0.2113416058885903,0.3132480575289107,False,False
2025-09-04,15S,BITGET->BINANCE,1,15,1000,0.0165770259823263,0.0151543963140797,0.04245633270295134,0.0376810254613826,0.19322087658024867,0.2908244053807286,False,False
2025-09-04,15S,BITGET->BINANCE,3,45,1000,-0.0081613432750352,0.015353257396089,0.04301345897076655,0.0381754885425354,0.006359625643683097,0.014761769565287903,False,False
2025-09-04,15S,BITGET->BINANCE,6,90,1000,0.0123290055043867,0.0133614502553081,0.037433241527822916,0.03322291015997073,0.14981331596600972,0.2351091102954414,False,False
2025-09-04,15S,BITGET->BYBITSPOT,1,15,1000,-0.0063432758686764,0.0143917039642913,0.04031958508981631,0.03578461010731947,0.00818135468343208,0.018506854431115768,False,False
2025-09-04,15S,BITGET->BYBITSPOT,3,45,1000,0.0264396645927012,0.013850373581603,0.038803001891561335,0.03443860571952696,0.47965701429774776,0.604147002246617,False,False
2025-09-04,15S,BITGET->BYBITSPOT,6,90,1000,-0.0187573108578616,0.0171942874074518,0.04817126143670292,0.04275316338325993,0.0011409057275490503,0.0031118457082408304,False,False
2025-09-04,15S,BITGET->COINBASE,1,15,1000,-0.0056898969223336,0.0125444685192343,0.03514439757257029,0.03119150561171566,0.00789915040084785,0.017933509979604342,False,False
2025-09-04,15S,BITGET->COINBASE,3,45,1000,-0.0074568027240309,0.0133352895111314,0.03735994997364264,0.03315786212724276,0.00588205762879979,0.013761054151794835,False,False
2025-09-04,15S,BITGET->COINBASE,6,90,1000,0.0063467495154807,0.0123666814974404,0.03464631208034018,0.03074944265149763,0.07398342804411605,0.12889290891926902,False,False
2025-09-04,15S,BYBITSPOT->BINANCE,1,15,1000,-0.0130687214850156,0.0153522342673311,0.043010592588362186,0.0381729445585998,0.002467681496055444,0.006278143411931411,False,False
2025-09-04,15S,BYBITSPOT->BINANCE,3,45,1000,0.0160280831485805,0.0160677774688874,0.045015247844763545,0.039952124740888675,0.16791571670041439,0.25871111746050623,False,False
2025-09-04,15S,BYBITSPOT->BINANCE,6,90,1000,0.0098270565312233,0.01505999989002,0.04219187307666296,0.03744631112603475,0.09553217149836629,0.16051910891931986,False,False
2025-09-04,15S,BYBITSPOT->BITGET,1,15,1000,0.0016249321300082,0.0135547733151677,0.037974852554645944,0.03370360308827128,0.03287787777744572,0.06363270823420011,False,False
2025-09-04,15S,BYBITSPOT->BITGET,3,45,1000,0.018932178392781,0.0140922372471973,0.03948060356188894,0.035039993643701466,0.26877678910974745,0.38155234359412,False,False
2025-09-04,15S,BYBITSPOT->BITGET,6,90,1000,0.0067460473509893,0.0140240301403106,0.039289515539464914,0.03487039838711859,0.06957962896271713,0.12224873218848864,False,False
2025-09-04,15S,BYBITSPOT->COINBASE,1,15,1000,0.0120840038174656,0.0136971855285782,0.038373832506615545,0.03405770747674812,0.14057519812160107,0.22284254745504678,False,False
2025-09-04,15S,BYBITSPOT->COINBASE,3,45,1000,0.0035122920333591,0.0133494492627226,0.0373996197243927,0.03319306999360555,0.044861557054105,0.08352427853310657,False,False
2025-09-04,15S,BYBITSPOT->COINBASE,6,90,1000,0.0173844571986293,0.012700811814734,0.03558240663819332,0.0315802492855872,0.27719435634545603,0.39124092050760795,False,False
2025-09-04,15S,COINBASE->BINANCE,1,15,1000,0.0097271178835878,0.0161263678202707,0.045179393707123046,0.04009780817667254,0.08742508005546495,0.1487817307469746,False,False
2025-09-04,15S,COINBASE->BINANCE,3,45,1000,-0.0129471262686607,0.0186522953321176,0.05225599488633819,0.04637846343438677,0.0039760783529492845,0.009668128633311094,False,False
2025-09-04,15S,COINBASE->BINANCE,6,90,1000,-0.0071775891558321,0.0143051895219332,0.040077207506952574,0.035569494121323764,0.00691379776413784,0.015912535990306374,False,False
2025-09-04,15S,COINBASE->BITGET,1,15,1000,-0.0082354670514303,0.0152979387786699,0.04285847914991875,0.03803794019100384,0.0062394858178675214,0.014510837843315338,False,False
2025-09-04,15S,COINBASE->BITGET,3,45,1000,-0.0162784531545026,0.0179224942493736,0.050211394960759756,0.044563831388960334,0.002063854615693458,0.005338088867219898,False,False
2025-09-04,15S,COINBASE->BITGET,6,90,1000,-0.012947730142999,0.0141305205958674,0.03958785762562296,0.035135184227746356,0.0020120947644254833,0.005216330620794448,False,False
2025-09-04,15S,COINBASE->BYBITSPOT,1,15,1000,0.0119320416936145,0.0127331272430635,0.03567294106451824,0.03166060078573558,0.15318288911188932,0.23954494309553676,False,False
2025-09-04,15S,COINBASE->BYBITSPOT,3,45,1000,0.017919982938084,0.0150104867681189,0.042053157846242216,0.03732319799316159,0.221798559692569,0.32598658479191556,False,False
2025-09-04,15S,COINBASE->BYBITSPOT,6,90,1000,0.0085931196570012,0.0152699319700149,0.04278001568878438,0.03796830196535966,0.08117427611442685,0.13960273942301554,False,False
2025-09-04,30S,BINANCE->BITGET,1,30,1000,-0.0199988350108549,0.0181239972815467,0.05077592287710085,0.045064863612778186,0.0010941536333833554,0.002995270601513182,False,False
2025-09-04,30S,BINANCE->BITGET,3,90,1000,-0.0061140378106078,0.0197090453495236,0.05521657011434346,0.049006045786525496,0.011598368459477546,0.0252874963914855,False,False
2025-09-04,30S,BINANCE->BITGET,6,180,1000,-0.0110595913277016,0.0151471064233232,0.04243590945276627,0.037662899331280586,0.0035714292150125673,0.008774496266160161,False,False
2025-09-04,30S,BINANCE->BYBITSPOT,1,30,1000,0.0002150950786101,0.018189897985343,0.050960549314719814,0.04522872405605855,0.025699166080260485,0.051231485338330524,False,False
2025-09-04,30S,BINANCE->BYBITSPOT,3,90,1000,-0.0185424015975456,0.0185523147841511,0.051975890861056404,0.04612986431532661,0.001541045328664611,0.004092770089212041,False,False
2025-09-04,30S,BINANCE->BYBITSPOT,6,180,1000,-0.0360163204968069,0.0178556136228098,0.05002402318600048,0.044397534392353326,3.488765060295371e-05,0.00012515609372151313,False,False
2025-09-04,30S,BINANCE->COINBASE,1,30,1000,-0.0310690095964604,0.0199358997679621,0.055852122099704374,0.04957011359497171,0.00021707109691772883,0.0006793143511804558,False,False
2025-09-04,30S,BINANCE->COINBASE,3,90,1000,0.0314978536408753,0.0220646699391704,0.06181605314412136,0.05486324710951534,0.29721077066505497,0.41397587179069617,False,False
2025-09-04,30S,BINANCE->COINBASE,6,180,1000,-0.036270294702806,0.019171656516523,0.05371102950343,0.047669841962942966,5.861808684244795e-05,0.00020256116619253041,False,False
2025-09-04,30S,BITGET->BINANCE,1,30,1000,0.0088034231070296,0.0191609002566138,0.053680894924666205,0.047643096793085475,0.06674030218005021,0.11792840762869233,False,False
2025-09-04,30S,BITGET->BINANCE,3,90,1000,0.0212138979950365,0.0180574900951249,0.05058959732672326,0.04489949516569617,0.21617804285422726,0.3191575337563083,False,False
2025-09-04,30S,BITGET->BINANCE,6,180,1000,0.0390028071541434,0.0253698532654203,0.07107580589409654,0.06308150235966009,0.3362951230203086,0.4572019665087155,False,False
2025-09-04,30S,BITGET->BYBITSPOT,1,30,1000,0.0173602587035889,0.0194917616933575,0.05460783143509097,0.04846577543786566,0.14246319453348794,0.22536226571872459,False,False
2025-09-04,30S,BITGET->BYBITSPOT,3,90,1000,-0.0080546656424562,0.0173454298127276,0.04859469976515363,0.04312897517433739,0.0076682853209432324,0.017462720307057696,False,False
2025-09-04,30S,BITGET->BYBITSPOT,6,180,1000,0.0149407656793616,0.0201322579381406,0.05640223624673217,0.050058353248779115,0.11164365708768736,0.18333646945425824,False,False
2025-09-04,30S,BITGET->COINBASE,1,30,1000,-0.0037625543540727,0.0152555480505703,0.042739717912689865,0.03793253671126486,0.013671038807582043,0.02927956399345306,False,False
2025-09-04,30S,BITGET->COINBASE,3,90,1000,-0.012575371134039,0.0166225780684299,0.04656956900344202,0.041331622484254954,0.0032989343680623184,0.008166746470457845,False,False
2025-09-04,30S,BITGET->COINBASE,6,180,1000,-0.019459398545997,0.0168025330086432,0.047073728103870005,0.04177907591912249,0.0009101456124671016,0.002531667582123926,False,False
2025-09-04,30S,BYBITSPOT->BINANCE,1,30,1000,0.0314223419564871,0.0224660546898765,0.06294056672847553,0.0558612802015439,0.28729470633441534,0.40276565588115737,False,False
2025-09-04,30S,BYBITSPOT->BINANCE,3,90,1000,0.0146296429720898,0.0209543394521758,0.058705367664537114,0.052102438266729466,0.10351104967116592,0.17189942174375972,False,False
2025-09-04,30S,BYBITSPOT->BINANCE,6,180,1000,-0.0053858654764506,0.0232289846712516,0.06507798008675121,0.05775828642057343,0.014196120027415922,0.030278697366309615,False,False
2025-09-04,30S,BYBITSPOT->BITGET,1,30,1000,0.0104921276676877,0.0197796870421944,0.05541447883631245,0.049181694579456335,0.07642822603385928,0.1325529546412561,False,False
2025-09-04,30S,BYBITSPOT->BITGET,3,90,1000,0.0036905839829856,0.0205691291086947,0.05762616806037625,0.05114462243164975,0.03749377038536545,0.07140179379894432,False,False
2025-09-04,30S,BYBITSPOT->BITGET,6,180,1000,0.0188514344002019,0.0182109479566099,0.05101952260306286,0.04528106428042846,0.17753664589295698,0.271035835978062,False,False
2025-09-04,30S,BYBITSPOT->COINBASE,1,30,1000,-0.0080930555504117,0.0174685730631281,0.048939696075186064,0.0434351677707015,0.007691035126518702,0.017509184033310053,False,False
2025-09-04,30S,BYBITSPOT->COINBASE,3,90,1000,0.0024634101699766,0.0186246625366311,0.05217857925496807,0.04630975518308358,0.03379744763507058,0.06519222329704986,False,False
2025-09-04,30S,BYBITSPOT->COINBASE,6,180,1000,0.0075211779799212,0.0184547104686088,0.05170244405340907,0.045887173638451996,0.06028134529265725,0.10798679607211276,False,False
2025-09-04,30S,COINBASE->BINANCE,1,30,1000,-0.0175152838328556,0.0211766474220255,0.05932818238673674,0.052655201445054964,0.002659368281096052,0.006718777413422585,False,False
2025-09-04,30S,COINBASE->BINANCE,3,90,1000,-0.0053777395105878,0.016932844550427,0.04743880699308102,0.04210309229180409,0.011376516495753965,0.02485530037133401,False,False
2025-09-04,30S,COINBASE->BINANCE,6,180,1000,0.0129265458112329,0.0204312950419242,0.05724001417635961,0.050801901489701054,0.09220797916959306,0.15572838832304786,False,False
2025-09-04,30S,COINBASE->BITGET,1,30,1000,0.003180049629703,0.0239716646812642,0.06715866142459051,0.05960494159488376,0.033826939798477625,0.06524213931717408,False,False
2025-09-04,30S,COINBASE->BITGET,3,90,1000,-0.0175141708837409,0.0209809912300757,0.0587800348915379,0.05216870724246585,0.0025971720651148146,0.0065761716942739044,False,False
2025-09-04,30S,COINBASE->BITGET,6,180,1000,-0.0146399775070772,0.0226499238535904,0.06345569185960317,0.056318466254744154,0.004576008523637359,0.010975565410271775,False,False
2025-09-04,30S,COINBASE->BYBITSPOT,1,30,1000,0.0034399481746359,0.0199433613780424,0.055873026436208666,0.049588666700855405,0.036930123686704217,0.07046079851656539,False,False
2025-09-04,30S,COINBASE->BYBITSPOT,3,90,1000,0.01274237017528,0.0205390151012887,0.05754180110236946,0.05106974470928508,0.09019329415602767,0.15281013185566217,False,False
2025-09-04,30S,COINBASE->BYBITSPOT,6,180,1000,-0.0120677956376489,0.0196452125065735,0.055037736965104334,0.04884732702725427,0.005022870762051049,0.011937324110865845,False,False
2025-09-05,1S,BINANCE->BITGET,1,1,1000,-0.0010323271567769,0.0100781485698992,0.028234792059375947,0.025059063059684153,0.019585015065480434,0.04029388321355735,False,False
2025-09-05,1S,BINANCE->BITGET,3,3,1000,0.0002438017822474,0.0060220174060832,0.016871194948101693,0.014973594889866151,0.02746187598989659,0.05431641853121242,False,False
2025-09-05,1S,BINANCE->BITGET,6,6,1000,-0.0025606108075587,0.0084454855436549,0.023660747458890335,0.020999487489220037,0.011813011617825627,0.02570470127420808,False,False
2025-09-05,1S,BINANCE->BYBITSPOT,1,1,1000,-0.0027610006724251,0.0067814784194785,0.01899888969696306,0.01686197560722194,0.008963984799616374,0.02008521577970534,False,False
2025-09-05,1S,BINANCE->BYBITSPOT,3,3,1000,0.0081898102232115,0.007116893474687,0.019938583557567738,0.017695976709839273,0.2091978566658419,0.3106187337460201,False,False
2025-09-05,1S,BINANCE->BYBITSPOT,6,6,1000,-0.0039249179614194,0.0060242262567589,0.016877383231503753,0.014979087141541933,0.0045074797243127365,0.01082719707321992,False,False
2025-09-05,1S,BINANCE->COINBASE,1,1,1000,0.0334741641028647,0.0088506970898101,0.02479598213680744,0.02200703581192916,0.9657823333439662,0.9837107575327293,True,True
2025-09-05,1S,BINANCE->COINBASE,3,3,1000,-0.001541917605948,0.0067612480511985,0.018942212596232834,0.01681167330507457,0.014334211103504925,0.030540694051943026,False,False
2025-09-05,1S,BINANCE->COINBASE,6,6,1000,0.0023489877300087,0.0068579877096364,0.01921323699331775,0.017052214033796125,0.05289107818269349,0.09640092596480387,False,False
2025-09-05,1S,BITGET->BINANCE,1,1,1000,0.0369446022623622,0.0253971854114513,0.07115237923039629,0.06314946305365035,0.30667726974580267,0.42458383229713603,False,False
2025-09-05,1S,BITGET->BINANCE,3,3,1000,-0.0102836246126395,0.0195593826033707,0.0547972771770193,0.04863391313065927,0.006464332274582689,0.014980033858811267,False,False
2025-09-05,1S,BITGET->BINANCE,6,6,1000,0.000470016746494,0.018195572702335,0.05097644751796157,0.04524283409719975,0.026548413017594842,0.05272123823262705,False,False
2025-09-05,1S,BITGET->BYBITSPOT,1,1,1000,0.0066384818840147,0.0107630399526372,0.030153573633267684,0.02676202826505198,0.089607016734216,0.15195877980814743,False,False
2025-09-05,1S,BITGET->BYBITSPOT,3,3,1000,-0.0002840222215675,0.0114348262274935,0.03203564013063627,0.028432407949127495,0.023583233807060597,0.04749016091813323,False,False
2025-09-05,1S,BITGET->BYBITSPOT,6,6,1000,0.0085439484533761,0.0097121590777106,0.027209441308075698,0.024149039388141117,0.1400160368314649,0.22209500402198318,False,False
2025-09-05,1S,BITGET->COINBASE,1,1,1000,-0.0068103667142569,0.0092283796731983,0.02585409207956654,0.022946134060781824,0.003488450927667959,0.008589960469698007,False,False
2025-09-05,1S,BITGET->COINBASE,3,3,1000,-0.0011770802196747,0.0090765789409721,0.025428809392062896,0.022568685356292185,0.01832475025357862,0.03798719427589751,False,False
2025-09-05,1S,BITGET->COINBASE,6,6,1000,-0.0144281500489168,0.0088208985349983,0.024712498946125573,0.02193294245450966,0.0001617962616543415,0.0005180581593925912,False,False
2025-09-05,1S,BYBITSPOT->BINANCE,1,1,1000,0.0008053445630138,0.0135075925795601,0.037842671703187995,0.033586289375281936,0.02869410264710043,0.056456815537109344,False,False
2025-09-05,1S,BYBITSPOT->BINANCE,3,3,1000,0.0126406596140494,0.013594846220634,0.038087120214247164,0.033803243360301403,0.15146947875449723,0.23729185312157447,False,False
2025-09-05,1S,BYBITSPOT->BINANCE,6,6,1000,0.0141572427819027,0.0104956844704426,0.029404554466369824,0.02609725557975173,0.2705664378363942,0.383618704866579,False,False
2025-09-05,1S,BYBITSPOT->BITGET,1,1,1000,0.0247661799184974,0.010837642681179,0.030362579534781282,0.02694752607409769,0.6274987339763851,0.7390262465520645,False,False
2025-09-05,1S,BYBITSPOT->BITGET,3,3,1000,0.0058337798393481,0.0105626955759491,0.029592291789006245,0.02626387700896959,0.0796153386708881,0.13729498027675896,False,False
2025-09-05,1S,BYBITSPOT->BITGET,6,6,1000,0.0048675659718738,0.0109459355109222,0.03066597112581746,0.027216793472829206,0.06485172394784089,0.11503821693019334,False,False
2025-09-05,1S,BYBITSPOT->COINBASE,1,1,1000,-0.002730249987627,0.0097359597226882,0.027276120843226496,0.024208219093542184,0.01253269554821044,0.027096975798652435,False,False
2025-09-05,1S,BYBITSPOT->COINBASE,3,3,1000,-0.0097255464577131,0.0101054961370361,0.02831140859921804,0.02512706209786656,0.0017369171897815244,0.004563563950812154,False,False
2025-09-05,1S,BYBITSPOT->COINBASE,6,6,1000,-0.0138936138607701,0.0108366871102303,0.030359902421336547,0.0269451500709563,0.000593356610986033,0.0017115517201066446,False,False
2025-09-05,1S,COINBASE->BINANCE,1,1,1000,0.0185167432516695,0.0119617276993019,0.03351179950545665,0.02974253521275238,0.3401825666988214,0.46142094528329197,False,False
2025-09-05,1S,COINBASE->BINANCE,3,3,1000,-0.0201124021734242,0.013057847517482,0.036582672585350695,0.03246800958477976,0.00023243890000060346,0.0007235008506084398,False,False
2025-09-05,1S,COINBASE->BINANCE,6,6,1000,-0.0060841026860724,0.0103400393017389,0.02896850126245884,0.025710247780607903,0.005411438759227703,0.012766036762847254,False,False
2025-09-05,1S,COINBASE->BITGET,1,1,1000,0.0067124964874807,0.0094658937442178,0.026519507990028605,0.023536706827392614,0.10549650989739606,0.17470631647949175,False,False
2025-09-05,1S,COINBASE->BITGET,3,3,1000,-0.0214978640103803,0.012140818897386,0.03401353875870321,0.030187840974529687,9.548427460591464e-05,0.00031825130843296214,False,False
2025-09-05,1S,COINBASE->BITGET,6,6,1000,0.0070477409125906,0.0090545296047254,0.02536703629756494,0.022513860236023517,0.11868269087882632,0.19311149281631806,False,False
2025-09-05,1S,COINBASE->BYBITSPOT,1,1,1000,0.0052313644238881,0.0091896220989255,0.02574550943239395,0.022849764326697598,0.08215892734372648,0.14105647058242232,False,False
2025-09-05,1S,COINBASE->BYBITSPOT,3,3,1000,0.0287404308710409,0.0107639376708395,0.030156088667313275,0.02676426041879383,0.761179759586604,0.8473686548817357,False,True
2025-09-05,1S,COINBASE->BYBITSPOT,6,6,1000,-0.0180203193274798,0.0115425958843634,0.03233756600828409,0.028700374491661837,0.00021482710274538713,0.000672840760470349,False,False
2025-09-05,2S,BINANCE->BITGET,1,2,1000,-0.0010323271567769,0.0100781485698992,0.028234792059375947,0.025059063059684153,0.019585015065480434,0.04029388321355735,False,False
2025-09-05,2S,BINANCE->BITGET,3,6,1000,0.0002438017822474,0.0060220174060832,0.016871194948101693,0.014973594889866151,0.02746187598989659,0.05431641853121242,False,False
2025-09-05,2S,BINANCE->BITGET,6,12,1000,-0.0025606108075587,0.0084454855436549,0.023660747458890335,0.020999487489220037,0.011813011617825627,0.02570470127420808,False,False
2025-09-05,2S,BINANCE->BYBITSPOT,1,2,1000,-0.0027610006724251,0.0067814784194785,0.01899888969696306,0.01686197560722194,0.008963984799616374,0.02008521577970534,False,False
2025-09-05,2S,BINANCE->BYBITSPOT,3,6,1000,0.0081898102232115,0.007116893474687,0.019938583557567738,0.017695976709839273,0.2091978566658419,0.3106187337460201,False,False
2025-09-05,2S,BINANCE->BYBITSPOT,6,12,1000,-0.0039249179614194,0.0060242262567589,0.016877383231503753,0.014979087141541933,0.0045074797243127365,0.01082719707321992,False,False
2025-09-05,2S,BINANCE->COINBASE,1,2,1000,0.0334741641028647,0.0088506970898101,0.02479598213680744,0.02200703581192916,0.9657823333439662,0.9837107575327293,True,True
2025-09-05,2S,BINANCE->COINBASE,3,6,1000,-0.001541917605948,0.0067612480511985,0.018942212596232834,0.01681167330507457,0.014334211103504925,0.030540694051943026,False,False
2025-09-05,2S,BINANCE->COINBASE,6,12,1000,0.0023489877300087,0.0068579877096364,0.01921323699331775,0.017052214033796125,0.05289107818269349,0.09640092596480387,False,False
2025-09-05,2S,BITGET->BINANCE,1,2,1000,0.0369446022623622,0.0253971854114513,0.07115237923039629,0.06314946305365035,0.30667726974580267,0.42458383229713603,False,False
2025-09-05,2S,BITGET->BINANCE,3,6,1000,-0.0102836246126395,0.0195593826033707,0.0547972771770193,0.04863391313065927,0.006464332274582689,0.014980033858811267,False,False
2025-09-05,2S,BITGET->BINANCE,6,12,1000,0.000470016746494,0.018195572702335,0.05097644751796157,0.04524283409719975,0.026548413017594842,0.05272123823262705,False,False
2025-09-05,2S,BITGET->BYBITSPOT,1,2,1000,0.0066384818840147,0.0107630399526372,0.030153573633267684,0.02676202826505198,0.089607016734216,0.15195877980814743,False,False
2025-09-05,2S,BITGET->BYBITSPOT,3,6,1000,-0.0002840222215675,0.0114348262274935,0.03203564013063627,0.028432407949127495,0.023583233807060597,0.04749016091813323,False,False
2025-09-05,2S,BITGET->BYBITSPOT,6,12,1000,0.0085439484533761,0.0097121590777106,0.027209441308075698,0.024149039388141117,0.1400160368314649,0.22209500402198318,False,False
2025-09-05,2S,BITGET->COINBASE,1,2,1000,-0.0068103667142569,0.0092283796731983,0.02585409207956654,0.022946134060781824,0.003488450927667959,0.008589960469698007,False,False
2025-09-05,2S,BITGET->COINBASE,3,6,1000,-0.0011770802196747,0.0090765789409721,0.025428809392062896,0.022568685356292185,0.01832475025357862,0.03798719427589751,False,False
2025-09-05,2S,BITGET->COINBASE,6,12,1000,-0.0144281500489168,0.0088208985349983,0.024712498946125573,0.02193294245450966,0.0001617962616543415,0.0005180581593925912,False,False
2025-09-05,2S,BYBITSPOT->BINANCE,1,2,1000,0.0008053445630138,0.0135075925795601,0.037842671703187995,0.033586289375281936,0.02869410264710043,0.056456815537109344,False,False
2025-09-05,2S,BYBITSPOT->BINANCE,3,6,1000,0.0126406596140494,0.013594846220634,0.038087120214247164,0.033803243360301403,0.15146947875449723,0.23729185312157447,False,False
2025-09-05,2S,BYBITSPOT->BINANCE,6,12,1000,0.0141572427819027,0.0104956844704426,0.029404554466369824,0.02609725557975173,0.2705664378363942,0.383618704866579,False,False
2025-09-05,2S,BYBITSPOT->BITGET,1,2,1000,0.0247661799184974,0.010837642681179,0.030362579534781282,0.02694752607409769,0.6274987339763851,0.7390262465520645,False,False
2025-09-05,2S,BYBITSPOT->BITGET,3,6,1000,0.0058337798393481,0.0105626955759491,0.029592291789006245,0.02626387700896959,0.0796153386708881,0.13729498027675896,False,False
2025-09-05,2S,BYBITSPOT->BITGET,6,12,1000,0.0048675659718738,0.0109459355109222,0.03066597112581746,0.027216793472829206,0.06485172394784089,0.11503821693019334,False,False
2025-09-05,2S,BYBITSPOT->COINBASE,1,2,1000,-0.002730249987627,0.0097359597226882,0.027276120843226496,0.024208219093542184,0.01253269554821044,0.027096975798652435,False,False
2025-09-05,2S,BYBITSPOT->COINBASE,3,6,1000,-0.0097255464577131,0.0101054961370361,0.02831140859921804,0.02512706209786656,0.0017369171897815244,0.004563563950812154,False,False
2025-09-05,2S,BYBITSPOT->COINBASE,6,12,1000,-0.0138936138607701,0.0108366871102303,0.030359902421336547,0.0269451500709563,0.000593356610986033,0.0017115517201066446,False,False
2025-09-05,2S,COINBASE->BINANCE,1,2,1000,0.0185167432516695,0.0119617276993019,0.03351179950545665,0.02974253521275238,0.3401825666988214,0.46142094528329197,False,False
2025-09-05,2S,COINBASE->BINANCE,3,6,1000,-0.0201124021734242,0.013057847517482,0.036582672585350695,0.03246800958477976,0.00023243890000060346,0.0007235008506084398,False,False
2025-09-05,2S,COINBASE->BINANCE,6,12,1000,-0.0060841026860724,0.0103400393017389,0.02896850126245884,0.025710247780607903,0.005411438759227703,0.012766036762847254,False,False
2025-09-05,2S,COINBASE->BITGET,1,2,1000,0.0067124964874807,0.0094658937442178,0.026519507990028605,0.023536706827392614,0.10549650989739606,0.17470631647949175,False,False
2025-09-05,2S,COINBASE->BITGET,3,6,1000,-0.0214978640103803,0.012140818897386,0.03401353875870321,0.030187840974529687,9.548427460591464e-05,0.00031825130843296214,False,False
2025-09-05,2S,COINBASE->BITGET,6,12,1000,0.0070477409125906,0.0090545296047254,0.02536703629756494,0.022513860236023517,0.11868269087882632,0.19311149281631806,False,False
2025-09-05,2S,COINBASE->BYBITSPOT,1,2,1000,0.0052313644238881,0.0091896220989255,0.02574550943239395,0.022849764326697598,0.08215892734372648,0.14105647058242232,False,False
2025-09-05,2S,COINBASE->BYBITSPOT,3,6,1000,0.0287404308710409,0.0107639376708395,0.030156088667313275,0.02676426041879383,0.761179759586604,0.8473686548817357,False,True
2025-09-05,2S,COINBASE->BYBITSPOT,6,12,1000,-0.0180203193274798,0.0115425958843634,0.03233756600828409,0.028700374491661837,0.00021482710274538713,0.000672840760470349,False,False
2025-09-05,5S,BINANCE->BITGET,1,5,1000,-0.0010323271567769,0.0100781485698992,0.028234792059375947,0.025059063059684153,0.019585015065480434,0.04029388321355735,False,False
2025-09-05,5S,BINANCE->BITGET,3,15,1000,0.0002438017822474,0.0060220174060832,0.016871194948101693,0.014973594889866151,0.02746187598989659,0.05431641853121242,False,False
2025-09-05,5S,BINANCE->BITGET,6,30,1000,-0.0025606108075587,0.0084454855436549,0.023660747458890335,0.020999487489220037,0.011813011617825627,0.02570470127420808,False,False
2025-09-05,5S,BINANCE->BYBITSPOT,1,5,1000,-0.0027610006724251,0.0067814784194785,0.01899888969696306,0.01686197560722194,0.008963984799616374,0.02008521577970534,False,False
2025-09-05,5S,BINANCE->BYBITSPOT,3,15,1000,0.0081898102232115,0.007116893474687,0.019938583557567738,0.017695976709839273,0.2091978566658419,0.3106187337460201,False,False
2025-09-05,5S,BINANCE->BYBITSPOT,6,30,1000,-0.0039249179614194,0.0060242262567589,0.016877383231503753,0.014979087141541933,0.0045074797243127365,0.01082719707321992,False,False
2025-09-05,5S,BINANCE->COINBASE,1,5,1000,0.0334741641028647,0.0088506970898101,0.02479598213680744,0.02200703581192916,0.9657823333439662,0.9837107575327293,True,True
2025-09-05,5S,BINANCE->COINBASE,3,15,1000,-0.001541917605948,0.0067612480511985,0.018942212596232834,0.01681167330507457,0.014334211103504925,0.030540694051943026,False,False
2025-09-05,5S,BINANCE->COINBASE,6,30,1000,0.0023489877300087,0.0068579877096364,0.01921323699331775,0.017052214033796125,0.05289107818269349,0.09640092596480387,False,False
2025-09-05,5S,BITGET->BINANCE,1,5,1000,0.0369446022623622,0.0253971854114513,0.07115237923039629,0.06314946305365035,0.30667726974580267,0.42458383229713603,False,False
2025-09-05,5S,BITGET->BINANCE,3,15,1000,-0.0102836246126395,0.0195593826033707,0.0547972771770193,0.04863391313065927,0.006464332274582689,0.014980033858811267,False,False
2025-09-05,5S,BITGET->BINANCE,6,30,1000,0.000470016746494,0.018195572702335,0.05097644751796157,0.04524283409719975,0.026548413017594842,0.05272123823262705,False,False
2025-09-05,5S,BITGET->BYBITSPOT,1,5,1000,0.0066384818840147,0.0107630399526372,0.030153573633267684,0.02676202826505198,0.089607016734216,0.15195877980814743,False,False
2025-09-05,5S,BITGET->BYBITSPOT,3,15,1000,-0.0002840222215675,0.0114348262274935,0.03203564013063627,0.028432407949127495,0.023583233807060597,0.04749016091813323,False,False
2025-09-05,5S,BITGET->BYBITSPOT,6,30,1000,0.0085439484533761,0.0097121590777106,0.027209441308075698,0.024149039388141117,0.1400160368314649,0.22209500402198318,False,False
2025-09-05,5S,BITGET->COINBASE,1,5,1000,-0.0068103667142569,0.0092283796731983,0.02585409207956654,0.022946134060781824,0.003488450927667959,0.008589960469698007,False,False
2025-09-05,5S,BITGET->COINBASE,3,15,1000,-0.0011770802196747,0.0090765789409721,0.025428809392062896,0.022568685356292185,0.01832475025357862,0.03798719427589751,False,False
2025-09-05,5S,BITGET->COINBASE,6,30,1000,-0.0144281500489168,0.0088208985349983,0.024712498946125573,0.02193294245450966,0.0001617962616543415,0.0005180581593925912,False,False
2025-09-05,5S,BYBITSPOT->BINANCE,1,5,1000,0.0008053445630138,0.0135075925795601,0.037842671703187995,0.033586289375281936,0.02869410264710043,0.056456815537109344,False,False
2025-09-05,5S,BYBITSPOT->BINANCE,3,15,1000,0.0126406596140494,0.013594846220634,0.038087120214247164,0.033803243360301403,0.15146947875449723,0.23729185312157447,False,False
2025-09-05,5S,BYBITSPOT->BINANCE,6,30,1000,0.0141572427819027,0.0104956844704426,0.029404554466369824,0.02609725557975173,0.2705664378363942,0.383618704866579,False,False
2025-09-05,5S,BYBITSPOT->BITGET,1,5,1000,0.0247661799184974,0.010837642681179,0.030362579534781282,0.02694752607409769,0.6274987339763851,0.7390262465520645,False,False
2025-09-05,5S,BYBITSPOT->BITGET,3,15,1000,0.0058337798393481,0.0105626955759491,0.029592291789006245,0.02626387700896959,0.0796153386708881,0.13729498027675896,False,False
2025-09-05,5S,BYBITSPOT->BITGET,6,30,1000,0.0048675659718738,0.0109459355109222,0.03066597112581746,0.027216793472829206,0.06485172394784089,0.11503821693019334,False,False
2025-09-05,5S,BYBITSPOT->COINBASE,1,5,1000,-0.002730249987627,0.0097359597226882,0.027276120843226496,0.024208219093542184,0.01253269554821044,0.027096975798652435,False,False
2025-09-05,5S,BYBITSPOT->COINBASE,3,15,1000,-0.0097255464577131,0.0101054961370361,0.02831140859921804,0.02512706209786656,0.0017369171897815244,0.004563563950812154,False,False
2025-09-05,5S,BYBITSPOT->COINBASE,6,30,1000,-0.0138936138607701,0.0108366871102303,0.030359902421336547,0.0269451500709563,0.000593356610986033,0.0017115517201066446,False,False
2025-09-05,5S,COINBASE->BINANCE,1,5,1000,0.0185167432516695,0.0119617276993019,0.03351179950545665,0.02974253521275238,0.3401825666988214,0.46142094528329197,False,False
2025-09-05,5S,COINBASE->BINANCE,3,15,1000,-0.0201124021734242,0.013057847517482,0.036582672585350695,0.03246800958477976,0.00023243890000060346,0.0007235008506084398,False,False
2025-09-05,5S,COINBASE->BINANCE,6,30,1000,-0.0060841026860724,0.0103400393017389,0.02896850126245884,0.025710247780607903,0.005411438759227703,0.012766036762847254,False,False
2025-09-05,5S,COINBASE->BITGET,1,5,1000,0.0067124964874807,0.0094658937442178,0.026519507990028605,0.023536706827392614,0.10549650989739606,0.17470631647949175,False,False
2025-09-05,5S,COINBASE->BITGET,3,15,1000,-0.0214978640103803,0.012140818897386,0.03401353875870321,0.030187840974529687,9.548427460591464e-05,0.00031825130843296214,False,False
2025-09-05,5S,COINBASE->BITGET,6,30,1000,0.0070477409125906,0.0090545296047254,0.02536703629756494,0.022513860236023517,0.11868269087882632,0.19311149281631806,False,False
2025-09-05,5S,COINBASE->BYBITSPOT,1,5,1000,0.0052313644238881,0.0091896220989255,0.02574550943239395,0.022849764326697598,0.08215892734372648,0.14105647058242232,False,False
2025-09-05,5S,COINBASE->BYBITSPOT,3,15,1000,0.0287404308710409,0.0107639376708395,0.030156088667313275,0.02676426041879383,0.761179759586604,0.8473686548817357,False,True
2025-09-05,5S,COINBASE->BYBITSPOT,6,30,1000,-0.0180203193274798,0.0115425958843634,0.03233756600828409,0.028700374491661837,0.00021482710274538713,0.000672840760470349,False,False
2025-09-05,10S,BINANCE->BITGET,1,10,1000,-0.0117565805202243,0.016153960155081,0.0452566959844608,0.04016641582352152,0.0035967920892788626,0.008830810537220636,False,False
2025-09-05,10S,BINANCE->BITGET,3,30,1000,-0.0051659297435031,0.0084346859781617,0.023630491555842542,0.020972634641116608,0.005049418535920127,0.011994160916291385,False,False
2025-09-05,10S,BINANCE->BITGET,6,60,1000,0.0035414467962836,0.0120392727913594,0.03372904868910215,0.029935349134710403,0.04787601857760467,0.08839645543019531,False,False
2025-09-05,10S,BINANCE->BYBITSPOT,1,10,1000,-0.0037955864836286,0.0100439901431124,0.028139094315816057,0.024974128990203716,0.009697249142401986,0.021549469460652074,False,False
2025-09-05,10S,BINANCE->BYBITSPOT,3,30,1000,0.0036512599096195,0.006195062332173,0.01735599505510433,0.01540386674832974,0.08525269340713248,0.14560490170646345,False,False
2025-09-05,10S,BINANCE->BYBITSPOT,6,60,1000,-0.0085278172204754,0.0062182446456951,0.017420942281989506,0.015461508988111236,0.0004320785199084689,0.001279516413207401,False,False
2025-09-05,10S,BINANCE->COINBASE,1,10,1000,0.0167378411036521,0.0076369672079408,0.021395614440980412,0.018989126973193913,0.591623390117583,0.7077533645006012,False,False
2025-09-05,10S,BINANCE->COINBASE,3,30,1000,-0.0104896564735136,0.0067283258699232,0.018849978299823916,0.016729813128979906,0.00021659392101576239,0.0006779382396113801,False,False
2025-09-05,10S,BINANCE->COINBASE,6,60,1000,0.0051836470403176,0.0085857863708498,0.02405381218244859,0.021348341968950933,0.0875151489817248,0.14891314769394437,False,False
2025-09-05,10S,BITGET->BINANCE,1,10,1000,-0.0164082580721857,0.0177530444767952,0.04973666698269151,0.04414249878932257,0.0019619577479036646,0.005098092536373715,False,False
2025-09-05,10S,BITGET->BINANCE,3,30,1000,-0.0106115082926941,0.0157042051654073,0.04399666905361842,0.03904811134830247,0.004198502661254137,0.010155169501696112,False,False
2025-09-05,10S,BITGET->BINANCE,6,60,1000,-0.0211769685924653,0.0216333716811323,0.060607734319803944,0.05379083483351564,0.0016470730228580642,0.004348297379756976,False,False
2025-09-05,10S,BITGET->BYBITSPOT,1,10,1000,-0.0073106720447657,0.0158059964495671,0.04428184601065325,0.039301212817386307,0.0077072917983099,0.01754237668084121,False,False
2025-09-05,10S,BITGET->BYBITSPOT,3,30,1000,0.0177052577773076,0.0121187661217601,0.03395175602849132,0.0301330073023311,0.30889483483449326,0.427055742193321,False,False
2025-09-05,10S,BITGET->BYBITSPOT,6,60,1000,-0.0053379656934955,0.0127087273027985,0.03560458255254897,0.03159993094766836,0.008656610126015235,0.019467308056708862,False,False
2025-09-05,10S,BITGET->COINBASE,1,10,1000,0.0085370838852788,0.0162381169280091,0.04549246835550026,0.0403756695237501,0.07575467182247424,0.13154657290852162,False,False
2025-09-05,10S,BITGET->COINBASE,3,30,1000,-0.007453117585112,0.012573836305808,0.03522667392932387,0.03126452787474041,0.0053443906160734,0.012623519409298782,False,False
2025-09-05,10S,BITGET->COINBASE,6,60,1000,-0.0123574148158317,0.0144304054077685,0.04042801048178167,0.03588084027359153,0.0024289411783804393,0.006188675625815509,False,False
2025-09-05,10S,BYBITSPOT->BINANCE,1,10,1000,0.0102291356890099,0.0147380890452223,0.041290012412327465,0.0366458879031151,0.10277394372184107,0.17085487747744893,False,False
2025-09-05,10S,BYBITSPOT->BINANCE,3,30,1000,-0.0196234734148138,0.0205708664444048,0.057631035354420566,0.05114894227321721,0.0017846702613715116,0.0046775329210643575,False,False
2025-09-05,10S,BYBITSPOT->BINANCE,6,60,1000,0.0058163810272076,0.0197957112165345,0.05545937192627614,0.04922153828611365,0.04784239578714168,0.0883423722733036,False,False
2025-09-05,10S,BYBITSPOT->BITGET,1,10,1000,-0.0088476247574892,0.0137778336613868,0.03859977512336053,0.03425823703152493,0.004632367449204841,0.011097405636976223,False,False
2025-09-05,10S,BYBITSPOT->BITGET,3,30,1000,0.0049778894574955,0.0140436555898618,0.03934449790882638,0.03491919657405414,0.05419127510705382,0.0984567066625659,False,False
2025-09-05,10S,BYBITSPOT->BITGET,6,60,1000,-0.0076779324475084,0.0145212627439434,0.04068255505176639,0.03610675475588463,0.0064105329283406605,0.014867937299848403,False,False
2025-09-05,10S,BYBITSPOT->COINBASE,1,10,1000,0.0151918490465519,0.0141062704809268,0.039519918862067835,0.035074886926581735,0.18861629310225347,0.2850526367877687,False,False
2025-09-05,10S,BYBITSPOT->COINBASE,3,30,1000,-0.0230641503580423,0.0135154373845166,0.037864649592793106,0.03360579528559199,0.0001229617605922389,0.000402081629085954,False,False
2025-09-05,10S,BYBITSPOT->COINBASE,6,60,1000,0.0155185213522861,0.012894992549823,0.03612642051526097,0.03206307480178414,0.2246715347583637,0.32946160319706796,False,False
2025-09-05,10S,COINBASE->BINANCE,1,10,1000,0.0101890078162446,0.0180479525302677,0.05056287702600253,0.044875780250448125,0.08144582068946687,0.14000394420342854,False,False
2025-09-05,10S,COINBASE->BINANCE,3,30,1000,-0.0010378158197311,0.0150303710461072,0.04210886534552709,0.037372639750499176,0.021228539028030402,0.043273404687617534,False,False
2025-09-05,10S,COINBASE->BINANCE,6,60,1000,-0.0214117202605055,0.0165017019996318,0.04623092439587367,0.04103106717794947,0.0005619711810444193,0.0016283958184554362,False,False
2025-09-05,10S,COINBASE->BITGET,1,10,1000,0.0040856899933021,0.0144997312590453,0.04062223276195185,0.03605321725997574,0.046655295643788626,0.08642917257957711,False,False
2025-09-05,10S,COINBASE->BITGET,3,30,1000,0.0033633590052139,0.0121072938291818,0.03391961542318609,0.030104481735242578,0.04626814486602891,0.0858036373552738,False,False
2025-09-05,10S,COINBASE->BITGET,6,60,1000,0.0042762902447815,0.0144645833403386,0.040523762872455724,0.03596582284371178,0.04802371854189918,0.08863396669304174,False,False
2025-09-05,10S,COINBASE->BYBITSPOT,1,10,1000,0.0121793666507066,0.0103498806052393,0.028996072512872527,0.02573471793435644,0.21675483490604713,0.31986023983178147,False,False
2025-09-05,10S,COINBASE->BYBITSPOT,3,30,1000,-0.0120344935787454,0.0150560158251381,0.04218071137938183,0.03743640484886321,0.002896456218832622,0.007259327013067309,False,False
2025-09-05,10S,COINBASE->BYBITSPOT,6,60,1000,-0.0041184542968288,0.010967130073394,0.030725349498742824,0.027269493219595146,0.009758891161280097,0.021671956702452644,False,False
2025-09-05,15S,BINANCE->BITGET,1,15,1000,-0.0170229281319584,0.0194354033876531,0.05444993883891164,0.04832564192754993,0.002285294665788273,0.005855654357746021,False,False
2025-09-05,15S,BINANCE->BITGET,3,45,1000,-0.007196225520408,0.0098315288061741,0.027543865774829198,0.024445849217073233,0.0035521220974098987,0.008731599664574994,False,False
2025-09-05,15S,BINANCE->BITGET,6,90,1000,0.0093574845312075,0.0085336490692749,0.02390774508904405,0.02121870387928937,0.1939521013256265,0.29173816462751834,False,False
2025-09-05,15S,BINANCE->BYBITSPOT,1,15,1000,-0.0011910839191605,0.0119557175061551,0.03349496143717857,0.029727591018585964,0.019718942848582353,0.04053786488739458,False,False
2025-09-05,15S,BINANCE->BYBITSPOT,3,45,1000,0.0135653645004364,0.0119414689232874,0.033455042818037364,0.029692162275487332,0.20497658047338868,0.3054231810630562,False,False
2025-09-05,15S,BINANCE->BYBITSPOT,6,90,1000,-0.0153688775158125,0.0084549452735885,0.023687249698439647,0.021023008869887283,7.914097805124808e-05,0.0002674996006245646,False,False
2025-09-05,15S,BINANCE->COINBASE,1,15,1000,0.0075046377692038,0.0079736460978206,0.022338849042118344,0.019826270568949294,0.1541528110269152,0.24081808393269377,False,False
2025-09-05,15S,BINANCE->COINBASE,3,45,1000,-0.0130241681768227,0.0082693948848645,0.023167414472175376,0.020561642492964532,0.00020392738707964767,0.0006413151600776463,False,False
2025-09-05,15S,BINANCE->COINBASE,6,90,1000,0.0055325517611142,0.0098874023937811,0.02770040039195191,0.024584777488025344,0.08069553611457347,0.13889484830451293,False,False
2025-09-05,15S,BITGET->BINANCE,1,15,1000,0.036117695802746,0.0384884711366656,0.10782873180424998,0.09570061590133747,0.15349435972833914,0.2399539653507875,False,False
2025-09-05,15S,BITGET->BINANCE,3,45,1000,-0.0186632699045807,0.0210817862301483,0.059062420673801,0.05241933147621292,0.0022188754128739524,0.0057009653110044025,False,False
2025-09-05,15S,BITGET->BINANCE,6,90,1000,-0.0243341750262278,0.0276702950908555,0.0775206897073646,0.06880149312670354,0.002259943202847827,0.005796665376534328,False,False
2025-09-05,15S,BITGET->BYBITSPOT,1,15,1000,0.0120723837203322,0.0176909598389338,0.049562731578987114,0.04398812689805544,0.10070232828215026,0.16791192541966948,False,False
2025-09-05,15S,BITGET->BYBITSPOT,3,45,1000,0.0024951622826546,0.0158911445858665,0.04452039577065951,0.03951293151771526,0.03569818374373076,0.06839684609107079,False,False
2025-09-05,15S,BITGET->BYBITSPOT,6,90,1000,0.0104579836976477,0.0142902467661912,0.040035344103347914,0.035532339334824324,0.10969771265491579,0.18061418191869277,False,False
2025-09-05,15S,BITGET->COINBASE,1,15,1000,0.0146810756170686,0.015166528572373,0.04249032225844818,0.03771119201663027,0.1606055523911863,0.24924681976254015,False,False
2025-09-05,15S,BITGET->COINBASE,3,45,1000,0.0044052183847682,0.013304886204491,0.03727477251917714,0.03308226506960459,0.051670673679281985,0.09446419149580565,False,False
2025-09-05,15S,BITGET->COINBASE,6,90,1000,0.0105810582354555,0.0131457628932377,0.036828975002512705,0.03268660895644986,0.12403263728235298,0.20046791224957383,False,False
2025-09-05,15S,BYBITSPOT->BINANCE,1,15,1000,0.018991822484434,0.0223680996647082,0.06266613737792413,0.05561771749400089,0.13330449160341268,0.21307552766899368,False,False
2025-09-05,15S,BYBITSPOT->BINANCE,3,45,1000,-5.167124073022126e-05,0.0209706642142357,0.05875110287661334,0.05214302937719545,0.024856339988192,0.049746390651011364,False,False
2025-09-05,15S,BYBITSPOT->BINANCE,6,90,1000,-0.0038329356393336,0.0179645532167094,0.050329226741936836,0.04466840995390042,0.014877931915328695,0.031569268470177846,False,False
2025-09-05,15S,BYBITSPOT->BITGET,1,15,1000,0.0176457311454159,0.0154666715248928,0.04333119831754843,0.03845748992263432,0.20637136910681242,0.3071425660265211,False,False
2025-09-05,15S,BYBITSPOT->BITGET,3,45,1000,0.0139407626453934,0.0154349511134909,0.043242330881852406,0.038378617917118,0.14530839760881087,0.22914693888536858,False,False
2025-09-05,15S,BYBITSPOT->BITGET,6,90,1000,0.0211700432715632,0.0155728782840501,0.04362874560406721,0.038721570359296714,0.27407104566346496,0.38765501662188684,False,False
2025-09-05,15S,BYBITSPOT->COINBASE,1,15,1000,-0.0063373233476241,0.0174192261443969,0.04880144647710931,0.043312467897832024,0.010068751996273944,0.02228630365129136,False,False
2025-09-05,15S,BYBITSPOT->COINBASE,3,45,1000,0.007035402655938,0.0182899155065982,0.051240756923820685,0.04547741510827157,0.05759317105043384,0.10379979770635123,False,False
2025-09-05,15S,BYBITSPOT->COINBASE,6,90,1000,-0.0152422688386784,0.0176645124509402,0.04948863696772654,0.043922366132682814,0.002380022437955496,0.006075494727854948,False,False
2025-09-05,15S,COINBASE->BINANCE,1,15,1000,-0.004200841794322,0.0202818627997594,0.05682136701560123,0.05043034197620649,0.015114108213608498,0.032014584241254675,False,False
2025-09-05,15S,COINBASE->BINANCE,3,45,1000,-0.0161402711340829,0.0218968803654723,0.061345976354695284,0.054446042552656906,0.0034976527054300073,0.008610446875334984,False,False
2025-09-05,15S,COINBASE->BINANCE,6,90,1000,0.0010105677751183,0.0216569198177274,0.06067370643120289,0.05384938668317155,0.027854739082736793,0.055000232937056776,False,False
2025-09-05,15S,COINBASE->BITGET,1,15,1000,-0.0189171299794036,0.0156786470144117,0.043925065715586846,0.03898456164837042,0.0007713797557893543,0.0021763084190903692,False,False
2025-09-05,15S,COINBASE->BITGET,3,45,1000,0.0446614840723763,0.0214302870103166,0.06003877530802135,0.05328586990497454,0.5493707698446968,0.6697352080896706,False,False
2025-09-05,15S,COINBASE->BITGET,6,90,1000,0.0090546842511329,0.0145248483379275,0.040692600398870404,0.036115670245186145,0.09068130681428022,0.15351805323219853,False,False
2025-09-05,15S,COINBASE->BYBITSPOT,1,15,1000,0.0155715343144955,0.0134165300574643,0.03758755228736032,0.03335986470335478,0.21204638063062137,0.3141111267933286,False,False
2025-09-05,15S,COINBASE->BYBITSPOT,3,45,1000,0.010747633916249,0.0170479607518729,0.047761314841417164,0.042389325832738384,0.0918367817873671,0.155191558806608,False,False
2025-09-05,15S,COINBASE->BYBITSPOT,6,90,1000,-0.0266035322958059,0.0178905144899751,0.050121800939550105,0.04448431452117035,0.0002834422987535067,0.00086847650863934,False,False
2025-09-05,30S,BINANCE->BITGET,1,30,1000,-0.0172975811194458,0.023591157220786,0.06609263734793307,0.058658819360162734,0.003538627346059971,0.008701602447481192,False,False
2025-09-05,30S,BINANCE->BITGET,3,90,1000,0.0022283161653486,0.0105942705987137,0.029680751906045126,0.02634238750929425,0.04009093511534553,0.07571175844395431,False,False
2025-09-05,30S,BINANCE->BITGET,6,180,1000,-0.0038695923461624,0.0080771634812424,0.022628861813330594,0.02008366394045486,0.007363126038161942,0.016837925371966746,False,False
2025-09-05,30S,BINANCE->BYBITSPOT,1,30,1000,-0.0101610547145474,0.0139330299419575,0.03903457072891352,0.03464412868161087,0.0035807223109296424,0.00879513499062005,False,False
2025-09-05,30S,BINANCE->BYBITSPOT,3,90,1000,0.0071693946977006,0.0138694914730213,0.03885656229356033,0.0344861418759248,0.07450380873174008,0.1296736278690328,False,False
2025-09-05,30S,BINANCE->BYBITSPOT,6,180,1000,-0.0128286698182583,0.010178215624114,0.02851513843928424,0.025307877274355985,0.0006401293710016364,0.001834751096148829,False,False
2025-09-05,30S,BINANCE->COINBASE,1,30,1000,-0.0017162197341546,0.0078414201682729,0.021968406832446264,0.01949749411921947,0.014672152816991177,0.031180548610488298,False,False
2025-09-05,30S,BINANCE->COINBASE,3,90,1000,-0.0030214526993615,0.0099129791867038,0.027772055956930882,0.024648373540640478,0.01176365565656489,0.02560884900483568,False,False
2025-09-05,30S,BINANCE->COINBASE,6,180,1000,-0.0075833537604197,0.0098690300694715,0.027648928759743757,0.024539095165500124,0.00318247539463313,0.007905426214287322,False,False
2025-09-05,30S,BITGET->BINANCE,1,30,1000,-0.0360538574661731,0.0248452163485826,0.06960599086300767,0.061777005855040125,0.00032350348119680554,0.0009807768520768416,False,False
2025-09-05,30S,BITGET->BINANCE,3,90,1000,0.0198368855468819,0.0188466179279668,0.05280040619841465,0.046861641683797646,0.18209224537028124,0.27682147410240987,False,False
2025-09-05,30S,BITGET->BINANCE,6,180,1000,0.0140015007552717,0.032779022129185,0.09183322386132257,0.08150421447679104,0.06266062687969591,0.11166796964833081,False,False
2025-09-05,30S,BITGET->BYBITSPOT,1,30,1000,0.0097801637217172,0.0147939553031816,0.04144652649481753,0.03678479794908247,0.09699391214820113,0.1626163358664519,False,False
2025-09-05,30S,BITGET->BYBITSPOT,3,90,1000,0.0062992863028271,0.0154223408416003,0.04320700213052731,0.03834726279307765,0.060389521424676657,0.10815465994909479,False,False
2025-09-05,30S,BITGET->BYBITSPOT,6,180,1000,0.0211326869399425,0.0230810008653737,0.0646633908436836,0.057390328407493314,0.14815573026678674,0.2329195906213694,False,False
2025-09-05,30S,BITGET->COINBASE,1,30,1000,0.0086775873168832,0.0191233196417329,0.05357560962952827,0.04754965353894107,0.0660086819708876,0.11681036365333725,False,False
2025-09-05,30S,BITGET->COINBASE,3,90,1000,0.0241812237797023,0.0184422728405442,0.05166759897847489,0.045856247788944815,0.25824048592242865,0.3693146548094676,False,False
2025-09-05,30S,BITGET->COINBASE,6,180,1000,-0.0121756659255945,0.0193816854690364,0.05429944351216729,0.0481920736733498,0.004824385855041891,0.011511332609842035,False,False
2025-09-05,30S,BYBITSPOT->BINANCE,1,30,1000,-0.0063619012656235,0.0191132731916887,0.053547463643589935,0.04752467329346865,0.010929285526140432,0.023980932859720243,False,False
2025-09-05,30S,BYBITSPOT->BINANCE,3,90,1000,0.0173789991970352,0.0187821979024289,0.052619928007117206,0.04670146290978332,0.15041083476210515,0.23589717331009485,False,False
2025-09-05,30S,BYBITSPOT->BINANCE,6,180,1000,-0.0088559966748695,0.0373718977835582,0.10470055640324545,0.0929242843289045,0.014012601613159528,0.029930023238576887,False,False
2025-09-05,30S,BYBITSPOT->BITGET,1,30,1000,-0.0178910766028376,0.0219455838815257,0.061482423405340624,0.05456714262094284,0.002758293343574491,0.0069448986987185905,False,False
2025-09-05,30S,BYBITSPOT->BITGET,3,90,1000,0.0090617351023345,0.0266792060740807,0.07474406936813421,0.06633717520195116,0.052582997618601905,0.09591267054769897,False,False
2025-09-05,30S,BYBITSPOT->BITGET,6,180,1000,-0.0028500725041196,0.0309496338400953,0.0867080366724199,0.07695548648583178,0.020082332574445725,0.041198786975991636,False,False
2025-09-05,30S,BYBITSPOT->COINBASE,1,30,1000,-0.0191777104590607,0.0229492629981854,0.06429431598230312,0.0570627655125505,0.0025900061056104372,0.00655971910244025,False,False
2025-09-05,30S,BYBITSPOT->COINBASE,3,90,1000,-0.0120090995790284,0.0192929742901781,0.0540509115847965,0.04797149555727116,0.0049054524604668125,0.0116855450270751,False,False
2025-09-05,30S,BYBITSPOT->COINBASE,6,180,1000,0.0088800731311558,0.0232674755416945,0.06518581554041634,0.057853993002289404,0.057246950136968,0.10325832212234815,False,False
2025-09-05,30S,COINBASE->BINANCE,1,30,1000,-0.0039756207470362,0.0314556603991862,0.08812571320034153,0.07821370880376897,0.018473371541698716,0.03826025764171014,False,False
2025-09-05,30S,COINBASE->BINANCE,3,90,1000,-0.0037785036656117,0.0345851402597568,0.09689321771809836,0.08599508180359512,0.019262900955642984,0.03970618522246012,False,False
2025-09-05,30S,COINBASE->BINANCE,6,180,1000,-0.0255089007126077,0.033711190255621,0.09444477230514173,0.08382202708895627,0.0032972814084552887,0.008163044224702258,False,False
2025-09-05,30S,COINBASE->BITGET,1,30,1000,0.0215406326767976,0.0181967807852711,0.05097983206525761,0.045245837965049794,0.21881446271335797,0.3223659427411627,False,False
2025-09-05,30S,COINBASE->BITGET,3,90,1000,0.0009450867123298,0.021046100975824,0.058962445392781435,0.05233060098844413,0.027742525853256126,0.05480505114254717,False,False
2025-09-05,30S,COINBASE->BITGET,6,180,1000,-0.0043244351041935,0.0154910264187762,0.04339943062824087,0.038518047754006135,0.012574008671124461,0.0271765988470531,False,False
2025-09-05,30S,COINBASE->BYBITSPOT,1,30,1000,-0.0063291772382118,0.0165775736224835,0.04644348521292923,0.0412197200607974,0.00959664149165012,0.021349357328840322,False,False
2025-09-05,30S,COINBASE->BYBITSPOT,3,90,1000,-0.0125711099947472,0.0140974046670453,0.039495080528950885,0.035052842303247296,0.0021743319577319413,0.005596964640220226,False,False
2025-09-05,30S,COINBASE->BYBITSPOT,6,180,1000,-0.0025848443596838,0.0152966694206702,0.0428549229353103,0.03803478396424858,0.016629411964313234,0.034851605617771404,False,False
2025-09-06,1S,BINANCE->BITGET,1,1,1000,-0.0045069116291173,0.0087920081919769,0.024631560188170608,0.021861107342875025,0.006707111183345388,0.015484600688252026,False,False
2025-09-06,1S,BINANCE->BITGET,3,3,1000,0.000388987712904,0.0105570350307558,0.029576433289266235,0.026249802205649587,0.027232636132499176,0.05391678738798962,False,False
2025-09-06,1S,BINANCE->BITGET,6,6,1000,-0.012798017918949,0.0090889408341273,0.025463442289194397,0.02259942289285108,0.0003785082059587819,0.0011330544765328116,False,False
2025-09-06,1S,BINANCE->BYBITSPOT,1,1,1000,0.0131227567669861,0.0099165910076237,0.027782174781030542,0.02465735424255852,0.26217620130789754,0.37390047828023487,False,False
2025-09-06,1S,BINANCE->BYBITSPOT,3,3,1000,-0.0056840809366992,0.008375356464771,0.023464274868129322,0.02082511329758349,0.004162072564027166,0.010075591176612003,False,False
2025-09-06,1S,BINANCE->BYBITSPOT,6,6,1000,0.0043279544339516,0.0073917922737206,0.02070873596941728,0.018379505662824664,0.08465010234183318,0.14472122972008605,False,False
2025-09-06,1S,BINANCE->COINBASE,1,1,1000,0.0579837321447199,0.0139879778628304,0.03918851201179708,0.03478075530549942,0.9855662341930848,0.9937973627384373,True,True
2025-09-06,1S,BINANCE->COINBASE,3,3,1000,0.0104689606040758,0.0131789452894217,0.03692193831316337,0.03276911615037334,0.12188934870618884,0.1975281684540794,False,False
2025-09-06,1S,BINANCE->COINBASE,6,6,1000,-0.0006264753382506,0.0127749613850644,0.0357901429783604,0.031764620328132424,0.022268391979524835,0.045142814327209575,False,False
2025-09-06,1S,BITGET->BINANCE,1,1,1000,0.0115218929575691,0.009409665919889,0.026361980948542387,0.02339689775573707,0.23102062336130208,0.33710413994141575,False,False
2025-09-06,1S,BITGET->BINANCE,3,3,1000,8.707085559614826e-05,0.0090259206242008,0.02528688580062194,0.022442724725163867,0.02556916023741582,0.05100284415901583,False,False
2025-09-06,1S,BITGET->BINANCE,6,6,1000,-0.0097505394677294,0.0091141139894241,0.025533967028967174,0.022662015310656647,0.001223608847989312,0.003316969969179588,False,False
2025-09-06,1S,BITGET->BYBITSPOT,1,1,1000,-0.0114781050652409,0.0089569966068271,0.02509378929237482,0.022271346888677816,0.0005946539281830325,0.0017149803406987284,False,False
2025-09-06,1S,BITGET->BYBITSPOT,3,3,1000,0.0014159869612318,0.0087658803774266,0.02455836088914489,0.02179614118883526,0.0360544404821569,0.06899474355658702,False,False
2025-09-06,1S,BITGET->BYBITSPOT,6,6,1000,0.004839281711898,0.0088344629486987,0.024750500807040988,0.02196667002817346,0.07894689114477799,0.13630310969376136,False,False
2025-09-06,1S,BITGET->COINBASE,1,1,1000,-0.0074646349106216,0.0073076410190308,0.02047297905819268,0.018170265683556893,0.0014344461144910215,0.003834137358140415,False,False
2025-09-06,1S,BITGET->COINBASE,3,3,1000,-0.0101427594301893,0.007068402429913,0.019802731763318048,0.01757540494604816,0.0003432587414981301,0.0010357075511828791,False,False
2025-09-06,1S,BITGET->COINBASE,6,6,1000,-0.0068293433682904,0.0058305859341671,0.01633488336609994,0.014497605347433587,0.0008702892808425933,0.002430149442980245,False,False
2025-09-06,1S,BYBITSPOT->BINANCE,1,1,1000,-0.0113719192374056,0.0103584599293749,0.02902010822055222,0.0257560502081399,0.0011148313043415556,0.0030468866880208408,False,False
2025-09-06,1S,BYBITSPOT->BINANCE,3,3,1000,0.0019069269481445,0.0075019330605015,0.021017304769573985,0.01865336796027375,0.044025215688296454,0.08216394013256378,False,False
2025-09-06,1S,BYBITSPOT->BINANCE,6,6,1000,-0.0127233357489638,0.0091689548998734,0.02568760851302979,0.0227983758558171,0.00040754660996243647,0.0012126553651809282,False,False
2025-09-06,1S,BYBITSPOT->BITGET,1,1,1000,-0.0121674266860445,0.0098012670447579,0.027459084871371508,0.024370604108076663,0.0006838607681716243,0.0019492046966926588,False,False
2025-09-06,1S,BYBITSPOT->BITGET,3,3,1000,0.0002968282709242,0.0111544607887865,0.031250172461884974,0.027735286334022648,0.026596347393545758,0.0528051300464306,False,False
2025-09-06,1S,BYBITSPOT->BITGET,6,6,1000,0.0018918111895228,0.0094230003876775,0.026399338596390053,0.02343005357467165,0.03927188102006874,0.07435706096757667,False,False
2025-09-06,1S,BYBITSPOT->COINBASE,1,1,1000,-0.0011835026319395,0.009236950650475,0.025878104402809726,0.022967445580310462,0.018394814775675086,0.038115959845238974,False,False
2025-09-06,1S,BYBITSPOT->COINBASE,3,3,1000,-0.0078907453182777,0.0078704623815833,0.02204977106795796,0.019569706852509763,0.0015255554617583018,0.0040552987917971675,False,False
2025-09-06,1S,BYBITSPOT->COINBASE,6,6,1000,0.0028808714889015,0.0091659883745349,0.025679297539492288,0.02279099966513981,0.04991649402499198,0.09166798899428258,False,False
2025-09-06,1S,COINBASE->BINANCE,1,1,1000,0.115431804720138,0.0271498214265054,0.07606253838290428,0.06750734844473201,0.9890383993792382,0.9954304463209249,True,True
2025-09-06,1S,COINBASE->BINANCE,3,3,1000,0.0053961687796233,0.0109257889708578,0.03060952887697691,0.027166699607432523,0.07131445089051376,0.12487418096029534,False,False
2025-09-06,1S,COINBASE->BINANCE,6,6,1000,-0.0174652569115916,0.0141388780458984,0.03961127173409093,0.03515596481714653,0.00069860042073909,0.0019876297424308233,False,False
2025-09-06,1S,COINBASE->BITGET,1,1,1000,-0.0055518385943685,0.0079145002255742,0.022173146840720432,0.019679205844504832,0.0038903508294309166,0.009479644612674677,False,False
2025-09-06,1S,COINBASE->BITGET,3,3,1000,0.0020398770116421,0.0089880014536538,0.025180652012934356,0.02234843966086681,0.04154708678710588,0.0781102651878887,False,False
2025-09-06,1S,COINBASE->BITGET,6,6,1000,-0.0091377254859417,0.0080222785884404,0.022475097108958793,0.01994719403428011,0.0009708500822366354,0.00268550207436424,False,False
2025-09-06,1S,COINBASE->BYBITSPOT,1,1,1000,0.0056449682344568,0.0127359393298359,0.03568081936525184,0.03166759296880076,0.06466710711428177,0.11475496315112815,False,False
2025-09-06,1S,COINBASE->BYBITSPOT,3,3,1000,-0.0102273251725076,0.009148660881659,0.02563075309158421,0.022747915289707973,0.0010424360458256476,0.0028657649325291063,False,False
2025-09-06,1S,COINBASE->BYBITSPOT,6,6,1000,0.0078058266308234,0.0099095856069487,0.027762548554052507,0.024639935489892233,0.1205464757973514,0.19568127741066071,False,False
2025-09-06,2S,BINANCE->BITGET,1,2,1000,-0.0045069116291173,0.0087920081919769,0.024631560188170608,0.021861107342875025,0.006707111183345388,0.015484600688252026,False,False
2025-09-06,2S,BINANCE->BITGET,3,6,1000,0.000388987712904,0.0105570350307558,0.029576433289266235,0.026249802205649587,0.027232636132499176,0.05391678738798962,False,False
2025-09-06,2S,BINANCE->BITGET,6,12,1000,-0.012798017918949,0.0090889408341273,0.025463442289194397,0.02259942289285108,0.0003785082059587819,0.0011330544765328116,False,False
2025-09-06,2S,BINANCE->BYBITSPOT,1,2,1000,0.0131227567669861,0.0099165910076237,0.027782174781030542,0.02465735424255852,0.26217620130789754,0.37390047828023487,False,False
2025-09-06,2S,BINANCE->BYBITSPOT,3,6,1000,-0.0056840809366992,0.008375356464771,0.023464274868129322,0.02082511329758349,0.004162072564027166,0.010075591176612003,False,False
2025-09-06,2S,BINANCE->BYBITSPOT,6,12,1000,0.0043279544339516,0.0073917922737206,0.02070873596941728,0.018379505662824664,0.08465010234183318,0.14472122972008605,False,False
2025-09-06,2S,BINANCE->COINBASE,1,2,1000,0.0579837321447199,0.0139879778628304,0.03918851201179708,0.03478075530549942,0.9855662341930848,0.9937973627384373,True,True
2025-09-06,2S,BINANCE->COINBASE,3,6,1000,0.0104689606040758,0.0131789452894217,0.03692193831316337,0.03276911615037334,0.12188934870618884,0.1975281684540794,False,False
2025-09-06,2S,BINANCE->COINBASE,6,12,1000,-0.0006264753382506,0.0127749613850644,0.0357901429783604,0.031764620328132424,0.022268391979524835,0.045142814327209575,False,False
2025-09-06,2S,BITGET->BINANCE,1,2,1000,0.0115218929575691,0.009409665919889,0.026361980948542387,0.02339689775573707,0.23102062336130208,0.33710413994141575,False,False
2025-09-06,2S,BITGET->BINANCE,3,6,1000,8.707085559614826e-05,0.0090259206242008,0.02528688580062194,0.022442724725163867,0.02556916023741582,0.05100284415901583,False,False
2025-09-06,2S,BITGET->BINANCE,6,12,1000,-0.0097505394677294,0.0091141139894241,0.025533967028967174,0.022662015310656647,0.001223608847989312,0.003316969969179588,False,False
2025-09-06,2S,BITGET->BYBITSPOT,1,2,1000,-0.0114781050652409,0.0089569966068271,0.02509378929237482,0.022271346888677816,0.0005946539281830325,0.0017149803406987284,False,False
2025-09-06,2S,BITGET->BYBITSPOT,3,6,1000,0.0014159869612318,0.0087658803774266,0.02455836088914489,0.02179614118883526,0.0360544404821569,0.06899474355658702,False,False
2025-09-06,2S,BITGET->BYBITSPOT,6,12,1000,0.004839281711898,0.0088344629486987,0.024750500807040988,0.02196667002817346,0.07894689114477799,0.13630310969376136,False,False
2025-09-06,2S,BITGET->COINBASE,1,2,1000,-0.0074646349106216,0.0073076410190308,0.02047297905819268,0.018170265683556893,0.0014344461144910215,0.003834137358140415,False,False
2025-09-06,2S,BITGET->COINBASE,3,6,1000,-0.0101427594301893,0.007068402429913,0.019802731763318048,0.01757540494604816,0.0003432587414981301,0.0010357075511828791,False,False
2025-09-06,2S,BITGET->COINBASE,6,12,1000,-0.0068293433682904,0.0058305859341671,0.01633488336609994,0.014497605347433587,0.0008702892808425933,0.002430149442980245,False,False
2025-09-06,2S,BYBITSPOT->BINANCE,1,2,1000,-0.0113719192374056,0.0103584599293749,0.02902010822055222,0.0257560502081399,0.0011148313043415556,0.0030468866880208408,False,False
2025-09-06,2S,BYBITSPOT->BINANCE,3,6,1000,0.0019069269481445,0.0075019330605015,0.021017304769573985,0.01865336796027375,0.044025215688296454,0.08216394013256378,False,False
2025-09-06,2S,BYBITSPOT->BINANCE,6,12,1000,-0.0127233357489638,0.0091689548998734,0.02568760851302979,0.0227983758558171,0.00040754660996243647,0.0012126553651809282,False,False
2025-09-06,2S,BYBITSPOT->BITGET,1,2,1000,-0.0121674266860445,0.0098012670447579,0.027459084871371508,0.024370604108076663,0.0006838607681716243,0.0019492046966926588,False,False
2025-09-06,2S,BYBITSPOT->BITGET,3,6,1000,0.0002968282709242,0.0111544607887865,0.031250172461884974,0.027735286334022648,0.026596347393545758,0.0528051300464306,False,False
2025-09-06,2S,BYBITSPOT->BITGET,6,12,1000,0.0018918111895228,0.0094230003876775,0.026399338596390053,0.02343005357467165,0.03927188102006874,0.07435706096757667,False,False
2025-09-06,2S,BYBITSPOT->COINBASE,1,2,1000,-0.0011835026319395,0.009236950650475,0.025878104402809726,0.022967445580310462,0.018394814775675086,0.038115959845238974,False,False
2025-09-06,2S,BYBITSPOT->COINBASE,3,6,1000,-0.0078907453182777,0.0078704623815833,0.02204977106795796,0.019569706852509763,0.0015255554617583018,0.0040552987917971675,False,False
2025-09-06,2S,BYBITSPOT->COINBASE,6,12,1000,0.0028808714889015,0.0091659883745349,0.025679297539492288,0.02279099966513981,0.04991649402499198,0.09166798899428258,False,False
2025-09-06,2S,COINBASE->BINANCE,1,2,1000,0.115431804720138,0.0271498214265054,0.07606253838290428,0.06750734844473201,0.9890383993792382,0.9954304463209249,True,True
2025-09-06,2S,COINBASE->BINANCE,3,6,1000,0.0053961687796233,0.0109257889708578,0.03060952887697691,0.027166699607432523,0.07131445089051376,0.12487418096029534,False,False
2025-09-06,2S,COINBASE->BINANCE,6,12,1000,-0.0174652569115916,0.0141388780458984,0.03961127173409093,0.03515596481714653,0.00069860042073909,0.0019876297424308233,False,False
2025-09-06,2S,COINBASE->BITGET,1,2,1000,-0.0055518385943685,0.0079145002255742,0.022173146840720432,0.019679205844504832,0.0038903508294309166,0.009479644612674677,False,False
2025-09-06,2S,COINBASE->BITGET,3,6,1000,0.0020398770116421,0.0089880014536538,0.025180652012934356,0.02234843966086681,0.04154708678710588,0.0781102651878887,False,False
2025-09-06,2S,COINBASE->BITGET,6,12,1000,-0.0091377254859417,0.0080222785884404,0.022475097108958793,0.01994719403428011,0.0009708500822366354,0.00268550207436424,False,False
2025-09-06,2S,COINBASE->BYBITSPOT,1,2,1000,0.0056449682344568,0.0127359393298359,0.03568081936525184,0.03166759296880076,0.06466710711428177,0.11475496315112815,False,False
2025-09-06,2S,COINBASE->BYBITSPOT,3,6,1000,-0.0102273251725076,0.009148660881659,0.02563075309158421,0.022747915289707973,0.0010424360458256476,0.0028657649325291063,False,False
2025-09-06,2S,COINBASE->BYBITSPOT,6,12,1000,0.0078058266308234,0.0099095856069487,0.027762548554052507,0.024639935489892233,0.1205464757973514,0.19568127741066071,False,False
2025-09-06,5S,BINANCE->BITGET,1,5,1000,-0.0045069116291173,0.0087920081919769,0.024631560188170608,0.021861107342875025,0.006707111183345388,0.015484600688252026,False,False
2025-09-06,5S,BINANCE->BITGET,3,15,1000,0.000388987712904,0.0105570350307558,0.029576433289266235,0.026249802205649587,0.027232636132499176,0.05391678738798962,False,False
2025-09-06,5S,BINANCE->BITGET,6,30,1000,-0.012798017918949,0.0090889408341273,0.025463442289194397,0.02259942289285108,0.0003785082059587819,0.0011330544765328116,False,False
2025-09-06,5S,BINANCE->BYBITSPOT,1,5,1000,0.0131227567669861,0.0099165910076237,0.027782174781030542,0.02465735424255852,0.26217620130789754,0.37390047828023487,False,False
2025-09-06,5S,BINANCE->BYBITSPOT,3,15,1000,-0.0056840809366992,0.008375356464771,0.023464274868129322,0.02082511329758349,0.004162072564027166,0.010075591176612003,False,False
2025-09-06,5S,BINANCE->BYBITSPOT,6,30,1000,0.0043279544339516,0.0073917922737206,0.02070873596941728,0.018379505662824664,0.08465010234183318,0.14472122972008605,False,False
2025-09-06,5S,BINANCE->COINBASE,1,5,1000,0.0579837321447199,0.0139879778628304,0.03918851201179708,0.03478075530549942,0.9855662341930848,0.9937973627384373,True,True
2025-09-06,5S,BINANCE->COINBASE,3,15,1000,0.0104689606040758,0.0131789452894217,0.03692193831316337,0.03276911615037334,0.12188934870618884,0.1975281684540794,False,False
2025-09-06,5S,BINANCE->COINBASE,6,30,1000,-0.0006264753382506,0.0127749613850644,0.0357901429783604,0.031764620328132424,0.022268391979524835,0.045142814327209575,False,False
2025-09-06,5S,BITGET->BINANCE,1,5,1000,0.0115218929575691,0.009409665919889,0.026361980948542387,0.02339689775573707,0.23102062336130208,0.33710413994141575,False,False
2025-09-06,5S,BITGET->BINANCE,3,15,1000,8.707085559614826e-05,0.0090259206242008,0.02528688580062194,0.022442724725163867,0.02556916023741582,0.05100284415901583,False,False
2025-09-06,5S,BITGET->BINANCE,6,30,1000,-0.0097505394677294,0.0091141139894241,0.025533967028967174,0.022662015310656647,0.001223608847989312,0.003316969969179588,False,False
2025-09-06,5S,BITGET->BYBITSPOT,1,5,1000,-0.0114781050652409,0.0089569966068271,0.02509378929237482,0.022271346888677816,0.0005946539281830325,0.0017149803406987284,False,False
2025-09-06,5S,BITGET->BYBITSPOT,3,15,1000,0.0014159869612318,0.0087658803774266,0.02455836088914489,0.02179614118883526,0.0360544404821569,0.06899474355658702,False,False
2025-09-06,5S,BITGET->BYBITSPOT,6,30,1000,0.004839281711898,0.0088344629486987,0.024750500807040988,0.02196667002817346,0.07894689114477799,0.13630310969376136,False,False
2025-09-06,5S,BITGET->COINBASE,1,5,1000,-0.0074646349106216,0.0073076410190308,0.02047297905819268,0.018170265683556893,0.0014344461144910215,0.003834137358140415,False,False
2025-09-06,5S,BITGET->COINBASE,3,15,1000,-0.0101427594301893,0.007068402429913,0.019802731763318048,0.01757540494604816,0.0003432587414981301,0.0010357075511828791,False,False
2025-09-06,5S,BITGET->COINBASE,6,30,1000,-0.0068293433682904,0.0058305859341671,0.01633488336609994,0.014497605347433587,0.0008702892808425933,0.002430149442980245,False,False
2025-09-06,5S,BYBITSPOT->BINANCE,1,5,1000,-0.0113719192374056,0.0103584599293749,0.02902010822055222,0.0257560502081399,0.0011148313043415556,0.0030468866880208408,False,False
2025-09-06,5S,BYBITSPOT->BINANCE,3,15,1000,0.0019069269481445,0.0075019330605015,0.021017304769573985,0.01865336796027375,0.044025215688296454,0.08216394013256378,False,False
2025-09-06,5S,BYBITSPOT->BINANCE,6,30,1000,-0.0127233357489638,0.0091689548998734,0.02568760851302979,0.0227983758558171,0.00040754660996243647,0.0012126553651809282,False,False
2025-09-06,5S,BYBITSPOT->BITGET,1,5,1000,-0.0121674266860445,0.0098012670447579,0.027459084871371508,0.024370604108076663,0.0006838607681716243,0.0019492046966926588,False,False
2025-09-06,5S,BYBITSPOT->BITGET,3,15,1000,0.0002968282709242,0.0111544607887865,0.031250172461884974,0.027735286334022648,0.026596347393545758,0.0528051300464306,False,False
2025-09-06,5S,BYBITSPOT->BITGET,6,30,1000,0.0018918111895228,0.0094230003876775,0.026399338596390053,0.02343005357467165,0.03927188102006874,0.07435706096757667,False,False
2025-09-06,5S,BYBITSPOT->COINBASE,1,5,1000,-0.0011835026319395,0.009236950650475,0.025878104402809726,0.022967445580310462,0.018394814775675086,0.038115959845238974,False,False
2025-09-06,5S,BYBITSPOT->COINBASE,3,15,1000,-0.0078907453182777,0.0078704623815833,0.02204977106795796,0.019569706852509763,0.0015255554617583018,0.0040552987917971675,False,False
2025-09-06,5S,BYBITSPOT->COINBASE,6,30,1000,0.0028808714889015,0.0091659883745349,0.025679297539492288,0.02279099966513981,0.04991649402499198,0.09166798899428258,False,False
2025-09-06,5S,COINBASE->BINANCE,1,5,1000,0.115431804720138,0.0271498214265054,0.07606253838290428,0.06750734844473201,0.9890383993792382,0.9954304463209249,True,True
2025-09-06,5S,COINBASE->BINANCE,3,15,1000,0.0053961687796233,0.0109257889708578,0.03060952887697691,0.027166699607432523,0.07131445089051376,0.12487418096029534,False,False
2025-09-06,5S,COINBASE->BINANCE,6,30,1000,-0.0174652569115916,0.0141388780458984,0.03961127173409093,0.03515596481714653,0.00069860042073909,0.0019876297424308233,False,False
2025-09-06,5S,COINBASE->BITGET,1,5,1000,-0.0055518385943685,0.0079145002255742,0.022173146840720432,0.019679205844504832,0.0038903508294309166,0.009479644612674677,False,False
2025-09-06,5S,COINBASE->BITGET,3,15,1000,0.0020398770116421,0.0089880014536538,0.025180652012934356,0.02234843966086681,0.04154708678710588,0.0781102651878887,False,False
2025-09-06,5S,COINBASE->BITGET,6,30,1000,-0.0091377254859417,0.0080222785884404,0.022475097108958793,0.01994719403428011,0.0009708500822366354,0.00268550207436424,False,False
2025-09-06,5S,COINBASE->BYBITSPOT,1,5,1000,0.0056449682344568,0.0127359393298359,0.03568081936525184,0.03166759296880076,0.06466710711428177,0.11475496315112815,False,False
2025-09-06,5S,COINBASE->BYBITSPOT,3,15,1000,-0.0102273251725076,0.009148660881659,0.02563075309158421,0.022747915289707973,0.0010424360458256476,0.0028657649325291063,False,False
2025-09-06,5S,COINBASE->BYBITSPOT,6,30,1000,0.0078058266308234,0.0099095856069487,0.027762548554052507,0.024639935489892233,0.1205464757973514,0.19568127741066071,False,False
2025-09-06,10S,BINANCE->BITGET,1,10,1000,-0.0256737693710253,0.0206783162577849,0.057932065163275245,0.05141611353295486,0.0006834676893035755,0.0019481789497481773,False,False
2025-09-06,10S,BINANCE->BITGET,3,30,1000,-0.0285705434172402,0.0115532699829714,0.03236747040516094,0.02872691536950939,4.648613913309287e-06,1.9125850372629925e-05,False,False
2025-09-06,10S,BINANCE->BITGET,6,60,1000,0.0084450503495817,0.0107658028202218,0.0301613140422523,0.026768898065844045,0.1198911621299254,0.19477859301872114,False,False
2025-09-06,10S,BINANCE->BYBITSPOT,1,10,1000,-0.0002223876034757,0.0107967201971317,0.030247931708385908,0.02684577334628387,0.023820224683053948,0.04791137328841429,False,False
2025-09-06,10S,BINANCE->BYBITSPOT,3,30,1000,0.0168052147444498,0.008451000083514,0.023676196912244284,0.02101319925394705,0.5114016040265819,0.6344617249871694,False,False
2025-09-06,10S,BINANCE->BYBITSPOT,6,60,1000,0.0183926155848955,0.009750158463024,0.027315899824267097,0.024243523904438263,0.4706752640610756,0.5954308481980591,False,False
2025-09-06,10S,BINANCE->COINBASE,1,10,1000,0.0043749835952933,0.0149091129415713,0.04176915043228291,0.03707113452193582,0.047804904578991475,0.08828205987619159,False,False
2025-09-06,10S,BINANCE->COINBASE,3,30,1000,-0.0240310472733296,0.0236161999187955,0.06616279660049815,0.05872108739920306,0.0014529050576561396,0.0038790522034580425,False,False
2025-09-06,10S,BINANCE->COINBASE,6,60,1000,0.0070387096414313,0.0128267915400744,0.03593534957448892,0.03189349470558187,0.07909085338454525,0.13651684656708785,False,False
2025-09-06,10S,BITGET->BINANCE,1,10,1000,0.0012855027446051,0.0097108616701197,0.027205806510147167,0.024145813416782493,0.03380584224991733,0.06520643196338179,False,False
2025-09-06,10S,BITGET->BINANCE,3,30,1000,-0.006288756222698,0.008691083292903,0.024348810482785622,0.02161016011852681,0.003642241688321624,0.008931619919132104,False,False
2025-09-06,10S,BITGET->BINANCE,6,60,1000,-0.0050484376673735,0.0105194289792704,0.029471076731313144,0.026156295704027555,0.007346079942048579,0.016802938487077968,False,False
2025-09-06,10S,BITGET->BYBITSPOT,1,10,1000,0.0001644076746692,0.011441092465733,0.03205319553106123,0.02844798879298007,0.025851760758475922,0.05149965382930052,False,False
2025-09-06,10S,BITGET->BYBITSPOT,3,30,1000,0.0033049844031467,0.0098621348453378,0.027629611201735203,0.024521950364033995,0.052097749417987234,0.09514273771438891,False,False
2025-09-06,10S,BITGET->BYBITSPOT,6,60,1000,-0.0214505252421249,0.01029326271809,0.02883745267715426,0.025593938981303698,2.6284408810886765e-05,9.619993527670563e-05,False,False
2025-09-06,10S,BITGET->COINBASE,1,10,1000,-0.009380418717098,0.0091388162413338,0.02560317249277149,0.022723436839028454,0.0014114113825203372,0.0037780102165797568,False,False
2025-09-06,10S,BITGET->COINBASE,3,30,1000,0.0018049585168081,0.0071702510762593,0.020088069425406658,0.017828649044766675,0.043796353851996435,0.08179101951411172,False,False
2025-09-06,10S,BITGET->COINBASE,6,60,1000,0.00064949274461,0.0081467685126851,0.022823866240526746,0.020256735101303144,0.030037687338811042,0.05877625573483647,False,False
2025-09-06,10S,BYBITSPOT->BINANCE,1,10,1000,-0.0061933151243799,0.0095086013612296,0.026639157018549697,0.02364289824344536,0.004509907904020377,0.01083245834082913,False,False
2025-09-06,10S,BYBITSPOT->BINANCE,3,30,1000,-0.0008383356282911,0.0103701323118608,0.02905280939478488,0.025785073293753513,0.020635089430757318,0.04220114994652149,False,False
2025-09-06,10S,BYBITSPOT->BINANCE,6,60,1000,0.0232063163226224,0.0113264254328667,0.03173194606677813,0.028162872098427088,0.5354197004425636,0.6568978115778839,False,False
2025-09-06,10S,BYBITSPOT->BITGET,1,10,1000,-0.0150971635730022,0.0110314488688583,0.03090554408536244,0.02742942028757634,0.0004365425626020925,0.0012916467454695815,False,False
2025-09-06,10S,BYBITSPOT->BITGET,3,30,1000,0.0033608498538328,0.010624743879136,0.029766125398023657,0.026418158554982016,0.05012518166629706,0.09200142074224832,False,False
2025-09-06,10S,BYBITSPOT->BITGET,6,60,1000,-0.010361137666446,0.012103505610669,0.033909002406197646,0.03009506242514433,0.0024312202156119298,0.006193942866712641,False,False
2025-09-06,10S,BYBITSPOT->COINBASE,1,10,1000,-0.0175108387435563,0.0107629992811249,0.030153459688560025,0.026761927136359106,0.0001673086872924422,0.0005343228928302692,False,False
2025-09-06,10S,BYBITSPOT->COINBASE,3,30,1000,0.0094373882165133,0.0121092136315602,0.03392499391315111,0.030109255275593647,0.11887924376600145,0.1933828570570022,False,False
2025-09-06,10S,BYBITSPOT->COINBASE,6,60,1000,0.0029012559489037,0.0109963290657791,0.030807152964192713,0.027342095780113342,0.04493106762057315,0.08363716853628494,False,False
2025-09-06,10S,COINBASE->BINANCE,1,10,1000,0.0217817364625928,0.0170015542915148,0.04763130318805296,0.04227393733569204,0.24863150340980167,0.35804395418248847,False,False
2025-09-06,10S,COINBASE->BINANCE,3,30,1000,-0.0123556671832505,0.0180169192392051,0.050475934616492156,0.04479861675238163,0.004075557806921914,0.009886307780732321,False,False
2025-09-06,10S,COINBASE->BINANCE,6,60,1000,0.0246610089553482,0.0226946196655367,0.0635809109856635,0.056429601267519364,0.19124478550019514,0.288351175426085,False,False
2025-09-06,10S,COINBASE->BITGET,1,10,1000,-0.0001679641259708,0.0149950624601958,0.04200994533316523,0.03728484583926981,0.02435248691840968,0.048855348451515485,False,False
2025-09-06,10S,COINBASE->BITGET,3,30,1000,-0.0005005646476114,0.0109486471471003,0.030673568005650922,0.027223535888016938,0.022445024065289386,0.04545919805911369,False,False
2025-09-06,10S,COINBASE->BITGET,6,60,1000,0.0092556400541569,0.0114635411338676,0.03211608738787344,0.028503806841949007,0.12454428350104607,0.20116825133528504,False,False
2025-09-06,10S,COINBASE->BYBITSPOT,1,10,1000,-0.0056628610586422,0.0152870015194946,0.04282783748628656,0.038010744971021415,0.009892501034137878,0.021937137211715925,False,False
2025-09-06,10S,COINBASE->BYBITSPOT,3,30,1000,-3.5026116587588094e-05,0.010974743042035,0.03074667787915341,0.02728842267473496,0.02481405385959986,0.049671703519067044,False,False
2025-09-06,10S,COINBASE->BYBITSPOT,6,60,1000,0.0084989142316873,0.0108613473315492,0.030428990132858973,0.02700646709132071,0.11950352842791484,0.19424419478548732,False,False
2025-09-06,15S,BINANCE->BITGET,1,15,1000,-0.0105773547033734,0.015888603946884,0.04451327795404158,0.039506614282755606,0.004323758397481429,0.010428220371154179,False,False
2025-09-06,15S,BINANCE->BITGET,3,45,1000,-0.023893435303385,0.0142045499956256,0.03979525729769131,0.03531925646918484,0.00013523182665346942,0.0004390091593082804,False,False
2025-09-06,15S,BINANCE->BITGET,6,90,1000,0.0257026220579981,0.0189782210915468,0.05316910367615728,0.0471888696416048,0.27237625318935654,0.38570477364391,False,False
2025-09-06,15S,BINANCE->BYBITSPOT,1,15,1000,0.0050423935005162,0.0104508347757732,0.029278904224747156,0.025985737941454073,0.0697739319216478,0.12254331740246194,False,False
2025-09-06,15S,BINANCE->BYBITSPOT,3,45,1000,0.0014916773704993,0.0107392701930573,0.030086980626190536,0.02670292535541585,0.03429851421541602,0.06603945247891956,False,False
2025-09-06,15S,BINANCE->BYBITSPOT,6,90,1000,0.0016782905032364,0.0121040005701827,0.03391038907745479,0.03009629312953212,0.034280015403708446,0.06600820514920397,False,False
2025-09-06,15S,BINANCE->COINBASE,1,15,1000,-0.0057844881208194,0.0238785429581217,0.06689777298154927,0.05937339677132122,0.013825229789212006,0.029573444846306883,False,False
2025-09-06,15S,BINANCE->COINBASE,3,45,1000,0.0107924790686591,0.0218567140758762,0.06123344707149641,0.054346170083335664,0.07129952632328027,0.12485163957723866,False,False
2025-09-06,15S,BINANCE->COINBASE,6,90,1000,0.0048708353497628,0.0184707013048198,0.05174724374376307,0.04592693445068941,0.04491851984136112,0.08361679200135752,False,False
2025-09-06,15S,BITGET->BINANCE,1,15,1000,0.0121875684375251,0.0124306539923577,0.03482553647646629,0.030908508651874517,0.16366172472840668,0.25321430048297855,False,False
2025-09-06,15S,BITGET->BINANCE,3,45,1000,0.0197077191728806,0.010603586512562,0.02970685123257574,0.02636555129488086,0.4596267681146635,0.5846236523039305,False,False
2025-09-06,15S,BITGET->BINANCE,6,90,1000,-0.0127913601020929,0.0125952952397265,0.0352867929613864,0.03131788497446242,0.0014624113189887758,0.0039021615846682894,False,False
2025-09-06,15S,BITGET->BYBITSPOT,1,15,1000,-0.0052057379072353,0.0126501614183916,0.035440505236508886,0.03145430834840622,0.008858514346539085,0.019873473347293703,False,False
2025-09-06,15S,BITGET->BYBITSPOT,3,45,1000,-0.0109085599158613,0.015526026618215,0.043497486669619626,0.03860507487002405,0.003877410815229107,0.00945115608989447,False,False
2025-09-06,15S,BITGET->BYBITSPOT,6,90,1000,-0.001093115581438,0.0245274976500845,0.0687158748537773,0.060987006298506063,0.022506608696973726,0.045569430919413595,False,False
2025-09-06,15S,BITGET->COINBASE,1,15,1000,-0.0192719776430644,0.0082891655453819,0.023222803662433254,0.02061080174331701,9.140087390787143e-06,3.596444851278807e-05,False,False
2025-09-06,15S,BITGET->COINBASE,3,45,1000,-0.0145847562401044,0.0101424709411341,0.02841499666382162,0.025218999018729052,0.000339461095035571,0.0010251695934948288,False,False
2025-09-06,15S,BITGET->COINBASE,6,90,1000,-0.0218603812492163,0.0103775496998925,0.0290735898394515,0.025803516442625088,2.3865210809452352e-05,8.793875048193067e-05,False,False
2025-09-06,15S,BYBITSPOT->BINANCE,1,15,1000,-0.0017094335808159,0.0141880068125233,0.03974891016045137,0.03527812226028791,0.018742212324449826,0.03875348551224321,False,False
2025-09-06,15S,BYBITSPOT->BINANCE,3,45,1000,0.0022160989525602,0.0119138573898481,0.03337768675410439,0.029623506891729982,0.03803539725607129,0.0723041029577403,False,False
2025-09-06,15S,BYBITSPOT->BINANCE,6,90,1000,0.0010802004348623,0.0152070910679714,0.04260396154652643,0.03781204964221583,0.029450517085662452,0.05776442499416846,False,False
2025-09-06,15S,BYBITSPOT->BITGET,1,15,1000,0.0045807680385163,0.0127567866361027,0.03573922487032638,0.031719429271742816,0.05470183917735391,0.099261874384372,False,False
2025-09-06,15S,BYBITSPOT->BITGET,3,45,1000,-0.0059282599625295,0.0133046455194021,0.03727409821938986,0.03308166661218174,0.008074243791631621,0.018289513326484846,False,False
2025-09-06,15S,BYBITSPOT->BITGET,6,90,1000,-0.0077217939900026,0.0147792056346133,0.041405204041384515,0.03674812326898633,0.006524285287620084,0.015104829058724553,False,False
2025-09-06,15S,BYBITSPOT->COINBASE,1,15,1000,-0.0074726598236451,0.0132891947274642,0.0372308115090885,0.033043248606452955,0.00582992671722749,0.01365128148312859,False,False
2025-09-06,15S,BYBITSPOT->COINBASE,3,45,1000,0.0049181758815856,0.0199737154104569,0.05595806584473125,0.04966414123936961,0.043289016691611636,0.0809632987283252,False,False
2025-09-06,15S,BYBITSPOT->COINBASE,6,90,1000,-0.0154078702584733,0.0156083385038177,0.043728090431599156,0.038809741304297526,0.001603741861678032,0.00424406867832453,False,False
2025-09-06,15S,COINBASE->BINANCE,1,15,1000,0.0181061647986676,0.0202863133454811,0.05683383559870769,0.05044140814625911,0.1428881942515109,0.22592855063093886,False,False
2025-09-06,15S,COINBASE->BINANCE,3,45,1000,-0.0358502560643924,0.0262644992641568,0.07358223289960063,0.06530601714458713,0.000442197213892389,0.0013069967591292937,False,False
2025-09-06,15S,COINBASE->BINANCE,6,90,1000,-0.0349976056631834,0.0305954151492215,0.08571566282408853,0.07607473061584623,0.0009551072747369786,0.002645695720693767,False,False
2025-09-06,15S,COINBASE->BITGET,1,15,1000,-0.0076342042256013,0.0141511028814288,0.03964552065260676,0.035186361563366915,0.006219458739071906,0.01446895574873961,False,False
2025-09-06,15S,COINBASE->BITGET,3,45,1000,-0.0264363332088331,0.0191617403719569,0.05368324857939294,0.04764518571876603,0.00041948733209733153,0.001245242208367688,False,False
2025-09-06,15S,COINBASE->BITGET,6,90,1000,-0.0150036527654719,0.0149653948949663,0.041926829120960865,0.037211078184153694,0.0015256579120968543,0.004055546748719917,False,False
2025-09-06,15S,COINBASE->BYBITSPOT,1,15,1000,-0.0087327522024653,0.0146483770249694,0.041038676542499895,0.036422821220069415,0.005292295053602504,0.01251264976996617,False,False
2025-09-06,15S,COINBASE->BYBITSPOT,3,45,1000,0.004658807332079,0.014028304829539,0.03930149144561923,0.03488102729442156,0.05177691996615647,0.09463307804393506,False,False
2025-09-06,15S,COINBASE->BYBITSPOT,6,90,1000,0.0190757196352215,0.019687833095991,0.055157142178403666,0.04895330205138162,0.16082937799180164,0.2495379166277495,False,False
2025-09-06,30S,BINANCE->BITGET,1,30,1000,-0.0122477076840086,0.0152346447795563,0.04268115561760683,0.03788056125338582,0.002855735890702475,0.007166820006991925,False,False
2025-09-06,30S,BINANCE->BITGET,3,90,1000,0.0357521343451826,0.0291627968676283,0.08170206062317863,0.07251256127393708,0.23147014433804303,0.3376433273089456,False,False
2025-09-06,30S,BINANCE->BITGET,6,180,1000,0.013857298326913,0.013753644722169,0.038532007748806114,0.034198091842257125,0.17044009943827865,0.26195913108790003,False,False
2025-09-06,30S,BINANCE->BYBITSPOT,1,30,1000,0.0103406458092487,0.0103292964124771,0.028938404142703156,0.02568353585652904,0.16881332231606921,0.25986720175091127,False,False
2025-09-06,30S,BINANCE->BYBITSPOT,3,90,1000,-0.0076788146289801,0.016666500967609,0.04669262274851886,0.04144083566886514,0.0077453821759925715,0.017620117726429144,False,False
2025-09-06,30S,BINANCE->BYBITSPOT,6,180,1000,-0.0185105114436953,0.0133873866267614,0.03750590448269797,0.03328740029556259,0.0004149170218089832,0.0012327793044859163,False,False
2025-09-06,30S,BINANCE->COINBASE,1,30,1000,-0.0339017065023914,0.0397367833230149,0.11132598477311645,0.09880451277078123,0.00245316098007478,0.006244626188177094,False,False
2025-09-06,30S,BINANCE->COINBASE,3,90,1000,0.0161775746697061,0.0170514324490625,0.04777104109694531,0.042397958120523674,0.15595740673410663,0.24318248425187305,False,False
2025-09-06,30S,BINANCE->COINBASE,6,180,1000,-0.0080862820103959,0.0221530486517014,0.06206365363874406,0.05508299855642918,0.010036437029478984,0.022222339731128884,False,False
2025-09-06,30S,BITGET->BINANCE,1,30,1000,-0.0148544298985093,0.0114009310648681,0.031940679944059414,0.02834812847936605,0.0005514354372843903,0.0016003890864963268,False,False
2025-09-06,30S,BITGET->BINANCE,3,90,1000,-0.0270765888436555,0.0166427015881877,0.04662594675893188,0.041381659110237994,0.00016731712867856764,0.0005343477655164896,False,False
2025-09-06,30S,BITGET->BINANCE,6,180,1000,-0.0039428996756646,0.0147710817794536,0.041382444368855006,0.0367279235073612,0.012977055948495287,0.02795173825618545,False,False
2025-09-06,30S,BITGET->BYBITSPOT,1,30,1000,0.0049673152020038,0.0149318813416658,0.041832938045427745,0.03712774757638516,0.05183681310571302,0.09472825923772898,False,False
2025-09-06,30S,BITGET->BYBITSPOT,3,90,1000,-0.0265978222504183,0.0175883954669251,0.049275388750462494,0.043733103165470334,0.00025810486465703233,0.0007967590833058951,False,False
2025-09-06,30S,BITGET->BYBITSPOT,6,180,1000,0.010145797237145,0.0224548442181399,0.06290915963657019,0.05583340564539623,0.06576026172610558,0.1164302777592518,False,False
2025-09-06,30S,BITGET->COINBASE,1,30,1000,-0.0171522067532739,0.0090776752184228,0.025431880706763724,0.022571411222613507,5.918990573263395e-05,0.00020439204789045776,False,False
2025-09-06,30S,BITGET->COINBASE,3,90,1000,-0.0128607922616341,0.0118002922762362,0.03305952441051597,0.029341130091701396,0.001144836977368405,0.0031216273494506894,False,False
2025-09-06,30S,BITGET->COINBASE,6,180,1000,-0.0181584307201561,0.0162054345943097,0.045400906012514584,0.04029440572262327,0.0010333400843465564,0.002842926102020069,False,False
2025-09-06,30S,BYBITSPOT->BINANCE,1,30,1000,-0.0058466912445482,0.0176902390482618,0.049560712222495085,0.04398633467016981,0.010997106981834716,0.024113800201393924,False,False
2025-09-06,30S,BYBITSPOT->BINANCE,3,90,1000,-0.0196832523130944,0.0171655945055251,0.04809087582680031,0.0426818192039437,0.0009461563864849449,0.0026230357872737433,False,False
2025-09-06,30S,BYBITSPOT->BINANCE,6,180,1000,-0.0093468133813572,0.0211412270559812,0.05922894921280688,0.05256712959533524,0.008151136425257851,0.018445571277017736,False,False
2025-09-06,30S,BYBITSPOT->BITGET,1,30,1000,0.001836997085224,0.0183322063953989,0.051359238452745586,0.04558257034010375,0.03145988714646622,0.06121575976848029,False,False
2025-09-06,30S,BYBITSPOT->BITGET,3,90,1000,-0.0086323142209738,0.016685436438524,0.04674567208393233,0.04148791824126748,0.006618654316128254,0.015301002684447966,False,False
2025-09-06,30S,BYBITSPOT->BITGET,6,180,1000,0.0021713792969418,0.032432491924173,0.09086238996133131,0.08064257583361635,0.02917805400238073,0.05729396070643058,False,False
2025-09-06,30S,BYBITSPOT->COINBASE,1,30,1000,0.02904200574255,0.0190399527809473,0.05334205026467086,0.047342363935396835,0.33191014507243566,0.4524259875289756,False,False
2025-09-06,30S,BYBITSPOT->COINBASE,3,90,1000,-0.0398123450283643,0.0245369714410663,0.0687424164865514,0.061010562641616174,0.00017015482935030054,0.0005427032858437541,False,False
2025-09-06,30S,BYBITSPOT->COINBASE,6,180,1000,-0.0191185396843832,0.0170842284597225,0.04786292191562344,0.04247950457655525,0.001038346153621296,0.002855498045241717,False,False
2025-09-06,30S,COINBASE->BINANCE,1,30,1000,-0.027235532414685,0.0366278252113382,0.10261597368371062,0.09107416658367375,0.0034302707547199888,0.008460298997853812,False,False
2025-09-06,30S,COINBASE->BINANCE,3,90,1000,-0.0724544777356568,0.0500292156362126,0.1401611110001994,0.12439638697119616,0.00032695596982740933,0.0009903970510741751,False,False
2025-09-06,30S,COINBASE->BINANCE,6,180,1000,0.025618625374908,0.0331345585989886,0.09282928957962441,0.08238824697095729,0.11765431929943754,0.1916903220233474,False,False
2025-09-06,30S,COINBASE->BITGET,1,30,1000,-0.0013872831743634,0.0152721740495847,0.04278629706576497,0.037973876839845266,0.020143150834390625,0.0413092486278381,False,False
2025-09-06,30S,COINBASE->BITGET,3,90,1000,-0.0186238223820493,0.0197361505551024,0.05529250765762694,0.049073442198786524,0.0018444718501216793,0.004819835635541859,False,False
2025-09-06,30S,COINBASE->BITGET,6,180,1000,0.0038734915273936,0.0265597147025024,0.07440930410782841,0.06604006291047215,0.03482938576128172,0.06693515950081338,False,False
2025-09-06,30S,COINBASE->BYBITSPOT,1,30,1000,-0.0256880333339577,0.0165678469484662,0.04641623510678095,0.04119553493037687,0.0002236836900037442,0.0006983583963304065,False,False
2025-09-06,30S,COINBASE->BYBITSPOT,3,90,1000,0.0384740645881594,0.0312667871535474,0.08759656870726286,0.07774408022666245,0.2328617126901814,0.33931088638795953,False,False
2025-09-06,30S,COINBASE->BYBITSPOT,6,180,1000,0.0158010901814132,0.0237180926302874,0.0664482577148473,0.058974441064798336,0.0978741838425149,0.1638765855630534,False,False
2025-09-07,1S,BINANCE->BITGET,1,1,1000,0.0014489426164622,0.008120694439463,0.02275081750241172,0.020191902573724923,0.03741229853462297,0.07126590536823352,False,False
2025-09-07,1S,BINANCE->BITGET,3,3,1000,-0.0085916802249672,0.0084657345738962,0.023717476842695484,0.02104983619386503,0.0014657017834457053,0.003910157199805062,False,False
2025-09-07,1S,BINANCE->BITGET,6,6,1000,0.0065504372349008,0.0078184081829853,0.021903936794625087,0.01944027539631109,0.1309011151784199,0.20982423617859797,False,False
2025-09-07,1S,BINANCE->BYBITSPOT,1,1,1000,-0.0082531337620936,0.0086153134114685,0.024136534702980557,0.021421760213155012,0.0017618458688741369,0.004623097394929467,False,False
2025-09-07,1S,BINANCE->BYBITSPOT,3,3,1000,-0.0117588138350831,0.008407986519135,0.023555690746101726,0.02090624710745712,0.0003918434079305855,0.0011696729983373597,False,False
2025-09-07,1S,BINANCE->BYBITSPOT,6,6,1000,-0.006327715133256,0.0083866959984211,0.02349604353798374,0.020853308762934536,0.0033192120567086874,0.008212148068497464,False,False
2025-09-07,1S,BINANCE->COINBASE,1,1,1000,-0.0023606010050937,0.0126015764390254,0.03530439027649422,0.031333503018613075,0.015885107345480542,0.03346234280703922,False,False
2025-09-07,1S,BINANCE->COINBASE,3,3,1000,0.0254285188262155,0.0119106859869161,0.03336880179852942,0.02961562127806697,0.5694480845195837,0.6879612003379323,False,False
2025-09-07,1S,BINANCE->COINBASE,6,6,1000,0.0343141727904646,0.0104048124510275,0.029149968760036407,0.025871304587950998,0.9095435738470894,0.9508406737019421,True,True
2025-09-07,1S,BITGET->BINANCE,1,1,1000,-0.0112309256286906,0.0097096420311475,0.027202389587631215,0.0241427808151392,0.0009146190319518428,0.002543035775883368,False,False
2025-09-07,1S,BITGET->BINANCE,3,3,1000,0.0034989328490508,0.0100919851773737,0.02827355649434534,0.025093467436324447,0.053344031256560634,0.09711798268724886,False,False
2025-09-07,1S,BITGET->BINANCE,6,6,1000,-0.0077743350592976,0.0107191684219937,0.030030663801520863,0.02665294280701419,0.003623907990013866,0.008890970933177823,False,False
2025-09-07,1S,BITGET->BYBITSPOT,1,1,1000,0.0224014410784647,0.0116694199815625,0.03269287452429761,0.029015719421056102,0.48392956682277827,0.6082715258996101,False,False
2025-09-07,1S,BITGET->BYBITSPOT,3,3,1000,0.0189428483515963,0.0116989039050581,0.03277547624853485,0.029089030455617535,0.366640090544995,0.48976623154107973,False,False
2025-09-07,1S,BITGET->BYBITSPOT,6,6,1000,0.013406348082642,0.0104657321753186,0.02932064055910187,0.026022779950910898,0.2485726269023052,0.3579745656326404,False,False
2025-09-07,1S,BITGET->COINBASE,1,1,1000,-0.0022644073896757,0.0069207388678647,0.019389039710629625,0.01720824321119958,0.011093372708047406,0.024302223822088548,False,False
2025-09-07,1S,BITGET->COINBASE,3,3,1000,0.0071856345466398,0.0078505165620224,0.021993891154712994,0.01952011207359903,0.14809081870036173,0.2328337479269335,False,False
2025-09-07,1S,BITGET->COINBASE,6,6,1000,-0.0027563599683642,0.0076817638915206,0.021521116167518065,0.01910051280074995,0.010203413263226596,0.022552590193247547,False,False
2025-09-07,1S,BYBITSPOT->BINANCE,1,1,1000,-0.005216380062505,0.0104214319928653,0.029196529822781,0.025912628660924125,0.006937033873892407,0.015960554243524726,False,False
2025-09-07,1S,BYBITSPOT->BINANCE,3,3,1000,0.0153486096205139,0.0102003215514813,0.028577070078629148,0.025362843107023355,0.32446621746723425,0.44427650032131183,False,False
2025-09-07,1S,BYBITSPOT->BINANCE,6,6,1000,-0.0142990265773232,0.009906908940154,0.027755049643926662,0.024633280025197213,0.0003328822204333723,0.0010068899697306436,False,False
2025-09-07,1S,BYBITSPOT->BITGET,1,1,1000,-0.0203705471148701,0.0107421611892601,0.03009507999841792,0.026710113744795986,5.7562482181788416e-05,0.00019917764089665338,False,False
2025-09-07,1S,BYBITSPOT->BITGET,3,3,1000,3.818608410625793e-05,0.0097818224894598,0.02740460929267557,0.02432225571015386,0.025229031192860747,0.050403913242926646,False,False
2025-09-07,1S,BYBITSPOT->BITGET,6,6,1000,-0.0215125732286152,0.0119671275201337,0.033526927563679476,0.029755961731501985,8.577444141393493e-05,0.00028818995916295273,False,False
2025-09-07,1S,BYBITSPOT->COINBASE,1,1,1000,-0.0089387003966908,0.0093042941771992,0.02606677303181584,0.023134893566529237,0.0017463924698879012,0.00458620216830125,False,False
2025-09-07,1S,BYBITSPOT->COINBASE,3,3,1000,0.0111056359809356,0.0085628522102282,0.023989560177061286,0.021291316755118098,0.2536624744669249,0.36395824562151124,False,False
2025-09-07,1S,BYBITSPOT->COINBASE,6,6,1000,-0.0010546569907276,0.0073027447841034,0.020459261838795668,0.01815809131849869,0.017672514946237113,0.03678543924724465,False,False
2025-09-07,1S,COINBASE->BINANCE,1,1,1000,-0.0049311301583946,0.010602679496963,0.029704310151080986,0.026363296023395846,0.007653194530825653,0.017431890493540738,False,False
2025-09-07,1S,COINBASE->BINANCE,3,3,1000,0.0018340990606286,0.0107148180574114,0.030018475884413687,0.026642125734846187,0.03682432822885093,0.07028394535516629,False,False
2025-09-07,1S,COINBASE->BINANCE,6,6,1000,-0.0120357397739633,0.0109570503371992,0.030697110258816995,0.027244430208946062,0.0011125706398052262,0.0030412479928836446,False,False
2025-09-07,1S,COINBASE->BITGET,1,1,1000,-0.0095374253663876,0.0117126659857453,0.03281403189035859,0.029123249523274768,0.0027664823007418015,0.0069635792905424695,False,False
2025-09-07,1S,COINBASE->BITGET,3,3,1000,0.0044773109397388,0.0101801966628229,0.028520688488047605,0.02531280307730339,0.0642356293115491,0.11409244614625541,False,False
2025-09-07,1S,COINBASE->BITGET,6,6,1000,-0.0048445615255606,0.0108972485245032,0.03052957038435152,0.027095734505063668,0.008096607683601903,0.0183349196947565,False,False
2025-09-07,1S,COINBASE->BYBITSPOT,1,1,1000,-0.0235492717802818,0.0094570558119658,0.026494747769672724,0.023514731531029003,4.291692169601331e-06,1.7749214613679312e-05,False,True
2025-09-07,1S,COINBASE->BYBITSPOT,3,3,1000,-0.013471114050203,0.0082898216526846,0.023224641802953992,0.02061243313763098,0.00016855037492264152,0.0005379804407179935,False,False
2025-09-07,1S,COINBASE->BYBITSPOT,6,6,1000,0.0011394915697803,0.0076786270855583,0.021512328138302,0.01909271321158235,0.03502662899683409,0.0672674588564462,False,False
2025-09-07,2S,BINANCE->BITGET,1,2,1000,0.0014489426164622,0.008120694439463,0.02275081750241172,0.020191902573724923,0.03741229853462297,0.07126590536823352,False,False
2025-09-07,2S,BINANCE->BITGET,3,6,1000,-0.0085916802249672,0.0084657345738962,0.023717476842695484,0.02104983619386503,0.0014657017834457053,0.003910157199805062,False,False
2025-09-07,2S,BINANCE->BITGET,6,12,1000,0.0065504372349008,0.0078184081829853,0.021903936794625087,0.01944027539631109,0.1309011151784199,0.20982423617859797,False,False
2025-09-07,2S,BINANCE->BYBITSPOT,1,2,1000,-0.0082531337620936,0.0086153134114685,0.024136534702980557,0.021421760213155012,0.0017618458688741369,0.004623097394929467,False,False
2025-09-07,2S,BINANCE->BYBITSPOT,3,6,1000,-0.0117588138350831,0.008407986519135,0.023555690746101726,0.02090624710745712,0.0003918434079305855,0.0011696729983373597,False,False
2025-09-07,2S,BINANCE->BYBITSPOT,6,12,1000,-0.006327715133256,0.0083866959984211,0.02349604353798374,0.020853308762934536,0.0033192120567086874,0.008212148068497464,False,False
2025-09-07,2S,BINANCE->COINBASE,1,2,1000,-0.0023606010050937,0.0126015764390254,0.03530439027649422,0.031333503018613075,0.015885107345480542,0.03346234280703922,False,False
2025-09-07,2S,BINANCE->COINBASE,3,6,1000,0.0254285188262155,0.0119106859869161,0.03336880179852942,0.02961562127806697,0.5694480845195837,0.6879612003379323,False,False
2025-09-07,2S,BINANCE->COINBASE,6,12,1000,0.0343141727904646,0.0104048124510275,0.029149968760036407,0.025871304587950998,0.9095435738470894,0.9508406737019421,True,True
2025-09-07,2S,BITGET->BINANCE,1,2,1000,-0.0112309256286906,0.0097096420311475,0.027202389587631215,0.0241427808151392,0.0009146190319518428,0.002543035775883368,False,False
2025-09-07,2S,BITGET->BINANCE,3,6,1000,0.0034989328490508,0.0100919851773737,0.02827355649434534,0.025093467436324447,0.053344031256560634,0.09711798268724886,False,False
2025-09-07,2S,BITGET->BINANCE,6,12,1000,-0.0077743350592976,0.0107191684219937,0.030030663801520863,0.02665294280701419,0.003623907990013866,0.008890970933177823,False,False
2025-09-07,2S,BITGET->BYBITSPOT,1,2,1000,0.0224014410784647,0.0116694199815625,0.03269287452429761,0.029015719421056102,0.48392956682277827,0.6082715258996101,False,False
2025-09-07,2S,BITGET->BYBITSPOT,3,6,1000,0.0189428483515963,0.0116989039050581,0.03277547624853485,0.029089030455617535,0.366640090544995,0.48976623154107973,False,False
2025-09-07,2S,BITGET->BYBITSPOT,6,12,1000,0.013406348082642,0.0104657321753186,0.02932064055910187,0.026022779950910898,0.2485726269023052,0.3579745656326404,False,False
2025-09-07,2S,BITGET->COINBASE,1,2,1000,-0.0022644073896757,0.0069207388678647,0.019389039710629625,0.01720824321119958,0.011093372708047406,0.024302223822088548,False,False
2025-09-07,2S,BITGET->COINBASE,3,6,1000,0.0071856345466398,0.0078505165620224,0.021993891154712994,0.01952011207359903,0.14809081870036173,0.2328337479269335,False,False
2025-09-07,2S,BITGET->COINBASE,6,12,1000,-0.0027563599683642,0.0076817638915206,0.021521116167518065,0.01910051280074995,0.010203413263226596,0.022552590193247547,False,False
2025-09-07,2S,BYBITSPOT->BINANCE,1,2,1000,-0.005216380062505,0.0104214319928653,0.029196529822781,0.025912628660924125,0.006937033873892407,0.015960554243524726,False,False
2025-09-07,2S,BYBITSPOT->BINANCE,3,6,1000,0.0153486096205139,0.0102003215514813,0.028577070078629148,0.025362843107023355,0.32446621746723425,0.44427650032131183,False,False
2025-09-07,2S,BYBITSPOT->BINANCE,6,12,1000,-0.0142990265773232,0.009906908940154,0.027755049643926662,0.024633280025197213,0.0003328822204333723,0.0010068899697306436,False,False
2025-09-07,2S,BYBITSPOT->BITGET,1,2,1000,-0.0203705471148701,0.0107421611892601,0.03009507999841792,0.026710113744795986,5.7562482181788416e-05,0.00019917764089665338,False,False
2025-09-07,2S,BYBITSPOT->BITGET,3,6,1000,3.818608410625793e-05,0.0097818224894598,0.02740460929267557,0.02432225571015386,0.025229031192860747,0.050403913242926646,False,False
2025-09-07,2S,BYBITSPOT->BITGET,6,12,1000,-0.0215125732286152,0.0119671275201337,0.033526927563679476,0.029755961731501985,8.577444141393493e-05,0.00028818995916295273,False,False
2025-09-07,2S,BYBITSPOT->COINBASE,1,2,1000,-0.0089387003966908,0.0093042941771992,0.02606677303181584,0.023134893566529237,0.0017463924698879012,0.00458620216830125,False,False
2025-09-07,2S,BYBITSPOT->COINBASE,3,6,1000,0.0111056359809356,0.0085628522102282,0.023989560177061286,0.021291316755118098,0.2536624744669249,0.36395824562151124,False,False
2025-09-07,2S,BYBITSPOT->COINBASE,6,12,1000,-0.0010546569907276,0.0073027447841034,0.020459261838795668,0.01815809131849869,0.017672514946237113,0.03678543924724465,False,False
2025-09-07,2S,COINBASE->BINANCE,1,2,1000,-0.0049311301583946,0.010602679496963,0.029704310151080986,0.026363296023395846,0.007653194530825653,0.017431890493540738,False,False
2025-09-07,2S,COINBASE->BINANCE,3,6,1000,0.0018340990606286,0.0107148180574114,0.030018475884413687,0.026642125734846187,0.03682432822885093,0.07028394535516629,False,False
2025-09-07,2S,COINBASE->BINANCE,6,12,1000,-0.0120357397739633,0.0109570503371992,0.030697110258816995,0.027244430208946062,0.0011125706398052262,0.0030412479928836446,False,False
2025-09-07,2S,COINBASE->BITGET,1,2,1000,-0.0095374253663876,0.0117126659857453,0.03281403189035859,0.029123249523274768,0.0027664823007418015,0.0069635792905424695,False,False
2025-09-07,2S,COINBASE->BITGET,3,6,1000,0.0044773109397388,0.0101801966628229,0.028520688488047605,0.02531280307730339,0.0642356293115491,0.11409244614625541,False,False
2025-09-07,2S,COINBASE->BITGET,6,12,1000,-0.0048445615255606,0.0108972485245032,0.03052957038435152,0.027095734505063668,0.008096607683601903,0.0183349196947565,False,False
2025-09-07,2S,COINBASE->BYBITSPOT,1,2,1000,-0.0235492717802818,0.0094570558119658,0.026494747769672724,0.023514731531029003,4.291692169601331e-06,1.7749214613679312e-05,False,True
2025-09-07,2S,COINBASE->BYBITSPOT,3,6,1000,-0.013471114050203,0.0082898216526846,0.023224641802953992,0.02061243313763098,0.00016855037492264152,0.0005379804407179935,False,False
2025-09-07,2S,COINBASE->BYBITSPOT,6,12,1000,0.0011394915697803,0.0076786270855583,0.021512328138302,0.01909271321158235,0.03502662899683409,0.0672674588564462,False,False
2025-09-07,5S,BINANCE->BITGET,1,5,1000,0.0014489426164622,0.008120694439463,0.02275081750241172,0.020191902573724923,0.03741229853462297,0.07126590536823352,False,False
2025-09-07,5S,BINANCE->BITGET,3,15,1000,-0.0085916802249672,0.0084657345738962,0.023717476842695484,0.02104983619386503,0.0014657017834457053,0.003910157199805062,False,False
2025-09-07,5S,BINANCE->BITGET,6,30,1000,0.0065504372349008,0.0078184081829853,0.021903936794625087,0.01944027539631109,0.1309011151784199,0.20982423617859797,False,False
2025-09-07,5S,BINANCE->BYBITSPOT,1,5,1000,-0.0082531337620936,0.0086153134114685,0.024136534702980557,0.021421760213155012,0.0017618458688741369,0.004623097394929467,False,False
2025-09-07,5S,BINANCE->BYBITSPOT,3,15,1000,-0.0117588138350831,0.008407986519135,0.023555690746101726,0.02090624710745712,0.0003918434079305855,0.0011696729983373597,False,False
2025-09-07,5S,BINANCE->BYBITSPOT,6,30,1000,-0.006327715133256,0.0083866959984211,0.02349604353798374,0.020853308762934536,0.0033192120567086874,0.008212148068497464,False,False
2025-09-07,5S,BINANCE->COINBASE,1,5,1000,-0.0023606010050937,0.0126015764390254,0.03530439027649422,0.031333503018613075,0.015885107345480542,0.03346234280703922,False,False
2025-09-07,5S,BINANCE->COINBASE,3,15,1000,0.0254285188262155,0.0119106859869161,0.03336880179852942,0.02961562127806697,0.5694480845195837,0.6879612003379323,False,False
2025-09-07,5S,BINANCE->COINBASE,6,30,1000,0.0343141727904646,0.0104048124510275,0.029149968760036407,0.025871304587950998,0.9095435738470894,0.9508406737019421,True,True
2025-09-07,5S,BITGET->BINANCE,1,5,1000,-0.0112309256286906,0.0097096420311475,0.027202389587631215,0.0241427808151392,0.0009146190319518428,0.002543035775883368,False,False
2025-09-07,5S,BITGET->BINANCE,3,15,1000,0.0034989328490508,0.0100919851773737,0.02827355649434534,0.025093467436324447,0.053344031256560634,0.09711798268724886,False,False
2025-09-07,5S,BITGET->BINANCE,6,30,1000,-0.0077743350592976,0.0107191684219937,0.030030663801520863,0.02665294280701419,0.003623907990013866,0.008890970933177823,False,False
2025-09-07,5S,BITGET->BYBITSPOT,1,5,1000,0.0224014410784647,0.0116694199815625,0.03269287452429761,0.029015719421056102,0.48392956682277827,0.6082715258996101,False,False
2025-09-07,5S,BITGET->BYBITSPOT,3,15,1000,0.0189428483515963,0.0116989039050581,0.03277547624853485,0.029089030455617535,0.366640090544995,0.48976623154107973,False,False
2025-09-07,5S,BITGET->BYBITSPOT,6,30,1000,0.013406348082642,0.0104657321753186,0.02932064055910187,0.026022779950910898,0.2485726269023052,0.3579745656326404,False,False
2025-09-07,5S,BITGET->COINBASE,1,5,1000,-0.0022644073896757,0.0069207388678647,0.019389039710629625,0.01720824321119958,0.011093372708047406,0.024302223822088548,False,False
2025-09-07,5S,BITGET->COINBASE,3,15,1000,0.0071856345466398,0.0078505165620224,0.021993891154712994,0.01952011207359903,0.14809081870036173,0.2328337479269335,False,False
2025-09-07,5S,BITGET->COINBASE,6,30,1000,-0.0027563599683642,0.0076817638915206,0.021521116167518065,0.01910051280074995,0.010203413263226596,0.022552590193247547,False,False
2025-09-07,5S,BYBITSPOT->BINANCE,1,5,1000,-0.005216380062505,0.0104214319928653,0.029196529822781,0.025912628660924125,0.006937033873892407,0.015960554243524726,False,False
2025-09-07,5S,BYBITSPOT->BINANCE,3,15,1000,0.0153486096205139,0.0102003215514813,0.028577070078629148,0.025362843107023355,0.32446621746723425,0.44427650032131183,False,False
2025-09-07,5S,BYBITSPOT->BINANCE,6,30,1000,-0.0142990265773232,0.009906908940154,0.027755049643926662,0.024633280025197213,0.0003328822204333723,0.0010068899697306436,False,False
2025-09-07,5S,BYBITSPOT->BITGET,1,5,1000,-0.0203705471148701,0.0107421611892601,0.03009507999841792,0.026710113744795986,5.7562482181788416e-05,0.00019917764089665338,False,False
2025-09-07,5S,BYBITSPOT->BITGET,3,15,1000,3.818608410625793e-05,0.0097818224894598,0.02740460929267557,0.02432225571015386,0.025229031192860747,0.050403913242926646,False,False
2025-09-07,5S,BYBITSPOT->BITGET,6,30,1000,-0.0215125732286152,0.0119671275201337,0.033526927563679476,0.029755961731501985,8.577444141393493e-05,0.00028818995916295273,False,False
2025-09-07,5S,BYBITSPOT->COINBASE,1,5,1000,-0.0089387003966908,0.0093042941771992,0.02606677303181584,0.023134893566529237,0.0017463924698879012,0.00458620216830125,False,False
2025-09-07,5S,BYBITSPOT->COINBASE,3,15,1000,0.0111056359809356,0.0085628522102282,0.023989560177061286,0.021291316755118098,0.2536624744669249,0.36395824562151124,False,False
2025-09-07,5S,BYBITSPOT->COINBASE,6,30,1000,-0.0010546569907276,0.0073027447841034,0.020459261838795668,0.01815809131849869,0.017672514946237113,0.03678543924724465,False,False
2025-09-07,5S,COINBASE->BINANCE,1,5,1000,-0.0049311301583946,0.010602679496963,0.029704310151080986,0.026363296023395846,0.007653194530825653,0.017431890493540738,False,False
2025-09-07,5S,COINBASE->BINANCE,3,15,1000,0.0018340990606286,0.0107148180574114,0.030018475884413687,0.026642125734846187,0.03682432822885093,0.07028394535516629,False,False
2025-09-07,5S,COINBASE->BINANCE,6,30,1000,-0.0120357397739633,0.0109570503371992,0.030697110258816995,0.027244430208946062,0.0011125706398052262,0.0030412479928836446,False,False
2025-09-07,5S,COINBASE->BITGET,1,5,1000,-0.0095374253663876,0.0117126659857453,0.03281403189035859,0.029123249523274768,0.0027664823007418015,0.0069635792905424695,False,False
2025-09-07,5S,COINBASE->BITGET,3,15,1000,0.0044773109397388,0.0101801966628229,0.028520688488047605,0.02531280307730339,0.0642356293115491,0.11409244614625541,False,False
2025-09-07,5S,COINBASE->BITGET,6,30,1000,-0.0048445615255606,0.0108972485245032,0.03052957038435152,0.027095734505063668,0.008096607683601903,0.0183349196947565,False,False
2025-09-07,5S,COINBASE->BYBITSPOT,1,5,1000,-0.0235492717802818,0.0094570558119658,0.026494747769672724,0.023514731531029003,4.291692169601331e-06,1.7749214613679312e-05,False,True
2025-09-07,5S,COINBASE->BYBITSPOT,3,15,1000,-0.013471114050203,0.0082898216526846,0.023224641802953992,0.02061243313763098,0.00016855037492264152,0.0005379804407179935,False,False
2025-09-07,5S,COINBASE->BYBITSPOT,6,30,1000,0.0011394915697803,0.0076786270855583,0.021512328138302,0.01909271321158235,0.03502662899683409,0.0672674588564462,False,False
2025-09-07,10S,BINANCE->BITGET,1,10,1000,0.0094072424999346,0.0126176572647565,0.03534944208015752,0.031373487587529926,0.1122970792895372,0.18424860371329776,False,False
2025-09-07,10S,BINANCE->BITGET,3,30,1000,0.004996294017367,0.0132840330586473,0.03721635065403028,0.03303041424670138,0.05661378684377082,0.10226674654446022,False,False
2025-09-07,10S,BINANCE->BITGET,6,60,1000,0.0169588896411714,0.0129116568527313,0.03617310697995902,0.03210451017203379,0.2589751256268088,0.37017197556423853,False,False
2025-09-07,10S,BINANCE->BYBITSPOT,1,10,1000,-0.0035309468425476,0.0119470142297922,0.033470578466771116,0.029705950540705416,0.012050524939962266,0.026165293588460266,False,False
2025-09-07,10S,BINANCE->BYBITSPOT,3,30,1000,-0.003124429087106,0.0096559610721557,0.027051997806425657,0.024009304460117245,0.011199315087181373,0.024509361560034092,False,False
2025-09-07,10S,BINANCE->BYBITSPOT,6,60,1000,-0.0048162601509188,0.009139438110738,0.025604914712901897,0.02272498310166853,0.006442365352364153,0.01493427616324883,False,False
2025-09-07,10S,BINANCE->COINBASE,1,10,1000,-0.0040124640640475,0.0122758317121963,0.03439178866493156,0.03052354694440413,0.01110308346130588,0.02432122005249845,False,False
2025-09-07,10S,BINANCE->COINBASE,3,30,1000,0.0420154577792255,0.0150330802291079,0.04211645535257501,0.037379376065922974,0.798113802987555,0.8749307900981316,False,True
2025-09-07,10S,BINANCE->COINBASE,6,60,1000,-0.001721274736693,0.0116972299465587,0.0327707865111472,0.029084868199891218,0.01755374889573761,0.0365660052454351,False,False
2025-09-07,10S,BITGET->BINANCE,1,10,1000,0.0035506530553781,0.0143242153877128,0.040130510091282504,0.035616801458284456,0.04344038100177105,0.08121039982577705,False,False
2025-09-07,10S,BITGET->BINANCE,3,30,1000,0.0188646371516401,0.013598029376563,0.0380960380968448,0.03381115819749599,0.2834383797100414,0.39837829400412506,False,False
2025-09-07,10S,BITGET->BINANCE,6,60,1000,0.0019680271784434,0.0119447803008388,0.03346431992443696,0.02970039593252259,0.03631063744665336,0.06942418887219201,False,False
2025-09-07,10S,BITGET->BYBITSPOT,1,10,1000,0.0125217764118217,0.0135526324428791,0.037968854718488335,0.03369827986314608,0.1500947398414152,0.2354803573574043,False,False
2025-09-07,10S,BITGET->BYBITSPOT,3,30,1000,0.0175794156837574,0.0116488936184664,0.032635368168865954,0.028964681135239655,0.32604596679941455,0.4460104122725295,False,False
2025-09-07,10S,BITGET->BYBITSPOT,6,60,1000,-0.0088114671844748,0.0152341282057894,0.04267970839217742,0.03787927680570082,0.005568554714406093,0.013099246373173569,False,False
2025-09-07,10S,BITGET->COINBASE,1,10,1000,-0.0115166469172823,0.0103461459122016,0.028985609452063917,0.025725431714006423,0.0010592445289277345,0.0029079198459853704,False,False
2025-09-07,10S,BITGET->COINBASE,3,30,1000,-0.0054994977520921,0.0079886173279282,0.022380792219084764,0.019863496156242968,0.00404391940157225,0.00981698032642179,False,False
2025-09-07,10S,BITGET->COINBASE,6,60,1000,-0.017587614278191,0.009759354419883,0.027341663081069674,0.024266389419986635,8.424873476159735e-05,0.0002834426616974678,False,False
2025-09-07,10S,BYBITSPOT->BINANCE,1,10,1000,0.014436682823391,0.0138002949030333,0.038662702205937836,0.03431408634421512,0.18039786014125025,0.27467329088280434,False,False
2025-09-07,10S,BYBITSPOT->BINANCE,3,30,1000,-0.0121243339038776,0.0126353592309283,0.03539903564691597,0.03141750308139796,0.0017528549596797231,0.004601635346407799,False,False
2025-09-07,10S,BYBITSPOT->BINANCE,6,60,1000,-0.0116196619156258,0.0103111935419665,0.028887687408275246,0.025638523524101103,0.001011407939829202,0.002787779263630841,False,False
2025-09-07,10S,BYBITSPOT->BITGET,1,10,1000,-0.0023949441566188,0.0104773613956692,0.02935322081093429,0.026051695714960164,0.01431490019852224,0.03050407484675803,False,False
2025-09-07,10S,BYBITSPOT->BITGET,3,30,1000,8.269860365635925e-05,0.0128452968199879,0.03598719369315162,0.03193950761887376,0.025378653367017417,0.05066751546954786,False,False
2025-09-07,10S,BYBITSPOT->BITGET,6,60,1000,-0.0044483092325528,0.0130157278757848,0.0364646708197796,0.032363280154565376,0.010675254144991556,0.023482384607237818,False,False
2025-09-07,10S,BYBITSPOT->COINBASE,1,10,1000,0.0021100599387815,0.0102506383505226,0.028718036879046015,0.025487954562901607,0.03970520511894586,0.07507427816806907,False,False
2025-09-07,10S,BYBITSPOT->COINBASE,3,30,1000,-0.0078134270481178,0.0112999707372242,0.03165783098251642,0.028097093162769187,0.0040077109274835624,0.009737567787423226,False,False
2025-09-07,10S,BYBITSPOT->COINBASE,6,60,1000,-0.0048890444664602,0.0115385885959091,0.03232633924818581,0.028690410469661354,0.00857033122317111,0.01929340865292071,False,False
2025-09-07,10S,COINBASE->BINANCE,1,10,1000,0.0087064363223122,0.0141702199810269,0.03969907883625399,0.035233895750923734,0.08922446924841032,0.15140274666178366,False,False
2025-09-07,10S,COINBASE->BINANCE,3,30,1000,-0.0169112686521122,0.0155702349322281,0.043621340028676424,0.038714997731443795,0.0011591843574003241,0.003157299269706656,False,False
2025-09-07,10S,COINBASE->BINANCE,6,60,1000,-0.0303436095367024,0.0204484424687087,0.05728805415376775,0.05084453813532341,0.0002867234621417948,0.0008777229598662953,False,False
2025-09-07,10S,COINBASE->BITGET,1,10,1000,-0.0361990242040204,0.0169319891223167,0.04743641043833204,0.04210096529131284,2.084834543001722e-05,7.754916504061144e-05,False,False
2025-09-07,10S,COINBASE->BITGET,3,30,1000,-0.0022049997912093,0.0099046906993816,0.02774883505336849,0.02462776442528205,0.014533164835979278,0.03091761460530276,False,False
2025-09-07,10S,COINBASE->BITGET,6,60,1000,-0.0056924144401745,0.0095744609701861,0.02682366832547293,0.02380665650543966,0.0053169376367085686,0.012565108901189235,False,False
2025-09-07,10S,COINBASE->BYBITSPOT,1,10,1000,-0.0157337407221624,0.0108434008606797,0.030378711565353687,0.02696184364266857,0.000323671921462436,0.000981246407043471,False,False
2025-09-07,10S,COINBASE->BYBITSPOT,3,30,1000,0.0063877351505202,0.0119621345981168,0.03351293946716174,0.029743546956426406,0.07693882950570807,0.13331487467335906,False,False
2025-09-07,10S,COINBASE->BYBITSPOT,6,60,1000,0.013978716596284,0.0110134850978973,0.030855217050176534,0.027384753822681594,0.24486838746012746,0.3536007550656559,False,False
2025-09-07,15S,BINANCE->BITGET,1,15,1000,-0.0163780145906979,0.0147695744457993,0.04137822144517036,0.036724175560123355,0.0010743638278088738,0.0029457846352114844,False,False
2025-09-07,15S,BINANCE->BITGET,3,45,1000,-0.0094202170529273,0.0203229962851563,0.05693660598025866,0.05053261935357163,0.007686109520166421,0.017499125413768673,False,False
2025-09-07,15S,BINANCE->BITGET,6,90,1000,0.0007498388577894,0.0194289297505379,0.054431802392862265,0.048309545391606826,0.027342535837478497,0.054108431432874096,False,False
2025-09-07,15S,BINANCE->BYBITSPOT,1,15,1000,0.0088018920638103,0.0106011602309293,0.02970005379781859,0.026359518406596602,0.12930392364105447,0.2076571457530983,False,False
2025-09-07,15S,BINANCE->BYBITSPOT,3,45,1000,0.0008400556639349,0.0099558393603118,0.027892132385756812,0.02475494428483448,0.030356088979277482,0.05932378459125338,False,False
2025-09-07,15S,BINANCE->BYBITSPOT,6,90,1000,0.0071795415512914,0.0134116697455961,0.03757393570947495,0.03334777966008019,0.07713013951906635,0.13360012765820095,False,False
2025-09-07,15S,BINANCE->COINBASE,1,15,1000,0.0315620158505162,0.024460517827156,0.068528225171949,0.06082046265263198,0.2515439543911413,0.3614713493007502,False,False
2025-09-07,15S,BINANCE->COINBASE,3,45,1000,-0.0040175251379925,0.0132573143677435,0.03714149596454686,0.03296397889346296,0.011817655359034028,0.025713717208445595,False,False
2025-09-07,15S,BINANCE->COINBASE,6,90,1000,0.0144506836936475,0.0160056182124999,0.04484110339089943,0.03979756731253226,0.1452299457465006,0.22904278274466894,False,False
2025-09-07,15S,BITGET->BINANCE,1,15,1000,-0.0073238692140772,0.0203279117716381,0.05695037713452591,0.050544841587135875,0.01016366945636404,0.022474042161936478,False,False
2025-09-07,15S,BITGET->BINANCE,3,45,1000,-0.012042805473947,0.01285318826421,0.03600930224663382,0.03195912949654524,0.0018842603089639382,0.0049142627430227735,False,False
2025-09-07,15S,BITGET->BINANCE,6,90,1000,-0.0003210988753421,0.0099063021058327,0.027753349545862265,0.024631771146912798,0.023164822651152734,0.046745119478483095,False,False
2025-09-07,15S,BITGET->BYBITSPOT,1,15,1000,0.0281039372885146,0.0153773579228906,0.04308097865040265,0.038235413896552974,0.447355348150276,0.5725085775490166,False,False
2025-09-07,15S,BITGET->BYBITSPOT,3,45,1000,0.011611370789511,0.0117353428080476,0.03287756294051449,0.029179634871846015,0.16589169444558266,0.25609945671188594,False,False
2025-09-07,15S,BITGET->BYBITSPOT,6,90,1000,0.0106927605399149,0.017654496053729,0.049460575177360896,0.04389746061282414,0.08782095829111097,0.1493591703070728,False,False
2025-09-07,15S,BITGET->COINBASE,1,15,1000,0.0091437387092877,0.0092428747482719,0.025894701267628176,0.022982175700553744,0.16585142218050575,0.2560474244138535,False,False
2025-09-07,15S,BITGET->COINBASE,3,45,1000,-0.0035970374603923,0.0128837048129737,0.03609479695855802,0.032035008127876144,0.012572858701696632,0.02717438293515939,False,False
2025-09-07,15S,BITGET->COINBASE,6,90,1000,-0.0123035692577971,0.0168244111368539,0.04713502154446509,0.04183347533491373,0.0035591699768743102,0.008747261494182965,False,False
2025-09-07,15S,BYBITSPOT->BINANCE,1,15,1000,-0.0016136544717929,0.0160965055812303,0.045095732099647706,0.040023556470019615,0.019689104290021558,0.04048352545179693,False,False
2025-09-07,15S,BYBITSPOT->BINANCE,3,45,1000,0.0025142714774054,0.0130609689605375,0.03659141757407416,0.032475770974465815,0.03857550164250895,0.07320202357376147,False,False
2025-09-07,15S,BYBITSPOT->BINANCE,6,90,1000,-0.0077807004770885,0.0164491175456426,0.04608360456687498,0.040900317255050916,0.00748755843772989,0.017093043193353804,False,False
2025-09-07,15S,BYBITSPOT->BITGET,1,15,1000,0.0083306834633433,0.0140213276182091,0.03928194419349373,0.0348636786338532,0.08599768892680393,0.14669591756454353,False,False
2025-09-07,15S,BYBITSPOT->BITGET,3,45,1000,-0.0174959616117953,0.0137292983514503,0.03846379931648591,0.03413755520352007,0.0006096719045801083,0.0017546221446301967,False,False
2025-09-07,15S,BYBITSPOT->BITGET,6,90,1000,-0.0204742914447914,0.0150150740136403,0.042066009405486826,0.0373346040638296,0.00044440311824027543,0.001312980181263829,False,False
2025-09-07,15S,BYBITSPOT->COINBASE,1,15,1000,0.0075719244853095,0.021931192108825,0.0614421036276799,0.05453135783992416,0.05318721497365853,0.09686983842005226,False,False
2025-09-07,15S,BYBITSPOT->COINBASE,3,45,1000,0.0148810581539109,0.0160167574980144,0.04487231104853719,0.03982526486592827,0.15130067530787972,0.23706960099218632,False,False
2025-09-07,15S,BYBITSPOT->COINBASE,6,90,1000,0.0238191721580397,0.0131701293949666,0.03689723983357352,0.0327471956504377,0.4398346005263556,0.5650249153630116,False,False
2025-09-07,15S,COINBASE->BINANCE,1,15,1000,0.0263734014138539,0.0150705018278279,0.04222129515038712,0.03747242393038089,0.4168484924589941,0.5418707797350328,False,False
2025-09-07,15S,COINBASE->BINANCE,3,45,1000,0.0145980319385718,0.0148443324462904,0.04158766235428191,0.036910059448967546,0.1643944536355123,0.2541632144750986,False,False
2025-09-07,15S,COINBASE->BINANCE,6,90,1000,0.0426388270360243,0.0191298327833242,0.05359385675073394,0.04756584830177087,0.6060174332387771,0.7204114704142036,False,False
2025-09-07,15S,COINBASE->BITGET,1,15,1000,-0.0314525106729425,0.0305891588742307,0.08569813533655386,0.07605917454536107,0.0014031839118928957,0.0037579415731352982,False,False
2025-09-07,15S,COINBASE->BITGET,3,45,1000,-0.0051230424890948,0.0141698371418525,0.03969800627968208,0.035232943830940965,0.010129678294283165,0.022406834550252577,False,False
2025-09-07,15S,COINBASE->BITGET,6,90,1000,-0.0017407634168342,0.0195505241218953,0.05477245938626289,0.04861188673916826,0.02023090078983431,0.04146854864994676,False,False
2025-09-07,15S,COINBASE->BYBITSPOT,1,15,1000,-0.03089873439042,0.0110155415376277,0.03086097834132716,0.027389867108373416,9.44377238243562e-07,4.296186757703366e-06,True,True
2025-09-07,15S,COINBASE->BYBITSPOT,3,45,1000,0.0004647336179911,0.013800115455071,0.038662199467179234,0.03431364015136809,0.027034216647987774,0.0535705137061116,False,False
2025-09-07,15S,COINBASE->BYBITSPOT,6,90,1000,-0.000961531040943,0.0124836916112624,0.03497412588559361,0.031040385357943127,0.020825674515508104,0.04254593736217835,False,False
2025-09-07,30S,BINANCE->BITGET,1,30,1000,0.0008870587515997,0.0145807370013298,0.040849177252118375,0.03625463600172427,0.028773938090556422,0.05659504929951686,False,False
2025-09-07,30S,BINANCE->BITGET,3,90,1000,0.0176884408658545,0.0164905634125225,0.04619971869487758,0.04100337136112043,0.18745229585255507,0.2835886884590698,False,False
2025-09-07,30S,BINANCE->BITGET,6,180,1000,0.0282929334448567,0.0135927750900471,0.03808131776541013,0.03379809354616421,0.5483542885964028,0.6688046698707126,False,False
2025-09-07,30S,BINANCE->BYBITSPOT,1,30,1000,0.0106924943533071,0.0178563915252949,0.050026202546103876,0.04439946862732647,0.08673170711653039,0.1477692629503014,False,False
2025-09-07,30S,BINANCE->BYBITSPOT,3,90,1000,0.0209800221847135,0.0160552166773898,0.04498005771697607,0.03992089264860161,0.25680651395108106,0.36763944608317045,False,False
2025-09-07,30S,BINANCE->BYBITSPOT,6,180,1000,-0.0267222394939589,0.0180374499159648,0.05053345305701999,0.04484966576401418,0.00028930212298680365,0.0008849834016226022,False,False
2025-09-07,30S,BINANCE->COINBASE,1,30,1000,0.0485243055752542,0.0185465652944023,0.051959783175564475,0.04611556835360538,0.744212097739601,0.8343494136656925,False,True
2025-09-07,30S,BINANCE->COINBASE,3,90,1000,0.0200203895360078,0.0236566084780545,0.06627600462280342,0.05882156226595058,0.13270988480336326,0.2122722128701554,False,False
2025-09-07,30S,BINANCE->COINBASE,6,180,1000,0.0147370473864962,0.0263351602314708,0.07378019562112509,0.06548171386343372,0.0807015593349833,0.13890375899409246,False,False
2025-09-07,30S,BITGET->BINANCE,1,30,1000,0.0044626415794841,0.0229360824428038,0.06425738953317951,0.057029992392946406,0.03874866974869289,0.07348952713662253,False,False
2025-09-07,30S,BITGET->BINANCE,3,90,1000,-0.0115790884346995,0.0144052217304462,0.04035745626365779,0.03581822169303407,0.0028568385465007184,0.007169326760799438,False,False
2025-09-07,30S,BITGET->BINANCE,6,180,1000,-0.0387194247194708,0.0328683420109515,0.09208346112176319,0.08172630611734845,0.0008505831772768341,0.0023797979214389485,False,False
2025-09-07,30S,BITGET->BYBITSPOT,1,30,1000,0.0568369597930823,0.0239614978439747,0.06713017816352529,0.05957966200955238,0.6598478752831445,0.766435520317454,False,False
2025-09-07,30S,BITGET->BYBITSPOT,3,90,1000,0.0144585195086499,0.0249716589150027,0.06996023048803049,0.06209140211774388,0.08364458019078541,0.14324426451261968,False,False
2025-09-07,30S,BITGET->BYBITSPOT,6,180,1000,0.0165707310959002,0.019990744220213,0.05600577350642599,0.0497064829467328,0.12901832526737816,0.20726909770148966,False,False
2025-09-07,30S,BITGET->COINBASE,1,30,1000,0.0099942074076259,0.0126009231928683,0.0353025601517167,0.031331878738465706,0.12163930603112827,0.1971845712980989,False,False
2025-09-07,30S,BITGET->COINBASE,3,90,1000,-0.0118927445976892,0.0272784895833621,0.07642301318919585,0.0678272785821062,0.008288920613312099,0.01872478888337892,False,False
2025-09-07,30S,BITGET->COINBASE,6,180,1000,-0.0371110347736076,0.0206814050891336,0.05794071878752301,0.0514237938344518,8.688569832384385e-05,0.00029164348329853554,False,False
2025-09-07,30S,BYBITSPOT->BINANCE,1,30,1000,0.0171460371513697,0.0176776658149231,0.0495254872378295,0.043955071641557625,0.16107790738273658,0.24986104354720579,False,False
2025-09-07,30S,BYBITSPOT->BINANCE,3,90,1000,-0.0092594673601687,0.0248191380265946,0.0695329302216129,0.0617121627630123,0.009822978359789538,0.021799206050917255,False,False
2025-09-07,30S,BYBITSPOT->BINANCE,6,180,1000,-0.015482618822598,0.0167996284912496,0.04706559085087435,0.04177185390964135,0.001978504069408402,0.005137146526145312,False,False
2025-09-07,30S,BYBITSPOT->BITGET,1,30,1000,0.0262516066633393,0.0158419735943761,0.04438263904774005,0.03939066908350732,0.3809936860257373,0.5048822562843288,False,False
2025-09-07,30S,BYBITSPOT->BITGET,3,90,1000,-0.0256759887739734,0.0244485422970637,0.06849467470386333,0.06079068579811602,0.0013055105868327594,0.0035188091564896627,False,False
2025-09-07,30S,BYBITSPOT->BITGET,6,180,1000,0.0383183752027032,0.0238244734439229,0.06674629262981936,0.05923895428354514,0.362568348128812,0.4854451347475944,False,False
2025-09-07,30S,BYBITSPOT->COINBASE,1,30,1000,-0.0182591155272425,0.0159646801679602,0.044726411970458554,0.039695775893945275,0.0009556385043163807,0.002647039949480065,False,False
2025-09-07,30S,BYBITSPOT->COINBASE,3,90,1000,-0.0061579622835271,0.0220953975754672,0.06190213923575803,0.05493965060469067,0.012588930664897541,0.027205350263595655,False,False
2025-09-07,30S,BYBITSPOT->COINBASE,6,180,1000,0.0033593296447154,0.0189476934825793,0.0530835779781296,0.04711296350935519,0.03732009431345644,0.07111206463352775,False,False
2025-09-07,30S,COINBASE->BINANCE,1,30,1000,0.0428117838948148,0.020566598058511,0.05761907710759529,0.05113832903899725,0.5484131595939404,0.6688585838898303,False,False
2025-09-07,30S,COINBASE->BINANCE,3,90,1000,0.0644932906662411,0.0372100782580516,0.10424720521258411,0.09252192414679035,0.4103118172314763,0.5352076710979891,False,False
2025-09-07,30S,COINBASE->BINANCE,6,180,1000,0.0107590105850031,0.025539568593277,0.07155127784790706,0.06350349525582143,0.06193930290112941,0.11055434836743067,False,False
2025-09-07,30S,COINBASE->BITGET,1,30,1000,-0.0290931600944343,0.0241931799307436,0.0677792552731186,0.06015573369393707,0.0007821047995374225,0.002203971603640265,False,False
2025-09-07,30S,COINBASE->BITGET,3,90,1000,0.0013868805307055,0.0256751967598491,0.07193125171453522,0.06384073128238196,0.028328500283425716,0.05582310118996344,False,False
2025-09-07,30S,COINBASE->BITGET,6,180,1000,-0.0014014363120726,0.02006422546623,0.05621163747907575,0.04988919221767408,0.021187851746722344,0.04320001694761081,False,False
2025-09-07,30S,COINBASE->BYBITSPOT,1,30,1000,0.0005022869473466,0.0248713270954749,0.06967914234553503,0.061841929570777346,0.02620391143662556,0.05211770378554156,False,False
2025-09-07,30S,COINBASE->BYBITSPOT,3,90,1000,-0.0127023901255197,0.022410589466895,0.06278517617965122,0.05572336731896702,0.00575589206517983,0.013495198557474285,False,False
2025-09-07,30S,COINBASE->BYBITSPOT,6,180,1000,0.0090172069580727,0.0162115030805078,0.045417907393743503,0.04030949486099629,0.0801979606309508,0.13815834926893295,False,False
