current_path,suggested_path,size,modified_ts
analysis/w1_build_v5/panel/dt=2025-08-06/venue=COINBASE/part-0.parquet,artifacts/analysis/w1_build_v5/panel/dt=2025-08-06/venue=COINBASE/part-0.parquet,1295323,2025-10-04T20:25:04.038648
analysis/w1_build_v5/panel/dt=2025-08-06/venue=BYBITSPOT/part-0.parquet,artifacts/analysis/w1_build_v5/panel/dt=2025-08-06/venue=BYBITSPOT/part-0.parquet,750452,2025-10-04T20:25:04.689426
analysis/w1_build_v5/panel/dt=2025-08-06/venue=BITGET/part-0.parquet,artifacts/analysis/w1_build_v5/panel/dt=2025-08-06/venue=BITGET/part-0.parquet,687800,2025-10-04T20:25:05.142935
analysis/w1_build_v5/panel/dt=2025-08-06/venue=BINANCE/part-0.parquet,artifacts/analysis/w1_build_v5/panel/dt=2025-08-06/venue=BINANCE/part-0.parquet,1611482,2025-10-04T20:25:03.282230
analysis/w1_build_v5/panel/dt=2025-08-01/venue=COINBASE/part-0.parquet,artifacts/analysis/w1_build_v5/panel/dt=2025-08-01/venue=COINBASE/part-0.parquet,1652546,2025-10-04T20:24:45.730310
analysis/w1_build_v5/panel/dt=2025-08-01/venue=BYBITSPOT/part-0.parquet,artifacts/analysis/w1_build_v5/panel/dt=2025-08-01/venue=BYBITSPOT/part-0.parquet,1138653,2025-10-04T20:24:46.507812
analysis/w1_build_v5/panel/dt=2025-08-01/venue=BITGET/part-0.parquet,artifacts/analysis/w1_build_v5/panel/dt=2025-08-01/venue=BITGET/part-0.parquet,831625,2025-10-04T20:24:47.012550
analysis/w1_build_v5/panel/dt=2025-08-01/venue=BINANCE/part-0.parquet,artifacts/analysis/w1_build_v5/panel/dt=2025-08-01/venue=BINANCE/part-0.parquet,1242375,2025-10-04T20:24:44.479947
analysis/w1_build_v5/panel/dt=2025-08-07/venue=COINBASE/part-0.parquet,artifacts/analysis/w1_build_v5/panel/dt=2025-08-07/venue=COINBASE/part-0.parquet,1337951,2025-10-04T20:25:07.803389
analysis/w1_build_v5/panel/dt=2025-08-07/venue=BYBITSPOT/part-0.parquet,artifacts/analysis/w1_build_v5/panel/dt=2025-08-07/venue=BYBITSPOT/part-0.parquet,808394,2025-10-04T20:25:08.436997
analysis/w1_build_v5/panel/dt=2025-08-07/venue=BITGET/part-0.parquet,artifacts/analysis/w1_build_v5/panel/dt=2025-08-07/venue=BITGET/part-0.parquet,967497,2025-10-04T20:25:08.881436
analysis/w1_build_v5/panel/dt=2025-08-07/venue=BINANCE/part-0.parquet,artifacts/analysis/w1_build_v5/panel/dt=2025-08-07/venue=BINANCE/part-0.parquet,1620980,2025-10-04T20:25:06.983850
analysis/w1_build_v5/panel/dt=2025-08-02/venue=COINBASE/part-0.parquet,artifacts/analysis/w1_build_v5/panel/dt=2025-08-02/venue=COINBASE/part-0.parquet,1256021,2025-10-04T20:24:49.203715
analysis/w1_build_v5/panel/dt=2025-08-02/venue=BYBITSPOT/part-0.parquet,artifacts/analysis/w1_build_v5/panel/dt=2025-08-02/venue=BYBITSPOT/part-0.parquet,755076,2025-10-04T20:24:49.829882
analysis/w1_build_v5/panel/dt=2025-08-02/venue=BITGET/part-0.parquet,artifacts/analysis/w1_build_v5/panel/dt=2025-08-02/venue=BITGET/part-0.parquet,513780,2025-10-04T20:24:50.222117
analysis/w1_build_v5/panel/dt=2025-08-02/venue=BINANCE/part-0.parquet,artifacts/analysis/w1_build_v5/panel/dt=2025-08-02/venue=BINANCE/part-0.parquet,1580891,2025-10-04T20:24:48.464120
analysis/w1_build_v5/panel/dt=2025-08-05/venue=COINBASE/part-0.parquet,artifacts/analysis/w1_build_v5/panel/dt=2025-08-05/venue=COINBASE/part-0.parquet,1333483,2025-10-04T20:24:59.818545
analysis/w1_build_v5/panel/dt=2025-08-05/venue=BYBITSPOT/part-0.parquet,artifacts/analysis/w1_build_v5/panel/dt=2025-08-05/venue=BYBITSPOT/part-0.parquet,839999,2025-10-04T20:25:00.516434
analysis/w1_build_v5/panel/dt=2025-08-05/venue=BITGET/part-0.parquet,artifacts/analysis/w1_build_v5/panel/dt=2025-08-05/venue=BITGET/part-0.parquet,611420,2025-10-04T20:25:01.100096
analysis/w1_build_v5/panel/dt=2025-08-05/venue=BINANCE/part-0.parquet,artifacts/analysis/w1_build_v5/panel/dt=2025-08-05/venue=BINANCE/part-0.parquet,1633231,2025-10-04T20:24:59.002446
analysis/w1_build_v5/panel/dt=2025-08-04/venue=COINBASE/part-0.parquet,artifacts/analysis/w1_build_v5/panel/dt=2025-08-04/venue=COINBASE/part-0.parquet,1254928,2025-10-04T20:24:56.078523
analysis/w1_build_v5/panel/dt=2025-08-04/venue=BYBITSPOT/part-0.parquet,artifacts/analysis/w1_build_v5/panel/dt=2025-08-04/venue=BYBITSPOT/part-0.parquet,930471,2025-10-04T20:24:56.707986
analysis/w1_build_v5/panel/dt=2025-08-04/venue=BITGET/part-0.parquet,artifacts/analysis/w1_build_v5/panel/dt=2025-08-04/venue=BITGET/part-0.parquet,505273,2025-10-04T20:24:57.091368
analysis/w1_build_v5/panel/dt=2025-08-04/venue=BINANCE/part-0.parquet,artifacts/analysis/w1_build_v5/panel/dt=2025-08-04/venue=BINANCE/part-0.parquet,1636983,2025-10-04T20:24:55.313920
analysis/w1_build_v5/panel/dt=2025-08-03/venue=COINBASE/part-0.parquet,artifacts/analysis/w1_build_v5/panel/dt=2025-08-03/venue=COINBASE/part-0.parquet,1137664,2025-10-04T20:24:52.509122
analysis/w1_build_v5/panel/dt=2025-08-03/venue=BYBITSPOT/part-0.parquet,artifacts/analysis/w1_build_v5/panel/dt=2025-08-03/venue=BYBITSPOT/part-0.parquet,798186,2025-10-04T20:24:53.225090
analysis/w1_build_v5/panel/dt=2025-08-03/venue=BITGET/part-0.parquet,artifacts/analysis/w1_build_v5/panel/dt=2025-08-03/venue=BITGET/part-0.parquet,389315,2025-10-04T20:24:53.537868
analysis/w1_build_v5/panel/dt=2025-08-03/venue=BINANCE/part-0.parquet,artifacts/analysis/w1_build_v5/panel/dt=2025-08-03/venue=BINANCE/part-0.parquet,1410233,2025-10-04T20:24:51.874100
analysis/flatfiles_ticks_v4/raw/BITGET_20250928_BTCUSDT.csv.gz,artifacts/analysis/flatfiles_ticks_v4/raw/BITGET_20250928_BTCUSDT.csv.gz,7336598,2025-10-08T09:34:01.313271
analysis/flatfiles_ticks_v4/raw/COINBASE_20250925_BTCUSD.csv.gz,artifacts/analysis/flatfiles_ticks_v4/raw/COINBASE_20250925_BTCUSD.csv.gz,57548044,2025-10-08T09:36:55.288072
analysis/flatfiles_ticks_v4/raw/COINBASE_20250821_BTCUSDT.csv.gz,artifacts/analysis/flatfiles_ticks_v4/raw/COINBASE_20250821_BTCUSDT.csv.gz,29439412,2025-10-04T15:35:06.854652
analysis/flatfiles_ticks_v4/raw/BYBITSPOT_20250803_BTCUSDT.csv.gz,artifacts/analysis/flatfiles_ticks_v4/raw/BYBITSPOT_20250803_BTCUSDT.csv.gz,11540117,2025-10-11T13:24:52.586209
analysis/flatfiles_ticks_v4/raw/BYBITSPOT_20250816_BTCUSDT.csv.gz,artifacts/analysis/flatfiles_ticks_v4/raw/BYBITSPOT_20250816_BTCUSDT.csv.gz,9615348,2025-10-08T09:04:48.443577
analysis/flatfiles_ticks_v4/raw/BYBITSPOT_20250915_BTCUSDT.csv.gz,artifacts/analysis/flatfiles_ticks_v4/raw/BYBITSPOT_20250915_BTCUSDT.csv.gz,28287673,2025-10-04T16:54:10.243019
analysis/flatfiles_ticks_v4/raw/BINANCE_20250818_BTCUSDT.csv.gz,artifacts/analysis/flatfiles_ticks_v4/raw/BINANCE_20250818_BTCUSDT.csv.gz,124594044,2025-10-08T08:58:29.070245
analysis/flatfiles_ticks_v4/raw/BINANCE_20250805_BTCUSDT.csv.gz,artifacts/analysis/flatfiles_ticks_v4/raw/BINANCE_20250805_BTCUSDT.csv.gz,96392989,2025-10-08T09:24:49.899611
analysis/flatfiles_ticks_v4/raw/BINANCE_20250810_BTCUSDT.csv.gz,artifacts/analysis/flatfiles_ticks_v4/raw/BINANCE_20250810_BTCUSDT.csv.gz,86931189,2025-10-08T09:19:26.543237
analysis/flatfiles_ticks_v4/raw/BYBITSPOT_20250908_BTCUSDT.csv.gz,artifacts/analysis/flatfiles_ticks_v4/raw/BYBITSPOT_20250908_BTCUSDT.csv.gz,21196524,2025-10-04T16:32:12.558623
analysis/flatfiles_ticks_v4/raw/BINANCE_20250906_BTCUSDT.csv.gz,artifacts/analysis/flatfiles_ticks_v4/raw/BINANCE_20250906_BTCUSDT.csv.gz,48708542,2025-10-04T16:29:52.001930
analysis/flatfiles_ticks_v4/raw/COINBASE_20250829_BTCUSDT.csv.gz,artifacts/analysis/flatfiles_ticks_v4/raw/COINBASE_20250829_BTCUSDT.csv.gz,46357224,2025-10-04T16:07:33.483092
analysis/flatfiles_ticks_v4/raw/BITGET_20250823_BTCUSDT.csv.gz,artifacts/analysis/flatfiles_ticks_v4/raw/BITGET_20250823_BTCUSDT.csv.gz,5726662,2025-10-08T08:52:51.613295
analysis/flatfiles_ticks_v4/raw/BITGET_20250920_BTCUSDT.csv.gz,artifacts/analysis/flatfiles_ticks_v4/raw/BITGET_20250920_BTCUSDT.csv.gz,8874081,2025-10-04T17:20:20.254359
analysis/flatfiles_ticks_v4/raw/COINBASE_20250826_BTCUSDT.csv.gz,artifacts/analysis/flatfiles_ticks_v4/raw/COINBASE_20250826_BTCUSDT.csv.gz,38371384,2025-10-04T15:51:35.183863
analysis/flatfiles_ticks_v4/raw/COINBASE_20250812_BTCUSD.csv.gz,artifacts/analysis/flatfiles_ticks_v4/raw/COINBASE_20250812_BTCUSD.csv.gz,29198299,2025-10-08T09:09:14.570144
analysis/flatfiles_ticks_v4/raw/COINBASE_20250805_BTCUSD.csv.gz,artifacts/analysis/flatfiles_ticks_v4/raw/COINBASE_20250805_BTCUSD.csv.gz,26256418,2025-10-08T09:25:05.829593
analysis/flatfiles_ticks_v4/raw/BYBITSPOT_20250907_BTCUSDT.csv.gz,artifacts/analysis/flatfiles_ticks_v4/raw/BYBITSPOT_20250907_BTCUSDT.csv.gz,8281826,2025-10-04T16:31:04.190660
analysis/flatfiles_ticks_v4/raw/BYBITSPOT_20250912_BTCUSDT.csv.gz,artifacts/analysis/flatfiles_ticks_v4/raw/BYBITSPOT_20250912_BTCUSDT.csv.gz,30146424,2025-10-04T16:50:02.707988
analysis/flatfiles_ticks_v4/raw/BINANCE_20250909_BTCUSDT.csv.gz,artifacts/analysis/flatfiles_ticks_v4/raw/BINANCE_20250909_BTCUSDT.csv.gz,97253672,2025-10-04T16:33:00.298882
analysis/flatfiles_ticks_v4/raw/BYBITSPOT_20250811_BTCUSDT.csv.gz,artifacts/analysis/flatfiles_ticks_v4/raw/BYBITSPOT_20250811_BTCUSDT.csv.gz,32213475,2025-10-08T09:10:52.580102
analysis/flatfiles_ticks_v4/raw/BYBITSPOT_20250804_BTCUSDT.csv.gz,artifacts/analysis/flatfiles_ticks_v4/raw/BYBITSPOT_20250804_BTCUSDT.csv.gz,18905149,2025-10-11T13:25:16.819215
analysis/flatfiles_ticks_v4/raw/BYBITSPOT_20250819_BTCUSDT.csv.gz,artifacts/analysis/flatfiles_ticks_v4/raw/BYBITSPOT_20250819_BTCUSDT.csv.gz,21142201,2025-10-08T08:57:36.483114
analysis/flatfiles_ticks_v4/raw/BINANCE_20250901_BTCUSDT.csv.gz,artifacts/analysis/flatfiles_ticks_v4/raw/BINANCE_20250901_BTCUSDT.csv.gz,103704323,2025-10-04T16:10:09.592856
analysis/flatfiles_ticks_v4/raw/BINANCE_20250914_BTCUSDT.csv.gz,artifacts/analysis/flatfiles_ticks_v4/raw/BINANCE_20250914_BTCUSDT.csv.gz,90278129,2025-10-04T16:51:55.321872
analysis/flatfiles_ticks_v4/raw/COINBASE_20250816_BTCUSD.csv.gz,artifacts/analysis/flatfiles_ticks_v4/raw/COINBASE_20250816_BTCUSD.csv.gz,22302018,2025-10-08T09:04:42.182180
analysis/flatfiles_ticks_v4/raw/BINANCE_20250817_BTCUSDT.csv.gz,artifacts/analysis/flatfiles_ticks_v4/raw/BINANCE_20250817_BTCUSDT.csv.gz,44621111,2025-10-08T09:03:48.649581
analysis/flatfiles_ticks_v4/raw/BINANCE_20250802_BTCUSDT.csv.gz,artifacts/analysis/flatfiles_ticks_v4/raw/BINANCE_20250802_BTCUSDT.csv.gz,93543517,2025-10-11T13:23:38.234387
analysis/flatfiles_ticks_v4/raw/BITGET_20250927_BTCUSDT.csv.gz,artifacts/analysis/flatfiles_ticks_v4/raw/BITGET_20250927_BTCUSDT.csv.gz,4851370,2025-10-08T09:34:39.159504
analysis/flatfiles_ticks_v4/raw/BITGET_20250824_BTCUSDT.csv.gz,artifacts/analysis/flatfiles_ticks_v4/raw/BITGET_20250824_BTCUSDT.csv.gz,9542668,2025-10-08T08:52:03.390523
analysis/flatfiles_ticks_v4/raw/BITGET_20250831_BTCUSDT.csv.gz,artifacts/analysis/flatfiles_ticks_v4/raw/BITGET_20250831_BTCUSDT.csv.gz,7932372,2025-10-08T08:36:32.810569
analysis/flatfiles_ticks_v4/raw/BINANCE_20250803_BTCUSDT.csv.gz,artifacts/analysis/flatfiles_ticks_v4/raw/BINANCE_20250803_BTCUSDT.csv.gz,67752317,2025-10-11T13:24:35.323020
analysis/flatfiles_ticks_v4/raw/BINANCE_20250816_BTCUSDT.csv.gz,artifacts/analysis/flatfiles_ticks_v4/raw/BINANCE_20250816_BTCUSDT.csv.gz,44636585,2025-10-08T09:04:31.385153
analysis/flatfiles_ticks_v4/raw/COINBASE_20250806_BTCUSD.csv.gz,artifacts/analysis/flatfiles_ticks_v4/raw/COINBASE_20250806_BTCUSD.csv.gz,25148032,2025-10-08T09:23:55.323553
analysis/flatfiles_ticks_v4/raw/BINANCE_20250915_BTCUSDT.csv.gz,artifacts/analysis/flatfiles_ticks_v4/raw/BINANCE_20250915_BTCUSDT.csv.gz,156291265,2025-10-04T16:53:34.419633
analysis/flatfiles_ticks_v4/raw/COINBASE_20250811_BTCUSD.csv.gz,artifacts/analysis/flatfiles_ticks_v4/raw/COINBASE_20250811_BTCUSD.csv.gz,31890960,2025-10-08T09:10:38.707383
analysis/flatfiles_ticks_v4/raw/BYBITSPOT_20250818_BTCUSDT.csv.gz,artifacts/analysis/flatfiles_ticks_v4/raw/BYBITSPOT_20250818_BTCUSDT.csv.gz,20890709,2025-10-08T08:58:54.260106
analysis/flatfiles_ticks_v4/raw/BITGET_20250830_BTCUSDT.csv.gz,artifacts/analysis/flatfiles_ticks_v4/raw/BITGET_20250830_BTCUSDT.csv.gz,8042934,2025-10-08T08:37:14.190500
analysis/flatfiles_ticks_v4/raw/BITGET_20250825_BTCUSDT.csv.gz,artifacts/analysis/flatfiles_ticks_v4/raw/BITGET_20250825_BTCUSDT.csv.gz,15410349,2025-10-08T08:43:14.321745
analysis/flatfiles_ticks_v4/raw/COINBASE_20250828_BTCUSD.csv.gz,artifacts/analysis/flatfiles_ticks_v4/raw/COINBASE_20250828_BTCUSD.csv.gz,33400800,2025-10-08T08:39:01.137130
analysis/flatfiles_ticks_v4/raw/BITGET_20250926_BTCUSDT.csv.gz,artifacts/analysis/flatfiles_ticks_v4/raw/BITGET_20250926_BTCUSDT.csv.gz,9374436,2025-10-08T09:35:45.690636
analysis/flatfiles_ticks_v4/raw/COINBASE_20250815_BTCUSD.csv.gz,artifacts/analysis/flatfiles_ticks_v4/raw/COINBASE_20250815_BTCUSD.csv.gz,34647249,2025-10-08T09:05:37.560436
analysis/flatfiles_ticks_v4/raw/COINBASE_20250827_BTCUSDT.csv.gz,artifacts/analysis/flatfiles_ticks_v4/raw/COINBASE_20250827_BTCUSDT.csv.gz,33148262,2025-10-04T15:53:02.903544
analysis/flatfiles_ticks_v4/raw/BYBITSPOT_20250805_BTCUSDT.csv.gz,artifacts/analysis/flatfiles_ticks_v4/raw/BYBITSPOT_20250805_BTCUSDT.csv.gz,21843782,2025-10-11T13:25:41.959048
analysis/flatfiles_ticks_v4/raw/BYBITSPOT_20250810_BTCUSDT.csv.gz,artifacts/analysis/flatfiles_ticks_v4/raw/BYBITSPOT_20250810_BTCUSDT.csv.gz,19500565,2025-10-08T09:19:43.798949
analysis/flatfiles_ticks_v4/raw/BINANCE_20250908_BTCUSDT.csv.gz,artifacts/analysis/flatfiles_ticks_v4/raw/BINANCE_20250908_BTCUSDT.csv.gz,84983606,2025-10-04T16:31:46.391480
analysis/flatfiles_ticks_v4/raw/BYBITSPOT_20250913_BTCUSDT.csv.gz,artifacts/analysis/flatfiles_ticks_v4/raw/BYBITSPOT_20250913_BTCUSDT.csv.gz,17120367,2025-10-04T16:51:03.459849
analysis/flatfiles_ticks_v4/raw/BYBITSPOT_20250906_BTCUSDT.csv.gz,artifacts/analysis/flatfiles_ticks_v4/raw/BYBITSPOT_20250906_BTCUSDT.csv.gz,7146089,2025-10-04T16:30:12.536181
analysis/flatfiles_ticks_v4/raw/BINANCE_20250907_BTCUSDT.csv.gz,artifacts/analysis/flatfiles_ticks_v4/raw/BINANCE_20250907_BTCUSDT.csv.gz,54630281,2025-10-04T16:30:45.044647
analysis/flatfiles_ticks_v4/raw/BINANCE_20250912_BTCUSDT.csv.gz,artifacts/analysis/flatfiles_ticks_v4/raw/BINANCE_20250912_BTCUSDT.csv.gz,123108257,2025-10-04T16:49:28.666802
analysis/flatfiles_ticks_v4/raw/BYBITSPOT_20250909_BTCUSDT.csv.gz,artifacts/analysis/flatfiles_ticks_v4/raw/BYBITSPOT_20250909_BTCUSDT.csv.gz,19803510,2025-10-04T16:33:26.127764
analysis/flatfiles_ticks_v4/raw/COINBASE_20250926_BTCUSD.csv.gz,artifacts/analysis/flatfiles_ticks_v4/raw/COINBASE_20250926_BTCUSD.csv.gz,43057789,2025-10-08T09:35:29.151489
analysis/flatfiles_ticks_v4/raw/BINANCE_20250811_BTCUSDT.csv.gz,artifacts/analysis/flatfiles_ticks_v4/raw/BINANCE_20250811_BTCUSDT.csv.gz,150280280,2025-10-08T09:10:24.330260
analysis/flatfiles_ticks_v4/raw/BINANCE_20250804_BTCUSDT.csv.gz,artifacts/analysis/flatfiles_ticks_v4/raw/BINANCE_20250804_BTCUSDT.csv.gz,73442338,2025-10-08T09:25:57.220066
analysis/flatfiles_ticks_v4/raw/BITGET_20250921_BTCUSDT.csv.gz,artifacts/analysis/flatfiles_ticks_v4/raw/BITGET_20250921_BTCUSDT.csv.gz,9786969,2025-10-04T17:21:01.414810
analysis/flatfiles_ticks_v4/raw/BITGET_20250822_BTCUSDT.csv.gz,artifacts/analysis/flatfiles_ticks_v4/raw/BITGET_20250822_BTCUSDT.csv.gz,11673655,2025-10-08T08:54:16.315570
analysis/flatfiles_ticks_v4/raw/COINBASE_20250828_BTCUSDT.csv.gz,artifacts/analysis/flatfiles_ticks_v4/raw/COINBASE_20250828_BTCUSDT.csv.gz,33400800,2025-10-04T15:54:31.129382
analysis/flatfiles_ticks_v4/raw/COINBASE_20250922_BTCUSD.csv.gz,artifacts/analysis/flatfiles_ticks_v4/raw/COINBASE_20250922_BTCUSD.csv.gz,44985199,2025-10-08T09:49:00.376623
analysis/flatfiles_ticks_v4/raw/COINBASE_20250820_BTCUSDT.csv.gz,artifacts/analysis/flatfiles_ticks_v4/raw/COINBASE_20250820_BTCUSDT.csv.gz,34206040,2025-10-04T15:33:50.138459
analysis/flatfiles_ticks_v4/raw/BINANCE_20250819_BTCUSDT.csv.gz,artifacts/analysis/flatfiles_ticks_v4/raw/BINANCE_20250819_BTCUSDT.csv.gz,122503729,2025-10-08T08:57:08.916011
analysis/flatfiles_ticks_v4/raw/BYBITSPOT_20250901_BTCUSDT.csv.gz,artifacts/analysis/flatfiles_ticks_v4/raw/BYBITSPOT_20250901_BTCUSDT.csv.gz,24252733,2025-10-04T16:10:44.381295
analysis/flatfiles_ticks_v4/raw/BYBITSPOT_20250914_BTCUSDT.csv.gz,artifacts/analysis/flatfiles_ticks_v4/raw/BYBITSPOT_20250914_BTCUSDT.csv.gz,11501378,2025-10-04T16:52:25.464505
analysis/flatfiles_ticks_v4/raw/BYBITSPOT_20250817_BTCUSDT.csv.gz,artifacts/analysis/flatfiles_ticks_v4/raw/BYBITSPOT_20250817_BTCUSDT.csv.gz,10380681,2025-10-08T09:04:08.855827
analysis/flatfiles_ticks_v4/raw/BYBITSPOT_20250802_BTCUSDT.csv.gz,artifacts/analysis/flatfiles_ticks_v4/raw/BYBITSPOT_20250802_BTCUSDT.csv.gz,15856759,2025-10-11T13:24:00.055313
analysis/flatfiles_ticks_v4/raw/BITGET_20250820_BTCUSDT.csv.gz,artifacts/analysis/flatfiles_ticks_v4/raw/BITGET_20250820_BTCUSDT.csv.gz,18466035,2025-10-08T08:56:34.326652
analysis/flatfiles_ticks_v4/raw/COINBASE_20250928_BTCUSD.csv.gz,artifacts/analysis/flatfiles_ticks_v4/raw/COINBASE_20250928_BTCUSD.csv.gz,24357302,2025-10-08T09:33:48.060255
analysis/flatfiles_ticks_v4/raw/BITGET_20250923_BTCUSDT.csv.gz,artifacts/analysis/flatfiles_ticks_v4/raw/BITGET_20250923_BTCUSDT.csv.gz,15873032,2025-10-08T09:39:57.813294
analysis/flatfiles_ticks_v4/raw/BINANCE_20250813_BTCUSDT.csv.gz,artifacts/analysis/flatfiles_ticks_v4/raw/BINANCE_20250813_BTCUSDT.csv.gz,138642933,2025-10-08T09:07:54.258103
analysis/flatfiles_ticks_v4/raw/BINANCE_20250806_BTCUSDT.csv.gz,artifacts/analysis/flatfiles_ticks_v4/raw/BINANCE_20250806_BTCUSDT.csv.gz,107502607,2025-10-11T13:26:26.831084
analysis/flatfiles_ticks_v4/raw/BINANCE_20250905_BTCUSDT.csv.gz,artifacts/analysis/flatfiles_ticks_v4/raw/BINANCE_20250905_BTCUSDT.csv.gz,67604144,2025-10-04T16:28:47.012466
analysis/flatfiles_ticks_v4/raw/BINANCE_20250910_BTCUSDT.csv.gz,artifacts/analysis/flatfiles_ticks_v4/raw/BINANCE_20250910_BTCUSDT.csv.gz,94660003,2025-10-04T16:34:19.341067
analysis/flatfiles_ticks_v4/raw/BYBITSPOT_20250808_BTCUSDT.csv.gz,artifacts/analysis/flatfiles_ticks_v4/raw/BYBITSPOT_20250808_BTCUSDT.csv.gz,19682599,2025-10-08T09:21:39.307701
analysis/flatfiles_ticks_v4/raw/BYBITSPOT_20250815_BTCUSDT.csv.gz,artifacts/analysis/flatfiles_ticks_v4/raw/BYBITSPOT_20250815_BTCUSDT.csv.gz,20025390,2025-10-08T09:05:47.180340
analysis/flatfiles_ticks_v4/raw/BINANCE_20250918_BTCUSDT.csv.gz,artifacts/analysis/flatfiles_ticks_v4/raw/BINANCE_20250918_BTCUSDT.csv.gz,160279175,2025-10-04T16:58:43.964522
analysis/flatfiles_ticks_v4/raw/BYBITSPOT_20250903_BTCUSDT.csv.gz,artifacts/analysis/flatfiles_ticks_v4/raw/BYBITSPOT_20250903_BTCUSDT.csv.gz,18478944,2025-10-04T16:13:41.570634
analysis/flatfiles_ticks_v4/raw/BYBITSPOT_20250916_BTCUSDT.csv.gz,artifacts/analysis/flatfiles_ticks_v4/raw/BYBITSPOT_20250916_BTCUSDT.csv.gz,24234250,2025-10-04T16:55:52.560645
analysis/flatfiles_ticks_v4/raw/COINBASE_20250921_BTCUSDT.csv.gz,artifacts/analysis/flatfiles_ticks_v4/raw/COINBASE_20250921_BTCUSDT.csv.gz,23328804,2025-10-04T17:20:34.728996
analysis/flatfiles_ticks_v4/raw/COINBASE_20250822_BTCUSDT.csv.gz,artifacts/analysis/flatfiles_ticks_v4/raw/COINBASE_20250822_BTCUSDT.csv.gz,41084500,2025-10-04T15:47:49.890449
analysis/flatfiles_ticks_v4/raw/BITGET_20250828_BTCUSDT.csv.gz,artifacts/analysis/flatfiles_ticks_v4/raw/BITGET_20250828_BTCUSDT.csv.gz,9429862,2025-10-08T08:39:18.779099
analysis/flatfiles_ticks_v4/raw/BITGET_20250924_BTCUSDT.csv.gz,artifacts/analysis/flatfiles_ticks_v4/raw/BITGET_20250924_BTCUSDT.csv.gz,14926326,2025-10-08T09:38:37.621022
analysis/flatfiles_ticks_v4/raw/COINBASE_20250808_BTCUSD.csv.gz,artifacts/analysis/flatfiles_ticks_v4/raw/COINBASE_20250808_BTCUSD.csv.gz,23684245,2025-10-08T09:21:30.993644
analysis/flatfiles_ticks_v4/raw/BITGET_20250827_BTCUSDT.csv.gz,artifacts/analysis/flatfiles_ticks_v4/raw/BITGET_20250827_BTCUSDT.csv.gz,13198013,2025-10-08T08:40:27.321590
analysis/flatfiles_ticks_v4/raw/COINBASE_20250831_BTCUSD.csv.gz,artifacts/analysis/flatfiles_ticks_v4/raw/COINBASE_20250831_BTCUSD.csv.gz,20106586,2025-10-08T08:36:20.192924
analysis/flatfiles_ticks_v4/raw/BINANCE_20250917_BTCUSDT.csv.gz,artifacts/analysis/flatfiles_ticks_v4/raw/BINANCE_20250917_BTCUSDT.csv.gz,125254989,2025-10-04T16:56:53.992452
analysis/flatfiles_ticks_v4/raw/BINANCE_20250902_BTCUSDT.csv.gz,artifacts/analysis/flatfiles_ticks_v4/raw/BINANCE_20250902_BTCUSDT.csv.gz,99109875,2025-10-04T16:11:43.650585
analysis/flatfiles_ticks_v4/raw/COINBASE_20250826_BTCUSD.csv.gz,artifacts/analysis/flatfiles_ticks_v4/raw/COINBASE_20250826_BTCUSD.csv.gz,38371384,2025-10-08T08:41:26.316908
analysis/flatfiles_ticks_v4/raw/BYBITSPOT_20250919_BTCUSDT.csv.gz,artifacts/analysis/flatfiles_ticks_v4/raw/BYBITSPOT_20250919_BTCUSDT.csv.gz,20181564,2025-10-04T17:19:36.965145
analysis/flatfiles_ticks_v4/raw/BINANCE_20250801_BTCUSDT.csv.gz,artifacts/analysis/flatfiles_ticks_v4/raw/BINANCE_20250801_BTCUSDT.csv.gz,156762980,2025-10-04T14:38:52.376211
analysis/flatfiles_ticks_v4/raw/BINANCE_20250814_BTCUSDT.csv.gz,artifacts/analysis/flatfiles_ticks_v4/raw/BINANCE_20250814_BTCUSDT.csv.gz,163009522,2025-10-08T09:06:40.140374
analysis/flatfiles_ticks_v4/raw/BINANCE_20250809_BTCUSDT.csv.gz,artifacts/analysis/flatfiles_ticks_v4/raw/BINANCE_20250809_BTCUSDT.csv.gz,53208531,2025-10-08T09:20:12.317365
analysis/flatfiles_ticks_v4/raw/BYBITSPOT_20250911_BTCUSDT.csv.gz,artifacts/analysis/flatfiles_ticks_v4/raw/BYBITSPOT_20250911_BTCUSDT.csv.gz,21738162,2025-10-04T16:36:08.672355
analysis/flatfiles_ticks_v4/raw/BYBITSPOT_20250904_BTCUSDT.csv.gz,artifacts/analysis/flatfiles_ticks_v4/raw/BYBITSPOT_20250904_BTCUSDT.csv.gz,17694354,2025-10-04T16:15:11.200847
analysis/flatfiles_ticks_v4/raw/BYBITSPOT_20250807_BTCUSDT.csv.gz,artifacts/analysis/flatfiles_ticks_v4/raw/BYBITSPOT_20250807_BTCUSDT.csv.gz,21440770,2025-10-11T13:28:02.665882
analysis/flatfiles_ticks_v4/raw/BYBITSPOT_20250812_BTCUSDT.csv.gz,artifacts/analysis/flatfiles_ticks_v4/raw/BYBITSPOT_20250812_BTCUSDT.csv.gz,22802791,2025-10-08T09:09:25.749719
analysis/flatfiles_ticks_v4/raw/COINBASE_20250822_BTCUSD.csv.gz,artifacts/analysis/flatfiles_ticks_v4/raw/COINBASE_20250822_BTCUSD.csv.gz,41084500,2025-10-08T08:53:54.638228
analysis/flatfiles_ticks_v4/raw/COINBASE_20250830_BTCUSDT.csv.gz,artifacts/analysis/flatfiles_ticks_v4/raw/COINBASE_20250830_BTCUSDT.csv.gz,24935389,2025-10-04T16:08:11.716095
analysis/flatfiles_ticks_v4/raw/COINBASE_20250825_BTCUSDT.csv.gz,artifacts/analysis/flatfiles_ticks_v4/raw/COINBASE_20250825_BTCUSDT.csv.gz,41249659,2025-10-04T15:50:53.765268
analysis/flatfiles_ticks_v4/raw/BYBITSPOT_20250813_BTCUSDT.csv.gz,artifacts/analysis/flatfiles_ticks_v4/raw/BYBITSPOT_20250813_BTCUSDT.csv.gz,26782015,2025-10-08T09:08:19.332858
analysis/flatfiles_ticks_v4/raw/BYBITSPOT_20250806_BTCUSDT.csv.gz,artifacts/analysis/flatfiles_ticks_v4/raw/BYBITSPOT_20250806_BTCUSDT.csv.gz,18801274,2025-10-11T13:26:46.694015
analysis/flatfiles_ticks_v4/raw/BYBITSPOT_20250905_BTCUSDT.csv.gz,artifacts/analysis/flatfiles_ticks_v4/raw/BYBITSPOT_20250905_BTCUSDT.csv.gz,26037133,2025-10-04T16:29:16.640543
analysis/flatfiles_ticks_v4/raw/BYBITSPOT_20250910_BTCUSDT.csv.gz,artifacts/analysis/flatfiles_ticks_v4/raw/BYBITSPOT_20250910_BTCUSDT.csv.gz,25807270,2025-10-04T16:34:50.060718
analysis/flatfiles_ticks_v4/raw/BINANCE_20250808_BTCUSDT.csv.gz,artifacts/analysis/flatfiles_ticks_v4/raw/BINANCE_20250808_BTCUSDT.csv.gz,79213062,2025-10-08T09:21:18.807636
analysis/flatfiles_ticks_v4/raw/COINBASE_20250825_BTCUSD.csv.gz,artifacts/analysis/flatfiles_ticks_v4/raw/COINBASE_20250825_BTCUSD.csv.gz,41249659,2025-10-08T08:42:49.511281
analysis/flatfiles_ticks_v4/raw/COINBASE_20250824_BTCUSDT.csv.gz,artifacts/analysis/flatfiles_ticks_v4/raw/COINBASE_20250824_BTCUSDT.csv.gz,25022747,2025-10-04T15:50:16.425257
analysis/flatfiles_ticks_v4/raw/COINBASE_20250831_BTCUSDT.csv.gz,artifacts/analysis/flatfiles_ticks_v4/raw/COINBASE_20250831_BTCUSDT.csv.gz,20106586,2025-10-04T16:09:09.359325
analysis/flatfiles_ticks_v4/raw/BITGET_20250826_BTCUSDT.csv.gz,artifacts/analysis/flatfiles_ticks_v4/raw/BITGET_20250826_BTCUSDT.csv.gz,15843183,2025-10-08T08:41:44.822706
analysis/flatfiles_ticks_v4/raw/COINBASE_20250818_BTCUSD.csv.gz,artifacts/analysis/flatfiles_ticks_v4/raw/COINBASE_20250818_BTCUSD.csv.gz,35647468,2025-10-08T08:58:43.844731
analysis/flatfiles_ticks_v4/raw/BITGET_20250925_BTCUSDT.csv.gz,artifacts/analysis/flatfiles_ticks_v4/raw/BITGET_20250925_BTCUSDT.csv.gz,13304669,2025-10-08T09:37:22.457167
analysis/flatfiles_ticks_v4/raw/BINANCE_20250815_BTCUSDT.csv.gz,artifacts/analysis/flatfiles_ticks_v4/raw/BINANCE_20250815_BTCUSDT.csv.gz,107509350,2025-10-08T09:05:23.617528
analysis/flatfiles_ticks_v4/raw/BYBITSPOT_20250918_BTCUSDT.csv.gz,artifacts/analysis/flatfiles_ticks_v4/raw/BYBITSPOT_20250918_BTCUSDT.csv.gz,19782961,2025-10-04T16:59:17.582139
analysis/flatfiles_ticks_v4/raw/BINANCE_20250903_BTCUSDT.csv.gz,artifacts/analysis/flatfiles_ticks_v4/raw/BINANCE_20250903_BTCUSDT.csv.gz,86951018,2025-10-04T16:13:11.291018
analysis/flatfiles_ticks_v4/raw/BINANCE_20250916_BTCUSDT.csv.gz,artifacts/analysis/flatfiles_ticks_v4/raw/BINANCE_20250916_BTCUSDT.csv.gz,108896489,2025-10-04T16:55:13.683542
analysis/flatfiles_ticks_v4/raw/COINBASE_20250821_BTCUSD.csv.gz,artifacts/analysis/flatfiles_ticks_v4/raw/COINBASE_20250821_BTCUSD.csv.gz,29439412,2025-10-08T08:55:06.052553
analysis/flatfiles_ticks_v4/raw/BYBITSPOT_20250917_BTCUSDT.csv.gz,artifacts/analysis/flatfiles_ticks_v4/raw/BYBITSPOT_20250917_BTCUSDT.csv.gz,23949831,2025-10-04T16:57:29.158672
analysis/flatfiles_ticks_v4/raw/BYBITSPOT_20250902_BTCUSDT.csv.gz,artifacts/analysis/flatfiles_ticks_v4/raw/BYBITSPOT_20250902_BTCUSDT.csv.gz,25145369,2025-10-04T16:12:16.569795
analysis/flatfiles_ticks_v4/raw/BINANCE_20250919_BTCUSDT.csv.gz,artifacts/analysis/flatfiles_ticks_v4/raw/BINANCE_20250919_BTCUSDT.csv.gz,138210118,2025-10-04T17:19:00.123224
analysis/flatfiles_ticks_v4/raw/BYBITSPOT_20250801_BTCUSDT.csv.gz,artifacts/analysis/flatfiles_ticks_v4/raw/BYBITSPOT_20250801_BTCUSDT.csv.gz,28094502,2025-10-11T13:22:50.613989
analysis/flatfiles_ticks_v4/raw/BYBITSPOT_20250814_BTCUSDT.csv.gz,artifacts/analysis/flatfiles_ticks_v4/raw/BYBITSPOT_20250814_BTCUSDT.csv.gz,34623108,2025-10-08T09:07:08.697583
analysis/flatfiles_ticks_v4/raw/BITGET_20250829_BTCUSDT.csv.gz,artifacts/analysis/flatfiles_ticks_v4/raw/BITGET_20250829_BTCUSDT.csv.gz,15194389,2025-10-08T08:38:25.237691
analysis/flatfiles_ticks_v4/raw/COINBASE_20250823_BTCUSDT.csv.gz,artifacts/analysis/flatfiles_ticks_v4/raw/COINBASE_20250823_BTCUSDT.csv.gz,21574365,2025-10-04T15:49:00.856345
analysis/flatfiles_ticks_v4/raw/COINBASE_20250920_BTCUSDT.csv.gz,artifacts/analysis/flatfiles_ticks_v4/raw/COINBASE_20250920_BTCUSDT.csv.gz,25110855,2025-10-04T17:20:01.246037
analysis/flatfiles_ticks_v4/raw/BITGET_20250922_BTCUSDT.csv.gz,artifacts/analysis/flatfiles_ticks_v4/raw/BITGET_20250922_BTCUSDT.csv.gz,24149919,2025-10-08T09:42:05.894546
analysis/flatfiles_ticks_v4/raw/BITGET_20250821_BTCUSDT.csv.gz,artifacts/analysis/flatfiles_ticks_v4/raw/BITGET_20250821_BTCUSDT.csv.gz,8915058,2025-10-08T08:55:30.409710
analysis/flatfiles_ticks_v4/raw/BYBITSPOT_20250809_BTCUSDT.csv.gz,artifacts/analysis/flatfiles_ticks_v4/raw/BYBITSPOT_20250809_BTCUSDT.csv.gz,13784150,2025-10-08T09:20:31.745653
analysis/flatfiles_ticks_v4/raw/BINANCE_20250911_BTCUSDT.csv.gz,artifacts/analysis/flatfiles_ticks_v4/raw/BINANCE_20250911_BTCUSDT.csv.gz,92811039,2025-10-04T16:35:41.714601
analysis/flatfiles_ticks_v4/raw/BINANCE_20250904_BTCUSDT.csv.gz,artifacts/analysis/flatfiles_ticks_v4/raw/BINANCE_20250904_BTCUSDT.csv.gz,86469717,2025-10-04T16:14:42.600902
analysis/flatfiles_ticks_v4/raw/BINANCE_20250807_BTCUSDT.csv.gz,artifacts/analysis/flatfiles_ticks_v4/raw/BINANCE_20250807_BTCUSDT.csv.gz,119403459,2025-10-11T13:27:38.096979
analysis/flatfiles_ticks_v4/raw/BINANCE_20250812_BTCUSDT.csv.gz,artifacts/analysis/flatfiles_ticks_v4/raw/BINANCE_20250812_BTCUSDT.csv.gz,102408706,2025-10-08T09:09:01.059786
analysis/flatfiles_ticks_v4/raw/COINBASE_20250820_BTCUSD.csv.gz,artifacts/analysis/flatfiles_ticks_v4/raw/COINBASE_20250820_BTCUSD.csv.gz,34206040,2025-10-08T08:56:16.445538
analysis/flatfiles_ticks_v4/raw/BYBITSPOT_20250820_BTCUSDT.csv.gz,artifacts/analysis/flatfiles_ticks_v4/raw/BYBITSPOT_20250820_BTCUSDT.csv.gz,17524628,2025-10-08T08:56:25.728426
analysis/flatfiles_ticks_v4/raw/BYBITSPOT_20250923_BTCUSDT.csv.gz,artifacts/analysis/flatfiles_ticks_v4/raw/BYBITSPOT_20250923_BTCUSDT.csv.gz,30191701,2025-10-08T09:39:47.588902
analysis/flatfiles_ticks_v4/raw/COINBASE_20250819_BTCUSD.csv.gz,artifacts/analysis/flatfiles_ticks_v4/raw/COINBASE_20250819_BTCUSD.csv.gz,39795925,2025-10-08T08:57:24.938150
analysis/flatfiles_ticks_v4/raw/COINBASE_20250914_BTCUSDT.csv.gz,artifacts/analysis/flatfiles_ticks_v4/raw/COINBASE_20250914_BTCUSDT.csv.gz,16916417,2025-10-04T16:52:14.682998
analysis/flatfiles_ticks_v4/raw/COINBASE_20250901_BTCUSDT.csv.gz,artifacts/analysis/flatfiles_ticks_v4/raw/COINBASE_20250901_BTCUSDT.csv.gz,39113048,2025-10-04T16:10:29.757665
analysis/flatfiles_ticks_v4/raw/COINBASE_20250802_BTCUSDT.csv.gz,artifacts/analysis/flatfiles_ticks_v4/raw/COINBASE_20250802_BTCUSDT.csv.gz,26363816,2025-10-11T13:23:50.522417
analysis/flatfiles_ticks_v4/raw/COINBASE_20250817_BTCUSDT.csv.gz,artifacts/analysis/flatfiles_ticks_v4/raw/COINBASE_20250817_BTCUSDT.csv.gz,20180761,2025-10-04T15:30:33.524344
analysis/flatfiles_ticks_v4/raw/BITGET_20250808_BTCUSDT.csv.gz,artifacts/analysis/flatfiles_ticks_v4/raw/BITGET_20250808_BTCUSDT.csv.gz,9877609,2025-10-08T09:21:46.006898
analysis/flatfiles_ticks_v4/raw/BITGET_20250815_BTCUSDT.csv.gz,artifacts/analysis/flatfiles_ticks_v4/raw/BITGET_20250815_BTCUSDT.csv.gz,11629844,2025-10-08T09:05:54.054790
analysis/flatfiles_ticks_v4/raw/BITGET_20250916_BTCUSDT.csv.gz,artifacts/analysis/flatfiles_ticks_v4/raw/BITGET_20250916_BTCUSDT.csv.gz,12781941,2025-10-04T16:56:04.229703
analysis/flatfiles_ticks_v4/raw/BITGET_20250903_BTCUSDT.csv.gz,artifacts/analysis/flatfiles_ticks_v4/raw/BITGET_20250903_BTCUSDT.csv.gz,10329636,2025-10-04T16:13:50.668936
analysis/flatfiles_ticks_v4/raw/COINBASE_20250909_BTCUSDT.csv.gz,artifacts/analysis/flatfiles_ticks_v4/raw/COINBASE_20250909_BTCUSDT.csv.gz,25719365,2025-10-04T16:33:13.794424
analysis/flatfiles_ticks_v4/raw/COINBASE_20250824_BTCUSD.csv.gz,artifacts/analysis/flatfiles_ticks_v4/raw/COINBASE_20250824_BTCUSD.csv.gz,25022747,2025-10-08T08:51:47.441725
analysis/flatfiles_ticks_v4/raw/BINANCE_20250826_BTCUSDT.csv.gz,artifacts/analysis/flatfiles_ticks_v4/raw/BINANCE_20250826_BTCUSDT.csv.gz,150724920,2025-10-08T08:41:11.777213
analysis/flatfiles_ticks_v4/raw/BYBITSPOT_20250828_BTCUSDT.csv.gz,artifacts/analysis/flatfiles_ticks_v4/raw/BYBITSPOT_20250828_BTCUSDT.csv.gz,14710121,2025-10-08T08:39:08.794662
analysis/flatfiles_ticks_v4/raw/BINANCE_20250925_BTCUSDT.csv.gz,artifacts/analysis/flatfiles_ticks_v4/raw/BINANCE_20250925_BTCUSDT.csv.gz,215546421,2025-10-08T09:36:37.080930
analysis/flatfiles_ticks_v4/raw/BYBITSPOT_20250924_BTCUSDT.csv.gz,artifacts/analysis/flatfiles_ticks_v4/raw/BYBITSPOT_20250924_BTCUSDT.csv.gz,23919280,2025-10-08T09:38:21.854984
analysis/flatfiles_ticks_v4/raw/BINANCE_20250829_BTCUSDT.csv.gz,artifacts/analysis/flatfiles_ticks_v4/raw/BINANCE_20250829_BTCUSDT.csv.gz,135846835,2025-10-08T08:37:52.674308
analysis/flatfiles_ticks_v4/raw/BYBITSPOT_20250827_BTCUSDT.csv.gz,artifacts/analysis/flatfiles_ticks_v4/raw/BYBITSPOT_20250827_BTCUSDT.csv.gz,18190959,2025-10-08T08:40:19.858789
analysis/flatfiles_ticks_v4/raw/COINBASE_20250810_BTCUSDT.csv.gz,artifacts/analysis/flatfiles_ticks_v4/raw/COINBASE_20250810_BTCUSDT.csv.gz,19117778,2025-10-04T15:13:03.219830
analysis/flatfiles_ticks_v4/raw/COINBASE_20250805_BTCUSDT.csv.gz,artifacts/analysis/flatfiles_ticks_v4/raw/COINBASE_20250805_BTCUSDT.csv.gz,26256418,2025-10-11T13:25:32.765491
analysis/flatfiles_ticks_v4/raw/BITGET_20250919_BTCUSDT.csv.gz,artifacts/analysis/flatfiles_ticks_v4/raw/BITGET_20250919_BTCUSDT.csv.gz,10320784,2025-10-04T17:19:47.632126
analysis/flatfiles_ticks_v4/raw/COINBASE_20250906_BTCUSDT.csv.gz,artifacts/analysis/flatfiles_ticks_v4/raw/COINBASE_20250906_BTCUSDT.csv.gz,18035169,2025-10-04T16:30:02.997750
analysis/flatfiles_ticks_v4/raw/COINBASE_20250913_BTCUSDT.csv.gz,artifacts/analysis/flatfiles_ticks_v4/raw/COINBASE_20250913_BTCUSDT.csv.gz,27214538,2025-10-04T16:50:43.416069
analysis/flatfiles_ticks_v4/raw/BITGET_20250904_BTCUSDT.csv.gz,artifacts/analysis/flatfiles_ticks_v4/raw/BITGET_20250904_BTCUSDT.csv.gz,9066790,2025-10-04T16:15:23.870877
analysis/flatfiles_ticks_v4/raw/BITGET_20250911_BTCUSDT.csv.gz,artifacts/analysis/flatfiles_ticks_v4/raw/BITGET_20250911_BTCUSDT.csv.gz,8556564,2025-10-04T16:36:17.345628
analysis/flatfiles_ticks_v4/raw/COINBASE_20250818_BTCUSDT.csv.gz,artifacts/analysis/flatfiles_ticks_v4/raw/COINBASE_20250818_BTCUSDT.csv.gz,35647468,2025-10-04T15:31:03.904245
analysis/flatfiles_ticks_v4/raw/BITGET_20250812_BTCUSDT.csv.gz,artifacts/analysis/flatfiles_ticks_v4/raw/BITGET_20250812_BTCUSDT.csv.gz,24907863,2025-10-08T09:09:37.929575
analysis/flatfiles_ticks_v4/raw/BITGET_20250807_BTCUSDT.csv.gz,artifacts/analysis/flatfiles_ticks_v4/raw/BITGET_20250807_BTCUSDT.csv.gz,9768126,2025-10-11T13:28:09.792548
analysis/flatfiles_ticks_v4/raw/BINANCE_20250922_BTCUSDT.csv.gz,artifacts/analysis/flatfiles_ticks_v4/raw/BINANCE_20250922_BTCUSDT.csv.gz,151876622,2025-10-08T09:40:50.590624
analysis/flatfiles_ticks_v4/raw/BINANCE_20250821_BTCUSDT.csv.gz,artifacts/analysis/flatfiles_ticks_v4/raw/BINANCE_20250821_BTCUSDT.csv.gz,88332379,2025-10-08T08:54:53.618596
analysis/flatfiles_ticks_v4/raw/BITGET_20250806_BTCUSDT.csv.gz,artifacts/analysis/flatfiles_ticks_v4/raw/BITGET_20250806_BTCUSDT.csv.gz,7689324,2025-10-11T13:26:53.130311
analysis/flatfiles_ticks_v4/raw/BITGET_20250813_BTCUSDT.csv.gz,artifacts/analysis/flatfiles_ticks_v4/raw/BITGET_20250813_BTCUSDT.csv.gz,19395022,2025-10-08T09:08:29.298040
analysis/flatfiles_ticks_v4/raw/COINBASE_20250819_BTCUSDT.csv.gz,artifacts/analysis/flatfiles_ticks_v4/raw/COINBASE_20250819_BTCUSDT.csv.gz,39795925,2025-10-04T15:32:30.098150
analysis/flatfiles_ticks_v4/raw/BITGET_20250910_BTCUSDT.csv.gz,artifacts/analysis/flatfiles_ticks_v4/raw/BITGET_20250910_BTCUSDT.csv.gz,7116251,2025-10-04T16:34:58.499869
analysis/flatfiles_ticks_v4/raw/BITGET_20250905_BTCUSDT.csv.gz,artifacts/analysis/flatfiles_ticks_v4/raw/BITGET_20250905_BTCUSDT.csv.gz,10679384,2025-10-04T16:29:26.020121
analysis/flatfiles_ticks_v4/raw/BINANCE_20250820_BTCUSDT.csv.gz,artifacts/analysis/flatfiles_ticks_v4/raw/BINANCE_20250820_BTCUSDT.csv.gz,112315017,2025-10-08T08:56:02.492577
analysis/flatfiles_ticks_v4/raw/BINANCE_20250923_BTCUSDT.csv.gz,artifacts/analysis/flatfiles_ticks_v4/raw/BINANCE_20250923_BTCUSDT.csv.gz,120946122,2025-10-08T09:39:15.918597
analysis/flatfiles_ticks_v4/raw/BYBITSPOT_20250826_BTCUSDT.csv.gz,artifacts/analysis/flatfiles_ticks_v4/raw/BYBITSPOT_20250826_BTCUSDT.csv.gz,19812102,2025-10-08T08:41:36.302394
analysis/flatfiles_ticks_v4/raw/BINANCE_20250828_BTCUSDT.csv.gz,artifacts/analysis/flatfiles_ticks_v4/raw/BINANCE_20250828_BTCUSDT.csv.gz,78424487,2025-10-08T08:38:47.632825
analysis/flatfiles_ticks_v4/raw/BYBITSPOT_20250925_BTCUSDT.csv.gz,artifacts/analysis/flatfiles_ticks_v4/raw/BYBITSPOT_20250925_BTCUSDT.csv.gz,38029400,2025-10-08T09:37:13.654559
analysis/flatfiles_ticks_v4/raw/COINBASE_20250912_BTCUSDT.csv.gz,artifacts/analysis/flatfiles_ticks_v4/raw/COINBASE_20250912_BTCUSDT.csv.gz,45176996,2025-10-04T16:49:47.519256
analysis/flatfiles_ticks_v4/raw/COINBASE_20250907_BTCUSDT.csv.gz,artifacts/analysis/flatfiles_ticks_v4/raw/COINBASE_20250907_BTCUSDT.csv.gz,16897219,2025-10-04T16:30:55.426406
analysis/flatfiles_ticks_v4/raw/BITGET_20250918_BTCUSDT.csv.gz,artifacts/analysis/flatfiles_ticks_v4/raw/BITGET_20250918_BTCUSDT.csv.gz,15301646,2025-10-04T16:59:35.725478
analysis/flatfiles_ticks_v4/raw/COINBASE_20250804_BTCUSDT.csv.gz,artifacts/analysis/flatfiles_ticks_v4/raw/COINBASE_20250804_BTCUSDT.csv.gz,23352715,2025-10-11T13:25:08.197025
analysis/flatfiles_ticks_v4/raw/COINBASE_20250811_BTCUSDT.csv.gz,artifacts/analysis/flatfiles_ticks_v4/raw/COINBASE_20250811_BTCUSDT.csv.gz,31890960,2025-10-04T15:13:38.255874
analysis/flatfiles_ticks_v4/raw/COINBASE_20250908_BTCUSDT.csv.gz,artifacts/analysis/flatfiles_ticks_v4/raw/COINBASE_20250908_BTCUSDT.csv.gz,27456628,2025-10-04T16:32:00.317543
analysis/flatfiles_ticks_v4/raw/BITGET_20250902_BTCUSDT.csv.gz,artifacts/analysis/flatfiles_ticks_v4/raw/BITGET_20250902_BTCUSDT.csv.gz,18133935,2025-10-04T16:12:30.206296
analysis/flatfiles_ticks_v4/raw/BITGET_20250917_BTCUSDT.csv.gz,artifacts/analysis/flatfiles_ticks_v4/raw/BITGET_20250917_BTCUSDT.csv.gz,12857998,2025-10-04T16:57:39.696811
analysis/flatfiles_ticks_v4/raw/COINBASE_20250823_BTCUSD.csv.gz,artifacts/analysis/flatfiles_ticks_v4/raw/COINBASE_20250823_BTCUSD.csv.gz,21574365,2025-10-08T08:52:37.955350
analysis/flatfiles_ticks_v4/raw/BITGET_20250814_BTCUSDT.csv.gz,artifacts/analysis/flatfiles_ticks_v4/raw/BITGET_20250814_BTCUSDT.csv.gz,15673952,2025-10-08T09:07:16.949405
analysis/flatfiles_ticks_v4/raw/BITGET_20250801_BTCUSDT.csv.gz,artifacts/analysis/flatfiles_ticks_v4/raw/BITGET_20250801_BTCUSDT.csv.gz,11503174,2025-10-11T13:22:58.884558
analysis/flatfiles_ticks_v4/raw/BINANCE_20250924_BTCUSDT.csv.gz,artifacts/analysis/flatfiles_ticks_v4/raw/BINANCE_20250924_BTCUSDT.csv.gz,110012330,2025-10-08T09:37:56.981700
analysis/flatfiles_ticks_v4/raw/BYBITSPOT_20250829_BTCUSDT.csv.gz,artifacts/analysis/flatfiles_ticks_v4/raw/BYBITSPOT_20250829_BTCUSDT.csv.gz,22311026,2025-10-08T08:38:17.602199
analysis/flatfiles_ticks_v4/raw/BINANCE_20250827_BTCUSDT.csv.gz,artifacts/analysis/flatfiles_ticks_v4/raw/BINANCE_20250827_BTCUSDT.csv.gz,115613440,2025-10-08T08:39:57.820682
analysis/flatfiles_ticks_v4/raw/BYBITSPOT_20250922_BTCUSDT.csv.gz,artifacts/analysis/flatfiles_ticks_v4/raw/BYBITSPOT_20250922_BTCUSDT.csv.gz,25956974,2025-10-08T09:41:54.411236
analysis/flatfiles_ticks_v4/raw/COINBASE_20250827_BTCUSD.csv.gz,artifacts/analysis/flatfiles_ticks_v4/raw/COINBASE_20250827_BTCUSD.csv.gz,33148262,2025-10-08T08:40:10.350726
analysis/flatfiles_ticks_v4/raw/BYBITSPOT_20250821_BTCUSDT.csv.gz,artifacts/analysis/flatfiles_ticks_v4/raw/BYBITSPOT_20250821_BTCUSDT.csv.gz,15154291,2025-10-08T08:55:21.478536
analysis/flatfiles_ticks_v4/raw/COINBASE_20250830_BTCUSD.csv.gz,artifacts/analysis/flatfiles_ticks_v4/raw/COINBASE_20250830_BTCUSD.csv.gz,24935389,2025-10-08T08:36:59.923029
analysis/flatfiles_ticks_v4/raw/BITGET_20250809_BTCUSDT.csv.gz,artifacts/analysis/flatfiles_ticks_v4/raw/BITGET_20250809_BTCUSDT.csv.gz,9140791,2025-10-08T09:20:45.633884
analysis/flatfiles_ticks_v4/raw/COINBASE_20250816_BTCUSDT.csv.gz,artifacts/analysis/flatfiles_ticks_v4/raw/COINBASE_20250816_BTCUSDT.csv.gz,22302018,2025-10-04T15:29:39.507262
analysis/flatfiles_ticks_v4/raw/COINBASE_20250803_BTCUSDT.csv.gz,artifacts/analysis/flatfiles_ticks_v4/raw/COINBASE_20250803_BTCUSDT.csv.gz,18027968,2025-10-11T13:24:46.021859
analysis/flatfiles_ticks_v4/raw/COINBASE_20250915_BTCUSDT.csv.gz,artifacts/analysis/flatfiles_ticks_v4/raw/COINBASE_20250915_BTCUSDT.csv.gz,41499146,2025-10-04T16:53:54.534627
analysis/flatfiles_ticks_v4/raw/COINBASE_20250809_BTCUSD.csv.gz,artifacts/analysis/flatfiles_ticks_v4/raw/COINBASE_20250809_BTCUSD.csv.gz,19319741,2025-10-08T09:20:23.507878
analysis/flatfiles_ticks_v4/raw/BYBITSPOT_20250928_BTCUSDT.csv.gz,artifacts/analysis/flatfiles_ticks_v4/raw/BYBITSPOT_20250928_BTCUSDT.csv.gz,15938180,2025-10-08T09:33:55.334641
analysis/flatfiles_ticks_v4/raw/BINANCE_20250825_BTCUSDT.csv.gz,artifacts/analysis/flatfiles_ticks_v4/raw/BINANCE_20250825_BTCUSDT.csv.gz,175214393,2025-10-08T08:42:35.476911
analysis/flatfiles_ticks_v4/raw/BINANCE_20250830_BTCUSDT.csv.gz,artifacts/analysis/flatfiles_ticks_v4/raw/BINANCE_20250830_BTCUSDT.csv.gz,54025772,2025-10-08T08:36:49.927382
analysis/flatfiles_ticks_v4/raw/BINANCE_20250926_BTCUSDT.csv.gz,artifacts/analysis/flatfiles_ticks_v4/raw/BINANCE_20250926_BTCUSDT.csv.gz,159607519,2025-10-08T09:35:15.649377
analysis/flatfiles_ticks_v4/raw/COINBASE_20250809_BTCUSDT.csv.gz,artifacts/analysis/flatfiles_ticks_v4/raw/COINBASE_20250809_BTCUSDT.csv.gz,19319741,2025-10-04T15:11:50.349084
analysis/flatfiles_ticks_v4/raw/BITGET_20250816_BTCUSDT.csv.gz,artifacts/analysis/flatfiles_ticks_v4/raw/BITGET_20250816_BTCUSDT.csv.gz,10187403,2025-10-08T09:04:55.512000
analysis/flatfiles_ticks_v4/raw/BITGET_20250803_BTCUSDT.csv.gz,artifacts/analysis/flatfiles_ticks_v4/raw/BITGET_20250803_BTCUSDT.csv.gz,4093351,2025-10-11T13:24:57.586073
analysis/flatfiles_ticks_v4/raw/BITGET_20250915_BTCUSDT.csv.gz,artifacts/analysis/flatfiles_ticks_v4/raw/BITGET_20250915_BTCUSDT.csv.gz,19905331,2025-10-04T16:54:22.824912
analysis/flatfiles_ticks_v4/raw/COINBASE_20250814_BTCUSD.csv.gz,artifacts/analysis/flatfiles_ticks_v4/raw/COINBASE_20250814_BTCUSD.csv.gz,49690844,2025-10-08T09:06:56.302318
analysis/flatfiles_ticks_v4/raw/COINBASE_20250829_BTCUSD.csv.gz,artifacts/analysis/flatfiles_ticks_v4/raw/COINBASE_20250829_BTCUSD.csv.gz,46357224,2025-10-08T08:38:06.954133
analysis/flatfiles_ticks_v4/raw/BITGET_20250908_BTCUSDT.csv.gz,artifacts/analysis/flatfiles_ticks_v4/raw/BITGET_20250908_BTCUSDT.csv.gz,7489204,2025-10-04T16:32:21.426399
analysis/flatfiles_ticks_v4/raw/COINBASE_20250902_BTCUSDT.csv.gz,artifacts/analysis/flatfiles_ticks_v4/raw/COINBASE_20250902_BTCUSDT.csv.gz,34858538,2025-10-04T16:12:02.913338
analysis/flatfiles_ticks_v4/raw/COINBASE_20250917_BTCUSDT.csv.gz,artifacts/analysis/flatfiles_ticks_v4/raw/COINBASE_20250917_BTCUSDT.csv.gz,43951027,2025-10-04T16:57:15.367049
analysis/flatfiles_ticks_v4/raw/COINBASE_20250814_BTCUSDT.csv.gz,artifacts/analysis/flatfiles_ticks_v4/raw/COINBASE_20250814_BTCUSDT.csv.gz,49690844,2025-10-04T15:17:27.039311
analysis/flatfiles_ticks_v4/raw/COINBASE_20250801_BTCUSDT.csv.gz,artifacts/analysis/flatfiles_ticks_v4/raw/COINBASE_20250801_BTCUSDT.csv.gz,46366527,2025-10-11T13:22:37.610628
analysis/flatfiles_ticks_v4/raw/COINBASE_20250810_BTCUSD.csv.gz,artifacts/analysis/flatfiles_ticks_v4/raw/COINBASE_20250810_BTCUSD.csv.gz,19117778,2025-10-08T09:19:34.715400
analysis/flatfiles_ticks_v4/raw/BYBITSPOT_20250823_BTCUSDT.csv.gz,artifacts/analysis/flatfiles_ticks_v4/raw/BYBITSPOT_20250823_BTCUSDT.csv.gz,11129081,2025-10-08T08:52:45.618244
analysis/flatfiles_ticks_v4/raw/BYBITSPOT_20250920_BTCUSDT.csv.gz,artifacts/analysis/flatfiles_ticks_v4/raw/BYBITSPOT_20250920_BTCUSDT.csv.gz,7829376,2025-10-04T17:20:11.414573
analysis/flatfiles_ticks_v4/raw/COINBASE_20250807_BTCUSD.csv.gz,artifacts/analysis/flatfiles_ticks_v4/raw/COINBASE_20250807_BTCUSD.csv.gz,26648121,2025-10-08T09:22:34.963226
analysis/flatfiles_ticks_v4/raw/BINANCE_20250822_BTCUSDT.csv.gz,artifacts/analysis/flatfiles_ticks_v4/raw/BINANCE_20250822_BTCUSDT.csv.gz,128740221,2025-10-08T08:53:39.687647
analysis/flatfiles_ticks_v4/raw/BITGET_20250912_BTCUSDT.csv.gz,artifacts/analysis/flatfiles_ticks_v4/raw/BITGET_20250912_BTCUSDT.csv.gz,8101576,2025-10-04T16:50:20.427065
analysis/flatfiles_ticks_v4/raw/BITGET_20250907_BTCUSDT.csv.gz,artifacts/analysis/flatfiles_ticks_v4/raw/BITGET_20250907_BTCUSDT.csv.gz,4661605,2025-10-04T16:31:11.407590
analysis/flatfiles_ticks_v4/raw/COINBASE_20250918_BTCUSDT.csv.gz,artifacts/analysis/flatfiles_ticks_v4/raw/COINBASE_20250918_BTCUSDT.csv.gz,42073890,2025-10-04T16:59:04.008860
analysis/flatfiles_ticks_v4/raw/BITGET_20250804_BTCUSDT.csv.gz,artifacts/analysis/flatfiles_ticks_v4/raw/BITGET_20250804_BTCUSDT.csv.gz,5982196,2025-10-11T13:25:22.532299
analysis/flatfiles_ticks_v4/raw/BITGET_20250811_BTCUSDT.csv.gz,artifacts/analysis/flatfiles_ticks_v4/raw/BITGET_20250811_BTCUSDT.csv.gz,14173402,2025-10-08T09:11:02.231449
analysis/flatfiles_ticks_v4/raw/COINBASE_20250923_BTCUSD.csv.gz,artifacts/analysis/flatfiles_ticks_v4/raw/COINBASE_20250923_BTCUSD.csv.gz,27653705,2025-10-08T09:39:29.507890
analysis/flatfiles_ticks_v4/raw/COINBASE_20250806_BTCUSDT.csv.gz,artifacts/analysis/flatfiles_ticks_v4/raw/COINBASE_20250806_BTCUSDT.csv.gz,25148032,2025-10-11T13:26:36.555147
analysis/flatfiles_ticks_v4/raw/COINBASE_20250813_BTCUSDT.csv.gz,artifacts/analysis/flatfiles_ticks_v4/raw/COINBASE_20250813_BTCUSDT.csv.gz,37445344,2025-10-04T15:01:03.322124
analysis/flatfiles_ticks_v4/raw/BITGET_20250819_BTCUSDT.csv.gz,artifacts/analysis/flatfiles_ticks_v4/raw/BITGET_20250819_BTCUSDT.csv.gz,20008950,2025-10-08T08:57:46.739094
analysis/flatfiles_ticks_v4/raw/COINBASE_20250910_BTCUSDT.csv.gz,artifacts/analysis/flatfiles_ticks_v4/raw/COINBASE_20250910_BTCUSDT.csv.gz,31973840,2025-10-04T16:34:36.423062
analysis/flatfiles_ticks_v4/raw/COINBASE_20250905_BTCUSDT.csv.gz,artifacts/analysis/flatfiles_ticks_v4/raw/COINBASE_20250905_BTCUSDT.csv.gz,33756007,2025-10-04T16:29:02.096612
analysis/flatfiles_ticks_v4/raw/COINBASE_20250927_BTCUSD.csv.gz,artifacts/analysis/flatfiles_ticks_v4/raw/COINBASE_20250927_BTCUSD.csv.gz,20994523,2025-10-08T09:34:26.063359
analysis/flatfiles_ticks_v4/raw/BYBITSPOT_20250927_BTCUSDT.csv.gz,artifacts/analysis/flatfiles_ticks_v4/raw/BYBITSPOT_20250927_BTCUSDT.csv.gz,9571057,2025-10-08T09:34:33.552362
analysis/flatfiles_ticks_v4/raw/BYBITSPOT_20250831_BTCUSDT.csv.gz,artifacts/analysis/flatfiles_ticks_v4/raw/BYBITSPOT_20250831_BTCUSDT.csv.gz,10535383,2025-10-08T08:36:26.569173
analysis/flatfiles_ticks_v4/raw/BYBITSPOT_20250824_BTCUSDT.csv.gz,artifacts/analysis/flatfiles_ticks_v4/raw/BYBITSPOT_20250824_BTCUSDT.csv.gz,20879513,2025-10-08T08:51:56.854630
analysis/flatfiles_ticks_v4/raw/COINBASE_20250904_BTCUSDT.csv.gz,artifacts/analysis/flatfiles_ticks_v4/raw/COINBASE_20250904_BTCUSDT.csv.gz,30565853,2025-10-04T16:14:59.100949
analysis/flatfiles_ticks_v4/raw/COINBASE_20250911_BTCUSDT.csv.gz,artifacts/analysis/flatfiles_ticks_v4/raw/COINBASE_20250911_BTCUSDT.csv.gz,27322130,2025-10-04T16:35:57.014685
analysis/flatfiles_ticks_v4/raw/BITGET_20250818_BTCUSDT.csv.gz,artifacts/analysis/flatfiles_ticks_v4/raw/BITGET_20250818_BTCUSDT.csv.gz,13456747,2025-10-08T08:59:01.603930
analysis/flatfiles_ticks_v4/raw/COINBASE_20250812_BTCUSDT.csv.gz,artifacts/analysis/flatfiles_ticks_v4/raw/COINBASE_20250812_BTCUSDT.csv.gz,29198299,2025-10-04T15:15:08.258819
analysis/flatfiles_ticks_v4/raw/COINBASE_20250807_BTCUSDT.csv.gz,artifacts/analysis/flatfiles_ticks_v4/raw/COINBASE_20250807_BTCUSDT.csv.gz,26648121,2025-10-11T13:27:50.235762
analysis/flatfiles_ticks_v4/raw/BINANCE_20250928_BTCUSDT.csv.gz,artifacts/analysis/flatfiles_ticks_v4/raw/BINANCE_20250928_BTCUSDT.csv.gz,74447420,2025-10-08T09:33:39.326821
analysis/flatfiles_ticks_v4/raw/BYBITSPOT_20250825_BTCUSDT.csv.gz,artifacts/analysis/flatfiles_ticks_v4/raw/BYBITSPOT_20250825_BTCUSDT.csv.gz,25308995,2025-10-08T08:43:02.983696
analysis/flatfiles_ticks_v4/raw/BYBITSPOT_20250830_BTCUSDT.csv.gz,artifacts/analysis/flatfiles_ticks_v4/raw/BYBITSPOT_20250830_BTCUSDT.csv.gz,10573425,2025-10-08T08:37:07.134887
analysis/flatfiles_ticks_v4/raw/BYBITSPOT_20250926_BTCUSDT.csv.gz,artifacts/analysis/flatfiles_ticks_v4/raw/BYBITSPOT_20250926_BTCUSDT.csv.gz,28952018,2025-10-08T09:35:39.143348
analysis/flatfiles_ticks_v4/raw/BINANCE_20250823_BTCUSDT.csv.gz,artifacts/analysis/flatfiles_ticks_v4/raw/BINANCE_20250823_BTCUSDT.csv.gz,59368995,2025-10-08T08:52:26.685082
analysis/flatfiles_ticks_v4/raw/BITGET_20250810_BTCUSDT.csv.gz,artifacts/analysis/flatfiles_ticks_v4/raw/BITGET_20250810_BTCUSDT.csv.gz,10743607,2025-10-08T09:19:52.415815
analysis/flatfiles_ticks_v4/raw/BITGET_20250805_BTCUSDT.csv.gz,artifacts/analysis/flatfiles_ticks_v4/raw/BITGET_20250805_BTCUSDT.csv.gz,7084847,2025-10-11T13:25:48.320828
analysis/flatfiles_ticks_v4/raw/COINBASE_20250919_BTCUSDT.csv.gz,artifacts/analysis/flatfiles_ticks_v4/raw/COINBASE_20250919_BTCUSDT.csv.gz,44221823,2025-10-04T17:19:23.611481
analysis/flatfiles_ticks_v4/raw/BITGET_20250906_BTCUSDT.csv.gz,artifacts/analysis/flatfiles_ticks_v4/raw/BITGET_20250906_BTCUSDT.csv.gz,4625901,2025-10-04T16:30:18.896870
analysis/flatfiles_ticks_v4/raw/BITGET_20250913_BTCUSDT.csv.gz,artifacts/analysis/flatfiles_ticks_v4/raw/BITGET_20250913_BTCUSDT.csv.gz,5418911,2025-10-04T16:51:11.915673
analysis/flatfiles_ticks_v4/raw/COINBASE_20250924_BTCUSD.csv.gz,artifacts/analysis/flatfiles_ticks_v4/raw/COINBASE_20250924_BTCUSD.csv.gz,36173826,2025-10-08T09:38:10.397254
analysis/flatfiles_ticks_v4/raw/COINBASE_20250815_BTCUSDT.csv.gz,artifacts/analysis/flatfiles_ticks_v4/raw/COINBASE_20250815_BTCUSDT.csv.gz,34647249,2025-10-04T15:28:47.510438
analysis/flatfiles_ticks_v4/raw/COINBASE_20250916_BTCUSDT.csv.gz,artifacts/analysis/flatfiles_ticks_v4/raw/COINBASE_20250916_BTCUSDT.csv.gz,43138940,2025-10-04T16:55:37.276007
analysis/flatfiles_ticks_v4/raw/COINBASE_20250903_BTCUSDT.csv.gz,artifacts/analysis/flatfiles_ticks_v4/raw/COINBASE_20250903_BTCUSDT.csv.gz,29854875,2025-10-04T16:13:29.307484
analysis/flatfiles_ticks_v4/raw/BITGET_20250909_BTCUSDT.csv.gz,artifacts/analysis/flatfiles_ticks_v4/raw/BITGET_20250909_BTCUSDT.csv.gz,10998933,2025-10-04T16:33:34.894542
analysis/flatfiles_ticks_v4/raw/COINBASE_20250817_BTCUSD.csv.gz,artifacts/analysis/flatfiles_ticks_v4/raw/COINBASE_20250817_BTCUSD.csv.gz,20180761,2025-10-08T09:04:00.262138
analysis/flatfiles_ticks_v4/raw/BYBITSPOT_20250921_BTCUSDT.csv.gz,artifacts/analysis/flatfiles_ticks_v4/raw/BYBITSPOT_20250921_BTCUSDT.csv.gz,16196466,2025-10-04T17:20:50.436937
analysis/flatfiles_ticks_v4/raw/BYBITSPOT_20250822_BTCUSDT.csv.gz,artifacts/analysis/flatfiles_ticks_v4/raw/BYBITSPOT_20250822_BTCUSDT.csv.gz,22381895,2025-10-08T08:54:06.855475
analysis/flatfiles_ticks_v4/raw/BINANCE_20250927_BTCUSDT.csv.gz,artifacts/analysis/flatfiles_ticks_v4/raw/BINANCE_20250927_BTCUSDT.csv.gz,46799115,2025-10-08T09:34:17.687378
analysis/flatfiles_ticks_v4/raw/BINANCE_20250831_BTCUSDT.csv.gz,artifacts/analysis/flatfiles_ticks_v4/raw/BINANCE_20250831_BTCUSDT.csv.gz,52278484,2025-10-08T08:36:11.772961
analysis/flatfiles_ticks_v4/raw/BINANCE_20250824_BTCUSDT.csv.gz,artifacts/analysis/flatfiles_ticks_v4/raw/BINANCE_20250824_BTCUSDT.csv.gz,97857923,2025-10-08T08:51:37.255802
analysis/flatfiles_ticks_v4/raw/COINBASE_20250804_BTCUSD.csv.gz,artifacts/analysis/flatfiles_ticks_v4/raw/COINBASE_20250804_BTCUSD.csv.gz,23352715,2025-10-08T09:26:10.237190
analysis/flatfiles_ticks_v4/raw/BITGET_20250914_BTCUSDT.csv.gz,artifacts/analysis/flatfiles_ticks_v4/raw/BITGET_20250914_BTCUSDT.csv.gz,6748743,2025-10-04T16:52:33.238430
analysis/flatfiles_ticks_v4/raw/BITGET_20250901_BTCUSDT.csv.gz,artifacts/analysis/flatfiles_ticks_v4/raw/BITGET_20250901_BTCUSDT.csv.gz,13151610,2025-10-04T16:10:57.207734
analysis/flatfiles_ticks_v4/raw/BITGET_20250802_BTCUSDT.csv.gz,artifacts/analysis/flatfiles_ticks_v4/raw/BITGET_20250802_BTCUSDT.csv.gz,4887026,2025-10-11T13:24:05.473324
analysis/flatfiles_ticks_v4/raw/BITGET_20250817_BTCUSDT.csv.gz,artifacts/analysis/flatfiles_ticks_v4/raw/BITGET_20250817_BTCUSDT.csv.gz,8453328,2025-10-08T09:04:15.245506
analysis/flatfiles_ticks_v4/raw/COINBASE_20250813_BTCUSD.csv.gz,artifacts/analysis/flatfiles_ticks_v4/raw/COINBASE_20250813_BTCUSD.csv.gz,37445344,2025-10-08T09:08:07.524624
analysis/flatfiles_ticks_v4/raw/COINBASE_20250808_BTCUSDT.csv.gz,artifacts/analysis/flatfiles_ticks_v4/raw/COINBASE_20250808_BTCUSDT.csv.gz,23684245,2025-10-04T15:10:48.995683
analysis/flatfiles_ticks/raw/COINBASE/20250901/IDDI-5950967+SC-COINBASE_SPOT_BTC_USDT+S-BTC__002DUSDT.csv.gz,artifacts/analysis/flatfiles_ticks/raw/COINBASE/20250901/IDDI-5950967+SC-COINBASE_SPOT_BTC_USDT+S-BTC__002DUSDT.csv.gz,1281666,2025-10-05T01:08:42.149670
analysis/flatfiles_ticks/raw/COINBASE/20250901/IDDI-27576+SC-COINBASE_SPOT_BTC_USD+S-BTC__002DUSD.csv.gz,artifacts/analysis/flatfiles_ticks/raw/COINBASE/20250901/IDDI-27576+SC-COINBASE_SPOT_BTC_USD+S-BTC__002DUSD.csv.gz,39113048,2025-10-05T01:08:39.505075
analysis/flatfiles_ticks/raw/COINBASE/20250906/IDDI-5950967+SC-COINBASE_SPOT_BTC_USDT+S-BTC__002DUSDT.csv.gz,artifacts/analysis/flatfiles_ticks/raw/COINBASE/20250906/IDDI-5950967+SC-COINBASE_SPOT_BTC_USDT+S-BTC__002DUSDT.csv.gz,271555,2025-10-05T01:09:26.567255
analysis/flatfiles_ticks/raw/COINBASE/20250906/IDDI-27576+SC-COINBASE_SPOT_BTC_USD+S-BTC__002DUSD.csv.gz,artifacts/analysis/flatfiles_ticks/raw/COINBASE/20250906/IDDI-27576+SC-COINBASE_SPOT_BTC_USD+S-BTC__002DUSD.csv.gz,18035169,2025-10-05T01:09:24.289097
analysis/flatfiles_ticks/raw/COINBASE/20250907/IDDI-5950967+SC-COINBASE_SPOT_BTC_USDT+S-BTC__002DUSDT.csv.gz,artifacts/analysis/flatfiles_ticks/raw/COINBASE/20250907/IDDI-5950967+SC-COINBASE_SPOT_BTC_USDT+S-BTC__002DUSDT.csv.gz,310504,2025-10-05T01:09:34.152814
analysis/flatfiles_ticks/raw/COINBASE/20250907/IDDI-27576+SC-COINBASE_SPOT_BTC_USD+S-BTC__002DUSD.csv.gz,artifacts/analysis/flatfiles_ticks/raw/COINBASE/20250907/IDDI-27576+SC-COINBASE_SPOT_BTC_USD+S-BTC__002DUSD.csv.gz,16897219,2025-10-05T01:09:29.248000
analysis/flatfiles_ticks/raw/COINBASE/20250905/IDDI-5950967+SC-COINBASE_SPOT_BTC_USDT+S-BTC__002DUSDT.csv.gz,artifacts/analysis/flatfiles_ticks/raw/COINBASE/20250905/IDDI-5950967+SC-COINBASE_SPOT_BTC_USDT+S-BTC__002DUSDT.csv.gz,1793962,2025-10-05T01:09:13.275539
analysis/flatfiles_ticks/raw/COINBASE/20250905/IDDI-27576+SC-COINBASE_SPOT_BTC_USD+S-BTC__002DUSD.csv.gz,artifacts/analysis/flatfiles_ticks/raw/COINBASE/20250905/IDDI-27576+SC-COINBASE_SPOT_BTC_USD+S-BTC__002DUSD.csv.gz,33756007,2025-10-05T01:09:49.967246
analysis/flatfiles_ticks/raw/COINBASE/20250902/IDDI-5950967+SC-COINBASE_SPOT_BTC_USDT+S-BTC__002DUSDT.csv.gz,artifacts/analysis/flatfiles_ticks/raw/COINBASE/20250902/IDDI-5950967+SC-COINBASE_SPOT_BTC_USDT+S-BTC__002DUSDT.csv.gz,1425498,2025-10-05T01:08:42.565122
analysis/flatfiles_ticks/raw/COINBASE/20250902/IDDI-27576+SC-COINBASE_SPOT_BTC_USD+S-BTC__002DUSD.csv.gz,artifacts/analysis/flatfiles_ticks/raw/COINBASE/20250902/IDDI-27576+SC-COINBASE_SPOT_BTC_USD+S-BTC__002DUSD.csv.gz,34858538,2025-10-05T01:08:40.204841
analysis/flatfiles_ticks/raw/COINBASE/20250903/IDDI-5950967+SC-COINBASE_SPOT_BTC_USDT+S-BTC__002DUSDT.csv.gz,artifacts/analysis/flatfiles_ticks/raw/COINBASE/20250903/IDDI-5950967+SC-COINBASE_SPOT_BTC_USDT+S-BTC__002DUSDT.csv.gz,851664,2025-10-05T01:08:54.857684
analysis/flatfiles_ticks/raw/COINBASE/20250903/IDDI-27576+SC-COINBASE_SPOT_BTC_USD+S-BTC__002DUSD.csv.gz,artifacts/analysis/flatfiles_ticks/raw/COINBASE/20250903/IDDI-27576+SC-COINBASE_SPOT_BTC_USD+S-BTC__002DUSD.csv.gz,29854875,2025-10-05T01:08:52.731483
analysis/flatfiles_ticks/raw/COINBASE/20250904/IDDI-5950967+SC-COINBASE_SPOT_BTC_USDT+S-BTC__002DUSDT.csv.gz,artifacts/analysis/flatfiles_ticks/raw/COINBASE/20250904/IDDI-5950967+SC-COINBASE_SPOT_BTC_USDT+S-BTC__002DUSDT.csv.gz,950111,2025-10-05T01:09:11.662211
analysis/flatfiles_ticks/raw/COINBASE/20250904/IDDI-27576+SC-COINBASE_SPOT_BTC_USD+S-BTC__002DUSD.csv.gz,artifacts/analysis/flatfiles_ticks/raw/COINBASE/20250904/IDDI-27576+SC-COINBASE_SPOT_BTC_USD+S-BTC__002DUSD.csv.gz,30565853,2025-10-05T01:09:30.645826
analysis/flatfiles_ticks/raw/BYBITSPOT/20250901/IDDI-6072814+SC-BYBITSPOT_SPOT_BTC_USDT+S-BTCUSDT.csv.gz,artifacts/analysis/flatfiles_ticks/raw/BYBITSPOT/20250901/IDDI-6072814+SC-BYBITSPOT_SPOT_BTC_USDT+S-BTCUSDT.csv.gz,24252733,2025-10-05T01:10:08.401325
analysis/flatfiles_ticks/raw/BYBITSPOT/20250901/IDDI-38151876+SC-BYBITSPOT_SPOT_BTC_USDQ+S-BTCUSDQ.csv.gz,artifacts/analysis/flatfiles_ticks/raw/BYBITSPOT/20250901/IDDI-38151876+SC-BYBITSPOT_SPOT_BTC_USDQ+S-BTCUSDQ.csv.gz,20914,2025-10-05T01:09:28.645614
analysis/flatfiles_ticks/raw/BYBITSPOT/20250901/IDDI-6072920+SC-BYBITSPOT_SPOT_BTC_USDC+S-BTCUSDC.csv.gz,artifacts/analysis/flatfiles_ticks/raw/BYBITSPOT/20250901/IDDI-6072920+SC-BYBITSPOT_SPOT_BTC_USDC+S-BTCUSDC.csv.gz,2763385,2025-10-05T01:09:42.490825
analysis/flatfiles_ticks/raw/BYBITSPOT/20250901/IDDI-37002578+SC-BYBITSPOT_SPOT_BTC_USDE+S-BTCUSDE.csv.gz,artifacts/analysis/flatfiles_ticks/raw/BYBITSPOT/20250901/IDDI-37002578+SC-BYBITSPOT_SPOT_BTC_USDE+S-BTCUSDE.csv.gz,10634,2025-10-05T01:09:27.474795
analysis/flatfiles_ticks/raw/BYBITSPOT/20250906/IDDI-6072814+SC-BYBITSPOT_SPOT_BTC_USDT+S-BTCUSDT.csv.gz,artifacts/analysis/flatfiles_ticks/raw/BYBITSPOT/20250906/IDDI-6072814+SC-BYBITSPOT_SPOT_BTC_USDT+S-BTCUSDT.csv.gz,7146089,2025-10-05T01:10:32.525105
analysis/flatfiles_ticks/raw/BYBITSPOT/20250906/IDDI-38151876+SC-BYBITSPOT_SPOT_BTC_USDQ+S-BTCUSDQ.csv.gz,artifacts/analysis/flatfiles_ticks/raw/BYBITSPOT/20250906/IDDI-38151876+SC-BYBITSPOT_SPOT_BTC_USDQ+S-BTCUSDQ.csv.gz,2112,2025-10-05T01:10:24.128373
analysis/flatfiles_ticks/raw/BYBITSPOT/20250906/IDDI-6072920+SC-BYBITSPOT_SPOT_BTC_USDC+S-BTCUSDC.csv.gz,artifacts/analysis/flatfiles_ticks/raw/BYBITSPOT/20250906/IDDI-6072920+SC-BYBITSPOT_SPOT_BTC_USDC+S-BTCUSDC.csv.gz,703607,2025-10-05T01:10:34.874425
analysis/flatfiles_ticks/raw/BYBITSPOT/20250906/IDDI-37002578+SC-BYBITSPOT_SPOT_BTC_USDE+S-BTCUSDE.csv.gz,artifacts/analysis/flatfiles_ticks/raw/BYBITSPOT/20250906/IDDI-37002578+SC-BYBITSPOT_SPOT_BTC_USDE+S-BTCUSDE.csv.gz,2664,2025-10-05T01:10:22.465621
analysis/flatfiles_ticks/raw/BYBITSPOT/20250907/IDDI-6072814+SC-BYBITSPOT_SPOT_BTC_USDT+S-BTCUSDT.csv.gz,artifacts/analysis/flatfiles_ticks/raw/BYBITSPOT/20250907/IDDI-6072814+SC-BYBITSPOT_SPOT_BTC_USDT+S-BTCUSDT.csv.gz,8281826,2025-10-05T01:10:34.295707
analysis/flatfiles_ticks/raw/BYBITSPOT/20250907/IDDI-38151876+SC-BYBITSPOT_SPOT_BTC_USDQ+S-BTCUSDQ.csv.gz,artifacts/analysis/flatfiles_ticks/raw/BYBITSPOT/20250907/IDDI-38151876+SC-BYBITSPOT_SPOT_BTC_USDQ+S-BTCUSDQ.csv.gz,4234,2025-10-05T01:10:29.061183
analysis/flatfiles_ticks/raw/BYBITSPOT/20250907/IDDI-6072920+SC-BYBITSPOT_SPOT_BTC_USDC+S-BTCUSDC.csv.gz,artifacts/analysis/flatfiles_ticks/raw/BYBITSPOT/20250907/IDDI-6072920+SC-BYBITSPOT_SPOT_BTC_USDC+S-BTCUSDC.csv.gz,823604,2025-10-05T01:10:37.544931
analysis/flatfiles_ticks/raw/BYBITSPOT/20250907/IDDI-37002578+SC-BYBITSPOT_SPOT_BTC_USDE+S-BTCUSDE.csv.gz,artifacts/analysis/flatfiles_ticks/raw/BYBITSPOT/20250907/IDDI-37002578+SC-BYBITSPOT_SPOT_BTC_USDE+S-BTCUSDE.csv.gz,3054,2025-10-05T01:10:28.085575
analysis/flatfiles_ticks/raw/BYBITSPOT/20250905/IDDI-6072814+SC-BYBITSPOT_SPOT_BTC_USDT+S-BTCUSDT.csv.gz,artifacts/analysis/flatfiles_ticks/raw/BYBITSPOT/20250905/IDDI-6072814+SC-BYBITSPOT_SPOT_BTC_USDT+S-BTCUSDT.csv.gz,26037133,2025-10-05T01:11:00.631639
analysis/flatfiles_ticks/raw/BYBITSPOT/20250905/IDDI-38151876+SC-BYBITSPOT_SPOT_BTC_USDQ+S-BTCUSDQ.csv.gz,artifacts/analysis/flatfiles_ticks/raw/BYBITSPOT/20250905/IDDI-38151876+SC-BYBITSPOT_SPOT_BTC_USDQ+S-BTCUSDQ.csv.gz,7150,2025-10-05T01:10:02.698766
analysis/flatfiles_ticks/raw/BYBITSPOT/20250905/IDDI-6072920+SC-BYBITSPOT_SPOT_BTC_USDC+S-BTCUSDC.csv.gz,artifacts/analysis/flatfiles_ticks/raw/BYBITSPOT/20250905/IDDI-6072920+SC-BYBITSPOT_SPOT_BTC_USDC+S-BTCUSDC.csv.gz,2917706,2025-10-05T01:10:25.413254
analysis/flatfiles_ticks/raw/BYBITSPOT/20250905/IDDI-37002578+SC-BYBITSPOT_SPOT_BTC_USDE+S-BTCUSDE.csv.gz,artifacts/analysis/flatfiles_ticks/raw/BYBITSPOT/20250905/IDDI-37002578+SC-BYBITSPOT_SPOT_BTC_USDE+S-BTCUSDE.csv.gz,26567,2025-10-05T01:10:01.176613
analysis/flatfiles_ticks/raw/BYBITSPOT/20250902/IDDI-6072814+SC-BYBITSPOT_SPOT_BTC_USDT+S-BTCUSDT.csv.gz,artifacts/analysis/flatfiles_ticks/raw/BYBITSPOT/20250902/IDDI-6072814+SC-BYBITSPOT_SPOT_BTC_USDT+S-BTCUSDT.csv.gz,25145369,2025-10-05T01:09:49.794618
analysis/flatfiles_ticks/raw/BYBITSPOT/20250902/IDDI-38151876+SC-BYBITSPOT_SPOT_BTC_USDQ+S-BTCUSDQ.csv.gz,artifacts/analysis/flatfiles_ticks/raw/BYBITSPOT/20250902/IDDI-38151876+SC-BYBITSPOT_SPOT_BTC_USDQ+S-BTCUSDQ.csv.gz,22772,2025-10-05T01:09:36.802401
analysis/flatfiles_ticks/raw/BYBITSPOT/20250902/IDDI-6072920+SC-BYBITSPOT_SPOT_BTC_USDC+S-BTCUSDC.csv.gz,artifacts/analysis/flatfiles_ticks/raw/BYBITSPOT/20250902/IDDI-6072920+SC-BYBITSPOT_SPOT_BTC_USDC+S-BTCUSDC.csv.gz,2358490,2025-10-05T01:09:53.377273
analysis/flatfiles_ticks/raw/BYBITSPOT/20250902/IDDI-37002578+SC-BYBITSPOT_SPOT_BTC_USDE+S-BTCUSDE.csv.gz,artifacts/analysis/flatfiles_ticks/raw/BYBITSPOT/20250902/IDDI-37002578+SC-BYBITSPOT_SPOT_BTC_USDE+S-BTCUSDE.csv.gz,14262,2025-10-05T01:09:35.329295
analysis/flatfiles_ticks/raw/BYBITSPOT/20250903/IDDI-6072814+SC-BYBITSPOT_SPOT_BTC_USDT+S-BTCUSDT.csv.gz,artifacts/analysis/flatfiles_ticks/raw/BYBITSPOT/20250903/IDDI-6072814+SC-BYBITSPOT_SPOT_BTC_USDT+S-BTCUSDT.csv.gz,18478944,2025-10-05T01:10:15.743963
analysis/flatfiles_ticks/raw/BYBITSPOT/20250903/IDDI-38151876+SC-BYBITSPOT_SPOT_BTC_USDQ+S-BTCUSDQ.csv.gz,artifacts/analysis/flatfiles_ticks/raw/BYBITSPOT/20250903/IDDI-38151876+SC-BYBITSPOT_SPOT_BTC_USDQ+S-BTCUSDQ.csv.gz,14205,2025-10-05T01:09:44.551648
analysis/flatfiles_ticks/raw/BYBITSPOT/20250903/IDDI-6072920+SC-BYBITSPOT_SPOT_BTC_USDC+S-BTCUSDC.csv.gz,artifacts/analysis/flatfiles_ticks/raw/BYBITSPOT/20250903/IDDI-6072920+SC-BYBITSPOT_SPOT_BTC_USDC+S-BTCUSDC.csv.gz,2570745,2025-10-05T01:10:00.007664
analysis/flatfiles_ticks/raw/BYBITSPOT/20250903/IDDI-37002578+SC-BYBITSPOT_SPOT_BTC_USDE+S-BTCUSDE.csv.gz,artifacts/analysis/flatfiles_ticks/raw/BYBITSPOT/20250903/IDDI-37002578+SC-BYBITSPOT_SPOT_BTC_USDE+S-BTCUSDE.csv.gz,9635,2025-10-05T01:09:43.401488
analysis/flatfiles_ticks/raw/BYBITSPOT/20250904/IDDI-6072814+SC-BYBITSPOT_SPOT_BTC_USDT+S-BTCUSDT.csv.gz,artifacts/analysis/flatfiles_ticks/raw/BYBITSPOT/20250904/IDDI-6072814+SC-BYBITSPOT_SPOT_BTC_USDT+S-BTCUSDT.csv.gz,17694354,2025-10-05T01:10:20.697875
analysis/flatfiles_ticks/raw/BYBITSPOT/20250904/IDDI-38151876+SC-BYBITSPOT_SPOT_BTC_USDQ+S-BTCUSDQ.csv.gz,artifacts/analysis/flatfiles_ticks/raw/BYBITSPOT/20250904/IDDI-38151876+SC-BYBITSPOT_SPOT_BTC_USDQ+S-BTCUSDQ.csv.gz,13605,2025-10-05T01:09:55.508084
analysis/flatfiles_ticks/raw/BYBITSPOT/20250904/IDDI-6072920+SC-BYBITSPOT_SPOT_BTC_USDC+S-BTCUSDC.csv.gz,artifacts/analysis/flatfiles_ticks/raw/BYBITSPOT/20250904/IDDI-6072920+SC-BYBITSPOT_SPOT_BTC_USDC+S-BTCUSDC.csv.gz,1819987,2025-10-05T01:10:26.847742
analysis/flatfiles_ticks/raw/BYBITSPOT/20250904/IDDI-37002578+SC-BYBITSPOT_SPOT_BTC_USDE+S-BTCUSDE.csv.gz,artifacts/analysis/flatfiles_ticks/raw/BYBITSPOT/20250904/IDDI-37002578+SC-BYBITSPOT_SPOT_BTC_USDE+S-BTCUSDE.csv.gz,10632,2025-10-05T01:09:53.949189
analysis/flatfiles_ticks/raw/BITGET/20250901/IDDI-6891536+SC-BITGET_SPOT_BTC_USDT+S-BTCUSDT.csv.gz,artifacts/analysis/flatfiles_ticks/raw/BITGET/20250901/IDDI-6891536+SC-BITGET_SPOT_BTC_USDT+S-BTCUSDT.csv.gz,13151610,2025-10-05T01:11:06.073551
analysis/flatfiles_ticks/raw/BITGET/20250901/IDDI-39261889+SC-BITGET_SPOT_BTC_USD1+S-BTCUSD1.csv.gz,artifacts/analysis/flatfiles_ticks/raw/BITGET/20250901/IDDI-39261889+SC-BITGET_SPOT_BTC_USD1+S-BTCUSD1.csv.gz,155535,2025-10-05T01:10:37.442273
analysis/flatfiles_ticks/raw/BITGET/20250901/IDDI-6891530+SC-BITGET_SPOT_BTC_USDC+S-BTCUSDC.csv.gz,artifacts/analysis/flatfiles_ticks/raw/BITGET/20250901/IDDI-6891530+SC-BITGET_SPOT_BTC_USDC+S-BTCUSDC.csv.gz,1555768,2025-10-05T01:10:40.588950
analysis/flatfiles_ticks/raw/BITGET/20250901/IDDI-37544374+SC-BITGET_SPOT_BTC_USDE+S-BTCUSDE.csv.gz,artifacts/analysis/flatfiles_ticks/raw/BITGET/20250901/IDDI-37544374+SC-BITGET_SPOT_BTC_USDE+S-BTCUSDE.csv.gz,222982,2025-10-05T01:10:35.336669
analysis/flatfiles_ticks/raw/BITGET/20250906/IDDI-6891536+SC-BITGET_SPOT_BTC_USDT+S-BTCUSDT.csv.gz,artifacts/analysis/flatfiles_ticks/raw/BITGET/20250906/IDDI-6891536+SC-BITGET_SPOT_BTC_USDT+S-BTCUSDT.csv.gz,4625901,2025-10-05T01:11:34.393478
analysis/flatfiles_ticks/raw/BITGET/20250906/IDDI-39261889+SC-BITGET_SPOT_BTC_USD1+S-BTCUSD1.csv.gz,artifacts/analysis/flatfiles_ticks/raw/BITGET/20250906/IDDI-39261889+SC-BITGET_SPOT_BTC_USD1+S-BTCUSD1.csv.gz,144242,2025-10-05T01:11:26.237205
analysis/flatfiles_ticks/raw/BITGET/20250906/IDDI-6891530+SC-BITGET_SPOT_BTC_USDC+S-BTCUSDC.csv.gz,artifacts/analysis/flatfiles_ticks/raw/BITGET/20250906/IDDI-6891530+SC-BITGET_SPOT_BTC_USDC+S-BTCUSDC.csv.gz,140681,2025-10-05T01:11:27.877100
analysis/flatfiles_ticks/raw/BITGET/20250906/IDDI-37544374+SC-BITGET_SPOT_BTC_USDE+S-BTCUSDE.csv.gz,artifacts/analysis/flatfiles_ticks/raw/BITGET/20250906/IDDI-37544374+SC-BITGET_SPOT_BTC_USDE+S-BTCUSDE.csv.gz,222372,2025-10-05T01:11:23.900072
analysis/flatfiles_ticks/raw/BITGET/20250907/IDDI-6891536+SC-BITGET_SPOT_BTC_USDT+S-BTCUSDT.csv.gz,artifacts/analysis/flatfiles_ticks/raw/BITGET/20250907/IDDI-6891536+SC-BITGET_SPOT_BTC_USDT+S-BTCUSDT.csv.gz,4661605,2025-10-05T01:11:46.737193
analysis/flatfiles_ticks/raw/BITGET/20250907/IDDI-39261889+SC-BITGET_SPOT_BTC_USD1+S-BTCUSD1.csv.gz,artifacts/analysis/flatfiles_ticks/raw/BITGET/20250907/IDDI-39261889+SC-BITGET_SPOT_BTC_USD1+S-BTCUSD1.csv.gz,144062,2025-10-05T01:11:38.595417
analysis/flatfiles_ticks/raw/BITGET/20250907/IDDI-6891530+SC-BITGET_SPOT_BTC_USDC+S-BTCUSDC.csv.gz,artifacts/analysis/flatfiles_ticks/raw/BITGET/20250907/IDDI-6891530+SC-BITGET_SPOT_BTC_USDC+S-BTCUSDC.csv.gz,231002,2025-10-05T01:11:40.675689
analysis/flatfiles_ticks/raw/BITGET/20250907/IDDI-37544374+SC-BITGET_SPOT_BTC_USDE+S-BTCUSDE.csv.gz,artifacts/analysis/flatfiles_ticks/raw/BITGET/20250907/IDDI-37544374+SC-BITGET_SPOT_BTC_USDE+S-BTCUSDE.csv.gz,223355,2025-10-05T01:11:36.485585
analysis/flatfiles_ticks/raw/BITGET/20250905/IDDI-6891536+SC-BITGET_SPOT_BTC_USDT+S-BTCUSDT.csv.gz,artifacts/analysis/flatfiles_ticks/raw/BITGET/20250905/IDDI-6891536+SC-BITGET_SPOT_BTC_USDT+S-BTCUSDT.csv.gz,10679384,2025-10-05T01:11:39.628623
analysis/flatfiles_ticks/raw/BITGET/20250905/IDDI-39261889+SC-BITGET_SPOT_BTC_USD1+S-BTCUSD1.csv.gz,artifacts/analysis/flatfiles_ticks/raw/BITGET/20250905/IDDI-39261889+SC-BITGET_SPOT_BTC_USD1+S-BTCUSD1.csv.gz,157628,2025-10-05T01:11:26.516534
analysis/flatfiles_ticks/raw/BITGET/20250905/IDDI-6891530+SC-BITGET_SPOT_BTC_USDC+S-BTCUSDC.csv.gz,artifacts/analysis/flatfiles_ticks/raw/BITGET/20250905/IDDI-6891530+SC-BITGET_SPOT_BTC_USDC+S-BTCUSDC.csv.gz,975677,2025-10-05T01:11:29.338293
analysis/flatfiles_ticks/raw/BITGET/20250905/IDDI-37544374+SC-BITGET_SPOT_BTC_USDE+S-BTCUSDE.csv.gz,artifacts/analysis/flatfiles_ticks/raw/BITGET/20250905/IDDI-37544374+SC-BITGET_SPOT_BTC_USDE+S-BTCUSDE.csv.gz,225171,2025-10-05T01:11:24.308699
analysis/flatfiles_ticks/raw/BITGET/20250902/IDDI-6891536+SC-BITGET_SPOT_BTC_USDT+S-BTCUSDT.csv.gz,artifacts/analysis/flatfiles_ticks/raw/BITGET/20250902/IDDI-6891536+SC-BITGET_SPOT_BTC_USDT+S-BTCUSDT.csv.gz,18133935,2025-10-05T01:11:08.992881
analysis/flatfiles_ticks/raw/BITGET/20250902/IDDI-39261889+SC-BITGET_SPOT_BTC_USD1+S-BTCUSD1.csv.gz,artifacts/analysis/flatfiles_ticks/raw/BITGET/20250902/IDDI-39261889+SC-BITGET_SPOT_BTC_USD1+S-BTCUSD1.csv.gz,144892,2025-10-05T01:10:41.652891
analysis/flatfiles_ticks/raw/BITGET/20250902/IDDI-6891530+SC-BITGET_SPOT_BTC_USDC+S-BTCUSDC.csv.gz,artifacts/analysis/flatfiles_ticks/raw/BITGET/20250902/IDDI-6891530+SC-BITGET_SPOT_BTC_USDC+S-BTCUSDC.csv.gz,1232546,2025-10-05T01:10:46.151077
analysis/flatfiles_ticks/raw/BITGET/20250902/IDDI-37544374+SC-BITGET_SPOT_BTC_USDE+S-BTCUSDE.csv.gz,artifacts/analysis/flatfiles_ticks/raw/BITGET/20250902/IDDI-37544374+SC-BITGET_SPOT_BTC_USDE+S-BTCUSDE.csv.gz,222388,2025-10-05T01:10:39.863302
analysis/flatfiles_ticks/raw/BITGET/20250903/IDDI-6891536+SC-BITGET_SPOT_BTC_USDT+S-BTCUSDT.csv.gz,artifacts/analysis/flatfiles_ticks/raw/BITGET/20250903/IDDI-6891536+SC-BITGET_SPOT_BTC_USDT+S-BTCUSDT.csv.gz,10329636,2025-10-05T01:11:34.907748
analysis/flatfiles_ticks/raw/BITGET/20250903/IDDI-39261889+SC-BITGET_SPOT_BTC_USD1+S-BTCUSD1.csv.gz,artifacts/analysis/flatfiles_ticks/raw/BITGET/20250903/IDDI-39261889+SC-BITGET_SPOT_BTC_USD1+S-BTCUSD1.csv.gz,144375,2025-10-05T01:11:10.024347
analysis/flatfiles_ticks/raw/BITGET/20250903/IDDI-6891530+SC-BITGET_SPOT_BTC_USDC+S-BTCUSDC.csv.gz,artifacts/analysis/flatfiles_ticks/raw/BITGET/20250903/IDDI-6891530+SC-BITGET_SPOT_BTC_USDC+S-BTCUSDC.csv.gz,479134,2025-10-05T01:11:12.362812
analysis/flatfiles_ticks/raw/BITGET/20250903/IDDI-37544374+SC-BITGET_SPOT_BTC_USDE+S-BTCUSDE.csv.gz,artifacts/analysis/flatfiles_ticks/raw/BITGET/20250903/IDDI-37544374+SC-BITGET_SPOT_BTC_USDE+S-BTCUSDE.csv.gz,220645,2025-10-05T01:11:07.755995
analysis/flatfiles_ticks/raw/BITGET/20250904/IDDI-6891536+SC-BITGET_SPOT_BTC_USDT+S-BTCUSDT.csv.gz,artifacts/analysis/flatfiles_ticks/raw/BITGET/20250904/IDDI-6891536+SC-BITGET_SPOT_BTC_USDT+S-BTCUSDT.csv.gz,9066790,2025-10-05T01:11:22.033737
analysis/flatfiles_ticks/raw/BITGET/20250904/IDDI-39261889+SC-BITGET_SPOT_BTC_USD1+S-BTCUSD1.csv.gz,artifacts/analysis/flatfiles_ticks/raw/BITGET/20250904/IDDI-39261889+SC-BITGET_SPOT_BTC_USD1+S-BTCUSD1.csv.gz,144446,2025-10-05T01:11:13.410370
analysis/flatfiles_ticks/raw/BITGET/20250904/IDDI-6891530+SC-BITGET_SPOT_BTC_USDC+S-BTCUSDC.csv.gz,artifacts/analysis/flatfiles_ticks/raw/BITGET/20250904/IDDI-6891530+SC-BITGET_SPOT_BTC_USDC+S-BTCUSDC.csv.gz,526365,2025-10-05T01:11:15.713155
analysis/flatfiles_ticks/raw/BITGET/20250904/IDDI-37544374+SC-BITGET_SPOT_BTC_USDE+S-BTCUSDE.csv.gz,artifacts/analysis/flatfiles_ticks/raw/BITGET/20250904/IDDI-37544374+SC-BITGET_SPOT_BTC_USDE+S-BTCUSDE.csv.gz,221144,2025-10-05T01:11:11.722960
analysis/flatfiles_ticks/raw/BINANCE/20250901/IDDI-5171075+SC-BINANCE_SPOT_BTC_USDC+S-BTCUSDC.csv.gz,artifacts/analysis/flatfiles_ticks/raw/BINANCE/20250901/IDDI-5171075+SC-BINANCE_SPOT_BTC_USDC+S-BTCUSDC.csv.gz,18794075,2025-10-05T01:06:43.502856
analysis/flatfiles_ticks/raw/BINANCE/20250901/IDDI-138123+SC-BINANCE_SPOT_BTC_USDT+S-BTCUSDT.csv.gz,artifacts/analysis/flatfiles_ticks/raw/BINANCE/20250901/IDDI-138123+SC-BINANCE_SPOT_BTC_USDT+S-BTCUSDT.csv.gz,103704323,2025-10-05T01:06:32.550916
analysis/flatfiles_ticks/raw/BINANCE/20250906/IDDI-5171075+SC-BINANCE_SPOT_BTC_USDC+S-BTCUSDC.csv.gz,artifacts/analysis/flatfiles_ticks/raw/BINANCE/20250906/IDDI-5171075+SC-BINANCE_SPOT_BTC_USDC+S-BTCUSDC.csv.gz,6863944,2025-10-05T01:08:20.483053
analysis/flatfiles_ticks/raw/BINANCE/20250906/IDDI-138123+SC-BINANCE_SPOT_BTC_USDT+S-BTCUSDT.csv.gz,artifacts/analysis/flatfiles_ticks/raw/BINANCE/20250906/IDDI-138123+SC-BINANCE_SPOT_BTC_USDT+S-BTCUSDT.csv.gz,31019730,2025-10-05T01:08:15.186876
analysis/flatfiles_ticks/raw/BINANCE/20250907/IDDI-5171075+SC-BINANCE_SPOT_BTC_USDC+S-BTCUSDC.csv.gz,artifacts/analysis/flatfiles_ticks/raw/BINANCE/20250907/IDDI-5171075+SC-BINANCE_SPOT_BTC_USDC+S-BTCUSDC.csv.gz,7926976,2025-10-05T01:08:24.949455
analysis/flatfiles_ticks/raw/BINANCE/20250907/IDDI-138123+SC-BINANCE_SPOT_BTC_USDT+S-BTCUSDT.csv.gz,artifacts/analysis/flatfiles_ticks/raw/BINANCE/20250907/IDDI-138123+SC-BINANCE_SPOT_BTC_USDT+S-BTCUSDT.csv.gz,33971168,2025-10-05T01:08:20.072215
analysis/flatfiles_ticks/raw/BINANCE/20250905/IDDI-5171075+SC-BINANCE_SPOT_BTC_USDC+S-BTCUSDC.csv.gz,artifacts/analysis/flatfiles_ticks/raw/BINANCE/20250905/IDDI-5171075+SC-BINANCE_SPOT_BTC_USDC+S-BTCUSDC.csv.gz,15618277,2025-10-05T01:08:00.048888
analysis/flatfiles_ticks/raw/BINANCE/20250905/IDDI-138123+SC-BINANCE_SPOT_BTC_USDT+S-BTCUSDT.csv.gz,artifacts/analysis/flatfiles_ticks/raw/BINANCE/20250905/IDDI-138123+SC-BINANCE_SPOT_BTC_USDT+S-BTCUSDT.csv.gz,64172145,2025-10-05T01:07:53.116420
analysis/flatfiles_ticks/raw/BINANCE/20250902/IDDI-5171075+SC-BINANCE_SPOT_BTC_USDC+S-BTCUSDC.csv.gz,artifacts/analysis/flatfiles_ticks/raw/BINANCE/20250902/IDDI-5171075+SC-BINANCE_SPOT_BTC_USDC+S-BTCUSDC.csv.gz,20301026,2025-10-05T01:07:18.954726
analysis/flatfiles_ticks/raw/BINANCE/20250902/IDDI-138123+SC-BINANCE_SPOT_BTC_USDT+S-BTCUSDT.csv.gz,artifacts/analysis/flatfiles_ticks/raw/BINANCE/20250902/IDDI-138123+SC-BINANCE_SPOT_BTC_USDT+S-BTCUSDT.csv.gz,99109875,2025-10-05T01:07:10.522249
analysis/flatfiles_ticks/raw/BINANCE/20250903/IDDI-5171075+SC-BINANCE_SPOT_BTC_USDC+S-BTCUSDC.csv.gz,artifacts/analysis/flatfiles_ticks/raw/BINANCE/20250903/IDDI-5171075+SC-BINANCE_SPOT_BTC_USDC+S-BTCUSDC.csv.gz,20195232,2025-10-05T01:07:22.296076
analysis/flatfiles_ticks/raw/BINANCE/20250903/IDDI-138123+SC-BINANCE_SPOT_BTC_USDT+S-BTCUSDT.csv.gz,artifacts/analysis/flatfiles_ticks/raw/BINANCE/20250903/IDDI-138123+SC-BINANCE_SPOT_BTC_USDT+S-BTCUSDT.csv.gz,83293164,2025-10-05T01:07:13.432582
analysis/flatfiles_ticks/raw/BINANCE/20250904/IDDI-5171075+SC-BINANCE_SPOT_BTC_USDC+S-BTCUSDC.csv.gz,artifacts/analysis/flatfiles_ticks/raw/BINANCE/20250904/IDDI-5171075+SC-BINANCE_SPOT_BTC_USDC+S-BTCUSDC.csv.gz,20048791,2025-10-05T01:08:06.223202
analysis/flatfiles_ticks/raw/BINANCE/20250904/IDDI-138123+SC-BINANCE_SPOT_BTC_USDT+S-BTCUSDT.csv.gz,artifacts/analysis/flatfiles_ticks/raw/BINANCE/20250904/IDDI-138123+SC-BINANCE_SPOT_BTC_USDT+S-BTCUSDT.csv.gz,83917904,2025-10-05T01:07:55.883245
analysis/_graveyard/20251004_140207/flatfiles_1s/panel/candles_1s_panel_v2.parquet,artifacts/analysis/_graveyard/20251004_140207/flatfiles_1s/panel/candles_1s_panel_v2.parquet,38033294,2025-10-04T00:17:32.757232
analysis/_graveyard/20251004_140207/flatfiles_1s/panel/candles_1s_panel_v3.parquet,artifacts/analysis/_graveyard/20251004_140207/flatfiles_1s/panel/candles_1s_panel_v3.parquet,66511641,2025-10-04T13:29:12.526511
analysis/_graveyard/20251004_140207/flatfiles_1s/panel/candles_1s_panel_v3a.parquet,artifacts/analysis/_graveyard/20251004_140207/flatfiles_1s/panel/candles_1s_panel_v3a.parquet,41967935,2025-10-04T13:48:05.752617
analysis/_graveyard/20251004_140207/flatfiles_ticks/clean/COINBASE/20250901/btc_ticks.parquet,artifacts/analysis/_graveyard/20251004_140207/flatfiles_ticks/clean/COINBASE/20250901/btc_ticks.parquet,59457625,2025-10-04T00:15:31.951513
analysis/_graveyard/20251004_140207/flatfiles_ticks/clean/COINBASE/20250906/btc_ticks.parquet,artifacts/analysis/_graveyard/20251004_140207/flatfiles_ticks/clean/COINBASE/20250906/btc_ticks.parquet,26934077,2025-10-04T00:15:32.932109
analysis/_graveyard/20251004_140207/flatfiles_ticks/clean/COINBASE/20250907/btc_ticks.parquet,artifacts/analysis/_graveyard/20251004_140207/flatfiles_ticks/clean/COINBASE/20250907/btc_ticks.parquet,25262211,2025-10-04T00:15:33.834255
analysis/_graveyard/20251004_140207/flatfiles_ticks/clean/COINBASE/20250905/btc_ticks.parquet,artifacts/analysis/_graveyard/20251004_140207/flatfiles_ticks/clean/COINBASE/20250905/btc_ticks.parquet,52646650,2025-10-04T00:15:35.605611
analysis/_graveyard/20251004_140207/flatfiles_ticks/clean/COINBASE/20250902/btc_ticks.parquet,artifacts/analysis/_graveyard/20251004_140207/flatfiles_ticks/clean/COINBASE/20250902/btc_ticks.parquet,53731117,2025-10-04T00:15:37.802772
analysis/_graveyard/20251004_140207/flatfiles_ticks/clean/COINBASE/20250903/btc_ticks.parquet,artifacts/analysis/_graveyard/20251004_140207/flatfiles_ticks/clean/COINBASE/20250903/btc_ticks.parquet,45485475,2025-10-04T00:15:39.421459
analysis/_graveyard/20251004_140207/flatfiles_ticks/clean/COINBASE/20250904/btc_ticks.parquet,artifacts/analysis/_graveyard/20251004_140207/flatfiles_ticks/clean/COINBASE/20250904/btc_ticks.parquet,46651575,2025-10-04T00:15:41.025312
analysis/_graveyard/20251004_140207/flatfiles_ticks/clean/BYBITSPOT/20250901/btc_ticks.parquet,artifacts/analysis/_graveyard/20251004_140207/flatfiles_ticks/clean/BYBITSPOT/20250901/btc_ticks.parquet,36399110,2025-10-04T00:15:42.836350
analysis/_graveyard/20251004_140207/flatfiles_ticks/clean/BYBITSPOT/20250906/btc_ticks.parquet,artifacts/analysis/_graveyard/20251004_140207/flatfiles_ticks/clean/BYBITSPOT/20250906/btc_ticks.parquet,10805092,2025-10-04T00:15:43.370208
analysis/_graveyard/20251004_140207/flatfiles_ticks/clean/BYBITSPOT/20250907/btc_ticks.parquet,artifacts/analysis/_graveyard/20251004_140207/flatfiles_ticks/clean/BYBITSPOT/20250907/btc_ticks.parquet,12505689,2025-10-04T00:15:43.967968
analysis/_graveyard/20251004_140207/flatfiles_ticks/clean/BYBITSPOT/20250905/btc_ticks.parquet,artifacts/analysis/_graveyard/20251004_140207/flatfiles_ticks/clean/BYBITSPOT/20250905/btc_ticks.parquet,38914405,2025-10-04T00:15:45.855402
analysis/_graveyard/20251004_140207/flatfiles_ticks/clean/BYBITSPOT/20250902/btc_ticks.parquet,artifacts/analysis/_graveyard/20251004_140207/flatfiles_ticks/clean/BYBITSPOT/20250902/btc_ticks.parquet,37018899,2025-10-04T00:15:48.241602
analysis/_graveyard/20251004_140207/flatfiles_ticks/clean/BYBITSPOT/20250903/btc_ticks.parquet,artifacts/analysis/_graveyard/20251004_140207/flatfiles_ticks/clean/BYBITSPOT/20250903/btc_ticks.parquet,28524171,2025-10-04T00:15:49.996102
analysis/_graveyard/20251004_140207/flatfiles_ticks/clean/BYBITSPOT/20250904/btc_ticks.parquet,artifacts/analysis/_graveyard/20251004_140207/flatfiles_ticks/clean/BYBITSPOT/20250904/btc_ticks.parquet,26499615,2025-10-04T00:15:51.353560
analysis/_graveyard/20251004_140207/flatfiles_ticks/clean/BITGET/20250901/btc_ticks.parquet,artifacts/analysis/_graveyard/20251004_140207/flatfiles_ticks/clean/BITGET/20250901/btc_ticks.parquet,20839776,2025-10-04T00:15:52.338184
analysis/_graveyard/20251004_140207/flatfiles_ticks/clean/BITGET/20250906/btc_ticks.parquet,artifacts/analysis/_graveyard/20251004_140207/flatfiles_ticks/clean/BITGET/20250906/btc_ticks.parquet,7355926,2025-10-04T00:15:52.693682
analysis/_graveyard/20251004_140207/flatfiles_ticks/clean/BITGET/20250907/btc_ticks.parquet,artifacts/analysis/_graveyard/20251004_140207/flatfiles_ticks/clean/BITGET/20250907/btc_ticks.parquet,7529877,2025-10-04T00:15:53.048446
analysis/_graveyard/20251004_140207/flatfiles_ticks/clean/BITGET/20250905/btc_ticks.parquet,artifacts/analysis/_graveyard/20251004_140207/flatfiles_ticks/clean/BITGET/20250905/btc_ticks.parquet,16757685,2025-10-04T00:15:53.897893
analysis/_graveyard/20251004_140207/flatfiles_ticks/clean/BITGET/20250902/btc_ticks.parquet,artifacts/analysis/_graveyard/20251004_140207/flatfiles_ticks/clean/BITGET/20250902/btc_ticks.parquet,27079322,2025-10-04T00:15:55.453875
analysis/_graveyard/20251004_140207/flatfiles_ticks/clean/BITGET/20250903/btc_ticks.parquet,artifacts/analysis/_graveyard/20251004_140207/flatfiles_ticks/clean/BITGET/20250903/btc_ticks.parquet,15422086,2025-10-04T00:15:56.338886
analysis/_graveyard/20251004_140207/flatfiles_ticks/clean/BITGET/20250904/btc_ticks.parquet,artifacts/analysis/_graveyard/20251004_140207/flatfiles_ticks/clean/BITGET/20250904/btc_ticks.parquet,13842873,2025-10-04T00:15:57.004994
analysis/_graveyard/20251004_140207/flatfiles_ticks/clean/BINANCE/20250901/btc_ticks.parquet,artifacts/analysis/_graveyard/20251004_140207/flatfiles_ticks/clean/BINANCE/20250901/btc_ticks.parquet,168320700,2025-10-04T00:16:07.674176
analysis/_graveyard/20251004_140207/flatfiles_ticks/clean/BINANCE/20250906/btc_ticks.parquet,artifacts/analysis/_graveyard/20251004_140207/flatfiles_ticks/clean/BINANCE/20250906/btc_ticks.parquet,52037671,2025-10-04T00:16:10.393440
analysis/_graveyard/20251004_140207/flatfiles_ticks/clean/BINANCE/20250907/btc_ticks.parquet,artifacts/analysis/_graveyard/20251004_140207/flatfiles_ticks/clean/BINANCE/20250907/btc_ticks.parquet,57290504,2025-10-04T00:16:13.095806
analysis/_graveyard/20251004_140207/flatfiles_ticks/clean/BINANCE/20250905/btc_ticks.parquet,artifacts/analysis/_graveyard/20251004_140207/flatfiles_ticks/clean/BINANCE/20250905/btc_ticks.parquet,109831857,2025-10-04T00:16:18.902117
analysis/_graveyard/20251004_140207/flatfiles_ticks/clean/BINANCE/20250902/btc_ticks.parquet,artifacts/analysis/_graveyard/20251004_140207/flatfiles_ticks/clean/BINANCE/20250902/btc_ticks.parquet,163937846,2025-10-04T00:16:28.479449
analysis/_graveyard/20251004_140207/flatfiles_ticks/clean/BINANCE/20250903/btc_ticks.parquet,artifacts/analysis/_graveyard/20251004_140207/flatfiles_ticks/clean/BINANCE/20250903/btc_ticks.parquet,142528001,2025-10-04T00:16:36.327541
analysis/_graveyard/20251004_140207/flatfiles_ticks/clean/BINANCE/20250904/btc_ticks.parquet,artifacts/analysis/_graveyard/20251004_140207/flatfiles_ticks/clean/BINANCE/20250904/btc_ticks.parquet,143540855,2025-10-04T00:16:44.011609
analysis/_graveyard/20251004_140207/flatfiles_ticks/monthly_aug2025/BINANCE_clean_202508.parquet,artifacts/analysis/_graveyard/20251004_140207/flatfiles_ticks/monthly_aug2025/BINANCE_clean_202508.parquet,4828,2025-10-04T11:14:28.881023
analysis/_graveyard/20251004_140207/flatfiles_ticks/monthly_aug2025/BITGET_clean_202508.parquet,artifacts/analysis/_graveyard/20251004_140207/flatfiles_ticks/monthly_aug2025/BITGET_clean_202508.parquet,4823,2025-10-04T11:14:28.891752
analysis/_graveyard/20251004_140207/flatfiles_ticks/monthly_aug2025/BYBITSPOT_clean_202508.parquet,artifacts/analysis/_graveyard/20251004_140207/flatfiles_ticks/monthly_aug2025/BYBITSPOT_clean_202508.parquet,4838,2025-10-04T11:14:28.888999
analysis/_graveyard/20251004_140207/flatfiles_ticks/monthly_aug2025/COINBASE_clean_202508.parquet,artifacts/analysis/_graveyard/20251004_140207/flatfiles_ticks/monthly_aug2025/COINBASE_clean_202508.parquet,4833,2025-10-04T11:14:28.885869
analysis/_graveyard/20251004_140207/flatfiles_ticks/week_20250801_20250807/BYBITSPOT_20250803_BTCUSDT.csv.gz,artifacts/analysis/_graveyard/20251004_140207/flatfiles_ticks/week_20250801_20250807/BYBITSPOT_20250803_BTCUSDT.csv.gz,11540117,2025-10-04T13:14:45.505174
analysis/_graveyard/20251004_140207/flatfiles_ticks/week_20250801_20250807/BINANCE_20250805_BTCUSDT.csv.gz,artifacts/analysis/_graveyard/20251004_140207/flatfiles_ticks/week_20250801_20250807/BINANCE_20250805_BTCUSDT.csv.gz,96392989,2025-10-04T13:15:27.980538
analysis/_graveyard/20251004_140207/flatfiles_ticks/week_20250801_20250807/BINANCE_20250803_BTCUSDT.csv.gz,artifacts/analysis/_graveyard/20251004_140207/flatfiles_ticks/week_20250801_20250807/BINANCE_20250803_BTCUSDT.csv.gz,53775324,2025-10-04T13:14:34.969086
analysis/_graveyard/20251004_140207/flatfiles_ticks/week_20250801_20250807/BYBITSPOT_20250805_BTCUSDT.csv.gz,artifacts/analysis/_graveyard/20251004_140207/flatfiles_ticks/week_20250801_20250807/BYBITSPOT_20250805_BTCUSDT.csv.gz,21843782,2025-10-04T13:15:43.592884
analysis/_graveyard/20251004_140207/flatfiles_ticks/week_20250801_20250807/BINANCE_20250806_BTCUSDT.csv.gz,artifacts/analysis/_graveyard/20251004_140207/flatfiles_ticks/week_20250801_20250807/BINANCE_20250806_BTCUSDT.csv.gz,75969139,2025-10-04T13:16:25.437498
analysis/_graveyard/20251004_140207/flatfiles_ticks/week_20250801_20250807/BYBITSPOT_20250807_BTCUSDT.csv.gz,artifacts/analysis/_graveyard/20251004_140207/flatfiles_ticks/week_20250801_20250807/BYBITSPOT_20250807_BTCUSDT.csv.gz,21440770,2025-10-04T13:17:39.634919
analysis/_graveyard/20251004_140207/flatfiles_ticks/week_20250801_20250807/BYBITSPOT_20250806_BTCUSDT.csv.gz,artifacts/analysis/_graveyard/20251004_140207/flatfiles_ticks/week_20250801_20250807/BYBITSPOT_20250806_BTCUSDT.csv.gz,18801274,2025-10-04T13:16:40.922841
analysis/_graveyard/20251004_140207/flatfiles_ticks/week_20250801_20250807/BINANCE_20250807_BTCUSDT.csv.gz,artifacts/analysis/_graveyard/20251004_140207/flatfiles_ticks/week_20250801_20250807/BINANCE_20250807_BTCUSDT.csv.gz,86831972,2025-10-04T13:17:23.461235
analysis/_graveyard/20251004_140207/flatfiles_ticks/week_20250801_20250807/COINBASE_20250805_BTCUSDT.csv.gz,artifacts/analysis/_graveyard/20251004_140207/flatfiles_ticks/week_20250801_20250807/COINBASE_20250805_BTCUSDT.csv.gz,967317,2025-10-04T13:15:32.529592
analysis/_graveyard/20251004_140207/flatfiles_ticks/week_20250801_20250807/BITGET_20250807_BTCUSDT.csv.gz,artifacts/analysis/_graveyard/20251004_140207/flatfiles_ticks/week_20250801_20250807/BITGET_20250807_BTCUSDT.csv.gz,9768126,2025-10-04T13:17:48.678056
analysis/_graveyard/20251004_140207/flatfiles_ticks/week_20250801_20250807/BITGET_20250806_BTCUSDT.csv.gz,artifacts/analysis/_graveyard/20251004_140207/flatfiles_ticks/week_20250801_20250807/BITGET_20250806_BTCUSDT.csv.gz,7689324,2025-10-04T13:16:48.120723
analysis/_graveyard/20251004_140207/flatfiles_ticks/week_20250801_20250807/BITGET_20250803_BTCUSDT.csv.gz,artifacts/analysis/_graveyard/20251004_140207/flatfiles_ticks/week_20250801_20250807/BITGET_20250803_BTCUSDT.csv.gz,4093351,2025-10-04T13:14:51.353354
analysis/_graveyard/20251004_140207/flatfiles_ticks/week_20250801_20250807/COINBASE_20250806_BTCUSDT.csv.gz,artifacts/analysis/_graveyard/20251004_140207/flatfiles_ticks/week_20250801_20250807/COINBASE_20250806_BTCUSDT.csv.gz,651800,2025-10-04T13:16:29.823290
analysis/_graveyard/20251004_140207/flatfiles_ticks/week_20250801_20250807/COINBASE_20250807_BTCUSDT.csv.gz,artifacts/analysis/_graveyard/20251004_140207/flatfiles_ticks/week_20250801_20250807/COINBASE_20250807_BTCUSDT.csv.gz,903330,2025-10-04T13:17:28.071675
analysis/_graveyard/20251004_140207/flatfiles_ticks/week_20250801_20250807/BITGET_20250805_BTCUSDT.csv.gz,artifacts/analysis/_graveyard/20251004_140207/flatfiles_ticks/week_20250801_20250807/BITGET_20250805_BTCUSDT.csv.gz,7084847,2025-10-04T13:15:51.085053
analysis/_graveyard/20251004_140207/flatfiles_ticks/monthly/BINANCE_clean_202509.parquet,artifacts/analysis/_graveyard/20251004_140207/flatfiles_ticks/monthly/BINANCE_clean_202509.parquet,839944678,2025-10-04T10:43:52.054973
analysis/_graveyard/20251004_140207/flatfiles_ticks/monthly/BITGET_clean_202509.parquet,artifacts/analysis/_graveyard/20251004_140207/flatfiles_ticks/monthly/BITGET_clean_202509.parquet,106158539,2025-10-04T10:44:26.471194
analysis/_graveyard/20251004_140207/flatfiles_ticks/monthly/COINBASE_clean_202509.parquet,artifacts/analysis/_graveyard/20251004_140207/flatfiles_ticks/monthly/COINBASE_clean_202509.parquet,306471522,2025-10-04T10:44:15.750604
analysis/_graveyard/20251004_140207/flatfiles_ticks/monthly/BYBITSPOT_clean_202509.parquet,artifacts/analysis/_graveyard/20251004_140207/flatfiles_ticks/monthly/BYBITSPOT_clean_202509.parquet,188822425,2025-10-04T10:44:22.933370
analysis/_graveyard/20251004_140207/flatfiles_ticks/monthly_202508/BYBITSPOT_20250804_BTCUSDT.csv.gz,artifacts/analysis/_graveyard/20251004_140207/flatfiles_ticks/monthly_202508/BYBITSPOT_20250804_BTCUSDT.csv.gz,18905149,2025-10-04T12:28:01.558764
analysis/_graveyard/20251004_140207/flatfiles_ticks/monthly_202508/BINANCE_20250802_BTCUSDT.csv.gz,artifacts/analysis/_graveyard/20251004_140207/flatfiles_ticks/monthly_202508/BINANCE_20250802_BTCUSDT.csv.gz,81369532,2025-10-04T12:26:41.929194
analysis/_graveyard/20251004_140207/flatfiles_ticks/monthly_202508/BITGET_20250831_BTCUSDT.csv.gz,artifacts/analysis/_graveyard/20251004_140207/flatfiles_ticks/monthly_202508/BITGET_20250831_BTCUSDT.csv.gz,7932372,2025-10-04T11:59:23.287386
analysis/_graveyard/20251004_140207/flatfiles_ticks/monthly_202508/BINANCE_20250804_BTCUSDT.csv.gz,artifacts/analysis/_graveyard/20251004_140207/flatfiles_ticks/monthly_202508/BINANCE_20250804_BTCUSDT.csv.gz,73442338,2025-10-04T12:27:39.854254
analysis/_graveyard/20251004_140207/flatfiles_ticks/monthly_202508/BYBITSPOT_20250802_BTCUSDT.csv.gz,artifacts/analysis/_graveyard/20251004_140207/flatfiles_ticks/monthly_202508/BYBITSPOT_20250802_BTCUSDT.csv.gz,15856759,2025-10-04T12:27:02.852023
analysis/_graveyard/20251004_140207/flatfiles_ticks/monthly_202508/BYBITSPOT_20250815_BTCUSDT.csv.gz,artifacts/analysis/_graveyard/20251004_140207/flatfiles_ticks/monthly_202508/BYBITSPOT_20250815_BTCUSDT.csv.gz,20025390,2025-10-04T11:58:34.493540
analysis/_graveyard/20251004_140207/flatfiles_ticks/monthly_202508/BINANCE_20250801_BTCUSDT.csv.gz,artifacts/analysis/_graveyard/20251004_140207/flatfiles_ticks/monthly_202508/BINANCE_20250801_BTCUSDT.csv.gz,156762980,2025-10-04T11:57:13.013198
analysis/_graveyard/20251004_140207/flatfiles_ticks/monthly_202508/COINBASE_20250831_BTCUSDT.csv.gz,artifacts/analysis/_graveyard/20251004_140207/flatfiles_ticks/monthly_202508/COINBASE_20250831_BTCUSDT.csv.gz,534736,2025-10-04T11:59:09.650249
analysis/_graveyard/20251004_140207/flatfiles_ticks/monthly_202508/BINANCE_20250815_BTCUSDT.csv.gz,artifacts/analysis/_graveyard/20251004_140207/flatfiles_ticks/monthly_202508/BINANCE_20250815_BTCUSDT.csv.gz,107509350,2025-10-04T11:58:19.382205
analysis/_graveyard/20251004_140207/flatfiles_ticks/monthly_202508/BYBITSPOT_20250801_BTCUSDT.csv.gz,artifacts/analysis/_graveyard/20251004_140207/flatfiles_ticks/monthly_202508/BYBITSPOT_20250801_BTCUSDT.csv.gz,28094502,2025-10-04T11:57:30.686998
analysis/_graveyard/20251004_140207/flatfiles_ticks/monthly_202508/COINBASE_20250802_BTCUSDT.csv.gz,artifacts/analysis/_graveyard/20251004_140207/flatfiles_ticks/monthly_202508/COINBASE_20250802_BTCUSDT.csv.gz,762243,2025-10-04T12:26:53.339396
analysis/_graveyard/20251004_140207/flatfiles_ticks/monthly_202508/BITGET_20250815_BTCUSDT.csv.gz,artifacts/analysis/_graveyard/20251004_140207/flatfiles_ticks/monthly_202508/BITGET_20250815_BTCUSDT.csv.gz,11629844,2025-10-04T11:58:41.963265
analysis/_graveyard/20251004_140207/flatfiles_ticks/monthly_202508/COINBASE_20250804_BTCUSDT.csv.gz,artifacts/analysis/_graveyard/20251004_140207/flatfiles_ticks/monthly_202508/COINBASE_20250804_BTCUSDT.csv.gz,662892,2025-10-04T12:27:48.767225
analysis/_graveyard/20251004_140207/flatfiles_ticks/monthly_202508/BITGET_20250801_BTCUSDT.csv.gz,artifacts/analysis/_graveyard/20251004_140207/flatfiles_ticks/monthly_202508/BITGET_20250801_BTCUSDT.csv.gz,11503174,2025-10-04T11:57:38.099582
analysis/_graveyard/20251004_140207/flatfiles_ticks/monthly_202508/COINBASE_20250801_BTCUSDT.csv.gz,artifacts/analysis/_graveyard/20251004_140207/flatfiles_ticks/monthly_202508/COINBASE_20250801_BTCUSDT.csv.gz,1984859,2025-10-04T11:57:17.806757
analysis/_graveyard/20251004_140207/flatfiles_ticks/monthly_202508/BITGET_20250804_BTCUSDT.csv.gz,artifacts/analysis/_graveyard/20251004_140207/flatfiles_ticks/monthly_202508/BITGET_20250804_BTCUSDT.csv.gz,5982196,2025-10-04T12:28:09.076950
analysis/_graveyard/20251004_140207/flatfiles_ticks/monthly_202508/BYBITSPOT_20250831_BTCUSDT.csv.gz,artifacts/analysis/_graveyard/20251004_140207/flatfiles_ticks/monthly_202508/BYBITSPOT_20250831_BTCUSDT.csv.gz,10535383,2025-10-04T11:59:16.494807
analysis/_graveyard/20251004_140207/flatfiles_ticks/monthly_202508/COINBASE_20250815_BTCUSDT.csv.gz,artifacts/analysis/_graveyard/20251004_140207/flatfiles_ticks/monthly_202508/COINBASE_20250815_BTCUSDT.csv.gz,836594,2025-10-04T11:58:23.782581
analysis/_graveyard/20251004_140207/flatfiles_ticks/monthly_202508/BINANCE_20250831_BTCUSDT.csv.gz,artifacts/analysis/_graveyard/20251004_140207/flatfiles_ticks/monthly_202508/BINANCE_20250831_BTCUSDT.csv.gz,52278484,2025-10-04T11:59:05.516980
analysis/_graveyard/20251004_140207/flatfiles_ticks/monthly_202508/BITGET_20250802_BTCUSDT.csv.gz,artifacts/analysis/_graveyard/20251004_140207/flatfiles_ticks/monthly_202508/BITGET_20250802_BTCUSDT.csv.gz,4887026,2025-10-04T12:27:11.805242
analysis/_graveyard/20251004_140207/flatfiles_ticks/monthly_202509_rest/BYBITSPOT_20250915_BTCUSDT.csv.gz,artifacts/analysis/_graveyard/20251004_140207/flatfiles_ticks/monthly_202509_rest/BYBITSPOT_20250915_BTCUSDT.csv.gz,28287673,2025-10-04T12:01:20.827044
analysis/_graveyard/20251004_140207/flatfiles_ticks/monthly_202509_rest/BYBITSPOT_20250908_BTCUSDT.csv.gz,artifacts/analysis/_graveyard/20251004_140207/flatfiles_ticks/monthly_202509_rest/BYBITSPOT_20250908_BTCUSDT.csv.gz,21196524,2025-10-04T12:00:01.364947
analysis/_graveyard/20251004_140207/flatfiles_ticks/monthly_202509_rest/COINBASE_20250930_BTCUSDT.csv.gz,artifacts/analysis/_graveyard/20251004_140207/flatfiles_ticks/monthly_202509_rest/COINBASE_20250930_BTCUSDT.csv.gz,1775678,2025-10-04T12:02:34.800036
analysis/_graveyard/20251004_140207/flatfiles_ticks/monthly_202509_rest/BINANCE_20250915_BTCUSDT.csv.gz,artifacts/analysis/_graveyard/20251004_140207/flatfiles_ticks/monthly_202509_rest/BINANCE_20250915_BTCUSDT.csv.gz,139699813,2025-10-04T12:01:02.179681
analysis/_graveyard/20251004_140207/flatfiles_ticks/monthly_202509_rest/BINANCE_20250908_BTCUSDT.csv.gz,artifacts/analysis/_graveyard/20251004_140207/flatfiles_ticks/monthly_202509_rest/BINANCE_20250908_BTCUSDT.csv.gz,66356338,2025-10-04T11:59:46.817254
analysis/_graveyard/20251004_140207/flatfiles_ticks/monthly_202509_rest/BITGET_20250930_BTCUSDT.csv.gz,artifacts/analysis/_graveyard/20251004_140207/flatfiles_ticks/monthly_202509_rest/BITGET_20250930_BTCUSDT.csv.gz,15970187,2025-10-04T12:02:55.516049
analysis/_graveyard/20251004_140207/flatfiles_ticks/monthly_202509_rest/BINANCE_20250930_BTCUSDT.csv.gz,artifacts/analysis/_graveyard/20251004_140207/flatfiles_ticks/monthly_202509_rest/BINANCE_20250930_BTCUSDT.csv.gz,148127589,2025-10-04T12:02:29.978661
analysis/_graveyard/20251004_140207/flatfiles_ticks/monthly_202509_rest/BYBITSPOT_20250930_BTCUSDT.csv.gz,artifacts/analysis/_graveyard/20251004_140207/flatfiles_ticks/monthly_202509_rest/BYBITSPOT_20250930_BTCUSDT.csv.gz,24711408,2025-10-04T12:02:46.455997
analysis/_graveyard/20251004_140207/flatfiles_ticks/monthly_202509_rest/COINBASE_20250908_BTCUSDT.csv.gz,artifacts/analysis/_graveyard/20251004_140207/flatfiles_ticks/monthly_202509_rest/COINBASE_20250908_BTCUSDT.csv.gz,818934,2025-10-04T11:59:50.484519
analysis/_graveyard/20251004_140207/flatfiles_ticks/monthly_202509_rest/COINBASE_20250915_BTCUSDT.csv.gz,artifacts/analysis/_graveyard/20251004_140207/flatfiles_ticks/monthly_202509_rest/COINBASE_20250915_BTCUSDT.csv.gz,1196350,2025-10-04T12:01:06.426400
analysis/_graveyard/20251004_140207/flatfiles_ticks/monthly_202509_rest/BITGET_20250915_BTCUSDT.csv.gz,artifacts/analysis/_graveyard/20251004_140207/flatfiles_ticks/monthly_202509_rest/BITGET_20250915_BTCUSDT.csv.gz,19905331,2025-10-04T12:01:33.168248
analysis/_graveyard/20251004_140207/flatfiles_ticks/monthly_202509_rest/BITGET_20250908_BTCUSDT.csv.gz,artifacts/analysis/_graveyard/20251004_140207/flatfiles_ticks/monthly_202509_rest/BITGET_20250908_BTCUSDT.csv.gz,7489204,2025-10-04T12:00:08.372190
analysis/_graveyard/20251004_140207/flatfiles_ticks/raw/COINBASE/20250901/IDDI-5950967+SC-COINBASE_SPOT_BTC_USDT+S-BTC__002DUSDT.csv.gz,artifacts/analysis/_graveyard/20251004_140207/flatfiles_ticks/raw/COINBASE/20250901/IDDI-5950967+SC-COINBASE_SPOT_BTC_USDT+S-BTC__002DUSDT.csv.gz,1281666,2025-10-04T00:09:17.113043
analysis/_graveyard/20251004_140207/flatfiles_ticks/raw/COINBASE/20250906/IDDI-5950967+SC-COINBASE_SPOT_BTC_USDT+S-BTC__002DUSDT.csv.gz,artifacts/analysis/_graveyard/20251004_140207/flatfiles_ticks/raw/COINBASE/20250906/IDDI-5950967+SC-COINBASE_SPOT_BTC_USDT+S-BTC__002DUSDT.csv.gz,271555,2025-10-04T00:09:53.199005
analysis/_graveyard/20251004_140207/flatfiles_ticks/raw/COINBASE/20250906/IDDI-27576+SC-COINBASE_SPOT_BTC_USD+S-BTC__002DUSD.csv.gz,artifacts/analysis/_graveyard/20251004_140207/flatfiles_ticks/raw/COINBASE/20250906/IDDI-27576+SC-COINBASE_SPOT_BTC_USD+S-BTC__002DUSD.csv.gz,18035169,2025-10-04T00:09:50.519962
analysis/_graveyard/20251004_140207/flatfiles_ticks/raw/COINBASE/20250907/IDDI-5950967+SC-COINBASE_SPOT_BTC_USDT+S-BTC__002DUSDT.csv.gz,artifacts/analysis/_graveyard/20251004_140207/flatfiles_ticks/raw/COINBASE/20250907/IDDI-5950967+SC-COINBASE_SPOT_BTC_USDT+S-BTC__002DUSDT.csv.gz,310504,2025-10-04T00:10:00.408858
analysis/_graveyard/20251004_140207/flatfiles_ticks/raw/COINBASE/20250907/IDDI-27576+SC-COINBASE_SPOT_BTC_USD+S-BTC__002DUSD.csv.gz,artifacts/analysis/_graveyard/20251004_140207/flatfiles_ticks/raw/COINBASE/20250907/IDDI-27576+SC-COINBASE_SPOT_BTC_USD+S-BTC__002DUSD.csv.gz,16897219,2025-10-04T00:09:58.417832
analysis/_graveyard/20251004_140207/flatfiles_ticks/raw/COINBASE/20250905/IDDI-5950967+SC-COINBASE_SPOT_BTC_USDT+S-BTC__002DUSDT.csv.gz,artifacts/analysis/_graveyard/20251004_140207/flatfiles_ticks/raw/COINBASE/20250905/IDDI-5950967+SC-COINBASE_SPOT_BTC_USDT+S-BTC__002DUSDT.csv.gz,1793962,2025-10-04T00:09:49.968052
analysis/_graveyard/20251004_140207/flatfiles_ticks/raw/COINBASE/20250905/IDDI-27576+SC-COINBASE_SPOT_BTC_USD+S-BTC__002DUSD.csv.gz,artifacts/analysis/_graveyard/20251004_140207/flatfiles_ticks/raw/COINBASE/20250905/IDDI-27576+SC-COINBASE_SPOT_BTC_USD+S-BTC__002DUSD.csv.gz,33756007,2025-10-04T00:09:47.079203
analysis/_graveyard/20251004_140207/flatfiles_ticks/raw/COINBASE/20250902/IDDI-5950967+SC-COINBASE_SPOT_BTC_USDT+S-BTC__002DUSDT.csv.gz,artifacts/analysis/_graveyard/20251004_140207/flatfiles_ticks/raw/COINBASE/20250902/IDDI-5950967+SC-COINBASE_SPOT_BTC_USDT+S-BTC__002DUSDT.csv.gz,1425498,2025-10-04T00:09:20.912962
analysis/_graveyard/20251004_140207/flatfiles_ticks/raw/COINBASE/20250903/IDDI-5950967+SC-COINBASE_SPOT_BTC_USDT+S-BTC__002DUSDT.csv.gz,artifacts/analysis/_graveyard/20251004_140207/flatfiles_ticks/raw/COINBASE/20250903/IDDI-5950967+SC-COINBASE_SPOT_BTC_USDT+S-BTC__002DUSDT.csv.gz,851664,2025-10-04T00:09:32.270540
analysis/_graveyard/20251004_140207/flatfiles_ticks/raw/COINBASE/20250903/IDDI-27576+SC-COINBASE_SPOT_BTC_USD+S-BTC__002DUSD.csv.gz,artifacts/analysis/_graveyard/20251004_140207/flatfiles_ticks/raw/COINBASE/20250903/IDDI-27576+SC-COINBASE_SPOT_BTC_USD+S-BTC__002DUSD.csv.gz,29854875,2025-10-04T00:09:29.890907
analysis/_graveyard/20251004_140207/flatfiles_ticks/raw/COINBASE/20250904/IDDI-5950967+SC-COINBASE_SPOT_BTC_USDT+S-BTC__002DUSDT.csv.gz,artifacts/analysis/_graveyard/20251004_140207/flatfiles_ticks/raw/COINBASE/20250904/IDDI-5950967+SC-COINBASE_SPOT_BTC_USDT+S-BTC__002DUSDT.csv.gz,950111,2025-10-04T00:09:41.413908
analysis/_graveyard/20251004_140207/flatfiles_ticks/raw/COINBASE/20250904/IDDI-27576+SC-COINBASE_SPOT_BTC_USD+S-BTC__002DUSD.csv.gz,artifacts/analysis/_graveyard/20251004_140207/flatfiles_ticks/raw/COINBASE/20250904/IDDI-27576+SC-COINBASE_SPOT_BTC_USD+S-BTC__002DUSD.csv.gz,30565853,2025-10-04T00:09:39.091085
analysis/_graveyard/20251004_140207/flatfiles_ticks/raw/BYBITSPOT/20250901/IDDI-6072814+SC-BYBITSPOT_SPOT_BTC_USDT+S-BTCUSDT.csv.gz,artifacts/analysis/_graveyard/20251004_140207/flatfiles_ticks/raw/BYBITSPOT/20250901/IDDI-6072814+SC-BYBITSPOT_SPOT_BTC_USDT+S-BTCUSDT.csv.gz,24252733,2025-10-04T00:10:05.132313
analysis/_graveyard/20251004_140207/flatfiles_ticks/raw/BYBITSPOT/20250901/IDDI-38151876+SC-BYBITSPOT_SPOT_BTC_USDQ+S-BTCUSDQ.csv.gz,artifacts/analysis/_graveyard/20251004_140207/flatfiles_ticks/raw/BYBITSPOT/20250901/IDDI-38151876+SC-BYBITSPOT_SPOT_BTC_USDQ+S-BTCUSDQ.csv.gz,20914,2025-10-04T00:09:55.116466
analysis/_graveyard/20251004_140207/flatfiles_ticks/raw/BYBITSPOT/20250901/IDDI-6072920+SC-BYBITSPOT_SPOT_BTC_USDC+S-BTCUSDC.csv.gz,artifacts/analysis/_graveyard/20251004_140207/flatfiles_ticks/raw/BYBITSPOT/20250901/IDDI-6072920+SC-BYBITSPOT_SPOT_BTC_USDC+S-BTCUSDC.csv.gz,2763385,2025-10-04T00:10:14.970037
analysis/_graveyard/20251004_140207/flatfiles_ticks/raw/BYBITSPOT/20250901/IDDI-37002578+SC-BYBITSPOT_SPOT_BTC_USDE+S-BTCUSDE.csv.gz,artifacts/analysis/_graveyard/20251004_140207/flatfiles_ticks/raw/BYBITSPOT/20250901/IDDI-37002578+SC-BYBITSPOT_SPOT_BTC_USDE+S-BTCUSDE.csv.gz,10634,2025-10-04T00:09:54.039375
analysis/_graveyard/20251004_140207/flatfiles_ticks/raw/BYBITSPOT/20250906/IDDI-6072814+SC-BYBITSPOT_SPOT_BTC_USDT+S-BTCUSDT.csv.gz,artifacts/analysis/_graveyard/20251004_140207/flatfiles_ticks/raw/BYBITSPOT/20250906/IDDI-6072814+SC-BYBITSPOT_SPOT_BTC_USDT+S-BTCUSDT.csv.gz,7146089,2025-10-04T00:10:47.414761
analysis/_graveyard/20251004_140207/flatfiles_ticks/raw/BYBITSPOT/20250906/IDDI-38151876+SC-BYBITSPOT_SPOT_BTC_USDQ+S-BTCUSDQ.csv.gz,artifacts/analysis/_graveyard/20251004_140207/flatfiles_ticks/raw/BYBITSPOT/20250906/IDDI-38151876+SC-BYBITSPOT_SPOT_BTC_USDQ+S-BTCUSDQ.csv.gz,2112,2025-10-04T00:10:36.313552
analysis/_graveyard/20251004_140207/flatfiles_ticks/raw/BYBITSPOT/20250906/IDDI-6072920+SC-BYBITSPOT_SPOT_BTC_USDC+S-BTCUSDC.csv.gz,artifacts/analysis/_graveyard/20251004_140207/flatfiles_ticks/raw/BYBITSPOT/20250906/IDDI-6072920+SC-BYBITSPOT_SPOT_BTC_USDC+S-BTCUSDC.csv.gz,703607,2025-10-04T00:10:49.896893
analysis/_graveyard/20251004_140207/flatfiles_ticks/raw/BYBITSPOT/20250906/IDDI-37002578+SC-BYBITSPOT_SPOT_BTC_USDE+S-BTCUSDE.csv.gz,artifacts/analysis/_graveyard/20251004_140207/flatfiles_ticks/raw/BYBITSPOT/20250906/IDDI-37002578+SC-BYBITSPOT_SPOT_BTC_USDE+S-BTCUSDE.csv.gz,2664,2025-10-04T00:10:35.485335
analysis/_graveyard/20251004_140207/flatfiles_ticks/raw/BYBITSPOT/20250907/IDDI-6072814+SC-BYBITSPOT_SPOT_BTC_USDT+S-BTCUSDT.csv.gz,artifacts/analysis/_graveyard/20251004_140207/flatfiles_ticks/raw/BYBITSPOT/20250907/IDDI-6072814+SC-BYBITSPOT_SPOT_BTC_USDT+S-BTCUSDT.csv.gz,8281826,2025-10-04T00:10:56.013749
analysis/_graveyard/20251004_140207/flatfiles_ticks/raw/BYBITSPOT/20250907/IDDI-38151876+SC-BYBITSPOT_SPOT_BTC_USDQ+S-BTCUSDQ.csv.gz,artifacts/analysis/_graveyard/20251004_140207/flatfiles_ticks/raw/BYBITSPOT/20250907/IDDI-38151876+SC-BYBITSPOT_SPOT_BTC_USDQ+S-BTCUSDQ.csv.gz,4234,2025-10-04T00:10:51.632973
analysis/_graveyard/20251004_140207/flatfiles_ticks/raw/BYBITSPOT/20250907/IDDI-6072920+SC-BYBITSPOT_SPOT_BTC_USDC+S-BTCUSDC.csv.gz,artifacts/analysis/_graveyard/20251004_140207/flatfiles_ticks/raw/BYBITSPOT/20250907/IDDI-6072920+SC-BYBITSPOT_SPOT_BTC_USDC+S-BTCUSDC.csv.gz,823604,2025-10-04T00:10:58.294875
analysis/_graveyard/20251004_140207/flatfiles_ticks/raw/BYBITSPOT/20250907/IDDI-37002578+SC-BYBITSPOT_SPOT_BTC_USDE+S-BTCUSDE.csv.gz,artifacts/analysis/_graveyard/20251004_140207/flatfiles_ticks/raw/BYBITSPOT/20250907/IDDI-37002578+SC-BYBITSPOT_SPOT_BTC_USDE+S-BTCUSDE.csv.gz,3054,2025-10-04T00:10:50.561699
analysis/_graveyard/20251004_140207/flatfiles_ticks/raw/BYBITSPOT/20250905/IDDI-6072814+SC-BYBITSPOT_SPOT_BTC_USDT+S-BTCUSDT.csv.gz,artifacts/analysis/_graveyard/20251004_140207/flatfiles_ticks/raw/BYBITSPOT/20250905/IDDI-6072814+SC-BYBITSPOT_SPOT_BTC_USDT+S-BTCUSDT.csv.gz,26037133,2025-10-04T00:10:46.798496
analysis/_graveyard/20251004_140207/flatfiles_ticks/raw/BYBITSPOT/20250905/IDDI-38151876+SC-BYBITSPOT_SPOT_BTC_USDQ+S-BTCUSDQ.csv.gz,artifacts/analysis/_graveyard/20251004_140207/flatfiles_ticks/raw/BYBITSPOT/20250905/IDDI-38151876+SC-BYBITSPOT_SPOT_BTC_USDQ+S-BTCUSDQ.csv.gz,7150,2025-10-04T00:10:35.710643
analysis/_graveyard/20251004_140207/flatfiles_ticks/raw/BYBITSPOT/20250905/IDDI-6072920+SC-BYBITSPOT_SPOT_BTC_USDC+S-BTCUSDC.csv.gz,artifacts/analysis/_graveyard/20251004_140207/flatfiles_ticks/raw/BYBITSPOT/20250905/IDDI-6072920+SC-BYBITSPOT_SPOT_BTC_USDC+S-BTCUSDC.csv.gz,2917706,2025-10-04T00:10:49.710247
analysis/_graveyard/20251004_140207/flatfiles_ticks/raw/BYBITSPOT/20250905/IDDI-37002578+SC-BYBITSPOT_SPOT_BTC_USDE+S-BTCUSDE.csv.gz,artifacts/analysis/_graveyard/20251004_140207/flatfiles_ticks/raw/BYBITSPOT/20250905/IDDI-37002578+SC-BYBITSPOT_SPOT_BTC_USDE+S-BTCUSDE.csv.gz,26567,2025-10-04T00:10:34.781868
analysis/_graveyard/20251004_140207/flatfiles_ticks/raw/BYBITSPOT/20250902/IDDI-6072814+SC-BYBITSPOT_SPOT_BTC_USDT+S-BTCUSDT.csv.gz,artifacts/analysis/_graveyard/20251004_140207/flatfiles_ticks/raw/BYBITSPOT/20250902/IDDI-6072814+SC-BYBITSPOT_SPOT_BTC_USDT+S-BTCUSDT.csv.gz,25145369,2025-10-04T00:10:17.696738
analysis/_graveyard/20251004_140207/flatfiles_ticks/raw/BYBITSPOT/20250902/IDDI-38151876+SC-BYBITSPOT_SPOT_BTC_USDQ+S-BTCUSDQ.csv.gz,artifacts/analysis/_graveyard/20251004_140207/flatfiles_ticks/raw/BYBITSPOT/20250902/IDDI-38151876+SC-BYBITSPOT_SPOT_BTC_USDQ+S-BTCUSDQ.csv.gz,22772,2025-10-04T00:10:02.854783
analysis/_graveyard/20251004_140207/flatfiles_ticks/raw/BYBITSPOT/20250902/IDDI-6072920+SC-BYBITSPOT_SPOT_BTC_USDC+S-BTCUSDC.csv.gz,artifacts/analysis/_graveyard/20251004_140207/flatfiles_ticks/raw/BYBITSPOT/20250902/IDDI-6072920+SC-BYBITSPOT_SPOT_BTC_USDC+S-BTCUSDC.csv.gz,2358490,2025-10-04T00:10:22.017083
analysis/_graveyard/20251004_140207/flatfiles_ticks/raw/BYBITSPOT/20250902/IDDI-37002578+SC-BYBITSPOT_SPOT_BTC_USDE+S-BTCUSDE.csv.gz,artifacts/analysis/_graveyard/20251004_140207/flatfiles_ticks/raw/BYBITSPOT/20250902/IDDI-37002578+SC-BYBITSPOT_SPOT_BTC_USDE+S-BTCUSDE.csv.gz,14262,2025-10-04T00:10:01.598036
analysis/_graveyard/20251004_140207/flatfiles_ticks/raw/BYBITSPOT/20250903/IDDI-6072814+SC-BYBITSPOT_SPOT_BTC_USDT+S-BTCUSDT.csv.gz,artifacts/analysis/_graveyard/20251004_140207/flatfiles_ticks/raw/BYBITSPOT/20250903/IDDI-6072814+SC-BYBITSPOT_SPOT_BTC_USDT+S-BTCUSDT.csv.gz,18478944,2025-10-04T00:10:27.637593
analysis/_graveyard/20251004_140207/flatfiles_ticks/raw/BYBITSPOT/20250903/IDDI-38151876+SC-BYBITSPOT_SPOT_BTC_USDQ+S-BTCUSDQ.csv.gz,artifacts/analysis/_graveyard/20251004_140207/flatfiles_ticks/raw/BYBITSPOT/20250903/IDDI-38151876+SC-BYBITSPOT_SPOT_BTC_USDQ+S-BTCUSDQ.csv.gz,14205,2025-10-04T00:10:17.538469
analysis/_graveyard/20251004_140207/flatfiles_ticks/raw/BYBITSPOT/20250903/IDDI-6072920+SC-BYBITSPOT_SPOT_BTC_USDC+S-BTCUSDC.csv.gz,artifacts/analysis/_graveyard/20251004_140207/flatfiles_ticks/raw/BYBITSPOT/20250903/IDDI-6072920+SC-BYBITSPOT_SPOT_BTC_USDC+S-BTCUSDC.csv.gz,2570745,2025-10-04T00:10:33.435613
analysis/_graveyard/20251004_140207/flatfiles_ticks/raw/BYBITSPOT/20250903/IDDI-37002578+SC-BYBITSPOT_SPOT_BTC_USDE+S-BTCUSDE.csv.gz,artifacts/analysis/_graveyard/20251004_140207/flatfiles_ticks/raw/BYBITSPOT/20250903/IDDI-37002578+SC-BYBITSPOT_SPOT_BTC_USDE+S-BTCUSDE.csv.gz,9635,2025-10-04T00:10:16.060424
analysis/_graveyard/20251004_140207/flatfiles_ticks/raw/BYBITSPOT/20250904/IDDI-6072814+SC-BYBITSPOT_SPOT_BTC_USDT+S-BTCUSDT.csv.gz,artifacts/analysis/_graveyard/20251004_140207/flatfiles_ticks/raw/BYBITSPOT/20250904/IDDI-6072814+SC-BYBITSPOT_SPOT_BTC_USDT+S-BTCUSDT.csv.gz,17694354,2025-10-04T00:10:32.091737
analysis/_graveyard/20251004_140207/flatfiles_ticks/raw/BYBITSPOT/20250904/IDDI-38151876+SC-BYBITSPOT_SPOT_BTC_USDQ+S-BTCUSDQ.csv.gz,artifacts/analysis/_graveyard/20251004_140207/flatfiles_ticks/raw/BYBITSPOT/20250904/IDDI-38151876+SC-BYBITSPOT_SPOT_BTC_USDQ+S-BTCUSDQ.csv.gz,13605,2025-10-04T00:10:23.871345
analysis/_graveyard/20251004_140207/flatfiles_ticks/raw/BYBITSPOT/20250904/IDDI-6072920+SC-BYBITSPOT_SPOT_BTC_USDC+S-BTCUSDC.csv.gz,artifacts/analysis/_graveyard/20251004_140207/flatfiles_ticks/raw/BYBITSPOT/20250904/IDDI-6072920+SC-BYBITSPOT_SPOT_BTC_USDC+S-BTCUSDC.csv.gz,1819987,2025-10-04T00:10:34.598452
analysis/_graveyard/20251004_140207/flatfiles_ticks/raw/BYBITSPOT/20250904/IDDI-37002578+SC-BYBITSPOT_SPOT_BTC_USDE+S-BTCUSDE.csv.gz,artifacts/analysis/_graveyard/20251004_140207/flatfiles_ticks/raw/BYBITSPOT/20250904/IDDI-37002578+SC-BYBITSPOT_SPOT_BTC_USDE+S-BTCUSDE.csv.gz,10632,2025-10-04T00:10:22.994131
analysis/_graveyard/20251004_140207/flatfiles_ticks/raw/BITGET/20250901/IDDI-6891536+SC-BITGET_SPOT_BTC_USDT+S-BTCUSDT.csv.gz,artifacts/analysis/_graveyard/20251004_140207/flatfiles_ticks/raw/BITGET/20250901/IDDI-6891536+SC-BITGET_SPOT_BTC_USDT+S-BTCUSDT.csv.gz,13151610,2025-10-04T00:11:01.847443
analysis/_graveyard/20251004_140207/flatfiles_ticks/raw/BITGET/20250901/IDDI-39261889+SC-BITGET_SPOT_BTC_USD1+S-BTCUSD1.csv.gz,artifacts/analysis/_graveyard/20251004_140207/flatfiles_ticks/raw/BITGET/20250901/IDDI-39261889+SC-BITGET_SPOT_BTC_USD1+S-BTCUSD1.csv.gz,155535,2025-10-04T00:10:54.068333
analysis/_graveyard/20251004_140207/flatfiles_ticks/raw/BITGET/20250901/IDDI-6891530+SC-BITGET_SPOT_BTC_USDC+S-BTCUSDC.csv.gz,artifacts/analysis/_graveyard/20251004_140207/flatfiles_ticks/raw/BITGET/20250901/IDDI-6891530+SC-BITGET_SPOT_BTC_USDC+S-BTCUSDC.csv.gz,1555768,2025-10-04T00:10:56.431923
analysis/_graveyard/20251004_140207/flatfiles_ticks/raw/BITGET/20250901/IDDI-37544374+SC-BITGET_SPOT_BTC_USDE+S-BTCUSDE.csv.gz,artifacts/analysis/_graveyard/20251004_140207/flatfiles_ticks/raw/BITGET/20250901/IDDI-37544374+SC-BITGET_SPOT_BTC_USDE+S-BTCUSDE.csv.gz,222982,2025-10-04T00:10:51.830220
analysis/_graveyard/20251004_140207/flatfiles_ticks/raw/BITGET/20250906/IDDI-6891536+SC-BITGET_SPOT_BTC_USDT+S-BTCUSDT.csv.gz,artifacts/analysis/_graveyard/20251004_140207/flatfiles_ticks/raw/BITGET/20250906/IDDI-6891536+SC-BITGET_SPOT_BTC_USDT+S-BTCUSDT.csv.gz,4625901,2025-10-04T00:11:35.136071
analysis/_graveyard/20251004_140207/flatfiles_ticks/raw/BITGET/20250906/IDDI-39261889+SC-BITGET_SPOT_BTC_USD1+S-BTCUSD1.csv.gz,artifacts/analysis/_graveyard/20251004_140207/flatfiles_ticks/raw/BITGET/20250906/IDDI-39261889+SC-BITGET_SPOT_BTC_USD1+S-BTCUSD1.csv.gz,144242,2025-10-04T00:11:30.039887
analysis/_graveyard/20251004_140207/flatfiles_ticks/raw/BITGET/20250906/IDDI-6891530+SC-BITGET_SPOT_BTC_USDC+S-BTCUSDC.csv.gz,artifacts/analysis/_graveyard/20251004_140207/flatfiles_ticks/raw/BITGET/20250906/IDDI-6891530+SC-BITGET_SPOT_BTC_USDC+S-BTCUSDC.csv.gz,140681,2025-10-04T00:11:31.658450
analysis/_graveyard/20251004_140207/flatfiles_ticks/raw/BITGET/20250906/IDDI-37544374+SC-BITGET_SPOT_BTC_USDE+S-BTCUSDE.csv.gz,artifacts/analysis/_graveyard/20251004_140207/flatfiles_ticks/raw/BITGET/20250906/IDDI-37544374+SC-BITGET_SPOT_BTC_USDE+S-BTCUSDE.csv.gz,222372,2025-10-04T00:11:28.201444
analysis/_graveyard/20251004_140207/flatfiles_ticks/raw/BITGET/20250907/IDDI-6891536+SC-BITGET_SPOT_BTC_USDT+S-BTCUSDT.csv.gz,artifacts/analysis/_graveyard/20251004_140207/flatfiles_ticks/raw/BITGET/20250907/IDDI-6891536+SC-BITGET_SPOT_BTC_USDT+S-BTCUSDT.csv.gz,4661605,2025-10-04T00:11:40.603701
analysis/_graveyard/20251004_140207/flatfiles_ticks/raw/BITGET/20250907/IDDI-39261889+SC-BITGET_SPOT_BTC_USD1+S-BTCUSD1.csv.gz,artifacts/analysis/_graveyard/20251004_140207/flatfiles_ticks/raw/BITGET/20250907/IDDI-39261889+SC-BITGET_SPOT_BTC_USD1+S-BTCUSD1.csv.gz,144062,2025-10-04T00:11:34.701918
analysis/_graveyard/20251004_140207/flatfiles_ticks/raw/BITGET/20250907/IDDI-6891530+SC-BITGET_SPOT_BTC_USDC+S-BTCUSDC.csv.gz,artifacts/analysis/_graveyard/20251004_140207/flatfiles_ticks/raw/BITGET/20250907/IDDI-6891530+SC-BITGET_SPOT_BTC_USDC+S-BTCUSDC.csv.gz,231002,2025-10-04T00:11:36.577027
analysis/_graveyard/20251004_140207/flatfiles_ticks/raw/BITGET/20250907/IDDI-37544374+SC-BITGET_SPOT_BTC_USDE+S-BTCUSDE.csv.gz,artifacts/analysis/_graveyard/20251004_140207/flatfiles_ticks/raw/BITGET/20250907/IDDI-37544374+SC-BITGET_SPOT_BTC_USDE+S-BTCUSDE.csv.gz,223355,2025-10-04T00:11:32.944102
analysis/_graveyard/20251004_140207/flatfiles_ticks/raw/BITGET/20250905/IDDI-6891536+SC-BITGET_SPOT_BTC_USDT+S-BTCUSDT.csv.gz,artifacts/analysis/_graveyard/20251004_140207/flatfiles_ticks/raw/BITGET/20250905/IDDI-6891536+SC-BITGET_SPOT_BTC_USDT+S-BTCUSDT.csv.gz,10679384,2025-10-04T00:11:31.111886
analysis/_graveyard/20251004_140207/flatfiles_ticks/raw/BITGET/20250905/IDDI-39261889+SC-BITGET_SPOT_BTC_USD1+S-BTCUSD1.csv.gz,artifacts/analysis/_graveyard/20251004_140207/flatfiles_ticks/raw/BITGET/20250905/IDDI-39261889+SC-BITGET_SPOT_BTC_USD1+S-BTCUSD1.csv.gz,157628,2025-10-04T00:11:22.491745
analysis/_graveyard/20251004_140207/flatfiles_ticks/raw/BITGET/20250905/IDDI-6891530+SC-BITGET_SPOT_BTC_USDC+S-BTCUSDC.csv.gz,artifacts/analysis/_graveyard/20251004_140207/flatfiles_ticks/raw/BITGET/20250905/IDDI-6891530+SC-BITGET_SPOT_BTC_USDC+S-BTCUSDC.csv.gz,975677,2025-10-04T00:11:24.832190
analysis/_graveyard/20251004_140207/flatfiles_ticks/raw/BITGET/20250905/IDDI-37544374+SC-BITGET_SPOT_BTC_USDE+S-BTCUSDE.csv.gz,artifacts/analysis/_graveyard/20251004_140207/flatfiles_ticks/raw/BITGET/20250905/IDDI-37544374+SC-BITGET_SPOT_BTC_USDE+S-BTCUSDE.csv.gz,225171,2025-10-04T00:11:19.918569
analysis/_graveyard/20251004_140207/flatfiles_ticks/raw/BITGET/20250902/IDDI-6891536+SC-BITGET_SPOT_BTC_USDT+S-BTCUSDT.csv.gz,artifacts/analysis/_graveyard/20251004_140207/flatfiles_ticks/raw/BITGET/20250902/IDDI-6891536+SC-BITGET_SPOT_BTC_USDT+S-BTCUSDT.csv.gz,18133935,2025-10-04T00:11:12.843395
analysis/_graveyard/20251004_140207/flatfiles_ticks/raw/BITGET/20250902/IDDI-39261889+SC-BITGET_SPOT_BTC_USD1+S-BTCUSD1.csv.gz,artifacts/analysis/_graveyard/20251004_140207/flatfiles_ticks/raw/BITGET/20250902/IDDI-39261889+SC-BITGET_SPOT_BTC_USD1+S-BTCUSD1.csv.gz,144892,2025-10-04T00:11:01.749765
analysis/_graveyard/20251004_140207/flatfiles_ticks/raw/BITGET/20250902/IDDI-6891530+SC-BITGET_SPOT_BTC_USDC+S-BTCUSDC.csv.gz,artifacts/analysis/_graveyard/20251004_140207/flatfiles_ticks/raw/BITGET/20250902/IDDI-6891530+SC-BITGET_SPOT_BTC_USDC+S-BTCUSDC.csv.gz,1232546,2025-10-04T00:11:04.112569
analysis/_graveyard/20251004_140207/flatfiles_ticks/raw/BITGET/20250902/IDDI-37544374+SC-BITGET_SPOT_BTC_USDE+S-BTCUSDE.csv.gz,artifacts/analysis/_graveyard/20251004_140207/flatfiles_ticks/raw/BITGET/20250902/IDDI-37544374+SC-BITGET_SPOT_BTC_USDE+S-BTCUSDE.csv.gz,222388,2025-10-04T00:11:00.156351
analysis/_graveyard/20251004_140207/flatfiles_ticks/raw/BITGET/20250903/IDDI-6891536+SC-BITGET_SPOT_BTC_USDT+S-BTCUSDT.csv.gz,artifacts/analysis/_graveyard/20251004_140207/flatfiles_ticks/raw/BITGET/20250903/IDDI-6891536+SC-BITGET_SPOT_BTC_USDT+S-BTCUSDT.csv.gz,10329636,2025-10-04T00:11:18.000572
analysis/_graveyard/20251004_140207/flatfiles_ticks/raw/BITGET/20250903/IDDI-39261889+SC-BITGET_SPOT_BTC_USD1+S-BTCUSD1.csv.gz,artifacts/analysis/_graveyard/20251004_140207/flatfiles_ticks/raw/BITGET/20250903/IDDI-39261889+SC-BITGET_SPOT_BTC_USD1+S-BTCUSD1.csv.gz,144375,2025-10-04T00:11:05.764729
analysis/_graveyard/20251004_140207/flatfiles_ticks/raw/BITGET/20250903/IDDI-6891530+SC-BITGET_SPOT_BTC_USDC+S-BTCUSDC.csv.gz,artifacts/analysis/_graveyard/20251004_140207/flatfiles_ticks/raw/BITGET/20250903/IDDI-6891530+SC-BITGET_SPOT_BTC_USDC+S-BTCUSDC.csv.gz,479134,2025-10-04T00:11:10.408175
analysis/_graveyard/20251004_140207/flatfiles_ticks/raw/BITGET/20250903/IDDI-37544374+SC-BITGET_SPOT_BTC_USDE+S-BTCUSDE.csv.gz,artifacts/analysis/_graveyard/20251004_140207/flatfiles_ticks/raw/BITGET/20250903/IDDI-37544374+SC-BITGET_SPOT_BTC_USDE+S-BTCUSDE.csv.gz,220645,2025-10-04T00:11:04.072843
analysis/_graveyard/20251004_140207/flatfiles_ticks/raw/BITGET/20250904/IDDI-6891536+SC-BITGET_SPOT_BTC_USDT+S-BTCUSDT.csv.gz,artifacts/analysis/_graveyard/20251004_140207/flatfiles_ticks/raw/BITGET/20250904/IDDI-6891536+SC-BITGET_SPOT_BTC_USDT+S-BTCUSDT.csv.gz,9066790,2025-10-04T00:11:25.127203
analysis/_graveyard/20251004_140207/flatfiles_ticks/raw/BITGET/20250904/IDDI-39261889+SC-BITGET_SPOT_BTC_USD1+S-BTCUSD1.csv.gz,artifacts/analysis/_graveyard/20251004_140207/flatfiles_ticks/raw/BITGET/20250904/IDDI-39261889+SC-BITGET_SPOT_BTC_USD1+S-BTCUSD1.csv.gz,144446,2025-10-04T00:11:16.190028
analysis/_graveyard/20251004_140207/flatfiles_ticks/raw/BITGET/20250904/IDDI-6891530+SC-BITGET_SPOT_BTC_USDC+S-BTCUSDC.csv.gz,artifacts/analysis/_graveyard/20251004_140207/flatfiles_ticks/raw/BITGET/20250904/IDDI-6891530+SC-BITGET_SPOT_BTC_USDC+S-BTCUSDC.csv.gz,526365,2025-10-04T00:11:18.290138
analysis/_graveyard/20251004_140207/flatfiles_ticks/raw/BITGET/20250904/IDDI-37544374+SC-BITGET_SPOT_BTC_USDE+S-BTCUSDE.csv.gz,artifacts/analysis/_graveyard/20251004_140207/flatfiles_ticks/raw/BITGET/20250904/IDDI-37544374+SC-BITGET_SPOT_BTC_USDE+S-BTCUSDE.csv.gz,221144,2025-10-04T00:11:14.636713
analysis/icp_vmm_wave7_v4/design/design_matrix_v1.parquet,artifacts/analysis/icp_vmm_wave7_v4/design/design_matrix_v1.parquet,412625977,2025-10-04T22:20:04.569344
analysis/flatfiles_5m/panel/candles_5m_v1.parquet,artifacts/analysis/flatfiles_5m/panel/candles_5m_v1.parquet,302573,2025-10-04T00:29:03.160469
analysis/icp_vmm_wave7/derived_data_v1.parquet,artifacts/analysis/icp_vmm_wave7/derived_data_v1.parquet,22234433,2025-10-04T00:56:10.099517
analysis/icp_vmm_wave7/design/design_matrix_v1.parquet,artifacts/analysis/icp_vmm_wave7/design/design_matrix_v1.parquet,22325729,2025-10-04T00:59:02.430052
analysis/flatfiles_1s_v4/quarantine/week_20250919/dt=2025-09-23/venue=BYBITSPOT/part-0.parquet,artifacts/analysis/flatfiles_1s_v4/quarantine/week_20250919/dt=2025-09-23/venue=BYBITSPOT/part-0.parquet,909251,2025-10-04T21:18:11.112602
analysis/flatfiles_1s_v4/quarantine/week_20250919/dt=2025-09-23/venue=BITGET/part-0.parquet,artifacts/analysis/flatfiles_1s_v4/quarantine/week_20250919/dt=2025-09-23/venue=BITGET/part-0.parquet,1221514,2025-10-04T21:18:11.664457
analysis/flatfiles_1s_v4/quarantine/week_20250919/dt=2025-09-24/venue=BYBITSPOT/part-0.parquet,artifacts/analysis/flatfiles_1s_v4/quarantine/week_20250919/dt=2025-09-24/venue=BYBITSPOT/part-0.parquet,708825,2025-10-04T21:18:12.200760
analysis/flatfiles_1s_v4/quarantine/week_20250919/dt=2025-09-24/venue=BITGET/part-0.parquet,artifacts/analysis/flatfiles_1s_v4/quarantine/week_20250919/dt=2025-09-24/venue=BITGET/part-0.parquet,587628,2025-10-04T21:18:12.651792
analysis/flatfiles_1s_v4/quarantine/week_20250919/dt=2025-09-25/venue=BITGET/part-0.parquet,artifacts/analysis/flatfiles_1s_v4/quarantine/week_20250919/dt=2025-09-25/venue=BITGET/part-0.parquet,773841,2025-10-04T21:18:13.080142
analysis/flatfiles_1s_v4/quarantine/week_20250919/dt=2025-09-22/venue=BITGET/part-0.parquet,artifacts/analysis/flatfiles_1s_v4/quarantine/week_20250919/dt=2025-09-22/venue=BITGET/part-0.parquet,1034276,2025-10-04T21:18:10.499693
analysis/flatfiles_1s_v4/quarantine/week_20250919/dt=2025-09-20/venue=COINBASE/part-0.parquet,artifacts/analysis/flatfiles_1s_v4/quarantine/week_20250919/dt=2025-09-20/venue=COINBASE/part-0.parquet,1000924,2025-10-04T21:18:07.979755
analysis/flatfiles_1s_v4/quarantine/week_20250919/dt=2025-09-20/venue=BYBITSPOT/part-0.parquet,artifacts/analysis/flatfiles_1s_v4/quarantine/week_20250919/dt=2025-09-20/venue=BYBITSPOT/part-0.parquet,397347,2025-10-04T21:18:08.348020
analysis/flatfiles_1s_v4/quarantine/week_20250919/dt=2025-09-20/venue=BITGET/part-0.parquet,artifacts/analysis/flatfiles_1s_v4/quarantine/week_20250919/dt=2025-09-20/venue=BITGET/part-0.parquet,565030,2025-10-04T21:18:08.666683
analysis/flatfiles_1s_v4/quarantine/week_20250919/dt=2025-09-21/venue=COINBASE/part-0.parquet,artifacts/analysis/flatfiles_1s_v4/quarantine/week_20250919/dt=2025-09-21/venue=COINBASE/part-0.parquet,989488,2025-10-04T21:18:09.182320
analysis/flatfiles_1s_v4/quarantine/week_20250919/dt=2025-09-21/venue=BYBITSPOT/part-0.parquet,artifacts/analysis/flatfiles_1s_v4/quarantine/week_20250919/dt=2025-09-21/venue=BYBITSPOT/part-0.parquet,646898,2025-10-04T21:18:09.625009
analysis/flatfiles_1s_v4/quarantine/week_20250919/dt=2025-09-21/venue=BITGET/part-0.parquet,artifacts/analysis/flatfiles_1s_v4/quarantine/week_20250919/dt=2025-09-21/venue=BITGET/part-0.parquet,595363,2025-10-04T21:18:09.980546
analysis/flatfiles_1s_v4/quarantine/week_20250919/dt=2025-09-19/venue=COINBASE/part-0.parquet,artifacts/analysis/flatfiles_1s_v4/quarantine/week_20250919/dt=2025-09-19/venue=COINBASE/part-0.parquet,1141957,2025-10-04T21:18:06.579600
analysis/flatfiles_1s_v4/quarantine/week_20250919/dt=2025-09-19/venue=BYBITSPOT/part-0.parquet,artifacts/analysis/flatfiles_1s_v4/quarantine/week_20250919/dt=2025-09-19/venue=BYBITSPOT/part-0.parquet,608917,2025-10-04T21:18:07.074343
analysis/flatfiles_1s_v4/quarantine/week_20250919/dt=2025-09-19/venue=BITGET/part-0.parquet,artifacts/analysis/flatfiles_1s_v4/quarantine/week_20250919/dt=2025-09-19/venue=BITGET/part-0.parquet,727779,2025-10-04T21:18:07.452800
analysis/flatfiles_1s_v4/quarantine/week_20250919/dt=2025-09-19/venue=BINANCE/part-0.parquet,artifacts/analysis/flatfiles_1s_v4/quarantine/week_20250919/dt=2025-09-19/venue=BINANCE/part-0.parquet,1608740,2025-10-04T21:18:05.709316
analysis/flatfiles_1s_v4/panel/candles_1s_panel_v4_rev1.parquet,artifacts/analysis/flatfiles_1s_v4/panel/candles_1s_panel_v4_rev1.parquet,340827302,2025-10-04T18:57:59.367475
analysis/flatfiles_1s_v4/panel/candles_1s_panel_v4.parquet,artifacts/analysis/flatfiles_1s_v4/panel/candles_1s_panel_v4.parquet,346028602,2025-10-04T17:23:38.462427
analysis/flatfiles_1s_v4/panel/candles_1s_panel_v4_baseline.parquet,artifacts/analysis/flatfiles_1s_v4/panel/candles_1s_panel_v4_baseline.parquet,282194923,2025-10-04T21:25:10.514202
analysis/flatfiles_1s_v4/repaired/dt=2025-09-09/venue=COINBASE/part-0.parquet,artifacts/analysis/flatfiles_1s_v4/repaired/dt=2025-09-09/venue=COINBASE/part-0.parquet,1961319,2025-10-04T23:45:25.519657
analysis/flatfiles_1s_v4/repaired/dt=2025-09-09/venue=BYBITSPOT/part-0.parquet,artifacts/analysis/flatfiles_1s_v4/repaired/dt=2025-09-09/venue=BYBITSPOT/part-0.parquet,1217684,2025-10-04T23:45:26.628172
analysis/flatfiles_1s_v4/repaired/dt=2025-09-09/venue=BITGET/part-0.parquet,artifacts/analysis/flatfiles_1s_v4/repaired/dt=2025-09-09/venue=BITGET/part-0.parquet,1162048,2025-10-04T23:45:27.658384
analysis/flatfiles_1s_v4/repaired/dt=2025-09-09/venue=BINANCE/part-0.parquet,artifacts/analysis/flatfiles_1s_v4/repaired/dt=2025-09-09/venue=BINANCE/part-0.parquet,2541461,2025-10-04T23:45:22.388234
analysis/flatfiles_1s_v4/repaired/dt=2025-09-07/venue=COINBASE/part-0.parquet,artifacts/analysis/flatfiles_1s_v4/repaired/dt=2025-09-07/venue=COINBASE/part-0.parquet,1498270,2025-10-04T23:45:25.464828
analysis/flatfiles_1s_v4/repaired/dt=2025-09-07/venue=BYBITSPOT/part-0.parquet,artifacts/analysis/flatfiles_1s_v4/repaired/dt=2025-09-07/venue=BYBITSPOT/part-0.parquet,691017,2025-10-04T23:45:26.592862
analysis/flatfiles_1s_v4/repaired/dt=2025-09-07/venue=BITGET/part-0.parquet,artifacts/analysis/flatfiles_1s_v4/repaired/dt=2025-09-07/venue=BITGET/part-0.parquet,797379,2025-10-04T23:45:27.621430
analysis/flatfiles_1s_v4/repaired/dt=2025-09-07/venue=BINANCE/part-0.parquet,artifacts/analysis/flatfiles_1s_v4/repaired/dt=2025-09-07/venue=BINANCE/part-0.parquet,2075452,2025-10-04T23:45:22.299420
analysis/flatfiles_1s_v4/repaired/dt=2025-09-06/venue=COINBASE/part-0.parquet,artifacts/analysis/flatfiles_1s_v4/repaired/dt=2025-09-06/venue=COINBASE/part-0.parquet,1617474,2025-10-04T23:45:25.443003
analysis/flatfiles_1s_v4/repaired/dt=2025-09-06/venue=BYBITSPOT/part-0.parquet,artifacts/analysis/flatfiles_1s_v4/repaired/dt=2025-09-06/venue=BYBITSPOT/part-0.parquet,727817,2025-10-04T23:45:26.578699
analysis/flatfiles_1s_v4/repaired/dt=2025-09-06/venue=BITGET/part-0.parquet,artifacts/analysis/flatfiles_1s_v4/repaired/dt=2025-09-06/venue=BITGET/part-0.parquet,763025,2025-10-04T23:45:27.607763
analysis/flatfiles_1s_v4/repaired/dt=2025-09-06/venue=BINANCE/part-0.parquet,artifacts/analysis/flatfiles_1s_v4/repaired/dt=2025-09-06/venue=BINANCE/part-0.parquet,1963752,2025-10-04T23:45:22.259658
analysis/flatfiles_1s_v4/repaired/dt=2025-09-01/venue=COINBASE/part-0.parquet,artifacts/analysis/flatfiles_1s_v4/repaired/dt=2025-09-01/venue=COINBASE/part-0.parquet,2415772,2025-10-04T23:45:25.296023
analysis/flatfiles_1s_v4/repaired/dt=2025-09-01/venue=BYBITSPOT/part-0.parquet,artifacts/analysis/flatfiles_1s_v4/repaired/dt=2025-09-01/venue=BYBITSPOT/part-0.parquet,1352575,2025-10-04T23:45:26.495534
analysis/flatfiles_1s_v4/repaired/dt=2025-09-01/venue=BITGET/part-0.parquet,artifacts/analysis/flatfiles_1s_v4/repaired/dt=2025-09-01/venue=BITGET/part-0.parquet,1605807,2025-10-04T23:45:27.499480
analysis/flatfiles_1s_v4/repaired/dt=2025-09-01/venue=BINANCE/part-0.parquet,artifacts/analysis/flatfiles_1s_v4/repaired/dt=2025-09-01/venue=BINANCE/part-0.parquet,1857689,2025-10-04T23:45:22.048775
analysis/flatfiles_1s_v4/repaired/dt=2025-09-08/venue=COINBASE/part-0.parquet,artifacts/analysis/flatfiles_1s_v4/repaired/dt=2025-09-08/venue=COINBASE/part-0.parquet,1992924,2025-10-04T23:45:25.491445
analysis/flatfiles_1s_v4/repaired/dt=2025-09-08/venue=BYBITSPOT/part-0.parquet,artifacts/analysis/flatfiles_1s_v4/repaired/dt=2025-09-08/venue=BYBITSPOT/part-0.parquet,1117738,2025-10-04T23:45:26.610750
analysis/flatfiles_1s_v4/repaired/dt=2025-09-08/venue=BITGET/part-0.parquet,artifacts/analysis/flatfiles_1s_v4/repaired/dt=2025-09-08/venue=BITGET/part-0.parquet,1074076,2025-10-04T23:45:27.640527
analysis/flatfiles_1s_v4/repaired/dt=2025-09-08/venue=BINANCE/part-0.parquet,artifacts/analysis/flatfiles_1s_v4/repaired/dt=2025-09-08/venue=BINANCE/part-0.parquet,2483636,2025-10-04T23:45:22.340909
analysis/flatfiles_1s_v4/repaired/dt=2025-08-06/venue=COINBASE/part-0.parquet,artifacts/analysis/flatfiles_1s_v4/repaired/dt=2025-08-06/venue=COINBASE/part-0.parquet,2012790,2025-10-04T23:45:23.061373
analysis/flatfiles_1s_v4/repaired/dt=2025-08-06/venue=BYBITSPOT/part-0.parquet,artifacts/analysis/flatfiles_1s_v4/repaired/dt=2025-08-06/venue=BYBITSPOT/part-0.parquet,1154834,2025-10-04T23:45:25.909243
analysis/flatfiles_1s_v4/repaired/dt=2025-08-06/venue=BITGET/part-0.parquet,artifacts/analysis/flatfiles_1s_v4/repaired/dt=2025-08-06/venue=BITGET/part-0.parquet,1116048,2025-10-04T23:45:26.881839
analysis/flatfiles_1s_v4/repaired/dt=2025-08-06/venue=BINANCE/part-0.parquet,artifacts/analysis/flatfiles_1s_v4/repaired/dt=2025-08-06/venue=BINANCE/part-0.parquet,2509761,2025-10-04T23:45:21.099469
analysis/flatfiles_1s_v4/repaired/dt=2025-08-01/venue=COINBASE/part-0.parquet,artifacts/analysis/flatfiles_1s_v4/repaired/dt=2025-08-01/venue=COINBASE/part-0.parquet,2548522,2025-10-04T23:45:22.913337
analysis/flatfiles_1s_v4/repaired/dt=2025-08-01/venue=BYBITSPOT/part-0.parquet,artifacts/analysis/flatfiles_1s_v4/repaired/dt=2025-08-01/venue=BYBITSPOT/part-0.parquet,1725793,2025-10-04T23:45:25.779387
analysis/flatfiles_1s_v4/repaired/dt=2025-08-01/venue=BITGET/part-0.parquet,artifacts/analysis/flatfiles_1s_v4/repaired/dt=2025-08-01/venue=BITGET/part-0.parquet,1311080,2025-10-04T23:45:26.807810
analysis/flatfiles_1s_v4/repaired/dt=2025-08-01/venue=BINANCE/part-0.parquet,artifacts/analysis/flatfiles_1s_v4/repaired/dt=2025-08-01/venue=BINANCE/part-0.parquet,2028792,2025-10-04T23:45:20.864614
analysis/flatfiles_1s_v4/repaired/dt=2025-08-08/venue=COINBASE/part-0.parquet,artifacts/analysis/flatfiles_1s_v4/repaired/dt=2025-08-08/venue=COINBASE/part-0.parquet,1995044,2025-10-04T23:45:23.653160
analysis/flatfiles_1s_v4/repaired/dt=2025-08-08/venue=BYBITSPOT/part-0.parquet,artifacts/analysis/flatfiles_1s_v4/repaired/dt=2025-08-08/venue=BYBITSPOT/part-0.parquet,1204690,2025-10-04T23:45:25.979138
analysis/flatfiles_1s_v4/repaired/dt=2025-08-08/venue=BITGET/part-0.parquet,artifacts/analysis/flatfiles_1s_v4/repaired/dt=2025-08-08/venue=BITGET/part-0.parquet,1345803,2025-10-04T23:45:26.920016
analysis/flatfiles_1s_v4/repaired/dt=2025-08-08/venue=BINANCE/part-0.parquet,artifacts/analysis/flatfiles_1s_v4/repaired/dt=2025-08-08/venue=BINANCE/part-0.parquet,2363411,2025-10-04T23:45:21.195616
analysis/flatfiles_1s_v4/repaired/dt=2025-08-30/venue=COINBASE/part-0.parquet,artifacts/analysis/flatfiles_1s_v4/repaired/dt=2025-08-30/venue=COINBASE/part-0.parquet,1890435,2025-10-04T23:45:25.204994
analysis/flatfiles_1s_v4/repaired/dt=2025-08-30/venue=BYBITSPOT/part-0.parquet,artifacts/analysis/flatfiles_1s_v4/repaired/dt=2025-08-30/venue=BYBITSPOT/part-0.parquet,950545,2025-10-04T23:45:26.461090
analysis/flatfiles_1s_v4/repaired/dt=2025-08-30/venue=BITGET/part-0.parquet,artifacts/analysis/flatfiles_1s_v4/repaired/dt=2025-08-30/venue=BITGET/part-0.parquet,1054743,2025-10-04T23:45:27.452278
analysis/flatfiles_1s_v4/repaired/dt=2025-08-31/venue=COINBASE/part-0.parquet,artifacts/analysis/flatfiles_1s_v4/repaired/dt=2025-08-31/venue=COINBASE/part-0.parquet,1761755,2025-10-04T23:45:25.245217
analysis/flatfiles_1s_v4/repaired/dt=2025-08-31/venue=BYBITSPOT/part-0.parquet,artifacts/analysis/flatfiles_1s_v4/repaired/dt=2025-08-31/venue=BYBITSPOT/part-0.parquet,914773,2025-10-04T23:45:26.476812
analysis/flatfiles_1s_v4/repaired/dt=2025-08-31/venue=BITGET/part-0.parquet,artifacts/analysis/flatfiles_1s_v4/repaired/dt=2025-08-31/venue=BITGET/part-0.parquet,1054810,2025-10-04T23:45:27.473975
analysis/flatfiles_1s_v4/repaired/dt=2025-08-31/venue=BINANCE/part-0.parquet,artifacts/analysis/flatfiles_1s_v4/repaired/dt=2025-08-31/venue=BINANCE/part-0.parquet,1356958,2025-10-04T23:45:22.005411
analysis/flatfiles_1s_v4/repaired/dt=2025-08-09/venue=COINBASE/part-0.parquet,artifacts/analysis/flatfiles_1s_v4/repaired/dt=2025-08-09/venue=COINBASE/part-0.parquet,1869087,2025-10-04T23:45:23.922801
analysis/flatfiles_1s_v4/repaired/dt=2025-08-09/venue=BYBITSPOT/part-0.parquet,artifacts/analysis/flatfiles_1s_v4/repaired/dt=2025-08-09/venue=BYBITSPOT/part-0.parquet,1075216,2025-10-04T23:45:25.997360
analysis/flatfiles_1s_v4/repaired/dt=2025-08-09/venue=BITGET/part-0.parquet,artifacts/analysis/flatfiles_1s_v4/repaired/dt=2025-08-09/venue=BITGET/part-0.parquet,1224132,2025-10-04T23:45:26.938755
analysis/flatfiles_1s_v4/repaired/dt=2025-08-09/venue=BINANCE/part-0.parquet,artifacts/analysis/flatfiles_1s_v4/repaired/dt=2025-08-09/venue=BINANCE/part-0.parquet,2167472,2025-10-04T23:45:21.244287
analysis/flatfiles_1s_v4/repaired/dt=2025-08-07/venue=COINBASE/part-0.parquet,artifacts/analysis/flatfiles_1s_v4/repaired/dt=2025-08-07/venue=COINBASE/part-0.parquet,2047602,2025-10-04T23:45:23.604405
analysis/flatfiles_1s_v4/repaired/dt=2025-08-07/venue=BYBITSPOT/part-0.parquet,artifacts/analysis/flatfiles_1s_v4/repaired/dt=2025-08-07/venue=BYBITSPOT/part-0.parquet,1255421,2025-10-04T23:45:25.938280
analysis/flatfiles_1s_v4/repaired/dt=2025-08-07/venue=BITGET/part-0.parquet,artifacts/analysis/flatfiles_1s_v4/repaired/dt=2025-08-07/venue=BITGET/part-0.parquet,1300621,2025-10-04T23:45:26.901151
analysis/flatfiles_1s_v4/repaired/dt=2025-08-07/venue=BINANCE/part-0.parquet,artifacts/analysis/flatfiles_1s_v4/repaired/dt=2025-08-07/venue=BINANCE/part-0.parquet,2558057,2025-10-04T23:45:21.140767
analysis/flatfiles_1s_v4/repaired/dt=2025-08-25/venue=COINBASE/part-0.parquet,artifacts/analysis/flatfiles_1s_v4/repaired/dt=2025-08-25/venue=COINBASE/part-0.parquet,2465036,2025-10-04T23:45:24.960087
analysis/flatfiles_1s_v4/repaired/dt=2025-08-25/venue=BYBITSPOT/part-0.parquet,artifacts/analysis/flatfiles_1s_v4/repaired/dt=2025-08-25/venue=BYBITSPOT/part-0.parquet,1620316,2025-10-04T23:45:26.361456
analysis/flatfiles_1s_v4/repaired/dt=2025-08-25/venue=BITGET/part-0.parquet,artifacts/analysis/flatfiles_1s_v4/repaired/dt=2025-08-25/venue=BITGET/part-0.parquet,1714916,2025-10-04T23:45:27.321372
analysis/flatfiles_1s_v4/repaired/dt=2025-08-22/venue=COINBASE/part-0.parquet,artifacts/analysis/flatfiles_1s_v4/repaired/dt=2025-08-22/venue=COINBASE/part-0.parquet,2105863,2025-10-04T23:45:24.809526
analysis/flatfiles_1s_v4/repaired/dt=2025-08-22/venue=BYBITSPOT/part-0.parquet,artifacts/analysis/flatfiles_1s_v4/repaired/dt=2025-08-22/venue=BYBITSPOT/part-0.parquet,1442254,2025-10-04T23:45:26.303099
analysis/flatfiles_1s_v4/repaired/dt=2025-08-22/venue=BITGET/part-0.parquet,artifacts/analysis/flatfiles_1s_v4/repaired/dt=2025-08-22/venue=BITGET/part-0.parquet,1441667,2025-10-04T23:45:27.254992
analysis/flatfiles_1s_v4/repaired/dt=2025-08-22/venue=BINANCE/part-0.parquet,artifacts/analysis/flatfiles_1s_v4/repaired/dt=2025-08-22/venue=BINANCE/part-0.parquet,1780883,2025-10-04T23:45:21.755833
analysis/flatfiles_1s_v4/repaired/dt=2025-08-14/venue=COINBASE/part-0.parquet,artifacts/analysis/flatfiles_1s_v4/repaired/dt=2025-08-14/venue=COINBASE/part-0.parquet,2416377,2025-10-04T23:45:24.297275
analysis/flatfiles_1s_v4/repaired/dt=2025-08-14/venue=BYBITSPOT/part-0.parquet,artifacts/analysis/flatfiles_1s_v4/repaired/dt=2025-08-14/venue=BYBITSPOT/part-0.parquet,1686712,2025-10-04T23:45:26.148740
analysis/flatfiles_1s_v4/repaired/dt=2025-08-14/venue=BITGET/part-0.parquet,artifacts/analysis/flatfiles_1s_v4/repaired/dt=2025-08-14/venue=BITGET/part-0.parquet,1599383,2025-10-04T23:45:27.052829
analysis/flatfiles_1s_v4/repaired/dt=2025-08-14/venue=BINANCE/part-0.parquet,artifacts/analysis/flatfiles_1s_v4/repaired/dt=2025-08-14/venue=BINANCE/part-0.parquet,1954762,2025-10-04T23:45:21.435725
analysis/flatfiles_1s_v4/repaired/dt=2025-08-13/venue=COINBASE/part-0.parquet,artifacts/analysis/flatfiles_1s_v4/repaired/dt=2025-08-13/venue=COINBASE/part-0.parquet,2195936,2025-10-04T23:45:24.244907
analysis/flatfiles_1s_v4/repaired/dt=2025-08-13/venue=BYBITSPOT/part-0.parquet,artifacts/analysis/flatfiles_1s_v4/repaired/dt=2025-08-13/venue=BYBITSPOT/part-0.parquet,1520993,2025-10-04T23:45:26.122023
analysis/flatfiles_1s_v4/repaired/dt=2025-08-13/venue=BITGET/part-0.parquet,artifacts/analysis/flatfiles_1s_v4/repaired/dt=2025-08-13/venue=BITGET/part-0.parquet,1735869,2025-10-04T23:45:27.031374
analysis/flatfiles_1s_v4/repaired/dt=2025-08-12/venue=COINBASE/part-0.parquet,artifacts/analysis/flatfiles_1s_v4/repaired/dt=2025-08-12/venue=COINBASE/part-0.parquet,2030834,2025-10-04T23:45:24.195908
analysis/flatfiles_1s_v4/repaired/dt=2025-08-12/venue=BYBITSPOT/part-0.parquet,artifacts/analysis/flatfiles_1s_v4/repaired/dt=2025-08-12/venue=BYBITSPOT/part-0.parquet,1275989,2025-10-04T23:45:26.081103
analysis/flatfiles_1s_v4/repaired/dt=2025-08-12/venue=BITGET/part-0.parquet,artifacts/analysis/flatfiles_1s_v4/repaired/dt=2025-08-12/venue=BITGET/part-0.parquet,1841671,2025-10-04T23:45:27.008315
analysis/flatfiles_1s_v4/repaired/dt=2025-08-12/venue=BINANCE/part-0.parquet,artifacts/analysis/flatfiles_1s_v4/repaired/dt=2025-08-12/venue=BINANCE/part-0.parquet,2583480,2025-10-04T23:45:21.407847
analysis/flatfiles_1s_v4/repaired/dt=2025-08-15/venue=COINBASE/part-0.parquet,artifacts/analysis/flatfiles_1s_v4/repaired/dt=2025-08-15/venue=COINBASE/part-0.parquet,2203732,2025-10-04T23:45:24.341989
analysis/flatfiles_1s_v4/repaired/dt=2025-08-15/venue=BYBITSPOT/part-0.parquet,artifacts/analysis/flatfiles_1s_v4/repaired/dt=2025-08-15/venue=BYBITSPOT/part-0.parquet,1232843,2025-10-04T23:45:26.170520
analysis/flatfiles_1s_v4/repaired/dt=2025-08-15/venue=BITGET/part-0.parquet,artifacts/analysis/flatfiles_1s_v4/repaired/dt=2025-08-15/venue=BITGET/part-0.parquet,1513094,2025-10-04T23:45:27.074183
analysis/flatfiles_1s_v4/repaired/dt=2025-08-15/venue=BINANCE/part-0.parquet,artifacts/analysis/flatfiles_1s_v4/repaired/dt=2025-08-15/venue=BINANCE/part-0.parquet,1624293,2025-10-04T23:45:21.496734
analysis/flatfiles_1s_v4/repaired/dt=2025-08-23/venue=COINBASE/part-0.parquet,artifacts/analysis/flatfiles_1s_v4/repaired/dt=2025-08-23/venue=COINBASE/part-0.parquet,1831112,2025-10-04T23:45:24.854254
analysis/flatfiles_1s_v4/repaired/dt=2025-08-23/venue=BYBITSPOT/part-0.parquet,artifacts/analysis/flatfiles_1s_v4/repaired/dt=2025-08-23/venue=BYBITSPOT/part-0.parquet,1025177,2025-10-04T23:45:26.320918
analysis/flatfiles_1s_v4/repaired/dt=2025-08-23/venue=BITGET/part-0.parquet,artifacts/analysis/flatfiles_1s_v4/repaired/dt=2025-08-23/venue=BITGET/part-0.parquet,936702,2025-10-04T23:45:27.275934
analysis/flatfiles_1s_v4/repaired/dt=2025-08-23/venue=BINANCE/part-0.parquet,artifacts/analysis/flatfiles_1s_v4/repaired/dt=2025-08-23/venue=BINANCE/part-0.parquet,2334452,2025-10-04T23:45:21.827015
analysis/flatfiles_1s_v4/repaired/dt=2025-08-24/venue=COINBASE/part-0.parquet,artifacts/analysis/flatfiles_1s_v4/repaired/dt=2025-08-24/venue=COINBASE/part-0.parquet,1847335,2025-10-04T23:45:24.900692
analysis/flatfiles_1s_v4/repaired/dt=2025-08-24/venue=BYBITSPOT/part-0.parquet,artifacts/analysis/flatfiles_1s_v4/repaired/dt=2025-08-24/venue=BYBITSPOT/part-0.parquet,1209220,2025-10-04T23:45:26.338557
analysis/flatfiles_1s_v4/repaired/dt=2025-08-24/venue=BITGET/part-0.parquet,artifacts/analysis/flatfiles_1s_v4/repaired/dt=2025-08-24/venue=BITGET/part-0.parquet,1108098,2025-10-04T23:45:27.296351
analysis/flatfiles_1s_v4/repaired/dt=2025-08-24/venue=BINANCE/part-0.parquet,artifacts/analysis/flatfiles_1s_v4/repaired/dt=2025-08-24/venue=BINANCE/part-0.parquet,1664245,2025-10-04T23:45:21.858468
analysis/flatfiles_1s_v4/repaired/dt=2025-09-12/venue=COINBASE/part-0.parquet,artifacts/analysis/flatfiles_1s_v4/repaired/dt=2025-09-12/venue=COINBASE/part-0.parquet,1945904,2025-10-04T23:45:25.600412
analysis/flatfiles_1s_v4/repaired/dt=2025-09-12/venue=BYBITSPOT/part-0.parquet,artifacts/analysis/flatfiles_1s_v4/repaired/dt=2025-09-12/venue=BYBITSPOT/part-0.parquet,1189076,2025-10-04T23:45:26.682436
analysis/flatfiles_1s_v4/repaired/dt=2025-09-12/venue=BITGET/part-0.parquet,artifacts/analysis/flatfiles_1s_v4/repaired/dt=2025-09-12/venue=BITGET/part-0.parquet,1104139,2025-10-04T23:45:27.711350
analysis/flatfiles_1s_v4/repaired/dt=2025-09-12/venue=BINANCE/part-0.parquet,artifacts/analysis/flatfiles_1s_v4/repaired/dt=2025-09-12/venue=BINANCE/part-0.parquet,1534645,2025-10-04T23:45:22.550832
analysis/flatfiles_1s_v4/repaired/dt=2025-09-15/venue=COINBASE/part-0.parquet,artifacts/analysis/flatfiles_1s_v4/repaired/dt=2025-09-15/venue=COINBASE/part-0.parquet,1981333,2025-10-04T23:45:25.667881
analysis/flatfiles_1s_v4/repaired/dt=2025-09-15/venue=BYBITSPOT/part-0.parquet,artifacts/analysis/flatfiles_1s_v4/repaired/dt=2025-09-15/venue=BYBITSPOT/part-0.parquet,1110832,2025-10-04T23:45:26.728637
analysis/flatfiles_1s_v4/repaired/dt=2025-09-15/venue=BITGET/part-0.parquet,artifacts/analysis/flatfiles_1s_v4/repaired/dt=2025-09-15/venue=BITGET/part-0.parquet,1286986,2025-10-04T23:45:27.765369
analysis/flatfiles_1s_v4/repaired/dt=2025-09-15/venue=BINANCE/part-0.parquet,artifacts/analysis/flatfiles_1s_v4/repaired/dt=2025-09-15/venue=BINANCE/part-0.parquet,2650155,2025-10-04T23:45:22.684575
analysis/flatfiles_1s_v4/repaired/dt=2025-09-14/venue=COINBASE/part-0.parquet,artifacts/analysis/flatfiles_1s_v4/repaired/dt=2025-09-14/venue=COINBASE/part-0.parquet,1485347,2025-10-04T23:45:25.643517
analysis/flatfiles_1s_v4/repaired/dt=2025-09-14/venue=BYBITSPOT/part-0.parquet,artifacts/analysis/flatfiles_1s_v4/repaired/dt=2025-09-14/venue=BYBITSPOT/part-0.parquet,857130,2025-10-04T23:45:26.712218
analysis/flatfiles_1s_v4/repaired/dt=2025-09-14/venue=BITGET/part-0.parquet,artifacts/analysis/flatfiles_1s_v4/repaired/dt=2025-09-14/venue=BITGET/part-0.parquet,1030946,2025-10-04T23:45:27.746468
analysis/flatfiles_1s_v4/repaired/dt=2025-09-14/venue=BINANCE/part-0.parquet,artifacts/analysis/flatfiles_1s_v4/repaired/dt=2025-09-14/venue=BINANCE/part-0.parquet,2389028,2025-10-04T23:45:22.613999
analysis/flatfiles_1s_v4/repaired/dt=2025-09-13/venue=COINBASE/part-0.parquet,artifacts/analysis/flatfiles_1s_v4/repaired/dt=2025-09-13/venue=COINBASE/part-0.parquet,1572261,2025-10-04T23:45:25.621555
analysis/flatfiles_1s_v4/repaired/dt=2025-09-13/venue=BYBITSPOT/part-0.parquet,artifacts/analysis/flatfiles_1s_v4/repaired/dt=2025-09-13/venue=BYBITSPOT/part-0.parquet,943252,2025-10-04T23:45:26.696937
analysis/flatfiles_1s_v4/repaired/dt=2025-09-13/venue=BITGET/part-0.parquet,artifacts/analysis/flatfiles_1s_v4/repaired/dt=2025-09-13/venue=BITGET/part-0.parquet,916723,2025-10-04T23:45:27.729229
analysis/flatfiles_1s_v4/repaired/dt=2025-09-04/venue=COINBASE/part-0.parquet,artifacts/analysis/flatfiles_1s_v4/repaired/dt=2025-09-04/venue=COINBASE/part-0.parquet,2087310,2025-10-04T23:45:25.385853
analysis/flatfiles_1s_v4/repaired/dt=2025-09-04/venue=BYBITSPOT/part-0.parquet,artifacts/analysis/flatfiles_1s_v4/repaired/dt=2025-09-04/venue=BYBITSPOT/part-0.parquet,1123714,2025-10-04T23:45:26.548164
analysis/flatfiles_1s_v4/repaired/dt=2025-09-04/venue=BITGET/part-0.parquet,artifacts/analysis/flatfiles_1s_v4/repaired/dt=2025-09-04/venue=BITGET/part-0.parquet,1051888,2025-10-04T23:45:27.572614
analysis/flatfiles_1s_v4/repaired/dt=2025-09-04/venue=BINANCE/part-0.parquet,artifacts/analysis/flatfiles_1s_v4/repaired/dt=2025-09-04/venue=BINANCE/part-0.parquet,2620717,2025-10-04T23:45:22.174664
analysis/flatfiles_1s_v4/repaired/dt=2025-09-03/venue=COINBASE/part-0.parquet,artifacts/analysis/flatfiles_1s_v4/repaired/dt=2025-09-03/venue=COINBASE/part-0.parquet,2024259,2025-10-04T23:45:25.355909
analysis/flatfiles_1s_v4/repaired/dt=2025-09-03/venue=BYBITSPOT/part-0.parquet,artifacts/analysis/flatfiles_1s_v4/repaired/dt=2025-09-03/venue=BYBITSPOT/part-0.parquet,1140561,2025-10-04T23:45:26.531344
analysis/flatfiles_1s_v4/repaired/dt=2025-09-03/venue=BITGET/part-0.parquet,artifacts/analysis/flatfiles_1s_v4/repaired/dt=2025-09-03/venue=BITGET/part-0.parquet,1211932,2025-10-04T23:45:27.553152
analysis/flatfiles_1s_v4/repaired/dt=2025-09-03/venue=BINANCE/part-0.parquet,artifacts/analysis/flatfiles_1s_v4/repaired/dt=2025-09-03/venue=BINANCE/part-0.parquet,2511939,2025-10-04T23:45:22.124882
analysis/flatfiles_1s_v4/repaired/dt=2025-09-02/venue=COINBASE/part-0.parquet,artifacts/analysis/flatfiles_1s_v4/repaired/dt=2025-09-02/venue=COINBASE/part-0.parquet,2167236,2025-10-04T23:45:25.326890
analysis/flatfiles_1s_v4/repaired/dt=2025-09-02/venue=BYBITSPOT/part-0.parquet,artifacts/analysis/flatfiles_1s_v4/repaired/dt=2025-09-02/venue=BYBITSPOT/part-0.parquet,1349176,2025-10-04T23:45:26.514102
analysis/flatfiles_1s_v4/repaired/dt=2025-09-02/venue=BITGET/part-0.parquet,artifacts/analysis/flatfiles_1s_v4/repaired/dt=2025-09-02/venue=BITGET/part-0.parquet,1740249,2025-10-04T23:45:27.526236
analysis/flatfiles_1s_v4/repaired/dt=2025-09-02/venue=BINANCE/part-0.parquet,artifacts/analysis/flatfiles_1s_v4/repaired/dt=2025-09-02/venue=BINANCE/part-0.parquet,1801169,2025-10-04T23:45:22.080381
analysis/flatfiles_1s_v4/repaired/dt=2025-09-05/venue=COINBASE/part-0.parquet,artifacts/analysis/flatfiles_1s_v4/repaired/dt=2025-09-05/venue=COINBASE/part-0.parquet,2141710,2025-10-04T23:45:25.419277
analysis/flatfiles_1s_v4/repaired/dt=2025-09-05/venue=BYBITSPOT/part-0.parquet,artifacts/analysis/flatfiles_1s_v4/repaired/dt=2025-09-05/venue=BYBITSPOT/part-0.parquet,1256764,2025-10-04T23:45:26.565742
analysis/flatfiles_1s_v4/repaired/dt=2025-09-05/venue=BITGET/part-0.parquet,artifacts/analysis/flatfiles_1s_v4/repaired/dt=2025-09-05/venue=BITGET/part-0.parquet,1176603,2025-10-04T23:45:27.593795
analysis/flatfiles_1s_v4/repaired/dt=2025-09-05/venue=BINANCE/part-0.parquet,artifacts/analysis/flatfiles_1s_v4/repaired/dt=2025-09-05/venue=BINANCE/part-0.parquet,1997728,2025-10-04T23:45:22.221260
analysis/flatfiles_1s_v4/repaired/dt=2025-08-02/venue=COINBASE/part-0.parquet,artifacts/analysis/flatfiles_1s_v4/repaired/dt=2025-08-02/venue=COINBASE/part-0.parquet,1977589,2025-10-04T23:45:22.942828
analysis/flatfiles_1s_v4/repaired/dt=2025-08-02/venue=BYBITSPOT/part-0.parquet,artifacts/analysis/flatfiles_1s_v4/repaired/dt=2025-08-02/venue=BYBITSPOT/part-0.parquet,1159552,2025-10-04T23:45:25.801539
analysis/flatfiles_1s_v4/repaired/dt=2025-08-02/venue=BITGET/part-0.parquet,artifacts/analysis/flatfiles_1s_v4/repaired/dt=2025-08-02/venue=BITGET/part-0.parquet,822295,2025-10-04T23:45:26.824084
analysis/flatfiles_1s_v4/repaired/dt=2025-08-02/venue=BINANCE/part-0.parquet,artifacts/analysis/flatfiles_1s_v4/repaired/dt=2025-08-02/venue=BINANCE/part-0.parquet,2455986,2025-10-04T23:45:20.904950
analysis/flatfiles_1s_v4/repaired/dt=2025-08-05/venue=COINBASE/part-0.parquet,artifacts/analysis/flatfiles_1s_v4/repaired/dt=2025-08-05/venue=COINBASE/part-0.parquet,2050786,2025-10-04T23:45:23.021748
analysis/flatfiles_1s_v4/repaired/dt=2025-08-05/venue=BYBITSPOT/part-0.parquet,artifacts/analysis/flatfiles_1s_v4/repaired/dt=2025-08-05/venue=BYBITSPOT/part-0.parquet,1279686,2025-10-04T23:45:25.877132
analysis/flatfiles_1s_v4/repaired/dt=2025-08-05/venue=BITGET/part-0.parquet,artifacts/analysis/flatfiles_1s_v4/repaired/dt=2025-08-05/venue=BITGET/part-0.parquet,973500,2025-10-04T23:45:26.864818
analysis/flatfiles_1s_v4/repaired/dt=2025-08-05/venue=BINANCE/part-0.parquet,artifacts/analysis/flatfiles_1s_v4/repaired/dt=2025-08-05/venue=BINANCE/part-0.parquet,2583804,2025-10-04T23:45:21.051491
analysis/flatfiles_1s_v4/repaired/dt=2025-08-04/venue=COINBASE/part-0.parquet,artifacts/analysis/flatfiles_1s_v4/repaired/dt=2025-08-04/venue=COINBASE/part-0.parquet,1952033,2025-10-04T23:45:22.993568
analysis/flatfiles_1s_v4/repaired/dt=2025-08-04/venue=BYBITSPOT/part-0.parquet,artifacts/analysis/flatfiles_1s_v4/repaired/dt=2025-08-04/venue=BYBITSPOT/part-0.parquet,1213754,2025-10-04T23:45:25.848004
analysis/flatfiles_1s_v4/repaired/dt=2025-08-04/venue=BITGET/part-0.parquet,artifacts/analysis/flatfiles_1s_v4/repaired/dt=2025-08-04/venue=BITGET/part-0.parquet,810148,2025-10-04T23:45:26.849153
analysis/flatfiles_1s_v4/repaired/dt=2025-08-04/venue=BINANCE/part-0.parquet,artifacts/analysis/flatfiles_1s_v4/repaired/dt=2025-08-04/venue=BINANCE/part-0.parquet,2498068,2025-10-04T23:45:20.994001
analysis/flatfiles_1s_v4/repaired/dt=2025-08-03/venue=COINBASE/part-0.parquet,artifacts/analysis/flatfiles_1s_v4/repaired/dt=2025-08-03/venue=COINBASE/part-0.parquet,1811098,2025-10-04T23:45:22.968300
analysis/flatfiles_1s_v4/repaired/dt=2025-08-03/venue=BYBITSPOT/part-0.parquet,artifacts/analysis/flatfiles_1s_v4/repaired/dt=2025-08-03/venue=BYBITSPOT/part-0.parquet,1048725,2025-10-04T23:45:25.822030
analysis/flatfiles_1s_v4/repaired/dt=2025-08-03/venue=BITGET/part-0.parquet,artifacts/analysis/flatfiles_1s_v4/repaired/dt=2025-08-03/venue=BITGET/part-0.parquet,597146,2025-10-04T23:45:26.835575
analysis/flatfiles_1s_v4/repaired/dt=2025-08-03/venue=BINANCE/part-0.parquet,artifacts/analysis/flatfiles_1s_v4/repaired/dt=2025-08-03/venue=BINANCE/part-0.parquet,2207955,2025-10-04T23:45:20.948215
analysis/flatfiles_1s_v4/repaired/dt=2025-08-21/venue=COINBASE/part-0.parquet,artifacts/analysis/flatfiles_1s_v4/repaired/dt=2025-08-21/venue=COINBASE/part-0.parquet,2036572,2025-10-04T23:45:24.722467
analysis/flatfiles_1s_v4/repaired/dt=2025-08-21/venue=BYBITSPOT/part-0.parquet,artifacts/analysis/flatfiles_1s_v4/repaired/dt=2025-08-21/venue=BYBITSPOT/part-0.parquet,1247839,2025-10-04T23:45:26.284438
analysis/flatfiles_1s_v4/repaired/dt=2025-08-21/venue=BITGET/part-0.parquet,artifacts/analysis/flatfiles_1s_v4/repaired/dt=2025-08-21/venue=BITGET/part-0.parquet,1257288,2025-10-04T23:45:27.230706
analysis/flatfiles_1s_v4/repaired/dt=2025-08-21/venue=BINANCE/part-0.parquet,artifacts/analysis/flatfiles_1s_v4/repaired/dt=2025-08-21/venue=BINANCE/part-0.parquet,1597050,2025-10-04T23:45:21.688239
analysis/flatfiles_1s_v4/repaired/dt=2025-08-26/venue=COINBASE/part-0.parquet,artifacts/analysis/flatfiles_1s_v4/repaired/dt=2025-08-26/venue=COINBASE/part-0.parquet,2294557,2025-10-04T23:45:25.009614
analysis/flatfiles_1s_v4/repaired/dt=2025-08-26/venue=BYBITSPOT/part-0.parquet,artifacts/analysis/flatfiles_1s_v4/repaired/dt=2025-08-26/venue=BYBITSPOT/part-0.parquet,1402117,2025-10-04T23:45:26.382472
analysis/flatfiles_1s_v4/repaired/dt=2025-08-26/venue=BITGET/part-0.parquet,artifacts/analysis/flatfiles_1s_v4/repaired/dt=2025-08-26/venue=BITGET/part-0.parquet,1629693,2025-10-04T23:45:27.349475
analysis/flatfiles_1s_v4/repaired/dt=2025-08-19/venue=COINBASE/part-0.parquet,artifacts/analysis/flatfiles_1s_v4/repaired/dt=2025-08-19/venue=COINBASE/part-0.parquet,2253441,2025-10-04T23:45:24.490535
analysis/flatfiles_1s_v4/repaired/dt=2025-08-19/venue=BYBITSPOT/part-0.parquet,artifacts/analysis/flatfiles_1s_v4/repaired/dt=2025-08-19/venue=BYBITSPOT/part-0.parquet,1410184,2025-10-04T23:45:26.248619
analysis/flatfiles_1s_v4/repaired/dt=2025-08-19/venue=BITGET/part-0.parquet,artifacts/analysis/flatfiles_1s_v4/repaired/dt=2025-08-19/venue=BITGET/part-0.parquet,1876739,2025-10-04T23:45:27.182842
analysis/flatfiles_1s_v4/repaired/dt=2025-08-19/venue=BINANCE/part-0.parquet,artifacts/analysis/flatfiles_1s_v4/repaired/dt=2025-08-19/venue=BINANCE/part-0.parquet,1783961,2025-10-04T23:45:21.613655
analysis/flatfiles_1s_v4/repaired/dt=2025-08-10/venue=COINBASE/part-0.parquet,artifacts/analysis/flatfiles_1s_v4/repaired/dt=2025-08-10/venue=COINBASE/part-0.parquet,1867072,2025-10-04T23:45:24.067192
analysis/flatfiles_1s_v4/repaired/dt=2025-08-10/venue=BYBITSPOT/part-0.parquet,artifacts/analysis/flatfiles_1s_v4/repaired/dt=2025-08-10/venue=BYBITSPOT/part-0.parquet,1250962,2025-10-04T23:45:26.030220
analysis/flatfiles_1s_v4/repaired/dt=2025-08-10/venue=BITGET/part-0.parquet,artifacts/analysis/flatfiles_1s_v4/repaired/dt=2025-08-10/venue=BITGET/part-0.parquet,1362350,2025-10-04T23:45:26.960421
analysis/flatfiles_1s_v4/repaired/dt=2025-08-10/venue=BINANCE/part-0.parquet,artifacts/analysis/flatfiles_1s_v4/repaired/dt=2025-08-10/venue=BINANCE/part-0.parquet,2497015,2025-10-04T23:45:21.280682
analysis/flatfiles_1s_v4/repaired/dt=2025-08-17/venue=COINBASE/part-0.parquet,artifacts/analysis/flatfiles_1s_v4/repaired/dt=2025-08-17/venue=COINBASE/part-0.parquet,1678800,2025-10-04T23:45:24.406805
analysis/flatfiles_1s_v4/repaired/dt=2025-08-17/venue=BYBITSPOT/part-0.parquet,artifacts/analysis/flatfiles_1s_v4/repaired/dt=2025-08-17/venue=BYBITSPOT/part-0.parquet,877199,2025-10-04T23:45:26.208424
analysis/flatfiles_1s_v4/repaired/dt=2025-08-17/venue=BITGET/part-0.parquet,artifacts/analysis/flatfiles_1s_v4/repaired/dt=2025-08-17/venue=BITGET/part-0.parquet,1202894,2025-10-04T23:45:27.114305
analysis/flatfiles_1s_v4/repaired/dt=2025-08-17/venue=BINANCE/part-0.parquet,artifacts/analysis/flatfiles_1s_v4/repaired/dt=2025-08-17/venue=BINANCE/part-0.parquet,2230312,2025-10-04T23:45:21.580380
analysis/flatfiles_1s_v4/repaired/dt=2025-08-28/venue=COINBASE/part-0.parquet,artifacts/analysis/flatfiles_1s_v4/repaired/dt=2025-08-28/venue=COINBASE/part-0.parquet,2040955,2025-10-04T23:45:25.101956
analysis/flatfiles_1s_v4/repaired/dt=2025-08-28/venue=BYBITSPOT/part-0.parquet,artifacts/analysis/flatfiles_1s_v4/repaired/dt=2025-08-28/venue=BYBITSPOT/part-0.parquet,1194655,2025-10-04T23:45:26.418515
analysis/flatfiles_1s_v4/repaired/dt=2025-08-28/venue=BITGET/part-0.parquet,artifacts/analysis/flatfiles_1s_v4/repaired/dt=2025-08-28/venue=BITGET/part-0.parquet,1293191,2025-10-04T23:45:27.400057
analysis/flatfiles_1s_v4/repaired/dt=2025-08-28/venue=BINANCE/part-0.parquet,artifacts/analysis/flatfiles_1s_v4/repaired/dt=2025-08-28/venue=BINANCE/part-0.parquet,1596162,2025-10-04T23:45:21.934121
analysis/flatfiles_1s_v4/repaired/dt=2025-08-16/venue=COINBASE/part-0.parquet,artifacts/analysis/flatfiles_1s_v4/repaired/dt=2025-08-16/venue=COINBASE/part-0.parquet,1621091,2025-10-04T23:45:24.377481
analysis/flatfiles_1s_v4/repaired/dt=2025-08-16/venue=BYBITSPOT/part-0.parquet,artifacts/analysis/flatfiles_1s_v4/repaired/dt=2025-08-16/venue=BYBITSPOT/part-0.parquet,809203,2025-10-04T23:45:26.191059
analysis/flatfiles_1s_v4/repaired/dt=2025-08-16/venue=BITGET/part-0.parquet,artifacts/analysis/flatfiles_1s_v4/repaired/dt=2025-08-16/venue=BITGET/part-0.parquet,1286030,2025-10-04T23:45:27.095811
analysis/flatfiles_1s_v4/repaired/dt=2025-08-16/venue=BINANCE/part-0.parquet,artifacts/analysis/flatfiles_1s_v4/repaired/dt=2025-08-16/venue=BINANCE/part-0.parquet,2081830,2025-10-04T23:45:21.541586
analysis/flatfiles_1s_v4/repaired/dt=2025-08-29/venue=COINBASE/part-0.parquet,artifacts/analysis/flatfiles_1s_v4/repaired/dt=2025-08-29/venue=COINBASE/part-0.parquet,2381805,2025-10-04T23:45:25.161849
analysis/flatfiles_1s_v4/repaired/dt=2025-08-29/venue=BYBITSPOT/part-0.parquet,artifacts/analysis/flatfiles_1s_v4/repaired/dt=2025-08-29/venue=BYBITSPOT/part-0.parquet,1468522,2025-10-04T23:45:26.443622
analysis/flatfiles_1s_v4/repaired/dt=2025-08-29/venue=BITGET/part-0.parquet,artifacts/analysis/flatfiles_1s_v4/repaired/dt=2025-08-29/venue=BITGET/part-0.parquet,1550853,2025-10-04T23:45:27.430312
analysis/flatfiles_1s_v4/repaired/dt=2025-08-29/venue=BINANCE/part-0.parquet,artifacts/analysis/flatfiles_1s_v4/repaired/dt=2025-08-29/venue=BINANCE/part-0.parquet,1892080,2025-10-04T23:45:21.975765
analysis/flatfiles_1s_v4/repaired/dt=2025-08-11/venue=COINBASE/part-0.parquet,artifacts/analysis/flatfiles_1s_v4/repaired/dt=2025-08-11/venue=COINBASE/part-0.parquet,2259244,2025-10-04T23:45:24.144324
analysis/flatfiles_1s_v4/repaired/dt=2025-08-11/venue=BYBITSPOT/part-0.parquet,artifacts/analysis/flatfiles_1s_v4/repaired/dt=2025-08-11/venue=BYBITSPOT/part-0.parquet,1665278,2025-10-04T23:45:26.057314
analysis/flatfiles_1s_v4/repaired/dt=2025-08-11/venue=BITGET/part-0.parquet,artifacts/analysis/flatfiles_1s_v4/repaired/dt=2025-08-11/venue=BITGET/part-0.parquet,1686633,2025-10-04T23:45:26.983291
analysis/flatfiles_1s_v4/repaired/dt=2025-08-11/venue=BINANCE/part-0.parquet,artifacts/analysis/flatfiles_1s_v4/repaired/dt=2025-08-11/venue=BINANCE/part-0.parquet,2780304,2025-10-04T23:45:21.337101
analysis/flatfiles_1s_v4/repaired/dt=2025-08-27/venue=COINBASE/part-0.parquet,artifacts/analysis/flatfiles_1s_v4/repaired/dt=2025-08-27/venue=COINBASE/part-0.parquet,2099726,2025-10-04T23:45:25.062027
analysis/flatfiles_1s_v4/repaired/dt=2025-08-27/venue=BYBITSPOT/part-0.parquet,artifacts/analysis/flatfiles_1s_v4/repaired/dt=2025-08-27/venue=BYBITSPOT/part-0.parquet,1263757,2025-10-04T23:45:26.401495
analysis/flatfiles_1s_v4/repaired/dt=2025-08-27/venue=BITGET/part-0.parquet,artifacts/analysis/flatfiles_1s_v4/repaired/dt=2025-08-27/venue=BITGET/part-0.parquet,1476026,2025-10-04T23:45:27.372918
analysis/flatfiles_1s_v4/repaired/dt=2025-08-27/venue=BINANCE/part-0.parquet,artifacts/analysis/flatfiles_1s_v4/repaired/dt=2025-08-27/venue=BINANCE/part-0.parquet,1759336,2025-10-04T23:45:21.901216
analysis/flatfiles_1s_v4/repaired/dt=2025-08-18/venue=COINBASE/part-0.parquet,artifacts/analysis/flatfiles_1s_v4/repaired/dt=2025-08-18/venue=COINBASE/part-0.parquet,2158668,2025-10-04T23:45:24.446087
analysis/flatfiles_1s_v4/repaired/dt=2025-08-18/venue=BYBITSPOT/part-0.parquet,artifacts/analysis/flatfiles_1s_v4/repaired/dt=2025-08-18/venue=BYBITSPOT/part-0.parquet,1280270,2025-10-04T23:45:26.227725
analysis/flatfiles_1s_v4/repaired/dt=2025-08-18/venue=BITGET/part-0.parquet,artifacts/analysis/flatfiles_1s_v4/repaired/dt=2025-08-18/venue=BITGET/part-0.parquet,1619679,2025-10-04T23:45:27.145142
analysis/flatfiles_1s_v4/repaired/dt=2025-08-20/venue=COINBASE/part-0.parquet,artifacts/analysis/flatfiles_1s_v4/repaired/dt=2025-08-20/venue=COINBASE/part-0.parquet,2137277,2025-10-04T23:45:24.531509
analysis/flatfiles_1s_v4/repaired/dt=2025-08-20/venue=BYBITSPOT/part-0.parquet,artifacts/analysis/flatfiles_1s_v4/repaired/dt=2025-08-20/venue=BYBITSPOT/part-0.parquet,1235160,2025-10-04T23:45:26.266427
analysis/flatfiles_1s_v4/repaired/dt=2025-08-20/venue=BITGET/part-0.parquet,artifacts/analysis/flatfiles_1s_v4/repaired/dt=2025-08-20/venue=BITGET/part-0.parquet,1490711,2025-10-04T23:45:27.207548
analysis/flatfiles_1s_v4/repaired/dt=2025-08-20/venue=BINANCE/part-0.parquet,artifacts/analysis/flatfiles_1s_v4/repaired/dt=2025-08-20/venue=BINANCE/part-0.parquet,1672122,2025-10-04T23:45:21.659139
analysis/flatfiles_1s_v4/repaired/dt=2025-09-16/venue=COINBASE/part-0.parquet,artifacts/analysis/flatfiles_1s_v4/repaired/dt=2025-09-16/venue=COINBASE/part-0.parquet,1864122,2025-10-04T23:45:25.693966
analysis/flatfiles_1s_v4/repaired/dt=2025-09-16/venue=BYBITSPOT/part-0.parquet,artifacts/analysis/flatfiles_1s_v4/repaired/dt=2025-09-16/venue=BYBITSPOT/part-0.parquet,1036779,2025-10-04T23:45:26.745292
analysis/flatfiles_1s_v4/repaired/dt=2025-09-16/venue=BITGET/part-0.parquet,artifacts/analysis/flatfiles_1s_v4/repaired/dt=2025-09-16/venue=BITGET/part-0.parquet,1082144,2025-10-04T23:45:27.781992
analysis/flatfiles_1s_v4/repaired/dt=2025-09-16/venue=BINANCE/part-0.parquet,artifacts/analysis/flatfiles_1s_v4/repaired/dt=2025-09-16/venue=BINANCE/part-0.parquet,2584448,2025-10-04T23:45:22.737030
analysis/flatfiles_1s_v4/repaired/dt=2025-09-11/venue=COINBASE/part-0.parquet,artifacts/analysis/flatfiles_1s_v4/repaired/dt=2025-09-11/venue=COINBASE/part-0.parquet,1903615,2025-10-04T23:45:25.573938
analysis/flatfiles_1s_v4/repaired/dt=2025-09-11/venue=BYBITSPOT/part-0.parquet,artifacts/analysis/flatfiles_1s_v4/repaired/dt=2025-09-11/venue=BYBITSPOT/part-0.parquet,1126169,2025-10-04T23:45:26.665016
analysis/flatfiles_1s_v4/repaired/dt=2025-09-11/venue=BITGET/part-0.parquet,artifacts/analysis/flatfiles_1s_v4/repaired/dt=2025-09-11/venue=BITGET/part-0.parquet,1214515,2025-10-04T23:45:27.693467
analysis/flatfiles_1s_v4/repaired/dt=2025-09-11/venue=BINANCE/part-0.parquet,artifacts/analysis/flatfiles_1s_v4/repaired/dt=2025-09-11/venue=BINANCE/part-0.parquet,2428463,2025-10-04T23:45:22.507731
analysis/flatfiles_1s_v4/repaired/dt=2025-09-18/venue=COINBASE/part-0.parquet,artifacts/analysis/flatfiles_1s_v4/repaired/dt=2025-09-18/venue=COINBASE/part-0.parquet,1845484,2025-10-04T23:45:25.753119
analysis/flatfiles_1s_v4/repaired/dt=2025-09-18/venue=BYBITSPOT/part-0.parquet,artifacts/analysis/flatfiles_1s_v4/repaired/dt=2025-09-18/venue=BYBITSPOT/part-0.parquet,1081123,2025-10-04T23:45:26.783284
analysis/flatfiles_1s_v4/repaired/dt=2025-09-18/venue=BITGET/part-0.parquet,artifacts/analysis/flatfiles_1s_v4/repaired/dt=2025-09-18/venue=BITGET/part-0.parquet,1338618,2025-10-04T23:45:27.816429
analysis/flatfiles_1s_v4/repaired/dt=2025-09-18/venue=BINANCE/part-0.parquet,artifacts/analysis/flatfiles_1s_v4/repaired/dt=2025-09-18/venue=BINANCE/part-0.parquet,2583157,2025-10-04T23:45:22.854348
analysis/flatfiles_1s_v4/repaired/dt=2025-09-10/venue=COINBASE/part-0.parquet,artifacts/analysis/flatfiles_1s_v4/repaired/dt=2025-09-10/venue=COINBASE/part-0.parquet,1928835,2025-10-04T23:45:25.548081
analysis/flatfiles_1s_v4/repaired/dt=2025-09-10/venue=BYBITSPOT/part-0.parquet,artifacts/analysis/flatfiles_1s_v4/repaired/dt=2025-09-10/venue=BYBITSPOT/part-0.parquet,1313314,2025-10-04T23:45:26.648262
analysis/flatfiles_1s_v4/repaired/dt=2025-09-10/venue=BITGET/part-0.parquet,artifacts/analysis/flatfiles_1s_v4/repaired/dt=2025-09-10/venue=BITGET/part-0.parquet,1033435,2025-10-04T23:45:27.675020
analysis/flatfiles_1s_v4/repaired/dt=2025-09-10/venue=BINANCE/part-0.parquet,artifacts/analysis/flatfiles_1s_v4/repaired/dt=2025-09-10/venue=BINANCE/part-0.parquet,2565049,2025-10-04T23:45:22.450696
analysis/flatfiles_1s_v4/repaired/dt=2025-09-17/venue=COINBASE/part-0.parquet,artifacts/analysis/flatfiles_1s_v4/repaired/dt=2025-09-17/venue=COINBASE/part-0.parquet,1862069,2025-10-04T23:45:25.726309
analysis/flatfiles_1s_v4/repaired/dt=2025-09-17/venue=BYBITSPOT/part-0.parquet,artifacts/analysis/flatfiles_1s_v4/repaired/dt=2025-09-17/venue=BYBITSPOT/part-0.parquet,1135779,2025-10-04T23:45:26.763545
analysis/flatfiles_1s_v4/repaired/dt=2025-09-17/venue=BITGET/part-0.parquet,artifacts/analysis/flatfiles_1s_v4/repaired/dt=2025-09-17/venue=BITGET/part-0.parquet,932046,2025-10-04T23:45:27.796607
analysis/flatfiles_1s_v4/repaired/dt=2025-09-17/venue=BINANCE/part-0.parquet,artifacts/analysis/flatfiles_1s_v4/repaired/dt=2025-09-17/venue=BINANCE/part-0.parquet,2641134,2025-10-04T23:45:22.797267
analysis/flatfiles_1s_v4/partitioned/dt=2025-09-09/venue=COINBASE/part-0.parquet,artifacts/analysis/flatfiles_1s_v4/partitioned/dt=2025-09-09/venue=COINBASE/part-0.parquet,1253691,2025-10-04T21:01:17.743331
analysis/flatfiles_1s_v4/partitioned/dt=2025-09-09/venue=BYBITSPOT/part-0.parquet,artifacts/analysis/flatfiles_1s_v4/partitioned/dt=2025-09-09/venue=BYBITSPOT/part-0.parquet,785947,2025-10-04T21:01:18.315393
analysis/flatfiles_1s_v4/partitioned/dt=2025-09-09/venue=BITGET/part-0.parquet,artifacts/analysis/flatfiles_1s_v4/partitioned/dt=2025-09-09/venue=BITGET/part-0.parquet,714036,2025-10-04T21:01:18.751786
analysis/flatfiles_1s_v4/partitioned/dt=2025-09-09/venue=BINANCE/part-0.parquet,artifacts/analysis/flatfiles_1s_v4/partitioned/dt=2025-09-09/venue=BINANCE/part-0.parquet,1593669,2025-10-04T21:01:17.032046
analysis/flatfiles_1s_v4/partitioned/dt=2025-09-07/venue=COINBASE/part-0.parquet,artifacts/analysis/flatfiles_1s_v4/partitioned/dt=2025-09-07/venue=COINBASE/part-0.parquet,983924,2025-10-04T21:01:11.954081
analysis/flatfiles_1s_v4/partitioned/dt=2025-09-07/venue=BYBITSPOT/part-0.parquet,artifacts/analysis/flatfiles_1s_v4/partitioned/dt=2025-09-07/venue=BYBITSPOT/part-0.parquet,518396,2025-10-04T21:01:12.341803
analysis/flatfiles_1s_v4/partitioned/dt=2025-09-07/venue=BITGET/part-0.parquet,artifacts/analysis/flatfiles_1s_v4/partitioned/dt=2025-09-07/venue=BITGET/part-0.parquet,558590,2025-10-04T21:01:12.644949
analysis/flatfiles_1s_v4/partitioned/dt=2025-09-07/venue=BINANCE/part-0.parquet,artifacts/analysis/flatfiles_1s_v4/partitioned/dt=2025-09-07/venue=BINANCE/part-0.parquet,1382615,2025-10-04T21:01:11.386372
analysis/flatfiles_1s_v4/partitioned/dt=2025-09-06/venue=COINBASE/part-0.parquet,artifacts/analysis/flatfiles_1s_v4/partitioned/dt=2025-09-06/venue=COINBASE/part-0.parquet,1006217,2025-10-04T21:01:09.802129
analysis/flatfiles_1s_v4/partitioned/dt=2025-09-06/venue=BYBITSPOT/part-0.parquet,artifacts/analysis/flatfiles_1s_v4/partitioned/dt=2025-09-06/venue=BYBITSPOT/part-0.parquet,533388,2025-10-04T21:01:10.207929
analysis/flatfiles_1s_v4/partitioned/dt=2025-09-06/venue=BITGET/part-0.parquet,artifacts/analysis/flatfiles_1s_v4/partitioned/dt=2025-09-06/venue=BITGET/part-0.parquet,532555,2025-10-04T21:01:10.501509
analysis/flatfiles_1s_v4/partitioned/dt=2025-09-06/venue=BINANCE/part-0.parquet,artifacts/analysis/flatfiles_1s_v4/partitioned/dt=2025-09-06/venue=BINANCE/part-0.parquet,1341775,2025-10-04T21:01:09.238580
analysis/flatfiles_1s_v4/partitioned/dt=2025-09-01/venue=COINBASE/part-0.parquet,artifacts/analysis/flatfiles_1s_v4/partitioned/dt=2025-09-01/venue=COINBASE/part-0.parquet,1558327,2025-10-04T20:55:08.113170
analysis/flatfiles_1s_v4/partitioned/dt=2025-09-01/venue=BYBITSPOT/part-0.parquet,artifacts/analysis/flatfiles_1s_v4/partitioned/dt=2025-09-01/venue=BYBITSPOT/part-0.parquet,879727,2025-10-04T20:55:09.024739
analysis/flatfiles_1s_v4/partitioned/dt=2025-09-01/venue=BITGET/part-0.parquet,artifacts/analysis/flatfiles_1s_v4/partitioned/dt=2025-09-01/venue=BITGET/part-0.parquet,965920,2025-10-04T20:55:09.714658
analysis/flatfiles_1s_v4/partitioned/dt=2025-09-01/venue=BINANCE/part-0.parquet,artifacts/analysis/flatfiles_1s_v4/partitioned/dt=2025-09-01/venue=BINANCE/part-0.parquet,1126122,2025-10-04T20:55:07.293200
analysis/flatfiles_1s_v4/partitioned/dt=2025-09-08/venue=COINBASE/part-0.parquet,artifacts/analysis/flatfiles_1s_v4/partitioned/dt=2025-09-08/venue=COINBASE/part-0.parquet,1258554,2025-10-04T21:01:14.632212
analysis/flatfiles_1s_v4/partitioned/dt=2025-09-08/venue=BYBITSPOT/part-0.parquet,artifacts/analysis/flatfiles_1s_v4/partitioned/dt=2025-09-08/venue=BYBITSPOT/part-0.parquet,720158,2025-10-04T21:01:15.217025
analysis/flatfiles_1s_v4/partitioned/dt=2025-09-08/venue=BITGET/part-0.parquet,artifacts/analysis/flatfiles_1s_v4/partitioned/dt=2025-09-08/venue=BITGET/part-0.parquet,652878,2025-10-04T21:01:15.633333
analysis/flatfiles_1s_v4/partitioned/dt=2025-09-08/venue=BINANCE/part-0.parquet,artifacts/analysis/flatfiles_1s_v4/partitioned/dt=2025-09-08/venue=BINANCE/part-0.parquet,1575179,2025-10-04T21:01:13.910148
analysis/flatfiles_1s_v4/partitioned/dt=2025-08-06/venue=COINBASE/part-0.parquet,artifacts/analysis/flatfiles_1s_v4/partitioned/dt=2025-08-06/venue=COINBASE/part-0.parquet,1295323,2025-10-04T20:25:04.038648
analysis/flatfiles_1s_v4/partitioned/dt=2025-08-06/venue=BYBITSPOT/part-0.parquet,artifacts/analysis/flatfiles_1s_v4/partitioned/dt=2025-08-06/venue=BYBITSPOT/part-0.parquet,750452,2025-10-04T20:25:04.689426
analysis/flatfiles_1s_v4/partitioned/dt=2025-08-06/venue=BITGET/part-0.parquet,artifacts/analysis/flatfiles_1s_v4/partitioned/dt=2025-08-06/venue=BITGET/part-0.parquet,687800,2025-10-04T20:25:05.142935
analysis/flatfiles_1s_v4/partitioned/dt=2025-08-06/venue=BINANCE/part-0.parquet,artifacts/analysis/flatfiles_1s_v4/partitioned/dt=2025-08-06/venue=BINANCE/part-0.parquet,1611482,2025-10-04T20:25:03.282230
analysis/flatfiles_1s_v4/partitioned/dt=2025-08-01/venue=COINBASE/part-0.parquet,artifacts/analysis/flatfiles_1s_v4/partitioned/dt=2025-08-01/venue=COINBASE/part-0.parquet,1652546,2025-10-04T20:24:45.730310
analysis/flatfiles_1s_v4/partitioned/dt=2025-08-01/venue=BYBITSPOT/part-0.parquet,artifacts/analysis/flatfiles_1s_v4/partitioned/dt=2025-08-01/venue=BYBITSPOT/part-0.parquet,1138653,2025-10-04T20:24:46.507812
analysis/flatfiles_1s_v4/partitioned/dt=2025-08-01/venue=BITGET/part-0.parquet,artifacts/analysis/flatfiles_1s_v4/partitioned/dt=2025-08-01/venue=BITGET/part-0.parquet,831625,2025-10-04T20:24:47.012550
analysis/flatfiles_1s_v4/partitioned/dt=2025-08-01/venue=BINANCE/part-0.parquet,artifacts/analysis/flatfiles_1s_v4/partitioned/dt=2025-08-01/venue=BINANCE/part-0.parquet,1242375,2025-10-04T20:24:44.479947
analysis/flatfiles_1s_v4/partitioned/dt=2025-08-08/venue=COINBASE/part-0.parquet,artifacts/analysis/flatfiles_1s_v4/partitioned/dt=2025-08-08/venue=COINBASE/part-0.parquet,1297505,2025-10-04T20:41:02.105626
analysis/flatfiles_1s_v4/partitioned/dt=2025-08-08/venue=BYBITSPOT/part-0.parquet,artifacts/analysis/flatfiles_1s_v4/partitioned/dt=2025-08-08/venue=BYBITSPOT/part-0.parquet,910134,2025-10-04T20:41:02.651503
analysis/flatfiles_1s_v4/partitioned/dt=2025-08-08/venue=BITGET/part-0.parquet,artifacts/analysis/flatfiles_1s_v4/partitioned/dt=2025-08-08/venue=BITGET/part-0.parquet,976260,2025-10-04T20:41:03.060772
analysis/flatfiles_1s_v4/partitioned/dt=2025-08-08/venue=BINANCE/part-0.parquet,artifacts/analysis/flatfiles_1s_v4/partitioned/dt=2025-08-08/venue=BINANCE/part-0.parquet,1572267,2025-10-04T20:41:01.367990
analysis/flatfiles_1s_v4/partitioned/dt=2025-08-30/venue=COINBASE/part-0.parquet,artifacts/analysis/flatfiles_1s_v4/partitioned/dt=2025-08-30/venue=COINBASE/part-0.parquet,1194780,2025-10-04T20:55:02.698517
analysis/flatfiles_1s_v4/partitioned/dt=2025-08-30/venue=BYBITSPOT/part-0.parquet,artifacts/analysis/flatfiles_1s_v4/partitioned/dt=2025-08-30/venue=BYBITSPOT/part-0.parquet,729338,2025-10-04T20:55:03.138144
analysis/flatfiles_1s_v4/partitioned/dt=2025-08-30/venue=BITGET/part-0.parquet,artifacts/analysis/flatfiles_1s_v4/partitioned/dt=2025-08-30/venue=BITGET/part-0.parquet,788983,2025-10-04T20:55:03.511322
analysis/flatfiles_1s_v4/partitioned/dt=2025-08-31/venue=COINBASE/part-0.parquet,artifacts/analysis/flatfiles_1s_v4/partitioned/dt=2025-08-31/venue=COINBASE/part-0.parquet,1111674,2025-10-04T20:55:04.963961
analysis/flatfiles_1s_v4/partitioned/dt=2025-08-31/venue=BYBITSPOT/part-0.parquet,artifacts/analysis/flatfiles_1s_v4/partitioned/dt=2025-08-31/venue=BYBITSPOT/part-0.parquet,713226,2025-10-04T20:55:05.404962
analysis/flatfiles_1s_v4/partitioned/dt=2025-08-31/venue=BITGET/part-0.parquet,artifacts/analysis/flatfiles_1s_v4/partitioned/dt=2025-08-31/venue=BITGET/part-0.parquet,792202,2025-10-04T20:55:05.819085
analysis/flatfiles_1s_v4/partitioned/dt=2025-08-31/venue=BINANCE/part-0.parquet,artifacts/analysis/flatfiles_1s_v4/partitioned/dt=2025-08-31/venue=BINANCE/part-0.parquet,976169,2025-10-04T20:55:04.385360
analysis/flatfiles_1s_v4/partitioned/dt=2025-08-09/venue=COINBASE/part-0.parquet,artifacts/analysis/flatfiles_1s_v4/partitioned/dt=2025-08-09/venue=COINBASE/part-0.parquet,1212686,2025-10-04T20:41:04.681986
analysis/flatfiles_1s_v4/partitioned/dt=2025-08-09/venue=BYBITSPOT/part-0.parquet,artifacts/analysis/flatfiles_1s_v4/partitioned/dt=2025-08-09/venue=BYBITSPOT/part-0.parquet,807441,2025-10-04T20:41:05.166556
analysis/flatfiles_1s_v4/partitioned/dt=2025-08-09/venue=BITGET/part-0.parquet,artifacts/analysis/flatfiles_1s_v4/partitioned/dt=2025-08-09/venue=BITGET/part-0.parquet,865538,2025-10-04T20:41:05.556093
analysis/flatfiles_1s_v4/partitioned/dt=2025-08-09/venue=BINANCE/part-0.parquet,artifacts/analysis/flatfiles_1s_v4/partitioned/dt=2025-08-09/venue=BINANCE/part-0.parquet,1439342,2025-10-04T20:41:04.096821
analysis/flatfiles_1s_v4/partitioned/dt=2025-08-07/venue=COINBASE/part-0.parquet,artifacts/analysis/flatfiles_1s_v4/partitioned/dt=2025-08-07/venue=COINBASE/part-0.parquet,1337951,2025-10-04T20:25:07.803389
analysis/flatfiles_1s_v4/partitioned/dt=2025-08-07/venue=BYBITSPOT/part-0.parquet,artifacts/analysis/flatfiles_1s_v4/partitioned/dt=2025-08-07/venue=BYBITSPOT/part-0.parquet,808394,2025-10-04T20:25:08.436997
analysis/flatfiles_1s_v4/partitioned/dt=2025-08-07/venue=BITGET/part-0.parquet,artifacts/analysis/flatfiles_1s_v4/partitioned/dt=2025-08-07/venue=BITGET/part-0.parquet,967497,2025-10-04T20:25:08.881436
analysis/flatfiles_1s_v4/partitioned/dt=2025-08-07/venue=BINANCE/part-0.parquet,artifacts/analysis/flatfiles_1s_v4/partitioned/dt=2025-08-07/venue=BINANCE/part-0.parquet,1620980,2025-10-04T20:25:06.983850
analysis/flatfiles_1s_v4/partitioned/dt=2025-08-25/venue=COINBASE/part-0.parquet,artifacts/analysis/flatfiles_1s_v4/partitioned/dt=2025-08-25/venue=COINBASE/part-0.parquet,1585342,2025-10-04T20:50:57.101501
analysis/flatfiles_1s_v4/partitioned/dt=2025-08-25/venue=BYBITSPOT/part-0.parquet,artifacts/analysis/flatfiles_1s_v4/partitioned/dt=2025-08-25/venue=BYBITSPOT/part-0.parquet,1048587,2025-10-04T20:50:57.785916
analysis/flatfiles_1s_v4/partitioned/dt=2025-08-25/venue=BITGET/part-0.parquet,artifacts/analysis/flatfiles_1s_v4/partitioned/dt=2025-08-25/venue=BITGET/part-0.parquet,1056656,2025-10-04T20:50:58.318013
analysis/flatfiles_1s_v4/partitioned/dt=2025-08-22/venue=COINBASE/part-0.parquet,artifacts/analysis/flatfiles_1s_v4/partitioned/dt=2025-08-22/venue=COINBASE/part-0.parquet,1360662,2025-10-04T20:50:49.517590
analysis/flatfiles_1s_v4/partitioned/dt=2025-08-22/venue=BYBITSPOT/part-0.parquet,artifacts/analysis/flatfiles_1s_v4/partitioned/dt=2025-08-22/venue=BYBITSPOT/part-0.parquet,898157,2025-10-04T20:50:50.145409
analysis/flatfiles_1s_v4/partitioned/dt=2025-08-22/venue=BITGET/part-0.parquet,artifacts/analysis/flatfiles_1s_v4/partitioned/dt=2025-08-22/venue=BITGET/part-0.parquet,868310,2025-10-04T20:50:50.613977
analysis/flatfiles_1s_v4/partitioned/dt=2025-08-22/venue=BINANCE/part-0.parquet,artifacts/analysis/flatfiles_1s_v4/partitioned/dt=2025-08-22/venue=BINANCE/part-0.parquet,1054873,2025-10-04T20:50:48.436082
analysis/flatfiles_1s_v4/partitioned/dt=2025-08-14/venue=COINBASE/part-0.parquet,artifacts/analysis/flatfiles_1s_v4/partitioned/dt=2025-08-14/venue=COINBASE/part-0.parquet,1546553,2025-10-04T20:41:21.559253
analysis/flatfiles_1s_v4/partitioned/dt=2025-08-14/venue=BYBITSPOT/part-0.parquet,artifacts/analysis/flatfiles_1s_v4/partitioned/dt=2025-08-14/venue=BYBITSPOT/part-0.parquet,1071385,2025-10-04T20:41:22.280607
analysis/flatfiles_1s_v4/partitioned/dt=2025-08-14/venue=BITGET/part-0.parquet,artifacts/analysis/flatfiles_1s_v4/partitioned/dt=2025-08-14/venue=BITGET/part-0.parquet,976834,2025-10-04T20:41:22.848502
analysis/flatfiles_1s_v4/partitioned/dt=2025-08-14/venue=BINANCE/part-0.parquet,artifacts/analysis/flatfiles_1s_v4/partitioned/dt=2025-08-14/venue=BINANCE/part-0.parquet,1175756,2025-10-04T20:41:20.606492
analysis/flatfiles_1s_v4/partitioned/dt=2025-08-13/venue=COINBASE/part-0.parquet,artifacts/analysis/flatfiles_1s_v4/partitioned/dt=2025-08-13/venue=COINBASE/part-0.parquet,1415811,2025-10-04T20:41:17.127969
analysis/flatfiles_1s_v4/partitioned/dt=2025-08-13/venue=BYBITSPOT/part-0.parquet,artifacts/analysis/flatfiles_1s_v4/partitioned/dt=2025-08-13/venue=BYBITSPOT/part-0.parquet,947635,2025-10-04T20:41:17.774146
analysis/flatfiles_1s_v4/partitioned/dt=2025-08-13/venue=BITGET/part-0.parquet,artifacts/analysis/flatfiles_1s_v4/partitioned/dt=2025-08-13/venue=BITGET/part-0.parquet,1026959,2025-10-04T20:41:18.312356
analysis/flatfiles_1s_v4/partitioned/dt=2025-08-12/venue=COINBASE/part-0.parquet,artifacts/analysis/flatfiles_1s_v4/partitioned/dt=2025-08-12/venue=COINBASE/part-0.parquet,1329006,2025-10-04T20:41:14.885295
analysis/flatfiles_1s_v4/partitioned/dt=2025-08-12/venue=BYBITSPOT/part-0.parquet,artifacts/analysis/flatfiles_1s_v4/partitioned/dt=2025-08-12/venue=BYBITSPOT/part-0.parquet,840281,2025-10-04T20:41:15.480037
analysis/flatfiles_1s_v4/partitioned/dt=2025-08-12/venue=BITGET/part-0.parquet,artifacts/analysis/flatfiles_1s_v4/partitioned/dt=2025-08-12/venue=BITGET/part-0.parquet,1205923,2025-10-04T20:41:16.318031
analysis/flatfiles_1s_v4/partitioned/dt=2025-08-12/venue=BINANCE/part-0.parquet,artifacts/analysis/flatfiles_1s_v4/partitioned/dt=2025-08-12/venue=BINANCE/part-0.parquet,1643650,2025-10-04T20:41:14.131287
analysis/flatfiles_1s_v4/partitioned/dt=2025-08-15/venue=COINBASE/part-0.parquet,artifacts/analysis/flatfiles_1s_v4/partitioned/dt=2025-08-15/venue=COINBASE/part-0.parquet,1424404,2025-10-04T20:46:51.640469
analysis/flatfiles_1s_v4/partitioned/dt=2025-08-15/venue=BYBITSPOT/part-0.parquet,artifacts/analysis/flatfiles_1s_v4/partitioned/dt=2025-08-15/venue=BYBITSPOT/part-0.parquet,816641,2025-10-04T20:46:52.217895
analysis/flatfiles_1s_v4/partitioned/dt=2025-08-15/venue=BITGET/part-0.parquet,artifacts/analysis/flatfiles_1s_v4/partitioned/dt=2025-08-15/venue=BITGET/part-0.parquet,902443,2025-10-04T20:46:52.676823
analysis/flatfiles_1s_v4/partitioned/dt=2025-08-15/venue=BINANCE/part-0.parquet,artifacts/analysis/flatfiles_1s_v4/partitioned/dt=2025-08-15/venue=BINANCE/part-0.parquet,1110946,2025-10-04T20:46:50.825257
analysis/flatfiles_1s_v4/partitioned/dt=2025-08-23/venue=COINBASE/part-0.parquet,artifacts/analysis/flatfiles_1s_v4/partitioned/dt=2025-08-23/venue=COINBASE/part-0.parquet,1135281,2025-10-04T20:50:52.160694
analysis/flatfiles_1s_v4/partitioned/dt=2025-08-23/venue=BYBITSPOT/part-0.parquet,artifacts/analysis/flatfiles_1s_v4/partitioned/dt=2025-08-23/venue=BYBITSPOT/part-0.parquet,781829,2025-10-04T20:50:52.614950
analysis/flatfiles_1s_v4/partitioned/dt=2025-08-23/venue=BITGET/part-0.parquet,artifacts/analysis/flatfiles_1s_v4/partitioned/dt=2025-08-23/venue=BITGET/part-0.parquet,711042,2025-10-04T20:50:52.959914
analysis/flatfiles_1s_v4/partitioned/dt=2025-08-23/venue=BINANCE/part-0.parquet,artifacts/analysis/flatfiles_1s_v4/partitioned/dt=2025-08-23/venue=BINANCE/part-0.parquet,1484553,2025-10-04T20:50:51.553692
analysis/flatfiles_1s_v4/partitioned/dt=2025-08-24/venue=COINBASE/part-0.parquet,artifacts/analysis/flatfiles_1s_v4/partitioned/dt=2025-08-24/venue=COINBASE/part-0.parquet,1165918,2025-10-04T20:50:55.007332
analysis/flatfiles_1s_v4/partitioned/dt=2025-08-24/venue=BYBITSPOT/part-0.parquet,artifacts/analysis/flatfiles_1s_v4/partitioned/dt=2025-08-24/venue=BYBITSPOT/part-0.parquet,779501,2025-10-04T20:50:55.570360
analysis/flatfiles_1s_v4/partitioned/dt=2025-08-24/venue=BITGET/part-0.parquet,artifacts/analysis/flatfiles_1s_v4/partitioned/dt=2025-08-24/venue=BITGET/part-0.parquet,678812,2025-10-04T20:50:56.245338
analysis/flatfiles_1s_v4/partitioned/dt=2025-08-24/venue=BINANCE/part-0.parquet,artifacts/analysis/flatfiles_1s_v4/partitioned/dt=2025-08-24/venue=BINANCE/part-0.parquet,1103260,2025-10-04T20:50:54.325960
analysis/flatfiles_1s_v4/partitioned/dt=2025-09-12/venue=COINBASE/part-0.parquet,artifacts/analysis/flatfiles_1s_v4/partitioned/dt=2025-09-12/venue=COINBASE/part-0.parquet,1259211,2025-10-04T21:06:00.442563
analysis/flatfiles_1s_v4/partitioned/dt=2025-09-12/venue=BYBITSPOT/part-0.parquet,artifacts/analysis/flatfiles_1s_v4/partitioned/dt=2025-09-12/venue=BYBITSPOT/part-0.parquet,904750,2025-10-04T21:06:01.078018
analysis/flatfiles_1s_v4/partitioned/dt=2025-09-12/venue=BITGET/part-0.parquet,artifacts/analysis/flatfiles_1s_v4/partitioned/dt=2025-09-12/venue=BITGET/part-0.parquet,680604,2025-10-04T21:06:01.478350
analysis/flatfiles_1s_v4/partitioned/dt=2025-09-12/venue=BINANCE/part-0.parquet,artifacts/analysis/flatfiles_1s_v4/partitioned/dt=2025-09-12/venue=BINANCE/part-0.parquet,1029641,2025-10-04T21:05:59.469327
analysis/flatfiles_1s_v4/partitioned/dt=2025-09-15/venue=COINBASE/part-0.parquet,artifacts/analysis/flatfiles_1s_v4/partitioned/dt=2025-09-15/venue=COINBASE/part-0.parquet,1259556,2025-10-04T21:06:08.374181
analysis/flatfiles_1s_v4/partitioned/dt=2025-09-15/venue=BYBITSPOT/part-0.parquet,artifacts/analysis/flatfiles_1s_v4/partitioned/dt=2025-09-15/venue=BYBITSPOT/part-0.parquet,730010,2025-10-04T21:06:08.983485
analysis/flatfiles_1s_v4/partitioned/dt=2025-09-15/venue=BITGET/part-0.parquet,artifacts/analysis/flatfiles_1s_v4/partitioned/dt=2025-09-15/venue=BITGET/part-0.parquet,781246,2025-10-04T21:06:09.491239
analysis/flatfiles_1s_v4/partitioned/dt=2025-09-15/venue=BINANCE/part-0.parquet,artifacts/analysis/flatfiles_1s_v4/partitioned/dt=2025-09-15/venue=BINANCE/part-0.parquet,1692173,2025-10-04T21:06:07.573365
analysis/flatfiles_1s_v4/partitioned/dt=2025-09-14/venue=COINBASE/part-0.parquet,artifacts/analysis/flatfiles_1s_v4/partitioned/dt=2025-09-14/venue=COINBASE/part-0.parquet,948947,2025-10-04T21:06:05.018986
analysis/flatfiles_1s_v4/partitioned/dt=2025-09-14/venue=BYBITSPOT/part-0.parquet,artifacts/analysis/flatfiles_1s_v4/partitioned/dt=2025-09-14/venue=BYBITSPOT/part-0.parquet,627764,2025-10-04T21:06:05.489053
analysis/flatfiles_1s_v4/partitioned/dt=2025-09-14/venue=BITGET/part-0.parquet,artifacts/analysis/flatfiles_1s_v4/partitioned/dt=2025-09-14/venue=BITGET/part-0.parquet,709657,2025-10-04T21:06:05.874988
analysis/flatfiles_1s_v4/partitioned/dt=2025-09-14/venue=BINANCE/part-0.parquet,artifacts/analysis/flatfiles_1s_v4/partitioned/dt=2025-09-14/venue=BINANCE/part-0.parquet,1608133,2025-10-04T21:06:04.421286
analysis/flatfiles_1s_v4/partitioned/dt=2025-09-13/venue=COINBASE/part-0.parquet,artifacts/analysis/flatfiles_1s_v4/partitioned/dt=2025-09-13/venue=COINBASE/part-0.parquet,1006838,2025-10-04T21:06:02.267391
analysis/flatfiles_1s_v4/partitioned/dt=2025-09-13/venue=BYBITSPOT/part-0.parquet,artifacts/analysis/flatfiles_1s_v4/partitioned/dt=2025-09-13/venue=BYBITSPOT/part-0.parquet,669847,2025-10-04T21:06:02.732698
analysis/flatfiles_1s_v4/partitioned/dt=2025-09-13/venue=BITGET/part-0.parquet,artifacts/analysis/flatfiles_1s_v4/partitioned/dt=2025-09-13/venue=BITGET/part-0.parquet,639900,2025-10-04T21:06:03.066424
analysis/flatfiles_1s_v4/partitioned/dt=2025-09-04/venue=COINBASE/part-0.parquet,artifacts/analysis/flatfiles_1s_v4/partitioned/dt=2025-09-04/venue=COINBASE/part-0.parquet,1342816,2025-10-04T20:55:18.258242
analysis/flatfiles_1s_v4/partitioned/dt=2025-09-04/venue=BYBITSPOT/part-0.parquet,artifacts/analysis/flatfiles_1s_v4/partitioned/dt=2025-09-04/venue=BYBITSPOT/part-0.parquet,733309,2025-10-04T20:55:18.803497
analysis/flatfiles_1s_v4/partitioned/dt=2025-09-04/venue=BITGET/part-0.parquet,artifacts/analysis/flatfiles_1s_v4/partitioned/dt=2025-09-04/venue=BITGET/part-0.parquet,643870,2025-10-04T20:55:19.204010
analysis/flatfiles_1s_v4/partitioned/dt=2025-09-04/venue=BINANCE/part-0.parquet,artifacts/analysis/flatfiles_1s_v4/partitioned/dt=2025-09-04/venue=BINANCE/part-0.parquet,1616115,2025-10-04T20:55:17.502886
analysis/flatfiles_1s_v4/partitioned/dt=2025-09-03/venue=COINBASE/part-0.parquet,artifacts/analysis/flatfiles_1s_v4/partitioned/dt=2025-09-03/venue=COINBASE/part-0.parquet,1287973,2025-10-04T20:55:15.282176
analysis/flatfiles_1s_v4/partitioned/dt=2025-09-03/venue=BYBITSPOT/part-0.parquet,artifacts/analysis/flatfiles_1s_v4/partitioned/dt=2025-09-03/venue=BYBITSPOT/part-0.parquet,747314,2025-10-04T20:55:15.832487
analysis/flatfiles_1s_v4/partitioned/dt=2025-09-03/venue=BITGET/part-0.parquet,artifacts/analysis/flatfiles_1s_v4/partitioned/dt=2025-09-03/venue=BITGET/part-0.parquet,728278,2025-10-04T20:55:16.259705
analysis/flatfiles_1s_v4/partitioned/dt=2025-09-03/venue=BINANCE/part-0.parquet,artifacts/analysis/flatfiles_1s_v4/partitioned/dt=2025-09-03/venue=BINANCE/part-0.parquet,1587061,2025-10-04T20:55:14.407066
analysis/flatfiles_1s_v4/partitioned/dt=2025-09-02/venue=COINBASE/part-0.parquet,artifacts/analysis/flatfiles_1s_v4/partitioned/dt=2025-09-02/venue=COINBASE/part-0.parquet,1399583,2025-10-04T20:55:11.916557
analysis/flatfiles_1s_v4/partitioned/dt=2025-09-02/venue=BYBITSPOT/part-0.parquet,artifacts/analysis/flatfiles_1s_v4/partitioned/dt=2025-09-02/venue=BYBITSPOT/part-0.parquet,874383,2025-10-04T20:55:12.588911
analysis/flatfiles_1s_v4/partitioned/dt=2025-09-02/venue=BITGET/part-0.parquet,artifacts/analysis/flatfiles_1s_v4/partitioned/dt=2025-09-02/venue=BITGET/part-0.parquet,1044378,2025-10-04T20:55:13.117469
analysis/flatfiles_1s_v4/partitioned/dt=2025-09-02/venue=BINANCE/part-0.parquet,artifacts/analysis/flatfiles_1s_v4/partitioned/dt=2025-09-02/venue=BINANCE/part-0.parquet,1093983,2025-10-04T20:55:11.134146
analysis/flatfiles_1s_v4/partitioned/dt=2025-09-05/venue=COINBASE/part-0.parquet,artifacts/analysis/flatfiles_1s_v4/partitioned/dt=2025-09-05/venue=COINBASE/part-0.parquet,1384444,2025-10-04T21:01:07.330697
analysis/flatfiles_1s_v4/partitioned/dt=2025-09-05/venue=BYBITSPOT/part-0.parquet,artifacts/analysis/flatfiles_1s_v4/partitioned/dt=2025-09-05/venue=BYBITSPOT/part-0.parquet,823216,2025-10-04T21:01:07.981674
analysis/flatfiles_1s_v4/partitioned/dt=2025-09-05/venue=BITGET/part-0.parquet,artifacts/analysis/flatfiles_1s_v4/partitioned/dt=2025-09-05/venue=BITGET/part-0.parquet,717818,2025-10-04T21:01:08.427200
analysis/flatfiles_1s_v4/partitioned/dt=2025-09-05/venue=BINANCE/part-0.parquet,artifacts/analysis/flatfiles_1s_v4/partitioned/dt=2025-09-05/venue=BINANCE/part-0.parquet,1230085,2025-10-04T21:01:06.110949
analysis/flatfiles_1s_v4/partitioned/dt=2025-08-02/venue=COINBASE/part-0.parquet,artifacts/analysis/flatfiles_1s_v4/partitioned/dt=2025-08-02/venue=COINBASE/part-0.parquet,1256021,2025-10-04T20:24:49.203715
analysis/flatfiles_1s_v4/partitioned/dt=2025-08-02/venue=BYBITSPOT/part-0.parquet,artifacts/analysis/flatfiles_1s_v4/partitioned/dt=2025-08-02/venue=BYBITSPOT/part-0.parquet,755076,2025-10-04T20:24:49.829882
analysis/flatfiles_1s_v4/partitioned/dt=2025-08-02/venue=BITGET/part-0.parquet,artifacts/analysis/flatfiles_1s_v4/partitioned/dt=2025-08-02/venue=BITGET/part-0.parquet,513780,2025-10-04T20:24:50.222117
analysis/flatfiles_1s_v4/partitioned/dt=2025-08-02/venue=BINANCE/part-0.parquet,artifacts/analysis/flatfiles_1s_v4/partitioned/dt=2025-08-02/venue=BINANCE/part-0.parquet,1580891,2025-10-04T20:24:48.464120
analysis/flatfiles_1s_v4/partitioned/dt=2025-08-05/venue=COINBASE/part-0.parquet,artifacts/analysis/flatfiles_1s_v4/partitioned/dt=2025-08-05/venue=COINBASE/part-0.parquet,1333483,2025-10-04T20:24:59.818545
analysis/flatfiles_1s_v4/partitioned/dt=2025-08-05/venue=BYBITSPOT/part-0.parquet,artifacts/analysis/flatfiles_1s_v4/partitioned/dt=2025-08-05/venue=BYBITSPOT/part-0.parquet,839999,2025-10-04T20:25:00.516434
analysis/flatfiles_1s_v4/partitioned/dt=2025-08-05/venue=BITGET/part-0.parquet,artifacts/analysis/flatfiles_1s_v4/partitioned/dt=2025-08-05/venue=BITGET/part-0.parquet,611420,2025-10-04T20:25:01.100096
analysis/flatfiles_1s_v4/partitioned/dt=2025-08-05/venue=BINANCE/part-0.parquet,artifacts/analysis/flatfiles_1s_v4/partitioned/dt=2025-08-05/venue=BINANCE/part-0.parquet,1633231,2025-10-04T20:24:59.002446
analysis/flatfiles_1s_v4/partitioned/dt=2025-08-04/venue=COINBASE/part-0.parquet,artifacts/analysis/flatfiles_1s_v4/partitioned/dt=2025-08-04/venue=COINBASE/part-0.parquet,1254928,2025-10-04T20:24:56.078523
analysis/flatfiles_1s_v4/partitioned/dt=2025-08-04/venue=BYBITSPOT/part-0.parquet,artifacts/analysis/flatfiles_1s_v4/partitioned/dt=2025-08-04/venue=BYBITSPOT/part-0.parquet,930471,2025-10-04T20:24:56.707986
analysis/flatfiles_1s_v4/partitioned/dt=2025-08-04/venue=BITGET/part-0.parquet,artifacts/analysis/flatfiles_1s_v4/partitioned/dt=2025-08-04/venue=BITGET/part-0.parquet,505273,2025-10-04T20:24:57.091368
analysis/flatfiles_1s_v4/partitioned/dt=2025-08-04/venue=BINANCE/part-0.parquet,artifacts/analysis/flatfiles_1s_v4/partitioned/dt=2025-08-04/venue=BINANCE/part-0.parquet,1636983,2025-10-04T20:24:55.313920
analysis/flatfiles_1s_v4/partitioned/dt=2025-08-03/venue=COINBASE/part-0.parquet,artifacts/analysis/flatfiles_1s_v4/partitioned/dt=2025-08-03/venue=COINBASE/part-0.parquet,1137664,2025-10-04T20:24:52.509122
analysis/flatfiles_1s_v4/partitioned/dt=2025-08-03/venue=BYBITSPOT/part-0.parquet,artifacts/analysis/flatfiles_1s_v4/partitioned/dt=2025-08-03/venue=BYBITSPOT/part-0.parquet,798186,2025-10-04T20:24:53.225090
analysis/flatfiles_1s_v4/partitioned/dt=2025-08-03/venue=BITGET/part-0.parquet,artifacts/analysis/flatfiles_1s_v4/partitioned/dt=2025-08-03/venue=BITGET/part-0.parquet,389315,2025-10-04T20:24:53.537868
analysis/flatfiles_1s_v4/partitioned/dt=2025-08-03/venue=BINANCE/part-0.parquet,artifacts/analysis/flatfiles_1s_v4/partitioned/dt=2025-08-03/venue=BINANCE/part-0.parquet,1410233,2025-10-04T20:24:51.874100
analysis/flatfiles_1s_v4/partitioned/dt=2025-08-21/venue=COINBASE/part-0.parquet,artifacts/analysis/flatfiles_1s_v4/partitioned/dt=2025-08-21/venue=COINBASE/part-0.parquet,1292666,2025-10-04T20:47:09.281422
analysis/flatfiles_1s_v4/partitioned/dt=2025-08-21/venue=BYBITSPOT/part-0.parquet,artifacts/analysis/flatfiles_1s_v4/partitioned/dt=2025-08-21/venue=BYBITSPOT/part-0.parquet,814820,2025-10-04T20:47:09.825471
analysis/flatfiles_1s_v4/partitioned/dt=2025-08-21/venue=BITGET/part-0.parquet,artifacts/analysis/flatfiles_1s_v4/partitioned/dt=2025-08-21/venue=BITGET/part-0.parquet,751369,2025-10-04T20:47:10.224042
analysis/flatfiles_1s_v4/partitioned/dt=2025-08-21/venue=BINANCE/part-0.parquet,artifacts/analysis/flatfiles_1s_v4/partitioned/dt=2025-08-21/venue=BINANCE/part-0.parquet,1089403,2025-10-04T20:47:08.527565
analysis/flatfiles_1s_v4/partitioned/dt=2025-08-26/venue=COINBASE/part-0.parquet,artifacts/analysis/flatfiles_1s_v4/partitioned/dt=2025-08-26/venue=COINBASE/part-0.parquet,1486925,2025-10-04T20:50:59.484881
analysis/flatfiles_1s_v4/partitioned/dt=2025-08-26/venue=BYBITSPOT/part-0.parquet,artifacts/analysis/flatfiles_1s_v4/partitioned/dt=2025-08-26/venue=BYBITSPOT/part-0.parquet,938846,2025-10-04T20:51:00.090286
analysis/flatfiles_1s_v4/partitioned/dt=2025-08-26/venue=BITGET/part-0.parquet,artifacts/analysis/flatfiles_1s_v4/partitioned/dt=2025-08-26/venue=BITGET/part-0.parquet,990473,2025-10-04T20:51:00.627525
analysis/flatfiles_1s_v4/partitioned/dt=2025-08-19/venue=COINBASE/part-0.parquet,artifacts/analysis/flatfiles_1s_v4/partitioned/dt=2025-08-19/venue=COINBASE/part-0.parquet,1457023,2025-10-04T20:47:02.300816
analysis/flatfiles_1s_v4/partitioned/dt=2025-08-19/venue=BYBITSPOT/part-0.parquet,artifacts/analysis/flatfiles_1s_v4/partitioned/dt=2025-08-19/venue=BYBITSPOT/part-0.parquet,889759,2025-10-04T20:47:02.890591
analysis/flatfiles_1s_v4/partitioned/dt=2025-08-19/venue=BITGET/part-0.parquet,artifacts/analysis/flatfiles_1s_v4/partitioned/dt=2025-08-19/venue=BITGET/part-0.parquet,1113563,2025-10-04T20:47:03.446001
analysis/flatfiles_1s_v4/partitioned/dt=2025-08-19/venue=BINANCE/part-0.parquet,artifacts/analysis/flatfiles_1s_v4/partitioned/dt=2025-08-19/venue=BINANCE/part-0.parquet,1065734,2025-10-04T20:47:01.454099
analysis/flatfiles_1s_v4/partitioned/dt=2025-08-10/venue=COINBASE/part-0.parquet,artifacts/analysis/flatfiles_1s_v4/partitioned/dt=2025-08-10/venue=COINBASE/part-0.parquet,1212439,2025-10-04T20:41:07.647526
analysis/flatfiles_1s_v4/partitioned/dt=2025-08-10/venue=BYBITSPOT/part-0.parquet,artifacts/analysis/flatfiles_1s_v4/partitioned/dt=2025-08-10/venue=BYBITSPOT/part-0.parquet,947577,2025-10-04T20:41:08.189439
analysis/flatfiles_1s_v4/partitioned/dt=2025-08-10/venue=BITGET/part-0.parquet,artifacts/analysis/flatfiles_1s_v4/partitioned/dt=2025-08-10/venue=BITGET/part-0.parquet,998776,2025-10-04T20:41:08.630558
analysis/flatfiles_1s_v4/partitioned/dt=2025-08-10/venue=BINANCE/part-0.parquet,artifacts/analysis/flatfiles_1s_v4/partitioned/dt=2025-08-10/venue=BINANCE/part-0.parquet,1594072,2025-10-04T20:41:07.001725
analysis/flatfiles_1s_v4/partitioned/dt=2025-08-17/venue=COINBASE/part-0.parquet,artifacts/analysis/flatfiles_1s_v4/partitioned/dt=2025-08-17/venue=COINBASE/part-0.parquet,1030160,2025-10-04T20:46:57.034552
analysis/flatfiles_1s_v4/partitioned/dt=2025-08-17/venue=BYBITSPOT/part-0.parquet,artifacts/analysis/flatfiles_1s_v4/partitioned/dt=2025-08-17/venue=BYBITSPOT/part-0.parquet,642834,2025-10-04T20:46:57.470179
analysis/flatfiles_1s_v4/partitioned/dt=2025-08-17/venue=BITGET/part-0.parquet,artifacts/analysis/flatfiles_1s_v4/partitioned/dt=2025-08-17/venue=BITGET/part-0.parquet,861896,2025-10-04T20:46:57.853250
analysis/flatfiles_1s_v4/partitioned/dt=2025-08-17/venue=BINANCE/part-0.parquet,artifacts/analysis/flatfiles_1s_v4/partitioned/dt=2025-08-17/venue=BINANCE/part-0.parquet,1449881,2025-10-04T20:46:56.399718
analysis/flatfiles_1s_v4/partitioned/dt=2025-08-28/venue=COINBASE/part-0.parquet,artifacts/analysis/flatfiles_1s_v4/partitioned/dt=2025-08-28/venue=COINBASE/part-0.parquet,1295633,2025-10-04T20:51:05.935557
analysis/flatfiles_1s_v4/partitioned/dt=2025-08-28/venue=BYBITSPOT/part-0.parquet,artifacts/analysis/flatfiles_1s_v4/partitioned/dt=2025-08-28/venue=BYBITSPOT/part-0.parquet,776216,2025-10-04T20:51:06.462538
analysis/flatfiles_1s_v4/partitioned/dt=2025-08-28/venue=BITGET/part-0.parquet,artifacts/analysis/flatfiles_1s_v4/partitioned/dt=2025-08-28/venue=BITGET/part-0.parquet,764537,2025-10-04T20:51:06.867129
analysis/flatfiles_1s_v4/partitioned/dt=2025-08-28/venue=BINANCE/part-0.parquet,artifacts/analysis/flatfiles_1s_v4/partitioned/dt=2025-08-28/venue=BINANCE/part-0.parquet,1084804,2025-10-04T20:51:05.233661
analysis/flatfiles_1s_v4/partitioned/dt=2025-08-16/venue=COINBASE/part-0.parquet,artifacts/analysis/flatfiles_1s_v4/partitioned/dt=2025-08-16/venue=COINBASE/part-0.parquet,1039434,2025-10-04T20:46:54.245953
analysis/flatfiles_1s_v4/partitioned/dt=2025-08-16/venue=BYBITSPOT/part-0.parquet,artifacts/analysis/flatfiles_1s_v4/partitioned/dt=2025-08-16/venue=BYBITSPOT/part-0.parquet,594515,2025-10-04T20:46:54.663111
analysis/flatfiles_1s_v4/partitioned/dt=2025-08-16/venue=BITGET/part-0.parquet,artifacts/analysis/flatfiles_1s_v4/partitioned/dt=2025-08-16/venue=BITGET/part-0.parquet,898342,2025-10-04T20:46:55.080060
analysis/flatfiles_1s_v4/partitioned/dt=2025-08-16/venue=BINANCE/part-0.parquet,artifacts/analysis/flatfiles_1s_v4/partitioned/dt=2025-08-16/venue=BINANCE/part-0.parquet,1452273,2025-10-04T20:46:53.618603
analysis/flatfiles_1s_v4/partitioned/dt=2025-08-29/venue=COINBASE/part-0.parquet,artifacts/analysis/flatfiles_1s_v4/partitioned/dt=2025-08-29/venue=COINBASE/part-0.parquet,1531990,2025-10-04T20:55:00.967708
analysis/flatfiles_1s_v4/partitioned/dt=2025-08-29/venue=BYBITSPOT/part-0.parquet,artifacts/analysis/flatfiles_1s_v4/partitioned/dt=2025-08-29/venue=BYBITSPOT/part-0.parquet,929994,2025-10-04T20:55:01.589412
analysis/flatfiles_1s_v4/partitioned/dt=2025-08-29/venue=BITGET/part-0.parquet,artifacts/analysis/flatfiles_1s_v4/partitioned/dt=2025-08-29/venue=BITGET/part-0.parquet,933273,2025-10-04T20:55:02.106165
analysis/flatfiles_1s_v4/partitioned/dt=2025-08-29/venue=BINANCE/part-0.parquet,artifacts/analysis/flatfiles_1s_v4/partitioned/dt=2025-08-29/venue=BINANCE/part-0.parquet,1145480,2025-10-04T20:54:59.759531
analysis/flatfiles_1s_v4/partitioned/dt=2025-08-11/venue=COINBASE/part-0.parquet,artifacts/analysis/flatfiles_1s_v4/partitioned/dt=2025-08-11/venue=COINBASE/part-0.parquet,1455537,2025-10-04T20:41:11.430748
analysis/flatfiles_1s_v4/partitioned/dt=2025-08-11/venue=BYBITSPOT/part-0.parquet,artifacts/analysis/flatfiles_1s_v4/partitioned/dt=2025-08-11/venue=BYBITSPOT/part-0.parquet,1041057,2025-10-04T20:41:12.064030
analysis/flatfiles_1s_v4/partitioned/dt=2025-08-11/venue=BITGET/part-0.parquet,artifacts/analysis/flatfiles_1s_v4/partitioned/dt=2025-08-11/venue=BITGET/part-0.parquet,1001509,2025-10-04T20:41:12.588447
analysis/flatfiles_1s_v4/partitioned/dt=2025-08-11/venue=BINANCE/part-0.parquet,artifacts/analysis/flatfiles_1s_v4/partitioned/dt=2025-08-11/venue=BINANCE/part-0.parquet,1710357,2025-10-04T20:41:10.626340
analysis/flatfiles_1s_v4/partitioned/dt=2025-08-27/venue=COINBASE/part-0.parquet,artifacts/analysis/flatfiles_1s_v4/partitioned/dt=2025-08-27/venue=COINBASE/part-0.parquet,1379864,2025-10-04T20:51:03.088742
analysis/flatfiles_1s_v4/partitioned/dt=2025-08-27/venue=BYBITSPOT/part-0.parquet,artifacts/analysis/flatfiles_1s_v4/partitioned/dt=2025-08-27/venue=BYBITSPOT/part-0.parquet,845602,2025-10-04T20:51:03.617143
analysis/flatfiles_1s_v4/partitioned/dt=2025-08-27/venue=BITGET/part-0.parquet,artifacts/analysis/flatfiles_1s_v4/partitioned/dt=2025-08-27/venue=BITGET/part-0.parquet,898903,2025-10-04T20:51:04.115756
analysis/flatfiles_1s_v4/partitioned/dt=2025-08-27/venue=BINANCE/part-0.parquet,artifacts/analysis/flatfiles_1s_v4/partitioned/dt=2025-08-27/venue=BINANCE/part-0.parquet,1058560,2025-10-04T20:51:02.297604
analysis/flatfiles_1s_v4/partitioned/dt=2025-08-18/venue=COINBASE/part-0.parquet,artifacts/analysis/flatfiles_1s_v4/partitioned/dt=2025-08-18/venue=COINBASE/part-0.parquet,1407437,2025-10-04T20:46:58.683331
analysis/flatfiles_1s_v4/partitioned/dt=2025-08-18/venue=BYBITSPOT/part-0.parquet,artifacts/analysis/flatfiles_1s_v4/partitioned/dt=2025-08-18/venue=BYBITSPOT/part-0.parquet,847817,2025-10-04T20:46:59.279605
analysis/flatfiles_1s_v4/partitioned/dt=2025-08-18/venue=BITGET/part-0.parquet,artifacts/analysis/flatfiles_1s_v4/partitioned/dt=2025-08-18/venue=BITGET/part-0.parquet,959696,2025-10-04T20:46:59.793549
analysis/flatfiles_1s_v4/partitioned/dt=2025-08-20/venue=COINBASE/part-0.parquet,artifacts/analysis/flatfiles_1s_v4/partitioned/dt=2025-08-20/venue=COINBASE/part-0.parquet,1362219,2025-10-04T20:47:05.747877
analysis/flatfiles_1s_v4/partitioned/dt=2025-08-20/venue=BYBITSPOT/part-0.parquet,artifacts/analysis/flatfiles_1s_v4/partitioned/dt=2025-08-20/venue=BYBITSPOT/part-0.parquet,829180,2025-10-04T20:47:06.267046
analysis/flatfiles_1s_v4/partitioned/dt=2025-08-20/venue=BITGET/part-0.parquet,artifacts/analysis/flatfiles_1s_v4/partitioned/dt=2025-08-20/venue=BITGET/part-0.parquet,896932,2025-10-04T20:47:07.007161
analysis/flatfiles_1s_v4/partitioned/dt=2025-08-20/venue=BINANCE/part-0.parquet,artifacts/analysis/flatfiles_1s_v4/partitioned/dt=2025-08-20/venue=BINANCE/part-0.parquet,1131384,2025-10-04T20:47:04.983130
analysis/flatfiles_1s_v4/partitioned/dt=2025-09-16/venue=COINBASE/part-0.parquet,artifacts/analysis/flatfiles_1s_v4/partitioned/dt=2025-09-16/venue=COINBASE/part-0.parquet,1175409,2025-10-04T21:06:12.605892
analysis/flatfiles_1s_v4/partitioned/dt=2025-09-16/venue=BYBITSPOT/part-0.parquet,artifacts/analysis/flatfiles_1s_v4/partitioned/dt=2025-09-16/venue=BYBITSPOT/part-0.parquet,667679,2025-10-04T21:06:13.151837
analysis/flatfiles_1s_v4/partitioned/dt=2025-09-16/venue=BITGET/part-0.parquet,artifacts/analysis/flatfiles_1s_v4/partitioned/dt=2025-09-16/venue=BITGET/part-0.parquet,664041,2025-10-04T21:06:13.577465
analysis/flatfiles_1s_v4/partitioned/dt=2025-09-16/venue=BINANCE/part-0.parquet,artifacts/analysis/flatfiles_1s_v4/partitioned/dt=2025-09-16/venue=BINANCE/part-0.parquet,1636147,2025-10-04T21:06:11.799112
analysis/flatfiles_1s_v4/partitioned/dt=2025-09-11/venue=COINBASE/part-0.parquet,artifacts/analysis/flatfiles_1s_v4/partitioned/dt=2025-09-11/venue=COINBASE/part-0.parquet,1222693,2025-10-04T21:01:24.792102
analysis/flatfiles_1s_v4/partitioned/dt=2025-09-11/venue=BYBITSPOT/part-0.parquet,artifacts/analysis/flatfiles_1s_v4/partitioned/dt=2025-09-11/venue=BYBITSPOT/part-0.parquet,855851,2025-10-04T21:01:25.398252
analysis/flatfiles_1s_v4/partitioned/dt=2025-09-11/venue=BITGET/part-0.parquet,artifacts/analysis/flatfiles_1s_v4/partitioned/dt=2025-09-11/venue=BITGET/part-0.parquet,741808,2025-10-04T21:01:25.797320
analysis/flatfiles_1s_v4/partitioned/dt=2025-09-11/venue=BINANCE/part-0.parquet,artifacts/analysis/flatfiles_1s_v4/partitioned/dt=2025-09-11/venue=BINANCE/part-0.parquet,1580626,2025-10-04T21:01:23.853255
analysis/flatfiles_1s_v4/partitioned/dt=2025-09-18/venue=COINBASE/part-0.parquet,artifacts/analysis/flatfiles_1s_v4/partitioned/dt=2025-09-18/venue=COINBASE/part-0.parquet,1164620,2025-10-04T21:06:19.676552
analysis/flatfiles_1s_v4/partitioned/dt=2025-09-18/venue=BYBITSPOT/part-0.parquet,artifacts/analysis/flatfiles_1s_v4/partitioned/dt=2025-09-18/venue=BYBITSPOT/part-0.parquet,830765,2025-10-04T21:06:20.247676
analysis/flatfiles_1s_v4/partitioned/dt=2025-09-18/venue=BITGET/part-0.parquet,artifacts/analysis/flatfiles_1s_v4/partitioned/dt=2025-09-18/venue=BITGET/part-0.parquet,984226,2025-10-04T21:06:20.715366
analysis/flatfiles_1s_v4/partitioned/dt=2025-09-18/venue=BINANCE/part-0.parquet,artifacts/analysis/flatfiles_1s_v4/partitioned/dt=2025-09-18/venue=BINANCE/part-0.parquet,1673813,2025-10-04T21:06:18.873081
analysis/flatfiles_1s_v4/partitioned/dt=2025-09-10/venue=COINBASE/part-0.parquet,artifacts/analysis/flatfiles_1s_v4/partitioned/dt=2025-09-10/venue=COINBASE/part-0.parquet,1229050,2025-10-04T21:01:20.971559
analysis/flatfiles_1s_v4/partitioned/dt=2025-09-10/venue=BYBITSPOT/part-0.parquet,artifacts/analysis/flatfiles_1s_v4/partitioned/dt=2025-09-10/venue=BYBITSPOT/part-0.parquet,830298,2025-10-04T21:01:21.606180
analysis/flatfiles_1s_v4/partitioned/dt=2025-09-10/venue=BITGET/part-0.parquet,artifacts/analysis/flatfiles_1s_v4/partitioned/dt=2025-09-10/venue=BITGET/part-0.parquet,639416,2025-10-04T21:01:22.016226
analysis/flatfiles_1s_v4/partitioned/dt=2025-09-10/venue=BINANCE/part-0.parquet,artifacts/analysis/flatfiles_1s_v4/partitioned/dt=2025-09-10/venue=BINANCE/part-0.parquet,1592555,2025-10-04T21:01:20.187204
analysis/flatfiles_1s_v4/partitioned/dt=2025-09-17/venue=COINBASE/part-0.parquet,artifacts/analysis/flatfiles_1s_v4/partitioned/dt=2025-09-17/venue=COINBASE/part-0.parquet,1176547,2025-10-04T21:06:16.118662
analysis/flatfiles_1s_v4/partitioned/dt=2025-09-17/venue=BYBITSPOT/part-0.parquet,artifacts/analysis/flatfiles_1s_v4/partitioned/dt=2025-09-17/venue=BYBITSPOT/part-0.parquet,742865,2025-10-04T21:06:16.741559
analysis/flatfiles_1s_v4/partitioned/dt=2025-09-17/venue=BITGET/part-0.parquet,artifacts/analysis/flatfiles_1s_v4/partitioned/dt=2025-09-17/venue=BITGET/part-0.parquet,590030,2025-10-04T21:06:17.164403
analysis/flatfiles_1s_v4/partitioned/dt=2025-09-17/venue=BINANCE/part-0.parquet,artifacts/analysis/flatfiles_1s_v4/partitioned/dt=2025-09-17/venue=BINANCE/part-0.parquet,1676352,2025-10-04T21:06:15.321149
snapshots/btc_window1/ticks/okx/okx.parquet,artifacts/snapshots/btc_window1/ticks/okx/okx.parquet,120253,2025-09-29T14:00:53.552986
snapshots/btc_window1/ticks/coinbase/coinbase.parquet,artifacts/snapshots/btc_window1/ticks/coinbase/coinbase.parquet,120254,2025-09-29T14:00:53.549910
snapshots/btc_window1/ticks/bybit/bybit.parquet,artifacts/snapshots/btc_window1/ticks/bybit/bybit.parquet,120254,2025-09-29T14:00:53.543168
snapshots/btc_window1/ticks/kraken/kraken.parquet,artifacts/snapshots/btc_window1/ticks/kraken/kraken.parquet,120254,2025-09-29T14:00:53.551261
snapshots/btc_window1/ticks/binance/binance.parquet,artifacts/snapshots/btc_window1/ticks/binance/binance.parquet,120254,2025-09-29T14:00:53.505461
snapshots/eth_window1/ticks/okx/okx.parquet,artifacts/snapshots/eth_window1/ticks/okx/okx.parquet,120250,2025-09-29T14:00:53.572022
snapshots/eth_window1/ticks/coinbase/coinbase.parquet,artifacts/snapshots/eth_window1/ticks/coinbase/coinbase.parquet,120251,2025-09-29T14:00:53.568773
snapshots/eth_window1/ticks/bybit/bybit.parquet,artifacts/snapshots/eth_window1/ticks/bybit/bybit.parquet,120251,2025-09-29T14:00:53.566857
snapshots/eth_window1/ticks/kraken/kraken.parquet,artifacts/snapshots/eth_window1/ticks/kraken/kraken.parquet,120251,2025-09-29T14:00:53.570695
snapshots/eth_window1/ticks/binance/binance.parquet,artifacts/snapshots/eth_window1/ticks/binance/binance.parquet,120251,2025-09-29T14:00:53.565650
snapshots/btc_1200_1230/ticks/okx/part-0000.parquet,artifacts/snapshots/btc_1200_1230/ticks/okx/part-0000.parquet,156268,2025-09-29T14:00:53.354165
snapshots/btc_1200_1230/ticks/coinbase/part-0000.parquet,artifacts/snapshots/btc_1200_1230/ticks/coinbase/part-0000.parquet,156294,2025-09-29T14:00:53.319174
snapshots/btc_1200_1230/ticks/bybit/part-0000.parquet,artifacts/snapshots/btc_1200_1230/ticks/bybit/part-0000.parquet,156279,2025-09-29T14:00:53.295599
snapshots/btc_1200_1230/ticks/kraken/part-0000.parquet,artifacts/snapshots/btc_1200_1230/ticks/kraken/part-0000.parquet,156284,2025-09-29T14:00:53.327028
snapshots/btc_1200_1230/ticks/binance/part-0000.parquet,artifacts/snapshots/btc_1200_1230/ticks/binance/part-0000.parquet,156289,2025-09-29T14:00:53.247592
snapshots/btc_window2/ticks/okx/okx.parquet,artifacts/snapshots/btc_window2/ticks/okx/okx.parquet,120253,2025-09-29T14:00:53.558250
snapshots/btc_window2/ticks/coinbase/coinbase.parquet,artifacts/snapshots/btc_window2/ticks/coinbase/coinbase.parquet,120254,2025-09-29T14:00:53.556303
snapshots/btc_window2/ticks/bybit/bybit.parquet,artifacts/snapshots/btc_window2/ticks/bybit/bybit.parquet,120254,2025-09-29T14:00:53.555340
snapshots/btc_window2/ticks/kraken/kraken.parquet,artifacts/snapshots/btc_window2/ticks/kraken/kraken.parquet,120254,2025-09-29T14:00:53.557379
snapshots/btc_window2/ticks/binance/binance.parquet,artifacts/snapshots/btc_window2/ticks/binance/binance.parquet,120254,2025-09-29T14:00:53.554474
snapshots/btc_window3/ticks/coinbase/coinbase.parquet,artifacts/snapshots/btc_window3/ticks/coinbase/coinbase.parquet,119824,2025-09-29T14:00:53.562347
snapshots/btc_window3/ticks/binance/binance.parquet,artifacts/snapshots/btc_window3/ticks/binance/binance.parquet,119824,2025-09-29T14:00:53.560763
snapshots/btc_1230_1300/ticks/okx/part-0000.parquet,artifacts/snapshots/btc_1230_1300/ticks/okx/part-0000.parquet,156268,2025-09-29T14:00:53.481412
snapshots/btc_1230_1300/ticks/coinbase/part-0000.parquet,artifacts/snapshots/btc_1230_1300/ticks/coinbase/part-0000.parquet,156294,2025-09-29T14:00:53.436975
snapshots/btc_1230_1300/ticks/bybit/part-0000.parquet,artifacts/snapshots/btc_1230_1300/ticks/bybit/part-0000.parquet,156282,2025-09-29T14:00:53.429685
snapshots/btc_1230_1300/ticks/kraken/part-0000.parquet,artifacts/snapshots/btc_1230_1300/ticks/kraken/part-0000.parquet,156284,2025-09-29T14:00:53.477852
snapshots/btc_1230_1300/ticks/binance/part-0000.parquet,artifacts/snapshots/btc_1230_1300/ticks/binance/part-0000.parquet,156289,2025-09-29T14:00:53.407285
data_v7/quarantine/w7_w6_w5_other_pairs/BYBITSPOT_20250803_BTCUSDT.csv.gz,artifacts/data_v7/quarantine/w7_w6_w5_other_pairs/BYBITSPOT_20250803_BTCUSDT.csv.gz,11540117,2025-10-10T23:21:21.460186
data_v7/quarantine/w7_w6_w5_other_pairs/BITGET_20250730_BTCUSDT.csv.gz,artifacts/data_v7/quarantine/w7_w6_w5_other_pairs/BITGET_20250730_BTCUSDT.csv.gz,11650144,2025-10-10T22:46:02.985082
data_v7/quarantine/w7_w6_w5_other_pairs/BYBITSPOT_20250804_BTCUSDT.csv.gz,artifacts/data_v7/quarantine/w7_w6_w5_other_pairs/BYBITSPOT_20250804_BTCUSDT.csv.gz,18905149,2025-10-10T23:21:32.396167
data_v7/quarantine/w7_w6_w5_other_pairs/COINBASE_20250728_BTCUSDT.csv.gz,artifacts/data_v7/quarantine/w7_w6_w5_other_pairs/COINBASE_20250728_BTCUSDT.csv.gz,27288286,2025-10-10T22:43:02.443346
data_v7/quarantine/w7_w6_w5_other_pairs/BINANCE_20250802_BTCUSDT.csv.gz,artifacts/data_v7/quarantine/w7_w6_w5_other_pairs/BINANCE_20250802_BTCUSDT.csv.gz,93543517,2025-10-10T22:49:30.469520
data_v7/quarantine/w7_w6_w5_other_pairs/BINANCE_20250803_BTCUSDT.csv.gz,artifacts/data_v7/quarantine/w7_w6_w5_other_pairs/BINANCE_20250803_BTCUSDT.csv.gz,67752317,2025-10-10T22:51:12.274007
data_v7/quarantine/w7_w6_w5_other_pairs/COINBASE_20250729_BTCUSDT.csv.gz,artifacts/data_v7/quarantine/w7_w6_w5_other_pairs/COINBASE_20250729_BTCUSDT.csv.gz,28338093,2025-10-10T22:44:17.551482
data_v7/quarantine/w7_w6_w5_other_pairs/BITGET_20250731_BTCUSDT.csv.gz,artifacts/data_v7/quarantine/w7_w6_w5_other_pairs/BITGET_20250731_BTCUSDT.csv.gz,6358232,2025-10-10T22:47:23.933397
data_v7/quarantine/w7_w6_w5_other_pairs/BINANCE_20250804_BTCUSDT.csv.gz,artifacts/data_v7/quarantine/w7_w6_w5_other_pairs/BINANCE_20250804_BTCUSDT.csv.gz,115681097,2025-10-10T23:27:52.054070
data_v7/quarantine/w7_w6_w5_other_pairs/BYBITSPOT_20250802_BTCUSDT.csv.gz,artifacts/data_v7/quarantine/w7_w6_w5_other_pairs/BYBITSPOT_20250802_BTCUSDT.csv.gz,15856759,2025-10-10T22:49:57.895818
data_v7/quarantine/w7_w6_w5_other_pairs/COINBASE_20250731_BTCUSDT.csv.gz,artifacts/data_v7/quarantine/w7_w6_w5_other_pairs/COINBASE_20250731_BTCUSDT.csv.gz,26354221,2025-10-10T22:47:05.133597
data_v7/quarantine/w7_w6_w5_other_pairs/BINANCE_20250801_BTCUSDT.csv.gz,artifacts/data_v7/quarantine/w7_w6_w5_other_pairs/BINANCE_20250801_BTCUSDT.csv.gz,156762980,2025-10-10T22:48:19.038120
data_v7/quarantine/w7_w6_w5_other_pairs/BITGET_20250729_BTCUSDT.csv.gz,artifacts/data_v7/quarantine/w7_w6_w5_other_pairs/BITGET_20250729_BTCUSDT.csv.gz,34526631,2025-10-10T22:44:43.379697
data_v7/quarantine/w7_w6_w5_other_pairs/BITGET_20250728_BTCUSDT.csv.gz,artifacts/data_v7/quarantine/w7_w6_w5_other_pairs/BITGET_20250728_BTCUSDT.csv.gz,19076795,2025-10-10T22:43:20.886750
data_v7/quarantine/w7_w6_w5_other_pairs/COINBASE_20250730_BTCUSDT.csv.gz,artifacts/data_v7/quarantine/w7_w6_w5_other_pairs/COINBASE_20250730_BTCUSDT.csv.gz,28988361,2025-10-10T22:45:43.939404
data_v7/quarantine/w7_w6_w5_other_pairs/BYBITSPOT_20250801_BTCUSDT.csv.gz,artifacts/data_v7/quarantine/w7_w6_w5_other_pairs/BYBITSPOT_20250801_BTCUSDT.csv.gz,28094502,2025-10-10T22:48:50.091271
data_v7/quarantine/w7_w6_w5_other_pairs/BINANCE_20250728_BTCUSDT.csv.gz,artifacts/data_v7/quarantine/w7_w6_w5_other_pairs/BINANCE_20250728_BTCUSDT.csv.gz,129378923,2025-10-10T22:42:51.691435
data_v7/quarantine/w7_w6_w5_other_pairs/COINBASE_20250802_BTCUSDT.csv.gz,artifacts/data_v7/quarantine/w7_w6_w5_other_pairs/COINBASE_20250802_BTCUSDT.csv.gz,26363816,2025-10-10T22:49:47.758988
data_v7/quarantine/w7_w6_w5_other_pairs/BYBITSPOT_20250729_BTCUSDT.csv.gz,artifacts/data_v7/quarantine/w7_w6_w5_other_pairs/BYBITSPOT_20250729_BTCUSDT.csv.gz,20451096,2025-10-10T22:44:27.740830
data_v7/quarantine/w7_w6_w5_other_pairs/BYBITSPOT_20250728_BTCUSDT.csv.gz,artifacts/data_v7/quarantine/w7_w6_w5_other_pairs/BYBITSPOT_20250728_BTCUSDT.csv.gz,19791865,2025-10-10T22:43:11.431509
data_v7/quarantine/w7_w6_w5_other_pairs/COINBASE_20250804_BTCUSDT.csv.gz,artifacts/data_v7/quarantine/w7_w6_w5_other_pairs/COINBASE_20250804_BTCUSDT.csv.gz,23352715,2025-10-10T23:21:12.515473
data_v7/quarantine/w7_w6_w5_other_pairs/BITGET_20250801_BTCUSDT.csv.gz,artifacts/data_v7/quarantine/w7_w6_w5_other_pairs/BITGET_20250801_BTCUSDT.csv.gz,11503174,2025-10-10T22:48:57.473471
data_v7/quarantine/w7_w6_w5_other_pairs/COINBASE_20250803_BTCUSDT.csv.gz,artifacts/data_v7/quarantine/w7_w6_w5_other_pairs/COINBASE_20250803_BTCUSDT.csv.gz,18027968,2025-10-10T23:20:54.525708
data_v7/quarantine/w7_w6_w5_other_pairs/BINANCE_20250729_BTCUSDT.csv.gz,artifacts/data_v7/quarantine/w7_w6_w5_other_pairs/BINANCE_20250729_BTCUSDT.csv.gz,129497110,2025-10-10T22:44:03.038411
data_v7/quarantine/w7_w6_w5_other_pairs/BITGET_20250803_BTCUSDT.csv.gz,artifacts/data_v7/quarantine/w7_w6_w5_other_pairs/BITGET_20250803_BTCUSDT.csv.gz,4093351,2025-10-10T23:21:39.375108
data_v7/quarantine/w7_w6_w5_other_pairs/BYBITSPOT_20250730_BTCUSDT.csv.gz,artifacts/data_v7/quarantine/w7_w6_w5_other_pairs/BYBITSPOT_20250730_BTCUSDT.csv.gz,23712818,2025-10-10T22:45:55.683007
data_v7/quarantine/w7_w6_w5_other_pairs/COINBASE_20250801_BTCUSDT.csv.gz,artifacts/data_v7/quarantine/w7_w6_w5_other_pairs/COINBASE_20250801_BTCUSDT.csv.gz,46366527,2025-10-10T22:48:38.195496
data_v7/quarantine/w7_w6_w5_other_pairs/BINANCE_20250731_BTCUSDT.csv.gz,artifacts/data_v7/quarantine/w7_w6_w5_other_pairs/BINANCE_20250731_BTCUSDT.csv.gz,128824056,2025-10-10T22:46:53.269076
data_v7/quarantine/w7_w6_w5_other_pairs/BITGET_20250804_BTCUSDT.csv.gz,artifacts/data_v7/quarantine/w7_w6_w5_other_pairs/BITGET_20250804_BTCUSDT.csv.gz,5982196,2025-10-10T23:21:47.044098
data_v7/quarantine/w7_w6_w5_other_pairs/BINANCE_20250730_BTCUSDT.csv.gz,artifacts/data_v7/quarantine/w7_w6_w5_other_pairs/BINANCE_20250730_BTCUSDT.csv.gz,131484129,2025-10-10T22:45:31.297102
data_v7/quarantine/w7_w6_w5_other_pairs/BYBITSPOT_20250731_BTCUSDT.csv.gz,artifacts/data_v7/quarantine/w7_w6_w5_other_pairs/BYBITSPOT_20250731_BTCUSDT.csv.gz,19249702,2025-10-10T22:47:16.892264
data_v7/quarantine/w7_w6_w5_other_pairs/BITGET_20250802_BTCUSDT.csv.gz,artifacts/data_v7/quarantine/w7_w6_w5_other_pairs/BITGET_20250802_BTCUSDT.csv.gz,4887026,2025-10-10T22:50:02.676156
data_v7/quarantine/COINBASE/20250708/QUARANTINE_IDDI_4e74f670__BTC-USD.csv.gz,artifacts/data_v7/quarantine/COINBASE/20250708/QUARANTINE_IDDI_4e74f670__BTC-USD.csv.gz,734406,2025-10-11T17:09:48.260790
data_v7/quarantine/COINBASE/20250710/QUARANTINE_IDDI_7d7621d9__BTC-USD.csv.gz,artifacts/data_v7/quarantine/COINBASE/20250710/QUARANTINE_IDDI_7d7621d9__BTC-USD.csv.gz,1983593,2025-10-11T17:19:05.245744
data_v7/quarantine/week7_other_pairs/coinapi_jul_w6b/20250714/BINANCE/IDDI-138148+SC-BINANCE_SPOT_LTC_BNB+S-LTCBNB.csv.gz,artifacts/data_v7/quarantine/week7_other_pairs/coinapi_jul_w6b/20250714/BINANCE/IDDI-138148+SC-BINANCE_SPOT_LTC_BNB+S-LTCBNB.csv.gz,22823,2025-10-11T14:36:30.521370
data_v7/quarantine/week7_other_pairs/coinapi_jul_w6b/20250714/BINANCE/IDDI-10845952+SC-BINANCE_SPOT_XVG_TRY+S-XVGTRY.csv.gz,artifacts/data_v7/quarantine/week7_other_pairs/coinapi_jul_w6b/20250714/BINANCE/IDDI-10845952+SC-BINANCE_SPOT_XVG_TRY+S-XVGTRY.csv.gz,92775,2025-10-11T14:35:12.342946
data_v7/quarantine/week7_other_pairs/coinapi_jul_w6b/20250714/BINANCE/IDDI-13121925+SC-BINANCE_SPOT_ARKM_TRY+S-ARKMTRY.csv.gz,artifacts/data_v7/quarantine/week7_other_pairs/coinapi_jul_w6b/20250714/BINANCE/IDDI-13121925+SC-BINANCE_SPOT_ARKM_TRY+S-ARKMTRY.csv.gz,351065,2025-10-11T14:35:16.295578
data_v7/quarantine/week7_other_pairs/coinapi_jul_w6b/20250714/BINANCE/IDDI-138165+SC-BINANCE_SPOT_QTUM_ETH+S-QTUMETH.csv.gz,artifacts/data_v7/quarantine/week7_other_pairs/coinapi_jul_w6b/20250714/BINANCE/IDDI-138165+SC-BINANCE_SPOT_QTUM_ETH+S-QTUMETH.csv.gz,969,2025-10-11T14:36:33.888283
data_v7/quarantine/week7_other_pairs/coinapi_jul_w6b/20250714/BINANCE/IDDI-10845948+SC-BINANCE_SPOT_BCH_TRY+S-BCHTRY.csv.gz,artifacts/data_v7/quarantine/week7_other_pairs/coinapi_jul_w6b/20250714/BINANCE/IDDI-10845948+SC-BINANCE_SPOT_BCH_TRY+S-BCHTRY.csv.gz,21194,2025-10-11T14:35:11.013096
data_v7/quarantine/week7_other_pairs/coinapi_jul_w6b/20250714/BINANCE/IDDI-138105+SC-BINANCE_SPOT_BNB_BTC+S-BNBBTC.csv.gz,artifacts/data_v7/quarantine/week7_other_pairs/coinapi_jul_w6b/20250714/BINANCE/IDDI-138105+SC-BINANCE_SPOT_BNB_BTC+S-BNBBTC.csv.gz,1361331,2025-10-11T14:35:43.739618
data_v7/quarantine/week7_other_pairs/coinapi_jul_w6b/20250714/BINANCE/IDDI-138144+SC-BINANCE_SPOT_LTC_USDT+S-LTCUSDT.csv.gz,artifacts/data_v7/quarantine/week7_other_pairs/coinapi_jul_w6b/20250714/BINANCE/IDDI-138144+SC-BINANCE_SPOT_LTC_USDT+S-LTCUSDT.csv.gz,16214313,2025-10-11T14:36:29.367133
data_v7/quarantine/week7_other_pairs/coinapi_jul_w6b/20250714/BINANCE/IDDI-137806+SC-BINANCE_SPOT_XLM_ETH+S-XLMETH.csv.gz,artifacts/data_v7/quarantine/week7_other_pairs/coinapi_jul_w6b/20250714/BINANCE/IDDI-137806+SC-BINANCE_SPOT_XLM_ETH+S-XLMETH.csv.gz,1697682,2025-10-11T14:35:19.721958
data_v7/quarantine/week7_other_pairs/coinapi_jul_w6b/20250714/BINANCE/IDDI-138071+SC-BINANCE_SPOT_LRC_BTC+S-LRCBTC.csv.gz,artifacts/data_v7/quarantine/week7_other_pairs/coinapi_jul_w6b/20250714/BINANCE/IDDI-138071+SC-BINANCE_SPOT_LRC_BTC+S-LRCBTC.csv.gz,6840,2025-10-11T14:35:38.936666
data_v7/quarantine/week7_other_pairs/coinapi_jul_w6b/20250714/BINANCE/IDDI-138162+SC-BINANCE_SPOT_LINK_ETH+S-LINKETH.csv.gz,artifacts/data_v7/quarantine/week7_other_pairs/coinapi_jul_w6b/20250714/BINANCE/IDDI-138162+SC-BINANCE_SPOT_LINK_ETH+S-LINKETH.csv.gz,187145,2025-10-11T14:36:32.094724
data_v7/quarantine/week7_other_pairs/coinapi_jul_w6b/20250714/BINANCE/IDDI-138192+SC-BINANCE_SPOT_KNC_BTC+S-KNCBTC.csv.gz,artifacts/data_v7/quarantine/week7_other_pairs/coinapi_jul_w6b/20250714/BINANCE/IDDI-138192+SC-BINANCE_SPOT_KNC_BTC+S-KNCBTC.csv.gz,100167,2025-10-11T14:36:49.550487
data_v7/quarantine/week7_other_pairs/coinapi_jul_w6b/20250714/BINANCE/IDDI-137801+SC-BINANCE_SPOT_ZEC_ETH+S-ZECETH.csv.gz,artifacts/data_v7/quarantine/week7_other_pairs/coinapi_jul_w6b/20250714/BINANCE/IDDI-137801+SC-BINANCE_SPOT_ZEC_ETH+S-ZECETH.csv.gz,5919,2025-10-11T14:35:17.811212
data_v7/quarantine/week7_other_pairs/coinapi_jul_w6b/20250714/BINANCE/IDDI-138174+SC-BINANCE_SPOT_GAS_BTC+S-GASBTC.csv.gz,artifacts/data_v7/quarantine/week7_other_pairs/coinapi_jul_w6b/20250714/BINANCE/IDDI-138174+SC-BINANCE_SPOT_GAS_BTC+S-GASBTC.csv.gz,12962,2025-10-11T14:36:36.824820
data_v7/quarantine/week7_other_pairs/coinapi_jul_w6b/20250714/BINANCE/IDDI-137823+SC-BINANCE_SPOT_XRP_BTC+S-XRPBTC.csv.gz,artifacts/data_v7/quarantine/week7_other_pairs/coinapi_jul_w6b/20250714/BINANCE/IDDI-137823+SC-BINANCE_SPOT_XRP_BTC+S-XRPBTC.csv.gz,2865243,2025-10-11T14:35:21.804265
data_v7/quarantine/week7_other_pairs/coinapi_jul_w6b/20250714/BINANCE/IDDI-138086+SC-BINANCE_SPOT_BNB_ETH+S-BNBETH.csv.gz,artifacts/data_v7/quarantine/week7_other_pairs/coinapi_jul_w6b/20250714/BINANCE/IDDI-138086+SC-BINANCE_SPOT_BNB_ETH+S-BNBETH.csv.gz,303109,2025-10-11T14:35:40.840635
data_v7/quarantine/week7_other_pairs/coinapi_jul_w6b/20250714/BINANCE/IDDI-137879+SC-BINANCE_SPOT_MTL_BTC+S-MTLBTC.csv.gz,artifacts/data_v7/quarantine/week7_other_pairs/coinapi_jul_w6b/20250714/BINANCE/IDDI-137879+SC-BINANCE_SPOT_MTL_BTC+S-MTLBTC.csv.gz,12304,2025-10-11T14:35:23.014087
data_v7/quarantine/week7_other_pairs/coinapi_jul_w6b/20250714/BINANCE/IDDI-138136+SC-BINANCE_SPOT_STORJ_BTC+S-STORJBTC.csv.gz,artifacts/data_v7/quarantine/week7_other_pairs/coinapi_jul_w6b/20250714/BINANCE/IDDI-138136+SC-BINANCE_SPOT_STORJ_BTC+S-STORJBTC.csv.gz,14066,2025-10-11T14:36:16.510567
data_v7/quarantine/week7_other_pairs/coinapi_jul_w6b/20250714/BINANCE/IDDI-137835+SC-BINANCE_SPOT_NEO_USDT+S-NEOUSDT.csv.gz,artifacts/data_v7/quarantine/week7_other_pairs/coinapi_jul_w6b/20250714/BINANCE/IDDI-137835+SC-BINANCE_SPOT_NEO_USDT+S-NEOUSDT.csv.gz,1054185,2025-10-11T14:35:21.927820
data_v7/quarantine/week7_other_pairs/coinapi_jul_w6b/20250714/BINANCE/IDDI-137925+SC-BINANCE_SPOT_IOTA_BTC+S-IOTABTC.csv.gz,artifacts/data_v7/quarantine/week7_other_pairs/coinapi_jul_w6b/20250714/BINANCE/IDDI-137925+SC-BINANCE_SPOT_IOTA_BTC+S-IOTABTC.csv.gz,161883,2025-10-11T14:35:30.949572
data_v7/quarantine/week7_other_pairs/coinapi_jul_w6b/20250714/BINANCE/IDDI-137854+SC-BINANCE_SPOT_LINK_BTC+S-LINKBTC.csv.gz,artifacts/data_v7/quarantine/week7_other_pairs/coinapi_jul_w6b/20250714/BINANCE/IDDI-137854+SC-BINANCE_SPOT_LINK_BTC+S-LINKBTC.csv.gz,475889,2025-10-11T14:35:23.839208
data_v7/quarantine/week7_other_pairs/coinapi_jul_w6b/20250714/BINANCE/IDDI-137900+SC-BINANCE_SPOT_TRX_BTC+S-TRXBTC.csv.gz,artifacts/data_v7/quarantine/week7_other_pairs/coinapi_jul_w6b/20250714/BINANCE/IDDI-137900+SC-BINANCE_SPOT_TRX_BTC+S-TRXBTC.csv.gz,218641,2025-10-11T14:35:27.975965
data_v7/quarantine/week7_other_pairs/coinapi_jul_w6b/20250714/BINANCE/IDDI-138142+SC-BINANCE_SPOT_ADA_ETH+S-ADAETH.csv.gz,artifacts/data_v7/quarantine/week7_other_pairs/coinapi_jul_w6b/20250714/BINANCE/IDDI-138142+SC-BINANCE_SPOT_ADA_ETH+S-ADAETH.csv.gz,225466,2025-10-11T14:36:18.418345
data_v7/quarantine/week7_other_pairs/coinapi_jul_w6b/20250714/BINANCE/IDDI-137964+SC-BINANCE_SPOT_ENJ_BTC+S-ENJBTC.csv.gz,artifacts/data_v7/quarantine/week7_other_pairs/coinapi_jul_w6b/20250714/BINANCE/IDDI-137964+SC-BINANCE_SPOT_ENJ_BTC+S-ENJBTC.csv.gz,7268,2025-10-11T14:35:32.914109
data_v7/quarantine/week7_other_pairs/coinapi_jul_w6b/20250714/BINANCE/IDDI-138040+SC-BINANCE_SPOT_POWR_BTC+S-POWRBTC.csv.gz,artifacts/data_v7/quarantine/week7_other_pairs/coinapi_jul_w6b/20250714/BINANCE/IDDI-138040+SC-BINANCE_SPOT_POWR_BTC+S-POWRBTC.csv.gz,120378,2025-10-11T14:35:36.698347
data_v7/quarantine/week7_other_pairs/coinapi_jul_w6b/20250714/BINANCE/IDDI-13110746+SC-BINANCE_SPOT_ARKM_BTC+S-ARKMBTC.csv.gz,artifacts/data_v7/quarantine/week7_other_pairs/coinapi_jul_w6b/20250714/BINANCE/IDDI-13110746+SC-BINANCE_SPOT_ARKM_BTC+S-ARKMBTC.csv.gz,19184,2025-10-11T14:35:14.519274
data_v7/quarantine/week7_other_pairs/coinapi_jul_w6b/20250714/BINANCE/IDDI-137772+SC-BINANCE_SPOT_ICX_BTC+S-ICXBTC.csv.gz,artifacts/data_v7/quarantine/week7_other_pairs/coinapi_jul_w6b/20250714/BINANCE/IDDI-137772+SC-BINANCE_SPOT_ICX_BTC+S-ICXBTC.csv.gz,5712,2025-10-11T14:35:17.165202
data_v7/quarantine/week7_other_pairs/coinapi_jul_w6b/20250714/BINANCE/IDDI-137893+SC-BINANCE_SPOT_ETH_USDT+S-ETHUSDT.csv.gz,artifacts/data_v7/quarantine/week7_other_pairs/coinapi_jul_w6b/20250714/BINANCE/IDDI-137893+SC-BINANCE_SPOT_ETH_USDT+S-ETHUSDT.csv.gz,144586959,2025-10-11T14:36:15.547749
data_v7/quarantine/week7_other_pairs/coinapi_jul_w6b/20250714/BINANCE/IDDI-138187+SC-BINANCE_SPOT_ZEC_BTC+S-ZECBTC.csv.gz,artifacts/data_v7/quarantine/week7_other_pairs/coinapi_jul_w6b/20250714/BINANCE/IDDI-138187+SC-BINANCE_SPOT_ZEC_BTC+S-ZECBTC.csv.gz,17579,2025-10-11T14:36:46.162803
data_v7/quarantine/week7_other_pairs/coinapi_jul_w6b/20250714/BINANCE/IDDI-138191+SC-BINANCE_SPOT_XRP_ETH+S-XRPETH.csv.gz,artifacts/data_v7/quarantine/week7_other_pairs/coinapi_jul_w6b/20250714/BINANCE/IDDI-138191+SC-BINANCE_SPOT_XRP_ETH+S-XRPETH.csv.gz,756951,2025-10-11T14:36:48.209787
data_v7/quarantine/week7_other_pairs/coinapi_jul_w6b/20250714/BINANCE/IDDI-138065+SC-BINANCE_SPOT_ADX_BTC+S-ADXBTC.csv.gz,artifacts/data_v7/quarantine/week7_other_pairs/coinapi_jul_w6b/20250714/BINANCE/IDDI-138065+SC-BINANCE_SPOT_ADX_BTC+S-ADXBTC.csv.gz,19980,2025-10-11T14:35:37.861722
data_v7/quarantine/week7_other_pairs/coinapi_jul_w6b/20250714/BINANCE/IDDI-138112+SC-BINANCE_SPOT_MANA_ETH+S-MANAETH.csv.gz,artifacts/data_v7/quarantine/week7_other_pairs/coinapi_jul_w6b/20250714/BINANCE/IDDI-138112+SC-BINANCE_SPOT_MANA_ETH+S-MANAETH.csv.gz,3838,2025-10-11T14:36:04.264632
data_v7/quarantine/week7_other_pairs/coinapi_jul_w6b/20250714/BINANCE/IDDI-137942+SC-BINANCE_SPOT_XVG_ETH+S-XVGETH.csv.gz,artifacts/data_v7/quarantine/week7_other_pairs/coinapi_jul_w6b/20250714/BINANCE/IDDI-137942+SC-BINANCE_SPOT_XVG_ETH+S-XVGETH.csv.gz,14969,2025-10-11T14:35:32.042413
data_v7/quarantine/week7_other_pairs/coinapi_jul_w6b/20250714/BINANCE/IDDI-138033+SC-BINANCE_SPOT_BAT_BTC+S-BATBTC.csv.gz,artifacts/data_v7/quarantine/week7_other_pairs/coinapi_jul_w6b/20250714/BINANCE/IDDI-138033+SC-BINANCE_SPOT_BAT_BTC+S-BATBTC.csv.gz,26119,2025-10-11T14:35:35.100168
data_v7/quarantine/week7_other_pairs/coinapi_jul_w6b/20250714/BINANCE/IDDI-13110728+SC-BINANCE_SPOT_ARKM_USDT+S-ARKMUSDT.csv.gz,artifacts/data_v7/quarantine/week7_other_pairs/coinapi_jul_w6b/20250714/BINANCE/IDDI-13110728+SC-BINANCE_SPOT_ARKM_USDT+S-ARKMUSDT.csv.gz,3279518,2025-10-11T14:35:14.435687
data_v7/quarantine/week7_other_pairs/coinapi_jul_w6b/20250714/BINANCE/IDDI-138166+SC-BINANCE_SPOT_ADA_BTC+S-ADABTC.csv.gz,artifacts/data_v7/quarantine/week7_other_pairs/coinapi_jul_w6b/20250714/BINANCE/IDDI-138166+SC-BINANCE_SPOT_ADA_BTC+S-ADABTC.csv.gz,480477,2025-10-11T14:36:35.921783
data_v7/quarantine/week7_other_pairs/coinapi_jul_w6b/20250714/BINANCE/IDDI-13507220+SC-BINANCE_SPOT_WBETH_USDT+S-WBETHUSDT.csv.gz,artifacts/data_v7/quarantine/week7_other_pairs/coinapi_jul_w6b/20250714/BINANCE/IDDI-13507220+SC-BINANCE_SPOT_WBETH_USDT+S-WBETHUSDT.csv.gz,935723,2025-10-11T14:35:16.953010
data_v7/quarantine/week7_other_pairs/coinapi_jul_w6b/20250714/BINANCE/IDDI-138196+SC-BINANCE_SPOT_LTC_BTC+S-LTCBTC.csv.gz,artifacts/data_v7/quarantine/week7_other_pairs/coinapi_jul_w6b/20250714/BINANCE/IDDI-138196+SC-BINANCE_SPOT_LTC_BTC+S-LTCBTC.csv.gz,199015,2025-10-11T14:36:51.110109
data_v7/quarantine/week7_other_pairs/coinapi_jul_w6b/20250714/BINANCE/IDDI-137816+SC-BINANCE_SPOT_DASH_ETH+S-DASHETH.csv.gz,artifacts/data_v7/quarantine/week7_other_pairs/coinapi_jul_w6b/20250714/BINANCE/IDDI-137816+SC-BINANCE_SPOT_DASH_ETH+S-DASHETH.csv.gz,3143,2025-10-11T14:35:18.689441
data_v7/quarantine/week7_other_pairs/coinapi_jul_w6b/20250714/BINANCE/IDDI-138177+SC-BINANCE_SPOT_ETH_BTC+S-ETHBTC.csv.gz,artifacts/data_v7/quarantine/week7_other_pairs/coinapi_jul_w6b/20250714/BINANCE/IDDI-138177+SC-BINANCE_SPOT_ETH_BTC+S-ETHBTC.csv.gz,4191644,2025-10-11T14:36:40.193045
data_v7/quarantine/week7_other_pairs/coinapi_jul_w6b/20250714/BINANCE/IDDI-138164+SC-BINANCE_SPOT_LSK_BTC+S-LSKBTC.csv.gz,artifacts/data_v7/quarantine/week7_other_pairs/coinapi_jul_w6b/20250714/BINANCE/IDDI-138164+SC-BINANCE_SPOT_LSK_BTC+S-LSKBTC.csv.gz,8844,2025-10-11T14:36:32.989145
data_v7/quarantine/week7_other_pairs/coinapi_jul_w6b/20250714/BINANCE/IDDI-138186+SC-BINANCE_SPOT_NEO_BTC+S-NEOBTC.csv.gz,artifacts/data_v7/quarantine/week7_other_pairs/coinapi_jul_w6b/20250714/BINANCE/IDDI-138186+SC-BINANCE_SPOT_NEO_BTC+S-NEOBTC.csv.gz,56401,2025-10-11T14:36:45.055295
data_v7/quarantine/week7_other_pairs/coinapi_jul_w6b/20250714/BINANCE/IDDI-138108+SC-BINANCE_SPOT_BNB_USDT+S-BNBUSDT.csv.gz,artifacts/data_v7/quarantine/week7_other_pairs/coinapi_jul_w6b/20250714/BINANCE/IDDI-138108+SC-BINANCE_SPOT_BNB_USDT+S-BNBUSDT.csv.gz,35448386,2025-10-11T14:36:03.378189
data_v7/quarantine/week7_other_pairs/coinapi_jul_w6b/20250714/BINANCE/IDDI-138181+SC-BINANCE_SPOT_DASH_BTC+S-DASHBTC.csv.gz,artifacts/data_v7/quarantine/week7_other_pairs/coinapi_jul_w6b/20250714/BINANCE/IDDI-138181+SC-BINANCE_SPOT_DASH_BTC+S-DASHBTC.csv.gz,20341,2025-10-11T14:36:42.836165
data_v7/quarantine/week7_other_pairs/coinapi_jul_w6b/20250714/BINANCE/IDDI-138179+SC-BINANCE_SPOT_ETC_BTC+S-ETCBTC.csv.gz,artifacts/data_v7/quarantine/week7_other_pairs/coinapi_jul_w6b/20250714/BINANCE/IDDI-138179+SC-BINANCE_SPOT_ETC_BTC+S-ETCBTC.csv.gz,138990,2025-10-11T14:36:41.767299
data_v7/quarantine/week7_other_pairs/coinapi_jul_w6b/20250714/BINANCE/IDDI-137968+SC-BINANCE_SPOT_ETC_ETH+S-ETCETH.csv.gz,artifacts/data_v7/quarantine/week7_other_pairs/coinapi_jul_w6b/20250714/BINANCE/IDDI-137968+SC-BINANCE_SPOT_ETC_ETH+S-ETCETH.csv.gz,6750,2025-10-11T14:35:34.001055
data_v7/quarantine/week7_other_pairs/coinapi_jul_w6b/20250714/BINANCE/IDDI-138184+SC-BINANCE_SPOT_QTUM_BTC+S-QTUMBTC.csv.gz,artifacts/data_v7/quarantine/week7_other_pairs/coinapi_jul_w6b/20250714/BINANCE/IDDI-138184+SC-BINANCE_SPOT_QTUM_BTC+S-QTUMBTC.csv.gz,4005,2025-10-11T14:36:43.698357
data_v7/quarantine/week7_other_pairs/coinapi_jul_w6b/20250714/BINANCE/IDDI-137915+SC-BINANCE_SPOT_TRX_ETH+S-TRXETH.csv.gz,artifacts/data_v7/quarantine/week7_other_pairs/coinapi_jul_w6b/20250714/BINANCE/IDDI-137915+SC-BINANCE_SPOT_TRX_ETH+S-TRXETH.csv.gz,54533,2025-10-11T14:35:29.297142
data_v7/quarantine/week7_other_pairs/coinapi_jul_w6b/20250714/BINANCE/IDDI-138209+SC-BINANCE_SPOT_POWR_ETH+S-POWRETH.csv.gz,artifacts/data_v7/quarantine/week7_other_pairs/coinapi_jul_w6b/20250714/BINANCE/IDDI-138209+SC-BINANCE_SPOT_POWR_ETH+S-POWRETH.csv.gz,25278,2025-10-11T14:36:52.276516
data_v7/quarantine/week7_other_pairs/coinapi_jul_w6b/20250714/BINANCE/IDDI-10845939+SC-BINANCE_SPOT_ARB_ETH+S-ARBETH.csv.gz,artifacts/data_v7/quarantine/week7_other_pairs/coinapi_jul_w6b/20250714/BINANCE/IDDI-10845939+SC-BINANCE_SPOT_ARB_ETH+S-ARBETH.csv.gz,57793,2025-10-11T14:35:11.509980
data_v7/quarantine/week7_other_pairs/coinapi_jul_w6b/20250714/BINANCE/IDDI-138123+SC-BINANCE_SPOT_BTC_USDT+S-BTCUSDT.csv.gz,artifacts/data_v7/quarantine/week7_other_pairs/coinapi_jul_w6b/20250714/BINANCE/IDDI-138123+SC-BINANCE_SPOT_BTC_USDT+S-BTCUSDT.csv.gz,155244332,2025-10-11T14:37:08.103652
data_v7/quarantine/week7_other_pairs/coinapi_jul_w6b/20250714/BINANCE/IDDI-13110741+SC-BINANCE_SPOT_ARKM_BNB+S-ARKMBNB.csv.gz,artifacts/data_v7/quarantine/week7_other_pairs/coinapi_jul_w6b/20250714/BINANCE/IDDI-13110741+SC-BINANCE_SPOT_ARKM_BNB+S-ARKMBNB.csv.gz,4775,2025-10-11T14:35:13.427291
data_v7/quarantine/week7_other_pairs/coinapi_jul_w6b/20250714/BINANCE/IDDI-138143+SC-BINANCE_SPOT_XLM_BTC+S-XLMBTC.csv.gz,artifacts/data_v7/quarantine/week7_other_pairs/coinapi_jul_w6b/20250714/BINANCE/IDDI-138143+SC-BINANCE_SPOT_XLM_BTC+S-XLMBTC.csv.gz,852143,2025-10-11T14:36:20.465168
data_v7/quarantine/week7_other_pairs/coinapi_jul_w7/20250709/BYBITSPOT/IDDI-6072968+SC-BYBITSPOT_SPOT_LTC_BTC+S-LTCBTC.csv.gz,artifacts/data_v7/quarantine/week7_other_pairs/coinapi_jul_w7/20250709/BYBITSPOT/IDDI-6072968+SC-BYBITSPOT_SPOT_LTC_BTC+S-LTCBTC.csv.gz,20413,2025-10-11T14:51:02.359726
data_v7/quarantine/week7_other_pairs/coinapi_jul_w7/20250709/BYBITSPOT/IDDI-6072818+SC-BYBITSPOT_SPOT_ETH_BTC+S-ETHBTC.csv.gz,artifacts/data_v7/quarantine/week7_other_pairs/coinapi_jul_w7/20250709/BYBITSPOT/IDDI-6072818+SC-BYBITSPOT_SPOT_ETH_BTC+S-ETHBTC.csv.gz,712429,2025-10-11T14:51:01.265849
data_v7/quarantine/week7_other_pairs/coinapi_jul_w7/20250709/BITGET/IDDI-6891538+SC-BITGET_SPOT_ETH_BTC+S-ETHBTC.csv.gz,artifacts/data_v7/quarantine/week7_other_pairs/coinapi_jul_w7/20250709/BITGET/IDDI-6891538+SC-BITGET_SPOT_ETH_BTC+S-ETHBTC.csv.gz,323565,2025-10-11T14:51:08.172011
data_v7/quarantine/week7_other_pairs/coinapi_jul_w7/20250709/BITGET/IDDI-36881236+SC-BITGET_SPOT_LTC_BTC+S-LTCBTC.csv.gz,artifacts/data_v7/quarantine/week7_other_pairs/coinapi_jul_w7/20250709/BITGET/IDDI-36881236+SC-BITGET_SPOT_LTC_BTC+S-LTCBTC.csv.gz,107378,2025-10-11T14:51:05.504006
data_v7/quarantine/week7_other_pairs/coinapi_jul_w7/20250709/BINANCE/IDDI-20233713+SC-BINANCE_SPOT_BTC_FDUSD+S-BTCFDUSD.csv.gz,artifacts/data_v7/quarantine/week7_other_pairs/coinapi_jul_w7/20250709/BINANCE/IDDI-20233713+SC-BINANCE_SPOT_BTC_FDUSD+S-BTCFDUSD.csv.gz,103953691,2025-10-11T14:50:59.048541
data_v7/quarantine/week7_other_pairs/coinapi_jul_w7/20250709/BINANCE/IDDI-138196+SC-BINANCE_SPOT_LTC_BTC+S-LTCBTC.csv.gz,artifacts/data_v7/quarantine/week7_other_pairs/coinapi_jul_w7/20250709/BINANCE/IDDI-138196+SC-BINANCE_SPOT_LTC_BTC+S-LTCBTC.csv.gz,152990,2025-10-11T14:50:09.842776
data_v7/quarantine/week7_other_pairs/coinapi_jul_w7/20250709/BINANCE/IDDI-138177+SC-BINANCE_SPOT_ETH_BTC+S-ETHBTC.csv.gz,artifacts/data_v7/quarantine/week7_other_pairs/coinapi_jul_w7/20250709/BINANCE/IDDI-138177+SC-BINANCE_SPOT_ETH_BTC+S-ETHBTC.csv.gz,3332785,2025-10-11T14:50:08.267943
data_v7/quarantine/week7_other_pairs/coinapi_jul_w7/20250709/BINANCE/IDDI-36885797+SC-BINANCE_SPOT_BTC_JPY+S-BTCJPY.csv.gz,artifacts/data_v7/quarantine/week7_other_pairs/coinapi_jul_w7/20250709/BINANCE/IDDI-36885797+SC-BINANCE_SPOT_BTC_JPY+S-BTCJPY.csv.gz,1882192,2025-10-11T14:50:46.806149
data_v7/quarantine/week7_other_pairs/coinapi_jul_w7/20250707/BINANCE/IDDI-20233713+SC-BINANCE_SPOT_BTC_FDUSD+S-BTCFDUSD.csv.gz,artifacts/data_v7/quarantine/week7_other_pairs/coinapi_jul_w7/20250707/BINANCE/IDDI-20233713+SC-BINANCE_SPOT_BTC_FDUSD+S-BTCFDUSD.csv.gz,82461605,2025-10-11T14:45:52.228449
data_v7/quarantine/week7_other_pairs/coinapi_jul_w7/20250707/BINANCE/IDDI-138210+SC-BINANCE_SPOT_REQ_BTC+S-REQBTC.csv.gz,artifacts/data_v7/quarantine/week7_other_pairs/coinapi_jul_w7/20250707/BINANCE/IDDI-138210+SC-BINANCE_SPOT_REQ_BTC+S-REQBTC.csv.gz,1173,2025-10-11T14:45:22.740371
data_v7/quarantine/week7_other_pairs/coinapi_jul_w7/20250707/BINANCE/IDDI-36850213+SC-BINANCE_SPOT_MANTA_BTC+S-MANTABTC.csv.gz,artifacts/data_v7/quarantine/week7_other_pairs/coinapi_jul_w7/20250707/BINANCE/IDDI-36850213+SC-BINANCE_SPOT_MANTA_BTC+S-MANTABTC.csv.gz,12709,2025-10-11T14:45:40.095478
data_v7/quarantine/week7_other_pairs/coinapi_jul_w7/20250707/BINANCE/IDDI-36774890+SC-BINANCE_SPOT_TIA_BTC+S-TIABTC.csv.gz,artifacts/data_v7/quarantine/week7_other_pairs/coinapi_jul_w7/20250707/BINANCE/IDDI-36774890+SC-BINANCE_SPOT_TIA_BTC+S-TIABTC.csv.gz,84282,2025-10-11T14:45:36.675560
data_v7/quarantine/week7_other_pairs/coinapi_jul_w7/20250707/BINANCE/IDDI-138105+SC-BINANCE_SPOT_BNB_BTC+S-BNBBTC.csv.gz,artifacts/data_v7/quarantine/week7_other_pairs/coinapi_jul_w7/20250707/BINANCE/IDDI-138105+SC-BINANCE_SPOT_BNB_BTC+S-BNBBTC.csv.gz,819379,2025-10-11T14:45:01.541216
data_v7/quarantine/week7_other_pairs/coinapi_jul_w7/20250707/BINANCE/IDDI-36859609+SC-BINANCE_SPOT_RONIN_BTC+S-RONINBTC.csv.gz,artifacts/data_v7/quarantine/week7_other_pairs/coinapi_jul_w7/20250707/BINANCE/IDDI-36859609+SC-BINANCE_SPOT_RONIN_BTC+S-RONINBTC.csv.gz,8774,2025-10-11T14:45:42.680494
data_v7/quarantine/week7_other_pairs/coinapi_jul_w7/20250707/BINANCE/IDDI-138229+SC-BINANCE_SPOT_ZRX_BTC+S-ZRXBTC.csv.gz,artifacts/data_v7/quarantine/week7_other_pairs/coinapi_jul_w7/20250707/BINANCE/IDDI-138229+SC-BINANCE_SPOT_ZRX_BTC+S-ZRXBTC.csv.gz,22902,2025-10-11T14:45:24.950526
data_v7/quarantine/week7_other_pairs/coinapi_jul_w7/20250707/BINANCE/IDDI-138071+SC-BINANCE_SPOT_LRC_BTC+S-LRCBTC.csv.gz,artifacts/data_v7/quarantine/week7_other_pairs/coinapi_jul_w7/20250707/BINANCE/IDDI-138071+SC-BINANCE_SPOT_LRC_BTC+S-LRCBTC.csv.gz,2136,2025-10-11T14:45:00.105755
data_v7/quarantine/week7_other_pairs/coinapi_jul_w7/20250707/BINANCE/IDDI-138192+SC-BINANCE_SPOT_KNC_BTC+S-KNCBTC.csv.gz,artifacts/data_v7/quarantine/week7_other_pairs/coinapi_jul_w7/20250707/BINANCE/IDDI-138192+SC-BINANCE_SPOT_KNC_BTC+S-KNCBTC.csv.gz,8832,2025-10-11T14:45:20.218742
data_v7/quarantine/week7_other_pairs/coinapi_jul_w7/20250707/BINANCE/IDDI-24893928+SC-BINANCE_SPOT_SEI_BTC+S-SEIBTC.csv.gz,artifacts/data_v7/quarantine/week7_other_pairs/coinapi_jul_w7/20250707/BINANCE/IDDI-24893928+SC-BINANCE_SPOT_SEI_BTC+S-SEIBTC.csv.gz,89221,2025-10-11T14:45:33.527231
data_v7/quarantine/week7_other_pairs/coinapi_jul_w7/20250707/BINANCE/IDDI-36905284+SC-BINANCE_SPOT_ENA_BTC+S-ENABTC.csv.gz,artifacts/data_v7/quarantine/week7_other_pairs/coinapi_jul_w7/20250707/BINANCE/IDDI-36905284+SC-BINANCE_SPOT_ENA_BTC+S-ENABTC.csv.gz,57004,2025-10-11T14:45:50.139309
data_v7/quarantine/week7_other_pairs/coinapi_jul_w7/20250707/BINANCE/IDDI-24893936+SC-BINANCE_SPOT_CYBER_BTC+S-CYBERBTC.csv.gz,artifacts/data_v7/quarantine/week7_other_pairs/coinapi_jul_w7/20250707/BINANCE/IDDI-24893936+SC-BINANCE_SPOT_CYBER_BTC+S-CYBERBTC.csv.gz,8715,2025-10-11T14:45:34.375087
data_v7/quarantine/week7_other_pairs/coinapi_jul_w7/20250707/BINANCE/IDDI-138174+SC-BINANCE_SPOT_GAS_BTC+S-GASBTC.csv.gz,artifacts/data_v7/quarantine/week7_other_pairs/coinapi_jul_w7/20250707/BINANCE/IDDI-138174+SC-BINANCE_SPOT_GAS_BTC+S-GASBTC.csv.gz,41665,2025-10-11T14:45:11.091807
data_v7/quarantine/week7_other_pairs/coinapi_jul_w7/20250707/BINANCE/IDDI-36880403+SC-BINANCE_SPOT_WIF_BTC+S-WIFBTC.csv.gz,artifacts/data_v7/quarantine/week7_other_pairs/coinapi_jul_w7/20250707/BINANCE/IDDI-36880403+SC-BINANCE_SPOT_WIF_BTC+S-WIFBTC.csv.gz,51125,2025-10-11T14:45:46.004781
data_v7/quarantine/week7_other_pairs/coinapi_jul_w7/20250707/BINANCE/IDDI-137823+SC-BINANCE_SPOT_XRP_BTC+S-XRPBTC.csv.gz,artifacts/data_v7/quarantine/week7_other_pairs/coinapi_jul_w7/20250707/BINANCE/IDDI-137823+SC-BINANCE_SPOT_XRP_BTC+S-XRPBTC.csv.gz,1425450,2025-10-11T14:44:55.720218
data_v7/quarantine/week7_other_pairs/coinapi_jul_w7/20250707/BINANCE/IDDI-137879+SC-BINANCE_SPOT_MTL_BTC+S-MTLBTC.csv.gz,artifacts/data_v7/quarantine/week7_other_pairs/coinapi_jul_w7/20250707/BINANCE/IDDI-137879+SC-BINANCE_SPOT_MTL_BTC+S-MTLBTC.csv.gz,9976,2025-10-11T14:44:56.203645
data_v7/quarantine/week7_other_pairs/coinapi_jul_w7/20250707/BINANCE/IDDI-140557+SC-BINANCE_SPOT_PIVX_BTC+S-PIVXBTC.csv.gz,artifacts/data_v7/quarantine/week7_other_pairs/coinapi_jul_w7/20250707/BINANCE/IDDI-140557+SC-BINANCE_SPOT_PIVX_BTC+S-PIVXBTC.csv.gz,5077,2025-10-11T14:45:25.801478
data_v7/quarantine/week7_other_pairs/coinapi_jul_w7/20250707/BINANCE/IDDI-36877995+SC-BINANCE_SPOT_AXL_BTC+S-AXLBTC.csv.gz,artifacts/data_v7/quarantine/week7_other_pairs/coinapi_jul_w7/20250707/BINANCE/IDDI-36877995+SC-BINANCE_SPOT_AXL_BTC+S-AXLBTC.csv.gz,3817,2025-10-11T14:45:44.623996
data_v7/quarantine/week7_other_pairs/coinapi_jul_w7/20250707/BINANCE/IDDI-36832698+SC-BINANCE_SPOT_NFP_BTC+S-NFPBTC.csv.gz,artifacts/data_v7/quarantine/week7_other_pairs/coinapi_jul_w7/20250707/BINANCE/IDDI-36832698+SC-BINANCE_SPOT_NFP_BTC+S-NFPBTC.csv.gz,3847,2025-10-11T14:45:38.403277
data_v7/quarantine/week7_other_pairs/coinapi_jul_w7/20250707/BINANCE/IDDI-138136+SC-BINANCE_SPOT_STORJ_BTC+S-STORJBTC.csv.gz,artifacts/data_v7/quarantine/week7_other_pairs/coinapi_jul_w7/20250707/BINANCE/IDDI-138136+SC-BINANCE_SPOT_STORJ_BTC+S-STORJBTC.csv.gz,6934,2025-10-11T14:45:06.105047
data_v7/quarantine/week7_other_pairs/coinapi_jul_w7/20250707/BINANCE/IDDI-137925+SC-BINANCE_SPOT_IOTA_BTC+S-IOTABTC.csv.gz,artifacts/data_v7/quarantine/week7_other_pairs/coinapi_jul_w7/20250707/BINANCE/IDDI-137925+SC-BINANCE_SPOT_IOTA_BTC+S-IOTABTC.csv.gz,27077,2025-10-11T14:44:57.346308
data_v7/quarantine/week7_other_pairs/coinapi_jul_w7/20250707/BINANCE/IDDI-137854+SC-BINANCE_SPOT_LINK_BTC+S-LINKBTC.csv.gz,artifacts/data_v7/quarantine/week7_other_pairs/coinapi_jul_w7/20250707/BINANCE/IDDI-137854+SC-BINANCE_SPOT_LINK_BTC+S-LINKBTC.csv.gz,112772,2025-10-11T14:44:55.315131
data_v7/quarantine/week7_other_pairs/coinapi_jul_w7/20250707/BINANCE/IDDI-137900+SC-BINANCE_SPOT_TRX_BTC+S-TRXBTC.csv.gz,artifacts/data_v7/quarantine/week7_other_pairs/coinapi_jul_w7/20250707/BINANCE/IDDI-137900+SC-BINANCE_SPOT_TRX_BTC+S-TRXBTC.csv.gz,192476,2025-10-11T14:44:57.361290
data_v7/quarantine/week7_other_pairs/coinapi_jul_w7/20250707/BINANCE/IDDI-15608785+SC-BINANCE_SPOT_WLD_BTC+S-WLDBTC.csv.gz,artifacts/data_v7/quarantine/week7_other_pairs/coinapi_jul_w7/20250707/BINANCE/IDDI-15608785+SC-BINANCE_SPOT_WLD_BTC+S-WLDBTC.csv.gz,252331,2025-10-11T14:45:27.635442
data_v7/quarantine/week7_other_pairs/coinapi_jul_w7/20250707/BINANCE/IDDI-137964+SC-BINANCE_SPOT_ENJ_BTC+S-ENJBTC.csv.gz,artifacts/data_v7/quarantine/week7_other_pairs/coinapi_jul_w7/20250707/BINANCE/IDDI-137964+SC-BINANCE_SPOT_ENJ_BTC+S-ENJBTC.csv.gz,2761,2025-10-11T14:44:58.176576
data_v7/quarantine/week7_other_pairs/coinapi_jul_w7/20250707/BINANCE/IDDI-138040+SC-BINANCE_SPOT_POWR_BTC+S-POWRBTC.csv.gz,artifacts/data_v7/quarantine/week7_other_pairs/coinapi_jul_w7/20250707/BINANCE/IDDI-138040+SC-BINANCE_SPOT_POWR_BTC+S-POWRBTC.csv.gz,15738,2025-10-11T14:44:59.260784
data_v7/quarantine/week7_other_pairs/coinapi_jul_w7/20250707/BINANCE/IDDI-13110746+SC-BINANCE_SPOT_ARKM_BTC+S-ARKMBTC.csv.gz,artifacts/data_v7/quarantine/week7_other_pairs/coinapi_jul_w7/20250707/BINANCE/IDDI-13110746+SC-BINANCE_SPOT_ARKM_BTC+S-ARKMBTC.csv.gz,3348,2025-10-11T14:44:53.403900
data_v7/quarantine/week7_other_pairs/coinapi_jul_w7/20250707/BINANCE/IDDI-137772+SC-BINANCE_SPOT_ICX_BTC+S-ICXBTC.csv.gz,artifacts/data_v7/quarantine/week7_other_pairs/coinapi_jul_w7/20250707/BINANCE/IDDI-137772+SC-BINANCE_SPOT_ICX_BTC+S-ICXBTC.csv.gz,4235,2025-10-11T14:44:53.814372
data_v7/quarantine/week7_other_pairs/coinapi_jul_w7/20250707/BINANCE/IDDI-138187+SC-BINANCE_SPOT_ZEC_BTC+S-ZECBTC.csv.gz,artifacts/data_v7/quarantine/week7_other_pairs/coinapi_jul_w7/20250707/BINANCE/IDDI-138187+SC-BINANCE_SPOT_ZEC_BTC+S-ZECBTC.csv.gz,14807,2025-10-11T14:45:19.385179
data_v7/quarantine/week7_other_pairs/coinapi_jul_w7/20250707/BINANCE/IDDI-138065+SC-BINANCE_SPOT_ADX_BTC+S-ADXBTC.csv.gz,artifacts/data_v7/quarantine/week7_other_pairs/coinapi_jul_w7/20250707/BINANCE/IDDI-138065+SC-BINANCE_SPOT_ADX_BTC+S-ADXBTC.csv.gz,6808,2025-10-11T14:44:59.469156
data_v7/quarantine/week7_other_pairs/coinapi_jul_w7/20250707/BINANCE/IDDI-142595+SC-BINANCE_SPOT_STEEM_BTC+S-STEEMBTC.csv.gz,artifacts/data_v7/quarantine/week7_other_pairs/coinapi_jul_w7/20250707/BINANCE/IDDI-142595+SC-BINANCE_SPOT_STEEM_BTC+S-STEEMBTC.csv.gz,8081,2025-10-11T14:45:26.045711
data_v7/quarantine/week7_other_pairs/coinapi_jul_w7/20250707/BINANCE/IDDI-138033+SC-BINANCE_SPOT_BAT_BTC+S-BATBTC.csv.gz,artifacts/data_v7/quarantine/week7_other_pairs/coinapi_jul_w7/20250707/BINANCE/IDDI-138033+SC-BINANCE_SPOT_BAT_BTC+S-BATBTC.csv.gz,3562,2025-10-11T14:44:58.407868
data_v7/quarantine/week7_other_pairs/coinapi_jul_w7/20250707/BINANCE/IDDI-138166+SC-BINANCE_SPOT_ADA_BTC+S-ADABTC.csv.gz,artifacts/data_v7/quarantine/week7_other_pairs/coinapi_jul_w7/20250707/BINANCE/IDDI-138166+SC-BINANCE_SPOT_ADA_BTC+S-ADABTC.csv.gz,133597,2025-10-11T14:45:09.992795
data_v7/quarantine/week7_other_pairs/coinapi_jul_w7/20250707/BINANCE/IDDI-36886776+SC-BINANCE_SPOT_AEVO_BTC+S-AEVOBTC.csv.gz,artifacts/data_v7/quarantine/week7_other_pairs/coinapi_jul_w7/20250707/BINANCE/IDDI-36886776+SC-BINANCE_SPOT_AEVO_BTC+S-AEVOBTC.csv.gz,2743,2025-10-11T14:45:48.706113
data_v7/quarantine/week7_other_pairs/coinapi_jul_w7/20250707/BINANCE/IDDI-36858193+SC-BINANCE_SPOT_PYTH_BTC+S-PYTHBTC.csv.gz,artifacts/data_v7/quarantine/week7_other_pairs/coinapi_jul_w7/20250707/BINANCE/IDDI-36858193+SC-BINANCE_SPOT_PYTH_BTC+S-PYTHBTC.csv.gz,2634,2025-10-11T14:45:41.822875
data_v7/quarantine/week7_other_pairs/coinapi_jul_w7/20250707/BINANCE/IDDI-138196+SC-BINANCE_SPOT_LTC_BTC+S-LTCBTC.csv.gz,artifacts/data_v7/quarantine/week7_other_pairs/coinapi_jul_w7/20250707/BINANCE/IDDI-138196+SC-BINANCE_SPOT_LTC_BTC+S-LTCBTC.csv.gz,113937,2025-10-11T14:45:21.887650
data_v7/quarantine/week7_other_pairs/coinapi_jul_w7/20250707/BINANCE/IDDI-138177+SC-BINANCE_SPOT_ETH_BTC+S-ETHBTC.csv.gz,artifacts/data_v7/quarantine/week7_other_pairs/coinapi_jul_w7/20250707/BINANCE/IDDI-138177+SC-BINANCE_SPOT_ETH_BTC+S-ETHBTC.csv.gz,1356044,2025-10-11T14:45:13.540910
data_v7/quarantine/week7_other_pairs/coinapi_jul_w7/20250707/BINANCE/IDDI-36778099+SC-BINANCE_SPOT_ORDI_BTC+S-ORDIBTC.csv.gz,artifacts/data_v7/quarantine/week7_other_pairs/coinapi_jul_w7/20250707/BINANCE/IDDI-36778099+SC-BINANCE_SPOT_ORDI_BTC+S-ORDIBTC.csv.gz,5041,2025-10-11T14:45:37.565264
data_v7/quarantine/week7_other_pairs/coinapi_jul_w7/20250707/BINANCE/IDDI-138164+SC-BINANCE_SPOT_LSK_BTC+S-LSKBTC.csv.gz,artifacts/data_v7/quarantine/week7_other_pairs/coinapi_jul_w7/20250707/BINANCE/IDDI-138164+SC-BINANCE_SPOT_LSK_BTC+S-LSKBTC.csv.gz,2805,2025-10-11T14:45:08.433498
data_v7/quarantine/week7_other_pairs/coinapi_jul_w7/20250707/BINANCE/IDDI-138186+SC-BINANCE_SPOT_NEO_BTC+S-NEOBTC.csv.gz,artifacts/data_v7/quarantine/week7_other_pairs/coinapi_jul_w7/20250707/BINANCE/IDDI-138186+SC-BINANCE_SPOT_NEO_BTC+S-NEOBTC.csv.gz,121889,2025-10-11T14:45:18.323187
data_v7/quarantine/week7_other_pairs/coinapi_jul_w7/20250707/BINANCE/IDDI-139767+SC-BINANCE_SPOT_RLC_BTC+S-RLCBTC.csv.gz,artifacts/data_v7/quarantine/week7_other_pairs/coinapi_jul_w7/20250707/BINANCE/IDDI-139767+SC-BINANCE_SPOT_RLC_BTC+S-RLCBTC.csv.gz,7687,2025-10-11T14:45:25.018222
data_v7/quarantine/week7_other_pairs/coinapi_jul_w7/20250707/BINANCE/IDDI-36853674+SC-BINANCE_SPOT_ALT_BTC+S-ALTBTC.csv.gz,artifacts/data_v7/quarantine/week7_other_pairs/coinapi_jul_w7/20250707/BINANCE/IDDI-36853674+SC-BINANCE_SPOT_ALT_BTC+S-ALTBTC.csv.gz,659,2025-10-11T14:45:40.962994
data_v7/quarantine/week7_other_pairs/coinapi_jul_w7/20250707/BINANCE/IDDI-138181+SC-BINANCE_SPOT_DASH_BTC+S-DASHBTC.csv.gz,artifacts/data_v7/quarantine/week7_other_pairs/coinapi_jul_w7/20250707/BINANCE/IDDI-138181+SC-BINANCE_SPOT_DASH_BTC+S-DASHBTC.csv.gz,34660,2025-10-11T14:45:15.961189
data_v7/quarantine/week7_other_pairs/coinapi_jul_w7/20250707/BINANCE/IDDI-138179+SC-BINANCE_SPOT_ETC_BTC+S-ETCBTC.csv.gz,artifacts/data_v7/quarantine/week7_other_pairs/coinapi_jul_w7/20250707/BINANCE/IDDI-138179+SC-BINANCE_SPOT_ETC_BTC+S-ETCBTC.csv.gz,63912,2025-10-11T14:45:14.863625
data_v7/quarantine/week7_other_pairs/coinapi_jul_w7/20250707/BINANCE/IDDI-36885797+SC-BINANCE_SPOT_BTC_JPY+S-BTCJPY.csv.gz,artifacts/data_v7/quarantine/week7_other_pairs/coinapi_jul_w7/20250707/BINANCE/IDDI-36885797+SC-BINANCE_SPOT_BTC_JPY+S-BTCJPY.csv.gz,417820,2025-10-11T14:45:47.801862
data_v7/quarantine/week7_other_pairs/coinapi_jul_w7/20250707/BINANCE/IDDI-2830799+SC-BINANCE_SPOT_ONT_BTC+S-ONTBTC.csv.gz,artifacts/data_v7/quarantine/week7_other_pairs/coinapi_jul_w7/20250707/BINANCE/IDDI-2830799+SC-BINANCE_SPOT_ONT_BTC+S-ONTBTC.csv.gz,2462,2025-10-11T14:45:35.216370
data_v7/quarantine/week7_other_pairs/coinapi_jul_w7/20250707/BINANCE/IDDI-138184+SC-BINANCE_SPOT_QTUM_BTC+S-QTUMBTC.csv.gz,artifacts/data_v7/quarantine/week7_other_pairs/coinapi_jul_w7/20250707/BINANCE/IDDI-138184+SC-BINANCE_SPOT_QTUM_BTC+S-QTUMBTC.csv.gz,3301,2025-10-11T14:45:16.791799
data_v7/quarantine/week7_other_pairs/coinapi_jul_w7/20250707/BINANCE/IDDI-36877032+SC-BINANCE_SPOT_PORTAL_BTC+S-PORTALBTC.csv.gz,artifacts/data_v7/quarantine/week7_other_pairs/coinapi_jul_w7/20250707/BINANCE/IDDI-36877032+SC-BINANCE_SPOT_PORTAL_BTC+S-PORTALBTC.csv.gz,16970,2025-10-11T14:45:43.765586
data_v7/quarantine/week7_other_pairs/coinapi_jul_w7/20250707/BINANCE/IDDI-138143+SC-BINANCE_SPOT_XLM_BTC+S-XLMBTC.csv.gz,artifacts/data_v7/quarantine/week7_other_pairs/coinapi_jul_w7/20250707/BINANCE/IDDI-138143+SC-BINANCE_SPOT_XLM_BTC+S-XLMBTC.csv.gz,60961,2025-10-11T14:45:07.499202
data_v7/quarantine/week7_other_pairs/coinapi_jul_w7/20250707/BINANCE/IDDI-138215+SC-BINANCE_SPOT_MANA_BTC+S-MANABTC.csv.gz,artifacts/data_v7/quarantine/week7_other_pairs/coinapi_jul_w7/20250707/BINANCE/IDDI-138215+SC-BINANCE_SPOT_MANA_BTC+S-MANABTC.csv.gz,6365,2025-10-11T14:45:23.801178
data_v7/quarantine/week7_other_pairs/coinapi_jul_w7/20250707/BINANCE/IDDI-36842044+SC-BINANCE_SPOT_AI_BTC+S-AIBTC.csv.gz,artifacts/data_v7/quarantine/week7_other_pairs/coinapi_jul_w7/20250707/BINANCE/IDDI-36842044+SC-BINANCE_SPOT_AI_BTC+S-AIBTC.csv.gz,1381,2025-10-11T14:45:39.244973
data_v7/quarantine/week7_other_pairs/coinapi_jul_w7/20250708/BYBITSPOT/IDDI-6072968+SC-BYBITSPOT_SPOT_LTC_BTC+S-LTCBTC.csv.gz,artifacts/data_v7/quarantine/week7_other_pairs/coinapi_jul_w7/20250708/BYBITSPOT/IDDI-6072968+SC-BYBITSPOT_SPOT_LTC_BTC+S-LTCBTC.csv.gz,14821,2025-10-11T14:49:47.485102
data_v7/quarantine/week7_other_pairs/coinapi_jul_w7/20250708/BYBITSPOT/IDDI-6072818+SC-BYBITSPOT_SPOT_ETH_BTC+S-ETHBTC.csv.gz,artifacts/data_v7/quarantine/week7_other_pairs/coinapi_jul_w7/20250708/BYBITSPOT/IDDI-6072818+SC-BYBITSPOT_SPOT_ETH_BTC+S-ETHBTC.csv.gz,335994,2025-10-11T14:49:46.369681
data_v7/quarantine/week7_other_pairs/coinapi_jul_w7/20250708/BITGET/IDDI-6891538+SC-BITGET_SPOT_ETH_BTC+S-ETHBTC.csv.gz,artifacts/data_v7/quarantine/week7_other_pairs/coinapi_jul_w7/20250708/BITGET/IDDI-6891538+SC-BITGET_SPOT_ETH_BTC+S-ETHBTC.csv.gz,451802,2025-10-11T14:49:56.907783
data_v7/quarantine/week7_other_pairs/coinapi_jul_w7/20250708/BITGET/IDDI-36881236+SC-BITGET_SPOT_LTC_BTC+S-LTCBTC.csv.gz,artifacts/data_v7/quarantine/week7_other_pairs/coinapi_jul_w7/20250708/BITGET/IDDI-36881236+SC-BITGET_SPOT_LTC_BTC+S-LTCBTC.csv.gz,127827,2025-10-11T14:49:50.168161
data_v7/quarantine/week7_other_pairs/coinapi_jul_w7/20250708/BINANCE/IDDI-20233713+SC-BINANCE_SPOT_BTC_FDUSD+S-BTCFDUSD.csv.gz,artifacts/data_v7/quarantine/week7_other_pairs/coinapi_jul_w7/20250708/BINANCE/IDDI-20233713+SC-BINANCE_SPOT_BTC_FDUSD+S-BTCFDUSD.csv.gz,70100360,2025-10-11T14:49:56.517049
data_v7/quarantine/week7_other_pairs/coinapi_jul_w7/20250708/BINANCE/IDDI-138196+SC-BINANCE_SPOT_LTC_BTC+S-LTCBTC.csv.gz,artifacts/data_v7/quarantine/week7_other_pairs/coinapi_jul_w7/20250708/BINANCE/IDDI-138196+SC-BINANCE_SPOT_LTC_BTC+S-LTCBTC.csv.gz,94276,2025-10-11T14:49:12.580204
data_v7/quarantine/week7_other_pairs/coinapi_jul_w7/20250708/BINANCE/IDDI-138177+SC-BINANCE_SPOT_ETH_BTC+S-ETHBTC.csv.gz,artifacts/data_v7/quarantine/week7_other_pairs/coinapi_jul_w7/20250708/BINANCE/IDDI-138177+SC-BINANCE_SPOT_ETH_BTC+S-ETHBTC.csv.gz,1351437,2025-10-11T14:49:11.223920
data_v7/quarantine/week7_other_pairs/coinapi_jul_w7/20250708/BINANCE/IDDI-36885797+SC-BINANCE_SPOT_BTC_JPY+S-BTCJPY.csv.gz,artifacts/data_v7/quarantine/week7_other_pairs/coinapi_jul_w7/20250708/BINANCE/IDDI-36885797+SC-BINANCE_SPOT_BTC_JPY+S-BTCJPY.csv.gz,382186,2025-10-11T14:49:32.026797
data_v7/quarantine/week7_other_pairs/coinapi_jul_w7/20250711/BYBITSPOT/IDDI-6072968+SC-BYBITSPOT_SPOT_LTC_BTC+S-LTCBTC.csv.gz,artifacts/data_v7/quarantine/week7_other_pairs/coinapi_jul_w7/20250711/BYBITSPOT/IDDI-6072968+SC-BYBITSPOT_SPOT_LTC_BTC+S-LTCBTC.csv.gz,58856,2025-10-11T14:53:57.378334
data_v7/quarantine/week7_other_pairs/coinapi_jul_w7/20250711/BYBITSPOT/IDDI-6072818+SC-BYBITSPOT_SPOT_ETH_BTC+S-ETHBTC.csv.gz,artifacts/data_v7/quarantine/week7_other_pairs/coinapi_jul_w7/20250711/BYBITSPOT/IDDI-6072818+SC-BYBITSPOT_SPOT_ETH_BTC+S-ETHBTC.csv.gz,1043492,2025-10-11T14:53:56.024159
data_v7/quarantine/week7_other_pairs/coinapi_jul_w7/20250711/BINANCE/IDDI-20233713+SC-BINANCE_SPOT_BTC_FDUSD+S-BTCFDUSD.csv.gz,artifacts/data_v7/quarantine/week7_other_pairs/coinapi_jul_w7/20250711/BINANCE/IDDI-20233713+SC-BINANCE_SPOT_BTC_FDUSD+S-BTCFDUSD.csv.gz,136082162,2025-10-11T14:53:53.673759
data_v7/quarantine/week7_other_pairs/coinapi_jul_w7/20250711/BINANCE/IDDI-138196+SC-BINANCE_SPOT_LTC_BTC+S-LTCBTC.csv.gz,artifacts/data_v7/quarantine/week7_other_pairs/coinapi_jul_w7/20250711/BINANCE/IDDI-138196+SC-BINANCE_SPOT_LTC_BTC+S-LTCBTC.csv.gz,337980,2025-10-11T14:52:53.908804
data_v7/quarantine/week7_other_pairs/coinapi_jul_w7/20250711/BINANCE/IDDI-138177+SC-BINANCE_SPOT_ETH_BTC+S-ETHBTC.csv.gz,artifacts/data_v7/quarantine/week7_other_pairs/coinapi_jul_w7/20250711/BINANCE/IDDI-138177+SC-BINANCE_SPOT_ETH_BTC+S-ETHBTC.csv.gz,4580273,2025-10-11T14:52:51.854409
data_v7/quarantine/week7_other_pairs/coinapi_jul_w7/20250711/BINANCE/IDDI-36885797+SC-BINANCE_SPOT_BTC_JPY+S-BTCJPY.csv.gz,artifacts/data_v7/quarantine/week7_other_pairs/coinapi_jul_w7/20250711/BINANCE/IDDI-36885797+SC-BINANCE_SPOT_BTC_JPY+S-BTCJPY.csv.gz,1445795,2025-10-11T14:53:44.136038
data_v7/quarantine/week7_other_pairs/coinapi_jul_w7/20250710/BYBITSPOT/IDDI-6072968+SC-BYBITSPOT_SPOT_LTC_BTC+S-LTCBTC.csv.gz,artifacts/data_v7/quarantine/week7_other_pairs/coinapi_jul_w7/20250710/BYBITSPOT/IDDI-6072968+SC-BYBITSPOT_SPOT_LTC_BTC+S-LTCBTC.csv.gz,19466,2025-10-11T14:52:30.308349
data_v7/quarantine/week7_other_pairs/coinapi_jul_w7/20250710/BYBITSPOT/IDDI-6072818+SC-BYBITSPOT_SPOT_ETH_BTC+S-ETHBTC.csv.gz,artifacts/data_v7/quarantine/week7_other_pairs/coinapi_jul_w7/20250710/BYBITSPOT/IDDI-6072818+SC-BYBITSPOT_SPOT_ETH_BTC+S-ETHBTC.csv.gz,1180824,2025-10-11T14:52:29.170608
data_v7/quarantine/week7_other_pairs/coinapi_jul_w7/20250710/BITGET/IDDI-6891538+SC-BITGET_SPOT_ETH_BTC+S-ETHBTC.csv.gz,artifacts/data_v7/quarantine/week7_other_pairs/coinapi_jul_w7/20250710/BITGET/IDDI-6891538+SC-BITGET_SPOT_ETH_BTC+S-ETHBTC.csv.gz,531226,2025-10-11T14:52:35.820621
data_v7/quarantine/week7_other_pairs/coinapi_jul_w7/20250710/BITGET/IDDI-36881236+SC-BITGET_SPOT_LTC_BTC+S-LTCBTC.csv.gz,artifacts/data_v7/quarantine/week7_other_pairs/coinapi_jul_w7/20250710/BITGET/IDDI-36881236+SC-BITGET_SPOT_LTC_BTC+S-LTCBTC.csv.gz,196117,2025-10-11T14:52:33.797163
data_v7/quarantine/week7_other_pairs/coinapi_jul_w7/20250710/BINANCE/IDDI-20233713+SC-BINANCE_SPOT_BTC_FDUSD+S-BTCFDUSD.csv.gz,artifacts/data_v7/quarantine/week7_other_pairs/coinapi_jul_w7/20250710/BINANCE/IDDI-20233713+SC-BINANCE_SPOT_BTC_FDUSD+S-BTCFDUSD.csv.gz,126025991,2025-10-11T14:52:32.508470
data_v7/quarantine/week7_other_pairs/coinapi_jul_w7/20250710/BINANCE/IDDI-138196+SC-BINANCE_SPOT_LTC_BTC+S-LTCBTC.csv.gz,artifacts/data_v7/quarantine/week7_other_pairs/coinapi_jul_w7/20250710/BINANCE/IDDI-138196+SC-BINANCE_SPOT_LTC_BTC+S-LTCBTC.csv.gz,222971,2025-10-11T14:51:26.980937
data_v7/quarantine/week7_other_pairs/coinapi_jul_w7/20250710/BINANCE/IDDI-138177+SC-BINANCE_SPOT_ETH_BTC+S-ETHBTC.csv.gz,artifacts/data_v7/quarantine/week7_other_pairs/coinapi_jul_w7/20250710/BINANCE/IDDI-138177+SC-BINANCE_SPOT_ETH_BTC+S-ETHBTC.csv.gz,5416081,2025-10-11T14:51:25.171090
data_v7/quarantine/week7_other_pairs/coinapi_jul_w7/20250710/BINANCE/IDDI-36885797+SC-BINANCE_SPOT_BTC_JPY+S-BTCJPY.csv.gz,artifacts/data_v7/quarantine/week7_other_pairs/coinapi_jul_w7/20250710/BINANCE/IDDI-36885797+SC-BINANCE_SPOT_BTC_JPY+S-BTCJPY.csv.gz,2800427,2025-10-11T14:52:08.979132
data_v7/quarantine/20250715/E-BYBITSPOT/QUARANTINE_IDDI_d50adef9__BTCUSDT.csv.gz,artifacts/data_v7/quarantine/20250715/E-BYBITSPOT/QUARANTINE_IDDI_d50adef9__BTCUSDT.csv.gz,14284,2025-10-11T17:40:52.945150
data_v7/quarantine/20250715/E-BYBITSPOT/QUARANTINE_IDDI_0ce8869d__BTCUSDT.csv.gz,artifacts/data_v7/quarantine/20250715/E-BYBITSPOT/QUARANTINE_IDDI_0ce8869d__BTCUSDT.csv.gz,307492,2025-10-11T17:40:54.771863
data_v7/quarantine/20250715/E-BINANCE/QUARANTINE_IDDI_286f18e1__BTCUSDT.csv.gz,artifacts/data_v7/quarantine/20250715/E-BINANCE/QUARANTINE_IDDI_286f18e1__BTCUSDT.csv.gz,5667,2025-10-11T17:40:48.419739
data_v7/quarantine/20250715/E-BINANCE/QUARANTINE_IDDI_c023baf2__BTCUSDT.csv.gz,artifacts/data_v7/quarantine/20250715/E-BINANCE/QUARANTINE_IDDI_c023baf2__BTCUSDT.csv.gz,10319,2025-10-11T17:40:47.520860
data_v7/quarantine/20250715/E-BITGET/QUARANTINE_IDDI_120f23df__BTCUSDT.csv.gz,artifacts/data_v7/quarantine/20250715/E-BITGET/QUARANTINE_IDDI_120f23df__BTCUSDT.csv.gz,307258,2025-10-11T17:41:02.999756
data_v7/quarantine/20250715/E-BITGET/QUARANTINE_IDDI_7e70877c__BTCUSDT.csv.gz,artifacts/data_v7/quarantine/20250715/E-BITGET/QUARANTINE_IDDI_7e70877c__BTCUSDT.csv.gz,257454,2025-10-11T17:41:04.809024
data_v7/quarantine/20250715/E-COINBASE/QUARANTINE_IDDI_a90e578b__BTC_USD.csv.gz,artifacts/data_v7/quarantine/20250715/E-COINBASE/QUARANTINE_IDDI_a90e578b__BTC_USD.csv.gz,4348833,2025-10-11T17:39:54.557942
data_v7/quarantine/20250715/E-COINBASE/QUARANTINE_IDDI_7f559d3d__BTC_USD.csv.gz,artifacts/data_v7/quarantine/20250715/E-COINBASE/QUARANTINE_IDDI_7f559d3d__BTC_USD.csv.gz,71211,2025-10-11T17:39:50.302468
data_v7/quarantine/20250714/E-BYBITSPOT/QUARANTINE_IDDI_35c098df__BTCUSDT.csv.gz,artifacts/data_v7/quarantine/20250714/E-BYBITSPOT/QUARANTINE_IDDI_35c098df__BTCUSDT.csv.gz,39006,2025-10-11T17:27:30.920357
data_v7/quarantine/20250714/E-BYBITSPOT/QUARANTINE_IDDI_94eddac6__BTCUSDT.csv.gz,artifacts/data_v7/quarantine/20250714/E-BYBITSPOT/QUARANTINE_IDDI_94eddac6__BTCUSDT.csv.gz,11759,2025-10-11T17:27:28.077001
data_v7/quarantine/20250714/E-BYBITSPOT/QUARANTINE_IDDI_094d4fdb__BTCUSDT.csv.gz,artifacts/data_v7/quarantine/20250714/E-BYBITSPOT/QUARANTINE_IDDI_094d4fdb__BTCUSDT.csv.gz,316503,2025-10-11T17:27:29.847170
data_v7/quarantine/20250714/E-BINANCE/QUARANTINE_IDDI_91adcb62__BTCUSDT.csv.gz,artifacts/data_v7/quarantine/20250714/E-BINANCE/QUARANTINE_IDDI_91adcb62__BTCUSDT.csv.gz,5712,2025-10-11T17:27:21.785320
data_v7/quarantine/20250714/E-BINANCE/QUARANTINE_IDDI_79ba8edb__BTCUSDT.csv.gz,artifacts/data_v7/quarantine/20250714/E-BINANCE/QUARANTINE_IDDI_79ba8edb__BTCUSDT.csv.gz,2865243,2025-10-11T17:27:25.543768
data_v7/quarantine/20250714/E-BINANCE/QUARANTINE_IDDI_fb9b2b5c__BTCUSDT.csv.gz,artifacts/data_v7/quarantine/20250714/E-BINANCE/QUARANTINE_IDDI_fb9b2b5c__BTCUSDT.csv.gz,19184,2025-10-11T17:27:20.941752
data_v7/quarantine/20250714/E-BITGET/QUARANTINE_IDDI_fe5c9b52__BTCUSDT.csv.gz,artifacts/data_v7/quarantine/20250714/E-BITGET/QUARANTINE_IDDI_fe5c9b52__BTCUSDT.csv.gz,248098,2025-10-11T17:27:37.961214
data_v7/quarantine/20250714/E-BITGET/QUARANTINE_IDDI_cf756db7__BTCUSDT.csv.gz,artifacts/data_v7/quarantine/20250714/E-BITGET/QUARANTINE_IDDI_cf756db7__BTCUSDT.csv.gz,315662,2025-10-11T17:27:34.313062
data_v7/quarantine/20250714/E-BITGET/QUARANTINE_IDDI_86094e12__BTCUSDT.csv.gz,artifacts/data_v7/quarantine/20250714/E-BITGET/QUARANTINE_IDDI_86094e12__BTCUSDT.csv.gz,252228,2025-10-11T17:27:36.122197
data_v7/quarantine/20250714/E-COINBASE/QUARANTINE_IDDI_c22e7d5e__BTC_USD.csv.gz,artifacts/data_v7/quarantine/20250714/E-COINBASE/QUARANTINE_IDDI_c22e7d5e__BTC_USD.csv.gz,49290,2025-10-11T17:26:49.604442
data_v7/quarantine/20250714/E-COINBASE/QUARANTINE_IDDI_900dd745__BTC_USD.csv.gz,artifacts/data_v7/quarantine/20250714/E-COINBASE/QUARANTINE_IDDI_900dd745__BTC_USD.csv.gz,6002273,2025-10-11T17:27:16.316260
data_v7/quarantine/20250716/E-BYBITSPOT/QUARANTINE_IDDI_85d11a60__BTCUSDT.csv.gz,artifacts/data_v7/quarantine/20250716/E-BYBITSPOT/QUARANTINE_IDDI_85d11a60__BTCUSDT.csv.gz,8050,2025-10-11T17:45:21.965374
data_v7/quarantine/20250716/E-BYBITSPOT/QUARANTINE_IDDI_bf046762__BTCUSDT.csv.gz,artifacts/data_v7/quarantine/20250716/E-BYBITSPOT/QUARANTINE_IDDI_bf046762__BTCUSDT.csv.gz,182097,2025-10-11T17:45:23.532701
data_v7/quarantine/20250716/E-BINANCE/QUARANTINE_IDDI_aac1f47b__BTCUSDT.csv.gz,artifacts/data_v7/quarantine/20250716/E-BINANCE/QUARANTINE_IDDI_aac1f47b__BTCUSDT.csv.gz,8222,2025-10-11T17:45:16.683987
data_v7/quarantine/20250716/E-BINANCE/QUARANTINE_IDDI_eebc2d38__BTCUSDT.csv.gz,artifacts/data_v7/quarantine/20250716/E-BINANCE/QUARANTINE_IDDI_eebc2d38__BTCUSDT.csv.gz,1583,2025-10-11T17:45:17.714571
data_v7/quarantine/20250716/E-BITGET/QUARANTINE_IDDI_719653f6__BTCUSDT.csv.gz,artifacts/data_v7/quarantine/20250716/E-BITGET/QUARANTINE_IDDI_719653f6__BTCUSDT.csv.gz,328002,2025-10-11T17:45:31.062734
data_v7/quarantine/20250716/E-BITGET/QUARANTINE_IDDI_860d23e8__BTCUSDT.csv.gz,artifacts/data_v7/quarantine/20250716/E-BITGET/QUARANTINE_IDDI_860d23e8__BTCUSDT.csv.gz,261748,2025-10-11T17:45:33.189822
data_v7/quarantine/20250716/E-COINBASE/QUARANTINE_IDDI_b0126072__BTC_USD.csv.gz,artifacts/data_v7/quarantine/20250716/E-COINBASE/QUARANTINE_IDDI_b0126072__BTC_USD.csv.gz,3123880,2025-10-11T17:44:42.097630
data_v7/quarantine/20250716/E-COINBASE/QUARANTINE_IDDI_f5c7c2f5__BTC_USD.csv.gz,artifacts/data_v7/quarantine/20250716/E-COINBASE/QUARANTINE_IDDI_f5c7c2f5__BTC_USD.csv.gz,56944,2025-10-11T17:44:39.184152
data_v7/quarantine/20250720/E-BYBITSPOT/QUARANTINE_IDDI_ae1ff877__BTCUSDT.csv.gz,artifacts/data_v7/quarantine/20250720/E-BYBITSPOT/QUARANTINE_IDDI_ae1ff877__BTCUSDT.csv.gz,86718,2025-10-11T17:49:34.674733
data_v7/quarantine/20250720/E-BYBITSPOT/QUARANTINE_IDDI_3367305b__BTCUSDT.csv.gz,artifacts/data_v7/quarantine/20250720/E-BYBITSPOT/QUARANTINE_IDDI_3367305b__BTCUSDT.csv.gz,8634,2025-10-11T17:49:33.326307
data_v7/quarantine/20250720/E-BINANCE/QUARANTINE_IDDI_843da87e__BTCUSDT.csv.gz,artifacts/data_v7/quarantine/20250720/E-BINANCE/QUARANTINE_IDDI_843da87e__BTCUSDT.csv.gz,6051,2025-10-11T17:49:28.129674
data_v7/quarantine/20250720/E-BINANCE/QUARANTINE_IDDI_80a7f39b__BTCUSDT.csv.gz,artifacts/data_v7/quarantine/20250720/E-BINANCE/QUARANTINE_IDDI_80a7f39b__BTCUSDT.csv.gz,4591,2025-10-11T17:49:29.221160
data_v7/quarantine/20250720/E-BITGET/QUARANTINE_IDDI_4d5bbeea__BTCUSDT.csv.gz,artifacts/data_v7/quarantine/20250720/E-BITGET/QUARANTINE_IDDI_4d5bbeea__BTCUSDT.csv.gz,307541,2025-10-11T17:49:41.608634
data_v7/quarantine/20250720/E-BITGET/QUARANTINE_IDDI_d356b987__BTCUSDT.csv.gz,artifacts/data_v7/quarantine/20250720/E-BITGET/QUARANTINE_IDDI_d356b987__BTCUSDT.csv.gz,273875,2025-10-11T17:49:43.379988
data_v7/quarantine/20250720/E-COINBASE/QUARANTINE_IDDI_b3321fa0__BTC_USD.csv.gz,artifacts/data_v7/quarantine/20250720/E-COINBASE/QUARANTINE_IDDI_b3321fa0__BTC_USD.csv.gz,103140,2025-10-11T17:48:53.020216
data_v7/quarantine/20250720/E-COINBASE/QUARANTINE_IDDI_3ce0d4f9__BTC_USD.csv.gz,artifacts/data_v7/quarantine/20250720/E-COINBASE/QUARANTINE_IDDI_3ce0d4f9__BTC_USD.csv.gz,1747162,2025-10-11T17:48:55.956014
data_v7/quarantine/20250718/E-BYBITSPOT/QUARANTINE_IDDI_e5750110__BTCUSDT.csv.gz,artifacts/data_v7/quarantine/20250718/E-BYBITSPOT/QUARANTINE_IDDI_e5750110__BTCUSDT.csv.gz,40183,2025-10-11T17:47:39.111206
data_v7/quarantine/20250718/E-BYBITSPOT/QUARANTINE_IDDI_95b2c902__BTCUSDT.csv.gz,artifacts/data_v7/quarantine/20250718/E-BYBITSPOT/QUARANTINE_IDDI_95b2c902__BTCUSDT.csv.gz,155386,2025-10-11T17:47:40.638416
data_v7/quarantine/20250718/E-BINANCE/QUARANTINE_IDDI_de70b7da__BTCUSDT.csv.gz,artifacts/data_v7/quarantine/20250718/E-BINANCE/QUARANTINE_IDDI_de70b7da__BTCUSDT.csv.gz,4898,2025-10-11T17:47:34.850193
data_v7/quarantine/20250718/E-BINANCE/QUARANTINE_IDDI_47fa6274__BTCUSDT.csv.gz,artifacts/data_v7/quarantine/20250718/E-BINANCE/QUARANTINE_IDDI_47fa6274__BTCUSDT.csv.gz,7609,2025-10-11T17:47:33.730484
data_v7/quarantine/20250718/E-BITGET/QUARANTINE_IDDI_86578bc6__BTCUSDT.csv.gz,artifacts/data_v7/quarantine/20250718/E-BITGET/QUARANTINE_IDDI_86578bc6__BTCUSDT.csv.gz,273284,2025-10-11T17:47:50.714665
data_v7/quarantine/20250718/E-BITGET/QUARANTINE_IDDI_060df6f5__BTCUSDT.csv.gz,artifacts/data_v7/quarantine/20250718/E-BITGET/QUARANTINE_IDDI_060df6f5__BTCUSDT.csv.gz,320586,2025-10-11T17:47:48.887198
data_v7/quarantine/20250718/E-COINBASE/QUARANTINE_IDDI_250e09d8__BTC_USD.csv.gz,artifacts/data_v7/quarantine/20250718/E-COINBASE/QUARANTINE_IDDI_250e09d8__BTC_USD.csv.gz,3342155,2025-10-11T17:46:58.158912
data_v7/quarantine/20250718/E-COINBASE/QUARANTINE_IDDI_aab584b3__BTC_USD.csv.gz,artifacts/data_v7/quarantine/20250718/E-COINBASE/QUARANTINE_IDDI_aab584b3__BTC_USD.csv.gz,189374,2025-10-11T17:46:54.901169
data_v7/quarantine/20250719/E-BYBITSPOT/QUARANTINE_IDDI_fc6446f0__BTCUSDT.csv.gz,artifacts/data_v7/quarantine/20250719/E-BYBITSPOT/QUARANTINE_IDDI_fc6446f0__BTCUSDT.csv.gz,20646,2025-10-11T17:48:31.747848
data_v7/quarantine/20250719/E-BYBITSPOT/QUARANTINE_IDDI_cc63304a__BTCUSDT.csv.gz,artifacts/data_v7/quarantine/20250719/E-BYBITSPOT/QUARANTINE_IDDI_cc63304a__BTCUSDT.csv.gz,60874,2025-10-11T17:48:33.240450
data_v7/quarantine/20250719/E-BINANCE/QUARANTINE_IDDI_2dd2d596__BTCUSDT.csv.gz,artifacts/data_v7/quarantine/20250719/E-BINANCE/QUARANTINE_IDDI_2dd2d596__BTCUSDT.csv.gz,8244,2025-10-11T17:48:26.428787
data_v7/quarantine/20250719/E-BINANCE/QUARANTINE_IDDI_5e9b21aa__BTCUSDT.csv.gz,artifacts/data_v7/quarantine/20250719/E-BINANCE/QUARANTINE_IDDI_5e9b21aa__BTCUSDT.csv.gz,5670,2025-10-11T17:48:27.514070
data_v7/quarantine/20250719/E-BITGET/QUARANTINE_IDDI_436209e0__BTCUSDT.csv.gz,artifacts/data_v7/quarantine/20250719/E-BITGET/QUARANTINE_IDDI_436209e0__BTCUSDT.csv.gz,295898,2025-10-11T17:48:39.850496
data_v7/quarantine/20250719/E-BITGET/QUARANTINE_IDDI_ef0710bc__BTCUSDT.csv.gz,artifacts/data_v7/quarantine/20250719/E-BITGET/QUARANTINE_IDDI_ef0710bc__BTCUSDT.csv.gz,260262,2025-10-11T17:48:41.630227
data_v7/quarantine/20250719/E-COINBASE/QUARANTINE_IDDI_17b02ba0__BTC_USD.csv.gz,artifacts/data_v7/quarantine/20250719/E-COINBASE/QUARANTINE_IDDI_17b02ba0__BTC_USD.csv.gz,1644179,2025-10-11T17:48:05.872768
data_v7/quarantine/20250719/E-COINBASE/QUARANTINE_IDDI_4281de3e__BTC_USD.csv.gz,artifacts/data_v7/quarantine/20250719/E-COINBASE/QUARANTINE_IDDI_4281de3e__BTC_USD.csv.gz,24286,2025-10-11T17:48:03.150044
data_v7/quarantine/20250717/E-BYBITSPOT/QUARANTINE_IDDI_7ce2cf46__BTCUSDT.csv.gz,artifacts/data_v7/quarantine/20250717/E-BYBITSPOT/QUARANTINE_IDDI_7ce2cf46__BTCUSDT.csv.gz,12458,2025-10-11T17:46:25.663799
data_v7/quarantine/20250717/E-BYBITSPOT/QUARANTINE_IDDI_84cae46a__BTCUSDT.csv.gz,artifacts/data_v7/quarantine/20250717/E-BYBITSPOT/QUARANTINE_IDDI_84cae46a__BTCUSDT.csv.gz,145729,2025-10-11T17:46:27.223174
data_v7/quarantine/20250717/E-BINANCE/QUARANTINE_IDDI_197438c5__BTCUSDT.csv.gz,artifacts/data_v7/quarantine/20250717/E-BINANCE/QUARANTINE_IDDI_197438c5__BTCUSDT.csv.gz,8170,2025-10-11T17:46:19.995765
data_v7/quarantine/20250717/E-BINANCE/QUARANTINE_IDDI_6de3384f__BTCUSDT.csv.gz,artifacts/data_v7/quarantine/20250717/E-BINANCE/QUARANTINE_IDDI_6de3384f__BTCUSDT.csv.gz,3705,2025-10-11T17:46:20.886963
data_v7/quarantine/20250717/E-BITGET/QUARANTINE_IDDI_33a0aaf9__BTCUSDT.csv.gz,artifacts/data_v7/quarantine/20250717/E-BITGET/QUARANTINE_IDDI_33a0aaf9__BTCUSDT.csv.gz,302525,2025-10-11T17:46:35.044227
data_v7/quarantine/20250717/E-BITGET/QUARANTINE_IDDI_620657e0__BTCUSDT.csv.gz,artifacts/data_v7/quarantine/20250717/E-BITGET/QUARANTINE_IDDI_620657e0__BTCUSDT.csv.gz,239199,2025-10-11T17:46:36.894710
data_v7/quarantine/20250717/E-COINBASE/QUARANTINE_IDDI_56f24d6a__BTC_USD.csv.gz,artifacts/data_v7/quarantine/20250717/E-COINBASE/QUARANTINE_IDDI_56f24d6a__BTC_USD.csv.gz,3100784,2025-10-11T17:45:50.554191
data_v7/quarantine/20250717/E-COINBASE/QUARANTINE_IDDI_47050f34__BTC_USD.csv.gz,artifacts/data_v7/quarantine/20250717/E-COINBASE/QUARANTINE_IDDI_47050f34__BTC_USD.csv.gz,29899,2025-10-11T17:45:47.317065
data_v7/canonical/20250709/E-BYBITSPOT/BTCUSDT.csv.gz,artifacts/data_v7/canonical/20250709/E-BYBITSPOT/BTCUSDT.csv.gz,22530846,2025-10-11T14:51:06.399235
data_v7/canonical/20250709/E-BINANCE/BTCUSDT.csv.gz,artifacts/data_v7/canonical/20250709/E-BINANCE/BTCUSDT.csv.gz,89418242,2025-10-11T14:50:43.969933
data_v7/canonical/20250709/E-BITGET/BTCUSDT.csv.gz,artifacts/data_v7/canonical/20250709/E-BITGET/BTCUSDT.csv.gz,2339521,2025-10-11T14:51:08.589807
data_v7/canonical/20250709/E-COINBASE/BTC-USD.csv.gz,artifacts/data_v7/canonical/20250709/E-COINBASE/BTC-USD.csv.gz,32502380,2025-10-11T16:46:51.846734
data_v7/canonical/20250731/E-BYBITSPOT/BTCUSDT.csv.gz,artifacts/data_v7/canonical/20250731/E-BYBITSPOT/BTCUSDT.csv.gz,19249702,2025-10-11T21:30:05.843808
data_v7/canonical/20250731/E-BINANCE/BTCUSDT.csv.gz,artifacts/data_v7/canonical/20250731/E-BINANCE/BTCUSDT.csv.gz,71918891,2025-10-11T21:29:32.363955
data_v7/canonical/20250731/E-BITGET/BTCUSDT.csv.gz,artifacts/data_v7/canonical/20250731/E-BITGET/BTCUSDT.csv.gz,6358232,2025-10-11T21:30:11.207449
data_v7/canonical/20250731/E-COINBASE/BTC-USD.csv.gz,artifacts/data_v7/canonical/20250731/E-COINBASE/BTC-USD.csv.gz,26354221,2025-10-11T21:29:45.746463
data_v7/canonical/20250707/E-BYBITSPOT/BTCUSDT.csv.gz,artifacts/data_v7/canonical/20250707/E-BYBITSPOT/BTCUSDT.csv.gz,47452,2025-10-11T21:48:54.436596
data_v7/canonical/20250707/E-BINANCE/BTCUSDT.csv.gz,artifacts/data_v7/canonical/20250707/E-BINANCE/BTCUSDT.csv.gz,74300556,2025-10-11T14:45:24.081059
data_v7/canonical/20250707/E-BITGET/BTCUSDT.csv.gz,artifacts/data_v7/canonical/20250707/E-BITGET/BTCUSDT.csv.gz,5776659,2025-10-11T21:49:00.740929
data_v7/canonical/20250707/E-COINBASE/BTC-USD.csv.gz,artifacts/data_v7/canonical/20250707/E-COINBASE/BTC-USD.csv.gz,25820939,2025-10-11T16:58:56.369104
data_v7/canonical/20250901/E-BYBITSPOT/BTCUSDT.csv.gz,artifacts/data_v7/canonical/20250901/E-BYBITSPOT/BTCUSDT.csv.gz,24252733,2025-10-04T16:10:44.381295
data_v7/canonical/20250901/E-BINANCE/BTCUSDT.csv.gz,artifacts/data_v7/canonical/20250901/E-BINANCE/BTCUSDT.csv.gz,103704323,2025-10-04T16:10:09.592856
data_v7/canonical/20250901/E-BITGET/BTCUSDT.csv.gz,artifacts/data_v7/canonical/20250901/E-BITGET/BTCUSDT.csv.gz,13151610,2025-10-04T16:10:57.207734
data_v7/canonical/20250901/E-COINBASE/BTCUSDT.csv.gz,artifacts/data_v7/canonical/20250901/E-COINBASE/BTCUSDT.csv.gz,39113048,2025-10-04T16:10:29.757665
data_v7/canonical/20250906/E-BYBITSPOT/BTCUSDT.csv.gz,artifacts/data_v7/canonical/20250906/E-BYBITSPOT/BTCUSDT.csv.gz,7146089,2025-10-04T16:30:12.536181
data_v7/canonical/20250906/E-BINANCE/BTCUSDT.csv.gz,artifacts/data_v7/canonical/20250906/E-BINANCE/BTCUSDT.csv.gz,48708542,2025-10-04T16:29:52.001930
data_v7/canonical/20250906/E-BITGET/BTCUSDT.csv.gz,artifacts/data_v7/canonical/20250906/E-BITGET/BTCUSDT.csv.gz,4625901,2025-10-04T16:30:18.896870
data_v7/canonical/20250906/E-COINBASE/BTCUSDT.csv.gz,artifacts/data_v7/canonical/20250906/E-COINBASE/BTCUSDT.csv.gz,18035169,2025-10-04T16:30:02.997750
data_v7/canonical/20250930/E-BYBITSPOT/BTCUSDT.csv.gz,artifacts/data_v7/canonical/20250930/E-BYBITSPOT/BTCUSDT.csv.gz,24711408,2025-10-10T22:07:52.000150
data_v7/canonical/20250930/E-BINANCE/BTCUSDT.csv.gz,artifacts/data_v7/canonical/20250930/E-BINANCE/BTCUSDT.csv.gz,162498925,2025-10-10T21:36:55.673665
data_v7/canonical/20250930/E-BITGET/BTCUSDT.csv.gz,artifacts/data_v7/canonical/20250930/E-BITGET/BTCUSDT.csv.gz,15970187,2025-10-10T21:37:47.433411
data_v7/canonical/20250930/E-COINBASE/BTCUSDT.csv.gz,artifacts/data_v7/canonical/20250930/E-COINBASE/BTCUSDT.csv.gz,32399679,2025-10-10T22:07:39.246744
data_v7/canonical/20250908/E-BYBITSPOT/BTCUSDT.csv.gz,artifacts/data_v7/canonical/20250908/E-BYBITSPOT/BTCUSDT.csv.gz,21196524,2025-10-04T16:32:12.558623
data_v7/canonical/20250908/E-BINANCE/BTCUSDT.csv.gz,artifacts/data_v7/canonical/20250908/E-BINANCE/BTCUSDT.csv.gz,84983606,2025-10-04T16:31:46.391480
data_v7/canonical/20250908/E-BITGET/BTCUSDT.csv.gz,artifacts/data_v7/canonical/20250908/E-BITGET/BTCUSDT.csv.gz,7489204,2025-10-04T16:32:21.426399
data_v7/canonical/20250908/E-COINBASE/BTCUSDT.csv.gz,artifacts/data_v7/canonical/20250908/E-COINBASE/BTCUSDT.csv.gz,27456628,2025-10-04T16:32:00.317543
data_v7/canonical/20250730/E-BYBITSPOT/BTCUSDT.csv.gz,artifacts/data_v7/canonical/20250730/E-BYBITSPOT/BTCUSDT.csv.gz,23712818,2025-10-11T21:28:58.721159
data_v7/canonical/20250730/E-BINANCE/BTCUSDT.csv.gz,artifacts/data_v7/canonical/20250730/E-BINANCE/BTCUSDT.csv.gz,76995061,2025-10-11T21:28:36.782262
data_v7/canonical/20250730/E-BITGET/BTCUSDT.csv.gz,artifacts/data_v7/canonical/20250730/E-BITGET/BTCUSDT.csv.gz,11650144,2025-10-11T21:29:05.301525
data_v7/canonical/20250730/E-COINBASE/BTC-USD.csv.gz,artifacts/data_v7/canonical/20250730/E-COINBASE/BTC-USD.csv.gz,28988361,2025-10-11T21:28:48.099858
data_v7/canonical/20250708/E-BYBITSPOT/BTCUSDT.csv.gz,artifacts/data_v7/canonical/20250708/E-BYBITSPOT/BTCUSDT.csv.gz,16158395,2025-10-11T14:49:44.535011
data_v7/canonical/20250708/E-BINANCE/BTCUSDT.csv.gz,artifacts/data_v7/canonical/20250708/E-BINANCE/BTCUSDT.csv.gz,66224363,2025-10-11T14:49:30.102533
data_v7/canonical/20250708/E-BITGET/BTCUSDT.csv.gz,artifacts/data_v7/canonical/20250708/E-BITGET/BTCUSDT.csv.gz,5639034,2025-10-11T14:49:54.850070
data_v7/canonical/20250708/E-COINBASE/BTC-USD.csv.gz,artifacts/data_v7/canonical/20250708/E-COINBASE/BTC-USD.csv.gz,23786134,2025-10-11T16:59:09.187527
data_v7/canonical/20250909/E-BYBITSPOT/BTCUSDT.csv.gz,artifacts/data_v7/canonical/20250909/E-BYBITSPOT/BTCUSDT.csv.gz,19803510,2025-10-04T16:33:26.127764
data_v7/canonical/20250909/E-BINANCE/BTCUSDT.csv.gz,artifacts/data_v7/canonical/20250909/E-BINANCE/BTCUSDT.csv.gz,97253672,2025-10-04T16:33:00.298882
data_v7/canonical/20250909/E-BITGET/BTCUSDT.csv.gz,artifacts/data_v7/canonical/20250909/E-BITGET/BTCUSDT.csv.gz,10998933,2025-10-04T16:33:34.894542
data_v7/canonical/20250909/E-COINBASE/BTCUSDT.csv.gz,artifacts/data_v7/canonical/20250909/E-COINBASE/BTCUSDT.csv.gz,25719365,2025-10-04T16:33:13.794424
data_v7/canonical/20250907/E-BYBITSPOT/BTCUSDT.csv.gz,artifacts/data_v7/canonical/20250907/E-BYBITSPOT/BTCUSDT.csv.gz,8281826,2025-10-04T16:31:04.190660
data_v7/canonical/20250907/E-BINANCE/BTCUSDT.csv.gz,artifacts/data_v7/canonical/20250907/E-BINANCE/BTCUSDT.csv.gz,54630281,2025-10-04T16:30:45.044647
data_v7/canonical/20250907/E-BITGET/BTCUSDT.csv.gz,artifacts/data_v7/canonical/20250907/E-BITGET/BTCUSDT.csv.gz,4661605,2025-10-04T16:31:11.407590
data_v7/canonical/20250907/E-COINBASE/BTCUSDT.csv.gz,artifacts/data_v7/canonical/20250907/E-COINBASE/BTCUSDT.csv.gz,16897219,2025-10-04T16:30:55.426406
data_v7/canonical/39450946/E-BYBITSPOT/BTCUSDT.csv.gz,artifacts/data_v7/canonical/39450946/E-BYBITSPOT/BTCUSDT.csv.gz,1611173,2025-10-11T14:53:48.858236
data_v7/canonical/20250810/E-BYBITSPOT/BTCUSDT.csv.gz,artifacts/data_v7/canonical/20250810/E-BYBITSPOT/BTCUSDT.csv.gz,19500565,2025-10-08T09:19:43.798949
data_v7/canonical/20250810/E-BINANCE/BTCUSDT.csv.gz,artifacts/data_v7/canonical/20250810/E-BINANCE/BTCUSDT.csv.gz,86931189,2025-10-08T09:19:26.543237
data_v7/canonical/20250810/E-BITGET/BTCUSDT.csv.gz,artifacts/data_v7/canonical/20250810/E-BITGET/BTCUSDT.csv.gz,10743607,2025-10-08T09:19:52.415815
data_v7/canonical/20250810/E-COINBASE/BTCUSDT.csv.gz,artifacts/data_v7/canonical/20250810/E-COINBASE/BTCUSDT.csv.gz,19117778,2025-10-04T15:13:03.219830
data_v7/canonical/20250828/E-BYBITSPOT/BTCUSDT.csv.gz,artifacts/data_v7/canonical/20250828/E-BYBITSPOT/BTCUSDT.csv.gz,14710121,2025-10-08T08:39:08.794662
data_v7/canonical/20250828/E-BINANCE/BTCUSDT.csv.gz,artifacts/data_v7/canonical/20250828/E-BINANCE/BTCUSDT.csv.gz,78424487,2025-10-08T08:38:47.632825
data_v7/canonical/20250828/E-BITGET/BTCUSDT.csv.gz,artifacts/data_v7/canonical/20250828/E-BITGET/BTCUSDT.csv.gz,9429862,2025-10-08T08:39:18.779099
data_v7/canonical/20250828/E-COINBASE/BTCUSDT.csv.gz,artifacts/data_v7/canonical/20250828/E-COINBASE/BTCUSDT.csv.gz,33400800,2025-10-04T15:54:31.129382
data_v7/canonical/20250817/E-BYBITSPOT/BTCUSDT.csv.gz,artifacts/data_v7/canonical/20250817/E-BYBITSPOT/BTCUSDT.csv.gz,10380681,2025-10-08T09:04:08.855827
data_v7/canonical/20250817/E-BINANCE/BTCUSDT.csv.gz,artifacts/data_v7/canonical/20250817/E-BINANCE/BTCUSDT.csv.gz,44621111,2025-10-08T09:03:48.649581
data_v7/canonical/20250817/E-BITGET/BTCUSDT.csv.gz,artifacts/data_v7/canonical/20250817/E-BITGET/BTCUSDT.csv.gz,8453328,2025-10-08T09:04:15.245506
data_v7/canonical/20250817/E-COINBASE/BTCUSDT.csv.gz,artifacts/data_v7/canonical/20250817/E-COINBASE/BTCUSDT.csv.gz,20180761,2025-10-04T15:30:33.524344
data_v7/canonical/20250821/E-BYBITSPOT/BTCUSDT.csv.gz,artifacts/data_v7/canonical/20250821/E-BYBITSPOT/BTCUSDT.csv.gz,15154291,2025-10-08T08:55:21.478536
data_v7/canonical/20250821/E-BINANCE/BTCUSDT.csv.gz,artifacts/data_v7/canonical/20250821/E-BINANCE/BTCUSDT.csv.gz,88332379,2025-10-08T08:54:53.618596
data_v7/canonical/20250821/E-BITGET/BTCUSDT.csv.gz,artifacts/data_v7/canonical/20250821/E-BITGET/BTCUSDT.csv.gz,8915058,2025-10-08T08:55:30.409710
data_v7/canonical/20250821/E-COINBASE/BTCUSDT.csv.gz,artifacts/data_v7/canonical/20250821/E-COINBASE/BTCUSDT.csv.gz,29439412,2025-10-04T15:35:06.854652
data_v7/canonical/20250819/E-BYBITSPOT/BTCUSDT.csv.gz,artifacts/data_v7/canonical/20250819/E-BYBITSPOT/BTCUSDT.csv.gz,21142201,2025-10-08T08:57:36.483114
data_v7/canonical/20250819/E-BINANCE/BTCUSDT.csv.gz,artifacts/data_v7/canonical/20250819/E-BINANCE/BTCUSDT.csv.gz,122503729,2025-10-08T08:57:08.916011
data_v7/canonical/20250819/E-BITGET/BTCUSDT.csv.gz,artifacts/data_v7/canonical/20250819/E-BITGET/BTCUSDT.csv.gz,20008950,2025-10-08T08:57:46.739094
data_v7/canonical/20250819/E-COINBASE/BTCUSDT.csv.gz,artifacts/data_v7/canonical/20250819/E-COINBASE/BTCUSDT.csv.gz,39795925,2025-10-04T15:32:30.098150
data_v7/canonical/20250826/E-BYBITSPOT/BTCUSDT.csv.gz,artifacts/data_v7/canonical/20250826/E-BYBITSPOT/BTCUSDT.csv.gz,19812102,2025-10-08T08:41:36.302394
data_v7/canonical/20250826/E-BINANCE/BTCUSDT.csv.gz,artifacts/data_v7/canonical/20250826/E-BINANCE/BTCUSDT.csv.gz,150724920,2025-10-08T08:41:11.777213
data_v7/canonical/20250826/E-BITGET/BTCUSDT.csv.gz,artifacts/data_v7/canonical/20250826/E-BITGET/BTCUSDT.csv.gz,15843183,2025-10-08T08:41:44.822706
data_v7/canonical/20250826/E-COINBASE/BTCUSDT.csv.gz,artifacts/data_v7/canonical/20250826/E-COINBASE/BTCUSDT.csv.gz,38371384,2025-10-04T15:51:35.183863
data_v7/canonical/20250818/E-BYBITSPOT/BTCUSDT.csv.gz,artifacts/data_v7/canonical/20250818/E-BYBITSPOT/BTCUSDT.csv.gz,20890709,2025-10-08T08:58:54.260106
data_v7/canonical/20250818/E-BINANCE/BTCUSDT.csv.gz,artifacts/data_v7/canonical/20250818/E-BINANCE/BTCUSDT.csv.gz,124594044,2025-10-08T08:58:29.070245
data_v7/canonical/20250818/E-BITGET/BTCUSDT.csv.gz,artifacts/data_v7/canonical/20250818/E-BITGET/BTCUSDT.csv.gz,13456747,2025-10-08T08:59:01.603930
data_v7/canonical/20250818/E-COINBASE/BTCUSDT.csv.gz,artifacts/data_v7/canonical/20250818/E-COINBASE/BTCUSDT.csv.gz,35647468,2025-10-04T15:31:03.904245
data_v7/canonical/20250827/E-BYBITSPOT/BTCUSDT.csv.gz,artifacts/data_v7/canonical/20250827/E-BYBITSPOT/BTCUSDT.csv.gz,18190959,2025-10-08T08:40:19.858789
data_v7/canonical/20250827/E-BINANCE/BTCUSDT.csv.gz,artifacts/data_v7/canonical/20250827/E-BINANCE/BTCUSDT.csv.gz,115613440,2025-10-08T08:39:57.820682
data_v7/canonical/20250827/E-BITGET/BTCUSDT.csv.gz,artifacts/data_v7/canonical/20250827/E-BITGET/BTCUSDT.csv.gz,13198013,2025-10-08T08:40:27.321590
data_v7/canonical/20250827/E-COINBASE/BTCUSDT.csv.gz,artifacts/data_v7/canonical/20250827/E-COINBASE/BTCUSDT.csv.gz,33148262,2025-10-04T15:53:02.903544
data_v7/canonical/20250820/E-BYBITSPOT/BTCUSDT.csv.gz,artifacts/data_v7/canonical/20250820/E-BYBITSPOT/BTCUSDT.csv.gz,17524628,2025-10-08T08:56:25.728426
data_v7/canonical/20250820/E-BINANCE/BTCUSDT.csv.gz,artifacts/data_v7/canonical/20250820/E-BINANCE/BTCUSDT.csv.gz,112315017,2025-10-08T08:56:02.492577
data_v7/canonical/20250820/E-BITGET/BTCUSDT.csv.gz,artifacts/data_v7/canonical/20250820/E-BITGET/BTCUSDT.csv.gz,18466035,2025-10-08T08:56:34.326652
data_v7/canonical/20250820/E-COINBASE/BTCUSDT.csv.gz,artifacts/data_v7/canonical/20250820/E-COINBASE/BTCUSDT.csv.gz,34206040,2025-10-04T15:33:50.138459
data_v7/canonical/20250829/E-BYBITSPOT/BTCUSDT.csv.gz,artifacts/data_v7/canonical/20250829/E-BYBITSPOT/BTCUSDT.csv.gz,22311026,2025-10-08T08:38:17.602199
data_v7/canonical/20250829/E-BINANCE/BTCUSDT.csv.gz,artifacts/data_v7/canonical/20250829/E-BINANCE/BTCUSDT.csv.gz,135846835,2025-10-08T08:37:52.674308
data_v7/canonical/20250829/E-BITGET/BTCUSDT.csv.gz,artifacts/data_v7/canonical/20250829/E-BITGET/BTCUSDT.csv.gz,15194389,2025-10-08T08:38:25.237691
data_v7/canonical/20250829/E-COINBASE/BTCUSDT.csv.gz,artifacts/data_v7/canonical/20250829/E-COINBASE/BTCUSDT.csv.gz,46357224,2025-10-04T16:07:33.483092
data_v7/canonical/20250816/E-BYBITSPOT/BTCUSDT.csv.gz,artifacts/data_v7/canonical/20250816/E-BYBITSPOT/BTCUSDT.csv.gz,9615348,2025-10-08T09:04:48.443577
data_v7/canonical/20250816/E-BINANCE/BTCUSDT.csv.gz,artifacts/data_v7/canonical/20250816/E-BINANCE/BTCUSDT.csv.gz,44636585,2025-10-08T09:04:31.385153
data_v7/canonical/20250816/E-BITGET/BTCUSDT.csv.gz,artifacts/data_v7/canonical/20250816/E-BITGET/BTCUSDT.csv.gz,10187403,2025-10-08T09:04:55.512000
data_v7/canonical/20250816/E-COINBASE/BTCUSDT.csv.gz,artifacts/data_v7/canonical/20250816/E-COINBASE/BTCUSDT.csv.gz,22302018,2025-10-04T15:29:39.507262
data_v7/canonical/20250811/E-BYBITSPOT/BTCUSDT.csv.gz,artifacts/data_v7/canonical/20250811/E-BYBITSPOT/BTCUSDT.csv.gz,32213475,2025-10-08T09:10:52.580102
data_v7/canonical/20250811/E-BINANCE/BTCUSDT.csv.gz,artifacts/data_v7/canonical/20250811/E-BINANCE/BTCUSDT.csv.gz,150280280,2025-10-08T09:10:24.330260
data_v7/canonical/20250811/E-BITGET/BTCUSDT.csv.gz,artifacts/data_v7/canonical/20250811/E-BITGET/BTCUSDT.csv.gz,14173402,2025-10-08T09:11:02.231449
data_v7/canonical/20250811/E-COINBASE/BTCUSDT.csv.gz,artifacts/data_v7/canonical/20250811/E-COINBASE/BTCUSDT.csv.gz,31890960,2025-10-04T15:13:38.255874
data_v7/canonical/20250802/E-BYBITSPOT/BTCUSDT.csv.gz,artifacts/data_v7/canonical/20250802/E-BYBITSPOT/BTCUSDT.csv.gz,15856759,2025-10-11T13:24:00.055313
data_v7/canonical/20250802/E-BINANCE/BTCUSDT.csv.gz,artifacts/data_v7/canonical/20250802/E-BINANCE/BTCUSDT.csv.gz,93543517,2025-10-11T13:23:38.234387
data_v7/canonical/20250802/E-BITGET/BTCUSDT.csv.gz,artifacts/data_v7/canonical/20250802/E-BITGET/BTCUSDT.csv.gz,4887026,2025-10-11T13:24:05.473324
data_v7/canonical/20250802/E-COINBASE/BTCUSDT.csv.gz,artifacts/data_v7/canonical/20250802/E-COINBASE/BTCUSDT.csv.gz,26363816,2025-10-11T13:23:50.522417
data_v7/canonical/20250805/E-BYBITSPOT/BTCUSDT.csv.gz,artifacts/data_v7/canonical/20250805/E-BYBITSPOT/BTCUSDT.csv.gz,21843782,2025-10-11T13:25:41.959048
data_v7/canonical/20250805/E-BINANCE/BTCUSDT.csv.gz,artifacts/data_v7/canonical/20250805/E-BINANCE/BTCUSDT.csv.gz,96392989,2025-10-08T09:24:49.899611
data_v7/canonical/20250805/E-BITGET/BTCUSDT.csv.gz,artifacts/data_v7/canonical/20250805/E-BITGET/BTCUSDT.csv.gz,7084847,2025-10-11T13:25:48.320828
data_v7/canonical/20250805/E-COINBASE/BTCUSDT.csv.gz,artifacts/data_v7/canonical/20250805/E-COINBASE/BTCUSDT.csv.gz,26256418,2025-10-11T13:25:32.765491
data_v7/canonical/20250804/E-BYBITSPOT/BTCUSDT.csv.gz,artifacts/data_v7/canonical/20250804/E-BYBITSPOT/BTCUSDT.csv.gz,18905149,2025-10-11T13:25:16.819215
data_v7/canonical/20250804/E-BINANCE/BTCUSDT.csv.gz,artifacts/data_v7/canonical/20250804/E-BINANCE/BTCUSDT.csv.gz,73442338,2025-10-08T09:25:57.220066
data_v7/canonical/20250804/E-BITGET/BTCUSDT.csv.gz,artifacts/data_v7/canonical/20250804/E-BITGET/BTCUSDT.csv.gz,5982196,2025-10-11T13:25:22.532299
data_v7/canonical/20250804/E-COINBASE/BTCUSDT.csv.gz,artifacts/data_v7/canonical/20250804/E-COINBASE/BTCUSDT.csv.gz,23352715,2025-10-11T13:25:08.197025
data_v7/canonical/20250803/E-BYBITSPOT/BTCUSDT.csv.gz,artifacts/data_v7/canonical/20250803/E-BYBITSPOT/BTCUSDT.csv.gz,11540117,2025-10-11T13:24:52.586209
data_v7/canonical/20250803/E-BINANCE/BTCUSDT.csv.gz,artifacts/data_v7/canonical/20250803/E-BINANCE/BTCUSDT.csv.gz,67752317,2025-10-11T13:24:35.323020
data_v7/canonical/20250803/E-BITGET/BTCUSDT.csv.gz,artifacts/data_v7/canonical/20250803/E-BITGET/BTCUSDT.csv.gz,4093351,2025-10-11T13:24:57.586073
data_v7/canonical/20250803/E-COINBASE/BTCUSDT.csv.gz,artifacts/data_v7/canonical/20250803/E-COINBASE/BTCUSDT.csv.gz,18027968,2025-10-11T13:24:46.021859
data_v7/canonical/20250922/E-BYBITSPOT/BTCUSDT.csv.gz,artifacts/data_v7/canonical/20250922/E-BYBITSPOT/BTCUSDT.csv.gz,25956974,2025-10-10T22:02:54.798714
data_v7/canonical/20250922/E-BINANCE/BTCUSDT.csv.gz,artifacts/data_v7/canonical/20250922/E-BINANCE/BTCUSDT.csv.gz,190657779,2025-10-10T22:02:23.495237
data_v7/canonical/20250922/E-BITGET/BTCUSDT.csv.gz,artifacts/data_v7/canonical/20250922/E-BITGET/BTCUSDT.csv.gz,24149919,2025-10-10T21:14:03.776607
data_v7/canonical/20250922/E-COINBASE/BTCUSDT.csv.gz,artifacts/data_v7/canonical/20250922/E-COINBASE/BTCUSDT.csv.gz,44985199,2025-10-10T22:02:41.857052
data_v7/canonical/20251007/E-BYBITSPOT/BTCUSDT.csv.gz,artifacts/data_v7/canonical/20251007/E-BYBITSPOT/BTCUSDT.csv.gz,44140246,2025-10-10T22:26:32.724979
data_v7/canonical/20251007/E-BINANCE/BTCUSDT.csv.gz,artifacts/data_v7/canonical/20251007/E-BINANCE/BTCUSDT.csv.gz,215354920,2025-10-10T22:25:53.583818
data_v7/canonical/20251007/E-BITGET/BTCUSDT.csv.gz,artifacts/data_v7/canonical/20251007/E-BITGET/BTCUSDT.csv.gz,18657261,2025-10-10T22:26:43.058280
data_v7/canonical/20251007/E-COINBASE/BTCUSDT.csv.gz,artifacts/data_v7/canonical/20251007/E-COINBASE/BTCUSDT.csv.gz,49420965,2025-10-10T22:26:14.238706
data_v7/canonical/20250925/E-BYBITSPOT/BTCUSDT.csv.gz,artifacts/data_v7/canonical/20250925/E-BYBITSPOT/BTCUSDT.csv.gz,38029400,2025-10-10T21:23:14.324301
data_v7/canonical/20250925/E-BINANCE/BTCUSDT.csv.gz,artifacts/data_v7/canonical/20250925/E-BINANCE/BTCUSDT.csv.gz,215546421,2025-10-10T22:05:19.193871
data_v7/canonical/20250925/E-BITGET/BTCUSDT.csv.gz,artifacts/data_v7/canonical/20250925/E-BITGET/BTCUSDT.csv.gz,13304669,2025-10-10T21:23:23.721839
data_v7/canonical/20250925/E-COINBASE/BTCUSDT.csv.gz,artifacts/data_v7/canonical/20250925/E-COINBASE/BTCUSDT.csv.gz,57548044,2025-10-10T22:05:53.170820
data_v7/canonical/20251009/E-BYBITSPOT/BTCUSDT.csv.gz,artifacts/data_v7/canonical/20251009/E-BYBITSPOT/BTCUSDT.csv.gz,38835346,2025-10-10T22:30:06.989008
data_v7/canonical/20251009/E-BINANCE/BTCUSDT.csv.gz,artifacts/data_v7/canonical/20251009/E-BINANCE/BTCUSDT.csv.gz,207982691,2025-10-10T22:29:35.485563
data_v7/canonical/20251009/E-BITGET/BTCUSDT.csv.gz,artifacts/data_v7/canonical/20251009/E-BITGET/BTCUSDT.csv.gz,12539193,2025-10-10T22:30:15.769003
data_v7/canonical/20251009/E-COINBASE/BTCUSDT.csv.gz,artifacts/data_v7/canonical/20251009/E-COINBASE/BTCUSDT.csv.gz,40889219,2025-10-10T22:29:51.326830
data_v7/canonical/20250913/E-BYBITSPOT/BTCUSDT.csv.gz,artifacts/data_v7/canonical/20250913/E-BYBITSPOT/BTCUSDT.csv.gz,17120367,2025-10-04T16:51:03.459849
data_v7/canonical/20250913/E-BINANCE/BTCUSDT.csv.gz,artifacts/data_v7/canonical/20250913/E-BINANCE/BTCUSDT.csv.gz,105909246,2025-10-09T16:18:19.125190
data_v7/canonical/20250913/E-BITGET/BTCUSDT.csv.gz,artifacts/data_v7/canonical/20250913/E-BITGET/BTCUSDT.csv.gz,5418911,2025-10-04T16:51:11.915673
data_v7/canonical/20250913/E-COINBASE/BTCUSDT.csv.gz,artifacts/data_v7/canonical/20250913/E-COINBASE/BTCUSDT.csv.gz,27214538,2025-10-04T16:50:43.416069
data_v7/canonical/20250914/E-BYBITSPOT/BTCUSDT.csv.gz,artifacts/data_v7/canonical/20250914/E-BYBITSPOT/BTCUSDT.csv.gz,11501378,2025-10-04T16:52:25.464505
data_v7/canonical/20250914/E-BINANCE/BTCUSDT.csv.gz,artifacts/data_v7/canonical/20250914/E-BINANCE/BTCUSDT.csv.gz,90278129,2025-10-04T16:51:55.321872
data_v7/canonical/20250914/E-BITGET/BTCUSDT.csv.gz,artifacts/data_v7/canonical/20250914/E-BITGET/BTCUSDT.csv.gz,6748743,2025-10-04T16:52:33.238430
data_v7/canonical/20250914/E-COINBASE/BTCUSDT.csv.gz,artifacts/data_v7/canonical/20250914/E-COINBASE/BTCUSDT.csv.gz,16916417,2025-10-04T16:52:14.682998
data_v7/canonical/23528582/E-BITGET/BTCUSDT.csv.gz,artifacts/data_v7/canonical/23528582/E-BITGET/BTCUSDT.csv.gz,4493073,2025-10-11T17:49:39.758824
data_v7/canonical/20250715/E-BYBITSPOT/BTCUSDT.csv.gz,artifacts/data_v7/canonical/20250715/E-BYBITSPOT/BTCUSDT.csv.gz,230666,2025-10-11T17:40:51.860188
data_v7/canonical/20250715/E-BINANCE/BTCUSDT.csv.gz,artifacts/data_v7/canonical/20250715/E-BINANCE/BTCUSDT.csv.gz,146646265,2025-10-11T17:40:46.357571
data_v7/canonical/20250715/E-BITGET/BTCUSDT.csv.gz,artifacts/data_v7/canonical/20250715/E-BITGET/BTCUSDT.csv.gz,8820767,2025-10-11T17:41:01.159082
data_v7/canonical/20250715/E-COINBASE/BTC-USD.csv.gz,artifacts/data_v7/canonical/20250715/E-COINBASE/BTC-USD.csv.gz,68928849,2025-10-11T21:40:56.867425
data_v7/canonical/20250712/E-BYBITSPOT/BTCUSDT.csv.gz,artifacts/data_v7/canonical/20250712/E-BYBITSPOT/BTCUSDT.csv.gz,777154,2025-10-11T21:49:41.815732
data_v7/canonical/20250712/E-BINANCE/BTCUSDT.csv.gz,artifacts/data_v7/canonical/20250712/E-BINANCE/BTCUSDT.csv.gz,55735247,2025-10-11T21:49:36.963553
data_v7/canonical/20250712/E-BITGET/BTCUSDT.csv.gz,artifacts/data_v7/canonical/20250712/E-BITGET/BTCUSDT.csv.gz,2526001,2025-10-11T21:49:47.736377
data_v7/canonical/20250712/E-COINBASE/BTC-USD.csv.gz,artifacts/data_v7/canonical/20250712/E-COINBASE/BTC-USD.csv.gz,21806601,2025-10-11T16:59:58.047709
data_v7/canonical/20250724/E-BYBITSPOT/BTCUSDT.csv.gz,artifacts/data_v7/canonical/20250724/E-BYBITSPOT/BTCUSDT.csv.gz,28615482,2025-10-10T22:38:01.679669
data_v7/canonical/20250724/E-BINANCE/BTCUSDT.csv.gz,artifacts/data_v7/canonical/20250724/E-BINANCE/BTCUSDT.csv.gz,147907777,2025-10-10T22:37:35.521239
data_v7/canonical/20250724/E-BITGET/BTCUSDT.csv.gz,artifacts/data_v7/canonical/20250724/E-BITGET/BTCUSDT.csv.gz,18263568,2025-10-10T22:38:12.028024
data_v7/canonical/20250724/E-COINBASE/BTCUSDT.csv.gz,artifacts/data_v7/canonical/20250724/E-COINBASE/BTCUSDT.csv.gz,30037426,2025-10-10T22:37:48.629308
data_v7/canonical/20250723/E-BYBITSPOT/BTCUSDT.csv.gz,artifacts/data_v7/canonical/20250723/E-BYBITSPOT/BTCUSDT.csv.gz,27954989,2025-10-10T22:36:39.837892
data_v7/canonical/20250723/E-BINANCE/BTCUSDT.csv.gz,artifacts/data_v7/canonical/20250723/E-BINANCE/BTCUSDT.csv.gz,118009423,2025-10-10T22:36:13.207009
data_v7/canonical/20250723/E-BITGET/BTCUSDT.csv.gz,artifacts/data_v7/canonical/20250723/E-BITGET/BTCUSDT.csv.gz,8145767,2025-10-10T22:36:45.812624
data_v7/canonical/20250723/E-COINBASE/BTCUSDT.csv.gz,artifacts/data_v7/canonical/20250723/E-COINBASE/BTCUSDT.csv.gz,28872167,2025-10-10T22:36:27.743595
data_v7/canonical/20250915/E-BYBITSPOT/BTCUSDT.csv.gz,artifacts/data_v7/canonical/20250915/E-BYBITSPOT/BTCUSDT.csv.gz,28287673,2025-10-04T16:54:10.243019
data_v7/canonical/20250915/E-BINANCE/BTCUSDT.csv.gz,artifacts/data_v7/canonical/20250915/E-BINANCE/BTCUSDT.csv.gz,156291265,2025-10-04T16:53:34.419633
data_v7/canonical/20250915/E-BITGET/BTCUSDT.csv.gz,artifacts/data_v7/canonical/20250915/E-BITGET/BTCUSDT.csv.gz,19905331,2025-10-04T16:54:22.824912
data_v7/canonical/20250915/E-COINBASE/BTCUSDT.csv.gz,artifacts/data_v7/canonical/20250915/E-COINBASE/BTCUSDT.csv.gz,41499146,2025-10-04T16:53:54.534627
data_v7/canonical/20250912/E-BYBITSPOT/BTCUSDT.csv.gz,artifacts/data_v7/canonical/20250912/E-BYBITSPOT/BTCUSDT.csv.gz,30146424,2025-10-04T16:50:02.707988
data_v7/canonical/20250912/E-BINANCE/BTCUSDT.csv.gz,artifacts/data_v7/canonical/20250912/E-BINANCE/BTCUSDT.csv.gz,123108257,2025-10-04T16:49:28.666802
data_v7/canonical/20250912/E-BITGET/BTCUSDT.csv.gz,artifacts/data_v7/canonical/20250912/E-BITGET/BTCUSDT.csv.gz,8101576,2025-10-04T16:50:20.427065
data_v7/canonical/20250912/E-COINBASE/BTCUSDT.csv.gz,artifacts/data_v7/canonical/20250912/E-COINBASE/BTCUSDT.csv.gz,45176996,2025-10-04T16:49:47.519256
data_v7/canonical/20251008/E-BYBITSPOT/BTCUSDT.csv.gz,artifacts/data_v7/canonical/20251008/E-BYBITSPOT/BTCUSDT.csv.gz,39252226,2025-10-10T22:28:18.700512
data_v7/canonical/20251008/E-BINANCE/BTCUSDT.csv.gz,artifacts/data_v7/canonical/20251008/E-BINANCE/BTCUSDT.csv.gz,203834892,2025-10-10T22:27:43.384239
data_v7/canonical/20251008/E-BITGET/BTCUSDT.csv.gz,artifacts/data_v7/canonical/20251008/E-BITGET/BTCUSDT.csv.gz,11650222,2025-10-10T22:28:27.136629
data_v7/canonical/20251008/E-COINBASE/BTCUSDT.csv.gz,artifacts/data_v7/canonical/20251008/E-COINBASE/BTCUSDT.csv.gz,39551095,2025-10-10T22:27:58.211135
data_v7/canonical/20250924/E-BYBITSPOT/BTCUSDT.csv.gz,artifacts/data_v7/canonical/20250924/E-BYBITSPOT/BTCUSDT.csv.gz,23919280,2025-10-10T21:18:46.688602
data_v7/canonical/20250924/E-BINANCE/BTCUSDT.csv.gz,artifacts/data_v7/canonical/20250924/E-BINANCE/BTCUSDT.csv.gz,178564244,2025-10-10T22:04:04.257319
data_v7/canonical/20250924/E-BITGET/BTCUSDT.csv.gz,artifacts/data_v7/canonical/20250924/E-BITGET/BTCUSDT.csv.gz,14926326,2025-10-10T21:18:58.822939
data_v7/canonical/20250924/E-COINBASE/BTCUSDT.csv.gz,artifacts/data_v7/canonical/20250924/E-COINBASE/BTCUSDT.csv.gz,36173826,2025-10-10T21:18:29.946469
data_v7/canonical/20251001/E-BYBITSPOT/BTCUSDT.csv.gz,artifacts/data_v7/canonical/20251001/E-BYBITSPOT/BTCUSDT.csv.gz,31901621,2025-10-10T21:40:25.905940
data_v7/canonical/20251001/E-BINANCE/BTCUSDT.csv.gz,artifacts/data_v7/canonical/20251001/E-BINANCE/BTCUSDT.csv.gz,169173632,2025-10-10T21:39:34.606069
data_v7/canonical/20251001/E-BITGET/BTCUSDT.csv.gz,artifacts/data_v7/canonical/20251001/E-BITGET/BTCUSDT.csv.gz,11363158,2025-10-10T22:07:59.719367
data_v7/canonical/20251001/E-COINBASE/BTCUSDT.csv.gz,artifacts/data_v7/canonical/20251001/E-COINBASE/BTCUSDT.csv.gz,50675730,2025-10-10T21:40:03.868002
data_v7/canonical/20250923/E-BYBITSPOT/BTCUSDT.csv.gz,artifacts/data_v7/canonical/20250923/E-BYBITSPOT/BTCUSDT.csv.gz,30191701,2025-10-10T21:15:30.405322
data_v7/canonical/20250923/E-BINANCE/BTCUSDT.csv.gz,artifacts/data_v7/canonical/20250923/E-BINANCE/BTCUSDT.csv.gz,130179220,2025-10-10T21:14:50.537455
data_v7/canonical/20250923/E-BITGET/BTCUSDT.csv.gz,artifacts/data_v7/canonical/20250923/E-BITGET/BTCUSDT.csv.gz,15873032,2025-10-10T21:15:50.612468
data_v7/canonical/20250923/E-COINBASE/BTCUSDT.csv.gz,artifacts/data_v7/canonical/20250923/E-COINBASE/BTCUSDT.csv.gz,27653705,2025-10-10T21:15:04.324196
data_v7/canonical/20251006/E-BYBITSPOT/BTCUSDT.csv.gz,artifacts/data_v7/canonical/20251006/E-BYBITSPOT/BTCUSDT.csv.gz,39413782,2025-10-10T21:51:26.949268
data_v7/canonical/20251006/E-BINANCE/BTCUSDT.csv.gz,artifacts/data_v7/canonical/20251006/E-BINANCE/BTCUSDT.csv.gz,205788441,2025-10-10T21:50:42.233721
data_v7/canonical/20251006/E-BITGET/BTCUSDT.csv.gz,artifacts/data_v7/canonical/20251006/E-BITGET/BTCUSDT.csv.gz,12521952,2025-10-10T21:51:34.481119
data_v7/canonical/20251006/E-COINBASE/BTCUSDT.csv.gz,artifacts/data_v7/canonical/20251006/E-COINBASE/BTCUSDT.csv.gz,46580849,2025-10-10T21:51:06.680220
data_v7/canonical/20250722/E-BYBITSPOT/BTCUSDT.csv.gz,artifacts/data_v7/canonical/20250722/E-BYBITSPOT/BTCUSDT.csv.gz,34726440,2025-10-10T22:35:24.898034
data_v7/canonical/20250722/E-BINANCE/BTCUSDT.csv.gz,artifacts/data_v7/canonical/20250722/E-BINANCE/BTCUSDT.csv.gz,132025635,2025-10-10T22:34:56.689970
data_v7/canonical/20250722/E-BITGET/BTCUSDT.csv.gz,artifacts/data_v7/canonical/20250722/E-BITGET/BTCUSDT.csv.gz,12472136,2025-10-10T22:35:32.103577
data_v7/canonical/20250722/E-COINBASE/BTCUSDT.csv.gz,artifacts/data_v7/canonical/20250722/E-COINBASE/BTCUSDT.csv.gz,33423988,2025-10-10T22:35:10.169313
data_v7/canonical/20250725/E-BYBITSPOT/BTCUSDT.csv.gz,artifacts/data_v7/canonical/20250725/E-BYBITSPOT/BTCUSDT.csv.gz,44203439,2025-10-10T22:39:59.120440
data_v7/canonical/20250725/E-BINANCE/BTCUSDT.csv.gz,artifacts/data_v7/canonical/20250725/E-BINANCE/BTCUSDT.csv.gz,164816484,2025-10-10T22:39:11.895077
data_v7/canonical/20250725/E-BITGET/BTCUSDT.csv.gz,artifacts/data_v7/canonical/20250725/E-BITGET/BTCUSDT.csv.gz,19356481,2025-10-10T22:40:09.012452
data_v7/canonical/20250725/E-COINBASE/BTCUSDT.csv.gz,artifacts/data_v7/canonical/20250725/E-COINBASE/BTCUSDT.csv.gz,58962149,2025-10-10T22:39:40.342142
data_v7/canonical/20250713/E-BYBITSPOT/BTCUSDT.csv.gz,artifacts/data_v7/canonical/20250713/E-BYBITSPOT/BTCUSDT.csv.gz,216602,2025-10-11T21:50:15.663918
data_v7/canonical/20250713/E-BINANCE/BTCUSDT.csv.gz,artifacts/data_v7/canonical/20250713/E-BINANCE/BTCUSDT.csv.gz,63549834,2025-10-11T21:50:11.181498
data_v7/canonical/20250713/E-BITGET/BTCUSDT.csv.gz,artifacts/data_v7/canonical/20250713/E-BITGET/BTCUSDT.csv.gz,3286120,2025-10-11T21:50:22.234321
data_v7/canonical/20250713/E-COINBASE/BTC-USD.csv.gz,artifacts/data_v7/canonical/20250713/E-COINBASE/BTC-USD.csv.gz,24890509,2025-10-11T17:00:10.337552
data_v7/canonical/20250714/E-BYBITSPOT/BTCUSDT.csv.gz,artifacts/data_v7/canonical/20250714/E-BYBITSPOT/BTCUSDT.csv.gz,358844,2025-10-11T17:31:28.969504
data_v7/canonical/20250714/E-BINANCE/BTCUSDT.csv.gz,artifacts/data_v7/canonical/20250714/E-BINANCE/BTCUSDT.csv.gz,155244332,2025-10-11T17:31:25.266616
data_v7/canonical/20250714/E-BITGET/BTCUSDT.csv.gz,artifacts/data_v7/canonical/20250714/E-BITGET/BTCUSDT.csv.gz,7762280,2025-10-11T17:31:35.979832
data_v7/canonical/20250714/E-COINBASE/BTC-USD.csv.gz,artifacts/data_v7/canonical/20250714/E-COINBASE/BTC-USD.csv.gz,52275150,2025-10-11T21:40:35.869046
data_v7/canonical/20250905/E-BYBITSPOT/BTCUSDT.csv.gz,artifacts/data_v7/canonical/20250905/E-BYBITSPOT/BTCUSDT.csv.gz,26037133,2025-10-04T16:29:16.640543
data_v7/canonical/20250905/E-BINANCE/BTCUSDT.csv.gz,artifacts/data_v7/canonical/20250905/E-BINANCE/BTCUSDT.csv.gz,67604144,2025-10-04T16:28:47.012466
data_v7/canonical/20250905/E-BITGET/BTCUSDT.csv.gz,artifacts/data_v7/canonical/20250905/E-BITGET/BTCUSDT.csv.gz,10679384,2025-10-04T16:29:26.020121
data_v7/canonical/20250905/E-COINBASE/BTCUSDT.csv.gz,artifacts/data_v7/canonical/20250905/E-COINBASE/BTCUSDT.csv.gz,33756007,2025-10-04T16:29:02.096612
data_v7/canonical/20250902/E-BYBITSPOT/BTCUSDT.csv.gz,artifacts/data_v7/canonical/20250902/E-BYBITSPOT/BTCUSDT.csv.gz,25145369,2025-10-04T16:12:16.569795
data_v7/canonical/20250902/E-BINANCE/BTCUSDT.csv.gz,artifacts/data_v7/canonical/20250902/E-BINANCE/BTCUSDT.csv.gz,99109875,2025-10-04T16:11:43.650585
data_v7/canonical/20250902/E-BITGET/BTCUSDT.csv.gz,artifacts/data_v7/canonical/20250902/E-BITGET/BTCUSDT.csv.gz,18133935,2025-10-04T16:12:30.206296
data_v7/canonical/20250902/E-COINBASE/BTCUSDT.csv.gz,artifacts/data_v7/canonical/20250902/E-COINBASE/BTCUSDT.csv.gz,34858538,2025-10-04T16:12:02.913338
data_v7/canonical/20251010/E-BYBITSPOT/BTCUSDT.csv.gz,artifacts/data_v7/canonical/20251010/E-BYBITSPOT/BTCUSDT.csv.gz,107699358,2025-10-11T12:34:20.176544
data_v7/canonical/20251010/E-BINANCE/BTCUSDT.csv.gz,artifacts/data_v7/canonical/20251010/E-BINANCE/BTCUSDT.csv.gz,554961477,2025-10-11T12:33:02.131572
data_v7/canonical/20251010/E-BITGET/BTCUSDT.csv.gz,artifacts/data_v7/canonical/20251010/E-BITGET/BTCUSDT.csv.gz,34480526,2025-10-11T12:34:36.067260
data_v7/canonical/20251010/E-COINBASE/BTCUSDT.csv.gz,artifacts/data_v7/canonical/20251010/E-COINBASE/BTCUSDT.csv.gz,96364340,2025-10-11T12:33:38.715530
data_v7/canonical/20250903/E-BYBITSPOT/BTCUSDT.csv.gz,artifacts/data_v7/canonical/20250903/E-BYBITSPOT/BTCUSDT.csv.gz,18478944,2025-10-04T16:13:41.570634
data_v7/canonical/20250903/E-BINANCE/BTCUSDT.csv.gz,artifacts/data_v7/canonical/20250903/E-BINANCE/BTCUSDT.csv.gz,86951018,2025-10-04T16:13:11.291018
data_v7/canonical/20250903/E-BITGET/BTCUSDT.csv.gz,artifacts/data_v7/canonical/20250903/E-BITGET/BTCUSDT.csv.gz,10329636,2025-10-04T16:13:50.668936
data_v7/canonical/20250903/E-COINBASE/BTCUSDT.csv.gz,artifacts/data_v7/canonical/20250903/E-COINBASE/BTCUSDT.csv.gz,29854875,2025-10-04T16:13:29.307484
data_v7/canonical/20250904/E-BYBITSPOT/BTCUSDT.csv.gz,artifacts/data_v7/canonical/20250904/E-BYBITSPOT/BTCUSDT.csv.gz,17694354,2025-10-04T16:15:11.200847
data_v7/canonical/20250904/E-BINANCE/BTCUSDT.csv.gz,artifacts/data_v7/canonical/20250904/E-BINANCE/BTCUSDT.csv.gz,86469717,2025-10-04T16:14:42.600902
data_v7/canonical/20250904/E-BITGET/BTCUSDT.csv.gz,artifacts/data_v7/canonical/20250904/E-BITGET/BTCUSDT.csv.gz,9066790,2025-10-04T16:15:23.870877
data_v7/canonical/20250904/E-COINBASE/BTCUSDT.csv.gz,artifacts/data_v7/canonical/20250904/E-COINBASE/BTCUSDT.csv.gz,30565853,2025-10-04T16:14:59.100949
data_v7/canonical/20250814/E-BYBITSPOT/BTCUSDT.csv.gz,artifacts/data_v7/canonical/20250814/E-BYBITSPOT/BTCUSDT.csv.gz,34623108,2025-10-08T09:07:08.697583
data_v7/canonical/20250814/E-BINANCE/BTCUSDT.csv.gz,artifacts/data_v7/canonical/20250814/E-BINANCE/BTCUSDT.csv.gz,163009522,2025-10-08T09:06:40.140374
data_v7/canonical/20250814/E-BITGET/BTCUSDT.csv.gz,artifacts/data_v7/canonical/20250814/E-BITGET/BTCUSDT.csv.gz,15673952,2025-10-08T09:07:16.949405
data_v7/canonical/20250814/E-COINBASE/BTCUSDT.csv.gz,artifacts/data_v7/canonical/20250814/E-COINBASE/BTCUSDT.csv.gz,49690844,2025-10-04T15:17:27.039311
data_v7/canonical/20250813/E-BYBITSPOT/BTCUSDT.csv.gz,artifacts/data_v7/canonical/20250813/E-BYBITSPOT/BTCUSDT.csv.gz,26782015,2025-10-08T09:08:19.332858
data_v7/canonical/20250813/E-BINANCE/BTCUSDT.csv.gz,artifacts/data_v7/canonical/20250813/E-BINANCE/BTCUSDT.csv.gz,138642933,2025-10-08T09:07:54.258103
data_v7/canonical/20250813/E-BITGET/BTCUSDT.csv.gz,artifacts/data_v7/canonical/20250813/E-BITGET/BTCUSDT.csv.gz,19395022,2025-10-08T09:08:29.298040
data_v7/canonical/20250813/E-COINBASE/BTCUSDT.csv.gz,artifacts/data_v7/canonical/20250813/E-COINBASE/BTCUSDT.csv.gz,37445344,2025-10-04T15:01:03.322124
data_v7/canonical/20250825/E-BYBITSPOT/BTCUSDT.csv.gz,artifacts/data_v7/canonical/20250825/E-BYBITSPOT/BTCUSDT.csv.gz,25308995,2025-10-08T08:43:02.983696
data_v7/canonical/20250825/E-BINANCE/BTCUSDT.csv.gz,artifacts/data_v7/canonical/20250825/E-BINANCE/BTCUSDT.csv.gz,175214393,2025-10-08T08:42:35.476911
data_v7/canonical/20250825/E-BITGET/BTCUSDT.csv.gz,artifacts/data_v7/canonical/20250825/E-BITGET/BTCUSDT.csv.gz,15410349,2025-10-08T08:43:14.321745
data_v7/canonical/20250825/E-COINBASE/BTCUSDT.csv.gz,artifacts/data_v7/canonical/20250825/E-COINBASE/BTCUSDT.csv.gz,41249659,2025-10-04T15:50:53.765268
data_v7/canonical/20250822/E-BYBITSPOT/BTCUSDT.csv.gz,artifacts/data_v7/canonical/20250822/E-BYBITSPOT/BTCUSDT.csv.gz,22381895,2025-10-08T08:54:06.855475
data_v7/canonical/20250822/E-BINANCE/BTCUSDT.csv.gz,artifacts/data_v7/canonical/20250822/E-BINANCE/BTCUSDT.csv.gz,128740221,2025-10-08T08:53:39.687647
data_v7/canonical/20250822/E-BITGET/BTCUSDT.csv.gz,artifacts/data_v7/canonical/20250822/E-BITGET/BTCUSDT.csv.gz,11673655,2025-10-08T08:54:16.315570
data_v7/canonical/20250822/E-COINBASE/BTCUSDT.csv.gz,artifacts/data_v7/canonical/20250822/E-COINBASE/BTCUSDT.csv.gz,41084500,2025-10-04T15:47:49.890449
data_v7/canonical/20250823/E-BYBITSPOT/BTCUSDT.csv.gz,artifacts/data_v7/canonical/20250823/E-BYBITSPOT/BTCUSDT.csv.gz,11129081,2025-10-08T08:52:45.618244
data_v7/canonical/20250823/E-BINANCE/BTCUSDT.csv.gz,artifacts/data_v7/canonical/20250823/E-BINANCE/BTCUSDT.csv.gz,59368995,2025-10-08T08:52:26.685082
data_v7/canonical/20250823/E-BITGET/BTCUSDT.csv.gz,artifacts/data_v7/canonical/20250823/E-BITGET/BTCUSDT.csv.gz,5726662,2025-10-08T08:52:51.613295
data_v7/canonical/20250823/E-COINBASE/BTCUSDT.csv.gz,artifacts/data_v7/canonical/20250823/E-COINBASE/BTCUSDT.csv.gz,21574365,2025-10-04T15:49:00.856345
data_v7/canonical/20250824/E-BYBITSPOT/BTCUSDT.csv.gz,artifacts/data_v7/canonical/20250824/E-BYBITSPOT/BTCUSDT.csv.gz,20879513,2025-10-08T08:51:56.854630
data_v7/canonical/20250824/E-BINANCE/BTCUSDT.csv.gz,artifacts/data_v7/canonical/20250824/E-BINANCE/BTCUSDT.csv.gz,97857923,2025-10-08T08:51:37.255802
data_v7/canonical/20250824/E-BITGET/BTCUSDT.csv.gz,artifacts/data_v7/canonical/20250824/E-BITGET/BTCUSDT.csv.gz,9542668,2025-10-08T08:52:03.390523
data_v7/canonical/20250824/E-COINBASE/BTCUSDT.csv.gz,artifacts/data_v7/canonical/20250824/E-COINBASE/BTCUSDT.csv.gz,25022747,2025-10-04T15:50:16.425257
data_v7/canonical/20250812/E-BYBITSPOT/BTCUSDT.csv.gz,artifacts/data_v7/canonical/20250812/E-BYBITSPOT/BTCUSDT.csv.gz,22802791,2025-10-08T09:09:25.749719
data_v7/canonical/20250812/E-BINANCE/BTCUSDT.csv.gz,artifacts/data_v7/canonical/20250812/E-BINANCE/BTCUSDT.csv.gz,102408706,2025-10-08T09:09:01.059786
data_v7/canonical/20250812/E-BITGET/BTCUSDT.csv.gz,artifacts/data_v7/canonical/20250812/E-BITGET/BTCUSDT.csv.gz,24907863,2025-10-08T09:09:37.929575
data_v7/canonical/20250812/E-COINBASE/BTCUSDT.csv.gz,artifacts/data_v7/canonical/20250812/E-COINBASE/BTCUSDT.csv.gz,29198299,2025-10-04T15:15:08.258819
data_v7/canonical/20250815/E-BYBITSPOT/BTCUSDT.csv.gz,artifacts/data_v7/canonical/20250815/E-BYBITSPOT/BTCUSDT.csv.gz,20025390,2025-10-08T09:05:47.180340
data_v7/canonical/20250815/E-BINANCE/BTCUSDT.csv.gz,artifacts/data_v7/canonical/20250815/E-BINANCE/BTCUSDT.csv.gz,107509350,2025-10-08T09:05:23.617528
data_v7/canonical/20250815/E-BITGET/BTCUSDT.csv.gz,artifacts/data_v7/canonical/20250815/E-BITGET/BTCUSDT.csv.gz,11629844,2025-10-08T09:05:54.054790
data_v7/canonical/20250815/E-COINBASE/BTCUSDT.csv.gz,artifacts/data_v7/canonical/20250815/E-COINBASE/BTCUSDT.csv.gz,34647249,2025-10-04T15:28:47.510438
data_v7/canonical/20250808/E-BYBITSPOT/BTCUSDT.csv.gz,artifacts/data_v7/canonical/20250808/E-BYBITSPOT/BTCUSDT.csv.gz,19682599,2025-10-08T09:21:39.307701
data_v7/canonical/20250808/E-BINANCE/BTCUSDT.csv.gz,artifacts/data_v7/canonical/20250808/E-BINANCE/BTCUSDT.csv.gz,79213062,2025-10-08T09:21:18.807636
data_v7/canonical/20250808/E-BITGET/BTCUSDT.csv.gz,artifacts/data_v7/canonical/20250808/E-BITGET/BTCUSDT.csv.gz,9877609,2025-10-08T09:21:46.006898
data_v7/canonical/20250808/E-COINBASE/BTCUSDT.csv.gz,artifacts/data_v7/canonical/20250808/E-COINBASE/BTCUSDT.csv.gz,23684245,2025-10-04T15:10:48.995683
data_v7/canonical/20250830/E-BYBITSPOT/BTCUSDT.csv.gz,artifacts/data_v7/canonical/20250830/E-BYBITSPOT/BTCUSDT.csv.gz,10573425,2025-10-08T08:37:07.134887
data_v7/canonical/20250830/E-BINANCE/BTCUSDT.csv.gz,artifacts/data_v7/canonical/20250830/E-BINANCE/BTCUSDT.csv.gz,54025772,2025-10-08T08:36:49.927382
data_v7/canonical/20250830/E-BITGET/BTCUSDT.csv.gz,artifacts/data_v7/canonical/20250830/E-BITGET/BTCUSDT.csv.gz,8042934,2025-10-08T08:37:14.190500
data_v7/canonical/20250830/E-COINBASE/BTCUSDT.csv.gz,artifacts/data_v7/canonical/20250830/E-COINBASE/BTCUSDT.csv.gz,24935389,2025-10-04T16:08:11.716095
data_v7/canonical/20250806/E-BYBITSPOT/BTCUSDT.csv.gz,artifacts/data_v7/canonical/20250806/E-BYBITSPOT/BTCUSDT.csv.gz,18801274,2025-10-11T13:26:46.694015
data_v7/canonical/20250806/E-BINANCE/BTCUSDT.csv.gz,artifacts/data_v7/canonical/20250806/E-BINANCE/BTCUSDT.csv.gz,107502607,2025-10-11T13:26:26.831084
data_v7/canonical/20250806/E-BITGET/BTCUSDT.csv.gz,artifacts/data_v7/canonical/20250806/E-BITGET/BTCUSDT.csv.gz,7689324,2025-10-11T13:26:53.130311
data_v7/canonical/20250806/E-COINBASE/BTCUSDT.csv.gz,artifacts/data_v7/canonical/20250806/E-COINBASE/BTCUSDT.csv.gz,25148032,2025-10-11T13:26:36.555147
data_v7/canonical/20250801/E-BYBITSPOT/BTCUSDT.csv.gz,artifacts/data_v7/canonical/20250801/E-BYBITSPOT/BTCUSDT.csv.gz,28094502,2025-10-11T13:22:50.613989
data_v7/canonical/20250801/E-BINANCE/BTCUSDT.csv.gz,artifacts/data_v7/canonical/20250801/E-BINANCE/BTCUSDT.csv.gz,156762980,2025-10-04T14:38:52.376211
data_v7/canonical/20250801/E-BITGET/BTCUSDT.csv.gz,artifacts/data_v7/canonical/20250801/E-BITGET/BTCUSDT.csv.gz,11503174,2025-10-11T13:22:58.884558
data_v7/canonical/20250801/E-COINBASE/BTCUSDT.csv.gz,artifacts/data_v7/canonical/20250801/E-COINBASE/BTCUSDT.csv.gz,46366527,2025-10-11T13:22:37.610628
data_v7/canonical/20250807/E-BYBITSPOT/BTCUSDT.csv.gz,artifacts/data_v7/canonical/20250807/E-BYBITSPOT/BTCUSDT.csv.gz,21440770,2025-10-11T13:28:02.665882
data_v7/canonical/20250807/E-BINANCE/BTCUSDT.csv.gz,artifacts/data_v7/canonical/20250807/E-BINANCE/BTCUSDT.csv.gz,119403459,2025-10-11T13:27:38.096979
data_v7/canonical/20250807/E-BITGET/BTCUSDT.csv.gz,artifacts/data_v7/canonical/20250807/E-BITGET/BTCUSDT.csv.gz,9768126,2025-10-11T13:28:09.792548
data_v7/canonical/20250807/E-COINBASE/BTCUSDT.csv.gz,artifacts/data_v7/canonical/20250807/E-COINBASE/BTCUSDT.csv.gz,26648121,2025-10-11T13:27:50.235762
data_v7/canonical/20250831/E-BYBITSPOT/BTCUSDT.csv.gz,artifacts/data_v7/canonical/20250831/E-BYBITSPOT/BTCUSDT.csv.gz,10535383,2025-10-08T08:36:26.569173
data_v7/canonical/20250831/E-BINANCE/BTCUSDT.csv.gz,artifacts/data_v7/canonical/20250831/E-BINANCE/BTCUSDT.csv.gz,52278484,2025-10-08T08:36:11.772961
data_v7/canonical/20250831/E-BITGET/BTCUSDT.csv.gz,artifacts/data_v7/canonical/20250831/E-BITGET/BTCUSDT.csv.gz,7932372,2025-10-08T08:36:32.810569
data_v7/canonical/20250831/E-COINBASE/BTCUSDT.csv.gz,artifacts/data_v7/canonical/20250831/E-COINBASE/BTCUSDT.csv.gz,20106586,2025-10-04T16:09:09.359325
data_v7/canonical/20250809/E-BYBITSPOT/BTCUSDT.csv.gz,artifacts/data_v7/canonical/20250809/E-BYBITSPOT/BTCUSDT.csv.gz,13784150,2025-10-08T09:20:31.745653
data_v7/canonical/20250809/E-BINANCE/BTCUSDT.csv.gz,artifacts/data_v7/canonical/20250809/E-BINANCE/BTCUSDT.csv.gz,53208531,2025-10-08T09:20:12.317365
data_v7/canonical/20250809/E-BITGET/BTCUSDT.csv.gz,artifacts/data_v7/canonical/20250809/E-BITGET/BTCUSDT.csv.gz,9140791,2025-10-08T09:20:45.633884
data_v7/canonical/20250809/E-COINBASE/BTCUSDT.csv.gz,artifacts/data_v7/canonical/20250809/E-COINBASE/BTCUSDT.csv.gz,19319741,2025-10-04T15:11:50.349084
data_v7/canonical/20250711/E-BYBITSPOT/BTCUSDT.csv.gz,artifacts/data_v7/canonical/20250711/E-BYBITSPOT/BTCUSDT.csv.gz,33723136,2025-10-11T14:54:01.926934
data_v7/canonical/20250711/E-BINANCE/BTCUSDT.csv.gz,artifacts/data_v7/canonical/20250711/E-BINANCE/BTCUSDT.csv.gz,140409435,2025-10-11T14:53:41.588887
data_v7/canonical/20250711/E-BITGET/BTCUSDT.csv.gz,artifacts/data_v7/canonical/20250711/E-BITGET/BTCUSDT.csv.gz,7056316,2025-10-11T21:49:07.664412
data_v7/canonical/20250711/E-COINBASE/BTC-USD.csv.gz,artifacts/data_v7/canonical/20250711/E-COINBASE/BTC-USD.csv.gz,47573558,2025-10-11T16:59:46.672680
data_v7/canonical/20250716/E-BYBITSPOT/BTCUSDT.csv.gz,artifacts/data_v7/canonical/20250716/E-BYBITSPOT/BTCUSDT.csv.gz,424591,2025-10-11T17:45:21.123021
data_v7/canonical/20250716/E-BINANCE/BTCUSDT.csv.gz,artifacts/data_v7/canonical/20250716/E-BINANCE/BTCUSDT.csv.gz,94248820,2025-10-11T17:45:15.684391
data_v7/canonical/20250716/E-BITGET/BTCUSDT.csv.gz,artifacts/data_v7/canonical/20250716/E-BITGET/BTCUSDT.csv.gz,6172999,2025-10-11T17:45:29.204172
data_v7/canonical/20250716/E-COINBASE/BTC-USD.csv.gz,artifacts/data_v7/canonical/20250716/E-COINBASE/BTC-USD.csv.gz,36964767,2025-10-11T21:41:10.322296
data_v7/canonical/20250729/E-BYBITSPOT/BTCUSDT.csv.gz,artifacts/data_v7/canonical/20250729/E-BYBITSPOT/BTCUSDT.csv.gz,20451096,2025-10-11T21:27:51.363713
data_v7/canonical/20250729/E-BINANCE/BTCUSDT.csv.gz,artifacts/data_v7/canonical/20250729/E-BINANCE/BTCUSDT.csv.gz,75391964,2025-10-11T21:27:26.044564
data_v7/canonical/20250729/E-BITGET/BTCUSDT.csv.gz,artifacts/data_v7/canonical/20250729/E-BITGET/BTCUSDT.csv.gz,34526631,2025-10-11T21:28:07.316061
data_v7/canonical/20250729/E-COINBASE/BTC-USD.csv.gz,artifacts/data_v7/canonical/20250729/E-COINBASE/BTC-USD.csv.gz,28338093,2025-10-11T21:27:40.697280
data_v7/canonical/20250720/E-BYBITSPOT/BTCUSDT.csv.gz,artifacts/data_v7/canonical/20250720/E-BYBITSPOT/BTCUSDT.csv.gz,124526,2025-10-11T17:49:32.492506
data_v7/canonical/20250720/E-BINANCE/BTCUSDT.csv.gz,artifacts/data_v7/canonical/20250720/E-BINANCE/BTCUSDT.csv.gz,63062406,2025-10-11T17:49:27.191317
data_v7/canonical/20250720/E-BITGET/BTCUSDT.csv.gz,artifacts/data_v7/canonical/20250720/E-BITGET/BTCUSDT.csv.gz,4493073,2025-10-11T21:38:45.703676
data_v7/canonical/20250720/E-COINBASE/BTC-USD.csv.gz,artifacts/data_v7/canonical/20250720/E-COINBASE/BTC-USD.csv.gz,20114050,2025-10-11T21:41:59.842746
data_v7/canonical/20250727/E-BYBITSPOT/BTCUSDT.csv.gz,artifacts/data_v7/canonical/20250727/E-BYBITSPOT/BTCUSDT.csv.gz,11887386,2025-10-10T22:42:02.056698
data_v7/canonical/20250727/E-BINANCE/BTCUSDT.csv.gz,artifacts/data_v7/canonical/20250727/E-BINANCE/BTCUSDT.csv.gz,116181392,2025-10-10T22:41:46.248041
data_v7/canonical/20250727/E-BITGET/BTCUSDT.csv.gz,artifacts/data_v7/canonical/20250727/E-BITGET/BTCUSDT.csv.gz,16104208,2025-10-10T22:42:10.281508
data_v7/canonical/20250727/E-COINBASE/BTCUSDT.csv.gz,artifacts/data_v7/canonical/20250727/E-COINBASE/BTCUSDT.csv.gz,20705702,2025-10-10T22:41:54.956154
data_v7/canonical/20250718/E-BYBITSPOT/BTCUSDT.csv.gz,artifacts/data_v7/canonical/20250718/E-BYBITSPOT/BTCUSDT.csv.gz,125870,2025-10-11T17:47:38.001029
data_v7/canonical/20250718/E-BINANCE/BTCUSDT.csv.gz,artifacts/data_v7/canonical/20250718/E-BINANCE/BTCUSDT.csv.gz,108505677,2025-10-11T17:47:32.691099
data_v7/canonical/20250718/E-BITGET/BTCUSDT.csv.gz,artifacts/data_v7/canonical/20250718/E-BITGET/BTCUSDT.csv.gz,8100861,2025-10-11T17:47:46.692391
data_v7/canonical/20250718/E-COINBASE/BTC-USD.csv.gz,artifacts/data_v7/canonical/20250718/E-COINBASE/BTC-USD.csv.gz,44741854,2025-10-11T21:41:40.297664
data_v7/canonical/20250926/E-BYBITSPOT/BTCUSDT.csv.gz,artifacts/data_v7/canonical/20250926/E-BYBITSPOT/BTCUSDT.csv.gz,28952018,2025-10-10T21:26:16.385080
data_v7/canonical/20250926/E-BINANCE/BTCUSDT.csv.gz,artifacts/data_v7/canonical/20250926/E-BINANCE/BTCUSDT.csv.gz,210608322,2025-10-10T21:25:10.652309
data_v7/canonical/20250926/E-BITGET/BTCUSDT.csv.gz,artifacts/data_v7/canonical/20250926/E-BITGET/BTCUSDT.csv.gz,9374436,2025-10-10T21:26:26.990096
data_v7/canonical/20250926/E-COINBASE/BTCUSDT.csv.gz,artifacts/data_v7/canonical/20250926/E-COINBASE/BTCUSDT.csv.gz,43057789,2025-10-10T21:25:54.357553
data_v7/canonical/20251003/E-BYBITSPOT/BTCUSDT.csv.gz,artifacts/data_v7/canonical/20251003/E-BYBITSPOT/BTCUSDT.csv.gz,38452413,2025-10-10T21:45:55.513473
data_v7/canonical/20251003/E-BINANCE/BTCUSDT.csv.gz,artifacts/data_v7/canonical/20251003/E-BINANCE/BTCUSDT.csv.gz,209249857,2025-10-10T21:45:01.410185
data_v7/canonical/20251003/E-BITGET/BTCUSDT.csv.gz,artifacts/data_v7/canonical/20251003/E-BITGET/BTCUSDT.csv.gz,12499997,2025-10-10T21:46:06.486455
data_v7/canonical/20251003/E-COINBASE/BTCUSDT.csv.gz,artifacts/data_v7/canonical/20251003/E-COINBASE/BTCUSDT.csv.gz,57044771,2025-10-10T21:45:33.159389
data_v7/canonical/20250919/E-BYBITSPOT/BTCUSDT.csv.gz,artifacts/data_v7/canonical/20250919/E-BYBITSPOT/BTCUSDT.csv.gz,20181564,2025-10-04T17:19:36.965145
data_v7/canonical/20250919/E-BINANCE/BTCUSDT.csv.gz,artifacts/data_v7/canonical/20250919/E-BINANCE/BTCUSDT.csv.gz,138210118,2025-10-04T17:19:00.123224
data_v7/canonical/20250919/E-BITGET/BTCUSDT.csv.gz,artifacts/data_v7/canonical/20250919/E-BITGET/BTCUSDT.csv.gz,10320784,2025-10-04T17:19:47.632126
data_v7/canonical/20250919/E-COINBASE/BTCUSDT.csv.gz,artifacts/data_v7/canonical/20250919/E-COINBASE/BTCUSDT.csv.gz,44221823,2025-10-04T17:19:23.611481
data_v7/canonical/20250921/E-BYBITSPOT/BTCUSDT.csv.gz,artifacts/data_v7/canonical/20250921/E-BYBITSPOT/BTCUSDT.csv.gz,16196466,2025-10-04T17:20:50.436937
data_v7/canonical/20250921/E-BINANCE/BTCUSDT.csv.gz,artifacts/data_v7/canonical/20250921/E-BINANCE/BTCUSDT.csv.gz,88254072,2025-10-09T16:51:13.474324
data_v7/canonical/20250921/E-BITGET/BTCUSDT.csv.gz,artifacts/data_v7/canonical/20250921/E-BITGET/BTCUSDT.csv.gz,9786969,2025-10-04T17:21:01.414810
data_v7/canonical/20250921/E-COINBASE/BTCUSDT.csv.gz,artifacts/data_v7/canonical/20250921/E-COINBASE/BTCUSDT.csv.gz,23328804,2025-10-04T17:20:34.728996
data_v7/canonical/20251004/E-BYBITSPOT/BTCUSDT.csv.gz,artifacts/data_v7/canonical/20251004/E-BYBITSPOT/BTCUSDT.csv.gz,16861956,2025-10-10T21:47:26.372549
data_v7/canonical/20251004/E-BINANCE/BTCUSDT.csv.gz,artifacts/data_v7/canonical/20251004/E-BINANCE/BTCUSDT.csv.gz,105256455,2025-10-10T21:47:01.440213
data_v7/canonical/20251004/E-BITGET/BTCUSDT.csv.gz,artifacts/data_v7/canonical/20251004/E-BITGET/BTCUSDT.csv.gz,8000221,2025-10-10T21:47:33.259362
data_v7/canonical/20251004/E-COINBASE/BTCUSDT.csv.gz,artifacts/data_v7/canonical/20251004/E-COINBASE/BTCUSDT.csv.gz,24775365,2025-10-10T21:47:15.003032
data_v7/canonical/20250917/E-BYBITSPOT/BTCUSDT.csv.gz,artifacts/data_v7/canonical/20250917/E-BYBITSPOT/BTCUSDT.csv.gz,23949831,2025-10-04T16:57:29.158672
data_v7/canonical/20250917/E-BINANCE/BTCUSDT.csv.gz,artifacts/data_v7/canonical/20250917/E-BINANCE/BTCUSDT.csv.gz,125254989,2025-10-04T16:56:53.992452
data_v7/canonical/20250917/E-BITGET/BTCUSDT.csv.gz,artifacts/data_v7/canonical/20250917/E-BITGET/BTCUSDT.csv.gz,12857998,2025-10-04T16:57:39.696811
data_v7/canonical/20250917/E-COINBASE/BTCUSDT.csv.gz,artifacts/data_v7/canonical/20250917/E-COINBASE/BTCUSDT.csv.gz,43951027,2025-10-04T16:57:15.367049
data_v7/canonical/20250928/E-BYBITSPOT/BTCUSDT.csv.gz,artifacts/data_v7/canonical/20250928/E-BYBITSPOT/BTCUSDT.csv.gz,15938180,2025-10-10T21:32:02.405865
data_v7/canonical/20250928/E-BINANCE/BTCUSDT.csv.gz,artifacts/data_v7/canonical/20250928/E-BINANCE/BTCUSDT.csv.gz,116761482,2025-10-10T22:06:32.235118
data_v7/canonical/20250928/E-BITGET/BTCUSDT.csv.gz,artifacts/data_v7/canonical/20250928/E-BITGET/BTCUSDT.csv.gz,7336598,2025-10-10T21:32:18.218128
data_v7/canonical/20250928/E-COINBASE/BTCUSDT.csv.gz,artifacts/data_v7/canonical/20250928/E-COINBASE/BTCUSDT.csv.gz,24357302,2025-10-10T21:31:36.690085
data_v7/canonical/20250910/E-BYBITSPOT/BTCUSDT.csv.gz,artifacts/data_v7/canonical/20250910/E-BYBITSPOT/BTCUSDT.csv.gz,25807270,2025-10-04T16:34:50.060718
data_v7/canonical/20250910/E-BINANCE/BTCUSDT.csv.gz,artifacts/data_v7/canonical/20250910/E-BINANCE/BTCUSDT.csv.gz,94660003,2025-10-04T16:34:19.341067
data_v7/canonical/20250910/E-BITGET/BTCUSDT.csv.gz,artifacts/data_v7/canonical/20250910/E-BITGET/BTCUSDT.csv.gz,7116251,2025-10-04T16:34:58.499869
data_v7/canonical/20250910/E-COINBASE/BTCUSDT.csv.gz,artifacts/data_v7/canonical/20250910/E-COINBASE/BTCUSDT.csv.gz,31973840,2025-10-04T16:34:36.423062
data_v7/canonical/20250726/E-BYBITSPOT/BTCUSDT.csv.gz,artifacts/data_v7/canonical/20250726/E-BYBITSPOT/BTCUSDT.csv.gz,11102234,2025-10-10T22:41:03.974742
data_v7/canonical/20250726/E-BINANCE/BTCUSDT.csv.gz,artifacts/data_v7/canonical/20250726/E-BINANCE/BTCUSDT.csv.gz,102516611,2025-10-10T22:40:42.774516
data_v7/canonical/20250726/E-BITGET/BTCUSDT.csv.gz,artifacts/data_v7/canonical/20250726/E-BITGET/BTCUSDT.csv.gz,12535793,2025-10-10T22:41:11.935242
data_v7/canonical/20250726/E-COINBASE/BTCUSDT.csv.gz,artifacts/data_v7/canonical/20250726/E-COINBASE/BTCUSDT.csv.gz,27302863,2025-10-10T22:40:57.288393
data_v7/canonical/20250719/E-BYBITSPOT/BTCUSDT.csv.gz,artifacts/data_v7/canonical/20250719/E-BYBITSPOT/BTCUSDT.csv.gz,106925,2025-10-11T17:48:30.657535
data_v7/canonical/20250719/E-BINANCE/BTCUSDT.csv.gz,artifacts/data_v7/canonical/20250719/E-BINANCE/BTCUSDT.csv.gz,44460934,2025-10-11T17:48:25.427919
data_v7/canonical/20250719/E-BITGET/BTCUSDT.csv.gz,artifacts/data_v7/canonical/20250719/E-BITGET/BTCUSDT.csv.gz,2718303,2025-10-11T17:48:38.015674
data_v7/canonical/20250719/E-COINBASE/BTC-USD.csv.gz,artifacts/data_v7/canonical/20250719/E-COINBASE/BTC-USD.csv.gz,24797129,2025-10-11T21:41:51.064300
data_v7/canonical/20250721/E-BYBITSPOT/BTCUSDT.csv.gz,artifacts/data_v7/canonical/20250721/E-BYBITSPOT/BTCUSDT.csv.gz,168367,2025-10-11T18:10:40.751200
data_v7/canonical/20250721/E-BINANCE/BTCUSDT.csv.gz,artifacts/data_v7/canonical/20250721/E-BINANCE/BTCUSDT.csv.gz,96986133,2025-10-11T18:10:36.132909
data_v7/canonical/20250721/E-BITGET/BTCUSDT.csv.gz,artifacts/data_v7/canonical/20250721/E-BITGET/BTCUSDT.csv.gz,9092891,2025-10-11T18:10:49.035195
data_v7/canonical/20250721/E-COINBASE/BTC-USD.csv.gz,artifacts/data_v7/canonical/20250721/E-COINBASE/BTC-USD.csv.gz,32046198,2025-10-11T18:09:58.217646
data_v7/canonical/20250717/E-BYBITSPOT/BTCUSDT.csv.gz,artifacts/data_v7/canonical/20250717/E-BYBITSPOT/BTCUSDT.csv.gz,230455,2025-10-11T17:46:24.772244
data_v7/canonical/20250717/E-BINANCE/BTCUSDT.csv.gz,artifacts/data_v7/canonical/20250717/E-BINANCE/BTCUSDT.csv.gz,91528325,2025-10-11T17:46:18.872195
data_v7/canonical/20250717/E-BITGET/BTCUSDT.csv.gz,artifacts/data_v7/canonical/20250717/E-BITGET/BTCUSDT.csv.gz,7006905,2025-10-11T17:46:33.203681
data_v7/canonical/20250717/E-COINBASE/BTC-USD.csv.gz,artifacts/data_v7/canonical/20250717/E-COINBASE/BTC-USD.csv.gz,37728773,2025-10-11T21:41:23.091631
data_v7/canonical/20250728/E-BYBITSPOT/BTCUSDT.csv.gz,artifacts/data_v7/canonical/20250728/E-BYBITSPOT/BTCUSDT.csv.gz,19791865,2025-10-11T21:26:38.733993
data_v7/canonical/20250728/E-BINANCE/BTCUSDT.csv.gz,artifacts/data_v7/canonical/20250728/E-BINANCE/BTCUSDT.csv.gz,70533294,2025-10-11T21:26:13.491874
data_v7/canonical/20250728/E-BITGET/BTCUSDT.csv.gz,artifacts/data_v7/canonical/20250728/E-BITGET/BTCUSDT.csv.gz,19076795,2025-10-11T21:26:50.908610
data_v7/canonical/20250728/E-COINBASE/BTC-USD.csv.gz,artifacts/data_v7/canonical/20250728/E-COINBASE/BTC-USD.csv.gz,27288286,2025-10-11T21:26:26.682208
data_v7/canonical/20250710/E-BYBITSPOT/BTCUSDT.csv.gz,artifacts/data_v7/canonical/20250710/E-BYBITSPOT/BTCUSDT.csv.gz,28045165,2025-10-11T14:52:26.752215
data_v7/canonical/20250710/E-BINANCE/BTCUSDT.csv.gz,artifacts/data_v7/canonical/20250710/E-BINANCE/BTCUSDT.csv.gz,123519354,2025-10-11T14:52:05.753454
data_v7/canonical/20250710/E-BITGET/BTCUSDT.csv.gz,artifacts/data_v7/canonical/20250710/E-BITGET/BTCUSDT.csv.gz,4192377,2025-10-11T14:52:36.400437
data_v7/canonical/20250710/E-COINBASE/BTC-USD.csv.gz,artifacts/data_v7/canonical/20250710/E-COINBASE/BTC-USD.csv.gz,41308286,2025-10-11T16:59:27.029691
data_v7/canonical/20250911/E-BYBITSPOT/BTCUSDT.csv.gz,artifacts/data_v7/canonical/20250911/E-BYBITSPOT/BTCUSDT.csv.gz,21738162,2025-10-04T16:36:08.672355
data_v7/canonical/20250911/E-BINANCE/BTCUSDT.csv.gz,artifacts/data_v7/canonical/20250911/E-BINANCE/BTCUSDT.csv.gz,92811039,2025-10-04T16:35:41.714601
data_v7/canonical/20250911/E-BITGET/BTCUSDT.csv.gz,artifacts/data_v7/canonical/20250911/E-BITGET/BTCUSDT.csv.gz,8556564,2025-10-04T16:36:17.345628
data_v7/canonical/20250911/E-COINBASE/BTCUSDT.csv.gz,artifacts/data_v7/canonical/20250911/E-COINBASE/BTCUSDT.csv.gz,27322130,2025-10-04T16:35:57.014685
data_v7/canonical/20250916/E-BYBITSPOT/BTCUSDT.csv.gz,artifacts/data_v7/canonical/20250916/E-BYBITSPOT/BTCUSDT.csv.gz,24234250,2025-10-04T16:55:52.560645
data_v7/canonical/20250916/E-BINANCE/BTCUSDT.csv.gz,artifacts/data_v7/canonical/20250916/E-BINANCE/BTCUSDT.csv.gz,108896489,2025-10-04T16:55:13.683542
data_v7/canonical/20250916/E-BITGET/BTCUSDT.csv.gz,artifacts/data_v7/canonical/20250916/E-BITGET/BTCUSDT.csv.gz,12781941,2025-10-04T16:56:04.229703
data_v7/canonical/20250916/E-COINBASE/BTCUSDT.csv.gz,artifacts/data_v7/canonical/20250916/E-COINBASE/BTCUSDT.csv.gz,43138940,2025-10-04T16:55:37.276007
data_v7/canonical/20250929/E-BYBITSPOT/BTCUSDT.csv.gz,artifacts/data_v7/canonical/20250929/E-BYBITSPOT/BTCUSDT.csv.gz,27437973,2025-10-10T21:35:16.646855
data_v7/canonical/20250929/E-BINANCE/BTCUSDT.csv.gz,artifacts/data_v7/canonical/20250929/E-BINANCE/BTCUSDT.csv.gz,162529398,2025-10-10T22:07:24.241259
data_v7/canonical/20250929/E-BITGET/BTCUSDT.csv.gz,artifacts/data_v7/canonical/20250929/E-BITGET/BTCUSDT.csv.gz,10592025,2025-10-10T21:35:26.114321
data_v7/canonical/20250929/E-COINBASE/BTCUSDT.csv.gz,artifacts/data_v7/canonical/20250929/E-COINBASE/BTCUSDT.csv.gz,36339257,2025-10-10T21:34:57.762521
data_v7/canonical/20250920/E-BYBITSPOT/BTCUSDT.csv.gz,artifacts/data_v7/canonical/20250920/E-BYBITSPOT/BTCUSDT.csv.gz,7829376,2025-10-04T17:20:11.414573
data_v7/canonical/20250920/E-BINANCE/BTCUSDT.csv.gz,artifacts/data_v7/canonical/20250920/E-BINANCE/BTCUSDT.csv.gz,93791300,2025-10-09T16:50:19.026365
data_v7/canonical/20250920/E-BITGET/BTCUSDT.csv.gz,artifacts/data_v7/canonical/20250920/E-BITGET/BTCUSDT.csv.gz,8874081,2025-10-04T17:20:20.254359
data_v7/canonical/20250920/E-COINBASE/BTCUSDT.csv.gz,artifacts/data_v7/canonical/20250920/E-COINBASE/BTCUSDT.csv.gz,25110855,2025-10-04T17:20:01.246037
data_v7/canonical/20251005/E-BYBITSPOT/BTCUSDT.csv.gz,artifacts/data_v7/canonical/20251005/E-BYBITSPOT/BTCUSDT.csv.gz,35804863,2025-10-10T21:49:17.284880
data_v7/canonical/20251005/E-BINANCE/BTCUSDT.csv.gz,artifacts/data_v7/canonical/20251005/E-BINANCE/BTCUSDT.csv.gz,181762530,2025-10-10T21:48:42.407690
data_v7/canonical/20251005/E-BITGET/BTCUSDT.csv.gz,artifacts/data_v7/canonical/20251005/E-BITGET/BTCUSDT.csv.gz,19591185,2025-10-10T21:49:30.750174
data_v7/canonical/20251005/E-COINBASE/BTCUSDT.csv.gz,artifacts/data_v7/canonical/20251005/E-COINBASE/BTCUSDT.csv.gz,35514359,2025-10-10T21:48:58.102520
data_v7/canonical/20250927/E-BYBITSPOT/BTCUSDT.csv.gz,artifacts/data_v7/canonical/20250927/E-BYBITSPOT/BTCUSDT.csv.gz,9571057,2025-10-10T21:27:51.172718
data_v7/canonical/20250927/E-BINANCE/BTCUSDT.csv.gz,artifacts/data_v7/canonical/20250927/E-BINANCE/BTCUSDT.csv.gz,123692125,2025-10-10T21:27:24.764836
data_v7/canonical/20250927/E-BITGET/BTCUSDT.csv.gz,artifacts/data_v7/canonical/20250927/E-BITGET/BTCUSDT.csv.gz,4851370,2025-10-10T21:27:58.269824
data_v7/canonical/20250927/E-COINBASE/BTCUSDT.csv.gz,artifacts/data_v7/canonical/20250927/E-COINBASE/BTCUSDT.csv.gz,20994523,2025-10-10T21:27:38.022077
data_v7/canonical/20250918/E-BYBITSPOT/BTCUSDT.csv.gz,artifacts/data_v7/canonical/20250918/E-BYBITSPOT/BTCUSDT.csv.gz,19782961,2025-10-04T16:59:17.582139
data_v7/canonical/20250918/E-BINANCE/BTCUSDT.csv.gz,artifacts/data_v7/canonical/20250918/E-BINANCE/BTCUSDT.csv.gz,160279175,2025-10-04T16:58:43.964522
data_v7/canonical/20250918/E-BITGET/BTCUSDT.csv.gz,artifacts/data_v7/canonical/20250918/E-BITGET/BTCUSDT.csv.gz,15301646,2025-10-04T16:59:35.725478
data_v7/canonical/20250918/E-COINBASE/BTCUSDT.csv.gz,artifacts/data_v7/canonical/20250918/E-COINBASE/BTCUSDT.csv.gz,42073890,2025-10-04T16:59:04.008860
data_v7/canonical/20251002/E-BYBITSPOT/BTCUSDT.csv.gz,artifacts/data_v7/canonical/20251002/E-BYBITSPOT/BTCUSDT.csv.gz,32906308,2025-10-10T22:08:15.400236
data_v7/canonical/20251002/E-BINANCE/BTCUSDT.csv.gz,artifacts/data_v7/canonical/20251002/E-BINANCE/BTCUSDT.csv.gz,171216963,2025-10-10T21:42:22.431843
data_v7/canonical/20251002/E-BITGET/BTCUSDT.csv.gz,artifacts/data_v7/canonical/20251002/E-BITGET/BTCUSDT.csv.gz,11465559,2025-10-10T21:43:29.656305
data_v7/canonical/20251002/E-COINBASE/BTCUSDT.csv.gz,artifacts/data_v7/canonical/20251002/E-COINBASE/BTCUSDT.csv.gz,51988708,2025-10-10T21:43:05.051317
data_v7/raw/coinapi_jul_w5/20250724/E-COINBASE/IDDI_7254de3e__BTC_USD.csv.gz,artifacts/data_v7/raw/coinapi_jul_w5/20250724/E-COINBASE/IDDI_7254de3e__BTC_USD.csv.gz,30037426,2025-10-11T18:11:48.037386
data_v7/raw/coinapi_jul_w5/20250723/E-COINBASE/IDDI_58a6bb76__BTC_USD.csv.gz,artifacts/data_v7/raw/coinapi_jul_w5/20250723/E-COINBASE/IDDI_58a6bb76__BTC_USD.csv.gz,28872167,2025-10-11T18:11:34.249290
data_v7/raw/coinapi_jul_w5/20250722/E-COINBASE/IDDI_24d70016__BTC_USD.csv.gz,artifacts/data_v7/raw/coinapi_jul_w5/20250722/E-COINBASE/IDDI_24d70016__BTC_USD.csv.gz,33423988,2025-10-11T18:11:15.866609
data_v7/raw/coinapi_jul_w5/20250725/E-COINBASE/IDDI_1bfa6bd1__BTC_USD.csv.gz,artifacts/data_v7/raw/coinapi_jul_w5/20250725/E-COINBASE/IDDI_1bfa6bd1__BTC_USD.csv.gz,58962149,2025-10-11T18:12:08.674894
data_v7/raw/coinapi_jul_w5/20250727/E-COINBASE/IDDI_55b643ff__BTC_USD.csv.gz,artifacts/data_v7/raw/coinapi_jul_w5/20250727/E-COINBASE/IDDI_55b643ff__BTC_USD.csv.gz,20705702,2025-10-11T18:12:30.528754
data_v7/raw/coinapi_jul_w5/20250726/E-COINBASE/IDDI_9a8400e2__BTC_USD.csv.gz,artifacts/data_v7/raw/coinapi_jul_w5/20250726/E-COINBASE/IDDI_9a8400e2__BTC_USD.csv.gz,27302863,2025-10-11T18:12:20.847808
data_v7/raw/coinapi_jul_w5/20250721/E-BYBITSPOT/IDDI_e33424bc__BTCUSDT.csv.gz,artifacts/data_v7/raw/coinapi_jul_w5/20250721/E-BYBITSPOT/IDDI_e33424bc__BTCUSDT.csv.gz,168367,2025-10-11T18:10:40.751200
data_v7/raw/coinapi_jul_w5/20250721/E-BINANCE/IDDI_1c516390__BTCUSDT.csv.gz,artifacts/data_v7/raw/coinapi_jul_w5/20250721/E-BINANCE/IDDI_1c516390__BTCUSDT.csv.gz,96986133,2025-10-11T18:10:36.132909
data_v7/raw/coinapi_jul_w5/20250721/E-BITGET/IDDI_f84f7767__BTCUSDT.csv.gz,artifacts/data_v7/raw/coinapi_jul_w5/20250721/E-BITGET/IDDI_f84f7767__BTCUSDT.csv.gz,9092891,2025-10-11T18:10:49.035195
data_v7/raw/coinapi_jul_w5/20250721/E-COINBASE/IDDI_56019e3b__BTC_USD.csv.gz,artifacts/data_v7/raw/coinapi_jul_w5/20250721/E-COINBASE/IDDI_56019e3b__BTC_USD.csv.gz,32046198,2025-10-11T18:09:58.217646
data_v7/raw/coinapi_jul_w4/BITGET_20250730_BTCUSDT.csv.gz,artifacts/data_v7/raw/coinapi_jul_w4/BITGET_20250730_BTCUSDT.csv.gz,11650144,2025-10-11T21:29:05.301525
data_v7/raw/coinapi_jul_w4/BITGET_20250731_BTCUSDT.csv.gz,artifacts/data_v7/raw/coinapi_jul_w4/BITGET_20250731_BTCUSDT.csv.gz,6358232,2025-10-11T21:30:11.207449
data_v7/raw/coinapi_jul_w4/BITGET_20250729_BTCUSDT.csv.gz,artifacts/data_v7/raw/coinapi_jul_w4/BITGET_20250729_BTCUSDT.csv.gz,34526631,2025-10-11T21:28:07.316061
data_v7/raw/coinapi_jul_w4/BITGET_20250728_BTCUSDT.csv.gz,artifacts/data_v7/raw/coinapi_jul_w4/BITGET_20250728_BTCUSDT.csv.gz,19076795,2025-10-11T21:26:50.908610
data_v7/raw/coinapi_jul_w4/COINBASE_20250731_BTC-USD.csv.gz,artifacts/data_v7/raw/coinapi_jul_w4/COINBASE_20250731_BTC-USD.csv.gz,26354221,2025-10-11T21:29:45.746463
data_v7/raw/coinapi_jul_w4/BINANCE_20250728_BTCUSDT.csv.gz,artifacts/data_v7/raw/coinapi_jul_w4/BINANCE_20250728_BTCUSDT.csv.gz,70533294,2025-10-11T21:26:13.491874
data_v7/raw/coinapi_jul_w4/BYBITSPOT_20250729_BTCUSDT.csv.gz,artifacts/data_v7/raw/coinapi_jul_w4/BYBITSPOT_20250729_BTCUSDT.csv.gz,20451096,2025-10-11T21:27:51.363713
data_v7/raw/coinapi_jul_w4/BYBITSPOT_20250728_BTCUSDT.csv.gz,artifacts/data_v7/raw/coinapi_jul_w4/BYBITSPOT_20250728_BTCUSDT.csv.gz,19791865,2025-10-11T21:26:38.733993
data_v7/raw/coinapi_jul_w4/COINBASE_20250730_BTC-USD.csv.gz,artifacts/data_v7/raw/coinapi_jul_w4/COINBASE_20250730_BTC-USD.csv.gz,28988361,2025-10-11T21:28:48.099858
data_v7/raw/coinapi_jul_w4/BINANCE_20250729_BTCUSDT.csv.gz,artifacts/data_v7/raw/coinapi_jul_w4/BINANCE_20250729_BTCUSDT.csv.gz,75391964,2025-10-11T21:27:26.044564
data_v7/raw/coinapi_jul_w4/BYBITSPOT_20250730_BTCUSDT.csv.gz,artifacts/data_v7/raw/coinapi_jul_w4/BYBITSPOT_20250730_BTCUSDT.csv.gz,23712818,2025-10-11T21:28:58.721159
data_v7/raw/coinapi_jul_w4/COINBASE_20250728_BTC-USD.csv.gz,artifacts/data_v7/raw/coinapi_jul_w4/COINBASE_20250728_BTC-USD.csv.gz,27288286,2025-10-11T21:26:26.682208
data_v7/raw/coinapi_jul_w4/BINANCE_20250731_BTCUSDT.csv.gz,artifacts/data_v7/raw/coinapi_jul_w4/BINANCE_20250731_BTCUSDT.csv.gz,71918891,2025-10-11T21:29:32.363955
data_v7/raw/coinapi_jul_w4/COINBASE_20250729_BTC-USD.csv.gz,artifacts/data_v7/raw/coinapi_jul_w4/COINBASE_20250729_BTC-USD.csv.gz,28338093,2025-10-11T21:27:40.697280
data_v7/raw/coinapi_jul_w4/BINANCE_20250730_BTCUSDT.csv.gz,artifacts/data_v7/raw/coinapi_jul_w4/BINANCE_20250730_BTCUSDT.csv.gz,76995061,2025-10-11T21:28:36.782262
data_v7/raw/coinapi_jul_w4/BYBITSPOT_20250731_BTCUSDT.csv.gz,artifacts/data_v7/raw/coinapi_jul_w4/BYBITSPOT_20250731_BTCUSDT.csv.gz,19249702,2025-10-11T21:30:05.843808
data_v7/raw/coinapi_jul_w6/IDDI-39450946+SC-BYBITSPOT_SPOT_PUMPBTC_USDT+S-PUMPBTCUSDT.csv.gz,artifacts/data_v7/raw/coinapi_jul_w6/IDDI-39450946+SC-BYBITSPOT_SPOT_PUMPBTC_USDT+S-PUMPBTCUSDT.csv.gz,106925,2025-10-11T15:58:23.338244
data_v7/raw/coinapi_jul_w6/COINBASE_20250715_BTC-USD.csv.gz,artifacts/data_v7/raw/coinapi_jul_w6/COINBASE_20250715_BTC-USD.csv.gz,68928849,2025-10-11T21:40:56.867425
data_v7/raw/coinapi_jul_w6/IDDI-27576+SC-COINBASE_SPOT_BTC_USD+S-BTC__002DUSD.csv.gz,artifacts/data_v7/raw/coinapi_jul_w6/IDDI-27576+SC-COINBASE_SPOT_BTC_USD+S-BTC__002DUSD.csv.gz,24797129,2025-10-11T15:58:13.690116
data_v7/raw/coinapi_jul_w6/COINBASE_20250714_BTC-USD.csv.gz,artifacts/data_v7/raw/coinapi_jul_w6/COINBASE_20250714_BTC-USD.csv.gz,52275150,2025-10-11T21:40:35.869046
data_v7/raw/coinapi_jul_w6/COINBASE_20250719_BTC-USD.csv.gz,artifacts/data_v7/raw/coinapi_jul_w6/COINBASE_20250719_BTC-USD.csv.gz,24797129,2025-10-11T21:41:51.064300
data_v7/raw/coinapi_jul_w6/IDDI-38151876+SC-BYBITSPOT_SPOT_BTC_USDQ+S-BTCUSDQ.csv.gz,artifacts/data_v7/raw/coinapi_jul_w6/IDDI-38151876+SC-BYBITSPOT_SPOT_BTC_USDQ+S-BTCUSDQ.csv.gz,293,2025-10-11T15:58:21.760537
data_v7/raw/coinapi_jul_w6/COINBASE_20250716_BTC-USD.csv.gz,artifacts/data_v7/raw/coinapi_jul_w6/COINBASE_20250716_BTC-USD.csv.gz,36964767,2025-10-11T21:41:10.322296
data_v7/raw/coinapi_jul_w6/COINBASE_20250717_BTC-USD.csv.gz,artifacts/data_v7/raw/coinapi_jul_w6/COINBASE_20250717_BTC-USD.csv.gz,37728773,2025-10-11T21:41:23.091631
data_v7/raw/coinapi_jul_w6/BITGET_20250720_BTCUSDT.csv.gz,artifacts/data_v7/raw/coinapi_jul_w6/BITGET_20250720_BTCUSDT.csv.gz,4493073,2025-10-11T21:38:45.703676
data_v7/raw/coinapi_jul_w6/COINBASE_20250718_BTC-USD.csv.gz,artifacts/data_v7/raw/coinapi_jul_w6/COINBASE_20250718_BTC-USD.csv.gz,44741854,2025-10-11T21:41:40.297664
data_v7/raw/coinapi_jul_w6/IDDI-27577+SC-COINBASE_SPOT_BTC_EUR+S-BTC__002DEUR.csv.gz,artifacts/data_v7/raw/coinapi_jul_w6/IDDI-27577+SC-COINBASE_SPOT_BTC_EUR+S-BTC__002DEUR.csv.gz,1644179,2025-10-11T15:58:16.189661
data_v7/raw/coinapi_jul_w6/IDDI-6870353+SC-BINANCE_SPOT_WBTC_USDT+S-WBTCUSDT.csv.gz,artifacts/data_v7/raw/coinapi_jul_w6/IDDI-6870353+SC-BINANCE_SPOT_WBTC_USDT+S-WBTCUSDT.csv.gz,485991,2025-10-11T15:58:02.829279
data_v7/raw/coinapi_jul_w6/IDDI-27579+SC-COINBASE_SPOT_BTC_GBP+S-BTC__002DGBP.csv.gz,artifacts/data_v7/raw/coinapi_jul_w6/IDDI-27579+SC-COINBASE_SPOT_BTC_GBP+S-BTC__002DGBP.csv.gz,974344,2025-10-11T15:58:18.430529
data_v7/raw/coinapi_jul_w6/IDDI-37002578+SC-BYBITSPOT_SPOT_BTC_USDE+S-BTCUSDE.csv.gz,artifacts/data_v7/raw/coinapi_jul_w6/IDDI-37002578+SC-BYBITSPOT_SPOT_BTC_USDE+S-BTCUSDE.csv.gz,6436,2025-10-11T15:58:20.922550
data_v7/raw/coinapi_jul_w6/IDDI-39261889+SC-BITGET_SPOT_BTC_USD1+S-BTCUSD1.csv.gz,artifacts/data_v7/raw/coinapi_jul_w6/IDDI-39261889+SC-BITGET_SPOT_BTC_USD1+S-BTCUSD1.csv.gz,143265,2025-10-11T15:57:34.204899
data_v7/raw/coinapi_jul_w6/IDDI-5171075+SC-BINANCE_SPOT_BTC_USDC+S-BTCUSDC.csv.gz,artifacts/data_v7/raw/coinapi_jul_w6/IDDI-5171075+SC-BINANCE_SPOT_BTC_USDC+S-BTCUSDC.csv.gz,8363868,2025-10-11T15:58:00.682248
data_v7/raw/coinapi_jul_w6/IDDI-6891530+SC-BITGET_SPOT_BTC_USDC+S-BTCUSDC.csv.gz,artifacts/data_v7/raw/coinapi_jul_w6/IDDI-6891530+SC-BITGET_SPOT_BTC_USDC+S-BTCUSDC.csv.gz,1103563,2025-10-11T15:57:36.510623
data_v7/raw/coinapi_jul_w6/COINBASE_20250720_BTC-USD.csv.gz,artifacts/data_v7/raw/coinapi_jul_w6/COINBASE_20250720_BTC-USD.csv.gz,20114050,2025-10-11T21:41:59.842746
data_v7/raw/coinapi_jul_w6/IDDI-138123+SC-BINANCE_SPOT_BTC_USDT+S-BTCUSDT.csv.gz,artifacts/data_v7/raw/coinapi_jul_w6/IDDI-138123+SC-BINANCE_SPOT_BTC_USDT+S-BTCUSDT.csv.gz,44460934,2025-10-11T15:57:55.733895
data_v7/raw/coinapi_jul_w6/IDDI-37544374+SC-BITGET_SPOT_BTC_USDE+S-BTCUSDE.csv.gz,artifacts/data_v7/raw/coinapi_jul_w6/IDDI-37544374+SC-BITGET_SPOT_BTC_USDE+S-BTCUSDE.csv.gz,221984,2025-10-11T15:57:32.569168
data_v7/raw/coinapi_jul_w6/20250715/E-BYBITSPOT/IDDI_5542a945__BTCUSDT.csv.gz,artifacts/data_v7/raw/coinapi_jul_w6/20250715/E-BYBITSPOT/IDDI_5542a945__BTCUSDT.csv.gz,230666,2025-10-11T17:40:51.860188
data_v7/raw/coinapi_jul_w6/20250715/E-BINANCE/IDDI_99764db3__BTCUSDT.csv.gz,artifacts/data_v7/raw/coinapi_jul_w6/20250715/E-BINANCE/IDDI_99764db3__BTCUSDT.csv.gz,146646265,2025-10-11T17:40:46.357571
data_v7/raw/coinapi_jul_w6/20250715/E-BITGET/IDDI_15d3bc4f__BTCUSDT.csv.gz,artifacts/data_v7/raw/coinapi_jul_w6/20250715/E-BITGET/IDDI_15d3bc4f__BTCUSDT.csv.gz,8820767,2025-10-11T17:41:01.159082
data_v7/raw/coinapi_jul_w6/20250715/E-COINBASE/IDDI_ffb63145__BTC_USD.csv.gz,artifacts/data_v7/raw/coinapi_jul_w6/20250715/E-COINBASE/IDDI_ffb63145__BTC_USD.csv.gz,68928849,2025-10-11T17:39:48.824021
data_v7/raw/coinapi_jul_w6/20250714/E-BYBITSPOT/IDDI_ca4f8f42__BTCUSDT.csv.gz,artifacts/data_v7/raw/coinapi_jul_w6/20250714/E-BYBITSPOT/IDDI_ca4f8f42__BTCUSDT.csv.gz,358844,2025-10-11T17:31:28.969504
data_v7/raw/coinapi_jul_w6/20250714/E-BINANCE/IDDI_cc043262__BTCUSDT.csv.gz,artifacts/data_v7/raw/coinapi_jul_w6/20250714/E-BINANCE/IDDI_cc043262__BTCUSDT.csv.gz,155244332,2025-10-11T17:31:25.266616
data_v7/raw/coinapi_jul_w6/20250714/E-BITGET/IDDI_43fb11bf__BTCUSDT.csv.gz,artifacts/data_v7/raw/coinapi_jul_w6/20250714/E-BITGET/IDDI_43fb11bf__BTCUSDT.csv.gz,7762280,2025-10-11T17:31:35.979832
data_v7/raw/coinapi_jul_w6/20250714/E-COINBASE/IDDI_248891ed__BTC_USD.csv.gz,artifacts/data_v7/raw/coinapi_jul_w6/20250714/E-COINBASE/IDDI_248891ed__BTC_USD.csv.gz,52275150,2025-10-11T17:27:09.477023
data_v7/raw/coinapi_jul_w6/20250716/E-BYBITSPOT/IDDI_de61a508__BTCUSDT.csv.gz,artifacts/data_v7/raw/coinapi_jul_w6/20250716/E-BYBITSPOT/IDDI_de61a508__BTCUSDT.csv.gz,424591,2025-10-11T17:45:21.123021
data_v7/raw/coinapi_jul_w6/20250716/E-BINANCE/IDDI_a252e314__BTCUSDT.csv.gz,artifacts/data_v7/raw/coinapi_jul_w6/20250716/E-BINANCE/IDDI_a252e314__BTCUSDT.csv.gz,94248820,2025-10-11T17:45:15.684391
data_v7/raw/coinapi_jul_w6/20250716/E-BITGET/IDDI_6694bf1e__BTCUSDT.csv.gz,artifacts/data_v7/raw/coinapi_jul_w6/20250716/E-BITGET/IDDI_6694bf1e__BTCUSDT.csv.gz,6172999,2025-10-11T17:45:29.204172
data_v7/raw/coinapi_jul_w6/20250716/E-COINBASE/IDDI_c71a30f9__BTC_USD.csv.gz,artifacts/data_v7/raw/coinapi_jul_w6/20250716/E-COINBASE/IDDI_c71a30f9__BTC_USD.csv.gz,36964767,2025-10-11T17:44:37.791002
data_v7/raw/coinapi_jul_w6/20250720/E-BYBITSPOT/IDDI_ccf48bc2__BTCUSDT.csv.gz,artifacts/data_v7/raw/coinapi_jul_w6/20250720/E-BYBITSPOT/IDDI_ccf48bc2__BTCUSDT.csv.gz,124526,2025-10-11T17:49:32.492506
data_v7/raw/coinapi_jul_w6/20250720/E-BINANCE/IDDI_add07785__BTCUSDT.csv.gz,artifacts/data_v7/raw/coinapi_jul_w6/20250720/E-BINANCE/IDDI_add07785__BTCUSDT.csv.gz,63062406,2025-10-11T17:49:27.191317
data_v7/raw/coinapi_jul_w6/20250720/E-BITGET/IDDI_23528582__BTCUSDT.csv.gz,artifacts/data_v7/raw/coinapi_jul_w6/20250720/E-BITGET/IDDI_23528582__BTCUSDT.csv.gz,4493073,2025-10-11T17:49:39.758824
data_v7/raw/coinapi_jul_w6/20250720/E-COINBASE/IDDI_49e968ba__BTC_USD.csv.gz,artifacts/data_v7/raw/coinapi_jul_w6/20250720/E-COINBASE/IDDI_49e968ba__BTC_USD.csv.gz,20114050,2025-10-11T17:48:51.397578
data_v7/raw/coinapi_jul_w6/20250718/E-BYBITSPOT/IDDI_612124ea__BTCUSDT.csv.gz,artifacts/data_v7/raw/coinapi_jul_w6/20250718/E-BYBITSPOT/IDDI_612124ea__BTCUSDT.csv.gz,125870,2025-10-11T17:47:38.001029
data_v7/raw/coinapi_jul_w6/20250718/E-BINANCE/IDDI_baec4221__BTCUSDT.csv.gz,artifacts/data_v7/raw/coinapi_jul_w6/20250718/E-BINANCE/IDDI_baec4221__BTCUSDT.csv.gz,108505677,2025-10-11T17:47:32.691099
data_v7/raw/coinapi_jul_w6/20250718/E-BITGET/IDDI_9b70324d__BTCUSDT.csv.gz,artifacts/data_v7/raw/coinapi_jul_w6/20250718/E-BITGET/IDDI_9b70324d__BTCUSDT.csv.gz,8100861,2025-10-11T17:47:46.692391
data_v7/raw/coinapi_jul_w6/20250718/E-COINBASE/IDDI_6b03ff85__BTC_USD.csv.gz,artifacts/data_v7/raw/coinapi_jul_w6/20250718/E-COINBASE/IDDI_6b03ff85__BTC_USD.csv.gz,44741854,2025-10-11T17:46:53.221709
data_v7/raw/coinapi_jul_w6/20250719/E-BYBITSPOT/IDDI_dd6a9008__BTCUSDT.csv.gz,artifacts/data_v7/raw/coinapi_jul_w6/20250719/E-BYBITSPOT/IDDI_dd6a9008__BTCUSDT.csv.gz,106925,2025-10-11T17:48:30.657535
data_v7/raw/coinapi_jul_w6/20250719/E-BINANCE/IDDI_e93d9c96__BTCUSDT.csv.gz,artifacts/data_v7/raw/coinapi_jul_w6/20250719/E-BINANCE/IDDI_e93d9c96__BTCUSDT.csv.gz,44460934,2025-10-11T17:48:25.427919
data_v7/raw/coinapi_jul_w6/20250719/E-BITGET/IDDI_8d83be43__BTCUSDT.csv.gz,artifacts/data_v7/raw/coinapi_jul_w6/20250719/E-BITGET/IDDI_8d83be43__BTCUSDT.csv.gz,2718303,2025-10-11T17:48:38.015674
data_v7/raw/coinapi_jul_w6/20250719/E-COINBASE/IDDI_a8222272__BTC_USD.csv.gz,artifacts/data_v7/raw/coinapi_jul_w6/20250719/E-COINBASE/IDDI_a8222272__BTC_USD.csv.gz,24797129,2025-10-11T17:48:02.012665
data_v7/raw/coinapi_jul_w6/20250717/E-BYBITSPOT/IDDI_3ef39ea3__BTCUSDT.csv.gz,artifacts/data_v7/raw/coinapi_jul_w6/20250717/E-BYBITSPOT/IDDI_3ef39ea3__BTCUSDT.csv.gz,230455,2025-10-11T17:46:24.772244
data_v7/raw/coinapi_jul_w6/20250717/E-BINANCE/IDDI_71f4a849__BTCUSDT.csv.gz,artifacts/data_v7/raw/coinapi_jul_w6/20250717/E-BINANCE/IDDI_71f4a849__BTCUSDT.csv.gz,91528325,2025-10-11T17:46:18.872195
data_v7/raw/coinapi_jul_w6/20250717/E-BITGET/IDDI_7eba2b5e__BTCUSDT.csv.gz,artifacts/data_v7/raw/coinapi_jul_w6/20250717/E-BITGET/IDDI_7eba2b5e__BTCUSDT.csv.gz,7006905,2025-10-11T17:46:33.203681
data_v7/raw/coinapi_jul_w6/20250717/E-COINBASE/IDDI_7b283ec5__BTC_USD.csv.gz,artifacts/data_v7/raw/coinapi_jul_w6/20250717/E-COINBASE/IDDI_7b283ec5__BTC_USD.csv.gz,37728773,2025-10-11T17:45:46.169350
data_v7/raw/coinapi_jul_w7/BYBITSPOT_20250713_BTCUSDT.csv.gz,artifacts/data_v7/raw/coinapi_jul_w7/BYBITSPOT_20250713_BTCUSDT.csv.gz,216602,2025-10-11T21:50:15.663918
data_v7/raw/coinapi_jul_w7/BINANCE_20250712_BTCUSDT.csv.gz,artifacts/data_v7/raw/coinapi_jul_w7/BINANCE_20250712_BTCUSDT.csv.gz,55735247,2025-10-11T21:49:36.963553
data_v7/raw/coinapi_jul_w7/BINANCE_20250713_BTCUSDT.csv.gz,artifacts/data_v7/raw/coinapi_jul_w7/BINANCE_20250713_BTCUSDT.csv.gz,63549834,2025-10-11T21:50:11.181498
data_v7/raw/coinapi_jul_w7/BYBITSPOT_20250712_BTCUSDT.csv.gz,artifacts/data_v7/raw/coinapi_jul_w7/BYBITSPOT_20250712_BTCUSDT.csv.gz,777154,2025-10-11T21:49:41.815732
data_v7/raw/coinapi_jul_w7/BYBITSPOT_20250707_BTCUSDT.csv.gz,artifacts/data_v7/raw/coinapi_jul_w7/BYBITSPOT_20250707_BTCUSDT.csv.gz,47452,2025-10-11T21:48:54.436596
data_v7/raw/coinapi_jul_w7/BITGET_20250713_BTCUSDT.csv.gz,artifacts/data_v7/raw/coinapi_jul_w7/BITGET_20250713_BTCUSDT.csv.gz,3286120,2025-10-11T21:50:22.234321
data_v7/raw/coinapi_jul_w7/BITGET_20250707_BTCUSDT.csv.gz,artifacts/data_v7/raw/coinapi_jul_w7/BITGET_20250707_BTCUSDT.csv.gz,5776659,2025-10-11T21:49:00.740929
data_v7/raw/coinapi_jul_w7/BITGET_20250712_BTCUSDT.csv.gz,artifacts/data_v7/raw/coinapi_jul_w7/BITGET_20250712_BTCUSDT.csv.gz,2526001,2025-10-11T21:49:47.736377
data_v7/raw/coinapi_jul_w7/BITGET_20250711_BTCUSDT.csv.gz,artifacts/data_v7/raw/coinapi_jul_w7/BITGET_20250711_BTCUSDT.csv.gz,7056316,2025-10-11T21:49:07.664412
data_v7/raw/coinapi_jul_w7/20250709/BYBITSPOT/IDDI-6072814+SC-BYBITSPOT_SPOT_BTC_USDT+S-BTCUSDT.csv.gz,artifacts/data_v7/raw/coinapi_jul_w7/20250709/BYBITSPOT/IDDI-6072814+SC-BYBITSPOT_SPOT_BTC_USDT+S-BTCUSDT.csv.gz,22530846,2025-10-11T14:51:06.399235
data_v7/raw/coinapi_jul_w7/20250709/BYBITSPOT/IDDI-39450946+SC-BYBITSPOT_SPOT_PUMPBTC_USDT+S-PUMPBTCUSDT.csv.gz,artifacts/data_v7/raw/coinapi_jul_w7/20250709/BYBITSPOT/IDDI-39450946+SC-BYBITSPOT_SPOT_PUMPBTC_USDT+S-PUMPBTCUSDT.csv.gz,190189,2025-10-11T14:50:50.490505
data_v7/raw/coinapi_jul_w7/20250709/BYBITSPOT/IDDI-6075118+SC-BYBITSPOT_SPOT_WBTC_USDT+S-WBTCUSDT.csv.gz,artifacts/data_v7/raw/coinapi_jul_w7/20250709/BYBITSPOT/IDDI-6075118+SC-BYBITSPOT_SPOT_WBTC_USDT+S-WBTCUSDT.csv.gz,195597,2025-10-11T14:51:03.911526
data_v7/raw/coinapi_jul_w7/20250709/BITGET/IDDI-6891536+SC-BITGET_SPOT_BTC_USDT+S-BTCUSDT.csv.gz,artifacts/data_v7/raw/coinapi_jul_w7/20250709/BITGET/IDDI-6891536+SC-BITGET_SPOT_BTC_USDT+S-BTCUSDT.csv.gz,2339521,2025-10-11T14:51:08.589807
data_v7/raw/coinapi_jul_w7/20250709/BITGET/IDDI-6891663+SC-BITGET_SPOT_WBTC_USDT+S-WBTCUSDT.csv.gz,artifacts/data_v7/raw/coinapi_jul_w7/20250709/BITGET/IDDI-6891663+SC-BITGET_SPOT_WBTC_USDT+S-WBTCUSDT.csv.gz,119449,2025-10-11T14:51:09.741262
data_v7/raw/coinapi_jul_w7/20250709/E-COINBASE/IDDI_4f750711__BTC-USD.csv.gz,artifacts/data_v7/raw/coinapi_jul_w7/20250709/E-COINBASE/IDDI_4f750711__BTC-USD.csv.gz,1164653,2025-10-11T16:46:54.259912
data_v7/raw/coinapi_jul_w7/20250709/E-COINBASE/IDDI_584179f1__BTC-USD.csv.gz,artifacts/data_v7/raw/coinapi_jul_w7/20250709/E-COINBASE/IDDI_584179f1__BTC-USD.csv.gz,32502380,2025-10-11T16:46:51.846734
data_v7/raw/coinapi_jul_w7/20250709/BINANCE/IDDI-6870353+SC-BINANCE_SPOT_WBTC_USDT+S-WBTCUSDT.csv.gz,artifacts/data_v7/raw/coinapi_jul_w7/20250709/BINANCE/IDDI-6870353+SC-BINANCE_SPOT_WBTC_USDT+S-WBTCUSDT.csv.gz,598357,2025-10-11T14:50:48.893690
data_v7/raw/coinapi_jul_w7/20250709/BINANCE/IDDI-138123+SC-BINANCE_SPOT_BTC_USDT+S-BTCUSDT.csv.gz,artifacts/data_v7/raw/coinapi_jul_w7/20250709/BINANCE/IDDI-138123+SC-BINANCE_SPOT_BTC_USDT+S-BTCUSDT.csv.gz,89418242,2025-10-11T14:50:43.969933
data_v7/raw/coinapi_jul_w7/20250707/E-COINBASE/IDDI_6bc99d65__BTC-USD.csv.gz,artifacts/data_v7/raw/coinapi_jul_w7/20250707/E-COINBASE/IDDI_6bc99d65__BTC-USD.csv.gz,25820939,2025-10-11T16:58:56.369104
data_v7/raw/coinapi_jul_w7/20250707/E-COINBASE/IDDI_b777a051__BTC-USD.csv.gz,artifacts/data_v7/raw/coinapi_jul_w7/20250707/E-COINBASE/IDDI_b777a051__BTC-USD.csv.gz,760907,2025-10-11T16:58:58.528069
data_v7/raw/coinapi_jul_w7/20250707/BINANCE/IDDI-138123+SC-BINANCE_SPOT_BTC_USDT+S-BTCUSDT.csv.gz,artifacts/data_v7/raw/coinapi_jul_w7/20250707/BINANCE/IDDI-138123+SC-BINANCE_SPOT_BTC_USDT+S-BTCUSDT.csv.gz,74300556,2025-10-11T14:45:24.081059
data_v7/raw/coinapi_jul_w7/20250708/BYBITSPOT/IDDI-6072814+SC-BYBITSPOT_SPOT_BTC_USDT+S-BTCUSDT.csv.gz,artifacts/data_v7/raw/coinapi_jul_w7/20250708/BYBITSPOT/IDDI-6072814+SC-BYBITSPOT_SPOT_BTC_USDT+S-BTCUSDT.csv.gz,16158395,2025-10-11T14:49:44.535011
data_v7/raw/coinapi_jul_w7/20250708/BYBITSPOT/IDDI-39450946+SC-BYBITSPOT_SPOT_PUMPBTC_USDT+S-PUMPBTCUSDT.csv.gz,artifacts/data_v7/raw/coinapi_jul_w7/20250708/BYBITSPOT/IDDI-39450946+SC-BYBITSPOT_SPOT_PUMPBTC_USDT+S-PUMPBTCUSDT.csv.gz,76582,2025-10-11T14:49:35.244521
data_v7/raw/coinapi_jul_w7/20250708/BYBITSPOT/IDDI-6075118+SC-BYBITSPOT_SPOT_WBTC_USDT+S-WBTCUSDT.csv.gz,artifacts/data_v7/raw/coinapi_jul_w7/20250708/BYBITSPOT/IDDI-6075118+SC-BYBITSPOT_SPOT_WBTC_USDT+S-WBTCUSDT.csv.gz,18212,2025-10-11T14:49:48.590802
data_v7/raw/coinapi_jul_w7/20250708/BITGET/IDDI-6891536+SC-BITGET_SPOT_BTC_USDT+S-BTCUSDT.csv.gz,artifacts/data_v7/raw/coinapi_jul_w7/20250708/BITGET/IDDI-6891536+SC-BITGET_SPOT_BTC_USDT+S-BTCUSDT.csv.gz,5639034,2025-10-11T14:49:54.850070
data_v7/raw/coinapi_jul_w7/20250708/BITGET/IDDI-6891663+SC-BITGET_SPOT_WBTC_USDT+S-WBTCUSDT.csv.gz,artifacts/data_v7/raw/coinapi_jul_w7/20250708/BITGET/IDDI-6891663+SC-BITGET_SPOT_WBTC_USDT+S-WBTCUSDT.csv.gz,141817,2025-10-11T14:49:58.128203
data_v7/raw/coinapi_jul_w7/20250708/E-COINBASE/IDDI_2cb45db2__BTC-USD.csv.gz,artifacts/data_v7/raw/coinapi_jul_w7/20250708/E-COINBASE/IDDI_2cb45db2__BTC-USD.csv.gz,23786134,2025-10-11T16:59:09.187527
data_v7/raw/coinapi_jul_w7/20250708/E-COINBASE/IDDI_4e74f670__BTC-USD.csv.gz,artifacts/data_v7/raw/coinapi_jul_w7/20250708/E-COINBASE/IDDI_4e74f670__BTC-USD.csv.gz,734406,2025-10-11T16:59:11.345995
data_v7/raw/coinapi_jul_w7/20250708/BINANCE/IDDI-6870353+SC-BINANCE_SPOT_WBTC_USDT+S-WBTCUSDT.csv.gz,artifacts/data_v7/raw/coinapi_jul_w7/20250708/BINANCE/IDDI-6870353+SC-BINANCE_SPOT_WBTC_USDT+S-WBTCUSDT.csv.gz,344406,2025-10-11T14:49:33.851531
data_v7/raw/coinapi_jul_w7/20250708/BINANCE/IDDI-138123+SC-BINANCE_SPOT_BTC_USDT+S-BTCUSDT.csv.gz,artifacts/data_v7/raw/coinapi_jul_w7/20250708/BINANCE/IDDI-138123+SC-BINANCE_SPOT_BTC_USDT+S-BTCUSDT.csv.gz,66224363,2025-10-11T14:49:30.102533
data_v7/raw/coinapi_jul_w7/20250712/E-COINBASE/IDDI_bc2ff66e__BTC-USD.csv.gz,artifacts/data_v7/raw/coinapi_jul_w7/20250712/E-COINBASE/IDDI_bc2ff66e__BTC-USD.csv.gz,582028,2025-10-11T17:00:00.080502
data_v7/raw/coinapi_jul_w7/20250712/E-COINBASE/IDDI_4cdc0510__BTC-USD.csv.gz,artifacts/data_v7/raw/coinapi_jul_w7/20250712/E-COINBASE/IDDI_4cdc0510__BTC-USD.csv.gz,21806601,2025-10-11T16:59:58.047709
data_v7/raw/coinapi_jul_w7/20250713/E-COINBASE/IDDI_4d5bce95__BTC-USD.csv.gz,artifacts/data_v7/raw/coinapi_jul_w7/20250713/E-COINBASE/IDDI_4d5bce95__BTC-USD.csv.gz,24890509,2025-10-11T17:00:10.337552
data_v7/raw/coinapi_jul_w7/20250713/E-COINBASE/IDDI_858d0332__BTC-USD.csv.gz,artifacts/data_v7/raw/coinapi_jul_w7/20250713/E-COINBASE/IDDI_858d0332__BTC-USD.csv.gz,688682,2025-10-11T17:00:12.748212
data_v7/raw/coinapi_jul_w7/20250711/BYBITSPOT/IDDI-6072814+SC-BYBITSPOT_SPOT_BTC_USDT+S-BTCUSDT.csv.gz,artifacts/data_v7/raw/coinapi_jul_w7/20250711/BYBITSPOT/IDDI-6072814+SC-BYBITSPOT_SPOT_BTC_USDT+S-BTCUSDT.csv.gz,33723136,2025-10-11T14:54:01.926934
data_v7/raw/coinapi_jul_w7/20250711/BYBITSPOT/IDDI-39450946+SC-BYBITSPOT_SPOT_PUMPBTC_USDT+S-PUMPBTCUSDT.csv.gz,artifacts/data_v7/raw/coinapi_jul_w7/20250711/BYBITSPOT/IDDI-39450946+SC-BYBITSPOT_SPOT_PUMPBTC_USDT+S-PUMPBTCUSDT.csv.gz,1611173,2025-10-11T14:53:48.858236
data_v7/raw/coinapi_jul_w7/20250711/BYBITSPOT/IDDI-6075118+SC-BYBITSPOT_SPOT_WBTC_USDT+S-WBTCUSDT.csv.gz,artifacts/data_v7/raw/coinapi_jul_w7/20250711/BYBITSPOT/IDDI-6075118+SC-BYBITSPOT_SPOT_WBTC_USDT+S-WBTCUSDT.csv.gz,47268,2025-10-11T14:53:58.735801
data_v7/raw/coinapi_jul_w7/20250711/E-COINBASE/IDDI_14afe107__BTC-USD.csv.gz,artifacts/data_v7/raw/coinapi_jul_w7/20250711/E-COINBASE/IDDI_14afe107__BTC-USD.csv.gz,1949669,2025-10-11T16:59:49.209400
data_v7/raw/coinapi_jul_w7/20250711/E-COINBASE/IDDI_e7faa80c__BTC-USD.csv.gz,artifacts/data_v7/raw/coinapi_jul_w7/20250711/E-COINBASE/IDDI_e7faa80c__BTC-USD.csv.gz,47573558,2025-10-11T16:59:46.672680
data_v7/raw/coinapi_jul_w7/20250711/BINANCE/IDDI-6870353+SC-BINANCE_SPOT_WBTC_USDT+S-WBTCUSDT.csv.gz,artifacts/data_v7/raw/coinapi_jul_w7/20250711/BINANCE/IDDI-6870353+SC-BINANCE_SPOT_WBTC_USDT+S-WBTCUSDT.csv.gz,1036036,2025-10-11T14:53:46.535274
data_v7/raw/coinapi_jul_w7/20250711/BINANCE/IDDI-138123+SC-BINANCE_SPOT_BTC_USDT+S-BTCUSDT.csv.gz,artifacts/data_v7/raw/coinapi_jul_w7/20250711/BINANCE/IDDI-138123+SC-BINANCE_SPOT_BTC_USDT+S-BTCUSDT.csv.gz,140409435,2025-10-11T14:53:41.588887
data_v7/raw/coinapi_jul_w7/20250710/BYBITSPOT/IDDI-6072814+SC-BYBITSPOT_SPOT_BTC_USDT+S-BTCUSDT.csv.gz,artifacts/data_v7/raw/coinapi_jul_w7/20250710/BYBITSPOT/IDDI-6072814+SC-BYBITSPOT_SPOT_BTC_USDT+S-BTCUSDT.csv.gz,28045165,2025-10-11T14:52:26.752215
data_v7/raw/coinapi_jul_w7/20250710/BYBITSPOT/IDDI-39450946+SC-BYBITSPOT_SPOT_PUMPBTC_USDT+S-PUMPBTCUSDT.csv.gz,artifacts/data_v7/raw/coinapi_jul_w7/20250710/BYBITSPOT/IDDI-39450946+SC-BYBITSPOT_SPOT_PUMPBTC_USDT+S-PUMPBTCUSDT.csv.gz,1299564,2025-10-11T14:52:13.501434
data_v7/raw/coinapi_jul_w7/20250710/BYBITSPOT/IDDI-6075118+SC-BYBITSPOT_SPOT_WBTC_USDT+S-WBTCUSDT.csv.gz,artifacts/data_v7/raw/coinapi_jul_w7/20250710/BYBITSPOT/IDDI-6075118+SC-BYBITSPOT_SPOT_WBTC_USDT+S-WBTCUSDT.csv.gz,140839,2025-10-11T14:52:31.908152
data_v7/raw/coinapi_jul_w7/20250710/BITGET/IDDI-6891536+SC-BITGET_SPOT_BTC_USDT+S-BTCUSDT.csv.gz,artifacts/data_v7/raw/coinapi_jul_w7/20250710/BITGET/IDDI-6891536+SC-BITGET_SPOT_BTC_USDT+S-BTCUSDT.csv.gz,4192377,2025-10-11T14:52:36.400437
data_v7/raw/coinapi_jul_w7/20250710/BITGET/IDDI-6891663+SC-BITGET_SPOT_WBTC_USDT+S-WBTCUSDT.csv.gz,artifacts/data_v7/raw/coinapi_jul_w7/20250710/BITGET/IDDI-6891663+SC-BITGET_SPOT_WBTC_USDT+S-WBTCUSDT.csv.gz,206300,2025-10-11T14:52:37.454332
data_v7/raw/coinapi_jul_w7/20250710/E-COINBASE/IDDI_7d7621d9__BTC-USD.csv.gz,artifacts/data_v7/raw/coinapi_jul_w7/20250710/E-COINBASE/IDDI_7d7621d9__BTC-USD.csv.gz,1983593,2025-10-11T16:59:29.688997
data_v7/raw/coinapi_jul_w7/20250710/E-COINBASE/IDDI_b8e116bb__BTC-USD.csv.gz,artifacts/data_v7/raw/coinapi_jul_w7/20250710/E-COINBASE/IDDI_b8e116bb__BTC-USD.csv.gz,41308286,2025-10-11T16:59:27.029691
data_v7/raw/coinapi_jul_w7/20250710/BINANCE/IDDI-6870353+SC-BINANCE_SPOT_WBTC_USDT+S-WBTCUSDT.csv.gz,artifacts/data_v7/raw/coinapi_jul_w7/20250710/BINANCE/IDDI-6870353+SC-BINANCE_SPOT_WBTC_USDT+S-WBTCUSDT.csv.gz,751369,2025-10-11T14:52:11.181711
data_v7/raw/coinapi_jul_w7/20250710/BINANCE/IDDI-138123+SC-BINANCE_SPOT_BTC_USDT+S-BTCUSDT.csv.gz,artifacts/data_v7/raw/coinapi_jul_w7/20250710/BINANCE/IDDI-138123+SC-BINANCE_SPOT_BTC_USDT+S-BTCUSDT.csv.gz,123519354,2025-10-11T14:52:05.753454
data_v7/beacons/aggregates_1h.parquet,artifacts/data_v7/beacons/aggregates_1h.parquet,1257908,2025-10-12T01:45:31.871304
data_v7/beacons/venue_aligned.parquet,artifacts/data_v7/beacons/venue_aligned.parquet,438302,2025-10-12T01:45:31.880103
data_v7/beacons/hourly_beacons.parquet,artifacts/data_v7/beacons/hourly_beacons.parquet,1311565,2025-10-12T01:45:31.853437
data_v7/beacons/aggregates_1m.parquet,artifacts/data_v7/beacons/aggregates_1m.parquet,163122,2025-10-12T01:45:31.858739
data_v7/beacons/aggregates_1s.parquet,artifacts/data_v7/beacons/aggregates_1s.parquet,122387,2025-10-12T01:45:31.856334
data_v7/reports/causal_sweep/50K.repair/coeffs_per_fold.parquet,artifacts/data_v7/reports/causal_sweep/50K.repair/coeffs_per_fold.parquet,6635,2025-10-12T15:35:45.369543
data_v7/reports/explain/css_explained.parquet,artifacts/data_v7/reports/explain/css_explained.parquet,23223,2025-10-12T10:55:46.979542
data_v7/reports/calibration/composite_calibration.parquet,artifacts/data_v7/reports/calibration/composite_calibration.parquet,5093,2025-10-12T10:22:53.620538
data_v7/reports/qfeatures/52Q_ABLATE/q_ablation_table.parquet,artifacts/data_v7/reports/qfeatures/52Q_ABLATE/q_ablation_table.parquet,8539,2025-10-12T23:31:51.117001
data_v7/reports/precisionmax/51K.6H_REARCH/alert_windows.parquet,artifacts/data_v7/reports/precisionmax/51K.6H_REARCH/alert_windows.parquet,8543,2025-10-12T21:02:45.296965
data_v7/reports/precisionmax/51K.R2_AUDIT/alert_windows.parquet,artifacts/data_v7/reports/precisionmax/51K.R2_AUDIT/alert_windows.parquet,5754,2025-10-12T20:27:54.332018
data_v7/reports/precisionmax/51K.R3b_relax_guard/window_audit.parquet,artifacts/data_v7/reports/precisionmax/51K.R3b_relax_guard/window_audit.parquet,8420,2025-10-12T21:50:08.543541
data_v7/reports/precisionmax/51K.6H_REARCH_RESTORE/alerts_final.parquet,artifacts/data_v7/reports/precisionmax/51K.6H_REARCH_RESTORE/alerts_final.parquet,17786,2025-10-12T22:12:31.506976
data_v7/reports/precisionmax/52K.KNAPSACK_SELECT/alerts_final.parquet,artifacts/data_v7/reports/precisionmax/52K.KNAPSACK_SELECT/alerts_final.parquet,8588,2025-10-12T23:12:24.144941
data_v7/reports/precisionmax/51K.6H_REARCH_RESTORE_MICRO_v2/alerts_final.parquet,artifacts/data_v7/reports/precisionmax/51K.6H_REARCH_RESTORE_MICRO_v2/alerts_final.parquet,21744,2025-10-12T22:55:40.034095
data_v7/reports/precisionmax/51K.6H_REARCH_RESTORE_MICRO/alerts_final.parquet,artifacts/data_v7/reports/precisionmax/51K.6H_REARCH_RESTORE_MICRO/alerts_final.parquet,9854,2025-10-12T22:26:26.968148
data_v7/reports/precisionmax/51K.R2_FIX/alert_windows.parquet,artifacts/data_v7/reports/precisionmax/51K.R2_FIX/alert_windows.parquet,6263,2025-10-12T20:33:30.480771
data_v7/reports/precisionmax/51K.6H_REARCH_FIX/alert_windows.parquet,artifacts/data_v7/reports/precisionmax/51K.6H_REARCH_FIX/alert_windows.parquet,9343,2025-10-12T21:10:17.419132
data_v7/reports/precisionmax/52K.PREDEC_MOTIFS/alerts_final.parquet,artifacts/data_v7/reports/precisionmax/52K.PREDEC_MOTIFS/alerts_final.parquet,26420,2025-10-12T23:05:45.745585
data_v7/reports/release/42A_v6/alerts_release.parquet,artifacts/data_v7/reports/release/42A_v6/alerts_release.parquet,3846,2025-10-12T23:37:08.477435
data_v7/reports/retrain/49K.2/logit_coeffs_per_fold.parquet,artifacts/data_v7/reports/retrain/49K.2/logit_coeffs_per_fold.parquet,6569,2025-10-12T15:50:49.101038
data_v7/reports/attribution/driver_correlations.parquet,artifacts/data_v7/reports/attribution/driver_correlations.parquet,14667,2025-10-12T11:42:54.439957
data_v7/reports/decomposition/CSS_timeline.parquet,artifacts/data_v7/reports/decomposition/CSS_timeline.parquet,256528,2025-10-12T11:26:30.922725
data_v7/reports/orch/51K.DUAL_ESC_V2/alerts_dual.parquet,artifacts/data_v7/reports/orch/51K.DUAL_ESC_V2/alerts_dual.parquet,16066,2025-10-12T22:27:08.191617
data_v6/_backup/COINBASE/20250908/ticks_canonical_20251007_170016.parquet,artifacts/data_v6/_backup/COINBASE/20250908/ticks_canonical_20251007_170016.parquet,5326334,2025-10-07T16:47:55.050525
data_v6/_backup/COINBASE/20250908/ticks_canonical_20251007_164754.parquet,artifacts/data_v6/_backup/COINBASE/20250908/ticks_canonical_20251007_164754.parquet,5328493,2025-10-07T15:53:36.743702
data_v6/_backup/COINBASE/20250909/ticks_canonical_20251007_171634.parquet,artifacts/data_v6/_backup/COINBASE/20250909/ticks_canonical_20251007_171634.parquet,5084205,2025-10-07T15:55:29.651325
data_v6/_backup/COINBASE/20250913/ticks_canonical_20251007_174343.parquet,artifacts/data_v6/_backup/COINBASE/20250913/ticks_canonical_20251007_174343.parquet,3512853,2025-10-07T16:00:13.077543
data_v6/_backup/COINBASE/20250914/ticks_canonical_20251007_174739.parquet,artifacts/data_v6/_backup/COINBASE/20250914/ticks_canonical_20251007_174739.parquet,3074883,2025-10-07T16:00:30.541165
data_v6/_backup/COINBASE/20250912/ticks_canonical_20251007_173604.parquet,artifacts/data_v6/_backup/COINBASE/20250912/ticks_canonical_20251007_173604.parquet,6307526,2025-10-07T15:59:29.251775
data_v6/_backup/COINBASE/20250910/ticks_canonical_20251007_172418.parquet,artifacts/data_v6/_backup/COINBASE/20250910/ticks_canonical_20251007_172418.parquet,6297248,2025-10-07T15:58:51.035327
data_v6/_backup/COINBASE/20250911/ticks_canonical_20251007_172931.parquet,artifacts/data_v6/_backup/COINBASE/20250911/ticks_canonical_20251007_172931.parquet,5096925,2025-10-07T15:59:09.806580
data_v6/_backup/BYBITSPOT/20250908/ticks_canonical_20251007_170016.parquet,artifacts/data_v6/_backup/BYBITSPOT/20250908/ticks_canonical_20251007_170016.parquet,3744721,2025-10-07T16:47:55.122848
data_v6/_backup/BYBITSPOT/20250908/ticks_canonical_20251007_164754.parquet,artifacts/data_v6/_backup/BYBITSPOT/20250908/ticks_canonical_20251007_164754.parquet,3760591,2025-10-07T15:53:38.346315
data_v6/_backup/BYBITSPOT/20250909/ticks_canonical_20251007_171634.parquet,artifacts/data_v6/_backup/BYBITSPOT/20250909/ticks_canonical_20251007_171634.parquet,3904356,2025-10-07T15:55:38.219127
data_v6/_backup/BYBITSPOT/20250913/ticks_canonical_20251007_174343.parquet,artifacts/data_v6/_backup/BYBITSPOT/20250913/ticks_canonical_20251007_174343.parquet,2374772,2025-10-07T16:00:14.682066
data_v6/_backup/BYBITSPOT/20250914/ticks_canonical_20251007_174739.parquet,artifacts/data_v6/_backup/BYBITSPOT/20250914/ticks_canonical_20251007_174739.parquet,2030744,2025-10-07T16:00:31.931893
data_v6/_backup/BYBITSPOT/20250912/ticks_canonical_20251007_173604.parquet,artifacts/data_v6/_backup/BYBITSPOT/20250912/ticks_canonical_20251007_173604.parquet,3809371,2025-10-07T15:59:31.873657
data_v6/_backup/BYBITSPOT/20250910/ticks_canonical_20251007_172418.parquet,artifacts/data_v6/_backup/BYBITSPOT/20250910/ticks_canonical_20251007_172418.parquet,4388574,2025-10-07T15:58:53.978769
data_v6/_backup/BYBITSPOT/20250911/ticks_canonical_20251007_172931.parquet,artifacts/data_v6/_backup/BYBITSPOT/20250911/ticks_canonical_20251007_172931.parquet,3764919,2025-10-07T15:59:12.336967
data_v6/_backup/BITGET/20250908/ticks_canonical_20251007_170016.parquet,artifacts/data_v6/_backup/BITGET/20250908/ticks_canonical_20251007_170016.parquet,2047729,2025-10-07T16:47:55.162523
data_v6/_backup/BITGET/20250908/ticks_canonical_20251007_164754.parquet,artifacts/data_v6/_backup/BITGET/20250908/ticks_canonical_20251007_164754.parquet,2053787,2025-10-07T15:54:43.962757
data_v6/_backup/BITGET/20250909/ticks_canonical_20251007_171634.parquet,artifacts/data_v6/_backup/BITGET/20250909/ticks_canonical_20251007_171634.parquet,2880101,2025-10-07T15:55:43.261497
data_v6/_backup/BITGET/20250913/ticks_canonical_20251007_174343.parquet,artifacts/data_v6/_backup/BITGET/20250913/ticks_canonical_20251007_174343.parquet,1528604,2025-10-07T16:00:15.515634
data_v6/_backup/BITGET/20250914/ticks_canonical_20251007_174739.parquet,artifacts/data_v6/_backup/BITGET/20250914/ticks_canonical_20251007_174739.parquet,1875349,2025-10-07T16:00:32.867959
data_v6/_backup/BITGET/20250912/ticks_canonical_20251007_173604.parquet,artifacts/data_v6/_backup/BITGET/20250912/ticks_canonical_20251007_173604.parquet,2272045,2025-10-07T15:59:33.023678
data_v6/_backup/BITGET/20250910/ticks_canonical_20251007_172418.parquet,artifacts/data_v6/_backup/BITGET/20250910/ticks_canonical_20251007_172418.parquet,1945752,2025-10-07T15:58:55.159094
data_v6/_backup/BITGET/20250911/ticks_canonical_20251007_172931.parquet,artifacts/data_v6/_backup/BITGET/20250911/ticks_canonical_20251007_172931.parquet,2424095,2025-10-07T15:59:13.512972
data_v6/_backup/BINANCE/20250908/ticks_canonical_20251007_170016.parquet,artifacts/data_v6/_backup/BINANCE/20250908/ticks_canonical_20251007_170016.parquet,16408843,2025-10-07T16:47:54.969999
data_v6/_backup/BINANCE/20250908/ticks_canonical_20251007_164754.parquet,artifacts/data_v6/_backup/BINANCE/20250908/ticks_canonical_20251007_164754.parquet,16439151,2025-10-07T15:51:14.210735
data_v6/_backup/BINANCE/20250909/ticks_canonical_20251007_171634.parquet,artifacts/data_v6/_backup/BINANCE/20250909/ticks_canonical_20251007_171634.parquet,20302080,2025-10-07T15:54:51.423301
data_v6/_backup/BINANCE/20250914/ticks_canonical_20251007_174739.parquet,artifacts/data_v6/_backup/BINANCE/20250914/ticks_canonical_20251007_174739.parquet,17984884,2025-10-07T16:00:29.179599
data_v6/_backup/BINANCE/20250912/ticks_canonical_20251007_173604.parquet,artifacts/data_v6/_backup/BINANCE/20250912/ticks_canonical_20251007_173604.parquet,7722294,2025-10-07T15:59:26.807126
data_v6/_backup/BINANCE/20250910/ticks_canonical_20251007_172418.parquet,artifacts/data_v6/_backup/BINANCE/20250910/ticks_canonical_20251007_172418.parquet,18648517,2025-10-07T15:58:48.356711
data_v6/_backup/BINANCE/20250911/ticks_canonical_20251007_172931.parquet,artifacts/data_v6/_backup/BINANCE/20250911/ticks_canonical_20251007_172931.parquet,17474447,2025-10-07T15:59:07.468298
data_v6/staging/BYBITSPOT/20250921/ticks_canonical.parquet,artifacts/data_v6/staging/BYBITSPOT/20250921/ticks_canonical.parquet,2980457,2025-10-08T10:43:13.646133
data_v6/cache/ticks/sep_w3/BYBITSPOT_20250915_BTCUSDT.csv.gz,artifacts/data_v6/cache/ticks/sep_w3/BYBITSPOT_20250915_BTCUSDT.csv.gz,28287673,2025-10-09T16:39:18.343557
data_v6/cache/ticks/sep_w3/BITGET_20250920_BTCUSDT.csv.gz,artifacts/data_v6/cache/ticks/sep_w3/BITGET_20250920_BTCUSDT.csv.gz,8874081,2025-10-09T16:50:42.802802
data_v6/cache/ticks/sep_w3/BINANCE_20250915_BTCUSDT.csv.gz,artifacts/data_v6/cache/ticks/sep_w3/BINANCE_20250915_BTCUSDT.csv.gz,156291265,2025-10-09T16:38:30.602391
data_v6/cache/ticks/sep_w3/BITGET_20250921_BTCUSDT.csv.gz,artifacts/data_v6/cache/ticks/sep_w3/BITGET_20250921_BTCUSDT.csv.gz,9786969,2025-10-09T16:51:39.491171
data_v6/cache/ticks/sep_w3/BINANCE_20250918_BTCUSDT.csv.gz,artifacts/data_v6/cache/ticks/sep_w3/BINANCE_20250918_BTCUSDT.csv.gz,160279175,2025-10-09T16:45:07.907420
data_v6/cache/ticks/sep_w3/BYBITSPOT_20250916_BTCUSDT.csv.gz,artifacts/data_v6/cache/ticks/sep_w3/BYBITSPOT_20250916_BTCUSDT.csv.gz,24234250,2025-10-09T16:42:17.816545
data_v6/cache/ticks/sep_w3/COINBASE_20250921_BTCUSDT.csv.gz,artifacts/data_v6/cache/ticks/sep_w3/COINBASE_20250921_BTCUSDT.csv.gz,23328804,2025-10-09T16:51:24.182235
data_v6/cache/ticks/sep_w3/BINANCE_20250917_BTCUSDT.csv.gz,artifacts/data_v6/cache/ticks/sep_w3/BINANCE_20250917_BTCUSDT.csv.gz,125254989,2025-10-09T16:43:28.361658
data_v6/cache/ticks/sep_w3/BYBITSPOT_20250919_BTCUSDT.csv.gz,artifacts/data_v6/cache/ticks/sep_w3/BYBITSPOT_20250919_BTCUSDT.csv.gz,20181564,2025-10-09T16:49:38.394285
data_v6/cache/ticks/sep_w3/BYBITSPOT_20250918_BTCUSDT.csv.gz,artifacts/data_v6/cache/ticks/sep_w3/BYBITSPOT_20250918_BTCUSDT.csv.gz,19782961,2025-10-09T16:46:14.666165
data_v6/cache/ticks/sep_w3/BINANCE_20250916_BTCUSDT.csv.gz,artifacts/data_v6/cache/ticks/sep_w3/BINANCE_20250916_BTCUSDT.csv.gz,108896489,2025-10-09T16:41:13.564688
data_v6/cache/ticks/sep_w3/BYBITSPOT_20250917_BTCUSDT.csv.gz,artifacts/data_v6/cache/ticks/sep_w3/BYBITSPOT_20250917_BTCUSDT.csv.gz,23949831,2025-10-09T16:44:06.313427
data_v6/cache/ticks/sep_w3/BINANCE_20250919_BTCUSDT.csv.gz,artifacts/data_v6/cache/ticks/sep_w3/BINANCE_20250919_BTCUSDT.csv.gz,138210118,2025-10-09T16:49:10.258805
data_v6/cache/ticks/sep_w3/COINBASE_20250920_BTCUSDT.csv.gz,artifacts/data_v6/cache/ticks/sep_w3/COINBASE_20250920_BTCUSDT.csv.gz,25110855,2025-10-09T16:50:29.891944
data_v6/cache/ticks/sep_w3/BITGET_20250916_BTCUSDT.csv.gz,artifacts/data_v6/cache/ticks/sep_w3/BITGET_20250916_BTCUSDT.csv.gz,12781941,2025-10-09T16:42:28.159101
data_v6/cache/ticks/sep_w3/BITGET_20250919_BTCUSDT.csv.gz,artifacts/data_v6/cache/ticks/sep_w3/BITGET_20250919_BTCUSDT.csv.gz,10320784,2025-10-09T16:49:44.700163
data_v6/cache/ticks/sep_w3/BITGET_20250918_BTCUSDT.csv.gz,artifacts/data_v6/cache/ticks/sep_w3/BITGET_20250918_BTCUSDT.csv.gz,15301646,2025-10-09T16:46:29.750088
data_v6/cache/ticks/sep_w3/BITGET_20250917_BTCUSDT.csv.gz,artifacts/data_v6/cache/ticks/sep_w3/BITGET_20250917_BTCUSDT.csv.gz,12857998,2025-10-09T16:44:13.757131
data_v6/cache/ticks/sep_w3/COINBASE_20250915_BTCUSDT.csv.gz,artifacts/data_v6/cache/ticks/sep_w3/COINBASE_20250915_BTCUSDT.csv.gz,41499146,2025-10-09T16:38:50.152787
data_v6/cache/ticks/sep_w3/BITGET_20250915_BTCUSDT.csv.gz,artifacts/data_v6/cache/ticks/sep_w3/BITGET_20250915_BTCUSDT.csv.gz,19905331,2025-10-09T16:39:47.155934
data_v6/cache/ticks/sep_w3/COINBASE_20250917_BTCUSDT.csv.gz,artifacts/data_v6/cache/ticks/sep_w3/COINBASE_20250917_BTCUSDT.csv.gz,43951027,2025-10-09T16:43:49.956422
data_v6/cache/ticks/sep_w3/BYBITSPOT_20250920_BTCUSDT.csv.gz,artifacts/data_v6/cache/ticks/sep_w3/BYBITSPOT_20250920_BTCUSDT.csv.gz,7829376,2025-10-09T16:50:36.308774
data_v6/cache/ticks/sep_w3/BINANCE_20250921_BTCUSDT.csv.gz,artifacts/data_v6/cache/ticks/sep_w3/BINANCE_20250921_BTCUSDT.csv.gz,88254072,2025-10-09T16:51:13.474324
data_v6/cache/ticks/sep_w3/COINBASE_20250918_BTCUSDT.csv.gz,artifacts/data_v6/cache/ticks/sep_w3/COINBASE_20250918_BTCUSDT.csv.gz,42073890,2025-10-09T16:45:55.129464
data_v6/cache/ticks/sep_w3/BINANCE_20250920_BTCUSDT.csv.gz,artifacts/data_v6/cache/ticks/sep_w3/BINANCE_20250920_BTCUSDT.csv.gz,93791300,2025-10-09T16:50:19.026365
data_v6/cache/ticks/sep_w3/COINBASE_20250919_BTCUSDT.csv.gz,artifacts/data_v6/cache/ticks/sep_w3/COINBASE_20250919_BTCUSDT.csv.gz,44221823,2025-10-09T16:49:27.920233
data_v6/cache/ticks/sep_w3/COINBASE_20250916_BTCUSDT.csv.gz,artifacts/data_v6/cache/ticks/sep_w3/COINBASE_20250916_BTCUSDT.csv.gz,43138940,2025-10-09T16:41:57.674520
data_v6/cache/ticks/sep_w3/BYBITSPOT_20250921_BTCUSDT.csv.gz,artifacts/data_v6/cache/ticks/sep_w3/BYBITSPOT_20250921_BTCUSDT.csv.gz,16196466,2025-10-09T16:51:32.704439
data_v6/cache/ticks/sep_w3/combined_sep_w3_ticks.parquet,artifacts/data_v6/cache/ticks/sep_w3/combined_sep_w3_ticks.parquet,1635107575,2025-10-09T16:55:52.341338
data_v6/cache/ticks/sep_w2/BYBITSPOT_20250908_BTCUSDT.csv.gz,artifacts/data_v6/cache/ticks/sep_w2/BYBITSPOT_20250908_BTCUSDT.csv.gz,21196524,2025-10-09T16:09:57.839079
data_v6/cache/ticks/sep_w2/BINANCE_20250913_BTCUSDT.csv.gz,artifacts/data_v6/cache/ticks/sep_w2/BINANCE_20250913_BTCUSDT.csv.gz,105909246,2025-10-09T16:18:19.125190
data_v6/cache/ticks/sep_w2/combined_sep_w2_ticks.parquet,artifacts/data_v6/cache/ticks/sep_w2/combined_sep_w2_ticks.parquet,1470318775,2025-10-09T16:27:25.831797
data_v6/cache/ticks/sep_w2/BYBITSPOT_20250912_BTCUSDT.csv.gz,artifacts/data_v6/cache/ticks/sep_w2/BYBITSPOT_20250912_BTCUSDT.csv.gz,30146424,2025-10-09T16:17:06.901348
data_v6/cache/ticks/sep_w2/BINANCE_20250909_BTCUSDT.csv.gz,artifacts/data_v6/cache/ticks/sep_w2/BINANCE_20250909_BTCUSDT.csv.gz,97253672,2025-10-09T16:11:01.635816
data_v6/cache/ticks/sep_w2/BINANCE_20250914_BTCUSDT.csv.gz,artifacts/data_v6/cache/ticks/sep_w2/BINANCE_20250914_BTCUSDT.csv.gz,90278129,2025-10-09T16:19:55.900074
data_v6/cache/ticks/sep_w2/BINANCE_20250908_BTCUSDT.csv.gz,artifacts/data_v6/cache/ticks/sep_w2/BINANCE_20250908_BTCUSDT.csv.gz,84983606,2025-10-09T16:09:28.674177
data_v6/cache/ticks/sep_w2/BYBITSPOT_20250913_BTCUSDT.csv.gz,artifacts/data_v6/cache/ticks/sep_w2/BYBITSPOT_20250913_BTCUSDT.csv.gz,17120367,2025-10-09T16:18:46.245083
data_v6/cache/ticks/sep_w2/BINANCE_20250912_BTCUSDT.csv.gz,artifacts/data_v6/cache/ticks/sep_w2/BINANCE_20250912_BTCUSDT.csv.gz,123108257,2025-10-09T16:16:14.782409
data_v6/cache/ticks/sep_w2/BYBITSPOT_20250909_BTCUSDT.csv.gz,artifacts/data_v6/cache/ticks/sep_w2/BYBITSPOT_20250909_BTCUSDT.csv.gz,19803510,2025-10-09T16:11:45.662406
data_v6/cache/ticks/sep_w2/BYBITSPOT_20250914_BTCUSDT.csv.gz,artifacts/data_v6/cache/ticks/sep_w2/BYBITSPOT_20250914_BTCUSDT.csv.gz,11501378,2025-10-09T16:24:26.094373
data_v6/cache/ticks/sep_w2/BINANCE_20250910_BTCUSDT.csv.gz,artifacts/data_v6/cache/ticks/sep_w2/BINANCE_20250910_BTCUSDT.csv.gz,94660003,2025-10-09T16:12:37.873429
data_v6/cache/ticks/sep_w2/BYBITSPOT_20250911_BTCUSDT.csv.gz,artifacts/data_v6/cache/ticks/sep_w2/BYBITSPOT_20250911_BTCUSDT.csv.gz,21738162,2025-10-09T16:14:46.073953
data_v6/cache/ticks/sep_w2/BYBITSPOT_20250910_BTCUSDT.csv.gz,artifacts/data_v6/cache/ticks/sep_w2/BYBITSPOT_20250910_BTCUSDT.csv.gz,25807270,2025-10-09T16:13:25.905304
data_v6/cache/ticks/sep_w2/BINANCE_20250911_BTCUSDT.csv.gz,artifacts/data_v6/cache/ticks/sep_w2/BINANCE_20250911_BTCUSDT.csv.gz,92811039,2025-10-09T16:14:10.354355
data_v6/cache/ticks/sep_w2/COINBASE_20250914_BTCUSDT.csv.gz,artifacts/data_v6/cache/ticks/sep_w2/COINBASE_20250914_BTCUSDT.csv.gz,16916417,2025-10-09T16:21:11.366278
data_v6/cache/ticks/sep_w2/COINBASE_20250909_BTCUSDT.csv.gz,artifacts/data_v6/cache/ticks/sep_w2/COINBASE_20250909_BTCUSDT.csv.gz,25719365,2025-10-09T16:11:34.081945
data_v6/cache/ticks/sep_w2/COINBASE_20250913_BTCUSDT.csv.gz,artifacts/data_v6/cache/ticks/sep_w2/COINBASE_20250913_BTCUSDT.csv.gz,27214538,2025-10-09T16:18:33.860720
data_v6/cache/ticks/sep_w2/BITGET_20250911_BTCUSDT.csv.gz,artifacts/data_v6/cache/ticks/sep_w2/BITGET_20250911_BTCUSDT.csv.gz,8556564,2025-10-09T16:14:53.640724
data_v6/cache/ticks/sep_w2/BITGET_20250910_BTCUSDT.csv.gz,artifacts/data_v6/cache/ticks/sep_w2/BITGET_20250910_BTCUSDT.csv.gz,7116251,2025-10-09T16:13:34.996102
data_v6/cache/ticks/sep_w2/COINBASE_20250912_BTCUSDT.csv.gz,artifacts/data_v6/cache/ticks/sep_w2/COINBASE_20250912_BTCUSDT.csv.gz,45176996,2025-10-09T16:16:48.739328
data_v6/cache/ticks/sep_w2/COINBASE_20250908_BTCUSDT.csv.gz,artifacts/data_v6/cache/ticks/sep_w2/COINBASE_20250908_BTCUSDT.csv.gz,27456628,2025-10-09T16:09:43.357204
data_v6/cache/ticks/sep_w2/BITGET_20250908_BTCUSDT.csv.gz,artifacts/data_v6/cache/ticks/sep_w2/BITGET_20250908_BTCUSDT.csv.gz,7489204,2025-10-09T16:10:07.036038
data_v6/cache/ticks/sep_w2/BITGET_20250912_BTCUSDT.csv.gz,artifacts/data_v6/cache/ticks/sep_w2/BITGET_20250912_BTCUSDT.csv.gz,8101576,2025-10-09T16:17:16.300299
data_v6/cache/ticks/sep_w2/COINBASE_20250910_BTCUSDT.csv.gz,artifacts/data_v6/cache/ticks/sep_w2/COINBASE_20250910_BTCUSDT.csv.gz,31973840,2025-10-09T16:13:04.149748
data_v6/cache/ticks/sep_w2/COINBASE_20250911_BTCUSDT.csv.gz,artifacts/data_v6/cache/ticks/sep_w2/COINBASE_20250911_BTCUSDT.csv.gz,27322130,2025-10-09T16:14:22.570360
data_v6/cache/ticks/sep_w2/BITGET_20250913_BTCUSDT.csv.gz,artifacts/data_v6/cache/ticks/sep_w2/BITGET_20250913_BTCUSDT.csv.gz,5418911,2025-10-09T16:18:53.627895
data_v6/cache/ticks/sep_w2/BITGET_20250909_BTCUSDT.csv.gz,artifacts/data_v6/cache/ticks/sep_w2/BITGET_20250909_BTCUSDT.csv.gz,10998933,2025-10-09T16:11:58.873437
data_v6/cache/ticks/sep_w2/BITGET_20250914_BTCUSDT.csv.gz,artifacts/data_v6/cache/ticks/sep_w2/BITGET_20250914_BTCUSDT.csv.gz,6748743,2025-10-09T16:24:39.516543
data_v6/cache/ticks/sep_w1/BINANCE_20250906_BTCUSDT.csv.gz,artifacts/data_v6/cache/ticks/sep_w1/BINANCE_20250906_BTCUSDT.csv.gz,48708542,2025-10-09T13:49:37.088257
data_v6/cache/ticks/sep_w1/BYBITSPOT_20250907_BTCUSDT.csv.gz,artifacts/data_v6/cache/ticks/sep_w1/BYBITSPOT_20250907_BTCUSDT.csv.gz,8281826,2025-10-09T13:50:34.564782
data_v6/cache/ticks/sep_w1/BINANCE_20250901_BTCUSDT.csv.gz,artifacts/data_v6/cache/ticks/sep_w1/BINANCE_20250901_BTCUSDT.csv.gz,103704323,2025-10-09T13:43:55.336308
data_v6/cache/ticks/sep_w1/combined_sep_w1_ticks.parquet,artifacts/data_v6/cache/ticks/sep_w1/combined_sep_w1_ticks.parquet,1382658943,2025-10-09T14:01:16.527690
data_v6/cache/ticks/sep_w1/BYBITSPOT_20250906_BTCUSDT.csv.gz,artifacts/data_v6/cache/ticks/sep_w1/BYBITSPOT_20250906_BTCUSDT.csv.gz,7146089,2025-10-09T13:49:52.961292
data_v6/cache/ticks/sep_w1/BINANCE_20250907_BTCUSDT.csv.gz,artifacts/data_v6/cache/ticks/sep_w1/BINANCE_20250907_BTCUSDT.csv.gz,54630281,2025-10-09T13:50:19.523199
data_v6/cache/ticks/sep_w1/BYBITSPOT_20250901_BTCUSDT.csv.gz,artifacts/data_v6/cache/ticks/sep_w1/BYBITSPOT_20250901_BTCUSDT.csv.gz,24252733,2025-10-09T13:44:22.290269
data_v6/cache/ticks/sep_w1/BINANCE_20250905_BTCUSDT.csv.gz,artifacts/data_v6/cache/ticks/sep_w1/BINANCE_20250905_BTCUSDT.csv.gz,67604144,2025-10-09T13:48:38.751166
data_v6/cache/ticks/sep_w1/BYBITSPOT_20250903_BTCUSDT.csv.gz,artifacts/data_v6/cache/ticks/sep_w1/BYBITSPOT_20250903_BTCUSDT.csv.gz,18478944,2025-10-09T13:46:48.041978
data_v6/cache/ticks/sep_w1/BINANCE_20250902_BTCUSDT.csv.gz,artifacts/data_v6/cache/ticks/sep_w1/BINANCE_20250902_BTCUSDT.csv.gz,99109875,2025-10-09T13:45:00.905348
data_v6/cache/ticks/sep_w1/BYBITSPOT_20250904_BTCUSDT.csv.gz,artifacts/data_v6/cache/ticks/sep_w1/BYBITSPOT_20250904_BTCUSDT.csv.gz,17694354,2025-10-09T13:48:02.603875
data_v6/cache/ticks/sep_w1/BYBITSPOT_20250905_BTCUSDT.csv.gz,artifacts/data_v6/cache/ticks/sep_w1/BYBITSPOT_20250905_BTCUSDT.csv.gz,26037133,2025-10-09T13:49:05.452402
data_v6/cache/ticks/sep_w1/BINANCE_20250903_BTCUSDT.csv.gz,artifacts/data_v6/cache/ticks/sep_w1/BINANCE_20250903_BTCUSDT.csv.gz,86951018,2025-10-09T13:46:18.518026
data_v6/cache/ticks/sep_w1/BYBITSPOT_20250902_BTCUSDT.csv.gz,artifacts/data_v6/cache/ticks/sep_w1/BYBITSPOT_20250902_BTCUSDT.csv.gz,25145369,2025-10-09T13:45:30.737639
data_v6/cache/ticks/sep_w1/BINANCE_20250904_BTCUSDT.csv.gz,artifacts/data_v6/cache/ticks/sep_w1/BINANCE_20250904_BTCUSDT.csv.gz,86469717,2025-10-09T13:47:40.056910
data_v6/cache/ticks/sep_w1/COINBASE_20250901_BTCUSDT.csv.gz,artifacts/data_v6/cache/ticks/sep_w1/COINBASE_20250901_BTCUSDT.csv.gz,39113048,2025-10-09T13:44:11.951473
data_v6/cache/ticks/sep_w1/BITGET_20250903_BTCUSDT.csv.gz,artifacts/data_v6/cache/ticks/sep_w1/BITGET_20250903_BTCUSDT.csv.gz,10329636,2025-10-09T13:46:54.580098
data_v6/cache/ticks/sep_w1/COINBASE_20250906_BTCUSDT.csv.gz,artifacts/data_v6/cache/ticks/sep_w1/COINBASE_20250906_BTCUSDT.csv.gz,18035169,2025-10-09T13:49:45.988643
data_v6/cache/ticks/sep_w1/BITGET_20250904_BTCUSDT.csv.gz,artifacts/data_v6/cache/ticks/sep_w1/BITGET_20250904_BTCUSDT.csv.gz,9066790,2025-10-09T13:48:09.246104
data_v6/cache/ticks/sep_w1/BITGET_20250905_BTCUSDT.csv.gz,artifacts/data_v6/cache/ticks/sep_w1/BITGET_20250905_BTCUSDT.csv.gz,10679384,2025-10-09T13:49:14.138591
data_v6/cache/ticks/sep_w1/COINBASE_20250907_BTCUSDT.csv.gz,artifacts/data_v6/cache/ticks/sep_w1/COINBASE_20250907_BTCUSDT.csv.gz,16897219,2025-10-09T13:50:28.013719
data_v6/cache/ticks/sep_w1/BITGET_20250902_BTCUSDT.csv.gz,artifacts/data_v6/cache/ticks/sep_w1/BITGET_20250902_BTCUSDT.csv.gz,18133935,2025-10-09T13:45:42.263829
data_v6/cache/ticks/sep_w1/COINBASE_20250902_BTCUSDT.csv.gz,artifacts/data_v6/cache/ticks/sep_w1/COINBASE_20250902_BTCUSDT.csv.gz,34858538,2025-10-09T13:45:18.959168
data_v6/cache/ticks/sep_w1/BITGET_20250907_BTCUSDT.csv.gz,artifacts/data_v6/cache/ticks/sep_w1/BITGET_20250907_BTCUSDT.csv.gz,4661605,2025-10-09T13:50:39.907407
data_v6/cache/ticks/sep_w1/COINBASE_20250905_BTCUSDT.csv.gz,artifacts/data_v6/cache/ticks/sep_w1/COINBASE_20250905_BTCUSDT.csv.gz,33756007,2025-10-09T13:48:52.818493
data_v6/cache/ticks/sep_w1/COINBASE_20250904_BTCUSDT.csv.gz,artifacts/data_v6/cache/ticks/sep_w1/COINBASE_20250904_BTCUSDT.csv.gz,30565853,2025-10-09T13:47:53.318449
data_v6/cache/ticks/sep_w1/BITGET_20250906_BTCUSDT.csv.gz,artifacts/data_v6/cache/ticks/sep_w1/BITGET_20250906_BTCUSDT.csv.gz,4625901,2025-10-09T13:49:58.723843
data_v6/cache/ticks/sep_w1/COINBASE_20250903_BTCUSDT.csv.gz,artifacts/data_v6/cache/ticks/sep_w1/COINBASE_20250903_BTCUSDT.csv.gz,29854875,2025-10-09T13:46:37.138850
data_v6/cache/ticks/sep_w1/BITGET_20250901_BTCUSDT.csv.gz,artifacts/data_v6/cache/ticks/sep_w1/BITGET_20250901_BTCUSDT.csv.gz,13151610,2025-10-09T13:44:31.113107
data_v6/cache/beacons/beacons_w-3.parquet,artifacts/data_v6/cache/beacons/beacons_w-3.parquet,6972,2025-10-10T12:48:47.624867
data_v6/cache/beacons/beacons_aug_sep_7w.parquet,artifacts/data_v6/cache/beacons/beacons_aug_sep_7w.parquet,153695,2025-10-10T13:45:09.025114
data_v6/cache/beacons/beacons_w-2.parquet,artifacts/data_v6/cache/beacons/beacons_w-2.parquet,7092,2025-10-10T12:48:47.625776
data_v6/cache/beacons/beacons_w-1.parquet,artifacts/data_v6/cache/beacons/beacons_w-1.parquet,6885,2025-10-10T12:48:47.626575
data_v6/cache/beacons/beacons_aug_sep_oct_9w_norm.v2.parquet,artifacts/data_v6/cache/beacons/beacons_aug_sep_oct_9w_norm.v2.parquet,281920,2025-10-10T22:30:42.678778
data_v6/cache/beacons/beacons_w-4.parquet,artifacts/data_v6/cache/beacons/beacons_w-4.parquet,7761,2025-10-10T12:48:47.623768
data_v6/cache/beacons/beacons_aug_sep_oct_9w_norm.parquet,artifacts/data_v6/cache/beacons/beacons_aug_sep_oct_9w_norm.parquet,214566,2025-10-10T22:30:24.093168
data_v6/cache/beacons/beacons_aug_sep_7w_norm.parquet,artifacts/data_v6/cache/beacons/beacons_aug_sep_7w_norm.parquet,153695,2025-10-10T14:24:59.362820
data_v6/cache/beacons/beacons_jul_aug_sep_oct_11w_norm.v1.parquet,artifacts/data_v6/cache/beacons/beacons_jul_aug_sep_oct_11w_norm.v1.parquet,245268,2025-10-10T23:49:39.735549
data_v6/cache/beacons/sep_w3/combined_sep_w3_beacons.parquet,artifacts/data_v6/cache/beacons/sep_w3/combined_sep_w3_beacons.parquet,21634199,2025-10-09T16:56:20.887752
data_v6/cache/beacons/sep_w2/combined_sep_w2_beacons.parquet,artifacts/data_v6/cache/beacons/sep_w2/combined_sep_w2_beacons.parquet,19930131,2025-10-09T16:27:40.568486
data_v6/cache/beacons/sep_w1/combined_sep_w1_beacons.parquet,artifacts/data_v6/cache/beacons/sep_w1/combined_sep_w1_beacons.parquet,19163826,2025-10-09T14:02:30.364570
data_v6/cache/beacons/tmp/beacons_jul22_aug04_raw.parquet,artifacts/data_v6/cache/beacons/tmp/beacons_jul22_aug04_raw.parquet,48911,2025-10-10T23:38:13.473630
data_v6/cache/beacons/tmp/beacons_jul22_jul31_raw.parquet,artifacts/data_v6/cache/beacons/tmp/beacons_jul22_jul31_raw.parquet,35796,2025-10-10T23:49:39.515333
data_v6/bars_1s/COINBASE/20250901/bars_v1.parquet,artifacts/data_v6/bars_1s/COINBASE/20250901/bars_v1.parquet,2785150,2025-10-06T10:48:52.258009
data_v6/bars_1s/COINBASE/20250906/bars_v1.parquet,artifacts/data_v6/bars_1s/COINBASE/20250906/bars_v1.parquet,1826360,2025-10-06T10:49:14.348446
data_v6/bars_1s/COINBASE/20250907/bars_v1.parquet,artifacts/data_v6/bars_1s/COINBASE/20250907/bars_v1.parquet,1673544,2025-10-06T10:49:16.918211
data_v6/bars_1s/COINBASE/20250905/bars_v1.parquet,artifacts/data_v6/bars_1s/COINBASE/20250905/bars_v1.parquet,2464109,2025-10-06T10:49:11.350300
data_v6/bars_1s/COINBASE/20250902/bars_v1.parquet,artifacts/data_v6/bars_1s/COINBASE/20250902/bars_v1.parquet,2501805,2025-10-06T10:48:59.338703
data_v6/bars_1s/COINBASE/20250903/bars_v1.parquet,artifacts/data_v6/bars_1s/COINBASE/20250903/bars_v1.parquet,2280552,2025-10-06T10:49:02.618312
data_v6/bars_1s/COINBASE/20250904/bars_v1.parquet,artifacts/data_v6/bars_1s/COINBASE/20250904/bars_v1.parquet,2374937,2025-10-06T10:49:07.863364
data_v6/bars_1s/BYBITSPOT/20250901/bars_v1.parquet,artifacts/data_v6/bars_1s/BYBITSPOT/20250901/bars_v1.parquet,1507262,2025-10-06T10:48:52.844103
data_v6/bars_1s/BYBITSPOT/20250906/bars_v1.parquet,artifacts/data_v6/bars_1s/BYBITSPOT/20250906/bars_v1.parquet,818451,2025-10-06T10:49:14.468250
data_v6/bars_1s/BYBITSPOT/20250907/bars_v1.parquet,artifacts/data_v6/bars_1s/BYBITSPOT/20250907/bars_v1.parquet,775827,2025-10-06T10:49:17.054413
data_v6/bars_1s/BYBITSPOT/20250905/bars_v1.parquet,artifacts/data_v6/bars_1s/BYBITSPOT/20250905/bars_v1.parquet,1420430,2025-10-06T10:49:11.846597
data_v6/bars_1s/BYBITSPOT/20250902/bars_v1.parquet,artifacts/data_v6/bars_1s/BYBITSPOT/20250902/bars_v1.parquet,1502302,2025-10-06T10:48:59.681028
data_v6/bars_1s/BYBITSPOT/20250903/bars_v1.parquet,artifacts/data_v6/bars_1s/BYBITSPOT/20250903/bars_v1.parquet,1291648,2025-10-06T10:49:02.851167
data_v6/bars_1s/BYBITSPOT/20250904/bars_v1.parquet,artifacts/data_v6/bars_1s/BYBITSPOT/20250904/bars_v1.parquet,1284355,2025-10-06T10:49:08.189260
data_v6/bars_1s/BITGET/20250901/bars_v1.parquet,artifacts/data_v6/bars_1s/BITGET/20250901/bars_v1.parquet,1796989,2025-10-06T10:48:53.189404
data_v6/bars_1s/BITGET/20250906/bars_v1.parquet,artifacts/data_v6/bars_1s/BITGET/20250906/bars_v1.parquet,873804,2025-10-06T10:49:14.578509
data_v6/bars_1s/BITGET/20250907/bars_v1.parquet,artifacts/data_v6/bars_1s/BITGET/20250907/bars_v1.parquet,884439,2025-10-06T10:49:17.172798
data_v6/bars_1s/BITGET/20250905/bars_v1.parquet,artifacts/data_v6/bars_1s/BITGET/20250905/bars_v1.parquet,1356573,2025-10-06T10:49:12.057662
data_v6/bars_1s/BITGET/20250902/bars_v1.parquet,artifacts/data_v6/bars_1s/BITGET/20250902/bars_v1.parquet,1954946,2025-10-06T10:48:59.988360
data_v6/bars_1s/BITGET/20250903/bars_v1.parquet,artifacts/data_v6/bars_1s/BITGET/20250903/bars_v1.parquet,1370265,2025-10-06T10:49:03.028445
data_v6/bars_1s/BITGET/20250904/bars_v1.parquet,artifacts/data_v6/bars_1s/BITGET/20250904/bars_v1.parquet,1199079,2025-10-06T10:49:08.397590
data_v6/bars_1s/BINANCE/20250901/bars_v1.parquet,artifacts/data_v6/bars_1s/BINANCE/20250901/bars_v1.parquet,2030546,2025-10-06T10:48:51.463378
data_v6/bars_1s/BINANCE/20250906/bars_v1.parquet,artifacts/data_v6/bars_1s/BINANCE/20250906/bars_v1.parquet,1259664,2025-10-06T10:49:14.135422
data_v6/bars_1s/BINANCE/20250907/bars_v1.parquet,artifacts/data_v6/bars_1s/BINANCE/20250907/bars_v1.parquet,1301925,2025-10-06T10:49:16.681288
data_v6/bars_1s/BINANCE/20250905/bars_v1.parquet,artifacts/data_v6/bars_1s/BINANCE/20250905/bars_v1.parquet,1291223,2025-10-06T10:49:10.833674
data_v6/bars_1s/BINANCE/20250902/bars_v1.parquet,artifacts/data_v6/bars_1s/BINANCE/20250902/bars_v1.parquet,1952424,2025-10-06T10:48:58.780038
data_v6/bars_1s/BINANCE/20250903/bars_v1.parquet,artifacts/data_v6/bars_1s/BINANCE/20250903/bars_v1.parquet,1712703,2025-10-06T10:49:02.330338
data_v6/bars_1s/BINANCE/20250904/bars_v1.parquet,artifacts/data_v6/bars_1s/BINANCE/20250904/bars_v1.parquet,1716388,2025-10-06T10:49:06.138336
data_v6/clean/COINBASE/20250901/ticks_v1.parquet,artifacts/data_v6/clean/COINBASE/20250901/ticks_v1.parquet,7257159,2025-10-05T02:25:42.883152
data_v6/clean/COINBASE/20250906/ticks_v1.parquet,artifacts/data_v6/clean/COINBASE/20250906/ticks_v1.parquet,3294377,2025-10-05T02:26:28.512201
data_v6/clean/COINBASE/20250907/ticks_v1.parquet,artifacts/data_v6/clean/COINBASE/20250907/ticks_v1.parquet,3202096,2025-10-05T02:26:33.325326
data_v6/clean/COINBASE/20250905/ticks_v1.parquet,artifacts/data_v6/clean/COINBASE/20250905/ticks_v1.parquet,6605584,2025-10-05T02:26:23.359269
data_v6/clean/COINBASE/20250902/ticks_v1.parquet,artifacts/data_v6/clean/COINBASE/20250902/ticks_v1.parquet,6709873,2025-10-05T02:25:54.651716
data_v6/clean/COINBASE/20250903/ticks_v1.parquet,artifacts/data_v6/clean/COINBASE/20250903/ticks_v1.parquet,5789270,2025-10-05T02:26:04.911768
data_v6/clean/COINBASE/20250904/ticks_v1.parquet,artifacts/data_v6/clean/COINBASE/20250904/ticks_v1.parquet,5816249,2025-10-05T02:26:13.684851
data_v6/clean/BYBITSPOT/20250901/ticks_v1.parquet,artifacts/data_v6/clean/BYBITSPOT/20250901/ticks_v1.parquet,4312252,2025-10-05T02:26:48.211649
data_v6/clean/BYBITSPOT/20250906/ticks_v1.parquet,artifacts/data_v6/clean/BYBITSPOT/20250906/ticks_v1.parquet,1467184,2025-10-05T02:27:45.734484
data_v6/clean/BYBITSPOT/20250907/ticks_v1.parquet,artifacts/data_v6/clean/BYBITSPOT/20250907/ticks_v1.parquet,1536157,2025-10-05T02:27:50.484018
data_v6/clean/BYBITSPOT/20250905/ticks_v1.parquet,artifacts/data_v6/clean/BYBITSPOT/20250905/ticks_v1.parquet,4786212,2025-10-05T02:27:40.707184
data_v6/clean/BYBITSPOT/20250902/ticks_v1.parquet,artifacts/data_v6/clean/BYBITSPOT/20250902/ticks_v1.parquet,4593414,2025-10-05T02:27:05.125954
data_v6/clean/BYBITSPOT/20250903/ticks_v1.parquet,artifacts/data_v6/clean/BYBITSPOT/20250903/ticks_v1.parquet,3477188,2025-10-05T02:27:15.636545
data_v6/clean/BYBITSPOT/20250904/ticks_v1.parquet,artifacts/data_v6/clean/BYBITSPOT/20250904/ticks_v1.parquet,3339534,2025-10-05T02:27:26.032800
data_v6/clean/BITGET/20250901/ticks_v1.parquet,artifacts/data_v6/clean/BITGET/20250901/ticks_v1.parquet,3342003,2025-10-05T02:27:59.145484
data_v6/clean/BITGET/20250906/ticks_v1.parquet,artifacts/data_v6/clean/BITGET/20250906/ticks_v1.parquet,1348059,2025-10-05T02:28:28.131855
data_v6/clean/BITGET/20250907/ticks_v1.parquet,artifacts/data_v6/clean/BITGET/20250907/ticks_v1.parquet,1348292,2025-10-05T02:28:30.514013
data_v6/clean/BITGET/20250905/ticks_v1.parquet,artifacts/data_v6/clean/BITGET/20250905/ticks_v1.parquet,2828240,2025-10-05T02:28:25.743314
data_v6/clean/BITGET/20250902/ticks_v1.parquet,artifacts/data_v6/clean/BITGET/20250902/ticks_v1.parquet,4723669,2025-10-05T02:28:09.493264
data_v6/clean/BITGET/20250903/ticks_v1.parquet,artifacts/data_v6/clean/BITGET/20250903/ticks_v1.parquet,2626562,2025-10-05T02:28:14.967530
data_v6/clean/BITGET/20250904/ticks_v1.parquet,artifacts/data_v6/clean/BITGET/20250904/ticks_v1.parquet,2358625,2025-10-05T02:28:19.799861
data_v6/clean/BINANCE/20250901/ticks_v1.parquet,artifacts/data_v6/clean/BINANCE/20250901/ticks_v1.parquet,9515903,2025-10-05T02:21:45.012978
data_v6/clean/BINANCE/20250906/ticks_v1.parquet,artifacts/data_v6/clean/BINANCE/20250906/ticks_v1.parquet,3504700,2025-10-05T02:25:14.890053
data_v6/clean/BINANCE/20250907/ticks_v1.parquet,artifacts/data_v6/clean/BINANCE/20250907/ticks_v1.parquet,3643378,2025-10-05T02:25:32.086732
data_v6/clean/BINANCE/20250905/ticks_v1.parquet,artifacts/data_v6/clean/BINANCE/20250905/ticks_v1.parquet,5962483,2025-10-05T02:24:57.341104
data_v6/clean/BINANCE/20250902/ticks_v1.parquet,artifacts/data_v6/clean/BINANCE/20250902/ticks_v1.parquet,9631542,2025-10-05T02:22:41.410101
data_v6/clean/BINANCE/20250903/ticks_v1.parquet,artifacts/data_v6/clean/BINANCE/20250903/ticks_v1.parquet,6935758,2025-10-05T02:23:32.068096
data_v6/clean/BINANCE/20250904/ticks_v1.parquet,artifacts/data_v6/clean/BINANCE/20250904/ticks_v1.parquet,7030710,2025-10-05T02:24:21.327291
data_v6/backup/COINBASE/20250810/ticks_canonical_20251008_102919.parquet,artifacts/data_v6/backup/COINBASE/20250810/ticks_canonical_20251008_102919.parquet,3783378,2025-10-08T10:18:10.377594
data_v6/backup/COINBASE/20250817/ticks_canonical_20251008_103150.parquet,artifacts/data_v6/backup/COINBASE/20250817/ticks_canonical_20251008_103150.parquet,3643675,2025-10-08T10:20:55.554977
data_v6/backup/COINBASE/20250821/ticks_canonical_20251008_103316.parquet,artifacts/data_v6/backup/COINBASE/20250821/ticks_canonical_20251008_103316.parquet,5797168,2025-10-08T10:22:22.504337
data_v6/backup/COINBASE/20250819/ticks_canonical_20251008_103233.parquet,artifacts/data_v6/backup/COINBASE/20250819/ticks_canonical_20251008_103233.parquet,7484707,2025-10-08T10:21:41.165625
data_v6/backup/COINBASE/20250818/ticks_canonical_20251008_103210.parquet,artifacts/data_v6/backup/COINBASE/20250818/ticks_canonical_20251008_103210.parquet,6832860,2025-10-08T10:21:16.609733
data_v6/backup/COINBASE/20250820/ticks_canonical_20251008_103256.parquet,artifacts/data_v6/backup/COINBASE/20250820/ticks_canonical_20251008_103256.parquet,6414116,2025-10-08T10:22:03.582023
data_v6/backup/COINBASE/20250816/ticks_canonical_20251008_103139.parquet,artifacts/data_v6/backup/COINBASE/20250816/ticks_canonical_20251008_103139.parquet,3884036,2025-10-08T10:20:44.642139
data_v6/backup/COINBASE/20250811/ticks_canonical_20251008_102944.parquet,artifacts/data_v6/backup/COINBASE/20250811/ticks_canonical_20251008_102944.parquet,6426026,2025-10-08T10:18:33.509676
data_v6/backup/COINBASE/20250805/ticks_canonical_20251008_102805.parquet,artifacts/data_v6/backup/COINBASE/20250805/ticks_canonical_20251008_102805.parquet,5224508,2025-10-08T10:16:50.189642
data_v6/backup/COINBASE/20250804/ticks_canonical_20251008_102749.parquet,artifacts/data_v6/backup/COINBASE/20250804/ticks_canonical_20251008_102749.parquet,4676323,2025-10-08T10:16:33.748838
data_v6/backup/COINBASE/20250922/ticks_canonical_20251008_072419.parquet,artifacts/data_v6/backup/COINBASE/20250922/ticks_canonical_20251008_072419.parquet,6376287,2025-10-08T07:18:57.752923
data_v6/backup/COINBASE/20250922/ticks_canonical_20251008_071857.parquet,artifacts/data_v6/backup/COINBASE/20250922/ticks_canonical_20251008_071857.parquet,6376287,2025-10-08T01:23:51.474513
data_v6/backup/COINBASE/20250922/ticks_canonical_20251008_012351.parquet,artifacts/data_v6/backup/COINBASE/20250922/ticks_canonical_20251008_012351.parquet,6376287,2025-10-08T01:22:05.035694
data_v6/backup/COINBASE/20250922/ticks_canonical_20251008_104332.parquet,artifacts/data_v6/backup/COINBASE/20250922/ticks_canonical_20251008_104332.parquet,6376287,2025-10-08T07:24:19.700525
data_v6/backup/COINBASE/20250925/ticks_canonical_20251008_104437.parquet,artifacts/data_v6/backup/COINBASE/20250925/ticks_canonical_20251008_104437.parquet,7671444,2025-10-08T07:28:42.552496
data_v6/backup/COINBASE/20250924/ticks_canonical_20251008_072138.parquet,artifacts/data_v6/backup/COINBASE/20250924/ticks_canonical_20251008_072138.parquet,5115180,2025-10-08T01:29:05.335483
data_v6/backup/COINBASE/20250924/ticks_canonical_20251008_104411.parquet,artifacts/data_v6/backup/COINBASE/20250924/ticks_canonical_20251008_104411.parquet,5115180,2025-10-08T07:26:54.454472
data_v6/backup/COINBASE/20250924/ticks_canonical_20251008_072654.parquet,artifacts/data_v6/backup/COINBASE/20250924/ticks_canonical_20251008_072654.parquet,5115180,2025-10-08T07:21:38.446227
data_v6/backup/COINBASE/20250923/ticks_canonical_20251008_072539.parquet,artifacts/data_v6/backup/COINBASE/20250923/ticks_canonical_20251008_072539.parquet,5119142,2025-10-08T07:20:19.189793
data_v6/backup/COINBASE/20250923/ticks_canonical_20251008_104352.parquet,artifacts/data_v6/backup/COINBASE/20250923/ticks_canonical_20251008_104352.parquet,5119142,2025-10-08T07:25:39.421092
data_v6/backup/COINBASE/20250923/ticks_canonical_20251008_072019.parquet,artifacts/data_v6/backup/COINBASE/20250923/ticks_canonical_20251008_072019.parquet,5119142,2025-10-08T01:25:56.979551
data_v6/backup/COINBASE/20250814/ticks_canonical_20251008_103102.parquet,artifacts/data_v6/backup/COINBASE/20250814/ticks_canonical_20251008_103102.parquet,9167353,2025-10-08T10:19:53.828089
data_v6/backup/COINBASE/20250813/ticks_canonical_20251008_103033.parquet,artifacts/data_v6/backup/COINBASE/20250813/ticks_canonical_20251008_103033.parquet,7263427,2025-10-08T10:19:21.975013
data_v6/backup/COINBASE/20250822/ticks_canonical_20251008_103339.parquet,artifacts/data_v6/backup/COINBASE/20250822/ticks_canonical_20251008_103339.parquet,7837734,2025-10-08T10:22:45.542983
data_v6/backup/COINBASE/20250812/ticks_canonical_20251008_103005.parquet,artifacts/data_v6/backup/COINBASE/20250812/ticks_canonical_20251008_103005.parquet,5402356,2025-10-08T10:18:55.269671
data_v6/backup/COINBASE/20250815/ticks_canonical_20251008_103126.parquet,artifacts/data_v6/backup/COINBASE/20250815/ticks_canonical_20251008_103126.parquet,6664795,2025-10-08T10:20:30.767759
data_v6/backup/COINBASE/20250808/ticks_canonical_20251008_102852.parquet,artifacts/data_v6/backup/COINBASE/20250808/ticks_canonical_20251008_102852.parquet,4689957,2025-10-08T10:17:42.305691
data_v6/backup/COINBASE/20250806/ticks_canonical_20251008_102820.parquet,artifacts/data_v6/backup/COINBASE/20250806/ticks_canonical_20251008_102820.parquet,4946449,2025-10-08T10:17:08.055268
data_v6/backup/COINBASE/20250807/ticks_canonical_20251008_102836.parquet,artifacts/data_v6/backup/COINBASE/20250807/ticks_canonical_20251008_102836.parquet,5414282,2025-10-08T10:17:23.946297
data_v6/backup/COINBASE/20250809/ticks_canonical_20251008_102905.parquet,artifacts/data_v6/backup/COINBASE/20250809/ticks_canonical_20251008_102905.parquet,3723567,2025-10-08T10:17:55.441432
data_v6/backup/COINBASE/20250926/ticks_canonical_20251008_104501.parquet,artifacts/data_v6/backup/COINBASE/20250926/ticks_canonical_20251008_104501.parquet,5742018,2025-10-08T07:30:19.844085
data_v6/backup/COINBASE/20250928/ticks_canonical_20251008_104522.parquet,artifacts/data_v6/backup/COINBASE/20250928/ticks_canonical_20251008_104522.parquet,3213580,2025-10-08T07:32:04.322951
data_v6/backup/COINBASE/20250927/ticks_canonical_20251008_104512.parquet,artifacts/data_v6/backup/COINBASE/20250927/ticks_canonical_20251008_104512.parquet,2966753,2025-10-08T07:31:13.253105
data_v6/backup/BYBITSPOT/20250901/ticks_canonical_20251008_103659.parquet,artifacts/data_v6/backup/BYBITSPOT/20250901/ticks_canonical_20251008_103659.parquet,4312273,2025-10-06T10:48:52.673007
data_v6/backup/BYBITSPOT/20250906/ticks_canonical_20251008_103833.parquet,artifacts/data_v6/backup/BYBITSPOT/20250906/ticks_canonical_20251008_103833.parquet,1467205,2025-10-06T10:49:14.428320
data_v6/backup/BYBITSPOT/20250908/ticks_canonical_20251008_103905.parquet,artifacts/data_v6/backup/BYBITSPOT/20250908/ticks_canonical_20251008_103905.parquet,3744721,2025-10-07T17:00:17.191524
data_v6/backup/BYBITSPOT/20250909/ticks_canonical_20251008_103928.parquet,artifacts/data_v6/backup/BYBITSPOT/20250909/ticks_canonical_20251008_103928.parquet,3890859,2025-10-07T17:16:34.961720
data_v6/backup/BYBITSPOT/20250907/ticks_canonical_20251008_103845.parquet,artifacts/data_v6/backup/BYBITSPOT/20250907/ticks_canonical_20251008_103845.parquet,1536178,2025-10-06T10:49:17.009513
data_v6/backup/BYBITSPOT/20250810/ticks_canonical_20251008_102922.parquet,artifacts/data_v6/backup/BYBITSPOT/20250810/ticks_canonical_20251008_102922.parquet,3531038,2025-10-08T10:18:13.425120
data_v6/backup/BYBITSPOT/20250817/ticks_canonical_20251008_103151.parquet,artifacts/data_v6/backup/BYBITSPOT/20250817/ticks_canonical_20251008_103151.parquet,1876936,2025-10-08T10:20:57.208079
data_v6/backup/BYBITSPOT/20250821/ticks_canonical_20251008_103318.parquet,artifacts/data_v6/backup/BYBITSPOT/20250821/ticks_canonical_20251008_103318.parquet,3212361,2025-10-08T10:22:25.052083
data_v6/backup/BYBITSPOT/20250819/ticks_canonical_20251008_103237.parquet,artifacts/data_v6/backup/BYBITSPOT/20250819/ticks_canonical_20251008_103237.parquet,3991470,2025-10-08T10:21:44.802331
data_v6/backup/BYBITSPOT/20250818/ticks_canonical_20251008_103213.parquet,artifacts/data_v6/backup/BYBITSPOT/20250818/ticks_canonical_20251008_103213.parquet,3965856,2025-10-08T10:21:20.246134
data_v6/backup/BYBITSPOT/20250820/ticks_canonical_20251008_103259.parquet,artifacts/data_v6/backup/BYBITSPOT/20250820/ticks_canonical_20251008_103259.parquet,3603737,2025-10-08T10:22:06.901622
data_v6/backup/BYBITSPOT/20250816/ticks_canonical_20251008_103141.parquet,artifacts/data_v6/backup/BYBITSPOT/20250816/ticks_canonical_20251008_103141.parquet,1681178,2025-10-08T10:20:46.205404
data_v6/backup/BYBITSPOT/20250811/ticks_canonical_20251008_102949.parquet,artifacts/data_v6/backup/BYBITSPOT/20250811/ticks_canonical_20251008_102949.parquet,5435855,2025-10-08T10:18:38.704456
data_v6/backup/BYBITSPOT/20250805/ticks_canonical_20251008_102809.parquet,artifacts/data_v6/backup/BYBITSPOT/20250805/ticks_canonical_20251008_102809.parquet,3944537,2025-10-08T10:16:53.954288
data_v6/backup/BYBITSPOT/20250804/ticks_canonical_20251008_102752.parquet,artifacts/data_v6/backup/BYBITSPOT/20250804/ticks_canonical_20251008_102752.parquet,3410728,2025-10-08T10:16:36.736459
data_v6/backup/BYBITSPOT/20250922/ticks_canonical_20251008_104337.parquet,artifacts/data_v6/backup/BYBITSPOT/20250922/ticks_canonical_20251008_104337.parquet,4399883,2025-10-08T07:24:32.312920
data_v6/backup/BYBITSPOT/20250922/ticks_canonical_20251008_071910.parquet,artifacts/data_v6/backup/BYBITSPOT/20250922/ticks_canonical_20251008_071910.parquet,4399883,2025-10-08T01:24:07.523846
data_v6/backup/BYBITSPOT/20250922/ticks_canonical_20251008_072432.parquet,artifacts/data_v6/backup/BYBITSPOT/20250922/ticks_canonical_20251008_072432.parquet,4399883,2025-10-08T07:19:10.574708
data_v6/backup/BYBITSPOT/20250925/ticks_canonical_20251008_104442.parquet,artifacts/data_v6/backup/BYBITSPOT/20250925/ticks_canonical_20251008_104442.parquet,4587104,2025-10-08T07:29:00.194262
data_v6/backup/BYBITSPOT/20250913/ticks_canonical_20251008_104035.parquet,artifacts/data_v6/backup/BYBITSPOT/20250913/ticks_canonical_20251008_104035.parquet,2368089,2025-10-07T17:43:44.189503
data_v6/backup/BYBITSPOT/20250914/ticks_canonical_20251008_104054.parquet,artifacts/data_v6/backup/BYBITSPOT/20250914/ticks_canonical_20251008_104054.parquet,2027084,2025-10-07T17:47:39.542657
data_v6/backup/BYBITSPOT/20250915/ticks_canonical_20251008_104121.parquet,artifacts/data_v6/backup/BYBITSPOT/20250915/ticks_canonical_20251008_104121.parquet,3656227,2025-10-07T17:57:19.515560
data_v6/backup/BYBITSPOT/20250912/ticks_canonical_20251008_104031.parquet,artifacts/data_v6/backup/BYBITSPOT/20250912/ticks_canonical_20251008_104031.parquet,3793358,2025-10-07T17:36:04.464917
data_v6/backup/BYBITSPOT/20250924/ticks_canonical_20251008_072706.parquet,artifacts/data_v6/backup/BYBITSPOT/20250924/ticks_canonical_20251008_072706.parquet,3240937,2025-10-08T07:21:51.196445
data_v6/backup/BYBITSPOT/20250924/ticks_canonical_20251008_072151.parquet,artifacts/data_v6/backup/BYBITSPOT/20250924/ticks_canonical_20251008_072151.parquet,3240937,2025-10-08T01:29:46.769637
data_v6/backup/BYBITSPOT/20250924/ticks_canonical_20251008_104414.parquet,artifacts/data_v6/backup/BYBITSPOT/20250924/ticks_canonical_20251008_104414.parquet,3240937,2025-10-08T07:27:06.657879
data_v6/backup/BYBITSPOT/20250923/ticks_canonical_20251008_072033.parquet,artifacts/data_v6/backup/BYBITSPOT/20250923/ticks_canonical_20251008_072033.parquet,3786189,2025-10-08T01:26:42.129101
data_v6/backup/BYBITSPOT/20250923/ticks_canonical_20251008_104356.parquet,artifacts/data_v6/backup/BYBITSPOT/20250923/ticks_canonical_20251008_104356.parquet,3786189,2025-10-08T07:25:52.699486
data_v6/backup/BYBITSPOT/20250923/ticks_canonical_20251008_072552.parquet,artifacts/data_v6/backup/BYBITSPOT/20250923/ticks_canonical_20251008_072552.parquet,3786189,2025-10-08T07:20:33.574799
data_v6/backup/BYBITSPOT/20250905/ticks_canonical_20251008_103820.parquet,artifacts/data_v6/backup/BYBITSPOT/20250905/ticks_canonical_20251008_103820.parquet,4786233,2025-10-06T10:49:11.734164
data_v6/backup/BYBITSPOT/20250902/ticks_canonical_20251008_103717.parquet,artifacts/data_v6/backup/BYBITSPOT/20250902/ticks_canonical_20251008_103717.parquet,4593435,2025-10-06T10:48:59.553951
data_v6/backup/BYBITSPOT/20250903/ticks_canonical_20251008_103741.parquet,artifacts/data_v6/backup/BYBITSPOT/20250903/ticks_canonical_20251008_103741.parquet,3477209,2025-10-06T10:49:02.775316
data_v6/backup/BYBITSPOT/20250904/ticks_canonical_20251008_103801.parquet,artifacts/data_v6/backup/BYBITSPOT/20250904/ticks_canonical_20251008_103801.parquet,3339555,2025-10-06T10:49:08.096513
data_v6/backup/BYBITSPOT/20250814/ticks_canonical_20251008_103109.parquet,artifacts/data_v6/backup/BYBITSPOT/20250814/ticks_canonical_20251008_103109.parquet,5983339,2025-10-08T10:19:59.708631
data_v6/backup/BYBITSPOT/20250813/ticks_canonical_20251008_103037.parquet,artifacts/data_v6/backup/BYBITSPOT/20250813/ticks_canonical_20251008_103037.parquet,4499067,2025-10-08T10:19:26.601326
data_v6/backup/BYBITSPOT/20250822/ticks_canonical_20251008_103342.parquet,artifacts/data_v6/backup/BYBITSPOT/20250822/ticks_canonical_20251008_103342.parquet,4375487,2025-10-08T10:22:49.406120
data_v6/backup/BYBITSPOT/20250812/ticks_canonical_20251008_103009.parquet,artifacts/data_v6/backup/BYBITSPOT/20250812/ticks_canonical_20251008_103009.parquet,3848457,2025-10-08T10:18:58.886595
data_v6/backup/BYBITSPOT/20250815/ticks_canonical_20251008_103129.parquet,artifacts/data_v6/backup/BYBITSPOT/20250815/ticks_canonical_20251008_103129.parquet,3762714,2025-10-08T10:20:34.354365
data_v6/backup/BYBITSPOT/20250808/ticks_canonical_20251008_102855.parquet,artifacts/data_v6/backup/BYBITSPOT/20250808/ticks_canonical_20251008_102855.parquet,3437388,2025-10-08T10:17:45.311378
data_v6/backup/BYBITSPOT/20250806/ticks_canonical_20251008_102823.parquet,artifacts/data_v6/backup/BYBITSPOT/20250806/ticks_canonical_20251008_102823.parquet,3359660,2025-10-08T10:17:11.099100
data_v6/backup/BYBITSPOT/20250807/ticks_canonical_20251008_102839.parquet,artifacts/data_v6/backup/BYBITSPOT/20250807/ticks_canonical_20251008_102839.parquet,3776093,2025-10-08T10:17:29.218895
data_v6/backup/BYBITSPOT/20250809/ticks_canonical_20251008_102907.parquet,artifacts/data_v6/backup/BYBITSPOT/20250809/ticks_canonical_20251008_102907.parquet,2620818,2025-10-08T10:17:57.632501
data_v6/backup/BYBITSPOT/20250926/ticks_canonical_20251008_104504.parquet,artifacts/data_v6/backup/BYBITSPOT/20250926/ticks_canonical_20251008_104504.parquet,3714408,2025-10-08T07:30:33.512183
data_v6/backup/BYBITSPOT/20250919/ticks_canonical_20251008_104307.parquet,artifacts/data_v6/backup/BYBITSPOT/20250919/ticks_canonical_20251008_104307.parquet,2703562,2025-10-07T18:18:08.595720
data_v6/backup/BYBITSPOT/20250917/ticks_canonical_20251008_104215.parquet,artifacts/data_v6/backup/BYBITSPOT/20250917/ticks_canonical_20251008_104215.parquet,4176341,2025-10-07T18:08:29.640517
data_v6/backup/BYBITSPOT/20250928/ticks_canonical_20251008_104524.parquet,artifacts/data_v6/backup/BYBITSPOT/20250928/ticks_canonical_20251008_104524.parquet,2047006,2025-10-08T07:32:13.048849
data_v6/backup/BYBITSPOT/20250910/ticks_canonical_20251008_103953.parquet,artifacts/data_v6/backup/BYBITSPOT/20250910/ticks_canonical_20251008_103953.parquet,4348064,2025-10-07T17:24:18.487966
data_v6/backup/BYBITSPOT/20250911/ticks_canonical_20251008_104015.parquet,artifacts/data_v6/backup/BYBITSPOT/20250911/ticks_canonical_20251008_104015.parquet,3759743,2025-10-07T17:29:31.547008
data_v6/backup/BYBITSPOT/20250916/ticks_canonical_20251008_104147.parquet,artifacts/data_v6/backup/BYBITSPOT/20250916/ticks_canonical_20251008_104147.parquet,3199272,2025-10-07T18:02:55.019238
data_v6/backup/BYBITSPOT/20250920/ticks_canonical_20251008_104309.parquet,artifacts/data_v6/backup/BYBITSPOT/20250920/ticks_canonical_20251008_104309.parquet,1118153,2025-10-07T18:23:09.970311
data_v6/backup/BYBITSPOT/20250918/ticks_canonical_20251008_104243.parquet,artifacts/data_v6/backup/BYBITSPOT/20250918/ticks_canonical_20251008_104243.parquet,3351731,2025-10-07T18:13:43.990359
data_v6/backup/BITGET/20250901/ticks_canonical_20251008_103701.parquet,artifacts/data_v6/backup/BITGET/20250901/ticks_canonical_20251008_103701.parquet,3342024,2025-10-06T10:48:53.081568
data_v6/backup/BITGET/20250906/ticks_canonical_20251008_103834.parquet,artifacts/data_v6/backup/BITGET/20250906/ticks_canonical_20251008_103834.parquet,1348080,2025-10-06T10:49:14.540099
data_v6/backup/BITGET/20250908/ticks_canonical_20251008_103907.parquet,artifacts/data_v6/backup/BITGET/20250908/ticks_canonical_20251008_103907.parquet,2047729,2025-10-07T17:00:17.231763
data_v6/backup/BITGET/20250909/ticks_canonical_20251008_103931.parquet,artifacts/data_v6/backup/BITGET/20250909/ticks_canonical_20251008_103931.parquet,2852987,2025-10-07T17:16:35.009058
data_v6/backup/BITGET/20250907/ticks_canonical_20251008_103846.parquet,artifacts/data_v6/backup/BITGET/20250907/ticks_canonical_20251008_103846.parquet,1348313,2025-10-06T10:49:17.135008
data_v6/backup/BITGET/20250810/ticks_canonical_20251008_102924.parquet,artifacts/data_v6/backup/BITGET/20250810/ticks_canonical_20251008_102924.parquet,2910040,2025-10-08T10:18:15.350515
data_v6/backup/BITGET/20250817/ticks_canonical_20251008_103153.parquet,artifacts/data_v6/backup/BITGET/20250817/ticks_canonical_20251008_103153.parquet,2222665,2025-10-08T10:20:59.078963
data_v6/backup/BITGET/20250821/ticks_canonical_20251008_103320.parquet,artifacts/data_v6/backup/BITGET/20250821/ticks_canonical_20251008_103320.parquet,2285880,2025-10-08T10:22:26.742740
data_v6/backup/BITGET/20250819/ticks_canonical_20251008_103241.parquet,artifacts/data_v6/backup/BITGET/20250819/ticks_canonical_20251008_103241.parquet,4769683,2025-10-08T10:21:48.541575
data_v6/backup/BITGET/20250818/ticks_canonical_20251008_103216.parquet,artifacts/data_v6/backup/BITGET/20250818/ticks_canonical_20251008_103216.parquet,3295074,2025-10-08T10:21:22.869187
data_v6/backup/BITGET/20250820/ticks_canonical_20251008_103303.parquet,artifacts/data_v6/backup/BITGET/20250820/ticks_canonical_20251008_103303.parquet,4430285,2025-10-08T10:22:10.671789
data_v6/backup/BITGET/20250816/ticks_canonical_20251008_103143.parquet,artifacts/data_v6/backup/BITGET/20250816/ticks_canonical_20251008_103143.parquet,2600210,2025-10-08T10:20:48.188359
data_v6/backup/BITGET/20250811/ticks_canonical_20251008_102952.parquet,artifacts/data_v6/backup/BITGET/20250811/ticks_canonical_20251008_102952.parquet,3492935,2025-10-08T10:18:41.593585
data_v6/backup/BITGET/20250805/ticks_canonical_20251008_102810.parquet,artifacts/data_v6/backup/BITGET/20250805/ticks_canonical_20251008_102810.parquet,1946162,2025-10-08T10:16:55.396979
data_v6/backup/BITGET/20250804/ticks_canonical_20251008_102753.parquet,artifacts/data_v6/backup/BITGET/20250804/ticks_canonical_20251008_102753.parquet,1698259,2025-10-08T10:16:37.840087
data_v6/backup/BITGET/20250922/ticks_canonical_20251008_071921.parquet,artifacts/data_v6/backup/BITGET/20250922/ticks_canonical_20251008_071921.parquet,4330309,2025-10-08T01:24:24.202023
data_v6/backup/BITGET/20250922/ticks_canonical_20251008_104340.parquet,artifacts/data_v6/backup/BITGET/20250922/ticks_canonical_20251008_104340.parquet,4330309,2025-10-08T07:24:43.558479
data_v6/backup/BITGET/20250922/ticks_canonical_20251008_072443.parquet,artifacts/data_v6/backup/BITGET/20250922/ticks_canonical_20251008_072443.parquet,4330309,2025-10-08T07:19:21.608541
data_v6/backup/BITGET/20250913/ticks_canonical_20251008_104036.parquet,artifacts/data_v6/backup/BITGET/20250913/ticks_canonical_20251008_104036.parquet,1527486,2025-10-07T17:43:44.217329
data_v6/backup/BITGET/20250914/ticks_canonical_20251008_104056.parquet,artifacts/data_v6/backup/BITGET/20250914/ticks_canonical_20251008_104056.parquet,1868836,2025-10-07T17:47:39.571844
data_v6/backup/BITGET/20250915/ticks_canonical_20251008_104124.parquet,artifacts/data_v6/backup/BITGET/20250915/ticks_canonical_20251008_104124.parquet,3631959,2025-10-07T17:57:19.599601
data_v6/backup/BITGET/20250912/ticks_canonical_20251008_104033.parquet,artifacts/data_v6/backup/BITGET/20250912/ticks_canonical_20251008_104033.parquet,2263600,2025-10-07T17:36:04.504419
data_v6/backup/BITGET/20250923/ticks_canonical_20251008_072043.parquet,artifacts/data_v6/backup/BITGET/20250923/ticks_canonical_20251008_072043.parquet,3922516,2025-10-08T01:27:09.810469
data_v6/backup/BITGET/20250923/ticks_canonical_20251008_072602.parquet,artifacts/data_v6/backup/BITGET/20250923/ticks_canonical_20251008_072602.parquet,3922516,2025-10-08T07:20:43.605314
data_v6/backup/BITGET/20250923/ticks_canonical_20251008_104359.parquet,artifacts/data_v6/backup/BITGET/20250923/ticks_canonical_20251008_104359.parquet,3922516,2025-10-08T07:26:02.235802
data_v6/backup/BITGET/20250905/ticks_canonical_20251008_103822.parquet,artifacts/data_v6/backup/BITGET/20250905/ticks_canonical_20251008_103822.parquet,2828261,2025-10-06T10:49:11.987586
data_v6/backup/BITGET/20250902/ticks_canonical_20251008_103721.parquet,artifacts/data_v6/backup/BITGET/20250902/ticks_canonical_20251008_103721.parquet,4723690,2025-10-06T10:48:59.878472
data_v6/backup/BITGET/20250903/ticks_canonical_20251008_103743.parquet,artifacts/data_v6/backup/BITGET/20250903/ticks_canonical_20251008_103743.parquet,2626583,2025-10-06T10:49:02.963193
data_v6/backup/BITGET/20250904/ticks_canonical_20251008_103803.parquet,artifacts/data_v6/backup/BITGET/20250904/ticks_canonical_20251008_103803.parquet,2358646,2025-10-06T10:49:08.339818
data_v6/backup/BITGET/20250814/ticks_canonical_20251008_103112.parquet,artifacts/data_v6/backup/BITGET/20250814/ticks_canonical_20251008_103112.parquet,3913982,2025-10-08T10:20:02.712445
data_v6/backup/BITGET/20250813/ticks_canonical_20251008_103041.parquet,artifacts/data_v6/backup/BITGET/20250813/ticks_canonical_20251008_103041.parquet,4645178,2025-10-08T10:19:30.584916
data_v6/backup/BITGET/20250812/ticks_canonical_20251008_103014.parquet,artifacts/data_v6/backup/BITGET/20250812/ticks_canonical_20251008_103014.parquet,6102689,2025-10-08T10:19:03.456498
data_v6/backup/BITGET/20250815/ticks_canonical_20251008_103132.parquet,artifacts/data_v6/backup/BITGET/20250815/ticks_canonical_20251008_103132.parquet,2926039,2025-10-08T10:20:36.790500
data_v6/backup/BITGET/20250808/ticks_canonical_20251008_102857.parquet,artifacts/data_v6/backup/BITGET/20250808/ticks_canonical_20251008_102857.parquet,2712908,2025-10-08T10:17:47.537730
data_v6/backup/BITGET/20250806/ticks_canonical_20251008_102824.parquet,artifacts/data_v6/backup/BITGET/20250806/ticks_canonical_20251008_102824.parquet,2238861,2025-10-08T10:17:12.629129
data_v6/backup/BITGET/20250807/ticks_canonical_20251008_102841.parquet,artifacts/data_v6/backup/BITGET/20250807/ticks_canonical_20251008_102841.parquet,2690059,2025-10-08T10:17:31.483333
data_v6/backup/BITGET/20250809/ticks_canonical_20251008_102909.parquet,artifacts/data_v6/backup/BITGET/20250809/ticks_canonical_20251008_102909.parquet,2469866,2025-10-08T10:17:59.298144
data_v6/backup/BITGET/20250919/ticks_canonical_20251008_104308.parquet,artifacts/data_v6/backup/BITGET/20250919/ticks_canonical_20251008_104308.parquet,2156468,2025-10-07T18:18:08.639060
data_v6/backup/BITGET/20250921/ticks_canonical_20251008_104315.parquet,artifacts/data_v6/backup/BITGET/20250921/ticks_canonical_20251008_104315.parquet,1951023,2025-10-07T18:40:15.215645
data_v6/backup/BITGET/20250917/ticks_canonical_20251008_104217.parquet,artifacts/data_v6/backup/BITGET/20250917/ticks_canonical_20251008_104217.parquet,2441294,2025-10-07T18:08:29.683947
data_v6/backup/BITGET/20250910/ticks_canonical_20251008_103954.parquet,artifacts/data_v6/backup/BITGET/20250910/ticks_canonical_20251008_103954.parquet,1917458,2025-10-07T17:24:18.532116
data_v6/backup/BITGET/20250911/ticks_canonical_20251008_104017.parquet,artifacts/data_v6/backup/BITGET/20250911/ticks_canonical_20251008_104017.parquet,2415834,2025-10-07T17:29:31.594532
data_v6/backup/BITGET/20250916/ticks_canonical_20251008_104149.parquet,artifacts/data_v6/backup/BITGET/20250916/ticks_canonical_20251008_104149.parquet,2595132,2025-10-07T18:02:55.060661
data_v6/backup/BITGET/20250920/ticks_canonical_20251008_104311.parquet,artifacts/data_v6/backup/BITGET/20250920/ticks_canonical_20251008_104311.parquet,1838106,2025-10-07T18:23:10.009318
data_v6/backup/BITGET/20250918/ticks_canonical_20251008_104245.parquet,artifacts/data_v6/backup/BITGET/20250918/ticks_canonical_20251008_104245.parquet,2992590,2025-10-07T18:13:44.037806
data_v6/backup/BINANCE/20250901/ticks_canonical_20251008_103654.parquet,artifacts/data_v6/backup/BINANCE/20250901/ticks_canonical_20251008_103654.parquet,9515924,2025-10-06T10:48:51.158607
data_v6/backup/BINANCE/20250906/ticks_canonical_20251008_103832.parquet,artifacts/data_v6/backup/BINANCE/20250906/ticks_canonical_20251008_103832.parquet,3504721,2025-10-06T10:49:14.024787
data_v6/backup/BINANCE/20250908/ticks_canonical_20251008_103901.parquet,artifacts/data_v6/backup/BINANCE/20250908/ticks_canonical_20251008_103901.parquet,6278585,2025-10-07T17:20:29.859255
data_v6/backup/BINANCE/20250909/ticks_canonical_20251008_103925.parquet,artifacts/data_v6/backup/BINANCE/20250909/ticks_canonical_20251008_103925.parquet,7683550,2025-10-07T17:16:34.827133
data_v6/backup/BINANCE/20250907/ticks_canonical_20251008_103844.parquet,artifacts/data_v6/backup/BINANCE/20250907/ticks_canonical_20251008_103844.parquet,3643399,2025-10-06T10:49:16.577047
data_v6/backup/BINANCE/20250810/ticks_canonical_20251008_102917.parquet,artifacts/data_v6/backup/BINANCE/20250810/ticks_canonical_20251008_102917.parquet,7106241,2025-10-08T10:18:08.385692
data_v6/backup/BINANCE/20250817/ticks_canonical_20251008_103147.parquet,artifacts/data_v6/backup/BINANCE/20250817/ticks_canonical_20251008_103147.parquet,3891478,2025-10-08T10:20:52.891379
data_v6/backup/BINANCE/20250821/ticks_canonical_20251008_103312.parquet,artifacts/data_v6/backup/BINANCE/20250821/ticks_canonical_20251008_103312.parquet,6934521,2025-10-08T10:22:19.380363
data_v6/backup/BINANCE/20250819/ticks_canonical_20251008_103228.parquet,artifacts/data_v6/backup/BINANCE/20250819/ticks_canonical_20251008_103228.parquet,9159597,2025-10-08T10:21:36.780249
data_v6/backup/BINANCE/20250818/ticks_canonical_20251008_103205.parquet,artifacts/data_v6/backup/BINANCE/20250818/ticks_canonical_20251008_103205.parquet,9506642,2025-10-08T10:21:12.656007
data_v6/backup/BINANCE/20250820/ticks_canonical_20251008_103252.parquet,artifacts/data_v6/backup/BINANCE/20250820/ticks_canonical_20251008_103252.parquet,8552694,2025-10-08T10:21:59.763290
data_v6/backup/BINANCE/20250816/ticks_canonical_20251008_103137.parquet,artifacts/data_v6/backup/BINANCE/20250816/ticks_canonical_20251008_103137.parquet,3785914,2025-10-08T10:20:42.127957
data_v6/backup/BINANCE/20250811/ticks_canonical_20251008_102941.parquet,artifacts/data_v6/backup/BINANCE/20250811/ticks_canonical_20251008_102941.parquet,12098533,2025-10-08T10:18:30.097978
data_v6/backup/BINANCE/20250805/ticks_canonical_20251008_102802.parquet,artifacts/data_v6/backup/BINANCE/20250805/ticks_canonical_20251008_102802.parquet,7388004,2025-10-08T10:16:47.297058
data_v6/backup/BINANCE/20250804/ticks_canonical_20251008_102746.parquet,artifacts/data_v6/backup/BINANCE/20250804/ticks_canonical_20251008_102746.parquet,5772554,2025-10-08T10:16:31.210701
data_v6/backup/BINANCE/20250804/ticks_canonical_20251008_101631.parquet,artifacts/data_v6/backup/BINANCE/20250804/ticks_canonical_20251008_101631.parquet,5856648,2025-10-08T09:56:56.654891
data_v6/backup/BINANCE/20250922/ticks_canonical_20251008_071840.parquet,artifacts/data_v6/backup/BINANCE/20250922/ticks_canonical_20251008_071840.parquet,10224627,2025-10-08T01:23:32.039829
data_v6/backup/BINANCE/20250922/ticks_canonical_20251008_011204.parquet,artifacts/data_v6/backup/BINANCE/20250922/ticks_canonical_20251008_011204.parquet,10224627,2025-10-08T01:10:58.242251
data_v6/backup/BINANCE/20250922/ticks_canonical_20251008_072401.parquet,artifacts/data_v6/backup/BINANCE/20250922/ticks_canonical_20251008_072401.parquet,10224627,2025-10-08T07:18:40.648455
data_v6/backup/BINANCE/20250922/ticks_canonical_20251008_011549.parquet,artifacts/data_v6/backup/BINANCE/20250922/ticks_canonical_20251008_011549.parquet,10224627,2025-10-08T01:14:30.244634
data_v6/backup/BINANCE/20250922/ticks_canonical_20251008_011322.parquet,artifacts/data_v6/backup/BINANCE/20250922/ticks_canonical_20251008_011322.parquet,10224627,2025-10-08T01:12:05.250439
data_v6/backup/BINANCE/20250922/ticks_canonical_20251008_011429.parquet,artifacts/data_v6/backup/BINANCE/20250922/ticks_canonical_20251008_011429.parquet,10224627,2025-10-08T01:13:22.659137
data_v6/backup/BINANCE/20250922/ticks_canonical_20251008_104328.parquet,artifacts/data_v6/backup/BINANCE/20250922/ticks_canonical_20251008_104328.parquet,10224627,2025-10-08T07:24:02.089144
data_v6/backup/BINANCE/20250922/ticks_canonical_20251008_011811.parquet,artifacts/data_v6/backup/BINANCE/20250922/ticks_canonical_20251008_011811.parquet,10224627,2025-10-08T01:15:49.465821
data_v6/backup/BINANCE/20250922/ticks_canonical_20251008_012144.parquet,artifacts/data_v6/backup/BINANCE/20250922/ticks_canonical_20251008_012144.parquet,10224627,2025-10-08T01:20:26.195298
data_v6/backup/BINANCE/20250922/ticks_canonical_20251008_012331.parquet,artifacts/data_v6/backup/BINANCE/20250922/ticks_canonical_20251008_012331.parquet,10224627,2025-10-08T01:21:44.961849
data_v6/backup/BINANCE/20250922/ticks_canonical_20251008_012025.parquet,artifacts/data_v6/backup/BINANCE/20250922/ticks_canonical_20251008_012025.parquet,10224627,2025-10-08T01:19:18.794037
data_v6/backup/BINANCE/20250922/ticks_canonical_20251008_011918.parquet,artifacts/data_v6/backup/BINANCE/20250922/ticks_canonical_20251008_011918.parquet,10224627,2025-10-08T01:18:12.025524
data_v6/backup/BINANCE/20250925/ticks_canonical_20251008_104433.parquet,artifacts/data_v6/backup/BINANCE/20250925/ticks_canonical_20251008_104433.parquet,11880343,2025-10-08T07:28:21.906469
data_v6/backup/BINANCE/20250914/ticks_canonical_20251008_104053.parquet,artifacts/data_v6/backup/BINANCE/20250914/ticks_canonical_20251008_104053.parquet,4258316,2025-10-07T17:47:39.463866
data_v6/backup/BINANCE/20250915/ticks_canonical_20251008_104117.parquet,artifacts/data_v6/backup/BINANCE/20250915/ticks_canonical_20251008_104117.parquet,7251373,2025-10-07T17:57:19.256946
data_v6/backup/BINANCE/20250912/ticks_canonical_20251008_104026.parquet,artifacts/data_v6/backup/BINANCE/20250912/ticks_canonical_20251008_104026.parquet,7639461,2025-10-07T17:36:04.299549
data_v6/backup/BINANCE/20250924/ticks_canonical_20251008_104408.parquet,artifacts/data_v6/backup/BINANCE/20250924/ticks_canonical_20251008_104408.parquet,6721609,2025-10-08T07:26:38.067116
data_v6/backup/BINANCE/20250924/ticks_canonical_20251008_072123.parquet,artifacts/data_v6/backup/BINANCE/20250924/ticks_canonical_20251008_072123.parquet,6721609,2025-10-08T01:28:14.166975
data_v6/backup/BINANCE/20250924/ticks_canonical_20251008_072637.parquet,artifacts/data_v6/backup/BINANCE/20250924/ticks_canonical_20251008_072637.parquet,6721609,2025-10-08T07:21:23.686431
data_v6/backup/BINANCE/20250923/ticks_canonical_20251008_072004.parquet,artifacts/data_v6/backup/BINANCE/20250923/ticks_canonical_20251008_072004.parquet,7030149,2025-10-08T01:25:27.217588
data_v6/backup/BINANCE/20250923/ticks_canonical_20251008_072525.parquet,artifacts/data_v6/backup/BINANCE/20250923/ticks_canonical_20251008_072525.parquet,7030149,2025-10-08T07:20:04.799884
data_v6/backup/BINANCE/20250923/ticks_canonical_20251008_104349.parquet,artifacts/data_v6/backup/BINANCE/20250923/ticks_canonical_20251008_104349.parquet,7030149,2025-10-08T07:25:25.263759
data_v6/backup/BINANCE/20250905/ticks_canonical_20251008_103815.parquet,artifacts/data_v6/backup/BINANCE/20250905/ticks_canonical_20251008_103815.parquet,5962504,2025-10-06T10:49:10.658298
data_v6/backup/BINANCE/20250902/ticks_canonical_20251008_103713.parquet,artifacts/data_v6/backup/BINANCE/20250902/ticks_canonical_20251008_103713.parquet,9631563,2025-10-06T10:48:58.411394
data_v6/backup/BINANCE/20250903/ticks_canonical_20251008_103738.parquet,artifacts/data_v6/backup/BINANCE/20250903/ticks_canonical_20251008_103738.parquet,6935779,2025-10-06T10:49:02.176898
data_v6/backup/BINANCE/20250904/ticks_canonical_20251008_103758.parquet,artifacts/data_v6/backup/BINANCE/20250904/ticks_canonical_20251008_103758.parquet,7030731,2025-10-06T10:49:05.689673
data_v6/backup/BINANCE/20250814/ticks_canonical_20251008_103057.parquet,artifacts/data_v6/backup/BINANCE/20250814/ticks_canonical_20251008_103057.parquet,13561627,2025-10-08T10:19:48.527767
data_v6/backup/BINANCE/20250813/ticks_canonical_20251008_103027.parquet,artifacts/data_v6/backup/BINANCE/20250813/ticks_canonical_20251008_103027.parquet,11235310,2025-10-08T10:19:17.461198
data_v6/backup/BINANCE/20250822/ticks_canonical_20251008_103334.parquet,artifacts/data_v6/backup/BINANCE/20250822/ticks_canonical_20251008_103334.parquet,10899195,2025-10-08T10:22:41.112252
data_v6/backup/BINANCE/20250812/ticks_canonical_20251008_103002.parquet,artifacts/data_v6/backup/BINANCE/20250812/ticks_canonical_20251008_103002.parquet,7713308,2025-10-08T10:18:51.379251
data_v6/backup/BINANCE/20250815/ticks_canonical_20251008_103122.parquet,artifacts/data_v6/backup/BINANCE/20250815/ticks_canonical_20251008_103122.parquet,7408605,2025-10-08T10:20:23.267730
data_v6/backup/BINANCE/20250808/ticks_canonical_20251008_102849.parquet,artifacts/data_v6/backup/BINANCE/20250808/ticks_canonical_20251008_102849.parquet,6698620,2025-10-08T10:17:39.830956
data_v6/backup/BINANCE/20250806/ticks_canonical_20251008_102817.parquet,artifacts/data_v6/backup/BINANCE/20250806/ticks_canonical_20251008_102817.parquet,5813499,2025-10-08T10:17:05.243964
data_v6/backup/BINANCE/20250807/ticks_canonical_20251008_102833.parquet,artifacts/data_v6/backup/BINANCE/20250807/ticks_canonical_20251008_102833.parquet,7129685,2025-10-08T10:17:21.169834
data_v6/backup/BINANCE/20250809/ticks_canonical_20251008_102903.parquet,artifacts/data_v6/backup/BINANCE/20250809/ticks_canonical_20251008_102903.parquet,5111772,2025-10-08T10:17:53.408842
data_v6/backup/BINANCE/20250926/ticks_canonical_20251008_104456.parquet,artifacts/data_v6/backup/BINANCE/20250926/ticks_canonical_20251008_104456.parquet,8372705,2025-10-08T07:30:02.476923
data_v6/backup/BINANCE/20250919/ticks_canonical_20251008_104304.parquet,artifacts/data_v6/backup/BINANCE/20250919/ticks_canonical_20251008_104304.parquet,5696609,2025-10-07T18:18:08.466401
data_v6/backup/BINANCE/20250917/ticks_canonical_20251008_104211.parquet,artifacts/data_v6/backup/BINANCE/20250917/ticks_canonical_20251008_104211.parquet,8848531,2025-10-07T18:08:29.506578
data_v6/backup/BINANCE/20250928/ticks_canonical_20251008_104520.parquet,artifacts/data_v6/backup/BINANCE/20250928/ticks_canonical_20251008_104520.parquet,5213960,2025-10-08T07:31:53.505585
data_v6/backup/BINANCE/20250910/ticks_canonical_20251008_103949.parquet,artifacts/data_v6/backup/BINANCE/20250910/ticks_canonical_20251008_103949.parquet,8099358,2025-10-07T17:24:18.320718
data_v6/backup/BINANCE/20250911/ticks_canonical_20251008_104011.parquet,artifacts/data_v6/backup/BINANCE/20250911/ticks_canonical_20251008_104011.parquet,7409147,2025-10-07T17:29:31.397863
data_v6/backup/BINANCE/20250916/ticks_canonical_20251008_104144.parquet,artifacts/data_v6/backup/BINANCE/20250916/ticks_canonical_20251008_104144.parquet,6267693,2025-10-07T18:02:54.889405
data_v6/backup/BINANCE/20250927/ticks_canonical_20251008_104510.parquet,artifacts/data_v6/backup/BINANCE/20250927/ticks_canonical_20251008_104510.parquet,3602085,2025-10-08T07:31:02.558444
data_v6/backup/BINANCE/20250918/ticks_canonical_20251008_104240.parquet,artifacts/data_v6/backup/BINANCE/20250918/ticks_canonical_20251008_104240.parquet,6470063,2025-10-07T18:13:43.860271
data_v6/views/COINBASE/20250901/ticks_canonical.parquet,artifacts/data_v6/views/COINBASE/20250901/ticks_canonical.parquet,7257180,2025-10-06T10:48:52.078786
data_v6/views/COINBASE/20250901/bars_canonical.parquet,artifacts/data_v6/views/COINBASE/20250901/bars_canonical.parquet,1454943,2025-10-05T23:27:50.176088
data_v6/views/COINBASE/20250906/ticks_canonical.parquet,artifacts/data_v6/views/COINBASE/20250906/ticks_canonical.parquet,3294398,2025-10-06T10:49:14.284100
data_v6/views/COINBASE/20250930/ticks_canonical.parquet,artifacts/data_v6/views/COINBASE/20250930/ticks_canonical.parquet,4484326,2025-10-08T08:08:33.366360
data_v6/views/COINBASE/20250908/ticks_canonical.parquet,artifacts/data_v6/views/COINBASE/20250908/ticks_canonical.parquet,5326334,2025-10-07T17:06:47.953625
data_v6/views/COINBASE/20250909/ticks_canonical.parquet,artifacts/data_v6/views/COINBASE/20250909/ticks_canonical.parquet,5076682,2025-10-07T17:16:34.897836
data_v6/views/COINBASE/20250907/ticks_canonical.parquet,artifacts/data_v6/views/COINBASE/20250907/ticks_canonical.parquet,3202117,2025-10-06T10:49:16.844011
data_v6/views/COINBASE/20250810/ticks_canonical.parquet,artifacts/data_v6/views/COINBASE/20250810/ticks_canonical.parquet,3783378,2025-10-08T10:29:19.791044
data_v6/views/COINBASE/20250828/ticks_canonical.parquet,artifacts/data_v6/views/COINBASE/20250828/ticks_canonical.parquet,6252575,2025-10-08T10:35:47.211574
data_v6/views/COINBASE/20250817/ticks_canonical.parquet,artifacts/data_v6/views/COINBASE/20250817/ticks_canonical.parquet,3643675,2025-10-08T10:31:50.048813
data_v6/views/COINBASE/20250821/ticks_canonical.parquet,artifacts/data_v6/views/COINBASE/20250821/ticks_canonical.parquet,5797168,2025-10-08T10:33:16.138597
data_v6/views/COINBASE/20250819/ticks_canonical.parquet,artifacts/data_v6/views/COINBASE/20250819/ticks_canonical.parquet,7484707,2025-10-08T10:32:33.406725
data_v6/views/COINBASE/20250826/ticks_canonical.parquet,artifacts/data_v6/views/COINBASE/20250826/ticks_canonical.parquet,7241908,2025-10-08T10:35:05.961684
data_v6/views/COINBASE/20250818/ticks_canonical.parquet,artifacts/data_v6/views/COINBASE/20250818/ticks_canonical.parquet,6832860,2025-10-08T10:32:10.126834
data_v6/views/COINBASE/20250827/ticks_canonical.parquet,artifacts/data_v6/views/COINBASE/20250827/ticks_canonical.parquet,6248039,2025-10-08T10:35:28.123669
data_v6/views/COINBASE/20250820/ticks_canonical.parquet,artifacts/data_v6/views/COINBASE/20250820/ticks_canonical.parquet,6414116,2025-10-08T10:32:56.441924
data_v6/views/COINBASE/20250829/ticks_canonical.parquet,artifacts/data_v6/views/COINBASE/20250829/ticks_canonical.parquet,8762277,2025-10-08T10:36:11.860433
data_v6/views/COINBASE/20250816/ticks_canonical.parquet,artifacts/data_v6/views/COINBASE/20250816/ticks_canonical.parquet,3884036,2025-10-08T10:31:39.809853
data_v6/views/COINBASE/20250811/ticks_canonical.parquet,artifacts/data_v6/views/COINBASE/20250811/ticks_canonical.parquet,6426026,2025-10-08T10:29:44.706954
data_v6/views/COINBASE/20250805/ticks_canonical.parquet,artifacts/data_v6/views/COINBASE/20250805/ticks_canonical.parquet,5224508,2025-10-08T10:28:05.476891
data_v6/views/COINBASE/20250804/ticks_canonical.parquet,artifacts/data_v6/views/COINBASE/20250804/ticks_canonical.parquet,4676323,2025-10-08T10:27:49.253576
data_v6/views/COINBASE/20250922/ticks_canonical.parquet,artifacts/data_v6/views/COINBASE/20250922/ticks_canonical.parquet,6376996,2025-10-08T10:43:32.434334
data_v6/views/COINBASE/20250925/ticks_canonical.parquet,artifacts/data_v6/views/COINBASE/20250925/ticks_canonical.parquet,7626527,2025-10-08T10:44:37.929800
data_v6/views/COINBASE/20250913/ticks_canonical.parquet,artifacts/data_v6/views/COINBASE/20250913/ticks_canonical.parquet,3506785,2025-10-07T17:43:44.147532
data_v6/views/COINBASE/20250914/ticks_canonical.parquet,artifacts/data_v6/views/COINBASE/20250914/ticks_canonical.parquet,3064972,2025-10-07T17:47:39.509167
data_v6/views/COINBASE/20250915/ticks_canonical.parquet,artifacts/data_v6/views/COINBASE/20250915/ticks_canonical.parquet,5736663,2025-10-07T17:57:19.371256
data_v6/views/COINBASE/20250912/ticks_canonical.parquet,artifacts/data_v6/views/COINBASE/20250912/ticks_canonical.parquet,6312093,2025-10-07T17:36:04.389619
data_v6/views/COINBASE/20250924/ticks_canonical.parquet,artifacts/data_v6/views/COINBASE/20250924/ticks_canonical.parquet,5105747,2025-10-08T10:44:11.476131
data_v6/views/COINBASE/20251001/ticks_canonical.parquet,artifacts/data_v6/views/COINBASE/20251001/ticks_canonical.parquet,7225523,2025-10-08T08:11:04.069409
data_v6/views/COINBASE/20250923/ticks_canonical.parquet,artifacts/data_v6/views/COINBASE/20250923/ticks_canonical.parquet,5123258,2025-10-08T10:43:52.811804
data_v6/views/COINBASE/20250905/ticks_canonical.parquet,artifacts/data_v6/views/COINBASE/20250905/ticks_canonical.parquet,6605605,2025-10-06T10:49:11.193836
data_v6/views/COINBASE/20250902/ticks_canonical.parquet,artifacts/data_v6/views/COINBASE/20250902/ticks_canonical.parquet,6709894,2025-10-06T10:48:59.221155
data_v6/views/COINBASE/20250903/ticks_canonical.parquet,artifacts/data_v6/views/COINBASE/20250903/ticks_canonical.parquet,5789291,2025-10-06T10:49:02.521224
data_v6/views/COINBASE/20250904/ticks_canonical.parquet,artifacts/data_v6/views/COINBASE/20250904/ticks_canonical.parquet,5816270,2025-10-06T10:49:07.538910
data_v6/views/COINBASE/20250814/ticks_canonical.parquet,artifacts/data_v6/views/COINBASE/20250814/ticks_canonical.parquet,9167353,2025-10-08T10:31:02.867285
data_v6/views/COINBASE/20250813/ticks_canonical.parquet,artifacts/data_v6/views/COINBASE/20250813/ticks_canonical.parquet,7263427,2025-10-08T10:30:33.025832
data_v6/views/COINBASE/20250825/ticks_canonical.parquet,artifacts/data_v6/views/COINBASE/20250825/ticks_canonical.parquet,7981500,2025-10-08T10:34:39.711035
data_v6/views/COINBASE/20250822/ticks_canonical.parquet,artifacts/data_v6/views/COINBASE/20250822/ticks_canonical.parquet,7837734,2025-10-08T10:33:39.036561
data_v6/views/COINBASE/20250823/ticks_canonical.parquet,artifacts/data_v6/views/COINBASE/20250823/ticks_canonical.parquet,3828975,2025-10-08T10:33:54.515852
data_v6/views/COINBASE/20250824/ticks_canonical.parquet,artifacts/data_v6/views/COINBASE/20250824/ticks_canonical.parquet,4949396,2025-10-08T10:34:11.294313
data_v6/views/COINBASE/20250812/ticks_canonical.parquet,artifacts/data_v6/views/COINBASE/20250812/ticks_canonical.parquet,5402356,2025-10-08T10:30:05.780317
data_v6/views/COINBASE/20250815/ticks_canonical.parquet,artifacts/data_v6/views/COINBASE/20250815/ticks_canonical.parquet,6664795,2025-10-08T10:31:26.003333
data_v6/views/COINBASE/20250808/ticks_canonical.parquet,artifacts/data_v6/views/COINBASE/20250808/ticks_canonical.parquet,4689957,2025-10-08T10:28:52.180710
data_v6/views/COINBASE/20250830/ticks_canonical.parquet,artifacts/data_v6/views/COINBASE/20250830/ticks_canonical.parquet,4545120,2025-10-08T10:36:28.020116
data_v6/views/COINBASE/20250806/ticks_canonical.parquet,artifacts/data_v6/views/COINBASE/20250806/ticks_canonical.parquet,4946449,2025-10-08T10:28:20.269213
data_v6/views/COINBASE/20250807/ticks_canonical.parquet,artifacts/data_v6/views/COINBASE/20250807/ticks_canonical.parquet,5414282,2025-10-08T10:28:36.533641
data_v6/views/COINBASE/20250831/ticks_canonical.parquet,artifacts/data_v6/views/COINBASE/20250831/ticks_canonical.parquet,3748370,2025-10-08T10:36:39.879848
data_v6/views/COINBASE/20250809/ticks_canonical.parquet,artifacts/data_v6/views/COINBASE/20250809/ticks_canonical.parquet,3723567,2025-10-08T10:29:05.044979
data_v6/views/COINBASE/20250926/ticks_canonical.parquet,artifacts/data_v6/views/COINBASE/20250926/ticks_canonical.parquet,5737392,2025-10-08T10:45:01.124557
data_v6/views/COINBASE/20251003/ticks_canonical.parquet,artifacts/data_v6/views/COINBASE/20251003/ticks_canonical.parquet,7972577,2025-10-08T08:16:05.030924
data_v6/views/COINBASE/20250919/ticks_canonical.parquet,artifacts/data_v6/views/COINBASE/20250919/ticks_canonical.parquet,5912470,2025-10-07T18:18:08.537352
data_v6/views/COINBASE/20250921/ticks_canonical.parquet,artifacts/data_v6/views/COINBASE/20250921/ticks_canonical.parquet,3166302,2025-10-07T18:40:15.145496
data_v6/views/COINBASE/20251004/ticks_canonical.parquet,artifacts/data_v6/views/COINBASE/20251004/ticks_canonical.parquet,3431564,2025-10-08T08:17:42.403749
data_v6/views/COINBASE/20250917/ticks_canonical.parquet,artifacts/data_v6/views/COINBASE/20250917/ticks_canonical.parquet,6155964,2025-10-07T18:08:29.570797
data_v6/views/COINBASE/20250928/ticks_canonical.parquet,artifacts/data_v6/views/COINBASE/20250928/ticks_canonical.parquet,3196221,2025-10-08T10:45:22.547926
data_v6/views/COINBASE/20250910/ticks_canonical.parquet,artifacts/data_v6/views/COINBASE/20250910/ticks_canonical.parquet,6292439,2025-10-07T17:24:18.405043
data_v6/views/COINBASE/20250911/ticks_canonical.parquet,artifacts/data_v6/views/COINBASE/20250911/ticks_canonical.parquet,5084816,2025-10-07T17:29:31.478353
data_v6/views/COINBASE/20250916/ticks_canonical.parquet,artifacts/data_v6/views/COINBASE/20250916/ticks_canonical.parquet,6153134,2025-10-07T18:02:54.959456
data_v6/views/COINBASE/20250929/ticks_canonical.parquet,artifacts/data_v6/views/COINBASE/20250929/ticks_canonical.parquet,4850802,2025-10-08T08:06:57.899894
data_v6/views/COINBASE/20250920/ticks_canonical.parquet,artifacts/data_v6/views/COINBASE/20250920/ticks_canonical.parquet,3410293,2025-10-07T18:23:09.933928
data_v6/views/COINBASE/20251005/ticks_canonical.parquet,artifacts/data_v6/views/COINBASE/20251005/ticks_canonical.parquet,5074287,2025-10-08T08:19:52.839242
data_v6/views/COINBASE/20250927/ticks_canonical.parquet,artifacts/data_v6/views/COINBASE/20250927/ticks_canonical.parquet,2974083,2025-10-08T10:45:12.232890
data_v6/views/COINBASE/20250918/ticks_canonical.parquet,artifacts/data_v6/views/COINBASE/20250918/ticks_canonical.parquet,5804571,2025-10-07T18:13:43.930558
data_v6/views/COINBASE/20251002/ticks_canonical.parquet,artifacts/data_v6/views/COINBASE/20251002/ticks_canonical.parquet,7198606,2025-10-08T08:13:45.816064
data_v6/views/BYBITSPOT/20250901/ticks_canonical.parquet,artifacts/data_v6/views/BYBITSPOT/20250901/ticks_canonical.parquet,4291153,2025-10-08T10:36:59.372630
data_v6/views/BYBITSPOT/20250901/bars_canonical.parquet,artifacts/data_v6/views/BYBITSPOT/20250901/bars_canonical.parquet,854858,2025-10-05T23:27:50.301921
data_v6/views/BYBITSPOT/20250906/ticks_canonical.parquet,artifacts/data_v6/views/BYBITSPOT/20250906/ticks_canonical.parquet,1471037,2025-10-08T10:38:33.659909
data_v6/views/BYBITSPOT/20250930/ticks_canonical.parquet,artifacts/data_v6/views/BYBITSPOT/20250930/ticks_canonical.parquet,3445876,2025-10-08T08:08:56.472979
data_v6/views/BYBITSPOT/20250908/ticks_canonical.parquet,artifacts/data_v6/views/BYBITSPOT/20250908/ticks_canonical.parquet,3744721,2025-10-08T10:39:05.507152
data_v6/views/BYBITSPOT/20250909/ticks_canonical.parquet,artifacts/data_v6/views/BYBITSPOT/20250909/ticks_canonical.parquet,3890859,2025-10-08T10:39:28.520705
data_v6/views/BYBITSPOT/20250907/ticks_canonical.parquet,artifacts/data_v6/views/BYBITSPOT/20250907/ticks_canonical.parquet,1551938,2025-10-08T10:38:45.898896
data_v6/views/BYBITSPOT/20250810/ticks_canonical.parquet,artifacts/data_v6/views/BYBITSPOT/20250810/ticks_canonical.parquet,3531038,2025-10-08T10:29:22.852289
data_v6/views/BYBITSPOT/20250828/ticks_canonical.parquet,artifacts/data_v6/views/BYBITSPOT/20250828/ticks_canonical.parquet,3221611,2025-10-08T10:35:49.887220
data_v6/views/BYBITSPOT/20250817/ticks_canonical.parquet,artifacts/data_v6/views/BYBITSPOT/20250817/ticks_canonical.parquet,1876936,2025-10-08T10:31:51.689143
data_v6/views/BYBITSPOT/20250821/ticks_canonical.parquet,artifacts/data_v6/views/BYBITSPOT/20250821/ticks_canonical.parquet,3212361,2025-10-08T10:33:18.788162
data_v6/views/BYBITSPOT/20250819/ticks_canonical.parquet,artifacts/data_v6/views/BYBITSPOT/20250819/ticks_canonical.parquet,3991470,2025-10-08T10:32:37.075085
data_v6/views/BYBITSPOT/20250826/ticks_canonical.parquet,artifacts/data_v6/views/BYBITSPOT/20250826/ticks_canonical.parquet,4177038,2025-10-08T10:35:09.765637
data_v6/views/BYBITSPOT/20250818/ticks_canonical.parquet,artifacts/data_v6/views/BYBITSPOT/20250818/ticks_canonical.parquet,3965856,2025-10-08T10:32:13.681942
data_v6/views/BYBITSPOT/20250827/ticks_canonical.parquet,artifacts/data_v6/views/BYBITSPOT/20250827/ticks_canonical.parquet,3830583,2025-10-08T10:35:32.266608
data_v6/views/BYBITSPOT/20250820/ticks_canonical.parquet,artifacts/data_v6/views/BYBITSPOT/20250820/ticks_canonical.parquet,3603737,2025-10-08T10:32:59.524531
data_v6/views/BYBITSPOT/20250829/ticks_canonical.parquet,artifacts/data_v6/views/BYBITSPOT/20250829/ticks_canonical.parquet,4370492,2025-10-08T10:36:15.808559
data_v6/views/BYBITSPOT/20250816/ticks_canonical.parquet,artifacts/data_v6/views/BYBITSPOT/20250816/ticks_canonical.parquet,1681178,2025-10-08T10:31:41.267865
data_v6/views/BYBITSPOT/20250811/ticks_canonical.parquet,artifacts/data_v6/views/BYBITSPOT/20250811/ticks_canonical.parquet,5435855,2025-10-08T10:29:49.834093
data_v6/views/BYBITSPOT/20250805/ticks_canonical.parquet,artifacts/data_v6/views/BYBITSPOT/20250805/ticks_canonical.parquet,3944537,2025-10-08T10:28:09.065581
data_v6/views/BYBITSPOT/20250804/ticks_canonical.parquet,artifacts/data_v6/views/BYBITSPOT/20250804/ticks_canonical.parquet,3410728,2025-10-08T10:27:52.144791
data_v6/views/BYBITSPOT/20250922/ticks_canonical.parquet,artifacts/data_v6/views/BYBITSPOT/20250922/ticks_canonical.parquet,4377797,2025-10-08T10:43:37.021549
data_v6/views/BYBITSPOT/20250925/ticks_canonical.parquet,artifacts/data_v6/views/BYBITSPOT/20250925/ticks_canonical.parquet,4554274,2025-10-08T10:44:42.438878
data_v6/views/BYBITSPOT/20250913/ticks_canonical.parquet,artifacts/data_v6/views/BYBITSPOT/20250913/ticks_canonical.parquet,2368089,2025-10-08T10:40:35.431542
data_v6/views/BYBITSPOT/20250914/ticks_canonical.parquet,artifacts/data_v6/views/BYBITSPOT/20250914/ticks_canonical.parquet,2027084,2025-10-08T10:40:54.829620
data_v6/views/BYBITSPOT/20250915/ticks_canonical.parquet,artifacts/data_v6/views/BYBITSPOT/20250915/ticks_canonical.parquet,3656227,2025-10-08T10:41:21.223018
data_v6/views/BYBITSPOT/20250912/ticks_canonical.parquet,artifacts/data_v6/views/BYBITSPOT/20250912/ticks_canonical.parquet,3793358,2025-10-08T10:40:31.133951
data_v6/views/BYBITSPOT/20250924/ticks_canonical.parquet,artifacts/data_v6/views/BYBITSPOT/20250924/ticks_canonical.parquet,3229064,2025-10-08T10:44:14.354901
data_v6/views/BYBITSPOT/20251001/ticks_canonical.parquet,artifacts/data_v6/views/BYBITSPOT/20251001/ticks_canonical.parquet,4311448,2025-10-08T08:11:26.701293
data_v6/views/BYBITSPOT/20250923/ticks_canonical.parquet,artifacts/data_v6/views/BYBITSPOT/20250923/ticks_canonical.parquet,3776459,2025-10-08T10:43:56.809328
data_v6/views/BYBITSPOT/20250905/ticks_canonical.parquet,artifacts/data_v6/views/BYBITSPOT/20250905/ticks_canonical.parquet,4756142,2025-10-08T10:38:20.428375
data_v6/views/BYBITSPOT/20250902/ticks_canonical.parquet,artifacts/data_v6/views/BYBITSPOT/20250902/ticks_canonical.parquet,4569794,2025-10-08T10:37:17.657457
data_v6/views/BYBITSPOT/20250903/ticks_canonical.parquet,artifacts/data_v6/views/BYBITSPOT/20250903/ticks_canonical.parquet,3448824,2025-10-08T10:37:41.361952
data_v6/views/BYBITSPOT/20250904/ticks_canonical.parquet,artifacts/data_v6/views/BYBITSPOT/20250904/ticks_canonical.parquet,3324284,2025-10-08T10:38:01.744909
data_v6/views/BYBITSPOT/20250814/ticks_canonical.parquet,artifacts/data_v6/views/BYBITSPOT/20250814/ticks_canonical.parquet,5983339,2025-10-08T10:31:09.279195
data_v6/views/BYBITSPOT/20250813/ticks_canonical.parquet,artifacts/data_v6/views/BYBITSPOT/20250813/ticks_canonical.parquet,4499067,2025-10-08T10:30:37.682253
data_v6/views/BYBITSPOT/20250825/ticks_canonical.parquet,artifacts/data_v6/views/BYBITSPOT/20250825/ticks_canonical.parquet,4939304,2025-10-08T10:34:44.220833
data_v6/views/BYBITSPOT/20250822/ticks_canonical.parquet,artifacts/data_v6/views/BYBITSPOT/20250822/ticks_canonical.parquet,4375487,2025-10-08T10:33:42.955477
data_v6/views/BYBITSPOT/20250823/ticks_canonical.parquet,artifacts/data_v6/views/BYBITSPOT/20250823/ticks_canonical.parquet,2413066,2025-10-08T10:33:56.443105
data_v6/views/BYBITSPOT/20250824/ticks_canonical.parquet,artifacts/data_v6/views/BYBITSPOT/20250824/ticks_canonical.parquet,4033115,2025-10-08T10:34:14.927414
data_v6/views/BYBITSPOT/20250812/ticks_canonical.parquet,artifacts/data_v6/views/BYBITSPOT/20250812/ticks_canonical.parquet,3848457,2025-10-08T10:30:09.446340
data_v6/views/BYBITSPOT/20250815/ticks_canonical.parquet,artifacts/data_v6/views/BYBITSPOT/20250815/ticks_canonical.parquet,3762714,2025-10-08T10:31:29.825769
data_v6/views/BYBITSPOT/20250808/ticks_canonical.parquet,artifacts/data_v6/views/BYBITSPOT/20250808/ticks_canonical.parquet,3437388,2025-10-08T10:28:55.213291
data_v6/views/BYBITSPOT/20250830/ticks_canonical.parquet,artifacts/data_v6/views/BYBITSPOT/20250830/ticks_canonical.parquet,2232222,2025-10-08T10:36:30.315560
data_v6/views/BYBITSPOT/20250806/ticks_canonical.parquet,artifacts/data_v6/views/BYBITSPOT/20250806/ticks_canonical.parquet,3359660,2025-10-08T10:28:23.114903
data_v6/views/BYBITSPOT/20250807/ticks_canonical.parquet,artifacts/data_v6/views/BYBITSPOT/20250807/ticks_canonical.parquet,3776093,2025-10-08T10:28:39.875305
data_v6/views/BYBITSPOT/20250831/ticks_canonical.parquet,artifacts/data_v6/views/BYBITSPOT/20250831/ticks_canonical.parquet,2015038,2025-10-08T10:36:41.572076
data_v6/views/BYBITSPOT/20250809/ticks_canonical.parquet,artifacts/data_v6/views/BYBITSPOT/20250809/ticks_canonical.parquet,2620818,2025-10-08T10:29:07.248444
data_v6/views/BYBITSPOT/20250926/ticks_canonical.parquet,artifacts/data_v6/views/BYBITSPOT/20250926/ticks_canonical.parquet,3707783,2025-10-08T10:45:04.631641
data_v6/views/BYBITSPOT/20251003/ticks_canonical.parquet,artifacts/data_v6/views/BYBITSPOT/20251003/ticks_canonical.parquet,4868212,2025-10-08T08:16:32.979223
data_v6/views/BYBITSPOT/20250919/ticks_canonical.parquet,artifacts/data_v6/views/BYBITSPOT/20250919/ticks_canonical.parquet,2703562,2025-10-08T10:43:07.174709
data_v6/views/BYBITSPOT/20250921/ticks_canonical.parquet,artifacts/data_v6/views/BYBITSPOT/20250921/ticks_canonical.parquet,1120580,2025-10-07T18:40:15.171997
data_v6/views/BYBITSPOT/20251004/ticks_canonical.parquet,artifacts/data_v6/views/BYBITSPOT/20251004/ticks_canonical.parquet,2360296,2025-10-08T08:17:58.196171
data_v6/views/BYBITSPOT/20250917/ticks_canonical.parquet,artifacts/data_v6/views/BYBITSPOT/20250917/ticks_canonical.parquet,4176341,2025-10-08T10:42:15.883294
data_v6/views/BYBITSPOT/20250928/ticks_canonical.parquet,artifacts/data_v6/views/BYBITSPOT/20250928/ticks_canonical.parquet,2047147,2025-10-08T10:45:24.342263
data_v6/views/BYBITSPOT/20250910/ticks_canonical.parquet,artifacts/data_v6/views/BYBITSPOT/20250910/ticks_canonical.parquet,4348064,2025-10-08T10:39:53.320279
data_v6/views/BYBITSPOT/20250911/ticks_canonical.parquet,artifacts/data_v6/views/BYBITSPOT/20250911/ticks_canonical.parquet,3759743,2025-10-08T10:40:15.299115
data_v6/views/BYBITSPOT/20250916/ticks_canonical.parquet,artifacts/data_v6/views/BYBITSPOT/20250916/ticks_canonical.parquet,3199272,2025-10-08T10:41:47.608929
data_v6/views/BYBITSPOT/20250929/ticks_canonical.parquet,artifacts/data_v6/views/BYBITSPOT/20250929/ticks_canonical.parquet,3387492,2025-10-08T08:07:11.284352
data_v6/views/BYBITSPOT/20250920/ticks_canonical.parquet,artifacts/data_v6/views/BYBITSPOT/20250920/ticks_canonical.parquet,1118153,2025-10-08T10:43:09.868563
data_v6/views/BYBITSPOT/20251005/ticks_canonical.parquet,artifacts/data_v6/views/BYBITSPOT/20251005/ticks_canonical.parquet,4802023,2025-10-08T08:20:12.938546
data_v6/views/BYBITSPOT/20250927/ticks_canonical.parquet,artifacts/data_v6/views/BYBITSPOT/20250927/ticks_canonical.parquet,1425523,2025-10-08T10:45:13.420311
data_v6/views/BYBITSPOT/20250918/ticks_canonical.parquet,artifacts/data_v6/views/BYBITSPOT/20250918/ticks_canonical.parquet,3351731,2025-10-08T10:42:43.501320
data_v6/views/BYBITSPOT/20251002/ticks_canonical.parquet,artifacts/data_v6/views/BYBITSPOT/20251002/ticks_canonical.parquet,4413600,2025-10-08T08:14:05.687404
data_v6/views/BITGET/20250901/ticks_canonical.parquet,artifacts/data_v6/views/BITGET/20250901/ticks_canonical.parquet,3325966,2025-10-08T10:37:01.934441
data_v6/views/BITGET/20250901/bars_canonical.parquet,artifacts/data_v6/views/BITGET/20250901/bars_canonical.parquet,979461,2025-10-05T23:27:50.402941
data_v6/views/BITGET/20250906/ticks_canonical.parquet,artifacts/data_v6/views/BITGET/20250906/ticks_canonical.parquet,1323896,2025-10-08T10:38:34.835304
data_v6/views/BITGET/20250908/ticks_canonical.parquet,artifacts/data_v6/views/BITGET/20250908/ticks_canonical.parquet,2047729,2025-10-08T10:39:07.411933
data_v6/views/BITGET/20250909/ticks_canonical.parquet,artifacts/data_v6/views/BITGET/20250909/ticks_canonical.parquet,2852987,2025-10-08T10:39:31.273253
data_v6/views/BITGET/20250907/ticks_canonical.parquet,artifacts/data_v6/views/BITGET/20250907/ticks_canonical.parquet,1350917,2025-10-08T10:38:46.804228
data_v6/views/BITGET/20250810/ticks_canonical.parquet,artifacts/data_v6/views/BITGET/20250810/ticks_canonical.parquet,2910040,2025-10-08T10:29:24.833404
data_v6/views/BITGET/20250828/ticks_canonical.parquet,artifacts/data_v6/views/BITGET/20250828/ticks_canonical.parquet,2519701,2025-10-08T10:35:51.747842
data_v6/views/BITGET/20250817/ticks_canonical.parquet,artifacts/data_v6/views/BITGET/20250817/ticks_canonical.parquet,2222665,2025-10-08T10:31:53.300843
data_v6/views/BITGET/20250821/ticks_canonical.parquet,artifacts/data_v6/views/BITGET/20250821/ticks_canonical.parquet,2285880,2025-10-08T10:33:20.491858
data_v6/views/BITGET/20250819/ticks_canonical.parquet,artifacts/data_v6/views/BITGET/20250819/ticks_canonical.parquet,4769683,2025-10-08T10:32:41.073212
data_v6/views/BITGET/20250826/ticks_canonical.parquet,artifacts/data_v6/views/BITGET/20250826/ticks_canonical.parquet,3923164,2025-10-08T10:35:12.905489
data_v6/views/BITGET/20250818/ticks_canonical.parquet,artifacts/data_v6/views/BITGET/20250818/ticks_canonical.parquet,3295074,2025-10-08T10:32:16.289150
data_v6/views/BITGET/20250827/ticks_canonical.parquet,artifacts/data_v6/views/BITGET/20250827/ticks_canonical.parquet,3307366,2025-10-08T10:35:34.876702
data_v6/views/BITGET/20250820/ticks_canonical.parquet,artifacts/data_v6/views/BITGET/20250820/ticks_canonical.parquet,4430285,2025-10-08T10:33:03.031366
data_v6/views/BITGET/20250829/ticks_canonical.parquet,artifacts/data_v6/views/BITGET/20250829/ticks_canonical.parquet,3988395,2025-10-08T10:36:18.750213
data_v6/views/BITGET/20250816/ticks_canonical.parquet,artifacts/data_v6/views/BITGET/20250816/ticks_canonical.parquet,2600210,2025-10-08T10:31:43.161449
data_v6/views/BITGET/20250811/ticks_canonical.parquet,artifacts/data_v6/views/BITGET/20250811/ticks_canonical.parquet,3492935,2025-10-08T10:29:52.466537
data_v6/views/BITGET/20250805/ticks_canonical.parquet,artifacts/data_v6/views/BITGET/20250805/ticks_canonical.parquet,1946162,2025-10-08T10:28:10.442069
data_v6/views/BITGET/20250804/ticks_canonical.parquet,artifacts/data_v6/views/BITGET/20250804/ticks_canonical.parquet,1698259,2025-10-08T10:27:53.279477
data_v6/views/BITGET/20250922/ticks_canonical.parquet,artifacts/data_v6/views/BITGET/20250922/ticks_canonical.parquet,4314634,2025-10-08T10:43:40.472204
data_v6/views/BITGET/20250925/ticks_canonical.parquet,artifacts/data_v6/views/BITGET/20250925/ticks_canonical.parquet,2687207,2025-10-08T10:44:44.380846
data_v6/views/BITGET/20250913/ticks_canonical.parquet,artifacts/data_v6/views/BITGET/20250913/ticks_canonical.parquet,1527486,2025-10-08T10:40:36.489674
data_v6/views/BITGET/20250914/ticks_canonical.parquet,artifacts/data_v6/views/BITGET/20250914/ticks_canonical.parquet,1868836,2025-10-08T10:40:56.126599
data_v6/views/BITGET/20250915/ticks_canonical.parquet,artifacts/data_v6/views/BITGET/20250915/ticks_canonical.parquet,3631959,2025-10-08T10:41:24.137190
data_v6/views/BITGET/20250912/ticks_canonical.parquet,artifacts/data_v6/views/BITGET/20250912/ticks_canonical.parquet,2263600,2025-10-08T10:40:33.294056
data_v6/views/BITGET/20250924/ticks_canonical.parquet,artifacts/data_v6/views/BITGET/20250924/ticks_canonical.parquet,2893766,2025-10-08T10:44:16.451865
data_v6/views/BITGET/20250923/ticks_canonical.parquet,artifacts/data_v6/views/BITGET/20250923/ticks_canonical.parquet,3920532,2025-10-08T10:43:59.835357
data_v6/views/BITGET/20250905/ticks_canonical.parquet,artifacts/data_v6/views/BITGET/20250905/ticks_canonical.parquet,2826002,2025-10-08T10:38:22.563010
data_v6/views/BITGET/20250902/ticks_canonical.parquet,artifacts/data_v6/views/BITGET/20250902/ticks_canonical.parquet,4746777,2025-10-08T10:37:21.122335
data_v6/views/BITGET/20250903/ticks_canonical.parquet,artifacts/data_v6/views/BITGET/20250903/ticks_canonical.parquet,2619146,2025-10-08T10:37:43.364936
data_v6/views/BITGET/20250904/ticks_canonical.parquet,artifacts/data_v6/views/BITGET/20250904/ticks_canonical.parquet,2348750,2025-10-08T10:38:03.851223
data_v6/views/BITGET/20250814/ticks_canonical.parquet,artifacts/data_v6/views/BITGET/20250814/ticks_canonical.parquet,3913982,2025-10-08T10:31:12.328217
data_v6/views/BITGET/20250813/ticks_canonical.parquet,artifacts/data_v6/views/BITGET/20250813/ticks_canonical.parquet,4645178,2025-10-08T10:30:41.314642
data_v6/views/BITGET/20250825/ticks_canonical.parquet,artifacts/data_v6/views/BITGET/20250825/ticks_canonical.parquet,4019921,2025-10-08T10:34:47.243308
data_v6/views/BITGET/20250822/ticks_canonical.parquet,artifacts/data_v6/views/BITGET/20250822/ticks_canonical.parquet,2985486,2025-10-08T10:33:45.441233
data_v6/views/BITGET/20250823/ticks_canonical.parquet,artifacts/data_v6/views/BITGET/20250823/ticks_canonical.parquet,1582860,2025-10-08T10:33:57.529599
data_v6/views/BITGET/20250824/ticks_canonical.parquet,artifacts/data_v6/views/BITGET/20250824/ticks_canonical.parquet,2474855,2025-10-08T10:34:16.875851
data_v6/views/BITGET/20250812/ticks_canonical.parquet,artifacts/data_v6/views/BITGET/20250812/ticks_canonical.parquet,6102689,2025-10-08T10:30:14.087267
data_v6/views/BITGET/20250815/ticks_canonical.parquet,artifacts/data_v6/views/BITGET/20250815/ticks_canonical.parquet,2926039,2025-10-08T10:31:32.399003
data_v6/views/BITGET/20250808/ticks_canonical.parquet,artifacts/data_v6/views/BITGET/20250808/ticks_canonical.parquet,2712908,2025-10-08T10:28:57.286681
data_v6/views/BITGET/20250830/ticks_canonical.parquet,artifacts/data_v6/views/BITGET/20250830/ticks_canonical.parquet,2233293,2025-10-08T10:36:31.886246
data_v6/views/BITGET/20250806/ticks_canonical.parquet,artifacts/data_v6/views/BITGET/20250806/ticks_canonical.parquet,2238861,2025-10-08T10:28:24.562937
data_v6/views/BITGET/20250807/ticks_canonical.parquet,artifacts/data_v6/views/BITGET/20250807/ticks_canonical.parquet,2690059,2025-10-08T10:28:41.702166
data_v6/views/BITGET/20250831/ticks_canonical.parquet,artifacts/data_v6/views/BITGET/20250831/ticks_canonical.parquet,2233585,2025-10-08T10:36:43.071059
data_v6/views/BITGET/20250809/ticks_canonical.parquet,artifacts/data_v6/views/BITGET/20250809/ticks_canonical.parquet,2469866,2025-10-08T10:29:09.121778
data_v6/views/BITGET/20250926/ticks_canonical.parquet,artifacts/data_v6/views/BITGET/20250926/ticks_canonical.parquet,1981484,2025-10-08T10:45:05.998443
data_v6/views/BITGET/20250919/ticks_canonical.parquet,artifacts/data_v6/views/BITGET/20250919/ticks_canonical.parquet,2156468,2025-10-08T10:43:08.887472
data_v6/views/BITGET/20250921/ticks_canonical.parquet,artifacts/data_v6/views/BITGET/20250921/ticks_canonical.parquet,1951023,2025-10-08T10:43:15.014232
data_v6/views/BITGET/20250917/ticks_canonical.parquet,artifacts/data_v6/views/BITGET/20250917/ticks_canonical.parquet,2441294,2025-10-08T10:42:17.884664
data_v6/views/BITGET/20250928/ticks_canonical.parquet,artifacts/data_v6/views/BITGET/20250928/ticks_canonical.parquet,1602529,2025-10-08T10:45:25.370148
data_v6/views/BITGET/20250910/ticks_canonical.parquet,artifacts/data_v6/views/BITGET/20250910/ticks_canonical.parquet,1917458,2025-10-08T10:39:54.702775
data_v6/views/BITGET/20250911/ticks_canonical.parquet,artifacts/data_v6/views/BITGET/20250911/ticks_canonical.parquet,2415834,2025-10-08T10:40:17.024379
data_v6/views/BITGET/20250916/ticks_canonical.parquet,artifacts/data_v6/views/BITGET/20250916/ticks_canonical.parquet,2595132,2025-10-08T10:41:49.488375
data_v6/views/BITGET/20250920/ticks_canonical.parquet,artifacts/data_v6/views/BITGET/20250920/ticks_canonical.parquet,1838106,2025-10-08T10:43:11.191353
data_v6/views/BITGET/20251005/ticks_canonical.parquet,artifacts/data_v6/views/BITGET/20251005/ticks_canonical.parquet,3729883,2025-10-08T08:20:23.097320
data_v6/views/BITGET/20250927/ticks_canonical.parquet,artifacts/data_v6/views/BITGET/20250927/ticks_canonical.parquet,1048025,2025-10-08T10:45:14.075002
data_v6/views/BITGET/20250918/ticks_canonical.parquet,artifacts/data_v6/views/BITGET/20250918/ticks_canonical.parquet,2992590,2025-10-08T10:42:45.721841
data_v6/views/BINANCE/20250901/ticks_canonical.parquet,artifacts/data_v6/views/BINANCE/20250901/ticks_canonical.parquet,9374337,2025-10-08T10:36:54.502678
data_v6/views/BINANCE/20250901/bars_canonical.parquet,artifacts/data_v6/views/BINANCE/20250901/bars_canonical.parquet,1191114,2025-10-05T23:27:49.987212
data_v6/views/BINANCE/20250906/ticks_canonical.parquet,artifacts/data_v6/views/BINANCE/20250906/ticks_canonical.parquet,9307798,2025-10-08T10:38:32.249331
data_v6/views/BINANCE/20250930/ticks_canonical.parquet,artifacts/data_v6/views/BINANCE/20250930/ticks_canonical.parquet,8497595,2025-10-08T08:08:02.547451
data_v6/views/BINANCE/20250908/ticks_canonical.parquet,artifacts/data_v6/views/BINANCE/20250908/ticks_canonical.parquet,16408843,2025-10-08T10:39:01.796663
data_v6/views/BINANCE/20250909/ticks_canonical.parquet,artifacts/data_v6/views/BINANCE/20250909/ticks_canonical.parquet,20243086,2025-10-08T10:39:24.903455
data_v6/views/BINANCE/20250907/ticks_canonical.parquet,artifacts/data_v6/views/BINANCE/20250907/ticks_canonical.parquet,10623886,2025-10-08T10:38:44.513791
data_v6/views/BINANCE/20250810/ticks_canonical.parquet,artifacts/data_v6/views/BINANCE/20250810/ticks_canonical.parquet,7106241,2025-10-08T10:29:17.803475
data_v6/views/BINANCE/20250828/ticks_canonical.parquet,artifacts/data_v6/views/BINANCE/20250828/ticks_canonical.parquet,7056855,2025-10-08T10:35:43.383921
data_v6/views/BINANCE/20250817/ticks_canonical.parquet,artifacts/data_v6/views/BINANCE/20250817/ticks_canonical.parquet,3891478,2025-10-08T10:31:47.807490
data_v6/views/BINANCE/20250821/ticks_canonical.parquet,artifacts/data_v6/views/BINANCE/20250821/ticks_canonical.parquet,6934521,2025-10-08T10:33:12.653100
data_v6/views/BINANCE/20250819/ticks_canonical.parquet,artifacts/data_v6/views/BINANCE/20250819/ticks_canonical.parquet,9159597,2025-10-08T10:32:28.245798
data_v6/views/BINANCE/20250826/ticks_canonical.parquet,artifacts/data_v6/views/BINANCE/20250826/ticks_canonical.parquet,10764252,2025-10-08T10:35:01.668904
data_v6/views/BINANCE/20250818/ticks_canonical.parquet,artifacts/data_v6/views/BINANCE/20250818/ticks_canonical.parquet,9506642,2025-10-08T10:32:05.524599
data_v6/views/BINANCE/20250827/ticks_canonical.parquet,artifacts/data_v6/views/BINANCE/20250827/ticks_canonical.parquet,8452912,2025-10-08T10:35:24.437932
data_v6/views/BINANCE/20250820/ticks_canonical.parquet,artifacts/data_v6/views/BINANCE/20250820/ticks_canonical.parquet,8552694,2025-10-08T10:32:52.661473
data_v6/views/BINANCE/20250829/ticks_canonical.parquet,artifacts/data_v6/views/BINANCE/20250829/ticks_canonical.parquet,11693137,2025-10-08T10:36:06.529305
data_v6/views/BINANCE/20250816/ticks_canonical.parquet,artifacts/data_v6/views/BINANCE/20250816/ticks_canonical.parquet,3785914,2025-10-08T10:31:37.174668
data_v6/views/BINANCE/20250811/ticks_canonical.parquet,artifacts/data_v6/views/BINANCE/20250811/ticks_canonical.parquet,12098533,2025-10-08T10:29:41.321043
data_v6/views/BINANCE/20250805/ticks_canonical.parquet,artifacts/data_v6/views/BINANCE/20250805/ticks_canonical.parquet,7388004,2025-10-08T10:28:02.743916
data_v6/views/BINANCE/20250804/ticks_canonical.parquet,artifacts/data_v6/views/BINANCE/20250804/ticks_canonical.parquet,5772554,2025-10-08T10:27:46.826406
data_v6/views/BINANCE/20250922/ticks_canonical.parquet,artifacts/data_v6/views/BINANCE/20250922/ticks_canonical.parquet,10039295,2025-10-08T10:43:27.973405
data_v6/views/BINANCE/20250925/ticks_canonical.parquet,artifacts/data_v6/views/BINANCE/20250925/ticks_canonical.parquet,11702464,2025-10-08T10:44:33.162738
data_v6/views/BINANCE/20250913/ticks_canonical.parquet,artifacts/data_v6/views/BINANCE/20250913/ticks_canonical.parquet,4539180,2025-10-07T17:43:44.094566
data_v6/views/BINANCE/20250914/ticks_canonical.parquet,artifacts/data_v6/views/BINANCE/20250914/ticks_canonical.parquet,17964233,2025-10-08T10:40:52.914101
data_v6/views/BINANCE/20250915/ticks_canonical.parquet,artifacts/data_v6/views/BINANCE/20250915/ticks_canonical.parquet,24193199,2025-10-08T10:41:17.642653
data_v6/views/BINANCE/20250912/ticks_canonical.parquet,artifacts/data_v6/views/BINANCE/20250912/ticks_canonical.parquet,7639461,2025-10-08T10:40:26.862269
data_v6/views/BINANCE/20250924/ticks_canonical.parquet,artifacts/data_v6/views/BINANCE/20250924/ticks_canonical.parquet,6578353,2025-10-08T10:44:08.425113
data_v6/views/BINANCE/20251001/ticks_canonical.parquet,artifacts/data_v6/views/BINANCE/20251001/ticks_canonical.parquet,10852241,2025-10-08T08:10:41.255358
data_v6/views/BINANCE/20250923/ticks_canonical.parquet,artifacts/data_v6/views/BINANCE/20250923/ticks_canonical.parquet,6923596,2025-10-08T10:43:49.696259
data_v6/views/BINANCE/20250905/ticks_canonical.parquet,artifacts/data_v6/views/BINANCE/20250905/ticks_canonical.parquet,14209610,2025-10-08T10:38:15.905034
data_v6/views/BINANCE/20250902/ticks_canonical.parquet,artifacts/data_v6/views/BINANCE/20250902/ticks_canonical.parquet,9410242,2025-10-08T10:37:13.390586
data_v6/views/BINANCE/20250903/ticks_canonical.parquet,artifacts/data_v6/views/BINANCE/20250903/ticks_canonical.parquet,16571178,2025-10-08T10:37:38.110920
data_v6/views/BINANCE/20250904/ticks_canonical.parquet,artifacts/data_v6/views/BINANCE/20250904/ticks_canonical.parquet,18039448,2025-10-08T10:37:58.596630
data_v6/views/BINANCE/20250814/ticks_canonical.parquet,artifacts/data_v6/views/BINANCE/20250814/ticks_canonical.parquet,13561627,2025-10-08T10:30:57.567018
data_v6/views/BINANCE/20250813/ticks_canonical.parquet,artifacts/data_v6/views/BINANCE/20250813/ticks_canonical.parquet,11235310,2025-10-08T10:30:27.876220
data_v6/views/BINANCE/20250825/ticks_canonical.parquet,artifacts/data_v6/views/BINANCE/20250825/ticks_canonical.parquet,13683030,2025-10-08T10:34:35.178485
data_v6/views/BINANCE/20250822/ticks_canonical.parquet,artifacts/data_v6/views/BINANCE/20250822/ticks_canonical.parquet,10899195,2025-10-08T10:33:34.501515
data_v6/views/BINANCE/20250823/ticks_canonical.parquet,artifacts/data_v6/views/BINANCE/20250823/ticks_canonical.parquet,5711880,2025-10-08T10:33:52.163899
data_v6/views/BINANCE/20250824/ticks_canonical.parquet,artifacts/data_v6/views/BINANCE/20250824/ticks_canonical.parquet,8941164,2025-10-08T10:34:08.544745
data_v6/views/BINANCE/20250812/ticks_canonical.parquet,artifacts/data_v6/views/BINANCE/20250812/ticks_canonical.parquet,7713308,2025-10-08T10:30:02.735880
data_v6/views/BINANCE/20250815/ticks_canonical.parquet,artifacts/data_v6/views/BINANCE/20250815/ticks_canonical.parquet,7408605,2025-10-08T10:31:22.303066
data_v6/views/BINANCE/20250808/ticks_canonical.parquet,artifacts/data_v6/views/BINANCE/20250808/ticks_canonical.parquet,6698620,2025-10-08T10:28:49.732659
data_v6/views/BINANCE/20250830/ticks_canonical.parquet,artifacts/data_v6/views/BINANCE/20250830/ticks_canonical.parquet,5087631,2025-10-08T10:36:25.021286
data_v6/views/BINANCE/20250806/ticks_canonical.parquet,artifacts/data_v6/views/BINANCE/20250806/ticks_canonical.parquet,5813499,2025-10-08T10:28:17.640275
data_v6/views/BINANCE/20250807/ticks_canonical.parquet,artifacts/data_v6/views/BINANCE/20250807/ticks_canonical.parquet,7129685,2025-10-08T10:28:33.749404
data_v6/views/BINANCE/20250831/ticks_canonical.parquet,artifacts/data_v6/views/BINANCE/20250831/ticks_canonical.parquet,4798262,2025-10-08T10:36:37.688660
data_v6/views/BINANCE/20250809/ticks_canonical.parquet,artifacts/data_v6/views/BINANCE/20250809/ticks_canonical.parquet,5111772,2025-10-08T10:29:03.024344
data_v6/views/BINANCE/20250926/ticks_canonical.parquet,artifacts/data_v6/views/BINANCE/20250926/ticks_canonical.parquet,8207951,2025-10-08T10:44:56.486381
data_v6/views/BINANCE/20251003/ticks_canonical.parquet,artifacts/data_v6/views/BINANCE/20251003/ticks_canonical.parquet,12696703,2025-10-08T08:15:38.229632
data_v6/views/BINANCE/20250919/ticks_canonical.parquet,artifacts/data_v6/views/BINANCE/20250919/ticks_canonical.parquet,20592459,2025-10-08T10:43:04.603511
data_v6/views/BINANCE/20250921/ticks_canonical.parquet,artifacts/data_v6/views/BINANCE/20250921/ticks_canonical.parquet,3596924,2025-10-07T18:40:15.100141
data_v6/views/BINANCE/20251004/ticks_canonical.parquet,artifacts/data_v6/views/BINANCE/20251004/ticks_canonical.parquet,5482594,2025-10-08T08:17:18.509786
data_v6/views/BINANCE/20250917/ticks_canonical.parquet,artifacts/data_v6/views/BINANCE/20250917/ticks_canonical.parquet,25318743,2025-10-08T10:42:11.828818
data_v6/views/BINANCE/20250928/ticks_canonical.parquet,artifacts/data_v6/views/BINANCE/20250928/ticks_canonical.parquet,5133281,2025-10-08T10:45:20.562701
data_v6/views/BINANCE/20250910/ticks_canonical.parquet,artifacts/data_v6/views/BINANCE/20250910/ticks_canonical.parquet,18623097,2025-10-08T10:39:49.054145
data_v6/views/BINANCE/20250911/ticks_canonical.parquet,artifacts/data_v6/views/BINANCE/20250911/ticks_canonical.parquet,17454990,2025-10-08T10:40:11.575432
data_v6/views/BINANCE/20250916/ticks_canonical.parquet,artifacts/data_v6/views/BINANCE/20250916/ticks_canonical.parquet,21911750,2025-10-08T10:41:44.218032
data_v6/views/BINANCE/20250929/ticks_canonical.parquet,artifacts/data_v6/views/BINANCE/20250929/ticks_canonical.parquet,7746900,2025-10-08T08:06:44.430238
data_v6/views/BINANCE/20250920/ticks_canonical.parquet,artifacts/data_v6/views/BINANCE/20250920/ticks_canonical.parquet,3369668,2025-10-07T18:23:09.860482
data_v6/views/BINANCE/20251005/ticks_canonical.parquet,artifacts/data_v6/views/BINANCE/20251005/ticks_canonical.parquet,11249699,2025-10-08T08:19:38.203687
data_v6/views/BINANCE/20250927/ticks_canonical.parquet,artifacts/data_v6/views/BINANCE/20250927/ticks_canonical.parquet,3556133,2025-10-08T10:45:10.465624
data_v6/views/BINANCE/20250918/ticks_canonical.parquet,artifacts/data_v6/views/BINANCE/20250918/ticks_canonical.parquet,24566151,2025-10-08T10:42:40.149936
data_v6/views/BINANCE/20251002/ticks_canonical.parquet,artifacts/data_v6/views/BINANCE/20251002/ticks_canonical.parquet,10727811,2025-10-08T08:13:13.197265
data_v6/raw/coinapi_oct/BITGET_20250928_BTCUSDT.csv.gz,artifacts/data_v6/raw/coinapi_oct/BITGET_20250928_BTCUSDT.csv.gz,7336598,2025-10-10T21:32:18.218128
data_v6/raw/coinapi_oct/COINBASE_20250922_BTCUSDT.csv.gz,artifacts/data_v6/raw/coinapi_oct/COINBASE_20250922_BTCUSDT.csv.gz,44985199,2025-10-10T22:02:41.857052
data_v6/raw/coinapi_oct/COINBASE_20251007_BTCUSDT.csv.gz,artifacts/data_v6/raw/coinapi_oct/COINBASE_20251007_BTCUSDT.csv.gz,49420965,2025-10-10T22:26:14.238706
data_v6/raw/coinapi_oct/BITGET_20251010_BTCUSDT.csv.gz,artifacts/data_v6/raw/coinapi_oct/BITGET_20251010_BTCUSDT.csv.gz,34480526,2025-10-11T12:34:36.067260
data_v6/raw/coinapi_oct/BITGET_20251005_BTCUSDT.csv.gz,artifacts/data_v6/raw/coinapi_oct/BITGET_20251005_BTCUSDT.csv.gz,19591185,2025-10-10T21:49:30.750174
data_v6/raw/coinapi_oct/COINBASE_20250930_BTCUSDT.csv.gz,artifacts/data_v6/raw/coinapi_oct/COINBASE_20250930_BTCUSDT.csv.gz,32399679,2025-10-10T22:07:39.246744
data_v6/raw/coinapi_oct/COINBASE_20250925_BTCUSDT.csv.gz,artifacts/data_v6/raw/coinapi_oct/COINBASE_20250925_BTCUSDT.csv.gz,57548044,2025-10-10T22:05:53.170820
data_v6/raw/coinapi_oct/BITGET_20251002_BTCUSDT.csv.gz,artifacts/data_v6/raw/coinapi_oct/BITGET_20251002_BTCUSDT.csv.gz,11465559,2025-10-10T21:43:29.656305
data_v6/raw/coinapi_oct/COINBASE_20251008_BTCUSDT.csv.gz,artifacts/data_v6/raw/coinapi_oct/COINBASE_20251008_BTCUSDT.csv.gz,39551095,2025-10-10T22:27:58.211135
data_v6/raw/coinapi_oct/BITGET_20250927_BTCUSDT.csv.gz,artifacts/data_v6/raw/coinapi_oct/BITGET_20250927_BTCUSDT.csv.gz,4851370,2025-10-10T21:27:58.269824
data_v6/raw/coinapi_oct/COINBASE_20251009_BTCUSDT.csv.gz,artifacts/data_v6/raw/coinapi_oct/COINBASE_20251009_BTCUSDT.csv.gz,40889219,2025-10-10T22:29:51.326830
data_v6/raw/coinapi_oct/BITGET_20251003_BTCUSDT.csv.gz,artifacts/data_v6/raw/coinapi_oct/BITGET_20251003_BTCUSDT.csv.gz,12499997,2025-10-10T21:46:06.486455
data_v6/raw/coinapi_oct/BITGET_20250926_BTCUSDT.csv.gz,artifacts/data_v6/raw/coinapi_oct/BITGET_20250926_BTCUSDT.csv.gz,9374436,2025-10-10T21:26:26.990096
data_v6/raw/coinapi_oct/COINBASE_20250924_BTCUSDT.csv.gz,artifacts/data_v6/raw/coinapi_oct/COINBASE_20250924_BTCUSDT.csv.gz,36173826,2025-10-10T21:18:29.946469
data_v6/raw/coinapi_oct/COINBASE_20251001_BTCUSDT.csv.gz,artifacts/data_v6/raw/coinapi_oct/COINBASE_20251001_BTCUSDT.csv.gz,50675730,2025-10-10T21:40:03.868002
data_v6/raw/coinapi_oct/BITGET_20251004_BTCUSDT.csv.gz,artifacts/data_v6/raw/coinapi_oct/BITGET_20251004_BTCUSDT.csv.gz,8000221,2025-10-10T21:47:33.259362
data_v6/raw/coinapi_oct/COINBASE_20250923_BTCUSDT.csv.gz,artifacts/data_v6/raw/coinapi_oct/COINBASE_20250923_BTCUSDT.csv.gz,27653705,2025-10-10T21:15:04.324196
data_v6/raw/coinapi_oct/BITGET_20250929_BTCUSDT.csv.gz,artifacts/data_v6/raw/coinapi_oct/BITGET_20250929_BTCUSDT.csv.gz,10592025,2025-10-10T21:35:26.114321
data_v6/raw/coinapi_oct/COINBASE_20251006_BTCUSDT.csv.gz,artifacts/data_v6/raw/coinapi_oct/COINBASE_20251006_BTCUSDT.csv.gz,46580849,2025-10-10T21:51:06.680220
data_v6/raw/coinapi_oct/BITGET_20250923_BTCUSDT.csv.gz,artifacts/data_v6/raw/coinapi_oct/BITGET_20250923_BTCUSDT.csv.gz,15873032,2025-10-10T21:15:50.612468
data_v6/raw/coinapi_oct/COINBASE_20250929_BTCUSDT.csv.gz,artifacts/data_v6/raw/coinapi_oct/COINBASE_20250929_BTCUSDT.csv.gz,36339257,2025-10-10T21:34:57.762521
data_v6/raw/coinapi_oct/BITGET_20251006_BTCUSDT.csv.gz,artifacts/data_v6/raw/coinapi_oct/BITGET_20251006_BTCUSDT.csv.gz,12521952,2025-10-10T21:51:34.481119
data_v6/raw/coinapi_oct/COINBASE_20251004_BTCUSDT.csv.gz,artifacts/data_v6/raw/coinapi_oct/COINBASE_20251004_BTCUSDT.csv.gz,24775365,2025-10-10T21:47:15.003032
data_v6/raw/coinapi_oct/BITGET_20250924_BTCUSDT.csv.gz,artifacts/data_v6/raw/coinapi_oct/BITGET_20250924_BTCUSDT.csv.gz,14926326,2025-10-10T21:18:58.822939
data_v6/raw/coinapi_oct/BITGET_20251001_BTCUSDT.csv.gz,artifacts/data_v6/raw/coinapi_oct/BITGET_20251001_BTCUSDT.csv.gz,11363158,2025-10-10T22:07:59.719367
data_v6/raw/coinapi_oct/BITGET_20251009_BTCUSDT.csv.gz,artifacts/data_v6/raw/coinapi_oct/BITGET_20251009_BTCUSDT.csv.gz,12539193,2025-10-10T22:30:15.769003
data_v6/raw/coinapi_oct/COINBASE_20251003_BTCUSDT.csv.gz,artifacts/data_v6/raw/coinapi_oct/COINBASE_20251003_BTCUSDT.csv.gz,57044771,2025-10-10T21:45:33.159389
data_v6/raw/coinapi_oct/COINBASE_20250926_BTCUSDT.csv.gz,artifacts/data_v6/raw/coinapi_oct/COINBASE_20250926_BTCUSDT.csv.gz,43057789,2025-10-10T21:25:54.357553
data_v6/raw/coinapi_oct/COINBASE_20251002_BTCUSDT.csv.gz,artifacts/data_v6/raw/coinapi_oct/COINBASE_20251002_BTCUSDT.csv.gz,51988708,2025-10-10T21:43:05.051317
data_v6/raw/coinapi_oct/BITGET_20251008_BTCUSDT.csv.gz,artifacts/data_v6/raw/coinapi_oct/BITGET_20251008_BTCUSDT.csv.gz,11650222,2025-10-10T22:28:27.136629
data_v6/raw/coinapi_oct/COINBASE_20250927_BTCUSDT.csv.gz,artifacts/data_v6/raw/coinapi_oct/COINBASE_20250927_BTCUSDT.csv.gz,20994523,2025-10-10T21:27:38.022077
data_v6/raw/coinapi_oct/BITGET_20250930_BTCUSDT.csv.gz,artifacts/data_v6/raw/coinapi_oct/BITGET_20250930_BTCUSDT.csv.gz,15970187,2025-10-10T21:37:47.433411
data_v6/raw/coinapi_oct/BITGET_20250925_BTCUSDT.csv.gz,artifacts/data_v6/raw/coinapi_oct/BITGET_20250925_BTCUSDT.csv.gz,13304669,2025-10-10T21:23:23.721839
data_v6/raw/coinapi_oct/COINBASE_20251010_BTCUSDT.csv.gz,artifacts/data_v6/raw/coinapi_oct/COINBASE_20251010_BTCUSDT.csv.gz,96364340,2025-10-11T12:33:38.715530
data_v6/raw/coinapi_oct/COINBASE_20251005_BTCUSDT.csv.gz,artifacts/data_v6/raw/coinapi_oct/COINBASE_20251005_BTCUSDT.csv.gz,35514359,2025-10-10T21:48:58.102520
data_v6/raw/coinapi_oct/COINBASE_20250928_BTCUSDT.csv.gz,artifacts/data_v6/raw/coinapi_oct/COINBASE_20250928_BTCUSDT.csv.gz,24357302,2025-10-10T21:31:36.690085
data_v6/raw/coinapi_oct/BITGET_20250922_BTCUSDT.csv.gz,artifacts/data_v6/raw/coinapi_oct/BITGET_20250922_BTCUSDT.csv.gz,24149919,2025-10-10T21:14:03.776607
data_v6/raw/coinapi_oct/BITGET_20251007_BTCUSDT.csv.gz,artifacts/data_v6/raw/coinapi_oct/BITGET_20251007_BTCUSDT.csv.gz,18657261,2025-10-10T22:26:43.058280
data_v6/raw/coinapi_oct/BYBITSPOT_20250923_BTCUSDT.csv.gz,artifacts/data_v6/raw/coinapi_oct/BYBITSPOT_20250923_BTCUSDT.csv.gz,30191701,2025-10-10T21:15:30.405322
data_v6/raw/coinapi_oct/BINANCE_20251008_BTCUSDT.csv.gz,artifacts/data_v6/raw/coinapi_oct/BINANCE_20251008_BTCUSDT.csv.gz,203834892,2025-10-10T22:27:43.384239
data_v6/raw/coinapi_oct/BYBITSPOT_20251006_BTCUSDT.csv.gz,artifacts/data_v6/raw/coinapi_oct/BYBITSPOT_20251006_BTCUSDT.csv.gz,39413782,2025-10-10T21:51:26.949268
data_v6/raw/coinapi_oct/BINANCE_20250925_BTCUSDT.csv.gz,artifacts/data_v6/raw/coinapi_oct/BINANCE_20250925_BTCUSDT.csv.gz,215546421,2025-10-10T22:05:19.193871
data_v6/raw/coinapi_oct/BINANCE_20250930_BTCUSDT.csv.gz,artifacts/data_v6/raw/coinapi_oct/BINANCE_20250930_BTCUSDT.csv.gz,162498925,2025-10-10T21:36:55.673665
data_v6/raw/coinapi_oct/BYBITSPOT_20250924_BTCUSDT.csv.gz,artifacts/data_v6/raw/coinapi_oct/BYBITSPOT_20250924_BTCUSDT.csv.gz,23919280,2025-10-10T21:18:46.688602
data_v6/raw/coinapi_oct/BYBITSPOT_20251001_BTCUSDT.csv.gz,artifacts/data_v6/raw/coinapi_oct/BYBITSPOT_20251001_BTCUSDT.csv.gz,31901621,2025-10-10T21:40:25.905940
data_v6/raw/coinapi_oct/BINANCE_20251007_BTCUSDT.csv.gz,artifacts/data_v6/raw/coinapi_oct/BINANCE_20251007_BTCUSDT.csv.gz,215354920,2025-10-10T22:25:53.583818
data_v6/raw/coinapi_oct/BYBITSPOT_20251009_BTCUSDT.csv.gz,artifacts/data_v6/raw/coinapi_oct/BYBITSPOT_20251009_BTCUSDT.csv.gz,38835346,2025-10-10T22:30:06.989008
data_v6/raw/coinapi_oct/BINANCE_20250922_BTCUSDT.csv.gz,artifacts/data_v6/raw/coinapi_oct/BINANCE_20250922_BTCUSDT.csv.gz,190657779,2025-10-10T22:02:23.495237
data_v6/raw/coinapi_oct/BYBITSPOT_20251008_BTCUSDT.csv.gz,artifacts/data_v6/raw/coinapi_oct/BYBITSPOT_20251008_BTCUSDT.csv.gz,39252226,2025-10-10T22:28:18.700512
data_v6/raw/coinapi_oct/BINANCE_20251006_BTCUSDT.csv.gz,artifacts/data_v6/raw/coinapi_oct/BINANCE_20251006_BTCUSDT.csv.gz,205788441,2025-10-10T21:50:42.233721
data_v6/raw/coinapi_oct/BINANCE_20250923_BTCUSDT.csv.gz,artifacts/data_v6/raw/coinapi_oct/BINANCE_20250923_BTCUSDT.csv.gz,130179220,2025-10-10T21:14:50.537455
data_v6/raw/coinapi_oct/BYBITSPOT_20250925_BTCUSDT.csv.gz,artifacts/data_v6/raw/coinapi_oct/BYBITSPOT_20250925_BTCUSDT.csv.gz,38029400,2025-10-10T21:23:14.324301
data_v6/raw/coinapi_oct/BYBITSPOT_20250930_BTCUSDT.csv.gz,artifacts/data_v6/raw/coinapi_oct/BYBITSPOT_20250930_BTCUSDT.csv.gz,24711408,2025-10-10T22:07:52.000150
data_v6/raw/coinapi_oct/BINANCE_20251001_BTCUSDT.csv.gz,artifacts/data_v6/raw/coinapi_oct/BINANCE_20251001_BTCUSDT.csv.gz,169173632,2025-10-10T21:39:34.606069
data_v6/raw/coinapi_oct/BINANCE_20250924_BTCUSDT.csv.gz,artifacts/data_v6/raw/coinapi_oct/BINANCE_20250924_BTCUSDT.csv.gz,178564244,2025-10-10T22:04:04.257319
data_v6/raw/coinapi_oct/BYBITSPOT_20250922_BTCUSDT.csv.gz,artifacts/data_v6/raw/coinapi_oct/BYBITSPOT_20250922_BTCUSDT.csv.gz,25956974,2025-10-10T22:02:54.798714
data_v6/raw/coinapi_oct/BYBITSPOT_20251007_BTCUSDT.csv.gz,artifacts/data_v6/raw/coinapi_oct/BYBITSPOT_20251007_BTCUSDT.csv.gz,44140246,2025-10-10T22:26:32.724979
data_v6/raw/coinapi_oct/BINANCE_20251009_BTCUSDT.csv.gz,artifacts/data_v6/raw/coinapi_oct/BINANCE_20251009_BTCUSDT.csv.gz,207982691,2025-10-10T22:29:35.485563
data_v6/raw/coinapi_oct/BYBITSPOT_20250928_BTCUSDT.csv.gz,artifacts/data_v6/raw/coinapi_oct/BYBITSPOT_20250928_BTCUSDT.csv.gz,15938180,2025-10-10T21:32:02.405865
data_v6/raw/coinapi_oct/BINANCE_20250926_BTCUSDT.csv.gz,artifacts/data_v6/raw/coinapi_oct/BINANCE_20250926_BTCUSDT.csv.gz,210608322,2025-10-10T21:25:10.652309
data_v6/raw/coinapi_oct/BINANCE_20251003_BTCUSDT.csv.gz,artifacts/data_v6/raw/coinapi_oct/BINANCE_20251003_BTCUSDT.csv.gz,209249857,2025-10-10T21:45:01.410185
data_v6/raw/coinapi_oct/BYBITSPOT_20251005_BTCUSDT.csv.gz,artifacts/data_v6/raw/coinapi_oct/BYBITSPOT_20251005_BTCUSDT.csv.gz,35804863,2025-10-10T21:49:17.284880
data_v6/raw/coinapi_oct/BYBITSPOT_20251010_BTCUSDT.csv.gz,artifacts/data_v6/raw/coinapi_oct/BYBITSPOT_20251010_BTCUSDT.csv.gz,107699358,2025-10-11T12:34:20.176544
data_v6/raw/coinapi_oct/BINANCE_20251004_BTCUSDT.csv.gz,artifacts/data_v6/raw/coinapi_oct/BINANCE_20251004_BTCUSDT.csv.gz,105256455,2025-10-10T21:47:01.440213
data_v6/raw/coinapi_oct/BYBITSPOT_20251002_BTCUSDT.csv.gz,artifacts/data_v6/raw/coinapi_oct/BYBITSPOT_20251002_BTCUSDT.csv.gz,32906308,2025-10-10T22:08:15.400236
data_v6/raw/coinapi_oct/BYBITSPOT_20250927_BTCUSDT.csv.gz,artifacts/data_v6/raw/coinapi_oct/BYBITSPOT_20250927_BTCUSDT.csv.gz,9571057,2025-10-10T21:27:51.172718
data_v6/raw/coinapi_oct/BINANCE_20250929_BTCUSDT.csv.gz,artifacts/data_v6/raw/coinapi_oct/BINANCE_20250929_BTCUSDT.csv.gz,162529398,2025-10-10T22:07:24.241259
data_v6/raw/coinapi_oct/BYBITSPOT_20251003_BTCUSDT.csv.gz,artifacts/data_v6/raw/coinapi_oct/BYBITSPOT_20251003_BTCUSDT.csv.gz,38452413,2025-10-10T21:45:55.513473
data_v6/raw/coinapi_oct/BINANCE_20250928_BTCUSDT.csv.gz,artifacts/data_v6/raw/coinapi_oct/BINANCE_20250928_BTCUSDT.csv.gz,116761482,2025-10-10T22:06:32.235118
data_v6/raw/coinapi_oct/BYBITSPOT_20250926_BTCUSDT.csv.gz,artifacts/data_v6/raw/coinapi_oct/BYBITSPOT_20250926_BTCUSDT.csv.gz,28952018,2025-10-10T21:26:16.385080
data_v6/raw/coinapi_oct/BINANCE_20251005_BTCUSDT.csv.gz,artifacts/data_v6/raw/coinapi_oct/BINANCE_20251005_BTCUSDT.csv.gz,181762530,2025-10-10T21:48:42.407690
data_v6/raw/coinapi_oct/BINANCE_20251010_BTCUSDT.csv.gz,artifacts/data_v6/raw/coinapi_oct/BINANCE_20251010_BTCUSDT.csv.gz,554961477,2025-10-11T12:33:02.131572
data_v6/raw/coinapi_oct/BYBITSPOT_20251004_BTCUSDT.csv.gz,artifacts/data_v6/raw/coinapi_oct/BYBITSPOT_20251004_BTCUSDT.csv.gz,16861956,2025-10-10T21:47:26.372549
data_v6/raw/coinapi_oct/BINANCE_20250927_BTCUSDT.csv.gz,artifacts/data_v6/raw/coinapi_oct/BINANCE_20250927_BTCUSDT.csv.gz,123692125,2025-10-10T21:27:24.764836
data_v6/raw/coinapi_oct/BYBITSPOT_20250929_BTCUSDT.csv.gz,artifacts/data_v6/raw/coinapi_oct/BYBITSPOT_20250929_BTCUSDT.csv.gz,27437973,2025-10-10T21:35:16.646855
data_v6/raw/coinapi_oct/BINANCE_20251002_BTCUSDT.csv.gz,artifacts/data_v6/raw/coinapi_oct/BINANCE_20251002_BTCUSDT.csv.gz,171216963,2025-10-10T21:42:22.431843
data_v6/raw/coinapi_jul/COINBASE_20250727_BTCUSDT.csv.gz,artifacts/data_v6/raw/coinapi_jul/COINBASE_20250727_BTCUSDT.csv.gz,20705702,2025-10-10T22:41:54.956154
data_v6/raw/coinapi_jul/BITGET_20250725_BTCUSDT.csv.gz,artifacts/data_v6/raw/coinapi_jul/BITGET_20250725_BTCUSDT.csv.gz,19356481,2025-10-10T22:40:09.012452
data_v6/raw/coinapi_jul/BITGET_20250722_BTCUSDT.csv.gz,artifacts/data_v6/raw/coinapi_jul/BITGET_20250722_BTCUSDT.csv.gz,12472136,2025-10-10T22:35:32.103577
data_v6/raw/coinapi_jul/BITGET_20250723_BTCUSDT.csv.gz,artifacts/data_v6/raw/coinapi_jul/BITGET_20250723_BTCUSDT.csv.gz,8145767,2025-10-10T22:36:45.812624
data_v6/raw/coinapi_jul/BITGET_20250724_BTCUSDT.csv.gz,artifacts/data_v6/raw/coinapi_jul/BITGET_20250724_BTCUSDT.csv.gz,18263568,2025-10-10T22:38:12.028024
data_v6/raw/coinapi_jul/COINBASE_20250726_BTCUSDT.csv.gz,artifacts/data_v6/raw/coinapi_jul/COINBASE_20250726_BTCUSDT.csv.gz,27302863,2025-10-10T22:40:57.288393
data_v6/raw/coinapi_jul/BITGET_20250726_BTCUSDT.csv.gz,artifacts/data_v6/raw/coinapi_jul/BITGET_20250726_BTCUSDT.csv.gz,12535793,2025-10-10T22:41:11.935242
data_v6/raw/coinapi_jul/COINBASE_20250724_BTCUSDT.csv.gz,artifacts/data_v6/raw/coinapi_jul/COINBASE_20250724_BTCUSDT.csv.gz,30037426,2025-10-10T22:37:48.629308
data_v6/raw/coinapi_jul/COINBASE_20250723_BTCUSDT.csv.gz,artifacts/data_v6/raw/coinapi_jul/COINBASE_20250723_BTCUSDT.csv.gz,28872167,2025-10-10T22:36:27.743595
data_v6/raw/coinapi_jul/COINBASE_20250722_BTCUSDT.csv.gz,artifacts/data_v6/raw/coinapi_jul/COINBASE_20250722_BTCUSDT.csv.gz,33423988,2025-10-10T22:35:10.169313
data_v6/raw/coinapi_jul/COINBASE_20250725_BTCUSDT.csv.gz,artifacts/data_v6/raw/coinapi_jul/COINBASE_20250725_BTCUSDT.csv.gz,58962149,2025-10-10T22:39:40.342142
data_v6/raw/coinapi_jul/BITGET_20250727_BTCUSDT.csv.gz,artifacts/data_v6/raw/coinapi_jul/BITGET_20250727_BTCUSDT.csv.gz,16104208,2025-10-10T22:42:10.281508
data_v6/raw/coinapi_jul/BYBITSPOT_20250726_BTCUSDT.csv.gz,artifacts/data_v6/raw/coinapi_jul/BYBITSPOT_20250726_BTCUSDT.csv.gz,11102234,2025-10-10T22:41:03.974742
data_v6/raw/coinapi_jul/BINANCE_20250727_BTCUSDT.csv.gz,artifacts/data_v6/raw/coinapi_jul/BINANCE_20250727_BTCUSDT.csv.gz,116181392,2025-10-10T22:41:46.248041
data_v6/raw/coinapi_jul/BINANCE_20250726_BTCUSDT.csv.gz,artifacts/data_v6/raw/coinapi_jul/BINANCE_20250726_BTCUSDT.csv.gz,102516611,2025-10-10T22:40:42.774516
data_v6/raw/coinapi_jul/BYBITSPOT_20250727_BTCUSDT.csv.gz,artifacts/data_v6/raw/coinapi_jul/BYBITSPOT_20250727_BTCUSDT.csv.gz,11887386,2025-10-10T22:42:02.056698
data_v6/raw/coinapi_jul/BINANCE_20250723_BTCUSDT.csv.gz,artifacts/data_v6/raw/coinapi_jul/BINANCE_20250723_BTCUSDT.csv.gz,118009423,2025-10-10T22:36:13.207009
data_v6/raw/coinapi_jul/BYBITSPOT_20250725_BTCUSDT.csv.gz,artifacts/data_v6/raw/coinapi_jul/BYBITSPOT_20250725_BTCUSDT.csv.gz,44203439,2025-10-10T22:39:59.120440
data_v6/raw/coinapi_jul/BINANCE_20250724_BTCUSDT.csv.gz,artifacts/data_v6/raw/coinapi_jul/BINANCE_20250724_BTCUSDT.csv.gz,147907777,2025-10-10T22:37:35.521239
data_v6/raw/coinapi_jul/BYBITSPOT_20250722_BTCUSDT.csv.gz,artifacts/data_v6/raw/coinapi_jul/BYBITSPOT_20250722_BTCUSDT.csv.gz,34726440,2025-10-10T22:35:24.898034
data_v6/raw/coinapi_jul/BYBITSPOT_20250723_BTCUSDT.csv.gz,artifacts/data_v6/raw/coinapi_jul/BYBITSPOT_20250723_BTCUSDT.csv.gz,27954989,2025-10-10T22:36:39.837892
data_v6/raw/coinapi_jul/BINANCE_20250725_BTCUSDT.csv.gz,artifacts/data_v6/raw/coinapi_jul/BINANCE_20250725_BTCUSDT.csv.gz,164816484,2025-10-10T22:39:11.895077
data_v6/raw/coinapi_jul/BYBITSPOT_20250724_BTCUSDT.csv.gz,artifacts/data_v6/raw/coinapi_jul/BYBITSPOT_20250724_BTCUSDT.csv.gz,28615482,2025-10-10T22:38:01.679669
data_v6/raw/coinapi_jul/BINANCE_20250722_BTCUSDT.csv.gz,artifacts/data_v6/raw/coinapi_jul/BINANCE_20250722_BTCUSDT.csv.gz,132025635,2025-10-10T22:34:56.689970
data_v6/raw/coinapi_jul_aug/D-20250803/E-BYBITSPOT/BYBITSPOT_20250803_BTCUSDT.csv.gz,artifacts/data_v6/raw/coinapi_jul_aug/D-20250803/E-BYBITSPOT/BYBITSPOT_20250803_BTCUSDT.csv.gz,11540117,2025-10-10T23:21:21.442667
data_v6/raw/coinapi_jul_aug/D-20250803/E-BITGET/BITGET_20250803_BTCUSDT.csv.gz,artifacts/data_v6/raw/coinapi_jul_aug/D-20250803/E-BITGET/BITGET_20250803_BTCUSDT.csv.gz,4093351,2025-10-10T23:21:39.366273
data_v6/raw/coinapi_jul_aug/D-20250803/E-COINBASE/COINBASE_20250803_BTCUSDT.csv.gz,artifacts/data_v6/raw/coinapi_jul_aug/D-20250803/E-COINBASE/COINBASE_20250803_BTCUSDT.csv.gz,18027968,2025-10-10T23:20:54.490365
data_v6/raw/coinapi_jul_aug/D-20250804/E-BYBITSPOT/BYBITSPOT_20250804_BTCUSDT.csv.gz,artifacts/data_v6/raw/coinapi_jul_aug/D-20250804/E-BYBITSPOT/BYBITSPOT_20250804_BTCUSDT.csv.gz,18905149,2025-10-10T23:21:32.363126
data_v6/raw/coinapi_jul_aug/D-20250804/E-BINANCE/BINANCE_20250804_BTCUSDT.csv.gz,artifacts/data_v6/raw/coinapi_jul_aug/D-20250804/E-BINANCE/BINANCE_20250804_BTCUSDT.csv.gz,115681097,2025-10-10T23:27:51.858832
data_v6/raw/coinapi_jul_aug/D-20250804/E-BITGET/BITGET_20250804_BTCUSDT.csv.gz,artifacts/data_v6/raw/coinapi_jul_aug/D-20250804/E-BITGET/BITGET_20250804_BTCUSDT.csv.gz,5982196,2025-10-10T23:21:47.029344
data_v6/raw/coinapi_jul_aug/D-20250804/E-COINBASE/COINBASE_20250804_BTCUSDT.csv.gz,artifacts/data_v6/raw/coinapi_jul_aug/D-20250804/E-COINBASE/COINBASE_20250804_BTCUSDT.csv.gz,23352715,2025-10-10T23:21:12.480307
cases/cma_poster_frames/cma_poster_frames_data.parquet,artifacts/cases/cma_poster_frames/cma_poster_frames_data.parquet,679173,2025-09-30T23:32:43.535457
analysis_v6/bars_1s_v1/BYBITSPOT_bars_1s_v1.parquet,artifacts/analysis_v6/bars_1s_v1/BYBITSPOT_bars_1s_v1.parquet,1371728,2025-10-05T23:41:45.880683
analysis_v6/bars_1s_v1/COINBASE_bars_1s_v1.parquet,artifacts/analysis_v6/bars_1s_v1/COINBASE_bars_1s_v1.parquet,2510117,2025-10-05T23:41:45.563533
analysis_v6/bars_1s_v1/BITGET_bars_1s_v1.parquet,artifacts/analysis_v6/bars_1s_v1/BITGET_bars_1s_v1.parquet,1665527,2025-10-05T23:41:46.112654
analysis_v6/bars_1s_v1/BINANCE_bars_1s_v1.parquet,artifacts/analysis_v6/bars_1s_v1/BINANCE_bars_1s_v1.parquet,1930553,2025-10-05T23:41:45.257183
analysis_v6/bars_5s_v1/BINANCE_bars_5s_v1.parquet,artifacts/analysis_v6/bars_5s_v1/BINANCE_bars_5s_v1.parquet,551794,2025-10-05T23:41:45.352657
analysis_v6/bars_5s_v1/BYBITSPOT_bars_5s_v1.parquet,artifacts/analysis_v6/bars_5s_v1/BYBITSPOT_bars_5s_v1.parquet,533462,2025-10-05T23:41:45.963679
analysis_v6/bars_5s_v1/COINBASE_bars_5s_v1.parquet,artifacts/analysis_v6/bars_5s_v1/COINBASE_bars_5s_v1.parquet,652246,2025-10-05T23:41:45.672564
analysis_v6/bars_5s_v1/BITGET_bars_5s_v1.parquet,artifacts/analysis_v6/bars_5s_v1/BITGET_bars_5s_v1.parquet,577221,2025-10-05T23:41:46.203724
real_data_runs/20250926T204804__20250926T205752/ticks/okx/ticks.parquet,artifacts/real_data_runs/20250926T204804__20250926T205752/ticks/okx/ticks.parquet,34966,2025-09-29T09:16:52.840762
real_data_runs/20250926T204804__20250926T205752/ticks/coinbase/ticks.parquet,artifacts/real_data_runs/20250926T204804__20250926T205752/ticks/coinbase/ticks.parquet,34966,2025-09-29T09:16:52.839930
real_data_runs/20250926T204804__20250926T205752/ticks/bybit/ticks.parquet,artifacts/real_data_runs/20250926T204804__20250926T205752/ticks/bybit/ticks.parquet,34964,2025-09-29T09:16:52.839589
real_data_runs/20250926T204804__20250926T205752/ticks/kraken/ticks.parquet,artifacts/real_data_runs/20250926T204804__20250926T205752/ticks/kraken/ticks.parquet,34965,2025-09-29T09:16:52.840448
real_data_runs/20250926T204804__20250926T205752/ticks/binance/ticks.parquet,artifacts/real_data_runs/20250926T204804__20250926T205752/ticks/binance/ticks.parquet,34965,2025-09-29T09:16:52.838953
real_data_runs/20250927T010000__20250927T010200/ticks/okx/ticks.parquet,artifacts/real_data_runs/20250927T010000__20250927T010200/ticks/okx/ticks.parquet,10903,2025-09-29T09:16:52.843767
real_data_runs/20250927T010000__20250927T010200/ticks/coinbase/ticks.parquet,artifacts/real_data_runs/20250927T010000__20250927T010200/ticks/coinbase/ticks.parquet,10903,2025-09-29T09:16:52.843406
real_data_runs/20250927T010000__20250927T010200/ticks/bybit/ticks.parquet,artifacts/real_data_runs/20250927T010000__20250927T010200/ticks/bybit/ticks.parquet,10903,2025-09-29T09:16:52.842217
real_data_runs/20250927T010000__20250927T010200/ticks/kraken/ticks.parquet,artifacts/real_data_runs/20250927T010000__20250927T010200/ticks/kraken/ticks.parquet,10903,2025-09-29T09:16:52.843599
real_data_runs/20250927T010000__20250927T010200/ticks/binance/ticks.parquet,artifacts/real_data_runs/20250927T010000__20250927T010200/ticks/binance/ticks.parquet,10903,2025-09-29T09:16:52.841770
analysis_v9/freq_sweep/day_20250907/30S/aligned.parquet,artifacts/analysis_v9/freq_sweep/day_20250907/30S/aligned.parquet,626361,2025-10-06T11:44:45.233975
analysis_v9/freq_sweep/day_20250907/5S/aligned.parquet,artifacts/analysis_v9/freq_sweep/day_20250907/5S/aligned.parquet,2995946,2025-10-06T11:44:39.768010
analysis_v9/freq_sweep/day_20250907/15S/aligned.parquet,artifacts/analysis_v9/freq_sweep/day_20250907/15S/aligned.parquet,1241165,2025-10-06T11:44:43.920565
analysis_v9/freq_sweep/day_20250907/1S/aligned.parquet,artifacts/analysis_v9/freq_sweep/day_20250907/1S/aligned.parquet,2995946,2025-10-06T11:44:34.732636
analysis_v9/freq_sweep/day_20250907/2S/aligned.parquet,artifacts/analysis_v9/freq_sweep/day_20250907/2S/aligned.parquet,2995342,2025-10-06T11:44:37.307148
analysis_v9/freq_sweep/day_20250907/10S/aligned.parquet,artifacts/analysis_v9/freq_sweep/day_20250907/10S/aligned.parquet,1789423,2025-10-06T11:44:40.847338
analysis_v9/freq_sweep/day_20250906/30S/aligned.parquet,artifacts/analysis_v9/freq_sweep/day_20250906/30S/aligned.parquet,618531,2025-10-06T11:44:32.094959
analysis_v9/freq_sweep/day_20250906/5S/aligned.parquet,artifacts/analysis_v9/freq_sweep/day_20250906/5S/aligned.parquet,3043890,2025-10-06T11:44:29.366504
analysis_v9/freq_sweep/day_20250906/15S/aligned.parquet,artifacts/analysis_v9/freq_sweep/day_20250906/15S/aligned.parquet,1243793,2025-10-06T11:44:31.457159
analysis_v9/freq_sweep/day_20250906/1S/aligned.parquet,artifacts/analysis_v9/freq_sweep/day_20250906/1S/aligned.parquet,3043890,2025-10-06T11:44:23.864625
analysis_v9/freq_sweep/day_20250906/2S/aligned.parquet,artifacts/analysis_v9/freq_sweep/day_20250906/2S/aligned.parquet,3043301,2025-10-06T11:44:26.765930
analysis_v9/freq_sweep/day_20250906/10S/aligned.parquet,artifacts/analysis_v9/freq_sweep/day_20250906/10S/aligned.parquet,1794754,2025-10-06T11:44:30.481724
analysis_v9/freq_sweep/day_20250901/30S/aligned.parquet,artifacts/analysis_v9/freq_sweep/day_20250901/30S/aligned.parquet,796918,2025-10-06T11:43:26.068281
analysis_v9/freq_sweep/day_20250901/5S/aligned.parquet,artifacts/analysis_v9/freq_sweep/day_20250901/5S/aligned.parquet,3995718,2025-10-06T11:43:23.412123
analysis_v9/freq_sweep/day_20250901/15S/aligned.parquet,artifacts/analysis_v9/freq_sweep/day_20250901/15S/aligned.parquet,1592276,2025-10-06T11:43:25.414519
analysis_v9/freq_sweep/day_20250901/1S/aligned.parquet,artifacts/analysis_v9/freq_sweep/day_20250901/1S/aligned.parquet,3995718,2025-10-06T11:43:13.919232
analysis_v9/freq_sweep/day_20250901/2S/aligned.parquet,artifacts/analysis_v9/freq_sweep/day_20250901/2S/aligned.parquet,3995123,2025-10-06T11:43:19.402891
analysis_v9/freq_sweep/day_20250901/10S/aligned.parquet,artifacts/analysis_v9/freq_sweep/day_20250901/10S/aligned.parquet,2295436,2025-10-06T11:43:24.528151
analysis_v9/freq_sweep/day_20250904/30S/aligned.parquet,artifacts/analysis_v9/freq_sweep/day_20250904/30S/aligned.parquet,741354,2025-10-06T11:44:03.409727
analysis_v9/freq_sweep/day_20250904/5S/aligned.parquet,artifacts/analysis_v9/freq_sweep/day_20250904/5S/aligned.parquet,3586040,2025-10-06T11:44:00.847215
analysis_v9/freq_sweep/day_20250904/15S/aligned.parquet,artifacts/analysis_v9/freq_sweep/day_20250904/15S/aligned.parquet,1494037,2025-10-06T11:44:02.823524
analysis_v9/freq_sweep/day_20250904/1S/aligned.parquet,artifacts/analysis_v9/freq_sweep/day_20250904/1S/aligned.parquet,3586040,2025-10-06T11:43:55.442790
analysis_v9/freq_sweep/day_20250904/2S/aligned.parquet,artifacts/analysis_v9/freq_sweep/day_20250904/2S/aligned.parquet,3585443,2025-10-06T11:43:58.154299
analysis_v9/freq_sweep/day_20250904/10S/aligned.parquet,artifacts/analysis_v9/freq_sweep/day_20250904/10S/aligned.parquet,2145131,2025-10-06T11:44:01.931060
analysis_v9/freq_sweep/day_20250903/30S/aligned.parquet,artifacts/analysis_v9/freq_sweep/day_20250903/30S/aligned.parquet,751669,2025-10-06T11:43:52.436391
analysis_v9/freq_sweep/day_20250903/5S/aligned.parquet,artifacts/analysis_v9/freq_sweep/day_20250903/5S/aligned.parquet,3665381,2025-10-06T11:43:49.960531
analysis_v9/freq_sweep/day_20250903/15S/aligned.parquet,artifacts/analysis_v9/freq_sweep/day_20250903/15S/aligned.parquet,1475742,2025-10-06T11:43:51.805333
analysis_v9/freq_sweep/day_20250903/1S/aligned.parquet,artifacts/analysis_v9/freq_sweep/day_20250903/1S/aligned.parquet,3665381,2025-10-06T11:43:40.298939
analysis_v9/freq_sweep/day_20250903/2S/aligned.parquet,artifacts/analysis_v9/freq_sweep/day_20250903/2S/aligned.parquet,3664785,2025-10-06T11:43:46.976708
analysis_v9/freq_sweep/day_20250903/10S/aligned.parquet,artifacts/analysis_v9/freq_sweep/day_20250903/10S/aligned.parquet,2158667,2025-10-06T11:43:50.982481
analysis_v9/freq_sweep/day_20250902/30S/aligned.parquet,artifacts/analysis_v9/freq_sweep/day_20250902/30S/aligned.parquet,771274,2025-10-06T11:43:37.176592
analysis_v9/freq_sweep/day_20250902/5S/aligned.parquet,artifacts/analysis_v9/freq_sweep/day_20250902/5S/aligned.parquet,3967933,2025-10-06T11:43:34.578232
analysis_v9/freq_sweep/day_20250902/15S/aligned.parquet,artifacts/analysis_v9/freq_sweep/day_20250902/15S/aligned.parquet,1585489,2025-10-06T11:43:36.562559
analysis_v9/freq_sweep/day_20250902/1S/aligned.parquet,artifacts/analysis_v9/freq_sweep/day_20250902/1S/aligned.parquet,3967933,2025-10-06T11:43:29.153830
analysis_v9/freq_sweep/day_20250902/2S/aligned.parquet,artifacts/analysis_v9/freq_sweep/day_20250902/2S/aligned.parquet,3967339,2025-10-06T11:43:31.854921
analysis_v9/freq_sweep/day_20250902/10S/aligned.parquet,artifacts/analysis_v9/freq_sweep/day_20250902/10S/aligned.parquet,2212694,2025-10-06T11:43:35.663717
analysis_v9/freq_sweep/day_20250905/30S/aligned.parquet,artifacts/analysis_v9/freq_sweep/day_20250905/30S/aligned.parquet,648418,2025-10-06T11:44:20.333982
analysis_v9/freq_sweep/day_20250905/5S/aligned.parquet,artifacts/analysis_v9/freq_sweep/day_20250905/5S/aligned.parquet,3095182,2025-10-06T11:44:17.992587
analysis_v9/freq_sweep/day_20250905/15S/aligned.parquet,artifacts/analysis_v9/freq_sweep/day_20250905/15S/aligned.parquet,1270220,2025-10-06T11:44:19.723634
analysis_v9/freq_sweep/day_20250905/1S/aligned.parquet,artifacts/analysis_v9/freq_sweep/day_20250905/1S/aligned.parquet,3095182,2025-10-06T11:44:10.327422
analysis_v9/freq_sweep/day_20250905/2S/aligned.parquet,artifacts/analysis_v9/freq_sweep/day_20250905/2S/aligned.parquet,3094598,2025-10-06T11:44:13.355162
analysis_v9/freq_sweep/day_20250905/10S/aligned.parquet,artifacts/analysis_v9/freq_sweep/day_20250905/10S/aligned.parquet,1820672,2025-10-06T11:44:18.888401
analysis_v7/icp_20250906_5s/aligned_5s.parquet,artifacts/analysis_v7/icp_20250906_5s/aligned_5s.parquet,6147217,2025-10-06T10:49:16.010941
analysis_v7/icp_20250902_5s/aligned_5s.parquet,artifacts/analysis_v7/icp_20250902_5s/aligned_5s.parquet,7805327,2025-10-06T10:49:01.434978
analysis_v7/icp_20250903_5s/aligned_5s.parquet,artifacts/analysis_v7/icp_20250903_5s/aligned_5s.parquet,7267502,2025-10-06T10:49:04.582090
analysis_v7/icp_20250907_5s/aligned_5s.parquet,artifacts/analysis_v7/icp_20250907_5s/aligned_5s.parquet,6037397,2025-10-06T10:49:18.553334
analysis_v7/icp_20250904_5s/aligned_5s.parquet,artifacts/analysis_v7/icp_20250904_5s/aligned_5s.parquet,7057019,2025-10-06T10:49:09.923981
analysis_v7/icp_20250905_5s/aligned_5s.parquet,artifacts/analysis_v7/icp_20250905_5s/aligned_5s.parquet,6033042,2025-10-06T10:49:13.497304
analysis_v7/icp_20250901_5s/aligned_5s.parquet,artifacts/analysis_v7/icp_20250901_5s/aligned_5s.parquet,7842681,2025-10-06T10:48:56.151589
data/derived/btc_usd_real/sample_3_bybit.parquet,artifacts/data/derived/btc_usd_real/sample_3_bybit.parquet,120254,2025-10-02T17:20:16.792910
data/derived/btc_usd_real/sample_2_binance.parquet,artifacts/data/derived/btc_usd_real/sample_2_binance.parquet,120254,2025-10-02T17:20:16.791736
data/derived/btc_usd_real/sample_0_binance.parquet,artifacts/data/derived/btc_usd_real/sample_0_binance.parquet,119825,2025-10-02T17:20:16.789702
data/derived/btc_usd_real/sample_4_coinbase.parquet,artifacts/data/derived/btc_usd_real/sample_4_coinbase.parquet,120254,2025-10-02T17:20:16.793599
data/derived/btc_usd_real/sample_1_coinbase.parquet,artifacts/data/derived/btc_usd_real/sample_1_coinbase.parquet,119825,2025-10-02T17:20:16.790656
data/derived/btc_usd/market_structure_real_single_date.parquet,artifacts/data/derived/btc_usd/market_structure_real_single_date.parquet,260188,2025-09-30T17:33:20.940174
data/derived/btc_usd/markov_switching_data.parquet,artifacts/data/derived/btc_usd/markov_switching_data.parquet,438127,2025-09-30T15:56:49.656144
data/derived/btc_usd/cointegration_data.parquet,artifacts/data/derived/btc_usd/cointegration_data.parquet,308465,2025-09-30T15:56:49.624325
data/derived/btc_usd/svar_data.parquet,artifacts/data/derived/btc_usd/svar_data.parquet,495448,2025-09-30T15:56:49.688926
data/derived/btc_usd/env_flags_1s.parquet,artifacts/data/derived/btc_usd/env_flags_1s.parquet,552330,2025-09-30T17:32:00.776506
data/derived/btc_usd/granger_causality_data.parquet,artifacts/data/derived/btc_usd/granger_causality_data.parquet,448810,2025-09-30T15:56:49.607194
data/derived/btc_usd/panel_1s_inner.parquet,artifacts/data/derived/btc_usd/panel_1s_inner.parquet,1772469,2025-09-30T14:19:22.658215
data/derived/btc_usd/market_structure.parquet,artifacts/data/derived/btc_usd/market_structure.parquet,131611,2025-09-30T15:30:31.018847
data/derived/btc_usd/wave3/vmm_moments.parquet,artifacts/data/derived/btc_usd/wave3/vmm_moments.parquet,80450,2025-09-30T19:37:18.354560
data/derived/btc_usd/wave3/clustering_features.parquet,artifacts/data/derived/btc_usd/wave3/clustering_features.parquet,85523,2025-09-30T19:37:18.477333
data/derived/btc_usd/wave3/copula_marginals.parquet,artifacts/data/derived/btc_usd/wave3/copula_marginals.parquet,874772,2025-09-30T19:48:09.597947
data/derived/btc_usd/wave3/composite_inputs.parquet,artifacts/data/derived/btc_usd/wave3/composite_inputs.parquet,20090,2025-09-30T19:37:18.549297
tmp/research_rx/PHASE26R/phase26r_panel.parquet,artifacts/tmp/research_rx/PHASE26R/phase26r_panel.parquet,12121,2025-10-09T12:18:00.522652
tmp/research_rx/WEEKDAY_ONLY/RX_E_logit_summary.parquet,artifacts/tmp/research_rx/WEEKDAY_ONLY/RX_E_logit_summary.parquet,1740,2025-10-09T01:12:03.266944
tmp/research_rx/WEEKDAY_ONLY/RX_Aprime_COMBINED_WEEKDAY_latency.parquet,artifacts/tmp/research_rx/WEEKDAY_ONLY/RX_Aprime_COMBINED_WEEKDAY_latency.parquet,8034,2025-10-09T00:52:24.266599
tmp/research_rx/WEEKDAY_ONLY/RX_Aprime_week-minus2_WEEKDAY_latency.parquet,artifacts/tmp/research_rx/WEEKDAY_ONLY/RX_Aprime_week-minus2_WEEKDAY_latency.parquet,8034,2025-10-09T00:43:29.896862
tmp/research_rx/WEEKDAY_ONLY/RX_E_conditional_response.parquet,artifacts/tmp/research_rx/WEEKDAY_ONLY/RX_E_conditional_response.parquet,4787,2025-10-09T01:12:03.265163
tmp/research_rx/WEEKDAY_ONLY/RX_C_week-minus2_WEEKDAY_regression.parquet,artifacts/tmp/research_rx/WEEKDAY_ONLY/RX_C_week-minus2_WEEKDAY_regression.parquet,4084,2025-10-09T00:43:29.899973
tmp/research_rx/WEEKDAY_ONLY/RX_F_coherence_spectrum.parquet,artifacts/tmp/research_rx/WEEKDAY_ONLY/RX_F_coherence_spectrum.parquet,6791,2025-10-09T01:21:23.245130
tmp/research_rx/WEEKDAY_ONLY/RX_F_venue_time_series.parquet,artifacts/tmp/research_rx/WEEKDAY_ONLY/RX_F_venue_time_series.parquet,198484,2025-10-09T01:21:23.239324
tmp/research_rx/WEEKDAY_ONLY/RX_E_logit_model.parquet,artifacts/tmp/research_rx/WEEKDAY_ONLY/RX_E_logit_model.parquet,2482,2025-10-09T01:12:03.266281
tmp/research_rx/WEEKDAY_ONLY/RX_B_COMBINED_WEEKDAY_timing.parquet,artifacts/tmp/research_rx/WEEKDAY_ONLY/RX_B_COMBINED_WEEKDAY_timing.parquet,6818,2025-10-09T00:52:24.268311
tmp/research_rx/WEEKDAY_ONLY/RX_Aprime_week-minus1_WEEKDAY_latency.parquet,artifacts/tmp/research_rx/WEEKDAY_ONLY/RX_Aprime_week-minus1_WEEKDAY_latency.parquet,8034,2025-10-09T00:47:29.044014
tmp/research_rx/WEEKDAY_ONLY/RX_C_week-minus1_WEEKDAY_regression.parquet,artifacts/tmp/research_rx/WEEKDAY_ONLY/RX_C_week-minus1_WEEKDAY_regression.parquet,4084,2025-10-09T00:47:29.068964
tmp/research_rx/WEEKDAY_ONLY/RX_C_COMBINED_WEEKDAY_regression.parquet,artifacts/tmp/research_rx/WEEKDAY_ONLY/RX_C_COMBINED_WEEKDAY_regression.parquet,4084,2025-10-09T00:52:24.269568
tmp/research_rx/WEEKDAY_ONLY/RX_B_week-minus2_WEEKDAY_timing.parquet,artifacts/tmp/research_rx/WEEKDAY_ONLY/RX_B_week-minus2_WEEKDAY_timing.parquet,6818,2025-10-09T00:43:29.898816
tmp/research_rx/WEEKDAY_ONLY/RX_B_week-minus1_WEEKDAY_timing.parquet,artifacts/tmp/research_rx/WEEKDAY_ONLY/RX_B_week-minus1_WEEKDAY_timing.parquet,6818,2025-10-09T00:47:29.065556
tmp/research_rx/WEEKDAY_ONLY/PANELS/temporal_independence_COMBINED_WEEKDAY.parquet,artifacts/tmp/research_rx/WEEKDAY_ONLY/PANELS/temporal_independence_COMBINED_WEEKDAY.parquet,17292,2025-10-09T00:52:24.273374
tmp/research_rx/WEEKDAY_ONLY/PANELS/temporal_independence_week-minus1_WEEKDAY.parquet,artifacts/tmp/research_rx/WEEKDAY_ONLY/PANELS/temporal_independence_week-minus1_WEEKDAY.parquet,17192,2025-10-09T00:47:29.094082
tmp/research_rx/WEEKDAY_ONLY/PANELS/temporal_independence_week-minus2_WEEKDAY.parquet,artifacts/tmp/research_rx/WEEKDAY_ONLY/PANELS/temporal_independence_week-minus2_WEEKDAY.parquet,17192,2025-10-09T00:43:29.907136
tmp/research_rx/WEEKDAY_ONLY/PANELS/rx_f_synchrony_spectrum_panel.parquet,artifacts/tmp/research_rx/WEEKDAY_ONLY/PANELS/rx_f_synchrony_spectrum_panel.parquet,8674,2025-10-09T01:21:23.247160
tmp/research_rx/WEEKDAY_ONLY/PANELS/rx_e_conditional_response_panel.parquet,artifacts/tmp/research_rx/WEEKDAY_ONLY/PANELS/rx_e_conditional_response_panel.parquet,5973,2025-10-09T01:12:03.268482
tmp/research_rx/PHASE26/phase26_panel.parquet,artifacts/tmp/research_rx/PHASE26/phase26_panel.parquet,12201,2025-10-09T11:27:36.244352
tmp/research_rx/VALIDATION/RX_Etripleprime_crossasset_results.parquet,artifacts/tmp/research_rx/VALIDATION/RX_Etripleprime_crossasset_results.parquet,6756,2025-10-09T02:09:32.355669
tmp/research_rx/VALIDATION/RX_Equadrupleprime_volume_volatility_control_results.parquet,artifacts/tmp/research_rx/VALIDATION/RX_Equadrupleprime_volume_volatility_control_results.parquet,6404,2025-10-09T08:41:06.785922
tmp/research_rx/VALIDATION/RX_Edoubleprime_comparison_results.parquet,artifacts/tmp/research_rx/VALIDATION/RX_Edoubleprime_comparison_results.parquet,5570,2025-10-09T01:59:27.804062
tmp/research_rx/VALIDATION/RX_Edoubleprime_shuffle_results.parquet,artifacts/tmp/research_rx/VALIDATION/RX_Edoubleprime_shuffle_results.parquet,5248,2025-10-09T01:59:27.802705
tmp/research_rx/VALIDATION/RX_Equadrupleprime_model_comparison.parquet,artifacts/tmp/research_rx/VALIDATION/RX_Equadrupleprime_model_comparison.parquet,3106,2025-10-09T08:41:06.787251
tmp/research_rx/VALIDATION/RX_Eprime_comparison_results.parquet,artifacts/tmp/research_rx/VALIDATION/RX_Eprime_comparison_results.parquet,5500,2025-10-09T01:52:24.617713
tmp/research_rx/VALIDATION/RX_Eprime_placebo_results.parquet,artifacts/tmp/research_rx/VALIDATION/RX_Eprime_placebo_results.parquet,5246,2025-10-09T01:52:24.616036
demos/spread_v2_demo/demo_snapshot/ticks/okx/BTC-USD/1s/2025-09-27/01/ticks_00.parquet,artifacts/demos/spread_v2_demo/demo_snapshot/ticks/okx/BTC-USD/1s/2025-09-27/01/ticks_00.parquet,43266,2025-09-29T09:16:52.313656
demos/spread_v2_demo/demo_snapshot/ticks/coinbase/BTC-USD/1s/2025-09-27/01/ticks_00.parquet,artifacts/demos/spread_v2_demo/demo_snapshot/ticks/coinbase/BTC-USD/1s/2025-09-27/01/ticks_00.parquet,43286,2025-09-29T09:16:52.312184
demos/spread_v2_demo/demo_snapshot/ticks/bybit/BTC-USD/1s/2025-09-27/01/ticks_00.parquet,artifacts/demos/spread_v2_demo/demo_snapshot/ticks/bybit/BTC-USD/1s/2025-09-27/01/ticks_00.parquet,43148,2025-09-29T09:16:52.311154
demos/spread_v2_demo/demo_snapshot/ticks/kraken/BTC-USD/1s/2025-09-27/01/ticks_00.parquet,artifacts/demos/spread_v2_demo/demo_snapshot/ticks/kraken/BTC-USD/1s/2025-09-27/01/ticks_00.parquet,43282,2025-09-29T09:16:52.312900
demos/spread_v2_demo/demo_snapshot/ticks/binance/BTC-USD/1s/2025-09-27/01/ticks_00.parquet,artifacts/demos/spread_v2_demo/demo_snapshot/ticks/binance/BTC-USD/1s/2025-09-27/01/ticks_00.parquet,43198,2025-09-29T09:16:52.310027
analysis_v10/phase_vwap/windows.parquet,artifacts/analysis_v10/phase_vwap/windows.parquet,3129,2025-10-06T14:47:46.887309
