{
  "total_horizons": 3,
  "successful_analyses": 3,
  "average_coordination": 0.8833333333333333,
  "analysis_timestamp": "2025-09-27T01:32:57.677134"
}