date,venue,pair,source_tier,abs_path,bytes,sha256,first_ts,last_ts,row_count
20250707,BINANCE,BTCUSDT,v7,/Users/ygorfrancisco/Desktop/acd-monitor/data_v7/canonical/20250707/E-BINANCE/BTCUSDT.csv.gz,74300556,cd864fdabe805ad5f7d0023cb23b868f644312cbf40ad8cc41116a8d76dc4a2f,time_exchange;time_coinapi;guid;price;base_amount;taker_side;id_exch_guid;id_exch_int_inc;order_id_maker;order_id_taker,2025-07-07T23:59:59.9250000;2025-07-07T23:59:59.9280999;5d9a8690-efca-4fbc-8eec-ec8020770e48;108262.94;0.00813;SELL;;5068407516;;,1961938
20250707,BITGET,BTCUSDT,v7,/Users/ygorfrancisco/Desktop/acd-monitor/data_v7/canonical/20250707/E-BITGET/BTCUSDT.csv.gz,5776659,0aa9dbb61adf56dea21d960081e642d896ac2d4cba6046823a40142dc2ff144d,time_exchange;time_coinapi;guid;price;base_amount;taker_side;id_exch_guid;id_exch_int_inc;order_id_maker;order_id_taker,2025-07-07T23:59:58.9550000;2025-07-07T23:59:59.0857827;ae6002c8-872f-450a-b7d1-d6110444ee24;108272.3;0.000167;SELL;;;;,141123
20250707,BYBITSPOT,BTCUSDT,v7,/Users/ygorfrancisco/Desktop/acd-monitor/data_v7/canonical/20250707/E-BYBITSPOT/BTCUSDT.csv.gz,47452,5dc870d244ca56fb57b869fc147b8275e9b756c37b14c85c3ffcb72d00d0bb6e,time_exchange;time_coinapi;guid;price;base_amount;taker_side;id_exch_guid;id_exch_int_inc;order_id_maker;order_id_taker,2025-07-07T23:57:21.8900000;2025-07-07T23:57:21.9281443;06b40c1a-afd7-4888-a5a7-9ebfeb1c063f;0.0361;54.5;SELL;;;;,1109
20250707,COINBASE,BTC-USD,v7,/Users/ygorfrancisco/Desktop/acd-monitor/data_v7/canonical/20250707/E-COINBASE/BTC-USD.csv.gz,25820939,46e2c5010cc23a1075d4c11f837ef5f0d679a57dbdc96f4a4299e07911a47356,time_exchange;time_coinapi;guid;price;base_amount;taker_side;id_exch_guid;id_exch_int_inc;order_id_maker;order_id_taker,2025-07-07T23:59:59.2491530;2025-07-07T23:59:59.2535616;aa5d5f19-c98e-48b4-a7b4-ba3992b1f26b;108269.84;0.00395734;SELL;;845856540;231ed4aa-1cdb-4fac-9ae7-4e5e00c74445;8d1eccf3-6464-4384-bfb1-2836668a4024,336893
20250708,BINANCE,BTCUSDT,v7,/Users/ygorfrancisco/Desktop/acd-monitor/data_v7/canonical/20250708/E-BINANCE/BTCUSDT.csv.gz,66224363,670bd70426b567ae89bac7208951eaca7fa5897ad0af0d8a16d5566c2408445b,time_exchange;time_coinapi;guid;price;base_amount;taker_side;id_exch_guid;id_exch_int_inc;order_id_maker;order_id_taker,2025-07-08T23:59:58.0300000;2025-07-08T23:59:58.0329738;cde8db69-9b08-4cf5-9cfe-aaedc40f0976;108922.98;0.00026;SELL;;5070130760;;,1723245
20250708,BITGET,BTCUSDT,v7,/Users/ygorfrancisco/Desktop/acd-monitor/data_v7/canonical/20250708/E-BITGET/BTCUSDT.csv.gz,5639034,e8e67692067f4bae33867f24e74daef26709cafa85990d1dad8be9f185b62e94,time_exchange;time_coinapi;guid;price;base_amount;taker_side;id_exch_guid;id_exch_int_inc;order_id_maker;order_id_taker,2025-07-08T23:59:59.0640000;2025-07-08T23:59:59.8771703;71a5a09e-7eff-4eee-9904-f908d23e6d60;108923.01;0.000888;BUY;;;;,137663
20250708,BYBITSPOT,BTCUSDT,v7,/Users/ygorfrancisco/Desktop/acd-monitor/data_v7/canonical/20250708/E-BYBITSPOT/BTCUSDT.csv.gz,16158395,6ce2a199808191925aab61d9bb8fe214547249aa4a6a913941860b823a25108a,time_exchange;time_coinapi;guid;price;base_amount;taker_side;id_exch_guid;id_exch_int_inc;order_id_maker;order_id_taker,2025-07-08T23:59:59.5090000;2025-07-08T23:59:59.5477560;0f2d5ba1-31db-49dc-89c8-5c8c219114b2;108930.4;0.000585;BUY;;;;,458915
20250708,COINBASE,BTC-USD,v7,/Users/ygorfrancisco/Desktop/acd-monitor/data_v7/canonical/20250708/E-COINBASE/BTC-USD.csv.gz,23786134,66f568408e3dcc09d27c01af274b7157bad982295e39b9ad357a5052ab700287,time_exchange;time_coinapi;guid;price;base_amount;taker_side;id_exch_guid;id_exch_int_inc;order_id_maker;order_id_taker,2025-07-08T23:59:57.6041020;2025-07-08T23:59:57.6093015;685eee6f-39cb-46fa-918e-984aac1fb973;108958.04;0.00005145;BUY;;846167719;b527b85c-36e0-4f6b-af2c-bc9d45315750;79eef9c6-b815-40c7-9e6b-0da0780033f6,310948
20250709,BINANCE,BTCUSDT,v7,/Users/ygorfrancisco/Desktop/acd-monitor/data_v7/canonical/20250709/E-BINANCE/BTCUSDT.csv.gz,89418242,3e7a514038c9d9c21835a9926fe6c068906b3a5972c4348230315b914dcbe297,time_exchange;time_coinapi;guid;price;base_amount;taker_side;id_exch_guid;id_exch_int_inc;order_id_maker;order_id_taker,2025-07-09T23:59:59.9060000;2025-07-09T23:59:59.9089596;c5103a9f-2acc-4887-95a2-b1699c35a4e1;111233.99;0.00009;SELL;;5072459244;;,2328484
20250709,BITGET,BTCUSDT,v7,/Users/ygorfrancisco/Desktop/acd-monitor/data_v7/canonical/20250709/E-BITGET/BTCUSDT.csv.gz,2339521,9ffc38e508b1311839a61807c88de4f703ba28af40196764c1dd358177bb623c,time_exchange;time_coinapi;guid;price;base_amount;taker_side;id_exch_guid;id_exch_int_inc;order_id_maker;order_id_taker,2025-07-09T23:48:30.0200000;2025-07-09T23:48:30.1492206;678593b9-6d41-4c8d-9cb7-7c281fc020cb;111351.43;0.002903;SELL;;;;,59546
20250709,BYBITSPOT,BTCUSDT,v7,/Users/ygorfrancisco/Desktop/acd-monitor/data_v7/canonical/20250709/E-BYBITSPOT/BTCUSDT.csv.gz,22530846,44601e21bb905be69298b6590b370bdf377e789a4e98d2fdafd7b431449a5766,time_exchange;time_coinapi;guid;price;base_amount;taker_side;id_exch_guid;id_exch_int_inc;order_id_maker;order_id_taker,2025-07-09T23:59:59.0300000;2025-07-09T23:59:59.1680114;d6defafb-d9d8-4816-8169-52b83f58a23f;111256.3;0.000389;SELL;;;;,647196
20250709,COINBASE,BTC-USD,v7,/Users/ygorfrancisco/Desktop/acd-monitor/data_v7/canonical/20250709/E-COINBASE/BTC-USD.csv.gz,32502380,8318932b45142b34b0a138193bce043f38fd8a8736558de68e140cc947a8a208,time_exchange;time_coinapi;guid;price;base_amount;taker_side;id_exch_guid;id_exch_int_inc;order_id_maker;order_id_taker,2025-07-09T23:59:58.9724180;2025-07-09T23:59:58.9766301;a95cb627-9c65-47a7-8a48-285dbadb4ab9;111282.85;0.00004368;BUY;;846591199;b86d2cbb-f0c4-48d1-bd10-26b67ac43d86;fddae40b-1e94-435e-b468-8c45b6689493,423481
20250710,BINANCE,BTCUSDT,v7,/Users/ygorfrancisco/Desktop/acd-monitor/data_v7/canonical/20250710/E-BINANCE/BTCUSDT.csv.gz,123519354,34a3da1963189291913653ad08b7bfd41463f0f654509fd41357bfd772552117,time_exchange;time_coinapi;guid;price;base_amount;taker_side;id_exch_guid;id_exch_int_inc;order_id_maker;order_id_taker,2025-07-10T23:59:59.9520000;2025-07-11T00:00:00.0819811;0dde24e9-61a6-454c-acec-58cca36b621b;116010;0.00129;SELL;;5075686261;;,3227018
20250710,BITGET,BTCUSDT,v7,/Users/ygorfrancisco/Desktop/acd-monitor/data_v7/canonical/20250710/E-BITGET/BTCUSDT.csv.gz,4192377,c3464490fdf77ba45d93cd36f6404ee6108625a327a0793020a703105af270cf,time_exchange;time_coinapi;guid;price;base_amount;taker_side;id_exch_guid;id_exch_int_inc;order_id_maker;order_id_taker,2025-07-10T23:59:59.8470000;2025-07-10T23:59:59.9767414;b21116e2-34cf-4f84-b40b-3c2d82e451c2;115988.18;0.0001;BUY;;;;,109299
20250710,BYBITSPOT,BTCUSDT,v7,/Users/ygorfrancisco/Desktop/acd-monitor/data_v7/canonical/20250710/E-BYBITSPOT/BTCUSDT.csv.gz,28045165,d95238a0c3a909b2826991a278cd8bbb31f37f34284e21fa7c811defa65608d5,time_exchange;time_coinapi;guid;price;base_amount;taker_side;id_exch_guid;id_exch_int_inc;order_id_maker;order_id_taker,2025-07-10T23:59:58.6420000;2025-07-10T23:59:58.6814774;1c38676e-ce52-4d45-a511-0f36a5e82169;116014.3;0.006874;SELL;;;;,802508
20250710,COINBASE,BTC-USD,v7,/Users/ygorfrancisco/Desktop/acd-monitor/data_v7/canonical/20250710/E-COINBASE/BTC-USD.csv.gz,41308286,eb438f7704971d876f642a82ed679041a85efbb92c2bd8982b8b387f16ba4d91,time_exchange;time_coinapi;guid;price;base_amount;taker_side;id_exch_guid;id_exch_int_inc;order_id_maker;order_id_taker,2025-07-10T23:59:59.4421990;2025-07-10T23:59:59.4464727;fada694d-de66-4413-bd2f-19236cb72e97;116031.3;0.00083769;BUY;;847187194;2a939540-68bf-43ae-9e18-b56356448faf;f1c0a666-6cad-496a-bedf-ed59d335d070,544963
20250711,BINANCE,BTCUSDT,v7,/Users/ygorfrancisco/Desktop/acd-monitor/data_v7/canonical/20250711/E-BINANCE/BTCUSDT.csv.gz,140409435,dddc4adf7a8ddc56d8831b4bcf75173dfd07e304cb30eed637343c82a821adaa,time_exchange;time_coinapi;guid;price;base_amount;taker_side;id_exch_guid;id_exch_int_inc;order_id_maker;order_id_taker,2025-07-11T23:59:59.8500000;2025-07-11T23:52:32.3757200;daf0b1b9-a38f-4292-be73-3a81b1d479ba;117527.66;0.00526;SELL;;5079394455;;,3685647
20250711,BITGET,BTCUSDT,v7,/Users/ygorfrancisco/Desktop/acd-monitor/data_v7/canonical/20250711/E-BITGET/BTCUSDT.csv.gz,7056316,aa1ddd780ae85ce83920a3c7f1d183d413d981418efc1eec56fa751263e0c6d9,time_exchange;time_coinapi;guid;price;base_amount;taker_side;id_exch_guid;id_exch_int_inc;order_id_maker;order_id_taker,2025-07-11T23:59:54.0770000;2025-07-11T23:59:54.2068956;ec47a423-9f7d-4b14-8e55-7452b78b045d;117510.13;0.000017;BUY;;;;,184064
20250711,BYBITSPOT,BTCUSDT,v7,/Users/ygorfrancisco/Desktop/acd-monitor/data_v7/canonical/20250711/E-BYBITSPOT/BTCUSDT.csv.gz,33723136,6b9ef335f1a47a69cff659cd7519db0679f1c2e5b7c522eaaf4ed103ebd19d60,time_exchange;time_coinapi;guid;price;base_amount;taker_side;id_exch_guid;id_exch_int_inc;order_id_maker;order_id_taker,2025-07-11T23:59:55.7590000;2025-07-11T23:57:16.9076902;25eeb21d-3f59-4bde-b39f-6641cebbdad0;117533.9;0.000042;BUY;;;;,966092
20250711,COINBASE,BTC-USD,v7,/Users/ygorfrancisco/Desktop/acd-monitor/data_v7/canonical/20250711/E-COINBASE/BTC-USD.csv.gz,47573558,bd7a9db52ef4bb4d0e081bbd8f346d42c40ef164e0c250b3587ceaf8fed7554f,time_exchange;time_coinapi;guid;price;base_amount;taker_side;id_exch_guid;id_exch_int_inc;order_id_maker;order_id_taker,2025-07-11T23:59:59.7318460;2025-07-11T23:59:59.7834002;9ea485ce-ce18-473b-bf1b-f2ac14078808;117582.16;0.00005416;BUY;;847812193;6ac92abe-df42-4452-9c37-d17cc8e6e428;a6aa96fc-a0ed-43b0-8591-2f603acfc6e9,624890
20250712,BINANCE,BTCUSDT,v7,/Users/ygorfrancisco/Desktop/acd-monitor/data_v7/canonical/20250712/E-BINANCE/BTCUSDT.csv.gz,55735247,db751d028964ee8de65ae0ecf33e029bedb89cda7f08f6061a5bd2ddde843d76,time_exchange;time_coinapi;guid;price;base_amount;taker_side;id_exch_guid;id_exch_int_inc;order_id_maker;order_id_taker,2025-07-12T23:59:59.9350000;2025-07-12T23:59:59.9378325;165e70ad-cd3d-4ee4-95f2-102c25ede750;117420;0.00012;SELL;;5080836306;;,1439940
20250712,BITGET,BTCUSDT,v7,/Users/ygorfrancisco/Desktop/acd-monitor/data_v7/canonical/20250712/E-BITGET/BTCUSDT.csv.gz,2526001,637d268bffc9d53ddd912dbfa09e76a1eb85306d8195c3f36aa53b3a32ec47a7,time_exchange;time_coinapi;guid;price;base_amount;taker_side;id_exch_guid;id_exch_int_inc;order_id_maker;order_id_taker,2025-07-12T23:59:54.0750000;2025-07-12T23:59:54.2059376;118fba35-a87e-4cac-87a2-688adf0e920c;117423.27;0.000017;BUY;;;;,64808
20250712,BYBITSPOT,BTCUSDT,v7,/Users/ygorfrancisco/Desktop/acd-monitor/data_v7/canonical/20250712/E-BYBITSPOT/BTCUSDT.csv.gz,777154,c9a3569f5365eb7417ec42362dce7fcbe5651c0379afc034917f1bc3827bada3,time_exchange;time_coinapi;guid;price;base_amount;taker_side;id_exch_guid;id_exch_int_inc;order_id_maker;order_id_taker,2025-07-12T23:59:49.7430000;2025-07-12T23:59:49.7812632;92a3ee76-3520-4ae8-98bd-b8249503598c;0.0417;1349;SELL;;;;,19850
20250712,COINBASE,BTC-USD,v7,/Users/ygorfrancisco/Desktop/acd-monitor/data_v7/canonical/20250712/E-COINBASE/BTC-USD.csv.gz,21806601,0cdb825cb8386c29cee65d3ea88c8e67c8b2baefb23f5eb04b7f6362e877e709,time_exchange;time_coinapi;guid;price;base_amount;taker_side;id_exch_guid;id_exch_int_inc;order_id_maker;order_id_taker,2025-07-12T23:59:59.2452850;2025-07-12T23:59:59.3280377;4c243b92-5169-4bdc-9481-4572e1085dbb;117472.65;0.00002901;SELL;;848097722;43ed536b-64ab-4919-bc80-3ccff781f295;c14029c1-9b8d-4680-b39e-81314a32e3b0,285530
20250713,BINANCE,BTCUSDT,v7,/Users/ygorfrancisco/Desktop/acd-monitor/data_v7/canonical/20250713/E-BINANCE/BTCUSDT.csv.gz,63549834,26bbc7ff7aa8c23d74ce470159686b1cda453575e39c9ba21fe90d26caaefbf0,time_exchange;time_coinapi;guid;price;base_amount;taker_side;id_exch_guid;id_exch_int_inc;order_id_maker;order_id_taker,2025-07-13T23:59:59.6480000;2025-07-13T23:59:59.6507013;88fcc13b-944e-41a0-b07f-14f04e079203;119086.64;0.01631;SELL;;5082486589;;,1650284
20250713,BITGET,BTCUSDT,v7,/Users/ygorfrancisco/Desktop/acd-monitor/data_v7/canonical/20250713/E-BITGET/BTCUSDT.csv.gz,3286120,2554d16cdfddf913c4398fa7a6d50659d21013592ad74de0d9f3fa7fc68400af,time_exchange;time_coinapi;guid;price;base_amount;taker_side;id_exch_guid;id_exch_int_inc;order_id_maker;order_id_taker,2025-07-13T23:59:59.4580000;2025-07-13T23:59:59.5857704;04f162c5-25ea-4537-a3e2-7da51da31120;119066.19;0.000757;BUY;;;;,84422
20250713,BYBITSPOT,BTCUSDT,v7,/Users/ygorfrancisco/Desktop/acd-monitor/data_v7/canonical/20250713/E-BYBITSPOT/BTCUSDT.csv.gz,216602,cd0c46722b1cdf6785c214a5fd2b48e693ea53e3cc9cee5bcced9053cc5c7837,time_exchange;time_coinapi;guid;price;base_amount;taker_side;id_exch_guid;id_exch_int_inc;order_id_maker;order_id_taker,2025-07-13T23:59:59.3330000;2025-07-13T23:59:59.3713994;fefd95d6-bb8b-476a-baa3-5588eef9330c;0.04141;364;SELL;;;;,5221
20250713,COINBASE,BTC-USD,v7,/Users/ygorfrancisco/Desktop/acd-monitor/data_v7/canonical/20250713/E-COINBASE/BTC-USD.csv.gz,24890509,2bbf97fe4e1f042b972c1349d0ce62f9e2c5ac0e8aef016a056bb362306f2296,time_exchange;time_coinapi;guid;price;base_amount;taker_side;id_exch_guid;id_exch_int_inc;order_id_maker;order_id_taker,2025-07-13T23:59:59.3522960;2025-07-13T23:59:59.4340944;a7579ac6-453f-4ec5-a2e0-06328b82386f;119130.81;0.00238855;BUY;;848422637;8e91f593-e94d-4e09-8723-529811b027c9;900a275c-49c4-469b-9bac-77093f61f16f,324916
20250714,BINANCE,BTCUSDT,v7,/Users/ygorfrancisco/Desktop/acd-monitor/data_v7/canonical/20250714/E-BINANCE/BTCUSDT.csv.gz,155244332,f85192acc5f1f608257e2858fb7a5df4f2b6850748315a511b6f482855e5b2a4,time_exchange;time_coinapi;guid;price;base_amount;taker_side;id_exch_guid;id_exch_int_inc;order_id_maker;order_id_taker,2025-07-14T23:59:59.9880000;2025-07-14T23:59:59.9908276;b504accb-26a2-40de-8423-f02899310a72;119841.18;0.00016;BUY;;5086562722;;,4076134
20250714,BITGET,BTCUSDT,v7,/Users/ygorfrancisco/Desktop/acd-monitor/data_v7/canonical/20250714/E-BITGET/BTCUSDT.csv.gz,7762280,4be794da65a6c7bd1ff53ba6f6a2b401304c0869d94a6b93f631ff1e94716bb4,time_exchange;time_coinapi;guid;price;base_amount;taker_side;id_exch_guid;id_exch_int_inc;order_id_maker;order_id_taker,2025-07-14T23:59:30.5950000;2025-07-14T23:59:30.7238125;ec737aab-9b7a-40b6-8cc5-2bb665e019e3;119853.01;0.000595;BUY;;;;,205970
20250714,BYBITSPOT,BTCUSDT,v7,/Users/ygorfrancisco/Desktop/acd-monitor/data_v7/canonical/20250714/E-BYBITSPOT/BTCUSDT.csv.gz,358844,80825c4826a67095acaf59ccced1bbbf34773c956eb87c23c5ff0903951acec3,time_exchange;time_coinapi;guid;price;base_amount;taker_side;id_exch_guid;id_exch_int_inc;order_id_maker;order_id_taker,2025-07-14T23:59:15.0920000;2025-07-14T23:59:15.1303193;8a4b3ba3-e132-4103-9f55-c266f689f526;0.04136;0.3;BUY;;;;,9186
20250714,COINBASE,BTC-USD,v7,/Users/ygorfrancisco/Desktop/acd-monitor/data_v7/canonical/20250714/E-COINBASE/BTC-USD.csv.gz,52275150,37e8dc265a1c63d7931a53385c2713ddcb402f39109f7590c1612b1923de4808,time_exchange;time_coinapi;guid;price;base_amount;taker_side;id_exch_guid;id_exch_int_inc;order_id_maker;order_id_taker,2025-07-14T23:59:59.1901300;2025-07-14T23:59:59.2755359;34a17f1c-d588-4310-b18b-40e8d0449e02;119863.71;0.00050592;SELL;;849102869;b567f53c-fe9b-4cca-ae7d-d89b138f208e;3bf1fa68-4e48-4d28-a693-b69d3d430769,680233
20250715,BINANCE,BTCUSDT,v7,/Users/ygorfrancisco/Desktop/acd-monitor/data_v7/canonical/20250715/E-BINANCE/BTCUSDT.csv.gz,146646265,6b939fd60c99f5240148a405315edb6a3b2e6a8af27b23b0e3b1144637f46872,time_exchange;time_coinapi;guid;price;base_amount;taker_side;id_exch_guid;id_exch_int_inc;order_id_maker;order_id_taker,2025-07-15T23:59:59.6440000;2025-07-15T23:59:59.6463845;76ac5b3c-b79f-43fa-a1d1-cec79b9ad8f5;117758.09;0.00009;BUY;;5090368096;;,3805373
20250715,BITGET,BTCUSDT,v7,/Users/ygorfrancisco/Desktop/acd-monitor/data_v7/canonical/20250715/E-BITGET/BTCUSDT.csv.gz,8820767,a7879bd3b537221cb6782d9dd729b94d554442f0c46e74693fde89c5b0af2aeb,time_exchange;time_coinapi;guid;price;base_amount;taker_side;id_exch_guid;id_exch_int_inc;order_id_maker;order_id_taker,2025-07-15T23:59:55.1040000;2025-07-15T23:59:55.2352695;ea09ad83-95ed-4523-a795-c859f7906ef6;117736.76;0.005015;SELL;;;;,238359
20250715,BYBITSPOT,BTCUSDT,v7,/Users/ygorfrancisco/Desktop/acd-monitor/data_v7/canonical/20250715/E-BYBITSPOT/BTCUSDT.csv.gz,230666,c91df91961db2e4fe704b5da673c0516e567ec477165b1064089225dd1b884ef,time_exchange;time_coinapi;guid;price;base_amount;taker_side;id_exch_guid;id_exch_int_inc;order_id_maker;order_id_taker,2025-07-15T23:54:00.6470000;2025-07-15T23:54:00.6849667;7c6aebe5-f91b-4031-87f3-91d6e49dab7c;0.04206;231.9;SELL;;;;,5844
20250715,COINBASE,BTC-USD,v7,/Users/ygorfrancisco/Desktop/acd-monitor/data_v7/canonical/20250715/E-COINBASE/BTC-USD.csv.gz,68928849,bc0788fd6cfbe8876bc729dc3e71cbbee02e51fa3761d8787002cfc2fa417e18,time_exchange;time_coinapi;guid;price;base_amount;taker_side;id_exch_guid;id_exch_int_inc;order_id_maker;order_id_taker,2025-07-15T23:59:59.5324540;2025-07-15T23:59:59.6172329;916d15aa-89b1-4960-9337-52e373fd5387;117780.2;0.00004245;SELL;;850007999;01927bd9-eda3-49db-be3b-4f0c71ccf955;6b483766-0ff5-45ab-8997-df562c93a8b6,905096
20250716,BINANCE,BTCUSDT,v7,/Users/ygorfrancisco/Desktop/acd-monitor/data_v7/canonical/20250716/E-BINANCE/BTCUSDT.csv.gz,94248820,9209bb89e594ccc40bf23a8f458a25807c0418b47e7076964e1003fb230acfdf,time_exchange;time_coinapi;guid;price;base_amount;taker_side;id_exch_guid;id_exch_int_inc;order_id_maker;order_id_taker,2025-07-16T23:59:59.8160000;2025-07-16T23:59:59.8184565;0b8d39f8-0d30-47e9-a44a-624210c207b7;118630.43;0.00471;SELL;;5092797721;;,2429626
20250716,BITGET,BTCUSDT,v7,/Users/ygorfrancisco/Desktop/acd-monitor/data_v7/canonical/20250716/E-BITGET/BTCUSDT.csv.gz,6172999,c58651702d28d22d5256146eba92402974905aa75edb09e21fb1588438decb0e,time_exchange;time_coinapi;guid;price;base_amount;taker_side;id_exch_guid;id_exch_int_inc;order_id_maker;order_id_taker,2025-07-16T23:59:56.1050000;2025-07-16T23:59:56.2359192;f834f488-9e12-460e-8869-06319f681797;118625;0.000794;BUY;;;;,163885
20250716,BYBITSPOT,BTCUSDT,v7,/Users/ygorfrancisco/Desktop/acd-monitor/data_v7/canonical/20250716/E-BYBITSPOT/BTCUSDT.csv.gz,424591,a87144a38545aaaa1b00c63f5ba48081d577eaa7867307536acdcd35279d8eff,time_exchange;time_coinapi;guid;price;base_amount;taker_side;id_exch_guid;id_exch_int_inc;order_id_maker;order_id_taker,2025-07-16T23:59:20.0910000;2025-07-16T23:59:20.1296227;8e1df7ac-0440-4b52-8ef1-0199395a5010;0.04034;195;BUY;;;;,10089
20250716,COINBASE,BTC-USD,v7,/Users/ygorfrancisco/Desktop/acd-monitor/data_v7/canonical/20250716/E-COINBASE/BTC-USD.csv.gz,36964767,6c6f2acab3146f424f533334c2b1cc10a5109181671d9322f20c6a1deac43f22,time_exchange;time_coinapi;guid;price;base_amount;taker_side;id_exch_guid;id_exch_int_inc;order_id_maker;order_id_taker,2025-07-16T23:59:59.8735880;2025-07-16T23:59:59.9584734;d7aba6b0-c6dd-49db-b526-8be7773d621f;118681.68;0.00227;BUY;;850488202;537c0692-ba57-46ad-a0a3-f9860a34558d;d10372f8-5c86-403f-95a4-b2f57339e24e,480204
20250717,BINANCE,BTCUSDT,v7,/Users/ygorfrancisco/Desktop/acd-monitor/data_v7/canonical/20250717/E-BINANCE/BTCUSDT.csv.gz,91528325,f4b6d260e87c82c7a65d6142fafd43c193b8d8eba3546478e3ad8d4fc4c15324,time_exchange;time_coinapi;guid;price;base_amount;taker_side;id_exch_guid;id_exch_int_inc;order_id_maker;order_id_taker,2025-07-17T23:59:59.7520000;2025-07-17T23:59:59.7542523;57294954-719d-4cd5-9a4e-29e8671e5512;119177.56;0.00007;BUY;;5095145706;;,2347986
20250717,BITGET,BTCUSDT,v7,/Users/ygorfrancisco/Desktop/acd-monitor/data_v7/canonical/20250717/E-BITGET/BTCUSDT.csv.gz,7006905,32a36f65b1b05ec1bb43c56efbaf913f72ed5a5c2178e2adc59130c0b7bb731c,time_exchange;time_coinapi;guid;price;base_amount;taker_side;id_exch_guid;id_exch_int_inc;order_id_maker;order_id_taker,2025-07-17T23:59:54.0820000;2025-07-17T23:59:54.2085293;46f129bc-91b0-4cf8-a056-3866ae511014;119181.66;0.000205;SELL;;;;,187233
20250717,BYBITSPOT,BTCUSDT,v7,/Users/ygorfrancisco/Desktop/acd-monitor/data_v7/canonical/20250717/E-BYBITSPOT/BTCUSDT.csv.gz,230455,3c40623af0fe6ca028209aa4a93a1e23398747bf9f49e5c68da428235921861a,time_exchange;time_coinapi;guid;price;base_amount;taker_side;id_exch_guid;id_exch_int_inc;order_id_maker;order_id_taker,2025-07-17T23:59:56.2850000;2025-07-17T23:59:56.3231453;e30629c0-2e25-4b0e-8824-dd4f297e954a;0.03872;175.9;SELL;;;;,5386
20250717,COINBASE,BTC-USD,v7,/Users/ygorfrancisco/Desktop/acd-monitor/data_v7/canonical/20250717/E-COINBASE/BTC-USD.csv.gz,37728773,a05882c64c4f830b8a4b1da99af6bba85604c08b042bb1136acd20fd872fc5d4,time_exchange;time_coinapi;guid;price;base_amount;taker_side;id_exch_guid;id_exch_int_inc;order_id_maker;order_id_taker,2025-07-17T23:59:59.6566430;2025-07-17T23:59:59.7420284;9f74a6e4-2e69-4ee1-96b0-e322d18cfb68;119273.69;0.00148466;SELL;;850976442;d3f94481-e630-4c2f-9039-12bd3b6474ae;0468e2b1-0007-4b1b-834f-08201ca8f9f0,488241
20250718,BINANCE,BTCUSDT,v7,/Users/ygorfrancisco/Desktop/acd-monitor/data_v7/canonical/20250718/E-BINANCE/BTCUSDT.csv.gz,108505677,ed751cc33ed2a005181f41dc5ad6202bfee54b0a0cf1c921e827e8281c5cfdaf,time_exchange;time_coinapi;guid;price;base_amount;taker_side;id_exch_guid;id_exch_int_inc;order_id_maker;order_id_taker,2025-07-18T23:59:59.9660000;2025-07-18T23:59:59.9682829;5e69564e-1320-4851-ad22-abd04dd56af1;117924.84;0.0001;SELL;;5097950942;;,2805237
20250718,BITGET,BTCUSDT,v7,/Users/ygorfrancisco/Desktop/acd-monitor/data_v7/canonical/20250718/E-BITGET/BTCUSDT.csv.gz,8100861,e99650b51783e2cbdd4dccd5e724d8bdcb51d71adf541e51644a8451e7409cd5,time_exchange;time_coinapi;guid;price;base_amount;taker_side;id_exch_guid;id_exch_int_inc;order_id_maker;order_id_taker,2025-07-18T23:59:56.6870000;2025-07-18T23:59:56.8162257;bd72fad9-f402-4101-81b4-650445864d26;117941.92;0.00911;BUY;;;;,214735
20250718,BYBITSPOT,BTCUSDT,v7,/Users/ygorfrancisco/Desktop/acd-monitor/data_v7/canonical/20250718/E-BYBITSPOT/BTCUSDT.csv.gz,125870,2a5aaee9d1b6a7d645fffe9d20d7faa783c9002439c36a0616c0257f52dd17d2,time_exchange;time_coinapi;guid;price;base_amount;taker_side;id_exch_guid;id_exch_int_inc;order_id_maker;order_id_taker,2025-07-18T23:55:26.8170000;2025-07-18T23:55:26.8565818;1dc775ef-56aa-4599-bcac-be0022615edf;0.03811;246.1;SELL;;;;,2969
20250718,COINBASE,BTC-USD,v7,/Users/ygorfrancisco/Desktop/acd-monitor/data_v7/canonical/20250718/E-COINBASE/BTC-USD.csv.gz,44741854,dea326670f309adc6ed003bb556e899c11584cbf38dc0c9bca5913e277c69675,time_exchange;time_coinapi;guid;price;base_amount;taker_side;id_exch_guid;id_exch_int_inc;order_id_maker;order_id_taker,2025-07-18T23:59:59.8919440;2025-07-18T23:59:59.9798240;4e6beb7b-3a7d-4b89-8b47-a6ebc6d59e2b;118023.05;0.00017879;SELL;;851552606;890fb06b-f25e-47b5-96bb-bd258641948d;4d62823b-8aaa-4343-ae50-08d8d3774aa5,576142
20250719,BINANCE,BTCUSDT,v7,/Users/ygorfrancisco/Desktop/acd-monitor/data_v7/canonical/20250719/E-BINANCE/BTCUSDT.csv.gz,44460934,f6b313dc9cfee912ffbc73f1d7d71d05a9d9f6d19caddb017375ecc5d17d622a,time_exchange;time_coinapi;guid;price;base_amount;taker_side;id_exch_guid;id_exch_int_inc;order_id_maker;order_id_taker,2025-07-19T23:59:59.6220000;2025-07-19T23:59:59.6240942;0df4a820-c7d2-45ff-b834-a8f319b7875e;117840;0.00024;SELL;;5099084324;;,1133382
20250719,BITGET,BTCUSDT,v7,/Users/ygorfrancisco/Desktop/acd-monitor/data_v7/canonical/20250719/E-BITGET/BTCUSDT.csv.gz,2718303,4f0a002daaf41866b9a807f23137c65c841263a7b1a4f0abc5eec1acf19d4501,time_exchange;time_coinapi;guid;price;base_amount;taker_side;id_exch_guid;id_exch_int_inc;order_id_maker;order_id_taker,2025-07-19T23:59:59.2800000;2025-07-19T23:59:59.4116957;3833cb32-c3f7-4b06-b5fc-ed5c3b77e2a1;117845.15;0.000714;SELL;;;;,68955
20250719,BYBITSPOT,BTCUSDT,v7,/Users/ygorfrancisco/Desktop/acd-monitor/data_v7/canonical/20250719/E-BYBITSPOT/BTCUSDT.csv.gz,106925,7e17bf649083cc4bd7084b2a212a13b254a0b0cf91a112e314a57f8061a3a41f,time_exchange;time_coinapi;guid;price;base_amount;taker_side;id_exch_guid;id_exch_int_inc;order_id_maker;order_id_taker,2025-07-19T23:59:00.7790000;2025-07-19T23:59:00.8242299;02843cc2-1fce-455b-8064-e2af998541ad;0.04099;29.5;SELL;;;;,2462
20250719,COINBASE,BTC-USD,v7,/Users/ygorfrancisco/Desktop/acd-monitor/data_v7/canonical/20250719/E-COINBASE/BTC-USD.csv.gz,24797129,dbe26a6a479767c69dbde05c3e1a31811155946c9c50edcfa9d30cf0e20143c5,time_exchange;time_coinapi;guid;price;base_amount;taker_side;id_exch_guid;id_exch_int_inc;order_id_maker;order_id_taker,2025-07-19T23:59:57.9030970;2025-07-19T23:59:57.9079741;909f728b-6e8d-4103-a832-4f2ae2b95805;117914.17;0.00033066;BUY;;851876146;5b870e50-7f69-44f2-8033-1b9b9916e473;37a9b564-86e4-4160-8baa-39229cc6f944,323541
20250720,BINANCE,BTCUSDT,v7,/Users/ygorfrancisco/Desktop/acd-monitor/data_v7/canonical/20250720/E-BINANCE/BTCUSDT.csv.gz,63062406,f0c915e3bb850326cf60300c8596c07ebdcd344478b2805e24f713a92ce24d4a,time_exchange;time_coinapi;guid;price;base_amount;taker_side;id_exch_guid;id_exch_int_inc;order_id_maker;order_id_taker,2025-07-20T23:59:59.8150000;2025-07-20T23:59:59.8182247;f0f41080-3844-4e4a-8ba9-28348979a237;117265.12;0.00218;BUY;;5100700259;;,1615936
20250720,BITGET,BTCUSDT,v7,/Users/ygorfrancisco/Desktop/acd-monitor/data_v7/canonical/20250720/E-BITGET/BTCUSDT.csv.gz,4493073,ac00eecbece31c613a9fb151f2016d88f9b7d8a2feccc4e111ac815b8038cf34,time_exchange;time_coinapi;guid;price;base_amount;taker_side;id_exch_guid;id_exch_int_inc;order_id_maker;order_id_taker,2025-07-20T23:59:59.2750000;2025-07-20T23:59:59.4095498;f29bade2-9494-447f-bc69-a686381c724c;117273;0.000011;SELL;;;;,117606
20250720,BYBITSPOT,BTCUSDT,v7,/Users/ygorfrancisco/Desktop/acd-monitor/data_v7/canonical/20250720/E-BYBITSPOT/BTCUSDT.csv.gz,124526,fdf19ed4c9ace72fcf4327ca34f299842742361e60265ac543ef14c522233d0d,time_exchange;time_coinapi;guid;price;base_amount;taker_side;id_exch_guid;id_exch_int_inc;order_id_maker;order_id_taker,2025-07-20T23:59:49.2080000;2025-07-20T23:59:49.2474402;e00351d8-8d34-4fed-83f0-a90bf4ced25d;0.04255;50.1;SELL;;;;,3006
20250720,COINBASE,BTC-USD,v7,/Users/ygorfrancisco/Desktop/acd-monitor/data_v7/canonical/20250720/E-COINBASE/BTC-USD.csv.gz,20114050,69bf6ef2efb6c0e910dbc825746e81c4bf9201203b13752231edf2f789cc957b,time_exchange;time_coinapi;guid;price;base_amount;taker_side;id_exch_guid;id_exch_int_inc;order_id_maker;order_id_taker,2025-07-20T23:59:59.1981170;2025-07-20T23:59:59.2602121;74e563c4-0817-4b64-8786-3d5fdaf666de;117312.7;0.00056402;SELL;;852185407;823cde7b-9057-410a-a6b7-26899f93a8ae;19f84415-9f09-46ea-958c-17bdc77aae05,258740
20250721,BINANCE,BTCUSDT,v7,/Users/ygorfrancisco/Desktop/acd-monitor/data_v7/canonical/20250721/E-BINANCE/BTCUSDT.csv.gz,96986133,5414779fcfd8253dee0f5573db28a88ab61944ec3cec27503344f48916aefe86,time_exchange;time_coinapi;guid;price;base_amount;taker_side;id_exch_guid;id_exch_int_inc;order_id_maker;order_id_taker,2025-07-21T23:59:59.7850000;2025-07-21T23:59:59.7886504;63e172bc-2bf6-4ca2-84f8-d0ce3fd77112;117380.36;0.00638;SELL;;5103209802;;,2509544
20250721,BITGET,BTCUSDT,v7,/Users/ygorfrancisco/Desktop/acd-monitor/data_v7/canonical/20250721/E-BITGET/BTCUSDT.csv.gz,9092891,17292d1d100dd11ffede95e46c59903a77ecc3f2ce31799654261c2ac985ae07,time_exchange;time_coinapi;guid;price;base_amount;taker_side;id_exch_guid;id_exch_int_inc;order_id_maker;order_id_taker,2025-07-21T23:59:58.6830000;2025-07-21T23:59:58.8117882;e1152646-1a4a-484c-9177-68a5048c3ba0;117386.01;0.002436;BUY;;;;,243789
20250721,BYBITSPOT,BTCUSDT,v7,/Users/ygorfrancisco/Desktop/acd-monitor/data_v7/canonical/20250721/E-BYBITSPOT/BTCUSDT.csv.gz,168367,282640abe9119c7d547eff1c9dda390855c088b5f3786055529820e55bb92a87,time_exchange;time_coinapi;guid;price;base_amount;taker_side;id_exch_guid;id_exch_int_inc;order_id_maker;order_id_taker,2025-07-21T23:59:59.6210000;2025-07-21T23:59:59.6594362;0114feec-303e-4493-9ab1-7c1ddac0aa6c;0.04159;148.5;SELL;;;;,4372
20250721,COINBASE,BTC-USD,v7,/Users/ygorfrancisco/Desktop/acd-monitor/data_v7/canonical/20250721/E-COINBASE/BTC-USD.csv.gz,32046198,53d6865054f2119972e93caab7648d5f9fdc58b297e47242a272b450cc918dd9,time_exchange;time_coinapi;guid;price;base_amount;taker_side;id_exch_guid;id_exch_int_inc;order_id_maker;order_id_taker,2025-07-21T23:59:57.4406410;2025-07-21T23:59:57.5370090;bc509751-c7d8-415a-90dc-1e268a3ac020;117428.79;0.00026977;BUY;;852594196;a7857aa2-5bae-4888-9aa3-bf59c9ee3a53;068a232b-0774-460a-b8dd-3796e25b7e01,408734
20250722,BINANCE,BTCUSDT,v6,/Users/ygorfrancisco/Desktop/acd-monitor/data_v7/canonical/20250722/E-BINANCE/BTCUSDT.csv.gz,132025635,90916056dcb423c16a9043b4bcb64d5598d7b7aafdc3b1bd3c3e2ddf6ba75b75,time_exchange;time_coinapi;guid;price;base_amount;taker_side;id_exch_guid;id_exch_int_inc;order_id_maker;order_id_taker,2025-07-22T23:59:59.9960000;2025-07-22T23:59:59.9982080;892fe2fc-4aef-456d-a9d0-eab43ac30f83;120186.35;0.04166;BUY;;1691925728;;,3091174
20250722,BITGET,BTCUSDT,v6,/Users/ygorfrancisco/Desktop/acd-monitor/data_v7/canonical/20250722/E-BITGET/BTCUSDT.csv.gz,12472136,192c655bd3fec350d17d764fe6a0df81c775e98d4e045ad60a2ec534de244bfb,time_exchange;time_coinapi;guid;price;base_amount;taker_side;id_exch_guid;id_exch_int_inc;order_id_maker;order_id_taker,2025-07-22T23:59:50.6470000;2025-07-22T23:59:50.7781530;2a162b37-bbf6-49d7-93f9-a61b48476890;119935.78;0.000321;SELL;;;;,334066
20250722,BYBITSPOT,BTCUSDT,v6,/Users/ygorfrancisco/Desktop/acd-monitor/data_v7/canonical/20250722/E-BYBITSPOT/BTCUSDT.csv.gz,34726440,6af42355eee7e7dc2b1c9176a72768797dc0487e7f95b3927aebf807cb61521c,time_exchange;time_coinapi;guid;price;base_amount;taker_side;id_exch_guid;id_exch_int_inc;order_id_maker;order_id_taker,2025-07-22T23:59:57.4270000;2025-07-22T23:59:57.4675583;4f263ac6-587a-4ca6-b38a-8ccebfc2259f;119950.5;0.00396;BUY;;;;,1009519
20250722,COINBASE,BTCUSDT,v6,/Users/ygorfrancisco/Desktop/acd-monitor/data_v7/canonical/20250722/E-COINBASE/BTCUSDT.csv.gz,33423988,3cd955930dc3af70408508fbe915fe2b2b60d5ebe6694d1bf3995294daac2c6e,time_exchange;time_coinapi;guid;price;base_amount;taker_side;id_exch_guid;id_exch_int_inc;order_id_maker;order_id_taker,2025-07-22T23:59:59.1523820;2025-07-22T23:59:59.2387859;90031afd-6778-4da9-93f2-03e11c52fd06;120026.42;0.02037793;BUY;;853022137;45224b9f-9a3f-47de-b9c1-c300b3c3a6c3;ef3d7ba2-e0bf-49e4-877c-d035716df10e,427933
20250723,BINANCE,BTCUSDT,v6,/Users/ygorfrancisco/Desktop/acd-monitor/data_v7/canonical/20250723/E-BINANCE/BTCUSDT.csv.gz,118009423,04c6d4110026bc50c05326e50eb7acf083dcad09c5bb4e92d48d7788823f4f3a,time_exchange;time_coinapi;guid;price;base_amount;taker_side;id_exch_guid;id_exch_int_inc;order_id_maker;order_id_taker,2025-07-23T23:59:59.9900000;2025-07-23T23:59:59.9921740;fa2840b3-39da-4947-9d5e-695096744e7c;119022.82;0.0001;BUY;;1694692354;;,2766626
20250723,BITGET,BTCUSDT,v6,/Users/ygorfrancisco/Desktop/acd-monitor/data_v7/canonical/20250723/E-BITGET/BTCUSDT.csv.gz,8145767,e04ee761e13a734e224fee2c01874c7e6b07646306dd7ed17708fa85bfc72769,time_exchange;time_coinapi;guid;price;base_amount;taker_side;id_exch_guid;id_exch_int_inc;order_id_maker;order_id_taker,2025-07-23T23:59:58.6930000;2025-07-23T23:59:58.8215197;dfb5aa0e-4534-4717-b686-becc025eafb5;118753.72;0.002114;BUY;;;;,213383
20250723,BYBITSPOT,BTCUSDT,v6,/Users/ygorfrancisco/Desktop/acd-monitor/data_v7/canonical/20250723/E-BYBITSPOT/BTCUSDT.csv.gz,27954989,d9ae2f9419cdc70bf0e7f1930c7a35a6ad735a1452d3f06fc6b5c82de0a2322c,time_exchange;time_coinapi;guid;price;base_amount;taker_side;id_exch_guid;id_exch_int_inc;order_id_maker;order_id_taker,2025-07-23T23:59:57.6710000;2025-07-23T23:59:57.7099251;19e40a91-e7b0-4a2a-8329-36b0398289e7;118748.8;0.000846;SELL;;;;,814295
20250723,COINBASE,BTCUSDT,v6,/Users/ygorfrancisco/Desktop/acd-monitor/data_v7/canonical/20250723/E-COINBASE/BTCUSDT.csv.gz,28872167,e5ef94237bd9dfb3864a2d9ba77e75f0fbda05058568ad42a76167bbf1ef3d07,time_exchange;time_coinapi;guid;price;base_amount;taker_side;id_exch_guid;id_exch_int_inc;order_id_maker;order_id_taker,2025-07-23T23:59:58.4612530;2025-07-23T23:59:58.5383379;cff2e16d-80f5-4884-b80e-91743c9a2e62;118810.44;0.00000008;BUY;;853392775;0930e72c-1b5a-4437-84cb-97c587362ff9;7b369b00-7a31-46db-a694-05f6d553e76b,370294
20250724,BINANCE,BTCUSDT,v6,/Users/ygorfrancisco/Desktop/acd-monitor/data_v7/canonical/20250724/E-BINANCE/BTCUSDT.csv.gz,147907777,0fd28885806bbbb05670836596f7c7de9cad0498e4a938f8417ec0954c67d2f9,time_exchange;time_coinapi;guid;price;base_amount;taker_side;id_exch_guid;id_exch_int_inc;order_id_maker;order_id_taker,2025-07-24T23:59:59.9350000;2025-07-24T23:59:59.9393406;80ae03d3-b5d1-4889-8456-062f79b58861;118615.11;0.00005;SELL;;1698160733;;,3468380
20250724,BITGET,BTCUSDT,v6,/Users/ygorfrancisco/Desktop/acd-monitor/data_v7/canonical/20250724/E-BITGET/BTCUSDT.csv.gz,18263568,ceec9cd86da918c675cf80c05b78adfb0e2ed65023bd6a6f5e5787ccda8643ca,time_exchange;time_coinapi;guid;price;base_amount;taker_side;id_exch_guid;id_exch_int_inc;order_id_maker;order_id_taker,2025-07-24T23:59:59.7300000;2025-07-24T23:59:59.8597357;6e661f70-9419-4ce2-8036-526ffde645d5;118336.48;0.000289;SELL;;;;,455746
20250724,BYBITSPOT,BTCUSDT,v6,/Users/ygorfrancisco/Desktop/acd-monitor/data_v7/canonical/20250724/E-BYBITSPOT/BTCUSDT.csv.gz,28615482,dd0c1df69db964dd838962ddb0d50873df314dab33d3b966abae7843f64ac309,time_exchange;time_coinapi;guid;price;base_amount;taker_side;id_exch_guid;id_exch_int_inc;order_id_maker;order_id_taker,2025-07-24T23:59:59.6440000;2025-07-24T23:59:59.6833058;c67464d0-2585-48e3-88e2-c52432e17fb4;118347.7;0.043445;BUY;;;;,835718
20250724,COINBASE,BTCUSDT,v6,/Users/ygorfrancisco/Desktop/acd-monitor/data_v7/canonical/20250724/E-COINBASE/BTCUSDT.csv.gz,30037426,79ad97d782ddd0433c70467ae7b3b8da6f21ab38aa68a3f2b81c085ca0ff04b4,time_exchange;time_coinapi;guid;price;base_amount;taker_side;id_exch_guid;id_exch_int_inc;order_id_maker;order_id_taker,2025-07-24T23:59:59.6641480;2025-07-24T23:59:59.8128155;a664b6a8-678a-400b-a112-51afa88ce451;118397.04;0.00001;BUY;;853780554;cc9b1a35-443d-4206-843a-7cd905cf437b;dc2eb900-99cc-4146-a885-b290faecc9f6,387248
20250725,BINANCE,BTCUSDT,v6,/Users/ygorfrancisco/Desktop/acd-monitor/data_v7/canonical/20250725/E-BINANCE/BTCUSDT.csv.gz,164816484,72654eebcb0641a0333ae9d84fa0163df73d17a85e7caf8f6b2b30efa6c539cd,time_exchange;time_coinapi;guid;price;base_amount;taker_side;id_exch_guid;id_exch_int_inc;order_id_maker;order_id_taker,2025-07-25T23:59:59.9390000;2025-07-25T23:59:59.9415282;5f125aca-981d-4342-bf22-b5868f2c2280;117846.56;0.00005;BUY;;1702007339;;,3846607
20250725,BITGET,BTCUSDT,v6,/Users/ygorfrancisco/Desktop/acd-monitor/data_v7/canonical/20250725/E-BITGET/BTCUSDT.csv.gz,19356481,0b3ff58c354b50ba0f5bd12168ebe068a75e714a522179f010f2b5e562a37dcb,time_exchange;time_coinapi;guid;price;base_amount;taker_side;id_exch_guid;id_exch_int_inc;order_id_maker;order_id_taker,2025-07-25T23:59:59.9280000;2025-07-26T00:00:00.0577766;526d11e5-eb65-48cd-a3db-05850d36b516;117599.01;0.000043;BUY;;;;,489254
20250725,BYBITSPOT,BTCUSDT,v6,/Users/ygorfrancisco/Desktop/acd-monitor/data_v7/canonical/20250725/E-BYBITSPOT/BTCUSDT.csv.gz,44203439,048781ad8599f88e51277fc9cf066f2f17d7df96492d347c48809c6bcb7660c5,time_exchange;time_coinapi;guid;price;base_amount;taker_side;id_exch_guid;id_exch_int_inc;order_id_maker;order_id_taker,2025-07-25T23:59:58.5820000;2025-07-25T23:59:58.7181068;31713b38-1d75-49e8-9f75-0b2d8a3a8015;117607.9;0.000318;BUY;;;;,1295921
20250725,COINBASE,BTCUSDT,v6,/Users/ygorfrancisco/Desktop/acd-monitor/data_v7/canonical/20250725/E-COINBASE/BTCUSDT.csv.gz,58962149,48d3488cc484bd1314f69ee6839e81fa0abc812ef46bcb4d8c3b251780cf717b,time_exchange;time_coinapi;guid;price;base_amount;taker_side;id_exch_guid;id_exch_int_inc;order_id_maker;order_id_taker,2025-07-25T23:59:59.9696610;2025-07-26T00:00:00.0557379;05f0e247-b5ee-495e-832c-aa457cd68a56;117633.27;0.06771081;BUY;;854558946;2a34adcc-5894-44e7-ad1a-d5d7dd4844ca;021eb734-15be-46fd-877f-8b38bf9ae0e1,778176
20250726,BINANCE,BTCUSDT,v6,/Users/ygorfrancisco/Desktop/acd-monitor/data_v7/canonical/20250726/E-BINANCE/BTCUSDT.csv.gz,102516611,cfa072bfbc578e85ae04f92d8d7732f7c969d60430f84aa03f89b3b14ca7951b,time_exchange;time_coinapi;guid;price;base_amount;taker_side;id_exch_guid;id_exch_int_inc;order_id_maker;order_id_taker,2025-07-26T23:59:59.9340000;2025-07-26T23:59:59.9360990;7e0bdbc1-53d4-40a0-bcad-e4e01c254fb3;118166.28;0.00005;SELL;;1704419098;;,2411760
20250726,BITGET,BTCUSDT,v6,/Users/ygorfrancisco/Desktop/acd-monitor/data_v7/canonical/20250726/E-BITGET/BTCUSDT.csv.gz,12535793,0fdeb04f5e384f84901efab06571c427cbef55cb486b52a6519f1ed43f11b56f,time_exchange;time_coinapi;guid;price;base_amount;taker_side;id_exch_guid;id_exch_int_inc;order_id_maker;order_id_taker,2025-07-26T23:59:58.7790000;2025-07-26T23:59:58.9128059;b228717f-c667-4af0-864b-dd5da9564d8f;117895.01;0.000001;BUY;;;;,305165
20250726,BYBITSPOT,BTCUSDT,v6,/Users/ygorfrancisco/Desktop/acd-monitor/data_v7/canonical/20250726/E-BYBITSPOT/BTCUSDT.csv.gz,11102234,4e73a854ebaeca6553ad25e223c6601a61bbec9a7592cc20b51221639101deab,time_exchange;time_coinapi;guid;price;base_amount;taker_side;id_exch_guid;id_exch_int_inc;order_id_maker;order_id_taker,2025-07-26T23:59:58.7560000;2025-07-26T23:59:58.7978553;1d121543-afc4-49d7-b06c-60fd4ea72f7e;117909;0.001187;BUY;;;;,309388
20250726,COINBASE,BTCUSDT,v6,/Users/ygorfrancisco/Desktop/acd-monitor/data_v7/canonical/20250726/E-COINBASE/BTCUSDT.csv.gz,27302863,e2bafc4dab8de9f761826916cb8f587b2ee4e62afbed7bf005f0bf340c4cc895,time_exchange;time_coinapi;guid;price;base_amount;taker_side;id_exch_guid;id_exch_int_inc;order_id_maker;order_id_taker,2025-07-26T23:59:58.7791830;2025-07-26T23:59:58.8850395;70691208-12ce-456c-9574-e624e1b7b235;117969.63;0.00000033;BUY;;854923131;6a442d14-8b0c-490d-bc5e-9e90f8ca2423;041e331c-63d3-481b-bdef-b2fa04f0d676,364186
20250727,BINANCE,BTCUSDT,v6,/Users/ygorfrancisco/Desktop/acd-monitor/data_v7/canonical/20250727/E-BINANCE/BTCUSDT.csv.gz,116181392,d1bc73b60ac1a927fc990f3328ca00a4e4bff8dd4bc75dd0d1a80267774b98aa,time_exchange;time_coinapi;guid;price;base_amount;taker_side;id_exch_guid;id_exch_int_inc;order_id_maker;order_id_taker,2025-07-27T23:59:59.9380000;2025-07-27T23:59:59.9407373;f53b3933-7c6f-4fa7-81a9-017b1ec1eee1;119639.57;0.0005;SELL;;1707151689;;,2732589
20250727,BITGET,BTCUSDT,v6,/Users/ygorfrancisco/Desktop/acd-monitor/data_v7/canonical/20250727/E-BITGET/BTCUSDT.csv.gz,16104208,3ffc8538a8f82bf5af010df11a06d60a2e76cdc865d3cf019ec9189d100bf37b,time_exchange;time_coinapi;guid;price;base_amount;taker_side;id_exch_guid;id_exch_int_inc;order_id_maker;order_id_taker,2025-07-27T23:59:59.9710000;2025-07-28T00:00:00.0993030;27b41ccc-1810-4c68-8fe2-4ab081504f98;119422.05;0.000806;SELL;;;;,394955
20250727,BYBITSPOT,BTCUSDT,v6,/Users/ygorfrancisco/Desktop/acd-monitor/data_v7/canonical/20250727/E-BYBITSPOT/BTCUSDT.csv.gz,11887386,3fb542c61405ae07fa15da55939603e03f70f9a4a4efb4b26655fb393e6f28fb,time_exchange;time_coinapi;guid;price;base_amount;taker_side;id_exch_guid;id_exch_int_inc;order_id_maker;order_id_taker,2025-07-27T23:59:58.9640000;2025-07-27T23:59:59.0022504;b52e5f59-0707-4468-a343-b8dd3500ab3a;119434.3;0.00018;BUY;;;;,331423
20250727,COINBASE,BTCUSDT,v6,/Users/ygorfrancisco/Desktop/acd-monitor/data_v7/canonical/20250727/E-COINBASE/BTCUSDT.csv.gz,20705702,6fdd3e2864b527fbdf6982763a6eed2b1928b95052620c841e6562f8da173054,time_exchange;time_coinapi;guid;price;base_amount;taker_side;id_exch_guid;id_exch_int_inc;order_id_maker;order_id_taker,2025-07-27T23:59:59.7540880;2025-07-27T23:59:59.8394029;998901cf-a64c-42ef-b01a-98252d999dde;119465.52;0.00000912;BUY;;855196440;c37451a6-4f82-436b-bcad-6a60c456a742;0ace2ad7-7306-4047-bb1b-8d3f2ab2c339,273310
20250728,BINANCE,BTCUSDT,v7,/Users/ygorfrancisco/Desktop/acd-monitor/data_v7/canonical/20250728/E-BINANCE/BTCUSDT.csv.gz,70533294,fc2fa4b1148ad3649dea8fead8465534d37dcdd038af32f805ea2fed44aed126,time_exchange;time_coinapi;guid;price;base_amount;taker_side;id_exch_guid;id_exch_int_inc;order_id_maker;order_id_taker,2025-07-28T23:59:59.9640000;2025-07-28T23:59:59.9654650;95a828b9-001a-496e-b2f3-fdea86850a22;118062.32;0.00032;BUY;;5117163958;;,1824778
20250728,BITGET,BTCUSDT,v7,/Users/ygorfrancisco/Desktop/acd-monitor/data_v7/canonical/20250728/E-BITGET/BTCUSDT.csv.gz,19076795,67972370f4560ca013884731e2db442b41c339fc34e4efbf8b07e444363ad09d,time_exchange;time_coinapi;guid;price;base_amount;taker_side;id_exch_guid;id_exch_int_inc;order_id_maker;order_id_taker,2025-07-28T23:59:58.8970000;2025-07-28T23:59:59.0333523;f89e33c1-3300-4d64-a631-87d4b0f7c50b;118089.46;0.005273;BUY;;;;,470876
20250728,BYBITSPOT,BTCUSDT,v7,/Users/ygorfrancisco/Desktop/acd-monitor/data_v7/canonical/20250728/E-BYBITSPOT/BTCUSDT.csv.gz,19791865,247b9429d0811db3dbc9c9f69e46a534563677e0587f66f9a1f786381104ff1e,time_exchange;time_coinapi;guid;price;base_amount;taker_side;id_exch_guid;id_exch_int_inc;order_id_maker;order_id_taker,2025-07-28T23:59:59.6890000;2025-07-28T23:59:59.7277962;6095c1ca-3d03-42a3-937b-eeee7356b964;118079.8;0.000042;BUY;;;;,558621
20250728,COINBASE,BTC-USD,v7,/Users/ygorfrancisco/Desktop/acd-monitor/data_v7/canonical/20250728/E-COINBASE/BTC-USD.csv.gz,27288286,4203bef2b8596316338dcbd74eed8bfb61dc0c63064ee02dd7c2a27336c96c88,time_exchange;time_coinapi;guid;price;base_amount;taker_side;id_exch_guid;id_exch_int_inc;order_id_maker;order_id_taker,2025-07-28T23:59:57.3181780;2025-07-28T23:59:57.3959579;acce49f5-9d63-44cb-acc9-0945fb85f667;118070.59;0.00037824;SELL;;855550146;140d839b-57bd-4ad1-bdab-f24ec676e913;06643b71-1122-463c-8a98-678ff4b07068,353537
20250729,BINANCE,BTCUSDT,v7,/Users/ygorfrancisco/Desktop/acd-monitor/data_v7/canonical/20250729/E-BINANCE/BTCUSDT.csv.gz,75391964,b53f27b063038023dfee39ca0f6e3561bbf4a9319cfb3a4874517dbddb22c5f5,time_exchange;time_coinapi;guid;price;base_amount;taker_side;id_exch_guid;id_exch_int_inc;order_id_maker;order_id_taker,2025-07-29T23:59:59.4380000;2025-07-29T23:59:59.4404210;35e8fc17-7937-4134-9714-a3ebd10c50ba;117950.76;0.00007;BUY;;5119120652;;,1956695
20250729,BITGET,BTCUSDT,v7,/Users/ygorfrancisco/Desktop/acd-monitor/data_v7/canonical/20250729/E-BITGET/BTCUSDT.csv.gz,34526631,ea6daf59144cbd07d8f83a20a417858a7a6a4ef9d74e1165bc5a227d96f89173,time_exchange;time_coinapi;guid;price;base_amount;taker_side;id_exch_guid;id_exch_int_inc;order_id_maker;order_id_taker,2025-07-29T23:59:59.8410000;2025-07-29T23:56:12.1387002;1136fd1a-8b64-4272-be34-283995a999cb;117935.25;0.000224;SELL;;;;,852686
20250729,BYBITSPOT,BTCUSDT,v7,/Users/ygorfrancisco/Desktop/acd-monitor/data_v7/canonical/20250729/E-BYBITSPOT/BTCUSDT.csv.gz,20451096,2b775f1cd3ae37a1804a31b1bacdc83972136b88621422e18da6ae44c0a12cfa,time_exchange;time_coinapi;guid;price;base_amount;taker_side;id_exch_guid;id_exch_int_inc;order_id_maker;order_id_taker,2025-07-29T23:59:57.1360000;2025-07-29T23:59:57.1754855;5dce7855-97c6-4947-9d8d-31a57acd1c36;117938.9;0.084785;SELL;;;;,577075
20250729,COINBASE,BTC-USD,v7,/Users/ygorfrancisco/Desktop/acd-monitor/data_v7/canonical/20250729/E-COINBASE/BTC-USD.csv.gz,28338093,340c57a6a470344180b160fcc8e3494bb4ffc23da47e4ca577cf66afb12a1be3,time_exchange;time_coinapi;guid;price;base_amount;taker_side;id_exch_guid;id_exch_int_inc;order_id_maker;order_id_taker,2025-07-29T23:59:59.8056180;2025-07-29T23:59:59.8912972;afb63f34-0a0c-497f-9113-5d4dd9b835ce;117933.39;0.00034228;SELL;;855921490;4ddd9e6a-c1cf-434f-84c6-af00b1bfa8f9;414322e1-e028-4056-8695-f11c7c7536a6,371247
20250730,BINANCE,BTCUSDT,v7,/Users/ygorfrancisco/Desktop/acd-monitor/data_v7/canonical/20250730/E-BINANCE/BTCUSDT.csv.gz,76995061,672c9bfa7efc69866b1dc04876706a92271bdb59e3c7b0046987a3211acfceb2,time_exchange;time_coinapi;guid;price;base_amount;taker_side;id_exch_guid;id_exch_int_inc;order_id_maker;order_id_taker,2025-07-30T23:59:59.5240000;2025-07-30T23:59:59.5265292;c1b68578-13ff-4af0-b7c3-c4a0b931bf84;117840.3;0.00081;BUY;;5121118021;;,1997370
20250730,BITGET,BTCUSDT,v7,/Users/ygorfrancisco/Desktop/acd-monitor/data_v7/canonical/20250730/E-BITGET/BTCUSDT.csv.gz,11650144,42763735af9ae56a4693ec67240bcc8fa2cd4dbf6e828a1149b592d1338081ba,time_exchange;time_coinapi;guid;price;base_amount;taker_side;id_exch_guid;id_exch_int_inc;order_id_maker;order_id_taker,2025-07-30T23:59:59.3820000;2025-07-30T23:59:59.5150734;72c493e9-fec7-4fa4-8162-b56a111cafbf;117826.01;0.000359;BUY;;;;,296636
20250730,BYBITSPOT,BTCUSDT,v7,/Users/ygorfrancisco/Desktop/acd-monitor/data_v7/canonical/20250730/E-BYBITSPOT/BTCUSDT.csv.gz,23712818,8099f6a2ddf72a90466b259796326b802d531885dc1ba8dc9a22310f57730367,time_exchange;time_coinapi;guid;price;base_amount;taker_side;id_exch_guid;id_exch_int_inc;order_id_maker;order_id_taker,2025-07-30T23:59:59.4840000;2025-07-30T23:59:59.5229512;7d7130e0-d3bc-4c4c-b39c-9383b162103a;117821.4;0.065823;BUY;;;;,682981
20250730,COINBASE,BTC-USD,v7,/Users/ygorfrancisco/Desktop/acd-monitor/data_v7/canonical/20250730/E-COINBASE/BTC-USD.csv.gz,28988361,df41eb5cbcab652a0c254fd6515d74eaaac61d9af8c3ee6ebfeb7530ecfa0149,time_exchange;time_coinapi;guid;price;base_amount;taker_side;id_exch_guid;id_exch_int_inc;order_id_maker;order_id_taker,2025-07-30T23:59:58.6636260;2025-07-30T23:59:58.7483608;ce5f6b99-fc85-4f6e-811e-094bf87e8ad3;117830.15;0.00008402;BUY;;856299923;74124676-8e50-40f5-99b8-b42dda173aaf;87631694-fe73-4ae1-be64-418e68c1a221,378128
20250731,BINANCE,BTCUSDT,v7,/Users/ygorfrancisco/Desktop/acd-monitor/data_v7/canonical/20250731/E-BINANCE/BTCUSDT.csv.gz,71918891,787b01c800cbe654ba67d8ad4ce8f569e528cff9e72feaee8eded8ee4881ee6b,time_exchange;time_coinapi;guid;price;base_amount;taker_side;id_exch_guid;id_exch_int_inc;order_id_maker;order_id_taker,2025-07-31T23:59:59.9740000;2025-07-31T23:59:59.9761601;aa646d04-8a8d-4022-b652-2b442422d7db;115764.08;0.0165;BUY;;5122977553;;,1859532
20250731,BITGET,BTCUSDT,v7,/Users/ygorfrancisco/Desktop/acd-monitor/data_v7/canonical/20250731/E-BITGET/BTCUSDT.csv.gz,6358232,aa71120f17c5931917ca20f85db6b8220cd43338fde61ded7bff03604e382b08,time_exchange;time_coinapi;guid;price;base_amount;taker_side;id_exch_guid;id_exch_int_inc;order_id_maker;order_id_taker,2025-07-31T23:59:58.3310000;2025-07-31T23:59:58.4696694;a535376c-eeca-4072-b033-b16f176c7a27;115773.97;0.024463;SELL;;;;,167101
20250731,BYBITSPOT,BTCUSDT,v7,/Users/ygorfrancisco/Desktop/acd-monitor/data_v7/canonical/20250731/E-BYBITSPOT/BTCUSDT.csv.gz,19249702,0500891d72e1146e4353cd0f2ebc07c3149cb45179393b1cc15b0afc15b7c037,time_exchange;time_coinapi;guid;price;base_amount;taker_side;id_exch_guid;id_exch_int_inc;order_id_maker;order_id_taker,2025-07-31T23:59:58.7720000;2025-07-31T23:59:58.8103598;6a618032-e253-465c-9b6e-434eac9db81b;115746;0.000018;BUY;;;;,548143
20250731,COINBASE,BTC-USD,v7,/Users/ygorfrancisco/Desktop/acd-monitor/data_v7/canonical/20250731/E-COINBASE/BTC-USD.csv.gz,26354221,aab1cc3da5f40a840d2fa3126509f57e742d7fd47343ff9deacb3e138b9de445,time_exchange;time_coinapi;guid;price;base_amount;taker_side;id_exch_guid;id_exch_int_inc;order_id_maker;order_id_taker,2025-07-31T23:59:59.9300450;2025-08-01T00:00:00.0123528;d8039482-089a-4488-9601-617bd8e8c5ee;115761.13;0.00042674;BUY;;856641827;e8419b4e-8d67-434b-b10c-1118c8aa6085;4b9f0e48-d5b0-4bfb-92fb-363ab4911321,341905
20250801,BINANCE,BTCUSDT,v4,/Users/ygorfrancisco/Desktop/acd-monitor/data_v7/canonical/20250801/E-BINANCE/BTCUSDT.csv.gz,156762980,2d610dc4c36b92292f3a9e742a13470f0433a8f06f79d5ce86ce810a11d070c8,time_exchange;time_coinapi;guid;price;base_amount;taker_side;id_exch_guid;id_exch_int_inc;order_id_maker;order_id_taker,2025-08-01T23:59:59.8950000;2025-08-01T23:59:59.8972291;b167cc78-0619-4f92-a908-7ea176d779d0;113297.93;0.00441;BUY;;5127138382;;,4160830
20250801,BITGET,BTCUSDT,v4,/Users/ygorfrancisco/Desktop/acd-monitor/data_v7/canonical/20250801/E-BITGET/BTCUSDT.csv.gz,11503174,71c8b3388f5fc10eb7f52c00b8cc4f965882d7b8b0c6a0c756e757ac3aa84bb8,time_exchange;time_coinapi;guid;price;base_amount;taker_side;id_exch_guid;id_exch_int_inc;order_id_maker;order_id_taker,2025-08-01T23:59:58.3860000;2025-08-01T23:59:58.5168626;8537d660-6336-4688-b3a4-a815e41bb1d1;113369.01;0.004418;BUY;;;;,305923
20250801,BYBITSPOT,BTCUSDT,v4,/Users/ygorfrancisco/Desktop/acd-monitor/data_v7/canonical/20250801/E-BYBITSPOT/BTCUSDT.csv.gz,28094502,5b4f5fd8bc7df9cb66e8e3eacafff4ecd74b856e3edabff243b4d02d6ab17c87,time_exchange;time_coinapi;guid;price;base_amount;taker_side;id_exch_guid;id_exch_int_inc;order_id_maker;order_id_taker,2025-08-01T23:59:53.7840000;2025-08-01T23:59:53.8226797;eeb30e41-db36-4db4-b78d-ad8ed4cdb5c1;113296.4;0.000044;BUY;;;;,768677
20250801,COINBASE,BTCUSDT,v4,/Users/ygorfrancisco/Desktop/acd-monitor/data_v7/canonical/20250801/E-COINBASE/BTCUSDT.csv.gz,46366527,6c8ea0a9c4c22ffeb4fe8b39f6deccadf53a710099a5b8761f3cf6b31edb012f,time_exchange;time_coinapi;guid;price;base_amount;taker_side;id_exch_guid;id_exch_int_inc;order_id_maker;order_id_taker,2025-08-01T23:59:58.5719870;2025-08-01T23:59:58.6566398;22a5343c-336d-4e07-be46-70ca923ede05;113248.73;0.00075384;BUY;;857235057;1c418ddf-3185-4e37-b9c8-250e961f58ed;f080f0e3-ebc0-4c4e-9ba9-e5bf94321cbe,592834
20250802,BINANCE,BTCUSDT,v4,/Users/ygorfrancisco/Desktop/acd-monitor/data_v7/canonical/20250802/E-BINANCE/BTCUSDT.csv.gz,93543517,563ad8367ec4bb8eb1b2fffb231393e261020c9dfbcc6c83981bb01b9a16924c,time_exchange;time_coinapi;guid;price;base_amount;taker_side;id_exch_guid;id_exch_int_inc;order_id_maker;order_id_taker,2025-08-02T23:59:59.9280000;2025-08-02T23:59:59.9307229;388c477b-6259-474b-a534-426c71c47efb;112812.96;0.00005;SELL;;1724734072;;,2185856
20250802,BITGET,BTCUSDT,v4,/Users/ygorfrancisco/Desktop/acd-monitor/data_v7/canonical/20250802/E-BITGET/BTCUSDT.csv.gz,4887026,d233ea51b1034608fdc46d0c872d085fea8e600f3ca48b82b9bc8861fc6c6d46,time_exchange;time_coinapi;guid;price;base_amount;taker_side;id_exch_guid;id_exch_int_inc;order_id_maker;order_id_taker,2025-08-02T23:59:56.5450000;2025-08-02T23:59:56.6739887;b5422d4e-90db-475e-918e-9b809a6464e8;112576;0.001685;SELL;;;;,125487
20250802,BYBITSPOT,BTCUSDT,v4,/Users/ygorfrancisco/Desktop/acd-monitor/data_v7/canonical/20250802/E-BYBITSPOT/BTCUSDT.csv.gz,15856759,421e945c887a179adb2b08d071e58a260ef273bfd8436a918e6b7d302b11b644,time_exchange;time_coinapi;guid;price;base_amount;taker_side;id_exch_guid;id_exch_int_inc;order_id_maker;order_id_taker,2025-08-02T23:59:59.4620000;2025-08-02T23:59:59.5009384;ff1780a0-0575-41b2-a956-0e35552e2bbc;112568.5;0.000044;BUY;;;;,444994
20250802,COINBASE,BTCUSDT,v4,/Users/ygorfrancisco/Desktop/acd-monitor/data_v7/canonical/20250802/E-COINBASE/BTCUSDT.csv.gz,26363816,d4030bc47490894f943375cf756978896c0b2434a2219e87466b6fbeae2b02e0,time_exchange;time_coinapi;guid;price;base_amount;taker_side;id_exch_guid;id_exch_int_inc;order_id_maker;order_id_taker,2025-08-02T23:59:57.3278450;2025-08-02T23:59:57.4130764;7a8999d9-02f5-4096-bf3c-44533bce567f;112542.74;0.02364241;SELL;;857578269;6e9055d3-9d59-4ef5-991a-c4dac169d376;3b8a40e0-a5f4-4417-a1f3-40c93edd056e,343213
20250803,BINANCE,BTCUSDT,v4,/Users/ygorfrancisco/Desktop/acd-monitor/data_v7/canonical/20250803/E-BINANCE/BTCUSDT.csv.gz,67752317,48ea2d6c56ba39100de629d0b2aa56ec47f5f437fdb4cf48ea6d9b74667beb4f,time_exchange;time_coinapi;guid;price;base_amount;taker_side;id_exch_guid;id_exch_int_inc;order_id_maker;order_id_taker,2025-08-03T23:59:59.9400000;2025-08-03T23:59:59.9431647;c81151a6-397e-4b86-be83-089bca47ac14;114436.44;0.00005;SELL;;1726324572;;,1590497
20250803,BITGET,BTCUSDT,v4,/Users/ygorfrancisco/Desktop/acd-monitor/data_v7/canonical/20250803/E-BITGET/BTCUSDT.csv.gz,4093351,937b83d5250d0e940f1a06cece05b2468a2f3e1ea2cd92e0e8e4db10ffb665d5,time_exchange;time_coinapi;guid;price;base_amount;taker_side;id_exch_guid;id_exch_int_inc;order_id_maker;order_id_taker,2025-08-03T23:59:40.8630000;2025-08-03T23:59:40.9950406;35d24122-a4c2-4210-be69-1561c21fb7ae;114213.01;0.114958;BUY;;;;,104798
20250803,BYBITSPOT,BTCUSDT,v4,/Users/ygorfrancisco/Desktop/acd-monitor/data_v7/canonical/20250803/E-BYBITSPOT/BTCUSDT.csv.gz,11540117,3023c06eaf32962eeea623928778c66797b20560f9a8bcae4ddab03529168063,time_exchange;time_coinapi;guid;price;base_amount;taker_side;id_exch_guid;id_exch_int_inc;order_id_maker;order_id_taker,2025-08-03T23:59:59.9810000;2025-08-04T00:00:00.0193704;0808eb9f-048c-4473-8385-40ce716353b9;114202;0.000647;SELL;;;;,320563
20250803,COINBASE,BTCUSDT,v4,/Users/ygorfrancisco/Desktop/acd-monitor/data_v7/canonical/20250803/E-COINBASE/BTCUSDT.csv.gz,18027968,326710230c42d27258af50fe005dbfea8c5f70b3b083e01868eb4cced1814c60,time_exchange;time_coinapi;guid;price;base_amount;taker_side;id_exch_guid;id_exch_int_inc;order_id_maker;order_id_taker,2025-08-03T23:59:59.0713870;2025-08-03T23:59:59.1557785;e394537a-2bf4-4131-927f-fa5392c8fc56;114215.73;0.00000954;BUY;;857807080;d7060c78-b849-47a2-9a3b-be6b995aea79;7f8f5f5e-9cf2-41c0-a5ed-7930d1db5395,228812
20250804,BINANCE,BTCUSDT,v4,/Users/ygorfrancisco/Desktop/acd-monitor/data_v7/canonical/20250804/E-BINANCE/BTCUSDT.csv.gz,73442338,f2e9df2fe1c986ed953da83450f7c0b8b624c36af26ae2a4b5b1a7aa0ed49d82,time_exchange;time_coinapi;guid;price;base_amount;taker_side;id_exch_guid;id_exch_int_inc;order_id_maker;order_id_taker,2025-08-04T23:59:59.1170000;2025-08-04T23:59:59.1194087;6dfb4f3d-4cd4-4990-8937-19506bfc1bcd;115055.03;0.00009;BUY;;5132677607;;,1954231
20250804,BITGET,BTCUSDT,v4,/Users/ygorfrancisco/Desktop/acd-monitor/data_v7/canonical/20250804/E-BITGET/BTCUSDT.csv.gz,5982196,a4b0b0c4328d89ee28122696bf03134e1f0b0d240df61ab5246fabe45b81a55d,time_exchange;time_coinapi;guid;price;base_amount;taker_side;id_exch_guid;id_exch_int_inc;order_id_maker;order_id_taker,2025-08-04T23:59:59.5760000;2025-08-04T23:59:59.7051146;1c1cbca8-e568-4388-803f-5d86dd048bca;115066.02;0.000487;BUY;;;;,153552
20250804,BYBITSPOT,BTCUSDT,v4,/Users/ygorfrancisco/Desktop/acd-monitor/data_v7/canonical/20250804/E-BYBITSPOT/BTCUSDT.csv.gz,18905149,8b6743876434ce2f7b5e4cc2b686f8cce53a75cfd6b4b9d45d3fa7e68cbe05e2,time_exchange;time_coinapi;guid;price;base_amount;taker_side;id_exch_guid;id_exch_int_inc;order_id_maker;order_id_taker,2025-08-04T23:59:59.7260000;2025-08-04T23:59:59.7646369;605370c6-1ee8-44e1-ad0c-1993c553f733;115056.3;0.034411;BUY;;;;,535481
20250804,COINBASE,BTCUSDT,v4,/Users/ygorfrancisco/Desktop/acd-monitor/data_v7/canonical/20250804/E-COINBASE/BTCUSDT.csv.gz,23352715,bc03c268feebe88eef808d198b1bc7df415a13426293b9260f89bcabf9a61166,time_exchange;time_coinapi;guid;price;base_amount;taker_side;id_exch_guid;id_exch_int_inc;order_id_maker;order_id_taker,2025-08-04T23:59:59.8701160;2025-08-04T23:59:59.9609106;865c6c0a-1f11-4bd7-a2f9-38ef16e48433;115051.85;0.00012291;SELL;;858105792;e918ed18-accc-44fe-a8e1-e40ba50dffc3;227ffc8a-8e80-4e3b-966d-14102537f045,298705
20250805,BINANCE,BTCUSDT,v4,/Users/ygorfrancisco/Desktop/acd-monitor/data_v7/canonical/20250805/E-BINANCE/BTCUSDT.csv.gz,96392989,e718e3d1832c22926191145670b8f855ac081cea3f076b96f1cfe85964a8cf7c,time_exchange;time_coinapi;guid;price;base_amount;taker_side;id_exch_guid;id_exch_int_inc;order_id_maker;order_id_taker,2025-08-05T23:59:59.7260000;2025-08-05T23:59:59.7279786;a78259b9-0fed-4d5e-ac77-ba4d15978f9b;114129.75;0.00055;SELL;;5135258659;;,2581053
20250805,BITGET,BTCUSDT,v4,/Users/ygorfrancisco/Desktop/acd-monitor/data_v7/canonical/20250805/E-BITGET/BTCUSDT.csv.gz,7084847,8fe8d78139472b20c7df3a19a5cfe5574404ee550e65293c92db129ca48fdd86,time_exchange;time_coinapi;guid;price;base_amount;taker_side;id_exch_guid;id_exch_int_inc;order_id_maker;order_id_taker,2025-08-05T23:59:56.0700000;2025-08-05T23:59:56.1995585;9e1f2604-d4fb-4919-80f5-9c3c9cec31f6;114126.9;0.0004;SELL;;;;,183096
20250805,BYBITSPOT,BTCUSDT,v4,/Users/ygorfrancisco/Desktop/acd-monitor/data_v7/canonical/20250805/E-BYBITSPOT/BTCUSDT.csv.gz,21843782,22b85af111fedecaa7a483a97ae0a41543295a70a9303e9ba67768b80a4b1000,time_exchange;time_coinapi;guid;price;base_amount;taker_side;id_exch_guid;id_exch_int_inc;order_id_maker;order_id_taker,2025-08-05T23:59:56.6760000;2025-08-05T23:59:56.7134181;80c2e1dc-84d6-460f-a8c3-9e747020feee;114123;0.002563;BUY;;;;,619203
20250805,COINBASE,BTCUSDT,v4,/Users/ygorfrancisco/Desktop/acd-monitor/data_v7/canonical/20250805/E-COINBASE/BTCUSDT.csv.gz,26256418,c551a9a178aa9a8656375368d1faeef227374a82eef44012b25cf79434336372,time_exchange;time_coinapi;guid;price;base_amount;taker_side;id_exch_guid;id_exch_int_inc;order_id_maker;order_id_taker,2025-08-05T23:59:57.8950810;2025-08-05T23:59:57.9769133;d0a5d6a3-7a41-4f56-a42a-2d074264094a;114112.95;0.00082715;SELL;;858440448;d6ba163d-8280-40d6-923a-e798745dbed6;d54651b3-597b-40ed-bd5f-d3123ae6cfa7,334055
20250806,BINANCE,BTCUSDT,v4,/Users/ygorfrancisco/Desktop/acd-monitor/data_v7/canonical/20250806/E-BINANCE/BTCUSDT.csv.gz,107502607,45bf6ce20719457032c4d3ab1fe6fbe1cf49dcb587fc4f0a2de1beb6da309b57,time_exchange;time_coinapi;guid;price;base_amount;taker_side;id_exch_guid;id_exch_int_inc;order_id_maker;order_id_taker,2025-08-06T23:59:59.5500000;2025-08-06T23:59:59.5515180;58cc8ab3-460f-4fa0-80b5-8e4284b2db3e;115201.87;0.00051;BUY;;1734557846;;,2545448
20250806,BITGET,BTCUSDT,v4,/Users/ygorfrancisco/Desktop/acd-monitor/data_v7/canonical/20250806/E-BITGET/BTCUSDT.csv.gz,7689324,a27bc9dfb1ed7fd5de67d39525b7700da4a44cd47a860e64c71a218e244fc503,time_exchange;time_coinapi;guid;price;base_amount;taker_side;id_exch_guid;id_exch_int_inc;order_id_maker;order_id_taker,2025-08-06T23:59:59.6810000;2025-08-06T23:59:59.8135697;c77d0cb6-3cfb-44bd-88ff-b416dbf68e05;115008.76;0.000494;BUY;;;;,192576
20250806,BYBITSPOT,BTCUSDT,v4,/Users/ygorfrancisco/Desktop/acd-monitor/data_v7/canonical/20250806/E-BYBITSPOT/BTCUSDT.csv.gz,18801274,eb9a7dc92d9c9365eb54b15fab30d97e1358dfbd913bba337f0d7b2f1afe08b9,time_exchange;time_coinapi;guid;price;base_amount;taker_side;id_exch_guid;id_exch_int_inc;order_id_maker;order_id_taker,2025-08-06T23:59:57.7480000;2025-08-06T23:59:57.7856618;4849c6f9-a977-49de-99e2-cb83045313ce;114990.3;0.000108;BUY;;;;,538940
20250806,COINBASE,BTCUSDT,v4,/Users/ygorfrancisco/Desktop/acd-monitor/data_v7/canonical/20250806/E-COINBASE/BTCUSDT.csv.gz,25148032,5cee998f16d7120c32852381ad5986d059bbc875c857098f91cc6b92f8fb74d0,time_exchange;time_coinapi;guid;price;base_amount;taker_side;id_exch_guid;id_exch_int_inc;order_id_maker;order_id_taker,2025-08-06T23:59:59.2122650;2025-08-06T23:59:59.2892464;3e50b79e-f70b-4f24-b5b6-3cbb36f03a6a;115028.83;0.06122487;BUY;;858760276;625062af-437c-4be6-aa7a-2c89c32d74a3;4b858af2-ea60-413d-9584-774202a46dc1,319829
20250807,BINANCE,BTCUSDT,v4,/Users/ygorfrancisco/Desktop/acd-monitor/data_v7/canonical/20250807/E-BINANCE/BTCUSDT.csv.gz,119403459,b0266ed8359c8dcb5a3bbd1c6d6b74ae715b3681804190822673d6ab7c15b9ec,time_exchange;time_coinapi;guid;price;base_amount;taker_side;id_exch_guid;id_exch_int_inc;order_id_maker;order_id_taker,2025-08-07T23:59:59.4910000;2025-08-07T23:59:59.4933776;14927347-7333-4c9b-9e42-c91554a5a328;117688.53;0.0011;SELL;;1737383130;;,2825277
20250807,BITGET,BTCUSDT,v4,/Users/ygorfrancisco/Desktop/acd-monitor/data_v7/canonical/20250807/E-BITGET/BTCUSDT.csv.gz,9768126,989af166bebcd987af9e40c07feb5870868ee1b38916eda7af58fb1e52a69a45,time_exchange;time_coinapi;guid;price;base_amount;taker_side;id_exch_guid;id_exch_int_inc;order_id_maker;order_id_taker,2025-08-07T23:59:55.5870000;2025-08-07T23:59:55.7182042;071bfb21-befc-45ab-a5d3-685a0e2c4a8c;117496.02;0.00027;BUY;;;;,243315
20250807,BYBITSPOT,BTCUSDT,v4,/Users/ygorfrancisco/Desktop/acd-monitor/data_v7/canonical/20250807/E-BYBITSPOT/BTCUSDT.csv.gz,21440770,9cbb672c46eb3d57b593aff687d19a78257c0a50f1135d5cb41ccfc91ff887ff,time_exchange;time_coinapi;guid;price;base_amount;taker_side;id_exch_guid;id_exch_int_inc;order_id_maker;order_id_taker,2025-08-07T23:59:55.6900000;2025-08-07T23:59:55.7284151;7b12ae4f-d97d-41e6-bfb4-944e806d5840;117456.7;0.00059;SELL;;;;,614569
20250807,COINBASE,BTCUSDT,v4,/Users/ygorfrancisco/Desktop/acd-monitor/data_v7/canonical/20250807/E-COINBASE/BTCUSDT.csv.gz,26648121,25d56bdba05d28a16a326672fbdf4941fa68157759af5448af6d1ca68ce3f95e,time_exchange;time_coinapi;guid;price;base_amount;taker_side;id_exch_guid;id_exch_int_inc;order_id_maker;order_id_taker,2025-08-07T23:59:59.9600660;2025-08-08T00:00:00.0402413;bc3fd40e-7866-4606-ba55-2031dcea39f5;117515.49;0.00114811;SELL;;859097161;b7950ece-4ad2-4d35-8c4a-0bc3e4cf7183;64f9f192-757e-440b-91cd-82fd557dc0ee,336436
20250808,BINANCE,BTCUSDT,v4,/Users/ygorfrancisco/Desktop/acd-monitor/data_v7/canonical/20250808/E-BINANCE/BTCUSDT.csv.gz,79213062,948d0894c32a423d5ea241cca954b3e6f818cb18adf9dc7e155be39301a002e9,time_exchange;time_coinapi;guid;price;base_amount;taker_side;id_exch_guid;id_exch_int_inc;order_id_maker;order_id_taker,2025-08-08T23:59:58.4020000;2025-08-08T23:59:58.4045069;30ba0780-7b47-4091-a391-b50b95912fc6;116674.74;0.00005;BUY;;5141695134;;,2095304
20250808,BITGET,BTCUSDT,v4,/Users/ygorfrancisco/Desktop/acd-monitor/data_v7/canonical/20250808/E-BITGET/BTCUSDT.csv.gz,9877609,82f7de4db5a4dd17971ca2ae70ebaa8d6bd3b45482abe2d3c6bef35ed8eecd67,time_exchange;time_coinapi;guid;price;base_amount;taker_side;id_exch_guid;id_exch_int_inc;order_id_maker;order_id_taker,2025-08-08T23:59:58.8010000;2025-08-08T23:59:58.9302386;298b2d35-827f-47ac-b26d-b4047b358165;116679.98;0.005572;SELL;;;;,243107
20250808,BYBITSPOT,BTCUSDT,v4,/Users/ygorfrancisco/Desktop/acd-monitor/data_v7/canonical/20250808/E-BYBITSPOT/BTCUSDT.csv.gz,19682599,fe447f999fdcbe52ccb751bf02f28b1409f4625d274e4160836f7e06985bae6e,time_exchange;time_coinapi;guid;price;base_amount;taker_side;id_exch_guid;id_exch_int_inc;order_id_maker;order_id_taker,2025-08-08T23:59:58.0670000;2025-08-08T23:59:58.1053080;5952c7cc-f5a3-4977-a806-171bf77719db;116662.3;0.000406;BUY;;;;,561485
20250808,COINBASE,BTCUSDT,v4,/Users/ygorfrancisco/Desktop/acd-monitor/data_v7/canonical/20250808/E-COINBASE/BTCUSDT.csv.gz,23684245,46403bef90c462462e59272273e6487a8cc185fa19f8746065db034b8345d2fa,time_exchange;time_coinapi;guid;price;base_amount;taker_side;id_exch_guid;id_exch_int_inc;order_id_maker;order_id_taker,2025-08-08T23:59:59.8555250;2025-08-08T23:59:59.9408371;03120955-0374-4b36-97a3-4111d1152ed3;116683.79;0.0698418;SELL;;859398321;04e0a360-9e76-4050-8911-1df27bbf49b2;c5977325-cc3b-4918-a6cc-5370aa60d50a,300300
20250809,BINANCE,BTCUSDT,v4,/Users/ygorfrancisco/Desktop/acd-monitor/data_v7/canonical/20250809/E-BINANCE/BTCUSDT.csv.gz,53208531,192922bb366ded28495b8ccdee5821c9411633cca51e7c182633c540c90babf0,time_exchange;time_coinapi;guid;price;base_amount;taker_side;id_exch_guid;id_exch_int_inc;order_id_maker;order_id_taker,2025-08-09T23:59:59.4540000;2025-08-09T23:59:59.4561754;e8935731-1388-4588-9f0c-07c57ad0e8d3;116462.25;0.02797;BUY;;5143086085;;,1390952
20250809,BITGET,BTCUSDT,v4,/Users/ygorfrancisco/Desktop/acd-monitor/data_v7/canonical/20250809/E-BITGET/BTCUSDT.csv.gz,9140791,ffb6f81b8c8371838890517204d2c591f6248dfeb3896aeacc3056b54c1b19dd,time_exchange;time_coinapi;guid;price;base_amount;taker_side;id_exch_guid;id_exch_int_inc;order_id_maker;order_id_taker,2025-08-09T23:59:57.4080000;2025-08-09T23:59:57.5416748;678cdf37-9632-45c7-85ea-e16b15437f07;116484.02;0.001018;BUY;;;;,223987
20250809,BYBITSPOT,BTCUSDT,v4,/Users/ygorfrancisco/Desktop/acd-monitor/data_v7/canonical/20250809/E-BYBITSPOT/BTCUSDT.csv.gz,13784150,cdf6ac20ae0e5a32acc175bf0d2b3c06883001acac1295832511edddea017587,time_exchange;time_coinapi;guid;price;base_amount;taker_side;id_exch_guid;id_exch_int_inc;order_id_maker;order_id_taker,2025-08-09T23:59:55.6360000;2025-08-09T23:59:55.6750808;e202d9a2-3a8f-4c72-8c3b-fb5412089c11;116472.6;0.001;SELL;;;;,387954
20250809,COINBASE,BTCUSDT,v4,/Users/ygorfrancisco/Desktop/acd-monitor/data_v7/canonical/20250809/E-COINBASE/BTCUSDT.csv.gz,19319741,3beb7bc2dc56a4b3c2df45dfb69743ea83b95ef22ddd6f9025a4048b5fc1e7ff,time_exchange;time_coinapi;guid;price;base_amount;taker_side;id_exch_guid;id_exch_int_inc;order_id_maker;order_id_taker,2025-08-09T23:59:59.2374090;2025-08-09T23:59:59.3153408;f82c7fd4-5b28-4f52-aa80-e9ff0410397d;116492.51;0.00000494;BUY;;859643445;390346da-6f37-4a61-9f29-87e8fefa6a45;e5943c50-c031-4cde-8f23-f575e9a5dc18,245125
20250810,BINANCE,BTCUSDT,v4,/Users/ygorfrancisco/Desktop/acd-monitor/data_v7/canonical/20250810/E-BINANCE/BTCUSDT.csv.gz,86931189,d323066299ef4088474013f58857616f7ff8f724df274a84db4a270bb20c5fd4,time_exchange;time_coinapi;guid;price;base_amount;taker_side;id_exch_guid;id_exch_int_inc;order_id_maker;order_id_taker,2025-08-10T23:59:57.9910000;2025-08-10T23:59:57.9939490;f894d12e-eb44-4cc8-ac66-7f5a46ffb30c;119294.01;0.00419;SELL;;5145403150;;,2317066
20250810,BITGET,BTCUSDT,v4,/Users/ygorfrancisco/Desktop/acd-monitor/data_v7/canonical/20250810/E-BITGET/BTCUSDT.csv.gz,10743607,4e40e12f214cd2bbbd4e582d398c97e6101f97bc9535b6ad3b8bfc48da776897,time_exchange;time_coinapi;guid;price;base_amount;taker_side;id_exch_guid;id_exch_int_inc;order_id_maker;order_id_taker,2025-08-10T23:59:56.6700000;2025-08-10T23:59:56.8013254;df9c6f57-f21d-4fdf-a345-446bc3087f83;119299.09;0.000419;SELL;;;;,267625
20250810,BYBITSPOT,BTCUSDT,v4,/Users/ygorfrancisco/Desktop/acd-monitor/data_v7/canonical/20250810/E-BYBITSPOT/BTCUSDT.csv.gz,19500565,5ee208deb91e30691a84a31ad15e55fa5ba8bc390371c840767f2017c5fde7d9,time_exchange;time_coinapi;guid;price;base_amount;taker_side;id_exch_guid;id_exch_int_inc;order_id_maker;order_id_taker,2025-08-10T23:59:58.4760000;2025-08-10T23:59:58.5139316;e63979d3-567f-407a-9496-f58cd0ccf6ce;119293.7;0.000565;SELL;;;;,555313
20250810,COINBASE,BTCUSDT,v4,/Users/ygorfrancisco/Desktop/acd-monitor/data_v7/canonical/20250810/E-COINBASE/BTCUSDT.csv.gz,19117778,2717cd995afededd7ed5cf5f1f4682a6402f01a1b639b62f70250406c82888c4,time_exchange;time_coinapi;guid;price;base_amount;taker_side;id_exch_guid;id_exch_int_inc;order_id_maker;order_id_taker,2025-08-10T23:59:59.8615620;2025-08-10T23:59:59.9494602;d5b1213c-7c20-4a8c-8c67-ba34496e4f38;119309.37;0.00061091;BUY;;859885186;66e1500d-b85d-4fe2-84d5-bcbe888679b4;13445948-7e24-4e81-8fd6-433940ac87a4,241742
20250811,BINANCE,BTCUSDT,v4,/Users/ygorfrancisco/Desktop/acd-monitor/data_v7/canonical/20250811/E-BINANCE/BTCUSDT.csv.gz,150280280,206ce5336cf869777511833f810c2cafd347ad42f12fcf42eb5159eb02681dd9,time_exchange;time_coinapi;guid;price;base_amount;taker_side;id_exch_guid;id_exch_int_inc;order_id_maker;order_id_taker,2025-08-11T23:59:59.6190000;2025-08-11T23:59:59.6216141;f061c484-83bf-41ef-b37d-6a220b51d67e;118686;0.00124;SELL;;5149424893;;,4021743
20250811,BITGET,BTCUSDT,v4,/Users/ygorfrancisco/Desktop/acd-monitor/data_v7/canonical/20250811/E-BITGET/BTCUSDT.csv.gz,14173402,40990c14113cef474fe82d77a7e7f5921a8965ef03f61c6341b4f92dcdb7cb0d,time_exchange;time_coinapi;guid;price;base_amount;taker_side;id_exch_guid;id_exch_int_inc;order_id_maker;order_id_taker,2025-08-11T23:59:59.8300000;2025-08-11T23:59:59.9601859;cdb98036-5456-49a4-b402-60fa04e2d6d1;118699;0.013605;SELL;;;;,360362
20250811,BYBITSPOT,BTCUSDT,v4,/Users/ygorfrancisco/Desktop/acd-monitor/data_v7/canonical/20250811/E-BYBITSPOT/BTCUSDT.csv.gz,32213475,0223533f8949bb33163acb09b983f6aebcb5f1492dac6689032cd51a558ead81,time_exchange;time_coinapi;guid;price;base_amount;taker_side;id_exch_guid;id_exch_int_inc;order_id_maker;order_id_taker,2025-08-11T23:59:56.2310000;2025-08-11T23:59:56.2690009;b9c485ba-ecd6-4d6a-8768-e259b6b8b278;118698.6;0.000042;BUY;;;;,921082
20250811,COINBASE,BTCUSDT,v4,/Users/ygorfrancisco/Desktop/acd-monitor/data_v7/canonical/20250811/E-COINBASE/BTCUSDT.csv.gz,31890960,bd94dc56d87f0c2c9d611b66c408789bf073fd73dc18e7c126a614e20ff0ba75,time_exchange;time_coinapi;guid;price;base_amount;taker_side;id_exch_guid;id_exch_int_inc;order_id_maker;order_id_taker,2025-08-11T23:59:59.8723520;2025-08-11T23:59:59.9543331;56ff7965-2f29-4de8-9d7a-7c9289b688fb;118701.84;0.00030732;BUY;;860291327;f0d20aac-0e4a-4838-958c-3367d859f18f;902f8483-cd1b-42d1-b304-d89fce4b7b0b,406142
20250812,BINANCE,BTCUSDT,v4,/Users/ygorfrancisco/Desktop/acd-monitor/data_v7/canonical/20250812/E-BINANCE/BTCUSDT.csv.gz,102408706,e105a879bd4458494af1e52d9462e80a7e048b6242ec5c75bbd5a61a3f826d3a,time_exchange;time_coinapi;guid;price;base_amount;taker_side;id_exch_guid;id_exch_int_inc;order_id_maker;order_id_taker,2025-08-12T23:59:59.3260000;2025-08-12T23:59:59.3284457;27b93700-3e99-4460-8979-96b348129a70;120134.08;0.00031;SELL;;5152162734;;,2737842
20250812,BITGET,BTCUSDT,v4,/Users/ygorfrancisco/Desktop/acd-monitor/data_v7/canonical/20250812/E-BITGET/BTCUSDT.csv.gz,24907863,1dbc5ca0c5dfd92790fd8f9774ea8eca5e73d5250f2aeeb4a77d94a2c4a2ea12,time_exchange;time_coinapi;guid;price;base_amount;taker_side;id_exch_guid;id_exch_int_inc;order_id_maker;order_id_taker,2025-08-12T23:59:59.8740000;2025-08-13T00:00:00.0044999;3de2e87e-c758-48ac-a597-bf1229751028;120138.74;0.000334;BUY;;;;,611297
20250812,BYBITSPOT,BTCUSDT,v4,/Users/ygorfrancisco/Desktop/acd-monitor/data_v7/canonical/20250812/E-BYBITSPOT/BTCUSDT.csv.gz,22802791,dc4f805b952cb4a5b16247ba481e2732be32ca190fb283be48e99155a08d01af,time_exchange;time_coinapi;guid;price;base_amount;taker_side;id_exch_guid;id_exch_int_inc;order_id_maker;order_id_taker,2025-08-12T23:59:57.5000000;2025-08-12T23:59:57.5387398;f3949967-d1c1-4130-902e-f7d9506247c2;120146.4;0.05067;SELL;;;;,662449
20250812,COINBASE,BTCUSDT,v4,/Users/ygorfrancisco/Desktop/acd-monitor/data_v7/canonical/20250812/E-COINBASE/BTCUSDT.csv.gz,29198299,0073f813e7b8a5e2a8075634fc766433512bb75a32c60274d3642dcb32ae7f74,time_exchange;time_coinapi;guid;price;base_amount;taker_side;id_exch_guid;id_exch_int_inc;order_id_maker;order_id_taker,2025-08-12T23:59:59.9108990;2025-08-12T23:59:59.9956655;2ddc0337-9709-41b2-8d9f-0aea1c90471e;120113.18;0.00000701;SELL;;860670931;5c1f490e-ca50-467a-a13f-682823955022;96ed5c6d-457d-4fc9-a9f7-24aae4d74da0,379605
20250813,BINANCE,BTCUSDT,v4,/Users/ygorfrancisco/Desktop/acd-monitor/data_v7/canonical/20250813/E-BINANCE/BTCUSDT.csv.gz,138642933,942e790fd026d48fba12934ec7f8286914abc7e932067f3941b909ec26b65c4f,time_exchange;time_coinapi;guid;price;base_amount;taker_side;id_exch_guid;id_exch_int_inc;order_id_maker;order_id_taker,2025-08-13T23:59:59.8160000;2025-08-13T23:59:59.8185622;2371de83-bbea-4ea9-905a-20d549db3d5e;123306.43;0.00013;SELL;;5155875551;;,3712818
20250813,BITGET,BTCUSDT,v4,/Users/ygorfrancisco/Desktop/acd-monitor/data_v7/canonical/20250813/E-BITGET/BTCUSDT.csv.gz,19395022,27a16e80dcb360e131f2584da744a03238fd765f0af0ff395c5b13ab4be76c4e,time_exchange;time_coinapi;guid;price;base_amount;taker_side;id_exch_guid;id_exch_int_inc;order_id_maker;order_id_taker,2025-08-13T23:59:59.3820000;2025-08-13T23:59:59.5196469;7c55c1ed-1e9b-4ea1-81ad-9e1f2967a96c;123313.06;0.000648;BUY;;;;,486410
20250813,BYBITSPOT,BTCUSDT,v4,/Users/ygorfrancisco/Desktop/acd-monitor/data_v7/canonical/20250813/E-BYBITSPOT/BTCUSDT.csv.gz,26782015,4b308ba6cd46b510de2c601fb633c34ad8051eab17ee270e71e3fd8cc0f92105,time_exchange;time_coinapi;guid;price;base_amount;taker_side;id_exch_guid;id_exch_int_inc;order_id_maker;order_id_taker,2025-08-13T23:59:59.4870000;2025-08-13T23:59:59.5261728;b21cc8e8-8ea4-497e-bd20-727d11db74ac;123319;0.000024;BUY;;;;,767365
20250813,COINBASE,BTCUSDT,v4,/Users/ygorfrancisco/Desktop/acd-monitor/data_v7/canonical/20250813/E-COINBASE/BTCUSDT.csv.gz,37445344,8135bff7bbc8a09a2440d09886eae7d11f757a361d0c9ddd76ca17453148aa26,time_exchange;time_coinapi;guid;price;base_amount;taker_side;id_exch_guid;id_exch_int_inc;order_id_maker;order_id_taker,2025-08-13T23:59:59.2973520;2025-08-13T23:59:59.3804965;def14288-b213-44b8-b4bb-1e6f3de778d0;123365.63;0.0000001;BUY;;861161946;d64c0d45-d609-49e5-9cc6-b11fb6b9e80f;52dce0ff-14ea-4165-a045-4debba7acfa0,491016
20250814,BINANCE,BTCUSDT,v4,/Users/ygorfrancisco/Desktop/acd-monitor/data_v7/canonical/20250814/E-BINANCE/BTCUSDT.csv.gz,163009522,6eddb5b6a0e4c31a603482e2584c32417653ed99f9ce8eb2bee175aefc16d211,time_exchange;time_coinapi;guid;price;base_amount;taker_side;id_exch_guid;id_exch_int_inc;order_id_maker;order_id_taker,2025-08-14T23:59:59.8960000;2025-08-15T00:00:00.0380350;9ad8615b-3336-4198-8f0b-6b8ee405f728;118295.09;0.00042;BUY;;5160226000;;,4350450
20250814,BITGET,BTCUSDT,v4,/Users/ygorfrancisco/Desktop/acd-monitor/data_v7/canonical/20250814/E-BITGET/BTCUSDT.csv.gz,15673952,8e8bf39490d35c9b2e4b3fc61f366ff0dbb0ce6ca10228e156a585c7d7c81b4f,time_exchange;time_coinapi;guid;price;base_amount;taker_side;id_exch_guid;id_exch_int_inc;order_id_maker;order_id_taker,2025-08-14T23:59:59.0450000;2025-08-14T23:59:59.1790852;8cc1cae9-1d58-4919-b2b0-9a5515f29e17;118299.4;0.000042;BUY;;;;,412703
20250814,BYBITSPOT,BTCUSDT,v4,/Users/ygorfrancisco/Desktop/acd-monitor/data_v7/canonical/20250814/E-BYBITSPOT/BTCUSDT.csv.gz,34623108,507e18bc650cb08c62dda43191fe95b63bd14457d0bfedb873f93803b993a8af,time_exchange;time_coinapi;guid;price;base_amount;taker_side;id_exch_guid;id_exch_int_inc;order_id_maker;order_id_taker,2025-08-14T23:59:51.3320000;2025-08-14T23:59:51.3703878;549ca1b2-e1a3-4252-96b7-1f53d23cb806;118294.3;0.002381;SELL;;;;,974143
20250814,COINBASE,BTCUSDT,v4,/Users/ygorfrancisco/Desktop/acd-monitor/data_v7/canonical/20250814/E-COINBASE/BTCUSDT.csv.gz,49690844,65434b3d4f600677b6af0ba510157e8aa2f534bc59a721f3e6dffb7137ac9489,time_exchange;time_coinapi;guid;price;base_amount;taker_side;id_exch_guid;id_exch_int_inc;order_id_maker;order_id_taker,2025-08-14T23:59:59.6220910;2025-08-14T23:59:59.6994969;be65b14b-ab07-4d9e-a5df-eba8bc4f0c51;118389.79;0.00000821;BUY;;861816427;82f28103-2fc4-4800-8725-ef6ace3c6453;500b0dd6-3ff1-41a4-9a06-fbb9ef395978,654482
20250815,BINANCE,BTCUSDT,v4,/Users/ygorfrancisco/Desktop/acd-monitor/data_v7/canonical/20250815/E-BINANCE/BTCUSDT.csv.gz,107509350,3708fdee0bfffea6735542f63b69e3be4aabe8daffa42a7df309d4782846a4a3,time_exchange;time_coinapi;guid;price;base_amount;taker_side;id_exch_guid;id_exch_int_inc;order_id_maker;order_id_taker,2025-08-15T23:59:59.8370000;2025-08-15T23:59:59.8393687;107759c5-dc4d-47cb-813c-437d0aeaa327;117342.05;0.00038;BUY;;5163121016;;,2895019
20250815,BITGET,BTCUSDT,v4,/Users/ygorfrancisco/Desktop/acd-monitor/data_v7/canonical/20250815/E-BITGET/BTCUSDT.csv.gz,11629844,be6fda725b9f931f4543b15d5a65e54f5b6cf704bd560957ec64a14bd8fe426a,time_exchange;time_coinapi;guid;price;base_amount;taker_side;id_exch_guid;id_exch_int_inc;order_id_maker;order_id_taker,2025-08-15T23:59:59.5180000;2025-08-15T23:59:59.6463775;175c7139-6747-4f1d-b892-9db8760c9610;117338.56;0.000817;SELL;;;;,293875
20250815,BYBITSPOT,BTCUSDT,v4,/Users/ygorfrancisco/Desktop/acd-monitor/data_v7/canonical/20250815/E-BYBITSPOT/BTCUSDT.csv.gz,20025390,854c1faedc140450625ada2c3512b5b8989bc890d4226058583ec7a3609eeb40,time_exchange;time_coinapi;guid;price;base_amount;taker_side;id_exch_guid;id_exch_int_inc;order_id_maker;order_id_taker,2025-08-15T23:59:56.5680000;2025-08-15T23:59:56.6059491;c15889ac-6d9d-4c44-8739-4b969f214a6d;117339.6;0.00011;SELL;;;;,564039
20250815,COINBASE,BTCUSDT,v4,/Users/ygorfrancisco/Desktop/acd-monitor/data_v7/canonical/20250815/E-COINBASE/BTCUSDT.csv.gz,34647249,9b0ff9751860bd6cd1b4957252fab08f0778d0cb3b4823d06ead50f5e24f36aa,time_exchange;time_coinapi;guid;price;base_amount;taker_side;id_exch_guid;id_exch_int_inc;order_id_maker;order_id_taker,2025-08-15T23:59:59.8924000;2025-08-15T23:59:59.9696331;8345b3de-5419-4e8e-ab8a-e8392522d3a0;117436.96;0.0004038;BUY;;862262787;4ee19790-9e7e-4269-b8de-e7dc02e393e1;c84b1daf-b573-4614-a770-9763148d722c,446315
20250816,BINANCE,BTCUSDT,v4,/Users/ygorfrancisco/Desktop/acd-monitor/data_v7/canonical/20250816/E-BINANCE/BTCUSDT.csv.gz,44636585,acd9de01bc03e5ddf62e9797b39d746c5c30cfe6482e6c25d9101c9de9d25453,time_exchange;time_coinapi;guid;price;base_amount;taker_side;id_exch_guid;id_exch_int_inc;order_id_maker;order_id_taker,2025-08-16T23:59:59.4550000;2025-08-16T23:59:59.4575745;63bb01d6-ca69-42ff-8613-9db6dffbbb5c;117380.66;0.00002;SELL;;5164300858;;,1179843
20250816,BITGET,BTCUSDT,v4,/Users/ygorfrancisco/Desktop/acd-monitor/data_v7/canonical/20250816/E-BITGET/BTCUSDT.csv.gz,10187403,684017b285bafd0f8f284acaa6b11e6a0dcd0dcb25508480f44f3580e8ecb032,time_exchange;time_coinapi;guid;price;base_amount;taker_side;id_exch_guid;id_exch_int_inc;order_id_maker;order_id_taker,2025-08-16T23:59:59.6070000;2025-08-16T23:59:59.7379717;b890d5e2-1cc6-41c5-9db4-8e0ae514e90a;117411.01;0.000776;BUY;;;;,249358
20250816,BYBITSPOT,BTCUSDT,v4,/Users/ygorfrancisco/Desktop/acd-monitor/data_v7/canonical/20250816/E-BYBITSPOT/BTCUSDT.csv.gz,9615348,8c8ada54ffb685808826d13b97745651d8e5837b527c8ea2181d5c953c4f7a7c,time_exchange;time_coinapi;guid;price;base_amount;taker_side;id_exch_guid;id_exch_int_inc;order_id_maker;order_id_taker,2025-08-16T23:59:59.8330000;2025-08-16T23:59:59.8715428;30a02714-ec9e-4e37-914d-faa1469d5a68;117375;0.001801;BUY;;;;,276272
20250816,COINBASE,BTCUSDT,v4,/Users/ygorfrancisco/Desktop/acd-monitor/data_v7/canonical/20250816/E-COINBASE/BTCUSDT.csv.gz,22302018,124b70c8b61db7180c53f2c4f4c3ff3969467ba1a2942e29fc663f910d71dde0,time_exchange;time_coinapi;guid;price;base_amount;taker_side;id_exch_guid;id_exch_int_inc;order_id_maker;order_id_taker,2025-08-16T23:59:59.1375020;2025-08-16T23:59:59.2194096;4d408c7b-4f68-4ce7-98ee-fc4ea53a3299;117455.68;0.00079422;SELL;;862563127;f0a4db35-30f3-4d3c-8647-d1bc1df65a02;f5ce3e2d-6ac8-4853-95a9-2a80599386ec,300341
20250817,BINANCE,BTCUSDT,v4,/Users/ygorfrancisco/Desktop/acd-monitor/data_v7/canonical/20250817/E-BINANCE/BTCUSDT.csv.gz,44621111,0b611a41829a9c6a6a5b13295c716a2c9313f9a3a43564ed5eba4a10b56450ca,time_exchange;time_coinapi;guid;price;base_amount;taker_side;id_exch_guid;id_exch_int_inc;order_id_maker;order_id_taker,2025-08-17T23:59:59.2880000;2025-08-17T23:59:59.2901473;21a5af0c-17be-4fb4-8278-174f7e5a6dab;117405.01;0.00013;BUY;;5165478421;;,1177564
20250817,BITGET,BTCUSDT,v4,/Users/ygorfrancisco/Desktop/acd-monitor/data_v7/canonical/20250817/E-BITGET/BTCUSDT.csv.gz,8453328,64e1c6c27d0d414b0cb6a5488f9c36fe9c7cd2f546409517b962068b831153c5,time_exchange;time_coinapi;guid;price;base_amount;taker_side;id_exch_guid;id_exch_int_inc;order_id_maker;order_id_taker,2025-08-17T23:59:59.9360000;2025-08-18T00:00:00.0674280;bf39fdd8-2e17-4c2c-940d-27360f237efe;117433.32;0.006095;SELL;;;;,208034
20250817,BYBITSPOT,BTCUSDT,v4,/Users/ygorfrancisco/Desktop/acd-monitor/data_v7/canonical/20250817/E-BYBITSPOT/BTCUSDT.csv.gz,10380681,203b21eddbd055654dacf512a881a3078ec549d0b89bf54cd81a990a7b06f954,time_exchange;time_coinapi;guid;price;base_amount;taker_side;id_exch_guid;id_exch_int_inc;order_id_maker;order_id_taker,2025-08-17T23:59:52.7360000;2025-08-17T23:59:52.7741066;1e97c85e-2118-40b1-93a2-b65cb928d456;117414.8;0.000017;BUY;;;;,295638
20250817,COINBASE,BTCUSDT,v4,/Users/ygorfrancisco/Desktop/acd-monitor/data_v7/canonical/20250817/E-COINBASE/BTCUSDT.csv.gz,20180761,62ebe9efb608e92aa2283806d5e1636608ed55e4f322577d1e83bc60087cebc1,time_exchange;time_coinapi;guid;price;base_amount;taker_side;id_exch_guid;id_exch_int_inc;order_id_maker;order_id_taker,2025-08-17T23:59:59.2094950;2025-08-17T23:59:59.2932312;2caabb61-7ac0-4d37-846b-40424a8de5e0;117488.6;0.0244199;BUY;;862830611;adbeeef1-5cb4-476c-9d3d-32aee8f8952e;df31dc51-185d-4e60-9961-c932a13827d1,267485
20250818,BINANCE,BTCUSDT,v4,/Users/ygorfrancisco/Desktop/acd-monitor/data_v7/canonical/20250818/E-BINANCE/BTCUSDT.csv.gz,124594044,2777da9bf5313edf912a20215a0ef1eadd0fbbebe87048354d528ec52a09b1e6,time_exchange;time_coinapi;guid;price;base_amount;taker_side;id_exch_guid;id_exch_int_inc;order_id_maker;order_id_taker,2025-08-18T23:59:59.8210000;2025-08-18T23:59:59.8235219;598395ff-3a41-44b5-81ab-6d7d31924084;116227.05;0.00149;BUY;;5168824701;;,3346275
20250818,BITGET,BTCUSDT,v4,/Users/ygorfrancisco/Desktop/acd-monitor/data_v7/canonical/20250818/E-BITGET/BTCUSDT.csv.gz,13456747,680b8456e7c073a75895c2a3b64a7eee6743b78aa6b1613e02b98676a2349245,time_exchange;time_coinapi;guid;price;base_amount;taker_side;id_exch_guid;id_exch_int_inc;order_id_maker;order_id_taker,2025-08-18T23:59:59.8140000;2025-08-18T23:59:59.9490873;2dd538f6-89ee-44bb-a2d9-2b9ce5409f78;116249.83;0.006311;BUY;;;;,340996
20250818,BYBITSPOT,BTCUSDT,v4,/Users/ygorfrancisco/Desktop/acd-monitor/data_v7/canonical/20250818/E-BYBITSPOT/BTCUSDT.csv.gz,20890709,838282f9682d88c165723f7ea6da238f5ce3627681c27353e9bed91b953fba49,time_exchange;time_coinapi;guid;price;base_amount;taker_side;id_exch_guid;id_exch_int_inc;order_id_maker;order_id_taker,2025-08-18T23:59:57.6520000;2025-08-18T23:59:57.6908390;44c1daea-6e51-4d60-a51f-c43d8a385d60;116229.4;0.001241;SELL;;;;,587739
20250818,COINBASE,BTCUSDT,v4,/Users/ygorfrancisco/Desktop/acd-monitor/data_v7/canonical/20250818/E-COINBASE/BTCUSDT.csv.gz,35647468,86cda5db03f2bfe8fda2f67cdcd798ce307d409c42bdfe591a52192696c7c2f5,time_exchange;time_coinapi;guid;price;base_amount;taker_side;id_exch_guid;id_exch_int_inc;order_id_maker;order_id_taker,2025-08-18T23:59:59.6506090;2025-08-18T23:59:59.7276972;2010f6b1-72ff-447a-9807-b850fb99982a;116286.76;0.00085657;BUY;;863297745;9deb58c5-3e91-49aa-b287-23cd367a2f55;b409381d-08b4-4797-842e-d9afcc0cbe56,466882
20250819,BINANCE,BTCUSDT,v4,/Users/ygorfrancisco/Desktop/acd-monitor/data_v7/canonical/20250819/E-BINANCE/BTCUSDT.csv.gz,122503729,245d73436de0b003c357fef800b19824c4cf66ffd51265f3f0217015b76df848,time_exchange;time_coinapi;guid;price;base_amount;taker_side;id_exch_guid;id_exch_int_inc;order_id_maker;order_id_taker,2025-08-19T23:59:59.7920000;2025-08-19T23:59:59.8175282;b1d8e46c-eeb6-4fa4-a08d-364796379c68;112872.94;0.05979;SELL;;5172115883;;,3291183
20250819,BITGET,BTCUSDT,v4,/Users/ygorfrancisco/Desktop/acd-monitor/data_v7/canonical/20250819/E-BITGET/BTCUSDT.csv.gz,20008950,a5acf7257b74b843ec2b12ace49ee5e7c2b56f0a13a71cac0eba34197c26b795,time_exchange;time_coinapi;guid;price;base_amount;taker_side;id_exch_guid;id_exch_int_inc;order_id_maker;order_id_taker,2025-08-19T23:59:59.6450000;2025-08-19T23:59:59.7759257;40eeccdf-516a-444a-951d-fd7660b55345;112894.23;0.000825;BUY;;;;,500023
20250819,BYBITSPOT,BTCUSDT,v4,/Users/ygorfrancisco/Desktop/acd-monitor/data_v7/canonical/20250819/E-BYBITSPOT/BTCUSDT.csv.gz,21142201,6ed888c23fceb178aaa287261d4c58305325a66294e390942820ac1a09e78560,time_exchange;time_coinapi;guid;price;base_amount;taker_side;id_exch_guid;id_exch_int_inc;order_id_maker;order_id_taker,2025-08-19T23:59:45.9520000;2025-08-19T23:59:45.9908561;de29a819-fa35-46dc-9455-3217a50212a0;112871.8;0.000026;BUY;;;;,586574
20250819,COINBASE,BTCUSDT,v4,/Users/ygorfrancisco/Desktop/acd-monitor/data_v7/canonical/20250819/E-COINBASE/BTCUSDT.csv.gz,39795925,c217007aa0edcf66b6a7471a34554f38ed847a397fdaf39a628869bc8c2e2552,time_exchange;time_coinapi;guid;price;base_amount;taker_side;id_exch_guid;id_exch_int_inc;order_id_maker;order_id_taker,2025-08-19T23:59:59.9893450;2025-08-20T00:00:00.0728135;062a2d2f-aecb-4497-91b6-86faa8f5b56d;112856.19;0.00454215;BUY;;863818089;3d3e16a9-45fb-48be-b7b5-8a9b33c07700;ab7d1ba2-2e46-41bf-b9de-86e0775a4319,520345
20250820,BINANCE,BTCUSDT,v4,/Users/ygorfrancisco/Desktop/acd-monitor/data_v7/canonical/20250820/E-BINANCE/BTCUSDT.csv.gz,112315017,b7a833b656e227dde909f66e84030ca8e113de4d92671168a91ca4445b172a44,time_exchange;time_coinapi;guid;price;base_amount;taker_side;id_exch_guid;id_exch_int_inc;order_id_maker;order_id_taker,2025-08-20T23:59:59.6040000;2025-08-20T23:59:59.6063827;e5958e5d-d01f-4cd4-85a6-8ba1b62c15df;114271.24;0.00263;BUY;;5175114253;;,2998370
20250820,BITGET,BTCUSDT,v4,/Users/ygorfrancisco/Desktop/acd-monitor/data_v7/canonical/20250820/E-BITGET/BTCUSDT.csv.gz,18466035,b25d9a804eb5bdc791058f8d810d12642a8001908eb1712d467e06aa07250b85,time_exchange;time_coinapi;guid;price;base_amount;taker_side;id_exch_guid;id_exch_int_inc;order_id_maker;order_id_taker,2025-08-20T23:59:59.0500000;2025-08-20T23:59:59.1843673;1de6da22-5600-4eb0-b251-3f1a85223818;114278.71;0.000043;BUY;;;;,463884
20250820,BYBITSPOT,BTCUSDT,v4,/Users/ygorfrancisco/Desktop/acd-monitor/data_v7/canonical/20250820/E-BYBITSPOT/BTCUSDT.csv.gz,17524628,397646773f36d5259c3fa4189fbf1363a8bdfb3a2d3863aca0df2777f96f94a9,time_exchange;time_coinapi;guid;price;base_amount;taker_side;id_exch_guid;id_exch_int_inc;order_id_maker;order_id_taker,2025-08-20T23:59:58.7630000;2025-08-20T23:59:58.8021657;4af7105f-d00d-4c31-a9cf-fcc85237182f;114266.7;0.000096;BUY;;;;,482248
20250820,COINBASE,BTCUSDT,v4,/Users/ygorfrancisco/Desktop/acd-monitor/data_v7/canonical/20250820/E-COINBASE/BTCUSDT.csv.gz,34206040,08f648558c231c5a57059836e94ca0ad4cf94fd379cfa644cc531e04ec21c262,time_exchange;time_coinapi;guid;price;base_amount;taker_side;id_exch_guid;id_exch_int_inc;order_id_maker;order_id_taker,2025-08-20T23:59:59.7857660;2025-08-20T23:59:59.8709270;480d22e8-9f7b-4ee7-bd81-c1505832bdc2;114276;0.0002126;BUY;;864268710;abfff395-22cf-43db-a56f-1c594db36b69;47f41d51-067e-45a4-8240-c4f1c407e641,450622
20250821,BINANCE,BTCUSDT,v4,/Users/ygorfrancisco/Desktop/acd-monitor/data_v7/canonical/20250821/E-BINANCE/BTCUSDT.csv.gz,88332379,df660eb43a7507b586ab02c8a09bff55e05c72dd27ae52869932906b75bc0995,time_exchange;time_coinapi;guid;price;base_amount;taker_side;id_exch_guid;id_exch_int_inc;order_id_maker;order_id_taker,2025-08-21T23:59:59.5820000;2025-08-21T23:59:59.5855963;0671624d-a7e5-4d13-a6ad-09b70fa8f9df;112500;0.00687;BUY;;5177471633;;,2357381
20250821,BITGET,BTCUSDT,v4,/Users/ygorfrancisco/Desktop/acd-monitor/data_v7/canonical/20250821/E-BITGET/BTCUSDT.csv.gz,8915058,17e1c5b2fc988f17797f3ba02f544b95920a3b18f7dfd0fc7a008ce76b727156,time_exchange;time_coinapi;guid;price;base_amount;taker_side;id_exch_guid;id_exch_int_inc;order_id_maker;order_id_taker,2025-08-21T23:59:59.2350000;2025-08-21T23:59:59.3644920;6f3417de-08cb-4b9b-ad2b-d863fc3b024b;112511.06;0.000888;BUY;;;;,229076
20250821,BYBITSPOT,BTCUSDT,v4,/Users/ygorfrancisco/Desktop/acd-monitor/data_v7/canonical/20250821/E-BYBITSPOT/BTCUSDT.csv.gz,15154291,77c6aece7a1dd2918acfe8e6b0d27d8f7e88d9e0c844b4231ed8c5ff98f19a9d,time_exchange;time_coinapi;guid;price;base_amount;taker_side;id_exch_guid;id_exch_int_inc;order_id_maker;order_id_taker,2025-08-21T23:59:59.9500000;2025-08-21T23:59:59.9905018;4af3a4a3-afab-4e14-8420-b15939f5d24c;112509.6;0.016406;SELL;;;;,415924
20250821,COINBASE,BTCUSDT,v4,/Users/ygorfrancisco/Desktop/acd-monitor/data_v7/canonical/20250821/E-COINBASE/BTCUSDT.csv.gz,29439412,939036c7068ad5aa656fa9ebf031814b5c4a26569ea81a26afd3163963ea1084,time_exchange;time_coinapi;guid;price;base_amount;taker_side;id_exch_guid;id_exch_int_inc;order_id_maker;order_id_taker,2025-08-21T23:59:58.2475200;2025-08-21T23:59:58.8109825;bcba8bf0-e1e8-4d13-9213-d162eb0f18ac;112480.3;0.00008583;BUY;;864653814;f093bed9-5cfd-48f1-91f1-db15f15f3ca7;099190c6-42b3-413e-8786-030db9ba33c2,384884
20250822,BINANCE,BTCUSDT,v4,/Users/ygorfrancisco/Desktop/acd-monitor/data_v7/canonical/20250822/E-BINANCE/BTCUSDT.csv.gz,128740221,80d3347a19c00aa824a28e5b5beb63ee2b9fb25103f58975333ea7b65d28013b,time_exchange;time_coinapi;guid;price;base_amount;taker_side;id_exch_guid;id_exch_int_inc;order_id_maker;order_id_taker,2025-08-22T23:59:59.3410000;2025-08-22T23:59:59.4790544;17c365c0-329d-486e-a342-4558dcdb7170;116935.99;0.00047;SELL;;5180910151;;,3420910
20250822,BITGET,BTCUSDT,v4,/Users/ygorfrancisco/Desktop/acd-monitor/data_v7/canonical/20250822/E-BITGET/BTCUSDT.csv.gz,11673655,65c1bc203949cd16b62a2f43e2c50122b84c22bb3478966ad3231be1a30b4817,time_exchange;time_coinapi;guid;price;base_amount;taker_side;id_exch_guid;id_exch_int_inc;order_id_maker;order_id_taker,2025-08-22T23:59:59.5750000;2025-08-22T23:59:59.7040578;a4245d6d-142a-4dd7-8fac-5d51465755fd;116949.17;0.000071;SELL;;;;,298656
20250822,BYBITSPOT,BTCUSDT,v4,/Users/ygorfrancisco/Desktop/acd-monitor/data_v7/canonical/20250822/E-BYBITSPOT/BTCUSDT.csv.gz,22381895,85d2c86516bb596dbe0ecfc251f4760e5cd084be220d782861b64a2e89cdbc13,time_exchange;time_coinapi;guid;price;base_amount;taker_side;id_exch_guid;id_exch_int_inc;order_id_maker;order_id_taker,2025-08-22T23:59:58.3940000;2025-08-22T23:59:58.4316409;d9bb0310-f36e-414d-ba19-866499075952;116935.1;0.000127;BUY;;;;,617946
20250822,COINBASE,BTCUSDT,v4,/Users/ygorfrancisco/Desktop/acd-monitor/data_v7/canonical/20250822/E-COINBASE/BTCUSDT.csv.gz,41084500,fdf32016ede1dfcb029f4bea96e90b80a02eefd50f887c261673a08e1666686b,time_exchange;time_coinapi;guid;price;base_amount;taker_side;id_exch_guid;id_exch_int_inc;order_id_maker;order_id_taker,2025-08-22T23:59:59.7242410;2025-08-22T23:59:59.8127818;05640a3c-00c7-402a-877d-9cbbc7188a21;116908.68;0.01365846;BUY;;865193371;9efe6930-154e-44a4-b943-3ef5d518e382;a7543400-de7a-4ddd-9276-5fd0f8a72b98,539174
20250823,BINANCE,BTCUSDT,v4,/Users/ygorfrancisco/Desktop/acd-monitor/data_v7/canonical/20250823/E-BINANCE/BTCUSDT.csv.gz,59368995,dc9195ec8f0a96ef71c4b1b7767beb1c7240c2ab040d22c9a1bd48d1c43383a6,time_exchange;time_coinapi;guid;price;base_amount;taker_side;id_exch_guid;id_exch_int_inc;order_id_maker;order_id_taker,2025-08-23T23:59:56.8120000;2025-08-23T23:59:56.8143057;b999798b-fd54-4514-b757-6e72325b7e4a;115438.05;0.001;SELL;;5182469720;;,1559570
20250823,BITGET,BTCUSDT,v4,/Users/ygorfrancisco/Desktop/acd-monitor/data_v7/canonical/20250823/E-BITGET/BTCUSDT.csv.gz,5726662,368489e230d8bab72d6731201cce0bdcdea458fe74f750894bf4a86d56bb23f6,time_exchange;time_coinapi;guid;price;base_amount;taker_side;id_exch_guid;id_exch_int_inc;order_id_maker;order_id_taker,2025-08-23T23:59:54.0770000;2025-08-23T23:59:54.2074418;08effa9a-24a8-4b97-931a-dd73f10c115b;115436.36;0.000017;BUY;;;;,144468
20250823,BYBITSPOT,BTCUSDT,v4,/Users/ygorfrancisco/Desktop/acd-monitor/data_v7/canonical/20250823/E-BYBITSPOT/BTCUSDT.csv.gz,11129081,b1f095fa9b671b4e636178f2eb75b3b93ca8af367ef4df9ef85f67c0f3b647d3,time_exchange;time_coinapi;guid;price;base_amount;taker_side;id_exch_guid;id_exch_int_inc;order_id_maker;order_id_taker,2025-08-23T23:59:55.3510000;2025-08-23T23:59:55.3892761;b0e76b3d-ef68-47b1-8d0b-7a5f58d25631;115432.9;0.004061;SELL;;;;,306077
20250823,COINBASE,BTCUSDT,v4,/Users/ygorfrancisco/Desktop/acd-monitor/data_v7/canonical/20250823/E-COINBASE/BTCUSDT.csv.gz,21574365,1bee0be9d8d593e9a6162ad5f157be191f1ad1c51c497d3336f27bc932e8d9e0,time_exchange;time_coinapi;guid;price;base_amount;taker_side;id_exch_guid;id_exch_int_inc;order_id_maker;order_id_taker,2025-08-23T23:59:59.1985930;2025-08-23T23:59:59.2921371;6268d7b0-8803-404e-b94e-dee66b65d90b;115383.87;0.00538175;BUY;;865476991;2cee041c-fbc8-4c36-af27-083454693e36;d31872ca-f487-49c6-a051-92d53ce7879a,283570
20250824,BINANCE,BTCUSDT,v4,/Users/ygorfrancisco/Desktop/acd-monitor/data_v7/canonical/20250824/E-BINANCE/BTCUSDT.csv.gz,97857923,9a5377a3a29004cd78ed3c048405fffc22a54aceaa8b4a543506e83566c852b6,time_exchange;time_coinapi;guid;price;base_amount;taker_side;id_exch_guid;id_exch_int_inc;order_id_maker;order_id_taker,2025-08-24T23:59:59.6810000;2025-08-24T23:59:59.6845264;b348dc1f-da7d-4509-9afe-9a0fe1abee43;113493.59;0.00006;BUY;;5185043626;;,2573848
20250824,BITGET,BTCUSDT,v4,/Users/ygorfrancisco/Desktop/acd-monitor/data_v7/canonical/20250824/E-BITGET/BTCUSDT.csv.gz,9542668,38b8f7c0e1a56e6ec2ffe895420420de4bc875ffe899340390cc5f32a9698428,time_exchange;time_coinapi;guid;price;base_amount;taker_side;id_exch_guid;id_exch_int_inc;order_id_maker;order_id_taker,2025-08-24T23:59:57.7420000;2025-08-24T23:59:57.8756770;aa1b969b-9238-4448-a271-cde6df936877;113500.42;0.000093;SELL;;;;,248374
20250824,BYBITSPOT,BTCUSDT,v4,/Users/ygorfrancisco/Desktop/acd-monitor/data_v7/canonical/20250824/E-BYBITSPOT/BTCUSDT.csv.gz,20879513,7eae2fe64920c108db5ac5932392497cd4300a95303c41ff2f7b6eefb821b14a,time_exchange;time_coinapi;guid;price;base_amount;taker_side;id_exch_guid;id_exch_int_inc;order_id_maker;order_id_taker,2025-08-24T23:59:56.5660000;2025-08-24T23:59:56.6134052;e10bed3b-7b74-4ce6-83b9-0f6bd8c512b0;113496.5;0.001505;BUY;;;;,581534
20250824,COINBASE,BTCUSDT,v4,/Users/ygorfrancisco/Desktop/acd-monitor/data_v7/canonical/20250824/E-COINBASE/BTCUSDT.csv.gz,25022747,7b23f4ba762bdca3d16d4c2d9b3e830ed1f790f66e7674d4d5151fac9aa3c032,time_exchange;time_coinapi;guid;price;base_amount;taker_side;id_exch_guid;id_exch_int_inc;order_id_maker;order_id_taker,2025-08-24T23:59:59.0910730;2025-08-24T23:59:59.1688982;a06330bb-86ae-4655-9788-d9b12cdd6e52;113478;0.0000096;BUY;;865808299;c19111d7-69d0-4cda-b104-9accd03733dd;b4c3a846-2552-4cf4-8b77-f91a66b7825a,321895
20250825,BINANCE,BTCUSDT,v4,/Users/ygorfrancisco/Desktop/acd-monitor/data_v7/canonical/20250825/E-BINANCE/BTCUSDT.csv.gz,175214393,11ba65b7a22f6b8b7ffc4273e3f2ce9723354970db00a28eb98a98f58d01d915,time_exchange;time_coinapi;guid;price;base_amount;taker_side;id_exch_guid;id_exch_int_inc;order_id_maker;order_id_taker,2025-08-25T23:59:59.7170000;2025-08-25T23:59:59.7195148;1d86afd2-c752-4d5c-9360-e1aa9f587084;110111.98;0.0001;BUY;;5189739344;;,4695719
20250825,BITGET,BTCUSDT,v4,/Users/ygorfrancisco/Desktop/acd-monitor/data_v7/canonical/20250825/E-BITGET/BTCUSDT.csv.gz,15410349,f4c38fbd3c0f1dd06f0df34563f65abe1c0e1495ac6da82f53b453e045918934,time_exchange;time_coinapi;guid;price;base_amount;taker_side;id_exch_guid;id_exch_int_inc;order_id_maker;order_id_taker,2025-08-25T23:59:55.8750000;2025-08-25T23:59:56.0049462;09b5bc1d-73a8-43a1-9971-3e7ddca624e3;110119.21;0.000363;BUY;;;;,397946
20250825,BYBITSPOT,BTCUSDT,v4,/Users/ygorfrancisco/Desktop/acd-monitor/data_v7/canonical/20250825/E-BYBITSPOT/BTCUSDT.csv.gz,25308995,2081329e7f5ee7f95832bf4b147c39d0e139f7f055c8a31133523a627ae17086,time_exchange;time_coinapi;guid;price;base_amount;taker_side;id_exch_guid;id_exch_int_inc;order_id_maker;order_id_taker,2025-08-25T23:59:57.4480000;2025-08-25T23:59:57.4855059;0a5848f4-6fc9-451c-9700-891d639c03c7;110116.2;0.000208;BUY;;;;,690898
20250825,COINBASE,BTCUSDT,v4,/Users/ygorfrancisco/Desktop/acd-monitor/data_v7/canonical/20250825/E-COINBASE/BTCUSDT.csv.gz,41249659,b93f29a9ffd0aecf1675ebf0102b69fbcf8c57b7495035ce1587c9ee7314bf10,time_exchange;time_coinapi;guid;price;base_amount;taker_side;id_exch_guid;id_exch_int_inc;order_id_maker;order_id_taker,2025-08-25T23:59:59.8704670;2025-08-25T23:59:59.9477455;9d003d90-26c4-42a3-bc83-8adb2d1264a1;110127.74;0.00086129;BUY;;866336309;000ad603-aabd-4e75-9508-4ec86431d139;be132141-d978-4bc3-a956-764a52d24d75,528011
20250826,BINANCE,BTCUSDT,v4,/Users/ygorfrancisco/Desktop/acd-monitor/data_v7/canonical/20250826/E-BINANCE/BTCUSDT.csv.gz,150724920,9c1c6d63cb2e3cc04d1794c9b6e0e0f75a1851b5d17d9be95a7a744fc31fe140,time_exchange;time_coinapi;guid;price;base_amount;taker_side;id_exch_guid;id_exch_int_inc;order_id_maker;order_id_taker,2025-08-26T23:59:57.6750000;2025-08-26T23:59:57.8091818;95500a26-e74d-472b-be97-6b4a907e2f17;111763.22;0.00061;BUY;;5193816818;;,4077467
20250826,BITGET,BTCUSDT,v4,/Users/ygorfrancisco/Desktop/acd-monitor/data_v7/canonical/20250826/E-BITGET/BTCUSDT.csv.gz,15843183,b3b3c5a0f4e7ac1338a11b3f62759824b96210223d353181e07ce5c9da09f484,time_exchange;time_coinapi;guid;price;base_amount;taker_side;id_exch_guid;id_exch_int_inc;order_id_maker;order_id_taker,2025-08-26T23:59:59.6570000;2025-08-26T23:59:59.7863106;351ff63b-eb8d-4594-811a-da8ad79a11f0;111763.48;0.000303;BUY;;;;,400783
20250826,BYBITSPOT,BTCUSDT,v4,/Users/ygorfrancisco/Desktop/acd-monitor/data_v7/canonical/20250826/E-BYBITSPOT/BTCUSDT.csv.gz,19812102,aa26b3a0aa6e8f5f383611020d5125bd896858f1f36a61b3379c7c54683b80e8,time_exchange;time_coinapi;guid;price;base_amount;taker_side;id_exch_guid;id_exch_int_inc;order_id_maker;order_id_taker,2025-08-26T23:59:55.0900000;2025-08-26T23:59:55.1274760;d525a533-41af-43fe-8cf6-deebdf5a3484;111763.6;0.000008;BUY;;;;,538175
20250826,COINBASE,BTCUSDT,v4,/Users/ygorfrancisco/Desktop/acd-monitor/data_v7/canonical/20250826/E-COINBASE/BTCUSDT.csv.gz,38371384,1a85e8b19ad0b9c76066f8d485834954aaa842a26f701a337ce0ebb122115db6,time_exchange;time_coinapi;guid;price;base_amount;taker_side;id_exch_guid;id_exch_int_inc;order_id_maker;order_id_taker,2025-08-26T23:59:59.6484050;2025-08-26T23:59:59.7400039;6889b90e-2352-4f6c-aac5-73d1b4459863;111788.01;0.00004464;SELL;;866829477;20919a80-50f5-40f3-b594-50aa60f5b40e;ce4f80c2-e6d3-4db4-aece-b67b6118d1f2,493169
20250827,BINANCE,BTCUSDT,v4,/Users/ygorfrancisco/Desktop/acd-monitor/data_v7/canonical/20250827/E-BINANCE/BTCUSDT.csv.gz,115613440,6b863ed38c6a7eb08c27496ce16b4b2d05b04f734db051be46b7b51f31170225,time_exchange;time_coinapi;guid;price;base_amount;taker_side;id_exch_guid;id_exch_int_inc;order_id_maker;order_id_taker,2025-08-27T23:59:59.6140000;2025-08-27T23:59:59.7506490;4536990a-9e3d-405e-a43e-2da6d1af9430;111262.01;0.00008;BUY;;5196928314;;,3109095
20250827,BITGET,BTCUSDT,v4,/Users/ygorfrancisco/Desktop/acd-monitor/data_v7/canonical/20250827/E-BITGET/BTCUSDT.csv.gz,13198013,fa9b94ee5a603ed17559f6b8f06ddef3769b471f7a7fbd2367384ad51b9066f5,time_exchange;time_coinapi;guid;price;base_amount;taker_side;id_exch_guid;id_exch_int_inc;order_id_maker;order_id_taker,2025-08-27T23:59:58.1250000;2025-08-27T23:59:58.2542828;8ddb4106-bacc-49ca-b944-5ec49eca5bee;111253.54;0.000098;BUY;;;;,338652
20250827,BYBITSPOT,BTCUSDT,v4,/Users/ygorfrancisco/Desktop/acd-monitor/data_v7/canonical/20250827/E-BYBITSPOT/BTCUSDT.csv.gz,18190959,c1ebd8937c97fedd8329f59e2e1dbfd20aa5e631bebabed23695339ecc6e4821,time_exchange;time_coinapi;guid;price;base_amount;taker_side;id_exch_guid;id_exch_int_inc;order_id_maker;order_id_taker,2025-08-27T23:59:58.3460000;2025-08-27T23:59:58.3834926;26d6a1fd-cf01-4486-a0a8-41bef9d7fbb8;111240.8;0.011;SELL;;;;,496515
20250827,COINBASE,BTCUSDT,v4,/Users/ygorfrancisco/Desktop/acd-monitor/data_v7/canonical/20250827/E-COINBASE/BTCUSDT.csv.gz,33148262,ace4f0f57d0a33b784b90e28646b5ae5e22e246935feb243564f0560ac07400d,time_exchange;time_coinapi;guid;price;base_amount;taker_side;id_exch_guid;id_exch_int_inc;order_id_maker;order_id_taker,2025-08-27T23:59:59.2810260;2025-08-27T23:59:59.3583763;38a1eaca-112a-40df-b7c2-0c15022b350b;111253.21;0.00089874;SELL;;867259899;e2de93e7-c93e-4d29-ad40-a9c52c358cf7;be4413a3-dfa4-404c-b196-0c57c468cda2,429176
20250828,BINANCE,BTCUSDT,v4,/Users/ygorfrancisco/Desktop/acd-monitor/data_v7/canonical/20250828/E-BINANCE/BTCUSDT.csv.gz,78424487,48ceac23c654d5341fc2366e060c3209d65145bbccc844fd2c697457cc93ac7d,time_exchange;time_coinapi;guid;price;base_amount;taker_side;id_exch_guid;id_exch_int_inc;order_id_maker;order_id_taker,2025-08-28T23:59:59.7290000;2025-08-28T23:59:59.7312861;9e81c004-fafc-421d-b8d2-449374474636;112566.9;0.00007;SELL;;5198995094;;,2066781
20250828,BITGET,BTCUSDT,v4,/Users/ygorfrancisco/Desktop/acd-monitor/data_v7/canonical/20250828/E-BITGET/BTCUSDT.csv.gz,9429862,36aedd65220db69b17a59c4a60355b9d5333d86b83f85a10b603ef0cb6a52c6e,time_exchange;time_coinapi;guid;price;base_amount;taker_side;id_exch_guid;id_exch_int_inc;order_id_maker;order_id_taker,2025-08-28T23:59:55.3360000;2025-08-28T23:59:55.4642011;6ca51c14-2945-4fd2-b78f-87a317d01cc1;112568.59;0.003679;SELL;;;;,239895
20250828,BYBITSPOT,BTCUSDT,v4,/Users/ygorfrancisco/Desktop/acd-monitor/data_v7/canonical/20250828/E-BYBITSPOT/BTCUSDT.csv.gz,14710121,25548684e3852b22441bf624a2a72984029f970d8b69c874ec0f96ef6b24b720,time_exchange;time_coinapi;guid;price;base_amount;taker_side;id_exch_guid;id_exch_int_inc;order_id_maker;order_id_taker,2025-08-28T23:59:59.0950000;2025-08-28T23:59:59.1332162;b8d78588-0e05-4b14-a987-8374835d00f6;112558.8;0.000008;BUY;;;;,400611
20250828,COINBASE,BTCUSDT,v4,/Users/ygorfrancisco/Desktop/acd-monitor/data_v7/canonical/20250828/E-COINBASE/BTCUSDT.csv.gz,33400800,d8246c6d46956a6c6c188e4886ecc0cd9fd07a660160d853c0514ca82c2b2fc4,time_exchange;time_coinapi;guid;price;base_amount;taker_side;id_exch_guid;id_exch_int_inc;order_id_maker;order_id_taker,2025-08-28T23:59:59.8740320;2025-08-28T23:59:59.9516607;5a83d134-cca7-42ef-962b-4eee3322236d;112574.85;0.00042124;BUY;;867702632;5f85e383-d35c-40dc-8c79-84a3959c8821;a9241912-60a7-4d23-a684-f941f047ad5f,442734
20250829,BINANCE,BTCUSDT,v4,/Users/ygorfrancisco/Desktop/acd-monitor/data_v7/canonical/20250829/E-BINANCE/BTCUSDT.csv.gz,135846835,e7733f345c54ead7f96b94f460cee600975c1a02d9b3e54a02cacbcaf594570e,time_exchange;time_coinapi;guid;price;base_amount;taker_side;id_exch_guid;id_exch_int_inc;order_id_maker;order_id_taker,2025-08-29T23:59:59.2920000;2025-08-29T23:59:59.4290228;416b706b-198f-4e7a-8eb2-ff44f54bf5eb;108377.4;0.00006;BUY;;5202602053;;,3606953
20250829,BITGET,BTCUSDT,v4,/Users/ygorfrancisco/Desktop/acd-monitor/data_v7/canonical/20250829/E-BITGET/BTCUSDT.csv.gz,15194389,2b8a1dadf39e6757c25397adb768b4aabde1a3379906f73ac6f5291b337d2e3d,time_exchange;time_coinapi;guid;price;base_amount;taker_side;id_exch_guid;id_exch_int_inc;order_id_maker;order_id_taker,2025-08-29T23:59:58.2730000;2025-08-29T23:59:58.4020047;0e070841-e73f-401c-a2cc-fb9af6011b62;108375.37;0.001854;BUY;;;;,392870
20250829,BYBITSPOT,BTCUSDT,v4,/Users/ygorfrancisco/Desktop/acd-monitor/data_v7/canonical/20250829/E-BYBITSPOT/BTCUSDT.csv.gz,22311026,8d3268a55ec240f37889f1814808fb946e173f18262fddde14dd12f34923c041,time_exchange;time_coinapi;guid;price;base_amount;taker_side;id_exch_guid;id_exch_int_inc;order_id_maker;order_id_taker,2025-08-29T23:59:57.8800000;2025-08-29T23:59:57.9180285;cc03e8f7-e9df-4f0c-8cd5-dd9cc10251fb;108390.6;0.000034;BUY;;;;,615560
20250829,COINBASE,BTCUSDT,v4,/Users/ygorfrancisco/Desktop/acd-monitor/data_v7/canonical/20250829/E-COINBASE/BTCUSDT.csv.gz,46357224,bc30598bf3787d033cf72b13101e0e96f3ecc3464126a7db907a82a3bc55d796,time_exchange;time_coinapi;guid;price;base_amount;taker_side;id_exch_guid;id_exch_int_inc;order_id_maker;order_id_taker,2025-08-29T23:59:59.9890440;2025-08-30T00:00:00.0662643;27941de1-8afb-427d-9e5f-aefb1c5dae51;108378.32;0.00044836;BUY;;868309263;cdebfa71-b16d-47a8-9ede-3962d1ff62db;f4261b3f-e293-41cc-af9f-2af625ffe2df,606632
20250830,BINANCE,BTCUSDT,v4,/Users/ygorfrancisco/Desktop/acd-monitor/data_v7/canonical/20250830/E-BINANCE/BTCUSDT.csv.gz,54025772,0eb6926b08cf498b087919344aad881165412375066e030b08e7748def479597,time_exchange;time_coinapi;guid;price;base_amount;taker_side;id_exch_guid;id_exch_int_inc;order_id_maker;order_id_taker,2025-08-30T23:59:59.7640000;2025-08-30T23:59:59.7677382;b5dcd549-0295-4e69-a9f1-7cf9112295a0;108816.33;0.00009;SELL;;5204013093;;,1411041
20250830,BITGET,BTCUSDT,v4,/Users/ygorfrancisco/Desktop/acd-monitor/data_v7/canonical/20250830/E-BITGET/BTCUSDT.csv.gz,8042934,6efcb4309e1023d76a717de807937fa0ced0d8b5741fd037252ddde8bca006b1,time_exchange;time_coinapi;guid;price;base_amount;taker_side;id_exch_guid;id_exch_int_inc;order_id_maker;order_id_taker,2025-08-30T23:59:57.9950000;2025-08-30T23:59:58.1262366;63f14158-bf2d-4840-9f13-6191e89cbb9b;108808.89;0.002337;SELL;;;;,201632
20250830,BYBITSPOT,BTCUSDT,v4,/Users/ygorfrancisco/Desktop/acd-monitor/data_v7/canonical/20250830/E-BYBITSPOT/BTCUSDT.csv.gz,10573425,8ae5ed3f7f4200c940df61c0873b51b0d1b61c29ac68967d9a2a9ed685c4e63c,time_exchange;time_coinapi;guid;price;base_amount;taker_side;id_exch_guid;id_exch_int_inc;order_id_maker;order_id_taker,2025-08-30T23:59:59.7000000;2025-08-30T23:59:59.7377179;08d1a174-90c8-44aa-bb7a-74d39f39470f;108805.4;0.001139;SELL;;;;,291536
20250830,COINBASE,BTCUSDT,v4,/Users/ygorfrancisco/Desktop/acd-monitor/data_v7/canonical/20250830/E-COINBASE/BTCUSDT.csv.gz,24935389,f0e1c2301d18671e36dc9337e389631855d4e73f464c01e66a1ece2e091cf5be,time_exchange;time_coinapi;guid;price;base_amount;taker_side;id_exch_guid;id_exch_int_inc;order_id_maker;order_id_taker,2025-08-30T23:59:57.3650440;2025-08-30T23:59:57.4423938;fcaba08f-605b-4f25-b9ec-a165c9c6e054;108827.93;0.00001664;BUY;;868634183;34ba62bc-4325-4cbd-945f-201ffd817872;e7996569-e69b-4949-b5fc-4082b521e688,324921
20250831,BINANCE,BTCUSDT,v4,/Users/ygorfrancisco/Desktop/acd-monitor/data_v7/canonical/20250831/E-BINANCE/BTCUSDT.csv.gz,52278484,1d2ec7a010cd479da3d9a6a52ff6631b754648260719e3dd25f38773a68ce167,time_exchange;time_coinapi;guid;price;base_amount;taker_side;id_exch_guid;id_exch_int_inc;order_id_maker;order_id_taker,2025-08-31T23:59:59.5660000;2025-08-31T23:59:59.5687169;83fa35a6-51a4-4cca-8b67-f0a722988a11;108246.35;0.00046;SELL;;5205379726;;,1366634
20250831,BITGET,BTCUSDT,v4,/Users/ygorfrancisco/Desktop/acd-monitor/data_v7/canonical/20250831/E-BITGET/BTCUSDT.csv.gz,7932372,d9566abd2b077b581e06d0318c927b167e4bb3d21bae3009f349244000935bdc,time_exchange;time_coinapi;guid;price;base_amount;taker_side;id_exch_guid;id_exch_int_inc;order_id_maker;order_id_taker,2025-08-31T23:59:58.6970000;2025-08-31T23:59:58.8282306;0acc2772-1d18-4107-9948-7cc2e4a508fb;108256.73;0.0268;SELL;;;;,198630
20250831,BYBITSPOT,BTCUSDT,v4,/Users/ygorfrancisco/Desktop/acd-monitor/data_v7/canonical/20250831/E-BYBITSPOT/BTCUSDT.csv.gz,10535383,44f8ed2a99bb301a87e0077143b71d3a8ae66563df56aa8c1e9b4a0a286be06c,time_exchange;time_coinapi;guid;price;base_amount;taker_side;id_exch_guid;id_exch_int_inc;order_id_maker;order_id_taker,2025-08-31T23:59:59.7320000;2025-08-31T23:59:59.7709801;c15a33b0-1675-4c72-93c7-949fbd9e4ced;108253.8;0.003465;SELL;;;;,299085
20250831,COINBASE,BTCUSDT,v4,/Users/ygorfrancisco/Desktop/acd-monitor/data_v7/canonical/20250831/E-COINBASE/BTCUSDT.csv.gz,20106586,95d1b15536e35c65d3f6a9c5718aaa2cf977cc616bd877af200d723580d6f763,time_exchange;time_coinapi;guid;price;base_amount;taker_side;id_exch_guid;id_exch_int_inc;order_id_maker;order_id_taker,2025-08-31T23:59:59.8072530;2025-08-31T23:59:59.8893766;c57c419e-1819-404f-8ebd-fac6cefc0685;108247.95;0.00879915;BUY;;868891138;0699d648-069c-4ee2-b70c-1f08804ae23d;8c1d8315-a023-4cc9-9efb-476c9a2af1f2,256956
20250901,BINANCE,BTCUSDT,v4,/Users/ygorfrancisco/Desktop/acd-monitor/data_v7/canonical/20250901/E-BINANCE/BTCUSDT.csv.gz,103704323,746d8175c1be1ff68bb182d024e701a37313c27340b1f981c5374ee4a7246eb4,time_exchange;time_coinapi;guid;price;base_amount;taker_side;id_exch_guid;id_exch_int_inc;order_id_maker;order_id_taker,2025-09-01T23:59:59.3760000;2025-09-01T23:59:59.4978165;ea4b6448-9d3a-47b3-a481-26e8d6bd8dd6;109237.42;0.05778;SELL;;5208109110;;,2729385
20250901,BITGET,BTCUSDT,v4,/Users/ygorfrancisco/Desktop/acd-monitor/data_v7/canonical/20250901/E-BITGET/BTCUSDT.csv.gz,13151610,071066b235a5dc782b28b2d41cb833b2fd2699ef0e14b2ba4f4c09b6ee24c57a,time_exchange;time_coinapi;guid;price;base_amount;taker_side;id_exch_guid;id_exch_int_inc;order_id_maker;order_id_taker,2025-09-01T23:59:59.1260000;2025-09-01T23:59:59.2622244;2660ec2c-0bb3-40f9-b57c-1ba4dc5a5032;109236.52;0.000915;BUY;;;;,334322
20250901,BYBITSPOT,BTCUSDT,v4,/Users/ygorfrancisco/Desktop/acd-monitor/data_v7/canonical/20250901/E-BYBITSPOT/BTCUSDT.csv.gz,24252733,475fd529888a0412340a6240ba0c22fe7db4e1396cd5b77348e6a47142739ff7,time_exchange;time_coinapi;guid;price;base_amount;taker_side;id_exch_guid;id_exch_int_inc;order_id_maker;order_id_taker,2025-09-01T23:59:58.1480000;2025-09-01T23:59:58.1858986;4bc2de6b-615e-4d18-8756-92435fd49240;109239.8;0.000009;BUY;;;;,690699
20250901,COINBASE,BTCUSDT,v4,/Users/ygorfrancisco/Desktop/acd-monitor/data_v7/canonical/20250901/E-COINBASE/BTCUSDT.csv.gz,39113048,b6710270cae45bf2b3463839e15e6799e97b6446264c1f841e148c3d7c0e5fc5,time_exchange;time_coinapi;guid;price;base_amount;taker_side;id_exch_guid;id_exch_int_inc;order_id_maker;order_id_taker,2025-09-01T23:59:59.4894070;2025-09-01T23:59:59.5742350;051fb0b1-6103-42f4-8019-34e11c37f7bc;109240.55;0.00045;BUY;;869390289;f6622792-2d7e-4a1b-a68e-0ebb4e66981e;c7a31761-e772-4800-8131-080d2a117963,499152
20250902,BINANCE,BTCUSDT,v4,/Users/ygorfrancisco/Desktop/acd-monitor/data_v7/canonical/20250902/E-BINANCE/BTCUSDT.csv.gz,99109875,7f9919a85ea80aa11451ee509c8d1d78966046f717bdf9d767f077ae8456b82b,time_exchange;time_coinapi;guid;price;base_amount;taker_side;id_exch_guid;id_exch_int_inc;order_id_maker;order_id_taker,2025-09-02T23:59:59.5790000;2025-09-02T23:59:59.7011177;b04c2314-3838-4356-902a-3ffb0d9b2997;111240.01;0.00122;SELL;;5210705438;;,2596323
20250902,BITGET,BTCUSDT,v4,/Users/ygorfrancisco/Desktop/acd-monitor/data_v7/canonical/20250902/E-BITGET/BTCUSDT.csv.gz,18133935,abef780b03b3e74ce6e1d8e6e36a40680f45ce7a7cdaec61babb69001192eb1b,time_exchange;time_coinapi;guid;price;base_amount;taker_side;id_exch_guid;id_exch_int_inc;order_id_maker;order_id_taker,2025-09-02T23:59:58.2410000;2025-09-02T23:59:58.3690055;04f60808-2ffc-4390-b493-04c1a786b9ea;111256.93;0.000764;BUY;;;;,456268
20250902,BYBITSPOT,BTCUSDT,v4,/Users/ygorfrancisco/Desktop/acd-monitor/data_v7/canonical/20250902/E-BYBITSPOT/BTCUSDT.csv.gz,25145369,3f6111e1b20ba0ed4e2d0e735880dfa64da72665de24491b8e31c41218b40f47,time_exchange;time_coinapi;guid;price;base_amount;taker_side;id_exch_guid;id_exch_int_inc;order_id_maker;order_id_taker,2025-09-02T23:59:58.4210000;2025-09-02T23:59:58.4606115;901f737d-7918-4d41-b482-e27f94d5f360;111246;0.000918;SELL;;;;,710350
20250902,COINBASE,BTCUSDT,v4,/Users/ygorfrancisco/Desktop/acd-monitor/data_v7/canonical/20250902/E-COINBASE/BTCUSDT.csv.gz,34858538,04f3b480f35ee7d6b23ff292e6a0f00ff5e63201068671476f4ee798a4517f83,time_exchange;time_coinapi;guid;price;base_amount;taker_side;id_exch_guid;id_exch_int_inc;order_id_maker;order_id_taker,2025-09-02T23:59:57.7930330;2025-09-02T23:59:57.8764934;314cb472-7deb-4efd-8838-0bbb1ef4d5b3;111247.94;0.00056746;BUY;;869841541;2746d64d-5ef2-4542-b319-992456a7872d;fdf9b8dd-6ece-489b-a5aa-1681e9f056ad,451253
20250903,BINANCE,BTCUSDT,v4,/Users/ygorfrancisco/Desktop/acd-monitor/data_v7/canonical/20250903/E-BINANCE/BTCUSDT.csv.gz,86951018,51cfe4aedd8b3105e0579754e070c5f51ff3a7e2dbc6360b4fff63c29fd1ed59,time_exchange;time_coinapi;guid;price;base_amount;taker_side;id_exch_guid;id_exch_int_inc;order_id_maker;order_id_taker,2025-09-03T23:59:59.6740000;2025-09-03T23:59:59.6763303;d52d0914-4059-4692-a155-6874a6fe926c;111930.24;0.0001;BUY;;1793921728;;,2020265
20250903,BITGET,BTCUSDT,v4,/Users/ygorfrancisco/Desktop/acd-monitor/data_v7/canonical/20250903/E-BITGET/BTCUSDT.csv.gz,10329636,c5541af453fa54829fa49cc3b2871c52d9c57019ee3d82cb3cf2a4ec7bf4ff23,time_exchange;time_coinapi;guid;price;base_amount;taker_side;id_exch_guid;id_exch_int_inc;order_id_maker;order_id_taker,2025-09-03T23:59:59.3440000;2025-09-03T23:59:59.4732578;8f84c051-8ec7-4dc1-bc5d-c409d4cc8df4;111709.28;0.000009;BUY;;;;,266447
20250903,BYBITSPOT,BTCUSDT,v4,/Users/ygorfrancisco/Desktop/acd-monitor/data_v7/canonical/20250903/E-BYBITSPOT/BTCUSDT.csv.gz,18478944,88b5cc309a9498592a874fdcb3f93056f8f0672c2f77726ddd2ea7758bd0f1c7,time_exchange;time_coinapi;guid;price;base_amount;taker_side;id_exch_guid;id_exch_int_inc;order_id_maker;order_id_taker,2025-09-03T23:59:58.1420000;2025-09-03T23:59:58.1817692;2f7d4a55-2521-400a-b0f9-cfd6a5ef99b8;111705;0.000498;SELL;;;;,522869
20250903,COINBASE,BTCUSDT,v4,/Users/ygorfrancisco/Desktop/acd-monitor/data_v7/canonical/20250903/E-COINBASE/BTCUSDT.csv.gz,29854875,f43387306b144e98a42d01ea6abf3379ea5ee5c4f9b1a1cbfc3b6f3abc108901,time_exchange;time_coinapi;guid;price;base_amount;taker_side;id_exch_guid;id_exch_int_inc;order_id_maker;order_id_taker,2025-09-03T23:59:59.4078450;2025-09-03T23:59:59.4963932;f1848652-341a-4cff-98eb-ad90f6bcbefc;111756.41;0.00008486;BUY;;870232819;9c6d98f2-a374-4989-9533-9358bf9f8d23;325e449f-68f9-4542-9795-7617f09c1280,391278
20250904,BINANCE,BTCUSDT,v4,/Users/ygorfrancisco/Desktop/acd-monitor/data_v7/canonical/20250904/E-BINANCE/BTCUSDT.csv.gz,86469717,8e79fc1282d63de83f28a49ea917bc53ec6cabec3737e6a65d7f5ca6acc988f2,time_exchange;time_coinapi;guid;price;base_amount;taker_side;id_exch_guid;id_exch_int_inc;order_id_maker;order_id_taker,2025-09-04T23:59:59.7530000;2025-09-04T23:59:59.7583828;8f636fba-8cef-46ff-8cce-8786ef0e8a8c;110988.24;0.00009;SELL;;1795923885;;,2001969
20250904,BITGET,BTCUSDT,v4,/Users/ygorfrancisco/Desktop/acd-monitor/data_v7/canonical/20250904/E-BITGET/BTCUSDT.csv.gz,9066790,905896fdc62f7a1ed9615a84160fb7be99d28bf1a3cfe2dda5b1fe4a75ccc5ba,time_exchange;time_coinapi;guid;price;base_amount;taker_side;id_exch_guid;id_exch_int_inc;order_id_maker;order_id_taker,2025-09-04T23:59:59.5440000;2025-09-04T23:59:59.6739650;1d5b100e-dc96-455b-886d-2622266c8e0f;110736.09;0.072132;SELL;;;;,237247
20250904,BYBITSPOT,BTCUSDT,v4,/Users/ygorfrancisco/Desktop/acd-monitor/data_v7/canonical/20250904/E-BYBITSPOT/BTCUSDT.csv.gz,17694354,516b6405d0a5ab8e7d2ab93a17c75e6e18a04dbfec1326f95ee11fb40b83390c,time_exchange;time_coinapi;guid;price;base_amount;taker_side;id_exch_guid;id_exch_int_inc;order_id_maker;order_id_taker,2025-09-04T23:59:59.5150000;2025-09-04T23:59:59.5533691;fe85fe3d-3b08-4813-b700-b59ffc7aedce;110723;0.0001;SELL;;;;,502047
20250904,COINBASE,BTCUSDT,v4,/Users/ygorfrancisco/Desktop/acd-monitor/data_v7/canonical/20250904/E-COINBASE/BTCUSDT.csv.gz,30565853,b347b2020501cb44c15ca01bba9d16acc786448b3b504214f0cdf2aa6a6bec97,time_exchange;time_coinapi;guid;price;base_amount;taker_side;id_exch_guid;id_exch_int_inc;order_id_maker;order_id_taker,2025-09-04T23:59:59.5336820;2025-09-04T23:59:59.6687796;1b508342-dc33-47d8-bf4f-b6ce147c7c14;110720.79;0.03124408;SELL;;870632777;f13a3862-a916-4e82-a739-dae581eb95e8;5f828a3f-9347-44f6-bd32-17a96d739024,399415
20250905,BINANCE,BTCUSDT,v4,/Users/ygorfrancisco/Desktop/acd-monitor/data_v7/canonical/20250905/E-BINANCE/BTCUSDT.csv.gz,67604144,b28c7acdafac918b14f784dff45cd9497c73f6990d6eeb1f3320e30b0be4e121,time_exchange;time_coinapi;guid;price;base_amount;taker_side;id_exch_guid;id_exch_int_inc;order_id_maker;order_id_taker,2025-09-05T23:59:59.4340000;2025-09-05T23:59:59.6169614;e0697836-f595-4cd9-b4c0-247175d181fc;110935;0.00021;SELL;;1798449310;;,1570506
20250905,BITGET,BTCUSDT,v4,/Users/ygorfrancisco/Desktop/acd-monitor/data_v7/canonical/20250905/E-BITGET/BTCUSDT.csv.gz,10679384,5762a23608971d7da50ca93f2a914695ec227d5f2e2eb020b47a31a3528dd956,time_exchange;time_coinapi;guid;price;base_amount;taker_side;id_exch_guid;id_exch_int_inc;order_id_maker;order_id_taker,2025-09-05T23:59:58.1070000;2025-09-05T23:59:58.2361373;496494d5-4495-4510-9f94-66ae96753207;110676.98;0.001067;SELL;;;;,279132
20250905,BYBITSPOT,BTCUSDT,v4,/Users/ygorfrancisco/Desktop/acd-monitor/data_v7/canonical/20250905/E-BYBITSPOT/BTCUSDT.csv.gz,26037133,fb0ec20eadafc94f464e235852ae718e846f0e7e4f978598aa120891ae10632c,time_exchange;time_coinapi;guid;price;base_amount;taker_side;id_exch_guid;id_exch_int_inc;order_id_maker;order_id_taker,2025-09-05T23:59:58.5710000;2025-09-05T23:59:58.6091390;db3cfe38-8a86-4a82-9b83-7467c1dd614b;110664.9;0.003389;BUY;;;;,734003
20250905,COINBASE,BTCUSDT,v4,/Users/ygorfrancisco/Desktop/acd-monitor/data_v7/canonical/20250905/E-COINBASE/BTCUSDT.csv.gz,33756007,50d4f50bf85dd7aa350bbe8ccd0ca1f04fdde214b9ee6fef1ab033e547058e5f,time_exchange;time_coinapi;guid;price;base_amount;taker_side;id_exch_guid;id_exch_int_inc;order_id_maker;order_id_taker,2025-09-05T23:59:59.9108790;2025-09-05T23:59:59.9898659;8a32051f-16ad-435c-8590-591c575191f9;110670.02;0.00013169;BUY;;871069132;0bd1f28a-45f8-4e70-b410-97f447b86c5c;49178155-2f31-4dd2-92fe-48981adf1e6d,436137
20250906,BINANCE,BTCUSDT,v4,/Users/ygorfrancisco/Desktop/acd-monitor/data_v7/canonical/20250906/E-BINANCE/BTCUSDT.csv.gz,48708542,3e36e5ea037d320cf17a19db6cbcde1051205dd50643c5c3b29be3a2350abd07,time_exchange;time_coinapi;guid;price;base_amount;taker_side;id_exch_guid;id_exch_int_inc;order_id_maker;order_id_taker,2025-09-06T23:59:59.4630000;2025-09-06T23:59:59.4652465;642cf474-af44-4163-8ace-1cd210758976;110461.36;0.0001;BUY;;1799575370;;,1126061
20250906,BITGET,BTCUSDT,v4,/Users/ygorfrancisco/Desktop/acd-monitor/data_v7/canonical/20250906/E-BITGET/BTCUSDT.csv.gz,4625901,05642eec23ccb9482572010caaac9ef64ac3d2b5eaab6cc93f623f8f99ccc0b4,time_exchange;time_coinapi;guid;price;base_amount;taker_side;id_exch_guid;id_exch_int_inc;order_id_maker;order_id_taker,2025-09-06T23:59:56.2280000;2025-09-06T23:59:56.3636027;98eafbdc-1477-42bb-a986-8b053c53c26e;110189.22;0.008579;SELL;;;;,115669
20250906,BYBITSPOT,BTCUSDT,v4,/Users/ygorfrancisco/Desktop/acd-monitor/data_v7/canonical/20250906/E-BYBITSPOT/BTCUSDT.csv.gz,7146089,5ce499c7de0eb13ef7b484a47f6ee0fbb4314335362909eebb0c8c8e3a7dd702,time_exchange;time_coinapi;guid;price;base_amount;taker_side;id_exch_guid;id_exch_int_inc;order_id_maker;order_id_taker,2025-09-06T23:59:59.2760000;2025-09-06T23:59:59.3142890;95654d3a-5ca7-4eb3-8800-3f09ae41147f;110190.4;0.005011;SELL;;;;,196927
20250906,COINBASE,BTCUSDT,v4,/Users/ygorfrancisco/Desktop/acd-monitor/data_v7/canonical/20250906/E-COINBASE/BTCUSDT.csv.gz,18035169,a06c4bce69c17855daae3c7bc54b6135984ceec8c2529f47b4607a19ef7416b1,time_exchange;time_coinapi;guid;price;base_amount;taker_side;id_exch_guid;id_exch_int_inc;order_id_maker;order_id_taker,2025-09-06T23:59:57.3232170;2025-09-06T23:59:57.4088343;265203fd-9236-4ad0-b6f9-17ac770a819f;110212.6;0.000241;BUY;;871305635;bf83bacb-deb3-4223-b6e2-848251e0f653;3c12b283-ddf7-4b90-b05b-f9ab05f1ca1c,236504
20250907,BINANCE,BTCUSDT,v4,/Users/ygorfrancisco/Desktop/acd-monitor/data_v7/canonical/20250907/E-BINANCE/BTCUSDT.csv.gz,54630281,fc66d338051b298825cea3d4e237d48bbc625986de0ee96ed8038876bd8b6481,time_exchange;time_coinapi;guid;price;base_amount;taker_side;id_exch_guid;id_exch_int_inc;order_id_maker;order_id_taker,2025-09-07T23:59:59.9680000;2025-09-07T23:59:59.9710641;fbee0df7-db30-451d-97bf-a8cbc2bb4ffe;111378.5;0.00217;SELL;;1800842255;;,1266886
20250907,BITGET,BTCUSDT,v4,/Users/ygorfrancisco/Desktop/acd-monitor/data_v7/canonical/20250907/E-BITGET/BTCUSDT.csv.gz,4661605,df2a89bb1579532d00deca925d3f7842191d88f155042863af867891c87743f9,time_exchange;time_coinapi;guid;price;base_amount;taker_side;id_exch_guid;id_exch_int_inc;order_id_maker;order_id_taker,2025-09-07T23:59:59.7930000;2025-09-07T23:59:59.9232415;6a539e99-d170-4d8e-b6c4-a1f591c7078f;111132.77;0.011248;SELL;;;;,116476
20250907,BYBITSPOT,BTCUSDT,v4,/Users/ygorfrancisco/Desktop/acd-monitor/data_v7/canonical/20250907/E-BYBITSPOT/BTCUSDT.csv.gz,8281826,26a320a80ccae716fe1fc6edb3a644d642fdc43e2f5a1f983b477520c1764004,time_exchange;time_coinapi;guid;price;base_amount;taker_side;id_exch_guid;id_exch_int_inc;order_id_maker;order_id_taker,2025-09-07T23:59:59.6380000;2025-09-07T23:59:59.6758842;39da1ba6-4f21-4734-9356-faad6bd07a0b;111138.8;0.004;SELL;;;;,235608
20250907,COINBASE,BTCUSDT,v4,/Users/ygorfrancisco/Desktop/acd-monitor/data_v7/canonical/20250907/E-COINBASE/BTCUSDT.csv.gz,16897219,ac1142b33a75e3656272b35e83044dd4881711c84f91d1bff5281be426471022,time_exchange;time_coinapi;guid;price;base_amount;taker_side;id_exch_guid;id_exch_int_inc;order_id_maker;order_id_taker,2025-09-07T23:59:59.6580890;2025-09-07T23:59:59.7444082;776557ad-f9fd-4d13-be3f-1061e3e4fffb;111129.61;0.00674491;SELL;;871528925;87192602-349f-43ce-b64d-5c69ac7969ac;ad8d6b16-3627-4d5e-891a-62316c699381,223291
20250908,BINANCE,BTCUSDT,v4,/Users/ygorfrancisco/Desktop/acd-monitor/data_v7/canonical/20250908/E-BINANCE/BTCUSDT.csv.gz,84983606,8acc07a353dff452422ad41f0a8d44be312e6f1d05d9d2882728a22ed17bead6,time_exchange;time_coinapi;guid;price;base_amount;taker_side;id_exch_guid;id_exch_int_inc;order_id_maker;order_id_taker,2025-09-08T23:59:58.7240000;2025-09-08T23:59:58.7255226;9b8c1723-358c-45fc-bd8c-91bd2ef31c5f;112293.54;0.0001;BUY;;1802816464;;,1974210
20250908,BITGET,BTCUSDT,v4,/Users/ygorfrancisco/Desktop/acd-monitor/data_v7/canonical/20250908/E-BITGET/BTCUSDT.csv.gz,7489204,e87e82c4fae44d251d879f9b79efe81e0331d4caa9d5ff5e78f7a026b57edb5d,time_exchange;time_coinapi;guid;price;base_amount;taker_side;id_exch_guid;id_exch_int_inc;order_id_maker;order_id_taker,2025-09-08T23:59:55.7850000;2025-09-08T23:59:55.9132524;9d91968d-ca48-4f5a-8bce-523c44853715;112076;0.001069;SELL;;;;,190271
20250908,BYBITSPOT,BTCUSDT,v4,/Users/ygorfrancisco/Desktop/acd-monitor/data_v7/canonical/20250908/E-BYBITSPOT/BTCUSDT.csv.gz,21196524,fd2aecf6000c476959316fea73ce903a133f0594d35e7f6a078d3ba3ba5bea92,time_exchange;time_coinapi;guid;price;base_amount;taker_side;id_exch_guid;id_exch_int_inc;order_id_maker;order_id_taker,2025-09-08T23:59:59.2640000;2025-09-08T23:59:59.3031399;bf8b0bf3-8061-42f6-a256-533fc3e65c1a;112062.2;0.000689;SELL;;;;,606676
20250908,COINBASE,BTCUSDT,v4,/Users/ygorfrancisco/Desktop/acd-monitor/data_v7/canonical/20250908/E-COINBASE/BTCUSDT.csv.gz,27456628,1fcf2823bc3657235036fd970aa5c777708cd2f42dcb3cefd541660fd97686de,time_exchange;time_coinapi;guid;price;base_amount;taker_side;id_exch_guid;id_exch_int_inc;order_id_maker;order_id_taker,2025-09-08T23:59:59.5549640;2025-09-08T23:59:59.6400311;78cb9753-c346-4b53-9d2c-bf77d1caf18d;112072.57;0.00000018;SELL;;871884757;7dd54625-65f0-4c6e-b385-29498945349a;f7b08aaa-3f66-4b2f-a2ba-5ec9a793ce46,355696
20250909,BINANCE,BTCUSDT,v4,/Users/ygorfrancisco/Desktop/acd-monitor/data_v7/canonical/20250909/E-BINANCE/BTCUSDT.csv.gz,97253672,154a5bf9f6183e453a62b6301549df60b0ddbc05c38802495b5f504f835022a9,time_exchange;time_coinapi;guid;price;base_amount;taker_side;id_exch_guid;id_exch_int_inc;order_id_maker;order_id_taker,2025-09-09T23:59:59.6920000;2025-09-09T23:59:59.6958068;b50dbc80-70cc-46a9-b7cb-eab52f63ee99;111803.99;0.01523;BUY;;1805077865;;,2260837
20250909,BITGET,BTCUSDT,v4,/Users/ygorfrancisco/Desktop/acd-monitor/data_v7/canonical/20250909/E-BITGET/BTCUSDT.csv.gz,10998933,635950f69857ddc16e71324cda7fba5b21c76f178772aea5629e2b88def88c98,time_exchange;time_coinapi;guid;price;base_amount;taker_side;id_exch_guid;id_exch_int_inc;order_id_maker;order_id_taker,2025-09-09T23:59:55.9590000;2025-09-09T23:59:56.0910136;6bc0799b-0023-48cd-9be8-904687c76f4d;111541.78;0.00896;BUY;;;;,277735
20250909,BYBITSPOT,BTCUSDT,v4,/Users/ygorfrancisco/Desktop/acd-monitor/data_v7/canonical/20250909/E-BYBITSPOT/BTCUSDT.csv.gz,19803510,bc4288ab27c41984d892060494ade4a06e71fdbdaa7bbb97c4a5eaca4646ed30,time_exchange;time_coinapi;guid;price;base_amount;taker_side;id_exch_guid;id_exch_int_inc;order_id_maker;order_id_taker,2025-09-09T23:59:58.2880000;2025-09-09T23:59:58.3268319;14068fd8-6a0e-4278-927e-fef84257a22b;111540.7;0.002087;SELL;;;;,554607
20250909,COINBASE,BTCUSDT,v4,/Users/ygorfrancisco/Desktop/acd-monitor/data_v7/canonical/20250909/E-COINBASE/BTCUSDT.csv.gz,25719365,f1e48785dea9d466c3ba1b2377faa38558dc89268bc60ce140eb4477c55ffedb,time_exchange;time_coinapi;guid;price;base_amount;taker_side;id_exch_guid;id_exch_int_inc;order_id_maker;order_id_taker,2025-09-09T23:59:59.9262130;2025-09-09T23:59:59.9350461;386debd3-6b07-4c3c-9347-b94e63a3c67f;111549.32;0.0008877;BUY;;872218565;35c1bd06-72c5-4258-b9db-e5d3863032d7;3f103b0a-9c48-46be-b4ef-c124d2db952c,333809
20250910,BINANCE,BTCUSDT,v4,/Users/ygorfrancisco/Desktop/acd-monitor/data_v7/canonical/20250910/E-BINANCE/BTCUSDT.csv.gz,94660003,cca2e2fb597d2945193b33344a4cf623382651f5630fcb45252700bd127158f6,time_exchange;time_coinapi;guid;price;base_amount;taker_side;id_exch_guid;id_exch_int_inc;order_id_maker;order_id_taker,2025-09-10T23:59:59.8420000;2025-09-10T23:59:59.8453287;2f955fba-54f1-41c9-bf3e-de71fcf6cc6e;114199.46;0.00048;BUY;;1807278822;;,2200958
20250910,BITGET,BTCUSDT,v4,/Users/ygorfrancisco/Desktop/acd-monitor/data_v7/canonical/20250910/E-BITGET/BTCUSDT.csv.gz,7116251,de76d76131668958f846eb12f669f0a4fea93c26ab5eee2b688d62e3461dc013,time_exchange;time_coinapi;guid;price;base_amount;taker_side;id_exch_guid;id_exch_int_inc;order_id_maker;order_id_taker,2025-09-10T23:59:59.9550000;2025-09-11T00:00:00.0874705;79fb8a0e-1534-42ca-92b6-a4a54c9619b7;113962.02;0.000013;BUY;;;;,182628
20250910,BYBITSPOT,BTCUSDT,v4,/Users/ygorfrancisco/Desktop/acd-monitor/data_v7/canonical/20250910/E-BYBITSPOT/BTCUSDT.csv.gz,25807270,6e847f46478e76472b12ad29b6617e4b7e4d0c4ea23c4eada6994aa2747ef276,time_exchange;time_coinapi;guid;price;base_amount;taker_side;id_exch_guid;id_exch_int_inc;order_id_maker;order_id_taker,2025-09-10T23:59:56.9320000;2025-09-10T23:59:56.9717906;a32f31a8-4c87-4a29-b820-d9cb8594b17c;113945.5;0.000041;SELL;;;;,746277
20250910,COINBASE,BTCUSDT,v4,/Users/ygorfrancisco/Desktop/acd-monitor/data_v7/canonical/20250910/E-COINBASE/BTCUSDT.csv.gz,31973840,878f8e90efdcd239adfd42d10d443c78287f7a70177d482f35c59861ef88bd59,time_exchange;time_coinapi;guid;price;base_amount;taker_side;id_exch_guid;id_exch_int_inc;order_id_maker;order_id_taker,2025-09-10T23:59:59.9846860;2025-09-11T00:00:00.0704219;e224587f-366d-4934-9a7b-2dd787de16f2;113983.97;0.00501586;SELL;;872639088;a2ce50e5-9fcb-4f9b-87b8-e98bf6a593eb;acf5814c-590f-4061-b462-43265f062b0e,419923
20250911,BINANCE,BTCUSDT,v4,/Users/ygorfrancisco/Desktop/acd-monitor/data_v7/canonical/20250911/E-BINANCE/BTCUSDT.csv.gz,92811039,6dc573cb1a78627ad0e5ec8ce251ac2de4461068f18d75c074c2c347c64e890b,time_exchange;time_coinapi;guid;price;base_amount;taker_side;id_exch_guid;id_exch_int_inc;order_id_maker;order_id_taker,2025-09-11T23:59:59.8050000;2025-09-11T23:59:59.8074793;7d1fd84c-a38b-4af0-907b-323478258c41;115728.18;0.00004;BUY;;1809439250;;,2160422
20250911,BITGET,BTCUSDT,v4,/Users/ygorfrancisco/Desktop/acd-monitor/data_v7/canonical/20250911/E-BITGET/BTCUSDT.csv.gz,8556564,d17d02a3841aa7e3e36efb1bcea666568a34f8a3d3b829c62e707560b3efd276,time_exchange;time_coinapi;guid;price;base_amount;taker_side;id_exch_guid;id_exch_int_inc;order_id_maker;order_id_taker,2025-09-11T23:59:43.8740000;2025-09-11T23:59:44.0039588;e00f5868-35e8-477c-a70e-bea03fd75c35;115479.12;0.000865;BUY;;;;,215917
20250911,BYBITSPOT,BTCUSDT,v4,/Users/ygorfrancisco/Desktop/acd-monitor/data_v7/canonical/20250911/E-BYBITSPOT/BTCUSDT.csv.gz,21738162,38c0386d0a3e669dc2c328a4f3a348efcb81a5162fea4783a0e0d5c613857e28,time_exchange;time_coinapi;guid;price;base_amount;taker_side;id_exch_guid;id_exch_int_inc;order_id_maker;order_id_taker,2025-09-11T23:59:59.1380000;2025-09-11T23:59:59.1759812;0428f4e7-c47d-4a91-9e78-f7cb26faa197;115477.3;0.010428;SELL;;;;,624567
20250911,COINBASE,BTCUSDT,v4,/Users/ygorfrancisco/Desktop/acd-monitor/data_v7/canonical/20250911/E-COINBASE/BTCUSDT.csv.gz,27322130,49106c2405db6942a20e572e75722646fe21769cd409b94bea9c836e07ccb44e,time_exchange;time_coinapi;guid;price;base_amount;taker_side;id_exch_guid;id_exch_int_inc;order_id_maker;order_id_taker,2025-09-11T23:59:59.7325880;2025-09-11T23:59:59.8101306;61e1f772-3faa-4d26-afdc-783770845f84;115540;0.01122328;SELL;;872995405;ec377f70-2aeb-4d22-9e11-b6e21246d16a;acc479ab-5a9a-43d5-a6cd-c38b45212126,356318
20250912,BINANCE,BTCUSDT,v4,/Users/ygorfrancisco/Desktop/acd-monitor/data_v7/canonical/20250912/E-BINANCE/BTCUSDT.csv.gz,123108257,6571338c03eee445797f86357e302ecb1a9512826512ff7e5411ebe5f69fef9b,time_exchange;time_coinapi;guid;price;base_amount;taker_side;id_exch_guid;id_exch_int_inc;order_id_maker;order_id_taker,2025-09-12T23:59:59.5820000;2025-09-12T23:59:59.5845777;05da66c7-47d9-45d0-b4f7-e07d56c5f4cb;116029.42;0.00012;BUY;;5230508747;;,2481492
20250912,BITGET,BTCUSDT,v4,/Users/ygorfrancisco/Desktop/acd-monitor/data_v7/canonical/20250912/E-BITGET/BTCUSDT.csv.gz,8101576,050836b101baef19b1a56146d8ff94c9dfe417d022c95b9d293160188cd6cf4f,time_exchange;time_coinapi;guid;price;base_amount;taker_side;id_exch_guid;id_exch_int_inc;order_id_maker;order_id_taker,2025-09-12T23:59:57.1560000;2025-09-12T23:59:57.2860518;6fea6dc4-26ce-4e77-9d5d-10e212cac3ba;116036.56;0.000047;SELL;;;;,207166
20250912,BYBITSPOT,BTCUSDT,v4,/Users/ygorfrancisco/Desktop/acd-monitor/data_v7/canonical/20250912/E-BYBITSPOT/BTCUSDT.csv.gz,30146424,88530c30f9618885214a57b112eb4666b655768ba49c72a493a045db31749189,time_exchange;time_coinapi;guid;price;base_amount;taker_side;id_exch_guid;id_exch_int_inc;order_id_maker;order_id_taker,2025-09-12T23:59:57.3910000;2025-09-12T23:59:57.4286863;b009ee77-b020-4751-80e2-beead0078c51;116028.2;0.000034;BUY;;;;,658958
20250912,COINBASE,BTCUSDT,v4,/Users/ygorfrancisco/Desktop/acd-monitor/data_v7/canonical/20250912/E-COINBASE/BTCUSDT.csv.gz,45176996,13d4c398e3c80d3c11fb6e6acdf141524a6533c63abcd52eb6bf8e62aeb89856,time_exchange;time_coinapi;guid;price;base_amount;taker_side;id_exch_guid;id_exch_int_inc;order_id_maker;order_id_taker,2025-09-12T23:59:58.6435460;2025-09-12T23:59:58.7279119;e16b5138-0b2c-4042-a065-53e60ac077fa;116106.03;0.00042633;BUY;;873435910;58c0d47c-d7ec-4632-80b4-a86e8fecdf09;f4fa7aaf-42e7-4421-9daf-9308bbdaddd0,440488
20250913,BITGET,BTCUSDT,v4,/Users/ygorfrancisco/Desktop/acd-monitor/data_v7/canonical/20250913/E-BITGET/BTCUSDT.csv.gz,5418911,7c65c068a8c136438c909e2e8ea9526f352cf9a42bd3571a919ea5663691e9e3,time_exchange;time_coinapi;guid;price;base_amount;taker_side;id_exch_guid;id_exch_int_inc;order_id_maker;order_id_taker,2025-09-13T23:59:57.8810000;2025-09-13T23:59:58.0092298;806726a2-a5c9-4f18-b617-6e2394a377ee;115920.46;0.000345;BUY;;;;,134383
20250913,BYBITSPOT,BTCUSDT,v4,/Users/ygorfrancisco/Desktop/acd-monitor/data_v7/canonical/20250913/E-BYBITSPOT/BTCUSDT.csv.gz,17120367,491cfbb8f674fe0fc48f6098b1e54faf858caf021d8889cfbc1d72b272c99f41,time_exchange;time_coinapi;guid;price;base_amount;taker_side;id_exch_guid;id_exch_int_inc;order_id_maker;order_id_taker,2025-09-13T23:59:58.3320000;2025-09-13T23:59:58.3697629;3706938d-0639-4196-b19d-63407fb641b0;115904.8;0.007031;SELL;;;;,366301
20250913,COINBASE,BTCUSDT,v4,/Users/ygorfrancisco/Desktop/acd-monitor/data_v7/canonical/20250913/E-COINBASE/BTCUSDT.csv.gz,27214538,b15d492ac9ee477b518953168f5d18b911b8e73ba0baf5b88967c5f4c244a5b8,time_exchange;time_coinapi;guid;price;base_amount;taker_side;id_exch_guid;id_exch_int_inc;order_id_maker;order_id_taker,2025-09-13T23:59:59.8214600;2025-09-13T23:59:59.9042437;dddb4fc3-5c66-411a-8095-a3819f6e2e21;115968.35;0.00086312;BUY;;873704768;b8644820-03ac-478d-8b4d-eb744b715179;d9d44602-418a-4792-9c3b-f24d808ea652,268859
20250914,BINANCE,BTCUSDT,v4,/Users/ygorfrancisco/Desktop/acd-monitor/data_v7/canonical/20250914/E-BINANCE/BTCUSDT.csv.gz,90278129,dc9fa5d42749f431c2926ec1013ff268009adc2631f7f42975a1e075b70b9230,time_exchange;time_coinapi;guid;price;base_amount;taker_side;id_exch_guid;id_exch_int_inc;order_id_maker;order_id_taker,2025-09-14T23:59:59.9270000;2025-09-14T23:59:59.9303779;9f946c53-90ed-4e56-ab5a-86a4bbcb608d;115493.73;0.00005;BUY;;1815516519;;,2095644
20250914,BITGET,BTCUSDT,v4,/Users/ygorfrancisco/Desktop/acd-monitor/data_v7/canonical/20250914/E-BITGET/BTCUSDT.csv.gz,6748743,72654f707ed936a7d60b3cbcb6b59ba8ceff8d0eb7ba0f7a8e9c84c0b7eb2e8c,time_exchange;time_coinapi;guid;price;base_amount;taker_side;id_exch_guid;id_exch_int_inc;order_id_maker;order_id_taker,2025-09-14T23:59:59.9460000;2025-09-15T00:00:00.0762728;9276d3dc-9349-4959-847b-48044105d12f;115289.61;0.001046;BUY;;;;,167793
20250914,BYBITSPOT,BTCUSDT,v4,/Users/ygorfrancisco/Desktop/acd-monitor/data_v7/canonical/20250914/E-BYBITSPOT/BTCUSDT.csv.gz,11501378,25d4969261c6a23c808ef00e507f0933c1cdc21ef6ef56eb7bf7dc2faf8a5d2f,time_exchange;time_coinapi;guid;price;base_amount;taker_side;id_exch_guid;id_exch_int_inc;order_id_maker;order_id_taker,2025-09-14T23:59:59.5610000;2025-09-14T23:59:59.6012399;f30e4494-4f39-4627-93a4-a279c70798b1;115275.1;0.004335;SELL;;;;,330139
20250914,COINBASE,BTCUSDT,v4,/Users/ygorfrancisco/Desktop/acd-monitor/data_v7/canonical/20250914/E-COINBASE/BTCUSDT.csv.gz,16916417,9ea87f93d598ae9e5e1fbaca1d6e66caa2a93d181e235604ecf5d9b7b0a19824,time_exchange;time_coinapi;guid;price;base_amount;taker_side;id_exch_guid;id_exch_int_inc;order_id_maker;order_id_taker,2025-09-14T23:59:59.5645820;2025-09-14T23:59:59.6486978;54104c18-ece3-41b1-8ad7-680d3f90c05d;115314.13;0.00066564;BUY;;873929783;527c04fa-558e-4a2e-9985-e9a4f4299c35;4069f110-78a8-421d-a1da-d04d19cf3832,225016
20250915,BINANCE,BTCUSDT,v4,/Users/ygorfrancisco/Desktop/acd-monitor/data_v7/canonical/20250915/E-BINANCE/BTCUSDT.csv.gz,156291265,57c6a4e294bf073982e245f548812bdbba2335d73ced6fcbdb3cf4f2106716fb,time_exchange;time_coinapi;guid;price;base_amount;taker_side;id_exch_guid;id_exch_int_inc;order_id_maker;order_id_taker,2025-09-15T23:59:59.9420000;2025-09-15T23:59:59.9445882;dc069231-eaf2-4c90-bbc1-e8d3e4f9097a;115599.01;0.00005;BUY;;1818252973;;,2736418
20250915,BITGET,BTCUSDT,v4,/Users/ygorfrancisco/Desktop/acd-monitor/data_v7/canonical/20250915/E-BITGET/BTCUSDT.csv.gz,19905331,c22cbb6b9413343e2350d949750dac799c7e24a71d6cb9c11457a7a3300e4723,time_exchange;time_coinapi;guid;price;base_amount;taker_side;id_exch_guid;id_exch_int_inc;order_id_maker;order_id_taker,2025-09-15T23:59:57.0370000;2025-09-15T23:59:57.1702683;23aaaf88-d910-48ce-a740-73f9d40cfacc;115359.47;0.002081;SELL;;;;,371719
20250915,BYBITSPOT,BTCUSDT,v4,/Users/ygorfrancisco/Desktop/acd-monitor/data_v7/canonical/20250915/E-BYBITSPOT/BTCUSDT.csv.gz,28287673,bbb3d3627dcf3a1d4ef9299a3c0ef426de2c4a4b3cf323daa47678307433dafb,time_exchange;time_coinapi;guid;price;base_amount;taker_side;id_exch_guid;id_exch_int_inc;order_id_maker;order_id_taker,2025-09-15T23:59:54.1350000;2025-09-15T23:59:54.1740726;43a207f8-6282-4b01-aaef-25cbf9567de8;115356.9;0.0001;SELL;;;;,617502
20250915,COINBASE,BTCUSDT,v4,/Users/ygorfrancisco/Desktop/acd-monitor/data_v7/canonical/20250915/E-COINBASE/BTCUSDT.csv.gz,41499146,8a4873419ff2ba25c3e9916a3bbda63e81ab637ca1c1aa67d721db2434a828e7,time_exchange;time_coinapi;guid;price;base_amount;taker_side;id_exch_guid;id_exch_int_inc;order_id_maker;order_id_taker,2025-09-15T23:59:59.7649880;2025-09-15T23:59:59.8420634;8a3bc200-f09f-4ad8-8f9e-4f49e6357e62;115381.08;0.00017831;BUY;;874334733;c2507bf9-1c7a-42c2-bcbb-42216e97422a;db852212-6ddb-4442-8881-e262cac43689,404900
20250916,BINANCE,BTCUSDT,v4,/Users/ygorfrancisco/Desktop/acd-monitor/data_v7/canonical/20250916/E-BINANCE/BTCUSDT.csv.gz,108896489,f0fec60fd33d9b779a2475fd3ea0eae320fcc797ad44c065e0cadf33b0040ad6,time_exchange;time_coinapi;guid;price;base_amount;taker_side;id_exch_guid;id_exch_int_inc;order_id_maker;order_id_taker,2025-09-16T23:59:59.5140000;2025-09-16T23:59:59.6519592;e5a7a990-418a-42d1-89a3-d42178c7c7bc;117044;0.0318;SELL;;1820781691;;,2528719
20250916,BITGET,BTCUSDT,v4,/Users/ygorfrancisco/Desktop/acd-monitor/data_v7/canonical/20250916/E-BITGET/BTCUSDT.csv.gz,12781941,c70e1f4b00df59f5e8ca769afa4ceb45798e38b0f98c3808fc85ff96458c84bb,time_exchange;time_coinapi;guid;price;base_amount;taker_side;id_exch_guid;id_exch_int_inc;order_id_maker;order_id_taker,2025-09-16T23:59:58.6670000;2025-09-16T23:59:58.7960838;185fc132-7734-435c-a194-2cac0fdd6d1c;116798.3;0.349733;BUY;;;;,242134
20250916,BYBITSPOT,BTCUSDT,v4,/Users/ygorfrancisco/Desktop/acd-monitor/data_v7/canonical/20250916/E-BYBITSPOT/BTCUSDT.csv.gz,24234250,84763037983a8a19acb285d33597eac04048325ada110d1649687a9384c2992c,time_exchange;time_coinapi;guid;price;base_amount;taker_side;id_exch_guid;id_exch_int_inc;order_id_maker;order_id_taker,2025-09-16T23:59:34.9180000;2025-09-16T23:59:34.9555938;7fc6fc1b-e744-4d8d-bee3-3196867f1082;116792.5;0.000008;BUY;;;;,529115
20250916,COINBASE,BTCUSDT,v4,/Users/ygorfrancisco/Desktop/acd-monitor/data_v7/canonical/20250916/E-COINBASE/BTCUSDT.csv.gz,43138940,48aaa0f8a23e539300a6e144097cdf790791f178f4990dfb6734d624d2d0bb9a,time_exchange;time_coinapi;guid;price;base_amount;taker_side;id_exch_guid;id_exch_int_inc;order_id_maker;order_id_taker,2025-09-16T23:59:59.0935830;2025-09-16T23:59:59.0988677;3b3cad58-c43c-437d-9315-fc51055cff56;116832.56;0.00161;BUY;;874760896;7a574459-d2de-4175-8e55-1dfa44f36684;46de5724-b34a-45d0-8163-5a54e9432760,426164
20250917,BINANCE,BTCUSDT,v4,/Users/ygorfrancisco/Desktop/acd-monitor/data_v7/canonical/20250917/E-BINANCE/BTCUSDT.csv.gz,125254989,91a1a281d00d4b448a5fe2e07e383759b7f37d905551127f9605840398eb8a2f,time_exchange;time_coinapi;guid;price;base_amount;taker_side;id_exch_guid;id_exch_int_inc;order_id_maker;order_id_taker,2025-09-17T23:59:59.9900000;2025-09-17T23:59:59.9986813;b7028bae-3ede-4e64-905b-901ba03f0195;116700.93;0.00929;BUY;;1823702413;;,2920723
20250917,BITGET,BTCUSDT,v4,/Users/ygorfrancisco/Desktop/acd-monitor/data_v7/canonical/20250917/E-BITGET/BTCUSDT.csv.gz,12857998,fafb318ab54075f630136db4cddac14517a0765fa05fe51fb394c0770e005629,time_exchange;time_coinapi;guid;price;base_amount;taker_side;id_exch_guid;id_exch_int_inc;order_id_maker;order_id_taker,2025-09-17T23:59:58.7210000;2025-09-17T23:59:58.8499208;996b3561-bd36-4112-8788-923611d603da;116444.84;0.000098;BUY;;;;,254074
20250917,BYBITSPOT,BTCUSDT,v4,/Users/ygorfrancisco/Desktop/acd-monitor/data_v7/canonical/20250917/E-BYBITSPOT/BTCUSDT.csv.gz,23949831,a4cc2ca7379cfa94ed04bd8864ddfe8d5b40cd7521a3c86ff28998528b682ec5,time_exchange;time_coinapi;guid;price;base_amount;taker_side;id_exch_guid;id_exch_int_inc;order_id_maker;order_id_taker,2025-09-17T23:59:59.9970000;2025-09-18T00:00:00.0367282;64a2cd71-ea6c-4921-9fa2-828fc5224ea0;116443.3;0.0001;SELL;;;;,688563
20250917,COINBASE,BTCUSDT,v4,/Users/ygorfrancisco/Desktop/acd-monitor/data_v7/canonical/20250917/E-COINBASE/BTCUSDT.csv.gz,43951027,e1138c28eea6648d5f306dddf807ac5301068b8d6ad5fdd249551cd2333d9970,time_exchange;time_coinapi;guid;price;base_amount;taker_side;id_exch_guid;id_exch_int_inc;order_id_maker;order_id_taker,2025-09-17T23:59:58.9603310;2025-09-17T23:59:59.0381060;6de60d8b-7e16-4214-91bd-53d102444427;116484.4;0.02037596;SELL;;875188912;670ff63d-ef48-4a3b-956f-4a53e1c168bc;c32992ec-90ca-4e5b-ba78-48037e5de0db,427386
20250918,BINANCE,BTCUSDT,v4,/Users/ygorfrancisco/Desktop/acd-monitor/data_v7/canonical/20250918/E-BINANCE/BTCUSDT.csv.gz,160279175,6ebfa2d99c4a3da48ce39ff3f8b8487b5e1d5699444e6c35f6c074059d4996ed,time_exchange;time_coinapi;guid;price;base_amount;taker_side;id_exch_guid;id_exch_int_inc;order_id_maker;order_id_taker,2025-09-18T23:59:59.2110000;2025-09-18T23:59:59.2136138;a106838f-8fa9-4e3e-89bf-1ba94ba956d8;117334.64;0.01292;BUY;;1826529108;;,2826689
20250918,BITGET,BTCUSDT,v4,/Users/ygorfrancisco/Desktop/acd-monitor/data_v7/canonical/20250918/E-BITGET/BTCUSDT.csv.gz,15301646,af1641b2b877f2225889098aad375f5df5f86d25f6858ce9ad8b3d50055a21cd,time_exchange;time_coinapi;guid;price;base_amount;taker_side;id_exch_guid;id_exch_int_inc;order_id_maker;order_id_taker,2025-09-18T23:59:53.4420000;2025-09-18T23:59:53.5720308;5c2951df-4a8e-4698-88f4-8c7735c45b29;117076.26;0.000749;BUY;;;;,286453
20250918,BYBITSPOT,BTCUSDT,v4,/Users/ygorfrancisco/Desktop/acd-monitor/data_v7/canonical/20250918/E-BYBITSPOT/BTCUSDT.csv.gz,19782961,2714c8c0e571f96c1caf5f99f7f0a270a2551caf659b4c3cd18f5ee47a5e824d,time_exchange;time_coinapi;guid;price;base_amount;taker_side;id_exch_guid;id_exch_int_inc;order_id_maker;order_id_taker,2025-09-18T23:59:59.5390000;2025-09-18T23:59:59.5765668;fa193da6-1497-4168-a4c0-4c32f0f9782e;117085.4;0.001111;SELL;;;;,574145
20250918,COINBASE,BTCUSDT,v4,/Users/ygorfrancisco/Desktop/acd-monitor/data_v7/canonical/20250918/E-COINBASE/BTCUSDT.csv.gz,42073890,945c5ebda44a9c623300192b32057788e1104f99577017dc14c869e71b22be95,time_exchange;time_coinapi;guid;price;base_amount;taker_side;id_exch_guid;id_exch_int_inc;order_id_maker;order_id_taker,2025-09-18T23:59:59.2980780;2025-09-18T23:59:59.3760903;d88daa51-ed73-4f25-bb99-9f5e9d7d5eac;117117.99;0.00040583;BUY;;875604686;63124fb6-7e85-42d0-b212-f3e29171faf0;30353a77-abd0-4091-b94b-ba148c3a114a,415775
20250919,BINANCE,BTCUSDT,v4,/Users/ygorfrancisco/Desktop/acd-monitor/data_v7/canonical/20250919/E-BINANCE/BTCUSDT.csv.gz,138210118,0c937fbf588b72881d1113233bb9576274dee36892559ccf387409550106e33e,time_exchange;time_coinapi;guid;price;base_amount;taker_side;id_exch_guid;id_exch_int_inc;order_id_maker;order_id_taker,2025-09-19T23:59:59.7700000;2025-09-19T23:59:59.7727592;905da9ea-181d-4e33-86e9-52faf8a93cda;115918.62;0.00129;BUY;;1828973962;;,2444855
20250919,BITGET,BTCUSDT,v4,/Users/ygorfrancisco/Desktop/acd-monitor/data_v7/canonical/20250919/E-BITGET/BTCUSDT.csv.gz,10320784,b150fcc18db6d054af4a2a3bdad295bd1eb1026a80502812d578913d9571b10b,time_exchange;time_coinapi;guid;price;base_amount;taker_side;id_exch_guid;id_exch_int_inc;order_id_maker;order_id_taker,2025-09-19T23:59:58.9960000;2025-09-19T23:59:59.1255760;a124fab7-18a9-40a3-ae80-18a330f6adee;115626.95;0.001235;BUY;;;;,193569
20250919,BYBITSPOT,BTCUSDT,v4,/Users/ygorfrancisco/Desktop/acd-monitor/data_v7/canonical/20250919/E-BYBITSPOT/BTCUSDT.csv.gz,20181564,cc071a30092cfcd79a8ec48f116fd92ba3f5aacfb2d61504d6aee04401747d62,time_exchange;time_coinapi;guid;price;base_amount;taker_side;id_exch_guid;id_exch_int_inc;order_id_maker;order_id_taker,2025-09-19T23:59:54.2440000;2025-09-19T23:59:54.2834482;94e552d2-f515-4c88-8ae9-5c85b10676c6;115633.1;0.000267;SELL;;;;,439093
20250919,COINBASE,BTCUSDT,v4,/Users/ygorfrancisco/Desktop/acd-monitor/data_v7/canonical/20250919/E-COINBASE/BTCUSDT.csv.gz,44221823,2e2631f6a32ec4239a816643040a76b7259b15a06f1a661fc72a9a2fa5026cf1,time_exchange;time_coinapi;guid;price;base_amount;taker_side;id_exch_guid;id_exch_int_inc;order_id_maker;order_id_taker,2025-09-19T23:59:59.2869920;2025-09-19T23:59:59.3639115;f7ae4cf7-c561-445a-bc02-b7767e397273;115690.55;0.00000186;BUY;;876043180;ad51f193-9d29-4c3d-a33d-26f7a7cd0524;c44e611b-71bf-44db-a54d-9bb28d9199d1,438495
20250920,BITGET,BTCUSDT,v4,/Users/ygorfrancisco/Desktop/acd-monitor/data_v7/canonical/20250920/E-BITGET/BTCUSDT.csv.gz,8874081,aa150b4f8e0005846a52286b5260630849391fec6a5167141eea44946f96f5f3,time_exchange;time_coinapi;guid;price;base_amount;taker_side;id_exch_guid;id_exch_int_inc;order_id_maker;order_id_taker,2025-09-20T23:59:58.3910000;2025-09-20T23:59:58.5190674;3b2a0096-a0b9-4915-a838-86a1e53c7074;115676.33;0.002306;SELL;;;;,160115
20250920,BYBITSPOT,BTCUSDT,v4,/Users/ygorfrancisco/Desktop/acd-monitor/data_v7/canonical/20250920/E-BYBITSPOT/BTCUSDT.csv.gz,7829376,35de9196be8c42c1e16f4f072d60c3dddc7196e7e4cca0cb6acaa43157d2c2c8,time_exchange;time_coinapi;guid;price;base_amount;taker_side;id_exch_guid;id_exch_int_inc;order_id_maker;order_id_taker,2025-09-20T23:59:57.8020000;2025-09-20T23:59:57.8399932;1f4eac99-b665-479a-86a2-06f42dd8930c;115680.9;0.000011;SELL;;;;,164902
20250920,COINBASE,BTCUSDT,v4,/Users/ygorfrancisco/Desktop/acd-monitor/data_v7/canonical/20250920/E-COINBASE/BTCUSDT.csv.gz,25110855,e6821d426f304020cf2049171623b194bf439056f684542bd8164d22f075a976,time_exchange;time_coinapi;guid;price;base_amount;taker_side;id_exch_guid;id_exch_int_inc;order_id_maker;order_id_taker,2025-09-20T23:59:59.6332700;2025-09-20T23:59:59.7100513;46ff6954-89a3-44fb-9b4f-740340599654;115752.4;0.0047;BUY;;876296586;d09c09e8-50f9-407d-881a-49846df47a21;bc722740-8a5d-4aaf-bade-4ff03e601785,253407
20250921,BITGET,BTCUSDT,v4,/Users/ygorfrancisco/Desktop/acd-monitor/data_v7/canonical/20250921/E-BITGET/BTCUSDT.csv.gz,9786969,5b67a2820a8bd34cd5244586d5015075fb2853ea52ac9bd5020f2296c0b40b39,time_exchange;time_coinapi;guid;price;base_amount;taker_side;id_exch_guid;id_exch_int_inc;order_id_maker;order_id_taker,2025-09-21T23:59:59.6600000;2025-09-21T23:59:59.7901331;29bb7acc-5903-403c-8e8e-8e1fb0835e6f;115244.87;0.008677;SELL;;;;,178645
20250921,BYBITSPOT,BTCUSDT,v4,/Users/ygorfrancisco/Desktop/acd-monitor/data_v7/canonical/20250921/E-BYBITSPOT/BTCUSDT.csv.gz,16196466,901fd9b0f2061538fdffef1fd3da18902632ed57107c60b636a425d835baa403,time_exchange;time_coinapi;guid;price;base_amount;taker_side;id_exch_guid;id_exch_int_inc;order_id_maker;order_id_taker,2025-09-21T23:59:59.0420000;2025-09-21T23:59:59.0808122;b5979302-0439-4ce2-9bfa-36237b7a8dd5;0.21283;125.2;BUY;;;;,320259
20250921,COINBASE,BTCUSDT,v4,/Users/ygorfrancisco/Desktop/acd-monitor/data_v7/canonical/20250921/E-COINBASE/BTCUSDT.csv.gz,23328804,ce5b5b7c238edfef32d222062c987d9130b3ab29c07079b30f99d8527a5c20ca,time_exchange;time_coinapi;guid;price;base_amount;taker_side;id_exch_guid;id_exch_int_inc;order_id_maker;order_id_taker,2025-09-21T23:59:59.7406770;2025-09-21T23:59:59.8226846;9ef361ea-bbf0-440a-8990-462cfc1196e8;115282.27;0.00005762;BUY;;876530317;05eed43e-7e84-4cbf-8684-c7bd4c42f5a3;446c68f1-e4da-412f-9606-19041e29c2e0,233732
20250922,BINANCE,BTCUSDT,v6,/Users/ygorfrancisco/Desktop/acd-monitor/data_v7/canonical/20250922/E-BINANCE/BTCUSDT.csv.gz,190657779,d7713d76149ee9ef139c200883e366b1c07e76799ce258bf75a6e5559b910aff,time_exchange;time_coinapi;guid;price;base_amount;taker_side;id_exch_guid;id_exch_int_inc;order_id_maker;order_id_taker,2025-09-22T23:59:59.7460000;2025-09-22T23:59:59.7497568;6faeb0b7-66dc-4239-9e9c-a82b416e8241;112951.21;0.00005;SELL;;1836054093;;,3349038
20250922,BITGET,BTCUSDT,v6,/Users/ygorfrancisco/Desktop/acd-monitor/data_v7/canonical/20250922/E-BITGET/BTCUSDT.csv.gz,24149919,d217caaba0d058e2a7d6ee2846fa86b6d00e320a782a9a50a7d2dc337bba447e,time_exchange;time_coinapi;guid;price;base_amount;taker_side;id_exch_guid;id_exch_int_inc;order_id_maker;order_id_taker,2025-09-22T23:59:59.3300000;2025-09-22T23:59:59.4585969;4915fccd-497f-4fb3-8c10-233560379d9c;112655.18;0.000659;SELL;;;;,452456
20250922,BYBITSPOT,BTCUSDT,v6,/Users/ygorfrancisco/Desktop/acd-monitor/data_v7/canonical/20250922/E-BYBITSPOT/BTCUSDT.csv.gz,25956974,cf71690954404efaf327a4fed13ceb18e0d15cba3a1020ec08132f1c2c9a81cb,time_exchange;time_coinapi;guid;price;base_amount;taker_side;id_exch_guid;id_exch_int_inc;order_id_maker;order_id_taker,2025-09-22T23:59:52.1760000;2025-09-22T23:59:52.2139751;43d3af79-43a1-46bf-b3c5-79e02b9aeb33;112650.9;0.004723;BUY;;;;,754063
20250922,COINBASE,BTCUSDT,v6,/Users/ygorfrancisco/Desktop/acd-monitor/data_v7/canonical/20250922/E-COINBASE/BTCUSDT.csv.gz,44985199,125afe132be62f27e5f5ce07970cd5c28f1202d67a7873506883b9756f578a89,time_exchange;time_coinapi;guid;price;base_amount;taker_side;id_exch_guid;id_exch_int_inc;order_id_maker;order_id_taker,2025-09-22T23:59:59.6529280;2025-09-22T23:59:59.7362357;a473e914-d7d8-4cc0-bf94-ace79d30fd70;112736.59;0.00043908;BUY;;876962369;4a5d4d73-e813-406d-a415-8d9e0f413d42;07897995-8d4b-43a9-81ea-9f29154be53e,432053
20250923,BINANCE,BTCUSDT,v6,/Users/ygorfrancisco/Desktop/acd-monitor/data_v7/canonical/20250923/E-BINANCE/BTCUSDT.csv.gz,130179220,33d608e657cf441f7f3415d0a0d8ae300d0569222dce2b598c71ca81c90d15f8,time_exchange;time_coinapi;guid;price;base_amount;taker_side;id_exch_guid;id_exch_int_inc;order_id_maker;order_id_taker,2025-09-23T23:59:59.9430000;2025-09-23T23:59:59.9456031;510723de-aaac-405b-b9c0-3605933ffcbc;112298.88;0.00005;BUY;;1839079448;;,3024182
20250923,BITGET,BTCUSDT,v6,/Users/ygorfrancisco/Desktop/acd-monitor/data_v7/canonical/20250923/E-BITGET/BTCUSDT.csv.gz,15873032,f9b5e119d0913f8e4ed5c782484211761e1c3c88f74f43fd5eb79c27fb627dd5,time_exchange;time_coinapi;guid;price;base_amount;taker_side;id_exch_guid;id_exch_int_inc;order_id_maker;order_id_taker,2025-09-23T23:59:59.8780000;2025-09-24T00:00:00.0070428;6bfd3213-e65b-400f-a82b-be5c4994daa9;112009.5;0.000449;BUY;;;;,390730
20250923,BYBITSPOT,BTCUSDT,v6,/Users/ygorfrancisco/Desktop/acd-monitor/data_v7/canonical/20250923/E-BYBITSPOT/BTCUSDT.csv.gz,30191701,a52ff143f08c11a5629e94b9a674e0d21bc7f8e2e96f212d6e324582ea3a2617,time_exchange;time_coinapi;guid;price;base_amount;taker_side;id_exch_guid;id_exch_int_inc;order_id_maker;order_id_taker,2025-09-23T23:59:59.8540000;2025-09-23T23:59:59.8920979;14c7f6ab-fcc7-4a84-9524-e77fd23ccfc0;111993.3;0.00101;SELL;;;;,658938
20250923,COINBASE,BTCUSDT,v6,/Users/ygorfrancisco/Desktop/acd-monitor/data_v7/canonical/20250923/E-COINBASE/BTCUSDT.csv.gz,27653705,ad96cfbcb68474f29301090f01de88abd2194790667a684b30d75b8f100980bd,time_exchange;time_coinapi;guid;price;base_amount;taker_side;id_exch_guid;id_exch_int_inc;order_id_maker;order_id_taker,2025-09-23T23:59:59.9549710;2025-09-24T00:00:00.0485055;1580ae3e-b201-453d-b93a-5acd4560d3b1;112017.21;0.00043377;BUY;;877330421;105cd275-3f0c-4dca-b592-dbe25d6bd9fc;f71ebdcc-b0f2-4363-81d0-d72dced75a32,367884
20250924,BINANCE,BTCUSDT,v6,/Users/ygorfrancisco/Desktop/acd-monitor/data_v7/canonical/20250924/E-BINANCE/BTCUSDT.csv.gz,178564244,3a6fd9da98ba8a1d4e483d3b5946c48ec38818ef145c6d9dc3077fd2ed208b8d,time_exchange;time_coinapi;guid;price;base_amount;taker_side;id_exch_guid;id_exch_int_inc;order_id_maker;order_id_taker,2025-09-24T23:59:59.9340000;2025-09-24T23:59:59.9364068;55804f38-b218-4abf-8d53-37693209db9d;113574.09;0.00005;SELL;;1842221391;;,3141944
20250924,BITGET,BTCUSDT,v6,/Users/ygorfrancisco/Desktop/acd-monitor/data_v7/canonical/20250924/E-BITGET/BTCUSDT.csv.gz,14926326,e8abf9b27d0111e37f22935d8e9e379dafc340c472add1638ae494a671ec9edf,time_exchange;time_coinapi;guid;price;base_amount;taker_side;id_exch_guid;id_exch_int_inc;order_id_maker;order_id_taker,2025-09-24T23:59:58.6220000;2025-09-24T23:59:58.7497715;027c8d4a-3e56-453d-8ca3-ecb3e927995c;113308.74;0.000094;SELL;;;;,278326
20250924,BYBITSPOT,BTCUSDT,v6,/Users/ygorfrancisco/Desktop/acd-monitor/data_v7/canonical/20250924/E-BYBITSPOT/BTCUSDT.csv.gz,23919280,83d1a3e6cd350fe1c7321cd4f697007e23bd1174a0eff7bdf40907c283310eb4,time_exchange;time_coinapi;guid;price;base_amount;taker_side;id_exch_guid;id_exch_int_inc;order_id_maker;order_id_taker,2025-09-24T23:59:56.5070000;2025-09-24T23:59:56.5463842;d209eeb2-caec-446b-b4f4-582d8691c8aa;113307;0.0007;SELL;;;;,520416
20250924,COINBASE,BTCUSDT,v6,/Users/ygorfrancisco/Desktop/acd-monitor/data_v7/canonical/20250924/E-COINBASE/BTCUSDT.csv.gz,36173826,65862d755ae16bc9349733e7f58515300a292d896a20a8dc0428be287da74340,time_exchange;time_coinapi;guid;price;base_amount;taker_side;id_exch_guid;id_exch_int_inc;order_id_maker;order_id_taker,2025-09-24T23:59:59.9863460;2025-09-25T00:00:00.0718189;27e88f22-6ab8-4f50-bfed-e872d89d1604;113348.17;0.02495229;BUY;;877683315;3d9a918d-eb3b-487d-924b-ee6d2d32fe27;0e0a3fec-2e49-4684-b221-f94659a475b8,352895
20250925,BINANCE,BTCUSDT,v6,/Users/ygorfrancisco/Desktop/acd-monitor/data_v7/canonical/20250925/E-BINANCE/BTCUSDT.csv.gz,215546421,cc4a76a16007f55f66596985d5b71abafc9c54ad65cb8aaae74a044086161042,time_exchange;time_coinapi;guid;price;base_amount;taker_side;id_exch_guid;id_exch_int_inc;order_id_maker;order_id_taker,2025-09-25T23:59:59.9190000;2025-09-25T23:59:59.9211863;2ea9dbd5-cfb6-4d74-85be-8cd11895acc8;108994.49;0.00042;BUY;;5258915001;;,4409954
20250925,BITGET,BTCUSDT,v6,/Users/ygorfrancisco/Desktop/acd-monitor/data_v7/canonical/20250925/E-BITGET/BTCUSDT.csv.gz,13304669,93412999bc03adebcd1cea8f8638c976fc81e67588bc31d9520a7bb709d6433b,time_exchange;time_coinapi;guid;price;base_amount;taker_side;id_exch_guid;id_exch_int_inc;order_id_maker;order_id_taker,2025-09-25T23:59:56.5260000;2025-09-25T23:59:56.6550726;f759a37c-5673-4a01-afc5-babf841f187d;109013;0.000022;SELL;;;;,257588
20250925,BYBITSPOT,BTCUSDT,v6,/Users/ygorfrancisco/Desktop/acd-monitor/data_v7/canonical/20250925/E-BYBITSPOT/BTCUSDT.csv.gz,38029400,ab65744dc46e654d1864174d004bdf7ee04b25813015e5a56e2588d741f225f8,time_exchange;time_coinapi;guid;price;base_amount;taker_side;id_exch_guid;id_exch_int_inc;order_id_maker;order_id_taker,2025-09-25T23:59:57.0690000;2025-09-25T23:59:57.1072887;f62ed295-b1c7-495d-b1df-64b4caf22f25;108986.7;0.03069;SELL;;;;,832134
20250925,COINBASE,BTCUSDT,v6,/Users/ygorfrancisco/Desktop/acd-monitor/data_v7/canonical/20250925/E-COINBASE/BTCUSDT.csv.gz,57548044,cf91f91e2f55d1bb8dba8c3a0d0fe1fad047353f1e1b194589f7762f9d6ba94c,time_exchange;time_coinapi;guid;price;base_amount;taker_side;id_exch_guid;id_exch_int_inc;order_id_maker;order_id_taker,2025-09-25T23:59:59.7956220;2025-09-25T23:59:59.8758300;c3c6329c-1131-4a20-ac1b-e78414ff7e16;109035.72;0.00063203;BUY;;878244969;53605a88-2e21-4d5f-ae55-c86cf4ba6705;bf9f6d1a-408e-411f-92b1-54c84be21272,561348
20250926,BINANCE,BTCUSDT,v6,/Users/ygorfrancisco/Desktop/acd-monitor/data_v7/canonical/20250926/E-BINANCE/BTCUSDT.csv.gz,210608322,a57af0ca26109a1f0e97c86022d4f28a5da6143dc550d7480ff932b6b2d34d10,time_exchange;time_coinapi;guid;price;base_amount;taker_side;id_exch_guid;id_exch_int_inc;order_id_maker;order_id_taker,2025-09-26T23:59:59.8450000;2025-09-26T23:59:59.8482713;12658543-02cc-4f73-92f9-53d62db160c7;109904.77;0.0001;BUY;;1849589365;;,3707973
20250926,BITGET,BTCUSDT,v6,/Users/ygorfrancisco/Desktop/acd-monitor/data_v7/canonical/20250926/E-BITGET/BTCUSDT.csv.gz,9374436,f8b47a75bc9aaf294b5024a3ae07dfe3407d43526f295a6734c28b79ab59d7ac,time_exchange;time_coinapi;guid;price;base_amount;taker_side;id_exch_guid;id_exch_int_inc;order_id_maker;order_id_taker,2025-09-26T23:59:59.5660000;2025-09-26T23:59:59.6939559;53305519-f855-4358-9602-ed768f475c23;109645.68;0.002911;SELL;;;;,175731
20250926,BYBITSPOT,BTCUSDT,v6,/Users/ygorfrancisco/Desktop/acd-monitor/data_v7/canonical/20250926/E-BYBITSPOT/BTCUSDT.csv.gz,28952018,7e41fe13e42ad3ecea1b80fe51d355c6cd753528c32da2d8bd611a5c47e12bb0,time_exchange;time_coinapi;guid;price;base_amount;taker_side;id_exch_guid;id_exch_int_inc;order_id_maker;order_id_taker,2025-09-26T23:59:58.9850000;2025-09-26T23:59:59.0227213;9d82a54a-3edd-4730-8cc1-68823a1efe64;109639.3;0.022107;BUY;;;;,628366
20250926,COINBASE,BTCUSDT,v6,/Users/ygorfrancisco/Desktop/acd-monitor/data_v7/canonical/20250926/E-COINBASE/BTCUSDT.csv.gz,43057789,e78aaf4f47309c17869d246d100d6d672b30efe0206d7895636cb97bbb308cf9,time_exchange;time_coinapi;guid;price;base_amount;taker_side;id_exch_guid;id_exch_int_inc;order_id_maker;order_id_taker,2025-09-26T23:59:59.9916740;2025-09-27T00:00:00.0737858;e05cd63c-85eb-4df7-8b72-3c59b2a6ea60;109697.29;0.004;SELL;;878660786;8ad677c6-e6d5-4426-b995-1375d3669e0b;b8f162d4-a595-46bc-b6e1-dae1793c6615,415704
20250927,BINANCE,BTCUSDT,v6,/Users/ygorfrancisco/Desktop/acd-monitor/data_v7/canonical/20250927/E-BINANCE/BTCUSDT.csv.gz,123692125,a01e1c69ab68fd749bdf81e4c738294823a36f79f9095d7063e02842c25a5f2a,time_exchange;time_coinapi;guid;price;base_amount;taker_side;id_exch_guid;id_exch_int_inc;order_id_maker;order_id_taker,2025-09-27T23:59:59.2260000;2025-09-27T23:59:59.2300404;d4764508-e459-4e94-9bbd-6f2f18233f56;109898.76;0.00008;SELL;;1851777530;;,2188154
20250927,BITGET,BTCUSDT,v6,/Users/ygorfrancisco/Desktop/acd-monitor/data_v7/canonical/20250927/E-BITGET/BTCUSDT.csv.gz,4851370,9a266e8937fd3b2ec0e8932fc03c67c2e16f7099730c2b814c1e2b6cbf7a9d89,time_exchange;time_coinapi;guid;price;base_amount;taker_side;id_exch_guid;id_exch_int_inc;order_id_maker;order_id_taker,2025-09-27T23:59:58.5230000;2025-09-27T23:59:58.6521998;b1d7bf8b-3f49-4f69-afa7-5d01a31ef1a7;109628.83;0.003201;BUY;;;;,87764
20250927,BYBITSPOT,BTCUSDT,v6,/Users/ygorfrancisco/Desktop/acd-monitor/data_v7/canonical/20250927/E-BYBITSPOT/BTCUSDT.csv.gz,9571057,14b473a31e6daf41ce8d12030c5cbbf9962f6b3494c76e718d17cb5be99191f9,time_exchange;time_coinapi;guid;price;base_amount;taker_side;id_exch_guid;id_exch_int_inc;order_id_maker;order_id_taker,2025-09-27T23:59:58.2460000;2025-09-27T23:59:58.2855993;df9d9d13-37ff-4906-95db-0009c6c06599;109631.2;0.000182;BUY;;;;,200532
20250927,COINBASE,BTCUSDT,v6,/Users/ygorfrancisco/Desktop/acd-monitor/data_v7/canonical/20250927/E-COINBASE/BTCUSDT.csv.gz,20994523,69db8fdf620619d34dd983d63131cab4f17ffdaa1e427938b7d5f38a86d42d42,time_exchange;time_coinapi;guid;price;base_amount;taker_side;id_exch_guid;id_exch_int_inc;order_id_maker;order_id_taker,2025-09-27T23:59:59.0925830;2025-09-27T23:59:59.1693595;16fcf552-e692-49ed-bf68-3d7f694780c4;109681.16;0.0002095;BUY;;878865056;a6cf710c-5a8e-4a02-81ff-f5005487202e;6e17b292-3070-48ec-a337-dfe418629fe1,204271
20250928,BINANCE,BTCUSDT,v6,/Users/ygorfrancisco/Desktop/acd-monitor/data_v7/canonical/20250928/E-BINANCE/BTCUSDT.csv.gz,116761482,d05cdc4231fcd3a9e9c36d7afad0be2dec11d9d99ff70b41c5484a7914c8e69f,time_exchange;time_coinapi;guid;price;base_amount;taker_side;id_exch_guid;id_exch_int_inc;order_id_maker;order_id_taker,2025-09-28T23:59:59.9430000;2025-09-28T23:59:59.9462288;b7fb08e3-e8b2-405f-a6bf-90fa1961ec02;112416.17;0.00005;SELL;;1853851707;;,2074178
20250928,BITGET,BTCUSDT,v6,/Users/ygorfrancisco/Desktop/acd-monitor/data_v7/canonical/20250928/E-BITGET/BTCUSDT.csv.gz,7336598,3fa513320f97783d914a8ed4ff192693bf2059dcd353ddf7129277f2730e798d,time_exchange;time_coinapi;guid;price;base_amount;taker_side;id_exch_guid;id_exch_int_inc;order_id_maker;order_id_taker,2025-09-28T23:59:59.4640000;2025-09-28T23:59:59.5944833;c5582e3d-da54-4e39-900d-13ebcf6172cf;112168.35;0.000925;SELL;;;;,136296
20250928,BYBITSPOT,BTCUSDT,v6,/Users/ygorfrancisco/Desktop/acd-monitor/data_v7/canonical/20250928/E-BYBITSPOT/BTCUSDT.csv.gz,15938180,9c1ec4a76f08eba5e3a12810846800f22d66eb94aca99cfffb0aa0f91fc6a140,time_exchange;time_coinapi;guid;price;base_amount;taker_side;id_exch_guid;id_exch_int_inc;order_id_maker;order_id_taker,2025-09-28T23:59:57.8670000;2025-09-28T23:59:57.9057708;34c8140f-7216-4f2e-9b86-f0744104f728;112176;0.000178;BUY;;;;,350731
20250928,COINBASE,BTCUSDT,v6,/Users/ygorfrancisco/Desktop/acd-monitor/data_v7/canonical/20250928/E-COINBASE/BTCUSDT.csv.gz,24357302,451573add68a45cd9abc5f5cc9be97fabff5776f7d7022faad7d4d0446286d4f,time_exchange;time_coinapi;guid;price;base_amount;taker_side;id_exch_guid;id_exch_int_inc;order_id_maker;order_id_taker,2025-09-28T23:59:59.0320540;2025-09-28T23:59:59.1153224;9424b523-edd7-4cb0-aceb-6a3f95dc03a6;112197.67;0.01113319;BUY;;879105247;a5f9b05e-6455-4694-baa6-065314cd516b;3be91e13-286a-452e-b1f5-452922b39ad6,240192
20250929,BINANCE,BTCUSDT,v6,/Users/ygorfrancisco/Desktop/acd-monitor/data_v7/canonical/20250929/E-BINANCE/BTCUSDT.csv.gz,162529398,d988bd5700b132b0351212b9311f4fa4d3551bc607f833949982e1fd9cbddb46,time_exchange;time_coinapi;guid;price;base_amount;taker_side;id_exch_guid;id_exch_int_inc;order_id_maker;order_id_taker,2025-09-29T23:59:59.9620000;2025-09-29T23:59:59.9652307;17ec5bb4-b84a-4939-a89c-f6073fb2cdb9;114537;0.00076;BUY;;1856738563;;,2881857
20250929,BITGET,BTCUSDT,v6,/Users/ygorfrancisco/Desktop/acd-monitor/data_v7/canonical/20250929/E-BITGET/BTCUSDT.csv.gz,10592025,efd832ddeed3532b8936520eae0bc39b213abccdb514699313e6e0e6b4778a36,time_exchange;time_coinapi;guid;price;base_amount;taker_side;id_exch_guid;id_exch_int_inc;order_id_maker;order_id_taker,2025-09-29T23:59:59.6200000;2025-09-29T23:59:59.7487838;5e30748d-0f47-4d9d-944f-5cf3e28daf53;114304.79;0.00092;BUY;;;;,195859
20250929,BYBITSPOT,BTCUSDT,v6,/Users/ygorfrancisco/Desktop/acd-monitor/data_v7/canonical/20250929/E-BYBITSPOT/BTCUSDT.csv.gz,27437973,99d26d6751c7e9fbca443e35d5d742e90ec264fd7032f93e354c27102363a61a,time_exchange;time_coinapi;guid;price;base_amount;taker_side;id_exch_guid;id_exch_int_inc;order_id_maker;order_id_taker,2025-09-29T23:59:59.9790000;2025-09-30T00:00:00.0188956;9eacd0a3-0103-4c23-ab82-311becf7b49f;114305.6;0.000434;SELL;;;;,604925
20250929,COINBASE,BTCUSDT,v6,/Users/ygorfrancisco/Desktop/acd-monitor/data_v7/canonical/20250929/E-COINBASE/BTCUSDT.csv.gz,36339257,ce29c6610ca801d6506ec495e847af4e9f854a46a1fcc7109fc48a292f159f5c,time_exchange;time_coinapi;guid;price;base_amount;taker_side;id_exch_guid;id_exch_int_inc;order_id_maker;order_id_taker,2025-09-29T23:59:58.6819480;2025-09-29T23:59:58.7777768;4a3f167b-6140-4817-826c-3912340b6f41;114365.07;0.00313857;SELL;;879462635;f8f631c2-45c2-4fda-adcd-eadcffbed412;bf1d569e-4cbb-4f62-8960-4452180182ce,356992
20250930,BINANCE,BTCUSDT,v6,/Users/ygorfrancisco/Desktop/acd-monitor/data_v7/canonical/20250930/E-BINANCE/BTCUSDT.csv.gz,162498925,cf9c279672a87116fbe7807aa057594ebbe22b7efe8edb30378b8a8717b5ab5a,time_exchange;time_coinapi;guid;price;base_amount;taker_side;id_exch_guid;id_exch_int_inc;order_id_maker;order_id_taker,2025-09-30T23:59:59.9870000;2025-09-30T23:59:59.9896160;1c7f3393-180c-4017-a088-c190d688e57e;114312.09;0.0012;SELL;;1859609690;;,2871128
20250930,BITGET,BTCUSDT,v6,/Users/ygorfrancisco/Desktop/acd-monitor/data_v7/canonical/20250930/E-BITGET/BTCUSDT.csv.gz,15970187,64eb552eeb1ef44492651331694b322fde7e9f4e3bd37fbc2c43d6f086551410,time_exchange;time_coinapi;guid;price;base_amount;taker_side;id_exch_guid;id_exch_int_inc;order_id_maker;order_id_taker,2025-09-30T23:59:54.5610000;2025-09-30T23:59:54.6885855;b94181d0-fd86-4113-9244-70214b6f86bd;114042.01;0.000009;BUY;;;;,295689
20250930,BYBITSPOT,BTCUSDT,v6,/Users/ygorfrancisco/Desktop/acd-monitor/data_v7/canonical/20250930/E-BYBITSPOT/BTCUSDT.csv.gz,24711408,598c0833e6bdbb4c338104f27cc0c6d9dde762f3f4eb82acf1cbc6c44eb4496d,time_exchange;time_coinapi;guid;price;base_amount;taker_side;id_exch_guid;id_exch_int_inc;order_id_maker;order_id_taker,2025-09-30T23:59:57.4290000;2025-09-30T23:59:57.4672218;d2dabace-343c-435d-b439-609795d48eb2;114051.1;0.00013;BUY;;;;,532116
20250930,COINBASE,BTCUSDT,v6,/Users/ygorfrancisco/Desktop/acd-monitor/data_v7/canonical/20250930/E-COINBASE/BTCUSDT.csv.gz,32399679,5092823992da41da0304daa8fc10f904d712dbd2d32ec9891aa63dbc50eaac7d,time_exchange;time_coinapi;guid;price;base_amount;taker_side;id_exch_guid;id_exch_int_inc;order_id_maker;order_id_taker,2025-09-30T23:59:57.6101880;2025-09-30T23:59:57.6876390;c2363987-9630-4c52-ad1a-8e9b91f592ce;114067.71;0.02009288;BUY;;879773976;4bc4461b-b7d3-4b40-90ed-e5eea114bc79;57f3ec42-3f90-4423-bfc0-2b9d22c173ea,311138
20251001,BINANCE,BTCUSDT,v6,/Users/ygorfrancisco/Desktop/acd-monitor/data_v7/canonical/20251001/E-BINANCE/BTCUSDT.csv.gz,169173632,94c9e6689ed18ec451cae85933cd7dd57fb37357dbea0ba9ba403f8b0c987bb3,time_exchange;time_coinapi;guid;price;base_amount;taker_side;id_exch_guid;id_exch_int_inc;order_id_maker;order_id_taker,2025-10-01T23:59:59.7170000;2025-10-01T23:59:59.7203142;a5432bd7-a2e6-4886-bda8-a0209da312cc;118594.99;0.00027;BUY;;5273467943;;,3430344
20251001,BITGET,BTCUSDT,v6,/Users/ygorfrancisco/Desktop/acd-monitor/data_v7/canonical/20251001/E-BITGET/BTCUSDT.csv.gz,11363158,84120d738878ca844ee6284470432b8269aee648f4d047072f1fd76444d84a35,time_exchange;time_coinapi;guid;price;base_amount;taker_side;id_exch_guid;id_exch_int_inc;order_id_maker;order_id_taker,2025-10-01T23:59:58.2010000;2025-10-01T23:59:58.3325143;63a5c43c-c34e-45be-9ce1-f35a569c24ea;118598.52;0.003031;SELL;;;;,215816
20251001,BYBITSPOT,BTCUSDT,v6,/Users/ygorfrancisco/Desktop/acd-monitor/data_v7/canonical/20251001/E-BYBITSPOT/BTCUSDT.csv.gz,31901621,565d417733372739e3dea6715a46e63722ecb481fe63bd5a9fda455b2cec2868,time_exchange;time_coinapi;guid;price;base_amount;taker_side;id_exch_guid;id_exch_int_inc;order_id_maker;order_id_taker,2025-10-01T23:59:55.8630000;2025-10-01T23:59:55.9015829;89342c96-6adb-43b5-8400-49468a500de3;118584;0.1;BUY;;;;,678737
20251001,COINBASE,BTCUSDT,v6,/Users/ygorfrancisco/Desktop/acd-monitor/data_v7/canonical/20251001/E-COINBASE/BTCUSDT.csv.gz,50675730,3ccec5210eb438b134fbf9610a8d282cc668d744332db84dd101915213da0bd3,time_exchange;time_coinapi;guid;price;base_amount;taker_side;id_exch_guid;id_exch_int_inc;order_id_maker;order_id_taker,2025-10-01T23:59:59.8119320;2025-10-01T23:59:59.8943869;dce5791c-5a7f-42cc-94f6-7a285908422d;118659.97;0.00052;BUY;;880260951;dcabd398-e2a7-4b7c-b355-e001785c4738;1537cd78-5bf8-4fa5-8736-c2b5c7b0031c,486976
20251002,BINANCE,BTCUSDT,v6,/Users/ygorfrancisco/Desktop/acd-monitor/data_v7/canonical/20251002/E-BINANCE/BTCUSDT.csv.gz,171216963,0ab9bb1128916970ef59014795eafc54b328b7167fc8a14cb38da360a377dbb8,time_exchange;time_coinapi;guid;price;base_amount;taker_side;id_exch_guid;id_exch_int_inc;order_id_maker;order_id_taker,2025-10-02T23:59:59.7090000;2025-10-02T23:59:59.7132283;6395e2d5-949b-4737-9700-af3310b79162;120529.34;0.00007;SELL;;5276939971;;,3472029
20251002,BITGET,BTCUSDT,v6,/Users/ygorfrancisco/Desktop/acd-monitor/data_v7/canonical/20251002/E-BITGET/BTCUSDT.csv.gz,11465559,5e5c48a9a900008b893fa02231e1ca9b2fee6c602797cde4ec3427fb75af3a3c,time_exchange;time_coinapi;guid;price;base_amount;taker_side;id_exch_guid;id_exch_int_inc;order_id_maker;order_id_taker,2025-10-02T23:59:59.7510000;2025-10-02T23:59:59.8822078;172d3ac2-4464-4bbe-9987-914e3758ce63;120540.27;0.002272;SELL;;;;,217810
20251002,BYBITSPOT,BTCUSDT,v6,/Users/ygorfrancisco/Desktop/acd-monitor/data_v7/canonical/20251002/E-BYBITSPOT/BTCUSDT.csv.gz,32906308,3988848cf344b0bf70fb169c1b7cdb42f9541a7d0afe0d64c4994fe8d136c883,time_exchange;time_coinapi;guid;price;base_amount;taker_side;id_exch_guid;id_exch_int_inc;order_id_maker;order_id_taker,2025-10-02T23:59:58.5820000;2025-10-02T23:59:58.6207821;13b98d59-a1a1-498d-8283-75f63c7e6cdb;120530.8;0.0043;SELL;;;;,708115
20251002,COINBASE,BTCUSDT,v6,/Users/ygorfrancisco/Desktop/acd-monitor/data_v7/canonical/20251002/E-COINBASE/BTCUSDT.csv.gz,51988708,1b4e2da1b6e786f6baa56d820469741585443659eaf13b04c87872b04f1ee161,time_exchange;time_coinapi;guid;price;base_amount;taker_side;id_exch_guid;id_exch_int_inc;order_id_maker;order_id_taker,2025-10-02T23:59:57.6745530;2025-10-02T23:59:57.7602808;57ca19c4-6651-46d6-a388-45956b9841b4;120621.32;0.00041457;SELL;;880766911;5ed11837-dc3e-4490-bee9-734b22003eec;99f93485-c8c3-43a6-9cb3-3d3fc1705296,505865
20251003,BINANCE,BTCUSDT,v6,/Users/ygorfrancisco/Desktop/acd-monitor/data_v7/canonical/20251003/E-BINANCE/BTCUSDT.csv.gz,209249857,cf143f95a093211293dcafedc12c4ca6afd5185d1f7c9cc61fc8342c78a5ed1d,time_exchange;time_coinapi;guid;price;base_amount;taker_side;id_exch_guid;id_exch_int_inc;order_id_maker;order_id_taker,2025-10-03T23:59:59.8160000;2025-10-03T23:59:59.8191365;24f34049-3f66-43a8-aada-d761df8892c4;122232;0.0001;BUY;;5281186836;;,4246812
20251003,BITGET,BTCUSDT,v6,/Users/ygorfrancisco/Desktop/acd-monitor/data_v7/canonical/20251003/E-BITGET/BTCUSDT.csv.gz,12499997,4fd70ea75b81f29edd476889d6f9c7a692022cae60ba3cde2ae22261ee7092ea,time_exchange;time_coinapi;guid;price;base_amount;taker_side;id_exch_guid;id_exch_int_inc;order_id_maker;order_id_taker,2025-10-03T23:59:59.5280000;2025-10-03T23:59:59.6587068;437a290b-da43-4820-b59c-28b36bf4bc2b;122243.01;0.003239;SELL;;;;,239568
20251003,BYBITSPOT,BTCUSDT,v6,/Users/ygorfrancisco/Desktop/acd-monitor/data_v7/canonical/20251003/E-BYBITSPOT/BTCUSDT.csv.gz,38452413,671817bae41c5b90c93c242c4f6e82048d1b09f725ca6f26090fea9e90b3709c,time_exchange;time_coinapi;guid;price;base_amount;taker_side;id_exch_guid;id_exch_int_inc;order_id_maker;order_id_taker,2025-10-03T23:59:57.3870000;2025-10-03T23:59:57.4255317;74bec8d4-8f8b-4ace-9bda-275f2e15ada0;122223.8;0.028;BUY;;;;,827092
20251003,COINBASE,BTCUSDT,v6,/Users/ygorfrancisco/Desktop/acd-monitor/data_v7/canonical/20251003/E-COINBASE/BTCUSDT.csv.gz,57044771,1e77194647d37bb9071ab3c1f72c13f7aa4dc1eed21622570bd90eec0312bc1c,time_exchange;time_coinapi;guid;price;base_amount;taker_side;id_exch_guid;id_exch_int_inc;order_id_maker;order_id_taker,2025-10-03T23:59:58.6214180;2025-10-03T23:59:58.7153469;b2a253a7-5972-4be8-adfe-c28469f39f6a;122318.4;0.00001684;BUY;;881323453;c79c0f8e-946b-443c-b0e8-c64102454ebc;bf4cd711-ca9c-4bfd-818f-ce5da7e61757,556409
20251004,BINANCE,BTCUSDT,v6,/Users/ygorfrancisco/Desktop/acd-monitor/data_v7/canonical/20251004/E-BINANCE/BTCUSDT.csv.gz,105256455,aba54eeeadf385425baa4cec94f07427e73612e83de4f8b5a8520c0992f023ee,time_exchange;time_coinapi;guid;price;base_amount;taker_side;id_exch_guid;id_exch_int_inc;order_id_maker;order_id_taker,2025-10-04T23:59:59.7630000;2025-10-04T23:59:59.7649667;32375e2a-2f3b-42a1-b48c-ae040b936e7d;122688.22;0.00878;BUY;;1869173749;;,1858642
20251004,BITGET,BTCUSDT,v6,/Users/ygorfrancisco/Desktop/acd-monitor/data_v7/canonical/20251004/E-BITGET/BTCUSDT.csv.gz,8000221,d75aee1ca4cae743fd9db97694f00615c7ae385581c7422e1da11913e64bf6c5,time_exchange;time_coinapi;guid;price;base_amount;taker_side;id_exch_guid;id_exch_int_inc;order_id_maker;order_id_taker,2025-10-04T23:59:56.3040000;2025-10-04T23:59:56.4349217;f8cde482-fc17-42c7-baa9-dc56420ac0b8;122408.08;0.001667;BUY;;;;,146022
20251004,BYBITSPOT,BTCUSDT,v6,/Users/ygorfrancisco/Desktop/acd-monitor/data_v7/canonical/20251004/E-BYBITSPOT/BTCUSDT.csv.gz,16861956,fa9e2a09c310d2e9f8f9c1a0ac188cfde80efa084b2e32187483eac0babab744,time_exchange;time_coinapi;guid;price;base_amount;taker_side;id_exch_guid;id_exch_int_inc;order_id_maker;order_id_taker,2025-10-04T23:59:58.5540000;2025-10-04T23:59:58.5930504;e958860c-331a-43f7-943a-b7f3b2e450c9;122397.8;0.000008;BUY;;;;,359296
20251004,COINBASE,BTCUSDT,v6,/Users/ygorfrancisco/Desktop/acd-monitor/data_v7/canonical/20251004/E-COINBASE/BTCUSDT.csv.gz,24775365,3f43facb254ac56d12593e62087f663572fe4b52d8e888820fa1e81c0815270f,time_exchange;time_coinapi;guid;price;base_amount;taker_side;id_exch_guid;id_exch_int_inc;order_id_maker;order_id_taker,2025-10-04T23:59:59.8841530;2025-10-04T23:59:59.9797465;c27cfe58-e582-41fb-9024-abd564edfcea;122458.56;0.00085212;BUY;;881562787;367f305e-06c0-40c8-bf2f-5d5fd2ca7a10;87d8f1de-bb5f-4512-a61d-acbde07a4557,239016
20251005,BINANCE,BTCUSDT,v6,/Users/ygorfrancisco/Desktop/acd-monitor/data_v7/canonical/20251005/E-BINANCE/BTCUSDT.csv.gz,181762530,d34524d66e90c4ba3dd874ed60b635d6ee4ed425b93ea67d43eb5d17869b9aab,time_exchange;time_coinapi;guid;price;base_amount;taker_side;id_exch_guid;id_exch_int_inc;order_id_maker;order_id_taker,2025-10-05T23:59:59.9770000;2025-10-05T23:59:59.9794867;d1cf63f2-26a0-4173-aca4-64b77a57409b;123482.31;0.00705;SELL;;5286581096;;,3690671
20251005,BITGET,BTCUSDT,v6,/Users/ygorfrancisco/Desktop/acd-monitor/data_v7/canonical/20251005/E-BITGET/BTCUSDT.csv.gz,19591185,6e2d7a0462de18af183db401d39b6017116eb45d4fda1380e0205301c502f8c4,time_exchange;time_coinapi;guid;price;base_amount;taker_side;id_exch_guid;id_exch_int_inc;order_id_maker;order_id_taker,2025-10-05T23:59:59.2510000;2025-10-05T23:59:59.3796006;3b7771d9-91e2-4efd-9bc7-e6b749e82c11;123478.96;0.000044;BUY;;;;,363684
20251005,BYBITSPOT,BTCUSDT,v6,/Users/ygorfrancisco/Desktop/acd-monitor/data_v7/canonical/20251005/E-BYBITSPOT/BTCUSDT.csv.gz,35804863,3c756ca9426f01f21265cb31e87acae2264456a404d444f37c89298c0af054a4,time_exchange;time_coinapi;guid;price;base_amount;taker_side;id_exch_guid;id_exch_int_inc;order_id_maker;order_id_taker,2025-10-05T23:59:59.7790000;2025-10-05T23:59:59.8168592;6d71bbb1-5951-4c30-ad7e-53f2d06ce560;123496.8;0.008757;SELL;;;;,767582
20251005,COINBASE,BTCUSDT,v6,/Users/ygorfrancisco/Desktop/acd-monitor/data_v7/canonical/20251005/E-COINBASE/BTCUSDT.csv.gz,35514359,56a46d9fa5ab3ee75c62de31bafb14de7c978085b383b3c48825aa9055088146,time_exchange;time_coinapi;guid;price;base_amount;taker_side;id_exch_guid;id_exch_int_inc;order_id_maker;order_id_taker,2025-10-05T23:59:58.8767930;2025-10-05T23:59:58.9661027;a963ddeb-ab3a-4efb-97a4-0b219c9d7e2f;123520.79;0.00000556;SELL;;881904045;9843c0b7-b901-4d56-9d39-9d835e014cd8;baf8c443-44e6-4a6a-814a-7e2bf51bfedc,341256
20251006,BINANCE,BTCUSDT,v6,/Users/ygorfrancisco/Desktop/acd-monitor/data_v7/canonical/20251006/E-BINANCE/BTCUSDT.csv.gz,205788441,522e193808f83ef125bae721908c3da5ef251a74746262edafa5de05530755e5,time_exchange;time_coinapi;guid;price;base_amount;taker_side;id_exch_guid;id_exch_int_inc;order_id_maker;order_id_taker,2025-10-06T23:59:59.9380000;2025-10-06T23:59:59.9431670;dd159a53-6893-4935-8b90-ffb835128061;124658.54;0.00111;BUY;;5290787263;;,4206168
20251006,BITGET,BTCUSDT,v6,/Users/ygorfrancisco/Desktop/acd-monitor/data_v7/canonical/20251006/E-BITGET/BTCUSDT.csv.gz,12521952,c868628bc65e71907a410bf46a4e656e83c6e612ea993a01afa9167d692adf8f,time_exchange;time_coinapi;guid;price;base_amount;taker_side;id_exch_guid;id_exch_int_inc;order_id_maker;order_id_taker,2025-10-06T23:59:59.9490000;2025-10-07T00:00:00.0792638;485f8946-24db-488d-9377-23f945e15a5e;124670.54;0.000404;BUY;;;;,236417
20251006,BYBITSPOT,BTCUSDT,v6,/Users/ygorfrancisco/Desktop/acd-monitor/data_v7/canonical/20251006/E-BYBITSPOT/BTCUSDT.csv.gz,39413782,d8d9d1f889d1fc9f2d05b1ba5eeda86606a6b61d1d483af9c2287a38871d25d1,time_exchange;time_coinapi;guid;price;base_amount;taker_side;id_exch_guid;id_exch_int_inc;order_id_maker;order_id_taker,2025-10-06T23:59:59.9770000;2025-10-07T00:00:00.0155471;a5cb665d-6dc1-4c79-94c6-043150ec0e03;124662.3;0.001;SELL;;;;,852755
20251006,COINBASE,BTCUSDT,v6,/Users/ygorfrancisco/Desktop/acd-monitor/data_v7/canonical/20251006/E-COINBASE/BTCUSDT.csv.gz,46580849,b2bcaf43a77e420f11e8c6783b06a1fdf1e905b617ec8ede14d6b6d57e8a4288,time_exchange;time_coinapi;guid;price;base_amount;taker_side;id_exch_guid;id_exch_int_inc;order_id_maker;order_id_taker,2025-10-06T23:59:59.9905710;2025-10-07T00:00:00.0861244;573be6f7-0a95-423d-a966-21c47404aa06;124720.09;0.24053863;BUY;;882353113;0dfe66ee-fdbd-4845-98ec-82b4c681d02f;57d44fab-4df2-4609-a7e4-52c32d2c952c,449050
20251007,BINANCE,BTCUSDT,v6,/Users/ygorfrancisco/Desktop/acd-monitor/data_v7/canonical/20251007/E-BINANCE/BTCUSDT.csv.gz,215354920,a698e58ebd16a4d422c170dc4fae00b42b41d6d5592c6ceb017274a14fae4e24,time_exchange;time_coinapi;guid;price;base_amount;taker_side;id_exch_guid;id_exch_int_inc;order_id_maker;order_id_taker,2025-10-07T23:59:58.9930000;2025-10-07T23:59:58.9964538;1ba2685e-a508-4d56-9e17-fa83bfae1b58;121332.95;0.00872;SELL;;5295178048;;,4390786
20251007,BITGET,BTCUSDT,v6,/Users/ygorfrancisco/Desktop/acd-monitor/data_v7/canonical/20251007/E-BITGET/BTCUSDT.csv.gz,18657261,62f4059ef1b07539dcb710d1af1b5f9f8ee757218bdef064bd0e7a5aa19916a7,time_exchange;time_coinapi;guid;price;base_amount;taker_side;id_exch_guid;id_exch_int_inc;order_id_maker;order_id_taker,2025-10-07T23:59:55.5160000;2025-10-07T23:59:55.6439097;2b01ca6b-6ce4-4a59-b93c-10aff4492fde;121338.02;0.000091;BUY;;;;,351464
20251007,BYBITSPOT,BTCUSDT,v6,/Users/ygorfrancisco/Desktop/acd-monitor/data_v7/canonical/20251007/E-BYBITSPOT/BTCUSDT.csv.gz,44140246,5449148194b03b5948a7b937395652f160fab30507733d83b5a0550331e31ee0,time_exchange;time_coinapi;guid;price;base_amount;taker_side;id_exch_guid;id_exch_int_inc;order_id_maker;order_id_taker,2025-10-07T23:59:59.9060000;2025-10-07T23:59:59.9446645;806df8bc-d4a0-4438-88e6-6ad5e4d9d660;121344.8;0.005193;SELL;;;;,942341
20251007,COINBASE,BTCUSDT,v6,/Users/ygorfrancisco/Desktop/acd-monitor/data_v7/canonical/20251007/E-COINBASE/BTCUSDT.csv.gz,49420965,f0663c1e3b22745108295d5ba69a9d83ae8cc9c470105d1df526ff91d7e180e4,time_exchange;time_coinapi;guid;price;base_amount;taker_side;id_exch_guid;id_exch_int_inc;order_id_maker;order_id_taker,2025-10-07T23:59:59.3068110;2025-10-07T23:59:59.3904884;61aefac7-2db2-468e-861d-2fb157bc400f;121393.95;0.00082644;SELL;;882831102;adbb5d3f-1736-47ce-b556-b887f7c690ee;9fcc671d-b7b0-4f0d-a613-94e724f338b3,477964
20251008,BINANCE,BTCUSDT,v6,/Users/ygorfrancisco/Desktop/acd-monitor/data_v7/canonical/20251008/E-BINANCE/BTCUSDT.csv.gz,203834892,0361f64fd4b4892b6b2034028d99e52c6be25d2693b62c73c6f41ea05291d6d2,time_exchange;time_coinapi;guid;price;base_amount;taker_side;id_exch_guid;id_exch_int_inc;order_id_maker;order_id_taker,2025-10-08T23:59:59.5640000;2025-10-08T23:59:59.5669292;cf06ed84-186c-47a4-b33f-c51e966481f8;123306;0.00026;SELL;;5299363045;;,4184998
20251008,BITGET,BTCUSDT,v6,/Users/ygorfrancisco/Desktop/acd-monitor/data_v7/canonical/20251008/E-BITGET/BTCUSDT.csv.gz,11650222,7da892b66d820fcb9dd629a6e7b4b5fc084749684849f46fb4381ecf4f68bc58,time_exchange;time_coinapi;guid;price;base_amount;taker_side;id_exch_guid;id_exch_int_inc;order_id_maker;order_id_taker,2025-10-08T23:59:59.5790000;2025-10-08T23:59:59.7113843;964c653b-4ac1-4314-b1ed-b2c6ead8faf4;123309.42;0.00309;BUY;;;;,224238
20251008,BYBITSPOT,BTCUSDT,v6,/Users/ygorfrancisco/Desktop/acd-monitor/data_v7/canonical/20251008/E-BYBITSPOT/BTCUSDT.csv.gz,39252226,27d367cf905e3a30cde05a0083beb26c5313f1f42e7d55fa3e4bd45a7184ed46,time_exchange;time_coinapi;guid;price;base_amount;taker_side;id_exch_guid;id_exch_int_inc;order_id_maker;order_id_taker,2025-10-08T23:59:59.4280000;2025-10-08T23:59:59.4669159;92ca25bb-dca4-4c59-bae3-f9dc16b035be;123303.2;0.0038;SELL;;;;,843458
20251008,COINBASE,BTCUSDT,v6,/Users/ygorfrancisco/Desktop/acd-monitor/data_v7/canonical/20251008/E-COINBASE/BTCUSDT.csv.gz,39551095,a226cf948fdc6febe287a9d303f7c860d295282229b7391f358e0296e0df54b3,time_exchange;time_coinapi;guid;price;base_amount;taker_side;id_exch_guid;id_exch_int_inc;order_id_maker;order_id_taker,2025-10-08T23:59:59.7576540;2025-10-08T23:59:59.8565574;779790c4-4335-4ed4-a52c-d4b8e55879f1;123343.25;0.00003821;BUY;;883207483;3d24f771-c95f-4083-9531-29106f0293fc;21fabd0e-8016-4844-80be-0fa028f12b73,375822
20251009,BINANCE,BTCUSDT,v6,/Users/ygorfrancisco/Desktop/acd-monitor/data_v7/canonical/20251009/E-BINANCE/BTCUSDT.csv.gz,207982691,b0ab685087f28de1cc9e2f58b3f8ecf66eb13fd21e386126c345cfa8e7aa1bca,time_exchange;time_coinapi;guid;price;base_amount;taker_side;id_exch_guid;id_exch_int_inc;order_id_maker;order_id_taker,2025-10-09T23:59:59.5910000;2025-10-09T23:59:59.5935417;035151c3-6497-4bbd-a857-581a071832de;121662.4;0.0003;SELL;;5303594212;;,4231168
20251009,BITGET,BTCUSDT,v6,/Users/ygorfrancisco/Desktop/acd-monitor/data_v7/canonical/20251009/E-BITGET/BTCUSDT.csv.gz,12539193,450d6373ed80e9168631dbcfebd9f6eb197efcffc9ffb7d3da49acb549bd362d,time_exchange;time_coinapi;guid;price;base_amount;taker_side;id_exch_guid;id_exch_int_inc;order_id_maker;order_id_taker,2025-10-09T23:59:58.1210000;2025-10-09T23:59:58.2510647;cc0f2e7e-ee96-4a02-b625-786b4229a1f9;121643.02;0.000822;BUY;;;;,243505
20251009,BYBITSPOT,BTCUSDT,v6,/Users/ygorfrancisco/Desktop/acd-monitor/data_v7/canonical/20251009/E-BYBITSPOT/BTCUSDT.csv.gz,38835346,b2390ab3ae119583f1874b74d7a36f5bb12601f5d1ee1356d487b60c3fedbc08,time_exchange;time_coinapi;guid;price;base_amount;taker_side;id_exch_guid;id_exch_int_inc;order_id_maker;order_id_taker,2025-10-09T23:59:49.9240000;2025-10-09T23:59:49.9629800;bbb746b5-d61b-458a-92e3-f986270c22b4;121653.6;0.000008;BUY;;;;,835121
20251009,COINBASE,BTCUSDT,v6,/Users/ygorfrancisco/Desktop/acd-monitor/data_v7/canonical/20251009/E-COINBASE/BTCUSDT.csv.gz,40889219,6534920b41d56601dce087ce542e0dae928ec46792688c1724fb784403c5afa8,time_exchange;time_coinapi;guid;price;base_amount;taker_side;id_exch_guid;id_exch_int_inc;order_id_maker;order_id_taker,2025-10-09T23:59:59.9279460;2025-10-10T00:00:00.0277759;71e42c1e-6717-4d40-83c5-3aa7dd5f905e;121714.51;0.00016368;BUY;;883595777;1fb48005-8333-4a25-aa8e-fbf4c63477b2;0f0a9954-08fc-4f17-8f26-1880f5858490,388273
20251010,BINANCE,BTCUSDT,v6,/Users/ygorfrancisco/Desktop/acd-monitor/data_v7/canonical/20251010/E-BINANCE/BTCUSDT.csv.gz,554961477,41e4ea5a71137a0d1bbbe1a8eb06c00369574eb041f5016386feb29352d2e62d,time_exchange;time_coinapi;guid;price;base_amount;taker_side;id_exch_guid;id_exch_int_inc;order_id_maker;order_id_taker,2025-10-10T23:59:59.9100000;2025-10-10T23:59:59.9129297;3f6f4dbb-547f-4bb5-bb82-9a925e192fcd;112774.5;0.00077;BUY;;5314998733;;,11079047
20251010,BITGET,BTCUSDT,v6,/Users/ygorfrancisco/Desktop/acd-monitor/data_v7/canonical/20251010/E-BITGET/BTCUSDT.csv.gz,34480526,8629d5599d1add6a21276a6a886920d044ba2a27bf39979ae51c0e7ac6add0d1,time_exchange;time_coinapi;guid;price;base_amount;taker_side;id_exch_guid;id_exch_int_inc;order_id_maker;order_id_taker,2025-10-10T23:59:59.5140000;2025-10-10T23:59:59.6452167;5eab1828-7e8c-41b0-af8d-1fc551e02323;112819;0.000117;BUY;;;;,691994
20251010,BYBITSPOT,BTCUSDT,v6,/Users/ygorfrancisco/Desktop/acd-monitor/data_v7/canonical/20251010/E-BYBITSPOT/BTCUSDT.csv.gz,107699358,2ea7c66761c1b92d509d9b724ed6ac711238060d05527b34c4e1dac32f8d9e53,time_exchange;time_coinapi;guid;price;base_amount;taker_side;id_exch_guid;id_exch_int_inc;order_id_maker;order_id_taker,2025-10-10T23:59:59.6330000;2025-10-10T23:59:59.6734499;5109659b-398e-49b3-8fa9-bc9c3adaca91;112738.6;0.014514;BUY;;;;,2299007
20251010,COINBASE,BTCUSDT,v6,/Users/ygorfrancisco/Desktop/acd-monitor/data_v7/canonical/20251010/E-COINBASE/BTCUSDT.csv.gz,96364340,eeb32a98c82edefd251dd3cd4506fb091bc2c7dcb39ab1136c35788905a0f1d1,time_exchange;time_coinapi;guid;price;base_amount;taker_side;id_exch_guid;id_exch_int_inc;order_id_maker;order_id_taker,2025-10-10T23:59:58.7385800;2025-10-10T23:59:58.8324739;38812ffb-2787-4134-9596-a8b56cd64932;112986.69;0.03915854;BUY;;884514925;4ab513e1-862f-47e4-a5e6-e04ef4bb9baa;2cf57595-8f31-4073-9851-823a6b4bc017,918857
23528582,BITGET,BTCUSDT,v7,/Users/ygorfrancisco/Desktop/acd-monitor/data_v7/canonical/23528582/E-BITGET/BTCUSDT.csv.gz,4493073,ac00eecbece31c613a9fb151f2016d88f9b7d8a2feccc4e111ac815b8038cf34,time_exchange;time_coinapi;guid;price;base_amount;taker_side;id_exch_guid;id_exch_int_inc;order_id_maker;order_id_taker,2025-07-20T23:59:59.2750000;2025-07-20T23:59:59.4095498;f29bade2-9494-447f-bc69-a686381c724c;117273;0.000011;SELL;;;;,117606
39450946,BYBITSPOT,BTCUSDT,v7,/Users/ygorfrancisco/Desktop/acd-monitor/data_v7/canonical/39450946/E-BYBITSPOT/BTCUSDT.csv.gz,1611173,e4f2361ffa1f16fa67e1ee88454c4c391ac4a06e09eba30d6641daaf4b728ba1,time_exchange;time_coinapi;guid;price;base_amount;taker_side;id_exch_guid;id_exch_int_inc;order_id_maker;order_id_taker,2025-07-11T23:59:51.9750000;2025-07-11T23:57:13.1234396;8bf24b56-fe19-410a-8d5a-c49110ab260b;0.03985;481.3;BUY;;;;,40597
20250913,BINANCE,BTCUSDT,v7,/Users/ygorfrancisco/Desktop/acd-monitor/data_v7/canonical/20250913/E-BINANCE/BTCUSDT.csv.gz,105909246,816ad115c357813233cfdf5e8780a88238fe8143bc66b5e6eac53ae6bef01d1e,time_exchange;time_coinapi;guid;price;base_amount;taker_side;id_exch_guid;id_exch_int_inc;order_id_maker;order_id_taker,2025-09-13T23:59:59.3240000;2025-09-13T23:59:59.3307854;b39d5f12-0202-4376-83af-b3779b92ee2e;116124.27;0.00005;BUY;;1813420876;;,1849506
20250920,BINANCE,BTCUSDT,v7,/Users/ygorfrancisco/Desktop/acd-monitor/data_v7/canonical/20250920/E-BINANCE/BTCUSDT.csv.gz,93791300,c475d7de0bbd00e2335cf2f522e01f423d29e6246b1ef12edfe32baccce52522,time_exchange;time_coinapi;guid;price;base_amount;taker_side;id_exch_guid;id_exch_int_inc;order_id_maker;order_id_taker,2025-09-20T23:59:59.9580000;2025-09-20T23:59:59.9605797;13d9e755-7c49-409c-8715-2fb686d93b69;115977.32;0.00009;SELL;;1830625575;;,1651612
20250921,BINANCE,BTCUSDT,v7,/Users/ygorfrancisco/Desktop/acd-monitor/data_v7/canonical/20250921/E-BINANCE/BTCUSDT.csv.gz,88254072,2d4ffd40b095b83a7c5817b859dd04351cac9acec9fcd23deba7b503e6a04528,time_exchange;time_coinapi;guid;price;base_amount;taker_side;id_exch_guid;id_exch_int_inc;order_id_maker;order_id_taker,2025-09-21T23:59:59.6740000;2025-09-21T23:59:59.6802673;e1c763b9-4863-4221-a185-21531e148ddc;115532.45;0.00005;SELL;;1832705039;;,2079465
