edge,tsi,significant_windows,total_windows,n_obs,environment,day,frequency
BINANCE->COINBASE,0.6143106457242583,352,573,17236,Full,2025-09-01,1S
BINANCE->BYBITSPOT,0.22300884955752212,126,565,16696,Full,2025-09-01,1S
BINANCE->BITGET,0.22123893805309736,125,565,16714,Full,2025-09-01,1S
COINBASE->BINANCE,0.2073170731707317,119,574,17265,Full,2025-09-01,1S
COINBASE->BYBITSPOT,0.24778761061946902,140,565,16688,Full,2025-09-01,1S
COINBASE->BITGET,0.22300884955752212,126,565,16707,Full,2025-09-01,1S
BYBITSPOT->BINANCE,0.21428571428571427,123,574,16696,Full,2025-09-01,1S
BYBITSPOT->COINBASE,0.20034843205574912,115,574,16688,Full,2025-09-01,1S
BYBITSPOT->BITGET,0.24041811846689895,138,574,16432,Full,2025-09-01,1S
BITGET->BINANCE,0.20905923344947736,120,574,16714,Full,2025-09-01,1S
BITGET->COINBASE,0.20209059233449478,116,574,16707,Full,2025-09-01,1S
BITGET->BYBITSPOT,0.22822299651567945,131,574,16432,Full,2025-09-01,1S
BINANCE->COINBASE,0.5854545454545454,161,275,6190,Vol_Low,2025-09-01,1S
BINANCE->BYBITSPOT,0.26022304832713755,70,269,6103,Vol_Low,2025-09-01,1S
BINANCE->BITGET,0.24719101123595505,66,267,5995,Vol_Low,2025-09-01,1S
COINBASE->BINANCE,0.2375886524822695,67,282,6220,Vol_Low,2025-09-01,1S
COINBASE->BYBITSPOT,0.32894736842105265,75,228,4770,Vol_Low,2025-09-01,1S
COINBASE->BITGET,0.2981651376146789,65,218,4676,Vol_Low,2025-09-01,1S
BYBITSPOT->BINANCE,0.29856115107913667,83,278,6102,Vol_Low,2025-09-01,1S
BYBITSPOT->COINBASE,0.23684210526315788,54,228,4774,Vol_Low,2025-09-01,1S
BYBITSPOT->BITGET,0.2607003891050584,67,257,5730,Vol_Low,2025-09-01,1S
BITGET->BINANCE,0.24727272727272728,68,275,5993,Vol_Low,2025-09-01,1S
BITGET->COINBASE,0.18636363636363637,41,220,4691,Vol_Low,2025-09-01,1S
BITGET->BYBITSPOT,0.2471042471042471,64,259,5748,Vol_Low,2025-09-01,1S
BINANCE->COINBASE,0.5345911949685535,170,318,5251,Vol_Med,2025-09-01,1S
BINANCE->BYBITSPOT,0.3079470198675497,93,302,5581,Vol_Med,2025-09-01,1S
BINANCE->BITGET,0.3242320819112628,95,293,5764,Vol_Med,2025-09-01,1S
COINBASE->BINANCE,0.2884012539184953,92,319,5250,Vol_Med,2025-09-01,1S
COINBASE->BYBITSPOT,0.26198083067092653,82,313,5789,Vol_Med,2025-09-01,1S
COINBASE->BITGET,0.32781456953642385,99,302,5831,Vol_Med,2025-09-01,1S
BYBITSPOT->BINANCE,0.3656957928802589,113,309,5582,Vol_Med,2025-09-01,1S
BYBITSPOT->COINBASE,0.23174603174603176,73,315,5785,Vol_Med,2025-09-01,1S
BYBITSPOT->BITGET,0.2901023890784983,85,293,5297,Vol_Med,2025-09-01,1S
BITGET->BINANCE,0.28668941979522183,84,293,5766,Vol_Med,2025-09-01,1S
BITGET->COINBASE,0.24342105263157895,74,304,5816,Vol_Med,2025-09-01,1S
BITGET->BYBITSPOT,0.23875432525951557,69,289,5279,Vol_Med,2025-09-01,1S
BINANCE->COINBASE,0.569811320754717,151,265,5795,Vol_High,2025-09-01,1S
BINANCE->BYBITSPOT,0.3438914027149321,76,221,5012,Vol_High,2025-09-01,1S
BINANCE->BITGET,0.26244343891402716,58,221,4955,Vol_High,2025-09-01,1S
COINBASE->BINANCE,0.2765151515151515,73,264,5795,Vol_High,2025-09-01,1S
COINBASE->BYBITSPOT,0.28294573643410853,73,258,6129,Vol_High,2025-09-01,1S
COINBASE->BITGET,0.26053639846743293,68,261,6200,Vol_High,2025-09-01,1S
BYBITSPOT->BINANCE,0.2311111111111111,52,225,5012,Vol_High,2025-09-01,1S
BYBITSPOT->COINBASE,0.24621212121212122,65,264,6129,Vol_High,2025-09-01,1S
BYBITSPOT->BITGET,0.34156378600823045,83,243,5405,Vol_High,2025-09-01,1S
BITGET->BINANCE,0.2863636363636364,63,220,4955,Vol_High,2025-09-01,1S
BITGET->COINBASE,0.2518796992481203,67,266,6200,Vol_High,2025-09-01,1S
BITGET->BYBITSPOT,0.31275720164609055,76,243,5405,Vol_High,2025-09-01,1S
BINANCE->COINBASE,0.7975567190226877,457,573,10883,Wash_Low,2025-09-01,1S
BINANCE->BYBITSPOT,0.31382978723404253,177,564,10861,Wash_Low,2025-09-01,1S
BINANCE->BITGET,0.27964601769911507,158,565,10726,Wash_Low,2025-09-01,1S
COINBASE->BINANCE,0.4930313588850174,283,574,10897,Wash_Low,2025-09-01,1S
COINBASE->BYBITSPOT,0.30973451327433627,175,565,11411,Wash_Low,2025-09-01,1S
COINBASE->BITGET,0.30973451327433627,175,565,11274,Wash_Low,2025-09-01,1S
BYBITSPOT->BINANCE,0.2700348432055749,155,574,10861,Wash_Low,2025-09-01,1S
BYBITSPOT->COINBASE,0.24390243902439024,140,574,11411,Wash_Low,2025-09-01,1S
BYBITSPOT->BITGET,0.2961672473867596,170,574,10806,Wash_Low,2025-09-01,1S
BITGET->BINANCE,0.28222996515679444,162,574,10726,Wash_Low,2025-09-01,1S
BITGET->COINBASE,0.2578397212543554,148,574,11274,Wash_Low,2025-09-01,1S
BITGET->BYBITSPOT,0.2961672473867596,170,574,10806,Wash_Low,2025-09-01,1S
BINANCE->COINBASE,0.8780918727915195,497,566,6353,Wash_High,2025-09-01,1S
BINANCE->BYBITSPOT,0.7971274685816876,444,557,5835,Wash_High,2025-09-01,1S
BINANCE->BITGET,0.7907801418439716,446,564,5988,Wash_High,2025-09-01,1S
COINBASE->BINANCE,0.9312169312169312,528,567,6368,Wash_High,2025-09-01,1S
COINBASE->BYBITSPOT,0.9293478260869565,513,552,5277,Wash_High,2025-09-01,1S
COINBASE->BITGET,0.9243243243243243,513,555,5433,Wash_High,2025-09-01,1S
BYBITSPOT->BINANCE,0.851063829787234,480,564,5835,Wash_High,2025-09-01,1S
BYBITSPOT->COINBASE,0.851063829787234,480,564,5277,Wash_High,2025-09-01,1S
BYBITSPOT->BITGET,0.8650088809946714,487,563,5626,Wash_High,2025-09-01,1S
BITGET->BINANCE,0.8126094570928196,464,571,5988,Wash_High,2025-09-01,1S
BITGET->COINBASE,0.8333333333333334,470,564,5433,Wash_High,2025-09-01,1S
BITGET->BYBITSPOT,0.813953488372093,455,559,5626,Wash_High,2025-09-01,1S
BINANCE->COINBASE,0.6143106457242583,352,573,17236,Full,2025-09-01,2S
BINANCE->BYBITSPOT,0.22300884955752212,126,565,16696,Full,2025-09-01,2S
BINANCE->BITGET,0.22123893805309736,125,565,16714,Full,2025-09-01,2S
COINBASE->BINANCE,0.2073170731707317,119,574,17265,Full,2025-09-01,2S
COINBASE->BYBITSPOT,0.24778761061946902,140,565,16688,Full,2025-09-01,2S
COINBASE->BITGET,0.22300884955752212,126,565,16707,Full,2025-09-01,2S
BYBITSPOT->BINANCE,0.21428571428571427,123,574,16696,Full,2025-09-01,2S
BYBITSPOT->COINBASE,0.20034843205574912,115,574,16688,Full,2025-09-01,2S
BYBITSPOT->BITGET,0.24041811846689895,138,574,16432,Full,2025-09-01,2S
BITGET->BINANCE,0.20905923344947736,120,574,16714,Full,2025-09-01,2S
BITGET->COINBASE,0.20209059233449478,116,574,16707,Full,2025-09-01,2S
BITGET->BYBITSPOT,0.22822299651567945,131,574,16432,Full,2025-09-01,2S
BINANCE->COINBASE,0.5854545454545454,161,275,6190,Vol_Low,2025-09-01,2S
BINANCE->BYBITSPOT,0.26022304832713755,70,269,6103,Vol_Low,2025-09-01,2S
BINANCE->BITGET,0.24719101123595505,66,267,5995,Vol_Low,2025-09-01,2S
COINBASE->BINANCE,0.2375886524822695,67,282,6220,Vol_Low,2025-09-01,2S
COINBASE->BYBITSPOT,0.32894736842105265,75,228,4770,Vol_Low,2025-09-01,2S
COINBASE->BITGET,0.2981651376146789,65,218,4676,Vol_Low,2025-09-01,2S
BYBITSPOT->BINANCE,0.29856115107913667,83,278,6102,Vol_Low,2025-09-01,2S
BYBITSPOT->COINBASE,0.23684210526315788,54,228,4774,Vol_Low,2025-09-01,2S
BYBITSPOT->BITGET,0.2607003891050584,67,257,5730,Vol_Low,2025-09-01,2S
BITGET->BINANCE,0.24727272727272728,68,275,5993,Vol_Low,2025-09-01,2S
BITGET->COINBASE,0.18636363636363637,41,220,4691,Vol_Low,2025-09-01,2S
BITGET->BYBITSPOT,0.2471042471042471,64,259,5748,Vol_Low,2025-09-01,2S
BINANCE->COINBASE,0.5345911949685535,170,318,5251,Vol_Med,2025-09-01,2S
BINANCE->BYBITSPOT,0.3079470198675497,93,302,5581,Vol_Med,2025-09-01,2S
BINANCE->BITGET,0.3242320819112628,95,293,5764,Vol_Med,2025-09-01,2S
COINBASE->BINANCE,0.2884012539184953,92,319,5250,Vol_Med,2025-09-01,2S
COINBASE->BYBITSPOT,0.26198083067092653,82,313,5789,Vol_Med,2025-09-01,2S
COINBASE->BITGET,0.32781456953642385,99,302,5831,Vol_Med,2025-09-01,2S
BYBITSPOT->BINANCE,0.3656957928802589,113,309,5582,Vol_Med,2025-09-01,2S
BYBITSPOT->COINBASE,0.23174603174603176,73,315,5785,Vol_Med,2025-09-01,2S
BYBITSPOT->BITGET,0.2901023890784983,85,293,5297,Vol_Med,2025-09-01,2S
BITGET->BINANCE,0.28668941979522183,84,293,5766,Vol_Med,2025-09-01,2S
BITGET->COINBASE,0.24342105263157895,74,304,5816,Vol_Med,2025-09-01,2S
BITGET->BYBITSPOT,0.23875432525951557,69,289,5279,Vol_Med,2025-09-01,2S
BINANCE->COINBASE,0.569811320754717,151,265,5795,Vol_High,2025-09-01,2S
BINANCE->BYBITSPOT,0.3438914027149321,76,221,5012,Vol_High,2025-09-01,2S
BINANCE->BITGET,0.26244343891402716,58,221,4955,Vol_High,2025-09-01,2S
COINBASE->BINANCE,0.2765151515151515,73,264,5795,Vol_High,2025-09-01,2S
COINBASE->BYBITSPOT,0.28294573643410853,73,258,6129,Vol_High,2025-09-01,2S
COINBASE->BITGET,0.26053639846743293,68,261,6200,Vol_High,2025-09-01,2S
BYBITSPOT->BINANCE,0.2311111111111111,52,225,5012,Vol_High,2025-09-01,2S
BYBITSPOT->COINBASE,0.24621212121212122,65,264,6129,Vol_High,2025-09-01,2S
BYBITSPOT->BITGET,0.34156378600823045,83,243,5405,Vol_High,2025-09-01,2S
BITGET->BINANCE,0.2863636363636364,63,220,4955,Vol_High,2025-09-01,2S
BITGET->COINBASE,0.2518796992481203,67,266,6200,Vol_High,2025-09-01,2S
BITGET->BYBITSPOT,0.31275720164609055,76,243,5405,Vol_High,2025-09-01,2S
BINANCE->COINBASE,0.7975567190226877,457,573,10883,Wash_Low,2025-09-01,2S
BINANCE->BYBITSPOT,0.31382978723404253,177,564,10861,Wash_Low,2025-09-01,2S
BINANCE->BITGET,0.27964601769911507,158,565,10726,Wash_Low,2025-09-01,2S
COINBASE->BINANCE,0.4930313588850174,283,574,10897,Wash_Low,2025-09-01,2S
COINBASE->BYBITSPOT,0.30973451327433627,175,565,11411,Wash_Low,2025-09-01,2S
COINBASE->BITGET,0.30973451327433627,175,565,11274,Wash_Low,2025-09-01,2S
BYBITSPOT->BINANCE,0.2700348432055749,155,574,10861,Wash_Low,2025-09-01,2S
BYBITSPOT->COINBASE,0.24390243902439024,140,574,11411,Wash_Low,2025-09-01,2S
BYBITSPOT->BITGET,0.2961672473867596,170,574,10806,Wash_Low,2025-09-01,2S
BITGET->BINANCE,0.28222996515679444,162,574,10726,Wash_Low,2025-09-01,2S
BITGET->COINBASE,0.2578397212543554,148,574,11274,Wash_Low,2025-09-01,2S
BITGET->BYBITSPOT,0.2961672473867596,170,574,10806,Wash_Low,2025-09-01,2S
BINANCE->COINBASE,0.8780918727915195,497,566,6353,Wash_High,2025-09-01,2S
BINANCE->BYBITSPOT,0.7971274685816876,444,557,5835,Wash_High,2025-09-01,2S
BINANCE->BITGET,0.7907801418439716,446,564,5988,Wash_High,2025-09-01,2S
COINBASE->BINANCE,0.9312169312169312,528,567,6368,Wash_High,2025-09-01,2S
COINBASE->BYBITSPOT,0.9293478260869565,513,552,5277,Wash_High,2025-09-01,2S
COINBASE->BITGET,0.9243243243243243,513,555,5433,Wash_High,2025-09-01,2S
BYBITSPOT->BINANCE,0.851063829787234,480,564,5835,Wash_High,2025-09-01,2S
BYBITSPOT->COINBASE,0.851063829787234,480,564,5277,Wash_High,2025-09-01,2S
BYBITSPOT->BITGET,0.8650088809946714,487,563,5626,Wash_High,2025-09-01,2S
BITGET->BINANCE,0.8126094570928196,464,571,5988,Wash_High,2025-09-01,2S
BITGET->COINBASE,0.8333333333333334,470,564,5433,Wash_High,2025-09-01,2S
BITGET->BYBITSPOT,0.813953488372093,455,559,5626,Wash_High,2025-09-01,2S
BINANCE->COINBASE,0.6143106457242583,352,573,17236,Full,2025-09-01,5S
BINANCE->BYBITSPOT,0.22300884955752212,126,565,16696,Full,2025-09-01,5S
BINANCE->BITGET,0.22123893805309736,125,565,16714,Full,2025-09-01,5S
COINBASE->BINANCE,0.2073170731707317,119,574,17265,Full,2025-09-01,5S
COINBASE->BYBITSPOT,0.24778761061946902,140,565,16688,Full,2025-09-01,5S
COINBASE->BITGET,0.22300884955752212,126,565,16707,Full,2025-09-01,5S
BYBITSPOT->BINANCE,0.21428571428571427,123,574,16696,Full,2025-09-01,5S
BYBITSPOT->COINBASE,0.20034843205574912,115,574,16688,Full,2025-09-01,5S
BYBITSPOT->BITGET,0.24041811846689895,138,574,16432,Full,2025-09-01,5S
BITGET->BINANCE,0.20905923344947736,120,574,16714,Full,2025-09-01,5S
BITGET->COINBASE,0.20209059233449478,116,574,16707,Full,2025-09-01,5S
BITGET->BYBITSPOT,0.22822299651567945,131,574,16432,Full,2025-09-01,5S
BINANCE->COINBASE,0.5854545454545454,161,275,6190,Vol_Low,2025-09-01,5S
BINANCE->BYBITSPOT,0.26022304832713755,70,269,6103,Vol_Low,2025-09-01,5S
BINANCE->BITGET,0.24719101123595505,66,267,5995,Vol_Low,2025-09-01,5S
COINBASE->BINANCE,0.2375886524822695,67,282,6220,Vol_Low,2025-09-01,5S
COINBASE->BYBITSPOT,0.32894736842105265,75,228,4770,Vol_Low,2025-09-01,5S
COINBASE->BITGET,0.2981651376146789,65,218,4676,Vol_Low,2025-09-01,5S
BYBITSPOT->BINANCE,0.29856115107913667,83,278,6102,Vol_Low,2025-09-01,5S
BYBITSPOT->COINBASE,0.23684210526315788,54,228,4774,Vol_Low,2025-09-01,5S
BYBITSPOT->BITGET,0.2607003891050584,67,257,5730,Vol_Low,2025-09-01,5S
BITGET->BINANCE,0.24727272727272728,68,275,5993,Vol_Low,2025-09-01,5S
BITGET->COINBASE,0.18636363636363637,41,220,4691,Vol_Low,2025-09-01,5S
BITGET->BYBITSPOT,0.2471042471042471,64,259,5748,Vol_Low,2025-09-01,5S
BINANCE->COINBASE,0.5345911949685535,170,318,5251,Vol_Med,2025-09-01,5S
BINANCE->BYBITSPOT,0.3079470198675497,93,302,5581,Vol_Med,2025-09-01,5S
BINANCE->BITGET,0.3242320819112628,95,293,5764,Vol_Med,2025-09-01,5S
COINBASE->BINANCE,0.2884012539184953,92,319,5250,Vol_Med,2025-09-01,5S
COINBASE->BYBITSPOT,0.26198083067092653,82,313,5789,Vol_Med,2025-09-01,5S
COINBASE->BITGET,0.32781456953642385,99,302,5831,Vol_Med,2025-09-01,5S
BYBITSPOT->BINANCE,0.3656957928802589,113,309,5582,Vol_Med,2025-09-01,5S
BYBITSPOT->COINBASE,0.23174603174603176,73,315,5785,Vol_Med,2025-09-01,5S
BYBITSPOT->BITGET,0.2901023890784983,85,293,5297,Vol_Med,2025-09-01,5S
BITGET->BINANCE,0.28668941979522183,84,293,5766,Vol_Med,2025-09-01,5S
BITGET->COINBASE,0.24342105263157895,74,304,5816,Vol_Med,2025-09-01,5S
BITGET->BYBITSPOT,0.23875432525951557,69,289,5279,Vol_Med,2025-09-01,5S
BINANCE->COINBASE,0.569811320754717,151,265,5795,Vol_High,2025-09-01,5S
BINANCE->BYBITSPOT,0.3438914027149321,76,221,5012,Vol_High,2025-09-01,5S
BINANCE->BITGET,0.26244343891402716,58,221,4955,Vol_High,2025-09-01,5S
COINBASE->BINANCE,0.2765151515151515,73,264,5795,Vol_High,2025-09-01,5S
COINBASE->BYBITSPOT,0.28294573643410853,73,258,6129,Vol_High,2025-09-01,5S
COINBASE->BITGET,0.26053639846743293,68,261,6200,Vol_High,2025-09-01,5S
BYBITSPOT->BINANCE,0.2311111111111111,52,225,5012,Vol_High,2025-09-01,5S
BYBITSPOT->COINBASE,0.24621212121212122,65,264,6129,Vol_High,2025-09-01,5S
BYBITSPOT->BITGET,0.34156378600823045,83,243,5405,Vol_High,2025-09-01,5S
BITGET->BINANCE,0.2863636363636364,63,220,4955,Vol_High,2025-09-01,5S
BITGET->COINBASE,0.2518796992481203,67,266,6200,Vol_High,2025-09-01,5S
BITGET->BYBITSPOT,0.31275720164609055,76,243,5405,Vol_High,2025-09-01,5S
BINANCE->COINBASE,0.7975567190226877,457,573,10883,Wash_Low,2025-09-01,5S
BINANCE->BYBITSPOT,0.31382978723404253,177,564,10861,Wash_Low,2025-09-01,5S
BINANCE->BITGET,0.27964601769911507,158,565,10726,Wash_Low,2025-09-01,5S
COINBASE->BINANCE,0.4930313588850174,283,574,10897,Wash_Low,2025-09-01,5S
COINBASE->BYBITSPOT,0.30973451327433627,175,565,11411,Wash_Low,2025-09-01,5S
COINBASE->BITGET,0.30973451327433627,175,565,11274,Wash_Low,2025-09-01,5S
BYBITSPOT->BINANCE,0.2700348432055749,155,574,10861,Wash_Low,2025-09-01,5S
BYBITSPOT->COINBASE,0.24390243902439024,140,574,11411,Wash_Low,2025-09-01,5S
BYBITSPOT->BITGET,0.2961672473867596,170,574,10806,Wash_Low,2025-09-01,5S
BITGET->BINANCE,0.28222996515679444,162,574,10726,Wash_Low,2025-09-01,5S
BITGET->COINBASE,0.2578397212543554,148,574,11274,Wash_Low,2025-09-01,5S
BITGET->BYBITSPOT,0.2961672473867596,170,574,10806,Wash_Low,2025-09-01,5S
BINANCE->COINBASE,0.8780918727915195,497,566,6353,Wash_High,2025-09-01,5S
BINANCE->BYBITSPOT,0.7971274685816876,444,557,5835,Wash_High,2025-09-01,5S
BINANCE->BITGET,0.7907801418439716,446,564,5988,Wash_High,2025-09-01,5S
COINBASE->BINANCE,0.9312169312169312,528,567,6368,Wash_High,2025-09-01,5S
COINBASE->BYBITSPOT,0.9293478260869565,513,552,5277,Wash_High,2025-09-01,5S
COINBASE->BITGET,0.9243243243243243,513,555,5433,Wash_High,2025-09-01,5S
BYBITSPOT->BINANCE,0.851063829787234,480,564,5835,Wash_High,2025-09-01,5S
BYBITSPOT->COINBASE,0.851063829787234,480,564,5277,Wash_High,2025-09-01,5S
BYBITSPOT->BITGET,0.8650088809946714,487,563,5626,Wash_High,2025-09-01,5S
BITGET->BINANCE,0.8126094570928196,464,571,5988,Wash_High,2025-09-01,5S
BITGET->COINBASE,0.8333333333333334,470,564,5433,Wash_High,2025-09-01,5S
BITGET->BYBITSPOT,0.813953488372093,455,559,5626,Wash_High,2025-09-01,5S
BINANCE->COINBASE,0.387434554973822,222,573,8622,Full,2025-09-01,10S
BINANCE->BYBITSPOT,0.26194690265486725,148,565,8488,Full,2025-09-01,10S
BINANCE->BITGET,0.26017699115044246,147,565,8476,Full,2025-09-01,10S
COINBASE->BINANCE,0.28222996515679444,162,574,8639,Full,2025-09-01,10S
COINBASE->BYBITSPOT,0.2867256637168142,162,565,8491,Full,2025-09-01,10S
COINBASE->BITGET,0.30265486725663715,171,565,8479,Full,2025-09-01,10S
BYBITSPOT->BINANCE,0.30313588850174217,174,574,8623,Full,2025-09-01,10S
BYBITSPOT->COINBASE,0.259581881533101,149,574,8622,Full,2025-09-01,10S
BYBITSPOT->BITGET,0.34668989547038326,199,574,8586,Full,2025-09-01,10S
BITGET->BINANCE,0.29094076655052264,167,574,8587,Full,2025-09-01,10S
BITGET->COINBASE,0.2456445993031359,141,574,8587,Full,2025-09-01,10S
BITGET->BYBITSPOT,0.2665505226480836,153,574,8552,Full,2025-09-01,10S
BINANCE->COINBASE,0.3684210526315789,91,247,3067,Vol_Low,2025-09-01,10S
BINANCE->BYBITSPOT,0.24680851063829787,58,235,3089,Vol_Low,2025-09-01,10S
BINANCE->BITGET,0.24568965517241378,57,232,3033,Vol_Low,2025-09-01,10S
COINBASE->BINANCE,0.3183673469387755,78,245,3083,Vol_Low,2025-09-01,10S
COINBASE->BYBITSPOT,0.34574468085106386,65,188,2412,Vol_Low,2025-09-01,10S
COINBASE->BITGET,0.36666666666666664,66,180,2360,Vol_Low,2025-09-01,10S
BYBITSPOT->BINANCE,0.3148936170212766,74,235,3162,Vol_Low,2025-09-01,10S
BYBITSPOT->COINBASE,0.3193717277486911,61,191,2470,Vol_Low,2025-09-01,10S
BYBITSPOT->BITGET,0.32608695652173914,75,230,3008,Vol_Low,2025-09-01,10S
BITGET->BINANCE,0.30638297872340425,72,235,3104,Vol_Low,2025-09-01,10S
BITGET->COINBASE,0.25773195876288657,50,194,2436,Vol_Low,2025-09-01,10S
BITGET->BYBITSPOT,0.25957446808510637,61,235,3027,Vol_Low,2025-09-01,10S
BINANCE->COINBASE,0.39148936170212767,92,235,2638,Vol_Med,2025-09-01,10S
BINANCE->BYBITSPOT,0.2885375494071146,73,253,2840,Vol_Med,2025-09-01,10S
BINANCE->BITGET,0.35294117647058826,90,255,2913,Vol_Med,2025-09-01,10S
COINBASE->BINANCE,0.3924050632911392,93,237,2636,Vol_Med,2025-09-01,10S
COINBASE->BYBITSPOT,0.3858267716535433,98,254,2958,Vol_Med,2025-09-01,10S
COINBASE->BITGET,0.40310077519379844,104,258,2964,Vol_Med,2025-09-01,10S
BYBITSPOT->BINANCE,0.3780487804878049,93,246,2878,Vol_Med,2025-09-01,10S
BYBITSPOT->COINBASE,0.26136363636363635,69,264,3009,Vol_Med,2025-09-01,10S
BYBITSPOT->BITGET,0.47717842323651455,115,241,2772,Vol_Med,2025-09-01,10S
BITGET->BINANCE,0.35135135135135137,91,259,2931,Vol_Med,2025-09-01,10S
BITGET->COINBASE,0.3230769230769231,84,260,2979,Vol_Med,2025-09-01,10S
BITGET->BYBITSPOT,0.3054393305439331,73,239,2732,Vol_Med,2025-09-01,10S
BINANCE->COINBASE,0.39565217391304347,91,230,2917,Vol_High,2025-09-01,10S
BINANCE->BYBITSPOT,0.30198019801980197,61,202,2559,Vol_High,2025-09-01,10S
BINANCE->BITGET,0.3484848484848485,69,198,2530,Vol_High,2025-09-01,10S
COINBASE->BINANCE,0.31759656652360513,74,233,2920,Vol_High,2025-09-01,10S
COINBASE->BYBITSPOT,0.28991596638655465,69,238,3121,Vol_High,2025-09-01,10S
COINBASE->BITGET,0.3247863247863248,76,234,3155,Vol_High,2025-09-01,10S
BYBITSPOT->BINANCE,0.35,70,200,2583,Vol_High,2025-09-01,10S
BYBITSPOT->COINBASE,0.3305439330543933,79,239,3143,Vol_High,2025-09-01,10S
BYBITSPOT->BITGET,0.38990825688073394,85,218,2806,Vol_High,2025-09-01,10S
BITGET->BINANCE,0.29743589743589743,58,195,2552,Vol_High,2025-09-01,10S
BITGET->COINBASE,0.3025210084033613,72,238,3172,Vol_High,2025-09-01,10S
BITGET->BYBITSPOT,0.3317757009345794,71,214,2793,Vol_High,2025-09-01,10S
BINANCE->COINBASE,0.46557971014492755,257,552,4729,Wash_Low,2025-09-01,10S
BINANCE->BYBITSPOT,0.39162112932604737,215,549,4564,Wash_Low,2025-09-01,10S
BINANCE->BITGET,0.4029574861367837,218,541,4453,Wash_Low,2025-09-01,10S
COINBASE->BINANCE,0.48188405797101447,266,552,4712,Wash_Low,2025-09-01,10S
COINBASE->BYBITSPOT,0.37924865831842575,212,559,4953,Wash_Low,2025-09-01,10S
COINBASE->BITGET,0.41889483065953653,235,561,4860,Wash_Low,2025-09-01,10S
BYBITSPOT->BINANCE,0.41532976827094475,233,561,4651,Wash_Low,2025-09-01,10S
BYBITSPOT->COINBASE,0.3215547703180212,182,566,5081,Wash_Low,2025-09-01,10S
BYBITSPOT->BITGET,0.41889483065953653,235,561,4801,Wash_Low,2025-09-01,10S
BITGET->BINANCE,0.42010771992818674,234,557,4550,Wash_Low,2025-09-01,10S
BITGET->COINBASE,0.36952714535901926,211,571,4978,Wash_Low,2025-09-01,10S
BITGET->BYBITSPOT,0.3770197486535009,210,557,4770,Wash_Low,2025-09-01,10S
BINANCE->COINBASE,0.5288065843621399,257,486,3893,Wash_High,2025-09-01,10S
BINANCE->BYBITSPOT,0.4627450980392157,236,510,3924,Wash_High,2025-09-01,10S
BINANCE->BITGET,0.4324853228962818,221,511,4023,Wash_High,2025-09-01,10S
COINBASE->BINANCE,0.6092184368737475,304,499,3927,Wash_High,2025-09-01,10S
COINBASE->BYBITSPOT,0.5249457700650759,242,461,3538,Wash_High,2025-09-01,10S
COINBASE->BITGET,0.5621052631578948,267,475,3619,Wash_High,2025-09-01,10S
BYBITSPOT->BINANCE,0.5300970873786408,273,515,3972,Wash_High,2025-09-01,10S
BYBITSPOT->COINBASE,0.3978021978021978,181,455,3541,Wash_High,2025-09-01,10S
BYBITSPOT->BITGET,0.5214592274678111,243,466,3785,Wash_High,2025-09-01,10S
BITGET->BINANCE,0.475,247,520,4037,Wash_High,2025-09-01,10S
BITGET->COINBASE,0.38675213675213677,181,468,3609,Wash_High,2025-09-01,10S
BITGET->BYBITSPOT,0.4577319587628866,222,485,3782,Wash_High,2025-09-01,10S
BINANCE->COINBASE,0.31413612565445026,180,573,5748,Full,2025-09-01,15S
BINANCE->BYBITSPOT,0.3238938053097345,183,565,5661,Full,2025-09-01,15S
BINANCE->BITGET,0.2938053097345133,166,565,5657,Full,2025-09-01,15S
COINBASE->BINANCE,0.367595818815331,211,574,5760,Full,2025-09-01,15S
COINBASE->BYBITSPOT,0.3911504424778761,221,565,5664,Full,2025-09-01,15S
COINBASE->BITGET,0.368141592920354,208,565,5660,Full,2025-09-01,15S
BYBITSPOT->BINANCE,0.32752613240418116,188,574,5760,Full,2025-09-01,15S
BYBITSPOT->COINBASE,0.2804878048780488,161,574,5760,Full,2025-09-01,15S
BYBITSPOT->BITGET,0.3554006968641115,204,574,5750,Full,2025-09-01,15S
BITGET->BINANCE,0.3344947735191638,192,574,5742,Full,2025-09-01,15S
BITGET->COINBASE,0.26480836236933797,152,574,5741,Full,2025-09-01,15S
BITGET->BYBITSPOT,0.3083623693379791,177,574,5737,Full,2025-09-01,15S
BINANCE->COINBASE,0.29064039408866993,59,203,2036,Vol_Low,2025-09-01,15S
BINANCE->BYBITSPOT,0.3173076923076923,66,208,2062,Vol_Low,2025-09-01,15S
BINANCE->BITGET,0.345,69,200,2026,Vol_Low,2025-09-01,15S
COINBASE->BINANCE,0.4068627450980392,83,204,2053,Vol_Low,2025-09-01,15S
COINBASE->BYBITSPOT,0.4140127388535032,65,157,1603,Vol_Low,2025-09-01,15S
COINBASE->BITGET,0.39263803680981596,64,163,1577,Vol_Low,2025-09-01,15S
BYBITSPOT->BINANCE,0.38497652582159625,82,213,2111,Vol_Low,2025-09-01,15S
BYBITSPOT->COINBASE,0.33962264150943394,54,159,1643,Vol_Low,2025-09-01,15S
BYBITSPOT->BITGET,0.3253588516746411,68,209,2029,Vol_Low,2025-09-01,15S
BITGET->BINANCE,0.4258373205741627,89,209,2076,Vol_Low,2025-09-01,15S
BITGET->COINBASE,0.31547619047619047,53,168,1629,Vol_Low,2025-09-01,15S
BITGET->BYBITSPOT,0.28640776699029125,59,206,2035,Vol_Low,2025-09-01,15S
BINANCE->COINBASE,0.39634146341463417,65,164,1765,Vol_Med,2025-09-01,15S
BINANCE->BYBITSPOT,0.35978835978835977,68,189,1891,Vol_Med,2025-09-01,15S
BINANCE->BITGET,0.295,59,200,1944,Vol_Med,2025-09-01,15S
COINBASE->BINANCE,0.4166666666666667,70,168,1762,Vol_Med,2025-09-01,15S
COINBASE->BYBITSPOT,0.39903846153846156,83,208,1973,Vol_Med,2025-09-01,15S
COINBASE->BITGET,0.373134328358209,75,201,1977,Vol_Med,2025-09-01,15S
BYBITSPOT->BINANCE,0.45549738219895286,87,191,1925,Vol_Med,2025-09-01,15S
BYBITSPOT->COINBASE,0.3173076923076923,66,208,2014,Vol_Med,2025-09-01,15S
BYBITSPOT->BITGET,0.3118279569892473,58,186,1838,Vol_Med,2025-09-01,15S
BITGET->BINANCE,0.33658536585365856,69,205,1965,Vol_Med,2025-09-01,15S
BITGET->COINBASE,0.30845771144278605,62,201,1991,Vol_Med,2025-09-01,15S
BITGET->BYBITSPOT,0.425531914893617,80,188,1835,Vol_Med,2025-09-01,15S
BINANCE->COINBASE,0.32019704433497537,65,203,1947,Vol_High,2025-09-01,15S
BINANCE->BYBITSPOT,0.40229885057471265,70,174,1708,Vol_High,2025-09-01,15S
BINANCE->BITGET,0.38323353293413176,64,167,1687,Vol_High,2025-09-01,15S
COINBASE->BINANCE,0.4207920792079208,85,202,1945,Vol_High,2025-09-01,15S
COINBASE->BYBITSPOT,0.39622641509433965,84,212,2088,Vol_High,2025-09-01,15S
COINBASE->BITGET,0.36619718309859156,78,213,2106,Vol_High,2025-09-01,15S
BYBITSPOT->BINANCE,0.40229885057471265,70,174,1724,Vol_High,2025-09-01,15S
BYBITSPOT->COINBASE,0.2890995260663507,61,211,2103,Vol_High,2025-09-01,15S
BYBITSPOT->BITGET,0.44680851063829785,84,188,1883,Vol_High,2025-09-01,15S
BITGET->BINANCE,0.3160919540229885,55,174,1701,Vol_High,2025-09-01,15S
BITGET->COINBASE,0.3443396226415094,73,212,2121,Vol_High,2025-09-01,15S
BITGET->BYBITSPOT,0.3582887700534759,67,187,1867,Vol_High,2025-09-01,15S
BINANCE->COINBASE,0.35663082437275984,199,558,4267,Wash_Low,2025-09-01,15S
BINANCE->BYBITSPOT,0.3770491803278688,207,549,4161,Wash_Low,2025-09-01,15S
BINANCE->BITGET,0.3677536231884058,203,552,4156,Wash_Low,2025-09-01,15S
COINBASE->BINANCE,0.45080500894454384,252,559,4263,Wash_Low,2025-09-01,15S
COINBASE->BYBITSPOT,0.44265232974910396,247,558,4422,Wash_Low,2025-09-01,15S
COINBASE->BITGET,0.40714285714285714,228,560,4459,Wash_Low,2025-09-01,15S
BYBITSPOT->BINANCE,0.39215686274509803,220,561,4179,Wash_Low,2025-09-01,15S
BYBITSPOT->COINBASE,0.3321492007104796,187,563,4458,Wash_Low,2025-09-01,15S
BYBITSPOT->BITGET,0.39454545454545453,217,550,4222,Wash_Low,2025-09-01,15S
BITGET->BINANCE,0.3996383363471971,221,553,4174,Wash_Low,2025-09-01,15S
BITGET->COINBASE,0.3304042179261863,188,569,4456,Wash_Low,2025-09-01,15S
BITGET->BYBITSPOT,0.36727272727272725,202,550,4243,Wash_Low,2025-09-01,15S
BINANCE->COINBASE,0.5161290322580645,16,31,1481,Wash_High,2025-09-01,15S
BINANCE->BYBITSPOT,0.56,14,25,1500,Wash_High,2025-09-01,15S
BINANCE->BITGET,0.4782608695652174,11,23,1501,Wash_High,2025-09-01,15S
COINBASE->BINANCE,0.4838709677419355,15,31,1497,Wash_High,2025-09-01,15S
COINBASE->BYBITSPOT,0.5263157894736842,10,19,1242,Wash_High,2025-09-01,15S
COINBASE->BITGET,0.8333333333333334,5,6,1201,Wash_High,2025-09-01,15S
BYBITSPOT->BINANCE,0.42857142857142855,15,35,1581,Wash_High,2025-09-01,15S
BYBITSPOT->COINBASE,0.42857142857142855,9,21,1302,Wash_High,2025-09-01,15S
BYBITSPOT->BITGET,0.625,25,40,1528,Wash_High,2025-09-01,15S
BITGET->BINANCE,0.3142857142857143,11,35,1568,Wash_High,2025-09-01,15S
BITGET->COINBASE,0.14285714285714285,1,7,1285,Wash_High,2025-09-01,15S
BITGET->BYBITSPOT,0.4166666666666667,15,36,1494,Wash_High,2025-09-01,15S
BINANCE->COINBASE,0.32809773123909247,188,573,2874,Full,2025-09-01,30S
BINANCE->BYBITSPOT,0.30973451327433627,175,565,2831,Full,2025-09-01,30S
BINANCE->BITGET,0.3202846975088968,180,562,2830,Full,2025-09-01,30S
COINBASE->BINANCE,0.41289198606271776,237,574,2880,Full,2025-09-01,30S
COINBASE->BYBITSPOT,0.36283185840707965,205,565,2832,Full,2025-09-01,30S
COINBASE->BITGET,0.4501779359430605,253,562,2831,Full,2025-09-01,30S
BYBITSPOT->BINANCE,0.397212543554007,228,574,2880,Full,2025-09-01,30S
BYBITSPOT->COINBASE,0.27526132404181186,158,574,2880,Full,2025-09-01,30S
BYBITSPOT->BITGET,0.3905429071803853,223,571,2877,Full,2025-09-01,30S
BITGET->BINANCE,0.3568904593639576,202,566,2873,Full,2025-09-01,30S
BITGET->COINBASE,0.2640845070422535,150,568,2874,Full,2025-09-01,30S
BITGET->BYBITSPOT,0.3280701754385965,187,570,2872,Full,2025-09-01,30S
BINANCE->COINBASE,0.3018867924528302,32,106,1011,Vol_Low,2025-09-01,30S
BINANCE->BYBITSPOT,0.3858267716535433,49,127,1031,Vol_Low,2025-09-01,30S
BINANCE->BITGET,0.3333333333333333,41,123,1015,Vol_Low,2025-09-01,30S
COINBASE->BINANCE,0.45794392523364486,49,107,1021,Vol_Low,2025-09-01,30S
COINBASE->BYBITSPOT,0.3888888888888889,35,90,799,Vol_Low,2025-09-01,30S
COINBASE->BITGET,0.48717948717948717,38,78,778,Vol_Low,2025-09-01,30S
BYBITSPOT->BINANCE,0.4153846153846154,54,130,1058,Vol_Low,2025-09-01,30S
BYBITSPOT->COINBASE,0.3076923076923077,28,91,826,Vol_Low,2025-09-01,30S
BYBITSPOT->BITGET,0.4,52,130,1018,Vol_Low,2025-09-01,30S
BITGET->BINANCE,0.4166666666666667,50,120,1038,Vol_Low,2025-09-01,30S
BITGET->COINBASE,0.2976190476190476,25,84,823,Vol_Low,2025-09-01,30S
BITGET->BYBITSPOT,0.3383458646616541,45,133,1027,Vol_Low,2025-09-01,30S
BINANCE->COINBASE,0.28,7,25,884,Vol_Med,2025-09-01,30S
BINANCE->BYBITSPOT,0.2972972972972973,11,37,946,Vol_Med,2025-09-01,30S
BINANCE->BITGET,0.3392857142857143,19,56,973,Vol_Med,2025-09-01,30S
COINBASE->BINANCE,0.48,12,25,879,Vol_Med,2025-09-01,30S
COINBASE->BYBITSPOT,0.32653061224489793,16,49,989,Vol_Med,2025-09-01,30S
COINBASE->BITGET,0.42424242424242425,28,66,1001,Vol_Med,2025-09-01,30S
BYBITSPOT->BINANCE,0.46,23,50,958,Vol_Med,2025-09-01,30S
BYBITSPOT->COINBASE,0.34,17,50,999,Vol_Med,2025-09-01,30S
BYBITSPOT->BITGET,0.32608695652173914,15,46,927,Vol_Med,2025-09-01,30S
BITGET->BINANCE,0.32075471698113206,17,53,982,Vol_Med,2025-09-01,30S
BITGET->COINBASE,0.2711864406779661,16,59,989,Vol_Med,2025-09-01,30S
BITGET->BYBITSPOT,0.3137254901960784,16,51,917,Vol_Med,2025-09-01,30S
BINANCE->COINBASE,0.4787234042553192,45,94,979,Vol_High,2025-09-01,30S
BINANCE->BYBITSPOT,0.29591836734693877,29,98,854,Vol_High,2025-09-01,30S
BINANCE->BITGET,0.3645833333333333,35,96,842,Vol_High,2025-09-01,30S
COINBASE->BINANCE,0.36363636363636365,36,99,980,Vol_High,2025-09-01,30S
COINBASE->BYBITSPOT,0.3609022556390977,48,133,1044,Vol_High,2025-09-01,30S
COINBASE->BITGET,0.3880597014925373,52,134,1052,Vol_High,2025-09-01,30S
BYBITSPOT->BINANCE,0.3229166666666667,31,96,864,Vol_High,2025-09-01,30S
BYBITSPOT->COINBASE,0.3383458646616541,45,133,1055,Vol_High,2025-09-01,30S
BYBITSPOT->BITGET,0.49019607843137253,50,102,932,Vol_High,2025-09-01,30S
BITGET->BINANCE,0.2647058823529412,27,102,853,Vol_High,2025-09-01,30S
BITGET->COINBASE,0.2518518518518518,34,135,1062,Vol_High,2025-09-01,30S
BITGET->BYBITSPOT,0.37962962962962965,41,108,928,Vol_High,2025-09-01,30S
BINANCE->COINBASE,0.5714285714285714,8,14,1683,Wash_Low,2025-09-01,30S
BINANCE->BYBITSPOT,0.2222222222222222,2,9,1595,Wash_Low,2025-09-01,30S
BINANCE->BITGET,0.0,0,8,1526,Wash_Low,2025-09-01,30S
COINBASE->BINANCE,0.38461538461538464,5,13,1682,Wash_Low,2025-09-01,30S
COINBASE->BYBITSPOT,0.2857142857142857,4,14,1786,Wash_Low,2025-09-01,30S
COINBASE->BITGET,0.5,7,14,1738,Wash_Low,2025-09-01,30S
BYBITSPOT->BINANCE,0.0,0,5,1545,Wash_Low,2025-09-01,30S
BYBITSPOT->COINBASE,0.1875,3,16,1752,Wash_Low,2025-09-01,30S
BYBITSPOT->BITGET,0.7142857142857143,5,7,1591,Wash_Low,2025-09-01,30S
BITGET->BINANCE,0.25,1,4,1536,Wash_Low,2025-09-01,30S
BITGET->COINBASE,0.5555555555555556,5,9,1718,Wash_Low,2025-09-01,30S
BITGET->BYBITSPOT,0.4,4,10,1611,Wash_Low,2025-09-01,30S
BINANCE->COINBASE,0.0,0,2,1191,Wash_High,2025-09-01,30S
BINANCE->BYBITSPOT,0.0,0,0,1236,Wash_High,2025-09-01,30S
BINANCE->BITGET,0.0,0,2,1304,Wash_High,2025-09-01,30S
COINBASE->BINANCE,0.0,0,0,1198,Wash_High,2025-09-01,30S
COINBASE->BYBITSPOT,1.0,1,1,1046,Wash_High,2025-09-01,30S
COINBASE->BITGET,0.0,0,0,1093,Wash_High,2025-09-01,30S
BYBITSPOT->BINANCE,0.0,0,0,1335,Wash_High,2025-09-01,30S
BYBITSPOT->COINBASE,0.0,0,0,1128,Wash_High,2025-09-01,30S
BYBITSPOT->BITGET,0.0,0,1,1286,Wash_High,2025-09-01,30S
BITGET->BINANCE,1.0,1,1,1337,Wash_High,2025-09-01,30S
BITGET->COINBASE,0.0,0,0,1156,Wash_High,2025-09-01,30S
BITGET->BYBITSPOT,1.0,1,1,1261,Wash_High,2025-09-01,30S
BINANCE->COINBASE,0.28846153846153844,165,572,17132,Full,2025-09-02,1S
BINANCE->BYBITSPOT,0.20677361853832443,116,561,16483,Full,2025-09-02,1S
BINANCE->BITGET,0.45454545454545453,260,572,17121,Full,2025-09-02,1S
COINBASE->BINANCE,0.27177700348432055,156,574,17161,Full,2025-09-02,1S
COINBASE->BYBITSPOT,0.21492007104795738,121,563,16425,Full,2025-09-02,1S
COINBASE->BITGET,0.2961672473867596,170,574,17062,Full,2025-09-02,1S
BYBITSPOT->BINANCE,0.24390243902439024,140,574,16483,Full,2025-09-02,1S
BYBITSPOT->COINBASE,0.2038327526132404,117,574,16425,Full,2025-09-02,1S
BYBITSPOT->BITGET,0.20557491289198607,118,574,16412,Full,2025-09-02,1S
BITGET->BINANCE,0.22822299651567945,131,574,17121,Full,2025-09-02,1S
BITGET->COINBASE,0.23344947735191637,134,574,17062,Full,2025-09-02,1S
BITGET->BYBITSPOT,0.21847246891651864,123,563,16412,Full,2025-09-02,1S
BINANCE->COINBASE,0.2184873949579832,52,238,5726,Vol_Low,2025-09-02,1S
BINANCE->BYBITSPOT,0.17916666666666667,43,240,5765,Vol_Low,2025-09-02,1S
BINANCE->BITGET,0.4601449275362319,127,276,6375,Vol_Low,2025-09-02,1S
COINBASE->BINANCE,0.29045643153526973,70,241,5746,Vol_Low,2025-09-02,1S
COINBASE->BYBITSPOT,0.2669902912621359,55,206,4787,Vol_Low,2025-09-02,1S
COINBASE->BITGET,0.32751091703056767,75,229,5422,Vol_Low,2025-09-02,1S
BYBITSPOT->BINANCE,0.2591093117408907,64,247,5771,Vol_Low,2025-09-02,1S
BYBITSPOT->COINBASE,0.1792452830188679,38,212,4788,Vol_Low,2025-09-02,1S
BYBITSPOT->BITGET,0.21008403361344538,50,238,5454,Vol_Low,2025-09-02,1S
BITGET->BINANCE,0.2846975088967972,80,281,6370,Vol_Low,2025-09-02,1S
BITGET->COINBASE,0.23580786026200873,54,229,5433,Vol_Low,2025-09-02,1S
BITGET->BYBITSPOT,0.288135593220339,68,236,5463,Vol_Low,2025-09-02,1S
BINANCE->COINBASE,0.41025641025641024,112,273,5817,Vol_Med,2025-09-02,1S
BINANCE->BYBITSPOT,0.2679245283018868,71,265,5458,Vol_Med,2025-09-02,1S
BINANCE->BITGET,0.5363321799307958,155,289,5573,Vol_Med,2025-09-02,1S
COINBASE->BINANCE,0.3188405797101449,88,276,5835,Vol_Med,2025-09-02,1S
COINBASE->BYBITSPOT,0.322463768115942,89,276,5619,Vol_Med,2025-09-02,1S
COINBASE->BITGET,0.4317343173431734,117,271,5733,Vol_Med,2025-09-02,1S
BYBITSPOT->BINANCE,0.3236363636363636,89,275,5452,Vol_Med,2025-09-02,1S
BYBITSPOT->COINBASE,0.2862190812720848,81,283,5618,Vol_Med,2025-09-02,1S
BYBITSPOT->BITGET,0.3247232472324723,88,271,5352,Vol_Med,2025-09-02,1S
BITGET->BINANCE,0.3017543859649123,86,285,5577,Vol_Med,2025-09-02,1S
BITGET->COINBASE,0.28888888888888886,78,270,5722,Vol_Med,2025-09-02,1S
BITGET->BYBITSPOT,0.275092936802974,74,269,5343,Vol_Med,2025-09-02,1S
BINANCE->COINBASE,0.22790697674418606,49,215,5589,Vol_High,2025-09-02,1S
BINANCE->BYBITSPOT,0.2621359223300971,54,206,5260,Vol_High,2025-09-02,1S
BINANCE->BITGET,0.40186915887850466,86,214,5173,Vol_High,2025-09-02,1S
COINBASE->BINANCE,0.2304147465437788,50,217,5580,Vol_High,2025-09-02,1S
COINBASE->BYBITSPOT,0.2330508474576271,55,236,6019,Vol_High,2025-09-02,1S
COINBASE->BITGET,0.28761061946902655,65,226,5907,Vol_High,2025-09-02,1S
BYBITSPOT->BINANCE,0.23113207547169812,49,212,5260,Vol_High,2025-09-02,1S
BYBITSPOT->COINBASE,0.2838983050847458,67,236,6019,Vol_High,2025-09-02,1S
BYBITSPOT->BITGET,0.21875,49,224,5606,Vol_High,2025-09-02,1S
BITGET->BINANCE,0.205607476635514,44,214,5174,Vol_High,2025-09-02,1S
BITGET->COINBASE,0.28761061946902655,65,226,5907,Vol_High,2025-09-02,1S
BITGET->BYBITSPOT,0.21238938053097345,48,226,5606,Vol_High,2025-09-02,1S
BINANCE->COINBASE,0.4178321678321678,239,572,10845,Wash_Low,2025-09-02,1S
BINANCE->BYBITSPOT,0.26024955436720143,146,561,10670,Wash_Low,2025-09-02,1S
BINANCE->BITGET,0.6730769230769231,385,572,10618,Wash_Low,2025-09-02,1S
COINBASE->BINANCE,0.44076655052264807,253,574,10865,Wash_Low,2025-09-02,1S
COINBASE->BYBITSPOT,0.3037300177619893,171,563,11118,Wash_Low,2025-09-02,1S
COINBASE->BITGET,0.3780487804878049,217,574,11167,Wash_Low,2025-09-02,1S
BYBITSPOT->BINANCE,0.29965156794425085,172,574,10670,Wash_Low,2025-09-02,1S
BYBITSPOT->COINBASE,0.289198606271777,166,574,11118,Wash_Low,2025-09-02,1S
BYBITSPOT->BITGET,0.2787456445993031,160,574,10769,Wash_Low,2025-09-02,1S
BITGET->BINANCE,0.39198606271777003,225,574,10618,Wash_Low,2025-09-02,1S
BITGET->COINBASE,0.343205574912892,197,574,11167,Wash_Low,2025-09-02,1S
BITGET->BYBITSPOT,0.2753108348134991,155,563,10769,Wash_Low,2025-09-02,1S
BINANCE->COINBASE,0.7415929203539823,419,565,6287,Wash_High,2025-09-02,1S
BINANCE->BYBITSPOT,0.7292418772563177,404,554,5813,Wash_High,2025-09-02,1S
BINANCE->BITGET,0.8357142857142857,468,560,6503,Wash_High,2025-09-02,1S
COINBASE->BINANCE,0.887719298245614,506,570,6296,Wash_High,2025-09-02,1S
COINBASE->BYBITSPOT,0.8747731397459165,482,551,5307,Wash_High,2025-09-02,1S
COINBASE->BITGET,0.8910369068541301,507,569,5895,Wash_High,2025-09-02,1S
BYBITSPOT->BINANCE,0.8144876325088339,461,566,5813,Wash_High,2025-09-02,1S
BYBITSPOT->COINBASE,0.8091872791519434,458,566,5307,Wash_High,2025-09-02,1S
BYBITSPOT->BITGET,0.822380106571936,463,563,5643,Wash_High,2025-09-02,1S
BITGET->BINANCE,0.7779751332149201,438,563,6503,Wash_High,2025-09-02,1S
BITGET->COINBASE,0.7684210526315789,438,570,5895,Wash_High,2025-09-02,1S
BITGET->BYBITSPOT,0.7473118279569892,417,558,5643,Wash_High,2025-09-02,1S
BINANCE->COINBASE,0.28846153846153844,165,572,17132,Full,2025-09-02,2S
BINANCE->BYBITSPOT,0.20677361853832443,116,561,16483,Full,2025-09-02,2S
BINANCE->BITGET,0.45454545454545453,260,572,17121,Full,2025-09-02,2S
COINBASE->BINANCE,0.27177700348432055,156,574,17161,Full,2025-09-02,2S
COINBASE->BYBITSPOT,0.21492007104795738,121,563,16425,Full,2025-09-02,2S
COINBASE->BITGET,0.2961672473867596,170,574,17062,Full,2025-09-02,2S
BYBITSPOT->BINANCE,0.24390243902439024,140,574,16483,Full,2025-09-02,2S
BYBITSPOT->COINBASE,0.2038327526132404,117,574,16425,Full,2025-09-02,2S
BYBITSPOT->BITGET,0.20557491289198607,118,574,16412,Full,2025-09-02,2S
BITGET->BINANCE,0.22822299651567945,131,574,17121,Full,2025-09-02,2S
BITGET->COINBASE,0.23344947735191637,134,574,17062,Full,2025-09-02,2S
BITGET->BYBITSPOT,0.21847246891651864,123,563,16412,Full,2025-09-02,2S
BINANCE->COINBASE,0.2184873949579832,52,238,5726,Vol_Low,2025-09-02,2S
BINANCE->BYBITSPOT,0.17916666666666667,43,240,5765,Vol_Low,2025-09-02,2S
BINANCE->BITGET,0.4601449275362319,127,276,6375,Vol_Low,2025-09-02,2S
COINBASE->BINANCE,0.29045643153526973,70,241,5746,Vol_Low,2025-09-02,2S
COINBASE->BYBITSPOT,0.2669902912621359,55,206,4787,Vol_Low,2025-09-02,2S
COINBASE->BITGET,0.32751091703056767,75,229,5422,Vol_Low,2025-09-02,2S
BYBITSPOT->BINANCE,0.2591093117408907,64,247,5771,Vol_Low,2025-09-02,2S
BYBITSPOT->COINBASE,0.1792452830188679,38,212,4788,Vol_Low,2025-09-02,2S
BYBITSPOT->BITGET,0.21008403361344538,50,238,5454,Vol_Low,2025-09-02,2S
BITGET->BINANCE,0.2846975088967972,80,281,6370,Vol_Low,2025-09-02,2S
BITGET->COINBASE,0.23580786026200873,54,229,5433,Vol_Low,2025-09-02,2S
BITGET->BYBITSPOT,0.288135593220339,68,236,5463,Vol_Low,2025-09-02,2S
BINANCE->COINBASE,0.41025641025641024,112,273,5817,Vol_Med,2025-09-02,2S
BINANCE->BYBITSPOT,0.2679245283018868,71,265,5458,Vol_Med,2025-09-02,2S
BINANCE->BITGET,0.5363321799307958,155,289,5573,Vol_Med,2025-09-02,2S
COINBASE->BINANCE,0.3188405797101449,88,276,5835,Vol_Med,2025-09-02,2S
COINBASE->BYBITSPOT,0.322463768115942,89,276,5619,Vol_Med,2025-09-02,2S
COINBASE->BITGET,0.4317343173431734,117,271,5733,Vol_Med,2025-09-02,2S
BYBITSPOT->BINANCE,0.3236363636363636,89,275,5452,Vol_Med,2025-09-02,2S
BYBITSPOT->COINBASE,0.2862190812720848,81,283,5618,Vol_Med,2025-09-02,2S
BYBITSPOT->BITGET,0.3247232472324723,88,271,5352,Vol_Med,2025-09-02,2S
BITGET->BINANCE,0.3017543859649123,86,285,5577,Vol_Med,2025-09-02,2S
BITGET->COINBASE,0.28888888888888886,78,270,5722,Vol_Med,2025-09-02,2S
BITGET->BYBITSPOT,0.275092936802974,74,269,5343,Vol_Med,2025-09-02,2S
BINANCE->COINBASE,0.22790697674418606,49,215,5589,Vol_High,2025-09-02,2S
BINANCE->BYBITSPOT,0.2621359223300971,54,206,5260,Vol_High,2025-09-02,2S
BINANCE->BITGET,0.40186915887850466,86,214,5173,Vol_High,2025-09-02,2S
COINBASE->BINANCE,0.2304147465437788,50,217,5580,Vol_High,2025-09-02,2S
COINBASE->BYBITSPOT,0.2330508474576271,55,236,6019,Vol_High,2025-09-02,2S
COINBASE->BITGET,0.28761061946902655,65,226,5907,Vol_High,2025-09-02,2S
BYBITSPOT->BINANCE,0.23113207547169812,49,212,5260,Vol_High,2025-09-02,2S
BYBITSPOT->COINBASE,0.2838983050847458,67,236,6019,Vol_High,2025-09-02,2S
BYBITSPOT->BITGET,0.21875,49,224,5606,Vol_High,2025-09-02,2S
BITGET->BINANCE,0.205607476635514,44,214,5174,Vol_High,2025-09-02,2S
BITGET->COINBASE,0.28761061946902655,65,226,5907,Vol_High,2025-09-02,2S
BITGET->BYBITSPOT,0.21238938053097345,48,226,5606,Vol_High,2025-09-02,2S
BINANCE->COINBASE,0.4178321678321678,239,572,10845,Wash_Low,2025-09-02,2S
BINANCE->BYBITSPOT,0.26024955436720143,146,561,10670,Wash_Low,2025-09-02,2S
BINANCE->BITGET,0.6730769230769231,385,572,10618,Wash_Low,2025-09-02,2S
COINBASE->BINANCE,0.44076655052264807,253,574,10865,Wash_Low,2025-09-02,2S
COINBASE->BYBITSPOT,0.3037300177619893,171,563,11118,Wash_Low,2025-09-02,2S
COINBASE->BITGET,0.3780487804878049,217,574,11167,Wash_Low,2025-09-02,2S
BYBITSPOT->BINANCE,0.29965156794425085,172,574,10670,Wash_Low,2025-09-02,2S
BYBITSPOT->COINBASE,0.289198606271777,166,574,11118,Wash_Low,2025-09-02,2S
BYBITSPOT->BITGET,0.2787456445993031,160,574,10769,Wash_Low,2025-09-02,2S
BITGET->BINANCE,0.39198606271777003,225,574,10618,Wash_Low,2025-09-02,2S
BITGET->COINBASE,0.343205574912892,197,574,11167,Wash_Low,2025-09-02,2S
BITGET->BYBITSPOT,0.2753108348134991,155,563,10769,Wash_Low,2025-09-02,2S
BINANCE->COINBASE,0.7415929203539823,419,565,6287,Wash_High,2025-09-02,2S
BINANCE->BYBITSPOT,0.7292418772563177,404,554,5813,Wash_High,2025-09-02,2S
BINANCE->BITGET,0.8357142857142857,468,560,6503,Wash_High,2025-09-02,2S
COINBASE->BINANCE,0.887719298245614,506,570,6296,Wash_High,2025-09-02,2S
COINBASE->BYBITSPOT,0.8747731397459165,482,551,5307,Wash_High,2025-09-02,2S
COINBASE->BITGET,0.8910369068541301,507,569,5895,Wash_High,2025-09-02,2S
BYBITSPOT->BINANCE,0.8144876325088339,461,566,5813,Wash_High,2025-09-02,2S
BYBITSPOT->COINBASE,0.8091872791519434,458,566,5307,Wash_High,2025-09-02,2S
BYBITSPOT->BITGET,0.822380106571936,463,563,5643,Wash_High,2025-09-02,2S
BITGET->BINANCE,0.7779751332149201,438,563,6503,Wash_High,2025-09-02,2S
BITGET->COINBASE,0.7684210526315789,438,570,5895,Wash_High,2025-09-02,2S
BITGET->BYBITSPOT,0.7473118279569892,417,558,5643,Wash_High,2025-09-02,2S
BINANCE->COINBASE,0.28846153846153844,165,572,17132,Full,2025-09-02,5S
BINANCE->BYBITSPOT,0.20677361853832443,116,561,16483,Full,2025-09-02,5S
BINANCE->BITGET,0.45454545454545453,260,572,17121,Full,2025-09-02,5S
COINBASE->BINANCE,0.27177700348432055,156,574,17161,Full,2025-09-02,5S
COINBASE->BYBITSPOT,0.21492007104795738,121,563,16425,Full,2025-09-02,5S
COINBASE->BITGET,0.2961672473867596,170,574,17062,Full,2025-09-02,5S
BYBITSPOT->BINANCE,0.24390243902439024,140,574,16483,Full,2025-09-02,5S
BYBITSPOT->COINBASE,0.2038327526132404,117,574,16425,Full,2025-09-02,5S
BYBITSPOT->BITGET,0.20557491289198607,118,574,16412,Full,2025-09-02,5S
BITGET->BINANCE,0.22822299651567945,131,574,17121,Full,2025-09-02,5S
BITGET->COINBASE,0.23344947735191637,134,574,17062,Full,2025-09-02,5S
BITGET->BYBITSPOT,0.21847246891651864,123,563,16412,Full,2025-09-02,5S
BINANCE->COINBASE,0.2184873949579832,52,238,5726,Vol_Low,2025-09-02,5S
BINANCE->BYBITSPOT,0.17916666666666667,43,240,5765,Vol_Low,2025-09-02,5S
BINANCE->BITGET,0.4601449275362319,127,276,6375,Vol_Low,2025-09-02,5S
COINBASE->BINANCE,0.29045643153526973,70,241,5746,Vol_Low,2025-09-02,5S
COINBASE->BYBITSPOT,0.2669902912621359,55,206,4787,Vol_Low,2025-09-02,5S
COINBASE->BITGET,0.32751091703056767,75,229,5422,Vol_Low,2025-09-02,5S
BYBITSPOT->BINANCE,0.2591093117408907,64,247,5771,Vol_Low,2025-09-02,5S
BYBITSPOT->COINBASE,0.1792452830188679,38,212,4788,Vol_Low,2025-09-02,5S
BYBITSPOT->BITGET,0.21008403361344538,50,238,5454,Vol_Low,2025-09-02,5S
BITGET->BINANCE,0.2846975088967972,80,281,6370,Vol_Low,2025-09-02,5S
BITGET->COINBASE,0.23580786026200873,54,229,5433,Vol_Low,2025-09-02,5S
BITGET->BYBITSPOT,0.288135593220339,68,236,5463,Vol_Low,2025-09-02,5S
BINANCE->COINBASE,0.41025641025641024,112,273,5817,Vol_Med,2025-09-02,5S
BINANCE->BYBITSPOT,0.2679245283018868,71,265,5458,Vol_Med,2025-09-02,5S
BINANCE->BITGET,0.5363321799307958,155,289,5573,Vol_Med,2025-09-02,5S
COINBASE->BINANCE,0.3188405797101449,88,276,5835,Vol_Med,2025-09-02,5S
COINBASE->BYBITSPOT,0.322463768115942,89,276,5619,Vol_Med,2025-09-02,5S
COINBASE->BITGET,0.4317343173431734,117,271,5733,Vol_Med,2025-09-02,5S
BYBITSPOT->BINANCE,0.3236363636363636,89,275,5452,Vol_Med,2025-09-02,5S
BYBITSPOT->COINBASE,0.2862190812720848,81,283,5618,Vol_Med,2025-09-02,5S
BYBITSPOT->BITGET,0.3247232472324723,88,271,5352,Vol_Med,2025-09-02,5S
BITGET->BINANCE,0.3017543859649123,86,285,5577,Vol_Med,2025-09-02,5S
BITGET->COINBASE,0.28888888888888886,78,270,5722,Vol_Med,2025-09-02,5S
BITGET->BYBITSPOT,0.275092936802974,74,269,5343,Vol_Med,2025-09-02,5S
BINANCE->COINBASE,0.22790697674418606,49,215,5589,Vol_High,2025-09-02,5S
BINANCE->BYBITSPOT,0.2621359223300971,54,206,5260,Vol_High,2025-09-02,5S
BINANCE->BITGET,0.40186915887850466,86,214,5173,Vol_High,2025-09-02,5S
COINBASE->BINANCE,0.2304147465437788,50,217,5580,Vol_High,2025-09-02,5S
COINBASE->BYBITSPOT,0.2330508474576271,55,236,6019,Vol_High,2025-09-02,5S
COINBASE->BITGET,0.28761061946902655,65,226,5907,Vol_High,2025-09-02,5S
BYBITSPOT->BINANCE,0.23113207547169812,49,212,5260,Vol_High,2025-09-02,5S
BYBITSPOT->COINBASE,0.2838983050847458,67,236,6019,Vol_High,2025-09-02,5S
BYBITSPOT->BITGET,0.21875,49,224,5606,Vol_High,2025-09-02,5S
BITGET->BINANCE,0.205607476635514,44,214,5174,Vol_High,2025-09-02,5S
BITGET->COINBASE,0.28761061946902655,65,226,5907,Vol_High,2025-09-02,5S
BITGET->BYBITSPOT,0.21238938053097345,48,226,5606,Vol_High,2025-09-02,5S
BINANCE->COINBASE,0.4178321678321678,239,572,10845,Wash_Low,2025-09-02,5S
BINANCE->BYBITSPOT,0.26024955436720143,146,561,10670,Wash_Low,2025-09-02,5S
BINANCE->BITGET,0.6730769230769231,385,572,10618,Wash_Low,2025-09-02,5S
COINBASE->BINANCE,0.44076655052264807,253,574,10865,Wash_Low,2025-09-02,5S
COINBASE->BYBITSPOT,0.3037300177619893,171,563,11118,Wash_Low,2025-09-02,5S
COINBASE->BITGET,0.3780487804878049,217,574,11167,Wash_Low,2025-09-02,5S
BYBITSPOT->BINANCE,0.29965156794425085,172,574,10670,Wash_Low,2025-09-02,5S
BYBITSPOT->COINBASE,0.289198606271777,166,574,11118,Wash_Low,2025-09-02,5S
BYBITSPOT->BITGET,0.2787456445993031,160,574,10769,Wash_Low,2025-09-02,5S
BITGET->BINANCE,0.39198606271777003,225,574,10618,Wash_Low,2025-09-02,5S
BITGET->COINBASE,0.343205574912892,197,574,11167,Wash_Low,2025-09-02,5S
BITGET->BYBITSPOT,0.2753108348134991,155,563,10769,Wash_Low,2025-09-02,5S
BINANCE->COINBASE,0.7415929203539823,419,565,6287,Wash_High,2025-09-02,5S
BINANCE->BYBITSPOT,0.7292418772563177,404,554,5813,Wash_High,2025-09-02,5S
BINANCE->BITGET,0.8357142857142857,468,560,6503,Wash_High,2025-09-02,5S
COINBASE->BINANCE,0.887719298245614,506,570,6296,Wash_High,2025-09-02,5S
COINBASE->BYBITSPOT,0.8747731397459165,482,551,5307,Wash_High,2025-09-02,5S
COINBASE->BITGET,0.8910369068541301,507,569,5895,Wash_High,2025-09-02,5S
BYBITSPOT->BINANCE,0.8144876325088339,461,566,5813,Wash_High,2025-09-02,5S
BYBITSPOT->COINBASE,0.8091872791519434,458,566,5307,Wash_High,2025-09-02,5S
BYBITSPOT->BITGET,0.822380106571936,463,563,5643,Wash_High,2025-09-02,5S
BITGET->BINANCE,0.7779751332149201,438,563,6503,Wash_High,2025-09-02,5S
BITGET->COINBASE,0.7684210526315789,438,570,5895,Wash_High,2025-09-02,5S
BITGET->BYBITSPOT,0.7473118279569892,417,558,5643,Wash_High,2025-09-02,5S
BINANCE->COINBASE,0.2534965034965035,145,572,8595,Full,2025-09-02,10S
BINANCE->BYBITSPOT,0.26916221033868093,151,561,8418,Full,2025-09-02,10S
BINANCE->BITGET,0.8111888111888111,464,572,8595,Full,2025-09-02,10S
COINBASE->BINANCE,0.2804878048780488,161,574,8637,Full,2025-09-02,10S
COINBASE->BYBITSPOT,0.29307282415630553,165,563,8440,Full,2025-09-02,10S
COINBASE->BITGET,0.38153310104529614,219,574,8621,Full,2025-09-02,10S
BYBITSPOT->BINANCE,0.27177700348432055,156,574,8591,Full,2025-09-02,10S
BYBITSPOT->COINBASE,0.2665505226480836,153,574,8597,Full,2025-09-02,10S
BYBITSPOT->BITGET,0.25435540069686413,146,574,8594,Full,2025-09-02,10S
BITGET->BINANCE,0.23693379790940766,136,574,8623,Full,2025-09-02,10S
BITGET->COINBASE,0.259581881533101,149,574,8624,Full,2025-09-02,10S
BITGET->BYBITSPOT,0.2557726465364121,144,563,8440,Full,2025-09-02,10S
BINANCE->COINBASE,0.24413145539906103,52,213,2857,Vol_Low,2025-09-02,10S
BINANCE->BYBITSPOT,0.3257918552036199,72,221,2948,Vol_Low,2025-09-02,10S
BINANCE->BITGET,0.7426160337552743,176,237,3185,Vol_Low,2025-09-02,10S
COINBASE->BINANCE,0.3674418604651163,79,215,2881,Vol_Low,2025-09-02,10S
COINBASE->BYBITSPOT,0.324468085106383,61,188,2465,Vol_Low,2025-09-02,10S
COINBASE->BITGET,0.39215686274509803,80,204,2737,Vol_Low,2025-09-02,10S
BYBITSPOT->BINANCE,0.30434782608695654,70,230,3025,Vol_Low,2025-09-02,10S
BYBITSPOT->COINBASE,0.18947368421052632,36,190,2525,Vol_Low,2025-09-02,10S
BYBITSPOT->BITGET,0.3013698630136986,66,219,2873,Vol_Low,2025-09-02,10S
BITGET->BINANCE,0.2594142259414226,62,239,3203,Vol_Low,2025-09-02,10S
BITGET->COINBASE,0.33653846153846156,70,208,2754,Vol_Low,2025-09-02,10S
BITGET->BYBITSPOT,0.3080568720379147,65,211,2806,Vol_Low,2025-09-02,10S
BINANCE->COINBASE,0.28085106382978725,66,235,2898,Vol_Med,2025-09-02,10S
BINANCE->BYBITSPOT,0.3755656108597285,83,221,2780,Vol_Med,2025-09-02,10S
BINANCE->BITGET,0.7905982905982906,185,234,2783,Vol_Med,2025-09-02,10S
COINBASE->BINANCE,0.31196581196581197,73,234,2921,Vol_Med,2025-09-02,10S
COINBASE->BYBITSPOT,0.4043478260869565,93,230,2907,Vol_Med,2025-09-02,10S
COINBASE->BITGET,0.5394190871369294,130,241,2895,Vol_Med,2025-09-02,10S
BYBITSPOT->BINANCE,0.3521739130434783,81,230,2861,Vol_Med,2025-09-02,10S
BYBITSPOT->COINBASE,0.2773109243697479,66,238,2974,Vol_Med,2025-09-02,10S
BYBITSPOT->BITGET,0.36681222707423583,84,229,2813,Vol_Med,2025-09-02,10S
BITGET->BINANCE,0.2974137931034483,69,232,2790,Vol_Med,2025-09-02,10S
BITGET->COINBASE,0.2145922746781116,50,233,2882,Vol_Med,2025-09-02,10S
BITGET->BYBITSPOT,0.34649122807017546,79,228,2754,Vol_Med,2025-09-02,10S
BINANCE->COINBASE,0.21359223300970873,44,206,2840,Vol_High,2025-09-02,10S
BINANCE->BYBITSPOT,0.37244897959183676,73,196,2690,Vol_High,2025-09-02,10S
BINANCE->BITGET,0.9278350515463918,180,194,2627,Vol_High,2025-09-02,10S
COINBASE->BINANCE,0.29901960784313725,61,204,2835,Vol_High,2025-09-02,10S
COINBASE->BYBITSPOT,0.31555555555555553,71,225,3068,Vol_High,2025-09-02,10S
COINBASE->BITGET,0.34418604651162793,74,215,2989,Vol_High,2025-09-02,10S
BYBITSPOT->BINANCE,0.275,55,200,2705,Vol_High,2025-09-02,10S
BYBITSPOT->COINBASE,0.3436123348017621,78,227,3098,Vol_High,2025-09-02,10S
BYBITSPOT->BITGET,0.2336448598130841,50,214,2908,Vol_High,2025-09-02,10S
BITGET->BINANCE,0.2755102040816326,54,196,2630,Vol_High,2025-09-02,10S
BITGET->COINBASE,0.29577464788732394,63,213,2988,Vol_High,2025-09-02,10S
BITGET->BYBITSPOT,0.26666666666666666,56,210,2880,Vol_High,2025-09-02,10S
BINANCE->COINBASE,0.3740875912408759,205,548,4647,Wash_Low,2025-09-02,10S
BINANCE->BYBITSPOT,0.39042357274401474,212,543,4561,Wash_Low,2025-09-02,10S
BINANCE->BITGET,0.7606177606177607,394,518,4361,Wash_Low,2025-09-02,10S
COINBASE->BINANCE,0.48816029143898,268,549,4669,Wash_Low,2025-09-02,10S
COINBASE->BYBITSPOT,0.3945945945945946,219,555,4900,Wash_Low,2025-09-02,10S
COINBASE->BITGET,0.47217235188509876,263,557,4763,Wash_Low,2025-09-02,10S
BYBITSPOT->BINANCE,0.4244604316546763,236,556,4714,Wash_Low,2025-09-02,10S
BYBITSPOT->COINBASE,0.3710247349823322,210,566,5010,Wash_Low,2025-09-02,10S
BYBITSPOT->BITGET,0.3945945945945946,219,555,4781,Wash_Low,2025-09-02,10S
BITGET->BINANCE,0.4096153846153846,213,520,4383,Wash_Low,2025-09-02,10S
BITGET->COINBASE,0.34900542495479203,193,553,4734,Wash_Low,2025-09-02,10S
BITGET->BYBITSPOT,0.34870848708487084,189,542,4629,Wash_Low,2025-09-02,10S
BINANCE->COINBASE,0.4897959183673469,240,490,3948,Wash_High,2025-09-02,10S
BINANCE->BYBITSPOT,0.4410569105691057,217,492,3857,Wash_High,2025-09-02,10S
BINANCE->BITGET,0.6933867735470942,346,499,4234,Wash_High,2025-09-02,10S
COINBASE->BINANCE,0.6091269841269841,307,504,3968,Wash_High,2025-09-02,10S
COINBASE->BYBITSPOT,0.5364238410596026,243,453,3540,Wash_High,2025-09-02,10S
COINBASE->BITGET,0.5791666666666667,278,480,3858,Wash_High,2025-09-02,10S
BYBITSPOT->BINANCE,0.5264227642276422,259,492,3877,Wash_High,2025-09-02,10S
BYBITSPOT->COINBASE,0.45253863134657835,205,453,3587,Wash_High,2025-09-02,10S
BYBITSPOT->BITGET,0.49390243902439024,243,492,3813,Wash_High,2025-09-02,10S
BITGET->BINANCE,0.5177865612648221,262,506,4240,Wash_High,2025-09-02,10S
BITGET->COINBASE,0.44948453608247424,218,485,3890,Wash_High,2025-09-02,10S
BITGET->BYBITSPOT,0.4094650205761317,199,486,3811,Wash_High,2025-09-02,10S
BINANCE->COINBASE,0.30244755244755245,173,572,5731,Full,2025-09-02,15S
BINANCE->BYBITSPOT,0.29411764705882354,165,561,5621,Full,2025-09-02,15S
BINANCE->BITGET,0.38286713286713286,219,572,5731,Full,2025-09-02,15S
COINBASE->BINANCE,0.3867595818815331,222,574,5760,Full,2025-09-02,15S
COINBASE->BYBITSPOT,0.33747779751332146,190,563,5641,Full,2025-09-02,15S
COINBASE->BITGET,0.367595818815331,211,574,5751,Full,2025-09-02,15S
BYBITSPOT->BINANCE,0.33797909407665505,194,574,5755,Full,2025-09-02,15S
BYBITSPOT->COINBASE,0.2665505226480836,153,574,5756,Full,2025-09-02,15S
BYBITSPOT->BITGET,0.35365853658536583,203,574,5753,Full,2025-09-02,15S
BITGET->BINANCE,0.33797909407665505,194,574,5754,Full,2025-09-02,15S
BITGET->COINBASE,0.29442508710801396,169,574,5754,Full,2025-09-02,15S
BITGET->BYBITSPOT,0.29307282415630553,165,563,5641,Full,2025-09-02,15S
BINANCE->COINBASE,0.2872340425531915,54,188,1897,Vol_Low,2025-09-02,15S
BINANCE->BYBITSPOT,0.31527093596059114,64,203,1967,Vol_Low,2025-09-02,15S
BINANCE->BITGET,0.4312796208530806,91,211,2123,Vol_Low,2025-09-02,15S
COINBASE->BINANCE,0.421875,81,192,1917,Vol_Low,2025-09-02,15S
COINBASE->BYBITSPOT,0.3588235294117647,61,170,1652,Vol_Low,2025-09-02,15S
COINBASE->BITGET,0.48633879781420764,89,183,1830,Vol_Low,2025-09-02,15S
BYBITSPOT->BINANCE,0.4019607843137255,82,204,2024,Vol_Low,2025-09-02,15S
BYBITSPOT->COINBASE,0.2742857142857143,48,175,1692,Vol_Low,2025-09-02,15S
BYBITSPOT->BITGET,0.40487804878048783,83,205,1927,Vol_Low,2025-09-02,15S
BITGET->BINANCE,0.3886255924170616,82,211,2140,Vol_Low,2025-09-02,15S
BITGET->COINBASE,0.26229508196721313,48,183,1828,Vol_Low,2025-09-02,15S
BITGET->BYBITSPOT,0.36923076923076925,72,195,1886,Vol_Low,2025-09-02,15S
BINANCE->COINBASE,0.30392156862745096,62,204,1939,Vol_Med,2025-09-02,15S
BINANCE->BYBITSPOT,0.37823834196891193,73,193,1856,Vol_Med,2025-09-02,15S
BINANCE->BITGET,0.4842105263157895,92,190,1855,Vol_Med,2025-09-02,15S
COINBASE->BINANCE,0.40384615384615385,84,208,1953,Vol_Med,2025-09-02,15S
COINBASE->BYBITSPOT,0.35384615384615387,69,195,1937,Vol_Med,2025-09-02,15S
COINBASE->BITGET,0.4030612244897959,79,196,1928,Vol_Med,2025-09-02,15S
BYBITSPOT->BINANCE,0.38578680203045684,76,197,1921,Vol_Med,2025-09-02,15S
BYBITSPOT->COINBASE,0.37185929648241206,74,199,1994,Vol_Med,2025-09-02,15S
BYBITSPOT->BITGET,0.4648648648648649,86,185,1889,Vol_Med,2025-09-02,15S
BITGET->BINANCE,0.36507936507936506,69,189,1853,Vol_Med,2025-09-02,15S
BITGET->COINBASE,0.32663316582914576,65,199,1926,Vol_Med,2025-09-02,15S
BITGET->BYBITSPOT,0.3128491620111732,56,179,1831,Vol_Med,2025-09-02,15S
BINANCE->COINBASE,0.3177083333333333,61,192,1895,Vol_High,2025-09-02,15S
BINANCE->BYBITSPOT,0.2777777777777778,50,180,1798,Vol_High,2025-09-02,15S
BINANCE->BITGET,0.3409090909090909,60,176,1753,Vol_High,2025-09-02,15S
COINBASE->BINANCE,0.38095238095238093,72,189,1890,Vol_High,2025-09-02,15S
COINBASE->BYBITSPOT,0.34299516908212563,71,207,2052,Vol_High,2025-09-02,15S
COINBASE->BITGET,0.39800995024875624,80,201,1993,Vol_High,2025-09-02,15S
BYBITSPOT->BINANCE,0.3,54,180,1810,Vol_High,2025-09-02,15S
BYBITSPOT->COINBASE,0.3160377358490566,67,212,2070,Vol_High,2025-09-02,15S
BYBITSPOT->BITGET,0.3401015228426396,67,197,1937,Vol_High,2025-09-02,15S
BITGET->BINANCE,0.3220338983050847,57,177,1761,Vol_High,2025-09-02,15S
BITGET->COINBASE,0.3564356435643564,72,202,2000,Vol_High,2025-09-02,15S
BITGET->BYBITSPOT,0.3697916666666667,71,192,1924,Vol_High,2025-09-02,15S
BINANCE->COINBASE,0.3053571428571429,171,560,4279,Wash_Low,2025-09-02,15S
BINANCE->BYBITSPOT,0.3834862385321101,209,545,4137,Wash_Low,2025-09-02,15S
BINANCE->BITGET,0.4399260628465804,238,541,3958,Wash_Low,2025-09-02,15S
COINBASE->BINANCE,0.44665461121157324,247,553,4284,Wash_Low,2025-09-02,15S
COINBASE->BYBITSPOT,0.4221014492753623,233,552,4345,Wash_Low,2025-09-02,15S
COINBASE->BITGET,0.42907801418439717,242,564,4355,Wash_Low,2025-09-02,15S
BYBITSPOT->BINANCE,0.4249084249084249,232,546,4134,Wash_Low,2025-09-02,15S
BYBITSPOT->COINBASE,0.39928698752228164,224,561,4376,Wash_Low,2025-09-02,15S
BYBITSPOT->BITGET,0.4537205081669691,250,551,4199,Wash_Low,2025-09-02,15S
BITGET->BINANCE,0.44360902255639095,236,532,3983,Wash_Low,2025-09-02,15S
BITGET->COINBASE,0.3435251798561151,191,556,4353,Wash_Low,2025-09-02,15S
BITGET->BYBITSPOT,0.3974121996303142,215,541,4161,Wash_Low,2025-09-02,15S
BINANCE->COINBASE,0.48,12,25,1452,Wash_High,2025-09-02,15S
BINANCE->BYBITSPOT,0.45454545454545453,15,33,1484,Wash_High,2025-09-02,15S
BINANCE->BITGET,0.5614035087719298,32,57,1773,Wash_High,2025-09-02,15S
COINBASE->BINANCE,0.7647058823529411,26,34,1476,Wash_High,2025-09-02,15S
COINBASE->BYBITSPOT,0.6666666666666666,14,21,1296,Wash_High,2025-09-02,15S
COINBASE->BITGET,0.75,18,24,1396,Wash_High,2025-09-02,15S
BYBITSPOT->BINANCE,0.5098039215686274,26,51,1621,Wash_High,2025-09-02,15S
BYBITSPOT->COINBASE,0.34615384615384615,9,26,1380,Wash_High,2025-09-02,15S
BYBITSPOT->BITGET,0.6304347826086957,29,46,1554,Wash_High,2025-09-02,15S
BITGET->BINANCE,0.5454545454545454,42,77,1771,Wash_High,2025-09-02,15S
BITGET->COINBASE,0.5172413793103449,15,29,1401,Wash_High,2025-09-02,15S
BITGET->BYBITSPOT,0.4090909090909091,18,44,1480,Wash_High,2025-09-02,15S
BINANCE->COINBASE,0.28496503496503495,163,572,2866,Full,2025-09-02,30S
BINANCE->BYBITSPOT,0.31194295900178254,175,561,2811,Full,2025-09-02,30S
BINANCE->BITGET,0.38070175438596493,217,570,2866,Full,2025-09-02,30S
COINBASE->BINANCE,0.4425087108013937,254,574,2880,Full,2025-09-02,30S
COINBASE->BYBITSPOT,0.33037300177619894,186,563,2821,Full,2025-09-02,30S
COINBASE->BITGET,0.4125874125874126,236,572,2876,Full,2025-09-02,30S
BYBITSPOT->BINANCE,0.3519163763066202,202,574,2880,Full,2025-09-02,30S
BYBITSPOT->COINBASE,0.3170731707317073,182,574,2880,Full,2025-09-02,30S
BYBITSPOT->BITGET,0.38286713286713286,219,572,2879,Full,2025-09-02,30S
BITGET->BINANCE,0.3929824561403509,224,570,2878,Full,2025-09-02,30S
BITGET->COINBASE,0.30823117338003503,176,571,2878,Full,2025-09-02,30S
BITGET->BYBITSPOT,0.295169946332737,165,559,2822,Full,2025-09-02,30S
BINANCE->COINBASE,0.3023255813953488,39,129,951,Vol_Low,2025-09-02,30S
BINANCE->BYBITSPOT,0.3358208955223881,45,134,982,Vol_Low,2025-09-02,30S
BINANCE->BITGET,0.43478260869565216,60,138,1064,Vol_Low,2025-09-02,30S
COINBASE->BINANCE,0.5074626865671642,68,134,961,Vol_Low,2025-09-02,30S
COINBASE->BYBITSPOT,0.44339622641509435,47,106,821,Vol_Low,2025-09-02,30S
COINBASE->BITGET,0.5537190082644629,67,121,909,Vol_Low,2025-09-02,30S
BYBITSPOT->BINANCE,0.41304347826086957,57,138,1016,Vol_Low,2025-09-02,30S
BYBITSPOT->COINBASE,0.33636363636363636,37,110,844,Vol_Low,2025-09-02,30S
BYBITSPOT->BITGET,0.44166666666666665,53,120,966,Vol_Low,2025-09-02,30S
BITGET->BINANCE,0.4892086330935252,68,139,1074,Vol_Low,2025-09-02,30S
BITGET->COINBASE,0.29508196721311475,36,122,919,Vol_Low,2025-09-02,30S
BITGET->BYBITSPOT,0.3103448275862069,36,116,939,Vol_Low,2025-09-02,30S
BINANCE->COINBASE,0.23655913978494625,22,93,965,Vol_Med,2025-09-02,30S
BINANCE->BYBITSPOT,0.25287356321839083,22,87,929,Vol_Med,2025-09-02,30S
BINANCE->BITGET,0.3770491803278688,23,61,925,Vol_Med,2025-09-02,30S
COINBASE->BINANCE,0.3723404255319149,35,94,971,Vol_Med,2025-09-02,30S
COINBASE->BYBITSPOT,0.41935483870967744,39,93,972,Vol_Med,2025-09-02,30S
COINBASE->BITGET,0.3333333333333333,31,93,973,Vol_Med,2025-09-02,30S
BYBITSPOT->BINANCE,0.4065934065934066,37,91,962,Vol_Med,2025-09-02,30S
BYBITSPOT->COINBASE,0.43564356435643564,44,101,992,Vol_Med,2025-09-02,30S
BYBITSPOT->BITGET,0.4024390243902439,33,82,944,Vol_Med,2025-09-02,30S
BITGET->BINANCE,0.3333333333333333,20,60,927,Vol_Med,2025-09-02,30S
BITGET->COINBASE,0.2289156626506024,19,83,965,Vol_Med,2025-09-02,30S
BITGET->BYBITSPOT,0.25925925925925924,21,81,920,Vol_Med,2025-09-02,30S
BINANCE->COINBASE,0.3108108108108108,46,148,950,Vol_High,2025-09-02,30S
BINANCE->BYBITSPOT,0.2517985611510791,35,139,900,Vol_High,2025-09-02,30S
BINANCE->BITGET,0.21367521367521367,25,117,877,Vol_High,2025-09-02,30S
COINBASE->BINANCE,0.3422818791946309,51,149,948,Vol_High,2025-09-02,30S
COINBASE->BYBITSPOT,0.3333333333333333,52,156,1028,Vol_High,2025-09-02,30S
COINBASE->BITGET,0.4025974025974026,62,154,994,Vol_High,2025-09-02,30S
BYBITSPOT->BINANCE,0.3358208955223881,45,134,902,Vol_High,2025-09-02,30S
BYBITSPOT->COINBASE,0.3057324840764331,48,157,1044,Vol_High,2025-09-02,30S
BYBITSPOT->BITGET,0.3197278911564626,47,147,969,Vol_High,2025-09-02,30S
BITGET->BINANCE,0.20512820512820512,24,117,877,Vol_High,2025-09-02,30S
BITGET->COINBASE,0.31210191082802546,49,157,994,Vol_High,2025-09-02,30S
BITGET->BYBITSPOT,0.2896551724137931,42,145,963,Vol_High,2025-09-02,30S
BINANCE->COINBASE,0.3888888888888889,7,18,1657,Wash_Low,2025-09-02,30S
BINANCE->BYBITSPOT,0.3333333333333333,2,6,1561,Wash_Low,2025-09-02,30S
BINANCE->BITGET,0.5555555555555556,5,9,1448,Wash_Low,2025-09-02,30S
COINBASE->BINANCE,0.35294117647058826,6,17,1636,Wash_Low,2025-09-02,30S
COINBASE->BYBITSPOT,0.47368421052631576,9,19,1736,Wash_Low,2025-09-02,30S
COINBASE->BITGET,0.4666666666666667,7,15,1683,Wash_Low,2025-09-02,30S
BYBITSPOT->BINANCE,0.4,2,5,1550,Wash_Low,2025-09-02,30S
BYBITSPOT->COINBASE,0.3,3,10,1720,Wash_Low,2025-09-02,30S
BYBITSPOT->BITGET,0.2,1,5,1584,Wash_Low,2025-09-02,30S
BITGET->BINANCE,0.25,2,8,1443,Wash_Low,2025-09-02,30S
BITGET->COINBASE,0.38095238095238093,8,21,1701,Wash_Low,2025-09-02,30S
BITGET->BYBITSPOT,0.375,3,8,1580,Wash_Low,2025-09-02,30S
BINANCE->COINBASE,0.0,0,1,1209,Wash_High,2025-09-02,30S
BINANCE->BYBITSPOT,0.0,0,1,1250,Wash_High,2025-09-02,30S
BINANCE->BITGET,0.0,0,2,1418,Wash_High,2025-09-02,30S
COINBASE->BINANCE,0.3333333333333333,1,3,1244,Wash_High,2025-09-02,30S
COINBASE->BYBITSPOT,0.5,1,2,1085,Wash_High,2025-09-02,30S
COINBASE->BITGET,0.0,0,1,1193,Wash_High,2025-09-02,30S
BYBITSPOT->BINANCE,0.3333333333333333,1,3,1330,Wash_High,2025-09-02,30S
BYBITSPOT->COINBASE,0.6666666666666666,2,3,1160,Wash_High,2025-09-02,30S
BYBITSPOT->BITGET,0.0,0,1,1295,Wash_High,2025-09-02,30S
BITGET->BINANCE,0.5,4,8,1435,Wash_High,2025-09-02,30S
BITGET->COINBASE,0.5,1,2,1177,Wash_High,2025-09-02,30S
BITGET->BYBITSPOT,0.4,2,5,1242,Wash_High,2025-09-02,30S
BINANCE->COINBASE,0.2574430823117338,147,571,17083,Full,2025-09-03,1S
BINANCE->BYBITSPOT,0.20863309352517986,116,556,16211,Full,2025-09-03,1S
BINANCE->BITGET,0.24022346368715083,129,537,15230,Full,2025-09-03,1S
COINBASE->BINANCE,0.289198606271777,166,574,17112,Full,2025-09-03,1S
COINBASE->BYBITSPOT,0.26654740608228983,149,559,16125,Full,2025-09-03,1S
COINBASE->BITGET,0.30241187384044527,163,539,15142,Full,2025-09-03,1S
BYBITSPOT->BINANCE,0.24041811846689895,138,574,16211,Full,2025-09-03,1S
BYBITSPOT->COINBASE,0.18641114982578397,107,574,16125,Full,2025-09-03,1S
BYBITSPOT->BITGET,0.2857142857142857,158,553,14740,Full,2025-09-03,1S
BITGET->BINANCE,0.22473867595818817,129,574,15230,Full,2025-09-03,1S
BITGET->COINBASE,0.22125435540069685,127,574,15142,Full,2025-09-03,1S
BITGET->BYBITSPOT,0.22822299651567945,131,574,14740,Full,2025-09-03,1S
BINANCE->COINBASE,0.21132075471698114,56,265,6242,Vol_Low,2025-09-03,1S
BINANCE->BYBITSPOT,0.16783216783216784,48,286,6407,Vol_Low,2025-09-03,1S
BINANCE->BITGET,0.30952380952380953,78,252,5336,Vol_Low,2025-09-03,1S
COINBASE->BINANCE,0.37358490566037733,99,265,6268,Vol_Low,2025-09-03,1S
COINBASE->BYBITSPOT,0.3125,70,224,4792,Vol_Low,2025-09-03,1S
COINBASE->BITGET,0.37745098039215685,77,204,4099,Vol_Low,2025-09-03,1S
BYBITSPOT->BINANCE,0.32653061224489793,96,294,6394,Vol_Low,2025-09-03,1S
BYBITSPOT->COINBASE,0.21367521367521367,50,234,4790,Vol_Low,2025-09-03,1S
BYBITSPOT->BITGET,0.34801762114537443,79,227,4645,Vol_Low,2025-09-03,1S
BITGET->BINANCE,0.2873134328358209,77,268,5327,Vol_Low,2025-09-03,1S
BITGET->COINBASE,0.271889400921659,59,217,4099,Vol_Low,2025-09-03,1S
BITGET->BYBITSPOT,0.24152542372881355,57,236,4632,Vol_Low,2025-09-03,1S
BINANCE->COINBASE,0.33797909407665505,97,287,5480,Vol_Med,2025-09-03,1S
BINANCE->BYBITSPOT,0.3087719298245614,88,285,5091,Vol_Med,2025-09-03,1S
BINANCE->BITGET,0.27835051546391754,81,291,5299,Vol_Med,2025-09-03,1S
COINBASE->BINANCE,0.37943262411347517,107,282,5489,Vol_Med,2025-09-03,1S
COINBASE->BYBITSPOT,0.3894736842105263,111,285,5354,Vol_Med,2025-09-03,1S
COINBASE->BITGET,0.34915254237288135,103,295,5369,Vol_Med,2025-09-03,1S
BYBITSPOT->BINANCE,0.3620689655172414,105,290,5104,Vol_Med,2025-09-03,1S
BYBITSPOT->COINBASE,0.25,71,284,5356,Vol_Med,2025-09-03,1S
BYBITSPOT->BITGET,0.3210332103321033,87,271,4899,Vol_Med,2025-09-03,1S
BITGET->BINANCE,0.28013029315960913,86,307,5308,Vol_Med,2025-09-03,1S
BITGET->COINBASE,0.24482758620689654,71,290,5369,Vol_Med,2025-09-03,1S
BITGET->BYBITSPOT,0.28363636363636363,78,275,4912,Vol_Med,2025-09-03,1S
BINANCE->COINBASE,0.29515418502202645,67,227,5361,Vol_High,2025-09-03,1S
BINANCE->BYBITSPOT,0.3194444444444444,69,216,4713,Vol_High,2025-09-03,1S
BINANCE->BITGET,0.29850746268656714,60,201,4595,Vol_High,2025-09-03,1S
COINBASE->BINANCE,0.2807017543859649,64,228,5355,Vol_High,2025-09-03,1S
COINBASE->BYBITSPOT,0.27165354330708663,69,254,5979,Vol_High,2025-09-03,1S
COINBASE->BITGET,0.3020408163265306,74,245,5674,Vol_High,2025-09-03,1S
BYBITSPOT->BINANCE,0.29107981220657275,62,213,4713,Vol_High,2025-09-03,1S
BYBITSPOT->COINBASE,0.22745098039215686,58,255,5979,Vol_High,2025-09-03,1S
BYBITSPOT->BITGET,0.24444444444444444,55,225,5196,Vol_High,2025-09-03,1S
BITGET->BINANCE,0.2727272727272727,57,209,4595,Vol_High,2025-09-03,1S
BITGET->COINBASE,0.24609375,63,256,5674,Vol_High,2025-09-03,1S
BITGET->BYBITSPOT,0.24336283185840707,55,226,5196,Vol_High,2025-09-03,1S
BINANCE->COINBASE,0.37653239929947463,215,571,10465,Wash_Low,2025-09-03,1S
BINANCE->BYBITSPOT,0.29676258992805754,165,556,10035,Wash_Low,2025-09-03,1S
BINANCE->BITGET,0.3240223463687151,174,537,9197,Wash_Low,2025-09-03,1S
COINBASE->BINANCE,0.42857142857142855,246,574,10478,Wash_Low,2025-09-03,1S
COINBASE->BYBITSPOT,0.2992831541218638,167,558,10590,Wash_Low,2025-09-03,1S
COINBASE->BITGET,0.38404452690166974,207,539,9753,Wash_Low,2025-09-03,1S
BYBITSPOT->BINANCE,0.3606271777003484,207,574,10035,Wash_Low,2025-09-03,1S
BYBITSPOT->COINBASE,0.2700348432055749,155,574,10590,Wash_Low,2025-09-03,1S
BYBITSPOT->BITGET,0.31103074141048825,172,553,9356,Wash_Low,2025-09-03,1S
BITGET->BINANCE,0.30313588850174217,174,574,9197,Wash_Low,2025-09-03,1S
BITGET->COINBASE,0.259581881533101,149,574,9753,Wash_Low,2025-09-03,1S
BITGET->BYBITSPOT,0.2931937172774869,168,573,9356,Wash_Low,2025-09-03,1S
BINANCE->COINBASE,0.6690017513134852,382,571,6618,Wash_High,2025-09-03,1S
BINANCE->BYBITSPOT,0.5884476534296029,326,554,6176,Wash_High,2025-09-03,1S
BINANCE->BITGET,0.6604127579737336,352,533,6033,Wash_High,2025-09-03,1S
COINBASE->BINANCE,0.8248686514886164,471,571,6634,Wash_High,2025-09-03,1S
COINBASE->BYBITSPOT,0.8144144144144144,452,555,5535,Wash_High,2025-09-03,1S
COINBASE->BITGET,0.8424015009380863,449,533,5389,Wash_High,2025-09-03,1S
BYBITSPOT->BINANCE,0.7530647985989493,430,571,6176,Wash_High,2025-09-03,1S
BYBITSPOT->COINBASE,0.702276707530648,401,571,5535,Wash_High,2025-09-03,1S
BYBITSPOT->BITGET,0.7652495378927912,414,541,5384,Wash_High,2025-09-03,1S
BITGET->BINANCE,0.6841155234657039,379,554,6033,Wash_High,2025-09-03,1S
BITGET->COINBASE,0.644808743169399,354,549,5389,Wash_High,2025-09-03,1S
BITGET->BYBITSPOT,0.6838235294117647,372,544,5384,Wash_High,2025-09-03,1S
BINANCE->COINBASE,0.2574430823117338,147,571,17083,Full,2025-09-03,2S
BINANCE->BYBITSPOT,0.20863309352517986,116,556,16211,Full,2025-09-03,2S
BINANCE->BITGET,0.24022346368715083,129,537,15230,Full,2025-09-03,2S
COINBASE->BINANCE,0.289198606271777,166,574,17112,Full,2025-09-03,2S
COINBASE->BYBITSPOT,0.26654740608228983,149,559,16125,Full,2025-09-03,2S
COINBASE->BITGET,0.30241187384044527,163,539,15142,Full,2025-09-03,2S
BYBITSPOT->BINANCE,0.24041811846689895,138,574,16211,Full,2025-09-03,2S
BYBITSPOT->COINBASE,0.18641114982578397,107,574,16125,Full,2025-09-03,2S
BYBITSPOT->BITGET,0.2857142857142857,158,553,14740,Full,2025-09-03,2S
BITGET->BINANCE,0.22473867595818817,129,574,15230,Full,2025-09-03,2S
BITGET->COINBASE,0.22125435540069685,127,574,15142,Full,2025-09-03,2S
BITGET->BYBITSPOT,0.22822299651567945,131,574,14740,Full,2025-09-03,2S
BINANCE->COINBASE,0.21132075471698114,56,265,6242,Vol_Low,2025-09-03,2S
BINANCE->BYBITSPOT,0.16783216783216784,48,286,6407,Vol_Low,2025-09-03,2S
BINANCE->BITGET,0.30952380952380953,78,252,5336,Vol_Low,2025-09-03,2S
COINBASE->BINANCE,0.37358490566037733,99,265,6268,Vol_Low,2025-09-03,2S
COINBASE->BYBITSPOT,0.3125,70,224,4792,Vol_Low,2025-09-03,2S
COINBASE->BITGET,0.37745098039215685,77,204,4099,Vol_Low,2025-09-03,2S
BYBITSPOT->BINANCE,0.32653061224489793,96,294,6394,Vol_Low,2025-09-03,2S
BYBITSPOT->COINBASE,0.21367521367521367,50,234,4790,Vol_Low,2025-09-03,2S
BYBITSPOT->BITGET,0.34801762114537443,79,227,4645,Vol_Low,2025-09-03,2S
BITGET->BINANCE,0.2873134328358209,77,268,5327,Vol_Low,2025-09-03,2S
BITGET->COINBASE,0.271889400921659,59,217,4099,Vol_Low,2025-09-03,2S
BITGET->BYBITSPOT,0.24152542372881355,57,236,4632,Vol_Low,2025-09-03,2S
BINANCE->COINBASE,0.33797909407665505,97,287,5480,Vol_Med,2025-09-03,2S
BINANCE->BYBITSPOT,0.3087719298245614,88,285,5091,Vol_Med,2025-09-03,2S
BINANCE->BITGET,0.27835051546391754,81,291,5299,Vol_Med,2025-09-03,2S
COINBASE->BINANCE,0.37943262411347517,107,282,5489,Vol_Med,2025-09-03,2S
COINBASE->BYBITSPOT,0.3894736842105263,111,285,5354,Vol_Med,2025-09-03,2S
COINBASE->BITGET,0.34915254237288135,103,295,5369,Vol_Med,2025-09-03,2S
BYBITSPOT->BINANCE,0.3620689655172414,105,290,5104,Vol_Med,2025-09-03,2S
BYBITSPOT->COINBASE,0.25,71,284,5356,Vol_Med,2025-09-03,2S
BYBITSPOT->BITGET,0.3210332103321033,87,271,4899,Vol_Med,2025-09-03,2S
BITGET->BINANCE,0.28013029315960913,86,307,5308,Vol_Med,2025-09-03,2S
BITGET->COINBASE,0.24482758620689654,71,290,5369,Vol_Med,2025-09-03,2S
BITGET->BYBITSPOT,0.28363636363636363,78,275,4912,Vol_Med,2025-09-03,2S
BINANCE->COINBASE,0.29515418502202645,67,227,5361,Vol_High,2025-09-03,2S
BINANCE->BYBITSPOT,0.3194444444444444,69,216,4713,Vol_High,2025-09-03,2S
BINANCE->BITGET,0.29850746268656714,60,201,4595,Vol_High,2025-09-03,2S
COINBASE->BINANCE,0.2807017543859649,64,228,5355,Vol_High,2025-09-03,2S
COINBASE->BYBITSPOT,0.27165354330708663,69,254,5979,Vol_High,2025-09-03,2S
COINBASE->BITGET,0.3020408163265306,74,245,5674,Vol_High,2025-09-03,2S
BYBITSPOT->BINANCE,0.29107981220657275,62,213,4713,Vol_High,2025-09-03,2S
BYBITSPOT->COINBASE,0.22745098039215686,58,255,5979,Vol_High,2025-09-03,2S
BYBITSPOT->BITGET,0.24444444444444444,55,225,5196,Vol_High,2025-09-03,2S
BITGET->BINANCE,0.2727272727272727,57,209,4595,Vol_High,2025-09-03,2S
BITGET->COINBASE,0.24609375,63,256,5674,Vol_High,2025-09-03,2S
BITGET->BYBITSPOT,0.24336283185840707,55,226,5196,Vol_High,2025-09-03,2S
BINANCE->COINBASE,0.37653239929947463,215,571,10465,Wash_Low,2025-09-03,2S
BINANCE->BYBITSPOT,0.29676258992805754,165,556,10035,Wash_Low,2025-09-03,2S
BINANCE->BITGET,0.3240223463687151,174,537,9197,Wash_Low,2025-09-03,2S
COINBASE->BINANCE,0.42857142857142855,246,574,10478,Wash_Low,2025-09-03,2S
COINBASE->BYBITSPOT,0.2992831541218638,167,558,10590,Wash_Low,2025-09-03,2S
COINBASE->BITGET,0.38404452690166974,207,539,9753,Wash_Low,2025-09-03,2S
BYBITSPOT->BINANCE,0.3606271777003484,207,574,10035,Wash_Low,2025-09-03,2S
BYBITSPOT->COINBASE,0.2700348432055749,155,574,10590,Wash_Low,2025-09-03,2S
BYBITSPOT->BITGET,0.31103074141048825,172,553,9356,Wash_Low,2025-09-03,2S
BITGET->BINANCE,0.30313588850174217,174,574,9197,Wash_Low,2025-09-03,2S
BITGET->COINBASE,0.259581881533101,149,574,9753,Wash_Low,2025-09-03,2S
BITGET->BYBITSPOT,0.2931937172774869,168,573,9356,Wash_Low,2025-09-03,2S
BINANCE->COINBASE,0.6690017513134852,382,571,6618,Wash_High,2025-09-03,2S
BINANCE->BYBITSPOT,0.5884476534296029,326,554,6176,Wash_High,2025-09-03,2S
BINANCE->BITGET,0.6604127579737336,352,533,6033,Wash_High,2025-09-03,2S
COINBASE->BINANCE,0.8248686514886164,471,571,6634,Wash_High,2025-09-03,2S
COINBASE->BYBITSPOT,0.8144144144144144,452,555,5535,Wash_High,2025-09-03,2S
COINBASE->BITGET,0.8424015009380863,449,533,5389,Wash_High,2025-09-03,2S
BYBITSPOT->BINANCE,0.7530647985989493,430,571,6176,Wash_High,2025-09-03,2S
BYBITSPOT->COINBASE,0.702276707530648,401,571,5535,Wash_High,2025-09-03,2S
BYBITSPOT->BITGET,0.7652495378927912,414,541,5384,Wash_High,2025-09-03,2S
BITGET->BINANCE,0.6841155234657039,379,554,6033,Wash_High,2025-09-03,2S
BITGET->COINBASE,0.644808743169399,354,549,5389,Wash_High,2025-09-03,2S
BITGET->BYBITSPOT,0.6838235294117647,372,544,5384,Wash_High,2025-09-03,2S
BINANCE->COINBASE,0.2574430823117338,147,571,17083,Full,2025-09-03,5S
BINANCE->BYBITSPOT,0.20863309352517986,116,556,16211,Full,2025-09-03,5S
BINANCE->BITGET,0.24022346368715083,129,537,15230,Full,2025-09-03,5S
COINBASE->BINANCE,0.289198606271777,166,574,17112,Full,2025-09-03,5S
COINBASE->BYBITSPOT,0.26654740608228983,149,559,16125,Full,2025-09-03,5S
COINBASE->BITGET,0.30241187384044527,163,539,15142,Full,2025-09-03,5S
BYBITSPOT->BINANCE,0.24041811846689895,138,574,16211,Full,2025-09-03,5S
BYBITSPOT->COINBASE,0.18641114982578397,107,574,16125,Full,2025-09-03,5S
BYBITSPOT->BITGET,0.2857142857142857,158,553,14740,Full,2025-09-03,5S
BITGET->BINANCE,0.22473867595818817,129,574,15230,Full,2025-09-03,5S
BITGET->COINBASE,0.22125435540069685,127,574,15142,Full,2025-09-03,5S
BITGET->BYBITSPOT,0.22822299651567945,131,574,14740,Full,2025-09-03,5S
BINANCE->COINBASE,0.21132075471698114,56,265,6242,Vol_Low,2025-09-03,5S
BINANCE->BYBITSPOT,0.16783216783216784,48,286,6407,Vol_Low,2025-09-03,5S
BINANCE->BITGET,0.30952380952380953,78,252,5336,Vol_Low,2025-09-03,5S
COINBASE->BINANCE,0.37358490566037733,99,265,6268,Vol_Low,2025-09-03,5S
COINBASE->BYBITSPOT,0.3125,70,224,4792,Vol_Low,2025-09-03,5S
COINBASE->BITGET,0.37745098039215685,77,204,4099,Vol_Low,2025-09-03,5S
BYBITSPOT->BINANCE,0.32653061224489793,96,294,6394,Vol_Low,2025-09-03,5S
BYBITSPOT->COINBASE,0.21367521367521367,50,234,4790,Vol_Low,2025-09-03,5S
BYBITSPOT->BITGET,0.34801762114537443,79,227,4645,Vol_Low,2025-09-03,5S
BITGET->BINANCE,0.2873134328358209,77,268,5327,Vol_Low,2025-09-03,5S
BITGET->COINBASE,0.271889400921659,59,217,4099,Vol_Low,2025-09-03,5S
BITGET->BYBITSPOT,0.24152542372881355,57,236,4632,Vol_Low,2025-09-03,5S
BINANCE->COINBASE,0.33797909407665505,97,287,5480,Vol_Med,2025-09-03,5S
BINANCE->BYBITSPOT,0.3087719298245614,88,285,5091,Vol_Med,2025-09-03,5S
BINANCE->BITGET,0.27835051546391754,81,291,5299,Vol_Med,2025-09-03,5S
COINBASE->BINANCE,0.37943262411347517,107,282,5489,Vol_Med,2025-09-03,5S
COINBASE->BYBITSPOT,0.3894736842105263,111,285,5354,Vol_Med,2025-09-03,5S
COINBASE->BITGET,0.34915254237288135,103,295,5369,Vol_Med,2025-09-03,5S
BYBITSPOT->BINANCE,0.3620689655172414,105,290,5104,Vol_Med,2025-09-03,5S
BYBITSPOT->COINBASE,0.25,71,284,5356,Vol_Med,2025-09-03,5S
BYBITSPOT->BITGET,0.3210332103321033,87,271,4899,Vol_Med,2025-09-03,5S
BITGET->BINANCE,0.28013029315960913,86,307,5308,Vol_Med,2025-09-03,5S
BITGET->COINBASE,0.24482758620689654,71,290,5369,Vol_Med,2025-09-03,5S
BITGET->BYBITSPOT,0.28363636363636363,78,275,4912,Vol_Med,2025-09-03,5S
BINANCE->COINBASE,0.29515418502202645,67,227,5361,Vol_High,2025-09-03,5S
BINANCE->BYBITSPOT,0.3194444444444444,69,216,4713,Vol_High,2025-09-03,5S
BINANCE->BITGET,0.29850746268656714,60,201,4595,Vol_High,2025-09-03,5S
COINBASE->BINANCE,0.2807017543859649,64,228,5355,Vol_High,2025-09-03,5S
COINBASE->BYBITSPOT,0.27165354330708663,69,254,5979,Vol_High,2025-09-03,5S
COINBASE->BITGET,0.3020408163265306,74,245,5674,Vol_High,2025-09-03,5S
BYBITSPOT->BINANCE,0.29107981220657275,62,213,4713,Vol_High,2025-09-03,5S
BYBITSPOT->COINBASE,0.22745098039215686,58,255,5979,Vol_High,2025-09-03,5S
BYBITSPOT->BITGET,0.24444444444444444,55,225,5196,Vol_High,2025-09-03,5S
BITGET->BINANCE,0.2727272727272727,57,209,4595,Vol_High,2025-09-03,5S
BITGET->COINBASE,0.24609375,63,256,5674,Vol_High,2025-09-03,5S
BITGET->BYBITSPOT,0.24336283185840707,55,226,5196,Vol_High,2025-09-03,5S
BINANCE->COINBASE,0.37653239929947463,215,571,10465,Wash_Low,2025-09-03,5S
BINANCE->BYBITSPOT,0.29676258992805754,165,556,10035,Wash_Low,2025-09-03,5S
BINANCE->BITGET,0.3240223463687151,174,537,9197,Wash_Low,2025-09-03,5S
COINBASE->BINANCE,0.42857142857142855,246,574,10478,Wash_Low,2025-09-03,5S
COINBASE->BYBITSPOT,0.2992831541218638,167,558,10590,Wash_Low,2025-09-03,5S
COINBASE->BITGET,0.38404452690166974,207,539,9753,Wash_Low,2025-09-03,5S
BYBITSPOT->BINANCE,0.3606271777003484,207,574,10035,Wash_Low,2025-09-03,5S
BYBITSPOT->COINBASE,0.2700348432055749,155,574,10590,Wash_Low,2025-09-03,5S
BYBITSPOT->BITGET,0.31103074141048825,172,553,9356,Wash_Low,2025-09-03,5S
BITGET->BINANCE,0.30313588850174217,174,574,9197,Wash_Low,2025-09-03,5S
BITGET->COINBASE,0.259581881533101,149,574,9753,Wash_Low,2025-09-03,5S
BITGET->BYBITSPOT,0.2931937172774869,168,573,9356,Wash_Low,2025-09-03,5S
BINANCE->COINBASE,0.6690017513134852,382,571,6618,Wash_High,2025-09-03,5S
BINANCE->BYBITSPOT,0.5884476534296029,326,554,6176,Wash_High,2025-09-03,5S
BINANCE->BITGET,0.6604127579737336,352,533,6033,Wash_High,2025-09-03,5S
COINBASE->BINANCE,0.8248686514886164,471,571,6634,Wash_High,2025-09-03,5S
COINBASE->BYBITSPOT,0.8144144144144144,452,555,5535,Wash_High,2025-09-03,5S
COINBASE->BITGET,0.8424015009380863,449,533,5389,Wash_High,2025-09-03,5S
BYBITSPOT->BINANCE,0.7530647985989493,430,571,6176,Wash_High,2025-09-03,5S
BYBITSPOT->COINBASE,0.702276707530648,401,571,5535,Wash_High,2025-09-03,5S
BYBITSPOT->BITGET,0.7652495378927912,414,541,5384,Wash_High,2025-09-03,5S
BITGET->BINANCE,0.6841155234657039,379,554,6033,Wash_High,2025-09-03,5S
BITGET->COINBASE,0.644808743169399,354,549,5389,Wash_High,2025-09-03,5S
BITGET->BYBITSPOT,0.6838235294117647,372,544,5384,Wash_High,2025-09-03,5S
BINANCE->COINBASE,0.2609457092819615,149,571,8585,Full,2025-09-03,10S
BINANCE->BYBITSPOT,0.25539568345323743,142,556,8340,Full,2025-09-03,10S
BINANCE->BITGET,0.24767225325884543,133,537,7944,Full,2025-09-03,10S
COINBASE->BINANCE,0.32926829268292684,189,574,8633,Full,2025-09-03,10S
COINBASE->BYBITSPOT,0.32379248658318427,181,559,8373,Full,2025-09-03,10S
COINBASE->BITGET,0.3692022263450835,199,539,7964,Full,2025-09-03,10S
BYBITSPOT->BINANCE,0.31881533101045295,183,574,8564,Full,2025-09-03,10S
BYBITSPOT->COINBASE,0.24912891986062718,143,574,8573,Full,2025-09-03,10S
BYBITSPOT->BITGET,0.3399638336347197,188,553,8040,Full,2025-09-03,10S
BITGET->BINANCE,0.25435540069686413,146,574,8272,Full,2025-09-03,10S
BITGET->COINBASE,0.2578397212543554,148,574,8260,Full,2025-09-03,10S
BITGET->BYBITSPOT,0.26480836236933797,152,574,8169,Full,2025-09-03,10S
BINANCE->COINBASE,0.20175438596491227,46,228,3109,Vol_Low,2025-09-03,10S
BINANCE->BYBITSPOT,0.23412698412698413,59,252,3294,Vol_Low,2025-09-03,10S
BINANCE->BITGET,0.3256880733944954,71,218,2756,Vol_Low,2025-09-03,10S
COINBASE->BINANCE,0.45064377682403434,105,233,3140,Vol_Low,2025-09-03,10S
COINBASE->BYBITSPOT,0.36787564766839376,71,193,2506,Vol_Low,2025-09-03,10S
COINBASE->BITGET,0.49700598802395207,83,167,2129,Vol_Low,2025-09-03,10S
BYBITSPOT->BINANCE,0.43018867924528303,114,265,3414,Vol_Low,2025-09-03,10S
BYBITSPOT->COINBASE,0.22613065326633167,45,199,2596,Vol_Low,2025-09-03,10S
BYBITSPOT->BITGET,0.35175879396984927,70,199,2551,Vol_Low,2025-09-03,10S
BITGET->BINANCE,0.41201716738197425,96,233,2917,Vol_Low,2025-09-03,10S
BITGET->COINBASE,0.2648648648648649,49,185,2234,Vol_Low,2025-09-03,10S
BITGET->BYBITSPOT,0.26732673267326734,54,202,2593,Vol_Low,2025-09-03,10S
BINANCE->COINBASE,0.2813852813852814,65,231,2733,Vol_Med,2025-09-03,10S
BINANCE->BYBITSPOT,0.3940677966101695,93,236,2615,Vol_Med,2025-09-03,10S
BINANCE->BITGET,0.3253012048192771,81,249,2776,Vol_Med,2025-09-03,10S
COINBASE->BINANCE,0.45041322314049587,109,242,2752,Vol_Med,2025-09-03,10S
COINBASE->BYBITSPOT,0.36752136752136755,86,234,2757,Vol_Med,2025-09-03,10S
COINBASE->BITGET,0.44166666666666665,106,240,2823,Vol_Med,2025-09-03,10S
BYBITSPOT->BINANCE,0.41596638655462187,99,238,2680,Vol_Med,2025-09-03,10S
BYBITSPOT->COINBASE,0.31092436974789917,74,238,2813,Vol_Med,2025-09-03,10S
BYBITSPOT->BITGET,0.3930131004366812,90,229,2722,Vol_Med,2025-09-03,10S
BITGET->BINANCE,0.37401574803149606,95,254,2883,Vol_Med,2025-09-03,10S
BITGET->COINBASE,0.25691699604743085,65,253,2910,Vol_Med,2025-09-03,10S
BITGET->BYBITSPOT,0.2542372881355932,60,236,2775,Vol_Med,2025-09-03,10S
BINANCE->COINBASE,0.28846153846153844,60,208,2743,Vol_High,2025-09-03,10S
BINANCE->BYBITSPOT,0.3439153439153439,65,189,2431,Vol_High,2025-09-03,10S
BINANCE->BITGET,0.30158730158730157,57,189,2412,Vol_High,2025-09-03,10S
COINBASE->BINANCE,0.30660377358490565,65,212,2741,Vol_High,2025-09-03,10S
COINBASE->BYBITSPOT,0.3620689655172414,84,232,3110,Vol_High,2025-09-03,10S
COINBASE->BITGET,0.35526315789473684,81,228,3012,Vol_High,2025-09-03,10S
BYBITSPOT->BINANCE,0.3096446700507614,61,197,2470,Vol_High,2025-09-03,10S
BYBITSPOT->COINBASE,0.3628691983122363,86,237,3164,Vol_High,2025-09-03,10S
BYBITSPOT->BITGET,0.3142857142857143,66,210,2767,Vol_High,2025-09-03,10S
BITGET->BINANCE,0.29441624365482233,58,197,2472,Vol_High,2025-09-03,10S
BITGET->COINBASE,0.2542372881355932,60,236,3116,Vol_High,2025-09-03,10S
BITGET->BYBITSPOT,0.29906542056074764,64,214,2801,Vol_High,2025-09-03,10S
BINANCE->COINBASE,0.3382084095063985,185,547,4381,Wash_Low,2025-09-03,10S
BINANCE->BYBITSPOT,0.4060721062618596,214,527,4186,Wash_Low,2025-09-03,10S
BINANCE->BITGET,0.4362549800796813,219,502,3927,Wash_Low,2025-09-03,10S
COINBASE->BINANCE,0.5255474452554745,288,548,4421,Wash_Low,2025-09-03,10S
COINBASE->BYBITSPOT,0.40619307832422585,223,549,4594,Wash_Low,2025-09-03,10S
COINBASE->BITGET,0.4961832061068702,260,524,4346,Wash_Low,2025-09-03,10S
BYBITSPOT->BINANCE,0.45054945054945056,246,546,4354,Wash_Low,2025-09-03,10S
BYBITSPOT->COINBASE,0.35650623885918004,200,561,4758,Wash_Low,2025-09-03,10S
BYBITSPOT->BITGET,0.45161290322580644,238,527,4276,Wash_Low,2025-09-03,10S
BITGET->BINANCE,0.46551724137931033,243,522,4113,Wash_Low,2025-09-03,10S
BITGET->COINBASE,0.331511839708561,182,549,4540,Wash_Low,2025-09-03,10S
BITGET->BYBITSPOT,0.3756906077348066,204,543,4407,Wash_Low,2025-09-03,10S
BINANCE->COINBASE,0.391713747645951,208,531,4204,Wash_High,2025-09-03,10S
BINANCE->BYBITSPOT,0.3806706114398422,193,507,4154,Wash_High,2025-09-03,10S
BINANCE->BITGET,0.45621181262729127,224,491,4017,Wash_High,2025-09-03,10S
COINBASE->BINANCE,0.5584905660377358,296,530,4212,Wash_High,2025-09-03,10S
COINBASE->BYBITSPOT,0.5150905432595574,256,497,3779,Wash_High,2025-09-03,10S
COINBASE->BITGET,0.5601659751037344,270,482,3618,Wash_High,2025-09-03,10S
BYBITSPOT->BINANCE,0.579047619047619,304,525,4210,Wash_High,2025-09-03,10S
BYBITSPOT->COINBASE,0.4530938123752495,227,501,3815,Wash_High,2025-09-03,10S
BYBITSPOT->BITGET,0.5355648535564853,256,478,3764,Wash_High,2025-09-03,10S
BITGET->BINANCE,0.4461839530332681,228,511,4159,Wash_High,2025-09-03,10S
BITGET->COINBASE,0.42735042735042733,200,468,3720,Wash_High,2025-09-03,10S
BITGET->BYBITSPOT,0.4360086767895879,201,461,3762,Wash_High,2025-09-03,10S
BINANCE->COINBASE,0.28546409807355516,163,571,5724,Full,2025-09-03,15S
BINANCE->BYBITSPOT,0.2751798561151079,153,556,5574,Full,2025-09-03,15S
BINANCE->BITGET,0.3165735567970205,170,537,5348,Full,2025-09-03,15S
COINBASE->BINANCE,0.38501742160278746,221,574,5760,Full,2025-09-03,15S
COINBASE->BYBITSPOT,0.34525939177101966,193,559,5600,Full,2025-09-03,15S
COINBASE->BITGET,0.39888682745825604,215,539,5369,Full,2025-09-03,15S
BYBITSPOT->BINANCE,0.39372822299651566,226,574,5754,Full,2025-09-03,15S
BYBITSPOT->COINBASE,0.29442508710801396,169,574,5754,Full,2025-09-03,15S
BYBITSPOT->BITGET,0.3743218806509946,207,553,5476,Full,2025-09-03,15S
BITGET->BINANCE,0.32926829268292684,189,574,5655,Full,2025-09-03,15S
BITGET->COINBASE,0.2804878048780488,161,574,5648,Full,2025-09-03,15S
BITGET->BYBITSPOT,0.32752613240418116,188,574,5611,Full,2025-09-03,15S
BINANCE->COINBASE,0.34146341463414637,70,205,2071,Vol_Low,2025-09-03,15S
BINANCE->BYBITSPOT,0.3211009174311927,70,218,2199,Vol_Low,2025-09-03,15S
BINANCE->BITGET,0.3567567567567568,66,185,1845,Vol_Low,2025-09-03,15S
COINBASE->BINANCE,0.47317073170731705,97,205,2085,Vol_Low,2025-09-03,15S
COINBASE->BYBITSPOT,0.3765432098765432,61,162,1669,Vol_Low,2025-09-03,15S
COINBASE->BITGET,0.5454545454545454,78,143,1426,Vol_Low,2025-09-03,15S
BYBITSPOT->BINANCE,0.48695652173913045,112,230,2302,Vol_Low,2025-09-03,15S
BYBITSPOT->COINBASE,0.3076923076923077,52,169,1747,Vol_Low,2025-09-03,15S
BYBITSPOT->BITGET,0.4463276836158192,79,177,1757,Vol_Low,2025-09-03,15S
BITGET->BINANCE,0.38613861386138615,78,202,1998,Vol_Low,2025-09-03,15S
BITGET->COINBASE,0.3503184713375796,55,157,1540,Vol_Low,2025-09-03,15S
BITGET->BYBITSPOT,0.3463687150837989,62,179,1786,Vol_Low,2025-09-03,15S
BINANCE->COINBASE,0.3442622950819672,63,183,1818,Vol_Med,2025-09-03,15S
BINANCE->BYBITSPOT,0.31868131868131866,58,182,1746,Vol_Med,2025-09-03,15S
BINANCE->BITGET,0.3089005235602094,59,191,1873,Vol_Med,2025-09-03,15S
COINBASE->BINANCE,0.489247311827957,91,186,1837,Vol_Med,2025-09-03,15S
COINBASE->BYBITSPOT,0.39378238341968913,76,193,1854,Vol_Med,2025-09-03,15S
COINBASE->BITGET,0.4876847290640394,99,203,1911,Vol_Med,2025-09-03,15S
BYBITSPOT->BINANCE,0.46524064171123,87,187,1793,Vol_Med,2025-09-03,15S
BYBITSPOT->COINBASE,0.37244897959183676,73,196,1887,Vol_Med,2025-09-03,15S
BYBITSPOT->BITGET,0.42857142857142855,81,189,1849,Vol_Med,2025-09-03,15S
BITGET->BINANCE,0.395,79,200,1971,Vol_Med,2025-09-03,15S
BITGET->COINBASE,0.33175355450236965,70,211,1978,Vol_Med,2025-09-03,15S
BITGET->BYBITSPOT,0.35294117647058826,72,204,1907,Vol_Med,2025-09-03,15S
BINANCE->COINBASE,0.2962962962962963,56,189,1835,Vol_High,2025-09-03,15S
BINANCE->BYBITSPOT,0.30303030303030304,50,165,1629,Vol_High,2025-09-03,15S
BINANCE->BITGET,0.3742690058479532,64,171,1630,Vol_High,2025-09-03,15S
COINBASE->BINANCE,0.4385026737967914,82,187,1838,Vol_High,2025-09-03,15S
COINBASE->BYBITSPOT,0.37089201877934275,79,213,2077,Vol_High,2025-09-03,15S
COINBASE->BITGET,0.35609756097560974,73,205,2032,Vol_High,2025-09-03,15S
BYBITSPOT->BINANCE,0.45962732919254656,74,161,1659,Vol_High,2025-09-03,15S
BYBITSPOT->COINBASE,0.3113207547169811,66,212,2120,Vol_High,2025-09-03,15S
BYBITSPOT->BITGET,0.40106951871657753,75,187,1870,Vol_High,2025-09-03,15S
BITGET->BINANCE,0.3793103448275862,66,174,1686,Vol_High,2025-09-03,15S
BITGET->COINBASE,0.3348623853211009,73,218,2130,Vol_High,2025-09-03,15S
BITGET->BYBITSPOT,0.336734693877551,66,196,1918,Vol_High,2025-09-03,15S
BINANCE->COINBASE,0.3363309352517986,187,556,4140,Wash_Low,2025-09-03,15S
BINANCE->BYBITSPOT,0.38345864661654133,204,532,3848,Wash_Low,2025-09-03,15S
BINANCE->BITGET,0.44421906693711966,219,493,3586,Wash_Low,2025-09-03,15S
COINBASE->BINANCE,0.49376114081996436,277,561,4154,Wash_Low,2025-09-03,15S
COINBASE->BYBITSPOT,0.44341372912801486,239,539,4112,Wash_Low,2025-09-03,15S
COINBASE->BITGET,0.5124760076775432,267,521,3872,Wash_Low,2025-09-03,15S
BYBITSPOT->BINANCE,0.5074626865671642,272,536,3909,Wash_Low,2025-09-03,15S
BYBITSPOT->COINBASE,0.35766423357664234,196,548,4167,Wash_Low,2025-09-03,15S
BYBITSPOT->BITGET,0.44841269841269843,226,504,3732,Wash_Low,2025-09-03,15S
BITGET->BINANCE,0.45691382765531063,228,499,3665,Wash_Low,2025-09-03,15S
BITGET->COINBASE,0.4095940959409594,222,542,3968,Wash_Low,2025-09-03,15S
BITGET->BYBITSPOT,0.377431906614786,194,514,3796,Wash_Low,2025-09-03,15S
BINANCE->COINBASE,0.375,12,32,1584,Wash_High,2025-09-03,15S
BINANCE->BYBITSPOT,0.4406779661016949,26,59,1726,Wash_High,2025-09-03,15S
BINANCE->BITGET,0.375,30,80,1762,Wash_High,2025-09-03,15S
COINBASE->BINANCE,0.6857142857142857,24,35,1606,Wash_High,2025-09-03,15S
COINBASE->BYBITSPOT,0.6571428571428571,23,35,1488,Wash_High,2025-09-03,15S
COINBASE->BITGET,0.6571428571428571,23,35,1497,Wash_High,2025-09-03,15S
BYBITSPOT->BINANCE,0.42424242424242425,28,66,1845,Wash_High,2025-09-03,15S
BYBITSPOT->COINBASE,0.5625,27,48,1587,Wash_High,2025-09-03,15S
BYBITSPOT->BITGET,0.5522388059701493,37,67,1744,Wash_High,2025-09-03,15S
BITGET->BINANCE,0.46846846846846846,52,111,1990,Wash_High,2025-09-03,15S
BITGET->COINBASE,0.40476190476190477,17,42,1680,Wash_High,2025-09-03,15S
BITGET->BYBITSPOT,0.3220338983050847,19,59,1815,Wash_High,2025-09-03,15S
BINANCE->COINBASE,0.30122591943957966,172,571,2862,Full,2025-09-03,30S
BINANCE->BYBITSPOT,0.36330935251798563,202,556,2788,Full,2025-09-03,30S
BINANCE->BITGET,0.35887850467289717,192,535,2690,Full,2025-09-03,30S
COINBASE->BINANCE,0.5087108013937283,292,574,2880,Full,2025-09-03,30S
COINBASE->BYBITSPOT,0.40429338103756707,226,559,2801,Full,2025-09-03,30S
COINBASE->BITGET,0.45251396648044695,243,537,2702,Full,2025-09-03,30S
BYBITSPOT->BINANCE,0.47038327526132406,270,574,2880,Full,2025-09-03,30S
BYBITSPOT->COINBASE,0.3083623693379791,177,574,2880,Full,2025-09-03,30S
BYBITSPOT->BITGET,0.40515653775322286,220,543,2768,Full,2025-09-03,30S
BITGET->BINANCE,0.38035714285714284,213,560,2871,Full,2025-09-03,30S
BITGET->COINBASE,0.2823741007194245,157,556,2869,Full,2025-09-03,30S
BITGET->BYBITSPOT,0.35208711433756806,194,551,2865,Full,2025-09-03,30S
BINANCE->COINBASE,0.28776978417266186,40,139,1027,Vol_Low,2025-09-03,30S
BINANCE->BYBITSPOT,0.40875912408759124,56,137,1093,Vol_Low,2025-09-03,30S
BINANCE->BITGET,0.44036697247706424,48,109,935,Vol_Low,2025-09-03,30S
COINBASE->BINANCE,0.5579710144927537,77,138,1043,Vol_Low,2025-09-03,30S
COINBASE->BYBITSPOT,0.41,41,100,830,Vol_Low,2025-09-03,30S
COINBASE->BITGET,0.6133333333333333,46,75,718,Vol_Low,2025-09-03,30S
BYBITSPOT->BINANCE,0.5333333333333333,80,150,1151,Vol_Low,2025-09-03,30S
BYBITSPOT->COINBASE,0.2980769230769231,31,104,871,Vol_Low,2025-09-03,30S
BYBITSPOT->BITGET,0.38181818181818183,42,110,893,Vol_Low,2025-09-03,30S
BITGET->BINANCE,0.43089430894308944,53,123,1026,Vol_Low,2025-09-03,30S
BITGET->COINBASE,0.24096385542168675,20,83,783,Vol_Low,2025-09-03,30S
BITGET->BYBITSPOT,0.3893805309734513,44,113,916,Vol_Low,2025-09-03,30S
BINANCE->COINBASE,0.2777777777777778,15,54,912,Vol_Med,2025-09-03,30S
BINANCE->BYBITSPOT,0.35135135135135137,13,37,878,Vol_Med,2025-09-03,30S
BINANCE->BITGET,0.2631578947368421,15,57,940,Vol_Med,2025-09-03,30S
COINBASE->BINANCE,0.6428571428571429,36,56,915,Vol_Med,2025-09-03,30S
COINBASE->BYBITSPOT,0.4339622641509434,23,53,926,Vol_Med,2025-09-03,30S
COINBASE->BITGET,0.4576271186440678,27,59,961,Vol_Med,2025-09-03,30S
BYBITSPOT->BINANCE,0.5111111111111111,23,45,899,Vol_Med,2025-09-03,30S
BYBITSPOT->COINBASE,0.3018867924528302,16,53,947,Vol_Med,2025-09-03,30S
BYBITSPOT->BITGET,0.38095238095238093,24,63,934,Vol_Med,2025-09-03,30S
BITGET->BINANCE,0.3584905660377358,19,53,995,Vol_Med,2025-09-03,30S
BITGET->COINBASE,0.22535211267605634,16,71,1006,Vol_Med,2025-09-03,30S
BITGET->BYBITSPOT,0.36764705882352944,25,68,972,Vol_Med,2025-09-03,30S
BINANCE->COINBASE,0.2975206611570248,36,121,923,Vol_High,2025-09-03,30S
BINANCE->BYBITSPOT,0.28865979381443296,28,97,817,Vol_High,2025-09-03,30S
BINANCE->BITGET,0.35294117647058826,36,102,815,Vol_High,2025-09-03,30S
COINBASE->BINANCE,0.34959349593495936,43,123,922,Vol_High,2025-09-03,30S
COINBASE->BYBITSPOT,0.28368794326241137,40,141,1045,Vol_High,2025-09-03,30S
COINBASE->BITGET,0.35251798561151076,49,139,1023,Vol_High,2025-09-03,30S
BYBITSPOT->BINANCE,0.3229166666666667,31,96,830,Vol_High,2025-09-03,30S
BYBITSPOT->COINBASE,0.2727272727272727,39,143,1062,Vol_High,2025-09-03,30S
BYBITSPOT->BITGET,0.35658914728682173,46,129,941,Vol_High,2025-09-03,30S
BITGET->BINANCE,0.4095238095238095,43,105,850,Vol_High,2025-09-03,30S
BITGET->COINBASE,0.31333333333333335,47,150,1080,Vol_High,2025-09-03,30S
BITGET->BYBITSPOT,0.36496350364963503,50,137,977,Vol_High,2025-09-03,30S
BINANCE->COINBASE,0.6666666666666666,2,3,1512,Wash_Low,2025-09-03,30S
BINANCE->BYBITSPOT,0.25,1,4,1353,Wash_Low,2025-09-03,30S
BINANCE->BITGET,0.25,1,4,1194,Wash_Low,2025-09-03,30S
COINBASE->BINANCE,0.2,1,5,1517,Wash_Low,2025-09-03,30S
COINBASE->BYBITSPOT,0.375,3,8,1562,Wash_Low,2025-09-03,30S
COINBASE->BITGET,0.3333333333333333,2,6,1458,Wash_Low,2025-09-03,30S
BYBITSPOT->BINANCE,0.3333333333333333,1,3,1343,Wash_Low,2025-09-03,30S
BYBITSPOT->COINBASE,0.5714285714285714,4,7,1585,Wash_Low,2025-09-03,30S
BYBITSPOT->BITGET,0.6666666666666666,2,3,1341,Wash_Low,2025-09-03,30S
BITGET->BINANCE,0.6666666666666666,2,3,1242,Wash_Low,2025-09-03,30S
BITGET->COINBASE,0.3333333333333333,1,3,1506,Wash_Low,2025-09-03,30S
BITGET->BYBITSPOT,0.0,0,2,1414,Wash_Low,2025-09-03,30S
BINANCE->COINBASE,0.0,0,1,1350,Wash_High,2025-09-03,30S
BINANCE->BYBITSPOT,0.0,0,0,1435,Wash_High,2025-09-03,30S
BINANCE->BITGET,0.25,2,8,1496,Wash_High,2025-09-03,30S
COINBASE->BINANCE,0.5,1,2,1363,Wash_High,2025-09-03,30S
COINBASE->BYBITSPOT,0.5,1,2,1239,Wash_High,2025-09-03,30S
COINBASE->BITGET,1.0,1,1,1244,Wash_High,2025-09-03,30S
BYBITSPOT->BINANCE,0.0,0,0,1537,Wash_High,2025-09-03,30S
BYBITSPOT->COINBASE,0.0,0,0,1295,Wash_High,2025-09-03,30S
BYBITSPOT->BITGET,0.0,0,4,1427,Wash_High,2025-09-03,30S
BITGET->BINANCE,0.25,2,8,1629,Wash_High,2025-09-03,30S
BITGET->COINBASE,1.0,2,2,1363,Wash_High,2025-09-03,30S
BITGET->BYBITSPOT,0.5,1,2,1451,Wash_High,2025-09-03,30S
BINANCE->COINBASE,0.2031523642732049,116,571,17097,Full,2025-09-04,1S
BINANCE->BYBITSPOT,0.1891891891891892,105,555,16136,Full,2025-09-04,1S
BINANCE->BITGET,0.23483365949119372,120,511,13899,Full,2025-09-04,1S
COINBASE->BINANCE,0.40069686411149824,230,574,17126,Full,2025-09-04,1S
COINBASE->BYBITSPOT,0.2118491921005386,118,557,16064,Full,2025-09-04,1S
COINBASE->BITGET,0.2553606237816764,131,513,13836,Full,2025-09-04,1S
BYBITSPOT->BINANCE,0.259581881533101,149,574,16136,Full,2025-09-04,1S
BYBITSPOT->COINBASE,0.2038327526132404,117,574,16064,Full,2025-09-04,1S
BYBITSPOT->BITGET,0.24478178368121442,129,527,13460,Full,2025-09-04,1S
BITGET->BINANCE,0.2874564459930314,165,574,13899,Full,2025-09-04,1S
BITGET->COINBASE,0.18815331010452963,108,574,13836,Full,2025-09-04,1S
BITGET->BYBITSPOT,0.21080139372822299,121,574,13460,Full,2025-09-04,1S
BINANCE->COINBASE,0.20848056537102475,59,283,6656,Vol_Low,2025-09-04,1S
BINANCE->BYBITSPOT,0.2078853046594982,58,279,6313,Vol_Low,2025-09-04,1S
BINANCE->BITGET,0.27705627705627706,64,231,4713,Vol_Low,2025-09-04,1S
COINBASE->BINANCE,0.4965753424657534,145,292,6681,Vol_Low,2025-09-04,1S
COINBASE->BYBITSPOT,0.3244444444444444,73,225,4993,Vol_Low,2025-09-04,1S
COINBASE->BITGET,0.3815028901734104,66,173,3489,Vol_Low,2025-09-04,1S
BYBITSPOT->BINANCE,0.32653061224489793,96,294,6326,Vol_Low,2025-09-04,1S
BYBITSPOT->COINBASE,0.23605150214592274,55,233,4993,Vol_Low,2025-09-04,1S
BYBITSPOT->BITGET,0.31840796019900497,64,201,3970,Vol_Low,2025-09-04,1S
BITGET->BINANCE,0.3170731707317073,78,246,4728,Vol_Low,2025-09-04,1S
BITGET->COINBASE,0.24468085106382978,46,188,3498,Vol_Low,2025-09-04,1S
BITGET->BYBITSPOT,0.27102803738317754,58,214,3978,Vol_Low,2025-09-04,1S
BINANCE->COINBASE,0.24060150375939848,64,266,5021,Vol_Med,2025-09-04,1S
BINANCE->BYBITSPOT,0.35842293906810035,100,279,5131,Vol_Med,2025-09-04,1S
BINANCE->BITGET,0.2783882783882784,76,273,4888,Vol_Med,2025-09-04,1S
COINBASE->BINANCE,0.516728624535316,139,269,5027,Vol_Med,2025-09-04,1S
COINBASE->BYBITSPOT,0.3082191780821918,90,292,5674,Vol_Med,2025-09-04,1S
COINBASE->BITGET,0.36860068259385664,108,293,4918,Vol_Med,2025-09-04,1S
BYBITSPOT->BINANCE,0.2857142857142857,80,280,5125,Vol_Med,2025-09-04,1S
BYBITSPOT->COINBASE,0.25925925925925924,77,297,5651,Vol_Med,2025-09-04,1S
BYBITSPOT->BITGET,0.3458646616541353,92,266,4540,Vol_Med,2025-09-04,1S
BITGET->BINANCE,0.3704918032786885,113,305,4890,Vol_Med,2025-09-04,1S
BITGET->COINBASE,0.2761904761904762,87,315,4925,Vol_Med,2025-09-04,1S
BITGET->BYBITSPOT,0.2664233576642336,73,274,4547,Vol_Med,2025-09-04,1S
BINANCE->COINBASE,0.2183406113537118,50,229,5420,Vol_High,2025-09-04,1S
BINANCE->BYBITSPOT,0.2358490566037736,50,212,4692,Vol_High,2025-09-04,1S
BINANCE->BITGET,0.2914572864321608,58,199,4298,Vol_High,2025-09-04,1S
COINBASE->BINANCE,0.3684210526315789,84,228,5418,Vol_High,2025-09-04,1S
COINBASE->BYBITSPOT,0.23008849557522124,52,226,5397,Vol_High,2025-09-04,1S
COINBASE->BITGET,0.2827868852459016,69,244,5429,Vol_High,2025-09-04,1S
BYBITSPOT->BINANCE,0.3142857142857143,66,210,4685,Vol_High,2025-09-04,1S
BYBITSPOT->COINBASE,0.2794759825327511,64,229,5420,Vol_High,2025-09-04,1S
BYBITSPOT->BITGET,0.27705627705627706,64,231,4950,Vol_High,2025-09-04,1S
BITGET->BINANCE,0.3024390243902439,62,205,4281,Vol_High,2025-09-04,1S
BITGET->COINBASE,0.2480916030534351,65,262,5413,Vol_High,2025-09-04,1S
BITGET->BYBITSPOT,0.23140495867768596,56,242,4935,Vol_High,2025-09-04,1S
BINANCE->COINBASE,0.329246935201401,188,571,10435,Wash_Low,2025-09-04,1S
BINANCE->BYBITSPOT,0.24684684684684685,137,555,9905,Wash_Low,2025-09-04,1S
BINANCE->BITGET,0.29354207436399216,150,511,8610,Wash_Low,2025-09-04,1S
COINBASE->BINANCE,0.5052264808362369,290,574,10447,Wash_Low,2025-09-04,1S
COINBASE->BYBITSPOT,0.3087971274685817,172,557,10424,Wash_Low,2025-09-04,1S
COINBASE->BITGET,0.32748538011695905,168,513,8991,Wash_Low,2025-09-04,1S
BYBITSPOT->BINANCE,0.3606271777003484,207,574,9905,Wash_Low,2025-09-04,1S
BYBITSPOT->COINBASE,0.2804878048780488,161,574,10424,Wash_Low,2025-09-04,1S
BYBITSPOT->BITGET,0.33206831119544594,175,527,8610,Wash_Low,2025-09-04,1S
BITGET->BINANCE,0.367595818815331,211,574,8610,Wash_Low,2025-09-04,1S
BITGET->COINBASE,0.29965156794425085,172,574,8991,Wash_Low,2025-09-04,1S
BITGET->BYBITSPOT,0.2867132867132867,164,572,8610,Wash_Low,2025-09-04,1S
BINANCE->COINBASE,0.6179577464788732,351,568,6662,Wash_High,2025-09-04,1S
BINANCE->BYBITSPOT,0.5887681159420289,325,552,6231,Wash_High,2025-09-04,1S
BINANCE->BITGET,0.6514851485148515,329,505,5289,Wash_High,2025-09-04,1S
COINBASE->BINANCE,0.8758741258741258,501,572,6679,Wash_High,2025-09-04,1S
COINBASE->BYBITSPOT,0.822141560798548,453,551,5640,Wash_High,2025-09-04,1S
COINBASE->BITGET,0.8043478260869565,407,506,4845,Wash_High,2025-09-04,1S
BYBITSPOT->BINANCE,0.8150087260034904,467,573,6231,Wash_High,2025-09-04,1S
BYBITSPOT->COINBASE,0.7513227513227513,426,567,5640,Wash_High,2025-09-04,1S
BYBITSPOT->BITGET,0.7630057803468208,396,519,4850,Wash_High,2025-09-04,1S
BITGET->BINANCE,0.7045045045045045,391,555,5289,Wash_High,2025-09-04,1S
BITGET->COINBASE,0.6741573033707865,360,534,4845,Wash_High,2025-09-04,1S
BITGET->BYBITSPOT,0.6986817325800376,371,531,4850,Wash_High,2025-09-04,1S
BINANCE->COINBASE,0.2031523642732049,116,571,17097,Full,2025-09-04,2S
BINANCE->BYBITSPOT,0.1891891891891892,105,555,16136,Full,2025-09-04,2S
BINANCE->BITGET,0.23483365949119372,120,511,13899,Full,2025-09-04,2S
COINBASE->BINANCE,0.40069686411149824,230,574,17126,Full,2025-09-04,2S
COINBASE->BYBITSPOT,0.2118491921005386,118,557,16064,Full,2025-09-04,2S
COINBASE->BITGET,0.2553606237816764,131,513,13836,Full,2025-09-04,2S
BYBITSPOT->BINANCE,0.259581881533101,149,574,16136,Full,2025-09-04,2S
BYBITSPOT->COINBASE,0.2038327526132404,117,574,16064,Full,2025-09-04,2S
BYBITSPOT->BITGET,0.24478178368121442,129,527,13460,Full,2025-09-04,2S
BITGET->BINANCE,0.2874564459930314,165,574,13899,Full,2025-09-04,2S
BITGET->COINBASE,0.18815331010452963,108,574,13836,Full,2025-09-04,2S
BITGET->BYBITSPOT,0.21080139372822299,121,574,13460,Full,2025-09-04,2S
BINANCE->COINBASE,0.20848056537102475,59,283,6656,Vol_Low,2025-09-04,2S
BINANCE->BYBITSPOT,0.2078853046594982,58,279,6313,Vol_Low,2025-09-04,2S
BINANCE->BITGET,0.27705627705627706,64,231,4713,Vol_Low,2025-09-04,2S
COINBASE->BINANCE,0.4965753424657534,145,292,6681,Vol_Low,2025-09-04,2S
COINBASE->BYBITSPOT,0.3244444444444444,73,225,4993,Vol_Low,2025-09-04,2S
COINBASE->BITGET,0.3815028901734104,66,173,3489,Vol_Low,2025-09-04,2S
BYBITSPOT->BINANCE,0.32653061224489793,96,294,6326,Vol_Low,2025-09-04,2S
BYBITSPOT->COINBASE,0.23605150214592274,55,233,4993,Vol_Low,2025-09-04,2S
BYBITSPOT->BITGET,0.31840796019900497,64,201,3970,Vol_Low,2025-09-04,2S
BITGET->BINANCE,0.3170731707317073,78,246,4728,Vol_Low,2025-09-04,2S
BITGET->COINBASE,0.24468085106382978,46,188,3498,Vol_Low,2025-09-04,2S
BITGET->BYBITSPOT,0.27102803738317754,58,214,3978,Vol_Low,2025-09-04,2S
BINANCE->COINBASE,0.24060150375939848,64,266,5021,Vol_Med,2025-09-04,2S
BINANCE->BYBITSPOT,0.35842293906810035,100,279,5131,Vol_Med,2025-09-04,2S
BINANCE->BITGET,0.2783882783882784,76,273,4888,Vol_Med,2025-09-04,2S
COINBASE->BINANCE,0.516728624535316,139,269,5027,Vol_Med,2025-09-04,2S
COINBASE->BYBITSPOT,0.3082191780821918,90,292,5674,Vol_Med,2025-09-04,2S
COINBASE->BITGET,0.36860068259385664,108,293,4918,Vol_Med,2025-09-04,2S
BYBITSPOT->BINANCE,0.2857142857142857,80,280,5125,Vol_Med,2025-09-04,2S
BYBITSPOT->COINBASE,0.25925925925925924,77,297,5651,Vol_Med,2025-09-04,2S
BYBITSPOT->BITGET,0.3458646616541353,92,266,4540,Vol_Med,2025-09-04,2S
BITGET->BINANCE,0.3704918032786885,113,305,4890,Vol_Med,2025-09-04,2S
BITGET->COINBASE,0.2761904761904762,87,315,4925,Vol_Med,2025-09-04,2S
BITGET->BYBITSPOT,0.2664233576642336,73,274,4547,Vol_Med,2025-09-04,2S
BINANCE->COINBASE,0.2183406113537118,50,229,5420,Vol_High,2025-09-04,2S
BINANCE->BYBITSPOT,0.2358490566037736,50,212,4692,Vol_High,2025-09-04,2S
BINANCE->BITGET,0.2914572864321608,58,199,4298,Vol_High,2025-09-04,2S
COINBASE->BINANCE,0.3684210526315789,84,228,5418,Vol_High,2025-09-04,2S
COINBASE->BYBITSPOT,0.23008849557522124,52,226,5397,Vol_High,2025-09-04,2S
COINBASE->BITGET,0.2827868852459016,69,244,5429,Vol_High,2025-09-04,2S
BYBITSPOT->BINANCE,0.3142857142857143,66,210,4685,Vol_High,2025-09-04,2S
BYBITSPOT->COINBASE,0.2794759825327511,64,229,5420,Vol_High,2025-09-04,2S
BYBITSPOT->BITGET,0.27705627705627706,64,231,4950,Vol_High,2025-09-04,2S
BITGET->BINANCE,0.3024390243902439,62,205,4281,Vol_High,2025-09-04,2S
BITGET->COINBASE,0.2480916030534351,65,262,5413,Vol_High,2025-09-04,2S
BITGET->BYBITSPOT,0.23140495867768596,56,242,4935,Vol_High,2025-09-04,2S
BINANCE->COINBASE,0.329246935201401,188,571,10435,Wash_Low,2025-09-04,2S
BINANCE->BYBITSPOT,0.24684684684684685,137,555,9905,Wash_Low,2025-09-04,2S
BINANCE->BITGET,0.29354207436399216,150,511,8610,Wash_Low,2025-09-04,2S
COINBASE->BINANCE,0.5052264808362369,290,574,10447,Wash_Low,2025-09-04,2S
COINBASE->BYBITSPOT,0.3087971274685817,172,557,10424,Wash_Low,2025-09-04,2S
COINBASE->BITGET,0.32748538011695905,168,513,8991,Wash_Low,2025-09-04,2S
BYBITSPOT->BINANCE,0.3606271777003484,207,574,9905,Wash_Low,2025-09-04,2S
BYBITSPOT->COINBASE,0.2804878048780488,161,574,10424,Wash_Low,2025-09-04,2S
BYBITSPOT->BITGET,0.33206831119544594,175,527,8610,Wash_Low,2025-09-04,2S
BITGET->BINANCE,0.367595818815331,211,574,8610,Wash_Low,2025-09-04,2S
BITGET->COINBASE,0.29965156794425085,172,574,8991,Wash_Low,2025-09-04,2S
BITGET->BYBITSPOT,0.2867132867132867,164,572,8610,Wash_Low,2025-09-04,2S
BINANCE->COINBASE,0.6179577464788732,351,568,6662,Wash_High,2025-09-04,2S
BINANCE->BYBITSPOT,0.5887681159420289,325,552,6231,Wash_High,2025-09-04,2S
BINANCE->BITGET,0.6514851485148515,329,505,5289,Wash_High,2025-09-04,2S
COINBASE->BINANCE,0.8758741258741258,501,572,6679,Wash_High,2025-09-04,2S
COINBASE->BYBITSPOT,0.822141560798548,453,551,5640,Wash_High,2025-09-04,2S
COINBASE->BITGET,0.8043478260869565,407,506,4845,Wash_High,2025-09-04,2S
BYBITSPOT->BINANCE,0.8150087260034904,467,573,6231,Wash_High,2025-09-04,2S
BYBITSPOT->COINBASE,0.7513227513227513,426,567,5640,Wash_High,2025-09-04,2S
BYBITSPOT->BITGET,0.7630057803468208,396,519,4850,Wash_High,2025-09-04,2S
BITGET->BINANCE,0.7045045045045045,391,555,5289,Wash_High,2025-09-04,2S
BITGET->COINBASE,0.6741573033707865,360,534,4845,Wash_High,2025-09-04,2S
BITGET->BYBITSPOT,0.6986817325800376,371,531,4850,Wash_High,2025-09-04,2S
BINANCE->COINBASE,0.2031523642732049,116,571,17097,Full,2025-09-04,5S
BINANCE->BYBITSPOT,0.1891891891891892,105,555,16136,Full,2025-09-04,5S
BINANCE->BITGET,0.23483365949119372,120,511,13899,Full,2025-09-04,5S
COINBASE->BINANCE,0.40069686411149824,230,574,17126,Full,2025-09-04,5S
COINBASE->BYBITSPOT,0.2118491921005386,118,557,16064,Full,2025-09-04,5S
COINBASE->BITGET,0.2553606237816764,131,513,13836,Full,2025-09-04,5S
BYBITSPOT->BINANCE,0.259581881533101,149,574,16136,Full,2025-09-04,5S
BYBITSPOT->COINBASE,0.2038327526132404,117,574,16064,Full,2025-09-04,5S
BYBITSPOT->BITGET,0.24478178368121442,129,527,13460,Full,2025-09-04,5S
BITGET->BINANCE,0.2874564459930314,165,574,13899,Full,2025-09-04,5S
BITGET->COINBASE,0.18815331010452963,108,574,13836,Full,2025-09-04,5S
BITGET->BYBITSPOT,0.21080139372822299,121,574,13460,Full,2025-09-04,5S
BINANCE->COINBASE,0.20848056537102475,59,283,6656,Vol_Low,2025-09-04,5S
BINANCE->BYBITSPOT,0.2078853046594982,58,279,6313,Vol_Low,2025-09-04,5S
BINANCE->BITGET,0.27705627705627706,64,231,4713,Vol_Low,2025-09-04,5S
COINBASE->BINANCE,0.4965753424657534,145,292,6681,Vol_Low,2025-09-04,5S
COINBASE->BYBITSPOT,0.3244444444444444,73,225,4993,Vol_Low,2025-09-04,5S
COINBASE->BITGET,0.3815028901734104,66,173,3489,Vol_Low,2025-09-04,5S
BYBITSPOT->BINANCE,0.32653061224489793,96,294,6326,Vol_Low,2025-09-04,5S
BYBITSPOT->COINBASE,0.23605150214592274,55,233,4993,Vol_Low,2025-09-04,5S
BYBITSPOT->BITGET,0.31840796019900497,64,201,3970,Vol_Low,2025-09-04,5S
BITGET->BINANCE,0.3170731707317073,78,246,4728,Vol_Low,2025-09-04,5S
BITGET->COINBASE,0.24468085106382978,46,188,3498,Vol_Low,2025-09-04,5S
BITGET->BYBITSPOT,0.27102803738317754,58,214,3978,Vol_Low,2025-09-04,5S
BINANCE->COINBASE,0.24060150375939848,64,266,5021,Vol_Med,2025-09-04,5S
BINANCE->BYBITSPOT,0.35842293906810035,100,279,5131,Vol_Med,2025-09-04,5S
BINANCE->BITGET,0.2783882783882784,76,273,4888,Vol_Med,2025-09-04,5S
COINBASE->BINANCE,0.516728624535316,139,269,5027,Vol_Med,2025-09-04,5S
COINBASE->BYBITSPOT,0.3082191780821918,90,292,5674,Vol_Med,2025-09-04,5S
COINBASE->BITGET,0.36860068259385664,108,293,4918,Vol_Med,2025-09-04,5S
BYBITSPOT->BINANCE,0.2857142857142857,80,280,5125,Vol_Med,2025-09-04,5S
BYBITSPOT->COINBASE,0.25925925925925924,77,297,5651,Vol_Med,2025-09-04,5S
BYBITSPOT->BITGET,0.3458646616541353,92,266,4540,Vol_Med,2025-09-04,5S
BITGET->BINANCE,0.3704918032786885,113,305,4890,Vol_Med,2025-09-04,5S
BITGET->COINBASE,0.2761904761904762,87,315,4925,Vol_Med,2025-09-04,5S
BITGET->BYBITSPOT,0.2664233576642336,73,274,4547,Vol_Med,2025-09-04,5S
BINANCE->COINBASE,0.2183406113537118,50,229,5420,Vol_High,2025-09-04,5S
BINANCE->BYBITSPOT,0.2358490566037736,50,212,4692,Vol_High,2025-09-04,5S
BINANCE->BITGET,0.2914572864321608,58,199,4298,Vol_High,2025-09-04,5S
COINBASE->BINANCE,0.3684210526315789,84,228,5418,Vol_High,2025-09-04,5S
COINBASE->BYBITSPOT,0.23008849557522124,52,226,5397,Vol_High,2025-09-04,5S
COINBASE->BITGET,0.2827868852459016,69,244,5429,Vol_High,2025-09-04,5S
BYBITSPOT->BINANCE,0.3142857142857143,66,210,4685,Vol_High,2025-09-04,5S
BYBITSPOT->COINBASE,0.2794759825327511,64,229,5420,Vol_High,2025-09-04,5S
BYBITSPOT->BITGET,0.27705627705627706,64,231,4950,Vol_High,2025-09-04,5S
BITGET->BINANCE,0.3024390243902439,62,205,4281,Vol_High,2025-09-04,5S
BITGET->COINBASE,0.2480916030534351,65,262,5413,Vol_High,2025-09-04,5S
BITGET->BYBITSPOT,0.23140495867768596,56,242,4935,Vol_High,2025-09-04,5S
BINANCE->COINBASE,0.329246935201401,188,571,10435,Wash_Low,2025-09-04,5S
BINANCE->BYBITSPOT,0.24684684684684685,137,555,9905,Wash_Low,2025-09-04,5S
BINANCE->BITGET,0.29354207436399216,150,511,8610,Wash_Low,2025-09-04,5S
COINBASE->BINANCE,0.5052264808362369,290,574,10447,Wash_Low,2025-09-04,5S
COINBASE->BYBITSPOT,0.3087971274685817,172,557,10424,Wash_Low,2025-09-04,5S
COINBASE->BITGET,0.32748538011695905,168,513,8991,Wash_Low,2025-09-04,5S
BYBITSPOT->BINANCE,0.3606271777003484,207,574,9905,Wash_Low,2025-09-04,5S
BYBITSPOT->COINBASE,0.2804878048780488,161,574,10424,Wash_Low,2025-09-04,5S
BYBITSPOT->BITGET,0.33206831119544594,175,527,8610,Wash_Low,2025-09-04,5S
BITGET->BINANCE,0.367595818815331,211,574,8610,Wash_Low,2025-09-04,5S
BITGET->COINBASE,0.29965156794425085,172,574,8991,Wash_Low,2025-09-04,5S
BITGET->BYBITSPOT,0.2867132867132867,164,572,8610,Wash_Low,2025-09-04,5S
BINANCE->COINBASE,0.6179577464788732,351,568,6662,Wash_High,2025-09-04,5S
BINANCE->BYBITSPOT,0.5887681159420289,325,552,6231,Wash_High,2025-09-04,5S
BINANCE->BITGET,0.6514851485148515,329,505,5289,Wash_High,2025-09-04,5S
COINBASE->BINANCE,0.8758741258741258,501,572,6679,Wash_High,2025-09-04,5S
COINBASE->BYBITSPOT,0.822141560798548,453,551,5640,Wash_High,2025-09-04,5S
COINBASE->BITGET,0.8043478260869565,407,506,4845,Wash_High,2025-09-04,5S
BYBITSPOT->BINANCE,0.8150087260034904,467,573,6231,Wash_High,2025-09-04,5S
BYBITSPOT->COINBASE,0.7513227513227513,426,567,5640,Wash_High,2025-09-04,5S
BYBITSPOT->BITGET,0.7630057803468208,396,519,4850,Wash_High,2025-09-04,5S
BITGET->BINANCE,0.7045045045045045,391,555,5289,Wash_High,2025-09-04,5S
BITGET->COINBASE,0.6741573033707865,360,534,4845,Wash_High,2025-09-04,5S
BITGET->BYBITSPOT,0.6986817325800376,371,531,4850,Wash_High,2025-09-04,5S
BINANCE->COINBASE,0.2486865148861646,142,571,8579,Full,2025-09-04,10S
BINANCE->BYBITSPOT,0.2036036036036036,113,555,8322,Full,2025-09-04,10S
BINANCE->BITGET,0.2837573385518591,145,511,7477,Full,2025-09-04,10S
COINBASE->BINANCE,0.35365853658536583,203,574,8620,Full,2025-09-04,10S
COINBASE->BYBITSPOT,0.289048473967684,161,557,8342,Full,2025-09-04,10S
COINBASE->BITGET,0.30739299610894943,158,514,7487,Full,2025-09-04,10S
BYBITSPOT->BINANCE,0.3048780487804878,175,574,8566,Full,2025-09-04,10S
BYBITSPOT->COINBASE,0.259581881533101,149,574,8550,Full,2025-09-04,10S
BYBITSPOT->BITGET,0.27703984819734345,146,527,7599,Full,2025-09-04,10S
BITGET->BINANCE,0.2961672473867596,170,574,8017,Full,2025-09-04,10S
BITGET->COINBASE,0.22473867595818817,129,574,7995,Full,2025-09-04,10S
BITGET->BYBITSPOT,0.2700348432055749,155,574,7905,Full,2025-09-04,10S
BINANCE->COINBASE,0.20318725099601595,51,251,3341,Vol_Low,2025-09-04,10S
BINANCE->BYBITSPOT,0.19753086419753085,48,243,3280,Vol_Low,2025-09-04,10S
BINANCE->BITGET,0.3556701030927835,69,194,2525,Vol_Low,2025-09-04,10S
COINBASE->BINANCE,0.3952569169960474,100,253,3372,Vol_Low,2025-09-04,10S
COINBASE->BYBITSPOT,0.3768844221105528,75,199,2616,Vol_Low,2025-09-04,10S
COINBASE->BITGET,0.3877551020408163,57,147,1877,Vol_Low,2025-09-04,10S
BYBITSPOT->BINANCE,0.403921568627451,103,255,3417,Vol_Low,2025-09-04,10S
BYBITSPOT->COINBASE,0.2608695652173913,54,207,2719,Vol_Low,2025-09-04,10S
BYBITSPOT->BITGET,0.4010989010989011,73,182,2258,Vol_Low,2025-09-04,10S
BITGET->BINANCE,0.3557692307692308,74,208,2717,Vol_Low,2025-09-04,10S
BITGET->COINBASE,0.2289156626506024,38,166,2007,Vol_Low,2025-09-04,10S
BITGET->BYBITSPOT,0.324468085106383,61,188,2358,Vol_Low,2025-09-04,10S
BINANCE->COINBASE,0.33014354066985646,69,209,2473,Vol_Med,2025-09-04,10S
BINANCE->BYBITSPOT,0.29130434782608694,67,230,2620,Vol_Med,2025-09-04,10S
BINANCE->BITGET,0.32599118942731276,74,227,2640,Vol_Med,2025-09-04,10S
COINBASE->BINANCE,0.49765258215962443,106,213,2483,Vol_Med,2025-09-04,10S
COINBASE->BYBITSPOT,0.39759036144578314,99,249,2939,Vol_Med,2025-09-04,10S
COINBASE->BITGET,0.39826839826839827,92,231,2666,Vol_Med,2025-09-04,10S
BYBITSPOT->BINANCE,0.33472803347280333,80,239,2689,Vol_Med,2025-09-04,10S
BYBITSPOT->COINBASE,0.21810699588477367,53,243,2986,Vol_Med,2025-09-04,10S
BYBITSPOT->BITGET,0.37327188940092165,81,217,2551,Vol_Med,2025-09-04,10S
BITGET->BINANCE,0.3524904214559387,92,261,2886,Vol_Med,2025-09-04,10S
BITGET->COINBASE,0.316,79,250,2889,Vol_Med,2025-09-04,10S
BITGET->BYBITSPOT,0.26609442060085836,62,233,2664,Vol_Med,2025-09-04,10S
BINANCE->COINBASE,0.25853658536585367,53,205,2765,Vol_High,2025-09-04,10S
BINANCE->BYBITSPOT,0.33157894736842103,63,190,2422,Vol_High,2025-09-04,10S
BINANCE->BITGET,0.36065573770491804,66,183,2312,Vol_High,2025-09-04,10S
COINBASE->BINANCE,0.41037735849056606,87,212,2765,Vol_High,2025-09-04,10S
COINBASE->BYBITSPOT,0.2463768115942029,51,207,2787,Vol_High,2025-09-04,10S
COINBASE->BITGET,0.375,87,232,2944,Vol_High,2025-09-04,10S
BYBITSPOT->BINANCE,0.39572192513368987,74,187,2460,Vol_High,2025-09-04,10S
BYBITSPOT->COINBASE,0.24882629107981222,53,213,2845,Vol_High,2025-09-04,10S
BYBITSPOT->BITGET,0.30660377358490565,65,212,2790,Vol_High,2025-09-04,10S
BITGET->BINANCE,0.3471502590673575,67,193,2414,Vol_High,2025-09-04,10S
BITGET->COINBASE,0.29338842975206614,71,242,3099,Vol_High,2025-09-04,10S
BITGET->BYBITSPOT,0.28820960698689957,66,229,2883,Vol_High,2025-09-04,10S
BINANCE->COINBASE,0.3883495145631068,200,515,4207,Wash_Low,2025-09-04,10S
BINANCE->BYBITSPOT,0.380859375,195,512,4097,Wash_Low,2025-09-04,10S
BINANCE->BITGET,0.3945720250521921,189,479,3809,Wash_Low,2025-09-04,10S
COINBASE->BINANCE,0.5472061657032755,284,519,4228,Wash_Low,2025-09-04,10S
COINBASE->BYBITSPOT,0.41404805914972276,224,541,4521,Wash_Low,2025-09-04,10S
COINBASE->BITGET,0.4309278350515464,209,485,4137,Wash_Low,2025-09-04,10S
BYBITSPOT->BINANCE,0.543233082706767,289,532,4295,Wash_Low,2025-09-04,10S
BYBITSPOT->COINBASE,0.37657657657657656,209,555,4681,Wash_Low,2025-09-04,10S
BYBITSPOT->BITGET,0.42300194931773877,217,513,4156,Wash_Low,2025-09-04,10S
BITGET->BINANCE,0.44652908067542213,238,533,4210,Wash_Low,2025-09-04,10S
BITGET->COINBASE,0.29853479853479853,163,546,4528,Wash_Low,2025-09-04,10S
BITGET->BYBITSPOT,0.4151291512915129,225,542,4380,Wash_Low,2025-09-04,10S
BINANCE->COINBASE,0.3773946360153257,197,522,4372,Wash_High,2025-09-04,10S
BINANCE->BYBITSPOT,0.42293233082706766,225,532,4225,Wash_High,2025-09-04,10S
BINANCE->BITGET,0.47300215982721383,219,463,3668,Wash_High,2025-09-04,10S
COINBASE->BINANCE,0.6,315,525,4392,Wash_High,2025-09-04,10S
COINBASE->BYBITSPOT,0.5420944558521561,264,487,3821,Wash_High,2025-09-04,10S
COINBASE->BITGET,0.5744186046511628,247,430,3350,Wash_High,2025-09-04,10S
BYBITSPOT->BINANCE,0.5631970260223048,303,538,4271,Wash_High,2025-09-04,10S
BYBITSPOT->COINBASE,0.4415841584158416,223,505,3869,Wash_High,2025-09-04,10S
BYBITSPOT->BITGET,0.543046357615894,246,453,3443,Wash_High,2025-09-04,10S
BITGET->BINANCE,0.5062240663900415,244,482,3807,Wash_High,2025-09-04,10S
BITGET->COINBASE,0.45496535796766746,197,433,3467,Wash_High,2025-09-04,10S
BITGET->BYBITSPOT,0.4801762114537445,218,454,3525,Wash_High,2025-09-04,10S
BINANCE->COINBASE,0.23642732049036777,135,571,5721,Full,2025-09-04,15S
BINANCE->BYBITSPOT,0.2828828828828829,157,555,5559,Full,2025-09-04,15S
BINANCE->BITGET,0.33463796477495106,171,511,5079,Full,2025-09-04,15S
COINBASE->BINANCE,0.4094076655052265,235,574,5750,Full,2025-09-04,15S
COINBASE->BYBITSPOT,0.36983842010771995,206,557,5575,Full,2025-09-04,15S
COINBASE->BITGET,0.41050583657587547,211,514,5093,Full,2025-09-04,15S
BYBITSPOT->BINANCE,0.45121951219512196,259,574,5749,Full,2025-09-04,15S
BYBITSPOT->COINBASE,0.3083623693379791,177,574,5743,Full,2025-09-04,15S
BYBITSPOT->BITGET,0.3889943074003795,205,527,5212,Full,2025-09-04,15S
BITGET->BINANCE,0.35365853658536583,203,574,5574,Full,2025-09-04,15S
BITGET->COINBASE,0.2735191637630662,157,574,5583,Full,2025-09-04,15S
BITGET->BYBITSPOT,0.34668989547038326,199,574,5544,Full,2025-09-04,15S
BINANCE->COINBASE,0.2785388127853881,61,219,2223,Vol_Low,2025-09-04,15S
BINANCE->BYBITSPOT,0.3073394495412844,67,218,2193,Vol_Low,2025-09-04,15S
BINANCE->BITGET,0.4069767441860465,70,172,1721,Vol_Low,2025-09-04,15S
COINBASE->BINANCE,0.5321100917431193,116,218,2241,Vol_Low,2025-09-04,15S
COINBASE->BYBITSPOT,0.4228571428571429,74,175,1750,Vol_Low,2025-09-04,15S
COINBASE->BITGET,0.4732824427480916,62,131,1279,Vol_Low,2025-09-04,15S
BYBITSPOT->BINANCE,0.5633187772925764,129,229,2313,Vol_Low,2025-09-04,15S
BYBITSPOT->COINBASE,0.3626373626373626,66,182,1836,Vol_Low,2025-09-04,15S
BYBITSPOT->BITGET,0.5,76,152,1551,Vol_Low,2025-09-04,15S
BITGET->BINANCE,0.44329896907216493,86,194,1894,Vol_Low,2025-09-04,15S
BITGET->COINBASE,0.2896551724137931,42,145,1399,Vol_Low,2025-09-04,15S
BITGET->BYBITSPOT,0.3352941176470588,57,170,1661,Vol_Low,2025-09-04,15S
BINANCE->COINBASE,0.3,48,160,1638,Vol_Med,2025-09-04,15S
BINANCE->BYBITSPOT,0.3076923076923077,56,182,1738,Vol_Med,2025-09-04,15S
BINANCE->BITGET,0.37967914438502676,71,187,1804,Vol_Med,2025-09-04,15S
COINBASE->BINANCE,0.42857142857142855,69,161,1653,Vol_Med,2025-09-04,15S
COINBASE->BYBITSPOT,0.4623115577889447,92,199,1957,Vol_Med,2025-09-04,15S
COINBASE->BITGET,0.5,90,180,1820,Vol_Med,2025-09-04,15S
BYBITSPOT->BINANCE,0.4782608695652174,88,184,1779,Vol_Med,2025-09-04,15S
BYBITSPOT->COINBASE,0.3497536945812808,71,203,1992,Vol_Med,2025-09-04,15S
BYBITSPOT->BITGET,0.38636363636363635,68,176,1750,Vol_Med,2025-09-04,15S
BITGET->BINANCE,0.38497652582159625,82,213,2021,Vol_Med,2025-09-04,15S
BITGET->COINBASE,0.28773584905660377,61,212,2043,Vol_Med,2025-09-04,15S
BITGET->BYBITSPOT,0.29015544041450775,56,193,1865,Vol_Med,2025-09-04,15S
BINANCE->COINBASE,0.3125,60,192,1860,Vol_High,2025-09-04,15S
BINANCE->BYBITSPOT,0.2981366459627329,48,161,1628,Vol_High,2025-09-04,15S
BINANCE->BITGET,0.2929936305732484,46,157,1554,Vol_High,2025-09-04,15S
COINBASE->BINANCE,0.39572192513368987,74,187,1856,Vol_High,2025-09-04,15S
COINBASE->BYBITSPOT,0.3612565445026178,69,191,1868,Vol_High,2025-09-04,15S
COINBASE->BITGET,0.44607843137254904,91,204,1994,Vol_High,2025-09-04,15S
BYBITSPOT->BINANCE,0.35502958579881655,60,169,1657,Vol_High,2025-09-04,15S
BYBITSPOT->COINBASE,0.33507853403141363,64,191,1915,Vol_High,2025-09-04,15S
BYBITSPOT->BITGET,0.3471502590673575,67,193,1911,Vol_High,2025-09-04,15S
BITGET->BINANCE,0.40606060606060607,67,165,1659,Vol_High,2025-09-04,15S
BITGET->COINBASE,0.34234234234234234,76,222,2141,Vol_High,2025-09-04,15S
BITGET->BYBITSPOT,0.38388625592417064,81,211,2018,Vol_High,2025-09-04,15S
BINANCE->COINBASE,0.3389513108614232,181,534,4028,Wash_Low,2025-09-04,15S
BINANCE->BYBITSPOT,0.38823529411764707,198,510,3752,Wash_Low,2025-09-04,15S
BINANCE->BITGET,0.37662337662337664,174,462,3387,Wash_Low,2025-09-04,15S
COINBASE->BINANCE,0.5130597014925373,275,536,4036,Wash_Low,2025-09-04,15S
COINBASE->BYBITSPOT,0.4458955223880597,239,536,4042,Wash_Low,2025-09-04,15S
COINBASE->BITGET,0.4658385093167702,225,483,3624,Wash_Low,2025-09-04,15S
BYBITSPOT->BINANCE,0.5168986083499006,260,503,3812,Wash_Low,2025-09-04,15S
BYBITSPOT->COINBASE,0.381651376146789,208,545,4090,Wash_Low,2025-09-04,15S
BYBITSPOT->BITGET,0.47489539748953974,227,478,3499,Wash_Low,2025-09-04,15S
BITGET->BINANCE,0.5073068893528184,243,479,3587,Wash_Low,2025-09-04,15S
BITGET->COINBASE,0.37790697674418605,195,516,3812,Wash_Low,2025-09-04,15S
BITGET->BYBITSPOT,0.3884297520661157,188,484,3609,Wash_Low,2025-09-04,15S
BINANCE->COINBASE,0.5,32,64,1693,Wash_High,2025-09-04,15S
BINANCE->BYBITSPOT,0.3875,31,80,1807,Wash_High,2025-09-04,15S
BINANCE->BITGET,0.5342465753424658,39,73,1692,Wash_High,2025-09-04,15S
COINBASE->BINANCE,0.5967741935483871,37,62,1714,Wash_High,2025-09-04,15S
COINBASE->BYBITSPOT,0.5405405405405406,20,37,1533,Wash_High,2025-09-04,15S
COINBASE->BITGET,0.6363636363636364,28,44,1469,Wash_High,2025-09-04,15S
BYBITSPOT->BINANCE,0.5943396226415094,63,106,1937,Wash_High,2025-09-04,15S
BYBITSPOT->COINBASE,0.46938775510204084,23,49,1653,Wash_High,2025-09-04,15S
BYBITSPOT->BITGET,0.6,39,65,1713,Wash_High,2025-09-04,15S
BITGET->BINANCE,0.5,44,88,1987,Wash_High,2025-09-04,15S
BITGET->COINBASE,0.35,21,60,1771,Wash_High,2025-09-04,15S
BITGET->BYBITSPOT,0.36764705882352944,25,68,1935,Wash_High,2025-09-04,15S
BINANCE->COINBASE,0.27495621716287216,157,571,2863,Full,2025-09-04,30S
BINANCE->BYBITSPOT,0.33153153153153153,184,555,2782,Full,2025-09-04,30S
BINANCE->BITGET,0.3555992141453831,181,509,2561,Full,2025-09-04,30S
COINBASE->BINANCE,0.477112676056338,271,568,2877,Full,2025-09-04,30S
COINBASE->BYBITSPOT,0.372972972972973,207,555,2794,Full,2025-09-04,30S
COINBASE->BITGET,0.443359375,227,512,2574,Full,2025-09-04,30S
BYBITSPOT->BINANCE,0.5,287,574,2880,Full,2025-09-04,30S
BYBITSPOT->COINBASE,0.32229965156794427,185,574,2880,Full,2025-09-04,30S
BYBITSPOT->BITGET,0.4380952380952381,230,525,2642,Full,2025-09-04,30S
BITGET->BINANCE,0.41304347826086957,228,552,2867,Full,2025-09-04,30S
BITGET->COINBASE,0.2704626334519573,152,562,2872,Full,2025-09-04,30S
BITGET->BYBITSPOT,0.3137614678899083,171,545,2863,Full,2025-09-04,30S
BINANCE->COINBASE,0.3087248322147651,46,149,1114,Vol_Low,2025-09-04,30S
BINANCE->BYBITSPOT,0.32413793103448274,47,145,1097,Vol_Low,2025-09-04,30S
BINANCE->BITGET,0.45098039215686275,46,102,875,Vol_Low,2025-09-04,30S
COINBASE->BINANCE,0.5328947368421053,81,152,1118,Vol_Low,2025-09-04,30S
COINBASE->BYBITSPOT,0.35185185185185186,38,108,876,Vol_Low,2025-09-04,30S
COINBASE->BITGET,0.5076923076923077,33,65,650,Vol_Low,2025-09-04,30S
BYBITSPOT->BINANCE,0.5961538461538461,93,156,1162,Vol_Low,2025-09-04,30S
BYBITSPOT->COINBASE,0.38461538461538464,45,117,918,Vol_Low,2025-09-04,30S
BYBITSPOT->BITGET,0.4444444444444444,44,99,790,Vol_Low,2025-09-04,30S
BITGET->BINANCE,0.4915254237288136,58,118,981,Vol_Low,2025-09-04,30S
BITGET->COINBASE,0.2535211267605634,18,71,721,Vol_Low,2025-09-04,30S
BITGET->BYBITSPOT,0.37735849056603776,40,106,850,Vol_Low,2025-09-04,30S
BINANCE->COINBASE,0.25,12,48,818,Vol_Med,2025-09-04,30S
BINANCE->BYBITSPOT,0.30612244897959184,15,49,869,Vol_Med,2025-09-04,30S
BINANCE->BITGET,0.5454545454545454,30,55,900,Vol_Med,2025-09-04,30S
COINBASE->BINANCE,0.47619047619047616,20,42,821,Vol_Med,2025-09-04,30S
COINBASE->BYBITSPOT,0.25316455696202533,20,79,976,Vol_Med,2025-09-04,30S
COINBASE->BITGET,0.546875,35,64,909,Vol_Med,2025-09-04,30S
BYBITSPOT->BINANCE,0.5306122448979592,26,49,889,Vol_Med,2025-09-04,30S
BYBITSPOT->COINBASE,0.34146341463414637,28,82,1004,Vol_Med,2025-09-04,30S
BYBITSPOT->BITGET,0.31343283582089554,21,67,886,Vol_Med,2025-09-04,30S
BITGET->BINANCE,0.36,27,75,1045,Vol_Med,2025-09-04,30S
BITGET->COINBASE,0.16666666666666666,14,84,1056,Vol_Med,2025-09-04,30S
BITGET->BYBITSPOT,0.2987012987012987,23,77,978,Vol_Med,2025-09-04,30S
BINANCE->COINBASE,0.23770491803278687,29,122,931,Vol_High,2025-09-04,30S
BINANCE->BYBITSPOT,0.29591836734693877,29,98,816,Vol_High,2025-09-04,30S
BINANCE->BITGET,0.2978723404255319,28,94,786,Vol_High,2025-09-04,30S
COINBASE->BINANCE,0.31932773109243695,38,119,938,Vol_High,2025-09-04,30S
COINBASE->BYBITSPOT,0.31746031746031744,40,126,942,Vol_High,2025-09-04,30S
COINBASE->BITGET,0.3939393939393939,52,132,1015,Vol_High,2025-09-04,30S
BYBITSPOT->BINANCE,0.3269230769230769,34,104,829,Vol_High,2025-09-04,30S
BYBITSPOT->COINBASE,0.2440944881889764,31,127,958,Vol_High,2025-09-04,30S
BYBITSPOT->BITGET,0.376,47,125,966,Vol_High,2025-09-04,30S
BITGET->BINANCE,0.33663366336633666,34,101,841,Vol_High,2025-09-04,30S
BITGET->COINBASE,0.30666666666666664,46,150,1095,Vol_High,2025-09-04,30S
BITGET->BYBITSPOT,0.30656934306569344,42,137,1035,Vol_High,2025-09-04,30S
BINANCE->COINBASE,0.5,3,6,1467,Wash_Low,2025-09-04,30S
BINANCE->BYBITSPOT,0.5,1,2,1398,Wash_Low,2025-09-04,30S
BINANCE->BITGET,1.0,1,1,1270,Wash_Low,2025-09-04,30S
COINBASE->BINANCE,0.0,0,5,1481,Wash_Low,2025-09-04,30S
COINBASE->BYBITSPOT,0.4,4,10,1619,Wash_Low,2025-09-04,30S
COINBASE->BITGET,0.5,4,8,1455,Wash_Low,2025-09-04,30S
BYBITSPOT->BINANCE,0.6666666666666666,2,3,1426,Wash_Low,2025-09-04,30S
BYBITSPOT->COINBASE,0.1111111111111111,1,9,1642,Wash_Low,2025-09-04,30S
BYBITSPOT->BITGET,0.42857142857142855,3,7,1397,Wash_Low,2025-09-04,30S
BITGET->BINANCE,0.0,0,1,1422,Wash_Low,2025-09-04,30S
BITGET->COINBASE,0.25,1,4,1567,Wash_Low,2025-09-04,30S
BITGET->BYBITSPOT,0.3333333333333333,2,6,1478,Wash_Low,2025-09-04,30S
BINANCE->COINBASE,0.5,2,4,1396,Wash_High,2025-09-04,30S
BINANCE->BYBITSPOT,0.5,2,4,1384,Wash_High,2025-09-04,30S
BINANCE->BITGET,0.75,3,4,1291,Wash_High,2025-09-04,30S
COINBASE->BINANCE,0.3333333333333333,2,6,1396,Wash_High,2025-09-04,30S
COINBASE->BYBITSPOT,0.0,0,0,1175,Wash_High,2025-09-04,30S
COINBASE->BITGET,0.25,1,4,1119,Wash_High,2025-09-04,30S
BYBITSPOT->BINANCE,0.3333333333333333,1,3,1454,Wash_High,2025-09-04,30S
BYBITSPOT->COINBASE,0.0,0,2,1238,Wash_High,2025-09-04,30S
BYBITSPOT->BITGET,0.6666666666666666,2,3,1245,Wash_High,2025-09-04,30S
BITGET->BINANCE,0.4,2,5,1445,Wash_High,2025-09-04,30S
BITGET->COINBASE,0.5,1,2,1305,Wash_High,2025-09-04,30S
BITGET->BYBITSPOT,0.3333333333333333,1,3,1385,Wash_High,2025-09-04,30S
BINANCE->COINBASE,0.34097421203438394,119,349,10159,Full,2025-09-05,1S
BINANCE->BYBITSPOT,0.2247191011235955,80,356,9777,Full,2025-09-05,1S
BINANCE->BITGET,0.16091954022988506,56,348,9364,Full,2025-09-05,1S
COINBASE->BINANCE,0.2997275204359673,110,367,10188,Full,2025-09-05,1S
COINBASE->BYBITSPOT,0.26475849731663686,148,559,16155,Full,2025-09-05,1S
COINBASE->BITGET,0.24007561436672967,127,529,14590,Full,2025-09-05,1S
BYBITSPOT->BINANCE,0.29708222811671087,112,377,9777,Full,2025-09-05,1S
BYBITSPOT->COINBASE,0.18466898954703834,106,574,16155,Full,2025-09-05,1S
BYBITSPOT->BITGET,0.24907749077490776,135,542,14210,Full,2025-09-05,1S
BITGET->BINANCE,0.2793733681462141,107,383,9364,Full,2025-09-05,1S
BITGET->COINBASE,0.18292682926829268,105,574,14590,Full,2025-09-05,1S
BITGET->BYBITSPOT,0.21777003484320556,125,574,14210,Full,2025-09-05,1S
BINANCE->COINBASE,0.3021978021978022,55,182,4459,Vol_Low,2025-09-05,1S
BINANCE->BYBITSPOT,0.22905027932960895,41,179,4152,Vol_Low,2025-09-05,1S
BINANCE->BITGET,0.19642857142857142,33,168,3869,Vol_Low,2025-09-05,1S
COINBASE->BINANCE,0.2722222222222222,49,180,4461,Vol_Low,2025-09-05,1S
COINBASE->BYBITSPOT,0.38317757009345793,82,214,4662,Vol_Low,2025-09-05,1S
COINBASE->BITGET,0.4624277456647399,80,173,3629,Vol_Low,2025-09-05,1S
BYBITSPOT->BINANCE,0.29411764705882354,55,187,4142,Vol_Low,2025-09-05,1S
BYBITSPOT->COINBASE,0.18468468468468469,41,222,4668,Vol_Low,2025-09-05,1S
BYBITSPOT->BITGET,0.22872340425531915,43,188,4006,Vol_Low,2025-09-05,1S
BITGET->BINANCE,0.26373626373626374,48,182,3857,Vol_Low,2025-09-05,1S
BITGET->COINBASE,0.19540229885057472,34,174,3617,Vol_Low,2025-09-05,1S
BITGET->BYBITSPOT,0.22527472527472528,41,182,3991,Vol_Low,2025-09-05,1S
BINANCE->COINBASE,0.3625,58,160,3358,Vol_Med,2025-09-05,1S
BINANCE->BYBITSPOT,0.21518987341772153,34,158,3032,Vol_Med,2025-09-05,1S
BINANCE->BITGET,0.22289156626506024,37,166,3055,Vol_Med,2025-09-05,1S
COINBASE->BINANCE,0.38461538461538464,65,169,3395,Vol_Med,2025-09-05,1S
COINBASE->BYBITSPOT,0.30344827586206896,88,290,5555,Vol_Med,2025-09-05,1S
COINBASE->BITGET,0.32432432432432434,84,259,5136,Vol_Med,2025-09-05,1S
BYBITSPOT->BINANCE,0.33540372670807456,54,161,3042,Vol_Med,2025-09-05,1S
BYBITSPOT->COINBASE,0.2363013698630137,69,292,5549,Vol_Med,2025-09-05,1S
BYBITSPOT->BITGET,0.30578512396694213,74,242,4587,Vol_Med,2025-09-05,1S
BITGET->BINANCE,0.38857142857142857,68,175,3058,Vol_Med,2025-09-05,1S
BITGET->COINBASE,0.22916666666666666,66,288,5145,Vol_Med,2025-09-05,1S
BITGET->BYBITSPOT,0.3015267175572519,79,262,4601,Vol_Med,2025-09-05,1S
BINANCE->COINBASE,0.39090909090909093,43,110,2342,Vol_High,2025-09-05,1S
BINANCE->BYBITSPOT,0.21551724137931033,25,116,2593,Vol_High,2025-09-05,1S
BINANCE->BITGET,0.2,23,115,2440,Vol_High,2025-09-05,1S
COINBASE->BINANCE,0.41935483870967744,52,124,2332,Vol_High,2025-09-05,1S
COINBASE->BYBITSPOT,0.29098360655737704,71,244,5938,Vol_High,2025-09-05,1S
COINBASE->BITGET,0.22727272727272727,55,242,5825,Vol_High,2025-09-05,1S
BYBITSPOT->BINANCE,0.375,48,128,2593,Vol_High,2025-09-05,1S
BYBITSPOT->COINBASE,0.20647773279352227,51,247,5938,Vol_High,2025-09-05,1S
BYBITSPOT->BITGET,0.27848101265822783,66,237,5617,Vol_High,2025-09-05,1S
BITGET->BINANCE,0.4180327868852459,51,122,2449,Vol_High,2025-09-05,1S
BITGET->COINBASE,0.265625,68,256,5828,Vol_High,2025-09-05,1S
BITGET->BYBITSPOT,0.2450592885375494,62,253,5618,Vol_High,2025-09-05,1S
BINANCE->COINBASE,0.4617737003058104,151,327,6080,Wash_Low,2025-09-05,1S
BINANCE->BYBITSPOT,0.27439024390243905,90,328,5712,Wash_Low,2025-09-05,1S
BINANCE->BITGET,0.24550898203592814,82,334,5489,Wash_Low,2025-09-05,1S
COINBASE->BINANCE,0.45664739884393063,158,346,6095,Wash_Low,2025-09-05,1S
COINBASE->BYBITSPOT,0.2844364937388193,159,559,10554,Wash_Low,2025-09-05,1S
COINBASE->BITGET,0.34593572778827975,183,529,9623,Wash_Low,2025-09-05,1S
BYBITSPOT->BINANCE,0.3389830508474576,120,354,5712,Wash_Low,2025-09-05,1S
BYBITSPOT->COINBASE,0.2229965156794425,128,574,10554,Wash_Low,2025-09-05,1S
BYBITSPOT->BITGET,0.3284132841328413,178,542,8946,Wash_Low,2025-09-05,1S
BITGET->BINANCE,0.3871866295264624,139,359,5489,Wash_Low,2025-09-05,1S
BITGET->COINBASE,0.23344947735191637,134,574,9623,Wash_Low,2025-09-05,1S
BITGET->BYBITSPOT,0.29772329246935203,170,571,8946,Wash_Low,2025-09-05,1S
BINANCE->COINBASE,0.5669781931464174,182,321,4079,Wash_High,2025-09-05,1S
BINANCE->BYBITSPOT,0.5264797507788161,169,321,4065,Wash_High,2025-09-05,1S
BINANCE->BITGET,0.5862068965517241,187,319,3875,Wash_High,2025-09-05,1S
COINBASE->BINANCE,0.851063829787234,280,329,4093,Wash_High,2025-09-05,1S
COINBASE->BYBITSPOT,0.8670309653916212,476,549,5601,Wash_High,2025-09-05,1S
COINBASE->BITGET,0.8540856031128404,439,514,4967,Wash_High,2025-09-05,1S
BYBITSPOT->BINANCE,0.7418397626112759,250,337,4065,Wash_High,2025-09-05,1S
BYBITSPOT->COINBASE,0.7232142857142857,405,560,5601,Wash_High,2025-09-05,1S
BYBITSPOT->BITGET,0.8007590132827325,422,527,5264,Wash_High,2025-09-05,1S
BITGET->BINANCE,0.7205882352941176,245,340,3875,Wash_High,2025-09-05,1S
BITGET->COINBASE,0.6970260223048327,375,538,4967,Wash_High,2025-09-05,1S
BITGET->BYBITSPOT,0.6476014760147601,351,542,5264,Wash_High,2025-09-05,1S
BINANCE->COINBASE,0.34097421203438394,119,349,10159,Full,2025-09-05,2S
BINANCE->BYBITSPOT,0.2247191011235955,80,356,9777,Full,2025-09-05,2S
BINANCE->BITGET,0.16091954022988506,56,348,9364,Full,2025-09-05,2S
COINBASE->BINANCE,0.2997275204359673,110,367,10188,Full,2025-09-05,2S
COINBASE->BYBITSPOT,0.26475849731663686,148,559,16155,Full,2025-09-05,2S
COINBASE->BITGET,0.24007561436672967,127,529,14590,Full,2025-09-05,2S
BYBITSPOT->BINANCE,0.29708222811671087,112,377,9777,Full,2025-09-05,2S
BYBITSPOT->COINBASE,0.18466898954703834,106,574,16155,Full,2025-09-05,2S
BYBITSPOT->BITGET,0.24907749077490776,135,542,14210,Full,2025-09-05,2S
BITGET->BINANCE,0.2793733681462141,107,383,9364,Full,2025-09-05,2S
BITGET->COINBASE,0.18292682926829268,105,574,14590,Full,2025-09-05,2S
BITGET->BYBITSPOT,0.21777003484320556,125,574,14210,Full,2025-09-05,2S
BINANCE->COINBASE,0.3021978021978022,55,182,4459,Vol_Low,2025-09-05,2S
BINANCE->BYBITSPOT,0.22905027932960895,41,179,4152,Vol_Low,2025-09-05,2S
BINANCE->BITGET,0.19642857142857142,33,168,3869,Vol_Low,2025-09-05,2S
COINBASE->BINANCE,0.2722222222222222,49,180,4461,Vol_Low,2025-09-05,2S
COINBASE->BYBITSPOT,0.38317757009345793,82,214,4662,Vol_Low,2025-09-05,2S
COINBASE->BITGET,0.4624277456647399,80,173,3629,Vol_Low,2025-09-05,2S
BYBITSPOT->BINANCE,0.29411764705882354,55,187,4142,Vol_Low,2025-09-05,2S
BYBITSPOT->COINBASE,0.18468468468468469,41,222,4668,Vol_Low,2025-09-05,2S
BYBITSPOT->BITGET,0.22872340425531915,43,188,4006,Vol_Low,2025-09-05,2S
BITGET->BINANCE,0.26373626373626374,48,182,3857,Vol_Low,2025-09-05,2S
BITGET->COINBASE,0.19540229885057472,34,174,3617,Vol_Low,2025-09-05,2S
BITGET->BYBITSPOT,0.22527472527472528,41,182,3991,Vol_Low,2025-09-05,2S
BINANCE->COINBASE,0.3625,58,160,3358,Vol_Med,2025-09-05,2S
BINANCE->BYBITSPOT,0.21518987341772153,34,158,3032,Vol_Med,2025-09-05,2S
BINANCE->BITGET,0.22289156626506024,37,166,3055,Vol_Med,2025-09-05,2S
COINBASE->BINANCE,0.38461538461538464,65,169,3395,Vol_Med,2025-09-05,2S
COINBASE->BYBITSPOT,0.30344827586206896,88,290,5555,Vol_Med,2025-09-05,2S
COINBASE->BITGET,0.32432432432432434,84,259,5136,Vol_Med,2025-09-05,2S
BYBITSPOT->BINANCE,0.33540372670807456,54,161,3042,Vol_Med,2025-09-05,2S
BYBITSPOT->COINBASE,0.2363013698630137,69,292,5549,Vol_Med,2025-09-05,2S
BYBITSPOT->BITGET,0.30578512396694213,74,242,4587,Vol_Med,2025-09-05,2S
BITGET->BINANCE,0.38857142857142857,68,175,3058,Vol_Med,2025-09-05,2S
BITGET->COINBASE,0.22916666666666666,66,288,5145,Vol_Med,2025-09-05,2S
BITGET->BYBITSPOT,0.3015267175572519,79,262,4601,Vol_Med,2025-09-05,2S
BINANCE->COINBASE,0.39090909090909093,43,110,2342,Vol_High,2025-09-05,2S
BINANCE->BYBITSPOT,0.21551724137931033,25,116,2593,Vol_High,2025-09-05,2S
BINANCE->BITGET,0.2,23,115,2440,Vol_High,2025-09-05,2S
COINBASE->BINANCE,0.41935483870967744,52,124,2332,Vol_High,2025-09-05,2S
COINBASE->BYBITSPOT,0.29098360655737704,71,244,5938,Vol_High,2025-09-05,2S
COINBASE->BITGET,0.22727272727272727,55,242,5825,Vol_High,2025-09-05,2S
BYBITSPOT->BINANCE,0.375,48,128,2593,Vol_High,2025-09-05,2S
BYBITSPOT->COINBASE,0.20647773279352227,51,247,5938,Vol_High,2025-09-05,2S
BYBITSPOT->BITGET,0.27848101265822783,66,237,5617,Vol_High,2025-09-05,2S
BITGET->BINANCE,0.4180327868852459,51,122,2449,Vol_High,2025-09-05,2S
BITGET->COINBASE,0.265625,68,256,5828,Vol_High,2025-09-05,2S
BITGET->BYBITSPOT,0.2450592885375494,62,253,5618,Vol_High,2025-09-05,2S
BINANCE->COINBASE,0.4617737003058104,151,327,6080,Wash_Low,2025-09-05,2S
BINANCE->BYBITSPOT,0.27439024390243905,90,328,5712,Wash_Low,2025-09-05,2S
BINANCE->BITGET,0.24550898203592814,82,334,5489,Wash_Low,2025-09-05,2S
COINBASE->BINANCE,0.45664739884393063,158,346,6095,Wash_Low,2025-09-05,2S
COINBASE->BYBITSPOT,0.2844364937388193,159,559,10554,Wash_Low,2025-09-05,2S
COINBASE->BITGET,0.34593572778827975,183,529,9623,Wash_Low,2025-09-05,2S
BYBITSPOT->BINANCE,0.3389830508474576,120,354,5712,Wash_Low,2025-09-05,2S
BYBITSPOT->COINBASE,0.2229965156794425,128,574,10554,Wash_Low,2025-09-05,2S
BYBITSPOT->BITGET,0.3284132841328413,178,542,8946,Wash_Low,2025-09-05,2S
BITGET->BINANCE,0.3871866295264624,139,359,5489,Wash_Low,2025-09-05,2S
BITGET->COINBASE,0.23344947735191637,134,574,9623,Wash_Low,2025-09-05,2S
BITGET->BYBITSPOT,0.29772329246935203,170,571,8946,Wash_Low,2025-09-05,2S
BINANCE->COINBASE,0.5669781931464174,182,321,4079,Wash_High,2025-09-05,2S
BINANCE->BYBITSPOT,0.5264797507788161,169,321,4065,Wash_High,2025-09-05,2S
BINANCE->BITGET,0.5862068965517241,187,319,3875,Wash_High,2025-09-05,2S
COINBASE->BINANCE,0.851063829787234,280,329,4093,Wash_High,2025-09-05,2S
COINBASE->BYBITSPOT,0.8670309653916212,476,549,5601,Wash_High,2025-09-05,2S
COINBASE->BITGET,0.8540856031128404,439,514,4967,Wash_High,2025-09-05,2S
BYBITSPOT->BINANCE,0.7418397626112759,250,337,4065,Wash_High,2025-09-05,2S
BYBITSPOT->COINBASE,0.7232142857142857,405,560,5601,Wash_High,2025-09-05,2S
BYBITSPOT->BITGET,0.8007590132827325,422,527,5264,Wash_High,2025-09-05,2S
BITGET->BINANCE,0.7205882352941176,245,340,3875,Wash_High,2025-09-05,2S
BITGET->COINBASE,0.6970260223048327,375,538,4967,Wash_High,2025-09-05,2S
BITGET->BYBITSPOT,0.6476014760147601,351,542,5264,Wash_High,2025-09-05,2S
BINANCE->COINBASE,0.34097421203438394,119,349,10159,Full,2025-09-05,5S
BINANCE->BYBITSPOT,0.2247191011235955,80,356,9777,Full,2025-09-05,5S
BINANCE->BITGET,0.16091954022988506,56,348,9364,Full,2025-09-05,5S
COINBASE->BINANCE,0.2997275204359673,110,367,10188,Full,2025-09-05,5S
COINBASE->BYBITSPOT,0.26475849731663686,148,559,16155,Full,2025-09-05,5S
COINBASE->BITGET,0.24007561436672967,127,529,14590,Full,2025-09-05,5S
BYBITSPOT->BINANCE,0.29708222811671087,112,377,9777,Full,2025-09-05,5S
BYBITSPOT->COINBASE,0.18466898954703834,106,574,16155,Full,2025-09-05,5S
BYBITSPOT->BITGET,0.24907749077490776,135,542,14210,Full,2025-09-05,5S
BITGET->BINANCE,0.2793733681462141,107,383,9364,Full,2025-09-05,5S
BITGET->COINBASE,0.18292682926829268,105,574,14590,Full,2025-09-05,5S
BITGET->BYBITSPOT,0.21777003484320556,125,574,14210,Full,2025-09-05,5S
BINANCE->COINBASE,0.3021978021978022,55,182,4459,Vol_Low,2025-09-05,5S
BINANCE->BYBITSPOT,0.22905027932960895,41,179,4152,Vol_Low,2025-09-05,5S
BINANCE->BITGET,0.19642857142857142,33,168,3869,Vol_Low,2025-09-05,5S
COINBASE->BINANCE,0.2722222222222222,49,180,4461,Vol_Low,2025-09-05,5S
COINBASE->BYBITSPOT,0.38317757009345793,82,214,4662,Vol_Low,2025-09-05,5S
COINBASE->BITGET,0.4624277456647399,80,173,3629,Vol_Low,2025-09-05,5S
BYBITSPOT->BINANCE,0.29411764705882354,55,187,4142,Vol_Low,2025-09-05,5S
BYBITSPOT->COINBASE,0.18468468468468469,41,222,4668,Vol_Low,2025-09-05,5S
BYBITSPOT->BITGET,0.22872340425531915,43,188,4006,Vol_Low,2025-09-05,5S
BITGET->BINANCE,0.26373626373626374,48,182,3857,Vol_Low,2025-09-05,5S
BITGET->COINBASE,0.19540229885057472,34,174,3617,Vol_Low,2025-09-05,5S
BITGET->BYBITSPOT,0.22527472527472528,41,182,3991,Vol_Low,2025-09-05,5S
BINANCE->COINBASE,0.3625,58,160,3358,Vol_Med,2025-09-05,5S
BINANCE->BYBITSPOT,0.21518987341772153,34,158,3032,Vol_Med,2025-09-05,5S
BINANCE->BITGET,0.22289156626506024,37,166,3055,Vol_Med,2025-09-05,5S
COINBASE->BINANCE,0.38461538461538464,65,169,3395,Vol_Med,2025-09-05,5S
COINBASE->BYBITSPOT,0.30344827586206896,88,290,5555,Vol_Med,2025-09-05,5S
COINBASE->BITGET,0.32432432432432434,84,259,5136,Vol_Med,2025-09-05,5S
BYBITSPOT->BINANCE,0.33540372670807456,54,161,3042,Vol_Med,2025-09-05,5S
BYBITSPOT->COINBASE,0.2363013698630137,69,292,5549,Vol_Med,2025-09-05,5S
BYBITSPOT->BITGET,0.30578512396694213,74,242,4587,Vol_Med,2025-09-05,5S
BITGET->BINANCE,0.38857142857142857,68,175,3058,Vol_Med,2025-09-05,5S
BITGET->COINBASE,0.22916666666666666,66,288,5145,Vol_Med,2025-09-05,5S
BITGET->BYBITSPOT,0.3015267175572519,79,262,4601,Vol_Med,2025-09-05,5S
BINANCE->COINBASE,0.39090909090909093,43,110,2342,Vol_High,2025-09-05,5S
BINANCE->BYBITSPOT,0.21551724137931033,25,116,2593,Vol_High,2025-09-05,5S
BINANCE->BITGET,0.2,23,115,2440,Vol_High,2025-09-05,5S
COINBASE->BINANCE,0.41935483870967744,52,124,2332,Vol_High,2025-09-05,5S
COINBASE->BYBITSPOT,0.29098360655737704,71,244,5938,Vol_High,2025-09-05,5S
COINBASE->BITGET,0.22727272727272727,55,242,5825,Vol_High,2025-09-05,5S
BYBITSPOT->BINANCE,0.375,48,128,2593,Vol_High,2025-09-05,5S
BYBITSPOT->COINBASE,0.20647773279352227,51,247,5938,Vol_High,2025-09-05,5S
BYBITSPOT->BITGET,0.27848101265822783,66,237,5617,Vol_High,2025-09-05,5S
BITGET->BINANCE,0.4180327868852459,51,122,2449,Vol_High,2025-09-05,5S
BITGET->COINBASE,0.265625,68,256,5828,Vol_High,2025-09-05,5S
BITGET->BYBITSPOT,0.2450592885375494,62,253,5618,Vol_High,2025-09-05,5S
BINANCE->COINBASE,0.4617737003058104,151,327,6080,Wash_Low,2025-09-05,5S
BINANCE->BYBITSPOT,0.27439024390243905,90,328,5712,Wash_Low,2025-09-05,5S
BINANCE->BITGET,0.24550898203592814,82,334,5489,Wash_Low,2025-09-05,5S
COINBASE->BINANCE,0.45664739884393063,158,346,6095,Wash_Low,2025-09-05,5S
COINBASE->BYBITSPOT,0.2844364937388193,159,559,10554,Wash_Low,2025-09-05,5S
COINBASE->BITGET,0.34593572778827975,183,529,9623,Wash_Low,2025-09-05,5S
BYBITSPOT->BINANCE,0.3389830508474576,120,354,5712,Wash_Low,2025-09-05,5S
BYBITSPOT->COINBASE,0.2229965156794425,128,574,10554,Wash_Low,2025-09-05,5S
BYBITSPOT->BITGET,0.3284132841328413,178,542,8946,Wash_Low,2025-09-05,5S
BITGET->BINANCE,0.3871866295264624,139,359,5489,Wash_Low,2025-09-05,5S
BITGET->COINBASE,0.23344947735191637,134,574,9623,Wash_Low,2025-09-05,5S
BITGET->BYBITSPOT,0.29772329246935203,170,571,8946,Wash_Low,2025-09-05,5S
BINANCE->COINBASE,0.5669781931464174,182,321,4079,Wash_High,2025-09-05,5S
BINANCE->BYBITSPOT,0.5264797507788161,169,321,4065,Wash_High,2025-09-05,5S
BINANCE->BITGET,0.5862068965517241,187,319,3875,Wash_High,2025-09-05,5S
COINBASE->BINANCE,0.851063829787234,280,329,4093,Wash_High,2025-09-05,5S
COINBASE->BYBITSPOT,0.8670309653916212,476,549,5601,Wash_High,2025-09-05,5S
COINBASE->BITGET,0.8540856031128404,439,514,4967,Wash_High,2025-09-05,5S
BYBITSPOT->BINANCE,0.7418397626112759,250,337,4065,Wash_High,2025-09-05,5S
BYBITSPOT->COINBASE,0.7232142857142857,405,560,5601,Wash_High,2025-09-05,5S
BYBITSPOT->BITGET,0.8007590132827325,422,527,5264,Wash_High,2025-09-05,5S
BITGET->BINANCE,0.7205882352941176,245,340,3875,Wash_High,2025-09-05,5S
BITGET->COINBASE,0.6970260223048327,375,538,4967,Wash_High,2025-09-05,5S
BITGET->BYBITSPOT,0.6476014760147601,351,542,5264,Wash_High,2025-09-05,5S
BINANCE->COINBASE,0.28,91,325,5260,Full,2025-09-05,10S
BINANCE->BYBITSPOT,0.21515151515151515,71,330,5254,Full,2025-09-05,10S
BINANCE->BITGET,0.2688821752265861,89,331,5145,Full,2025-09-05,10S
COINBASE->BINANCE,0.4046920821114369,138,341,5269,Full,2025-09-05,10S
COINBASE->BYBITSPOT,0.31663685152057247,177,559,8371,Full,2025-09-05,10S
COINBASE->BITGET,0.3270321361058601,173,529,7795,Full,2025-09-05,10S
BYBITSPOT->BINANCE,0.3475783475783476,122,351,5381,Full,2025-09-05,10S
BYBITSPOT->COINBASE,0.26306620209059234,151,574,8570,Full,2025-09-05,10S
BYBITSPOT->BITGET,0.2896678966789668,157,542,7883,Full,2025-09-05,10S
BITGET->BINANCE,0.34794520547945207,127,365,5354,Full,2025-09-05,10S
BITGET->COINBASE,0.2264808362369338,130,574,8179,Full,2025-09-05,10S
BITGET->BYBITSPOT,0.2456445993031359,141,574,8071,Full,2025-09-05,10S
BINANCE->COINBASE,0.2891566265060241,48,166,2243,Vol_Low,2025-09-05,10S
BINANCE->BYBITSPOT,0.20496894409937888,33,161,2210,Vol_Low,2025-09-05,10S
BINANCE->BITGET,0.37254901960784315,57,153,2052,Vol_Low,2025-09-05,10S
COINBASE->BINANCE,0.4764705882352941,81,170,2265,Vol_Low,2025-09-05,10S
COINBASE->BYBITSPOT,0.3641304347826087,67,184,2474,Vol_Low,2025-09-05,10S
COINBASE->BITGET,0.44966442953020136,67,149,1962,Vol_Low,2025-09-05,10S
BYBITSPOT->BINANCE,0.3869047619047619,65,168,2307,Vol_Low,2025-09-05,10S
BYBITSPOT->COINBASE,0.25757575757575757,51,198,2583,Vol_Low,2025-09-05,10S
BYBITSPOT->BITGET,0.3668639053254438,62,169,2288,Vol_Low,2025-09-05,10S
BITGET->BINANCE,0.31446540880503143,50,159,2147,Vol_Low,2025-09-05,10S
BITGET->COINBASE,0.16774193548387098,26,155,2037,Vol_Low,2025-09-05,10S
BITGET->BYBITSPOT,0.2857142857142857,50,175,2276,Vol_Low,2025-09-05,10S
BINANCE->COINBASE,0.26865671641791045,36,134,1692,Vol_Med,2025-09-05,10S
BINANCE->BYBITSPOT,0.2421875,31,128,1575,Vol_Med,2025-09-05,10S
BINANCE->BITGET,0.2857142857142857,38,133,1664,Vol_Med,2025-09-05,10S
COINBASE->BINANCE,0.5294117647058824,72,136,1716,Vol_Med,2025-09-05,10S
COINBASE->BYBITSPOT,0.4017094017094017,94,234,2858,Vol_Med,2025-09-05,10S
COINBASE->BITGET,0.40789473684210525,93,228,2784,Vol_Med,2025-09-05,10S
BYBITSPOT->BINANCE,0.4566929133858268,58,127,1622,Vol_Med,2025-09-05,10S
BYBITSPOT->COINBASE,0.2897959183673469,71,245,2923,Vol_Med,2025-09-05,10S
BYBITSPOT->BITGET,0.27699530516431925,59,213,2586,Vol_Med,2025-09-05,10S
BITGET->BINANCE,0.3972602739726027,58,146,1749,Vol_Med,2025-09-05,10S
BITGET->COINBASE,0.2682926829268293,66,246,2979,Vol_Med,2025-09-05,10S
BITGET->BYBITSPOT,0.25877192982456143,59,228,2696,Vol_Med,2025-09-05,10S
BINANCE->COINBASE,0.21621621621621623,16,74,1325,Vol_High,2025-09-05,10S
BINANCE->BYBITSPOT,0.2413793103448276,21,87,1469,Vol_High,2025-09-05,10S
BINANCE->BITGET,0.18085106382978725,17,94,1429,Vol_High,2025-09-05,10S
COINBASE->BINANCE,0.43529411764705883,37,85,1288,Vol_High,2025-09-05,10S
COINBASE->BYBITSPOT,0.33482142857142855,75,224,3039,Vol_High,2025-09-05,10S
COINBASE->BITGET,0.3482142857142857,78,224,3049,Vol_High,2025-09-05,10S
BYBITSPOT->BINANCE,0.36,36,100,1452,Vol_High,2025-09-05,10S
BYBITSPOT->COINBASE,0.3217391304347826,74,230,3064,Vol_High,2025-09-05,10S
BYBITSPOT->BITGET,0.3108108108108108,69,222,3009,Vol_High,2025-09-05,10S
BITGET->BINANCE,0.43,43,100,1458,Vol_High,2025-09-05,10S
BITGET->COINBASE,0.3138075313807531,75,239,3163,Vol_High,2025-09-05,10S
BITGET->BYBITSPOT,0.3333333333333333,78,234,3099,Vol_High,2025-09-05,10S
BINANCE->COINBASE,0.38162544169611307,108,283,2596,Wash_Low,2025-09-05,10S
BINANCE->BYBITSPOT,0.3684210526315789,105,285,2484,Wash_Low,2025-09-05,10S
BINANCE->BITGET,0.44483985765124556,125,281,2430,Wash_Low,2025-09-05,10S
COINBASE->BINANCE,0.5813148788927336,168,289,2606,Wash_Low,2025-09-05,10S
COINBASE->BYBITSPOT,0.4454713493530499,241,541,4572,Wash_Low,2025-09-05,10S
COINBASE->BITGET,0.4832347140039448,245,507,4328,Wash_Low,2025-09-05,10S
BYBITSPOT->BINANCE,0.5294117647058824,153,289,2548,Wash_Low,2025-09-05,10S
BYBITSPOT->COINBASE,0.3689839572192513,207,561,4742,Wash_Low,2025-09-05,10S
BYBITSPOT->BITGET,0.5098814229249012,258,506,4143,Wash_Low,2025-09-05,10S
BITGET->BINANCE,0.4610169491525424,136,295,2608,Wash_Low,2025-09-05,10S
BITGET->COINBASE,0.36496350364963503,200,548,4696,Wash_Low,2025-09-05,10S
BITGET->BYBITSPOT,0.40540540540540543,210,518,4324,Wash_Low,2025-09-05,10S
BINANCE->COINBASE,0.35353535353535354,105,297,2664,Wash_High,2025-09-05,10S
BINANCE->BYBITSPOT,0.3696369636963696,112,303,2770,Wash_High,2025-09-05,10S
BINANCE->BITGET,0.39473684210526316,120,304,2715,Wash_High,2025-09-05,10S
COINBASE->BINANCE,0.636963696369637,193,303,2663,Wash_High,2025-09-05,10S
COINBASE->BYBITSPOT,0.5665961945031712,268,473,3799,Wash_High,2025-09-05,10S
COINBASE->BITGET,0.5737327188940092,249,434,3467,Wash_High,2025-09-05,10S
BYBITSPOT->BINANCE,0.5331230283911672,169,317,2833,Wash_High,2025-09-05,10S
BYBITSPOT->COINBASE,0.40365111561866124,199,493,3828,Wash_High,2025-09-05,10S
BYBITSPOT->BITGET,0.5705128205128205,267,468,3740,Wash_High,2025-09-05,10S
BITGET->BINANCE,0.5031645569620253,159,316,2746,Wash_High,2025-09-05,10S
BITGET->COINBASE,0.358974358974359,154,429,3483,Wash_High,2025-09-05,10S
BITGET->BYBITSPOT,0.45274725274725275,206,455,3747,Wash_High,2025-09-05,10S
BINANCE->COINBASE,0.205607476635514,66,321,3599,Full,2025-09-05,15S
BINANCE->BYBITSPOT,0.2375,76,320,3594,Full,2025-09-05,15S
BINANCE->BITGET,0.33746130030959753,109,323,3574,Full,2025-09-05,15S
COINBASE->BINANCE,0.49693251533742333,162,326,3594,Full,2025-09-05,15S
COINBASE->BYBITSPOT,0.38640429338103754,216,559,5600,Full,2025-09-05,15S
COINBASE->BITGET,0.45746691871455575,242,529,5277,Full,2025-09-05,15S
BYBITSPOT->BINANCE,0.4791666666666667,161,336,3690,Full,2025-09-05,15S
BYBITSPOT->COINBASE,0.30139372822299654,173,574,5747,Full,2025-09-05,15S
BYBITSPOT->BITGET,0.3856088560885609,209,542,5379,Full,2025-09-05,15S
BITGET->BINANCE,0.39886039886039887,140,351,3773,Full,2025-09-05,15S
BITGET->COINBASE,0.25435540069686413,146,574,5638,Full,2025-09-05,15S
BITGET->BYBITSPOT,0.3170731707317073,182,574,5587,Full,2025-09-05,15S
BINANCE->COINBASE,0.23333333333333334,35,150,1499,Vol_Low,2025-09-05,15S
BINANCE->BYBITSPOT,0.26,39,150,1494,Vol_Low,2025-09-05,15S
BINANCE->BITGET,0.4142857142857143,58,140,1394,Vol_Low,2025-09-05,15S
COINBASE->BINANCE,0.5974025974025974,92,154,1520,Vol_Low,2025-09-05,15S
COINBASE->BYBITSPOT,0.4069767441860465,70,172,1685,Vol_Low,2025-09-05,15S
COINBASE->BITGET,0.6417910447761194,86,134,1348,Vol_Low,2025-09-05,15S
BYBITSPOT->BINANCE,0.5911949685534591,94,159,1568,Vol_Low,2025-09-05,15S
BYBITSPOT->COINBASE,0.44886363636363635,79,176,1766,Vol_Low,2025-09-05,15S
BYBITSPOT->BITGET,0.4720496894409938,76,161,1589,Vol_Low,2025-09-05,15S
BITGET->BINANCE,0.46308724832214765,69,149,1484,Vol_Low,2025-09-05,15S
BITGET->COINBASE,0.2945205479452055,43,146,1421,Vol_Low,2025-09-05,15S
BITGET->BYBITSPOT,0.36419753086419754,59,162,1583,Vol_Low,2025-09-05,15S
BINANCE->COINBASE,0.20175438596491227,23,114,1143,Vol_Med,2025-09-05,15S
BINANCE->BYBITSPOT,0.27722772277227725,28,101,1060,Vol_Med,2025-09-05,15S
BINANCE->BITGET,0.38392857142857145,43,112,1138,Vol_Med,2025-09-05,15S
COINBASE->BINANCE,0.5043478260869565,58,115,1161,Vol_Med,2025-09-05,15S
COINBASE->BYBITSPOT,0.3673469387755102,72,196,1901,Vol_Med,2025-09-05,15S
COINBASE->BITGET,0.46113989637305697,89,193,1897,Vol_Med,2025-09-05,15S
BYBITSPOT->BINANCE,0.5660377358490566,60,106,1093,Vol_Med,2025-09-05,15S
BYBITSPOT->COINBASE,0.315,63,200,1957,Vol_Med,2025-09-05,15S
BYBITSPOT->BITGET,0.45664739884393063,79,173,1780,Vol_Med,2025-09-05,15S
BITGET->BINANCE,0.3629032258064516,45,124,1228,Vol_Med,2025-09-05,15S
BITGET->COINBASE,0.3395348837209302,73,215,2076,Vol_Med,2025-09-05,15S
BITGET->BYBITSPOT,0.29441624365482233,58,197,1916,Vol_Med,2025-09-05,15S
BINANCE->COINBASE,0.26785714285714285,15,56,957,Vol_High,2025-09-05,15S
BINANCE->BYBITSPOT,0.22727272727272727,15,66,1040,Vol_High,2025-09-05,15S
BINANCE->BITGET,0.2898550724637681,20,69,1042,Vol_High,2025-09-05,15S
COINBASE->BINANCE,0.46551724137931033,27,58,913,Vol_High,2025-09-05,15S
COINBASE->BYBITSPOT,0.3864734299516908,80,207,2014,Vol_High,2025-09-05,15S
COINBASE->BITGET,0.375609756097561,77,205,2032,Vol_High,2025-09-05,15S
BYBITSPOT->BINANCE,0.38666666666666666,29,75,1029,Vol_High,2025-09-05,15S
BYBITSPOT->COINBASE,0.3951219512195122,81,205,2024,Vol_High,2025-09-05,15S
BYBITSPOT->BITGET,0.39215686274509803,80,204,2010,Vol_High,2025-09-05,15S
BITGET->BINANCE,0.375,30,80,1061,Vol_High,2025-09-05,15S
BITGET->COINBASE,0.3470319634703196,76,219,2141,Vol_High,2025-09-05,15S
BITGET->BYBITSPOT,0.3087557603686636,67,217,2088,Vol_High,2025-09-05,15S
BINANCE->COINBASE,0.2947019867549669,89,302,2474,Wash_Low,2025-09-05,15S
BINANCE->BYBITSPOT,0.38571428571428573,108,280,2272,Wash_Low,2025-09-05,15S
BINANCE->BITGET,0.48188405797101447,133,276,2250,Wash_Low,2025-09-05,15S
COINBASE->BINANCE,0.6310679611650486,195,309,2481,Wash_Low,2025-09-05,15S
COINBASE->BYBITSPOT,0.4180478821362799,227,543,4081,Wash_Low,2025-09-05,15S
COINBASE->BITGET,0.5198412698412699,262,504,3860,Wash_Low,2025-09-05,15S
BYBITSPOT->BINANCE,0.5783582089552238,155,268,2281,Wash_Low,2025-09-05,15S
BYBITSPOT->COINBASE,0.35283363802559414,193,547,4148,Wash_Low,2025-09-05,15S
BYBITSPOT->BITGET,0.49134199134199136,227,462,3569,Wash_Low,2025-09-05,15S
BITGET->BINANCE,0.48314606741573035,129,267,2312,Wash_Low,2025-09-05,15S
BITGET->COINBASE,0.3479923518164436,182,523,4011,Wash_Low,2025-09-05,15S
BITGET->BYBITSPOT,0.40332640332640335,194,481,3693,Wash_Low,2025-09-05,15S
BINANCE->COINBASE,0.3548387096774194,11,31,1125,Wash_High,2025-09-05,15S
BINANCE->BYBITSPOT,0.5211267605633803,37,71,1322,Wash_High,2025-09-05,15S
BINANCE->BITGET,0.3472222222222222,25,72,1324,Wash_High,2025-09-05,15S
COINBASE->BINANCE,0.5483870967741935,17,31,1113,Wash_High,2025-09-05,15S
COINBASE->BYBITSPOT,0.5675675675675675,21,37,1519,Wash_High,2025-09-05,15S
COINBASE->BITGET,0.6136363636363636,27,44,1417,Wash_High,2025-09-05,15S
BYBITSPOT->BINANCE,0.5473684210526316,52,95,1409,Wash_High,2025-09-05,15S
BYBITSPOT->COINBASE,0.3793103448275862,22,58,1599,Wash_High,2025-09-05,15S
BYBITSPOT->BITGET,0.594059405940594,60,101,1810,Wash_High,2025-09-05,15S
BITGET->BINANCE,0.5192307692307693,54,104,1461,Wash_High,2025-09-05,15S
BITGET->COINBASE,0.3968253968253968,25,63,1627,Wash_High,2025-09-05,15S
BITGET->BYBITSPOT,0.4722222222222222,51,108,1894,Wash_High,2025-09-05,15S
BINANCE->COINBASE,0.2515923566878981,79,314,1944,Full,2025-09-05,30S
BINANCE->BYBITSPOT,0.3037974683544304,96,316,1928,Full,2025-09-05,30S
BINANCE->BITGET,0.335423197492163,107,319,1929,Full,2025-09-05,30S
COINBASE->BINANCE,0.5768025078369906,184,319,1906,Full,2025-09-05,30S
COINBASE->BYBITSPOT,0.4418604651162791,247,559,2802,Full,2025-09-05,30S
COINBASE->BITGET,0.43346007604562736,228,526,2652,Full,2025-09-05,30S
BYBITSPOT->BINANCE,0.48328267477203646,159,329,1956,Full,2025-09-05,30S
BYBITSPOT->COINBASE,0.3310104529616725,190,574,2880,Full,2025-09-05,30S
BYBITSPOT->BITGET,0.43042671614100186,232,539,2714,Full,2025-09-05,30S
BITGET->BINANCE,0.41002949852507375,139,339,2021,Full,2025-09-05,30S
BITGET->COINBASE,0.27175843694493784,153,563,2870,Full,2025-09-05,30S
BITGET->BYBITSPOT,0.34759358288770054,195,561,2869,Full,2025-09-05,30S
BINANCE->COINBASE,0.27102803738317754,29,107,766,Vol_Low,2025-09-05,30S
BINANCE->BYBITSPOT,0.2909090909090909,32,110,765,Vol_Low,2025-09-05,30S
BINANCE->BITGET,0.4368932038834951,45,103,715,Vol_Low,2025-09-05,30S
COINBASE->BINANCE,0.5596330275229358,61,109,772,Vol_Low,2025-09-05,30S
COINBASE->BYBITSPOT,0.5,57,114,868,Vol_Low,2025-09-05,30S
COINBASE->BITGET,0.5360824742268041,52,97,702,Vol_Low,2025-09-05,30S
BYBITSPOT->BINANCE,0.5454545454545454,66,121,805,Vol_Low,2025-09-05,30S
BYBITSPOT->COINBASE,0.39669421487603307,48,121,920,Vol_Low,2025-09-05,30S
BYBITSPOT->BITGET,0.576,72,125,820,Vol_Low,2025-09-05,30S
BITGET->BINANCE,0.4642857142857143,52,112,770,Vol_Low,2025-09-05,30S
BITGET->COINBASE,0.3269230769230769,34,104,755,Vol_Low,2025-09-05,30S
BITGET->BYBITSPOT,0.376,47,125,833,Vol_Low,2025-09-05,30S
BINANCE->COINBASE,0.14814814814814814,8,54,583,Vol_Med,2025-09-05,30S
BINANCE->BYBITSPOT,0.35555555555555557,16,45,543,Vol_Med,2025-09-05,30S
BINANCE->BITGET,0.35294117647058826,18,51,593,Vol_Med,2025-09-05,30S
COINBASE->BINANCE,0.5294117647058824,27,51,592,Vol_Med,2025-09-05,30S
COINBASE->BYBITSPOT,0.4567901234567901,37,81,979,Vol_Med,2025-09-05,30S
COINBASE->BITGET,0.4387755102040816,43,98,970,Vol_Med,2025-09-05,30S
BYBITSPOT->BINANCE,0.3673469387755102,18,49,563,Vol_Med,2025-09-05,30S
BYBITSPOT->COINBASE,0.30666666666666664,23,75,995,Vol_Med,2025-09-05,30S
BYBITSPOT->BITGET,0.3894736842105263,37,95,932,Vol_Med,2025-09-05,30S
BITGET->BINANCE,0.3333333333333333,20,60,638,Vol_Med,2025-09-05,30S
BITGET->COINBASE,0.21551724137931033,25,116,1073,Vol_Med,2025-09-05,30S
BITGET->BYBITSPOT,0.2894736842105263,33,114,1029,Vol_Med,2025-09-05,30S
BINANCE->COINBASE,0.3,9,30,595,Vol_High,2025-09-05,30S
BINANCE->BYBITSPOT,0.1724137931034483,5,29,620,Vol_High,2025-09-05,30S
BINANCE->BITGET,0.2903225806451613,9,31,621,Vol_High,2025-09-05,30S
COINBASE->BINANCE,0.5185185185185185,14,27,542,Vol_High,2025-09-05,30S
COINBASE->BYBITSPOT,0.3358208955223881,45,134,955,Vol_High,2025-09-05,30S
COINBASE->BITGET,0.3237410071942446,45,139,980,Vol_High,2025-09-05,30S
BYBITSPOT->BINANCE,0.16129032258064516,5,31,588,Vol_High,2025-09-05,30S
BYBITSPOT->COINBASE,0.2878787878787879,38,132,965,Vol_High,2025-09-05,30S
BYBITSPOT->BITGET,0.35555555555555557,48,135,962,Vol_High,2025-09-05,30S
BITGET->BINANCE,0.35135135135135137,13,37,613,Vol_High,2025-09-05,30S
BITGET->COINBASE,0.29931972789115646,44,147,1042,Vol_High,2025-09-05,30S
BITGET->BYBITSPOT,0.20155038759689922,26,129,1007,Vol_High,2025-09-05,30S
BINANCE->COINBASE,0.0,0,0,980,Wash_Low,2025-09-05,30S
BINANCE->BYBITSPOT,0.0,0,0,899,Wash_Low,2025-09-05,30S
BINANCE->BITGET,1.0,1,1,861,Wash_Low,2025-09-05,30S
COINBASE->BINANCE,0.0,0,3,963,Wash_Low,2025-09-05,30S
COINBASE->BYBITSPOT,0.23076923076923078,3,13,1597,Wash_Low,2025-09-05,30S
COINBASE->BITGET,0.26666666666666666,4,15,1538,Wash_Low,2025-09-05,30S
BYBITSPOT->BINANCE,0.0,0,0,890,Wash_Low,2025-09-05,30S
BYBITSPOT->COINBASE,0.25,4,16,1626,Wash_Low,2025-09-05,30S
BYBITSPOT->BITGET,0.5,6,12,1402,Wash_Low,2025-09-05,30S
BITGET->BINANCE,0.0,0,0,886,Wash_Low,2025-09-05,30S
BITGET->COINBASE,0.4166666666666667,5,12,1611,Wash_Low,2025-09-05,30S
BITGET->BYBITSPOT,0.2727272727272727,3,11,1464,Wash_Low,2025-09-05,30S
BINANCE->COINBASE,0.5,1,2,964,Wash_High,2025-09-05,30S
BINANCE->BYBITSPOT,1.0,2,2,1029,Wash_High,2025-09-05,30S
BINANCE->BITGET,0.42857142857142855,3,7,1068,Wash_High,2025-09-05,30S
COINBASE->BINANCE,0.3333333333333333,1,3,943,Wash_High,2025-09-05,30S
COINBASE->BYBITSPOT,0.0,0,1,1205,Wash_High,2025-09-05,30S
COINBASE->BITGET,0.0,0,1,1114,Wash_High,2025-09-05,30S
BYBITSPOT->BINANCE,0.6666666666666666,2,3,1066,Wash_High,2025-09-05,30S
BYBITSPOT->COINBASE,0.0,0,1,1254,Wash_High,2025-09-05,30S
BYBITSPOT->BITGET,0.75,3,4,1312,Wash_High,2025-09-05,30S
BITGET->BINANCE,0.0,0,6,1135,Wash_High,2025-09-05,30S
BITGET->COINBASE,0.0,0,1,1259,Wash_High,2025-09-05,30S
BITGET->BYBITSPOT,0.5,2,4,1405,Wash_High,2025-09-05,30S
BINANCE->COINBASE,0.19507908611599298,111,569,16970,Full,2025-09-06,1S
BINANCE->BYBITSPOT,0.14849624060150377,79,532,14997,Full,2025-09-06,1S
BINANCE->BITGET,0.20724346076458752,103,497,13415,Full,2025-09-06,1S
COINBASE->BINANCE,0.42334494773519166,243,574,16999,Full,2025-09-06,1S
COINBASE->BYBITSPOT,0.23277467411545624,125,537,14865,Full,2025-09-06,1S
COINBASE->BITGET,0.33067729083665337,166,502,13275,Full,2025-09-06,1S
BYBITSPOT->BINANCE,0.37282229965156793,214,574,14997,Full,2025-09-06,1S
BYBITSPOT->COINBASE,0.18989547038327526,109,574,14865,Full,2025-09-06,1S
BYBITSPOT->BITGET,0.3502824858757062,186,531,12349,Full,2025-09-06,1S
BITGET->BINANCE,0.2700348432055749,155,574,13415,Full,2025-09-06,1S
BITGET->COINBASE,0.1672473867595819,96,574,13275,Full,2025-09-06,1S
BITGET->BYBITSPOT,0.23211169284467714,133,573,12349,Full,2025-09-06,1S
BINANCE->COINBASE,0.32792207792207795,101,308,6272,Vol_Low,2025-09-06,1S
BINANCE->BYBITSPOT,0.2972972972972973,77,259,5433,Vol_Low,2025-09-06,1S
BINANCE->BITGET,0.32926829268292684,81,246,4930,Vol_Low,2025-09-06,1S
COINBASE->BINANCE,0.4583333333333333,143,312,6300,Vol_Low,2025-09-06,1S
COINBASE->BYBITSPOT,0.3177570093457944,68,214,4231,Vol_Low,2025-09-06,1S
COINBASE->BITGET,0.3978494623655914,74,186,3806,Vol_Low,2025-09-06,1S
BYBITSPOT->BINANCE,0.4485294117647059,122,272,5423,Vol_Low,2025-09-06,1S
BYBITSPOT->COINBASE,0.3738738738738739,83,222,4231,Vol_Low,2025-09-06,1S
BYBITSPOT->BITGET,0.4682926829268293,96,205,3944,Vol_Low,2025-09-06,1S
BITGET->BINANCE,0.36046511627906974,93,258,4920,Vol_Low,2025-09-06,1S
BITGET->COINBASE,0.23469387755102042,46,196,3819,Vol_Low,2025-09-06,1S
BITGET->BYBITSPOT,0.32075471698113206,68,212,3948,Vol_Low,2025-09-06,1S
BINANCE->COINBASE,0.2912912912912913,97,333,5877,Vol_Med,2025-09-06,1S
BINANCE->BYBITSPOT,0.2979452054794521,87,292,5039,Vol_Med,2025-09-06,1S
BINANCE->BITGET,0.36220472440944884,92,254,4242,Vol_Med,2025-09-06,1S
COINBASE->BINANCE,0.48985507246376814,169,345,5878,Vol_Med,2025-09-06,1S
COINBASE->BYBITSPOT,0.39228295819935693,122,311,5305,Vol_Med,2025-09-06,1S
COINBASE->BITGET,0.46124031007751937,119,258,4355,Vol_Med,2025-09-06,1S
BYBITSPOT->BINANCE,0.46710526315789475,142,304,5049,Vol_Med,2025-09-06,1S
BYBITSPOT->COINBASE,0.30124223602484473,97,322,5307,Vol_Med,2025-09-06,1S
BYBITSPOT->BITGET,0.46511627906976744,120,258,3810,Vol_Med,2025-09-06,1S
BITGET->BINANCE,0.3900709219858156,110,282,4246,Vol_Med,2025-09-06,1S
BITGET->COINBASE,0.28214285714285714,79,280,4344,Vol_Med,2025-09-06,1S
BITGET->BYBITSPOT,0.3857677902621723,103,267,3806,Vol_Med,2025-09-06,1S
BINANCE->COINBASE,0.2543859649122807,58,228,4821,Vol_High,2025-09-06,1S
BINANCE->BYBITSPOT,0.2079646017699115,47,226,4525,Vol_High,2025-09-06,1S
BINANCE->BITGET,0.24878048780487805,51,205,4243,Vol_High,2025-09-06,1S
COINBASE->BINANCE,0.4424778761061947,100,226,4821,Vol_High,2025-09-06,1S
COINBASE->BYBITSPOT,0.311284046692607,80,257,5329,Vol_High,2025-09-06,1S
COINBASE->BITGET,0.3117408906882591,77,247,5114,Vol_High,2025-09-06,1S
BYBITSPOT->BINANCE,0.4199134199134199,97,231,4525,Vol_High,2025-09-06,1S
BYBITSPOT->COINBASE,0.24344569288389514,65,267,5327,Vol_High,2025-09-06,1S
BYBITSPOT->BITGET,0.35390946502057613,86,243,4595,Vol_High,2025-09-06,1S
BITGET->BINANCE,0.3852813852813853,89,231,4249,Vol_High,2025-09-06,1S
BITGET->COINBASE,0.21851851851851853,59,270,5112,Vol_High,2025-09-06,1S
BITGET->BYBITSPOT,0.2840466926070039,73,257,4595,Vol_High,2025-09-06,1S
BINANCE->COINBASE,0.3145869947275923,179,569,8649,Wash_Low,2025-09-06,1S
BINANCE->BYBITSPOT,0.3007518796992481,160,532,7374,Wash_Low,2025-09-06,1S
BINANCE->BITGET,0.40643863179074446,202,497,6590,Wash_Low,2025-09-06,1S
COINBASE->BINANCE,0.5365853658536586,308,574,8665,Wash_Low,2025-09-06,1S
COINBASE->BYBITSPOT,0.42830540037243947,230,537,7967,Wash_Low,2025-09-06,1S
COINBASE->BITGET,0.4701195219123506,236,502,7132,Wash_Low,2025-09-06,1S
BYBITSPOT->BINANCE,0.5348432055749129,307,574,7374,Wash_Low,2025-09-06,1S
BYBITSPOT->COINBASE,0.3153310104529617,181,574,7967,Wash_Low,2025-09-06,1S
BYBITSPOT->BITGET,0.5019305019305019,260,518,6442,Wash_Low,2025-09-06,1S
BITGET->BINANCE,0.45985401459854014,252,548,6590,Wash_Low,2025-09-06,1S
BITGET->COINBASE,0.325497287522604,180,553,7132,Wash_Low,2025-09-06,1S
BITGET->BYBITSPOT,0.38095238095238093,200,525,6442,Wash_Low,2025-09-06,1S
BINANCE->COINBASE,0.5307557117750439,302,569,8321,Wash_High,2025-09-06,1S
BINANCE->BYBITSPOT,0.5018796992481203,267,532,7623,Wash_High,2025-09-06,1S
BINANCE->BITGET,0.5513078470824949,274,497,6825,Wash_High,2025-09-06,1S
COINBASE->BINANCE,0.6515679442508711,374,574,8334,Wash_High,2025-09-06,1S
COINBASE->BYBITSPOT,0.5623836126629422,302,537,6898,Wash_High,2025-09-06,1S
COINBASE->BITGET,0.614,307,500,6143,Wash_High,2025-09-06,1S
BYBITSPOT->BINANCE,0.5749128919860628,330,574,7623,Wash_High,2025-09-06,1S
BYBITSPOT->COINBASE,0.5749128919860628,330,574,6898,Wash_High,2025-09-06,1S
BYBITSPOT->BITGET,0.6614785992217899,340,514,5907,Wash_High,2025-09-06,1S
BITGET->BINANCE,0.5311355311355311,290,546,6825,Wash_High,2025-09-06,1S
BITGET->COINBASE,0.4934579439252336,264,535,6143,Wash_High,2025-09-06,1S
BITGET->BYBITSPOT,0.544921875,279,512,5907,Wash_High,2025-09-06,1S
BINANCE->COINBASE,0.19507908611599298,111,569,16970,Full,2025-09-06,2S
BINANCE->BYBITSPOT,0.14849624060150377,79,532,14997,Full,2025-09-06,2S
BINANCE->BITGET,0.20724346076458752,103,497,13415,Full,2025-09-06,2S
COINBASE->BINANCE,0.42334494773519166,243,574,16999,Full,2025-09-06,2S
COINBASE->BYBITSPOT,0.23277467411545624,125,537,14865,Full,2025-09-06,2S
COINBASE->BITGET,0.33067729083665337,166,502,13275,Full,2025-09-06,2S
BYBITSPOT->BINANCE,0.37282229965156793,214,574,14997,Full,2025-09-06,2S
BYBITSPOT->COINBASE,0.18989547038327526,109,574,14865,Full,2025-09-06,2S
BYBITSPOT->BITGET,0.3502824858757062,186,531,12349,Full,2025-09-06,2S
BITGET->BINANCE,0.2700348432055749,155,574,13415,Full,2025-09-06,2S
BITGET->COINBASE,0.1672473867595819,96,574,13275,Full,2025-09-06,2S
BITGET->BYBITSPOT,0.23211169284467714,133,573,12349,Full,2025-09-06,2S
BINANCE->COINBASE,0.32792207792207795,101,308,6272,Vol_Low,2025-09-06,2S
BINANCE->BYBITSPOT,0.2972972972972973,77,259,5433,Vol_Low,2025-09-06,2S
BINANCE->BITGET,0.32926829268292684,81,246,4930,Vol_Low,2025-09-06,2S
COINBASE->BINANCE,0.4583333333333333,143,312,6300,Vol_Low,2025-09-06,2S
COINBASE->BYBITSPOT,0.3177570093457944,68,214,4231,Vol_Low,2025-09-06,2S
COINBASE->BITGET,0.3978494623655914,74,186,3806,Vol_Low,2025-09-06,2S
BYBITSPOT->BINANCE,0.4485294117647059,122,272,5423,Vol_Low,2025-09-06,2S
BYBITSPOT->COINBASE,0.3738738738738739,83,222,4231,Vol_Low,2025-09-06,2S
BYBITSPOT->BITGET,0.4682926829268293,96,205,3944,Vol_Low,2025-09-06,2S
BITGET->BINANCE,0.36046511627906974,93,258,4920,Vol_Low,2025-09-06,2S
BITGET->COINBASE,0.23469387755102042,46,196,3819,Vol_Low,2025-09-06,2S
BITGET->BYBITSPOT,0.32075471698113206,68,212,3948,Vol_Low,2025-09-06,2S
BINANCE->COINBASE,0.2912912912912913,97,333,5877,Vol_Med,2025-09-06,2S
BINANCE->BYBITSPOT,0.2979452054794521,87,292,5039,Vol_Med,2025-09-06,2S
BINANCE->BITGET,0.36220472440944884,92,254,4242,Vol_Med,2025-09-06,2S
COINBASE->BINANCE,0.48985507246376814,169,345,5878,Vol_Med,2025-09-06,2S
COINBASE->BYBITSPOT,0.39228295819935693,122,311,5305,Vol_Med,2025-09-06,2S
COINBASE->BITGET,0.46124031007751937,119,258,4355,Vol_Med,2025-09-06,2S
BYBITSPOT->BINANCE,0.46710526315789475,142,304,5049,Vol_Med,2025-09-06,2S
BYBITSPOT->COINBASE,0.30124223602484473,97,322,5307,Vol_Med,2025-09-06,2S
BYBITSPOT->BITGET,0.46511627906976744,120,258,3810,Vol_Med,2025-09-06,2S
BITGET->BINANCE,0.3900709219858156,110,282,4246,Vol_Med,2025-09-06,2S
BITGET->COINBASE,0.28214285714285714,79,280,4344,Vol_Med,2025-09-06,2S
BITGET->BYBITSPOT,0.3857677902621723,103,267,3806,Vol_Med,2025-09-06,2S
BINANCE->COINBASE,0.2543859649122807,58,228,4821,Vol_High,2025-09-06,2S
BINANCE->BYBITSPOT,0.2079646017699115,47,226,4525,Vol_High,2025-09-06,2S
BINANCE->BITGET,0.24878048780487805,51,205,4243,Vol_High,2025-09-06,2S
COINBASE->BINANCE,0.4424778761061947,100,226,4821,Vol_High,2025-09-06,2S
COINBASE->BYBITSPOT,0.311284046692607,80,257,5329,Vol_High,2025-09-06,2S
COINBASE->BITGET,0.3117408906882591,77,247,5114,Vol_High,2025-09-06,2S
BYBITSPOT->BINANCE,0.4199134199134199,97,231,4525,Vol_High,2025-09-06,2S
BYBITSPOT->COINBASE,0.24344569288389514,65,267,5327,Vol_High,2025-09-06,2S
BYBITSPOT->BITGET,0.35390946502057613,86,243,4595,Vol_High,2025-09-06,2S
BITGET->BINANCE,0.3852813852813853,89,231,4249,Vol_High,2025-09-06,2S
BITGET->COINBASE,0.21851851851851853,59,270,5112,Vol_High,2025-09-06,2S
BITGET->BYBITSPOT,0.2840466926070039,73,257,4595,Vol_High,2025-09-06,2S
BINANCE->COINBASE,0.3145869947275923,179,569,8649,Wash_Low,2025-09-06,2S
BINANCE->BYBITSPOT,0.3007518796992481,160,532,7374,Wash_Low,2025-09-06,2S
BINANCE->BITGET,0.40643863179074446,202,497,6590,Wash_Low,2025-09-06,2S
COINBASE->BINANCE,0.5365853658536586,308,574,8665,Wash_Low,2025-09-06,2S
COINBASE->BYBITSPOT,0.42830540037243947,230,537,7967,Wash_Low,2025-09-06,2S
COINBASE->BITGET,0.4701195219123506,236,502,7132,Wash_Low,2025-09-06,2S
BYBITSPOT->BINANCE,0.5348432055749129,307,574,7374,Wash_Low,2025-09-06,2S
BYBITSPOT->COINBASE,0.3153310104529617,181,574,7967,Wash_Low,2025-09-06,2S
BYBITSPOT->BITGET,0.5019305019305019,260,518,6442,Wash_Low,2025-09-06,2S
BITGET->BINANCE,0.45985401459854014,252,548,6590,Wash_Low,2025-09-06,2S
BITGET->COINBASE,0.325497287522604,180,553,7132,Wash_Low,2025-09-06,2S
BITGET->BYBITSPOT,0.38095238095238093,200,525,6442,Wash_Low,2025-09-06,2S
BINANCE->COINBASE,0.5307557117750439,302,569,8321,Wash_High,2025-09-06,2S
BINANCE->BYBITSPOT,0.5018796992481203,267,532,7623,Wash_High,2025-09-06,2S
BINANCE->BITGET,0.5513078470824949,274,497,6825,Wash_High,2025-09-06,2S
COINBASE->BINANCE,0.6515679442508711,374,574,8334,Wash_High,2025-09-06,2S
COINBASE->BYBITSPOT,0.5623836126629422,302,537,6898,Wash_High,2025-09-06,2S
COINBASE->BITGET,0.614,307,500,6143,Wash_High,2025-09-06,2S
BYBITSPOT->BINANCE,0.5749128919860628,330,574,7623,Wash_High,2025-09-06,2S
BYBITSPOT->COINBASE,0.5749128919860628,330,574,6898,Wash_High,2025-09-06,2S
BYBITSPOT->BITGET,0.6614785992217899,340,514,5907,Wash_High,2025-09-06,2S
BITGET->BINANCE,0.5311355311355311,290,546,6825,Wash_High,2025-09-06,2S
BITGET->COINBASE,0.4934579439252336,264,535,6143,Wash_High,2025-09-06,2S
BITGET->BYBITSPOT,0.544921875,279,512,5907,Wash_High,2025-09-06,2S
BINANCE->COINBASE,0.19507908611599298,111,569,16970,Full,2025-09-06,5S
BINANCE->BYBITSPOT,0.14849624060150377,79,532,14997,Full,2025-09-06,5S
BINANCE->BITGET,0.20724346076458752,103,497,13415,Full,2025-09-06,5S
COINBASE->BINANCE,0.42334494773519166,243,574,16999,Full,2025-09-06,5S
COINBASE->BYBITSPOT,0.23277467411545624,125,537,14865,Full,2025-09-06,5S
COINBASE->BITGET,0.33067729083665337,166,502,13275,Full,2025-09-06,5S
BYBITSPOT->BINANCE,0.37282229965156793,214,574,14997,Full,2025-09-06,5S
BYBITSPOT->COINBASE,0.18989547038327526,109,574,14865,Full,2025-09-06,5S
BYBITSPOT->BITGET,0.3502824858757062,186,531,12349,Full,2025-09-06,5S
BITGET->BINANCE,0.2700348432055749,155,574,13415,Full,2025-09-06,5S
BITGET->COINBASE,0.1672473867595819,96,574,13275,Full,2025-09-06,5S
BITGET->BYBITSPOT,0.23211169284467714,133,573,12349,Full,2025-09-06,5S
BINANCE->COINBASE,0.32792207792207795,101,308,6272,Vol_Low,2025-09-06,5S
BINANCE->BYBITSPOT,0.2972972972972973,77,259,5433,Vol_Low,2025-09-06,5S
BINANCE->BITGET,0.32926829268292684,81,246,4930,Vol_Low,2025-09-06,5S
COINBASE->BINANCE,0.4583333333333333,143,312,6300,Vol_Low,2025-09-06,5S
COINBASE->BYBITSPOT,0.3177570093457944,68,214,4231,Vol_Low,2025-09-06,5S
COINBASE->BITGET,0.3978494623655914,74,186,3806,Vol_Low,2025-09-06,5S
BYBITSPOT->BINANCE,0.4485294117647059,122,272,5423,Vol_Low,2025-09-06,5S
BYBITSPOT->COINBASE,0.3738738738738739,83,222,4231,Vol_Low,2025-09-06,5S
BYBITSPOT->BITGET,0.4682926829268293,96,205,3944,Vol_Low,2025-09-06,5S
BITGET->BINANCE,0.36046511627906974,93,258,4920,Vol_Low,2025-09-06,5S
BITGET->COINBASE,0.23469387755102042,46,196,3819,Vol_Low,2025-09-06,5S
BITGET->BYBITSPOT,0.32075471698113206,68,212,3948,Vol_Low,2025-09-06,5S
BINANCE->COINBASE,0.2912912912912913,97,333,5877,Vol_Med,2025-09-06,5S
BINANCE->BYBITSPOT,0.2979452054794521,87,292,5039,Vol_Med,2025-09-06,5S
BINANCE->BITGET,0.36220472440944884,92,254,4242,Vol_Med,2025-09-06,5S
COINBASE->BINANCE,0.48985507246376814,169,345,5878,Vol_Med,2025-09-06,5S
COINBASE->BYBITSPOT,0.39228295819935693,122,311,5305,Vol_Med,2025-09-06,5S
COINBASE->BITGET,0.46124031007751937,119,258,4355,Vol_Med,2025-09-06,5S
BYBITSPOT->BINANCE,0.46710526315789475,142,304,5049,Vol_Med,2025-09-06,5S
BYBITSPOT->COINBASE,0.30124223602484473,97,322,5307,Vol_Med,2025-09-06,5S
BYBITSPOT->BITGET,0.46511627906976744,120,258,3810,Vol_Med,2025-09-06,5S
BITGET->BINANCE,0.3900709219858156,110,282,4246,Vol_Med,2025-09-06,5S
BITGET->COINBASE,0.28214285714285714,79,280,4344,Vol_Med,2025-09-06,5S
BITGET->BYBITSPOT,0.3857677902621723,103,267,3806,Vol_Med,2025-09-06,5S
BINANCE->COINBASE,0.2543859649122807,58,228,4821,Vol_High,2025-09-06,5S
BINANCE->BYBITSPOT,0.2079646017699115,47,226,4525,Vol_High,2025-09-06,5S
BINANCE->BITGET,0.24878048780487805,51,205,4243,Vol_High,2025-09-06,5S
COINBASE->BINANCE,0.4424778761061947,100,226,4821,Vol_High,2025-09-06,5S
COINBASE->BYBITSPOT,0.311284046692607,80,257,5329,Vol_High,2025-09-06,5S
COINBASE->BITGET,0.3117408906882591,77,247,5114,Vol_High,2025-09-06,5S
BYBITSPOT->BINANCE,0.4199134199134199,97,231,4525,Vol_High,2025-09-06,5S
BYBITSPOT->COINBASE,0.24344569288389514,65,267,5327,Vol_High,2025-09-06,5S
BYBITSPOT->BITGET,0.35390946502057613,86,243,4595,Vol_High,2025-09-06,5S
BITGET->BINANCE,0.3852813852813853,89,231,4249,Vol_High,2025-09-06,5S
BITGET->COINBASE,0.21851851851851853,59,270,5112,Vol_High,2025-09-06,5S
BITGET->BYBITSPOT,0.2840466926070039,73,257,4595,Vol_High,2025-09-06,5S
BINANCE->COINBASE,0.3145869947275923,179,569,8649,Wash_Low,2025-09-06,5S
BINANCE->BYBITSPOT,0.3007518796992481,160,532,7374,Wash_Low,2025-09-06,5S
BINANCE->BITGET,0.40643863179074446,202,497,6590,Wash_Low,2025-09-06,5S
COINBASE->BINANCE,0.5365853658536586,308,574,8665,Wash_Low,2025-09-06,5S
COINBASE->BYBITSPOT,0.42830540037243947,230,537,7967,Wash_Low,2025-09-06,5S
COINBASE->BITGET,0.4701195219123506,236,502,7132,Wash_Low,2025-09-06,5S
BYBITSPOT->BINANCE,0.5348432055749129,307,574,7374,Wash_Low,2025-09-06,5S
BYBITSPOT->COINBASE,0.3153310104529617,181,574,7967,Wash_Low,2025-09-06,5S
BYBITSPOT->BITGET,0.5019305019305019,260,518,6442,Wash_Low,2025-09-06,5S
BITGET->BINANCE,0.45985401459854014,252,548,6590,Wash_Low,2025-09-06,5S
BITGET->COINBASE,0.325497287522604,180,553,7132,Wash_Low,2025-09-06,5S
BITGET->BYBITSPOT,0.38095238095238093,200,525,6442,Wash_Low,2025-09-06,5S
BINANCE->COINBASE,0.5307557117750439,302,569,8321,Wash_High,2025-09-06,5S
BINANCE->BYBITSPOT,0.5018796992481203,267,532,7623,Wash_High,2025-09-06,5S
BINANCE->BITGET,0.5513078470824949,274,497,6825,Wash_High,2025-09-06,5S
COINBASE->BINANCE,0.6515679442508711,374,574,8334,Wash_High,2025-09-06,5S
COINBASE->BYBITSPOT,0.5623836126629422,302,537,6898,Wash_High,2025-09-06,5S
COINBASE->BITGET,0.614,307,500,6143,Wash_High,2025-09-06,5S
BYBITSPOT->BINANCE,0.5749128919860628,330,574,7623,Wash_High,2025-09-06,5S
BYBITSPOT->COINBASE,0.5749128919860628,330,574,6898,Wash_High,2025-09-06,5S
BYBITSPOT->BITGET,0.6614785992217899,340,514,5907,Wash_High,2025-09-06,5S
BITGET->BINANCE,0.5311355311355311,290,546,6825,Wash_High,2025-09-06,5S
BITGET->COINBASE,0.4934579439252336,264,535,6143,Wash_High,2025-09-06,5S
BITGET->BYBITSPOT,0.544921875,279,512,5907,Wash_High,2025-09-06,5S
BINANCE->COINBASE,0.28646748681898065,163,569,8548,Full,2025-09-06,10S
BINANCE->BYBITSPOT,0.3101503759398496,165,532,7947,Full,2025-09-06,10S
BINANCE->BITGET,0.37349397590361444,186,498,7196,Full,2025-09-06,10S
COINBASE->BINANCE,0.49825783972125437,286,574,8623,Full,2025-09-06,10S
COINBASE->BYBITSPOT,0.3538175046554935,190,537,7989,Full,2025-09-06,10S
COINBASE->BITGET,0.47808764940239046,240,502,7225,Full,2025-09-06,10S
BYBITSPOT->BINANCE,0.5104529616724739,293,574,8391,Full,2025-09-06,10S
BYBITSPOT->COINBASE,0.31881533101045295,183,574,8380,Full,2025-09-06,10S
BYBITSPOT->BITGET,0.4632768361581921,246,531,7249,Full,2025-09-06,10S
BITGET->BINANCE,0.41289198606271776,237,574,7678,Full,2025-09-06,10S
BITGET->COINBASE,0.259581881533101,149,574,7624,Full,2025-09-06,10S
BITGET->BYBITSPOT,0.3274647887323944,186,568,7344,Full,2025-09-06,10S
BINANCE->COINBASE,0.46303501945525294,119,257,3217,Vol_Low,2025-09-06,10S
BINANCE->BYBITSPOT,0.46017699115044247,104,226,2900,Vol_Low,2025-09-06,10S
BINANCE->BITGET,0.4714285714285714,99,210,2636,Vol_Low,2025-09-06,10S
COINBASE->BINANCE,0.4689922480620155,121,258,3264,Vol_Low,2025-09-06,10S
COINBASE->BYBITSPOT,0.44086021505376344,82,186,2309,Vol_Low,2025-09-06,10S
COINBASE->BITGET,0.5301204819277109,88,166,2076,Vol_Low,2025-09-06,10S
BYBITSPOT->BINANCE,0.5611814345991561,133,237,3045,Vol_Low,2025-09-06,10S
BYBITSPOT->COINBASE,0.4642857142857143,91,196,2395,Vol_Low,2025-09-06,10S
BYBITSPOT->BITGET,0.5573770491803278,102,183,2296,Vol_Low,2025-09-06,10S
BITGET->BINANCE,0.4349775784753363,97,223,2791,Vol_Low,2025-09-06,10S
BITGET->COINBASE,0.378698224852071,64,169,2169,Vol_Low,2025-09-06,10S
BITGET->BYBITSPOT,0.41711229946524064,78,187,2300,Vol_Low,2025-09-06,10S
BINANCE->COINBASE,0.38721804511278196,103,266,2919,Vol_Med,2025-09-06,10S
BINANCE->BYBITSPOT,0.37815126050420167,90,238,2670,Vol_Med,2025-09-06,10S
BINANCE->BITGET,0.4174757281553398,86,206,2272,Vol_Med,2025-09-06,10S
COINBASE->BINANCE,0.5447761194029851,146,268,2945,Vol_Med,2025-09-06,10S
COINBASE->BYBITSPOT,0.4942528735632184,129,261,2847,Vol_Med,2025-09-06,10S
COINBASE->BITGET,0.6176470588235294,126,204,2378,Vol_Med,2025-09-06,10S
BYBITSPOT->BINANCE,0.53515625,137,256,2828,Vol_Med,2025-09-06,10S
BYBITSPOT->COINBASE,0.4358974358974359,119,273,3002,Vol_Med,2025-09-06,10S
BYBITSPOT->BITGET,0.5533980582524272,114,206,2275,Vol_Med,2025-09-06,10S
BITGET->BINANCE,0.4977168949771689,109,219,2429,Vol_Med,2025-09-06,10S
BITGET->COINBASE,0.4063926940639269,89,219,2514,Vol_Med,2025-09-06,10S
BITGET->BYBITSPOT,0.41203703703703703,89,216,2319,Vol_Med,2025-09-06,10S
BINANCE->COINBASE,0.2872340425531915,54,188,2412,Vol_High,2025-09-06,10S
BINANCE->BYBITSPOT,0.30386740331491713,55,181,2377,Vol_High,2025-09-06,10S
BINANCE->BITGET,0.4088397790055249,74,181,2288,Vol_High,2025-09-06,10S
COINBASE->BINANCE,0.5175879396984925,103,199,2414,Vol_High,2025-09-06,10S
COINBASE->BYBITSPOT,0.3511111111111111,79,225,2833,Vol_High,2025-09-06,10S
COINBASE->BITGET,0.4604651162790698,99,215,2771,Vol_High,2025-09-06,10S
BYBITSPOT->BINANCE,0.4873096446700508,96,197,2518,Vol_High,2025-09-06,10S
BYBITSPOT->COINBASE,0.2948717948717949,69,234,2983,Vol_High,2025-09-06,10S
BYBITSPOT->BITGET,0.5044642857142857,113,224,2678,Vol_High,2025-09-06,10S
BITGET->BINANCE,0.3744075829383886,79,211,2458,Vol_High,2025-09-06,10S
BITGET->COINBASE,0.24596774193548387,61,248,2941,Vol_High,2025-09-06,10S
BITGET->BYBITSPOT,0.3093220338983051,73,236,2725,Vol_High,2025-09-06,10S
BINANCE->COINBASE,0.37258347978910367,212,569,6594,Wash_Low,2025-09-06,10S
BINANCE->BYBITSPOT,0.37030075187969924,197,532,5788,Wash_Low,2025-09-06,10S
BINANCE->BITGET,0.4475806451612903,222,496,5244,Wash_Low,2025-09-06,10S
COINBASE->BINANCE,0.5174216027874564,297,574,6610,Wash_Low,2025-09-06,10S
COINBASE->BYBITSPOT,0.44320297951582865,238,537,6042,Wash_Low,2025-09-06,10S
COINBASE->BITGET,0.48406374501992033,243,502,5498,Wash_Low,2025-09-06,10S
BYBITSPOT->BINANCE,0.554006968641115,318,574,5843,Wash_Low,2025-09-06,10S
BYBITSPOT->COINBASE,0.42334494773519166,243,574,6156,Wash_Low,2025-09-06,10S
BYBITSPOT->BITGET,0.5470588235294118,279,510,5151,Wash_Low,2025-09-06,10S
BITGET->BINANCE,0.5074906367041199,271,534,5354,Wash_Low,2025-09-06,10S
BITGET->COINBASE,0.36162361623616235,196,542,5606,Wash_Low,2025-09-06,10S
BITGET->BYBITSPOT,0.39453125,202,512,5201,Wash_Low,2025-09-06,10S
BINANCE->COINBASE,0.34523809523809523,29,84,1954,Wash_High,2025-09-06,10S
BINANCE->BYBITSPOT,0.37748344370860926,57,151,2159,Wash_High,2025-09-06,10S
BINANCE->BITGET,0.3971631205673759,56,141,1952,Wash_High,2025-09-06,10S
COINBASE->BINANCE,0.4111111111111111,37,90,2013,Wash_High,2025-09-06,10S
COINBASE->BYBITSPOT,0.45871559633027525,50,109,1947,Wash_High,2025-09-06,10S
COINBASE->BITGET,0.45263157894736844,43,95,1727,Wash_High,2025-09-06,10S
BYBITSPOT->BINANCE,0.45726495726495725,107,234,2548,Wash_High,2025-09-06,10S
BYBITSPOT->COINBASE,0.5111111111111111,69,135,2224,Wash_High,2025-09-06,10S
BYBITSPOT->BITGET,0.42567567567567566,63,148,2098,Wash_High,2025-09-06,10S
BITGET->BINANCE,0.4176470588235294,71,170,2324,Wash_High,2025-09-06,10S
BITGET->COINBASE,0.4411764705882353,45,102,2018,Wash_High,2025-09-06,10S
BITGET->BYBITSPOT,0.36923076923076925,48,130,2143,Wash_High,2025-09-06,10S
BINANCE->COINBASE,0.37434094903339193,213,569,5705,Full,2025-09-06,15S
BINANCE->BYBITSPOT,0.40977443609022557,218,532,5334,Full,2025-09-06,15S
BINANCE->BITGET,0.45582329317269077,227,498,4908,Full,2025-09-06,15S
COINBASE->BINANCE,0.4930313588850174,283,574,5760,Full,2025-09-06,15S
COINBASE->BYBITSPOT,0.478584729981378,257,537,5377,Full,2025-09-06,15S
COINBASE->BITGET,0.5258964143426295,264,502,4944,Full,2025-09-06,15S
BYBITSPOT->BINANCE,0.5452961672473867,313,574,5711,Full,2025-09-06,15S
BYBITSPOT->COINBASE,0.4442508710801394,255,574,5715,Full,2025-09-06,15S
BYBITSPOT->BITGET,0.5536723163841808,294,531,5086,Full,2025-09-06,15S
BITGET->BINANCE,0.493891797556719,283,573,5401,Full,2025-09-06,15S
BITGET->COINBASE,0.39790575916230364,228,573,5378,Full,2025-09-06,15S
BITGET->BYBITSPOT,0.44206773618538325,248,561,5240,Full,2025-09-06,15S
BINANCE->COINBASE,0.5321100917431193,116,218,2162,Vol_Low,2025-09-06,15S
BINANCE->BYBITSPOT,0.4712041884816754,90,191,1953,Vol_Low,2025-09-06,15S
BINANCE->BITGET,0.4945054945054945,90,182,1805,Vol_Low,2025-09-06,15S
COINBASE->BINANCE,0.4212962962962963,91,216,2188,Vol_Low,2025-09-06,15S
COINBASE->BYBITSPOT,0.49044585987261147,77,157,1570,Vol_Low,2025-09-06,15S
COINBASE->BITGET,0.5211267605633803,74,142,1421,Vol_Low,2025-09-06,15S
BYBITSPOT->BINANCE,0.5265700483091788,109,207,2092,Vol_Low,2025-09-06,15S
BYBITSPOT->COINBASE,0.5843373493975904,97,166,1648,Vol_Low,2025-09-06,15S
BYBITSPOT->BITGET,0.5975609756097561,98,164,1600,Vol_Low,2025-09-06,15S
BITGET->BINANCE,0.5396039603960396,109,202,1944,Vol_Low,2025-09-06,15S
BITGET->COINBASE,0.4934210526315789,75,152,1522,Vol_Low,2025-09-06,15S
BITGET->BYBITSPOT,0.5189873417721519,82,158,1615,Vol_Low,2025-09-06,15S
BINANCE->COINBASE,0.47474747474747475,94,198,1940,Vol_Med,2025-09-06,15S
BINANCE->BYBITSPOT,0.49473684210526314,94,190,1788,Vol_Med,2025-09-06,15S
BINANCE->BITGET,0.42483660130718953,65,153,1551,Vol_Med,2025-09-06,15S
COINBASE->BINANCE,0.541871921182266,110,203,1969,Vol_Med,2025-09-06,15S
COINBASE->BYBITSPOT,0.517948717948718,101,195,1913,Vol_Med,2025-09-06,15S
COINBASE->BITGET,0.6463414634146342,106,164,1628,Vol_Med,2025-09-06,15S
BYBITSPOT->BINANCE,0.6443298969072165,125,194,1911,Vol_Med,2025-09-06,15S
BYBITSPOT->COINBASE,0.49038461538461536,102,208,2043,Vol_Med,2025-09-06,15S
BYBITSPOT->BITGET,0.56,84,150,1607,Vol_Med,2025-09-06,15S
BITGET->BINANCE,0.52,91,175,1713,Vol_Med,2025-09-06,15S
BITGET->COINBASE,0.46994535519125685,86,183,1780,Vol_Med,2025-09-06,15S
BITGET->BYBITSPOT,0.5590062111801242,90,161,1676,Vol_Med,2025-09-06,15S
BINANCE->COINBASE,0.40764331210191085,64,157,1603,Vol_High,2025-09-06,15S
BINANCE->BYBITSPOT,0.29012345679012347,47,162,1593,Vol_High,2025-09-06,15S
BINANCE->BITGET,0.43209876543209874,70,162,1552,Vol_High,2025-09-06,15S
COINBASE->BINANCE,0.6037735849056604,96,159,1603,Vol_High,2025-09-06,15S
COINBASE->BYBITSPOT,0.49214659685863876,94,191,1894,Vol_High,2025-09-06,15S
COINBASE->BITGET,0.517948717948718,101,195,1895,Vol_High,2025-09-06,15S
BYBITSPOT->BINANCE,0.49714285714285716,87,175,1708,Vol_High,2025-09-06,15S
BYBITSPOT->COINBASE,0.4320388349514563,89,206,2024,Vol_High,2025-09-06,15S
BYBITSPOT->BITGET,0.5422885572139303,109,201,1879,Vol_High,2025-09-06,15S
BITGET->BINANCE,0.4810810810810811,89,185,1744,Vol_High,2025-09-06,15S
BITGET->COINBASE,0.39285714285714285,88,224,2076,Vol_High,2025-09-06,15S
BITGET->BYBITSPOT,0.41037735849056606,87,212,1949,Vol_High,2025-09-06,15S
BINANCE->COINBASE,0.509090909090909,224,440,3308,Wash_Low,2025-09-06,15S
BINANCE->BYBITSPOT,0.5123456790123457,166,324,2791,Wash_Low,2025-09-06,15S
BINANCE->BITGET,0.5,149,298,2593,Wash_Low,2025-09-06,15S
COINBASE->BINANCE,0.6157407407407407,266,432,3302,Wash_Low,2025-09-06,15S
COINBASE->BYBITSPOT,0.5653266331658291,225,398,3047,Wash_Low,2025-09-06,15S
COINBASE->BITGET,0.5982905982905983,210,351,2846,Wash_Low,2025-09-06,15S
BYBITSPOT->BINANCE,0.6,171,285,2794,Wash_Low,2025-09-06,15S
BYBITSPOT->COINBASE,0.5092838196286472,192,377,3113,Wash_Low,2025-09-06,15S
BYBITSPOT->BITGET,0.6459854014598541,177,274,2629,Wash_Low,2025-09-06,15S
BITGET->BINANCE,0.5320754716981132,141,265,2724,Wash_Low,2025-09-06,15S
BITGET->COINBASE,0.48493975903614456,161,332,2984,Wash_Low,2025-09-06,15S
BITGET->BYBITSPOT,0.5218855218855218,155,297,2758,Wash_Low,2025-09-06,15S
BINANCE->COINBASE,0.5151515151515151,102,198,2397,Wash_High,2025-09-06,15S
BINANCE->BYBITSPOT,0.4489051094890511,123,274,2543,Wash_High,2025-09-06,15S
BINANCE->BITGET,0.3991769547325103,97,243,2315,Wash_High,2025-09-06,15S
COINBASE->BINANCE,0.45933014354066987,96,209,2458,Wash_High,2025-09-06,15S
COINBASE->BYBITSPOT,0.5247524752475248,106,202,2330,Wash_High,2025-09-06,15S
COINBASE->BITGET,0.47191011235955055,84,178,2098,Wash_High,2025-09-06,15S
BYBITSPOT->BINANCE,0.4606741573033708,164,356,2917,Wash_High,2025-09-06,15S
BYBITSPOT->COINBASE,0.4806201550387597,124,258,2602,Wash_High,2025-09-06,15S
BYBITSPOT->BITGET,0.4393939393939394,116,264,2457,Wash_High,2025-09-06,15S
BITGET->BINANCE,0.4581818181818182,126,275,2677,Wash_High,2025-09-06,15S
BITGET->COINBASE,0.4947916666666667,95,192,2394,Wash_High,2025-09-06,15S
BITGET->BYBITSPOT,0.4642857142857143,104,224,2482,Wash_High,2025-09-06,15S
BINANCE->COINBASE,0.44815465729349735,255,569,2853,Full,2025-09-06,30S
BINANCE->BYBITSPOT,0.4417293233082707,235,532,2670,Full,2025-09-06,30S
BINANCE->BITGET,0.41188524590163933,201,488,2491,Full,2025-09-06,30S
COINBASE->BINANCE,0.45121951219512196,259,574,2880,Full,2025-09-06,30S
COINBASE->BYBITSPOT,0.4450651769087523,239,537,2693,Full,2025-09-06,30S
COINBASE->BITGET,0.4796747967479675,236,492,2512,Full,2025-09-06,30S
BYBITSPOT->BINANCE,0.48771929824561405,278,570,2878,Full,2025-09-06,30S
BYBITSPOT->COINBASE,0.5121951219512195,294,574,2880,Full,2025-09-06,30S
BYBITSPOT->BITGET,0.49796747967479676,245,492,2638,Full,2025-09-06,30S
BITGET->BINANCE,0.4431137724550898,222,501,2834,Full,2025-09-06,30S
BITGET->COINBASE,0.4073319755600815,200,491,2824,Full,2025-09-06,30S
BITGET->BYBITSPOT,0.42138364779874216,201,477,2797,Full,2025-09-06,30S
BINANCE->COINBASE,0.5871559633027523,64,109,1091,Vol_Low,2025-09-06,30S
BINANCE->BYBITSPOT,0.46846846846846846,52,111,983,Vol_Low,2025-09-06,30S
BINANCE->BITGET,0.42,42,100,919,Vol_Low,2025-09-06,30S
COINBASE->BINANCE,0.33035714285714285,37,112,1111,Vol_Low,2025-09-06,30S
COINBASE->BYBITSPOT,0.4,34,85,794,Vol_Low,2025-09-06,30S
COINBASE->BITGET,0.37037037037037035,30,81,724,Vol_Low,2025-09-06,30S
BYBITSPOT->BINANCE,0.4462809917355372,54,121,1054,Vol_Low,2025-09-06,30S
BYBITSPOT->COINBASE,0.5909090909090909,52,88,837,Vol_Low,2025-09-06,30S
BYBITSPOT->BITGET,0.45918367346938777,45,98,831,Vol_Low,2025-09-06,30S
BITGET->BINANCE,0.3904761904761905,41,105,1006,Vol_Low,2025-09-06,30S
BITGET->COINBASE,0.48148148148148145,39,81,783,Vol_Low,2025-09-06,30S
BITGET->BYBITSPOT,0.3723404255319149,35,94,851,Vol_Low,2025-09-06,30S
BINANCE->COINBASE,0.42857142857142855,12,28,962,Vol_Med,2025-09-06,30S
BINANCE->BYBITSPOT,0.3783783783783784,14,37,892,Vol_Med,2025-09-06,30S
BINANCE->BITGET,0.32608695652173914,15,46,788,Vol_Med,2025-09-06,30S
COINBASE->BINANCE,0.5,16,32,970,Vol_Med,2025-09-06,30S
COINBASE->BYBITSPOT,0.4807692307692308,25,52,953,Vol_Med,2025-09-06,30S
COINBASE->BITGET,0.4727272727272727,26,55,837,Vol_Med,2025-09-06,30S
BYBITSPOT->BINANCE,0.42857142857142855,21,49,972,Vol_Med,2025-09-06,30S
BYBITSPOT->COINBASE,0.559322033898305,33,59,1032,Vol_Med,2025-09-06,30S
BYBITSPOT->BITGET,0.5208333333333334,25,48,832,Vol_Med,2025-09-06,30S
BITGET->BINANCE,0.32653061224489793,16,49,899,Vol_Med,2025-09-06,30S
BITGET->COINBASE,0.39655172413793105,23,58,941,Vol_Med,2025-09-06,30S
BITGET->BYBITSPOT,0.38636363636363635,17,44,905,Vol_Med,2025-09-06,30S
BINANCE->COINBASE,0.4266666666666667,32,75,800,Vol_High,2025-09-06,30S
BINANCE->BYBITSPOT,0.40229885057471265,35,87,795,Vol_High,2025-09-06,30S
BINANCE->BITGET,0.5319148936170213,50,94,784,Vol_High,2025-09-06,30S
COINBASE->BINANCE,0.5443037974683544,43,79,799,Vol_High,2025-09-06,30S
COINBASE->BYBITSPOT,0.48,48,100,946,Vol_High,2025-09-06,30S
COINBASE->BITGET,0.5555555555555556,65,117,951,Vol_High,2025-09-06,30S
BYBITSPOT->BINANCE,0.5212765957446809,49,94,852,Vol_High,2025-09-06,30S
BYBITSPOT->COINBASE,0.42105263157894735,48,114,1011,Vol_High,2025-09-06,30S
BYBITSPOT->BITGET,0.4716981132075472,50,106,975,Vol_High,2025-09-06,30S
BITGET->BINANCE,0.45454545454545453,45,99,929,Vol_High,2025-09-06,30S
BITGET->COINBASE,0.3884297520661157,47,121,1100,Vol_High,2025-09-06,30S
BITGET->BYBITSPOT,0.34,34,100,1041,Vol_High,2025-09-06,30S
BINANCE->COINBASE,0.0,0,1,1421,Wash_Low,2025-09-06,30S
BINANCE->BYBITSPOT,0.0,0,0,1287,Wash_Low,2025-09-06,30S
BINANCE->BITGET,1.0,1,1,1144,Wash_Low,2025-09-06,30S
COINBASE->BINANCE,0.6666666666666666,2,3,1455,Wash_Low,2025-09-06,30S
COINBASE->BYBITSPOT,0.125,1,8,1536,Wash_Low,2025-09-06,30S
COINBASE->BITGET,0.3333333333333333,3,9,1427,Wash_Low,2025-09-06,30S
BYBITSPOT->BINANCE,0.0,0,1,1416,Wash_Low,2025-09-06,30S
BYBITSPOT->COINBASE,0.7,7,10,1672,Wash_Low,2025-09-06,30S
BYBITSPOT->BITGET,0.4444444444444444,4,9,1387,Wash_Low,2025-09-06,30S
BITGET->BINANCE,0.5,1,2,1330,Wash_Low,2025-09-06,30S
BITGET->COINBASE,0.75,6,8,1561,Wash_Low,2025-09-06,30S
BITGET->BYBITSPOT,0.6,3,5,1476,Wash_Low,2025-09-06,30S
BINANCE->COINBASE,0.0,0,0,1432,Wash_High,2025-09-06,30S
BINANCE->BYBITSPOT,0.0,0,2,1383,Wash_High,2025-09-06,30S
BINANCE->BITGET,0.5,2,4,1347,Wash_High,2025-09-06,30S
COINBASE->BINANCE,0.2,1,5,1425,Wash_High,2025-09-06,30S
COINBASE->BYBITSPOT,0.0,0,0,1157,Wash_High,2025-09-06,30S
COINBASE->BITGET,0.0,0,1,1085,Wash_High,2025-09-06,30S
BYBITSPOT->BINANCE,0.6666666666666666,2,3,1462,Wash_High,2025-09-06,30S
BYBITSPOT->COINBASE,0.0,0,0,1208,Wash_High,2025-09-06,30S
BYBITSPOT->BITGET,0.3333333333333333,1,3,1251,Wash_High,2025-09-06,30S
BITGET->BINANCE,0.5714285714285714,4,7,1504,Wash_High,2025-09-06,30S
BITGET->COINBASE,0.0,0,0,1263,Wash_High,2025-09-06,30S
BITGET->BYBITSPOT,0.5,1,2,1321,Wash_High,2025-09-06,30S
BINANCE->COINBASE,0.21228070175438596,121,570,17010,Full,2025-09-07,1S
BINANCE->BYBITSPOT,0.1450676982591876,75,517,14013,Full,2025-09-07,1S
BINANCE->BITGET,0.1963927855711423,98,499,13327,Full,2025-09-07,1S
COINBASE->BINANCE,0.3205574912891986,184,574,17039,Full,2025-09-07,1S
COINBASE->BYBITSPOT,0.2437619961612284,127,521,13903,Full,2025-09-07,1S
COINBASE->BITGET,0.32669322709163345,164,502,13202,Full,2025-09-07,1S
BYBITSPOT->BINANCE,0.3885017421602787,223,574,14013,Full,2025-09-07,1S
BYBITSPOT->COINBASE,0.21428571428571427,123,574,13903,Full,2025-09-07,1S
BYBITSPOT->BITGET,0.38086642599277976,211,554,11976,Full,2025-09-07,1S
BITGET->BINANCE,0.3094405594405594,177,572,13327,Full,2025-09-07,1S
BITGET->COINBASE,0.22202797202797203,127,572,13202,Full,2025-09-07,1S
BITGET->BYBITSPOT,0.22847100175746923,130,569,11976,Full,2025-09-07,1S
BINANCE->COINBASE,0.4326241134751773,122,282,6079,Vol_Low,2025-09-07,1S
BINANCE->BYBITSPOT,0.30364372469635625,75,247,4727,Vol_Low,2025-09-07,1S
BINANCE->BITGET,0.33079847908745247,87,263,5341,Vol_Low,2025-09-07,1S
COINBASE->BINANCE,0.3473684210526316,99,285,6079,Vol_Low,2025-09-07,1S
COINBASE->BYBITSPOT,0.36082474226804123,70,194,3496,Vol_Low,2025-09-07,1S
COINBASE->BITGET,0.3482142857142857,78,224,4376,Vol_Low,2025-09-07,1S
BYBITSPOT->BINANCE,0.5416666666666666,143,264,4727,Vol_Low,2025-09-07,1S
BYBITSPOT->COINBASE,0.415,83,200,3496,Vol_Low,2025-09-07,1S
BYBITSPOT->BITGET,0.5482456140350878,125,228,3802,Vol_Low,2025-09-07,1S
BITGET->BINANCE,0.34285714285714286,96,280,5341,Vol_Low,2025-09-07,1S
BITGET->COINBASE,0.37606837606837606,88,234,4372,Vol_Low,2025-09-07,1S
BITGET->BYBITSPOT,0.30454545454545456,67,220,3795,Vol_Low,2025-09-07,1S
BINANCE->COINBASE,0.28253968253968254,89,315,5671,Vol_Med,2025-09-07,1S
BINANCE->BYBITSPOT,0.292358803986711,88,301,4656,Vol_Med,2025-09-07,1S
BINANCE->BITGET,0.3800738007380074,103,271,4228,Vol_Med,2025-09-07,1S
COINBASE->BINANCE,0.37777777777777777,119,315,5668,Vol_Med,2025-09-07,1S
COINBASE->BYBITSPOT,0.3627450980392157,111,306,5144,Vol_Med,2025-09-07,1S
COINBASE->BITGET,0.4473684210526316,119,266,4205,Vol_Med,2025-09-07,1S
BYBITSPOT->BINANCE,0.5032051282051282,157,312,4656,Vol_Med,2025-09-07,1S
BYBITSPOT->COINBASE,0.3597560975609756,118,328,5151,Vol_Med,2025-09-07,1S
BYBITSPOT->BITGET,0.4263565891472868,110,258,3931,Vol_Med,2025-09-07,1S
BITGET->BINANCE,0.40273037542662116,118,293,4221,Vol_Med,2025-09-07,1S
BITGET->COINBASE,0.2391304347826087,66,276,4185,Vol_Med,2025-09-07,1S
BITGET->BYBITSPOT,0.356,89,250,3914,Vol_Med,2025-09-07,1S
BINANCE->COINBASE,0.2581967213114754,63,244,5260,Vol_High,2025-09-07,1S
BINANCE->BYBITSPOT,0.20675105485232068,49,237,4630,Vol_High,2025-09-07,1S
BINANCE->BITGET,0.27918781725888325,55,197,3758,Vol_High,2025-09-07,1S
COINBASE->BINANCE,0.3458333333333333,83,240,5292,Vol_High,2025-09-07,1S
COINBASE->BYBITSPOT,0.3065134099616858,80,261,5263,Vol_High,2025-09-07,1S
COINBASE->BITGET,0.3559322033898305,84,236,4621,Vol_High,2025-09-07,1S
BYBITSPOT->BINANCE,0.3944223107569721,99,251,4630,Vol_High,2025-09-07,1S
BYBITSPOT->COINBASE,0.3225806451612903,90,279,5256,Vol_High,2025-09-07,1S
BYBITSPOT->BITGET,0.40948275862068967,95,232,4243,Vol_High,2025-09-07,1S
BITGET->BINANCE,0.43946188340807174,98,223,3765,Vol_High,2025-09-07,1S
BITGET->COINBASE,0.29924242424242425,79,264,4645,Vol_High,2025-09-07,1S
BITGET->BYBITSPOT,0.27626459143968873,71,257,4267,Vol_High,2025-09-07,1S
BINANCE->COINBASE,0.40350877192982454,230,570,8592,Wash_Low,2025-09-07,1S
BINANCE->BYBITSPOT,0.29206963249516443,151,517,7221,Wash_Low,2025-09-07,1S
BINANCE->BITGET,0.3527054108216433,176,499,6771,Wash_Low,2025-09-07,1S
COINBASE->BINANCE,0.4547038327526132,261,574,8607,Wash_Low,2025-09-07,1S
COINBASE->BYBITSPOT,0.3761996161228407,196,521,7307,Wash_Low,2025-09-07,1S
COINBASE->BITGET,0.4063745019920319,204,502,6770,Wash_Low,2025-09-07,1S
BYBITSPOT->BINANCE,0.5348432055749129,307,574,7221,Wash_Low,2025-09-07,1S
BYBITSPOT->COINBASE,0.418848167539267,240,573,7307,Wash_Low,2025-09-07,1S
BYBITSPOT->BITGET,0.559040590405904,303,542,6229,Wash_Low,2025-09-07,1S
BITGET->BINANCE,0.45045045045045046,250,555,6771,Wash_Low,2025-09-07,1S
BITGET->COINBASE,0.35071942446043164,195,556,6770,Wash_Low,2025-09-07,1S
BITGET->BYBITSPOT,0.34831460674157305,186,534,6229,Wash_Low,2025-09-07,1S
BINANCE->COINBASE,0.5719298245614035,326,570,8418,Wash_High,2025-09-07,1S
BINANCE->BYBITSPOT,0.49709864603481624,257,517,6792,Wash_High,2025-09-07,1S
BINANCE->BITGET,0.5463709677419355,271,496,6556,Wash_High,2025-09-07,1S
COINBASE->BINANCE,0.5958188153310104,342,574,8432,Wash_High,2025-09-07,1S
COINBASE->BYBITSPOT,0.508637236084453,265,521,6596,Wash_High,2025-09-07,1S
COINBASE->BITGET,0.59026369168357,291,493,6432,Wash_High,2025-09-07,1S
BYBITSPOT->BINANCE,0.5836236933797909,335,574,6792,Wash_High,2025-09-07,1S
BYBITSPOT->COINBASE,0.5940766550522648,341,574,6596,Wash_High,2025-09-07,1S
BYBITSPOT->BITGET,0.5973782771535581,319,534,5747,Wash_High,2025-09-07,1S
BITGET->BINANCE,0.5813084112149532,311,535,6556,Wash_High,2025-09-07,1S
BITGET->COINBASE,0.5391969407265774,282,523,6432,Wash_High,2025-09-07,1S
BITGET->BYBITSPOT,0.5255905511811023,267,508,5747,Wash_High,2025-09-07,1S
BINANCE->COINBASE,0.21228070175438596,121,570,17010,Full,2025-09-07,2S
BINANCE->BYBITSPOT,0.1450676982591876,75,517,14013,Full,2025-09-07,2S
BINANCE->BITGET,0.1963927855711423,98,499,13327,Full,2025-09-07,2S
COINBASE->BINANCE,0.3205574912891986,184,574,17039,Full,2025-09-07,2S
COINBASE->BYBITSPOT,0.2437619961612284,127,521,13903,Full,2025-09-07,2S
COINBASE->BITGET,0.32669322709163345,164,502,13202,Full,2025-09-07,2S
BYBITSPOT->BINANCE,0.3885017421602787,223,574,14013,Full,2025-09-07,2S
BYBITSPOT->COINBASE,0.21428571428571427,123,574,13903,Full,2025-09-07,2S
BYBITSPOT->BITGET,0.38086642599277976,211,554,11976,Full,2025-09-07,2S
BITGET->BINANCE,0.3094405594405594,177,572,13327,Full,2025-09-07,2S
BITGET->COINBASE,0.22202797202797203,127,572,13202,Full,2025-09-07,2S
BITGET->BYBITSPOT,0.22847100175746923,130,569,11976,Full,2025-09-07,2S
BINANCE->COINBASE,0.4326241134751773,122,282,6079,Vol_Low,2025-09-07,2S
BINANCE->BYBITSPOT,0.30364372469635625,75,247,4727,Vol_Low,2025-09-07,2S
BINANCE->BITGET,0.33079847908745247,87,263,5341,Vol_Low,2025-09-07,2S
COINBASE->BINANCE,0.3473684210526316,99,285,6079,Vol_Low,2025-09-07,2S
COINBASE->BYBITSPOT,0.36082474226804123,70,194,3496,Vol_Low,2025-09-07,2S
COINBASE->BITGET,0.3482142857142857,78,224,4376,Vol_Low,2025-09-07,2S
BYBITSPOT->BINANCE,0.5416666666666666,143,264,4727,Vol_Low,2025-09-07,2S
BYBITSPOT->COINBASE,0.415,83,200,3496,Vol_Low,2025-09-07,2S
BYBITSPOT->BITGET,0.5482456140350878,125,228,3802,Vol_Low,2025-09-07,2S
BITGET->BINANCE,0.34285714285714286,96,280,5341,Vol_Low,2025-09-07,2S
BITGET->COINBASE,0.37606837606837606,88,234,4372,Vol_Low,2025-09-07,2S
BITGET->BYBITSPOT,0.30454545454545456,67,220,3795,Vol_Low,2025-09-07,2S
BINANCE->COINBASE,0.28253968253968254,89,315,5671,Vol_Med,2025-09-07,2S
BINANCE->BYBITSPOT,0.292358803986711,88,301,4656,Vol_Med,2025-09-07,2S
BINANCE->BITGET,0.3800738007380074,103,271,4228,Vol_Med,2025-09-07,2S
COINBASE->BINANCE,0.37777777777777777,119,315,5668,Vol_Med,2025-09-07,2S
COINBASE->BYBITSPOT,0.3627450980392157,111,306,5144,Vol_Med,2025-09-07,2S
COINBASE->BITGET,0.4473684210526316,119,266,4205,Vol_Med,2025-09-07,2S
BYBITSPOT->BINANCE,0.5032051282051282,157,312,4656,Vol_Med,2025-09-07,2S
BYBITSPOT->COINBASE,0.3597560975609756,118,328,5151,Vol_Med,2025-09-07,2S
BYBITSPOT->BITGET,0.4263565891472868,110,258,3931,Vol_Med,2025-09-07,2S
BITGET->BINANCE,0.40273037542662116,118,293,4221,Vol_Med,2025-09-07,2S
BITGET->COINBASE,0.2391304347826087,66,276,4185,Vol_Med,2025-09-07,2S
BITGET->BYBITSPOT,0.356,89,250,3914,Vol_Med,2025-09-07,2S
BINANCE->COINBASE,0.2581967213114754,63,244,5260,Vol_High,2025-09-07,2S
BINANCE->BYBITSPOT,0.20675105485232068,49,237,4630,Vol_High,2025-09-07,2S
BINANCE->BITGET,0.27918781725888325,55,197,3758,Vol_High,2025-09-07,2S
COINBASE->BINANCE,0.3458333333333333,83,240,5292,Vol_High,2025-09-07,2S
COINBASE->BYBITSPOT,0.3065134099616858,80,261,5263,Vol_High,2025-09-07,2S
COINBASE->BITGET,0.3559322033898305,84,236,4621,Vol_High,2025-09-07,2S
BYBITSPOT->BINANCE,0.3944223107569721,99,251,4630,Vol_High,2025-09-07,2S
BYBITSPOT->COINBASE,0.3225806451612903,90,279,5256,Vol_High,2025-09-07,2S
BYBITSPOT->BITGET,0.40948275862068967,95,232,4243,Vol_High,2025-09-07,2S
BITGET->BINANCE,0.43946188340807174,98,223,3765,Vol_High,2025-09-07,2S
BITGET->COINBASE,0.29924242424242425,79,264,4645,Vol_High,2025-09-07,2S
BITGET->BYBITSPOT,0.27626459143968873,71,257,4267,Vol_High,2025-09-07,2S
BINANCE->COINBASE,0.40350877192982454,230,570,8592,Wash_Low,2025-09-07,2S
BINANCE->BYBITSPOT,0.29206963249516443,151,517,7221,Wash_Low,2025-09-07,2S
BINANCE->BITGET,0.3527054108216433,176,499,6771,Wash_Low,2025-09-07,2S
COINBASE->BINANCE,0.4547038327526132,261,574,8607,Wash_Low,2025-09-07,2S
COINBASE->BYBITSPOT,0.3761996161228407,196,521,7307,Wash_Low,2025-09-07,2S
COINBASE->BITGET,0.4063745019920319,204,502,6770,Wash_Low,2025-09-07,2S
BYBITSPOT->BINANCE,0.5348432055749129,307,574,7221,Wash_Low,2025-09-07,2S
BYBITSPOT->COINBASE,0.418848167539267,240,573,7307,Wash_Low,2025-09-07,2S
BYBITSPOT->BITGET,0.559040590405904,303,542,6229,Wash_Low,2025-09-07,2S
BITGET->BINANCE,0.45045045045045046,250,555,6771,Wash_Low,2025-09-07,2S
BITGET->COINBASE,0.35071942446043164,195,556,6770,Wash_Low,2025-09-07,2S
BITGET->BYBITSPOT,0.34831460674157305,186,534,6229,Wash_Low,2025-09-07,2S
BINANCE->COINBASE,0.5719298245614035,326,570,8418,Wash_High,2025-09-07,2S
BINANCE->BYBITSPOT,0.49709864603481624,257,517,6792,Wash_High,2025-09-07,2S
BINANCE->BITGET,0.5463709677419355,271,496,6556,Wash_High,2025-09-07,2S
COINBASE->BINANCE,0.5958188153310104,342,574,8432,Wash_High,2025-09-07,2S
COINBASE->BYBITSPOT,0.508637236084453,265,521,6596,Wash_High,2025-09-07,2S
COINBASE->BITGET,0.59026369168357,291,493,6432,Wash_High,2025-09-07,2S
BYBITSPOT->BINANCE,0.5836236933797909,335,574,6792,Wash_High,2025-09-07,2S
BYBITSPOT->COINBASE,0.5940766550522648,341,574,6596,Wash_High,2025-09-07,2S
BYBITSPOT->BITGET,0.5973782771535581,319,534,5747,Wash_High,2025-09-07,2S
BITGET->BINANCE,0.5813084112149532,311,535,6556,Wash_High,2025-09-07,2S
BITGET->COINBASE,0.5391969407265774,282,523,6432,Wash_High,2025-09-07,2S
BITGET->BYBITSPOT,0.5255905511811023,267,508,5747,Wash_High,2025-09-07,2S
BINANCE->COINBASE,0.21228070175438596,121,570,17010,Full,2025-09-07,5S
BINANCE->BYBITSPOT,0.1450676982591876,75,517,14013,Full,2025-09-07,5S
BINANCE->BITGET,0.1963927855711423,98,499,13327,Full,2025-09-07,5S
COINBASE->BINANCE,0.3205574912891986,184,574,17039,Full,2025-09-07,5S
COINBASE->BYBITSPOT,0.2437619961612284,127,521,13903,Full,2025-09-07,5S
COINBASE->BITGET,0.32669322709163345,164,502,13202,Full,2025-09-07,5S
BYBITSPOT->BINANCE,0.3885017421602787,223,574,14013,Full,2025-09-07,5S
BYBITSPOT->COINBASE,0.21428571428571427,123,574,13903,Full,2025-09-07,5S
BYBITSPOT->BITGET,0.38086642599277976,211,554,11976,Full,2025-09-07,5S
BITGET->BINANCE,0.3094405594405594,177,572,13327,Full,2025-09-07,5S
BITGET->COINBASE,0.22202797202797203,127,572,13202,Full,2025-09-07,5S
BITGET->BYBITSPOT,0.22847100175746923,130,569,11976,Full,2025-09-07,5S
BINANCE->COINBASE,0.4326241134751773,122,282,6079,Vol_Low,2025-09-07,5S
BINANCE->BYBITSPOT,0.30364372469635625,75,247,4727,Vol_Low,2025-09-07,5S
BINANCE->BITGET,0.33079847908745247,87,263,5341,Vol_Low,2025-09-07,5S
COINBASE->BINANCE,0.3473684210526316,99,285,6079,Vol_Low,2025-09-07,5S
COINBASE->BYBITSPOT,0.36082474226804123,70,194,3496,Vol_Low,2025-09-07,5S
COINBASE->BITGET,0.3482142857142857,78,224,4376,Vol_Low,2025-09-07,5S
BYBITSPOT->BINANCE,0.5416666666666666,143,264,4727,Vol_Low,2025-09-07,5S
BYBITSPOT->COINBASE,0.415,83,200,3496,Vol_Low,2025-09-07,5S
BYBITSPOT->BITGET,0.5482456140350878,125,228,3802,Vol_Low,2025-09-07,5S
BITGET->BINANCE,0.34285714285714286,96,280,5341,Vol_Low,2025-09-07,5S
BITGET->COINBASE,0.37606837606837606,88,234,4372,Vol_Low,2025-09-07,5S
BITGET->BYBITSPOT,0.30454545454545456,67,220,3795,Vol_Low,2025-09-07,5S
BINANCE->COINBASE,0.28253968253968254,89,315,5671,Vol_Med,2025-09-07,5S
BINANCE->BYBITSPOT,0.292358803986711,88,301,4656,Vol_Med,2025-09-07,5S
BINANCE->BITGET,0.3800738007380074,103,271,4228,Vol_Med,2025-09-07,5S
COINBASE->BINANCE,0.37777777777777777,119,315,5668,Vol_Med,2025-09-07,5S
COINBASE->BYBITSPOT,0.3627450980392157,111,306,5144,Vol_Med,2025-09-07,5S
COINBASE->BITGET,0.4473684210526316,119,266,4205,Vol_Med,2025-09-07,5S
BYBITSPOT->BINANCE,0.5032051282051282,157,312,4656,Vol_Med,2025-09-07,5S
BYBITSPOT->COINBASE,0.3597560975609756,118,328,5151,Vol_Med,2025-09-07,5S
BYBITSPOT->BITGET,0.4263565891472868,110,258,3931,Vol_Med,2025-09-07,5S
BITGET->BINANCE,0.40273037542662116,118,293,4221,Vol_Med,2025-09-07,5S
BITGET->COINBASE,0.2391304347826087,66,276,4185,Vol_Med,2025-09-07,5S
BITGET->BYBITSPOT,0.356,89,250,3914,Vol_Med,2025-09-07,5S
BINANCE->COINBASE,0.2581967213114754,63,244,5260,Vol_High,2025-09-07,5S
BINANCE->BYBITSPOT,0.20675105485232068,49,237,4630,Vol_High,2025-09-07,5S
BINANCE->BITGET,0.27918781725888325,55,197,3758,Vol_High,2025-09-07,5S
COINBASE->BINANCE,0.3458333333333333,83,240,5292,Vol_High,2025-09-07,5S
COINBASE->BYBITSPOT,0.3065134099616858,80,261,5263,Vol_High,2025-09-07,5S
COINBASE->BITGET,0.3559322033898305,84,236,4621,Vol_High,2025-09-07,5S
BYBITSPOT->BINANCE,0.3944223107569721,99,251,4630,Vol_High,2025-09-07,5S
BYBITSPOT->COINBASE,0.3225806451612903,90,279,5256,Vol_High,2025-09-07,5S
BYBITSPOT->BITGET,0.40948275862068967,95,232,4243,Vol_High,2025-09-07,5S
BITGET->BINANCE,0.43946188340807174,98,223,3765,Vol_High,2025-09-07,5S
BITGET->COINBASE,0.29924242424242425,79,264,4645,Vol_High,2025-09-07,5S
BITGET->BYBITSPOT,0.27626459143968873,71,257,4267,Vol_High,2025-09-07,5S
BINANCE->COINBASE,0.40350877192982454,230,570,8592,Wash_Low,2025-09-07,5S
BINANCE->BYBITSPOT,0.29206963249516443,151,517,7221,Wash_Low,2025-09-07,5S
BINANCE->BITGET,0.3527054108216433,176,499,6771,Wash_Low,2025-09-07,5S
COINBASE->BINANCE,0.4547038327526132,261,574,8607,Wash_Low,2025-09-07,5S
COINBASE->BYBITSPOT,0.3761996161228407,196,521,7307,Wash_Low,2025-09-07,5S
COINBASE->BITGET,0.4063745019920319,204,502,6770,Wash_Low,2025-09-07,5S
BYBITSPOT->BINANCE,0.5348432055749129,307,574,7221,Wash_Low,2025-09-07,5S
BYBITSPOT->COINBASE,0.418848167539267,240,573,7307,Wash_Low,2025-09-07,5S
BYBITSPOT->BITGET,0.559040590405904,303,542,6229,Wash_Low,2025-09-07,5S
BITGET->BINANCE,0.45045045045045046,250,555,6771,Wash_Low,2025-09-07,5S
BITGET->COINBASE,0.35071942446043164,195,556,6770,Wash_Low,2025-09-07,5S
BITGET->BYBITSPOT,0.34831460674157305,186,534,6229,Wash_Low,2025-09-07,5S
BINANCE->COINBASE,0.5719298245614035,326,570,8418,Wash_High,2025-09-07,5S
BINANCE->BYBITSPOT,0.49709864603481624,257,517,6792,Wash_High,2025-09-07,5S
BINANCE->BITGET,0.5463709677419355,271,496,6556,Wash_High,2025-09-07,5S
COINBASE->BINANCE,0.5958188153310104,342,574,8432,Wash_High,2025-09-07,5S
COINBASE->BYBITSPOT,0.508637236084453,265,521,6596,Wash_High,2025-09-07,5S
COINBASE->BITGET,0.59026369168357,291,493,6432,Wash_High,2025-09-07,5S
BYBITSPOT->BINANCE,0.5836236933797909,335,574,6792,Wash_High,2025-09-07,5S
BYBITSPOT->COINBASE,0.5940766550522648,341,574,6596,Wash_High,2025-09-07,5S
BYBITSPOT->BITGET,0.5973782771535581,319,534,5747,Wash_High,2025-09-07,5S
BITGET->BINANCE,0.5813084112149532,311,535,6556,Wash_High,2025-09-07,5S
BITGET->COINBASE,0.5391969407265774,282,523,6432,Wash_High,2025-09-07,5S
BITGET->BYBITSPOT,0.5255905511811023,267,508,5747,Wash_High,2025-09-07,5S
BINANCE->COINBASE,0.3157894736842105,180,570,8568,Full,2025-09-07,10S
BINANCE->BYBITSPOT,0.23984526112185686,124,517,7649,Full,2025-09-07,10S
BINANCE->BITGET,0.3527054108216433,176,499,7153,Full,2025-09-07,10S
COINBASE->BINANCE,0.4268292682926829,245,574,8633,Full,2025-09-07,10S
COINBASE->BYBITSPOT,0.345489443378119,180,521,7678,Full,2025-09-07,10S
COINBASE->BITGET,0.3665338645418327,184,502,7188,Full,2025-09-07,10S
BYBITSPOT->BINANCE,0.49477351916376305,284,574,8210,Full,2025-09-07,10S
BYBITSPOT->COINBASE,0.3153310104529617,181,574,8163,Full,2025-09-07,10S
BYBITSPOT->BITGET,0.48375451263537905,268,554,7376,Full,2025-09-07,10S
BITGET->BINANCE,0.4063047285464098,232,571,7608,Full,2025-09-07,10S
BITGET->COINBASE,0.3134851138353765,179,571,7566,Full,2025-09-07,10S
BITGET->BYBITSPOT,0.3268892794376098,186,569,7257,Full,2025-09-07,10S
BINANCE->COINBASE,0.49572649572649574,116,234,3071,Vol_Low,2025-09-07,10S
BINANCE->BYBITSPOT,0.4186046511627907,90,215,2641,Vol_Low,2025-09-07,10S
BINANCE->BITGET,0.5234042553191489,123,235,2842,Vol_Low,2025-09-07,10S
COINBASE->BINANCE,0.4279835390946502,104,243,3078,Vol_Low,2025-09-07,10S
COINBASE->BYBITSPOT,0.3548387096774194,55,155,1976,Vol_Low,2025-09-07,10S
COINBASE->BITGET,0.4603174603174603,87,189,2339,Vol_Low,2025-09-07,10S
BYBITSPOT->BINANCE,0.5583333333333333,134,240,2869,Vol_Low,2025-09-07,10S
BYBITSPOT->COINBASE,0.4857142857142857,85,175,2111,Vol_Low,2025-09-07,10S
BYBITSPOT->BITGET,0.616504854368932,127,206,2404,Vol_Low,2025-09-07,10S
BITGET->BINANCE,0.4462809917355372,108,242,2961,Vol_Low,2025-09-07,10S
BITGET->COINBASE,0.3811881188118812,77,202,2425,Vol_Low,2025-09-07,10S
BITGET->BYBITSPOT,0.35978835978835977,68,189,2300,Vol_Low,2025-09-07,10S
BINANCE->COINBASE,0.47843137254901963,122,255,2879,Vol_Med,2025-09-07,10S
BINANCE->BYBITSPOT,0.42083333333333334,101,240,2538,Vol_Med,2025-09-07,10S
BINANCE->BITGET,0.4830917874396135,100,207,2263,Vol_Med,2025-09-07,10S
COINBASE->BINANCE,0.4749034749034749,123,259,2902,Vol_Med,2025-09-07,10S
COINBASE->BYBITSPOT,0.4262948207171315,107,251,2846,Vol_Med,2025-09-07,10S
COINBASE->BITGET,0.5172413793103449,105,203,2277,Vol_Med,2025-09-07,10S
BYBITSPOT->BINANCE,0.52,130,250,2713,Vol_Med,2025-09-07,10S
BYBITSPOT->COINBASE,0.40148698884758366,108,269,3047,Vol_Med,2025-09-07,10S
BYBITSPOT->BITGET,0.5045454545454545,111,220,2401,Vol_Med,2025-09-07,10S
BITGET->BINANCE,0.5201793721973094,116,223,2419,Vol_Med,2025-09-07,10S
BITGET->COINBASE,0.4318181818181818,95,220,2391,Vol_Med,2025-09-07,10S
BITGET->BYBITSPOT,0.3813953488372093,82,215,2340,Vol_Med,2025-09-07,10S
BINANCE->COINBASE,0.3073170731707317,63,205,2618,Vol_High,2025-09-07,10S
BINANCE->BYBITSPOT,0.3217821782178218,65,202,2470,Vol_High,2025-09-07,10S
BINANCE->BITGET,0.35294117647058826,60,170,2048,Vol_High,2025-09-07,10S
COINBASE->BINANCE,0.5,103,206,2653,Vol_High,2025-09-07,10S
COINBASE->BYBITSPOT,0.36086956521739133,83,230,2856,Vol_High,2025-09-07,10S
COINBASE->BITGET,0.39903846153846156,83,208,2572,Vol_High,2025-09-07,10S
BYBITSPOT->BINANCE,0.518348623853211,113,218,2628,Vol_High,2025-09-07,10S
BYBITSPOT->COINBASE,0.36554621848739494,87,238,3005,Vol_High,2025-09-07,10S
BYBITSPOT->BITGET,0.4537037037037037,98,216,2571,Vol_High,2025-09-07,10S
BITGET->BINANCE,0.46464646464646464,92,198,2228,Vol_High,2025-09-07,10S
BITGET->COINBASE,0.35564853556485354,85,239,2750,Vol_High,2025-09-07,10S
BITGET->BYBITSPOT,0.38626609442060084,90,233,2617,Vol_High,2025-09-07,10S
BINANCE->COINBASE,0.38421052631578945,219,570,6535,Wash_Low,2025-09-07,10S
BINANCE->BYBITSPOT,0.39264990328820115,203,517,5600,Wash_Low,2025-09-07,10S
BINANCE->BITGET,0.4749498997995992,237,499,5338,Wash_Low,2025-09-07,10S
COINBASE->BINANCE,0.4912891986062718,282,574,6564,Wash_Low,2025-09-07,10S
COINBASE->BYBITSPOT,0.4288461538461538,223,520,5540,Wash_Low,2025-09-07,10S
COINBASE->BITGET,0.4641434262948207,233,502,5301,Wash_Low,2025-09-07,10S
BYBITSPOT->BINANCE,0.554006968641115,318,574,5723,Wash_Low,2025-09-07,10S
BYBITSPOT->COINBASE,0.4413309982486865,252,571,5691,Wash_Low,2025-09-07,10S
BYBITSPOT->BITGET,0.5719626168224299,306,535,5000,Wash_Low,2025-09-07,10S
BITGET->BINANCE,0.466789667896679,253,542,5465,Wash_Low,2025-09-07,10S
BITGET->COINBASE,0.44363636363636366,244,550,5435,Wash_Low,2025-09-07,10S
BITGET->BYBITSPOT,0.3817829457364341,197,516,5015,Wash_Low,2025-09-07,10S
BINANCE->COINBASE,0.4473684210526316,51,114,2033,Wash_High,2025-09-07,10S
BINANCE->BYBITSPOT,0.45454545454545453,60,132,2049,Wash_High,2025-09-07,10S
BINANCE->BITGET,0.4673913043478261,43,92,1815,Wash_High,2025-09-07,10S
COINBASE->BINANCE,0.432,54,125,2069,Wash_High,2025-09-07,10S
COINBASE->BYBITSPOT,0.4540229885057471,79,174,2138,Wash_High,2025-09-07,10S
COINBASE->BITGET,0.5480769230769231,57,104,1887,Wash_High,2025-09-07,10S
BYBITSPOT->BINANCE,0.4858490566037736,103,212,2487,Wash_High,2025-09-07,10S
BYBITSPOT->COINBASE,0.5619047619047619,118,210,2472,Wash_High,2025-09-07,10S
BYBITSPOT->BITGET,0.46236559139784944,86,186,2376,Wash_High,2025-09-07,10S
BITGET->BINANCE,0.5344827586206896,62,116,2143,Wash_High,2025-09-07,10S
BITGET->COINBASE,0.5075757575757576,67,132,2131,Wash_High,2025-09-07,10S
BITGET->BYBITSPOT,0.5592105263157895,85,152,2242,Wash_High,2025-09-07,10S
BINANCE->COINBASE,0.44035087719298244,251,570,5714,Full,2025-09-07,15S
BINANCE->BYBITSPOT,0.3965183752417795,205,517,5173,Full,2025-09-07,15S
BINANCE->BITGET,0.4718875502008032,235,498,4880,Full,2025-09-07,15S
COINBASE->BINANCE,0.5069686411149826,291,574,5760,Full,2025-09-07,15S
COINBASE->BYBITSPOT,0.46833013435700577,244,521,5203,Full,2025-09-07,15S
COINBASE->BITGET,0.48902195608782434,245,501,4912,Full,2025-09-07,15S
BYBITSPOT->BINANCE,0.6010452961672473,345,574,5689,Full,2025-09-07,15S
BYBITSPOT->COINBASE,0.47909407665505227,275,574,5672,Full,2025-09-07,15S
BYBITSPOT->BITGET,0.5605786618444847,310,553,5225,Full,2025-09-07,15S
BITGET->BINANCE,0.5157894736842106,294,570,5326,Full,2025-09-07,15S
BITGET->COINBASE,0.43838028169014087,249,568,5307,Full,2025-09-07,15S
BITGET->BYBITSPOT,0.3663716814159292,207,565,5195,Full,2025-09-07,15S
BINANCE->COINBASE,0.6,123,205,2050,Vol_Low,2025-09-07,15S
BINANCE->BYBITSPOT,0.4915254237288136,87,177,1805,Vol_Low,2025-09-07,15S
BINANCE->BITGET,0.5751295336787565,111,193,1931,Vol_Low,2025-09-07,15S
COINBASE->BINANCE,0.4845360824742268,94,194,2061,Vol_Low,2025-09-07,15S
COINBASE->BYBITSPOT,0.47692307692307695,62,130,1340,Vol_Low,2025-09-07,15S
COINBASE->BITGET,0.49375,79,160,1595,Vol_Low,2025-09-07,15S
BYBITSPOT->BINANCE,0.5808080808080808,115,198,2020,Vol_Low,2025-09-07,15S
BYBITSPOT->COINBASE,0.5563380281690141,79,142,1483,Vol_Low,2025-09-07,15S
BYBITSPOT->BITGET,0.6264367816091954,109,174,1712,Vol_Low,2025-09-07,15S
BITGET->BINANCE,0.5,105,210,2039,Vol_Low,2025-09-07,15S
BITGET->COINBASE,0.6057142857142858,106,175,1690,Vol_Low,2025-09-07,15S
BITGET->BYBITSPOT,0.4294117647058823,73,170,1626,Vol_Low,2025-09-07,15S
BINANCE->COINBASE,0.413265306122449,81,196,1922,Vol_Med,2025-09-07,15S
BINANCE->BYBITSPOT,0.48255813953488375,83,172,1702,Vol_Med,2025-09-07,15S
BINANCE->BITGET,0.5135135135135135,76,148,1551,Vol_Med,2025-09-07,15S
COINBASE->BINANCE,0.5445544554455446,110,202,1931,Vol_Med,2025-09-07,15S
COINBASE->BYBITSPOT,0.5510204081632653,108,196,1948,Vol_Med,2025-09-07,15S
COINBASE->BITGET,0.5960264900662252,90,151,1547,Vol_Med,2025-09-07,15S
BYBITSPOT->BINANCE,0.6042780748663101,113,187,1880,Vol_Med,2025-09-07,15S
BYBITSPOT->COINBASE,0.536036036036036,119,222,2133,Vol_Med,2025-09-07,15S
BYBITSPOT->BITGET,0.6045197740112994,107,177,1696,Vol_Med,2025-09-07,15S
BITGET->BINANCE,0.5352941176470588,91,170,1700,Vol_Med,2025-09-07,15S
BITGET->COINBASE,0.463855421686747,77,166,1678,Vol_Med,2025-09-07,15S
BITGET->BYBITSPOT,0.42134831460674155,75,178,1664,Vol_Med,2025-09-07,15S
BINANCE->COINBASE,0.3313953488372093,57,172,1742,Vol_High,2025-09-07,15S
BINANCE->BYBITSPOT,0.40804597701149425,71,174,1666,Vol_High,2025-09-07,15S
BINANCE->BITGET,0.45517241379310347,66,145,1398,Vol_High,2025-09-07,15S
COINBASE->BINANCE,0.5287356321839081,92,174,1768,Vol_High,2025-09-07,15S
COINBASE->BYBITSPOT,0.43523316062176165,84,193,1915,Vol_High,2025-09-07,15S
COINBASE->BITGET,0.4644808743169399,85,183,1770,Vol_High,2025-09-07,15S
BYBITSPOT->BINANCE,0.5846994535519126,107,183,1789,Vol_High,2025-09-07,15S
BYBITSPOT->COINBASE,0.4563106796116505,94,206,2056,Vol_High,2025-09-07,15S
BYBITSPOT->BITGET,0.47668393782383417,92,193,1817,Vol_High,2025-09-07,15S
BITGET->BINANCE,0.5535714285714286,93,168,1587,Vol_High,2025-09-07,15S
BITGET->COINBASE,0.4834123222748815,102,211,1939,Vol_High,2025-09-07,15S
BITGET->BYBITSPOT,0.3619047619047619,76,210,1905,Vol_High,2025-09-07,15S
BINANCE->COINBASE,0.5232558139534884,225,430,3260,Wash_Low,2025-09-07,15S
BINANCE->BYBITSPOT,0.5014409221902018,174,347,2749,Wash_Low,2025-09-07,15S
BINANCE->BITGET,0.5685714285714286,199,350,2708,Wash_Low,2025-09-07,15S
COINBASE->BINANCE,0.6097560975609756,250,410,3265,Wash_Low,2025-09-07,15S
COINBASE->BYBITSPOT,0.5597667638483965,192,343,2792,Wash_Low,2025-09-07,15S
COINBASE->BITGET,0.5227963525835866,172,329,2679,Wash_Low,2025-09-07,15S
BYBITSPOT->BINANCE,0.6018808777429467,192,319,2843,Wash_Low,2025-09-07,15S
BYBITSPOT->COINBASE,0.5434782608695652,175,322,2922,Wash_Low,2025-09-07,15S
BYBITSPOT->BITGET,0.5878136200716846,164,279,2627,Wash_Low,2025-09-07,15S
BITGET->BINANCE,0.5283018867924528,168,318,2800,Wash_Low,2025-09-07,15S
BITGET->COINBASE,0.5351170568561873,160,299,2791,Wash_Low,2025-09-07,15S
BITGET->BYBITSPOT,0.5204460966542751,140,269,2672,Wash_Low,2025-09-07,15S
BINANCE->COINBASE,0.51,102,200,2454,Wash_High,2025-09-07,15S
BINANCE->BYBITSPOT,0.5425101214574899,134,247,2424,Wash_High,2025-09-07,15S
BINANCE->BITGET,0.532608695652174,98,184,2172,Wash_High,2025-09-07,15S
COINBASE->BINANCE,0.3963963963963964,88,222,2495,Wash_High,2025-09-07,15S
COINBASE->BYBITSPOT,0.4878048780487805,120,246,2411,Wash_High,2025-09-07,15S
COINBASE->BITGET,0.4824120603015075,96,199,2233,Wash_High,2025-09-07,15S
BYBITSPOT->BINANCE,0.557632398753894,179,321,2846,Wash_High,2025-09-07,15S
BYBITSPOT->COINBASE,0.5916955017301038,171,289,2750,Wash_High,2025-09-07,15S
BYBITSPOT->BITGET,0.53125,136,256,2598,Wash_High,2025-09-07,15S
BITGET->BINANCE,0.4976958525345622,108,217,2526,Wash_High,2025-09-07,15S
BITGET->COINBASE,0.4590909090909091,101,220,2516,Wash_High,2025-09-07,15S
BITGET->BYBITSPOT,0.5059760956175299,127,251,2523,Wash_High,2025-09-07,15S
BINANCE->COINBASE,0.4614035087719298,263,570,2857,Full,2025-09-07,30S
BINANCE->BYBITSPOT,0.40425531914893614,209,517,2595,Full,2025-09-07,30S
BINANCE->BITGET,0.4714285714285714,231,490,2493,Full,2025-09-07,30S
COINBASE->BINANCE,0.44947735191637633,258,574,2880,Full,2025-09-07,30S
COINBASE->BYBITSPOT,0.4491362763915547,234,521,2613,Full,2025-09-07,30S
COINBASE->BITGET,0.4766734279918864,235,493,2512,Full,2025-09-07,30S
BYBITSPOT->BINANCE,0.5209059233449478,299,574,2880,Full,2025-09-07,30S
BYBITSPOT->COINBASE,0.4738675958188153,272,574,2880,Full,2025-09-07,30S
BYBITSPOT->BITGET,0.4525691699604743,229,506,2749,Full,2025-09-07,30S
BITGET->BINANCE,0.4164989939637827,207,497,2808,Full,2025-09-07,30S
BITGET->COINBASE,0.4623217922606925,227,491,2805,Full,2025-09-07,30S
BITGET->BYBITSPOT,0.4562899786780384,214,469,2784,Full,2025-09-07,30S
BINANCE->COINBASE,0.47107438016528924,57,121,1025,Vol_Low,2025-09-07,30S
BINANCE->BYBITSPOT,0.4782608695652174,44,92,906,Vol_Low,2025-09-07,30S
BINANCE->BITGET,0.5046728971962616,54,107,992,Vol_Low,2025-09-07,30S
COINBASE->BINANCE,0.3983050847457627,47,118,1030,Vol_Low,2025-09-07,30S
COINBASE->BYBITSPOT,0.5223880597014925,35,67,673,Vol_Low,2025-09-07,30S
COINBASE->BITGET,0.3218390804597701,28,87,816,Vol_Low,2025-09-07,30S
BYBITSPOT->BINANCE,0.5181818181818182,57,110,1034,Vol_Low,2025-09-07,30S
BYBITSPOT->COINBASE,0.56,42,75,761,Vol_Low,2025-09-07,30S
BYBITSPOT->BITGET,0.42718446601941745,44,103,905,Vol_Low,2025-09-07,30S
BITGET->BINANCE,0.3739130434782609,43,115,1067,Vol_Low,2025-09-07,30S
BITGET->COINBASE,0.5,44,88,881,Vol_Low,2025-09-07,30S
BITGET->BYBITSPOT,0.41935483870967744,39,93,862,Vol_Low,2025-09-07,30S
BINANCE->COINBASE,0.5434782608695652,25,46,970,Vol_Med,2025-09-07,30S
BINANCE->BYBITSPOT,0.5714285714285714,20,35,867,Vol_Med,2025-09-07,30S
BINANCE->BITGET,0.5416666666666666,13,24,781,Vol_Med,2025-09-07,30S
COINBASE->BINANCE,0.48717948717948717,19,39,969,Vol_Med,2025-09-07,30S
COINBASE->BYBITSPOT,0.37777777777777777,17,45,980,Vol_Med,2025-09-07,30S
COINBASE->BITGET,0.5405405405405406,20,37,795,Vol_Med,2025-09-07,30S
BYBITSPOT->BINANCE,0.4864864864864865,18,37,952,Vol_Med,2025-09-07,30S
BYBITSPOT->COINBASE,0.5074626865671642,34,67,1089,Vol_Med,2025-09-07,30S
BYBITSPOT->BITGET,0.5272727272727272,29,55,896,Vol_Med,2025-09-07,30S
BITGET->BINANCE,0.6341463414634146,26,41,900,Vol_Med,2025-09-07,30S
BITGET->COINBASE,0.37209302325581395,16,43,882,Vol_Med,2025-09-07,30S
BITGET->BYBITSPOT,0.3877551020408163,19,49,871,Vol_Med,2025-09-07,30S
BINANCE->COINBASE,0.43434343434343436,43,99,862,Vol_High,2025-09-07,30S
BINANCE->BYBITSPOT,0.3333333333333333,22,66,822,Vol_High,2025-09-07,30S
BINANCE->BITGET,0.37681159420289856,26,69,720,Vol_High,2025-09-07,30S
COINBASE->BINANCE,0.5980392156862745,61,102,881,Vol_High,2025-09-07,30S
COINBASE->BYBITSPOT,0.38144329896907214,37,97,960,Vol_High,2025-09-07,30S
COINBASE->BITGET,0.47115384615384615,49,104,901,Vol_High,2025-09-07,30S
BYBITSPOT->BINANCE,0.43037974683544306,34,79,894,Vol_High,2025-09-07,30S
BYBITSPOT->COINBASE,0.4375,49,112,1030,Vol_High,2025-09-07,30S
BYBITSPOT->BITGET,0.5210084033613446,62,119,948,Vol_High,2025-09-07,30S
BITGET->BINANCE,0.453125,29,64,841,Vol_High,2025-09-07,30S
BITGET->COINBASE,0.3829787234042553,36,94,1042,Vol_High,2025-09-07,30S
BITGET->BYBITSPOT,0.41228070175438597,47,114,1051,Vol_High,2025-09-07,30S
BINANCE->COINBASE,0.6666666666666666,2,3,1389,Wash_Low,2025-09-07,30S
BINANCE->BYBITSPOT,0.0,0,1,1321,Wash_Low,2025-09-07,30S
BINANCE->BITGET,0.0,0,0,1222,Wash_Low,2025-09-07,30S
COINBASE->BINANCE,1.0,5,5,1425,Wash_Low,2025-09-07,30S
COINBASE->BYBITSPOT,0.25,1,4,1433,Wash_Low,2025-09-07,30S
COINBASE->BITGET,0.5,1,2,1294,Wash_Low,2025-09-07,30S
BYBITSPOT->BINANCE,1.0,1,1,1487,Wash_Low,2025-09-07,30S
BYBITSPOT->COINBASE,0.25,1,4,1584,Wash_Low,2025-09-07,30S
BYBITSPOT->BITGET,0.5,1,2,1415,Wash_Low,2025-09-07,30S
BITGET->BINANCE,1.0,1,1,1390,Wash_Low,2025-09-07,30S
BITGET->COINBASE,0.0,0,1,1432,Wash_Low,2025-09-07,30S
BITGET->BYBITSPOT,0.5,1,2,1463,Wash_Low,2025-09-07,30S
BINANCE->COINBASE,0.4,2,5,1468,Wash_High,2025-09-07,30S
BINANCE->BYBITSPOT,0.5,1,2,1274,Wash_High,2025-09-07,30S
BINANCE->BITGET,0.5,1,2,1271,Wash_High,2025-09-07,30S
COINBASE->BINANCE,0.4,2,5,1455,Wash_High,2025-09-07,30S
COINBASE->BYBITSPOT,0.0,0,1,1180,Wash_High,2025-09-07,30S
COINBASE->BITGET,0.25,1,4,1218,Wash_High,2025-09-07,30S
BYBITSPOT->BINANCE,0.0,0,0,1393,Wash_High,2025-09-07,30S
BYBITSPOT->COINBASE,0.0,0,2,1296,Wash_High,2025-09-07,30S
BYBITSPOT->BITGET,0.0,0,0,1334,Wash_High,2025-09-07,30S
BITGET->BINANCE,1.0,1,1,1418,Wash_High,2025-09-07,30S
BITGET->COINBASE,0.5,2,4,1373,Wash_High,2025-09-07,30S
BITGET->BYBITSPOT,1.0,1,1,1321,Wash_High,2025-09-07,30S
