timestamp,price_changes,rolling_std,regime
2025-09-29 10:00:01+00:00,0.00020400173611645478,,
2025-09-29 10:00:02+00:00,-0.0007522958114423162,,
2025-09-29 10:00:03+00:00,-0.0003309091213894444,,
2025-09-29 10:00:04+00:00,0.0003500661645581271,,
2025-09-29 10:00:05+00:00,0.0005272409455683302,,
2025-09-29 10:00:06+00:00,-0.0009726470033114554,,
2025-09-29 10:00:07+00:00,0.0001960922661081721,,
2025-09-29 10:00:08+00:00,0.0009988863177781138,,
2025-09-29 10:00:09+00:00,0.0005982053213879901,,
2025-09-29 10:00:10+00:00,0.00038567738584482925,,
2025-09-29 10:00:11+00:00,-8.15375787163175e-05,,
2025-09-29 10:00:12+00:00,0.0016613672515417566,,
2025-09-29 10:00:13+00:00,0.0009059075422459539,,
2025-09-29 10:00:14+00:00,0.0005029975656676289,,
2025-09-29 10:00:15+00:00,0.0011881233320416573,,
2025-09-29 10:00:16+00:00,-0.0008170790794774785,,
2025-09-29 10:00:17+00:00,-0.0003234198816453038,,
2025-09-29 10:00:18+00:00,-0.0007987539435887481,,
2025-09-29 10:00:19+00:00,0.0001523594376453552,,
2025-09-29 10:00:20+00:00,-0.00018934045430407664,,
2025-09-29 10:00:21+00:00,0.0006261640243401256,,
2025-09-29 10:00:22+00:00,-0.001285248582195364,,
2025-09-29 10:00:23+00:00,0.0001887002804432658,,
2025-09-29 10:00:24+00:00,0.001166202952926465,,
2025-09-29 10:00:25+00:00,-0.00041872084704741575,,
2025-09-29 10:00:26+00:00,-0.0002571599208291975,,
2025-09-29 10:00:27+00:00,0.00053627868294992,,
2025-09-29 10:00:28+00:00,0.001337230477198137,,
2025-09-29 10:00:29+00:00,-0.0005772583055677627,,
2025-09-29 10:00:30+00:00,0.00011887676059219032,0.0007346398603379536,0.0
2025-09-29 10:00:31+00:00,-0.001100992368235576,0.0007570389838985543,0.0
2025-09-29 10:00:32+00:00,-0.0011765265483713039,0.0007792310596792135,0.0
2025-09-29 10:00:33+00:00,-0.00029207545113829614,0.0007696901465409717,0.0
2025-09-29 10:00:34+00:00,0.002578374572473674,0.0008716105221679293,0.0
2025-09-29 10:00:35+00:00,-0.0014892260309863348,0.0009019109216276964,0.0
2025-09-29 10:00:36+00:00,0.0008288569797083589,0.0008972856030418794,0.0
2025-09-29 10:00:37+00:00,-0.00035014039073721914,0.0008880530851275333,0.0
2025-09-29 10:00:38+00:00,0.0003338246465334205,0.0008767650181914831,0.0
2025-09-29 10:00:39+00:00,0.00043323847810827765,0.0008667006432916339,0.0
2025-09-29 10:00:40+00:00,0.0004217466428435568,0.0008568631659254786,0.0
2025-09-29 10:00:41+00:00,0.0007394545818522058,0.0008514971993919054,0.0
2025-09-29 10:00:42+00:00,0.0009392929228235758,0.0008500293735009996,0.0
2025-09-29 10:00:43+00:00,-0.0013382414169978984,0.0008703595976956312,0.0
2025-09-29 10:00:44+00:00,-0.00027444876677995556,0.0008622831155620835,0.0
2025-09-29 10:00:45+00:00,-0.0009258292551701519,0.0008664539652897981,0.0
2025-09-29 10:00:46+00:00,-0.0014714455097002421,0.0008872648313112312,0.0
2025-09-29 10:00:47+00:00,-0.0004564834834360765,0.0008807780856049873,0.0
2025-09-29 10:00:48+00:00,0.00033923102793842475,0.0008723735278716143,0.0
2025-09-29 10:00:49+00:00,-0.0002472234763405412,0.0008643083853534878,0.0
2025-09-29 10:00:50+00:00,0.00040343034739032113,0.0008569224539825307,0.0
2025-09-29 10:00:51+00:00,0.0005315534243059972,0.0008509338676572195,0.0
2025-09-29 10:00:52+00:00,0.0011301304239397236,0.0008554221586747852,0.0
2025-09-29 10:00:53+00:00,-0.0001670221552131368,0.0008478614966659038,0.0
2025-09-29 10:00:54+00:00,4.053433460171618e-05,0.0008398417132865954,0.0
2025-09-29 10:00:55+00:00,0.0003267703747082962,0.0008326991500838709,0.0
2025-09-29 10:00:56+00:00,0.000106315442843119,0.0008251000268128762,0.0
2025-09-29 10:00:57+00:00,-0.0006067359014266804,0.0008228020176614444,0.0
2025-09-29 10:00:58+00:00,-0.0025784745657689845,0.0008866987288378558,0.0
2025-09-29 10:00:59+00:00,0.0004265134315262209,0.0008805653755606913,0.0
2025-09-29 10:01:00+00:00,-2.602272867824329e-05,0.0008731042670250651,0.0
2025-09-29 10:01:01+00:00,0.0004484150862118508,0.0008744895560747786,0.0
2025-09-29 10:01:02+00:00,0.001903237465433305,0.0009007207436903904,0.0
2025-09-29 10:01:03+00:00,-0.00045118070248939546,0.0009017846023802097,0.0
2025-09-29 10:01:04+00:00,-0.00043846361207355855,0.0009035010914796573,0.0
2025-09-29 10:01:05+00:00,-6.0410026480939294e-05,0.0009015902266365179,0.0
2025-09-29 10:01:06+00:00,-0.0005241177451672518,0.000894755625566322,0.0
2025-09-29 10:01:07+00:00,1.2264967504727053e-05,0.0008946063301124921,0.0
2025-09-29 10:01:08+00:00,-0.00047481211227762277,0.0008885960135589788,0.0
2025-09-29 10:01:09+00:00,-0.0005675238557962814,0.000888821886006609,0.0
2025-09-29 10:01:10+00:00,0.0014241737722586745,0.000906090675220996,0.0
2025-09-29 10:01:11+00:00,0.0006310512750968833,0.0009092273451971198,0.0
2025-09-29 10:01:12+00:00,-0.0003909402486059754,0.0008856870225874339,0.0
2025-09-29 10:01:13+00:00,-0.00028742657024083407,0.0008786155702932306,0.0
2025-09-29 10:01:14+00:00,0.00048357355018091575,0.000878427234928845,0.0
2025-09-29 10:01:15+00:00,0.00079731170346653,0.0008708126859323524,0.0
2025-09-29 10:01:16+00:00,0.00047550632674653315,0.0008666365134209133,0.0
2025-09-29 10:01:17+00:00,0.0001795578705574563,0.0008658324138527179,0.0
2025-09-29 10:01:18+00:00,0.0003343959402328789,0.0008601442799899918,0.0
2025-09-29 10:01:19+00:00,-0.001401184924461063,0.0008796474198863234,0.0
2025-09-29 10:01:20+00:00,0.0006707534208616472,0.0008833944146768547,0.0
2025-09-29 10:01:21+00:00,0.0002346563307609184,0.000880291330313174,0.0
2025-09-29 10:01:22+00:00,-0.0007603558435779201,0.0008696973762664061,0.0
2025-09-29 10:01:23+00:00,0.0005566898715589907,0.0008721760144240719,0.0
2025-09-29 10:01:24+00:00,-5.191636315293735e-07,0.0008593182090659328,0.0
2025-09-29 10:01:25+00:00,0.000843335459444372,0.0008640741366215806,0.0
2025-09-29 10:01:26+00:00,0.0006539616158516282,0.0008669212683798643,0.0
2025-09-29 10:01:27+00:00,0.00025000334091096477,0.0008649651492544702,0.0
2025-09-29 10:01:28+00:00,-0.0010650570151551353,0.0008595605988673435,0.0
2025-09-29 10:01:29+00:00,-0.000194577957573161,0.0008566071986445079,0.0
2025-09-29 10:01:30+00:00,0.0003094176304534457,0.0008573780904631625,0.0
2025-09-29 10:01:31+00:00,5.0551526581399386e-05,0.0008448576486128599,0.0
2025-09-29 10:01:32+00:00,-0.001564862746237683,0.000855678243816284,0.0
2025-09-29 10:01:33+00:00,-0.0007835812787505558,0.0008610899508135507,0.0
2025-09-29 10:01:34+00:00,-0.00041906642351507983,0.0007942487839310915,0.0
2025-09-29 10:01:35+00:00,0.00020227250103421746,0.0007714214636812224,0.0
2025-09-29 10:01:36+00:00,-0.0006592557967267654,0.0007680375359932425,0.0
2025-09-29 10:01:37+00:00,-0.0007229504977016576,0.0007721612048489342,0.0
2025-09-29 10:01:38+00:00,-0.0003531370143787793,0.0007716611344375717,0.0
2025-09-29 10:01:39+00:00,-0.0008014629675306972,0.0007750514898838063,0.0
2025-09-29 10:01:40+00:00,0.0008482562171800989,0.000781558353968917,0.0
2025-09-29 10:01:41+00:00,-0.00020374999246486336,0.0007746196902515746,0.0
2025-09-29 10:01:42+00:00,6.948064556566713e-05,0.0007633205939320055,0.0
2025-09-29 10:01:43+00:00,0.001669490827571174,0.0007787117209161472,0.0
2025-09-29 10:01:44+00:00,-0.0008613623934158321,0.0007853380850125853,0.0
2025-09-29 10:01:45+00:00,-0.00015284789154690337,0.0007770548169618978,0.0
2025-09-29 10:01:46+00:00,0.00042025648434496077,0.0007560420417051287,0.0
2025-09-29 10:01:47+00:00,0.0002953047074285564,0.0007547027936777736,0.0
2025-09-29 10:01:48+00:00,2.4419297536271145e-05,0.0007534334942288259,0.0
2025-09-29 10:01:49+00:00,0.0003370000848579302,0.0007539616265656336,0.0
2025-09-29 10:01:50+00:00,-0.00038266296895383967,0.0007538312632820754,0.0
2025-09-29 10:01:51+00:00,0.00036173972650743735,0.0007521050159233156,0.0
2025-09-29 10:01:52+00:00,8.581251720407579e-05,0.0007372961976763967,0.0
2025-09-29 10:01:53+00:00,-0.0010537516768899247,0.0007490101440361136,0.0
2025-09-29 10:01:54+00:00,0.0006898083675863642,0.0007548396549974735,0.0
2025-09-29 10:01:55+00:00,0.0010400428808092776,0.0007660507343767201,0.0
2025-09-29 10:01:56+00:00,-0.00019663281417392486,0.0007662302514702831,0.0
2025-09-29 10:01:57+00:00,0.00013733084874667512,0.0007626006127612853,0.0
2025-09-29 10:01:58+00:00,0.00033645119347402996,0.0006850041688530417,0.0
2025-09-29 10:01:59+00:00,1.0267061635094166e-05,0.0006831294730312301,0.0
2025-09-29 10:02:00+00:00,4.8480768839676e-05,0.000683087806852373,0.0
2025-09-29 10:02:01+00:00,0.0019884944620178757,0.0007264670262543888,0.0
2025-09-29 10:02:02+00:00,-0.0010255506386865898,0.0006983731217908595,0.0
2025-09-29 10:02:03+00:00,0.00028458415356369393,0.0006965731014972184,0.0
2025-09-29 10:02:04+00:00,9.663612825261403e-05,0.0006939788211799369,0.0
2025-09-29 10:02:05+00:00,-0.0005249598354349905,0.0006976140074179552,0.0
2025-09-29 10:02:06+00:00,0.0006797415432029386,0.0006988733983724561,0.0
2025-09-29 10:02:07+00:00,-0.00037816275523550047,0.0007009953564586333,0.0
2025-09-29 10:02:08+00:00,0.0006284414079755773,0.000701778653724529,0.0
2025-09-29 10:02:09+00:00,-0.0006158628276407008,0.0007025346708550116,0.0
2025-09-29 10:02:10+00:00,0.0004191617432240946,0.0006810079545272598,0.0
2025-09-29 10:02:11+00:00,-0.0007593989529138812,0.0006841725418371508,0.0
2025-09-29 10:02:12+00:00,0.0005356772766378359,0.0006852906739195214,0.0
2025-09-29 10:02:13+00:00,-0.0003346240681145751,0.0006856897521614986,0.0
2025-09-29 10:02:14+00:00,-3.5053139511354026e-05,0.0006831464001607416,0.0
2025-09-29 10:02:15+00:00,0.000851472141018661,0.0006842232734152128,0.0
2025-09-29 10:02:16+00:00,0.0005790119125155258,0.000685513231831936,0.0
2025-09-29 10:02:17+00:00,-0.0014336423880479954,0.0007105102351402534,0.0
2025-09-29 10:02:18+00:00,-0.0010887969235179318,0.0007227288208929524,0.0
2025-09-29 10:02:19+00:00,-0.0011654718095421845,0.0007157341653884273,0.0
2025-09-29 10:02:20+00:00,0.0016283658161355685,0.0007416544871599527,0.0
2025-09-29 10:02:21+00:00,-0.0015563323056758671,0.0007673920637078282,0.0
2025-09-29 10:02:22+00:00,-0.00034308688423478895,0.0007625923375616838,0.0
2025-09-29 10:02:23+00:00,-0.0005526335459717924,0.0007615969157276936,0.0
2025-09-29 10:02:24+00:00,0.001407768845065549,0.0007844298927097634,0.0
2025-09-29 10:02:25+00:00,-0.0005545936944651997,0.0007789706135599103,0.0
2025-09-29 10:02:26+00:00,0.00032218318253951495,0.0007750754270673259,0.0
2025-09-29 10:02:27+00:00,-0.0014410343195908615,0.0007943786783440435,0.0
2025-09-29 10:02:28+00:00,-0.0008346704027338836,0.0007900871627353493,0.0
2025-09-29 10:02:29+00:00,0.0001528041578862105,0.0007904856208127136,0.0
2025-09-29 10:02:30+00:00,-0.00024345759129151823,0.0007891916942317136,0.0
2025-09-29 10:02:31+00:00,-0.0002615188286715364,0.0007893404285805528,0.0
2025-09-29 10:02:32+00:00,0.00020267585934785615,0.000765841527839837,0.0
2025-09-29 10:02:33+00:00,5.388403117922991e-05,0.0007599734027142966,0.0
2025-09-29 10:02:34+00:00,0.002154589771575788,0.0008093823222838523,0.0
2025-09-29 10:02:35+00:00,-0.0015505278802135924,0.0008332535480879553,0.0
2025-09-29 10:02:36+00:00,0.0012912771902295894,0.0008461885431889606,0.0
2025-09-29 10:02:37+00:00,-0.0009370080763343447,0.0008497479386975446,0.0
2025-09-29 10:02:38+00:00,0.000527235755887201,0.0008511439413152378,0.0
2025-09-29 10:02:39+00:00,0.00023967970152116713,0.0008448095675392156,0.0
2025-09-29 10:02:40+00:00,0.0006721698370248941,0.000842228448268084,0.0
2025-09-29 10:02:41+00:00,-0.0007728592895205333,0.0008480811501725959,0.0
2025-09-29 10:02:42+00:00,0.0006556131479809046,0.0008520302267539574,0.0
2025-09-29 10:02:43+00:00,-8.590973093913767e-05,0.0008244551085783613,0.0
2025-09-29 10:02:44+00:00,0.0004043158806728009,0.00081820391119395,0.0
2025-09-29 10:02:45+00:00,-0.0006159645900198907,0.0008220505688080529,0.0
2025-09-29 10:02:46+00:00,0.0005907257741410987,0.0008237725031551531,0.0
2025-09-29 10:02:47+00:00,-0.0019884707351979225,0.000862521326773517,0.0
2025-09-29 10:02:48+00:00,0.00023040150443076612,0.0008631172391695878,0.0
2025-09-29 10:02:49+00:00,-0.00025370836204574587,0.0008623662298827365,0.0
2025-09-29 10:02:50+00:00,-4.669721815664385e-05,0.0008611141022452252,0.0
2025-09-29 10:02:51+00:00,0.001271617735480568,0.0008758786279213596,0.0
2025-09-29 10:02:52+00:00,0.0011240597753521264,0.0008879210882556524,0.0
2025-09-29 10:02:53+00:00,0.0006486668516048066,0.0008805197924932971,0.0
2025-09-29 10:02:54+00:00,-0.0003200351205867591,0.0008775045404602515,0.0
2025-09-29 10:02:55+00:00,-0.0002712253914225471,0.0008679876735738813,0.0
2025-09-29 10:02:56+00:00,0.0010653033531327072,0.0008783749651258051,0.0
2025-09-29 10:02:57+00:00,-0.0018425809710870267,0.0009105248634121947,0.0
2025-09-29 10:02:58+00:00,0.0005860704730582533,0.0009127125539550703,0.0
2025-09-29 10:02:59+00:00,-0.0009420732124668652,0.0009206351275995793,0.0
2025-09-29 10:03:00+00:00,0.00016980039141611947,0.0009209300020414986,0.0
2025-09-29 10:03:01+00:00,0.0016588135782031888,0.0009096462200602459,0.0
2025-09-29 10:03:02+00:00,6.821640927423545e-05,0.0009002145411929158,0.0
2025-09-29 10:03:03+00:00,-0.00034417121414342944,0.0009003967983402245,0.0
2025-09-29 10:03:04+00:00,-9.262434696266642e-05,0.0009003140735373679,0.0
2025-09-29 10:03:05+00:00,-0.00017206170116379482,0.0008981279253013754,0.0
2025-09-29 10:03:06+00:00,-0.0002964664759208535,0.0008941271729337403,0.0
2025-09-29 10:03:07+00:00,-0.00019026606463512508,0.0008932270072175651,0.0
2025-09-29 10:03:08+00:00,-0.0011160675976491508,0.0008997977769777056,0.0
2025-09-29 10:03:09+00:00,4.938306872381837e-05,0.0008969152763208375,0.0
2025-09-29 10:03:10+00:00,-0.0014092880619391845,0.0009117126845984233,0.0
2025-09-29 10:03:11+00:00,0.0004535365699875893,0.0009098046184821067,0.0
2025-09-29 10:03:12+00:00,0.0006065854659687009,0.0009106349165411384,0.0
2025-09-29 10:03:13+00:00,-0.0005138436535706559,0.0009118537349883943,0.0
2025-09-29 10:03:14+00:00,-0.0006382803420582617,0.0009148933344720304,0.0
2025-09-29 10:03:15+00:00,6.9340364003966926e-06,0.0009069358189809281,0.0
2025-09-29 10:03:16+00:00,0.00205339680697314,0.0009444103585300976,0.0
2025-09-29 10:03:17+00:00,0.002311784547597062,0.0009753297945779843,1.0
2025-09-29 10:03:18+00:00,-0.0016065493419193944,0.0009873672039696912,1.0
2025-09-29 10:03:19+00:00,0.0008545544557163609,0.000981579081319789,1.0
2025-09-29 10:03:20+00:00,-0.0009885076755152822,0.0009672898025320701,1.0
2025-09-29 10:03:21+00:00,-0.0016123559823932876,0.0009688278974780593,1.0
2025-09-29 10:03:22+00:00,-0.0002484030160130324,0.0009683643253705505,1.0
2025-09-29 10:03:23+00:00,-0.00034978720458433976,0.0009668089368608124,1.0
2025-09-29 10:03:24+00:00,7.042547776281438e-06,0.000948692043683821,0.0
2025-09-29 10:03:25+00:00,-0.000751653759185511,0.0009508595249486759,0.0
2025-09-29 10:03:26+00:00,-0.00047689300880360275,0.0009513192472216707,1.0
2025-09-29 10:03:27+00:00,4.839713256821199e-06,0.0009336794580541292,0.0
2025-09-29 10:03:28+00:00,4.6969862890211544e-06,0.0009276512638826094,0.0
2025-09-29 10:03:29+00:00,-0.0014459094341641165,0.0009455763152972262,0.0
2025-09-29 10:03:30+00:00,0.0011059330141005574,0.0009566445359467612,1.0
2025-09-29 10:03:31+00:00,-0.0004326164397577825,0.0009576378404404489,1.0
2025-09-29 10:03:32+00:00,-9.217454152044002e-05,0.0009572288404946839,1.0
2025-09-29 10:03:33+00:00,-0.0008728441804345399,0.0009633820521004286,1.0
2025-09-29 10:03:34+00:00,0.00202024162165948,0.0009583353582695277,1.0
2025-09-29 10:03:35+00:00,-0.0022801902164796273,0.00098212098471402,1.0
2025-09-29 10:03:36+00:00,0.00015759659943115345,0.0009665553140539786,1.0
2025-09-29 10:03:37+00:00,0.0017250822108911823,0.0009871628963249843,1.0
2025-09-29 10:03:38+00:00,-0.001171030828767461,0.000995230420549395,1.0
2025-09-29 10:03:39+00:00,-0.0012922330050016972,0.001007037940096409,1.0
2025-09-29 10:03:40+00:00,-0.000982335230388598,0.0010086384666686302,1.0
2025-09-29 10:03:41+00:00,0.0006621204876271491,0.0010096993846874203,1.0
2025-09-29 10:03:42+00:00,0.0001948811576322207,0.0010056966996877686,1.0
2025-09-29 10:03:43+00:00,-0.0005989462059742268,0.0010077959207600133,1.0
2025-09-29 10:03:44+00:00,-0.0003244904003864013,0.0010059600109033676,1.0
2025-09-29 10:03:45+00:00,-2.477773066944522e-06,0.0010039058554147237,1.0
2025-09-29 10:03:46+00:00,0.00019408726557257339,0.0010005432883049574,1.0
2025-09-29 10:03:47+00:00,-0.0004961572757969934,0.0009712303990860918,1.0
2025-09-29 10:03:48+00:00,-0.0030468347969766496,0.0010425911842731168,1.0
2025-09-29 10:03:49+00:00,0.0017849705623353973,0.0010717008293932365,1.0
2025-09-29 10:03:50+00:00,0.00126885638371399,0.0010863330806117149,1.0
2025-09-29 10:03:51+00:00,-0.00047279892061291573,0.0010726388439203703,1.0
2025-09-29 10:03:52+00:00,-0.0005843808498187109,0.0010618077943931295,1.0
2025-09-29 10:03:53+00:00,0.0012364296539590924,0.001071904155594181,1.0
2025-09-29 10:03:54+00:00,-0.00010819901164971224,0.001071629144133237,1.0
2025-09-29 10:03:55+00:00,-0.0006312481900003775,0.0010734382463343543,1.0
2025-09-29 10:03:56+00:00,-7.297541761130955e-05,0.0010618385628551673,1.0
2025-09-29 10:03:57+00:00,0.0005565910010456587,0.0010422122326453822,1.0
2025-09-29 10:03:58+00:00,-0.0009490438995138906,0.0010435457431978382,1.0
2025-09-29 10:03:59+00:00,-0.0002788730355606228,0.0010384147802528978,1.0
2025-09-29 10:04:00+00:00,0.0008455545314280943,0.0010453604033646914,1.0
2025-09-29 10:04:01+00:00,0.0008043848861565284,0.0010263858367436725,1.0
2025-09-29 10:04:02+00:00,-0.00029769838546345184,0.001026258555763411,1.0
2025-09-29 10:04:03+00:00,0.0013313338165581445,0.0010432324004402923,1.0
2025-09-29 10:04:04+00:00,0.0008404611494883252,0.0010504397174159747,1.0
2025-09-29 10:04:05+00:00,-0.0002880548721991838,0.0010506899463524233,1.0
2025-09-29 10:04:06+00:00,-0.00103524684522327,0.0010573710454685873,1.0
2025-09-29 10:04:07+00:00,-0.001571209369248483,0.0010740539888393233,1.0
2025-09-29 10:04:08+00:00,-0.0006226878836981253,0.0010682703032147988,1.0
2025-09-29 10:04:09+00:00,0.0022583277209600183,0.0011115481732861172,1.0
2025-09-29 10:04:10+00:00,-0.0005017703650275207,0.0010993663221841585,1.0
2025-09-29 10:04:11+00:00,0.00034120740840859476,0.0010985507175171397,1.0
2025-09-29 10:04:12+00:00,-0.0007073074887725683,0.0010978423033543535,1.0
2025-09-29 10:04:13+00:00,0.0006303351740950536,0.0011003999018632678,1.0
2025-09-29 10:04:14+00:00,0.0009016690218626167,0.001105039995789519,1.0
2025-09-29 10:04:15+00:00,0.0010886456614356277,0.001114790599008519,1.0
2025-09-29 10:04:16+00:00,-0.0005156188278028218,0.0010821363616491597,1.0
2025-09-29 10:04:17+00:00,0.00039714198409313006,0.0010378452010388517,1.0
2025-09-29 10:04:18+00:00,0.0003025239611593733,0.0010202456563933812,1.0
2025-09-29 10:04:19+00:00,-0.0001629999348184974,0.0010129396386188733,1.0
2025-09-29 10:04:20+00:00,-1.0427871560358959e-05,0.0010061369383427212,1.0
2025-09-29 10:04:21+00:00,-0.000351311181178926,0.000986501507676626,1.0
2025-09-29 10:04:22+00:00,0.0006492292304518532,0.0009903336592906457,1.0
2025-09-29 10:04:23+00:00,-0.0008363210678619115,0.0009948857071413284,1.0
2025-09-29 10:04:24+00:00,0.0012831325207320887,0.0010096383917372945,1.0
2025-09-29 10:04:25+00:00,0.00021511947305818957,0.0010055986902723353,1.0
2025-09-29 10:04:26+00:00,-0.0006577799010063501,0.0010072864078521798,1.0
2025-09-29 10:04:27+00:00,-0.00015019908253410819,0.001007433986385629,1.0
2025-09-29 10:04:28+00:00,0.00019853543777004212,0.0010078167673280628,1.0
2025-09-29 10:04:29+00:00,0.0006250656214867867,0.0009933100961528171,1.0
2025-09-29 10:04:30+00:00,0.0013122370711913245,0.000997479912929466,1.0
2025-09-29 10:04:31+00:00,-0.0003810823336556357,0.0009971023708537346,1.0
2025-09-29 10:04:32+00:00,0.0002802642088897134,0.0009975219828937116,1.0
2025-09-29 10:04:33+00:00,-2.9840966093819254e-05,0.0009904897367538031,1.0
2025-09-29 10:04:34+00:00,-0.00021838261007234294,0.0009563965156821217,1.0
2025-09-29 10:04:35+00:00,0.001049318702017965,0.0009171939313010951,0.0
2025-09-29 10:04:36+00:00,-0.00018123649193835245,0.0009176451557023896,0.0
2025-09-29 10:04:37+00:00,-0.000138008361677322,0.0008914052625163737,0.0
2025-09-29 10:04:38+00:00,-0.0016111495051900349,0.0009031590983110131,0.0
2025-09-29 10:04:39+00:00,0.0017201608259700407,0.0009127082842959821,0.0
2025-09-29 10:04:40+00:00,-0.0009578954974146514,0.0009122363500477965,0.0
2025-09-29 10:04:41+00:00,0.0008560112071205328,0.0009147107020587106,0.0
2025-09-29 10:04:42+00:00,0.0009415941554391516,0.0009214534026490041,0.0
2025-09-29 10:04:43+00:00,-0.001829151630344028,0.0009501767782484611,0.0
2025-09-29 10:04:44+00:00,0.0006254800163312257,0.0009514932001321691,1.0
2025-09-29 10:04:45+00:00,0.0010058496756679691,0.0009588757049248417,1.0
2025-09-29 10:04:46+00:00,0.0009212617454863459,0.0009646953413326957,1.0
2025-09-29 10:04:47+00:00,0.0005294338141592636,0.0009628645797318212,1.0
2025-09-29 10:04:48+00:00,-0.0002984284045574048,0.0008702518129453336,0.0
2025-09-29 10:04:49+00:00,-0.00022009953635648838,0.0008454264731162902,0.0
2025-09-29 10:04:50+00:00,-0.0004414095743630053,0.0008354622042284571,0.0
2025-09-29 10:04:51+00:00,-0.0005258342801494065,0.0008361176756231663,0.0
2025-09-29 10:04:52+00:00,-0.0005121490324185851,0.0008351528399374032,0.0
2025-09-29 10:04:53+00:00,0.002173039289905754,0.0008647751463523464,0.0
2025-09-29 10:04:54+00:00,0.00022522927777135493,0.0008643125525831472,0.0
2025-09-29 10:04:55+00:00,-0.0006673092778733958,0.0008648646941988317,0.0
2025-09-29 10:04:56+00:00,-2.935134956827401e-05,0.0008647082401821386,0.0
2025-09-29 10:04:57+00:00,1.2057253852892913e-05,0.0008630343716131792,0.0
2025-09-29 10:04:58+00:00,-0.0007855251396889917,0.0008598435882101348,0.0
2025-09-29 10:04:59+00:00,0.0012763117481466857,0.0008708073346480857,0.0
2025-09-29 10:05:00+00:00,0.0005503255227465864,0.0008676489634961959,0.0
2025-09-29 10:05:01+00:00,0.0024017116821264395,0.0009115607414852197,0.0
2025-09-29 10:05:02+00:00,-0.0007336748067658938,0.000917100908377848,0.0
2025-09-29 10:05:03+00:00,1.1386861947126903e-05,0.0009044217495623317,0.0
2025-09-29 10:05:04+00:00,-0.0009782310858439391,0.0009111425491724975,0.0
2025-09-29 10:05:05+00:00,-0.00015634170791478663,0.0009103160416932141,0.0
2025-09-29 10:05:06+00:00,0.00015959098046169906,0.0008976843578097404,0.0
2025-09-29 10:05:07+00:00,-0.00030181477900670384,0.0008713391195179171,0.0
2025-09-29 10:05:08+00:00,-0.00012341434866303125,0.0008661339862619952,0.0
2025-09-29 10:05:09+00:00,0.0012051627888329808,0.0008330413558613013,0.0
2025-09-29 10:05:10+00:00,-0.0007583651263953772,0.0008370820175633853,0.0
2025-09-29 10:05:11+00:00,-9.399368380214046e-05,0.0008372265730730117,0.0
2025-09-29 10:05:12+00:00,0.0011910567994972698,0.0008406655937100967,0.0
2025-09-29 10:05:13+00:00,0.0012501184340174554,0.0008501963122472665,0.0
2025-09-29 10:05:14+00:00,0.0010636457298425217,0.0008527851829288781,0.0
2025-09-29 10:05:15+00:00,-5.6872461948187514e-05,0.0008449082768308801,0.0
2025-09-29 10:05:16+00:00,0.00015342581174548897,0.0008402161270536536,0.0
2025-09-29 10:05:17+00:00,-0.0010738277132525953,0.0008549004986793824,0.0
2025-09-29 10:05:18+00:00,0.0022117202777560685,0.0008953028893469117,0.0
2025-09-29 10:05:19+00:00,-0.0006335275786872874,0.0009004080961308403,0.0
2025-09-29 10:05:20+00:00,0.0005920967672330413,0.0009016915093225652,0.0
2025-09-29 10:05:21+00:00,-0.00018637699685342124,0.0009002864972039664,0.0
2025-09-29 10:05:22+00:00,0.0008243898971029839,0.0009020983244110262,0.0
2025-09-29 10:05:23+00:00,-0.0012147915879837656,0.0009106667450139482,0.0
2025-09-29 10:05:24+00:00,-0.001511349928269956,0.0009247462890831245,0.0
2025-09-29 10:05:25+00:00,-0.0012241429938139037,0.0009411647358375457,0.0
2025-09-29 10:05:26+00:00,0.002174223336022685,0.0009724293971959902,1.0
2025-09-29 10:05:27+00:00,-0.00029167013193820424,0.0009733619368100957,1.0
2025-09-29 10:05:28+00:00,-0.0005361428385014522,0.0009774335923901476,1.0
2025-09-29 10:05:29+00:00,-0.0016929074321934134,0.0010035574360100223,1.0
2025-09-29 10:05:30+00:00,-0.0008545800839158124,0.0009983655474705706,1.0
2025-09-29 10:05:31+00:00,0.00025924402355870235,0.0009968912358062087,1.0
2025-09-29 10:05:32+00:00,-0.001017266828766572,0.001006499265854712,1.0
2025-09-29 10:05:33+00:00,0.0010317494729645826,0.0010142245096096138,1.0
2025-09-29 10:05:34+00:00,-0.001034323835138573,0.001023664918418656,1.0
2025-09-29 10:05:35+00:00,-0.00011386552013836759,0.0010156406498628935,1.0
2025-09-29 10:05:36+00:00,0.0007427432130098222,0.0010191814678634041,1.0
2025-09-29 10:05:37+00:00,-0.00011132114591572151,0.0010191001103703075,1.0
2025-09-29 10:05:38+00:00,0.00021948296175966497,0.0009953819832012039,1.0
2025-09-29 10:05:39+00:00,0.001050682605278519,0.0009804315306743622,1.0
2025-09-29 10:05:40+00:00,-0.0007510494805438306,0.0009770845040628444,1.0
2025-09-29 10:05:41+00:00,0.0005763257794326737,0.000973989934889781,1.0
2025-09-29 10:05:42+00:00,-0.0009455396324927756,0.0009760648363993837,1.0
2025-09-29 10:05:43+00:00,0.0004432137088008492,0.0009457040562130616,0.0
2025-09-29 10:05:44+00:00,-0.001396864918874141,0.0009619567001785648,1.0
2025-09-29 10:05:45+00:00,0.000638415224415434,0.0009569231044136633,1.0
2025-09-29 10:05:46+00:00,-0.00024705298788785246,0.0009506272250783014,0.0
2025-09-29 10:05:47+00:00,2.618562722611628e-05,0.0009483105332559701,0.0
2025-09-29 10:05:48+00:00,0.00036600764329497437,0.0009484591708110798,0.0
2025-09-29 10:05:49+00:00,-0.0002979556122926219,0.0009488558709257176,0.0
2025-09-29 10:05:50+00:00,-0.0007257456967226794,0.0009519324242736109,1.0
2025-09-29 10:05:51+00:00,0.000563584474287282,0.0009517194959138631,1.0
2025-09-29 10:05:52+00:00,0.00018202357685837,0.0009491225812142682,0.0
2025-09-29 10:05:53+00:00,-0.0005583203319314833,0.0009103019893427437,0.0
2025-09-29 10:05:54+00:00,-0.0013091056142819912,0.000925435283267383,0.0
2025-09-29 10:05:55+00:00,-7.239939548042695e-05,0.0009215677859175711,0.0
2025-09-29 10:05:56+00:00,-0.0010853889597707278,0.0009319562674981599,0.0
2025-09-29 10:05:57+00:00,-0.00020548621248961396,0.0009322198064781753,0.0
2025-09-29 10:05:58+00:00,-0.0006937141389854462,0.0009310364205163608,0.0
2025-09-29 10:05:59+00:00,0.0009670899405542777,0.0009245137204647963,0.0
2025-09-29 10:06:00+00:00,0.0006544653754203544,0.0009257291930317346,0.0
2025-09-29 10:06:01+00:00,-0.00037807738433282,0.0008696341510485388,0.0
2025-09-29 10:06:02+00:00,-0.0011182426873124207,0.0008759270760918708,0.0
2025-09-29 10:06:03+00:00,-0.000699444033519514,0.0008793805138204877,0.0
2025-09-29 10:06:04+00:00,0.002021765174628376,0.0009131448753933927,0.0
2025-09-29 10:06:05+00:00,-0.00026419002950250903,0.0009134670808629635,0.0
2025-09-29 10:06:06+00:00,0.00017293438903998037,0.0009135206391018781,0.0
2025-09-29 10:06:07+00:00,0.00024257740065358746,0.0009136802229389872,0.0
2025-09-29 10:06:08+00:00,-0.0004436471676224629,0.0009151046968347884,0.0
2025-09-29 10:06:09+00:00,-0.0014833100207480854,0.0009186060005560142,0.0
2025-09-29 10:06:10+00:00,0.0007709073387296428,0.0009209887694541038,0.0
2025-09-29 10:06:11+00:00,0.00062573124392995,0.0009252888866068726,0.0
2025-09-29 10:06:12+00:00,0.00043644458470359915,0.0009131337132001215,0.0
2025-09-29 10:06:13+00:00,0.00021286646233065198,0.0008974766141506299,0.0
2025-09-29 10:06:14+00:00,-7.695834295351478e-05,0.0008847580868773396,0.0
2025-09-29 10:06:15+00:00,0.00033035349950338855,0.000886506514846591,0.0
2025-09-29 10:06:16+00:00,0.0015855079529651928,0.000912239845114263,0.0
2025-09-29 10:06:17+00:00,-0.0003256541257792289,0.0009033854297402329,0.0
2025-09-29 10:06:18+00:00,0.00030280250543279763,0.0008543191245097557,0.0
2025-09-29 10:06:19+00:00,-0.001493140578576635,0.0008706163129802578,0.0
2025-09-29 10:06:20+00:00,0.0007170434005572268,0.0008724613227912643,0.0
2025-09-29 10:06:21+00:00,-0.0012998156697717755,0.0008859865597092612,0.0
2025-09-29 10:06:22+00:00,0.0009837560656222877,0.0008891059717877949,0.0
2025-09-29 10:06:23+00:00,-0.0005721385624986031,0.0008795078101234561,0.0
2025-09-29 10:06:24+00:00,-0.0005999732693948712,0.0008625829270420127,0.0
2025-09-29 10:06:25+00:00,0.0017919064792422112,0.0008832225351173163,0.0
2025-09-29 10:06:26+00:00,-0.0005466579571943297,0.0008360191716631579,0.0
2025-09-29 10:06:27+00:00,0.0006700579984180166,0.0008412660906189013,0.0
2025-09-29 10:06:28+00:00,-0.0008503025437073264,0.0008451677772328557,0.0
2025-09-29 10:06:29+00:00,-7.482509096068402e-05,0.0008181477247361128,0.0
2025-09-29 10:06:30+00:00,0.0002652157662708099,0.0008122572332384567,0.0
2025-09-29 10:06:31+00:00,-0.00027812104798019543,0.0008119501121598258,0.0
2025-09-29 10:06:32+00:00,-0.0010822215993423479,0.0008133155846340814,0.0
2025-09-29 10:06:33+00:00,0.0005663882341624404,0.0008050758901358051,0.0
2025-09-29 10:06:34+00:00,-0.0005155465524424585,0.0007970728615528203,0.0
2025-09-29 10:06:35+00:00,-9.55482612003955e-05,0.000797048179850465,0.0
2025-09-29 10:06:36+00:00,-0.0013643792774788999,0.0008082639883766658,0.0
2025-09-29 10:06:37+00:00,0.0003638593911823307,0.0008102406708230673,0.0
2025-09-29 10:06:38+00:00,0.00019461514444496508,0.0008100972680561917,0.0
2025-09-29 10:06:39+00:00,2.3798987562217988e-05,0.0007967832870825291,0.0
2025-09-29 10:06:40+00:00,0.00043388372095676253,0.0007947000438811696,0.0
2025-09-29 10:06:41+00:00,0.0003574008449207522,0.0007921987768447898,0.0
2025-09-29 10:06:42+00:00,0.00021233484444915796,0.0007845707894688632,0.0
2025-09-29 10:06:43+00:00,4.1227695914747287e-05,0.0007819952859659846,0.0
2025-09-29 10:06:44+00:00,0.0006924291265213434,0.0007677177851396957,0.0
2025-09-29 10:06:45+00:00,-0.00025913324390536285,0.0007633555612927099,0.0
2025-09-29 10:06:46+00:00,0.0006426624505839751,0.0007678414523378741,0.0
2025-09-29 10:06:47+00:00,-0.00016479926923085308,0.0007680319317473935,0.0
2025-09-29 10:06:48+00:00,-0.0006079905209684933,0.0007699032131278658,0.0
2025-09-29 10:06:49+00:00,0.00041555546365490414,0.0007713908237111636,0.0
2025-09-29 10:06:50+00:00,-0.0007954523599708052,0.0007725080379528996,0.0
2025-09-29 10:06:51+00:00,-0.0006957841702649459,0.0007731817177473662,0.0
2025-09-29 10:06:52+00:00,0.001708065496673683,0.000805443945345188,0.0
2025-09-29 10:06:53+00:00,-0.0001108745101252584,0.0008025050487405107,0.0
2025-09-29 10:06:54+00:00,-0.00047455260151807455,0.0007868507715683646,0.0
2025-09-29 10:06:55+00:00,0.0006859294320047393,0.0007918309639556052,0.0
2025-09-29 10:06:56+00:00,-8.668997408667334e-05,0.0007788643206912199,0.0
2025-09-29 10:06:57+00:00,-0.00016161799399483368,0.0007786659233557023,0.0
2025-09-29 10:06:58+00:00,-0.001307864192075625,0.0007921878277064601,0.0
2025-09-29 10:06:59+00:00,0.00022018901167308869,0.0007827757081328814,0.0
2025-09-29 10:07:00+00:00,0.0017765854471198939,0.0008115077753227231,0.0
2025-09-29 10:07:01+00:00,-0.0010729156671965834,0.0008221816385269728,0.0
2025-09-29 10:07:02+00:00,-0.001755005148804889,0.0008408764620186625,0.0
2025-09-29 10:07:03+00:00,0.0004029643343441691,0.0008374058894287934,0.0
2025-09-29 10:07:04+00:00,0.000936937281994954,0.0008044457548640918,0.0
2025-09-29 10:07:05+00:00,0.0004106135393231458,0.0008054241608642333,0.0
2025-09-29 10:07:06+00:00,-0.0004128786551129693,0.0008069644831610481,0.0
2025-09-29 10:07:07+00:00,-0.001002061995578729,0.0008165689502939602,0.0
2025-09-29 10:07:08+00:00,-0.0009716984123142591,0.0008240181792559505,0.0
2025-09-29 10:07:09+00:00,-0.0002688564229782475,0.0008023280549529861,0.0
2025-09-29 10:07:10+00:00,-0.00040054749098494824,0.0007972628870769802,0.0
2025-09-29 10:07:11+00:00,-0.0006898484921641357,0.0007970525615031536,0.0
2025-09-29 10:07:12+00:00,0.0013395067864951926,0.0008147346473903702,0.0
2025-09-29 10:07:13+00:00,-0.0008231825969412521,0.000820341485777966,0.0
2025-09-29 10:07:14+00:00,0.0012921360633701973,0.0008384970567717471,0.0
2025-09-29 10:07:15+00:00,-8.578627095312541e-05,0.0008371864038168753,0.0
2025-09-29 10:07:16+00:00,-0.0007290238774879665,0.0008141715497037367,0.0
2025-09-29 10:07:17+00:00,0.0014923198344256594,0.0008381766039260363,0.0
2025-09-29 10:07:18+00:00,0.0006432130509104184,0.0008417163973396458,0.0
2025-09-29 10:07:19+00:00,0.00045076923904852073,0.0008219955887715484,0.0
2025-09-29 10:07:20+00:00,-0.0011357128993990662,0.0008291018041648885,0.0
2025-09-29 10:07:21+00:00,-2.1822709179830646e-05,0.0008123822780380457,0.0
2025-09-29 10:07:22+00:00,4.526942597404826e-05,0.0008017592945693027,0.0
2025-09-29 10:07:23+00:00,0.002061888125784561,0.000842764030196027,0.0
2025-09-29 10:07:24+00:00,0.001585087527483653,0.0008628596936930911,0.0
2025-09-29 10:07:25+00:00,0.0005284958757794112,0.0008345321834703081,0.0
2025-09-29 10:07:26+00:00,-0.00048098778963223676,0.0008338098719829005,0.0
2025-09-29 10:07:27+00:00,-0.0004223769636120256,0.0008314774334408976,0.0
2025-09-29 10:07:28+00:00,-0.000244622339022893,0.0008245050861666241,0.0
2025-09-29 10:07:29+00:00,-0.0019199711738678849,0.0008616721518757089,0.0
2025-09-29 10:07:30+00:00,0.0007202192810464858,0.0008661332053155692,0.0
2025-09-29 10:07:31+00:00,-0.000300048467224201,0.0008662557782776731,0.0
2025-09-29 10:07:32+00:00,0.0009429830662701644,0.0008629644021597157,0.0
2025-09-29 10:07:33+00:00,0.0006764256245981315,0.0008642392774693709,0.0
2025-09-29 10:07:34+00:00,0.0020906715635071738,0.0009009674270008427,0.0
2025-09-29 10:07:35+00:00,-0.0008692791706401692,0.0009089579190598647,0.0
2025-09-29 10:07:36+00:00,0.00020469908408160542,0.0008895737809391519,0.0
2025-09-29 10:07:37+00:00,-0.0025993083309834297,0.0009539607162552479,1.0
2025-09-29 10:07:38+00:00,-0.0007129059567135831,0.0009586395005476497,1.0
2025-09-29 10:07:39+00:00,0.001407328968686894,0.0009751279490547512,1.0
2025-09-29 10:07:40+00:00,-0.0004891859234346096,0.0009762054570339252,1.0
2025-09-29 10:07:41+00:00,-0.0006336863443935359,0.0009789845742659458,1.0
2025-09-29 10:07:42+00:00,-0.0007719292590324667,0.0009838618538834545,1.0
2025-09-29 10:07:43+00:00,0.0002326560721692683,0.0009843116231787903,1.0
2025-09-29 10:07:44+00:00,0.0005376506869541053,0.000982673282891506,1.0
2025-09-29 10:07:45+00:00,0.00023238637335709633,0.000982529067854884,1.0
2025-09-29 10:07:46+00:00,-0.00020449291349877718,0.0009793320182168582,1.0
2025-09-29 10:07:47+00:00,0.0014877711862384402,0.0009978644854373889,1.0
2025-09-29 10:07:48+00:00,-0.000948523134927437,0.0010024613596351945,1.0
2025-09-29 10:07:49+00:00,0.0004218995829134986,0.0010025046067022798,1.0
2025-09-29 10:07:50+00:00,-0.0009650029751353539,0.0010050651900453814,1.0
2025-09-29 10:07:51+00:00,-0.00019971698399245952,0.0010011706377254324,1.0
2025-09-29 10:07:52+00:00,0.00046865590895839304,0.0009782974595675831,1.0
2025-09-29 10:07:53+00:00,-0.001312578764041672,0.0009928070385812656,1.0
2025-09-29 10:07:54+00:00,-0.0006669706964296251,0.0009946104851161846,1.0
2025-09-29 10:07:55+00:00,-0.00045746290138504175,0.000991749436083578,1.0
2025-09-29 10:07:56+00:00,-0.0008056979813424459,0.0009966314874312843,1.0
2025-09-29 10:07:57+00:00,0.0009151231269448612,0.0010043234815412339,1.0
2025-09-29 10:07:58+00:00,-0.00039006769792560014,0.000991530948114761,1.0
2025-09-29 10:07:59+00:00,0.0004435914704170596,0.000992869269861877,1.0
2025-09-29 10:08:00+00:00,0.00044899499153761013,0.0009666696704856592,1.0
2025-09-29 10:08:01+00:00,-3.144760263795732e-05,0.0009570939244038629,1.0
2025-09-29 10:08:02+00:00,-0.0003438304945829751,0.0009307546541959284,0.0
2025-09-29 10:08:03+00:00,0.00018972016609253295,0.0009296033227683387,0.0
2025-09-29 10:08:04+00:00,9.274492309696569e-07,0.0009214015207125647,0.0
2025-09-29 10:08:05+00:00,0.0011724392368983594,0.000932580029655591,0.0
2025-09-29 10:08:06+00:00,-0.0005001103444857158,0.0009332949613265991,0.0
2025-09-29 10:08:07+00:00,8.974253974169955e-05,0.0009241460074692132,0.0
2025-09-29 10:08:08+00:00,-0.001488729853894366,0.0009358117875889352,0.0
2025-09-29 10:08:09+00:00,-0.0005983359233536767,0.0009384000541517101,0.0
2025-09-29 10:08:10+00:00,-0.0012055020062995414,0.0009498781913604427,0.0
2025-09-29 10:08:11+00:00,-0.0005685394860153181,0.0009485465220012666,0.0
2025-09-29 10:08:12+00:00,0.0004377379742062093,0.0009337757987766199,0.0
2025-09-29 10:08:13+00:00,0.0006834893569567235,0.0009322987110479677,0.0
2025-09-29 10:08:14+00:00,0.0008328602204958901,0.0009233243656822303,0.0
2025-09-29 10:08:15+00:00,-0.00023570871612221822,0.0009237330157178084,0.0
2025-09-29 10:08:16+00:00,-4.394388693162998e-05,0.0009189601319269797,0.0
2025-09-29 10:08:17+00:00,0.0015131699029087287,0.0009195385630052692,0.0
2025-09-29 10:08:18+00:00,0.0005293234675736169,0.0009183014299628783,0.0
2025-09-29 10:08:19+00:00,-0.0008111731050435278,0.0009221615429580622,0.0
2025-09-29 10:08:20+00:00,0.0006076634118639124,0.0009139892548292569,0.0
2025-09-29 10:08:21+00:00,0.0009492768202123969,0.0009220791074303591,0.0
2025-09-29 10:08:22+00:00,0.0001493233275289274,0.0009222241313931887,0.0
2025-09-29 10:08:23+00:00,0.0008574240757814877,0.0008896081796370339,0.0
2025-09-29 10:08:24+00:00,-0.0005692141860501598,0.0008678499603317315,0.0
2025-09-29 10:08:25+00:00,0.001308765592437311,0.0008821445988198695,0.0
2025-09-29 10:08:26+00:00,0.0021268070077558043,0.0009224032218470318,0.0
2025-09-29 10:08:27+00:00,0.0006420810722969073,0.0009239306977772912,0.0
2025-09-29 10:08:28+00:00,0.00015641342626038224,0.0009232829937930449,0.0
2025-09-29 10:08:29+00:00,-0.0017243638324949684,0.0009165397099887999,0.0
2025-09-29 10:08:30+00:00,-0.0010371911687869773,0.000922834229653891,0.0
2025-09-29 10:08:31+00:00,0.0006701240548887544,0.0009256050555200636,0.0
2025-09-29 10:08:32+00:00,-0.00025903768102442104,0.0009186543323191131,0.0
2025-09-29 10:08:33+00:00,0.001077377633451837,0.0009249664851986882,0.0
2025-09-29 10:08:34+00:00,0.0010264802284341012,0.0008943632683961285,0.0
2025-09-29 10:08:35+00:00,-0.001263288388980044,0.0009023122995478176,0.0
2025-09-29 10:08:36+00:00,-0.002047594455470203,0.0009397157117823845,0.0
2025-09-29 10:08:37+00:00,-0.00035467001491007455,0.000878712511149259,0.0
2025-09-29 10:08:38+00:00,0.0005466359937722487,0.000876444426440088,0.0
2025-09-29 10:08:39+00:00,-0.0004019665221497437,0.0008588730477530554,0.0
2025-09-29 10:08:40+00:00,0.0009248960167607123,0.000864869390360338,0.0
2025-09-29 10:08:41+00:00,-0.0011418654938876172,0.0008737623567527702,0.0
2025-09-29 10:08:42+00:00,0.00039135642206011845,0.0008691123336906959,0.0
2025-09-29 10:08:43+00:00,-0.001202426452962313,0.0008829356374942587,0.0
2025-09-29 10:08:44+00:00,-0.0004705196727992078,0.0008821426514092454,0.0
2025-09-29 10:08:45+00:00,-0.0004106699478472198,0.0008829823112252295,0.0
2025-09-29 10:08:46+00:00,-0.00024019631450444834,0.0008831163106113305,0.0
2025-09-29 10:08:47+00:00,0.0014272368921093292,0.0008813892166517132,0.0
2025-09-29 10:08:48+00:00,2.3121978080631322e-05,0.0008730785816536215,0.0
2025-09-29 10:08:49+00:00,0.0014213449679318924,0.0008908490145368529,0.0
2025-09-29 10:08:50+00:00,0.00024397719727486944,0.0008821735798240889,0.0
2025-09-29 10:08:51+00:00,-0.0006292180157047023,0.0008857622951447618,0.0
2025-09-29 10:08:52+00:00,-9.511866016598258e-05,0.0008838860489373476,0.0
2025-09-29 10:08:53+00:00,-0.001095934468481885,0.0008788265941161858,0.0
2025-09-29 10:08:54+00:00,-0.0006918398870739972,0.0008791580240853846,0.0
2025-09-29 10:08:55+00:00,0.00045575181384460706,0.0008788059268352369,0.0
2025-09-29 10:08:56+00:00,0.00043743382377958717,0.0008734853996525109,0.0
2025-09-29 10:08:57+00:00,-0.0011434490631878624,0.000879237527094815,0.0
2025-09-29 10:08:58+00:00,0.0002729182116085749,0.0008782495732303001,0.0
2025-09-29 10:08:59+00:00,0.002321806685979144,0.0009256449537165114,0.0
2025-09-29 10:09:00+00:00,0.0013814156106386477,0.0009400775041640993,0.0
2025-09-29 10:09:01+00:00,-0.0011954515176404445,0.0009541341073086128,1.0
2025-09-29 10:09:02+00:00,-0.0018332217556795705,0.0009835194039669298,1.0
2025-09-29 10:09:03+00:00,9.769771809353678e-05,0.0009833328180760997,1.0
2025-09-29 10:09:04+00:00,0.0013572077103543023,0.000998239128304882,1.0
2025-09-29 10:09:05+00:00,0.0003017425701863363,0.000987889489729229,1.0
2025-09-29 10:09:06+00:00,0.00046588278074621847,0.0009869185950564573,1.0
2025-09-29 10:09:07+00:00,-0.0012059252961049705,0.0010001097812840259,1.0
2025-09-29 10:09:08+00:00,-0.0018482598032841802,0.001010375042107114,1.0
2025-09-29 10:09:09+00:00,0.0008794562752170165,0.0010130078749444793,1.0
2025-09-29 10:09:10+00:00,0.0006110253868076843,0.0010020401252214784,1.0
2025-09-29 10:09:11+00:00,0.000537801128958515,0.0010001408659846777,1.0
2025-09-29 10:09:12+00:00,-0.0010473238698076592,0.0010098500695388361,1.0
2025-09-29 10:09:13+00:00,0.0007159367866163002,0.001010192531296406,1.0
2025-09-29 10:09:14+00:00,-0.000596357316710705,0.0010087737275975535,1.0
2025-09-29 10:09:15+00:00,-0.0008606498743038982,0.001014951832827178,1.0
2025-09-29 10:09:16+00:00,0.0006246223503816317,0.0010177165525247528,1.0
2025-09-29 10:09:17+00:00,0.0004634589563690117,0.0010009865502191002,1.0
2025-09-29 10:09:18+00:00,0.0015062798209031225,0.0010170559574657662,1.0
2025-09-29 10:09:19+00:00,0.0011755766593131156,0.0010209855332764018,1.0
2025-09-29 10:09:20+00:00,-8.563488759361082e-05,0.0010188316113600702,1.0
2025-09-29 10:09:21+00:00,-0.0006921338229116669,0.0010168099741350708,1.0
2025-09-29 10:09:22+00:00,-9.897388717516886e-05,0.0010168666214560066,1.0
2025-09-29 10:09:23+00:00,-0.0009629442366073659,0.0010191210471247407,1.0
2025-09-29 10:09:24+00:00,0.002029141779382071,0.0010490125034379643,1.0
2025-09-29 10:09:25+00:00,-0.000522687305772207,0.0010383485969974778,1.0
2025-09-29 10:09:26+00:00,0.0008827025506583652,0.0010075126308342858,1.0
2025-09-29 10:09:27+00:00,-0.0016589974319581868,0.001026221235656838,1.0
2025-09-29 10:09:28+00:00,0.0009570290695759542,0.001033992092888524,1.0
2025-09-29 10:09:29+00:00,-0.0002985726250196441,0.0010104258394873031,1.0
2025-09-29 10:09:30+00:00,-0.0006277207070846114,0.0010046871788262806,1.0
2025-09-29 10:09:31+00:00,0.00019133548408567513,0.0010012027719056857,1.0
2025-09-29 10:09:32+00:00,-0.00104919444507523,0.0010097755406980363,1.0
2025-09-29 10:09:33+00:00,-0.000893510292455324,0.001005617668395054,1.0
2025-09-29 10:09:34+00:00,0.000575620802986121,0.0009991015039462878,1.0
2025-09-29 10:09:35+00:00,-0.0006366553584075119,0.0009895118667015547,1.0
2025-09-29 10:09:36+00:00,-0.000548345167392994,0.0009565152161976759,1.0
2025-09-29 10:09:37+00:00,-0.0007965090953651055,0.0009608109319434438,1.0
2025-09-29 10:09:38+00:00,0.0011294051690433626,0.0009696374581594354,1.0
2025-09-29 10:09:39+00:00,-0.00017234052034420522,0.0009685554644845096,1.0
2025-09-29 10:09:40+00:00,-0.001248967041632243,0.0009734161935534026,1.0
2025-09-29 10:09:41+00:00,-0.0005465002244402495,0.0009651177860741292,1.0
2025-09-29 10:09:42+00:00,-0.0006859195875587032,0.0009669355295794007,1.0
2025-09-29 10:09:43+00:00,-1.966489451421527e-05,0.0009552377875362655,1.0
2025-09-29 10:09:44+00:00,-0.0012967162498010998,0.0009674207142980643,1.0
2025-09-29 10:09:45+00:00,-0.0003099306194758178,0.0009668787321982519,1.0
2025-09-29 10:09:46+00:00,7.925028021271707e-05,0.0009667069731684535,1.0
2025-09-29 10:09:47+00:00,0.0011890046159015455,0.0009610211697428184,1.0
2025-09-29 10:09:48+00:00,0.00025816575145465315,0.0009618076282812776,1.0
2025-09-29 10:09:49+00:00,-8.424200663348369e-05,0.0009422866624141997,0.0
2025-09-29 10:09:50+00:00,0.0006511964715316676,0.0009460621972010957,0.0
2025-09-29 10:09:51+00:00,0.0004701123688510833,0.0009456049024844346,0.0
2025-09-29 10:09:52+00:00,-0.0014617455214457342,0.0009630770152226457,1.0
2025-09-29 10:09:53+00:00,0.00196189902051791,0.0009884372598827095,1.0
2025-09-29 10:09:54+00:00,0.0011809970909104628,0.0009963686171557595,1.0
2025-09-29 10:09:55+00:00,0.00176953127850199,0.0010204263371646632,1.0
2025-09-29 10:09:56+00:00,-0.0019292177233417585,0.0010498878056649317,1.0
2025-09-29 10:09:57+00:00,0.0002584063629509359,0.001039679516739,1.0
2025-09-29 10:09:58+00:00,8.507277203007035e-05,0.001039181703861262,1.0
2025-09-29 10:09:59+00:00,-7.176422491073087e-05,0.000994086425245747,1.0
2025-09-29 10:10:00+00:00,-0.0003739587119379051,0.000977689472704443,1.0
2025-09-29 10:10:01+00:00,-0.00024846462028071947,0.0009665344443971824,1.0
2025-09-29 10:10:02+00:00,-0.0009506222341978399,0.0009452380654054953,0.0
2025-09-29 10:10:03+00:00,-0.0002057459043076637,0.0009453890280845557,0.0
2025-09-29 10:10:04+00:00,-0.0022729806521053497,0.0009709990979301614,1.0
2025-09-29 10:10:05+00:00,-0.0003436536415896141,0.0009701681106510519,1.0
2025-09-29 10:10:06+00:00,0.0011255662466587157,0.0009803749373563724,1.0
2025-09-29 10:10:07+00:00,-2.381306413001827e-05,0.0009693661246620248,1.0
2025-09-29 10:10:08+00:00,0.0001470026640069122,0.0009411188996368581,0.0
2025-09-29 10:10:09+00:00,-0.0005014196620166667,0.0009352153870205122,0.0
2025-09-29 10:10:10+00:00,0.0004755253512767066,0.0009337321120875828,0.0
2025-09-29 10:10:11+00:00,2.7787172960369588e-05,0.000930500811676668,0.0
2025-09-29 10:10:12+00:00,0.00040856924824583807,0.0009235367337951831,0.0
2025-09-29 10:10:13+00:00,0.000954510273535103,0.0009273767475002447,0.0
2025-09-29 10:10:14+00:00,-5.902526007972586e-05,0.000924519261273621,0.0
2025-09-29 10:10:15+00:00,0.0002874624305473361,0.0009189569312702212,0.0
2025-09-29 10:10:16+00:00,-0.00099609541347645,0.0009236879203466081,0.0
2025-09-29 10:10:17+00:00,0.001087225879044862,0.0009329209979310118,0.0
2025-09-29 10:10:18+00:00,0.00015025752086228472,0.0009112422054005849,0.0
2025-09-29 10:10:19+00:00,0.00038356535841965744,0.0008987983919458576,0.0
2025-09-29 10:10:20+00:00,0.000996336903113848,0.0009091910828691451,0.0
2025-09-29 10:10:21+00:00,-0.0011932931972327143,0.0009174738728633542,0.0
2025-09-29 10:10:22+00:00,-0.0007413611109873264,0.0009217187387620132,0.0
2025-09-29 10:10:23+00:00,0.0009722620462362386,0.0009236927227124024,0.0
2025-09-29 10:10:24+00:00,0.0007035083647399798,0.0008886801090393395,0.0
2025-09-29 10:10:25+00:00,-0.00019579565606453464,0.0008867757347630262,0.0
2025-09-29 10:10:26+00:00,-0.0010205301704228065,0.0008868362262763084,0.0
2025-09-29 10:10:27+00:00,0.0024102331791910903,0.0009192812395862622,0.0
2025-09-29 10:10:28+00:00,0.0007740167041303536,0.0009162991527485663,0.0
2025-09-29 10:10:29+00:00,-0.0012000174290235366,0.0009282837314595968,0.0
2025-09-29 10:10:30+00:00,0.0012350897503450309,0.0009391558998478545,0.0
2025-09-29 10:10:31+00:00,0.00025254705437882663,0.0009394030427934486,0.0
2025-09-29 10:10:32+00:00,-0.0013932282665048978,0.000946927385052395,0.0
2025-09-29 10:10:33+00:00,9.185439269998597e-05,0.0009398103736269491,0.0
2025-09-29 10:10:34+00:00,0.0006524899468953738,0.0009406473640905328,0.0
2025-09-29 10:10:35+00:00,9.621028530526488e-06,0.0009368016028675186,0.0
2025-09-29 10:10:36+00:00,0.0006449166919770821,0.0009371663565878841,0.0
2025-09-29 10:10:37+00:00,-0.000963485516579099,0.0009399403296393857,0.0
2025-09-29 10:10:38+00:00,0.0006838256015482269,0.0009329094868329708,0.0
2025-09-29 10:10:39+00:00,-0.00027548961489376467,0.0009333856983488045,0.0
2025-09-29 10:10:40+00:00,0.0012407015308686375,0.0009309283779912476,0.0
2025-09-29 10:10:41+00:00,-0.0009623115089326673,0.0009371294977064919,0.0
2025-09-29 10:10:42+00:00,0.0013909844353980905,0.0009472640649614307,0.0
2025-09-29 10:10:43+00:00,-0.00045952853320130327,0.0009498931584183085,0.0
2025-09-29 10:10:44+00:00,-0.0017387693608589272,0.0009624719965719054,1.0
2025-09-29 10:10:45+00:00,-0.0005803991384185636,0.0009649778333715884,1.0
2025-09-29 10:10:46+00:00,-0.0012288961704370882,0.0009796471624488455,1.0
2025-09-29 10:10:47+00:00,-0.0003127409094940692,0.0009693804882952674,1.0
2025-09-29 10:10:48+00:00,-0.0001246362535898271,0.0009691300622365482,1.0
2025-09-29 10:10:49+00:00,0.0020296209192254278,0.001002883536246781,1.0
2025-09-29 10:10:50+00:00,0.00021168421650097358,0.0010001038039470671,1.0
2025-09-29 10:10:51+00:00,0.0011284169926963905,0.0010083226303377155,1.0
2025-09-29 10:10:52+00:00,0.001042278434036925,0.0009958010784841985,1.0
2025-09-29 10:10:53+00:00,0.0007630071408331052,0.0009696300902041268,1.0
2025-09-29 10:10:54+00:00,-0.00018379351238939634,0.0009594813284991494,1.0
2025-09-29 10:10:55+00:00,-0.0010329344236279514,0.0009431237080503845,0.0
2025-09-29 10:10:56+00:00,0.0005751264514750609,0.0009103637684314149,0.0
2025-09-29 10:10:57+00:00,-0.0009708199282665309,0.0009195867302622194,0.0
2025-09-29 10:10:58+00:00,0.0002266429569885986,0.0009198895872230043,0.0
2025-09-29 10:10:59+00:00,-0.0002323003600285256,0.0009204562830940625,0.0
2025-09-29 10:11:00+00:00,0.0004617995918647644,0.0009204359739622073,0.0
2025-09-29 10:11:01+00:00,0.0011754644377650614,0.0009308503302824659,0.0
2025-09-29 10:11:02+00:00,-0.001545017596576992,0.0009450158217624282,0.0
2025-09-29 10:11:03+00:00,0.00039515933993450325,0.0009452708766776426,0.0
2025-09-29 10:11:04+00:00,0.001144871007301207,0.0009033689714615189,0.0
2025-09-29 10:11:05+00:00,0.0014633163695638718,0.0009172226287285848,0.0
2025-09-29 10:11:06+00:00,-0.0004268807079262915,0.0009114915271195244,0.0
2025-09-29 10:11:07+00:00,-0.0001326357752898799,0.0009119256162277541,0.0
2025-09-29 10:11:08+00:00,0.0007238729082530426,0.0009150851317211176,0.0
2025-09-29 10:11:09+00:00,-0.00044905747756229797,0.0009144829215887702,0.0
2025-09-29 10:11:10+00:00,0.00024569421053244334,0.0009135598002925021,0.0
2025-09-29 10:11:11+00:00,-0.001220121232686333,0.0009302588509904079,0.0
2025-09-29 10:11:12+00:00,-0.00023487198435379053,0.0009305997691158791,0.0
2025-09-29 10:11:13+00:00,-0.0022112413062324032,0.0009708156002587418,1.0
2025-09-29 10:11:14+00:00,-0.00033147123567356385,0.0009720077502259831,1.0
2025-09-29 10:11:15+00:00,0.00021800587143472328,0.0009717654401599074,1.0
2025-09-29 10:11:16+00:00,0.001584042334382696,0.0009816319868223714,1.0
2025-09-29 10:11:17+00:00,0.0002286409115339616,0.0009731456646325067,1.0
2025-09-29 10:11:18+00:00,-0.00017478818482441483,0.0009736570856285946,1.0
2025-09-29 10:11:19+00:00,0.0015259289031770429,0.000990803719390135,1.0
2025-09-29 10:11:20+00:00,0.002001848067778811,0.0010145366641743179,1.0
2025-09-29 10:11:21+00:00,0.001797884186878207,0.0010228074536091114,1.0
2025-09-29 10:11:22+00:00,0.00017586424970739145,0.0010159227712144819,1.0
2025-09-29 10:11:23+00:00,-0.0008818778458065113,0.0010194949163683826,1.0
2025-09-29 10:11:24+00:00,0.00065318669930714,0.0010190486222593775,1.0
2025-09-29 10:11:25+00:00,0.0005478084528249827,0.001019360571608478,1.0
2025-09-29 10:11:26+00:00,-0.0002646850290078939,0.0010091817212603122,1.0
2025-09-29 10:11:27+00:00,0.0005500245632426015,0.0009668657517746884,1.0
2025-09-29 10:11:28+00:00,0.0006141400573489442,0.0009653038696894911,1.0
2025-09-29 10:11:29+00:00,-0.0001244667283097911,0.0009499393778085055,0.0
2025-09-29 10:11:30+00:00,-0.0018109004928222872,0.0009723039625143749,1.0
2025-09-29 10:11:31+00:00,0.0005009516677718651,0.0009734793884511366,1.0
2025-09-29 10:11:32+00:00,0.0004906767603398698,0.0009544602026907634,1.0
2025-09-29 10:11:33+00:00,-0.0012295386095956262,0.0009706645405305445,1.0
2025-09-29 10:11:34+00:00,2.6652159988094226e-05,0.000968167496799105,1.0
2025-09-29 10:11:35+00:00,0.001411407343714588,0.0009826044485196149,1.0
2025-09-29 10:11:36+00:00,-0.00018416685147504275,0.0009810620028916197,1.0
2025-09-29 10:11:37+00:00,-0.0020917697748339403,0.0010124105292658224,1.0
2025-09-29 10:11:38+00:00,0.0005973332214785909,0.0010116219154913616,1.0
2025-09-29 10:11:39+00:00,0.001058911172987731,0.0010179769113918009,1.0
2025-09-29 10:11:40+00:00,-6.849019772825482e-05,0.0010074744486676555,1.0
2025-09-29 10:11:41+00:00,0.0006327593909907225,0.0010000964572580828,1.0
2025-09-29 10:11:42+00:00,-0.0005194611115602044,0.0009893794994015922,1.0
2025-09-29 10:11:43+00:00,-0.001590684128993991,0.001010589811044668,1.0
2025-09-29 10:11:44+00:00,0.0017117202209870896,0.0010039686952599321,1.0
2025-09-29 10:11:45+00:00,-1.8746730666818756e-05,0.0009998496362545299,1.0
2025-09-29 10:11:46+00:00,9.570533086211697e-05,0.0009836350143758413,1.0
2025-09-29 10:11:47+00:00,-0.0003646436513420337,0.0009840811597557038,1.0
2025-09-29 10:11:48+00:00,-0.0006147936574357749,0.0009885073071283714,1.0
2025-09-29 10:11:49+00:00,-0.0009076367773480642,0.000966413108751577,1.0
2025-09-29 10:11:50+00:00,0.0002687402289238694,0.0009665502090602339,1.0
2025-09-29 10:11:51+00:00,0.00010544903886522405,0.000957144330755206,1.0
2025-09-29 10:11:52+00:00,0.0002705827672622174,0.0009492371856679901,0.0
2025-09-29 10:11:53+00:00,0.00037878803944479955,0.0009457983861944799,0.0
2025-09-29 10:11:54+00:00,-0.000444158293916308,0.0009475658401165708,0.0
2025-09-29 10:11:55+00:00,0.00010604857929985556,0.0009365832960971908,0.0
2025-09-29 10:11:56+00:00,-0.0009127915183344548,0.0009429815432213815,0.0
2025-09-29 10:11:57+00:00,5.076092298050838e-05,0.0009332780139928697,0.0
2025-09-29 10:11:58+00:00,0.00023775887159938058,0.0009333098861593889,0.0
2025-09-29 10:11:59+00:00,-0.0004133503221874779,0.0009346100958544872,0.0
2025-09-29 10:12:00+00:00,-0.0005890952872308342,0.0009370137017045926,0.0
2025-09-29 10:12:01+00:00,0.0004659582771768811,0.0009270433172843234,0.0
2025-09-29 10:12:02+00:00,0.0015311511503925956,0.0009228369963136389,0.0
2025-09-29 10:12:03+00:00,-0.0009376099894046197,0.0009314483849017355,0.0
2025-09-29 10:12:04+00:00,-0.0007524243858662016,0.0009265702841285708,0.0
2025-09-29 10:12:05+00:00,0.0020114551611161158,0.0009433961111752824,0.0
2025-09-29 10:12:06+00:00,0.0009341045340904852,0.0009481192711924282,0.0
2025-09-29 10:12:07+00:00,-0.0009573871414432222,0.0009570625955466437,1.0
2025-09-29 10:12:08+00:00,-0.0012759630486685047,0.0009682223510951074,1.0
2025-09-29 10:12:09+00:00,-0.0006419968084685479,0.0009701393695428888,1.0
2025-09-29 10:12:10+00:00,-0.00040411513859406334,0.000971215119336187,1.0
2025-09-29 10:12:11+00:00,0.002202937329016663,0.0009978918188632182,1.0
2025-09-29 10:12:12+00:00,-5.920312390683691e-05,0.0009972479120661077,1.0
2025-09-29 10:12:13+00:00,0.00126716881782718,0.0009628881647961479,1.0
2025-09-29 10:12:14+00:00,-0.0004139181913075385,0.0009636137329436651,1.0
2025-09-29 10:12:15+00:00,-0.0011089480249178996,0.0009766237391066054,1.0
2025-09-29 10:12:16+00:00,0.00046257416249217975,0.0009583918377651446,1.0
2025-09-29 10:12:17+00:00,0.00088771344009686,0.0009638165436585382,1.0
2025-09-29 10:12:18+00:00,-0.0004804486179194045,0.0009660822644138034,1.0
2025-09-29 10:12:19+00:00,-0.0008855735970557665,0.0009555139837420656,1.0
2025-09-29 10:12:20+00:00,-0.0007874461611255823,0.0009264345023569804,0.0
2025-09-29 10:12:21+00:00,0.0008430985279872516,0.0009030238286915917,0.0
2025-09-29 10:12:22+00:00,-0.0017605318080784471,0.0009304281570970977,0.0
2025-09-29 10:12:23+00:00,1.668100630203284e-05,0.0009239058887255342,0.0
2025-09-29 10:12:24+00:00,1.6498523853103464e-05,0.0009195952936260069,0.0
2025-09-29 10:12:25+00:00,0.00016277043895240872,0.000916772484980572,0.0
2025-09-29 10:12:26+00:00,0.0013266029335674556,0.000933182090289251,0.0
2025-09-29 10:12:27+00:00,-0.0001485461541643751,0.0009303214813772395,0.0
2025-09-29 10:12:28+00:00,-0.00038666720251934183,0.0009275409117428952,0.0
2025-09-29 10:12:29+00:00,0.0008790365621087481,0.0009351344051248049,0.0
2025-09-29 10:12:30+00:00,0.0005602596861531417,0.0009083222603853047,0.0
2025-09-29 10:12:31+00:00,-0.00013280532342063722,0.0009061912890752818,0.0
2025-09-29 10:12:32+00:00,0.0009003497572990238,0.0009114881029110112,0.0
2025-09-29 10:12:33+00:00,0.0017474482844319628,0.0009240513108146305,0.0
2025-09-29 10:12:34+00:00,-0.000436213953232234,0.0009262236772893162,0.0
2025-09-29 10:12:35+00:00,0.0013156520436117258,0.0009239134548139581,0.0
2025-09-29 10:12:36+00:00,0.00017114985032651298,0.0009235522068902355,0.0
2025-09-29 10:12:37+00:00,-0.00019579975332495447,0.0008803912624583009,0.0
2025-09-29 10:12:38+00:00,-0.0008041695007717786,0.0008851058239702413,0.0
2025-09-29 10:12:39+00:00,0.00039474476527745495,0.000876514118898889,0.0
2025-09-29 10:12:40+00:00,-9.859445346882545e-05,0.0008765911456856608,0.0
2025-09-29 10:12:41+00:00,0.00020219807954635627,0.0008734842796694671,0.0
2025-09-29 10:12:42+00:00,-0.0009414094746802437,0.0008797520602022979,0.0
2025-09-29 10:12:43+00:00,-0.00035820830373967105,0.000855213040545003,0.0
2025-09-29 10:12:44+00:00,-8.666382044453247e-05,0.000827216386870534,0.0
2025-09-29 10:12:45+00:00,-0.000866663786557087,0.0008351790120314018,0.0
2025-09-29 10:12:46+00:00,-6.195371440176345e-05,0.0008351552408208041,0.0
2025-09-29 10:12:47+00:00,0.0008176737444374194,0.0008401439478053089,0.0
2025-09-29 10:12:48+00:00,-0.0017943798610439154,0.0008687511098112195,0.0
2025-09-29 10:12:49+00:00,0.00011702528398505052,0.0008604749677931788,0.0
2025-09-29 10:12:50+00:00,-6.08943088278302e-05,0.0008599461866320933,0.0
2025-09-29 10:12:51+00:00,0.0014419602254838182,0.0008792955013760336,0.0
2025-09-29 10:12:52+00:00,0.0008974077383205881,0.0008857568971582226,0.0
2025-09-29 10:12:53+00:00,0.001845404138234974,0.0009146786988909115,0.0
2025-09-29 10:12:54+00:00,-0.001067034784722809,0.0009241784579536852,0.0
2025-09-29 10:12:55+00:00,-0.00014301783194725637,0.0009245573046108137,0.0
2025-09-29 10:12:56+00:00,-0.0005386787664435344,0.0009191146659475887,0.0
2025-09-29 10:12:57+00:00,0.0009239515487344807,0.0009257162267002117,0.0
2025-09-29 10:12:58+00:00,0.0014477267561905371,0.0009421735175894611,0.0
2025-09-29 10:12:59+00:00,-6.846125273785031e-05,0.0009400173350383501,0.0
2025-09-29 10:13:00+00:00,0.001111763657989373,0.0009442418900499883,0.0
2025-09-29 10:13:01+00:00,8.576324716536021e-05,0.0009432751584157971,0.0
2025-09-29 10:13:02+00:00,0.0003066750496005799,0.000925550957838526,0.0
2025-09-29 10:13:03+00:00,-0.0001678749045741501,0.0009160601297122947,0.0
2025-09-29 10:13:04+00:00,-9.792800649821576e-05,0.0009093246852144895,0.0
2025-09-29 10:13:05+00:00,-0.0004235699882642052,0.0008779287077610122,0.0
2025-09-29 10:13:06+00:00,-0.0008120787646056504,0.0008785450802505355,0.0
2025-09-29 10:13:07+00:00,-0.0017488180755738103,0.0008998349551651349,0.0
2025-09-29 10:13:08+00:00,-0.00010542591548567959,0.0008830989609968863,0.0
2025-09-29 10:13:09+00:00,0.0013450653996889272,0.0008931068988912214,0.0
2025-09-29 10:13:10+00:00,0.0005863051877745828,0.0008927055883259681,0.0
2025-09-29 10:13:11+00:00,0.001610160900808788,0.0008723180837334655,0.0
2025-09-29 10:13:12+00:00,0.00024336882506581503,0.0008721931252290928,0.0
2025-09-29 10:13:13+00:00,-0.0007729825887545783,0.0008662962299368876,0.0
2025-09-29 10:13:14+00:00,0.00018847197162097373,0.0008639405982973259,0.0
2025-09-29 10:13:15+00:00,0.0002157556894990531,0.0008495390343064773,0.0
2025-09-29 10:13:16+00:00,-0.0005202822950358676,0.000852175041471129,0.0
2025-09-29 10:13:17+00:00,-9.181154430060179e-05,0.0008461430715257434,0.0
2025-09-29 10:13:18+00:00,-0.0007574307799896873,0.0008500063685913236,0.0
2025-09-29 10:13:19+00:00,-0.00042106157405674693,0.0008431818703131655,0.0
2025-09-29 10:13:20+00:00,-0.0022176250806624775,0.000887306695465569,0.0
2025-09-29 10:13:21+00:00,0.0002543195808750731,0.0008817439527279591,0.0
2025-09-29 10:13:22+00:00,-0.0005907723714022595,0.0008534962030624442,0.0
2025-09-29 10:13:23+00:00,-0.0004991771085598451,0.0008566373151801961,0.0
2025-09-29 10:13:24+00:00,-0.00030536400818725884,0.0008579315947888461,0.0
2025-09-29 10:13:25+00:00,-0.0006852339847354116,0.00086311677915148,0.0
2025-09-29 10:13:26+00:00,0.0014586459629233328,0.0008666085890954632,0.0
2025-09-29 10:13:27+00:00,0.0004917223289511163,0.0008681338231905691,0.0
2025-09-29 10:13:28+00:00,7.336836882587683e-05,0.0008661961398967823,0.0
2025-09-29 10:13:29+00:00,0.0004916541969495203,0.0008614388002805109,0.0
2025-09-29 10:13:30+00:00,0.0001218619581242475,0.0008589468046683683,0.0
2025-09-29 10:13:31+00:00,0.0003865444819051156,0.0008597009514128213,0.0
2025-09-29 10:13:32+00:00,-0.00210362523406582,0.0008964731562984787,0.0
2025-09-29 10:13:33+00:00,9.402257623092325e-05,0.0008670104269873777,0.0
2025-09-29 10:13:34+00:00,-6.823490601870486e-05,0.000865316522417602,0.0
2025-09-29 10:13:35+00:00,-0.0006140204261840809,0.0008508012985164506,0.0
2025-09-29 10:13:36+00:00,0.001212376679899263,0.000865793983936271,0.0
2025-09-29 10:13:37+00:00,0.00010200842184682202,0.0008656735530776831,0.0
2025-09-29 10:13:38+00:00,0.00042570187806934,0.000861431745927723,0.0
2025-09-29 10:13:39+00:00,0.00022950496907858664,0.0008604012763783139,0.0
2025-09-29 10:13:40+00:00,-0.0014863257565786991,0.000881329742661879,0.0
2025-09-29 10:13:41+00:00,0.00015265683682463838,0.000881132518064891,0.0
2025-09-29 10:13:42+00:00,0.0005165156961854933,0.0008756573554823341,0.0
2025-09-29 10:13:43+00:00,0.0009532219984416113,0.0008830446139082392,0.0
2025-09-29 10:13:44+00:00,-3.4139525069143417e-06,0.0008829456673025686,0.0
2025-09-29 10:13:45+00:00,-0.0009132618828989747,0.0008837567429125062,0.0
2025-09-29 10:13:46+00:00,-0.00043303896297097744,0.0008856137302183054,0.0
2025-09-29 10:13:47+00:00,1.0371738052628032e-05,0.0008792541120293,0.0
2025-09-29 10:13:48+00:00,0.0008673784258337314,0.0008541203525738913,0.0
2025-09-29 10:13:49+00:00,0.0014192685360481239,0.0008724211144491937,0.0
2025-09-29 10:13:50+00:00,-0.0009109099580929536,0.0008813268895641714,0.0
2025-09-29 10:13:51+00:00,0.0012405253551006634,0.0008763002887326437,0.0
2025-09-29 10:13:52+00:00,-0.001624888656823642,0.00089504908909107,0.0
2025-09-29 10:13:53+00:00,0.0004860473969015011,0.0008643165624266945,0.0
2025-09-29 10:13:54+00:00,-0.000620742441093336,0.0008570340650311154,0.0
2025-09-29 10:13:55+00:00,-0.0006698127997173398,0.0008610924379652125,0.0
2025-09-29 10:13:56+00:00,0.0012099144399120298,0.000872763061608572,0.0
2025-09-29 10:13:57+00:00,-0.000941510580603544,0.0008728370269677413,0.0
2025-09-29 10:13:58+00:00,-0.0015579054570690198,0.000873289771047094,0.0
2025-09-29 10:13:59+00:00,5.466138449961022e-05,0.0008734437708027962,0.0
2025-09-29 10:14:00+00:00,0.0017731342691831298,0.0008925782084024083,0.0
2025-09-29 10:14:01+00:00,-0.0006422703353367032,0.0008955164172030073,0.0
2025-09-29 10:14:02+00:00,-0.0013685267153363823,0.0009095326961183971,0.0
2025-09-29 10:14:03+00:00,-0.0003726845482945329,0.0009101783049954284,0.0
2025-09-29 10:14:04+00:00,-3.3638565955618205e-05,0.0009102219420766929,0.0
2025-09-29 10:14:05+00:00,0.0003357262721002119,0.0009109490754405759,0.0
2025-09-29 10:14:06+00:00,0.0009239069441409065,0.0009151541972618291,0.0
2025-09-29 10:14:07+00:00,-9.908132628833055e-05,0.0008879356060542977,0.0
2025-09-29 10:14:08+00:00,0.0015288323057380815,0.0009104445751546179,0.0
2025-09-29 10:14:09+00:00,-0.0008330364318526184,0.0008990381614273869,0.0
2025-09-29 10:14:10+00:00,4.97870813482848e-05,0.000895346842697402,0.0
2025-09-29 10:14:11+00:00,0.0013607974346343532,0.0008880561660321393,0.0
2025-09-29 10:14:12+00:00,0.0003214815448286945,0.0008885577658521419,0.0
2025-09-29 10:14:13+00:00,0.00045798828829646254,0.0008858703210796093,0.0
2025-09-29 10:14:14+00:00,0.001208765442076043,0.000899874796624593,0.0
2025-09-29 10:14:15+00:00,0.000343590822190043,0.0009005837558151788,0.0
2025-09-29 10:14:16+00:00,-0.0006497176536649496,0.000901971444579083,0.0
2025-09-29 10:14:17+00:00,0.0010318505815973822,0.0009119800803099846,0.0
2025-09-29 10:14:18+00:00,0.0007432201792560988,0.000911356308370607,0.0
2025-09-29 10:14:19+00:00,0.0008056023112417154,0.0009148693777916745,0.0
2025-09-29 10:14:20+00:00,0.00010460767204389931,0.0008651589414581261,0.0
2025-09-29 10:14:21+00:00,0.000653090745216911,0.0008679938568253242,0.0
2025-09-29 10:14:22+00:00,0.00043177440322161864,0.0008643607732223109,0.0
2025-09-29 10:14:23+00:00,-0.0006394172700528999,0.0008662252208582937,0.0
2025-09-29 10:14:24+00:00,0.0005701704631191351,0.0008665138233528685,0.0
2025-09-29 10:14:25+00:00,-0.001493010962473118,0.000885352157159664,0.0
2025-09-29 10:14:26+00:00,0.0006472128943031397,0.00087046492015587,0.0
2025-09-29 10:14:27+00:00,-0.0015095442589990737,0.0008930875696446613,0.0
2025-09-29 10:14:28+00:00,-0.00013909126989009035,0.0008934648925696877,0.0
2025-09-29 10:14:29+00:00,-0.0011337838054255034,0.0009046948729607206,0.0
2025-09-29 10:14:30+00:00,-0.0012642542039569271,0.0009199275321206901,0.0
2025-09-29 10:14:31+00:00,-0.0013145985364778623,0.000934191485465979,0.0
2025-09-29 10:14:32+00:00,-0.0014410351601470417,0.0009128097762199482,0.0
2025-09-29 10:14:33+00:00,0.000893672503497811,0.0009201407499068208,0.0
2025-09-29 10:14:34+00:00,-0.0009748063749519531,0.0009287632185734766,0.0
2025-09-29 10:14:35+00:00,-0.00047328791655187885,0.000927389444576624,0.0
2025-09-29 10:14:36+00:00,0.0002853517466074873,0.0009143441431743152,0.0
2025-09-29 10:14:37+00:00,0.001511143574860041,0.0009354736750233238,0.0
2025-09-29 10:14:38+00:00,0.00019752596724909033,0.0009341769240276634,0.0
2025-09-29 10:14:39+00:00,0.00013871180902458313,0.0009338661867103076,0.0
2025-09-29 10:14:40+00:00,8.594280467821847e-05,0.0009134382070980475,0.0
2025-09-29 10:14:41+00:00,0.0003183494891736416,0.0009140933577792903,0.0
2025-09-29 10:14:42+00:00,0.0009624560168619567,0.0009199622462537426,0.0
2025-09-29 10:14:43+00:00,-0.00045282037859717406,0.0009139646737658998,0.0
2025-09-29 10:14:44+00:00,0.0006821392715878893,0.0009180990698377764,0.0
2025-09-29 10:14:45+00:00,0.00035032508799193174,0.0009108121804900188,0.0
2025-09-29 10:14:46+00:00,-0.0013492868691302728,0.0009264281228028568,0.0
2025-09-29 10:14:47+00:00,0.0007763367895421425,0.000931487786499238,0.0
2025-09-29 10:14:48+00:00,0.0008171361381383857,0.0009307515825409308,0.0
2025-09-29 10:14:49+00:00,-0.00016356525399630062,0.0009131706873793538,0.0
2025-09-29 10:14:50+00:00,0.0005315563506027576,0.0009074723333876171,0.0
2025-09-29 10:14:51+00:00,0.0005678729167477581,0.0008964083458773479,0.0
2025-09-29 10:14:52+00:00,0.00010841452490595316,0.0008699303752715654,0.0
2025-09-29 10:14:53+00:00,0.0008753778763108677,0.0008746605041993762,0.0
2025-09-29 10:14:54+00:00,0.0009429964289335846,0.0008773657076507691,0.0
2025-09-29 10:14:55+00:00,-0.0006678506407822304,0.0008773371418865012,0.0
2025-09-29 10:14:56+00:00,0.00102435896752473,0.0008736230214776271,0.0
2025-09-29 10:14:57+00:00,0.0001334908852579364,0.0008632448286295898,0.0
2025-09-29 10:14:58+00:00,-0.0012700029217981301,0.0008546325543101916,0.0
2025-09-29 10:14:59+00:00,-0.000948383804712738,0.0008653648636153809,0.0
2025-09-29 10:15:00+00:00,5.080273740132313e-06,0.0008366246030086475,0.0
2025-09-29 10:15:01+00:00,0.0011878940494427503,0.000843983390579787,0.0
2025-09-29 10:15:02+00:00,-0.0006601092343855308,0.0008280565859176983,0.0
2025-09-29 10:15:03+00:00,0.0006658507919419243,0.0008288512963570851,0.0
2025-09-29 10:15:04+00:00,0.0005420847934523021,0.0008303990648786153,0.0
2025-09-29 10:15:05+00:00,0.0005490089090500749,0.0008317612226785102,0.0
2025-09-29 10:15:06+00:00,0.00025041938613190595,0.0008253992989114718,0.0
2025-09-29 10:15:07+00:00,0.0004120863282566223,0.0008257401886563689,0.0
2025-09-29 10:15:08+00:00,0.00022408914856097972,0.000805155240275578,0.0
2025-09-29 10:15:09+00:00,0.00012393530689913668,0.0007956499381576666,0.0
2025-09-29 10:15:10+00:00,0.0009987186044726482,0.0008035721821304525,0.0
2025-09-29 10:15:11+00:00,-7.547904035509756e-05,0.0007877750549558074,0.0
2025-09-29 10:15:12+00:00,8.893904189832824e-05,0.0007873106832159952,0.0
2025-09-29 10:15:13+00:00,-0.00036217530966253797,0.0007882943024947425,0.0
2025-09-29 10:15:14+00:00,-0.0009924979108386633,0.0007868891578660933,0.0
2025-09-29 10:15:15+00:00,-0.0001696606355011676,0.000786545108263527,0.0
2025-09-29 10:15:16+00:00,-0.0004907910611133826,0.0007844081032779534,0.0
2025-09-29 10:15:17+00:00,-0.001784058642430253,0.0008087847411410653,0.0
2025-09-29 10:15:18+00:00,-2.6428518703158765e-05,0.0008029976106175444,0.0
2025-09-29 10:15:19+00:00,-0.00039069455004792086,0.0007973478497976147,0.0
2025-09-29 10:15:20+00:00,0.0008720365059795565,0.000805582660603075,0.0
2025-09-29 10:15:21+00:00,0.00015569011409000133,0.0008011624140777017,0.0
2025-09-29 10:15:22+00:00,-0.0012307871691012995,0.0008138880052729968,0.0
2025-09-29 10:15:23+00:00,0.00014851019253137032,0.0008105447024998174,0.0
2025-09-29 10:15:24+00:00,2.7326014037099e-05,0.0008066894347619376,0.0
2025-09-29 10:15:25+00:00,-0.0007608650547045182,0.0007897685699665931,0.0
2025-09-29 10:15:26+00:00,-0.0006732289441737649,0.0007889068376575,0.0
2025-09-29 10:15:27+00:00,0.0001154402554734979,0.0007656554880106673,0.0
2025-09-29 10:15:28+00:00,0.0001929437553414015,0.0007660337861135442,0.0
2025-09-29 10:15:29+00:00,0.0017297567894483112,0.0007845582164954384,0.0
2025-09-29 10:15:30+00:00,0.0008438239383647961,0.0007729169659770626,0.0
2025-09-29 10:15:31+00:00,-0.0008910075393496752,0.0007619959544117372,0.0
2025-09-29 10:15:32+00:00,0.00023945725883711688,0.0007360260756847371,0.0
2025-09-29 10:15:33+00:00,-0.0002391115394791976,0.0007297234195457643,0.0
2025-09-29 10:15:34+00:00,-0.0016298038398978587,0.0007503372634701929,0.0
2025-09-29 10:15:35+00:00,0.0016411632882842309,0.0007738489509651459,0.0
2025-09-29 10:15:36+00:00,-0.00029645474183537246,0.0007751513153434573,0.0
2025-09-29 10:15:37+00:00,0.0004809024733749556,0.0007543104567947342,0.0
2025-09-29 10:15:38+00:00,-0.0004785971719220017,0.0007574883631816535,0.0
2025-09-29 10:15:39+00:00,-0.0007366525891497888,0.0007644124391730304,0.0
2025-09-29 10:15:40+00:00,-0.0004706848111828421,0.0007673269028658235,0.0
2025-09-29 10:15:41+00:00,-0.0007998026002695724,0.0007739910139499482,0.0
2025-09-29 10:15:42+00:00,-0.0009137993124556099,0.0007732092745474016,0.0
2025-09-29 10:15:43+00:00,0.0019907560521890133,0.0008128450008255927,0.0
2025-09-29 10:15:44+00:00,-9.664403908182795e-05,0.0008084676240478517,0.0
2025-09-29 10:15:45+00:00,-0.00024296599302986444,0.0008079549997948597,0.0
2025-09-29 10:15:46+00:00,0.0019517596596907438,0.0008261829561236157,0.0
2025-09-29 10:15:47+00:00,0.0002312542211098112,0.0008211828795117386,0.0
2025-09-29 10:15:48+00:00,-0.0007127525652905753,0.000820820496356418,0.0
2025-09-29 10:15:49+00:00,-0.00186719784231959,0.000856259407319067,0.0
2025-09-29 10:15:50+00:00,0.00013533875927440597,0.0008536108890677631,0.0
2025-09-29 10:15:51+00:00,0.0017774366579910161,0.0008812535529809263,0.0
2025-09-29 10:15:52+00:00,-0.0003790537152383866,0.0008826062237233839,0.0
2025-09-29 10:15:53+00:00,4.313145029088972e-05,0.0008752045200340013,0.0
2025-09-29 10:15:54+00:00,0.00013155396864084068,0.0008664724758233,0.0
2025-09-29 10:15:55+00:00,0.0003426746026882199,0.0008635296964649613,0.0
2025-09-29 10:15:56+00:00,0.0008712998766278179,0.0008606569481995892,0.0
2025-09-29 10:15:57+00:00,3.2480267435630594e-06,0.0008604580111666963,0.0
2025-09-29 10:15:58+00:00,-0.0003750680081224811,0.0008458842516642571,0.0
2025-09-29 10:15:59+00:00,-0.0004461206328069123,0.0008387481446963552,0.0
2025-09-29 10:16:00+00:00,0.0005790285661595451,0.0008419229656243623,0.0
2025-09-29 10:16:01+00:00,0.000289202759742091,0.0008287309123429681,0.0
2025-09-29 10:16:02+00:00,0.00021911345370018154,0.0008244865690278002,0.0
2025-09-29 10:16:03+00:00,-0.000519723083937218,0.0008230062510670409,0.0
2025-09-29 10:16:04+00:00,0.0002682309897912294,0.0008207192955061063,0.0
2025-09-29 10:16:05+00:00,0.00042046553341856807,0.0008194231545356097,0.0
2025-09-29 10:16:06+00:00,0.0007100035781140157,0.0008239790315149468,0.0
2025-09-29 10:16:07+00:00,-0.0005756451758535119,0.000825542035508015,0.0
2025-09-29 10:16:08+00:00,0.0001606502522550901,0.0008252738062305966,0.0
2025-09-29 10:16:09+00:00,1.4715102108597833e-05,0.0008250846862854337,0.0
2025-09-29 10:16:10+00:00,0.0003840335564773145,0.0008160397866492821,0.0
2025-09-29 10:16:11+00:00,0.0003453683464227364,0.0008174159346727665,0.0
2025-09-29 10:16:12+00:00,-1.4551400333129294e-05,0.0008172932387076,0.0
2025-09-29 10:16:13+00:00,-0.0005703580942333364,0.0008192065539051255,0.0
2025-09-29 10:16:14+00:00,0.0016214610076927816,0.0008361753722533205,0.0
2025-09-29 10:16:15+00:00,-0.00026941510292510795,0.0008366563931435185,0.0
2025-09-29 10:16:16+00:00,-0.0008081820060757972,0.000840917695260667,0.0
2025-09-29 10:16:17+00:00,-1.9393460873096124e-05,0.000807209084184674,0.0
2025-09-29 10:16:18+00:00,-0.0006361757927439982,0.0008119060791693881,0.0
2025-09-29 10:16:19+00:00,0.00034794821316719293,0.0008109945825436993,0.0
2025-09-29 10:16:20+00:00,0.00041191244351002076,0.0008051853091460664,0.0
2025-09-29 10:16:21+00:00,-0.0001957708760962351,0.0008055795705776919,0.0
2025-09-29 10:16:22+00:00,0.0005261217565282195,0.0007907567524122136,0.0
2025-09-29 10:16:23+00:00,-0.0005729994524755755,0.0007948574463235544,0.0
2025-09-29 10:16:24+00:00,0.0003660452280627169,0.0007959132167326212,0.0
2025-09-29 10:16:25+00:00,-0.0011091408810103287,0.0008031878392936842,0.0
2025-09-29 10:16:26+00:00,0.0015168702911296794,0.0008194819007344995,0.0
2025-09-29 10:16:27+00:00,-8.25232654901864e-05,0.000819751375796233,0.0
2025-09-29 10:16:28+00:00,-0.0004160502734528171,0.0008221040396033683,0.0
2025-09-29 10:16:29+00:00,0.00019927338953484863,0.0007929756347538501,0.0
2025-09-29 10:16:30+00:00,0.001304180015216927,0.0008029998319787416,0.0
2025-09-29 10:16:31+00:00,-0.001128985904016555,0.0008083100668404361,0.0
2025-09-29 10:16:32+00:00,-0.0003342391293608138,0.0008094075433273768,0.0
2025-09-29 10:16:33+00:00,9.430297103052432e-05,0.0008086091053053642,0.0
2025-09-29 10:16:34+00:00,0.0002486098663903036,0.0007784813875683279,0.0
2025-09-29 10:16:35+00:00,-5.697927528869329e-05,0.0007509970593849192,0.0
2025-09-29 10:16:36+00:00,0.0007444826633808965,0.000754925506559511,0.0
2025-09-29 10:16:37+00:00,-0.00010063467673404602,0.0007532269466397052,0.0
2025-09-29 10:16:38+00:00,0.000493376263761558,0.0007520000628655041,0.0
2025-09-29 10:16:39+00:00,0.0010925069565248524,0.0007557483639200034,0.0
2025-09-29 10:16:40+00:00,0.0011417843038110664,0.0007636658737489478,0.0
2025-09-29 10:16:41+00:00,-1.5337456209185696e-05,0.0007541524456543411,0.0
2025-09-29 10:16:42+00:00,-0.0008017645878496404,0.0007516285688958485,0.0
2025-09-29 10:16:43+00:00,-0.0001512511286024809,0.0007122570908998564,0.0
2025-09-29 10:16:44+00:00,-0.001013071288352041,0.000726408420917391,0.0
2025-09-29 10:16:45+00:00,-0.0002704726031659277,0.0007266326061526064,0.0
2025-09-29 10:16:46+00:00,0.00040292418424203724,0.0006858244367978797,0.0
2025-09-29 10:16:47+00:00,-0.0005588270232185222,0.0006901804031963629,0.0
2025-09-29 10:16:48+00:00,0.00014358534064107253,0.0006828835436159414,0.0
2025-09-29 10:16:49+00:00,0.0019175705807521481,0.0006758914132725439,0.0
2025-09-29 10:16:50+00:00,-8.377977270157544e-06,0.0006761295943003719,0.0
2025-09-29 10:16:51+00:00,-3.904042490543436e-05,0.0006407831961267437,0.0
2025-09-29 10:16:52+00:00,0.0019119984599100803,0.0006789899426005154,0.0
2025-09-29 10:16:53+00:00,0.0003067709758866055,0.0006792298538427533,0.0
2025-09-29 10:16:54+00:00,0.0001686466494001948,0.0006792382806495778,0.0
2025-09-29 10:16:55+00:00,0.00010777372952697206,0.0006787347266131038,0.0
2025-09-29 10:16:56+00:00,-0.0005647749178068207,0.0006777356271647007,0.0
2025-09-29 10:16:57+00:00,0.0007815103657899947,0.0006830175562229152,0.0
2025-09-29 10:16:58+00:00,-0.00022082479868479332,0.0006813863750114456,0.0
2025-09-29 10:16:59+00:00,0.0005299013540513986,0.0006790701843623096,0.0
2025-09-29 10:17:00+00:00,-0.00014099919331644895,0.0006776354365978873,0.0
2025-09-29 10:17:01+00:00,-0.0014229888672783186,0.0007063986355206476,0.0
2025-09-29 10:17:02+00:00,-0.0003037286908315062,0.0007081862602418211,0.0
2025-09-29 10:17:03+00:00,0.0006575950318354895,0.0007071460956826801,0.0
2025-09-29 10:17:04+00:00,-0.0007352721893996161,0.0007152960134797885,0.0
2025-09-29 10:17:05+00:00,0.000552417812749173,0.0007165032314169425,0.0
2025-09-29 10:17:06+00:00,-0.0017328218395756823,0.0007499415919789054,0.0
2025-09-29 10:17:07+00:00,0.0010715881599987487,0.0007563860380046518,0.0
2025-09-29 10:17:08+00:00,-5.432541016736625e-05,0.0007565444860548003,0.0
2025-09-29 10:17:09+00:00,0.002320347632270181,0.0008096435276849075,0.0
2025-09-29 10:17:10+00:00,0.00017748501639158754,0.0008089523299410914,0.0
2025-09-29 10:17:11+00:00,0.0019132331822142579,0.0008410657118730469,0.0
2025-09-29 10:17:12+00:00,-0.0007782002477024763,0.0008492649581317645,0.0
2025-09-29 10:17:13+00:00,-0.0014358000835733575,0.000868538104175192,0.0
2025-09-29 10:17:14+00:00,0.0004456694184451493,0.0008470449300864973,0.0
2025-09-29 10:17:15+00:00,-0.0013538337422798197,0.0008663798199472509,0.0
2025-09-29 10:17:16+00:00,-0.0005712681673779585,0.0008627931320646852,0.0
2025-09-29 10:17:17+00:00,-0.0008206290804276817,0.0008705938691435903,0.0
2025-09-29 10:17:18+00:00,-0.0005648147357567579,0.0008696594223377635,0.0
2025-09-29 10:17:19+00:00,0.0005729815029511531,0.0008713517556032747,0.0
2025-09-29 10:17:20+00:00,-0.0006427610101168435,0.0008750924534288947,0.0
2025-09-29 10:17:21+00:00,0.0003653718208533885,0.0008753272551422075,0.0
2025-09-29 10:17:22+00:00,0.0008304846173303737,0.0008789025609245049,0.0
2025-09-29 10:17:23+00:00,0.00018372450834003295,0.0008748966117398313,0.0
2025-09-29 10:17:24+00:00,0.00027889913558976076,0.0008744953152600884,0.0
2025-09-29 10:17:25+00:00,0.0003359102316609075,0.0008608682738365659,0.0
2025-09-29 10:17:26+00:00,6.290231589223261e-05,0.000840772276836303,0.0
2025-09-29 10:17:27+00:00,0.00040807154047461935,0.0008415110487368293,0.0
2025-09-29 10:17:28+00:00,0.00022510030008282556,0.0008390156907179561,0.0
2025-09-29 10:17:29+00:00,-0.0004882974803424034,0.0008423647527324305,0.0
2025-09-29 10:17:30+00:00,-0.0018481426875465168,0.0008634795684245802,0.0
2025-09-29 10:17:31+00:00,0.00011950037516594847,0.0008497954562670237,0.0
2025-09-29 10:17:32+00:00,0.0010642052541853797,0.0008579483103609862,0.0
2025-09-29 10:17:33+00:00,0.00045400489230473795,0.0008592847970613168,0.0
2025-09-29 10:17:34+00:00,-0.0010090089764170918,0.0008705877541990077,0.0
2025-09-29 10:17:35+00:00,-0.0016662422302755608,0.0008988332380014619,0.0
2025-09-29 10:17:36+00:00,0.00098568132350918,0.000902563812194479,0.0
2025-09-29 10:17:37+00:00,-1.2367229524912204e-06,0.0009023828644394851,0.0
2025-09-29 10:17:38+00:00,0.0021147914166492754,0.0009394973476423935,0.0
2025-09-29 10:17:39+00:00,-0.00018602636882458778,0.0009304571762161413,0.0
2025-09-29 10:17:40+00:00,-0.000170358084489175,0.0009197808620061595,0.0
2025-09-29 10:17:41+00:00,-0.00010084684233202523,0.0009199195911540508,0.0
2025-09-29 10:17:42+00:00,-0.0004933878240187539,0.0009160513549848258,0.0
2025-09-29 10:17:43+00:00,-0.0007489864237665289,0.0009213393766712683,0.0
2025-09-29 10:17:44+00:00,-6.359664118582575e-05,0.0009113171667288465,0.0
2025-09-29 10:17:45+00:00,-0.00016105033652535905,0.0009107941622202649,0.0
2025-09-29 10:17:46+00:00,0.0005844952067535214,0.0009123138247780174,0.0
2025-09-29 10:17:47+00:00,0.0008599399516573403,0.0009147786081208941,0.0
2025-09-29 10:17:48+00:00,0.00011134614500951656,0.0009147433693206488,0.0
2025-09-29 10:17:49+00:00,-7.116473109469723e-05,0.0008820423335192264,0.0
2025-09-29 10:17:50+00:00,-0.0005990089208713911,0.0008858230235690919,0.0
2025-09-29 10:17:51+00:00,-5.361468220532739e-05,0.0008858429399396526,0.0
2025-09-29 10:17:52+00:00,-0.0008869826542142745,0.0008580483127452018,0.0
2025-09-29 10:17:53+00:00,-0.0018179487880178868,0.0008875985451000803,0.0
2025-09-29 10:17:54+00:00,-5.3061363119444316e-05,0.0008871042175547012,0.0
2025-09-29 10:17:55+00:00,-0.0009007891741801277,0.000893389301980666,0.0
2025-09-29 10:17:56+00:00,-0.001018167291277794,0.0008994765814166714,0.0
2025-09-29 10:17:57+00:00,3.800333169512449e-05,0.0008924284294267343,0.0
2025-09-29 10:17:58+00:00,7.403844337949828e-05,0.0008925498976764105,0.0
2025-09-29 10:17:59+00:00,0.0022090810703676578,0.0009375897802968529,0.0
2025-09-29 10:18:00+00:00,0.0005247806660262366,0.000940605660367568,0.0
2025-09-29 10:18:01+00:00,0.0013646778305020923,0.000940663883863708,0.0
2025-09-29 10:18:02+00:00,-0.0002524585655754308,0.0009404130971606538,0.0
2025-09-29 10:18:03+00:00,-0.0017188754298553821,0.0009617832713708252,1.0
2025-09-29 10:18:04+00:00,0.0012092844224418364,0.0009708775123581571,1.0
2025-09-29 10:18:05+00:00,0.00017406543113440698,0.0009683654920320615,1.0
2025-09-29 10:18:06+00:00,-0.0002999180038479876,0.0009427312000418808,0.0
2025-09-29 10:18:07+00:00,-0.0009030543852801554,0.0009392963869265285,0.0
2025-09-29 10:18:08+00:00,0.0004293375216022355,0.0009411468686093967,0.0
2025-09-29 10:18:09+00:00,-0.0009229832734626298,0.0008964900177930266,0.0
2025-09-29 10:18:10+00:00,-4.698926245993995e-06,0.0008959295477122031,0.0
2025-09-29 10:18:11+00:00,-0.0006881994805773006,0.0008601764792402943,0.0
2025-09-29 10:18:12+00:00,-0.0019716051349832897,0.0008889437708473431,0.0
2025-09-29 10:18:13+00:00,-0.00021571076414250712,0.0008726290416467667,0.0
2025-09-29 10:18:14+00:00,-0.0009570350045227105,0.0008759815449898624,0.0
2025-09-29 10:18:15+00:00,-0.0017102818574254997,0.0008854821489825336,0.0
2025-09-29 10:18:16+00:00,0.0005844010530628996,0.0008887271138992165,0.0
2025-09-29 10:18:17+00:00,-0.0008606335054316405,0.0008892682771652082,0.0
2025-09-29 10:18:18+00:00,0.001193292421290959,0.0009035958441734963,0.0
2025-09-29 10:18:19+00:00,0.00146941625802266,0.0009221679431013833,0.0
2025-09-29 10:18:20+00:00,-0.00021733743060359245,0.0009194553559133625,0.0
2025-09-29 10:18:21+00:00,-0.0007127731984539754,0.0009211355501045691,0.0
2025-09-29 10:18:22+00:00,0.00014144602645571602,0.0009136274900788939,0.0
2025-09-29 10:18:23+00:00,0.00011704163033421366,0.0009133051894474935,0.0
2025-09-29 10:18:24+00:00,-0.0008044710193537696,0.0009161776303255601,0.0
2025-09-29 10:18:25+00:00,-0.001961205690845569,0.0009440059527454625,0.0
2025-09-29 10:18:26+00:00,8.203681673535357e-05,0.0009440881656983047,0.0
2025-09-29 10:18:27+00:00,-0.0004825853551025938,0.0009418973962015194,0.0
2025-09-29 10:18:28+00:00,-0.0009314081251214912,0.0009452624924782302,0.0
2025-09-29 10:18:29+00:00,0.000627085744594913,0.0009504661262624166,0.0
2025-09-29 10:18:30+00:00,0.00032582120279567306,0.0009270308246323149,0.0
2025-09-29 10:18:31+00:00,0.0007031656548921461,0.0009329075771263597,0.0
2025-09-29 10:18:32+00:00,0.001150403304913672,0.000934851906704003,0.0
2025-09-29 10:18:33+00:00,0.0010330760346304313,0.0009439783503253996,0.0
2025-09-29 10:18:34+00:00,0.0015280190823354634,0.0009603952531425709,1.0
2025-09-29 10:18:35+00:00,-0.001308538317408403,0.0009514685831502974,1.0
2025-09-29 10:18:36+00:00,0.00012964097120393703,0.000941632064950266,0.0
2025-09-29 10:18:37+00:00,0.00023432867805128765,0.0009425041570729304,0.0
2025-09-29 10:18:38+00:00,0.0002857366880786305,0.0008986323019747537,0.0
2025-09-29 10:18:39+00:00,0.0001311127625798214,0.0008991564169543236,0.0
2025-09-29 10:18:40+00:00,-0.0005533461996207745,0.0009009320639944871,0.0
2025-09-29 10:18:41+00:00,-0.0006778484744009994,0.0009038116038253404,0.0
2025-09-29 10:18:42+00:00,-0.0008918371807784542,0.00090799252563874,0.0
2025-09-29 10:18:43+00:00,0.0013901073517272877,0.000925310038099829,0.0
2025-09-29 10:18:44+00:00,-9.356872865440291e-05,0.000925298444530729,0.0
2025-09-29 10:18:45+00:00,0.0003939527133558496,0.0009274489153431702,0.0
2025-09-29 10:18:46+00:00,-0.00029746536526231715,0.0009235472120569476,0.0
2025-09-29 10:18:47+00:00,0.0009589258702955572,0.0009253874364807053,0.0
2025-09-29 10:18:48+00:00,-0.0004984138888967093,0.0009263329376508174,0.0
2025-09-29 10:18:49+00:00,-0.00010000479238025939,0.0009263178628396183,0.0
2025-09-29 10:18:50+00:00,-0.00038716177082009917,0.0009248419399981103,0.0
2025-09-29 10:18:51+00:00,0.00028684095211928273,0.0009262424784249369,0.0
2025-09-29 10:18:52+00:00,-0.00019995001718109418,0.0009206435843730693,0.0
2025-09-29 10:18:53+00:00,-0.0002373625027703996,0.0008926591034333455,0.0
2025-09-29 10:18:54+00:00,0.0008199435100899599,0.0008999815071485904,0.0
2025-09-29 10:18:55+00:00,-0.0007193522301257582,0.0008973851802050684,0.0
2025-09-29 10:18:56+00:00,-0.0010258483552078035,0.000897526199331824,0.0
2025-09-29 10:18:57+00:00,0.0008827781775011534,0.000905519719161961,0.0
2025-09-29 10:18:58+00:00,0.0025588386688861764,0.0009654674143647703,1.0
2025-09-29 10:18:59+00:00,-0.00096564238678154,0.0009289611979143598,0.0
2025-09-29 10:19:00+00:00,-1.7388460605061162e-05,0.0009259334474991133,0.0
2025-09-29 10:19:01+00:00,-0.0006420873970957031,0.0009098356041963142,0.0
2025-09-29 10:19:02+00:00,-0.000301366969020056,0.0009100056515594012,0.0
2025-09-29 10:19:03+00:00,0.0005634596147245929,0.0008882328306751956,0.0
2025-09-29 10:19:04+00:00,0.00034571885884870923,0.0008743261690009584,0.0
2025-09-29 10:19:05+00:00,-0.0010937273857767327,0.0008836706083232364,0.0
2025-09-29 10:19:06+00:00,-0.0007942347503679947,0.0008879722692952718,0.0
2025-09-29 10:19:07+00:00,-0.0008993394078329331,0.0008879151965306677,0.0
2025-09-29 10:19:08+00:00,0.0006629182733179917,0.0008907664781344236,0.0
2025-09-29 10:19:09+00:00,0.0009744258119988025,0.0008944536892859516,0.0
2025-09-29 10:19:10+00:00,-0.00037678057327472647,0.0008953474807233049,0.0
2025-09-29 10:19:11+00:00,-0.0003096132521536177,0.0008922241344077223,0.0
2025-09-29 10:19:12+00:00,-6.631109424470871e-05,0.0008562407048398061,0.0
2025-09-29 10:19:13+00:00,8.224818332402961e-06,0.0008559008028201582,0.0
2025-09-29 10:19:14+00:00,-0.0017468556927381362,0.0008763055124771961,0.0
2025-09-29 10:19:15+00:00,-0.0002658815770278933,0.0008490122761251738,0.0
2025-09-29 10:19:16+00:00,0.0005113612151044222,0.0008481912586193526,0.0
2025-09-29 10:19:17+00:00,-0.0014158831472832478,0.000860507709728603,0.0
2025-09-29 10:19:18+00:00,0.0006505778987715427,0.0008502785427542428,0.0
2025-09-29 10:19:19+00:00,0.0007587397786374961,0.0008337728912313141,0.0
2025-09-29 10:19:20+00:00,-0.0008502265664358521,0.000839961961237416,0.0
2025-09-29 10:19:21+00:00,0.001873359040623912,0.0008714622060264935,0.0
2025-09-29 10:19:22+00:00,0.0015877862211584048,0.000895482573271325,0.0
2025-09-29 10:19:23+00:00,0.0002537141970373469,0.0008959306174557038,0.0
2025-09-29 10:19:24+00:00,-0.0003462038893319308,0.0008907797632552823,0.0
2025-09-29 10:19:25+00:00,-0.0002067814631063758,0.0008525891155578424,0.0
2025-09-29 10:19:26+00:00,0.0005386850705588753,0.0008549135826683745,0.0
2025-09-29 10:19:27+00:00,7.299183868147985e-05,0.0008519655122349228,0.0
2025-09-29 10:19:28+00:00,0.0014653916833151648,0.0008605053748119457,0.0
2025-09-29 10:19:29+00:00,0.00045940343251649196,0.0008590586128146791,0.0
2025-09-29 10:19:30+00:00,-0.0021090884380730035,0.0009047099859143893,0.0
2025-09-29 10:19:31+00:00,0.0006206407796216507,0.0009037834292228446,0.0
2025-09-29 10:19:32+00:00,0.0005166312225901581,0.0008945057584306368,0.0
2025-09-29 10:19:33+00:00,-0.0019015071975325704,0.0009198047923294687,0.0
2025-09-29 10:19:34+00:00,-0.001004874591033822,0.0009066451066847493,0.0
2025-09-29 10:19:35+00:00,-0.00017434120466808256,0.0008914331779183806,0.0
2025-09-29 10:19:36+00:00,-0.00118037144481975,0.0009036509144988507,0.0
2025-09-29 10:19:37+00:00,0.0006376262403926525,0.0009072370105952006,0.0
2025-09-29 10:19:38+00:00,-0.0016271427306948638,0.0009290976312464049,0.0
2025-09-29 10:19:39+00:00,-0.00037019204974364506,0.0009295346754247471,0.0
2025-09-29 10:19:40+00:00,-0.001211103026788285,0.0009390903221634617,0.0
2025-09-29 10:19:41+00:00,0.0008567488607869045,0.0009436090549850806,0.0
2025-09-29 10:19:42+00:00,-0.001382860166068034,0.0009530165650237265,1.0
2025-09-29 10:19:43+00:00,0.0017080403026283886,0.000962110109687071,1.0
2025-09-29 10:19:44+00:00,0.0016430413482704243,0.000987010526380258,1.0
2025-09-29 10:19:45+00:00,2.0060110342612347e-05,0.0009854338827664383,1.0
2025-09-29 10:19:46+00:00,0.0004591125698172327,0.000986942142164769,1.0
2025-09-29 10:19:47+00:00,-0.00023987091131805194,0.0009787061074515216,1.0
2025-09-29 10:19:48+00:00,-0.0003138270572307089,0.0009775584297290005,1.0
2025-09-29 10:19:49+00:00,-0.0007157508363776488,0.0009813621110272438,1.0
2025-09-29 10:19:50+00:00,0.00342937775232377,0.001078423876284838,1.0
2025-09-29 10:19:51+00:00,-0.0004077834909301803,0.0010791033692908664,1.0
2025-09-29 10:19:52+00:00,0.00014128323380746544,0.001078952335701557,1.0
2025-09-29 10:19:53+00:00,-0.00039267680668786387,0.0010797216122479926,1.0
2025-09-29 10:19:54+00:00,-0.0011484921437433515,0.0010842534671724488,1.0
2025-09-29 10:19:55+00:00,0.00023474344228002764,0.001081018943993219,1.0
2025-09-29 10:19:56+00:00,0.0008562155479217015,0.0010785759959094745,1.0
2025-09-29 10:19:57+00:00,-0.00037098048712602694,0.0010735840572298181,1.0
2025-09-29 10:19:58+00:00,-0.0001983176607023296,0.0010195289073293484,1.0
2025-09-29 10:19:59+00:00,-0.001324200782712559,0.0010259976465676565,1.0
2025-09-29 10:20:00+00:00,0.0006743779618729739,0.0010303537245140583,1.0
2025-09-29 10:20:01+00:00,0.00021866870725695264,0.001027927522441402,1.0
2025-09-29 10:20:02+00:00,0.0017915575479598989,0.0010538635226547857,1.0
2025-09-29 10:20:03+00:00,-0.00017225201711890126,0.001051491538277994,1.0
2025-09-29 10:20:04+00:00,4.6004378257746836e-05,0.001050480731309615,1.0
2025-09-29 10:20:05+00:00,-0.0003381816167917773,0.0010418327088100475,1.0
2025-09-29 10:20:06+00:00,0.00020414276539426623,0.0010369454104423893,1.0
2025-09-29 10:20:07+00:00,-0.0021769122337989,0.001068639557340588,1.0
2025-09-29 10:20:08+00:00,0.001120620757060653,0.0010751226979882264,1.0
2025-09-29 10:20:09+00:00,6.998265307367468e-05,0.0010675399043087678,1.0
2025-09-29 10:20:10+00:00,0.00022627695314492158,0.0010669172935914104,1.0
2025-09-29 10:20:11+00:00,0.0007908594930614576,0.001071046831738367,1.0
2025-09-29 10:20:12+00:00,0.0005497248733836724,0.00107322296538349,1.0
2025-09-29 10:20:13+00:00,0.0012298514733959376,0.0010844594870683575,1.0
2025-09-29 10:20:14+00:00,-0.0008355984677093087,0.0010651667673976374,1.0
2025-09-29 10:20:15+00:00,-0.000771931490888278,0.001069775858331086,1.0
2025-09-29 10:20:16+00:00,-0.0006157099347949835,0.001071440367938349,1.0
2025-09-29 10:20:17+00:00,0.0003933042961969946,0.0010553473230908454,1.0
2025-09-29 10:20:18+00:00,0.001272967377465406,0.001064253065797293,1.0
2025-09-29 10:20:19+00:00,-0.0002538713191578834,0.001061206776897025,1.0
2025-09-29 10:20:20+00:00,-0.0019098761817437637,0.0010850822093121575,1.0
2025-09-29 10:20:21+00:00,-0.0006957914337896165,0.0010618595736939776,1.0
2025-09-29 10:20:22+00:00,0.0017570343701314162,0.0010663779724050429,1.0
2025-09-29 10:20:23+00:00,0.0003810127266792307,0.0010670223864106753,1.0
2025-09-29 10:20:24+00:00,0.000671858392935043,0.0010695181485233947,1.0
2025-09-29 10:20:25+00:00,-9.809262860616119e-05,0.0010692250485835359,1.0
2025-09-29 10:20:26+00:00,0.0012954712655990352,0.0010798747593141619,1.0
2025-09-29 10:20:27+00:00,-0.0002295511834811137,0.001080382651274197,1.0
2025-09-29 10:20:28+00:00,-0.001105381864687227,0.0010732915858632402,1.0
2025-09-29 10:20:29+00:00,0.0001451840051363007,0.0010716947085486078,1.0
2025-09-29 10:20:30+00:00,-0.0016886896306456123,0.0010591180485388517,1.0
2025-09-29 10:20:31+00:00,0.00023720872368127033,0.0010563715599323541,1.0
2025-09-29 10:20:32+00:00,-0.0007523390087084136,0.001058120957383352,1.0
2025-09-29 10:20:33+00:00,-0.00016074836168755713,0.0010297681411095458,1.0
2025-09-29 10:20:34+00:00,-0.0010434218387173066,0.001030408999430697,1.0
2025-09-29 10:20:35+00:00,0.0020666701593035075,0.0010645512139753639,1.0
2025-09-29 10:20:36+00:00,-0.0008968122193233619,0.0010597356387037633,1.0
2025-09-29 10:20:37+00:00,0.0004359256697885616,0.0010580876854459182,1.0
2025-09-29 10:20:38+00:00,0.0022925169291410086,0.001075238772096257,1.0
2025-09-29 10:20:39+00:00,0.00033467316796409463,0.001073975716184491,1.0
2025-09-29 10:20:40+00:00,0.001958323333602241,0.0010861846311442987,1.0
2025-09-29 10:20:41+00:00,0.0003177803149352343,0.0010825013729094603,1.0
2025-09-29 10:20:42+00:00,0.0009456290445961635,0.0010684250629557693,1.0
2025-09-29 10:20:43+00:00,-0.0021386389405022577,0.001090627320899145,1.0
2025-09-29 10:20:44+00:00,-0.0007125114535606603,0.0010771965337503882,1.0
2025-09-29 10:20:45+00:00,-0.0006491761152543907,0.0010812953114041283,1.0
2025-09-29 10:20:46+00:00,0.0011888848463745827,0.0010898189219596694,1.0
2025-09-29 10:20:47+00:00,-0.0006125993763489435,0.0010927431885367652,1.0
2025-09-29 10:20:48+00:00,-0.0007479661227662859,0.0010967966702582043,1.0
2025-09-29 10:20:49+00:00,0.0013324567308912183,0.0011038236054100965,1.0
2025-09-29 10:20:50+00:00,-0.0008554815050091369,0.0010204062433256775,1.0
2025-09-29 10:20:51+00:00,0.001509642913233078,0.0010363232169156632,1.0
2025-09-29 10:20:52+00:00,-0.0006223982784330229,0.0010400316009334459,1.0
2025-09-29 10:20:53+00:00,0.00015623274472043036,0.0010384800857296157,1.0
2025-09-29 10:20:54+00:00,-0.0019027982173832614,0.0010577410141863633,1.0
2025-09-29 10:20:55+00:00,-0.0003905916306148338,0.001058940826268432,1.0
2025-09-29 10:20:56+00:00,-0.0012478142044831664,0.0010661545808481423,1.0
2025-09-29 10:20:57+00:00,0.000554917915642994,0.001067370440358277,1.0
2025-09-29 10:20:58+00:00,-0.0003343029033447964,0.0010679796635598726,1.0
2025-09-29 10:20:59+00:00,-0.0007770191703041496,0.0010586476165112748,1.0
2025-09-29 10:21:00+00:00,1.5089338599949542e-05,0.0010551973721483164,1.0
2025-09-29 10:21:01+00:00,-9.501902560660191e-05,0.0010549376563172659,1.0
2025-09-29 10:21:02+00:00,0.0011067667613322563,0.0010388933178372445,1.0
2025-09-29 10:21:03+00:00,0.00036318582417305123,0.0010397206388137654,1.0
2025-09-29 10:21:04+00:00,-0.00042985734349998417,0.0010412178409351996,1.0
2025-09-29 10:21:05+00:00,0.001242087821636595,0.0010525145114585255,1.0
2025-09-29 10:21:06+00:00,-0.0005858719621696373,0.001055155728365879,1.0
2025-09-29 10:21:07+00:00,-0.0008690761133570701,0.0010221980275103874,1.0
2025-09-29 10:21:08+00:00,-0.0012383484904233688,0.0010249879896252723,1.0
2025-09-29 10:21:09+00:00,-0.0010677090487521967,0.0010340213473670004,1.0
2025-09-29 10:21:10+00:00,0.00021981106470181366,0.0010339949401424792,1.0
2025-09-29 10:21:11+00:00,-0.0007999447596372944,0.0010330850115928322,1.0
2025-09-29 10:21:12+00:00,0.0009622204140162793,0.0010385200371334797,1.0
2025-09-29 10:21:13+00:00,-0.000212812507168314,0.0010250987179029549,1.0
2025-09-29 10:21:14+00:00,-0.0011873289642081453,0.0010305432443644543,1.0
2025-09-29 10:21:15+00:00,-0.00023999889315506895,0.001026733296088172,1.0
2025-09-29 10:21:16+00:00,-0.00038739601659054657,0.0010250864025147662,1.0
2025-09-29 10:21:17+00:00,-0.0007093580031595215,0.0010266494704985068,1.0
2025-09-29 10:21:18+00:00,0.0010221590082257759,0.0010215393281638552,1.0
2025-09-29 10:21:19+00:00,-0.0005796427784127145,0.0010233130740322995,1.0
2025-09-29 10:21:20+00:00,0.0008311634722923955,0.0010016935720829855,1.0
2025-09-29 10:21:21+00:00,-0.00011257931164965207,0.0009980980166933865,1.0
2025-09-29 10:21:22+00:00,-0.0002617688486907799,0.0009702819388196006,1.0
2025-09-29 10:21:23+00:00,-0.0016768552152552907,0.0009902608159342919,1.0
2025-09-29 10:21:24+00:00,0.00108193215776331,0.0009970948807411146,1.0
2025-09-29 10:21:25+00:00,-0.0011768069286287597,0.001006797729265304,1.0
2025-09-29 10:21:26+00:00,-0.0005048306086389287,0.0009907574418621648,1.0
2025-09-29 10:21:27+00:00,-9.199430855555413e-05,0.0009907169593875058,1.0
2025-09-29 10:21:28+00:00,-0.0005298888493735499,0.000983999160946811,1.0
2025-09-29 10:21:29+00:00,0.0017480851962314858,0.001013006453527306,1.0
2025-09-29 10:21:30+00:00,0.0011154054580662098,0.0010033948772419248,1.0
2025-09-29 10:21:31+00:00,-0.0004894265053160263,0.001004139291583503,1.0
2025-09-29 10:21:32+00:00,-0.0009621503738481696,0.0010069119845419932,1.0
2025-09-29 10:21:33+00:00,-0.0005804009550983702,0.001008973162717718,1.0
2025-09-29 10:21:34+00:00,-0.0015111254976800659,0.0010182905308266051,1.0
2025-09-29 10:21:35+00:00,0.0006622113968706156,0.0009834250262891256,1.0
2025-09-29 10:21:36+00:00,-0.0007661619876853099,0.0009818038175132434,1.0
2025-09-29 10:21:37+00:00,-6.295307525738814e-05,0.0009792024522464798,1.0
2025-09-29 10:21:38+00:00,-0.0007607744021330687,0.0009298306367448583,0.0
2025-09-29 10:21:39+00:00,-0.000657484246029516,0.0009295217898737177,0.0
2025-09-29 10:21:40+00:00,-0.0008320345671568585,0.0008893144418838139,0.0
2025-09-29 10:21:41+00:00,-0.001533346098127386,0.0009018946180031688,0.0
2025-09-29 10:21:42+00:00,-0.0019831418123823497,0.0009144794172674473,0.0
2025-09-29 10:21:43+00:00,0.0016333268299282278,0.000916492701816387,0.0
2025-09-29 10:21:44+00:00,0.002351230190417164,0.0009738438311483086,1.0
2025-09-29 10:21:45+00:00,-0.0002130118864680508,0.0009720526544994159,1.0
2025-09-29 10:21:46+00:00,0.0014351134093020246,0.00097847860673988,1.0
2025-09-29 10:21:47+00:00,-0.000675383393939355,0.0009789742379812557,1.0
2025-09-29 10:21:48+00:00,0.0005600008345194585,0.000980869634304101,1.0
2025-09-29 10:21:49+00:00,0.000687062122643356,0.0009675978806935983,1.0
2025-09-29 10:21:50+00:00,0.0005754299333844415,0.000968241099779777,1.0
2025-09-29 10:21:51+00:00,-0.00018442388771444662,0.0009432913657207062,0.0
2025-09-29 10:21:52+00:00,-0.0009382218405240561,0.0009466656171896868,0.0
2025-09-29 10:21:53+00:00,0.000488093694045455,0.0009496712933765824,0.0
2025-09-29 10:21:54+00:00,-0.001053359446044011,0.0009297011601244754,0.0
2025-09-29 10:21:55+00:00,0.000308533587358939,0.0009312386242346983,0.0
2025-09-29 10:21:56+00:00,0.00173322881197846,0.0009513034459635376,1.0
2025-09-29 10:21:57+00:00,-0.0004761378210652589,0.0009484660319754923,0.0
2025-09-29 10:21:58+00:00,-0.0016182370381434552,0.0009675951885336176,1.0
2025-09-29 10:21:59+00:00,-0.0004856931537655651,0.000965096780731238,1.0
2025-09-29 10:22:00+00:00,-0.0004762741136227211,0.0009658431416709146,1.0
2025-09-29 10:22:01+00:00,0.0007641555223465435,0.0009729870427259871,1.0
2025-09-29 10:22:02+00:00,0.0019783786538365433,0.0009980084412577763,1.0
2025-09-29 10:22:03+00:00,0.0011035690902947426,0.001008596396500712,1.0
2025-09-29 10:22:04+00:00,0.0010770311323633486,0.0010191265179444956,1.0
2025-09-29 10:22:05+00:00,-0.001205665285565094,0.0010142104287733608,1.0
2025-09-29 10:22:06+00:00,0.00041806642951103257,0.001014720152330931,1.0
2025-09-29 10:22:07+00:00,0.0006360569200885013,0.0010141385645648586,1.0
2025-09-29 10:22:08+00:00,-0.0008692845012413519,0.0010081001885396581,1.0
2025-09-29 10:22:09+00:00,-0.0010398979450995105,0.0010076421548270867,1.0
2025-09-29 10:22:10+00:00,0.0008637211983153481,0.0010142342540180004,1.0
2025-09-29 10:22:11+00:00,-0.0013850669571991991,0.0010241994460255953,1.0
2025-09-29 10:22:12+00:00,0.0021939985076289137,0.001057122766801825,1.0
2025-09-29 10:22:13+00:00,-0.0006914079505175863,0.0010601525552690276,1.0
2025-09-29 10:22:14+00:00,0.0008179384079276542,0.0010556317725295484,1.0
2025-09-29 10:22:15+00:00,-0.0006631556033583896,0.0010584867609600666,1.0
2025-09-29 10:22:16+00:00,-0.0021687550700736358,0.001092978417334167,1.0
2025-09-29 10:22:17+00:00,0.0008069564194286283,0.0010953314354419802,1.0
2025-09-29 10:22:18+00:00,-0.00046843841330879155,0.001087739097162201,1.0
2025-09-29 10:22:19+00:00,-0.00016876993745007507,0.0010857266470854668,1.0
2025-09-29 10:22:20+00:00,-0.00026651698254698264,0.0010797433587229459,1.0
2025-09-29 10:22:21+00:00,-1.9677293552011754e-05,0.0010797552135716545,1.0
2025-09-29 10:22:22+00:00,-3.394429143011024e-05,0.0010794824149163295,1.0
2025-09-29 10:22:23+00:00,0.0004287238659348436,0.0010604059350823084,1.0
2025-09-29 10:22:24+00:00,0.002081666161634077,0.0010857977707120366,1.0
2025-09-29 10:22:25+00:00,-1.923537552284138e-05,0.0010750886957794695,1.0
2025-09-29 10:22:26+00:00,-0.0009676224587938931,0.0010804287968944717,1.0
2025-09-29 10:22:27+00:00,0.00011311437675498581,0.0010804777105634423,1.0
2025-09-29 10:22:28+00:00,0.00013469473635852047,0.0010783885532392396,1.0
2025-09-29 10:22:29+00:00,0.00022616022221066956,0.0010544009504645068,1.0
2025-09-29 10:22:30+00:00,0.00027165169349263607,0.0010446202653312437,1.0
2025-09-29 10:22:31+00:00,-0.0007025145230028507,0.0010465646572434043,1.0
2025-09-29 10:22:32+00:00,-0.0001631274569170449,0.0010396256113098133,1.0
2025-09-29 10:22:33+00:00,0.0005463964084901907,0.0010395360815249157,1.0
2025-09-29 10:22:34+00:00,0.0005049735621327489,0.0010223956427249832,1.0
2025-09-29 10:22:35+00:00,4.114153796952458e-05,0.0010190337223942103,1.0
2025-09-29 10:22:36+00:00,0.00019727992158302676,0.001014005944726209,1.0
2025-09-29 10:22:37+00:00,-0.00025604272440860054,0.001014633363419623,1.0
2025-09-29 10:22:38+00:00,0.002120477089934125,0.0010441643487121902,1.0
2025-09-29 10:22:39+00:00,0.0009649756764071871,0.0010457131791776683,1.0
2025-09-29 10:22:40+00:00,0.00026619244972558853,0.0010385599459302346,1.0
2025-09-29 10:22:41+00:00,0.0005776105381707364,0.0010168998069626808,1.0
2025-09-29 10:22:42+00:00,0.0003880947501313514,0.0009774342001710142,1.0
2025-09-29 10:22:43+00:00,-0.0017546575038046575,0.000991077582728937,1.0
2025-09-29 10:22:44+00:00,0.0011217581667839482,0.0009568056696089572,1.0
2025-09-29 10:22:45+00:00,-0.00130985118349769,0.0009736917613993607,1.0
2025-09-29 10:22:46+00:00,-0.0017039697805960596,0.0009853401665348342,1.0
2025-09-29 10:22:47+00:00,-7.220674752261846e-05,0.0009808405989165645,1.0
2025-09-29 10:22:48+00:00,-0.0004964456176165255,0.000981266500999105,1.0
2025-09-29 10:22:49+00:00,0.0013044986191139696,0.0009912864075094184,1.0
2025-09-29 10:22:50+00:00,-0.00030677228619413466,0.000990002211679063,1.0
2025-09-29 10:22:51+00:00,0.0014094297237032816,0.0010050950407038534,1.0
2025-09-29 10:22:52+00:00,-0.0033811097819392844,0.001092264089126081,1.0
2025-09-29 10:22:53+00:00,0.00016046815304826545,0.001090741587707487,1.0
2025-09-29 10:22:54+00:00,-0.0005366062653232584,0.001084124369612075,1.0
2025-09-29 10:22:55+00:00,0.0011293853251552743,0.0010928316259468998,1.0
2025-09-29 10:22:56+00:00,1.4248623383839032e-05,0.00107010777699329,1.0
2025-09-29 10:22:57+00:00,0.0012231175950900841,0.0010793105084860742,1.0
2025-09-29 10:22:58+00:00,-0.0013901301647618602,0.001073742666002622,1.0
2025-09-29 10:22:59+00:00,-0.0010870580835526944,0.001081587334593072,1.0
2025-09-29 10:23:00+00:00,0.0013496831864410197,0.0010925045064753558,1.0
2025-09-29 10:23:01+00:00,0.0010956372522343827,0.0010969114443041801,1.0
2025-09-29 10:23:02+00:00,-0.0006941928131019015,0.0010722541769047863,1.0
2025-09-29 10:23:03+00:00,0.00048448233552877973,0.0010646949002775274,1.0
2025-09-29 10:23:04+00:00,-0.0018595903328222363,0.001082586483921501,1.0
2025-09-29 10:23:05+00:00,0.0007081802387542968,0.0010755258561470384,1.0
2025-09-29 10:23:06+00:00,0.0002148661428149623,0.0010745132186595618,1.0
2025-09-29 10:23:07+00:00,0.0008312191736061791,0.0010767683393361643,1.0
2025-09-29 10:23:08+00:00,0.0007005282044965089,0.0010743092336170281,1.0
2025-09-29 10:23:09+00:00,-0.0016520825390321514,0.001087451049857361,1.0
2025-09-29 10:23:10+00:00,0.00011163672700487126,0.0010818564656991827,1.0
2025-09-29 10:23:11+00:00,-0.00020042520601204483,0.0010667552336031416,1.0
2025-09-29 10:23:12+00:00,-0.00027708746197785405,0.0010286203928367562,1.0
2025-09-29 10:23:13+00:00,-0.001634988619249822,0.0010461836351452114,1.0
2025-09-29 10:23:14+00:00,0.0004453034066904671,0.0010421520463026355,1.0
2025-09-29 10:23:15+00:00,-5.629328012957124e-06,0.0010389189645191503,1.0
2025-09-29 10:23:16+00:00,-0.0013525370151673544,0.001015479457043995,1.0
2025-09-29 10:23:17+00:00,0.0002506219785922692,0.0010103886477963691,1.0
2025-09-29 10:23:18+00:00,-0.0002883009722915997,0.0010093088283931882,1.0
2025-09-29 10:23:19+00:00,-0.0006323188582897377,0.0010122389980440618,1.0
2025-09-29 10:23:20+00:00,-0.00013388539273762046,0.0010118528004610097,1.0
2025-09-29 10:23:21+00:00,-0.00029635926952364944,0.001012457354081471,1.0
2025-09-29 10:23:22+00:00,-0.0010543562885554358,0.0010210611295102783,1.0
2025-09-29 10:23:23+00:00,-6.393327793707826e-05,0.001019151042533913,1.0
2025-09-29 10:23:24+00:00,0.0009306206778543213,0.000988624709201927,1.0
2025-09-29 10:23:25+00:00,0.0001602657794002038,0.0009890654868010545,1.0
2025-09-29 10:23:26+00:00,0.0006714003109256073,0.0009865198128083906,1.0
2025-09-29 10:23:27+00:00,-0.0008366345643915363,0.0009915638616216462,1.0
2025-09-29 10:23:28+00:00,4.9686440409146826e-05,0.000991342006365062,1.0
2025-09-29 10:23:29+00:00,-0.0005580795032136265,0.000992658415338896,1.0
2025-09-29 10:23:30+00:00,-2.7054665113213083e-05,0.00099164274555231,1.0
2025-09-29 10:23:31+00:00,0.0006792080977806592,0.000992965842960793,1.0
2025-09-29 10:23:32+00:00,0.002072270292673428,0.0010301272018810198,1.0
2025-09-29 10:23:33+00:00,0.00042820075219673903,0.0010291403097776694,1.0
2025-09-29 10:23:34+00:00,-0.0016733613385185864,0.0010485146504710646,1.0
2025-09-29 10:23:35+00:00,0.00014344597923110491,0.0010487604684895578,1.0
2025-09-29 10:23:36+00:00,-0.0011365432130436837,0.0010574119282570507,1.0
2025-09-29 10:23:37+00:00,0.00031614215402764323,0.0010583564131606748,1.0
2025-09-29 10:23:38+00:00,-5.194441995903798e-05,0.0010186252148069897,1.0
2025-09-29 10:23:39+00:00,-0.00046902681233174093,0.0010098943843860077,1.0
2025-09-29 10:23:40+00:00,-2.1181523340851882e-05,0.0010086723788164365,1.0
2025-09-29 10:23:41+00:00,6.659524797836269e-05,0.0010047192816594666,1.0
2025-09-29 10:23:42+00:00,0.0013882173844761425,0.0010218073668063583,1.0
2025-09-29 10:23:43+00:00,1.9623831663206914e-05,0.0009992694495460864,1.0
2025-09-29 10:23:44+00:00,0.0014204874341954277,0.0010061570553895128,1.0
2025-09-29 10:23:45+00:00,-0.0006304763468869545,0.0009959724173316418,1.0
2025-09-29 10:23:46+00:00,-0.00016508603609144412,0.0009729682355458185,1.0
2025-09-29 10:23:47+00:00,-0.0003985625552274108,0.0009739866648975678,1.0
2025-09-29 10:23:48+00:00,0.00018896298459036842,0.0009727862520881315,1.0
2025-09-29 10:23:49+00:00,0.00025182597218886826,0.0009573605045062502,1.0
2025-09-29 10:23:50+00:00,0.0004245182563960004,0.0009588840556951611,1.0
2025-09-29 10:23:51+00:00,-0.000664435502717442,0.0009425204344994183,0.0
2025-09-29 10:23:52+00:00,0.00040761243548703696,0.0008393841358585698,0.0
2025-09-29 10:23:53+00:00,0.0008816190844214145,0.000847200274129988,0.0
2025-09-29 10:23:54+00:00,-0.001582728385194021,0.0008686679752588599,0.0
2025-09-29 10:23:55+00:00,0.0011728066060932019,0.0008696674379270776,0.0
2025-09-29 10:23:56+00:00,0.0018881627667191037,0.0009042064350726611,0.0
2025-09-29 10:23:57+00:00,-0.0001313208024117385,0.0008900075650138993,0.0
2025-09-29 10:23:58+00:00,0.0019101185739207605,0.0009057534657786253,0.0
2025-09-29 10:23:59+00:00,-0.0015571092708293044,0.0009175764649487612,0.0
2025-09-29 10:24:00+00:00,0.000401050365567146,0.0009024458760366871,0.0
2025-09-29 10:24:01+00:00,0.0013212011161296555,0.0009074960919203283,0.0
2025-09-29 10:24:02+00:00,-0.0008430554585240335,0.0009096683526965565,0.0
2025-09-29 10:24:03+00:00,-0.000694478008744781,0.0009120278716505786,0.0
2025-09-29 10:24:04+00:00,-0.001172323892601801,0.0008924759181388475,0.0
2025-09-29 10:24:05+00:00,-0.0016505593112093875,0.0009126616306054284,0.0
2025-09-29 10:24:06+00:00,-0.0004877964025612469,0.0009139067500976833,0.0
2025-09-29 10:24:07+00:00,2.4164052105035694e-05,0.0009066749438116151,0.0
2025-09-29 10:24:08+00:00,-0.00022782487619421588,0.0009013771802839924,0.0
2025-09-29 10:24:09+00:00,0.0006971561320225916,0.000882571380707897,0.0
2025-09-29 10:24:10+00:00,0.003224778563628572,0.0009778057459926212,1.0
2025-09-29 10:24:11+00:00,1.0387638942344068e-05,0.0009773961950543045,1.0
2025-09-29 10:24:12+00:00,-0.00028250611587943286,0.0009774242474041605,1.0
2025-09-29 10:24:13+00:00,-0.0003831028160375949,0.0009546209489025545,1.0
2025-09-29 10:24:14+00:00,0.00032780754560568504,0.000953894767285884,1.0
2025-09-29 10:24:15+00:00,0.00034581835656433135,0.0009547034712054392,1.0
2025-09-29 10:24:16+00:00,-0.00024915893498222985,0.000937835417989552,0.0
2025-09-29 10:24:17+00:00,0.00028671099426080815,0.0009379700997690711,0.0
2025-09-29 10:24:18+00:00,0.00010667421512167152,0.0009368520248296857,0.0
2025-09-29 10:24:19+00:00,0.00022837213176929438,0.000932510272554354,0.0
2025-09-29 10:24:20+00:00,-0.0012603592415335596,0.0009481671835556319,0.0
2025-09-29 10:24:21+00:00,0.00040889312531877664,0.00094798790435786,0.0
2025-09-29 10:24:22+00:00,-0.0004098100392161408,0.0009385626994357015,0.0
2025-09-29 10:24:23+00:00,0.0006189539777772257,0.0009408378329429841,0.0
2025-09-29 10:24:24+00:00,0.0004565228592101622,0.0009357075744032999,0.0
2025-09-29 10:24:25+00:00,-0.00011538996339433005,0.000936036319041064,0.0
2025-09-29 10:24:26+00:00,0.0001679268249110688,0.0009329510363115559,0.0
2025-09-29 10:24:27+00:00,0.0008619517329560011,0.0009305070246719075,0.0
2025-09-29 10:24:28+00:00,6.36889604226365e-05,0.0009304944404177654,0.0
2025-09-29 10:24:29+00:00,-0.0007988873989460687,0.0009339209898267663,0.0
2025-09-29 10:24:30+00:00,0.0020103650802507644,0.0009656453428056408,1.0
2025-09-29 10:24:31+00:00,-0.0018805158920683906,0.000997269898102579,1.0
2025-09-29 10:24:32+00:00,0.0032296245281624447,0.0010461866384601835,1.0
2025-09-29 10:24:33+00:00,-0.0012465616978574179,0.0010598787428088262,1.0
2025-09-29 10:24:34+00:00,-0.0012927151708557183,0.0010502722398478468,1.0
2025-09-29 10:24:35+00:00,0.0005183996811768399,0.001051703239653019,1.0
2025-09-29 10:24:36+00:00,-0.0010427564219818164,0.0010499063539067541,1.0
2025-09-29 10:24:37+00:00,0.00018382007896611263,0.0010495813411307182,1.0
2025-09-29 10:24:38+00:00,0.0006309430101383295,0.0010516420984341094,1.0
2025-09-29 10:24:39+00:00,0.0006010929762738648,0.0010507618169349527,1.0
2025-09-29 10:24:40+00:00,-0.00018568892470949283,0.001051366743805795,1.0
2025-09-29 10:24:41+00:00,0.0010419802639398679,0.0010579961319120426,1.0
2025-09-29 10:24:42+00:00,1.068449948160577e-05,0.0010453092987183633,1.0
2025-09-29 10:24:43+00:00,0.00033470419775261107,0.0010456056393606783,1.0
2025-09-29 10:24:44+00:00,-0.0019681918496720074,0.0010655953094592069,1.0
2025-09-29 10:24:45+00:00,-0.0009803451731522639,0.0010704136395885873,1.0
2025-09-29 10:24:46+00:00,0.0031447220428324485,0.0011415654528732124,1.0
2025-09-29 10:24:47+00:00,-4.812863029657333e-05,0.0011397903904147503,1.0
2025-09-29 10:24:48+00:00,-0.0029612041994360183,0.0012071457120784144,1.0
2025-09-29 10:24:49+00:00,-0.0012302884331875097,0.0012184312058538464,1.0
2025-09-29 10:24:50+00:00,-0.0012517967600039759,0.0012287164563148322,1.0
2025-09-29 10:24:51+00:00,0.003545559006545407,0.0013069563298406602,1.0
2025-09-29 10:24:52+00:00,-0.003407409171568121,0.0013816840552682312,1.0
2025-09-29 10:24:53+00:00,0.0031815729593303033,0.0014367465742716556,1.0
2025-09-29 10:24:54+00:00,0.0007418437756008256,0.001422967565027591,1.0
2025-09-29 10:24:55+00:00,0.0018917081305995787,0.0014351372268445563,1.0
2025-09-29 10:24:56+00:00,0.00040887792708943493,0.0014166765248825057,1.0
2025-09-29 10:24:57+00:00,0.0011194442871467203,0.0014226097526159344,1.0
2025-09-29 10:24:58+00:00,0.0003287975467349824,0.0014031567132620423,1.0
2025-09-29 10:24:59+00:00,-0.0013068730218649405,0.0013985702202662432,1.0
2025-09-29 10:25:00+00:00,-0.004930657814866013,0.0015403433444091835,1.0
2025-09-29 10:25:01+00:00,-0.000836837971747495,0.001534060349379926,1.0
2025-09-29 10:25:02+00:00,0.005524855786259053,0.0016899110402708415,1.0
2025-09-29 10:25:03+00:00,-0.00036187560278833075,0.0016879175951989651,1.0
2025-09-29 10:25:04+00:00,-0.005009060542600863,0.0018045000154003803,1.0
2025-09-29 10:25:05+00:00,-0.0011092661900237166,0.00179740733614579,1.0
2025-09-29 10:25:06+00:00,-0.0008165895762783926,0.0017994721316093407,1.0
2025-09-29 10:25:07+00:00,-0.0002866850435131463,0.0017998822413444972,1.0
2025-09-29 10:25:08+00:00,0.0014625847703078065,0.0018093613999740328,1.0
2025-09-29 10:25:09+00:00,0.002730901539411912,0.0018407645489584715,1.0
2025-09-29 10:25:10+00:00,0.000562272204685188,0.0017949031566643734,1.0
2025-09-29 10:25:11+00:00,0.000500098136393845,0.0017959536389610096,1.0
2025-09-29 10:25:12+00:00,-0.00021642676239919112,0.001795777702124532,1.0
2025-09-29 10:25:13+00:00,-0.003440822571863733,0.001850349903999494,1.0
2025-09-29 10:25:14+00:00,-0.0004920223676736502,0.001850781706738278,1.0
2025-09-29 10:25:15+00:00,0.0035376901182511133,0.0019068329451949941,1.0
2025-09-29 10:25:16+00:00,-0.003399594740830403,0.001957132042898513,1.0
2025-09-29 10:25:17+00:00,0.003273481373637921,0.0020027947434973566,1.0
2025-09-29 10:25:18+00:00,-0.0003602750780221653,0.0020033555919818417,1.0
2025-09-29 10:25:19+00:00,-0.0027778690476508716,0.0020351738863460655,1.0
2025-09-29 10:25:20+00:00,-0.000359804703265576,0.002029325014613677,1.0
2025-09-29 10:25:21+00:00,0.002814347929905203,0.0020615242670543304,1.0
2025-09-29 10:25:22+00:00,-3.832492178990066e-05,0.0020607806910940955,1.0
2025-09-29 10:25:23+00:00,0.0003048740330655608,0.0020596383748761817,1.0
2025-09-29 10:25:24+00:00,-1.974069140020518e-05,0.002058834172915504,1.0
2025-09-29 10:25:25+00:00,0.0005549439501408848,0.002059964709307219,1.0
2025-09-29 10:25:26+00:00,0.0007771504013287522,0.002062204230985831,1.0
2025-09-29 10:25:27+00:00,-0.003257175524822742,0.0021022344616574563,1.0
2025-09-29 10:25:28+00:00,0.001471952505095686,0.002111231926149061,1.0
2025-09-29 10:25:29+00:00,0.0004429694633123482,0.0021094992450938,1.0
2025-09-29 10:25:30+00:00,-0.0001828296462339507,0.0020931192348449734,1.0
2025-09-29 10:25:31+00:00,-0.0007973510457981448,0.002081531210864627,1.0
2025-09-29 10:25:32+00:00,0.0001251989923578556,0.002037700682372078,1.0
2025-09-29 10:25:33+00:00,0.0023632811394860287,0.002055411234542614,1.0
2025-09-29 10:25:34+00:00,-0.002120605752296223,0.0020669558152044748,1.0
2025-09-29 10:25:35+00:00,-0.0003384567805655436,0.0020661485193172666,1.0
2025-09-29 10:25:36+00:00,0.0006139529188067261,0.0020634808426078905,1.0
2025-09-29 10:25:37+00:00,0.00263447737386846,0.0020913362216446337,1.0
2025-09-29 10:25:38+00:00,-0.0036099786357547403,0.002141955748383389,1.0
2025-09-29 10:25:39+00:00,0.005142636482545537,0.0022426656319245743,1.0
2025-09-29 10:25:40+00:00,-0.006093885944461586,0.002378405877276466,2.0
2025-09-29 10:25:41+00:00,0.006839900042889369,0.0025363520035938205,2.0
2025-09-29 10:25:42+00:00,-0.0008553890139012532,0.002538982345881988,2.0
2025-09-29 10:25:43+00:00,-9.118344520853139e-05,0.0025386975740685175,2.0
2025-09-29 10:25:44+00:00,-0.0007511584062800392,0.0025273955566423338,2.0
2025-09-29 10:25:45+00:00,-0.003927210771923151,0.002575698319206351,2.0
2025-09-29 10:25:46+00:00,-0.0015383485135397335,0.002549276598725058,2.0
2025-09-29 10:25:47+00:00,0.005351072695226389,0.002644261069865847,2.0
2025-09-29 10:25:48+00:00,0.000827955565412708,0.0026174239917718133,2.0
2025-09-29 10:25:49+00:00,-0.0004943763719483796,0.002612975159605254,2.0
2025-09-29 10:25:50+00:00,-0.0017891065483242041,0.0026185197547075865,2.0
2025-09-29 10:25:51+00:00,0.0008619574487664927,0.0025807533424496527,2.0
2025-09-29 10:25:52+00:00,0.0020013610348295074,0.0025532191677622557,2.0
2025-09-29 10:25:53+00:00,0.0004608166047401774,0.0025217643667020434,2.0
2025-09-29 10:25:54+00:00,-0.00012184021067807027,0.0025203155842285735,2.0
2025-09-29 10:25:55+00:00,-0.0010180020603414164,0.002512323115168255,2.0
2025-09-29 10:25:56+00:00,-0.00011167731590999708,0.002511802831182595,2.0
2025-09-29 10:25:57+00:00,0.0008082531291939699,0.0025097644833830795,2.0
2025-09-29 10:25:58+00:00,-0.0006890582735976647,0.0025108818541674555,2.0
2025-09-29 10:25:59+00:00,1.873241517191815e-05,0.0025052462660044585,2.0
2025-09-29 10:26:00+00:00,-0.00041402938283774393,0.0024211455597680943,2.0
2025-09-29 10:26:01+00:00,0.0006649918820922363,0.002419359854736175,2.0
2025-09-29 10:26:02+00:00,-0.0012045654266022998,0.0023172681061981765,2.0
2025-09-29 10:26:03+00:00,0.0006983930110697756,0.0023186264178675473,2.0
2025-09-29 10:26:04+00:00,-0.0028085217437158194,0.002254538744785966,1.0
2025-09-29 10:26:05+00:00,0.0037827051822474367,0.0023003166198353724,1.0
2025-09-29 10:26:06+00:00,-0.0039775034974505186,0.0023576143698568214,2.0
2025-09-29 10:26:07+00:00,0.002607480725261402,0.002379749690933425,2.0
2025-09-29 10:26:08+00:00,-0.0031663524366313256,0.002410181587915724,2.0
2025-09-29 10:26:09+00:00,0.0013786007988390026,0.0023908225790124473,2.0
2025-09-29 10:26:10+00:00,0.0013305019402269913,0.002395849656733553,2.0
2025-09-29 10:26:11+00:00,0.0014450061573534345,0.0024020977063030466,2.0
2025-09-29 10:26:12+00:00,-0.0002694227398910565,0.002402205025417846,2.0
2025-09-29 10:26:13+00:00,-0.007057884825916627,0.0025329585075994604,2.0
2025-09-29 10:26:14+00:00,0.008040891635936465,0.002737131052696749,2.0
2025-09-29 10:26:15+00:00,0.0004612866007569494,0.002700702001777743,2.0
2025-09-29 10:26:16+00:00,-0.000644227024625188,0.0026638048524398133,2.0
2025-09-29 10:26:17+00:00,-0.0006020938403137333,0.0026328557767766277,2.0
2025-09-29 10:26:18+00:00,0.0003960688597335338,0.002632641385666129,2.0
2025-09-29 10:26:19+00:00,0.0004738537207895632,0.0026063978103660255,2.0
2025-09-29 10:26:20+00:00,-8.732021614110685e-05,0.002605780644375869,2.0
2025-09-29 10:26:21+00:00,-2.7792226514389284e-05,0.0025818229519010863,2.0
2025-09-29 10:26:22+00:00,-0.001344924113217405,0.002588336546063856,2.0
2025-09-29 10:26:23+00:00,-0.00014871530112692266,0.0025882651455847094,2.0
2025-09-29 10:26:24+00:00,-0.006227564632894533,0.002712218999571865,2.0
2025-09-29 10:26:25+00:00,0.006341302741951438,0.0028343343063463302,2.0
2025-09-29 10:26:26+00:00,-0.006176069749216251,0.002943850129996838,2.0
2025-09-29 10:26:27+00:00,-0.0011837031048952396,0.0029178891385793753,2.0
2025-09-29 10:26:28+00:00,0.0005198471389988857,0.0029121210653494894,2.0
2025-09-29 10:26:29+00:00,0.002346995145535713,0.0029279591002203537,2.0
2025-09-29 10:26:30+00:00,0.0011367264083348427,0.002931685709099014,2.0
2025-09-29 10:26:31+00:00,0.00020166089024264977,0.00292991819746016,2.0
2025-09-29 10:26:32+00:00,0.004610964120708827,0.002989369559596299,2.0
2025-09-29 10:26:33+00:00,-0.004464310679641259,0.0030310723844985538,2.0
2025-09-29 10:26:34+00:00,0.004912258040581152,0.0030840861043410013,2.0
2025-09-29 10:26:35+00:00,-0.004762793306167135,0.003146868556979899,2.0
2025-09-29 10:26:36+00:00,-0.0008142505347893403,0.003147707741260611,2.0
2025-09-29 10:26:37+00:00,0.005968600782420452,0.0032235727400927957,2.0
2025-09-29 10:26:38+00:00,-0.005807867276549472,0.003277928366852201,2.0
2025-09-29 10:26:39+00:00,0.006154716230465596,0.003307229940671933,2.0
2025-09-29 10:26:40+00:00,-0.001256410443873257,0.0032129599357053258,2.0
2025-09-29 10:26:41+00:00,-0.004734974243347234,0.0031491014762360034,2.0
2025-09-29 10:26:42+00:00,0.004760006220819513,0.0032085321207389666,2.0
2025-09-29 10:26:43+00:00,-0.00461198448129807,0.003263655884841792,2.0
2025-09-29 10:26:44+00:00,-0.000650054818529644,0.0032633196890445916,2.0
2025-09-29 10:26:45+00:00,0.002847221059363747,0.003244371959418406,2.0
2025-09-29 10:26:46+00:00,0.0017515908423759718,0.003244815306676411,2.0
2025-09-29 10:26:47+00:00,-0.004457210302735604,0.0032232035636691734,2.0
2025-09-29 10:26:48+00:00,0.004206352884015496,0.0032680899003208856,2.0
2025-09-29 10:26:49+00:00,0.0008897776994465367,0.003269418316491021,2.0
2025-09-29 10:26:50+00:00,-3.6898473685043065e-05,0.0032607614445289306,2.0
2025-09-29 10:26:51+00:00,0.0020279864416636872,0.0032691263366790746,2.0
2025-09-29 10:26:52+00:00,-0.0008978246705626525,0.0032615547044009432,2.0
2025-09-29 10:26:53+00:00,0.00018142008483534866,0.0032611205726225615,2.0
2025-09-29 10:26:54+00:00,-0.001494760058444622,0.003266942713341859,2.0
2025-09-29 10:26:55+00:00,-0.00018422288647657048,0.0032643246766183363,2.0
2025-09-29 10:26:56+00:00,0.00031886663535596327,0.003264524046262522,2.0
2025-09-29 10:26:57+00:00,-0.000755002200223287,0.003264348268627042,2.0
2025-09-29 10:26:58+00:00,0.0013570269183336148,0.0032677990581467566,2.0
2025-09-29 10:26:59+00:00,0.0008230708659673347,0.0032694179954809743,2.0
2025-09-29 10:27:00+00:00,-0.0003898795616805728,0.0032693627077888614,2.0
2025-09-29 10:27:01+00:00,-0.00023648440513435176,0.0032685124237914684,2.0
2025-09-29 10:27:02+00:00,0.00010951112470758417,0.0032645352185683295,2.0
2025-09-29 10:27:03+00:00,-0.0008180734228849795,0.0032652746844385482,2.0
2025-09-29 10:27:04+00:00,-1.8095697826958634e-05,0.0032440875493055694,2.0
2025-09-29 10:27:05+00:00,0.0007723350127393225,0.0032087484066351995,2.0
2025-09-29 10:27:06+00:00,-0.0018104707263006947,0.0031750345633200054,2.0
2025-09-29 10:27:07+00:00,-0.0002515681072868814,0.0031574666739573993,2.0
2025-09-29 10:27:08+00:00,0.0007352603978532102,0.0031310865092668495,2.0
2025-09-29 10:27:09+00:00,0.00039323116951073267,0.0031266943747248446,2.0
2025-09-29 10:27:10+00:00,0.0008006745859083786,0.003123777432524566,2.0
2025-09-29 10:27:11+00:00,0.00035411355310444037,0.003118667368813693,2.0
2025-09-29 10:27:12+00:00,-0.00034471280033143703,0.0031188041498161545,2.0
2025-09-29 10:27:13+00:00,7.648065172616292e-05,0.0029768991620875923,2.0
2025-09-29 10:27:14+00:00,0.00031310112965687864,0.0027908728840475936,2.0
2025-09-29 10:27:15+00:00,0.00020991974356832088,0.002790382817375949,2.0
2025-09-29 10:27:16+00:00,-0.0011343673370104446,0.0027930542217944115,2.0
2025-09-29 10:27:17+00:00,0.0017632582032534039,0.0028010310849229158,2.0
2025-09-29 10:27:18+00:00,0.0008687356247907285,0.0028027028971238776,2.0
2025-09-29 10:27:19+00:00,-0.0014709868179716423,0.0028089764302510296,2.0
2025-09-29 10:27:20+00:00,0.0027277767228397476,0.002830593658087796,2.0
2025-09-29 10:27:21+00:00,-0.0012851535337351505,0.0028359502221843515,2.0
2025-09-29 10:27:22+00:00,-0.004687359614887532,0.002895913611180465,2.0
2025-09-29 10:27:23+00:00,0.001464545574413778,0.0029020914574035455,2.0
2025-09-29 10:27:24+00:00,0.005213977613805154,0.0028604625511704234,2.0
2025-09-29 10:27:25+00:00,0.0001328890184122411,0.002744753766785994,2.0
2025-09-29 10:27:26+00:00,-0.004950918534913473,0.0027014611055081695,2.0
2025-09-29 10:27:27+00:00,0.00753065700406097,0.0028595907140319577,2.0
2025-09-29 10:27:28+00:00,-0.00023231438557291817,0.002860122140496903,2.0
2025-09-29 10:27:29+00:00,-0.00013851042763446397,0.002847304937240252,2.0
2025-09-29 10:27:30+00:00,-0.0061030839657918445,0.0029588155188254276,2.0
2025-09-29 10:27:31+00:00,0.0018217980468213657,0.0029671897704797385,2.0
2025-09-29 10:27:32+00:00,-0.0010613230121524486,0.0029115714814161946,2.0
2025-09-29 10:27:33+00:00,0.007004503500083192,0.002987196102160426,2.0
2025-09-29 10:27:34+00:00,0.00014858421224328566,0.002922936423746961,2.0
2025-09-29 10:27:35+00:00,-0.008561473912708228,0.003068425424840032,2.0
2025-09-29 10:27:36+00:00,0.010371781446416595,0.0033411519567784985,2.0
2025-09-29 10:27:37+00:00,4.659761899872272e-05,0.003256104186443512,2.0
2025-09-29 10:27:38+00:00,-0.008591587849533733,0.0033607770464796375,2.0
2025-09-29 10:27:39+00:00,0.008375842127154476,0.0034397165320974436,2.0
2025-09-29 10:27:40+00:00,-0.00821517142477124,0.003601582654157132,2.0
2025-09-29 10:27:41+00:00,0.0049332315302603735,0.0036007022874963196,2.0
2025-09-29 10:27:42+00:00,-0.0057805141761282375,0.0036314058258679082,2.0
2025-09-29 10:27:43+00:00,-0.0008082071939745639,0.0035819776361980513,2.0
2025-09-29 10:27:44+00:00,-0.0010089159780952706,0.0035835280652166605,2.0
2025-09-29 10:27:45+00:00,0.009280805444071616,0.003759634185590628,2.0
2025-09-29 10:27:46+00:00,2.907515524253057e-05,0.0037540647535879088,2.0
2025-09-29 10:27:47+00:00,0.0006046712887286532,0.003705118438952983,2.0
2025-09-29 10:27:48+00:00,-0.012830721304810222,0.0040344812198089735,2.0
2025-09-29 10:27:49+00:00,0.011715781179451268,0.004309492843676032,2.0
2025-09-29 10:27:50+00:00,-0.010297012139450779,0.004515285643956455,2.0
2025-09-29 10:27:51+00:00,0.00812453581043382,0.004629552362041367,2.0
2025-09-29 10:27:52+00:00,-0.008124359529317449,0.004747673712409835,2.0
2025-09-29 10:27:53+00:00,0.009074923680476354,0.004891658060508901,2.0
2025-09-29 10:27:54+00:00,0.0016657972780618202,0.004891227031438933,2.0
2025-09-29 10:27:55+00:00,-0.0004400288803438901,0.0048916358401837525,2.0
2025-09-29 10:27:56+00:00,-0.0007795314701121159,0.004893036694103731,2.0
2025-09-29 10:27:57+00:00,-0.009666945624093981,0.005052966435151737,2.0
2025-09-29 10:27:58+00:00,0.008591165028894121,0.005171299290163393,2.0
2025-09-29 10:27:59+00:00,-0.0009843476155732,0.005172284087916416,2.0
2025-09-29 10:28:00+00:00,0.000143826120856394,0.005171937736855596,2.0
2025-09-29 10:28:01+00:00,0.0003036187951335201,0.0051718485530444355,2.0
2025-09-29 10:28:02+00:00,0.0008246520770798238,0.005172721884675135,2.0
2025-09-29 10:28:03+00:00,-0.008557028031934477,0.005291142120413699,2.0
2025-09-29 10:28:04+00:00,0.006752253145745346,0.005363073583159425,2.0
2025-09-29 10:28:05+00:00,0.0004294937090514317,0.005362510632270808,2.0
2025-09-29 10:28:06+00:00,-0.006114912210989254,0.005416728909733174,2.0
2025-09-29 10:28:07+00:00,-0.0006653217940009171,0.005417326710454137,2.0
2025-09-29 10:28:08+00:00,0.006756178875143348,0.005486502547568054,2.0
2025-09-29 10:28:09+00:00,-0.0005612710925517739,0.005487022358301125,2.0
2025-09-29 10:28:10+00:00,0.001025462924908016,0.005487596478410327,2.0
2025-09-29 10:28:11+00:00,-0.00044001305561158777,0.005487901588520429,2.0
2025-09-29 10:28:12+00:00,-0.005099837248256578,0.005528249611991455,2.0
2025-09-29 10:28:13+00:00,0.0005250577336506357,0.005528664184303328,2.0
2025-09-29 10:28:14+00:00,0.0003553661832089716,0.005528707049832916,2.0
2025-09-29 10:28:15+00:00,0.0017839530019243544,0.005533434266512163,2.0
2025-09-29 10:28:16+00:00,0.00019831133686909475,0.005531355594054228,2.0
2025-09-29 10:28:17+00:00,0.0002435960168307716,0.005526865393278218,2.0
2025-09-29 10:28:18+00:00,-0.005134847071938009,0.005565575443384251,2.0
2025-09-29 10:28:19+00:00,-0.0009915181436949139,0.0055638783929219445,2.0
2025-09-29 10:28:20+00:00,0.005710506346105593,0.005602447350616464,2.0
2025-09-29 10:28:21+00:00,-0.004414193008509981,0.005628967132056478,2.0
2025-09-29 10:28:22+00:00,0.00410741888327526,0.005621132933928118,2.0
2025-09-29 10:28:23+00:00,-0.00019537250819057217,0.005618281969377712,2.0
2025-09-29 10:28:24+00:00,0.0015011212858917489,0.005580777103348907,2.0
2025-09-29 10:28:25+00:00,0.0018516365690588454,0.005585934822500987,2.0
2025-09-29 10:28:26+00:00,0.00018229151396131904,0.005547719914756924,2.0
2025-09-29 10:28:27+00:00,-0.009469565662730384,0.005595885573601723,2.0
2025-09-29 10:28:28+00:00,-0.0007801827257640781,0.005596419794109993,2.0
2025-09-29 10:28:29+00:00,0.009497409438933513,0.005734446667374972,2.0
2025-09-29 10:28:30+00:00,-0.0007148981062629067,0.005679629113391622,2.0
2025-09-29 10:28:31+00:00,0.0009323382443955364,0.005676116500497363,2.0
2025-09-29 10:28:32+00:00,-0.009497889383066616,0.005807016528617629,2.0
2025-09-29 10:28:33+00:00,0.0006255225502924677,0.005732773885681971,2.0
2025-09-29 10:28:34+00:00,-6.593761915496543e-05,0.005732619556581926,2.0
2025-09-29 10:28:35+00:00,0.0003003259624969612,0.005626822990309454,2.0
2025-09-29 10:28:36+00:00,0.004846101407001813,0.005496977812648359,2.0
2025-09-29 10:28:37+00:00,9.100813006668318e-05,0.005497007475175654,2.0
2025-09-29 10:28:38+00:00,-0.0002793158745013624,0.005384174391683008,2.0
2025-09-29 10:28:39+00:00,-0.003987800429645527,0.005293665141176575,2.0
2025-09-29 10:28:40+00:00,-0.00018541169589780804,0.005188438232985787,2.0
2025-09-29 10:28:41+00:00,0.007613876018984556,0.005243596866197986,2.0
2025-09-29 10:28:42+00:00,-0.0001738220385908429,0.005189173886409128,2.0
2025-09-29 10:28:43+00:00,-0.00772002936410654,0.005284549165544139,2.0
2025-09-29 10:28:44+00:00,0.009515807451124791,0.005425259597416334,2.0
2025-09-29 10:28:45+00:00,0.000682464022335294,0.0052910039789161945,2.0
2025-09-29 10:28:46+00:00,-0.009976885229112442,0.0054446909339070666,2.0
2025-09-29 10:28:47+00:00,0.0013797435815074977,0.0054475339469854485,2.0
2025-09-29 10:28:48+00:00,0.011449826255579776,0.005393414438975682,2.0
2025-09-29 10:28:49+00:00,-0.01142976218923486,0.0053853222081966115,2.0
2025-09-29 10:28:50+00:00,0.013453182922708695,0.005499318910428102,2.0
2025-09-29 10:28:51+00:00,-0.0008293856911913977,0.00540222219221253,2.0
2025-09-29 10:28:52+00:00,-0.00013136579360795153,0.0052938014468078545,2.0
2025-09-29 10:28:53+00:00,-0.0009267586990409082,0.00516613721199312,2.0
2025-09-29 10:28:54+00:00,-0.0006549990795082783,0.005162537122426077,2.0
2025-09-29 10:28:55+00:00,0.0022443636372482256,0.005170167118956265,2.0
2025-09-29 10:28:56+00:00,0.0005679151391293491,0.005169393231250901,2.0
2025-09-29 10:28:57+00:00,-0.0021584938062848558,0.005018093015520943,2.0
2025-09-29 10:28:58+00:00,-0.0002052473338655103,0.004895965484649217,2.0
2025-09-29 10:28:59+00:00,0.0029344376799593785,0.004907933304379466,2.0
2025-09-29 10:29:00+00:00,0.0001013495864166103,0.004907933525617688,2.0
2025-09-29 10:29:01+00:00,0.0019256538029142067,0.004913405319600767,2.0
2025-09-29 10:29:02+00:00,2.0874805456427836e-05,0.004912632550473279,2.0
2025-09-29 10:29:03+00:00,-0.0016339987985125592,0.004784597119396117,2.0
2025-09-29 10:29:04+00:00,0.0004690070447745942,0.004708080352774186,2.0
2025-09-29 10:29:05+00:00,-7.144100385714225e-05,0.004708016949341817,2.0
2025-09-29 10:29:06+00:00,-0.0009630995532801112,0.004638478884619613,2.0
2025-09-29 10:29:07+00:00,-0.01343693207905794,0.004961829011876908,2.0
2025-09-29 10:29:08+00:00,0.014744906746598785,0.005244957014625915,2.0
2025-09-29 10:29:09+00:00,-0.01512617918972392,0.0056030619724421245,2.0
2025-09-29 10:29:10+00:00,0.017466403106537243,0.0060435831448623295,2.0
2025-09-29 10:29:11+00:00,-0.015700719669265117,0.00638166345868789,2.0
2025-09-29 10:29:12+00:00,0.016287492449736263,0.0066863968032746185,2.0
2025-09-29 10:29:13+00:00,-0.0005929625172897968,0.00668725788651921,2.0
2025-09-29 10:29:14+00:00,0.00033853120926630176,0.006687254195549265,2.0
2025-09-29 10:29:15+00:00,-0.012768613833242126,0.006891833025462482,2.0
2025-09-29 10:29:16+00:00,1.4102845664609731e-06,0.006891792475801713,2.0
2025-09-29 10:29:17+00:00,-0.00020469154796787237,0.006891782877126754,2.0
2025-09-29 10:29:18+00:00,8.603209763990982e-05,0.006858641534884138,2.0
2025-09-29 10:29:19+00:00,0.014087562885119587,0.007090537881699575,2.0
2025-09-29 10:29:20+00:00,-0.0008655010375865357,0.0070569455521812974,2.0
2025-09-29 10:29:21+00:00,-0.011222098672203806,0.007186517647054324,2.0
2025-09-29 10:29:22+00:00,0.001405639211794929,0.007169568602878964,2.0
2025-09-29 10:29:23+00:00,-0.00037487157092419565,0.0071697217356846785,2.0
2025-09-29 10:29:24+00:00,0.009584103068183802,0.007272192228945616,2.0
2025-09-29 10:29:25+00:00,-0.009954726659592628,0.00738583306850087,2.0
2025-09-29 10:29:26+00:00,0.008290368008037063,0.007462771706797774,2.0
2025-09-29 10:29:27+00:00,-0.007764478411559139,0.007428698691569098,2.0
2025-09-29 10:29:28+00:00,0.00857670718988457,0.0075061007122670595,2.0
2025-09-29 10:29:29+00:00,-0.0010466235165417226,0.007410697655974337,2.0
2025-09-29 10:29:30+00:00,-0.007507780256708729,0.00747582942018506,2.0
2025-09-29 10:29:31+00:00,-0.00024782306957538136,0.007475001687325481,2.0
2025-09-29 10:29:32+00:00,0.010299101806734212,0.007484536604138051,2.0
2025-09-29 10:29:33+00:00,-0.010334077754332704,0.007610449106971059,2.0
2025-09-29 10:29:34+00:00,4.7590212994164105e-05,0.0076104034717231015,2.0
2025-09-29 10:29:35+00:00,0.013011109620572059,0.007788847983338022,2.0
2025-09-29 10:29:36+00:00,-0.013716535496417048,0.007975044811178163,2.0
2025-09-29 10:29:37+00:00,0.013222038574080663,0.008153668890750669,2.0
2025-09-29 10:29:38+00:00,-0.0013400206810709747,0.008156081609229631,2.0
2025-09-29 10:29:39+00:00,-0.015219540980316082,0.008381381219614913,2.0
2025-09-29 10:29:40+00:00,0.0005278690588004231,0.008381491671516594,2.0
2025-09-29 10:29:41+00:00,0.016864649750536476,0.008604169814129831,2.0
2025-09-29 10:29:42+00:00,-0.0003160560451910266,0.008604309493317676,2.0
2025-09-29 10:29:43+00:00,-0.018883743296711386,0.00889540896860395,2.0
2025-09-29 10:29:44+00:00,-0.0014774514689989138,0.008810285325801555,2.0
2025-09-29 10:29:45+00:00,-0.00012676514847109743,0.008809660302137179,2.0
2025-09-29 10:29:46+00:00,-0.002516193046184223,0.008720526384574042,2.0
2025-09-29 10:29:47+00:00,0.0018437568349520816,0.008721981764526788,2.0
2025-09-29 10:29:48+00:00,0.019216554419591247,0.008949434610772468,2.0
2025-09-29 10:29:49+00:00,-0.01867431933700514,0.009154573584578267,2.0
2025-09-29 10:29:50+00:00,0.00011755453884143563,0.008982946570162105,2.0
2025-09-29 10:29:51+00:00,0.0009234476563875216,0.008983754387427517,2.0
2025-09-29 10:29:52+00:00,-6.918454800197704e-05,0.008983763987763885,2.0
2025-09-29 10:29:53+00:00,-0.0007479881587915127,0.008983542303021709,2.0
2025-09-29 10:29:54+00:00,0.021592790697690267,0.00941244716812557,2.0
2025-09-29 10:29:55+00:00,0.0006969679983372945,0.009408848161136959,2.0
2025-09-29 10:29:56+00:00,-0.000289350854423831,0.009408878998001254,2.0
2025-09-29 10:29:57+00:00,-0.02278015547208956,0.009860514872981027,2.0
2025-09-29 10:29:58+00:00,0.021638585655533227,0.010255349319777042,2.0
2025-09-29 10:29:59+00:00,-0.02171983515877063,0.01062988551960109,2.0
2025-09-29 10:30:00+00:00,-0.01129609381341834,0.01072512098740111,2.0
2025-09-29 10:30:01+00:00,0.00016310143038600344,0.010720977037665187,2.0
2025-09-29 10:30:02+00:00,-0.0007640426774161435,0.010720861982255137,2.0
2025-09-29 10:30:03+00:00,-0.0004859645681619673,0.01071977528625237,2.0
2025-09-29 10:30:04+00:00,-6.230802714024541e-05,0.010719221258182952,2.0
2025-09-29 10:30:05+00:00,0.0021245481944087707,0.010724320197388323,2.0
2025-09-29 10:30:06+00:00,-0.0005738500382969081,0.010724106262272196,2.0
2025-09-29 10:30:07+00:00,-0.0003128874282943839,0.010587020291633288,2.0
2025-09-29 10:30:08+00:00,-6.274112119353248e-05,0.010403769112822578,2.0
2025-09-29 10:30:09+00:00,-0.0007844280917580493,0.010223959735002118,2.0
2025-09-29 10:30:10+00:00,-0.000451793089534247,0.009957204306880347,2.0
2025-09-29 10:30:11+00:00,-0.0005776249794919863,0.009755395816784323,2.0
2025-09-29 10:30:12+00:00,0.00010720390518415002,0.009510986130780668,2.0
2025-09-29 10:30:13+00:00,-0.0014799246813665956,0.009511786345031048,2.0
2025-09-29 10:30:14+00:00,-0.00042928838500078115,0.00951110418746569,2.0
2025-09-29 10:30:15+00:00,-0.0001773862692451278,0.009374881466939324,2.0
2025-09-29 10:30:16+00:00,0.0002943142000371157,0.00937513877848037,2.0
2025-09-29 10:30:17+00:00,0.0007392725241490705,0.009376154193239105,2.0
2025-09-29 10:30:18+00:00,0.0003584276780124185,0.00937642000809921,2.0
2025-09-29 10:30:19+00:00,0.001196613876587982,0.009186569740562901,2.0
2025-09-29 10:30:20+00:00,-0.0002578499208961693,0.009186528759788821,2.0
2025-09-29 10:30:21+00:00,0.00013934724813480237,0.00907865451243464,2.0
2025-09-29 10:30:22+00:00,-0.0007657956383888553,0.009075943190970081,2.0
2025-09-29 10:30:23+00:00,-0.0009270413042041792,0.00907623136008155,2.0
2025-09-29 10:30:24+00:00,0.00013795388517268137,0.008981970757004507,2.0
2025-09-29 10:30:25+00:00,-0.0009581278723771458,0.008896718569945896,2.0
2025-09-29 10:30:26+00:00,0.0005305785204723357,0.008824598818997869,2.0
2025-09-29 10:30:27+00:00,-0.0012940653931665658,0.008773869511708872,2.0
2025-09-29 10:30:28+00:00,-0.0009389466974499827,0.008694406777256672,2.0
2025-09-29 10:30:29+00:00,-5.2289867045973715e-05,0.008694418267277267,2.0
2025-09-29 10:30:30+00:00,-0.001357243837486699,0.008647088652547319,2.0
2025-09-29 10:30:31+00:00,-0.00043821542485822373,0.008647050155656179,2.0
2025-09-29 10:30:32+00:00,0.0009842968663191787,0.008533708550850455,2.0
2025-09-29 10:30:33+00:00,0.0007107282610778753,0.008438838580404015,2.0
2025-09-29 10:30:34+00:00,-0.00010539737189407816,0.008438718344291947,2.0
2025-09-29 10:30:35+00:00,-0.00020849702598102482,0.008252584971088182,2.0
2025-09-29 10:30:36+00:00,-0.0013352225646600102,0.008072953046498028,2.0
2025-09-29 10:30:37+00:00,0.0005457457216424544,0.007872866169237814,2.0
2025-09-29 10:30:38+00:00,0.00134540649786552,0.007876490445378586,2.0
2025-09-29 10:30:39+00:00,0.0015909927256141376,0.007643245200490454,2.0
2025-09-29 10:30:40+00:00,0.0007157290447965536,0.007643637623794645,2.0
2025-09-29 10:30:41+00:00,0.000488903868375079,0.007304518259840492,2.0
2025-09-29 10:30:42+00:00,-0.0009298718767739578,0.007304555663240674,2.0
2025-09-29 10:30:43+00:00,-0.00021479365083121316,0.006898965322828209,2.0
2025-09-29 10:30:44+00:00,0.00048297565104138407,0.0068978916529063745,2.0
2025-09-29 10:30:45+00:00,-0.0002621885035891669,0.006897870141410605,2.0
2025-09-29 10:30:46+00:00,-0.0004316914862931842,0.00689156182438575,2.0
2025-09-29 10:30:47+00:00,0.00015285252603258748,0.006886411919425833,2.0
2025-09-29 10:30:48+00:00,0.0003616007443174585,0.006395576355891266,2.0
2025-09-29 10:30:49+00:00,-0.0001978063153175169,0.005937394841474253,2.0
2025-09-29 10:30:50+00:00,0.0001020823127235726,0.005937378501760004,2.0
2025-09-29 10:30:51+00:00,-0.0007302898731030849,0.005935628617579679,2.0
2025-09-29 10:30:52+00:00,-0.0007199289247979967,0.005935816876868468,2.0
2025-09-29 10:30:53+00:00,-0.0008700022652674555,0.005935994318729224,2.0
2025-09-29 10:30:54+00:00,-0.001812372593330891,0.0051957543585824184,2.0
2025-09-29 10:30:55+00:00,-0.0007632588616329761,0.00519256279609045,2.0
2025-09-29 10:30:56+00:00,0.0021045794973373333,0.005205072028941395,2.0
2025-09-29 10:30:57+00:00,-0.0012405145895361125,0.004322649508761763,2.0
2025-09-29 10:30:58+00:00,0.0007215448047157569,0.0032264890737095965,2.0
2025-09-29 10:30:59+00:00,0.0025897621338579757,0.0017055955741025434,1.0
2025-09-29 10:31:00+00:00,-0.0007281171593759295,0.0009037594647421951,0.0
2025-09-29 10:31:01+00:00,-0.00012515197663331978,0.0009031920419823737,0.0
2025-09-29 10:31:02+00:00,0.0005814834398945035,0.0009028350720084177,0.0
2025-09-29 10:31:03+00:00,-0.00012167364552095883,0.0009011859136522114,0.0
2025-09-29 10:31:04+00:00,-0.0010307869466330555,0.0009098620332195248,0.0
2025-09-29 10:31:05+00:00,-0.00012711148641519898,0.000862778106809933,0.0
2025-09-29 10:31:06+00:00,-0.0008252010985257963,0.0008656564673658387,0.0
2025-09-29 10:31:07+00:00,0.0005783319814354204,0.0008698866496091179,0.0
2025-09-29 10:31:08+00:00,-0.0007236013565001809,0.0008735461401998815,0.0
2025-09-29 10:31:09+00:00,0.0007502811093065276,0.0008760443786591319,0.0
2025-09-29 10:31:10+00:00,-8.670110976627399e-05,0.0008747437980521109,0.0
2025-09-29 10:31:11+00:00,0.00047642861411123505,0.0008752100284398645,0.0
2025-09-29 10:31:12+00:00,0.0007372225609398875,0.000881066493301555,0.0
2025-09-29 10:31:13+00:00,-0.00023491516503726384,0.0008613589584824748,0.0
2025-09-29 10:31:14+00:00,-0.0006686755342180106,0.00086377481793789,0.0
2025-09-29 10:31:15+00:00,-0.0010399581906890276,0.0008732702638903997,0.0
2025-09-29 10:31:16+00:00,-0.0008618943147359337,0.0008782466799734631,0.0
2025-09-29 10:31:17+00:00,0.0017383304116256326,0.000902992058888503,0.0
2025-09-29 10:31:18+00:00,0.0008002856453361851,0.0009082025179413936,0.0
2025-09-29 10:31:19+00:00,0.0011597908825573544,0.0009073599416766828,0.0
2025-09-29 10:31:20+00:00,0.00020061832351747633,0.0009074900744455471,0.0
2025-09-29 10:31:21+00:00,0.00045402443816233706,0.0009094512682115693,0.0
2025-09-29 10:31:22+00:00,-0.0017012627751885612,0.000929983166429936,0.0
2025-09-29 10:31:23+00:00,0.00034829040901529495,0.0009241619296086283,0.0
2025-09-29 10:31:24+00:00,-0.0010177518628291526,0.0009326265615360542,0.0
2025-09-29 10:31:25+00:00,0.000440917613508951,0.0009269669417037856,0.0
2025-09-29 10:31:26+00:00,7.005924775871364e-05,0.0009241909360568786,0.0
2025-09-29 10:31:27+00:00,-0.0008188503919689394,0.0009151903792157965,0.0
2025-09-29 10:31:28+00:00,-0.0007155528316389326,0.0009118566260215546,0.0
2025-09-29 10:31:29+00:00,0.0029913350718140386,0.0009912893066247074,1.0
2025-09-29 10:31:30+00:00,0.00108161705062515,0.0009834266589569803,1.0
2025-09-29 10:31:31+00:00,0.0004793153415232343,0.0009825183555179236,1.0
2025-09-29 10:31:32+00:00,-0.0004061939802773029,0.00097734680992224,1.0
2025-09-29 10:31:33+00:00,-0.00023626999821069194,0.0009743419425231409,1.0
2025-09-29 10:31:34+00:00,-0.0015232266963527419,0.000995064784254838,1.0
2025-09-29 10:31:35+00:00,-0.0001045441447794504,0.0009947452960450468,1.0
2025-09-29 10:31:36+00:00,0.0017371400498282785,0.0010025982512892908,1.0
2025-09-29 10:31:37+00:00,-0.0005157972116446308,0.0010035334585783671,1.0
2025-09-29 10:31:38+00:00,-2.5721409555590213e-06,0.0009892161816829643,1.0
2025-09-29 10:31:39+00:00,0.0019015484882316525,0.0009982625289981174,1.0
2025-09-29 10:31:40+00:00,-0.00038360175893759063,0.0009957535909112345,1.0
2025-09-29 10:31:41+00:00,0.0006305131532566843,0.0009970444241032732,1.0
2025-09-29 10:31:42+00:00,0.00011103231884734832,0.0009891726801906154,1.0
2025-09-29 10:31:43+00:00,0.00022888549484090248,0.0009888760460901192,1.0
2025-09-29 10:31:44+00:00,0.001137345484022667,0.0009973074655200054,1.0
2025-09-29 10:31:45+00:00,-0.0005724455340554435,0.000999810977013123,1.0
2025-09-29 10:31:46+00:00,-0.00011461577948346235,0.0009980286580073693,1.0
2025-09-29 10:31:47+00:00,-0.0019668608919907182,0.0010316644334025184,1.0
2025-09-29 10:31:48+00:00,0.0012300283780892762,0.0010424954177397393,1.0
2025-09-29 10:31:49+00:00,-0.0019580091852759995,0.0010736014064795442,1.0
2025-09-29 10:31:50+00:00,0.002013551333954755,0.0011042843144917806,1.0
2025-09-29 10:31:51+00:00,-1.2972398824362408e-05,0.001099649918607987,1.0
2025-09-29 10:31:52+00:00,0.000979261964876299,0.0011012491947292747,1.0
2025-09-29 10:31:53+00:00,0.001036352889565384,0.0011007964181190414,1.0
2025-09-29 10:31:54+00:00,0.00032395309130106575,0.0010715774991191464,1.0
2025-09-29 10:31:55+00:00,-0.0003862277406079251,0.0010672273511841432,1.0
2025-09-29 10:31:56+00:00,0.00033765677707897623,0.001036493630737619,1.0
2025-09-29 10:31:57+00:00,-0.0009890478558621796,0.0010313663084228844,1.0
2025-09-29 10:31:58+00:00,0.000260423803279064,0.0010286064887866707,1.0
2025-09-29 10:31:59+00:00,-0.0009814874701484788,0.0009859124577889418,1.0
2025-09-29 10:32:00+00:00,-0.0008664422128533689,0.0009879555161491844,1.0
2025-09-29 10:32:01+00:00,0.0010228270580896481,0.0009953655585546975,1.0
2025-09-29 10:32:02+00:00,-0.0021220468753254673,0.0010328020901836834,1.0
2025-09-29 10:32:03+00:00,0.0011922986458692275,0.0010432864353447945,1.0
2025-09-29 10:32:04+00:00,-1.6487731418934892e-05,0.001033523978895839,1.0
2025-09-29 10:32:05+00:00,0.000358622365429051,0.0010338204100585574,1.0
2025-09-29 10:32:06+00:00,-0.0010731968781700907,0.001037998601383997,1.0
2025-09-29 10:32:07+00:00,-0.0013116817860778784,0.001051166246997297,1.0
2025-09-29 10:32:08+00:00,-0.0002386973709317397,0.001046997347895087,1.0
2025-09-29 10:32:09+00:00,-0.0004219721866566273,0.0010447387477493944,1.0
2025-09-29 10:32:10+00:00,-0.0012711069965852806,0.0010581897019944235,1.0
2025-09-29 10:32:11+00:00,0.0004569209606255509,0.0010580487490753844,1.0
2025-09-29 10:32:12+00:00,0.0005172398454798,0.0010558841124337032,1.0
2025-09-29 10:32:13+00:00,0.0010395338819093602,0.0010636280657819195,1.0
2025-09-29 10:32:14+00:00,0.0005797163834799779,0.001061878247963339,1.0
2025-09-29 10:32:15+00:00,3.86088083221825e-05,0.0010521330308069484,1.0
2025-09-29 10:32:16+00:00,5.362329747171657e-05,0.0010449770922361116,1.0
2025-09-29 10:32:17+00:00,0.0008745092059425641,0.0010276480595148851,1.0
2025-09-29 10:32:18+00:00,0.00018279539185694915,0.0010233203968943796,1.0
2025-09-29 10:32:19+00:00,0.00018227009712368236,0.0010132845248622116,1.0
2025-09-29 10:32:20+00:00,9.901849582916178e-05,0.0010131067465914173,1.0
2025-09-29 10:32:21+00:00,-0.0011164565660336523,0.0010225867184615145,1.0
2025-09-29 10:32:22+00:00,-0.0006082530702237188,0.0010009429311391674,1.0
2025-09-29 10:32:23+00:00,-0.0006591597832901197,0.0010040676465341706,1.0
2025-09-29 10:32:24+00:00,0.0003090342018750025,0.0009954066609038404,1.0
2025-09-29 10:32:25+00:00,-0.0004579036907725875,0.0009960605503039636,1.0
2025-09-29 10:32:26+00:00,0.0003361339802598895,0.000996848595590771,1.0
2025-09-29 10:32:27+00:00,0.00021558212836758628,0.0009908250006463062,1.0
2025-09-29 10:32:28+00:00,-0.0005606281120522638,0.0009890005088812079,1.0
2025-09-29 10:32:29+00:00,-0.0010437466499503278,0.0009204902867686923,0.0
2025-09-29 10:32:30+00:00,-0.0002996165195237044,0.0009097779581028815,0.0
2025-09-29 10:32:31+00:00,-0.00012688926688986246,0.0009072840389908496,0.0
2025-09-29 10:32:32+00:00,0.0008743209313608613,0.0009137854606766876,0.0
2025-09-29 10:32:33+00:00,0.0013981597817547264,0.0009316590550811658,0.0
2025-09-29 10:32:34+00:00,0.0012018092271104397,0.0009225603561891103,0.0
2025-09-29 10:32:35+00:00,0.0019785955260400723,0.000955462023290545,1.0
2025-09-29 10:32:36+00:00,-0.0010320977486915073,0.0009407968667758849,0.0
2025-09-29 10:32:37+00:00,-0.0013487638876032992,0.0009550729185419728,1.0
2025-09-29 10:32:38+00:00,0.0015402034389169206,0.0009750326474686098,1.0
2025-09-29 10:32:39+00:00,-0.00025870929025950673,0.0009447308004803117,0.0
2025-09-29 10:32:40+00:00,0.0010430122006472864,0.0009526012956646303,1.0
2025-09-29 10:32:41+00:00,0.00048059573741809913,0.0009512025527732516,1.0
2025-09-29 10:32:42+00:00,0.0003969552342191207,0.0009523293788228208,1.0
2025-09-29 10:32:43+00:00,4.468121736156405e-06,0.0009519959145704659,1.0
2025-09-29 10:32:44+00:00,-0.0012504332429603693,0.0009548813699069131,1.0
2025-09-29 10:32:45+00:00,-0.0010120075320733113,0.0009609486054609969,1.0
2025-09-29 10:32:46+00:00,0.0009864867583404546,0.0009695053559216014,1.0
2025-09-29 10:32:47+00:00,0.00018376173640355375,0.0009345861206326787,0.0
2025-09-29 10:32:48+00:00,-0.001034966271743487,0.0009313765762345674,0.0
2025-09-29 10:32:49+00:00,0.0010682797051406734,0.0009050807108677278,0.0
2025-09-29 10:32:50+00:00,-0.0003688504916254942,0.0008690693183073177,0.0
2025-09-29 10:32:51+00:00,0.0012663101567507162,0.0008840255731459442,0.0
2025-09-29 10:32:52+00:00,-0.0010128241046191144,0.000885280798700417,0.0
2025-09-29 10:32:53+00:00,-0.0006025802329776564,0.0008780013172191415,0.0
2025-09-29 10:32:54+00:00,-0.0004986691859968362,0.0008788376988880207,0.0
2025-09-29 10:32:55+00:00,0.0005409316948101761,0.0008808228540874875,0.0
2025-09-29 10:32:56+00:00,0.0005280558946805236,0.0008824968247863479,0.0
2025-09-29 10:32:57+00:00,0.0003155901081550727,0.0008743228602300704,0.0
2025-09-29 10:32:58+00:00,-0.0003509573678768252,0.0008747852262277785,0.0
2025-09-29 10:32:59+00:00,0.0004545605876031811,0.0008674060996833147,0.0
2025-09-29 10:33:00+00:00,0.00022622837024721676,0.0008600772692256511,0.0
2025-09-29 10:33:01+00:00,-0.0013531651270667355,0.0008682870602894222,0.0
2025-09-29 10:33:02+00:00,0.0017473663396121442,0.0008522168917198438,0.0
2025-09-29 10:33:03+00:00,0.0007341345590072823,0.0008438718194311377,0.0
2025-09-29 10:33:04+00:00,0.0003033062440958023,0.0008444669246815788,0.0
2025-09-29 10:33:05+00:00,0.0011800933357777321,0.0008560788149463964,0.0
2025-09-29 10:33:06+00:00,0.00033950175328500976,0.000843520687677445,0.0
2025-09-29 10:33:07+00:00,0.00015138280706050722,0.0008231980765159035,0.0
2025-09-29 10:33:08+00:00,0.0005352522473280885,0.0008236253012023729,0.0
2025-09-29 10:33:09+00:00,-0.00041246003484307625,0.0008235185715130014,0.0
2025-09-29 10:33:10+00:00,-0.0004498204901014491,0.0008065180374589088,0.0
2025-09-29 10:33:11+00:00,-3.131493384744832e-05,0.0008057469587177467,0.0
2025-09-29 10:33:12+00:00,0.0006242272257135362,0.0008067280870718395,0.0
2025-09-29 10:33:13+00:00,-0.0002475336880747303,0.0007993575742365577,0.0
2025-09-29 10:33:14+00:00,0.00048335258337472986,0.0007985022502456114,0.0
2025-09-29 10:33:15+00:00,-0.0008521999264874403,0.000808120117245208,0.0
2025-09-29 10:33:16+00:00,0.0005512394343467619,0.000810212968614873,0.0
2025-09-29 10:33:17+00:00,0.00014307671824509427,0.0008039289708222621,0.0
2025-09-29 10:33:18+00:00,-7.51567152355026e-05,0.0008041336044639255,0.0
2025-09-29 10:33:19+00:00,-0.0016294093754332106,0.0008340410495740947,0.0
2025-09-29 10:33:20+00:00,0.0016364611141925778,0.000858545278383807,0.0
2025-09-29 10:33:21+00:00,-0.001473341853520549,0.0008681903720504989,0.0
2025-09-29 10:33:22+00:00,0.0011096964391092978,0.0008734607749305217,0.0
2025-09-29 10:33:23+00:00,-0.0017467488389008023,0.0009005051734440055,0.0
2025-09-29 10:33:24+00:00,-0.000997930949137027,0.0009108475827875432,0.0
2025-09-29 10:33:25+00:00,-0.0001795803056400258,0.0009088329322615761,0.0
2025-09-29 10:33:26+00:00,-0.0005987939899810835,0.0009122384680797194,0.0
2025-09-29 10:33:27+00:00,0.0005562105207903567,0.0009143024464636541,0.0
2025-09-29 10:33:28+00:00,-0.000914778638688718,0.000919519951862983,0.0
2025-09-29 10:33:29+00:00,0.0005179555981031925,0.0009099055229573146,0.0
2025-09-29 10:33:30+00:00,0.0010933735048710425,0.000917731541289977,0.0
2025-09-29 10:33:31+00:00,-0.00034378517828104194,0.0009190889373877647,0.0
2025-09-29 10:33:32+00:00,-0.0006366271945704716,0.0009182674200806602,0.0
2025-09-29 10:33:33+00:00,-0.0005655979646664866,0.000905276830245607,0.0
2025-09-29 10:33:34+00:00,-0.0013273312573046647,0.0009093277865341695,0.0
2025-09-29 10:33:35+00:00,0.0004302162458396097,0.0008735465203871921,0.0
2025-09-29 10:33:36+00:00,-0.0015401267616209635,0.0008858597727129514,0.0
2025-09-29 10:33:37+00:00,0.00042365385315412674,0.0008706398440589109,0.0
2025-09-29 10:33:38+00:00,0.0001709193037950918,0.0008471367526481166,0.0
2025-09-29 10:33:39+00:00,0.0004042977468272646,0.0008483684550963766,0.0
2025-09-29 10:33:40+00:00,-0.0010525203714075726,0.0008472243612541399,0.0
2025-09-29 10:33:41+00:00,-0.0013247014721755601,0.000860038257775827,0.0
2025-09-29 10:33:42+00:00,-0.0008853969222646363,0.0008639193511568573,0.0
2025-09-29 10:33:43+00:00,-0.0021740428417094115,0.0009042496967825406,0.0
2025-09-29 10:33:44+00:00,-0.0011012392667664184,0.0009013372768063119,0.0
2025-09-29 10:33:45+00:00,0.00044676319457659375,0.000896938353909611,0.0
2025-09-29 10:33:46+00:00,0.0018724219700201328,0.0009222385951703231,0.0
2025-09-29 10:33:47+00:00,0.0009665915703092054,0.0009317480940975742,0.0
2025-09-29 10:33:48+00:00,-0.0007532277089202788,0.0009275681725626504,0.0
2025-09-29 10:33:49+00:00,0.00034763907744150835,0.0009170804261099491,0.0
2025-09-29 10:33:50+00:00,0.001260300362828648,0.0009326694568852257,0.0
2025-09-29 10:33:51+00:00,0.0013671485795283544,0.0009351925890794898,0.0
2025-09-29 10:33:52+00:00,0.00045994731067589,0.0009290990558224252,0.0
2025-09-29 10:33:53+00:00,0.0007345244810914586,0.0009313270197593243,0.0
2025-09-29 10:33:54+00:00,-0.00031133095673729905,0.0009299888164468272,0.0
2025-09-29 10:33:55+00:00,0.000591858805280232,0.0009305243755811776,0.0
2025-09-29 10:33:56+00:00,0.0009847411335708323,0.0009368494116685024,0.0
2025-09-29 10:33:57+00:00,-0.0020381973883991655,0.0009719182728384957,1.0
2025-09-29 10:33:58+00:00,-0.000366068180744028,0.0009720016470260957,1.0
2025-09-29 10:33:59+00:00,-0.00014255233333348993,0.0009698834676139245,1.0
2025-09-29 10:34:00+00:00,1.7660765290417046e-05,0.0009692422510790408,1.0
2025-09-29 10:34:01+00:00,0.0004096012899672541,0.0009558700467180198,1.0
2025-09-29 10:34:02+00:00,-0.000450384348942956,0.0009284678403402844,0.0
2025-09-29 10:34:03+00:00,0.00064755890742485,0.0009272746679052606,0.0
2025-09-29 10:34:04+00:00,-0.00033761244895402776,0.0009266589377156435,0.0
2025-09-29 10:34:05+00:00,0.00011970142611850143,0.0009123163244195615,0.0
2025-09-29 10:34:06+00:00,-0.0005714169341193287,0.0009125812634910324,0.0
2025-09-29 10:34:07+00:00,0.0002275189824263446,0.0009130007287464023,0.0
2025-09-29 10:34:08+00:00,0.0008640633999310587,0.0009178925304373356,0.0
2025-09-29 10:34:09+00:00,-0.0002682892030586581,0.0009172522335549783,0.0
2025-09-29 10:34:10+00:00,0.0012288274614600248,0.0009318466989026957,0.0
2025-09-29 10:34:11+00:00,-0.0011046057048610392,0.0009413300774974709,0.0
2025-09-29 10:34:12+00:00,0.0006949827202924475,0.0009422821142546469,0.0
2025-09-29 10:34:13+00:00,-0.000892470784696231,0.0009478013124821253,0.0
2025-09-29 10:34:14+00:00,-0.0010375625170393477,0.0009523111847080848,1.0
2025-09-29 10:34:15+00:00,-3.140956176994614e-05,0.0009475504483121085,0.0
2025-09-29 10:34:16+00:00,0.00016756982845711477,0.0009443022640333557,0.0
2025-09-29 10:34:17+00:00,0.0013647971930521585,0.0009629769572119142,1.0
2025-09-29 10:34:18+00:00,-0.0003151469071931423,0.0009633875762913936,1.0
2025-09-29 10:34:19+00:00,-0.0020717215422444424,0.0009768873452891253,1.0
2025-09-29 10:34:20+00:00,0.0005798867151360909,0.000954180431529568,1.0
2025-09-29 10:34:21+00:00,-0.0007493367020305897,0.0009413301941614475,0.0
2025-09-29 10:34:22+00:00,-0.0013246508455801997,0.0009402054955693833,0.0
2025-09-29 10:34:23+00:00,-0.0005915921918343559,0.0009186045573795501,0.0
2025-09-29 10:34:24+00:00,0.0008247792596738357,0.0009196932087658707,0.0
2025-09-29 10:34:25+00:00,0.0014231265424926587,0.0009404937008440637,0.0
2025-09-29 10:34:26+00:00,-0.0006416581381725184,0.000940912911879879,0.0
2025-09-29 10:34:27+00:00,0.0002497567872257189,0.000938241061310134,0.0
2025-09-29 10:34:28+00:00,1.8460970703904067e-05,0.0009319306776780404,0.0
2025-09-29 10:34:29+00:00,-0.0011377045897730254,0.0009387933061026625,0.0
2025-09-29 10:34:30+00:00,0.00019413888989139316,0.0009265999759380447,0.0
2025-09-29 10:34:31+00:00,0.0009226353308404711,0.0009355628779818706,0.0
2025-09-29 10:34:32+00:00,-0.0006703243502902412,0.000935907359463816,0.0
2025-09-29 10:34:33+00:00,0.0013683046891368456,0.0009523843180931774,1.0
2025-09-29 10:34:34+00:00,-0.0004945717516748882,0.0009395411361888636,0.0
2025-09-29 10:34:35+00:00,-0.00020924329433802402,0.0009377043155516458,0.0
2025-09-29 10:34:36+00:00,-0.0005391147316045064,0.0009195426967589974,0.0
2025-09-29 10:34:37+00:00,7.243650456856265e-05,0.0009176750566795593,0.0
2025-09-29 10:34:38+00:00,-0.0017736297178803095,0.0009439502908211566,0.0
2025-09-29 10:34:39+00:00,0.0009263360328963799,0.0009508284424987734,0.0
2025-09-29 10:34:40+00:00,0.0014533124605167203,0.0009617676439882568,1.0
2025-09-29 10:34:41+00:00,-0.00142533915878984,0.000964157435189173,1.0
2025-09-29 10:34:42+00:00,-0.00013178055909812691,0.0009576684361839912,1.0
2025-09-29 10:34:43+00:00,-0.000901272306175871,0.0009224639433236862,0.0
2025-09-29 10:34:44+00:00,-0.0002043837298124629,0.0009114005715958741,0.0
2025-09-29 10:34:45+00:00,0.00024967877152137774,0.0009101981606678991,0.0
2025-09-29 10:34:46+00:00,-0.0011394490798364298,0.0008890404953913164,0.0
2025-09-29 10:34:47+00:00,-0.0006856774130109544,0.0008831717669895116,0.0
2025-09-29 10:34:48+00:00,-4.614162364857677e-05,0.0008784562765160385,0.0
2025-09-29 10:34:49+00:00,-0.0002667909136716551,0.0008773558409219754,0.0
2025-09-29 10:34:50+00:00,0.0006585345852094804,0.0008653945904406944,0.0
2025-09-29 10:34:51+00:00,0.0015606174263387285,0.0008711718489845796,0.0
2025-09-29 10:34:52+00:00,-0.000985163175153736,0.000876394036760207,0.0
2025-09-29 10:34:53+00:00,0.00023113677655173248,0.0008707745137333339,0.0
2025-09-29 10:34:54+00:00,0.0007436079619858038,0.0008769964157394497,0.0
2025-09-29 10:34:55+00:00,0.0011041794688455564,0.0008860873060386417,0.0
2025-09-29 10:34:56+00:00,-0.000591963997706002,0.0008775975050576304,0.0
2025-09-29 10:34:57+00:00,-0.00045286527432708557,0.0008412727849657557,0.0
2025-09-29 10:34:58+00:00,0.0004949067074426772,0.0008434853619142386,0.0
2025-09-29 10:34:59+00:00,-0.0009855279498480751,0.0008519275914218327,0.0
2025-09-29 10:35:00+00:00,8.970062327140482e-05,0.0008521042316977269,0.0
2025-09-29 10:35:01+00:00,0.00048195239184867233,0.0008528438419529568,0.0
2025-09-29 10:35:02+00:00,0.0005615629703759062,0.0008551520490161453,0.0
2025-09-29 10:35:03+00:00,0.0003351706693066614,0.0008517717553517394,0.0
2025-09-29 10:35:04+00:00,-0.0012139696693851398,0.0008641051383835682,0.0
2025-09-29 10:35:05+00:00,-0.0014971564154663275,0.0008830693740856874,0.0
2025-09-29 10:35:06+00:00,-0.0019755879925911213,0.0009139054733329035,0.0
2025-09-29 10:35:07+00:00,0.0013338939749585332,0.0009320396029871028,0.0
2025-09-29 10:35:08+00:00,-0.0010105437187615252,0.0009305039360135,0.0
2025-09-29 10:35:09+00:00,0.0010879537720172028,0.0009435647517861908,0.0
2025-09-29 10:35:10+00:00,-0.00032690066769958115,0.0009273513764427296,0.0
2025-09-29 10:35:11+00:00,-0.00046936247915341234,0.0009197142430597917,0.0
2025-09-29 10:35:12+00:00,-0.0003480925920998912,0.0009137600635252981,0.0
2025-09-29 10:35:13+00:00,0.001915412392730298,0.0009461073344825477,0.0
2025-09-29 10:35:14+00:00,-3.019119665592651e-05,0.0009380408203331434,0.0
2025-09-29 10:35:15+00:00,-0.0007107284794234392,0.0009415325368747385,0.0
2025-09-29 10:35:16+00:00,0.0009647635494438589,0.0009508326061357934,0.0
2025-09-29 10:35:17+00:00,6.254748037259894e-05,0.000932006670690325,0.0
2025-09-29 10:35:18+00:00,-0.0009249377458963037,0.0009376982966729354,0.0
2025-09-29 10:35:19+00:00,-0.0011413521195594578,0.0009120557259587075,0.0
2025-09-29 10:35:20+00:00,0.0018281221799230085,0.0009414680324541778,0.0
2025-09-29 10:35:21+00:00,0.00032859415963226724,0.0009386430635282114,0.0
2025-09-29 10:35:22+00:00,0.00010680313292543708,0.0009239283639522753,0.0
2025-09-29 10:35:23+00:00,-0.001879426378074034,0.0009516864416030502,1.0
2025-09-29 10:35:24+00:00,0.0011556580488656376,0.0009578018166025951,1.0
2025-09-29 10:35:25+00:00,-0.0013869153532497513,0.0009533335223586417,1.0
2025-09-29 10:35:26+00:00,-0.002121845351921503,0.0009863020608419104,1.0
2025-09-29 10:35:27+00:00,-0.002043477840728225,0.001015738944746803,1.0
2025-09-29 10:35:28+00:00,0.0010402823194226585,0.0010272461497152212,1.0
2025-09-29 10:35:29+00:00,-0.0012879087492088104,0.0010298963435110605,1.0
2025-09-29 10:35:30+00:00,0.0030265211970308403,0.0011076071981564984,1.0
2025-09-29 10:35:31+00:00,-0.0005625692967085039,0.0011010302314085284,1.0
2025-09-29 10:35:32+00:00,0.00023601002007866967,0.001099580502997835,1.0
2025-09-29 10:35:33+00:00,-0.0009934859801568052,0.0010881313535686052,1.0
2025-09-29 10:35:34+00:00,9.914354375051282e-05,0.0010875991536811464,1.0
2025-09-29 10:35:35+00:00,0.00026718627644339854,0.001088788188978836,1.0
2025-09-29 10:35:36+00:00,-0.0002618763665240831,0.001087598485981915,1.0
2025-09-29 10:35:37+00:00,0.000884704179410889,0.0010950977031867724,1.0
2025-09-29 10:35:38+00:00,0.00011585593560670127,0.001073373190996244,1.0
2025-09-29 10:35:39+00:00,0.0003085735337344797,0.0010665205597787677,1.0
2025-09-29 10:35:40+00:00,-0.0017133552032773114,0.0010673100730334386,1.0
2025-09-29 10:35:41+00:00,-0.0010694203430400284,0.001061019821036536,1.0
2025-09-29 10:35:42+00:00,0.0004321591326852392,0.0010635416984584767,1.0
2025-09-29 10:35:43+00:00,-0.000679413335344714,0.0010611814785210193,1.0
2025-09-29 10:35:44+00:00,0.000276351203387204,0.0010623607068971283,1.0
2025-09-29 10:35:45+00:00,0.0003694317501041766,0.0010631671044487286,1.0
2025-09-29 10:35:46+00:00,0.0005995921749284427,0.0010583671889100746,1.0
2025-09-29 10:35:47+00:00,-0.0005310850932574995,0.0010570617491748907,1.0
2025-09-29 10:35:48+00:00,0.00022096042428421114,0.0010577694642062694,1.0
2025-09-29 10:35:49+00:00,-0.00038513884830715384,0.0010582421396974667,1.0
2025-09-29 10:35:50+00:00,0.0011328932179199835,0.0010655816910888018,1.0
2025-09-29 10:35:51+00:00,-0.002673398493833412,0.001095558377872498,1.0
2025-09-29 10:35:52+00:00,-0.00027974897310334423,0.0010901096261578308,1.0
2025-09-29 10:35:53+00:00,-4.3632999902065706e-05,0.0010891497412000948,1.0
2025-09-29 10:35:54+00:00,-0.000300251574083199,0.0010832288228614564,1.0
2025-09-29 10:35:55+00:00,0.0019395539443400889,0.0011047831676077988,1.0
2025-09-29 10:35:56+00:00,-0.000628089082106098,0.0011050453518759707,1.0
2025-09-29 10:35:57+00:00,-0.0005265507133633829,0.0011054429857183697,1.0
2025-09-29 10:35:58+00:00,0.000987706741910399,0.0011120394042631373,1.0
2025-09-29 10:35:59+00:00,-0.0009060176277105869,0.0011110498212958265,1.0
2025-09-29 10:36:00+00:00,-0.00016262669451372336,0.0011106858930326506,1.0
2025-09-29 10:36:01+00:00,0.0021509844966085545,0.0011466685268087904,1.0
2025-09-29 10:36:02+00:00,0.0010696154633056398,0.0011535315668833607,1.0
2025-09-29 10:36:03+00:00,-0.0005345764994171276,0.0011534759087442647,1.0
2025-09-29 10:36:04+00:00,-0.0013057268947594958,0.0011550223964018516,1.0
2025-09-29 10:36:05+00:00,0.00012574775882034928,0.00114097198626063,1.0
2025-09-29 10:36:06+00:00,-0.0006309469444617521,0.0011161596102070843,1.0
2025-09-29 10:36:07+00:00,0.0003643190745656888,0.0011025226516384018,1.0
2025-09-29 10:36:08+00:00,-3.0119079193480225e-05,0.001095734884762658,1.0
2025-09-29 10:36:09+00:00,0.00026468235973964305,0.0010861885197577439,1.0
2025-09-29 10:36:10+00:00,-0.002617775514751286,0.0011343222292294931,1.0
2025-09-29 10:36:11+00:00,-0.0013083740842729785,0.0011438946314664433,1.0
2025-09-29 10:36:12+00:00,0.0003107469296783627,0.0011449183911275392,1.0
2025-09-29 10:36:13+00:00,-0.0013227295214316426,0.0011235585501668086,1.0
2025-09-29 10:36:14+00:00,0.0009232650913013618,0.0011323076976606267,1.0
2025-09-29 10:36:15+00:00,0.0009838832953219523,0.0011393536444811762,1.0
2025-09-29 10:36:16+00:00,-0.0001217520981124931,0.001130290567348841,1.0
2025-09-29 10:36:17+00:00,-0.0011663680522665532,0.0011375578201856507,1.0
2025-09-29 10:36:18+00:00,-0.00032250606315709085,0.0011334013772665355,1.0
2025-09-29 10:36:19+00:00,-5.058397541279902e-05,0.0011260606670697657,1.0
2025-09-29 10:36:20+00:00,-0.0003536898190507065,0.0010963186317552258,1.0
2025-09-29 10:36:21+00:00,0.0003149196246514663,0.0010962136536056314,1.0
2025-09-29 10:36:22+00:00,-0.0008058050363849434,0.0010985675327247345,1.0
2025-09-29 10:36:23+00:00,0.0003624702725828488,0.0010780707946360963,1.0
2025-09-29 10:36:24+00:00,-1.636625157230842e-05,0.0010644944242768285,1.0
2025-09-29 10:36:25+00:00,-0.0009246410130665517,0.0010572020734962739,1.0
2025-09-29 10:36:26+00:00,0.0006325822805244297,0.0010302293878498734,1.0
2025-09-29 10:36:27+00:00,0.0016859251167571365,0.0010246190878179715,1.0
2025-09-29 10:36:28+00:00,0.0008922757951339566,0.0010221088941866972,1.0
2025-09-29 10:36:29+00:00,-0.00026328287840282627,0.0010097126103155239,1.0
2025-09-29 10:36:30+00:00,0.0005175489281166179,0.0009292290008099842,0.0
2025-09-29 10:36:31+00:00,0.0016007716407147043,0.0009520247167755044,1.0
2025-09-29 10:36:32+00:00,0.0009264762683867112,0.0009596542173965584,1.0
2025-09-29 10:36:33+00:00,0.0004469550677668188,0.0009532953938483233,1.0
2025-09-29 10:36:34+00:00,0.00015203325308599247,0.0009534244868136978,1.0
2025-09-29 10:36:35+00:00,-0.00010524451324667172,0.0009527930833395351,1.0
2025-09-29 10:36:36+00:00,-0.0002576207592994706,0.0009527747392401767,1.0
2025-09-29 10:36:37+00:00,-0.0011130403164532066,0.0009556179265903792,1.0
2025-09-29 10:36:38+00:00,-0.0003876538848500699,0.000956341103802883,1.0
2025-09-29 10:36:39+00:00,0.001091331462973688,0.00096672418815627,1.0
2025-09-29 10:36:40+00:00,0.0019587867119941205,0.0009755782630870124,1.0
2025-09-29 10:36:41+00:00,0.00016043379971186766,0.0009652697606748616,1.0
2025-09-29 10:36:42+00:00,-0.0015748167296171234,0.0009858515312751804,1.0
2025-09-29 10:36:43+00:00,-0.00019736353377663995,0.0009821598171688253,1.0
2025-09-29 10:36:44+00:00,-0.00045346023902159693,0.0009833268499849594,1.0
2025-09-29 10:36:45+00:00,0.00012161986514813705,0.0009822605138369244,1.0
2025-09-29 10:36:46+00:00,0.00011619477707114356,0.0009791864113607841,1.0
2025-09-29 10:36:47+00:00,0.00047888697568554406,0.000978829529427352,1.0
2025-09-29 10:36:48+00:00,0.0004364492460311453,0.000980038415672256,1.0
2025-09-29 10:36:49+00:00,2.9554325262415304e-05,0.0009786922842528066,1.0
2025-09-29 10:36:50+00:00,-0.0008173870528910276,0.0009732469324665592,1.0
2025-09-29 10:36:51+00:00,-0.00046845322820399105,0.0009109663366258505,0.0
2025-09-29 10:36:52+00:00,-0.00010537464229309901,0.0009102799288435318,0.0
2025-09-29 10:36:53+00:00,-0.0007093595957808896,0.0009151178597205414,0.0
2025-09-29 10:36:54+00:00,-0.00044492549387287195,0.0009161373120260549,0.0
2025-09-29 10:36:55+00:00,0.0002515002686627188,0.0008810264431590144,0.0
2025-09-29 10:36:56+00:00,0.0012095055148777512,0.0008914519542051397,0.0
2025-09-29 10:36:57+00:00,0.0006549136793567722,0.00089246152167728,0.0
2025-09-29 10:36:58+00:00,-0.0011174765402620634,0.0008955108240498165,0.0
2025-09-29 10:36:59+00:00,-0.0010372306730307423,0.0008979029162697702,0.0
2025-09-29 10:37:00+00:00,0.0005306959550421819,0.0009003400447726137,0.0
2025-09-29 10:37:01+00:00,0.0006250116754200619,0.0008592607161490183,0.0
2025-09-29 10:37:02+00:00,-0.0002454234916761111,0.0008476351761513066,0.0
2025-09-29 10:37:03+00:00,-0.0005687689366061788,0.0008479820023200753,0.0
2025-09-29 10:37:04+00:00,-0.0007897113948066581,0.000837526889943369,0.0
2025-09-29 10:37:05+00:00,-0.0009176459358388733,0.0008449116078450557,0.0
2025-09-29 10:37:06+00:00,0.0005206740337535543,0.0008446490380006939,0.0
2025-09-29 10:37:07+00:00,-0.00021201040298857166,0.0008433164867205112,0.0
2025-09-29 10:37:08+00:00,-0.0012346373617986295,0.0008572082198848285,0.0
2025-09-29 10:37:09+00:00,0.0003819824038315822,0.0008581034982214273,0.0
2025-09-29 10:37:10+00:00,-0.0017763341257590604,0.0008217296961119064,0.0
2025-09-29 10:37:11+00:00,-0.0005927724347555285,0.0008082064873558963,0.0
2025-09-29 10:37:12+00:00,0.0017661666033255141,0.0008400039270962651,0.0
2025-09-29 10:37:13+00:00,6.785533025799317e-05,0.0008222135646756653,0.0
2025-09-29 10:37:14+00:00,-0.00019453319714657358,0.0008138248729928172,0.0
2025-09-29 10:37:15+00:00,-0.0005571400379851266,0.0008063005684508744,0.0
2025-09-29 10:37:16+00:00,0.0009581875000566065,0.0008162739718756541,0.0
2025-09-29 10:37:17+00:00,0.0011633128005557047,0.0008159783727534213,0.0
2025-09-29 10:37:18+00:00,-0.00048765277752860214,0.0008174442170017846,0.0
2025-09-29 10:37:19+00:00,-0.0004275049724536961,0.000819451408778701,0.0
2025-09-29 10:37:20+00:00,-9.863345033944704e-06,0.0008180306884274257,0.0
2025-09-29 10:37:21+00:00,0.0006137552686669157,0.0008207576490300992,0.0
2025-09-29 10:37:22+00:00,-4.6215872014920834e-05,0.0008135415422641616,0.0
2025-09-29 10:37:23+00:00,0.0005295433695999829,0.0008149544881158904,0.0
2025-09-29 10:37:24+00:00,-0.0010399052826187694,0.0008268045749192051,0.0
2025-09-29 10:37:25+00:00,0.0005379883352198966,0.0008198923282578364,0.0
2025-09-29 10:37:26+00:00,0.0012673223952504031,0.0008315691284112723,0.0
2025-09-29 10:37:27+00:00,0.0005751612395554773,0.000806729439711562,0.0
2025-09-29 10:37:28+00:00,0.000703017493310254,0.0008037068983147126,0.0
2025-09-29 10:37:29+00:00,-0.001380518605015424,0.000823488889582114,0.0
2025-09-29 10:37:30+00:00,0.0004677316124883646,0.0008230023944967318,0.0
2025-09-29 10:37:31+00:00,0.001319431385374159,0.0008145896702918207,0.0
2025-09-29 10:37:32+00:00,0.0016747862746393505,0.0008342994150896234,0.0
2025-09-29 10:37:33+00:00,-0.0011030614982178166,0.000844963288334594,0.0
2025-09-29 10:37:34+00:00,0.00017633124153104696,0.0008450432826839927,0.0
2025-09-29 10:37:35+00:00,0.0010714311887534134,0.0008561345313559556,0.0
2025-09-29 10:37:36+00:00,-0.001549614622915696,0.0008791699894583244,0.0
2025-09-29 10:37:37+00:00,-0.0015488935954047767,0.0008902393672814123,0.0
2025-09-29 10:37:38+00:00,0.0008299157453426353,0.0008953228589123473,0.0
2025-09-29 10:37:39+00:00,4.9246139127490096e-05,0.0008840543170569285,0.0
2025-09-29 10:37:40+00:00,0.000830952744412361,0.0008530150723431149,0.0
2025-09-29 10:37:41+00:00,-0.0002548733257929925,0.0008531714388541709,0.0
2025-09-29 10:37:42+00:00,-0.0011386593760542851,0.0008415803759990413,0.0
2025-09-29 10:37:43+00:00,0.0012195613831571528,0.0008563959632700348,0.0
2025-09-29 10:37:44+00:00,0.0006739749939248529,0.000858662398960518,0.0
2025-09-29 10:37:45+00:00,-0.0006549259035448785,0.0008629150689323813,0.0
2025-09-29 10:37:46+00:00,-0.000613745656264375,0.0008664590744944315,0.0
2025-09-29 10:37:47+00:00,5.607064057722155e-06,0.0008641103363050597,0.0
2025-09-29 10:37:48+00:00,-0.0020498180782402287,0.0009009215013561746,0.0
2025-09-29 10:37:49+00:00,-0.00010112458510558309,0.0009008679233075224,0.0
2025-09-29 10:37:50+00:00,-1.4451710751983704e-05,0.0008953530797575922,0.0
2025-09-29 10:37:51+00:00,0.0016227037879443795,0.0009189898792020001,0.0
2025-09-29 10:37:52+00:00,0.00017015620525695496,0.000919195798707935,0.0
2025-09-29 10:37:53+00:00,-0.0008258856186494912,0.000920829055810841,0.0
2025-09-29 10:37:54+00:00,0.0004638730160759774,0.0009209910014191066,0.0
2025-09-29 10:37:55+00:00,0.00015156839675745104,0.0009206323103297166,0.0
2025-09-29 10:37:56+00:00,0.00099678968537531,0.0009163174628104443,0.0
2025-09-29 10:37:57+00:00,-0.0005531534016478545,0.0009150027470185364,0.0
2025-09-29 10:37:58+00:00,0.00031198012774047434,0.0009044381878288637,0.0
2025-09-29 10:37:59+00:00,-0.0017090148107615777,0.0009215656545581003,0.0
2025-09-29 10:38:00+00:00,-0.00021345520503313065,0.0009192336680260188,0.0
2025-09-29 10:38:01+00:00,-0.0002519908305635976,0.0009158060291466809,0.0
2025-09-29 10:38:02+00:00,0.0005520514187551395,0.0009184447067973818,0.0
2025-09-29 10:38:03+00:00,9.999903198742999e-05,0.0009157146725339965,0.0
2025-09-29 10:38:04+00:00,0.0015020259029256966,0.0009302335975434582,0.0
2025-09-29 10:38:05+00:00,-0.0009791276676461846,0.0009313286770895048,0.0
2025-09-29 10:38:06+00:00,-0.0019144012494344276,0.0009620987325778794,1.0
2025-09-29 10:38:07+00:00,0.0019725053163652806,0.0009951430985113017,1.0
2025-09-29 10:38:08+00:00,0.0006137582512135697,0.0009840340728866357,1.0
2025-09-29 10:38:09+00:00,0.0005932021375893992,0.0009855970784193701,1.0
2025-09-29 10:38:10+00:00,-0.0005332916441872504,0.0009590632464441462,1.0
2025-09-29 10:38:11+00:00,0.0038402825413734742,0.001070616603372971,1.0
2025-09-29 10:38:12+00:00,0.0014099231493713837,0.0010624812160649987,1.0
2025-09-29 10:38:13+00:00,-0.0004112234747108978,0.0010648915425374719,1.0
2025-09-29 10:38:14+00:00,-0.0004186864737119045,0.0010664773048696635,1.0
2025-09-29 10:38:15+00:00,-0.0006953410350200029,0.0010681483639338003,1.0
2025-09-29 10:38:16+00:00,0.0008044743460233761,0.001066320938769918,1.0
2025-09-29 10:38:17+00:00,-0.0001934668914286286,0.0010584252228334372,1.0
2025-09-29 10:38:18+00:00,-0.0024330828583599695,0.0011057485683504868,1.0
2025-09-29 10:38:19+00:00,-0.0010495101570838772,0.0011134421779358577,1.0
2025-09-29 10:38:20+00:00,3.8346509636078e-05,0.0011134038529114927,1.0
2025-09-29 10:38:21+00:00,0.0003435494324510735,0.001111699487056617,1.0
2025-09-29 10:38:22+00:00,-0.0015823057586435985,0.0011317489657128301,1.0
2025-09-29 10:38:23+00:00,0.0008918348446653734,0.0011353832830192524,1.0
2025-09-29 10:38:24+00:00,4.248997875588856e-05,0.0011264526701199949,1.0
2025-09-29 10:38:25+00:00,-0.001016581459753696,0.0011331501552213127,1.0
2025-09-29 10:38:26+00:00,0.0003347584263688752,0.0011223034577210536,1.0
2025-09-29 10:38:27+00:00,0.0003899120640922238,0.0011210026524209606,1.0
2025-09-29 10:38:28+00:00,-0.001014166590212029,0.001125086083755976,1.0
2025-09-29 10:38:29+00:00,0.001666952465190219,0.001131045030365378,1.0
2025-09-29 10:38:30+00:00,0.0010107921283091237,0.0011366970987240444,1.0
2025-09-29 10:38:31+00:00,-0.00045814447745218256,0.0011261003595375411,1.0
2025-09-29 10:38:32+00:00,-0.0009999207914704877,0.0011122541514140196,1.0
2025-09-29 10:38:33+00:00,7.595919458980305e-06,0.00110324231845074,1.0
2025-09-29 10:38:34+00:00,0.0016223664045227348,0.0011229594414843295,1.0
2025-09-29 10:38:35+00:00,-4.833894246447645e-05,0.0011143926165246482,1.0
2025-09-29 10:38:36+00:00,-0.00023514908405974921,0.001096239826911595,1.0
2025-09-29 10:38:37+00:00,0.000945803690159952,0.0010829874472175272,1.0
2025-09-29 10:38:38+00:00,-0.0009115213058703553,0.0010853571289831654,1.0
2025-09-29 10:38:39+00:00,0.0014217644258638362,0.0011000963239330668,1.0
2025-09-29 10:38:40+00:00,-0.00025022784564388,0.001096011446929919,1.0
2025-09-29 10:38:41+00:00,-0.0004239942935767571,0.0010969907418849148,1.0
2025-09-29 10:38:42+00:00,-0.0015633028820466466,0.001106015708154995,1.0
2025-09-29 10:38:43+00:00,-0.0008659021570750491,0.0011006489337290848,1.0
2025-09-29 10:38:44+00:00,0.00046450653809504416,0.0010987795100642897,1.0
2025-09-29 10:38:45+00:00,0.00023565878228226644,0.0010959528713650425,1.0
2025-09-29 10:38:46+00:00,0.00016424715325991102,0.001093127593761853,1.0
2025-09-29 10:38:47+00:00,0.0017565534748726908,0.0011159718742534378,1.0
2025-09-29 10:38:48+00:00,-0.0005238167612802158,0.0010843522162444742,1.0
2025-09-29 10:38:49+00:00,-0.0016968127357441798,0.0011079529777875935,1.0
2025-09-29 10:38:50+00:00,-0.00035190149911124013,0.0011091119789127877,1.0
2025-09-29 10:38:51+00:00,-0.00010638531228712722,0.0010895466042031147,1.0
2025-09-29 10:38:52+00:00,0.00017935753241538066,0.0010895702005824192,1.0
2025-09-29 10:38:53+00:00,0.0005727993498181316,0.0010863413807156162,1.0
2025-09-29 10:38:54+00:00,0.0006781299152529563,0.0010881314186061506,1.0
2025-09-29 10:38:55+00:00,-0.00024721937714611286,0.0010886367136450793,1.0
2025-09-29 10:38:56+00:00,0.00012717199525047462,0.0010813142978138353,1.0
2025-09-29 10:38:57+00:00,3.9871291996451674e-05,0.0010787335478838916,1.0
2025-09-29 10:38:58+00:00,0.0010501782207184007,0.0010862386764993576,1.0
2025-09-29 10:38:59+00:00,-0.0006716223586675785,0.0010660294419047543,1.0
2025-09-29 10:39:00+00:00,-0.0015457159131110343,0.001085418613221701,1.0
2025-09-29 10:39:01+00:00,0.001347648105544108,0.0010978741265373125,1.0
2025-09-29 10:39:02+00:00,-0.0002747651207972712,0.001096777393948458,1.0
2025-09-29 10:39:03+00:00,0.00046908669031919814,0.0010981203227257207,1.0
2025-09-29 10:39:04+00:00,-0.0009616489022686858,0.001089005975580884,1.0
2025-09-29 10:39:05+00:00,-0.001294527557694658,0.001094612978091811,1.0
2025-09-29 10:39:06+00:00,0.0007055632370993603,0.001068668149532747,1.0
2025-09-29 10:39:07+00:00,0.0003212748281293809,0.0010391579250873728,1.0
2025-09-29 10:39:08+00:00,0.0005012035705800333,0.0010381724227271454,1.0
2025-09-29 10:39:09+00:00,0.0002491176664694006,0.0010359001910279697,1.0
2025-09-29 10:39:10+00:00,-0.0004055382024097387,0.001034886491248168,1.0
2025-09-29 10:39:11+00:00,0.0002612019257690612,0.0009058433163807756,0.0
2025-09-29 10:39:12+00:00,-0.0005984533029131933,0.000888168693647207,0.0
2025-09-29 10:39:13+00:00,0.0031360832071287703,0.000978952078175527,1.0
2025-09-29 10:39:14+00:00,-0.0011210034807267455,0.0009879858818854313,1.0
2025-09-29 10:39:15+00:00,-0.0008563238012992969,0.000990041642039279,1.0
2025-09-29 10:39:16+00:00,-0.0005613625019047497,0.0009861770060646696,1.0
2025-09-29 10:39:17+00:00,-0.0009743737134781938,0.0009931665903412977,1.0
2025-09-29 10:39:18+00:00,0.0014697555990694777,0.0009629758931773191,1.0
2025-09-29 10:39:19+00:00,-0.0011540459424917993,0.0009649942935433181,1.0
2025-09-29 10:39:20+00:00,0.0001166372802221538,0.0009651061253148525,1.0
2025-09-29 10:39:21+00:00,-0.0007618063474360559,0.0009689175710509021,1.0
2025-09-29 10:39:22+00:00,0.00028330052824565577,0.0009476864155801917,0.0
2025-09-29 10:39:23+00:00,0.001602314807353844,0.0009632098247564519,1.0
2025-09-29 10:39:24+00:00,0.0009399408182320101,0.0009704847602384085,1.0
2025-09-29 10:39:25+00:00,0.0001135375593965815,0.0009606208995086634,1.0
2025-09-29 10:39:26+00:00,-0.0007862589354431515,0.0009659765454387437,1.0
2025-09-29 10:39:27+00:00,0.0020105475597547162,0.000998150253409897,1.0
2025-09-29 10:39:28+00:00,-0.0008879506758857625,0.0009959713188210468,1.0
2025-09-29 10:39:29+00:00,0.00010970910695817793,0.0009735712076260532,1.0
2025-09-29 10:39:30+00:00,0.00045270244552786387,0.0009667774132260025,1.0
2025-09-29 10:39:31+00:00,-0.0002344446832925895,0.0009652920535201952,1.0
2025-09-29 10:39:32+00:00,-0.0023293938516250057,0.0010039141494561188,1.0
2025-09-29 10:39:33+00:00,0.0010525440687763066,0.0010128628025426088,1.0
2025-09-29 10:39:34+00:00,0.0011462506802186745,0.0010019768002265815,1.0
2025-09-29 10:39:35+00:00,0.0014076949115038317,0.0010177681756614759,1.0
2025-09-29 10:39:36+00:00,0.0012897583397086798,0.0010296090316608136,1.0
2025-09-29 10:39:37+00:00,0.0004237130090363195,0.0010242831349458355,1.0
2025-09-29 10:39:38+00:00,-0.00018194285010608713,0.0010168297285010179,1.0
2025-09-29 10:39:39+00:00,-0.0004747412004340035,0.001003630360086536,1.0
2025-09-29 10:39:40+00:00,-0.0016438444570553434,0.0010263965888535273,1.0
2025-09-29 10:39:41+00:00,0.001458858030130239,0.0010412779295673339,1.0
2025-09-29 10:39:42+00:00,-4.856529687669031e-05,0.0010196121832322217,1.0
2025-09-29 10:39:43+00:00,0.0007221711317890733,0.0010153431381574253,1.0
2025-09-29 10:39:44+00:00,-0.0019189963608445826,0.0010470803278374906,1.0
2025-09-29 10:39:45+00:00,0.0007997523041558541,0.0010511811275880874,1.0
2025-09-29 10:39:46+00:00,0.0006598296394670911,0.0010538585137845598,1.0
2025-09-29 10:39:47+00:00,-0.0008833577345807031,0.0010376890288688189,1.0
2025-09-29 10:39:48+00:00,-2.1219626953783433e-05,0.0010351131679011691,1.0
2025-09-29 10:39:49+00:00,0.00022076421287198222,0.0010097119131934982,1.0
2025-09-29 10:39:50+00:00,0.0012258149875412627,0.001018854855904641,1.0
2025-09-29 10:39:51+00:00,0.0012825124981459268,0.0010297295631371273,1.0
2025-09-29 10:39:52+00:00,-0.0007144416100360873,0.0010354008509172188,1.0
2025-09-29 10:39:53+00:00,-0.0002933272472293025,0.0010348989747361924,1.0
2025-09-29 10:39:54+00:00,0.0007647882066503797,0.0010357836544609249,1.0
2025-09-29 10:39:55+00:00,-0.00181272511500008,0.0010639760868918632,1.0
2025-09-29 10:39:56+00:00,-0.0008252175003808926,0.0010702321709274028,1.0
2025-09-29 10:39:57+00:00,0.00047937367393591224,0.0010716188287634076,1.0
2025-09-29 10:39:58+00:00,4.758972407414852e-05,0.0010637675569356267,1.0
2025-09-29 10:39:59+00:00,-0.00033250651477934046,0.0010607801907399237,1.0
2025-09-29 10:40:00+00:00,0.001581436463513386,0.0010577241345446399,1.0
2025-09-29 10:40:01+00:00,0.000577687567406393,0.0010470087421736894,1.0
2025-09-29 10:40:02+00:00,0.0021290958045760977,0.0010782563188046286,1.0
2025-09-29 10:40:03+00:00,-0.00023055891456724709,0.001078334755357242,1.0
2025-09-29 10:40:04+00:00,0.0006999502088440579,0.001071384556535745,1.0
2025-09-29 10:40:05+00:00,0.00044197056340133933,0.0010550797469555714,1.0
2025-09-29 10:40:06+00:00,-0.0016305261945778193,0.0010781037789470602,1.0
2025-09-29 10:40:07+00:00,0.0003827256886208552,0.0010783097500837735,1.0
2025-09-29 10:40:08+00:00,-0.001095071386426616,0.0010888694330554716,1.0
2025-09-29 10:40:09+00:00,0.0015797013554548212,0.0011051234765304754,1.0
2025-09-29 10:40:10+00:00,-0.0002276954245963303,0.0011038873100070457,1.0
2025-09-29 10:40:11+00:00,-0.001736924228792125,0.0011299346714786847,1.0
2025-09-29 10:40:12+00:00,-0.0010726774414606677,0.001136574300109929,1.0
2025-09-29 10:40:13+00:00,-0.00011754636242244931,0.0010644276234179184,1.0
2025-09-29 10:40:14+00:00,8.841597542841306e-05,0.0010534174593435375,1.0
2025-09-29 10:40:15+00:00,0.0019111017906385808,0.001072908157645351,1.0
2025-09-29 10:40:16+00:00,0.0011870765325896482,0.0010781326946972772,1.0
2025-09-29 10:40:17+00:00,-0.0007589052132429552,0.00107471877461544,1.0
2025-09-29 10:40:18+00:00,0.0003426274883613356,0.0010608679607046483,1.0
2025-09-29 10:40:19+00:00,0.0006623063960593534,0.001049676371598853,1.0
2025-09-29 10:40:20+00:00,0.0005888829251423644,0.0010511693633838996,1.0
2025-09-29 10:40:21+00:00,-0.0009130052595616167,0.001053596970241434,1.0
2025-09-29 10:40:22+00:00,-0.0003590646563486066,0.00105556651241589,1.0
2025-09-29 10:40:23+00:00,-0.0008733986452753584,0.001046080651474497,1.0
2025-09-29 10:40:24+00:00,0.0015192111467325908,0.0010565260940318465,1.0
2025-09-29 10:40:25+00:00,0.00020311509674386663,0.0010565859446916353,1.0
2025-09-29 10:40:26+00:00,0.0005468772562835511,0.0010512641869177726,1.0
2025-09-29 10:40:27+00:00,-0.00024398347608922677,0.001023175448423544,1.0
2025-09-29 10:40:28+00:00,-0.0006108844043426487,0.0010192492881247678,1.0
2025-09-29 10:40:29+00:00,-0.00016000952522410294,0.0010198303399732735,1.0
2025-09-29 10:40:30+00:00,0.0004948241407785048,0.0010200901800137758,1.0
2025-09-29 10:40:31+00:00,1.4505706542156105e-05,0.0010192007363347085,1.0
2025-09-29 10:40:32+00:00,9.489628126946315e-05,0.0009677286272897602,1.0
2025-09-29 10:40:33+00:00,0.0002117004058090899,0.0009604603725494999,1.0
2025-09-29 10:40:34+00:00,0.00044314921755983505,0.0009521469548612968,1.0
2025-09-29 10:40:35+00:00,-0.0009309743080789801,0.0009464625262217426,0.0
2025-09-29 10:40:36+00:00,-0.0005633613046851504,0.0009365912472859629,0.0
2025-09-29 10:40:37+00:00,0.0005065811918629759,0.0009372098035968773,0.0
2025-09-29 10:40:38+00:00,-6.793071438826459e-05,0.0009368404135172018,0.0
2025-09-29 10:40:39+00:00,0.0010814103895622207,0.0009434399170318259,0.0
2025-09-29 10:40:40+00:00,0.00016507097300433315,0.0009158848341287016,0.0
2025-09-29 10:40:41+00:00,0.0005913945882636273,0.0009009763621290435,0.0
2025-09-29 10:40:42+00:00,-0.0011424386419366384,0.0009149260518868682,0.0
2025-09-29 10:40:43+00:00,0.00030657758411778424,0.0009115375447372295,0.0
2025-09-29 10:40:44+00:00,-8.796532830546155e-05,0.0008736272734729667,0.0
2025-09-29 10:40:45+00:00,0.0008199951567224861,0.0008739051201051855,0.0
2025-09-29 10:40:46+00:00,0.000903556019451246,0.000877100444013863,0.0
2025-09-29 10:40:47+00:00,0.0006788101190844387,0.0008703788707721822,0.0
2025-09-29 10:40:48+00:00,-0.00039636849418356324,0.0008728462028500917,0.0
2025-09-29 10:40:49+00:00,-0.000281504363015328,0.000874332145201763,0.0
2025-09-29 10:40:50+00:00,-0.0022969140393576115,0.0009159617674447978,0.0
2025-09-29 10:40:51+00:00,0.000797369800567882,0.0009070782496415518,0.0
2025-09-29 10:40:52+00:00,-0.0009009579738815665,0.00091006107288849,0.0
2025-09-29 10:40:53+00:00,0.0003050144433922597,0.0009095353339643462,0.0
2025-09-29 10:40:54+00:00,0.00022298496306505378,0.0009050778501678783,0.0
2025-09-29 10:40:55+00:00,0.0003576065735957368,0.0008721846225793648,0.0
2025-09-29 10:40:56+00:00,-0.001637760419281098,0.00089262781838513,0.0
2025-09-29 10:40:57+00:00,0.0003417521424271541,0.0008917386036467936,0.0
2025-09-29 10:40:58+00:00,0.001355196332059494,0.0009070461054853372,0.0
2025-09-29 10:40:59+00:00,-0.0004632303024482143,0.0009082370598616912,0.0
2025-09-29 10:41:00+00:00,0.00018894886279263723,0.0008869950152784094,0.0
2025-09-29 10:41:01+00:00,-0.0007436699235262578,0.0008904647140881289,0.0
2025-09-29 10:41:02+00:00,-0.00020549204163111678,0.0008477790305631982,0.0
2025-09-29 10:41:03+00:00,-0.0003649689528806288,0.0008485886106880496,0.0
2025-09-29 10:41:04+00:00,0.002941182662325126,0.0009256385812027414,0.0
2025-09-29 10:41:05+00:00,-3.696645078077321e-05,0.0009241763524589486,0.0
2025-09-29 10:41:06+00:00,-0.0008250544209972288,0.00090527550642587,0.0
2025-09-29 10:41:07+00:00,0.0011584731745488686,0.0009156559358003945,0.0
2025-09-29 10:41:08+00:00,0.0015669945407421615,0.000923287412384355,0.0
2025-09-29 10:41:09+00:00,-0.0014644512237972362,0.0009243839984081614,0.0
2025-09-29 10:41:10+00:00,0.0018402618628738932,0.0009519247697820403,1.0
2025-09-29 10:41:11+00:00,-0.000533503285033321,0.0009251588853290641,0.0
2025-09-29 10:41:12+00:00,-0.0006077686140185667,0.0009170274007911112,0.0
2025-09-29 10:41:13+00:00,-0.0007356441703313399,0.000923125970005386,0.0
2025-09-29 10:41:14+00:00,-0.00014889188611144633,0.000923701461456183,0.0
2025-09-29 10:41:15+00:00,0.0008359134535045332,0.0008980416510211611,0.0
2025-09-29 10:41:16+00:00,-0.0006430889156313624,0.0008909234922104181,0.0
2025-09-29 10:41:17+00:00,0.0011730164689582878,0.0008960349087584865,0.0
2025-09-29 10:41:18+00:00,-0.0018342934301632807,0.0009288450217991648,0.0
2025-09-29 10:41:19+00:00,0.0016738361193582296,0.000949152713996024,0.0
2025-09-29 10:41:20+00:00,-0.00033444696359996584,0.0009479870695770149,0.0
2025-09-29 10:41:21+00:00,0.0003710779559524813,0.0009403679488374251,0.0
2025-09-29 10:41:22+00:00,-0.0006832260037631377,0.0009438013542681371,0.0
2025-09-29 10:41:23+00:00,-0.0016604928499861504,0.0009623514744690244,1.0
2025-09-29 10:41:24+00:00,-0.0002893788459213953,0.000943753011509846,0.0
2025-09-29 10:41:25+00:00,-0.0008619880932883017,0.0009502756477634709,0.0
2025-09-29 10:41:26+00:00,0.001888918165697362,0.0009786446315840258,1.0
2025-09-29 10:41:27+00:00,-6.196528983870575e-05,0.0009780747853362203,1.0
2025-09-29 10:41:28+00:00,-0.0004685722207793397,0.0009766676497668899,1.0
2025-09-29 10:41:29+00:00,0.000723848143611372,0.000980386676781351,1.0
2025-09-29 10:41:30+00:00,-0.00022981801454680095,0.0009792311625669721,1.0
2025-09-29 10:41:31+00:00,-0.00029196402189557435,0.0009801349513685056,1.0
2025-09-29 10:41:32+00:00,-0.0007316502515209988,0.0009849920925809723,1.0
2025-09-29 10:41:33+00:00,0.0007066426755988342,0.0009887293395934732,1.0
2025-09-29 10:41:34+00:00,-0.00013976878143506788,0.000987400433053699,1.0
2025-09-29 10:41:35+00:00,0.00029612276122725767,0.0009801790140754427,1.0
2025-09-29 10:41:36+00:00,0.0011858393571972936,0.000988080289070922,1.0
2025-09-29 10:41:37+00:00,0.0006102664967413407,0.0009889585556863787,1.0
2025-09-29 10:41:38+00:00,6.549582589610026e-06,0.0009888352701441711,1.0
2025-09-29 10:41:39+00:00,-0.0005236224924727306,0.0009826046767779418,1.0
2025-09-29 10:41:40+00:00,0.0004621246171980786,0.0009839941563538357,1.0
2025-09-29 10:41:41+00:00,0.0001921542594691683,0.0009815815902774337,1.0
2025-09-29 10:41:42+00:00,-0.0005235819323696767,0.0009721732803532737,1.0
2025-09-29 10:41:43+00:00,-0.00010928979663371585,0.000971783555806418,1.0
2025-09-29 10:41:44+00:00,-0.0008402320835135813,0.0009783122491877382,1.0
2025-09-29 10:41:45+00:00,-0.0004461441210733552,0.0009746073568573081,1.0
2025-09-29 10:41:46+00:00,0.0006422549792424181,0.0009711143780905732,1.0
2025-09-29 10:41:47+00:00,0.0005257614067000205,0.0009695100099022878,1.0
2025-09-29 10:41:48+00:00,-0.001856309159946612,0.000997563833646628,1.0
2025-09-29 10:41:49+00:00,1.3626363856378276e-05,0.0009969972587760402,1.0
2025-09-29 10:41:50+00:00,0.00034552292711631516,0.0009519943088183186,1.0
2025-09-29 10:41:51+00:00,-0.00010969829561324751,0.0009467170007260169,0.0
2025-09-29 10:41:52+00:00,0.000799342922246149,0.0009444196993601086,0.0
2025-09-29 10:41:53+00:00,-0.0006806678406958699,0.000948274391971815,0.0
2025-09-29 10:41:54+00:00,0.0002481430351033431,0.0009483701860736909,0.0
2025-09-29 10:41:55+00:00,0.0006185885472638208,0.0009505281732295792,0.0
2025-09-29 10:41:56+00:00,0.000162094883931152,0.0009251593654132964,0.0
2025-09-29 10:41:57+00:00,-0.0006412663143908759,0.0009287298512912394,0.0
2025-09-29 10:41:58+00:00,-0.00038389332248089936,0.0009140314619068936,0.0
2025-09-29 10:41:59+00:00,-0.0001559363536388636,0.0009121842052537241,0.0
2025-09-29 10:42:00+00:00,0.0009307956104940285,0.0009195545844720508,0.0
2025-09-29 10:42:01+00:00,0.0006838316178068293,0.000917684320098751,0.0
2025-09-29 10:42:02+00:00,4.969359326856271e-05,0.0009170572028459848,0.0
2025-09-29 10:42:03+00:00,-0.0015564252537006995,0.0009389918316731254,0.0
2025-09-29 10:42:04+00:00,-0.00022499815229026776,0.0008585594572715534,0.0
2025-09-29 10:42:05+00:00,-0.0019251370124254708,0.0008932666251228887,0.0
2025-09-29 10:42:06+00:00,-0.0011021594356516173,0.000898061776123575,0.0
2025-09-29 10:42:07+00:00,-0.00043861751946394634,0.0008851675238378066,0.0
2025-09-29 10:42:08+00:00,0.0004511876539630144,0.0008614221825106505,0.0
2025-09-29 10:42:09+00:00,0.0009599554831778434,0.0008529968609542514,0.0
2025-09-29 10:42:10+00:00,0.0003101179072326765,0.0008174677242340588,0.0
2025-09-29 10:42:11+00:00,0.0009741306359813962,0.0008264687675394713,0.0
2025-09-29 10:42:12+00:00,-9.099292467074083e-05,0.0008233148536381524,0.0
2025-09-29 10:42:13+00:00,-0.0008664705874026346,0.0008253374826407887,0.0
2025-09-29 10:42:14+00:00,0.0010295509222701948,0.0008368906962741822,0.0
2025-09-29 10:42:15+00:00,-0.0009396521998755736,0.0008371239174279081,0.0
2025-09-29 10:42:16+00:00,-0.0008805235267823619,0.0008404806152798505,0.0
2025-09-29 10:42:17+00:00,-0.0007863724815880824,0.0008295919247931226,0.0
2025-09-29 10:42:18+00:00,0.001366917320101635,0.0008188239492519659,0.0
2025-09-29 10:42:19+00:00,0.0018649232655865156,0.0008259569819783219,0.0
2025-09-29 10:42:20+00:00,0.0006442974926554879,0.0008297047470614778,0.0
2025-09-29 10:42:21+00:00,-0.0021047559878527577,0.0008702987056895161,0.0
2025-09-29 10:42:22+00:00,-0.0001066626125170167,0.0008665341060288878,0.0
2025-09-29 10:42:23+00:00,0.002124091541102935,0.0008852714957266526,0.0
2025-09-29 10:42:24+00:00,0.0009112044398367214,0.000891990744707564,0.0
2025-09-29 10:42:25+00:00,-0.00017925094664827945,0.0008847771374072682,0.0
2025-09-29 10:42:26+00:00,0.0008079081301546331,0.0008570373271412603,0.0
2025-09-29 10:42:27+00:00,0.0005194662943994732,0.0008593689993746472,0.0
2025-09-29 10:42:28+00:00,0.001293268577921669,0.0008720326747569833,0.0
2025-09-29 10:42:29+00:00,0.0019986771894793254,0.0009034486295604001,0.0
2025-09-29 10:42:30+00:00,-0.00062310527023135,0.0009071621341358993,0.0
2025-09-29 10:42:31+00:00,0.0010216822206781107,0.0009139918385381842,0.0
2025-09-29 10:42:32+00:00,-0.00013615579855075222,0.0009080606860123701,0.0
2025-09-29 10:42:33+00:00,5.00985873819193e-05,0.0009046545892826113,0.0
2025-09-29 10:42:34+00:00,0.0016719253241548326,0.0009266373293234961,0.0
2025-09-29 10:42:35+00:00,-0.0006448729519373808,0.0009316530952976884,0.0
2025-09-29 10:42:36+00:00,-0.0003639895992695319,0.0009227614553596733,0.0
2025-09-29 10:42:37+00:00,-6.268218379346102e-06,0.0009202328624096901,0.0
2025-09-29 10:42:38+00:00,0.0009074665402009074,0.000926444701390485,0.0
2025-09-29 10:42:39+00:00,-0.0019185884265863207,0.0009590078699709547,1.0
2025-09-29 10:42:40+00:00,-0.002256067629210823,0.0010031483323064395,1.0
2025-09-29 10:42:41+00:00,-0.00039826186573799216,0.0010043295205516135,1.0
2025-09-29 10:42:42+00:00,-0.0014699664726023354,0.0010201661965377772,1.0
2025-09-29 10:42:43+00:00,0.000997053300408668,0.0010282207543161007,1.0
2025-09-29 10:42:44+00:00,-0.0004922710492681892,0.0010242996415506151,1.0
2025-09-29 10:42:45+00:00,-0.001189193337668648,0.0010344598075499917,1.0
2025-09-29 10:42:46+00:00,-0.00029497284150648007,0.001031771044185464,1.0
2025-09-29 10:42:47+00:00,0.0012852514019388028,0.0010430406668449368,1.0
2025-09-29 10:42:48+00:00,-0.000867679130127752,0.0010207311135544339,1.0
2025-09-29 10:42:49+00:00,0.0014008105382807834,0.0010361751657429836,1.0
2025-09-29 10:42:50+00:00,0.0012178448718485058,0.001046556547093885,1.0
2025-09-29 10:42:51+00:00,-0.0009687147630493831,0.0010547299521379142,1.0
2025-09-29 10:42:52+00:00,0.00027409559444158127,0.0010505210673679424,1.0
2025-09-29 10:42:53+00:00,0.0016269353183322455,0.0010660146813923365,1.0
2025-09-29 10:42:54+00:00,0.0002766881236282437,0.001066100470545353,1.0
2025-09-29 10:42:55+00:00,0.0009662922626150205,0.0010700506811477401,1.0
2025-09-29 10:42:56+00:00,-0.0004664953260714588,0.0010723022805233127,1.0
2025-09-29 10:42:57+00:00,-0.0018335714719222018,0.001096462448314568,1.0
2025-09-29 10:42:58+00:00,0.0005182866469004566,0.001096610397758166,1.0
2025-09-29 10:42:59+00:00,-0.00017607909398853483,0.0010966819831382823,1.0
2025-09-29 10:43:00+00:00,0.0014412723126662197,0.0011054672105328713,1.0
2025-09-29 10:43:01+00:00,-0.0008351309251866113,0.001108613006665449,1.0
2025-09-29 10:43:02+00:00,0.0005571794977854427,0.0011105683968287584,1.0
2025-09-29 10:43:03+00:00,-0.0022077778862237274,0.001129611570526399,1.0
2025-09-29 10:43:04+00:00,-0.0007877932111733932,0.0011342151113974146,1.0
2025-09-29 10:43:05+00:00,-0.0003146591411951061,0.001105736170514028,1.0
2025-09-29 10:43:06+00:00,-0.0005862162964073159,0.0010985117118868107,1.0
2025-09-29 10:43:07+00:00,0.00037061470727750567,0.0010971202971620823,1.0
2025-09-29 10:43:08+00:00,-0.001141688339010627,0.0011073120317156577,1.0
2025-09-29 10:43:09+00:00,0.0018090085819191248,0.0011243340027876892,1.0
2025-09-29 10:43:10+00:00,0.0010688129685298975,0.001131305424499902,1.0
2025-09-29 10:43:11+00:00,0.0012801129399662159,0.0011360639693294317,1.0
2025-09-29 10:43:12+00:00,-0.00024232479515584604,0.0011366392260806343,1.0
2025-09-29 10:43:13+00:00,-0.0012428497820038409,0.0011430108970097593,1.0
2025-09-29 10:43:14+00:00,-0.0003019960898471563,0.0011371869258163386,1.0
2025-09-29 10:43:15+00:00,-0.0009325133354806114,0.0011370810931224033,1.0
2025-09-29 10:43:16+00:00,0.00043879773496446894,0.0011313548509368414,1.0
2025-09-29 10:43:17+00:00,-0.0001835068877137358,0.0011261900913439682,1.0
2025-09-29 10:43:18+00:00,-3.3033823438333165e-05,0.0011137328673159652,1.0
2025-09-29 10:43:19+00:00,-0.0002391752026830174,0.001089023191814966,1.0
2025-09-29 10:43:20+00:00,-0.0015773165544187284,0.001105502838793074,1.0
2025-09-29 10:43:21+00:00,-0.0012443436084165205,0.0010831558684607646,1.0
2025-09-29 10:43:22+00:00,-0.0011201998538251656,0.0010928586214811852,1.0
2025-09-29 10:43:23+00:00,0.0012584035280083228,0.0010697112821064227,1.0
2025-09-29 10:43:24+00:00,-0.002355300397404947,0.0011039963366957866,1.0
2025-09-29 10:43:25+00:00,9.040539864635377e-05,0.001104118676879263,1.0
2025-09-29 10:43:26+00:00,0.001202432952829291,0.0011106017447421075,1.0
2025-09-29 10:43:27+00:00,0.002258390414777267,0.0011481703608745835,1.0
2025-09-29 10:43:28+00:00,-0.0011373577956323988,0.001143338492098267,1.0
2025-09-29 10:43:29+00:00,0.0007806248785782177,0.0011163597335187025,1.0
2025-09-29 10:43:30+00:00,-0.001803766782130678,0.0011360230879501724,1.0
2025-09-29 10:43:31+00:00,0.0003204691734504106,0.0011276901737542657,1.0
2025-09-29 10:43:32+00:00,-0.00010136284246387017,0.0011276950359210881,1.0
2025-09-29 10:43:33+00:00,-0.002795170682777681,0.0011787565172044923,1.0
2025-09-29 10:43:34+00:00,0.00026181954411974573,0.0011551253191093445,1.0
2025-09-29 10:43:35+00:00,0.00015843282689109728,0.0011545213869618137,1.0
2025-09-29 10:43:36+00:00,-0.0006461348240424103,0.001155835374671945,1.0
2025-09-29 10:43:37+00:00,-2.9637395901338515e-05,0.001155776346982199,1.0
2025-09-29 10:43:38+00:00,-0.0013582210261161576,0.0011563112539596263,1.0
2025-09-29 10:43:39+00:00,-0.0017098671076720695,0.001151443212265282,1.0
2025-09-29 10:43:40+00:00,-0.0015931379902933696,0.0011346789208585815,1.0
2025-09-29 10:43:41+00:00,-0.0012392296965006988,0.0011421675927594025,1.0
2025-09-29 10:43:42+00:00,-0.0012110440013548551,0.0011378753223665514,1.0
2025-09-29 10:43:43+00:00,-0.0002960843402206592,0.0011265587831668156,1.0
2025-09-29 10:43:44+00:00,0.0004735491757514865,0.001129859293035054,1.0
2025-09-29 10:43:45+00:00,0.0009596507409199706,0.0011329530164655485,1.0
2025-09-29 10:43:46+00:00,-0.0019704129361032274,0.00115592420391669,1.0
2025-09-29 10:43:47+00:00,-0.0011765508179392148,0.0011451984185699515,1.0
2025-09-29 10:43:48+00:00,-0.00022951087276756876,0.0011424372458242278,1.0
2025-09-29 10:43:49+00:00,0.000194237139354847,0.0011233229276912105,1.0
2025-09-29 10:43:50+00:00,0.001039706804394136,0.0011195491870263515,1.0
2025-09-29 10:43:51+00:00,-0.0004761394921565243,0.0011161721891205611,1.0
2025-09-29 10:43:52+00:00,1.7577097444432255e-05,0.0011145578799457974,1.0
2025-09-29 10:43:53+00:00,0.0013696550419248776,0.0011076077176476625,1.0
2025-09-29 10:43:54+00:00,-0.001482447050527802,0.0011160149704926366,1.0
2025-09-29 10:43:55+00:00,0.0007106381493429126,0.0011115618462281544,1.0
2025-09-29 10:43:56+00:00,0.001066670118162527,0.0011253997665507027,1.0
2025-09-29 10:43:57+00:00,-0.002856820927859993,0.0011566191480978589,1.0
2025-09-29 10:43:58+00:00,0.000876952011847898,0.0011618340230606385,1.0
2025-09-29 10:43:59+00:00,0.000137284594982523,0.0011630759417711374,1.0
2025-09-29 10:44:00+00:00,-0.000749063114318882,0.0011420439595484532,1.0
2025-09-29 10:44:01+00:00,1.01585487393141e-05,0.0011408587922186095,1.0
2025-09-29 10:44:02+00:00,0.0011648715541545673,0.0011513462738850131,1.0
2025-09-29 10:44:03+00:00,0.0008092317807688598,0.001132379654882466,1.0
2025-09-29 10:44:04+00:00,0.000693000372816277,0.0011366022422578364,1.0
2025-09-29 10:44:05+00:00,0.0010112186300488268,0.0011476827759665457,1.0
2025-09-29 10:44:06+00:00,0.0005285781015647029,0.0011504078514382626,1.0
2025-09-29 10:44:07+00:00,0.0001660750672851652,0.001149034984734155,1.0
2025-09-29 10:44:08+00:00,-0.0025056291684304455,0.001181249604569673,1.0
2025-09-29 10:44:09+00:00,-0.00020644908421196817,0.0011510938129948884,1.0
2025-09-29 10:44:10+00:00,-0.0003660771343482194,0.0011381690354616732,1.0
2025-09-29 10:44:11+00:00,0.0005542859599443339,0.0011252097098161287,1.0
2025-09-29 10:44:12+00:00,0.0012439783151629857,0.0011423061678559315,1.0
2025-09-29 10:44:13+00:00,1.8509296404012332e-05,0.0011354269154887939,1.0
2025-09-29 10:44:14+00:00,-0.00045916492363573536,0.0011357648804691842,1.0
2025-09-29 10:44:15+00:00,0.0016196242758723667,0.0011569003156781854,1.0
2025-09-29 10:44:16+00:00,-0.0003209997643692786,0.0011539967997285354,1.0
2025-09-29 10:44:17+00:00,-0.00010931014589743437,0.001154063184054398,1.0
2025-09-29 10:44:18+00:00,-2.181728248540349e-05,0.0011540927019243253,1.0
2025-09-29 10:44:19+00:00,-0.0015726321025945067,0.0011674935034711306,1.0
2025-09-29 10:44:20+00:00,0.0007783600792381495,0.0011609650985649745,1.0
2025-09-29 10:44:21+00:00,0.0004687496285828985,0.0011556360918714176,1.0
2025-09-29 10:44:22+00:00,-0.0013217455001351963,0.0011587603506410826,1.0
2025-09-29 10:44:23+00:00,0.00018200503244969468,0.001144606772155898,1.0
2025-09-29 10:44:24+00:00,0.0006918786058234261,0.0011137388968211663,1.0
2025-09-29 10:44:25+00:00,-0.0006200944366275829,0.0011151164046241818,1.0
2025-09-29 10:44:26+00:00,-0.0006737894465534966,0.0011029804685465357,1.0
2025-09-29 10:44:27+00:00,-0.0017652588010493853,0.0010745014609895751,1.0
2025-09-29 10:44:28+00:00,-0.0004861287004446213,0.0010685727734868755,1.0
2025-09-29 10:44:29+00:00,0.00022269543436181927,0.0010620299338609438,1.0
2025-09-29 10:44:30+00:00,0.0004435447443587037,0.0010454463642536117,1.0
2025-09-29 10:44:31+00:00,-0.002923599247350528,0.0011003798047884228,1.0
2025-09-29 10:44:32+00:00,0.0003341576773097099,0.0011028553741016312,1.0
2025-09-29 10:44:33+00:00,0.00011913592414369845,0.0010518307688230314,1.0
2025-09-29 10:44:34+00:00,0.0006529770905587817,0.0010559511293591263,1.0
2025-09-29 10:44:35+00:00,0.00033134739236828636,0.0010571654629188655,1.0
2025-09-29 10:44:36+00:00,0.0006772404950272648,0.0010613152439979728,1.0
2025-09-29 10:44:37+00:00,0.0005013614913844666,0.0010647088307786145,1.0
2025-09-29 10:44:38+00:00,0.0008150374780342418,0.0010602308424088197,1.0
2025-09-29 10:44:39+00:00,0.0008245199664138614,0.0010463864437684086,1.0
2025-09-29 10:44:40+00:00,0.00028605723212016265,0.0010283598540360257,1.0
2025-09-29 10:44:41+00:00,0.0003816460876786554,0.001017846149668895,1.0
2025-09-29 10:44:42+00:00,-0.0005674570125728806,0.0010084698478786897,1.0
2025-09-29 10:44:43+00:00,-0.001186508221915461,0.0010192005427836902,1.0
2025-09-29 10:44:44+00:00,-0.00021675926989794814,0.0010173390716746063,1.0
2025-09-29 10:44:45+00:00,-0.0005099861012787255,0.0010105478498426388,1.0
2025-09-29 10:44:46+00:00,0.0015444503061676773,0.0009999745652187783,1.0
2025-09-29 10:44:47+00:00,-0.0013191011732023306,0.0010029694228633305,1.0
2025-09-29 10:44:48+00:00,0.00022955670046465038,0.001002999278519979,1.0
2025-09-29 10:44:49+00:00,0.0015436966058108847,0.0010223715057294607,1.0
2025-09-29 10:44:50+00:00,-0.0002104972779294334,0.0010139942118508136,1.0
2025-09-29 10:44:51+00:00,0.0007288651995847051,0.001016301202171735,1.0
2025-09-29 10:44:52+00:00,-0.0006220070593396798,0.0010196941379342105,1.0
2025-09-29 10:44:53+00:00,-0.00028821461813022253,0.0010046065690030566,1.0
2025-09-29 10:44:54+00:00,0.0007333534271509734,0.0009904331632795923,1.0
2025-09-29 10:44:55+00:00,-0.0010741511630397715,0.0009961362000628891,1.0
2025-09-29 10:44:56+00:00,0.0005037656818576153,0.000988451258525784,1.0
2025-09-29 10:44:57+00:00,0.0010453288887286583,0.0009248817340512839,0.0
2025-09-29 10:44:58+00:00,-0.001052470670705019,0.0009290433959630813,0.0
2025-09-29 10:44:59+00:00,-0.0010728050839162728,0.0009394014069257396,0.0
2025-09-29 10:45:00+00:00,0.01626584729762559,0.0022976154506105487,1.0
2025-09-29 10:45:01+00:00,-0.015348321316639102,0.0030577156236225797,2.0
2025-09-29 10:45:02+00:00,0.0157041754433902,0.0036655560288507963,2.0
2025-09-29 10:45:03+00:00,0.0005235360743482964,0.0036650211365811115,2.0
2025-09-29 10:45:04+00:00,0.0025709462016172413,0.0036767890884236197,2.0
2025-09-29 10:45:05+00:00,-0.019552138962547594,0.0044792708936921685,2.0
2025-09-29 10:45:06+00:00,0.0003562278269300112,0.004478947322870897,2.0
2025-09-29 10:45:07+00:00,0.017361358279590844,0.005011775472804951,2.0
2025-09-29 10:45:08+00:00,-0.019562664961409904,0.005616894879212112,2.0
2025-09-29 10:45:09+00:00,-0.0005260553604140572,0.0056171945395703995,2.0
2025-09-29 10:45:10+00:00,0.0008584449425819152,0.00561828135097988,2.0
2025-09-29 10:45:11+00:00,0.01862232845854761,0.0061129875168738235,2.0
2025-09-29 10:45:12+00:00,-0.018405738551647177,0.0065689129603951095,2.0
2025-09-29 10:45:13+00:00,0.016020747595111073,0.006889362350862767,2.0
2025-09-29 10:45:14+00:00,-0.00011002951981142761,0.006888941400812558,2.0
2025-09-29 10:45:15+00:00,-0.010121587887448436,0.007013802716502109,2.0
2025-09-29 10:45:16+00:00,-0.0003473351999477847,0.007013824776831804,2.0
2025-09-29 10:45:17+00:00,0.013721126405844108,0.007233585717338733,2.0
2025-09-29 10:45:18+00:00,-0.012822827315544516,0.007427696040619736,2.0
2025-09-29 10:45:19+00:00,0.011726490283132884,0.0075760291308750016,2.0
2025-09-29 10:45:20+00:00,-0.015005646668074912,0.007827281361401157,2.0
2025-09-29 10:45:21+00:00,0.01341166197411603,0.008016810106364947,2.0
2025-09-29 10:45:22+00:00,-0.01630186950718726,0.008293608403586257,2.0
2025-09-29 10:45:23+00:00,0.015986515256484868,0.008548047350598111,2.0
2025-09-29 10:45:24+00:00,-0.016047443968218444,0.008801703703061832,2.0
2025-09-29 10:45:25+00:00,0.0005577033082788674,0.008801750262566778,2.0
2025-09-29 10:45:26+00:00,0.011340969947328583,0.008922968276169953,2.0
2025-09-29 10:45:27+00:00,-0.015287859433463447,0.009140503537590666,2.0
2025-09-29 10:45:28+00:00,0.018524793914656668,0.00944999017919712,2.0
2025-09-29 10:45:29+00:00,0.0022428826388787293,0.009453490196877313,2.0
2025-09-29 10:45:30+00:00,-0.02116092324080221,0.009850404511970076,2.0
2025-09-29 10:45:31+00:00,0.0010297432080972335,0.009844258198280064,2.0
2025-09-29 10:45:32+00:00,0.021102826199918656,0.010214752649536136,2.0
2025-09-29 10:45:33+00:00,-4.514915959075161e-05,0.010214833630537675,2.0
2025-09-29 10:45:34+00:00,-0.0008552734626733338,0.010215887866181906,2.0
2025-09-29 10:45:35+00:00,0.0014609157126972416,0.010216973184424345,2.0
2025-09-29 10:45:36+00:00,-0.0017468428413363046,0.01022035454609214,2.0
2025-09-29 10:45:37+00:00,0.000788138417757267,0.01022052402970154,2.0
2025-09-29 10:45:38+00:00,-0.002547304689885288,0.010226816643466323,2.0
2025-09-29 10:45:39+00:00,-0.015576699950373918,0.010428000921617029,2.0
2025-09-29 10:45:40+00:00,0.01080678100756205,0.010521585292590369,2.0
2025-09-29 10:45:41+00:00,-0.001978067740646905,0.010525063869272273,2.0
2025-09-29 10:45:42+00:00,-0.010636372232846414,0.010615724763976448,2.0
2025-09-29 10:45:43+00:00,0.009815086256569794,0.010690866967334019,2.0
2025-09-29 10:45:44+00:00,-0.009803501638093848,0.010767243810471578,2.0
2025-09-29 10:45:45+00:00,0.01934447405974038,0.011054041003923345,2.0
2025-09-29 10:45:46+00:00,-0.009095870108356663,0.011118640004388908,2.0
2025-09-29 10:45:47+00:00,0.0005138987096660053,0.011117174061944169,2.0
2025-09-29 10:45:48+00:00,0.009297206198979557,0.011179905881692946,2.0
2025-09-29 10:45:49+00:00,-0.00787900641586059,0.011228050872322535,2.0
2025-09-29 10:45:50+00:00,0.007182259033457594,0.011264738685061124,2.0
2025-09-29 10:45:51+00:00,-0.0005664762716671712,0.011265055551128606,2.0
2025-09-29 10:45:52+00:00,0.01038418171257205,0.011340256809604456,2.0
2025-09-29 10:45:53+00:00,-0.02597821142438339,0.01184122673924668,2.0
2025-09-29 10:45:54+00:00,0.010357221542771189,0.011916432972742435,2.0
2025-09-29 10:45:55+00:00,0.000511509395675791,0.011915433401125193,2.0
2025-09-29 10:45:56+00:00,-0.00893883056525302,0.011973236297957105,2.0
2025-09-29 10:45:57+00:00,0.01603984981253892,0.012150225540806131,2.0
2025-09-29 10:45:58+00:00,0.009748282500747107,0.012210197985267662,2.0
2025-09-29 10:45:59+00:00,0.00038714084636404245,0.012208571310436121,2.0
2025-09-29 10:46:00+00:00,-0.0005320430256235964,0.012031569849044571,2.0
2025-09-29 10:46:01+00:00,-0.025279317294460202,0.012313974534336625,2.0
2025-09-29 10:46:02+00:00,0.026211780915173843,0.012611834642830081,2.0
2025-09-29 10:46:03+00:00,-0.025810820859396566,0.013051026356846492,2.0
2025-09-29 10:46:04+00:00,0.001801507037238137,0.013048597988540711,2.0
2025-09-29 10:46:05+00:00,-0.001565197927903328,0.012801918803225898,2.0
2025-09-29 10:46:06+00:00,0.00030588226911221206,0.012801900018231366,2.0
2025-09-29 10:46:07+00:00,-0.000972807555189914,0.012598861328929433,2.0
2025-09-29 10:46:08+00:00,0.028669923457145252,0.012881736398442612,2.0
2025-09-29 10:46:09+00:00,-0.014550936770547307,0.013027955686684764,2.0
2025-09-29 10:46:10+00:00,-0.007280822282251909,0.013064507928325574,2.0
2025-09-29 10:46:11+00:00,0.0006458218274054683,0.012838521346156652,2.0
2025-09-29 10:46:12+00:00,0.00910838035371242,0.012664585572753653,2.0
2025-09-29 10:46:13+00:00,-0.007701166561366435,0.012536286301632628,2.0
2025-09-29 10:46:14+00:00,0.0017734390602968109,0.012538513488647495,2.0
2025-09-29 10:46:15+00:00,0.005134807181095713,0.01248491851349799,2.0
2025-09-29 10:46:16+00:00,-1.5477181315670663e-05,0.012484733281530743,2.0
2025-09-29 10:46:17+00:00,-0.0023050035726122076,0.012362094086228811,2.0
2025-09-29 10:46:18+00:00,-0.00257438802894272,0.012252721589421959,2.0
2025-09-29 10:46:19+00:00,0.021365570984804627,0.012468553385345018,2.0
2025-09-29 10:46:20+00:00,-0.015795348888535843,0.012485385813994825,2.0
2025-09-29 10:46:21+00:00,0.0012696879814808604,0.012366835356350594,2.0
2025-09-29 10:46:22+00:00,0.0010456094921673653,0.012178672112406924,2.0
2025-09-29 10:46:23+00:00,0.011625043460140372,0.012096624155285781,2.0
2025-09-29 10:46:24+00:00,0.0003265011792041861,0.011904803927671046,2.0
2025-09-29 10:46:25+00:00,-0.03207211447530012,0.012628688791719599,2.0
2025-09-29 10:46:26+00:00,0.015152182829750727,0.012695967223305623,2.0
2025-09-29 10:46:27+00:00,-0.014049271928669227,0.012671522479197627,2.0
2025-09-29 10:46:28+00:00,0.02868483777528197,0.012985753186694596,2.0
2025-09-29 10:46:29+00:00,-0.027351305379825774,0.013463205611190486,2.0
2025-09-29 10:46:30+00:00,0.029428844913838015,0.013710922573096281,2.0
2025-09-29 10:46:31+00:00,0.0017477119232085503,0.013711590413635698,2.0
2025-09-29 10:46:32+00:00,-0.0007082901050130541,0.013446513037658665,2.0
2025-09-29 10:46:33+00:00,-0.020692385454360473,0.01371643258701527,2.0
2025-09-29 10:46:34+00:00,0.017990624614584005,0.013912418508942996,2.0
2025-09-29 10:46:35+00:00,-0.0008202252501796625,0.013912166535891828,2.0
2025-09-29 10:46:36+00:00,-0.014569270561966996,0.014040636409807686,2.0
2025-09-29 10:46:37+00:00,-0.013875327101192991,0.014153791830834855,2.0
2025-09-29 10:46:38+00:00,0.0010811461802808786,0.014151550093744358,2.0
2025-09-29 10:46:39+00:00,-0.00010661660850397325,0.014006590062319208,2.0
2025-09-29 10:46:40+00:00,-0.0015528498834171955,0.013936733703610602,2.0
2025-09-29 10:46:41+00:00,0.017444589379525643,0.014117594770323202,2.0
2025-09-29 10:46:42+00:00,-0.0169057300664327,0.014221887766461617,2.0
2025-09-29 10:46:43+00:00,0.021958134731761447,0.01444732512372925,2.0
2025-09-29 10:46:44+00:00,-0.005871103228938468,0.014409646768414736,2.0
2025-09-29 10:46:45+00:00,-0.013106544764397654,0.014293240359578366,2.0
2025-09-29 10:46:46+00:00,0.014028337510223254,0.014360601907349382,2.0
2025-09-29 10:46:47+00:00,0.0035671818593194793,0.01436715369267044,2.0
2025-09-29 10:46:48+00:00,0.008686805474501735,0.01436085171620262,2.0
2025-09-29 10:46:49+00:00,0.0009911885769640083,0.014321485734497492,2.0
2025-09-29 10:46:50+00:00,-0.00974586616902795,0.014352022554202905,2.0
2025-09-29 10:46:51+00:00,0.009300224492094111,0.014400665444782869,2.0
2025-09-29 10:46:52+00:00,-0.023179977319139233,0.014650752336707717,2.0
2025-09-29 10:46:53+00:00,0.014038762707602626,0.014369768605131067,2.0
2025-09-29 10:46:54+00:00,0.004354251716939039,0.014319900658898366,2.0
2025-09-29 10:46:55+00:00,-0.0032349304543847213,0.01432701788593878,2.0
2025-09-29 10:46:56+00:00,-0.0012981718308634482,0.014278171861825149,2.0
2025-09-29 10:46:57+00:00,0.006573076219321017,0.014153501502202293,2.0
2025-09-29 10:46:58+00:00,-0.0011662225975483942,0.014098500117657432,2.0
2025-09-29 10:46:59+00:00,0.0004820141717949422,0.014098549575700073,2.0
2025-09-29 10:47:00+00:00,-0.005999294995217452,0.014119709876428447,2.0
2025-09-29 10:47:01+00:00,0.004931813081013647,0.01373975667392032,2.0
2025-09-29 10:47:02+00:00,-0.006482266181524143,0.01334185514414343,2.0
2025-09-29 10:47:03+00:00,-0.01124761278653763,0.012994708858858551,2.0
2025-09-29 10:47:04+00:00,0.010529743587170959,0.013062620399295895,2.0
2025-09-29 10:47:05+00:00,-0.007793550015566586,0.013102038124810533,2.0
2025-09-29 10:47:06+00:00,0.009800398806158794,0.0131611108476544,2.0
2025-09-29 10:47:07+00:00,-0.0006160647480916159,0.013160601215157374,2.0
2025-09-29 10:47:08+00:00,0.008701838468831102,0.01267500421034721,2.0
2025-09-29 10:47:09+00:00,-0.01544021556694708,0.012692797118185413,2.0
2025-09-29 10:47:10+00:00,-0.0003866375803465161,0.01265719923903895,2.0
2025-09-29 10:47:11+00:00,0.015599121055167586,0.01281466383612701,2.0
2025-09-29 10:47:12+00:00,-0.014843796053896519,0.012909430130021,2.0
2025-09-29 10:47:13+00:00,-0.00027644492492695516,0.012870517541370183,2.0
2025-09-29 10:47:14+00:00,0.01592130934038294,0.013031061172142533,2.0
2025-09-29 10:47:15+00:00,-0.005076193388717676,0.013033454915527634,2.0
2025-09-29 10:47:16+00:00,-0.005981643719099261,0.013057277750824723,2.0
2025-09-29 10:47:17+00:00,-0.00017185210995673827,0.013053729575732625,2.0
2025-09-29 10:47:18+00:00,0.000936183818978753,0.013049585804091591,2.0
2025-09-29 10:47:19+00:00,-0.0006664916988112779,0.012748096457179236,2.0
2025-09-29 10:47:20+00:00,-0.0056348996601151,0.012604750294994848,2.0
2025-09-29 10:47:21+00:00,-0.0006746235066973361,0.012603724079406659,2.0
2025-09-29 10:47:22+00:00,0.01569019236378333,0.012767243807205318,2.0
2025-09-29 10:47:23+00:00,0.0022464955310055323,0.012681282355117366,2.0
2025-09-29 10:47:24+00:00,-0.004096005071682063,0.012692062161183926,2.0
2025-09-29 10:47:25+00:00,-0.0006706246982125519,0.011978591105055164,2.0
2025-09-29 10:47:26+00:00,-5.042979145197801e-05,0.011821578971327898,2.0
2025-09-29 10:47:27+00:00,-0.006743683821909374,0.011709704745188771,2.0
2025-09-29 10:47:28+00:00,0.01673976782170583,0.01131368937025529,2.0
2025-09-29 10:47:29+00:00,-0.016466631897250505,0.010947467783122115,2.0
2025-09-29 10:47:30+00:00,-0.006022384313543183,0.01028399981446982,2.0
2025-09-29 10:47:31+00:00,0.0035726256421844127,0.010292895203182245,2.0
2025-09-29 10:47:32+00:00,0.000538142389947982,0.01029328110973663,2.0
2025-09-29 10:47:33+00:00,0.008205779695484416,0.00999285490669052,2.0
2025-09-29 10:47:34+00:00,0.011191226373975072,0.00982504528571639,2.0
2025-09-29 10:47:35+00:00,-0.016589856886523924,0.01005838540972257,2.0
2025-09-29 10:47:36+00:00,-0.0028375082280515107,0.009886027503581108,2.0
2025-09-29 10:47:37+00:00,0.019204904860050886,0.010018465898443725,2.0
2025-09-29 10:47:38+00:00,-0.01952209773786695,0.010348974804611943,2.0
2025-09-29 10:47:39+00:00,0.022134114030224694,0.010727507163377564,2.0
2025-09-29 10:47:40+00:00,-0.020189998455068192,0.01105618669802338,2.0
2025-09-29 10:47:41+00:00,-0.0015665970236248272,0.0108267404141201,2.0
2025-09-29 10:47:42+00:00,0.004493231062576042,0.010611062897639002,2.0
2025-09-29 10:47:43+00:00,-0.006936797710021536,0.010263585938034177,2.0
2025-09-29 10:47:44+00:00,-0.000682242763646479,0.010236262668292318,2.0
2025-09-29 10:47:45+00:00,0.008435212684325455,0.01014791553137015,2.0
2025-09-29 10:47:46+00:00,0.0002171416566663087,0.009986829417656749,2.0
2025-09-29 10:47:47+00:00,0.01708680603778223,0.010216717456698915,2.0
2025-09-29 10:47:48+00:00,-0.016118601223864437,0.010372495729992444,2.0
2025-09-29 10:47:49+00:00,-0.0020271101439345296,0.010374392243917833,2.0
2025-09-29 10:47:50+00:00,0.0196608934937188,0.010605829771796948,2.0
2025-09-29 10:47:51+00:00,-0.02572800749342341,0.011058203971488762,2.0
2025-09-29 10:47:52+00:00,0.009165205556365796,0.010704283116616488,2.0
2025-09-29 10:47:53+00:00,-0.007919674948358768,0.0106010189022636,2.0
2025-09-29 10:47:54+00:00,0.008738279412769723,0.01064710193151363,2.0
2025-09-29 10:47:55+00:00,0.01782637777770546,0.010883406184196122,2.0
2025-09-29 10:47:56+00:00,-0.0274282820883458,0.011457908760254975,2.0
2025-09-29 10:47:57+00:00,0.0302617140181749,0.012082512767478033,2.0
2025-09-29 10:47:58+00:00,0.000755852024666881,0.01208109587681895,2.0
2025-09-29 10:47:59+00:00,-0.0009436968308470517,0.01208220646574223,2.0
2025-09-29 10:48:00+00:00,-0.0006438293141857176,0.012054537375513014,2.0
2025-09-29 10:48:01+00:00,-0.00036518877463598276,0.012040186965901225,2.0
2025-09-29 10:48:02+00:00,-0.0029158673560629733,0.01201484554608737,2.0
2025-09-29 10:48:03+00:00,-0.023279476280900546,0.012308892672093737,2.0
2025-09-29 10:48:04+00:00,0.008808885298739133,0.012286334240596069,2.0
2025-09-29 10:48:05+00:00,-0.007439718289030783,0.012282544256929139,2.0
2025-09-29 10:48:06+00:00,-0.002163945687012725,0.01222017124910689,2.0
2025-09-29 10:48:07+00:00,-0.001464009981730574,0.012221327529431218,2.0
2025-09-29 10:48:08+00:00,-6.798923775563903e-05,0.01216703662349214,2.0
2025-09-29 10:48:09+00:00,0.009029143131603856,0.012057486669766524,2.0
2025-09-29 10:48:10+00:00,-0.0018389261778761767,0.012060137116209513,2.0
2025-09-29 10:48:11+00:00,0.0011188246479492125,0.011889903430143548,2.0
2025-09-29 10:48:12+00:00,0.00023798358878712733,0.011730584579571834,2.0
2025-09-29 10:48:13+00:00,-0.0028371946355030264,0.01173694329716506,2.0
2025-09-29 10:48:14+00:00,0.011668301799257597,0.011652564041005438,2.0
2025-09-29 10:48:15+00:00,-0.0007072802296252956,0.01163349579078587,2.0
2025-09-29 10:48:16+00:00,-0.011565715949612088,0.011705435841217747,2.0
2025-09-29 10:48:17+00:00,0.011851864217936381,0.011804083854963189,2.0
2025-09-29 10:48:18+00:00,-0.013616901142769477,0.011938502238664262,2.0
2025-09-29 10:48:19+00:00,0.0012904012854204616,0.011939302436850726,2.0
2025-09-29 10:48:20+00:00,-0.0009926264198037993,0.011916922998338787,2.0
2025-09-29 10:48:21+00:00,0.0015385459650243405,0.011917854442908408,2.0
2025-09-29 10:48:22+00:00,-0.001001495672647068,0.011742588369216255,2.0
2025-09-29 10:48:23+00:00,-0.0007929411269083086,0.011738745445665754,2.0
2025-09-29 10:48:24+00:00,0.0010113110296601224,0.011728339134275765,2.0
2025-09-29 10:48:25+00:00,0.01802373581529837,0.01195868585274238,2.0
2025-09-29 10:48:26+00:00,-0.018083429857635114,0.012190025345820227,2.0
2025-09-29 10:48:27+00:00,0.0015594588376310892,0.012160167658237337,2.0
2025-09-29 10:48:28+00:00,-0.0018836334432059676,0.011963290981261575,2.0
2025-09-29 10:48:29+00:00,0.015792976039197937,0.011947035293942875,2.0
2025-09-29 10:48:30+00:00,-0.0009915920901965025,0.011919623326118785,2.0
2025-09-29 10:48:31+00:00,-0.015376855778047482,0.012083283162076576,2.0
2025-09-29 10:48:32+00:00,0.016039921835222737,0.012258240626871093,2.0
2025-09-29 10:48:33+00:00,-0.011975297314271383,0.012314766281627018,2.0
2025-09-29 10:48:34+00:00,-0.006814718452211266,0.012256120163193671,2.0
2025-09-29 10:48:35+00:00,0.0036461568109942277,0.01207802333556331,2.0
2025-09-29 10:48:36+00:00,0.0015648782821671148,0.01207377445500355,2.0
2025-09-29 10:48:37+00:00,0.015154983718152382,0.011976014432754358,2.0
2025-09-29 10:48:38+00:00,-0.021623499405871827,0.01203705183649819,2.0
2025-09-29 10:48:39+00:00,0.0069705719130925825,0.011719130984986021,2.0
2025-09-29 10:48:40+00:00,0.014529617008614437,0.011575019668516363,2.0
2025-09-29 10:48:41+00:00,-0.02147861011616481,0.011910367240896376,2.0
2025-09-29 10:48:42+00:00,0.0014055034889903784,0.011897197475726368,2.0
2025-09-29 10:48:43+00:00,-0.00031242757688754175,0.011863099714122412,2.0
2025-09-29 10:48:44+00:00,0.0006085539468678736,0.011862940932967891,2.0
2025-09-29 10:48:45+00:00,0.005966963507352707,0.0118376583989915,2.0
2025-09-29 10:48:46+00:00,-0.004363600546827939,0.011851121851366064,2.0
2025-09-29 10:48:47+00:00,0.01577609218209508,0.011820151642681562,2.0
2025-09-29 10:48:48+00:00,-0.0005172510779478667,0.01163142996459895,2.0
2025-09-29 10:48:49+00:00,-0.013951521692982638,0.011770830870496088,2.0
2025-09-29 10:48:50+00:00,0.016593293843666146,0.011690293145338166,2.0
2025-09-29 10:48:51+00:00,-0.012045129058443682,0.011308494930485927,2.0
2025-09-29 10:48:52+00:00,-0.000850251503104138,0.01124705167514578,2.0
2025-09-29 10:48:53+00:00,-0.0014624145203598893,0.01120086286745898,2.0
2025-09-29 10:48:54+00:00,0.004448967231311496,0.011158400214299985,2.0
2025-09-29 10:48:55+00:00,-0.0016734703217928804,0.010912489182010454,2.0
2025-09-29 10:48:56+00:00,-0.0024462064039177944,0.010320268781949794,2.0
2025-09-29 10:48:57+00:00,0.0011732723300668102,0.009533546347902332,2.0
2025-09-29 10:48:58+00:00,0.0029877854269475534,0.00954234560937829,2.0
2025-09-29 10:48:59+00:00,-0.0005226041766218659,0.009542040057667893,2.0
2025-09-29 10:49:00+00:00,-0.003940052864016552,0.009553411478129674,2.0
2025-09-29 10:49:01+00:00,2.1966765642034147e-05,0.009553549693965407,2.0
2025-09-29 10:49:02+00:00,-0.00019022562391357578,0.00954771543855896,2.0
2025-09-29 10:49:03+00:00,0.0011740459632472167,0.009060723910812333,2.0
2025-09-29 10:49:04+00:00,0.015867619849800008,0.009220356792309571,2.0
2025-09-29 10:49:05+00:00,0.0003373377210809103,0.00916562613078972,2.0
2025-09-29 10:49:06+00:00,-0.014920422872547134,0.009370141193151563,2.0
2025-09-29 10:49:07+00:00,-0.0018966314417688812,0.00937154555874235,2.0
2025-09-29 10:49:08+00:00,0.0011557843437282056,0.009372481467230413,2.0
2025-09-29 10:49:09+00:00,-0.0017516272372974928,0.009302082891691604,2.0
2025-09-29 10:49:10+00:00,0.0188837559287911,0.009613957064179824,2.0
2025-09-29 10:49:11+00:00,-0.012407511944736549,0.00975195729765311,2.0
2025-09-29 10:49:12+00:00,-0.004551002769582868,0.009770152518964334,2.0
2025-09-29 10:49:13+00:00,0.00019480980780306467,0.00976311163223444,2.0
2025-09-29 10:49:14+00:00,0.016119730442328173,0.00986929250149406,2.0
2025-09-29 10:49:15+00:00,-0.016635308242212044,0.010103268050303446,2.0
2025-09-29 10:49:16+00:00,-0.001112418962022188,0.009992584404851696,2.0
2025-09-29 10:49:17+00:00,0.0006853992666746578,0.009871839033503712,2.0
2025-09-29 10:49:18+00:00,-0.0018913589087771188,0.009715774220991352,2.0
2025-09-29 10:49:19+00:00,0.0018254676331868058,0.00971719200530298,2.0
2025-09-29 10:49:20+00:00,0.008457154638880748,0.009776515905297743,2.0
2025-09-29 10:49:21+00:00,-0.0009039785093034602,0.009775936739255617,2.0
2025-09-29 10:49:22+00:00,-0.0006618843644085048,0.009775351048481254,2.0
2025-09-29 10:49:23+00:00,0.0015643150259458949,0.009776169357165389,2.0
2025-09-29 10:49:24+00:00,0.0016975125133829039,0.009777529765345327,2.0
2025-09-29 10:49:25+00:00,-0.008919892322906797,0.009562182158140677,2.0
2025-09-29 10:49:26+00:00,0.008236864278839962,0.009330298393261298,2.0
2025-09-29 10:49:27+00:00,-0.006977204047387775,0.009374296154134031,2.0
2025-09-29 10:49:28+00:00,0.00465877631505629,0.009389297166040195,2.0
2025-09-29 10:49:29+00:00,-0.003918983229234896,0.009175923371648345,2.0
2025-09-29 10:49:30+00:00,0.0006964921389678302,0.009175904653093453,2.0
2025-09-29 10:49:31+00:00,0.013965924190528334,0.009131215705093041,2.0
2025-09-29 10:49:32+00:00,-0.011837252227269168,0.009028593944167052,2.0
2025-09-29 10:49:33+00:00,0.0012283302762461368,0.008894229513468034,2.0
2025-09-29 10:49:34+00:00,-0.0009330935938960394,0.008848833233019587,2.0
2025-09-29 10:49:35+00:00,0.0010865212363933008,0.0088381749214823,2.0
2025-09-29 10:49:36+00:00,0.0086722786493596,0.008904535322038583,2.0
2025-09-29 10:49:37+00:00,-0.01021150770063195,0.00878826834796285,2.0
2025-09-29 10:49:38+00:00,0.00913852248812308,0.008402046626548726,2.0
2025-09-29 10:49:39+00:00,0.00055060664752693,0.00835746404641954,2.0
2025-09-29 10:49:40+00:00,-0.006652121981711612,0.008190781920952817,2.0
2025-09-29 10:49:41+00:00,-0.0018416034570151174,0.007698770396906147,2.0
2025-09-29 10:49:42+00:00,-0.0005222928101734636,0.007697880528036192,2.0
2025-09-29 10:49:43+00:00,0.0016034295037414825,0.007699625256661211,2.0
2025-09-29 10:49:44+00:00,0.0010121192174388227,0.007700121980591778,2.0
2025-09-29 10:49:45+00:00,-0.002040262802421089,0.007668764018555445,2.0
2025-09-29 10:49:46+00:00,0.0005892554398112537,0.007646295754745625,2.0
2025-09-29 10:49:47+00:00,0.014454503090546744,0.0076024540966546155,2.0
2025-09-29 10:49:48+00:00,-0.014127967049825552,0.007823507753258902,2.0
2025-09-29 10:49:49+00:00,0.0031130637750513834,0.00761684795726185,2.0
2025-09-29 10:49:50+00:00,0.002127152917535513,0.0073133095521836335,2.0
2025-09-29 10:49:51+00:00,-0.000803332979116278,0.007141526502902672,2.0
2025-09-29 10:49:52+00:00,0.008760456274219841,0.0072251932494803795,2.0
2025-09-29 10:49:53+00:00,-0.01836767664512018,0.0076159474055953425,2.0
2025-09-29 10:49:54+00:00,0.001043171383179775,0.007595374560724199,2.0
2025-09-29 10:49:55+00:00,-0.0006886180797007757,0.007592744892606623,2.0
2025-09-29 10:49:56+00:00,0.006793904849430543,0.007635390997454338,2.0
2025-09-29 10:49:57+00:00,-0.000636753114112043,0.007634965749236851,2.0
2025-09-29 10:49:58+00:00,-0.006299132403431051,0.0076704593673207,2.0
2025-09-29 10:49:59+00:00,-0.00030397471692134026,0.007670262419949316,2.0
2025-09-29 10:50:00+00:00,0.01994326485863085,0.008071740718734982,2.0
2025-09-29 10:50:01+00:00,-0.018506625529043474,0.008432594039182275,2.0
2025-09-29 10:50:02+00:00,0.00436332250458582,0.008450542578168215,2.0
2025-09-29 10:50:03+00:00,-0.002390612445911433,0.008455831040433496,2.0
2025-09-29 10:50:04+00:00,0.00038707753299016545,0.008198898072548602,2.0
2025-09-29 10:50:05+00:00,0.00033038810495900073,0.008198891032923351,2.0
2025-09-29 10:50:06+00:00,-0.0004896954072403092,0.007966822163342146,2.0
2025-09-29 10:50:07+00:00,-0.00029550089836583027,0.007962754873049123,2.0
2025-09-29 10:50:08+00:00,-0.0008175513961785619,0.007962441696013517,2.0
2025-09-29 10:50:09+00:00,0.001192623705825735,0.00796004630281521,2.0
2025-09-29 10:50:10+00:00,-0.0015849268882928147,0.007571710804934009,2.0
2025-09-29 10:50:11+00:00,0.0030323853700913173,0.007410940544134208,2.0
2025-09-29 10:50:12+00:00,-0.0017946638412198457,0.007390493000573394,2.0
2025-09-29 10:50:13+00:00,-0.001543908226468993,0.007393480532065062,2.0
2025-09-29 10:50:14+00:00,0.0001977596598414788,0.007086677832334493,2.0
2025-09-29 10:50:15+00:00,0.0032114260303777176,0.006762549637608287,2.0
2025-09-29 10:50:16+00:00,-0.004128749905512263,0.00678309041026384,2.0
2025-09-29 10:50:17+00:00,-0.00048155206958266916,0.006782984924328477,2.0
2025-09-29 10:50:18+00:00,0.010695124109264986,0.006915080583878056,2.0
2025-09-29 10:50:19+00:00,-0.005625735084615613,0.006953397268331554,2.0
2025-09-29 10:50:20+00:00,0.004532452530024322,0.006892035177383834,2.0
2025-09-29 10:50:21+00:00,-0.00680768389058195,0.006948179850003301,2.0
2025-09-29 10:50:22+00:00,0.0030395054612035732,0.00695882741903568,2.0
2025-09-29 10:50:23+00:00,-1.5720850986666868e-05,0.006955948345337875,2.0
2025-09-29 10:50:24+00:00,-0.004285997245866091,0.006974258763396352,2.0
2025-09-29 10:50:25+00:00,0.004005618733776695,0.006895971120470098,2.0
2025-09-29 10:50:26+00:00,-0.0006226787822531943,0.0068137790797756755,2.0
2025-09-29 10:50:27+00:00,-0.0005617221999836275,0.0067527984444985985,2.0
2025-09-29 10:50:28+00:00,0.0007269839697785496,0.006726719512236096,2.0
2025-09-29 10:50:29+00:00,-0.0005226860434710545,0.006707250827365507,2.0
2025-09-29 10:50:30+00:00,-2.306081943237448e-05,0.006706771667717219,2.0
2025-09-29 10:50:31+00:00,-0.0014099014268119658,0.006455760370476892,2.0
2025-09-29 10:50:32+00:00,0.001401576948715677,0.006274595244355221,2.0
2025-09-29 10:50:33+00:00,-0.0012317365043368333,0.006274680265835086,2.0
2025-09-29 10:50:34+00:00,0.0005108090221965789,0.006273846467569184,2.0
2025-09-29 10:50:35+00:00,0.001080665557618543,0.006273829556771635,2.0
2025-09-29 10:50:36+00:00,-0.0010573235207451681,0.006171160861813391,2.0
2025-09-29 10:50:37+00:00,3.394577804649579e-05,0.006028058159323659,2.0
2025-09-29 10:50:38+00:00,-0.0013850252990246226,0.0059102882687967345,2.0
2025-09-29 10:50:39+00:00,0.00035669501338686516,0.005909950434021606,2.0
2025-09-29 10:50:40+00:00,-0.00034528462063809773,0.005848206912685293,2.0
2025-09-29 10:50:41+00:00,-0.0001697968758890278,0.005843508687687544,2.0
2025-09-29 10:50:42+00:00,0.0003703818859577268,0.005843350994122574,2.0
2025-09-29 10:50:43+00:00,-0.001410878193536913,0.005842222933129868,2.0
2025-09-29 10:50:44+00:00,0.0034200126088734795,0.005857946405224585,2.0
2025-09-29 10:50:45+00:00,-0.0035504139773976373,0.005870015544029463,2.0
2025-09-29 10:50:46+00:00,-0.0006166778529625994,0.005869878951025314,2.0
2025-09-29 10:50:47+00:00,-0.00048644233399097736,0.005551873227509453,2.0
2025-09-29 10:50:48+00:00,0.0011636151096510172,0.005249655181022216,2.0
2025-09-29 10:50:49+00:00,-0.0005060357427616458,0.005233378657381846,2.0
2025-09-29 10:50:50+00:00,0.0024352299114367426,0.005235768825578178,2.0
2025-09-29 10:50:51+00:00,0.0009462798993487009,0.005236727177157641,2.0
2025-09-29 10:50:52+00:00,-0.00030290288959755607,0.005106401603499869,2.0
2025-09-29 10:50:53+00:00,-0.0003184788846398723,0.004517762174731913,2.0
2025-09-29 10:50:54+00:00,0.0005548265559591758,0.004516412675937018,2.0
2025-09-29 10:50:55+00:00,-0.0017567009341677986,0.004521509212903639,2.0
2025-09-29 10:50:56+00:00,-6.368699059855487e-05,0.004433729397924835,2.0
2025-09-29 10:50:57+00:00,0.002498239782111833,0.004445437722817982,2.0
2025-09-29 10:50:58+00:00,-0.004705712018883146,0.004411932155165127,2.0
2025-09-29 10:50:59+00:00,9.703572571795327e-05,0.0044117596403216814,2.0
2025-09-29 10:51:00+00:00,0.000793292754041719,0.003554875400827735,2.0
2025-09-29 10:51:01+00:00,0.0023242451655010044,0.002649174012838127,2.0
2025-09-29 10:51:02+00:00,8.743323301629857e-05,0.002587697545136747,2.0
2025-09-29 10:51:03+00:00,-0.0011414353790074605,0.0025733800781184537,2.0
2025-09-29 10:51:04+00:00,0.000873459196100379,0.0025754192185224213,2.0
2025-09-29 10:51:05+00:00,-0.005486575912766023,0.0026704120363543237,2.0
2025-09-29 10:51:06+00:00,0.009479649881974694,0.002942052590832302,2.0
2025-09-29 10:51:07+00:00,-0.009277830386736685,0.003179728494354734,2.0
2025-09-29 10:51:08+00:00,-0.0008433097550377688,0.0031798310908803394,2.0
2025-09-29 10:51:09+00:00,-0.000249293547862961,0.003175469681383384,2.0
2025-09-29 10:51:10+00:00,0.00013716216475079257,0.0031696662403589817,2.0
2025-09-29 10:51:11+00:00,0.0005878046597447284,0.0031446103778646323,2.0
2025-09-29 10:51:12+00:00,0.0063290336934958,0.0032445598674747233,2.0
2025-09-29 10:51:13+00:00,-0.006342731697124848,0.0033413651708927646,2.0
2025-09-29 10:51:14+00:00,0.0006995071269635389,0.003342659143332365,2.0
2025-09-29 10:51:15+00:00,-0.0017079098815584448,0.0033214282046413503,2.0
2025-09-29 10:51:16+00:00,0.013445650955275168,0.0037150905780860203,2.0
2025-09-29 10:51:17+00:00,-0.011066628051995209,0.003987202028339828,2.0
2025-09-29 10:51:18+00:00,0.0007006341953692541,0.0037325542499234707,2.0
2025-09-29 10:51:19+00:00,-0.0006943875917334585,0.0036644550423984156,2.0
2025-09-29 10:51:20+00:00,-0.0007763005071298457,0.0036143180487427998,2.0
2025-09-29 10:51:21+00:00,0.01267686570336668,0.0038758873995282635,2.0
2025-09-29 10:51:22+00:00,-0.00016297513919805162,0.003857156525648114,2.0
2025-09-29 10:51:23+00:00,-0.0005628318285894052,0.0038580267765702466,2.0
2025-09-29 10:51:24+00:00,-0.010998159881111635,0.004077495309088394,2.0
2025-09-29 10:51:25+00:00,1.61042654500676e-05,0.0040427243441132354,2.0
2025-09-29 10:51:26+00:00,0.012933095019290741,0.004378443174341379,2.0
2025-09-29 10:51:27+00:00,-4.218850667869756e-05,0.004377594308224025,2.0
2025-09-29 10:51:28+00:00,-0.012948245966619809,0.004690508101595663,2.0
2025-09-29 10:51:29+00:00,-0.0007700857382000326,0.004690991557687877,2.0
2025-09-29 10:51:30+00:00,0.0007889228648485513,0.004692410694706021,2.0
2025-09-29 10:51:31+00:00,0.013202942048379906,0.0049925797545982056,2.0
2025-09-29 10:51:32+00:00,-0.012258324211143923,0.005239841698361907,2.0
2025-09-29 10:51:33+00:00,-0.00012517031499570397,0.005237659751118569,2.0
2025-09-29 10:51:34+00:00,0.012262404358669876,0.005473759369102931,2.0
2025-09-29 10:51:35+00:00,-0.00812441301613609,0.005574901254624965,2.0
2025-09-29 10:51:36+00:00,-0.0001528304593735319,0.005573264039634165,2.0
2025-09-29 10:51:37+00:00,0.0010725977017644883,0.005574991168956509,2.0
2025-09-29 10:51:38+00:00,2.0747322210912245e-05,0.005571960567056558,2.0
2025-09-29 10:51:39+00:00,0.007840625058040507,0.005662239692505101,2.0
2025-09-29 10:51:40+00:00,-0.0008583377763902167,0.005663407905860351,2.0
2025-09-29 10:51:41+00:00,-0.0007593598879375163,0.005664491741007866,2.0
2025-09-29 10:51:42+00:00,-0.010398959000531338,0.005825556546824593,2.0
2025-09-29 10:51:43+00:00,0.0001982166950342812,0.005822816743119744,2.0
2025-09-29 10:51:44+00:00,0.004734020650705606,0.0058383779324266095,2.0
2025-09-29 10:51:45+00:00,-0.0009740537535944949,0.005821166756896672,2.0
2025-09-29 10:51:46+00:00,-0.004120413600240291,0.005845562390267779,2.0
2025-09-29 10:51:47+00:00,-0.001141555292711538,0.005847095375245485,2.0
2025-09-29 10:51:48+00:00,0.005636146965493527,0.005890687489716936,2.0
2025-09-29 10:51:49+00:00,0.009119865452288156,0.006004920447546842,2.0
2025-09-29 10:51:50+00:00,-0.013510785216309551,0.006253080026830535,2.0
2025-09-29 10:51:51+00:00,0.0009197582117088654,0.006253009839784384,2.0
2025-09-29 10:51:52+00:00,-0.0004216127711711426,0.006253112075128823,2.0
2025-09-29 10:51:53+00:00,0.014707187209506811,0.006536453379714975,2.0
2025-09-29 10:51:54+00:00,-0.012558806561586588,0.00674060811862843,2.0
2025-09-29 10:51:55+00:00,-0.0016476635396378558,0.006740144903800832,2.0
2025-09-29 10:51:56+00:00,0.013859722616882397,0.0069739587829470056,2.0
2025-09-29 10:51:57+00:00,-0.010700052776430935,0.007107753971443372,2.0
2025-09-29 10:51:58+00:00,-0.0023796163873893716,0.007087967025367296,2.0
2025-09-29 10:51:59+00:00,0.0031765623222272943,0.0070995345462797075,2.0
2025-09-29 10:52:00+00:00,0.0007859826780267642,0.007099522341328648,2.0
2025-09-29 10:52:01+00:00,-0.003796486116169784,0.007110842901793216,2.0
2025-09-29 10:52:02+00:00,0.003006384216866831,0.007121510300588622,2.0
2025-09-29 10:52:03+00:00,-0.0008517834898721377,0.0071207961567876996,2.0
2025-09-29 10:52:04+00:00,4.5297313651548876e-05,0.007119959148062117,2.0
2025-09-29 10:52:05+00:00,0.0002523242035408213,0.007083075356581366,2.0
2025-09-29 10:52:06+00:00,0.0012751188256623358,0.006977803539077746,2.0
2025-09-29 10:52:07+00:00,-0.000848963243421097,0.006872169292572063,2.0
2025-09-29 10:52:08+00:00,0.0001187985580208828,0.006870988564726543,2.0
2025-09-29 10:52:09+00:00,0.004494748864120268,0.006893652617162004,2.0
2025-09-29 10:52:10+00:00,-0.004190331110308421,0.006917157428275742,2.0
2025-09-29 10:52:11+00:00,0.003855367390707354,0.006933504294285911,2.0
2025-09-29 10:52:12+00:00,-0.0037225399825352445,0.006904392483995544,2.0
2025-09-29 10:52:13+00:00,0.003883553097540071,0.0068703684090397005,2.0
2025-09-29 10:52:14+00:00,-0.005015529627501847,0.006902972554446925,2.0
2025-09-29 10:52:15+00:00,0.004420126054730522,0.006920894682062803,2.0
2025-09-29 10:52:16+00:00,8.86625408393904e-05,0.006699364214170423,2.0
2025-09-29 10:52:17+00:00,0.00035387619285942584,0.0065401935762230586,2.0
2025-09-29 10:52:18+00:00,0.0025576234277733256,0.006547078609083889,2.0
2025-09-29 10:52:19+00:00,-0.0005947870047258164,0.006546857218112118,2.0
2025-09-29 10:52:20+00:00,-0.0036292030005925513,0.006564513860077183,2.0
2025-09-29 10:52:21+00:00,0.0005905555391072514,0.006356276473333694,2.0
2025-09-29 10:52:22+00:00,-0.0032763271493774226,0.006370038955530562,2.0
2025-09-29 10:52:23+00:00,0.00015944246727772615,0.006369805108655613,2.0
2025-09-29 10:52:24+00:00,0.0031980329836640564,0.006219025734273375,2.0
2025-09-29 10:52:25+00:00,-0.0006657905214801918,0.0062199209937226765,2.0
2025-09-29 10:52:26+00:00,-4.976710214577018e-05,0.005989274303210532,2.0
2025-09-29 10:52:27+00:00,0.0003611527217788346,0.005989526849490219,2.0
2025-09-29 10:52:28+00:00,-0.0011862570402545458,0.005748116975045507,2.0
2025-09-29 10:52:29+00:00,0.000457461440862561,0.005747015940291936,2.0
2025-09-29 10:52:30+00:00,-0.00346332066233368,0.005765294353446341,2.0
2025-09-29 10:52:31+00:00,0.0007603141226006915,0.005503355996589273,2.0
2025-09-29 10:52:32+00:00,0.005117189534898259,0.0053074813526434225,2.0
2025-09-29 10:52:33+00:00,-0.007047934836395986,0.005388620797182272,2.0
2025-09-29 10:52:34+00:00,0.0077984196238696235,0.005246138120623079,2.0
2025-09-29 10:52:35+00:00,-0.007404567131689133,0.005228082820992873,2.0
2025-09-29 10:52:36+00:00,0.010248878914212556,0.005393066831668486,2.0
2025-09-29 10:52:37+00:00,-0.011476511656619004,0.005596762674889197,2.0
2025-09-29 10:52:38+00:00,0.010156292956808644,0.005749626540118648,2.0
2025-09-29 10:52:39+00:00,-0.0017044780358258516,0.005663932009767312,2.0
2025-09-29 10:52:40+00:00,-0.00048576317661408464,0.005663217476378397,2.0
2025-09-29 10:52:41+00:00,0.006741292535951349,0.005729202926256319,2.0
2025-09-29 10:52:42+00:00,-0.0047331366274999676,0.0055984763036560975,2.0
2025-09-29 10:52:43+00:00,0.004261348817677257,0.005623080554592653,2.0
2025-09-29 10:52:44+00:00,0.0007183135251591644,0.0055927312377026875,2.0
2025-09-29 10:52:45+00:00,-0.005925826111748522,0.005646508818075055,2.0
2025-09-29 10:52:46+00:00,0.005261511582137501,0.00565727792839607,2.0
2025-09-29 10:52:47+00:00,-0.011041863806607877,0.005840442145215553,2.0
2025-09-29 10:52:48+00:00,-0.0003025691828322241,0.005795193565896415,2.0
2025-09-29 10:52:49+00:00,-0.0003699317520018397,0.005670281454087516,2.0
2025-09-29 10:52:50+00:00,0.004077957552044653,0.005417172712728964,2.0
2025-09-29 10:52:51+00:00,0.00790392874973711,0.005508544748714041,2.0
2025-09-29 10:52:52+00:00,-0.005895979184683986,0.0055649618607573085,2.0
2025-09-29 10:52:53+00:00,0.00038395599821994253,0.005227421866709095,2.0
2025-09-29 10:52:54+00:00,-0.00040255671064248766,0.0049643954637542025,2.0
2025-09-29 10:52:55+00:00,-0.007666057541451332,0.005060707466010432,2.0
2025-09-29 10:52:56+00:00,9.118864212331879e-05,0.004723722193764277,2.0
2025-09-29 10:52:57+00:00,0.009648284449992994,0.004687686154074294,2.0
2025-09-29 10:52:58+00:00,-0.008713088423096038,0.004814862533695026,2.0
2025-09-29 10:52:59+00:00,0.009212350193034125,0.004943067372101453,2.0
2025-09-29 10:53:00+00:00,-0.0005796621672822244,0.004943141665088904,2.0
2025-09-29 10:53:01+00:00,-0.010349327076712767,0.005100738885969717,2.0
2025-09-29 10:53:02+00:00,0.009174750250178443,0.005223086937746914,2.0
2025-09-29 10:53:03+00:00,0.0019504390213131995,0.005226947798497007,2.0
2025-09-29 10:53:04+00:00,0.001207565115046716,0.005228714341133221,2.0
2025-09-29 10:53:05+00:00,-0.005723315011746055,0.005283689156371381,2.0
2025-09-29 10:53:06+00:00,-9.616483720520375e-05,0.005281343237534881,2.0
2025-09-29 10:53:07+00:00,0.0051071627688945576,0.005320091886116687,2.0
2025-09-29 10:53:08+00:00,-0.004291846899534102,0.0053508312767918285,2.0
2025-09-29 10:53:09+00:00,-0.008214675769799284,0.005423791634317688,2.0
2025-09-29 10:53:10+00:00,0.0079699366675543,0.00549663072594383,2.0
2025-09-29 10:53:11+00:00,0.0009254474483111341,0.005475327917528772,2.0
2025-09-29 10:53:12+00:00,0.0021256847033255255,0.005459740361070137,2.0
2025-09-29 10:53:13+00:00,-0.0010599764429216618,0.005439092681067943,2.0
2025-09-29 10:53:14+00:00,-0.010732201804313335,0.005577249260370107,2.0
2025-09-29 10:53:15+00:00,0.014779324462202537,0.005871128728224406,2.0
2025-09-29 10:53:16+00:00,-0.0010286640042864725,0.005872953409896658,2.0
2025-09-29 10:53:17+00:00,-0.014128433768040738,0.006152716985541696,2.0
2025-09-29 10:53:18+00:00,0.013538026379311008,0.006393360803127292,2.0
2025-09-29 10:53:19+00:00,-0.013278908468214223,0.006619995150020982,2.0
2025-09-29 10:53:20+00:00,0.013122383371957591,0.006822353325280468,2.0
2025-09-29 10:53:21+00:00,0.0016855020232069418,0.0068251627767560875,2.0
2025-09-29 10:53:22+00:00,-0.0003116913777924113,0.006810917862856978,2.0
2025-09-29 10:53:23+00:00,-0.0013802257208375135,0.006813833457571214,2.0
2025-09-29 10:53:24+00:00,0.00016259523078221427,0.006801986060960517,2.0
2025-09-29 10:53:25+00:00,-0.008427125685638637,0.006889783911316762,2.0
2025-09-29 10:53:26+00:00,0.00014251587561564527,0.006889824981436382,2.0
2025-09-29 10:53:27+00:00,-0.0011613452575749417,0.006891130351891783,2.0
2025-09-29 10:53:28+00:00,0.012514859717788429,0.007077798495419532,2.0
2025-09-29 10:53:29+00:00,-0.0027541148450392905,0.007087679522348954,2.0
2025-09-29 10:53:30+00:00,0.00022344242555583094,0.007072134537358123,2.0
2025-09-29 10:53:31+00:00,0.0009717979975427671,0.007072485389242067,2.0
2025-09-29 10:53:32+00:00,-0.012638969600754835,0.007231898712939876,2.0
2025-09-29 10:53:33+00:00,0.010615385785954556,0.007304266614000139,2.0
2025-09-29 10:53:34+00:00,0.005720964191753497,0.007272366493442269,2.0
2025-09-29 10:53:35+00:00,-0.018161028151342462,0.007587252313595076,2.0
2025-09-29 10:53:36+00:00,0.016941109887043115,0.007787611182114739,2.0
2025-09-29 10:53:37+00:00,-0.004291935311493633,0.0076612459863927874,2.0
2025-09-29 10:53:38+00:00,0.004085582911950603,0.00756691969832803,2.0
2025-09-29 10:53:39+00:00,-0.01497348586115288,0.007810247767552787,2.0
2025-09-29 10:53:40+00:00,0.012944568491378927,0.007990284911018159,2.0
2025-09-29 10:53:41+00:00,0.0009008335931965927,0.007943356514371907,2.0
2025-09-29 10:53:42+00:00,0.0025121937373115966,0.007925303358530077,2.0
2025-09-29 10:53:43+00:00,2.6482187938325907e-05,0.007906598377277488,2.0
2025-09-29 10:53:44+00:00,-0.0003512783519011853,0.00790626205517657,2.0
2025-09-29 10:53:45+00:00,-0.0039682567121205325,0.007885288007366539,2.0
2025-09-29 10:53:46+00:00,0.0008209173697093508,0.007856431854357014,2.0
2025-09-29 10:53:47+00:00,0.000291412186116613,0.007721875467264745,2.0
2025-09-29 10:53:48+00:00,-0.00016867423902933165,0.007721754333460501,2.0
2025-09-29 10:53:49+00:00,-0.007016443004614237,0.007777218914141566,2.0
2025-09-29 10:53:50+00:00,0.007626217710292149,0.00782159968727674,2.0
2025-09-29 10:53:51+00:00,0.0006735494251570717,0.007755151965727595,2.0
2025-09-29 10:53:52+00:00,-0.0005735487530482697,0.007716849344736045,2.0
2025-09-29 10:53:53+00:00,0.0002655027952911393,0.00771678911738396,2.0
2025-09-29 10:53:54+00:00,-0.0012282140658380625,0.00771842243892916,2.0
2025-09-29 10:53:55+00:00,0.000691106174112166,0.007651411656850973,2.0
2025-09-29 10:53:56+00:00,-0.007351605103289582,0.007713578335687275,2.0
2025-09-29 10:53:57+00:00,0.0047088506821582055,0.0076358446970149685,2.0
2025-09-29 10:53:58+00:00,0.0007573441697181771,0.007549841356521276,2.0
2025-09-29 10:53:59+00:00,0.0007529083472408438,0.007456513897840661,2.0
2025-09-29 10:54:00+00:00,-0.011517089427811267,0.007603866073971331,2.0
2025-09-29 10:54:01+00:00,0.011372275423995992,0.0076272883066871855,2.0
2025-09-29 10:54:02+00:00,-0.010854238878776012,0.007666391780393005,2.0
2025-09-29 10:54:03+00:00,0.013474222811320269,0.00786116540978698,2.0
2025-09-29 10:54:04+00:00,0.0019284303893276622,0.007863489810621183,2.0
2025-09-29 10:54:05+00:00,0.00258370922565776,0.007832681299938995,2.0
2025-09-29 10:54:06+00:00,-0.004293678233802112,0.007854238707132505,2.0
2025-09-29 10:54:07+00:00,-0.011620729840950195,0.007971196906007762,2.0
2025-09-29 10:54:08+00:00,0.0012474939963200704,0.007954261952043287,2.0
2025-09-29 10:54:09+00:00,0.011068478439942186,0.008007742053344976,2.0
2025-09-29 10:54:10+00:00,-0.009847503325219886,0.008048066538352156,2.0
2025-09-29 10:54:11+00:00,0.0014969587321911337,0.008049536892666038,2.0
2025-09-29 10:54:12+00:00,0.002121674484315994,0.008049518911341924,2.0
2025-09-29 10:54:13+00:00,0.0008576517311598142,0.008049069506874,2.0
2025-09-29 10:54:14+00:00,-0.00039967913817184897,0.0079245640969151,2.0
2025-09-29 10:54:15+00:00,0.0011494299826344534,0.007691429337568075,2.0
2025-09-29 10:54:16+00:00,0.00020385588515203779,0.007690359598625269,2.0
2025-09-29 10:54:17+00:00,-0.001167261045837198,0.007465765196074827,2.0
2025-09-29 10:54:18+00:00,-0.0006265543867121082,0.007258164745058539,2.0
2025-09-29 10:54:19+00:00,0.010392744702701906,0.00716850392872231,2.0
2025-09-29 10:54:20+00:00,-0.0005007817774916878,0.006970636900415743,2.0
2025-09-29 10:54:21+00:00,-0.00946818586873499,0.007076617658934793,2.0
2025-09-29 10:54:22+00:00,0.001487448982935291,0.007079287346466419,2.0
2025-09-29 10:54:23+00:00,-3.8848624955623023e-05,0.007077026323893984,2.0
2025-09-29 10:54:24+00:00,-0.002436843719763826,0.007084001886624137,2.0
2025-09-29 10:54:25+00:00,0.011709596722304205,0.007156439105961087,2.0
2025-09-29 10:54:26+00:00,-0.0011494149739574855,0.0071588575676021105,2.0
2025-09-29 10:54:27+00:00,0.0006714614302751887,0.007156528987833194,2.0
2025-09-29 10:54:28+00:00,0.0019545805571525854,0.00697885397511266,2.0
2025-09-29 10:54:29+00:00,-0.014516328843017012,0.007222224509547313,2.0
2025-09-29 10:54:30+00:00,0.016512267688892024,0.0075327277301355305,2.0
2025-09-29 10:54:31+00:00,0.0005526553234058706,0.00753220013007529,2.0
2025-09-29 10:54:32+00:00,0.0001300808081392546,0.00734128549225108,2.0
2025-09-29 10:54:33+00:00,-0.009246441230583047,0.007321180030329876,2.0
2025-09-29 10:54:34+00:00,0.012714548127219949,0.007466718925162204,2.0
2025-09-29 10:54:35+00:00,0.0015094832360009747,0.007068181155714219,2.0
2025-09-29 10:54:36+00:00,-0.01852624300193806,0.007154616544405413,2.0
2025-09-29 10:54:37+00:00,0.0058981784533485015,0.007173513065153473,2.0
2025-09-29 10:54:38+00:00,-0.006018314809363767,0.00719702251466005,2.0
2025-09-29 10:54:39+00:00,0.0019874839401150535,0.006929619608436785,2.0
2025-09-29 10:54:40+00:00,-0.000594004181158958,0.006725628579114579,2.0
2025-09-29 10:54:41+00:00,0.004330950217211527,0.006748018155161753,2.0
2025-09-29 10:54:42+00:00,-0.00020857250515982084,0.0067403294918891715,2.0
2025-09-29 10:54:43+00:00,0.00046141833605628513,0.006740587201673146,2.0
2025-09-29 10:54:44+00:00,-0.003993373786157162,0.00676028398477754,2.0
2025-09-29 10:54:45+00:00,0.0010034299197159147,0.0067418722922097316,2.0
2025-09-29 10:54:46+00:00,0.014549219238269906,0.006997149898050647,2.0
2025-09-29 10:54:47+00:00,-0.013771849421241655,0.007227916032553542,2.0
2025-09-29 10:54:48+00:00,0.01380290758610725,0.007443305583543718,2.0
2025-09-29 10:54:49+00:00,-0.0003852885842133835,0.007382392911127491,2.0
2025-09-29 10:54:50+00:00,-0.012909958248559672,0.007515224297012224,2.0
2025-09-29 10:54:51+00:00,0.0006790969436278882,0.007515232387540521,2.0
2025-09-29 10:54:52+00:00,0.013578296833845593,0.007715389184446474,2.0
2025-09-29 10:54:53+00:00,-0.012180379234311478,0.007880921820305246,2.0
2025-09-29 10:54:54+00:00,-0.0013040463512923317,0.007881137689654833,2.0
2025-09-29 10:54:55+00:00,-3.129096662513042e-05,0.007880704159349751,2.0
2025-09-29 10:54:56+00:00,0.01449647758390693,0.008036369660889468,2.0
2025-09-29 10:54:57+00:00,-0.01548261265440043,0.008272549922904968,2.0
2025-09-29 10:54:58+00:00,-0.0011186922685061385,0.008273462731071254,2.0
2025-09-29 10:54:59+00:00,-0.000753681968094333,0.008273552294765877,2.0
2025-09-29 10:55:00+00:00,-0.0007420680255600942,0.008134748883696306,2.0
2025-09-29 10:55:01+00:00,0.0014560425420582224,0.00800350263264028,2.0
2025-09-29 10:55:02+00:00,0.003089677293791171,0.007883635433408963,2.0
2025-09-29 10:55:03+00:00,-0.0010087972368428844,0.007691652670815881,2.0
2025-09-29 10:55:04+00:00,-0.0009524786235340921,0.0076885376983359625,2.0
2025-09-29 10:55:05+00:00,0.0018663330496029307,0.007684966607866627,2.0
2025-09-29 10:55:06+00:00,-0.004159794177508558,0.007683729493675831,2.0
2025-09-29 10:55:07+00:00,-0.00019575435579455291,0.007531846449174577,2.0
2025-09-29 10:55:08+00:00,0.0002965312663056885,0.00753050700979304,2.0
2025-09-29 10:55:09+00:00,0.0018069204238848613,0.00739638968140646,2.0
2025-09-29 10:55:10+00:00,-0.0014374770648687418,0.007285781034105332,2.0
2025-09-29 10:55:11+00:00,0.00384777487730692,0.007299597043093043,2.0
2025-09-29 10:55:12+00:00,-0.001110745614290698,0.0072968256445249645,2.0
2025-09-29 10:55:13+00:00,-0.004316386416393092,0.007318373877496379,2.0
2025-09-29 10:55:14+00:00,0.005170644878741637,0.007348190567959576,2.0
2025-09-29 10:55:15+00:00,-0.0005234429655097683,0.007347376422391556,2.0
2025-09-29 10:55:16+00:00,-0.005677349087967909,0.007384939611361154,2.0
2025-09-29 10:55:17+00:00,0.00040731056246889885,0.007383554868854424,2.0
2025-09-29 10:55:18+00:00,0.00015408931245919355,0.007383090674316736,2.0
2025-09-29 10:55:19+00:00,0.017739427094506155,0.007615149541266546,2.0
2025-09-29 10:55:20+00:00,-0.01470145894226993,0.007852744987970495,2.0
2025-09-29 10:55:21+00:00,-0.0027456268394192573,0.007764053663876191,2.0
2025-09-29 10:55:22+00:00,0.0005743172793648554,0.007762037324951785,2.0
2025-09-29 10:55:23+00:00,0.0031330702194343196,0.007772480424095182,2.0
2025-09-29 10:55:24+00:00,0.014848798503878546,0.007995343531538123,2.0
2025-09-29 10:55:25+00:00,-0.016032186423910022,0.008128494245230853,2.0
2025-09-29 10:55:26+00:00,0.0018057553823842554,0.008131039075237564,2.0
2025-09-29 10:55:27+00:00,0.015156418962330775,0.008364806119158644,2.0
2025-09-29 10:55:28+00:00,-0.0006090504350089176,0.008362141050217022,2.0
2025-09-29 10:55:29+00:00,0.0016965623916942452,0.008139549366116182,2.0
2025-09-29 10:55:30+00:00,-0.014574120694596182,0.008086328932647007,2.0
2025-09-29 10:55:31+00:00,0.012904228586761102,0.008258851665792393,2.0
2025-09-29 10:55:32+00:00,-0.01213814394627144,0.008408514305376955,2.0
2025-09-29 10:55:33+00:00,-0.002454608575737427,0.00832874465382332,2.0
2025-09-29 10:55:34+00:00,0.002665429377698647,0.008168330740829583,2.0
2025-09-29 10:55:35+00:00,-0.002861465373173777,0.008172657700779852,2.0
2025-09-29 10:55:36+00:00,0.0007163375434426911,0.007812332590917292,2.0
2025-09-29 10:55:37+00:00,0.015245166257199516,0.008020621730265956,2.0
2025-09-29 10:55:38+00:00,-0.012798967845468412,0.008156926265144705,2.0
2025-09-29 10:55:39+00:00,0.0005913476822405617,0.008153523319523487,2.0
2025-09-29 10:55:40+00:00,0.00988930503629093,0.008250042482409552,2.0
2025-09-29 10:55:41+00:00,-0.014058718051409236,0.008436473598490308,2.0
2025-09-29 10:55:42+00:00,-0.0007064214373648792,0.00843690025152514,2.0
2025-09-29 10:55:43+00:00,0.017347778190414997,0.008730290267976157,2.0
2025-09-29 10:55:44+00:00,-0.01614257497178595,0.008967948828287,2.0
2025-09-29 10:55:45+00:00,-0.00017783029800921835,0.008967103198140884,2.0
2025-09-29 10:55:46+00:00,0.00081163542557805,0.008763005794185553,2.0
2025-09-29 10:55:47+00:00,-0.0011714071098458678,0.008581462344277486,2.0
2025-09-29 10:55:48+00:00,-0.0012216778322365895,0.008389072678899231,2.0
2025-09-29 10:55:49+00:00,0.004124188312369048,0.008407974976711525,2.0
2025-09-29 10:55:50+00:00,-0.0035801302485877207,0.008253217470596017,2.0
2025-09-29 10:55:51+00:00,0.0007378273549418779,0.008253304609312376,2.0
2025-09-29 10:55:52+00:00,-0.0005402649797595638,0.008058181119903345,2.0
2025-09-29 10:55:53+00:00,-0.00023245702156504677,0.007904495677503856,2.0
2025-09-29 10:55:54+00:00,-0.00046632019307435435,0.007902982234288078,2.0
2025-09-29 10:55:55+00:00,0.0026512843334522973,0.007910592260930311,2.0
2025-09-29 10:55:56+00:00,0.01456926166042849,0.007912856792733751,2.0
2025-09-29 10:55:57+00:00,-0.017907220131153978,0.00799903964085723,2.0
2025-09-29 10:55:58+00:00,0.018274923205519267,0.008338921257156264,2.0
2025-09-29 10:55:59+00:00,0.0009686295811504042,0.008338221534276614,2.0
2025-09-29 10:56:00+00:00,-0.0014741751843003748,0.008340339989132736,2.0
2025-09-29 10:56:01+00:00,0.0007182020143861045,0.008339164694289736,2.0
2025-09-29 10:56:02+00:00,-0.01711058919011621,0.008627302770505382,2.0
2025-09-29 10:56:03+00:00,-0.00048345974419505833,0.008626568895362976,2.0
2025-09-29 10:56:04+00:00,-0.0006521756538716561,0.008626112136271935,2.0
2025-09-29 10:56:05+00:00,0.0011508448724111275,0.008623946508406734,2.0
2025-09-29 10:56:06+00:00,-0.0007054951698596268,0.00860747576927311,2.0
2025-09-29 10:56:07+00:00,0.00016251804466316244,0.008607447872916193,2.0
2025-09-29 10:56:08+00:00,0.0008017054398017365,0.00860796413249752,2.0
2025-09-29 10:56:09+00:00,-0.0008245122773804514,0.008605482944627187,2.0
2025-09-29 10:56:10+00:00,0.000879520493116237,0.008604165092857144,2.0
2025-09-29 10:56:11+00:00,0.0006317985642245727,0.008589978670058597,2.0
2025-09-29 10:56:12+00:00,-0.004820973969477449,0.00861125889094697,2.0
2025-09-29 10:56:13+00:00,-0.0001907311616075047,0.008593362623071891,2.0
2025-09-29 10:56:14+00:00,-0.0020969194126826407,0.008570181423866232,2.0
2025-09-29 10:56:15+00:00,0.006692130857059775,0.00861519867146232,2.0
2025-09-29 10:56:16+00:00,-0.004836379778227373,0.008606515829062782,2.0
2025-09-29 10:56:17+00:00,-0.0013550535382412798,0.008608093973933424,2.0
2025-09-29 10:56:18+00:00,0.020347326575904434,0.009001334126944179,2.0
2025-09-29 10:56:19+00:00,-0.01873853851859897,0.009035496931631174,2.0
2025-09-29 10:56:20+00:00,0.02033574005286032,0.009219645290551344,2.0
2025-09-29 10:56:21+00:00,-0.0167435848089722,0.009471148407562734,2.0
2025-09-29 10:56:22+00:00,0.004374638035826273,0.009487438687459101,2.0
2025-09-29 10:56:23+00:00,-0.0040141414142587095,0.009493689886542409,2.0
2025-09-29 10:56:24+00:00,0.01710464083469332,0.00955778368994556,2.0
2025-09-29 10:56:25+00:00,-0.023241836126515314,0.009805222607060814,2.0
2025-09-29 10:56:26+00:00,0.0009887429818593585,0.009803108244892845,2.0
2025-09-29 10:56:27+00:00,-0.001122195133378634,0.009596620474782467,2.0
2025-09-29 10:56:28+00:00,0.0007666251055236106,0.009597702011000587,2.0
2025-09-29 10:56:29+00:00,0.01075469713475452,0.009701200808232033,2.0
2025-09-29 10:56:30+00:00,0.00909653184432524,0.009587547586131765,2.0
2025-09-29 10:56:31+00:00,-0.018831366157374574,0.009748319300640539,2.0
2025-09-29 10:56:32+00:00,0.012286474874726894,0.009757190171540234,2.0
2025-09-29 10:56:33+00:00,8.949474312269778e-05,0.009751565041310865,2.0
2025-09-29 10:56:34+00:00,-0.014006095038148647,0.009913718572056189,2.0
2025-09-29 10:56:35+00:00,0.008104242623200975,0.00996414812321183,2.0
2025-09-29 10:56:36+00:00,0.000620021493406897,0.009964041145036847,2.0
2025-09-29 10:56:37+00:00,0.004031759758192921,0.009776929338231872,2.0
2025-09-29 10:56:38+00:00,0.0007610165359956955,0.009635818564751014,2.0
2025-09-29 10:56:39+00:00,0.003179752799858715,0.009644057921975493,2.0
2025-09-29 10:56:40+00:00,0.0001629968959693251,0.009558025550056084,2.0
2025-09-29 10:56:41+00:00,-0.01935546511550157,0.009712669480162198,2.0
2025-09-29 10:56:42+00:00,0.0184152070568131,0.010003581125403964,2.0
2025-09-29 10:56:43+00:00,-0.0024112846563977275,0.009750365417914585,2.0
2025-09-29 10:56:44+00:00,0.003977623632362537,0.009535138229037116,2.0
2025-09-29 10:56:45+00:00,-0.01996775450292454,0.009883330442843157,2.0
2025-09-29 10:56:46+00:00,0.020759915142476215,0.010245423243303717,2.0
2025-09-29 10:56:47+00:00,0.0008004668017822514,0.010244198130663682,2.0
2025-09-29 10:56:48+00:00,-0.021564451508577998,0.010621938912977313,2.0
2025-09-29 10:56:49+00:00,0.023482857573789095,0.011039245215201072,2.0
2025-09-29 10:56:50+00:00,-0.026513745491397067,0.011556893846329951,2.0
2025-09-29 10:56:51+00:00,0.00021011666195835943,0.01155637491406518,2.0
2025-09-29 10:56:52+00:00,0.027328676939989194,0.012090238005424884,2.0
2025-09-29 10:56:53+00:00,-0.001295169769322868,0.012091755297849775,2.0
2025-09-29 10:56:54+00:00,-0.006228800232122356,0.012120358730809662,2.0
2025-09-29 10:56:55+00:00,0.007612907419708437,0.012154592393290127,2.0
2025-09-29 10:56:56+00:00,-0.0007887818926674006,0.012008388260325895,2.0
2025-09-29 10:56:57+00:00,-0.020024373803723572,0.012064807246758274,2.0
2025-09-29 10:56:58+00:00,0.000459642103643354,0.01182275176626287,2.0
2025-09-29 10:56:59+00:00,0.001510385133974168,0.011823987116067481,2.0
2025-09-29 10:57:00+00:00,0.00027900893461807463,0.011823319751180552,2.0
2025-09-29 10:57:01+00:00,0.017425090012163524,0.012042815496928656,2.0
2025-09-29 10:57:02+00:00,-0.002542313551675446,0.01183790555903101,2.0
2025-09-29 10:57:03+00:00,-0.016868054723831905,0.012041261654642543,2.0
2025-09-29 10:57:04+00:00,-0.000148944461636491,0.012041024001557571,2.0
2025-09-29 10:57:05+00:00,0.018468604106560482,0.012275829787028373,2.0
2025-09-29 10:57:06+00:00,-0.020005196126996694,0.01255047949481042,2.0
2025-09-29 10:57:07+00:00,-0.0002573207400601296,0.012550451149164536,2.0
2025-09-29 10:57:08+00:00,-0.0005136543771174784,0.012549996602514565,2.0
2025-09-29 10:57:09+00:00,0.026415501948765296,0.01300851446067098,2.0
2025-09-29 10:57:10+00:00,-0.024543666682983023,0.013398552076673873,2.0
2025-09-29 10:57:11+00:00,0.022364205965832662,0.013708626282822281,2.0
2025-09-29 10:57:12+00:00,-0.022998050755101418,0.014020339386247855,2.0
2025-09-29 10:57:13+00:00,0.0009908184113880392,0.014020944257183365,2.0
2025-09-29 10:57:14+00:00,0.02306597520144127,0.01433048126567608,2.0
2025-09-29 10:57:15+00:00,-0.0005004964256138944,0.014307068301358162,2.0
2025-09-29 10:57:16+00:00,0.0026041673620254002,0.014294157673207191,2.0
2025-09-29 10:57:17+00:00,-0.0013145999611314796,0.014294073965523846,2.0
2025-09-29 10:57:18+00:00,-0.023972327052203313,0.014391163330194938,2.0
2025-09-29 10:57:19+00:00,0.016352806006064036,0.014343256614615964,2.0
2025-09-29 10:57:20+00:00,-0.018117614468713517,0.014289869667982222,2.0
2025-09-29 10:57:21+00:00,0.017143367852265,0.01430198658111721,2.0
2025-09-29 10:57:22+00:00,0.010692270496222678,0.014356538303507752,2.0
2025-09-29 10:57:23+00:00,-0.02706192549792852,0.014775761742685169,2.0
2025-09-29 10:57:24+00:00,0.01851975877040757,0.01480478741968202,2.0
2025-09-29 10:57:25+00:00,0.007238288927565506,0.01451649755093269,2.0
2025-09-29 10:57:26+00:00,0.00017060675182078988,0.01451635134795172,2.0
2025-09-29 10:57:27+00:00,0.0014153181239087154,0.014515479114930688,2.0
2025-09-29 10:57:28+00:00,-0.001082120600532921,0.014516783859674464,2.0
2025-09-29 10:57:29+00:00,0.001399635761958784,0.014454129677438811,2.0
2025-09-29 10:57:30+00:00,-0.0014843197029031918,0.014409158829619429,2.0
2025-09-29 10:57:31+00:00,0.0006548459891750902,0.014193235787831843,2.0
2025-09-29 10:57:32+00:00,-0.013501895763002425,0.014218361208351713,2.0
2025-09-29 10:57:33+00:00,-0.0005383836848934509,0.014218520776876594,2.0
2025-09-29 10:57:34+00:00,0.014319158548233624,0.014216392421148933,2.0
2025-09-29 10:57:35+00:00,0.0001352812300257078,0.014180904766959292,2.0
2025-09-29 10:57:36+00:00,0.0003933885286273586,0.014180854437273635,2.0
2025-09-29 10:57:37+00:00,-8.642208029774334e-05,0.014172543606509729,2.0
2025-09-29 10:57:38+00:00,0.0006017603917680692,0.014172461264177818,2.0
2025-09-29 10:57:39+00:00,-0.0014144955208419407,0.014168762017202526,2.0
2025-09-29 10:57:40+00:00,-0.01980911033887711,0.014401646491431237,2.0
2025-09-29 10:57:41+00:00,0.00043582066157732413,0.014179518981076257,2.0
2025-09-29 10:57:42+00:00,-2.479435172375588e-05,0.01397569389628384,2.0
2025-09-29 10:57:43+00:00,-0.0007093827910813477,0.013972731086430079,2.0
2025-09-29 10:57:44+00:00,0.0007933153868731058,0.013962982929734665,2.0
2025-09-29 10:57:45+00:00,0.01905060165382899,0.013933595215680687,2.0
2025-09-29 10:57:46+00:00,-0.010087972628437303,0.013740637299119512,2.0
2025-09-29 10:57:47+00:00,0.00021772359540084274,0.013740247924591463,2.0
2025-09-29 10:57:48+00:00,0.00895530882142026,0.013492498538987974,2.0
2025-09-29 10:57:49+00:00,-1.8081533210145828e-05,0.013149919511627748,2.0
2025-09-29 10:57:50+00:00,0.00030836956024749007,0.01267799492021636,2.0
2025-09-29 10:57:51+00:00,0.00037421508470458775,0.012677943195021439,2.0
2025-09-29 10:57:52+00:00,0.0009751059021319008,0.012180494148480159,2.0
2025-09-29 10:57:53+00:00,0.002750114678282678,0.012183891788835235,2.0
2025-09-29 10:57:54+00:00,-0.01289212680669971,0.01227313030293141,2.0
2025-09-29 10:57:55+00:00,0.013913563046991095,0.012365574026432435,2.0
2025-09-29 10:57:56+00:00,-0.012041776549113536,0.01246501429646433,2.0
2025-09-29 10:57:57+00:00,0.012974429969375034,0.012294970554459966,2.0
2025-09-29 10:57:58+00:00,-0.0005621279207377317,0.012295754556652754,2.0
2025-09-29 10:57:59+00:00,-0.011544837849107203,0.012392646705575244,2.0
2025-09-29 10:58:00+00:00,0.012265256147731218,0.012488878527643143,2.0
2025-09-29 10:58:01+00:00,-0.000596476340938179,0.012289535620299403,2.0
2025-09-29 10:58:02+00:00,0.0012109072407842092,0.012285002109096024,2.0
2025-09-29 10:58:03+00:00,-0.013626646562899247,0.0122154185294327,2.0
2025-09-29 10:58:04+00:00,0.01274319101200061,0.01232040751387663,2.0
2025-09-29 10:58:05+00:00,0.0003247561185009129,0.012092717370699068,2.0
2025-09-29 10:58:06+00:00,-0.00015031586842961797,0.011798298062970418,2.0
2025-09-29 10:58:07+00:00,-0.010282671007984745,0.0118804658423601,2.0
2025-09-29 10:58:08+00:00,0.009827374880561512,0.011942254576884899,2.0
2025-09-29 10:58:09+00:00,-0.022173598125433625,0.011804786973018198,2.0
2025-09-29 10:58:10+00:00,0.014398785485660426,0.011514320650052833,2.0
2025-09-29 10:58:11+00:00,-0.001041382893301357,0.011147642826537808,2.0
2025-09-29 10:58:12+00:00,-0.014834540121324458,0.010909553172941884,2.0
2025-09-29 10:58:13+00:00,0.021370255615824396,0.01124880776332732,2.0
2025-09-29 10:58:14+00:00,-0.00485670043784836,0.010869282164198513,2.0
2025-09-29 10:58:15+00:00,-3.1070213097006416e-05,0.010869082272112729,2.0
2025-09-29 10:58:16+00:00,0.0036783021388959725,0.010874308818550879,2.0
2025-09-29 10:58:17+00:00,-0.017362201580012004,0.011102866314453069,2.0
2025-09-29 10:58:18+00:00,0.012729508893364105,0.010779420599436882,2.0
2025-09-29 10:58:19+00:00,-0.0121978800908632,0.010691882828887408,2.0
2025-09-29 10:58:20+00:00,0.016852103244808125,0.010646236183443564,2.0
2025-09-29 10:58:21+00:00,-0.000149792121165504,0.010419143184101677,2.0
2025-09-29 10:58:22+00:00,0.0002871832761817128,0.010327604330628307,2.0
2025-09-29 10:58:23+00:00,-0.0041531147541847835,0.009714747438750854,2.0
2025-09-29 10:58:24+00:00,0.006920236204874808,0.009460139111718781,2.0
2025-09-29 10:58:25+00:00,0.00048723058109123585,0.009415135612930513,2.0
2025-09-29 10:58:26+00:00,0.0005157771055153137,0.009415288258181257,2.0
2025-09-29 10:58:27+00:00,-0.009251944871197182,0.009490452446999241,2.0
2025-09-29 10:58:28+00:00,0.008913912789335399,0.009559998783509138,2.0
2025-09-29 10:58:29+00:00,-0.016893763116433536,0.009806041181445744,2.0
2025-09-29 10:58:30+00:00,0.0150731490731284,0.010000777462914577,2.0
2025-09-29 10:58:31+00:00,-0.01635306424723726,0.010222226537633699,2.0
2025-09-29 10:58:32+00:00,0.013838293161703374,0.010229637364149858,2.0
2025-09-29 10:58:33+00:00,0.0023136257237679203,0.010232620354769411,2.0
2025-09-29 10:58:34+00:00,-0.0034733756212227407,0.010075477256867638,2.0
2025-09-29 10:58:35+00:00,0.004925190650210798,0.010095656296854457,2.0
2025-09-29 10:58:36+00:00,-0.017066785368744064,0.010334789713926595,2.0
2025-09-29 10:58:37+00:00,0.0031487042902516027,0.010343974288714839,2.0
2025-09-29 10:58:38+00:00,0.0006656670957687627,0.01034405878746577,2.0
2025-09-29 10:58:39+00:00,0.016037522486626488,0.010551830631217481,2.0
2025-09-29 10:58:40+00:00,-0.006625398391361559,0.010263155367689684,2.0
2025-09-29 10:58:41+00:00,0.007637475185063858,0.010306340830237733,2.0
2025-09-29 10:58:42+00:00,0.0002562298449642064,0.010306181595353516,2.0
2025-09-29 10:58:43+00:00,-0.005763658999301757,0.010336534203861804,2.0
2025-09-29 10:58:44+00:00,-0.0014485293684370903,0.010339060402059298,2.0
2025-09-29 10:58:45+00:00,0.005704006719849497,0.010069771783433507,2.0
2025-09-29 10:58:46+00:00,0.00041333818020428126,0.009980229214055007,2.0
2025-09-29 10:58:47+00:00,-0.000521852745159257,0.009980781191752561,2.0
2025-09-29 10:58:48+00:00,-0.017394239911235787,0.010170542317911287,2.0
2025-09-29 10:58:49+00:00,0.017563524666826424,0.010424737117317086,2.0
2025-09-29 10:58:50+00:00,0.0007151396311897429,0.010424983957581504,2.0
2025-09-29 10:58:51+00:00,0.00011796379566808568,0.010424939661988455,2.0
2025-09-29 10:58:52+00:00,-0.00038816651629791643,0.010424569070681865,2.0
2025-09-29 10:58:53+00:00,-0.0015089650953944433,0.010420821015002345,2.0
2025-09-29 10:58:54+00:00,-0.00228491353407112,0.010286756277211408,2.0
2025-09-29 10:58:55+00:00,-0.016040973850961038,0.010337702681524159,2.0
2025-09-29 10:58:56+00:00,0.014415512470619118,0.010391564444666662,2.0
2025-09-29 10:58:57+00:00,-0.0007641207619966117,0.010254934599360086,2.0
2025-09-29 10:58:58+00:00,1.2064612430195965e-05,0.010254732204130517,2.0
2025-09-29 10:58:59+00:00,-0.016693104237082146,0.010373336444984733,2.0
2025-09-29 10:59:00+00:00,0.015083220847760925,0.010436653018387452,2.0
2025-09-29 10:59:01+00:00,-0.00042792024478766066,0.010436538655235472,2.0
2025-09-29 10:59:02+00:00,-0.014414385818072195,0.010597162621218788,2.0
2025-09-29 10:59:03+00:00,0.014372892934660042,0.010619227510799726,2.0
2025-09-29 10:59:04+00:00,0.0020926095207258744,0.010492792519801617,2.0
2025-09-29 10:59:05+00:00,-0.011240703542245933,0.010591293779960457,2.0
2025-09-29 10:59:06+00:00,-0.0003098585777245866,0.010591286559357132,2.0
2025-09-29 10:59:07+00:00,0.0005171458633388415,0.010509515680577636,2.0
2025-09-29 10:59:08+00:00,0.012585475769623322,0.010559496517250733,2.0
2025-09-29 10:59:09+00:00,-0.014863832041338787,0.010339608469436616,2.0
2025-09-29 10:59:10+00:00,-0.00029845355800728335,0.010167492364895581,2.0
2025-09-29 10:59:11+00:00,-0.001909661201396906,0.010169390370140214,2.0
2025-09-29 10:59:12+00:00,0.016844705560987716,0.01021745177414705,2.0
2025-09-29 10:59:13+00:00,-0.0009711932565299453,0.009838747220936988,2.0
2025-09-29 10:59:14+00:00,4.289530741452552e-05,0.009818198166436478,2.0
2025-09-29 10:59:15+00:00,-0.01930164799200018,0.010131616502702563,2.0
2025-09-29 10:59:16+00:00,-0.0012692333209196605,0.010119185698763784,2.0
2025-09-29 10:59:17+00:00,0.012091123545781457,0.00999292918297103,2.0
2025-09-29 10:59:18+00:00,-0.0007755130939172128,0.009856013385373204,2.0
2025-09-29 10:59:19+00:00,0.007228598737063274,0.009769622466543034,2.0
2025-09-29 10:59:20+00:00,0.0010738728234356287,0.009524496279217858,2.0
2025-09-29 10:59:21+00:00,-0.009713596795790869,0.009606531304723104,2.0
2025-09-29 10:59:22+00:00,-0.013501926469795977,0.009759124986262984,2.0
2025-09-29 10:59:23+00:00,0.011429523357628257,0.009864337588219306,2.0
2025-09-29 10:59:24+00:00,0.00012993861325449885,0.009820813197059105,2.0
2025-09-29 10:59:25+00:00,0.00826540451006852,0.009881906428674559,2.0
2025-09-29 10:59:26+00:00,-0.0006193791191576592,0.00988174723545597,2.0
2025-09-29 10:59:27+00:00,-0.015913483772038495,0.010022248249721935,2.0
2025-09-29 10:59:28+00:00,0.016285625259219616,0.01018047794958887,2.0
2025-09-29 10:59:29+00:00,-0.01869493328756866,0.010233262805514952,2.0
2025-09-29 10:59:30+00:00,0.017083835303240535,0.010287147559672116,2.0
2025-09-29 10:59:31+00:00,-1.3867412968937565e-05,0.010064200503206371,2.0
2025-09-29 10:59:32+00:00,0.0008234270126912246,0.009903022022815773,2.0
2025-09-29 10:59:33+00:00,0.0008590345574923663,0.009898861750080755,2.0
2025-09-29 10:59:34+00:00,0.0003475888050250564,0.00988905509071227,2.0
2025-09-29 10:59:35+00:00,-0.017417071601578127,0.010117211862890128,2.0
2025-09-29 10:59:36+00:00,0.019559823062222703,0.01019949933294847,2.0
2025-09-29 10:59:37+00:00,-0.005049915353868228,0.01021430494020151,2.0
2025-09-29 10:59:38+00:00,-0.013048362085198772,0.01035321331214265,2.0
2025-09-29 10:59:39+00:00,0.014878225533673461,0.010323511626390605,2.0
2025-09-29 10:59:40+00:00,-0.01374436791171496,0.010439115420282566,2.0
2025-09-29 10:59:41+00:00,0.0008238925634447281,0.01038826455360429,2.0
2025-09-29 10:59:42+00:00,0.0062931362673699365,0.010424015220674456,2.0
2025-09-29 10:59:43+00:00,0.007566925254695711,0.010447862032224942,2.0
2025-09-29 10:59:44+00:00,-0.012099691871767182,0.010561229736821928,2.0
2025-09-29 10:59:45+00:00,0.0008455021429085718,0.01053326729250996,2.0
2025-09-29 10:59:46+00:00,0.012033104244626003,0.010653619740014615,2.0
2025-09-29 10:59:47+00:00,-0.010971714642243335,0.010744769351219327,2.0
2025-09-29 10:59:48+00:00,0.010683694696175916,0.01059932835134599,2.0
2025-09-29 10:59:49+00:00,-0.009651218211013002,0.010421911207991597,2.0
2025-09-29 10:59:50+00:00,0.0006930271683338596,0.010421874613310749,2.0
2025-09-29 10:59:51+00:00,0.0004378107772129436,0.010422180951013698,2.0
2025-09-29 10:59:52+00:00,0.00019699192305311364,0.010422378802046717,2.0
2025-09-29 10:59:53+00:00,0.007494795602530857,0.010469369471465808,2.0
2025-09-29 10:59:54+00:00,-0.00483490771678774,0.010483355332855904,2.0
2025-09-29 10:59:55+00:00,0.0019383566950497144,0.01027756372555784,2.0
2025-09-29 10:59:56+00:00,0.003984923585395483,0.010118447163715889,2.0
2025-09-29 10:59:57+00:00,-0.0008252562110775408,0.010118521810679161,2.0
2025-09-29 10:59:58+00:00,-0.005229719961803325,0.010140439021077327,2.0
2025-09-29 10:59:59+00:00,0.004548932509555348,0.009921660251697908,2.0
2025-09-29 11:00:00+00:00,-0.003148582669894928,0.00973557053667627,2.0
2025-09-29 11:00:01+00:00,0.001360185295492533,0.00973729713891698,2.0
2025-09-29 11:00:02+00:00,-0.0024609157238366652,0.0095595754362927,2.0
2025-09-29 11:00:03+00:00,0.005058114363005295,0.009398558409295769,2.0
2025-09-29 11:00:04+00:00,-0.0019312175680639143,0.009397514091278399,2.0
2025-09-29 11:00:05+00:00,-0.0004592253661971357,0.00928319896340593,2.0
2025-09-29 11:00:06+00:00,-8.222001377355959e-05,0.009283082221550028,2.0
2025-09-29 11:00:07+00:00,-0.0008085895439473578,0.009283618153288545,2.0
2025-09-29 11:00:08+00:00,0.003020226138740645,0.009146072400838619,2.0
2025-09-29 11:00:09+00:00,-0.004967836274109905,0.008962612804208691,2.0
2025-09-29 11:00:10+00:00,0.001773191006846142,0.008965158721070033,2.0
2025-09-29 11:00:11+00:00,0.00021254782850910203,0.008961262355967541,2.0
2025-09-29 11:00:12+00:00,0.002582039375151002,0.00869587545428463,2.0
2025-09-29 11:00:13+00:00,0.0002950652132605036,0.008695256041997324,2.0
2025-09-29 11:00:14+00:00,-0.000466715782207916,0.008695386283004751,2.0
2025-09-29 11:00:15+00:00,-0.0013140930811108564,0.008323761131178718,2.0
2025-09-29 11:00:16+00:00,-0.002501156843909502,0.008329001414710822,2.0
2025-09-29 11:00:17+00:00,-0.0009529213972016004,0.008182150228204215,2.0
2025-09-29 11:00:18+00:00,0.005571106981385743,0.008213224273500786,2.0
2025-09-29 11:00:19+00:00,0.001376188520488597,0.008161508741618334,2.0
2025-09-29 11:00:20+00:00,0.0004406862524626298,0.008160486299683679,2.0
2025-09-29 11:00:21+00:00,-0.0005403651056167247,0.008061229733393517,2.0
2025-09-29 11:00:22+00:00,-0.0014028771863905387,0.007863416479959778,2.0
2025-09-29 11:00:23+00:00,0.001953262926311705,0.00773072942989516,2.0
2025-09-29 11:00:24+00:00,-0.0016674770169906594,0.007734373310617077,2.0
2025-09-29 11:00:25+00:00,0.0004307467006665622,0.007660672754895286,2.0
2025-09-29 11:00:26+00:00,-0.0006965574544421926,0.007660786800516184,2.0
2025-09-29 11:00:27+00:00,-0.004856610775850978,0.0073998128013160564,2.0
2025-09-29 11:00:28+00:00,0.006176427276124441,0.0071376459830404795,2.0
2025-09-29 11:00:29+00:00,-0.00017012318275422267,0.00670149664651023,2.0
2025-09-29 11:00:30+00:00,-0.0002820561271443811,0.0063305600697267875,2.0
2025-09-29 11:00:31+00:00,-0.003209578208237529,0.006344486672310293,2.0
2025-09-29 11:00:32+00:00,0.0015280003580941948,0.006346704922857806,2.0
2025-09-29 11:00:33+00:00,-0.00035171599840067014,0.006345861351395131,2.0
2025-09-29 11:00:34+00:00,0.000904299899503247,0.0063468108477794235,2.0
2025-09-29 11:00:35+00:00,0.000521728781084807,0.005921064177874505,2.0
2025-09-29 11:00:36+00:00,0.0003393915137490655,0.0053536568111076845,2.0
2025-09-29 11:00:37+00:00,-0.0002914315776720855,0.005313115285943254,2.0
2025-09-29 11:00:38+00:00,0.000904085817703626,0.005027791616141863,2.0
2025-09-29 11:00:39+00:00,0.0001323507315078576,0.004648317915432949,2.0
2025-09-29 11:00:40+00:00,0.0006249306864587467,0.004281991863135838,2.0
2025-09-29 11:00:41+00:00,0.001414202524606667,0.004283949352535865,2.0
2025-09-29 11:00:42+00:00,-0.00014221656331503407,0.004210939774495438,2.0
2025-09-29 11:00:43+00:00,-0.003599994714086785,0.004124759002589353,2.0
2025-09-29 11:00:44+00:00,0.0025548817973686244,0.003819143641512789,2.0
2025-09-29 11:00:45+00:00,-0.001326757281057911,0.003823570027534528,2.0
2025-09-29 11:00:46+00:00,-0.0008148397627599779,0.0034953616333918453,2.0
2025-09-29 11:00:47+00:00,0.00033589740399753154,0.0031856217105977126,2.0
2025-09-29 11:00:48+00:00,-0.0005750664766984714,0.0028723125146725074,2.0
2025-09-29 11:00:49+00:00,-1.3922610775374267e-07,0.0025786146976614836,2.0
2025-09-29 11:00:50+00:00,0.0019157659268795868,0.002587808627655703,2.0
2025-09-29 11:00:51+00:00,0.00011271739872231734,0.0025875757346601343,2.0
2025-09-29 11:00:52+00:00,0.00010407891933250646,0.00258758295968127,2.0
2025-09-29 11:00:53+00:00,1.3625054330779207e-05,0.0024018120937471833,2.0
2025-09-29 11:00:54+00:00,0.0014795541531067435,0.0023217285749813684,2.0
2025-09-29 11:00:55+00:00,-0.0006696771902190424,0.0023119238736567294,2.0
2025-09-29 11:00:56+00:00,0.0006231923678445828,0.0022562105217286098,1.0
2025-09-29 11:00:57+00:00,8.008684936733346e-05,0.002253333025164502,1.0
2025-09-29 11:00:58+00:00,0.0005088768812073763,0.002144247494413074,1.0
2025-09-29 11:00:59+00:00,-0.0009173006645436521,0.002069135580351816,1.0
2025-09-29 11:01:00+00:00,-0.005514260642856539,0.0021522281811485423,1.0
2025-09-29 11:01:01+00:00,0.008808333846935357,0.002427819472488975,2.0
2025-09-29 11:01:02+00:00,0.0012982703487205427,0.0024078001829612463,2.0
2025-09-29 11:01:03+00:00,0.0006672547598782774,0.0023231821422368282,2.0
2025-09-29 11:01:04+00:00,-0.00042257635162867846,0.002308541685677149,2.0
2025-09-29 11:01:05+00:00,-0.011192898172313837,0.002734129768301117,2.0
2025-09-29 11:01:06+00:00,0.012714986988751065,0.003190102938384148,2.0
2025-09-29 11:01:07+00:00,-0.01102814678048425,0.0035022051223012464,2.0
2025-09-29 11:01:08+00:00,-0.0011203374369443964,0.0034829404195882495,2.0
2025-09-29 11:01:09+00:00,0.011653976757183715,0.0037364263245987816,2.0
2025-09-29 11:01:10+00:00,6.77671423803261e-05,0.003730999664965354,2.0
2025-09-29 11:01:11+00:00,-0.011734332994682517,0.004036858380938403,2.0
2025-09-29 11:01:12+00:00,0.01498966010070979,0.004466031499302474,2.0
2025-09-29 11:01:13+00:00,0.0008106759743009562,0.004466688131390676,2.0
2025-09-29 11:01:14+00:00,-0.0002886256515443053,0.004466282151436356,2.0
2025-09-29 11:01:15+00:00,-0.016907546019506836,0.0049813236462226225,2.0
2025-09-29 11:01:16+00:00,0.01228299364613239,0.005217343723964072,2.0
2025-09-29 11:01:17+00:00,0.005810206954044439,0.005264613437666794,2.0
2025-09-29 11:01:18+00:00,-0.017562824188999127,0.005702704640416745,2.0
2025-09-29 11:01:19+00:00,0.02061587515624641,0.006295085641090709,2.0
2025-09-29 11:01:20+00:00,0.0009899326319615653,0.0062957538196616635,2.0
2025-09-29 11:01:21+00:00,-0.005824923762417722,0.006344034401692163,2.0
2025-09-29 11:01:22+00:00,0.006960856525562775,0.006400303250234098,2.0
2025-09-29 11:01:23+00:00,0.0008759364029016226,0.006397152158780912,2.0
2025-09-29 11:01:24+00:00,0.0014788410393500317,0.006393633933491032,2.0
2025-09-29 11:01:25+00:00,-0.00015126624665029453,0.006393956759423347,2.0
2025-09-29 11:01:26+00:00,-0.0017045692758975717,0.006398060491309847,2.0
2025-09-29 11:01:27+00:00,0.0007393189041324799,0.006361896745582885,2.0
2025-09-29 11:01:28+00:00,-0.02081764239589945,0.006881242756297205,2.0
2025-09-29 11:01:29+00:00,0.011546173116768976,0.007041550545989445,2.0
2025-09-29 11:01:30+00:00,-0.014313387403322553,0.007285453673727651,2.0
2025-09-29 11:01:31+00:00,0.014064983883711912,0.007497442104119211,2.0
2025-09-29 11:01:32+00:00,0.0020381804680944526,0.0074992397404439574,2.0
2025-09-29 11:01:33+00:00,0.0009084237944105844,0.0074993517514940315,2.0
2025-09-29 11:01:34+00:00,0.007993208442291344,0.007565392516019118,2.0
2025-09-29 11:01:35+00:00,-0.00035546553278753557,0.007565937321305362,2.0
2025-09-29 11:01:36+00:00,0.0011018908104833969,0.007566554333624041,2.0
2025-09-29 11:01:37+00:00,-0.029965784958154607,0.00851997323201367,2.0
2025-09-29 11:01:38+00:00,0.02888985493779561,0.009307159016142489,2.0
2025-09-29 11:01:39+00:00,-0.028486198789035244,0.010023607177748677,2.0
2025-09-29 11:01:40+00:00,0.025099275708019286,0.010539924520892268,2.0
2025-09-29 11:01:41+00:00,0.0009524164417771264,0.010539242346161024,2.0
2025-09-29 11:01:42+00:00,-0.0006701490935191456,0.01053980492171292,2.0
2025-09-29 11:01:43+00:00,0.00035686361514186693,0.010527666164233288,2.0
2025-09-29 11:01:44+00:00,-0.025491534423030315,0.011036988697301504,2.0
2025-09-29 11:01:45+00:00,-0.0017953811198034852,0.011038001721642285,2.0
2025-09-29 11:01:46+00:00,0.027123151698530634,0.01158548946425613,2.0
2025-09-29 11:01:47+00:00,-3.0626544190504035e-05,0.01158557134059397,2.0
2025-09-29 11:01:48+00:00,0.00041221580758810106,0.011585005245636153,2.0
2025-09-29 11:01:49+00:00,-0.0002726387307522282,0.011585185783018358,2.0
2025-09-29 11:01:50+00:00,0.0032802393999336044,0.011589721209423141,2.0
2025-09-29 11:01:51+00:00,-0.004118529497782797,0.01160397293345816,2.0
2025-09-29 11:01:52+00:00,-0.025272785114999974,0.012063370873935872,2.0
2025-09-29 11:01:53+00:00,0.02645201906308925,0.01254301524916605,2.0
2025-09-29 11:01:54+00:00,0.005104691993198296,0.012557593840030966,2.0
2025-09-29 11:01:55+00:00,-0.006659954138593882,0.012589565648435525,2.0
2025-09-29 11:01:56+00:00,0.005388528617666255,0.012607013140827766,2.0
2025-09-29 11:01:57+00:00,-0.00035197637117811986,0.0126072782780635,2.0
2025-09-29 11:01:58+00:00,-0.005630916393960961,0.012630589646690208,2.0
2025-09-29 11:01:59+00:00,-0.022809196500238826,0.012975335903877087,2.0
2025-09-29 11:02:00+00:00,0.024658722016428936,0.013343406072956244,2.0
2025-09-29 11:02:01+00:00,0.0006360625180008572,0.013297260030754024,2.0
2025-09-29 11:02:02+00:00,0.0033002174971494824,0.01330253134835608,2.0
2025-09-29 11:02:03+00:00,0.0006602318677051411,0.013302527643416138,2.0
2025-09-29 11:02:04+00:00,0.0006153149346359577,0.013302313522700686,2.0
2025-09-29 11:02:05+00:00,-0.004545003757554622,0.013232748008186636,2.0
2025-09-29 11:02:06+00:00,-0.02363925946993617,0.013488106776754966,2.0
2025-09-29 11:02:07+00:00,0.028324540223549022,0.013904407154953922,2.0
2025-09-29 11:02:08+00:00,-0.002857329148451493,0.013909492244297439,2.0
2025-09-29 11:02:09+00:00,-0.0007753911320772522,0.01383136224977768,2.0
2025-09-29 11:02:10+00:00,0.0037431886215599786,0.013838941382778228,2.0
2025-09-29 11:02:11+00:00,-0.02656086260545354,0.014184666287046012,2.0
2025-09-29 11:02:12+00:00,0.02547530075008475,0.014434791248589087,2.0
2025-09-29 11:02:13+00:00,0.000590061158965316,0.01443465610575277,2.0
2025-09-29 11:02:14+00:00,0.0006882964989542995,0.014434673153836324,2.0
2025-09-29 11:02:15+00:00,-0.026419092592582682,0.014675874764481027,2.0
2025-09-29 11:02:16+00:00,0.026520601202591143,0.014989037603006678,2.0
2025-09-29 11:02:17+00:00,0.0008892760362344543,0.014971672794250455,2.0
2025-09-29 11:02:18+00:00,-0.0025559656908165085,0.014794373827896922,2.0
2025-09-29 11:02:19+00:00,0.0024413933739662053,0.014558456143294067,2.0
2025-09-29 11:02:20+00:00,-0.001226203677995752,0.01455906693477208,2.0
2025-09-29 11:02:21+00:00,-0.027983948060354424,0.01498668627811802,2.0
2025-09-29 11:02:22+00:00,0.030911949831904373,0.015492958307695264,2.0
2025-09-29 11:02:23+00:00,0.0015461981343247722,0.015493746891683407,2.0
2025-09-29 11:02:24+00:00,0.0005855937949004186,0.01549286890826928,2.0
2025-09-29 11:02:25+00:00,-0.0002844836238851123,0.015492918904614475,2.0
2025-09-29 11:02:26+00:00,-0.03109292675265285,0.016007712080963403,2.0
2025-09-29 11:02:27+00:00,0.0010468779141272755,0.016008121177324773,2.0
2025-09-29 11:02:28+00:00,0.029445257361616628,0.016233012186200706,2.0
2025-09-29 11:02:29+00:00,-0.0010928945704249404,0.016168817316617203,2.0
2025-09-29 11:02:30+00:00,-0.0013711799049043183,0.016056957404433837,2.0
2025-09-29 11:02:31+00:00,-0.02742805784954072,0.016352846252333738,2.0
2025-09-29 11:02:32+00:00,0.02816952598702449,0.01675670875977034,2.0
2025-09-29 11:02:33+00:00,-0.028221969494033217,0.01715390735766298,2.0
2025-09-29 11:02:34+00:00,0.029425677147577156,0.01754731001341773,2.0
2025-09-29 11:02:35+00:00,-0.02795000860931751,0.01791711707027412,2.0
2025-09-29 11:02:36+00:00,0.025959025515517986,0.01823607962552053,2.0
2025-09-29 11:02:37+00:00,5.342732883217849e-05,0.017805266049850093,2.0
2025-09-29 11:02:38+00:00,0.0012773110796391318,0.017412948611678518,2.0
2025-09-29 11:02:39+00:00,0.00024321914664904298,0.017003973061927108,2.0
2025-09-29 11:02:40+00:00,-0.0006159606879179158,0.016696558786624367,2.0
2025-09-29 11:02:41+00:00,-0.0198893592701489,0.016895045611927683,2.0
2025-09-29 11:02:42+00:00,0.002562586804377709,0.01689869074071419,2.0
2025-09-29 11:02:43+00:00,0.0003774358999877325,0.016898701427107955,2.0
2025-09-29 11:02:44+00:00,-0.0009076795964106932,0.016568674422865606,2.0
2025-09-29 11:02:45+00:00,-0.0005414135667290987,0.016566829719758258,2.0
2025-09-29 11:02:46+00:00,0.018635512232515916,0.01636879060927851,2.0
2025-09-29 11:02:47+00:00,0.0002916080671280241,0.01636878701377361,2.0
2025-09-29 11:02:48+00:00,0.0009177382060570061,0.01636905753487605,2.0
2025-09-29 11:02:49+00:00,-0.018273269428080163,0.0165410327356618,2.0
2025-09-29 11:02:50+00:00,0.0001306283607174219,0.016534966472748738,2.0
2025-09-29 11:02:51+00:00,0.018969922940850648,0.01670996564945637,2.0
2025-09-29 11:02:52+00:00,-0.0043903361831979515,0.016385056456108472,2.0
2025-09-29 11:02:53+00:00,0.002740701091790587,0.016031446419522206,2.0
2025-09-29 11:02:54+00:00,0.0007744026902627432,0.016018447837196668,2.0
2025-09-29 11:02:55+00:00,-0.0008414234980090862,0.015994637728642146,2.0
2025-09-29 11:02:56+00:00,-0.01992554813405223,0.016187151078653393,2.0
2025-09-29 11:02:57+00:00,9.215253700967097e-05,0.016187209650385653,2.0
2025-09-29 11:02:58+00:00,0.0004114273866593354,0.016171968043373716,2.0
2025-09-29 11:02:59+00:00,0.021891731290176963,0.01614008932334199,2.0
2025-09-29 11:03:00+00:00,-0.00014565533977550782,0.01582789139150871,2.0
2025-09-29 11:03:01+00:00,-0.001510721567195672,0.015829269713239582,2.0
2025-09-29 11:03:02+00:00,-0.003176226302721852,0.015829466705505106,2.0
2025-09-29 11:03:03+00:00,0.00047253150068105043,0.015829359883053336,2.0
2025-09-29 11:03:04+00:00,-0.02098278061365877,0.0160597992021014,2.0
2025-09-29 11:03:05+00:00,0.0222939557634112,0.016312106576340944,2.0
2025-09-29 11:03:06+00:00,-0.02274365675859069,0.016290391412723714,2.0
2025-09-29 11:03:07+00:00,0.023782905255823383,0.01616727654187081,2.0
2025-09-29 11:03:08+00:00,-0.0005091706422193365,0.016162936680650407,2.0
2025-09-29 11:03:09+00:00,0.0012097640601798076,0.01616314822967576,2.0
2025-09-29 11:03:10+00:00,-0.023179728115759746,0.016432664491901172,2.0
2025-09-29 11:03:11+00:00,0.00037050413419681405,0.016067410026496955,2.0
2025-09-29 11:03:12+00:00,0.029976890274330925,0.01619773621447147,2.0
2025-09-29 11:03:13+00:00,-7.295826042874598e-05,0.016197696805955203,2.0
2025-09-29 11:03:14+00:00,-0.032257829024439966,0.016730409809015516,2.0
2025-09-29 11:03:15+00:00,0.03438390077586484,0.016964604090710298,2.0
2025-09-29 11:03:16+00:00,-0.00761288072457722,0.01665215199243816,2.0
2025-09-29 11:03:17+00:00,0.006293190741543553,0.01667114241973251,2.0
2025-09-29 11:03:18+00:00,-0.001335203893660486,0.01666848939499782,2.0
2025-09-29 11:03:19+00:00,0.0013947377624723423,0.016666653664456018,2.0
2025-09-29 11:03:20+00:00,-0.035068216167037924,0.0172766839223261,2.0
2025-09-29 11:03:21+00:00,0.036622087755854515,0.017538376745799892,2.0
2025-09-29 11:03:22+00:00,0.0009770627912686347,0.017084190311415344,2.0
2025-09-29 11:03:23+00:00,-0.00033065868615878014,0.017083398913434127,2.0
2025-09-29 11:03:24+00:00,-0.00800867839718633,0.017115829768835928,2.0
2025-09-29 11:03:25+00:00,0.0004675895596017998,0.017115875500323934,2.0
2025-09-29 11:03:26+00:00,0.009637613901033237,0.01666201197727954,2.0
2025-09-29 11:03:27+00:00,-0.009469683998119316,0.016713698685126833,2.0
2025-09-29 11:03:28+00:00,-0.00024535357335553343,0.016277219840775858,2.0
2025-09-29 11:03:29+00:00,0.008918056811679564,0.016316617563914,2.0
2025-09-29 11:03:30+00:00,-0.04098557679292214,0.017161380741321352,2.0
2025-09-29 11:03:31+00:00,0.04128584427770399,0.017617113220686143,2.0
2025-09-29 11:03:32+00:00,-0.0003172166655616149,0.01724409053516628,2.0
2025-09-29 11:03:33+00:00,-0.007523946563451678,0.01686836007804137,2.0
2025-09-29 11:03:34+00:00,0.007662270719360764,0.01646649680760859,2.0
2025-09-29 11:03:35+00:00,-0.0006941538101099543,0.016047249337169125,2.0
2025-09-29 11:03:36+00:00,0.0005923572571346902,0.015699785334150715,2.0
2025-09-29 11:03:37+00:00,0.0006832357182098292,0.015699871789039848,2.0
2025-09-29 11:03:38+00:00,-0.0003741145392904821,0.015699481461854882,2.0
2025-09-29 11:03:39+00:00,-0.0013225228258466615,0.015700741596691437,2.0
2025-09-29 11:03:40+00:00,-0.0038282563635976263,0.015709020823884725,2.0
2025-09-29 11:03:41+00:00,-0.0348658787873245,0.01614557867033221,2.0
2025-09-29 11:03:42+00:00,0.03945897640059348,0.016932568217086906,2.0
2025-09-29 11:03:43+00:00,-0.036224450303611655,0.017584025290780313,2.0
2025-09-29 11:03:44+00:00,0.036273533424574955,0.018199657081754462,2.0
2025-09-29 11:03:45+00:00,-0.037478261281427394,0.01884908917343414,2.0
2025-09-29 11:03:46+00:00,0.039107033904836275,0.019372024472137254,2.0
2025-09-29 11:03:47+00:00,0.0017468879559257022,0.019373001409253663,2.0
2025-09-29 11:03:48+00:00,-0.03842920694468177,0.0200061086476901,2.0
2025-09-29 11:03:49+00:00,0.03954838594451959,0.020516283533461976,2.0
2025-09-29 11:03:50+00:00,-0.0011104955169184416,0.020517361734498286,2.0
2025-09-29 11:03:51+00:00,0.0004477291022539909,0.02037438303051952,2.0
2025-09-29 11:03:52+00:00,-0.004413091082496545,0.02037447094134453,2.0
2025-09-29 11:03:53+00:00,0.0011829093816064784,0.020372225602062113,2.0
2025-09-29 11:03:54+00:00,0.003644634686254644,0.02037692773812368,2.0
2025-09-29 11:03:55+00:00,-0.0019110739048334713,0.02037837920462394,2.0
2025-09-29 11:03:56+00:00,0.002050998087052669,0.020206445922106315,2.0
2025-09-29 11:03:57+00:00,-0.00010489231830801415,0.020206547946895102,2.0
2025-09-29 11:03:58+00:00,-0.003455818580962444,0.020213356366513023,2.0
2025-09-29 11:03:59+00:00,0.0006111107573787411,0.020018200454503077,2.0
2025-09-29 11:04:00+00:00,-0.03540321566840854,0.020538937183302505,2.0
2025-09-29 11:04:01+00:00,0.036382992099386335,0.021079615272640056,2.0
2025-09-29 11:04:02+00:00,0.0023545277457022173,0.021076542092432104,2.0
2025-09-29 11:04:03+00:00,-0.0004552274607122486,0.021076773278700927,2.0
2025-09-29 11:04:04+00:00,0.00032161267724695186,0.020890599306503208,2.0
2025-09-29 11:04:05+00:00,-0.0024227816014960046,0.020699707148068337,2.0
2025-09-29 11:04:06+00:00,0.002565000611080226,0.020479825467441416,2.0
2025-09-29 11:04:07+00:00,-0.00026481929234734025,0.020254012654609112,2.0
2025-09-29 11:04:08+00:00,-0.03566302860042825,0.0207787385246107,2.0
2025-09-29 11:04:09+00:00,0.03712295000135479,0.02133314910337609,2.0
2025-09-29 11:04:10+00:00,-0.03495487054336699,0.021605122155331717,2.0
2025-09-29 11:04:11+00:00,0.035197195352367316,0.02207545812340076,2.0
2025-09-29 11:04:12+00:00,-0.00033913425549414455,0.021737704553648214,2.0
2025-09-29 11:04:13+00:00,-0.0028634546067282107,0.021741210476654275,2.0
2025-09-29 11:04:14+00:00,0.0037216949257934395,0.02132524809992434,2.0
2025-09-29 11:04:15+00:00,-0.0017951358451748778,0.02086373641269692,2.0
2025-09-29 11:04:16+00:00,-0.0008386201544856586,0.02083951427078602,2.0
2025-09-29 11:04:17+00:00,0.0005265667261775686,0.020824367495692213,2.0
2025-09-29 11:04:18+00:00,-0.028721190994965284,0.021154611440598107,2.0
2025-09-29 11:04:19+00:00,0.030431366990858688,0.021523484772349333,2.0
2025-09-29 11:04:20+00:00,0.0005013538044300603,0.02102069035390984,2.0
2025-09-29 11:04:21+00:00,-0.0014781593802237758,0.02048751198540545,2.0
2025-09-29 11:04:22+00:00,-0.029083063900765094,0.020830837339009547,2.0
2025-09-29 11:04:23+00:00,0.029644579320581954,0.021188473220201762,2.0
2025-09-29 11:04:24+00:00,-0.027996394172672523,0.021473604607546572,2.0
2025-09-29 11:04:25+00:00,0.03162999130100563,0.021863724467146167,2.0
2025-09-29 11:04:26+00:00,-0.030165656843725297,0.022177318645349116,2.0
2025-09-29 11:04:27+00:00,0.031244162088966965,0.022514162629968235,2.0
2025-09-29 11:04:28+00:00,-0.0007544512352699595,0.02251447478328487,2.0
2025-09-29 11:04:29+00:00,-0.030241485682003355,0.022826150465292572,2.0
2025-09-29 11:04:30+00:00,-0.00021064665515768688,0.022193826214204605,2.0
2025-09-29 11:04:31+00:00,7.158463587209063e-05,0.021532932052946437,2.0
2025-09-29 11:04:32+00:00,0.0017910579738271704,0.021534705968803993,2.0
2025-09-29 11:04:33+00:00,0.02957384533395846,0.02185439905646061,2.0
2025-09-29 11:04:34+00:00,-0.0010933242856876468,0.02183365371010966,2.0
2025-09-29 11:04:35+00:00,-0.0301274544244009,0.022181009252237767,2.0
2025-09-29 11:04:36+00:00,0.032979764868128925,0.022594140230814904,2.0
2025-09-29 11:04:37+00:00,-0.030284026963056876,0.02293421466786475,2.0
2025-09-29 11:04:38+00:00,0.02494667081349622,0.023164801759744866,2.0
2025-09-29 11:04:39+00:00,0.006363670026575008,0.023177977627425697,2.0
2025-09-29 11:04:40+00:00,-0.0006422531445569035,0.02317214565622418,2.0
2025-09-29 11:04:41+00:00,-0.02705310281437001,0.022992474241633254,2.0
2025-09-29 11:04:42+00:00,0.018480176675563786,0.02254395186718333,2.0
2025-09-29 11:04:43+00:00,0.0005584690044400098,0.022034490783071296,2.0
2025-09-29 11:04:44+00:00,-0.0008683177631058081,0.0215338494018215,2.0
2025-09-29 11:04:45+00:00,0.010269336686237196,0.020998372903575997,2.0
2025-09-29 11:04:46+00:00,0.000881396783809274,0.020389482458090278,2.0
2025-09-29 11:04:47+00:00,-0.009411145009519561,0.0204262409950064,2.0
2025-09-29 11:04:48+00:00,-0.01803280584268474,0.019939059488330448,2.0
2025-09-29 11:04:49+00:00,0.02579900563490467,0.01955663302611638,2.0
2025-09-29 11:04:50+00:00,-0.006847370761829064,0.019576925142063915,2.0
2025-09-29 11:04:51+00:00,4.516336515569819e-05,0.0195768578308105,2.0
2025-09-29 11:04:52+00:00,0.0011609163218242458,0.019568543561383208,2.0
2025-09-29 11:04:53+00:00,-0.016066746595114645,0.01967940354115772,2.0
2025-09-29 11:04:54+00:00,-0.0015126189950391833,0.019673834497796965,2.0
2025-09-29 11:04:55+00:00,0.021868798692644686,0.01987787292948984,2.0
2025-09-29 11:04:56+00:00,-0.00034568110586796763,0.019876428312981375,2.0
2025-09-29 11:04:57+00:00,-0.022643386251701036,0.020092661627026002,2.0
2025-09-29 11:04:58+00:00,-0.0008592636545147192,0.02008843530910223,2.0
2025-09-29 11:04:59+00:00,0.022867595838276022,0.020308076872667023,2.0
2025-09-29 11:05:00+00:00,-0.022597037446010382,0.01999277675884784,2.0
2025-09-29 11:05:01+00:00,0.02400614741101137,0.01967633371254135,2.0
2025-09-29 11:05:02+00:00,-0.023001891996140222,0.019899686874288402,2.0
2025-09-29 11:05:03+00:00,0.02603534484225367,0.020186878206173507,2.0
2025-09-29 11:05:04+00:00,0.0011042040443642875,0.020187217221525004,2.0
2025-09-29 11:05:05+00:00,-0.0008642532378920764,0.020184783216489168,2.0
2025-09-29 11:05:06+00:00,-0.02342414511018953,0.020411397459287762,2.0
2025-09-29 11:05:07+00:00,0.001429375228033658,0.020412483296324568,2.0
2025-09-29 11:05:08+00:00,0.0010001212678514282,0.019873801213237237,2.0
2025-09-29 11:05:09+00:00,0.016925331436473234,0.019407433767786475,2.0
2025-09-29 11:05:10+00:00,0.0030185457722513576,0.018856271865321694,2.0
2025-09-29 11:05:11+00:00,-0.019349184100624806,0.0184775540248864,2.0
2025-09-29 11:05:12+00:00,0.00029517071571305564,0.01847764129162583,2.0
2025-09-29 11:05:13+00:00,-0.0018795945476371978,0.01847564397004225,2.0
2025-09-29 11:05:14+00:00,0.0006035346459798419,0.01846895230870829,2.0
2025-09-29 11:05:15+00:00,0.021330492749549013,0.018675297908991306,2.0
2025-09-29 11:05:16+00:00,-0.020603021503295627,0.018866951520071087,2.0
2025-09-29 11:05:17+00:00,0.014952141470696123,0.018967317860739893,2.0
2025-09-29 11:05:18+00:00,0.0034325371451910947,0.01858985359616924,2.0
2025-09-29 11:05:19+00:00,0.0003929325587896937,0.01817349457110594,2.0
2025-09-29 11:05:20+00:00,-0.0008162447645312376,0.018173833620511726,2.0
2025-09-29 11:05:21+00:00,-0.005323792609658873,0.01818629747569741,2.0
2025-09-29 11:05:22+00:00,-2.8234464520271452e-05,0.01777988214560625,2.0
2025-09-29 11:05:23+00:00,-0.012568947418634568,0.017440141342899944,2.0
2025-09-29 11:05:24+00:00,0.010334970422615664,0.01710256439267197,2.0
2025-09-29 11:05:25+00:00,0.007524203391665152,0.01663473817397455,2.0
2025-09-29 11:05:26+00:00,-0.008025529446622492,0.016192548999719066,2.0
2025-09-29 11:05:27+00:00,0.008933979768456224,0.015722291881027674,2.0
2025-09-29 11:05:28+00:00,-0.020024020690859956,0.015934553285326666,2.0
2025-09-29 11:05:29+00:00,-0.00072292574868138,0.015441336794620269,2.0
2025-09-29 11:05:30+00:00,0.023904732834701736,0.015740644193392647,2.0
2025-09-29 11:05:31+00:00,-0.004542070439063073,0.015754686469630894,2.0
2025-09-29 11:05:32+00:00,-0.017927016865110112,0.01593309295716322,2.0
2025-09-29 11:05:33+00:00,0.023296020818791563,0.015756737051590808,2.0
2025-09-29 11:05:34+00:00,-0.00535586190743409,0.01577190644358333,2.0
2025-09-29 11:05:35+00:00,0.004215954055019955,0.0152734708320852,2.0
2025-09-29 11:05:36+00:00,0.00041759621256920454,0.014670862750218797,2.0
2025-09-29 11:05:37+00:00,-0.004375868606035782,0.014133464586150998,2.0
2025-09-29 11:05:38+00:00,0.003923537708337532,0.013773425170343903,2.0
2025-09-29 11:05:39+00:00,-0.021056649884452883,0.014016884904914973,2.0
2025-09-29 11:05:40+00:00,0.017995241364135328,0.014214203811248244,2.0
2025-09-29 11:05:41+00:00,-0.0008449373547717576,0.01376386947025721,2.0
2025-09-29 11:05:42+00:00,0.0015938407268321075,0.013560109872871332,2.0
2025-09-29 11:05:43+00:00,0.0012872713680884829,0.013560790179629622,2.0
2025-09-29 11:05:44+00:00,-0.0010839800890071194,0.013561101900075832,2.0
2025-09-29 11:05:45+00:00,0.004381675579465005,0.013508045183253579,2.0
2025-09-29 11:05:46+00:00,-0.021781014335123028,0.01379897413989662,2.0
2025-09-29 11:05:47+00:00,-0.0002747985539813813,0.013747010112091139,2.0
2025-09-29 11:05:48+00:00,-7.766486123550465e-06,0.013544946298834,2.0
2025-09-29 11:05:49+00:00,0.0015536776197828672,0.013122003037721649,2.0
2025-09-29 11:05:50+00:00,0.013354700641734718,0.013208715272442153,2.0
2025-09-29 11:05:51+00:00,0.006949231266751843,0.013238374996907684,2.0
2025-09-29 11:05:52+00:00,-0.001603696031173052,0.013239795719474548,2.0
2025-09-29 11:05:53+00:00,-0.0008839545022288897,0.013068445354319365,2.0
2025-09-29 11:05:54+00:00,0.0011468523060382818,0.013066323674590468,2.0
2025-09-29 11:05:55+00:00,0.0006633795982347035,0.012760486299349555,2.0
2025-09-29 11:05:56+00:00,0.0018033426212773485,0.012762227381873154,2.0
2025-09-29 11:05:57+00:00,-0.024445182696005374,0.012818733042669665,2.0
2025-09-29 11:05:58+00:00,0.02519713585878569,0.013220525698514271,2.0
2025-09-29 11:05:59+00:00,0.0006163430464982689,0.012891615929038303,2.0
2025-09-29 11:06:00+00:00,-0.009342731741374899,0.012605254844119824,2.0
2025-09-29 11:06:01+00:00,-0.002553347872057632,0.012222439589707597,2.0
2025-09-29 11:06:02+00:00,-0.011034115219943685,0.01193585031940102,2.0
2025-09-29 11:06:03+00:00,0.0228615709598583,0.011825704299460666,2.0
2025-09-29 11:06:04+00:00,-0.012269183864768496,0.011931912743818263,2.0
2025-09-29 11:06:05+00:00,-0.012135935363106198,0.01203201531342599,2.0
2025-09-29 11:06:06+00:00,0.010555237827086339,0.011721583056680964,2.0
2025-09-29 11:06:07+00:00,-0.010849242068789122,0.011807522219669162,2.0
2025-09-29 11:06:08+00:00,0.008704371672360711,0.011859850378879324,2.0
2025-09-29 11:06:09+00:00,-0.009854142730341575,0.01172186579532724,2.0
2025-09-29 11:06:10+00:00,0.00042415054919064943,0.011714304336270317,2.0
2025-09-29 11:06:11+00:00,0.027692596850763307,0.011989784294350108,2.0
2025-09-29 11:06:12+00:00,0.0019266987769799293,0.011991233986817213,2.0
2025-09-29 11:06:13+00:00,-0.019860570651692222,0.01227298775375756,2.0
2025-09-29 11:06:14+00:00,0.020401765938835803,0.012547206810168233,2.0
2025-09-29 11:06:15+00:00,-0.018067640104266758,0.01247068117033853,2.0
2025-09-29 11:06:16+00:00,-0.014354919783117093,0.012322030484603563,2.0
2025-09-29 11:06:17+00:00,0.033035463379890384,0.012902101547112245,2.0
2025-09-29 11:06:18+00:00,-0.03222510392015565,0.013558718990508332,2.0
2025-09-29 11:06:19+00:00,0.03343867321268257,0.014242082632271483,2.0
2025-09-29 11:06:20+00:00,-0.03237262937696961,0.014851078777083904,2.0
2025-09-29 11:06:21+00:00,0.03359623232787867,0.015464967967265531,2.0
2025-09-29 11:06:22+00:00,-0.017622913294328302,0.015638188477054726,2.0
2025-09-29 11:06:23+00:00,-0.0010936955360395517,0.015551034090982761,2.0
2025-09-29 11:06:24+00:00,0.020117441717973916,0.015709013582447855,2.0
2025-09-29 11:06:25+00:00,0.0008869482452626976,0.015681450690863092,2.0
2025-09-29 11:06:26+00:00,-0.0010635429356813386,0.015644480740349277,2.0
2025-09-29 11:06:27+00:00,0.0006239793596571896,0.015604569355008592,2.0
2025-09-29 11:06:28+00:00,0.0006122833783384074,0.015375149632099386,2.0
2025-09-29 11:06:29+00:00,-0.0008835289710256156,0.01537540246709125,2.0
2025-09-29 11:06:30+00:00,-0.0009629643101617402,0.015069316114641898,2.0
2025-09-29 11:06:31+00:00,0.0001286188331310889,0.015056415124731505,2.0
2025-09-29 11:06:32+00:00,0.002265295310991844,0.014866874640156015,2.0
2025-09-29 11:06:33+00:00,-0.001106256272045636,0.014566874309310193,2.0
2025-09-29 11:06:34+00:00,-0.0002664256736246706,0.014548681320588345,2.0
2025-09-29 11:06:35+00:00,-0.0007121931479532329,0.014540116408853027,2.0
2025-09-29 11:06:36+00:00,-0.0007035419476755234,0.01454057782160873,2.0
2025-09-29 11:06:37+00:00,-2.2545982520383312e-05,0.01452821005326838,2.0
2025-09-29 11:06:38+00:00,-0.022227522506907516,0.014806451594940893,2.0
2025-09-29 11:06:39+00:00,0.0006661595179395796,0.01455025653286326,2.0
2025-09-29 11:06:40+00:00,0.022038183320547633,0.014643130615736733,2.0
2025-09-29 11:06:41+00:00,-0.02273358936791736,0.014940932079315848,2.0
2025-09-29 11:06:42+00:00,0.023401596220238297,0.015244946255921803,2.0
2025-09-29 11:06:43+00:00,0.0010151765803081414,0.01524467763677517,2.0
2025-09-29 11:06:44+00:00,-0.021827886748547964,0.015508636069502658,2.0
2025-09-29 11:06:45+00:00,0.022454015018722906,0.015770145861165718,2.0
2025-09-29 11:06:46+00:00,7.156776011396637e-05,0.015503594464581775,2.0
2025-09-29 11:06:47+00:00,7.628176439511414e-05,0.015503332366757789,2.0
2025-09-29 11:06:48+00:00,-0.03336720573906271,0.016111266427134133,2.0
2025-09-29 11:06:49+00:00,0.001387951422294087,0.016111015080800734,2.0
2025-09-29 11:06:50+00:00,0.03433083355093092,0.01662450856163205,2.0
2025-09-29 11:06:51+00:00,-0.02045122710882541,0.01681616036079596,2.0
2025-09-29 11:06:52+00:00,-0.011848450606055438,0.01688377609747355,2.0
2025-09-29 11:06:53+00:00,-0.0012340993782660181,0.01688405943101838,2.0
2025-09-29 11:06:54+00:00,0.014298176019103215,0.016987625759532672,2.0
2025-09-29 11:06:55+00:00,0.022014564241372936,0.017224517290694494,2.0
2025-09-29 11:06:56+00:00,-0.03726119963724972,0.01789280858950495,2.0
2025-09-29 11:06:57+00:00,-3.894936420856254e-05,0.017610528060276808,2.0
2025-09-29 11:06:58+00:00,-0.0009812810855552856,0.017299101788483855,2.0
2025-09-29 11:06:59+00:00,0.039164756580859716,0.01803615684274813,2.0
2025-09-29 11:07:00+00:00,-0.02240838987267113,0.01823212946740049,2.0
2025-09-29 11:07:01+00:00,0.02306115786225993,0.018468178372128136,2.0
2025-09-29 11:07:02+00:00,-0.02198983304432034,0.01863743467044949,2.0
2025-09-29 11:07:03+00:00,0.02262332066187933,0.018632572683851396,2.0
2025-09-29 11:07:04+00:00,-0.0011577806236505728,0.018560572305181565,2.0
2025-09-29 11:07:05+00:00,0.0011001561017514039,0.018486488697093094,2.0
2025-09-29 11:07:06+00:00,-0.03650067213200825,0.019051229254591445,2.0
2025-09-29 11:07:07+00:00,0.038024600169024536,0.01961911960687872,2.0
2025-09-29 11:07:08+00:00,-0.0005079578709579202,0.019591760502832154,2.0
2025-09-29 11:07:09+00:00,-0.027020298419062505,0.019870168962093537,2.0
2025-09-29 11:07:10+00:00,0.02791045172703388,0.02018739318410561,2.0
2025-09-29 11:07:11+00:00,0.00022927202564559934,0.01987527444434552,2.0
2025-09-29 11:07:12+00:00,5.340320398516951e-05,0.01987414783064696,2.0
2025-09-29 11:07:13+00:00,0.000827507679400874,0.01969766960788405,2.0
2025-09-29 11:07:14+00:00,-0.0003201695112127201,0.019525756365212078,2.0
2025-09-29 11:07:15+00:00,-0.03457252392190979,0.01990111255495252,2.0
2025-09-29 11:07:16+00:00,0.03595146124927395,0.020341205378212483,2.0
2025-09-29 11:07:17+00:00,-0.030892059207649925,0.020300019509107394,2.0
2025-09-29 11:07:18+00:00,-0.0004806645095056794,0.019861023965845128,2.0
2025-09-29 11:07:19+00:00,0.00045750857661586153,0.019378737257094946,2.0
2025-09-29 11:07:20+00:00,0.0007784822246883483,0.018914499186588454,2.0
2025-09-29 11:07:21+00:00,0.03265603260755756,0.018886814803728145,2.0
2025-09-29 11:07:22+00:00,-0.0006688488994306407,0.018740645183971498,2.0
2025-09-29 11:07:23+00:00,-0.0025102669626005936,0.018743662756076928,2.0
2025-09-29 11:07:24+00:00,0.0011103246889707652,0.018566994274921086,2.0
2025-09-29 11:07:25+00:00,-0.03722599376512847,0.019185618655280873,2.0
2025-09-29 11:07:26+00:00,0.038806613074792606,0.019841845540881534,2.0
2025-09-29 11:07:27+00:00,-0.02678564813882245,0.020146383589803852,2.0
2025-09-29 11:07:28+00:00,-0.00959709812816556,0.020182466592086,2.0
2025-09-29 11:07:29+00:00,0.035433953145664,0.02070472813205553,2.0
2025-09-29 11:07:30+00:00,0.00027362873547742694,0.02070413336490503,2.0
2025-09-29 11:07:31+00:00,-0.02677847156047397,0.020996220408374493,2.0
2025-09-29 11:07:32+00:00,-0.0007254204325323199,0.02099382983516611,2.0
2025-09-29 11:07:33+00:00,-0.007996672476249578,0.021017452900630534,2.0
2025-09-29 11:07:34+00:00,0.006927992644840675,0.021038507527466246,2.0
2025-09-29 11:07:35+00:00,-0.008090569074459597,0.021062863716318023,2.0
2025-09-29 11:07:36+00:00,0.03856591269603182,0.021653924551186667,2.0
2025-09-29 11:07:37+00:00,-0.03663523478963571,0.02217258780257025,2.0
2025-09-29 11:07:38+00:00,-0.0008117745311849722,0.02198551146869256,2.0
2025-09-29 11:07:39+00:00,-0.0010419020355766362,0.021985790385045834,2.0
2025-09-29 11:07:40+00:00,-8.798017759714671e-05,0.02179477480230984,2.0
2025-09-29 11:07:41+00:00,0.0016352310836860173,0.021596916162398963,2.0
2025-09-29 11:07:42+00:00,0.0003452752338970466,0.02137834185598345,2.0
2025-09-29 11:07:43+00:00,0.010557006167146055,0.021424013752529444,2.0
2025-09-29 11:07:44+00:00,-0.002135883356920054,0.0212367495330799,2.0
2025-09-29 11:07:45+00:00,-0.007160526103952569,0.021052932834776782,2.0
2025-09-29 11:07:46+00:00,0.03587005126586229,0.02156591196629569,2.0
2025-09-29 11:07:47+00:00,-0.02746068450441619,0.021860734194895946,2.0
2025-09-29 11:07:48+00:00,0.028375911017694433,0.02172607319028504,2.0
2025-09-29 11:07:49+00:00,0.0007070134809632478,0.021725951041149483,2.0
2025-09-29 11:07:50+00:00,-0.0008943101104151863,0.021276114469037672,2.0
2025-09-29 11:07:51+00:00,-0.030794075552481148,0.021487323433051528,2.0
2025-09-29 11:07:52+00:00,0.005510371568037575,0.021441183266032147,2.0
2025-09-29 11:07:53+00:00,0.02551495400335524,0.02168457220355892,2.0
2025-09-29 11:07:54+00:00,0.001542807490981346,0.021612277161533782,2.0
2025-09-29 11:07:55+00:00,-0.030131110827560703,0.02178330327148814,2.0
2025-09-29 11:07:56+00:00,0.0023655150346097997,0.021237385364982982,2.0
2025-09-29 11:07:57+00:00,7.7963457925323e-05,0.021237352916815097,2.0
2025-09-29 11:07:58+00:00,0.029319943550363048,0.02156250725771857,2.0
2025-09-29 11:07:59+00:00,0.00024317617956337578,0.020968285890884626,2.0
2025-09-29 11:08:00+00:00,-0.03282719304932247,0.02120074780755384,2.0
2025-09-29 11:08:01+00:00,-0.0014280364209792173,0.020984882295663834,2.0
2025-09-29 11:08:02+00:00,0.004377776434649316,0.020799452032990787,2.0
2025-09-29 11:08:03+00:00,-0.002940983325422253,0.020590668407388896,2.0
2025-09-29 11:08:04+00:00,0.03577319544757529,0.021111330469019505,2.0
2025-09-29 11:08:05+00:00,0.001115549544604466,0.02111134080139983,2.0
2025-09-29 11:08:06+00:00,-0.03455991246187773,0.021055457087990673,2.0
2025-09-29 11:08:07+00:00,0.03568004654046564,0.02098632920340033,2.0
2025-09-29 11:08:08+00:00,-0.0004246692477762881,0.02098627995041489,2.0
2025-09-29 11:08:09+00:00,-0.03550880799956935,0.021200862118059927,2.0
2025-09-29 11:08:10+00:00,0.03518803183599983,0.021382559507039184,2.0
2025-09-29 11:08:11+00:00,-0.0011486865710932381,0.021383318208831752,2.0
2025-09-29 11:08:12+00:00,-0.030056276608135923,0.021737748962357473,2.0
2025-09-29 11:08:13+00:00,-0.0009453957276498448,0.021737425189539597,2.0
2025-09-29 11:08:14+00:00,0.0008708598692896974,0.021737957642030976,2.0
2025-09-29 11:08:15+00:00,0.0005244694677646322,0.02126686642497224,2.0
2025-09-29 11:08:16+00:00,0.0006252166496445444,0.02074565724153372,2.0
2025-09-29 11:08:17+00:00,0.0011099366029811986,0.020353270815749662,2.0
2025-09-29 11:08:18+00:00,0.0008325027601621127,0.020353187176532884,2.0
2025-09-29 11:08:19+00:00,0.030132192396956192,0.020715308040297996,2.0
2025-09-29 11:08:20+00:00,-0.027802987934681944,0.021040890603823012,2.0
2025-09-29 11:08:21+00:00,-0.00014843170447220722,0.020607127658403616,2.0
2025-09-29 11:08:22+00:00,-0.0007496361279993868,0.020607157120534538,2.0
2025-09-29 11:08:23+00:00,0.001817117255839218,0.020606743833159944,2.0
2025-09-29 11:08:24+00:00,0.0005641969867542507,0.020606278370185697,2.0
2025-09-29 11:08:25+00:00,-0.00024032420965125478,0.02002500176920035,2.0
2025-09-29 11:08:26+00:00,-0.0005551358202660062,0.019380262864083005,2.0
2025-09-29 11:08:27+00:00,0.024969161488645586,0.019330571816164845,2.0
2025-09-29 11:08:28+00:00,4.477980760175804e-05,0.019284221964178054,2.0
2025-09-29 11:08:29+00:00,-0.000592556757430418,0.018740131954577258,2.0
2025-09-29 11:08:30+00:00,-0.0010093926055684266,0.018740754994972412,2.0
2025-09-29 11:08:31+00:00,-0.0006817825713717474,0.018404817311394553,2.0
2025-09-29 11:08:32+00:00,0.0012907503672445753,0.018404209353240046,2.0
2025-09-29 11:08:33+00:00,-9.577599521404245e-05,0.01836969513192696,2.0
2025-09-29 11:08:34+00:00,-0.023099225545084368,0.018606269368900977,2.0
2025-09-29 11:08:35+00:00,0.022598786304579566,0.01879375543225597,2.0
2025-09-29 11:08:36+00:00,-0.02147143618358116,0.0183400733264648,2.0
2025-09-29 11:08:37+00:00,0.022264130562088535,0.017930224185876552,2.0
2025-09-29 11:08:38+00:00,-0.0018072590922296738,0.017932154924936782,2.0
2025-09-29 11:08:39+00:00,-0.018988866290129303,0.018111069821449034,2.0
2025-09-29 11:08:40+00:00,0.017311250500981368,0.018241381019648815,2.0
2025-09-29 11:08:41+00:00,-0.014242279731738194,0.018342835872422768,2.0
2025-09-29 11:08:42+00:00,-0.0025500586087950916,0.018346951616582934,2.0
2025-09-29 11:08:43+00:00,-0.00022034780174873259,0.0182986390647645,2.0
2025-09-29 11:08:44+00:00,0.0010687493487426813,0.018296285946553942,2.0
2025-09-29 11:08:45+00:00,-0.0005526256708917598,0.0182705735621464,2.0
2025-09-29 11:08:46+00:00,9.729502246602628e-05,0.017667056466416198,2.0
2025-09-29 11:08:47+00:00,0.010848436255694649,0.01735465064453547,2.0
2025-09-29 11:08:48+00:00,-0.00018582305626158035,0.01696263587014365,2.0
2025-09-29 11:08:49+00:00,-0.0009648647415444467,0.016962764846395494,2.0
2025-09-29 11:08:50+00:00,-0.009714903266607622,0.017008229687164998,2.0
2025-09-29 11:08:51+00:00,0.000122697652629844,0.016527568933708964,2.0
2025-09-29 11:08:52+00:00,-1.751203940469903e-05,0.016513448063609923,2.0
2025-09-29 11:08:53+00:00,0.0009984985413531433,0.01617658452576819,2.0
2025-09-29 11:08:54+00:00,7.038014570159845e-05,0.016175015497767932,2.0
2025-09-29 11:08:55+00:00,0.004496676291801727,0.015700592959645213,2.0
2025-09-29 11:08:56+00:00,0.001019807707550946,0.01569863252334389,2.0
2025-09-29 11:08:57+00:00,0.0008111826724646054,0.01569871677040811,2.0
2025-09-29 11:08:58+00:00,1.2735890092541169e-05,0.015230843626481796,2.0
2025-09-29 11:08:59+00:00,0.0024701312864028324,0.015234516585215378,2.0
2025-09-29 11:09:00+00:00,-0.008975366629928705,0.01466686453352592,2.0
2025-09-29 11:09:01+00:00,-0.0011428417610421793,0.014666344368977513,2.0
2025-09-29 11:09:02+00:00,0.012040907349554208,0.014735701578960451,2.0
2025-09-29 11:09:03+00:00,0.0004913763700444829,0.01472908204447722,2.0
2025-09-29 11:09:04+00:00,0.0012252966852537295,0.013982354420678451,2.0
2025-09-29 11:09:05+00:00,-0.012692389722488318,0.01407540262993912,2.0
2025-09-29 11:09:06+00:00,-0.0008876163077928823,0.013339342018452008,2.0
2025-09-29 11:09:07+00:00,0.00010084905446672288,0.012501486159499725,2.0
2025-09-29 11:09:08+00:00,9.757286951206368e-05,0.01250162046066024,2.0
2025-09-29 11:09:09+00:00,0.012312379167080945,0.011722145187153523,2.0
2025-09-29 11:09:10+00:00,-0.01289518576854154,0.010923279311343301,2.0
2025-09-29 11:09:11+00:00,0.00016116003203126006,0.010922971527542501,2.0
2025-09-29 11:09:12+00:00,0.001010953192504882,0.01020262127031107,2.0
2025-09-29 11:09:13+00:00,0.013223895617823,0.010339053245239841,2.0
2025-09-29 11:09:14+00:00,-0.0004433862541628475,0.010339479479296447,2.0
2025-09-29 11:09:15+00:00,-0.012442619798417098,0.010471524322948704,2.0
2025-09-29 11:09:16+00:00,0.011793083501073331,0.010578201628025585,2.0
2025-09-29 11:09:17+00:00,0.0007157112387798925,0.010577857071787806,2.0
2025-09-29 11:09:18+00:00,0.0009663006201123814,0.010577971601223105,2.0
2025-09-29 11:09:19+00:00,-0.0002911829616140116,0.009829661861990252,2.0
2025-09-29 11:09:20+00:00,0.0007449302139233005,0.009134322854064538,2.0
2025-09-29 11:09:21+00:00,-0.019408911724434486,0.009483368557438289,2.0
2025-09-29 11:09:22+00:00,0.020799444780553733,0.00985473586601732,2.0
2025-09-29 11:09:23+00:00,0.000227505780118209,0.009852924783243344,2.0
2025-09-29 11:09:24+00:00,-0.0016838306004932635,0.009856357282072261,2.0
2025-09-29 11:09:25+00:00,-0.017610732188617417,0.01012423912712827,2.0
2025-09-29 11:09:26+00:00,0.00016387984085852736,0.010123972699316171,2.0
2025-09-29 11:09:27+00:00,-0.0003049457871682204,0.009579979572281228,2.0
2025-09-29 11:09:28+00:00,0.0010100353646778082,0.009581531625960675,2.0
2025-09-29 11:09:29+00:00,0.01371072362207526,0.009752396771268247,2.0
2025-09-29 11:09:30+00:00,-0.0028949697764576454,0.009758298258302125,2.0
2025-09-29 11:09:31+00:00,-0.00037729675853626077,0.009758104910380063,2.0
2025-09-29 11:09:32+00:00,-0.000785224534352591,0.009756548962978052,2.0
2025-09-29 11:09:33+00:00,-0.0005351633065943107,0.009756637350611191,2.0
2025-09-29 11:09:34+00:00,-0.00935252319699531,0.009363346028927105,2.0
2025-09-29 11:09:35+00:00,-0.00029535490848686674,0.00888198457445709,2.0
2025-09-29 11:09:36+00:00,0.00023152979071605628,0.008438324166574933,2.0
2025-09-29 11:09:37+00:00,0.007094710194123888,0.007974643612143126,2.0
2025-09-29 11:09:38+00:00,-0.008796916645078201,0.00804853425294527,2.0
2025-09-29 11:09:39+00:00,-0.0005559407659059268,0.0076683603742501326,2.0
2025-09-29 11:09:40+00:00,0.0005944058291733612,0.007322544027059056,2.0
2025-09-29 11:09:41+00:00,0.0005074087126790694,0.007091681250980943,2.0
2025-09-29 11:09:42+00:00,0.0019468924853718317,0.007088992808965706,2.0
2025-09-29 11:09:43+00:00,-0.0007105333318935259,0.007089517067791379,2.0
2025-09-29 11:09:44+00:00,0.0014276764602128011,0.007090604545706099,2.0
2025-09-29 11:09:45+00:00,-0.0008620381394429666,0.00709111378581065,2.0
2025-09-29 11:09:46+00:00,0.000682858270464326,0.007091682784649874,2.0
2025-09-29 11:09:47+00:00,0.003101000033753465,0.006959901397047542,2.0
2025-09-29 11:09:48+00:00,-0.003030413619823591,0.006969895102976267,2.0
2025-09-29 11:09:49+00:00,-0.0006798656979795092,0.006969453888800851,2.0
2025-09-29 11:09:50+00:00,0.0025348246962224597,0.0068641315854321506,2.0
2025-09-29 11:09:51+00:00,-0.00013899503266501245,0.006864148867887504,2.0
2025-09-29 11:09:52+00:00,-0.0006344029840950061,0.006864662536868382,2.0
2025-09-29 11:09:53+00:00,0.002784772406275726,0.006872907725077103,2.0
2025-09-29 11:09:54+00:00,-0.0005413503546329856,0.006873309437226762,2.0
2025-09-29 11:09:55+00:00,-0.005150775978035149,0.00687978594719856,2.0
2025-09-29 11:09:56+00:00,0.0005822556806827084,0.0068787728502531145,2.0
2025-09-29 11:09:57+00:00,0.0064400904106629575,0.006930190546857958,2.0
2025-09-29 11:09:58+00:00,0.0006265270968066616,0.006930735553967976,2.0
2025-09-29 11:09:59+00:00,0.00043198873636929314,0.00692322328613788,2.0
2025-09-29 11:10:00+00:00,-0.007464825366758077,0.006892979747098835,2.0
2025-09-29 11:10:01+00:00,0.007596568754102195,0.006961430619443805,2.0
2025-09-29 11:10:02+00:00,-0.0016328198979793651,0.006785441322717283,2.0
2025-09-29 11:10:03+00:00,0.00029855894188557386,0.0067851880105976115,2.0
2025-09-29 11:10:04+00:00,-0.0014359119446848423,0.006784859326584024,2.0
2025-09-29 11:10:05+00:00,-0.004852734353544053,0.006613067036412985,2.0
2025-09-29 11:10:06+00:00,0.005608811472848529,0.006652125088260331,2.0
2025-09-29 11:10:07+00:00,-0.0018622066008682214,0.006656756715499938,2.0
2025-09-29 11:10:08+00:00,0.0011204139758105303,0.0066582440813003135,2.0
2025-09-29 11:10:09+00:00,-0.00019174936133403708,0.006460565719829409,2.0
2025-09-29 11:10:10+00:00,-0.0031436208843748092,0.006254175662549811,2.0
2025-09-29 11:10:11+00:00,-0.0026769725013378043,0.006263665274137656,2.0
2025-09-29 11:10:12+00:00,0.007084501584450731,0.006329777589325931,2.0
2025-09-29 11:10:13+00:00,-0.0068211109108097245,0.006149326404764279,2.0
2025-09-29 11:10:14+00:00,-0.0009924079762859694,0.006149982549200713,2.0
2025-09-29 11:10:15+00:00,0.0053219893428448906,0.005980225192395148,2.0
2025-09-29 11:10:16+00:00,-0.0008734200020799054,0.005777245913117001,2.0
2025-09-29 11:10:17+00:00,-0.005303062580386708,0.005813149760335655,2.0
2025-09-29 11:10:18+00:00,0.005630489678320805,0.005861413071947483,2.0
2025-09-29 11:10:19+00:00,-0.00020232744981873996,0.005861407666275644,2.0
2025-09-29 11:10:20+00:00,0.0005813888077963458,0.005860987003066842,2.0
2025-09-29 11:10:21+00:00,0.0014496628910363185,0.005295284677339869,2.0
2025-09-29 11:10:22+00:00,-0.008642448939585101,0.0046742222714872515,2.0
2025-09-29 11:10:23+00:00,0.0007782341006992155,0.004675957409347695,2.0
2025-09-29 11:10:24+00:00,0.0022063880633964583,0.0046842758125629,2.0
2025-09-29 11:10:25+00:00,0.0001748561775896107,0.0040958431921162795,2.0
2025-09-29 11:10:26+00:00,0.00019463237692929347,0.0040958660112977874,2.0
2025-09-29 11:10:27+00:00,0.005365590296257716,0.004153718759771565,2.0
2025-09-29 11:10:28+00:00,-0.005415536469811411,0.004212141878384117,2.0
2025-09-29 11:10:29+00:00,0.006027180006827448,0.0038925284429873743,2.0
2025-09-29 11:10:30+00:00,-0.005837117905549971,0.003945981192385738,2.0
2025-09-29 11:10:31+00:00,0.005404690938341616,0.00401137700290588,2.0
2025-09-29 11:10:32+00:00,0.0011391608286517307,0.004013442132974188,2.0
2025-09-29 11:10:33+00:00,0.0008273864239316531,0.0040145686341232405,2.0
2025-09-29 11:10:34+00:00,-0.0004665073503309358,0.003824546230712515,2.0
2025-09-29 11:10:35+00:00,0.00036280876489547254,0.0038243084316342815,2.0
2025-09-29 11:10:36+00:00,0.0005367655329933108,0.003824661313251349,2.0
2025-09-29 11:10:37+00:00,0.0006389350043694009,0.0037145096041151767,2.0
2025-09-29 11:10:38+00:00,0.000682471718995048,0.003530242478231354,2.0
2025-09-29 11:10:39+00:00,-0.008947355252071465,0.0037208164843895108,2.0
2025-09-29 11:10:40+00:00,0.008378657438431913,0.003873194769335627,2.0
2025-09-29 11:10:41+00:00,-0.009800450792033177,0.004080838600824463,2.0
2025-09-29 11:10:42+00:00,0.0010214145614066972,0.004075078144854823,2.0
2025-09-29 11:10:43+00:00,0.0010279768727270433,0.004076273645968944,2.0
2025-09-29 11:10:44+00:00,0.0008571214664647719,0.004073569905180023,2.0
2025-09-29 11:10:45+00:00,0.000963336492260769,0.004073851632359044,2.0
2025-09-29 11:10:46+00:00,-8.64968065343863e-05,0.004072968648080661,2.0
2025-09-29 11:10:47+00:00,0.0007913582216798609,0.004054188305437647,2.0
2025-09-29 11:10:48+00:00,-0.0010205629704652663,0.00403718225418353,2.0
2025-09-29 11:10:49+00:00,0.0007413063577330625,0.00403722957388878,2.0
2025-09-29 11:10:50+00:00,0.001080615561337872,0.00402631599547027,2.0
2025-09-29 11:10:51+00:00,0.0002991384563375554,0.004026437767735698,2.0
2025-09-29 11:10:52+00:00,-0.0019363770420600668,0.004033513809868477,2.0
2025-09-29 11:10:53+00:00,-0.00034413392286058997,0.004017040074625981,2.0
2025-09-29 11:10:54+00:00,0.0007545541537468115,0.004017870840848546,2.0
2025-09-29 11:10:55+00:00,0.0007875550446960755,0.003962464263612454,2.0
2025-09-29 11:10:56+00:00,0.0025374906190840374,0.003974815775551278,2.0
2025-09-29 11:10:57+00:00,-0.00025008965975381603,0.0038867228782382473,2.0
2025-09-29 11:10:58+00:00,-0.001701585086180346,0.00389183259555952,2.0
2025-09-29 11:10:59+00:00,-0.0002850591144807346,0.0038914180631760284,2.0
2025-09-29 11:11:00+00:00,0.0032788992723755683,0.0037910481538848202,2.0
2025-09-29 11:11:01+00:00,0.00046391769222120516,0.00366206796094468,2.0
2025-09-29 11:11:02+00:00,-0.002453824154842077,0.0036697789318180384,2.0
2025-09-29 11:11:03+00:00,0.002298112334826241,0.003681768835464198,2.0
2025-09-29 11:11:04+00:00,-0.0014999516169741378,0.003682205709582136,2.0
2025-09-29 11:11:05+00:00,0.0006549560467086213,0.0036270761836037883,2.0
2025-09-29 11:11:06+00:00,-0.0002165415317548769,0.0035545021766244154,2.0
2025-09-29 11:11:07+00:00,-0.0012055277623543859,0.003549653031586756,2.0
2025-09-29 11:11:08+00:00,0.00010975168460669593,0.0035467354017905536,2.0
2025-09-29 11:11:09+00:00,0.0034593374141911326,0.003574561105248697,2.0
2025-09-29 11:11:10+00:00,0.0011595392878642752,0.0035522292946872118,2.0
2025-09-29 11:11:11+00:00,-0.005498791060260189,0.0036083253927698903,2.0
2025-09-29 11:11:12+00:00,0.005606277156826156,0.003564524419603181,2.0
2025-09-29 11:11:13+00:00,1.800630777215595e-05,0.003448096221334686,2.0
2025-09-29 11:11:14+00:00,-0.007517026577120056,0.0035857448384614085,2.0
2025-09-29 11:11:15+00:00,-0.0004792104603085212,0.0035192832024529444,2.0
2025-09-29 11:11:16+00:00,0.008574176369589681,0.0036881285027410998,2.0
2025-09-29 11:11:17+00:00,-0.011108050561337235,0.003902933118001927,2.0
2025-09-29 11:11:18+00:00,0.0017300621043814246,0.003840089364656152,2.0
2025-09-29 11:11:19+00:00,0.00018393271447170179,0.0038401236401889825,2.0
2025-09-29 11:11:20+00:00,6.241287597807954e-05,0.003839316555080226,2.0
2025-09-29 11:11:21+00:00,0.005992965547137796,0.003913181626905877,2.0
2025-09-29 11:11:22+00:00,0.0007727555408976183,0.003744198661736647,2.0
2025-09-29 11:11:23+00:00,-0.010171864209056247,0.003975175934233348,2.0
2025-09-29 11:11:24+00:00,-0.00019885655195772678,0.003964820919880101,2.0
2025-09-29 11:11:25+00:00,-0.0010547167326838691,0.003966949162278083,2.0
2025-09-29 11:11:26+00:00,0.009375515268047252,0.004149232123390294,2.0
2025-09-29 11:11:27+00:00,-0.000603501174446297,0.004092199605658982,2.0
2025-09-29 11:11:28+00:00,-0.008321909710748865,0.004173876988086225,2.0
2025-09-29 11:11:29+00:00,-0.0009184629616509898,0.004098386493604925,2.0
2025-09-29 11:11:30+00:00,0.008435157623822631,0.0041764939394947735,2.0
2025-09-29 11:11:31+00:00,-0.008909447636043955,0.004274964512824759,2.0
2025-09-29 11:11:32+00:00,0.009066886940315433,0.004435200635165575,2.0
2025-09-29 11:11:33+00:00,-0.007906963989131044,0.004548657563702864,2.0
2025-09-29 11:11:34+00:00,0.008047251668137356,0.00467041506513184,2.0
2025-09-29 11:11:35+00:00,-0.006252878556617492,0.0047386252480007595,2.0
2025-09-29 11:11:36+00:00,0.006369363764575198,0.004811968061284158,2.0
2025-09-29 11:11:37+00:00,-0.007327440815528163,0.004901948959102197,2.0
2025-09-29 11:11:38+00:00,0.00015137496835726516,0.004900855733444243,2.0
2025-09-29 11:11:39+00:00,0.006594114701900189,0.004840099562004808,2.0
2025-09-29 11:11:40+00:00,-0.007785125162004136,0.00481995209875902,2.0
2025-09-29 11:11:41+00:00,0.007923468707463854,0.004763967045615634,2.0
2025-09-29 11:11:42+00:00,-0.0016653261626931037,0.004767806507172417,2.0
2025-09-29 11:11:43+00:00,-0.006809705164736668,0.00484746892736871,2.0
2025-09-29 11:11:44+00:00,0.0069335791443005945,0.004930006268556661,2.0
2025-09-29 11:11:45+00:00,-0.005978750439406433,0.004988796813897499,2.0
2025-09-29 11:11:46+00:00,0.00609183032247862,0.005052179168679839,2.0
2025-09-29 11:11:47+00:00,-0.0011127772680180614,0.005053202692504938,2.0
2025-09-29 11:11:48+00:00,-0.0009087663854884243,0.005052846724891055,2.0
2025-09-29 11:11:49+00:00,-0.002844314730949149,0.005064945777794036,2.0
2025-09-29 11:11:50+00:00,-0.00020097572353006132,0.00506269487130177,2.0
2025-09-29 11:11:51+00:00,0.002931215641849505,0.005077554754800206,2.0
2025-09-29 11:11:52+00:00,-0.002244418099997758,0.00507964796475897,2.0
2025-09-29 11:11:53+00:00,0.002326297634369201,0.005088779011510606,2.0
2025-09-29 11:11:54+00:00,-0.0013448589935444177,0.0050906338224278305,2.0
2025-09-29 11:11:55+00:00,-0.0008205085559339631,0.0050903968179837,2.0
2025-09-29 11:11:56+00:00,-0.0013626508081552302,0.00508137568169059,2.0
2025-09-29 11:11:57+00:00,-0.0005705838871168378,0.005081662728260661,2.0
2025-09-29 11:11:58+00:00,-0.00020886784485940613,0.005077562678160368,2.0
2025-09-29 11:11:59+00:00,-0.0004673972887374589,0.005077717943633671,2.0
2025-09-29 11:12:00+00:00,0.005209958259195568,0.005105686368433521,2.0
2025-09-29 11:12:01+00:00,-0.006722413090169299,0.005176263731808033,2.0
2025-09-29 11:12:02+00:00,-0.0010983274895561834,0.005169258971297722,2.0
2025-09-29 11:12:03+00:00,0.006874863834036571,0.005239847289047324,2.0
2025-09-29 11:12:04+00:00,-0.005800405330954828,0.005288351059252154,2.0
2025-09-29 11:12:05+00:00,0.005911351917988084,0.005345696231205378,2.0
2025-09-29 11:12:06+00:00,-0.00021942672212915681,0.005345697352072316,2.0
2025-09-29 11:12:07+00:00,-0.0058323385426877206,0.005395124730827338,2.0
2025-09-29 11:12:08+00:00,6.583704795182221e-05,0.005395088756891291,2.0
2025-09-29 11:12:09+00:00,0.00023163303128681534,0.00537430499471799,2.0
2025-09-29 11:12:10+00:00,-0.0005373019817297431,0.005371348181184843,2.0
2025-09-29 11:12:11+00:00,0.006282058759498499,0.00539171303975672,2.0
2025-09-29 11:12:12+00:00,-0.0007373663699756783,0.005340692899576691,2.0
2025-09-29 11:12:13+00:00,0.0008025666799964526,0.005342108277024439,2.0
2025-09-29 11:12:14+00:00,-0.0009653436809482496,0.005255260105254316,2.0
2025-09-29 11:12:15+00:00,-0.0017661718456829512,0.0052596972025482575,2.0
2025-09-29 11:12:16+00:00,-0.004626937414878407,0.005167531202918269,2.0
2025-09-29 11:12:17+00:00,-0.00022162287329452468,0.004968319045911697,2.0
2025-09-29 11:12:18+00:00,0.004280143026959449,0.004995096818671646,2.0
2025-09-29 11:12:19+00:00,0.0009015232143156915,0.004996549716757997,2.0
2025-09-29 11:12:20+00:00,-0.002363953247503492,0.005005451250299452,2.0
2025-09-29 11:12:21+00:00,-0.0002754288520046,0.0049413743185147165,2.0
2025-09-29 11:12:22+00:00,0.0013276255667629133,0.0049437310145779715,2.0
2025-09-29 11:12:23+00:00,0.0014377567661136847,0.004770332712037451,2.0
2025-09-29 11:12:24+00:00,0.0013221885348284612,0.004773246041685828,2.0
2025-09-29 11:12:25+00:00,-0.0011616821907479702,0.004773679932420238,2.0
2025-09-29 11:12:26+00:00,-0.0013686832298773766,0.004616217226254218,2.0
2025-09-29 11:12:27+00:00,0.0005915253981008117,0.004616786732332484,2.0
2025-09-29 11:12:28+00:00,0.003898724693887301,0.004517575437324502,2.0
2025-09-29 11:12:29+00:00,-0.005134682397109347,0.00456586879940008,2.0
2025-09-29 11:12:30+00:00,-0.001762880404553302,0.004434761245365132,2.0
2025-09-29 11:12:31+00:00,0.00909156200534178,0.004441872115056288,2.0
2025-09-29 11:12:32+00:00,-0.0010913695743518526,0.004286641237986038,2.0
2025-09-29 11:12:33+00:00,-0.00010035180289691414,0.004160164596768063,2.0
2025-09-29 11:12:34+00:00,-0.00022011825797974005,0.004027216190216244,2.0
2025-09-29 11:12:35+00:00,0.0005025016554698336,0.003944133074154169,2.0
2025-09-29 11:12:36+00:00,0.00021214715391359995,0.003856671739575438,2.0
2025-09-29 11:12:37+00:00,-0.011540387247518713,0.004026410250407713,2.0
2025-09-29 11:12:38+00:00,-0.0012754187631156544,0.004029115235925951,2.0
2025-09-29 11:12:39+00:00,0.013501836360850561,0.004313005555049534,2.0
2025-09-29 11:12:40+00:00,0.0005024632018295616,0.004190698792360962,2.0
2025-09-29 11:12:41+00:00,-0.012964938624466904,0.004394945339077413,2.0
2025-09-29 11:12:42+00:00,0.013714109711019606,0.0047437599947525244,2.0
2025-09-29 11:12:43+00:00,-0.013848766669074641,0.004996301064443395,2.0
2025-09-29 11:12:44+00:00,0.00014637567525910278,0.004910938327383054,2.0
2025-09-29 11:12:45+00:00,0.014197015373775379,0.00519078396654079,2.0
2025-09-29 11:12:46+00:00,-0.016060583311444443,0.005536837583744039,2.0
2025-09-29 11:12:47+00:00,0.0017011296798632447,0.005541108874351595,2.0
2025-09-29 11:12:48+00:00,0.01441210021993955,0.005851216610512572,2.0
2025-09-29 11:12:49+00:00,0.0016843657522127575,0.005842097214786853,2.0
2025-09-29 11:12:50+00:00,-0.020374158390721653,0.006415167150131266,2.0
2025-09-29 11:12:51+00:00,-0.0004885140175719949,0.0064022007022229675,2.0
2025-09-29 11:12:52+00:00,0.000465257055133117,0.006397382969827348,2.0
2025-09-29 11:12:53+00:00,0.0007765904709602367,0.006390152648082057,2.0
2025-09-29 11:12:54+00:00,0.01949418654456947,0.006875918505207089,2.0
2025-09-29 11:12:55+00:00,-0.00021578545638101243,0.006874950984611946,2.0
2025-09-29 11:12:56+00:00,-0.0003035257058809915,0.006872397303342711,2.0
2025-09-29 11:12:57+00:00,-0.01820592817917932,0.007269536942672206,2.0
2025-09-29 11:12:58+00:00,0.018621610227415042,0.007662389961891437,2.0
2025-09-29 11:12:59+00:00,-0.0005433806874687308,0.007662503955346245,2.0
2025-09-29 11:13:00+00:00,-0.0010523870646169664,0.0076353229143217675,2.0
2025-09-29 11:13:01+00:00,0.000712650470556353,0.007583409740574941,2.0
2025-09-29 11:13:02+00:00,-0.0005669675748942726,0.007582187792548879,2.0
2025-09-29 11:13:03+00:00,-6.777369578980785e-05,0.007531411991044951,2.0
2025-09-29 11:13:04+00:00,-0.00027741877854681185,0.00749190958820354,2.0
2025-09-29 11:13:05+00:00,-0.012851239602786668,0.007638636304296515,2.0
2025-09-29 11:13:06+00:00,0.013096200361371713,0.007827266201814242,2.0
2025-09-29 11:13:07+00:00,-0.012636990992867525,0.007962601199512044,2.0
2025-09-29 11:13:08+00:00,0.0006080046044323328,0.007963016235769541,2.0
2025-09-29 11:13:09+00:00,6.912715058748908e-05,0.007962957455585805,2.0
2025-09-29 11:13:10+00:00,0.0005051571303855695,0.007962948918000668,2.0
2025-09-29 11:13:11+00:00,0.010240711897909982,0.008032011712011653,2.0
2025-09-29 11:13:12+00:00,-0.010247169655264288,0.008141149509309073,2.0
2025-09-29 11:13:13+00:00,0.0104307132938668,0.008253279725652563,2.0
2025-09-29 11:13:14+00:00,0.0002837084219553532,0.008252213507446586,2.0
2025-09-29 11:13:15+00:00,-0.0010909143125383824,0.008250105973423849,2.0
2025-09-29 11:13:16+00:00,-0.00951081593961578,0.008321284361724619,2.0
2025-09-29 11:13:17+00:00,0.009679534561062075,0.00841416710940577,2.0
2025-09-29 11:13:18+00:00,-0.0006414406009528362,0.008397492776879645,2.0
2025-09-29 11:13:19+00:00,-0.00973333861434067,0.008491951782069088,2.0
2025-09-29 11:13:20+00:00,0.0011796584534027321,0.00848811389990639,2.0
2025-09-29 11:13:21+00:00,0.009566160670356316,0.008577714188474217,2.0
2025-09-29 11:13:22+00:00,0.0005625775107400699,0.008576493316276015,2.0
2025-09-29 11:13:23+00:00,-0.008438629213920024,0.008645491171948117,2.0
2025-09-29 11:13:24+00:00,0.0006348465181191809,0.008644119725631737,2.0
2025-09-29 11:13:25+00:00,-0.0005313785736285048,0.008643122449607896,2.0
2025-09-29 11:13:26+00:00,0.002625477362327988,0.008648051647320742,2.0
2025-09-29 11:13:27+00:00,0.0009054146240181637,0.008648490678521817,2.0
2025-09-29 11:13:28+00:00,0.0010621483793504805,0.0086347674351788,2.0
2025-09-29 11:13:29+00:00,0.0030490552743656085,0.008617060657314718,2.0
2025-09-29 11:13:30+00:00,-0.0012801619375275575,0.0086154919141369,2.0
2025-09-29 11:13:31+00:00,-0.0012536831816908345,0.008536354240446098,2.0
2025-09-29 11:13:32+00:00,0.0010660147297538725,0.008536385036431305,2.0
2025-09-29 11:13:33+00:00,0.0005576420388391234,0.008536679050567986,2.0
2025-09-29 11:13:34+00:00,0.0011426215769190229,0.008537871666242789,2.0
2025-09-29 11:13:35+00:00,-0.0022242179648458427,0.008542579285554398,2.0
2025-09-29 11:13:36+00:00,0.0007097681290810787,0.008543043772951682,2.0
2025-09-29 11:13:37+00:00,-0.0007448009170661907,0.008408611157836206,2.0
2025-09-29 11:13:38+00:00,0.0015529597705925546,0.008408272706619167,2.0
2025-09-29 11:13:39+00:00,-0.001429979339381826,0.008227582921718447,2.0
2025-09-29 11:13:40+00:00,0.001508795235250382,0.008229706319658586,2.0
2025-09-29 11:13:41+00:00,-0.0004055887680931569,0.008052436955281761,2.0
2025-09-29 11:13:42+00:00,-0.0020154703906625215,0.007858691315713292,2.0
2025-09-29 11:13:43+00:00,0.002096353879690316,0.007651484689807242,2.0
2025-09-29 11:13:44+00:00,0.000557519654106331,0.007651617651136144,2.0
2025-09-29 11:13:45+00:00,-0.004468036729677438,0.0074500663293617046,2.0
2025-09-29 11:13:46+00:00,0.004565092078613775,0.0071718714243466045,2.0
2025-09-29 11:13:47+00:00,-0.005798302569434255,0.007211253382968603,2.0
2025-09-29 11:13:48+00:00,-0.0007717669669621285,0.006963254526554242,2.0
2025-09-29 11:13:49+00:00,0.0013582606586377555,0.006961936725529021,2.0
2025-09-29 11:13:50+00:00,0.005582873184015513,0.006472654647791547,2.0
2025-09-29 11:13:51+00:00,-0.0008121741815499961,0.006473450286390151,2.0
2025-09-29 11:13:52+00:00,-0.007419756017816415,0.006549336842558701,2.0
2025-09-29 11:13:53+00:00,-0.002772280940492866,0.006559639324294761,2.0
2025-09-29 11:13:54+00:00,0.0024393889793503654,0.006054877380612584,2.0
2025-09-29 11:13:55+00:00,-0.0006536594307072763,0.006055174062312238,2.0
2025-09-29 11:13:56+00:00,0.005247655228279857,0.006095781550060946,2.0
2025-09-29 11:13:57+00:00,-0.008471690666474574,0.005724034796795988,2.0
2025-09-29 11:13:58+00:00,0.0018391243507414057,0.005186349707868771,2.0
2025-09-29 11:13:59+00:00,-0.001764223467699333,0.005190028384754067,2.0
2025-09-29 11:14:00+00:00,0.0099334029859246,0.0053521887101611,2.0
2025-09-29 11:14:01+00:00,-0.007253852493263047,0.005430968722402583,2.0
2025-09-29 11:14:02+00:00,0.0006476001396431563,0.00543180821050214,2.0
2025-09-29 11:14:03+00:00,0.006720909406699338,0.0055042175861061875,2.0
2025-09-29 11:14:04+00:00,-0.008282086933743216,0.005605701212207608,2.0
2025-09-29 11:14:05+00:00,0.008428551278008234,0.0054624926283542525,2.0
2025-09-29 11:14:06+00:00,-4.165216525653381e-05,0.005191905757245646,2.0
2025-09-29 11:14:07+00:00,-0.00010034883316101251,0.004922258163500905,2.0
2025-09-29 11:14:08+00:00,-0.00895592451476801,0.005060207145923827,2.0
2025-09-29 11:14:09+00:00,0.0017421950912357431,0.0050652358298720395,2.0
2025-09-29 11:14:10+00:00,0.007178285148030872,0.005148604506135497,2.0
2025-09-29 11:14:11+00:00,-0.0076737560665985916,0.005071374251918271,2.0
2025-09-29 11:14:12+00:00,-0.0005272864583051318,0.0048960871621686435,2.0
2025-09-29 11:14:13+00:00,-0.0018410006900279052,0.0047054259987370966,2.0
2025-09-29 11:14:14+00:00,0.00014042029057703687,0.004705208529750321,2.0
2025-09-29 11:14:15+00:00,0.0018793817799864776,0.004711409657367474,2.0
2025-09-29 11:14:16+00:00,-0.0015988927312462486,0.004553356028772082,2.0
2025-09-29 11:14:17+00:00,0.011382711340556906,0.004619732006822355,2.0
2025-09-29 11:14:18+00:00,-0.014434502536479377,0.004981196108937772,2.0
2025-09-29 11:14:19+00:00,0.0007337761042449653,0.0048235446393727595,2.0
2025-09-29 11:14:20+00:00,-0.0017599405241980337,0.0048257081713433255,2.0
2025-09-29 11:14:21+00:00,-2.2137525857890417e-05,0.0046557796868970484,2.0
2025-09-29 11:14:22+00:00,0.01898597763573706,0.0052773208040097245,2.0
2025-09-29 11:14:23+00:00,-0.021197218431889486,0.005850728003943306,2.0
2025-09-29 11:14:24+00:00,0.0003811169323899577,0.005850227700243696,2.0
2025-09-29 11:14:25+00:00,0.02010260474803105,0.0064087239094734625,2.0
2025-09-29 11:14:26+00:00,-0.00019140196021927292,0.006400737465160855,2.0
2025-09-29 11:14:27+00:00,0.0001894921387988191,0.006399919917767245,2.0
2025-09-29 11:14:28+00:00,-0.0018458879545955043,0.00640359939882328,2.0
2025-09-29 11:14:29+00:00,-0.018118133278887782,0.006806624039732139,2.0
2025-09-29 11:14:30+00:00,0.018530530245458365,0.007225435030346548,2.0
2025-09-29 11:14:31+00:00,0.00157636289929175,0.0072260893467087535,2.0
2025-09-29 11:14:32+00:00,0.0002962126227787909,0.0072250037839179035,2.0
2025-09-29 11:14:33+00:00,-0.020784534248694975,0.007709858287136923,2.0
2025-09-29 11:14:34+00:00,0.00028488202751320024,0.007707966623106984,2.0
2025-09-29 11:14:35+00:00,4.417302912917975e-05,0.0077039130399516155,2.0
2025-09-29 11:14:36+00:00,0.024190203233555696,0.008325259448160918,2.0
2025-09-29 11:14:37+00:00,0.0004046175147500719,0.008324528506326938,2.0
2025-09-29 11:14:38+00:00,-0.00022238110677497147,0.008322618826241752,2.0
2025-09-29 11:14:39+00:00,-0.0003544767027058304,0.00832037691836315,2.0
2025-09-29 11:14:40+00:00,-0.00027283157422386406,0.008318588718837306,2.0
2025-09-29 11:14:41+00:00,-0.0005713197658254732,0.008318790494818732,2.0
2025-09-29 11:14:42+00:00,0.00012667318886916412,0.008314119312906392,2.0
2025-09-29 11:14:43+00:00,-0.0007722556235102429,0.008310945967725459,2.0
2025-09-29 11:14:44+00:00,-0.0007783859530676729,0.008311476953688425,2.0
2025-09-29 11:14:45+00:00,-0.021359728742102346,0.008742798616670497,2.0
2025-09-29 11:14:46+00:00,0.02190425605968982,0.009178937159685506,2.0
2025-09-29 11:14:47+00:00,0.0004153390694043857,0.009146477480228975,2.0
2025-09-29 11:14:48+00:00,-0.0004965146907984774,0.009146058813464007,2.0
2025-09-29 11:14:49+00:00,-0.022741880303002393,0.009611211955906125,2.0
2025-09-29 11:14:50+00:00,0.0010862732410494846,0.009582743833530416,2.0
2025-09-29 11:14:51+00:00,0.019185428166839547,0.009906487370394903,2.0
2025-09-29 11:14:52+00:00,-0.019237309398892233,0.010171364872432243,2.0
2025-09-29 11:14:53+00:00,0.002317579075509224,0.010170360321089193,2.0
2025-09-29 11:14:54+00:00,-0.004420539228195852,0.010180266189447507,2.0
2025-09-29 11:14:55+00:00,0.022676678044667886,0.010598850188802193,2.0
2025-09-29 11:14:56+00:00,0.0016602913444965228,0.010580040747764672,2.0
2025-09-29 11:14:57+00:00,-0.018596284760532766,0.010798339114651558,2.0
2025-09-29 11:14:58+00:00,0.019026770349887423,0.011072994472424559,2.0
2025-09-29 11:14:59+00:00,-0.00017840830130810836,0.01106995871993913,2.0
2025-09-29 11:15:00+00:00,0.000660187591821515,0.010997571091365654,2.0
2025-09-29 11:15:01+00:00,-0.020132804807515003,0.011266678274203157,2.0
2025-09-29 11:15:02+00:00,-2.5823349082187974e-05,0.01126627978602521,2.0
2025-09-29 11:15:03+00:00,-0.000290448978318647,0.011230764414710326,2.0
2025-09-29 11:15:04+00:00,-0.0008082118978655073,0.011180996611486737,2.0
2025-09-29 11:15:05+00:00,0.0007299332466292885,0.011125732662542798,2.0
2025-09-29 11:15:06+00:00,-0.001038278977065099,0.011126223049919089,2.0
2025-09-29 11:15:07+00:00,0.0005136128375036186,0.011126622211338774,2.0
2025-09-29 11:15:08+00:00,-0.0012366793080403893,0.011068315747385638,2.0
2025-09-29 11:15:09+00:00,0.00036776726462406373,0.01106588914510442,2.0
2025-09-29 11:15:10+00:00,0.0014083359665066908,0.011026485645380526,2.0
2025-09-29 11:15:11+00:00,-0.00030645566957177017,0.010982844794983845,2.0
2025-09-29 11:15:12+00:00,-0.0033884468834900483,0.010991016309456751,2.0
2025-09-29 11:15:13+00:00,0.000647122451868487,0.010989146366119893,2.0
2025-09-29 11:15:14+00:00,-0.00023347667321516052,0.010989120139945557,2.0
2025-09-29 11:15:15+00:00,0.0005419170194689293,0.01098640320406538,2.0
2025-09-29 11:15:16+00:00,0.00039420249886767955,0.010984860943211373,2.0
2025-09-29 11:15:17+00:00,-0.0009876403011317425,0.010881596097512684,2.0
2025-09-29 11:15:18+00:00,0.0005244539423301386,0.010722237894384586,2.0
2025-09-29 11:15:19+00:00,0.0003959384819505196,0.010721912809058922,2.0
2025-09-29 11:15:20+00:00,-0.0010277630707151708,0.010720346387171554,2.0
2025-09-29 11:15:21+00:00,-0.00017802483002393732,0.010720362235487852,2.0
2025-09-29 11:15:22+00:00,0.001030873204386662,0.010426932726184779,2.0
2025-09-29 11:15:23+00:00,0.0004750504635804287,0.010060990390770514,2.0
2025-09-29 11:15:24+00:00,-8.650724228287388e-06,0.010060882307303795,2.0
2025-09-29 11:15:25+00:00,0.0002628872843308816,0.009709494972155218,2.0
2025-09-29 11:15:26+00:00,0.0014279992075894032,0.009712087108391797,2.0
2025-09-29 11:15:27+00:00,8.302728575659835e-05,0.00971200861961052,2.0
2025-09-29 11:15:28+00:00,6.032129655331175e-06,0.00970991315664957,2.0
2025-09-29 11:15:29+00:00,0.0004971194140408475,0.009422660942230873,2.0
2025-09-29 11:15:30+00:00,0.000278155873854935,0.009105337730408109,2.0
2025-09-29 11:15:31+00:00,0.00024028775555895443,0.009102428391955998,2.0
2025-09-29 11:15:32+00:00,-0.00048753710837756703,0.009102160898058815,2.0
2025-09-29 11:15:33+00:00,-0.000923133911475027,0.008696123807229426,2.0
2025-09-29 11:15:34+00:00,0.0004537442600294206,0.008696229903928819,2.0
2025-09-29 11:15:35+00:00,-0.000431953920816075,0.008696451017688464,2.0
2025-09-29 11:15:36+00:00,-0.0006613068534431221,0.008097974617951538,2.0
2025-09-29 11:15:37+00:00,0.001027078176955687,0.008099387314000632,2.0
2025-09-29 11:15:38+00:00,0.0005313080177204998,0.00810019414286968,2.0
2025-09-29 11:15:39+00:00,0.00010642173013564182,0.008100409171788133,2.0
2025-09-29 11:15:40+00:00,0.0008101348005782327,0.008101774950073148,2.0
2025-09-29 11:15:41+00:00,-0.00015758777962981974,0.008101737909111848,2.0
2025-09-29 11:15:42+00:00,-0.0010011436439330001,0.008101996560325297,2.0
2025-09-29 11:15:43+00:00,-0.0010901446907820578,0.008102389935991734,2.0
2025-09-29 11:15:44+00:00,0.00011625246398261346,0.00810239701745546,2.0
2025-09-29 11:15:45+00:00,0.0007708316447923025,0.0076179602314260285,2.0
2025-09-29 11:15:46+00:00,-0.0011985577784112689,0.0070574222353670096,2.0
2025-09-29 11:15:47+00:00,0.0008904076609808076,0.007058554531483089,2.0
2025-09-29 11:15:48+00:00,0.0007176591444313374,0.0070598259711857365,2.0
2025-09-29 11:15:49+00:00,5.9427184200711025e-05,0.00641655430598905,2.0
2025-09-29 11:15:50+00:00,0.0006299919615149197,0.006415593213876334,2.0
2025-09-29 11:15:51+00:00,0.001403449884531005,0.005907587069851508,2.0
2025-09-29 11:15:52+00:00,0.0009307138993717157,0.005356359682068274,2.0
2025-09-29 11:15:53+00:00,0.0004722457326460372,0.005348684099213429,2.0
2025-09-29 11:15:54+00:00,0.00041807973208696225,0.0053162714030034666,2.0
2025-09-29 11:15:55+00:00,-0.0006040619106488787,0.004417662700127828,2.0
2025-09-29 11:15:56+00:00,-0.00017311423599453146,0.004410621126113758,2.0
2025-09-29 11:15:57+00:00,9.849842555609278e-05,0.003696750559939933,2.0
2025-09-29 11:15:58+00:00,0.0017038672990654646,0.0027418569400457318,2.0
2025-09-29 11:15:59+00:00,-0.0012668431763563914,0.0027449803113458373,2.0
2025-09-29 11:16:00+00:00,0.0013227974608787108,0.002750102765579959,2.0
2025-09-29 11:16:01+00:00,-0.000189995871872628,0.0008686264038376262,0.0
2025-09-29 11:16:02+00:00,-0.0010731356508849599,0.0008811442154731626,0.0
2025-09-29 11:16:03+00:00,0.00046873587570517294,0.0008814955919101308,0.0
2025-09-29 11:16:04+00:00,-0.0011082733727548755,0.0008874019207125226,0.0
2025-09-29 11:16:05+00:00,-0.0007487616511696604,0.0008891933638353086,0.0
2025-09-29 11:16:06+00:00,-0.0008452230241148273,0.0008855608188927178,0.0
2025-09-29 11:16:07+00:00,-0.0012481170618138249,0.0008988655589410765,0.0
2025-09-29 11:16:08+00:00,0.0008099109914374569,0.0008893195099603479,0.0
2025-09-29 11:16:09+00:00,0.0012989305837647347,0.0009029835547054582,0.0
2025-09-29 11:16:10+00:00,3.790512328039064e-05,0.0008855997123462235,0.0
2025-09-29 11:16:11+00:00,-0.0004621852290896955,0.0008868667616999319,0.0
2025-09-29 11:16:12+00:00,-0.0003443761455740324,0.000766299308373397,0.0
2025-09-29 11:16:13+00:00,0.0004382708296231108,0.0007641996948489697,0.0
2025-09-29 11:16:14+00:00,0.0010114780040930693,0.0007722083927670229,0.0
2025-09-29 11:16:15+00:00,-0.0008154103350902497,0.0007791262105185456,0.0
2025-09-29 11:16:16+00:00,0.0004589662997316335,0.0007796062884054664,0.0
2025-09-29 11:16:17+00:00,-4.236142689961753e-06,0.0007668797530256744,0.0
2025-09-29 11:16:18+00:00,3.549835257032896e-05,0.0007649169818219583,0.0
2025-09-29 11:16:19+00:00,0.00040846555984375144,0.0007650023570528725,0.0
2025-09-29 11:16:20+00:00,0.0010956230322201055,0.000761301259506285,0.0
2025-09-29 11:16:21+00:00,-0.0006543041138028505,0.0007670300487233853,0.0
2025-09-29 11:16:22+00:00,0.0009282983182008486,0.0007650822067099691,0.0
2025-09-29 11:16:23+00:00,-0.0009795256419289355,0.0007766143607233354,0.0
2025-09-29 11:16:24+00:00,-0.0007571613405800148,0.0007843012559215516,0.0
2025-09-29 11:16:25+00:00,0.0007871308187388237,0.0007892354520382517,0.0
2025-09-29 11:16:26+00:00,1.910358884504859e-05,0.0007695403197053146,0.0
2025-09-29 11:16:27+00:00,-0.0008535169344389137,0.0007786946979934059,0.0
2025-09-29 11:16:28+00:00,0.0008379642926605868,0.0007852166336049009,0.0
2025-09-29 11:16:29+00:00,-0.000990301472234445,0.0007948361469920716,0.0
2025-09-29 11:16:30+00:00,-0.00010479356299408771,0.0007944488979376188,0.0
2025-09-29 11:16:31+00:00,-0.001104331276915227,0.0008074493919013242,0.0
2025-09-29 11:16:32+00:00,0.0016709515646815554,0.000832437936571927,0.0
2025-09-29 11:16:33+00:00,-0.0013006816435524593,0.0008412957019139866,0.0
2025-09-29 11:16:34+00:00,-0.0002638085062310891,0.0008404626743203981,0.0
2025-09-29 11:16:35+00:00,0.00038179743143285094,0.0008394240380152291,0.0
2025-09-29 11:16:36+00:00,-0.0006787241859000925,0.0008396753904756231,0.0
2025-09-29 11:16:37+00:00,-0.00012971899666580633,0.0008299601916496247,0.0
2025-09-29 11:16:38+00:00,0.0012473748797243722,0.0008424133711849739,0.0
2025-09-29 11:16:39+00:00,0.002325031551466239,0.0008926894489234484,0.0
2025-09-29 11:16:40+00:00,0.0021554697586771976,0.0009276947258934609,0.0
2025-09-29 11:16:41+00:00,0.0023249805515470623,0.0009705336212029778,1.0
2025-09-29 11:16:42+00:00,-0.0007388358636876147,0.0009658946121801808,1.0
2025-09-29 11:16:43+00:00,0.0009432828299029694,0.0009575503324691856,1.0
2025-09-29 11:16:44+00:00,0.00025424353966063684,0.0009575692408947944,1.0
2025-09-29 11:16:45+00:00,-0.00024109663597926545,0.0009558725432423507,1.0
2025-09-29 11:16:46+00:00,0.00031750370803296235,0.0009391958070146929,0.0
2025-09-29 11:16:47+00:00,-0.0011259830529547488,0.0009496194785546621,0.0
2025-09-29 11:16:48+00:00,0.001199177775137672,0.0009564783594002061,1.0
2025-09-29 11:16:49+00:00,-0.0023136966188910257,0.0010084256143538754,1.0
2025-09-29 11:16:50+00:00,0.0016066042103326517,0.0010245185247331331,1.0
2025-09-29 11:16:51+00:00,-0.00011370380401087843,0.001011400245195704,1.0
2025-09-29 11:16:52+00:00,0.0005567612433692304,0.001007419692122245,1.0
2025-09-29 11:16:53+00:00,0.0024152130929226967,0.0010497096026387545,1.0
2025-09-29 11:16:54+00:00,0.0009968016983012973,0.001054962477163731,1.0
2025-09-29 11:16:55+00:00,0.000629667588719629,0.0010520608137266128,1.0
2025-09-29 11:16:56+00:00,0.0011512245033162838,0.0010586275956157415,1.0
2025-09-29 11:16:57+00:00,0.0004616249404472139,0.001059125660999711,1.0
2025-09-29 11:16:58+00:00,0.00021908729549457995,0.001040512930698336,1.0
2025-09-29 11:16:59+00:00,0.000870662737551875,0.001026894982561852,1.0
2025-09-29 11:17:00+00:00,0.0018746054622755803,0.0010394400743629585,1.0
2025-09-29 11:17:01+00:00,-0.00036660461824244983,0.001040862588606089,1.0
2025-09-29 11:17:02+00:00,0.0017741202487642216,0.0010460532875819525,1.0
2025-09-29 11:17:03+00:00,0.000994323453915813,0.0010500071916377453,1.0
2025-09-29 11:17:04+00:00,-0.0004385528768576785,0.0010385969004032822,1.0
2025-09-29 11:17:05+00:00,0.0013854349697777213,0.0010392460735851,1.0
2025-09-29 11:17:06+00:00,-0.0006587967031753683,0.0010359845194749249,1.0
2025-09-29 11:17:07+00:00,0.00020631397698456233,0.0010154697550801783,1.0
2025-09-29 11:17:08+00:00,0.0007258449515810117,0.0010148749936377908,1.0
2025-09-29 11:17:09+00:00,-0.0002576921073887961,0.0010099191497056521,1.0
2025-09-29 11:17:10+00:00,-0.00019570742630992122,0.0010114644028802263,1.0
2025-09-29 11:17:11+00:00,0.00010573461666374406,0.0010067278742017312,1.0
2025-09-29 11:17:12+00:00,0.0006738704246258553,0.0010038645157135688,1.0
2025-09-29 11:17:13+00:00,-0.0005204652561048295,0.001009886384180136,1.0
2025-09-29 11:17:14+00:00,-0.001399156666503143,0.0010298293278930518,1.0
2025-09-29 11:17:15+00:00,0.0012654068614239566,0.001027216160206847,1.0
2025-09-29 11:17:16+00:00,-0.00030433762372605866,0.0010301700141035375,1.0
2025-09-29 11:17:17+00:00,0.0004201699853974006,0.0010294617693934307,1.0
2025-09-29 11:17:18+00:00,0.00027387249802313107,0.0010288328584637935,1.0
2025-09-29 11:17:19+00:00,-0.0008471920595148896,0.0010396520013820605,1.0
2025-09-29 11:17:20+00:00,-0.0002389163614007206,0.0010365245408181607,1.0
2025-09-29 11:17:21+00:00,0.0027602644942570365,0.0010776314945301453,1.0
2025-09-29 11:17:22+00:00,-0.0001887149857395798,0.0010767792617913715,1.0
2025-09-29 11:17:23+00:00,-0.0004112111389069639,0.001067687041211457,1.0
2025-09-29 11:17:24+00:00,-0.001047074264021175,0.0010732924614569172,1.0
2025-09-29 11:17:25+00:00,0.0004037258751050654,0.0010715837565237424,1.0
2025-09-29 11:17:26+00:00,-8.038681815825122e-05,0.001072118745684707,1.0
2025-09-29 11:17:27+00:00,6.91843094775546e-05,0.0010617344259926903,1.0
2025-09-29 11:17:28+00:00,0.00016298661139191317,0.0010597700665855652,1.0
2025-09-29 11:17:29+00:00,7.402049355986762e-05,0.0010464134776223587,1.0
2025-09-29 11:17:30+00:00,7.036050039355146e-05,0.0010454225174430303,1.0
2025-09-29 11:17:31+00:00,0.00047571624664910495,0.0010283543594516054,1.0
2025-09-29 11:17:32+00:00,0.0006927031534811334,0.0010148793136751202,1.0
2025-09-29 11:17:33+00:00,-0.0003399944767994434,0.000995902276283987,1.0
2025-09-29 11:17:34+00:00,0.0015366503615170668,0.0010038984474003319,1.0
2025-09-29 11:17:35+00:00,0.0008936723857349005,0.0010060053403215612,1.0
2025-09-29 11:17:36+00:00,0.0010104813827369608,0.0009989754159496597,1.0
2025-09-29 11:17:37+00:00,0.0005969556107894292,0.0009965245437355927,1.0
2025-09-29 11:17:38+00:00,0.0003322373142859991,0.0009909176180630309,1.0
2025-09-29 11:17:39+00:00,0.0008693958622012499,0.0009609253424655425,1.0
2025-09-29 11:17:40+00:00,-0.0003519997900439664,0.0009374669562631853,0.0
2025-09-29 11:17:41+00:00,0.0013763344204251737,0.0009113478964304723,0.0
2025-09-29 11:17:42+00:00,-0.001163394378881022,0.0009214669931243867,0.0
2025-09-29 11:17:43+00:00,-0.0010441128478013706,0.0009348182800064329,0.0
2025-09-29 11:17:44+00:00,-0.001401108757458469,0.0009602985429061727,1.0
2025-09-29 11:17:45+00:00,-0.0005119703499664174,0.0009633896224495599,1.0
2025-09-29 11:17:46+00:00,0.0006339665385202142,0.0009645264081324833,1.0
2025-09-29 11:17:47+00:00,-4.279609992552391e-05,0.0009478705267721254,0.0
2025-09-29 11:17:48+00:00,0.0004743561461515444,0.0009407062183691575,0.0
2025-09-29 11:17:49+00:00,-0.0007561819582915241,0.0008879284534543246,0.0
2025-09-29 11:17:50+00:00,-0.0006357516504967853,0.0008794079564122101,0.0
2025-09-29 11:17:51+00:00,0.00014429823476480585,0.0008781366211168604,0.0
2025-09-29 11:17:52+00:00,0.001604422718467946,0.0008941459939649537,0.0
2025-09-29 11:17:53+00:00,-0.0003682762306458365,0.0008533104244740339,0.0
2025-09-29 11:17:54+00:00,0.0008901328262249653,0.0008518252597215717,0.0
2025-09-29 11:17:55+00:00,0.0016419582485576178,0.0008694712483990987,0.0
2025-09-29 11:17:56+00:00,0.0006172339440080332,0.0008628927631897642,0.0
2025-09-29 11:17:57+00:00,0.0008754005991360447,0.0008662580423840916,0.0
2025-09-29 11:17:58+00:00,-0.0006100492358340759,0.0008734580435000046,0.0
2025-09-29 11:17:59+00:00,-0.0010828930793088665,0.0008859955629357458,0.0
2025-09-29 11:18:00+00:00,0.0010875937239247513,0.0008665571823271134,0.0
2025-09-29 11:18:01+00:00,0.0005950813262032284,0.0008648367773088396,0.0
2025-09-29 11:18:02+00:00,-0.0008375229697021869,0.0008505701415698347,0.0
2025-09-29 11:18:03+00:00,-0.0020448990534690514,0.0008902258110983471,0.0
2025-09-29 11:18:04+00:00,0.0004308888339714656,0.0008880626088596906,0.0
2025-09-29 11:18:05+00:00,1.5691087811520177e-05,0.0008728204298285532,0.0
2025-09-29 11:18:06+00:00,-0.0006778791982560151,0.0008731091534824846,0.0
2025-09-29 11:18:07+00:00,-0.0004409191235428267,0.0008759027198939072,0.0
2025-09-29 11:18:08+00:00,0.002304718997461652,0.0009177411937012529,0.0
2025-09-29 11:18:09+00:00,0.00023395235934198233,0.000916448386599036,0.0
2025-09-29 11:18:10+00:00,-0.0007687366407749252,0.00092291099814584,0.0
2025-09-29 11:18:11+00:00,0.0006212911862695236,0.0009251263287763745,0.0
2025-09-29 11:18:12+00:00,-0.0016865537280521536,0.0009515699819520585,1.0
2025-09-29 11:18:13+00:00,-0.0003478364131814793,0.000949939542322454,0.0
2025-09-29 11:18:14+00:00,0.0002727212370901011,0.0009296093287053812,0.0
2025-09-29 11:18:15+00:00,0.00018499575677255464,0.0009175293881909678,0.0
2025-09-29 11:18:16+00:00,-0.0007419739010174897,0.0009225799189610156,0.0
2025-09-29 11:18:17+00:00,-0.00024790716093170406,0.0009226775226620203,0.0
2025-09-29 11:18:18+00:00,-0.0010603314232723315,0.0009341407926957972,0.0
2025-09-29 11:18:19+00:00,0.0012477810568654046,0.0009385608042369208,0.0
2025-09-29 11:18:20+00:00,0.0004028375771645276,0.0009382758550736626,0.0
2025-09-29 11:18:21+00:00,0.001422572734780081,0.000888872046623869,0.0
2025-09-29 11:18:22+00:00,-0.00013439432892092817,0.0008886113975223039,0.0
2025-09-29 11:18:23+00:00,-0.002651136133648202,0.0009546445658704758,1.0
2025-09-29 11:18:24+00:00,-0.002268602041539447,0.000990844951297527,1.0
2025-09-29 11:18:25+00:00,-0.0003845360733971681,0.0009910694059988706,1.0
2025-09-29 11:18:26+00:00,0.001233166869379465,0.0010032547944304122,1.0
2025-09-29 11:18:27+00:00,-0.0005288925340087847,0.0010059432727310075,1.0
2025-09-29 11:18:28+00:00,0.0018879251616921167,0.0010340186936278729,1.0
2025-09-29 11:18:29+00:00,0.000841433216693277,0.0010389252681100186,1.0
2025-09-29 11:18:30+00:00,-0.0020323237763182345,0.00107389557355019,1.0
2025-09-29 11:18:31+00:00,-0.0006061073388111682,0.001075504022425027,1.0
2025-09-29 11:18:32+00:00,0.0015426526752098102,0.0010900133712261125,1.0
2025-09-29 11:18:33+00:00,0.0008537324655029099,0.0010939542147272337,1.0
2025-09-29 11:18:34+00:00,-7.425448918163546e-05,0.0010765824801010427,1.0
2025-09-29 11:18:35+00:00,-0.0007622497136940964,0.0010752198529736037,1.0
2025-09-29 11:18:36+00:00,-0.000579869802104116,0.0010694665355259032,1.0
2025-09-29 11:18:37+00:00,-0.00011393075771504169,0.001066372105579741,1.0
2025-09-29 11:18:38+00:00,0.0005829434670459044,0.0010683394812528045,1.0
2025-09-29 11:18:39+00:00,-0.0004931749212235825,0.001063269830620652,1.0
2025-09-29 11:18:40+00:00,0.0005260022796440555,0.001065184039213164,1.0
2025-09-29 11:18:41+00:00,0.00021241437508634498,0.0010493867709367513,1.0
2025-09-29 11:18:42+00:00,-0.00025664094205302135,0.0010397408976066478,1.0
2025-09-29 11:18:43+00:00,-0.0006294478454231811,0.0010343641061061686,1.0
2025-09-29 11:18:44+00:00,0.0002146528418749405,0.0010192485948360638,1.0
2025-09-29 11:18:45+00:00,-0.00217642398720852,0.0010550796016342424,1.0
2025-09-29 11:18:46+00:00,0.0002910701556542161,0.0010522879016774574,1.0
2025-09-29 11:18:47+00:00,0.0001542050050529209,0.0010526068722406514,1.0
2025-09-29 11:18:48+00:00,-1.1944443451872289e-05,0.00105042421194264,1.0
2025-09-29 11:18:49+00:00,-0.0011460141043113659,0.0010560485972374318,1.0
2025-09-29 11:18:50+00:00,0.0016329792524005793,0.0010754421866971833,1.0
2025-09-29 11:18:51+00:00,0.00013339674462597984,0.001075414882205041,1.0
2025-09-29 11:18:52+00:00,0.000639664582978039,0.0010577806237278828,1.0
2025-09-29 11:18:53+00:00,0.000549823681032624,0.0010595351732169025,1.0
2025-09-29 11:18:54+00:00,-0.0006584637711541941,0.0010558206634676713,1.0
2025-09-29 11:18:55+00:00,-0.0009701189250492792,0.0010387233597521413,1.0
2025-09-29 11:18:56+00:00,-0.0011166601835049805,0.0010428170557898943,1.0
2025-09-29 11:18:57+00:00,0.00040339880996120847,0.0010369508556714484,1.0
2025-09-29 11:18:58+00:00,-0.0005244534524295741,0.0010363338000800109,1.0
2025-09-29 11:18:59+00:00,0.0008003522107482564,0.0010353680969323758,1.0
2025-09-29 11:19:00+00:00,-0.00037889803931523414,0.0010242459110115611,1.0
2025-09-29 11:19:01+00:00,-0.0012223607004410164,0.0010296396333980566,1.0
2025-09-29 11:19:02+00:00,0.000384444514642146,0.0010278729686582651,1.0
2025-09-29 11:19:03+00:00,0.001017804948406642,0.0010069300289476577,1.0
2025-09-29 11:19:04+00:00,0.0010267033209592213,0.0010149353827575,1.0
2025-09-29 11:19:05+00:00,-8.741906762965712e-05,0.001014879206022573,1.0
2025-09-29 11:19:06+00:00,-0.00045382901636714656,0.0010130126799159393,1.0
2025-09-29 11:19:07+00:00,0.0010291058832900823,0.001021522829579188,1.0
2025-09-29 11:19:08+00:00,0.0004949788210659722,0.0009768238703999192,1.0
2025-09-29 11:19:09+00:00,0.0004341432286778524,0.0009782249866115793,1.0
2025-09-29 11:19:10+00:00,-0.0004443455847141786,0.0009751778071315298,1.0
2025-09-29 11:19:11+00:00,0.00030720751371182686,0.0009722835500039996,1.0
2025-09-29 11:19:12+00:00,-0.0012992016863846434,0.0009625904540839612,1.0
2025-09-29 11:19:13+00:00,0.0002461951030365839,0.0009626483946466737,1.0
2025-09-29 11:19:14+00:00,-4.395520755451354e-05,0.0009617088170603975,1.0
2025-09-29 11:19:15+00:00,-0.00017093203772866605,0.0009612904142064303,1.0
2025-09-29 11:19:16+00:00,-0.00019336204708020333,0.0009573199876487694,1.0
2025-09-29 11:19:17+00:00,0.00023780990861932416,0.0009577015607440436,1.0
2025-09-29 11:19:18+00:00,-9.938697810008001e-05,0.0009484308811787682,0.0
2025-09-29 11:19:19+00:00,-0.001575660593825745,0.0009540174498230078,1.0
2025-09-29 11:19:20+00:00,0.0003685956229519949,0.0009537360943236088,1.0
2025-09-29 11:19:21+00:00,0.00023740619292755838,0.0009342256601622701,0.0
2025-09-29 11:19:22+00:00,0.00102880474392264,0.0009454330444277643,0.0
2025-09-29 11:19:23+00:00,-0.00013953742043715245,0.0008830914532042336,0.0
2025-09-29 11:19:24+00:00,0.0017349668375084004,0.0008625135084511851,0.0
2025-09-29 11:19:25+00:00,0.00017199081344165812,0.0008609576626384426,0.0
2025-09-29 11:19:26+00:00,-0.0005355572792204999,0.0008496349394170849,0.0
2025-09-29 11:19:27+00:00,0.0014453217482355285,0.0008664327528003992,0.0
2025-09-29 11:19:28+00:00,-0.0004830061703774424,0.0008343806850448877,0.0
2025-09-29 11:19:29+00:00,0.0016760880913115894,0.0008552684534793725,0.0
2025-09-29 11:19:30+00:00,-0.0007756922862274251,0.0008188101657629474,0.0
2025-09-29 11:19:31+00:00,0.0010387871808941185,0.0008243538459781876,0.0
2025-09-29 11:19:32+00:00,0.001740359074338782,0.0008307241178815123,0.0
2025-09-29 11:19:33+00:00,-0.0010117412859880215,0.0008357873496158862,0.0
2025-09-29 11:19:34+00:00,0.001231205163391147,0.0008496690572040764,0.0
2025-09-29 11:19:35+00:00,0.0007206508519321808,0.0008468898506650092,0.0
2025-09-29 11:19:36+00:00,-0.0001351551411379326,0.0008429058403782374,0.0
2025-09-29 11:19:37+00:00,0.002058769269918992,0.0008797407060923225,0.0
2025-09-29 11:19:38+00:00,0.0005802184554939416,0.0008797169429521374,0.0
2025-09-29 11:19:39+00:00,0.00013080237641860393,0.0008759179686367862,0.0
2025-09-29 11:19:40+00:00,0.0002917378111961799,0.0008746864371414776,0.0
2025-09-29 11:19:41+00:00,-0.001144822732583206,0.0008900764248457113,0.0
2025-09-29 11:19:42+00:00,0.00039965277526010645,0.0008894916883525457,0.0
2025-09-29 11:19:43+00:00,-0.0014822107697540776,0.0009083437389421757,0.0
2025-09-29 11:19:44+00:00,0.0019292481079498103,0.0009381872077207709,0.0
2025-09-29 11:19:45+00:00,0.00021332951795893784,0.0008876260140666077,0.0
2025-09-29 11:19:46+00:00,-0.00046032815572971675,0.0008912959196356638,0.0
2025-09-29 11:19:47+00:00,0.00013754252457487404,0.0008913020684380817,0.0
2025-09-29 11:19:48+00:00,-0.00044563640693018325,0.0008945152818239867,0.0
2025-09-29 11:19:49+00:00,0.0012171709874149172,0.0008881329243297855,0.0
2025-09-29 11:19:50+00:00,0.0005182881965852815,0.0008690455708439497,0.0
2025-09-29 11:19:51+00:00,-0.0003029813003897486,0.0008712545083046485,0.0
2025-09-29 11:19:52+00:00,0.0005820563408898138,0.0008707613827232031,0.0
2025-09-29 11:19:53+00:00,-4.022478146104014e-05,0.0008697359695793689,0.0
2025-09-29 11:19:54+00:00,0.0004340286239261637,0.000863711814283165,0.0
2025-09-29 11:19:55+00:00,0.0009022883909775015,0.0008552791845182731,0.0
2025-09-29 11:19:56+00:00,0.000415612568126944,0.0008376880575729266,0.0
2025-09-29 11:19:57+00:00,-0.0007427088104399182,0.000846814656413253,0.0
2025-09-29 11:19:58+00:00,0.0003140177722646964,0.0008412801167191208,0.0
2025-09-29 11:19:59+00:00,-0.0015013912761425718,0.0008669418297153909,0.0
2025-09-29 11:20:00+00:00,9.822668466674678e-05,0.0008637979167135935,0.0
2025-09-29 11:20:01+00:00,-0.002673776973334596,0.000922627388582014,0.0
2025-09-29 11:20:02+00:00,-0.001661022277004487,0.0009521092387157801,1.0
2025-09-29 11:20:03+00:00,0.001247734715057458,0.000956149054410295,1.0
2025-09-29 11:20:04+00:00,-0.0007613856229533589,0.0009560875530168343,1.0
2025-09-29 11:20:05+00:00,-0.00021225954084913567,0.0009566730035737654,1.0
2025-09-29 11:20:06+00:00,-0.0009173210032474843,0.0009631827543831798,1.0
2025-09-29 11:20:07+00:00,-0.0004919682938021586,0.0009584809488137864,1.0
2025-09-29 11:20:08+00:00,0.0011809358243677348,0.0009675546765471341,1.0
2025-09-29 11:20:09+00:00,-4.17417861604541e-05,0.000966653327504696,1.0
2025-09-29 11:20:10+00:00,0.0029292934074929278,0.001031343213622355,1.0
2025-09-29 11:20:11+00:00,5.216733626722814e-05,0.001031169580219853,1.0
2025-09-29 11:20:12+00:00,-0.00038867681590259995,0.0010162805464497765,1.0
2025-09-29 11:20:13+00:00,-3.614469858692626e-05,0.0010164874108519314,1.0
2025-09-29 11:20:14+00:00,0.0003804684827615201,0.0010166155739883029,1.0
2025-09-29 11:20:15+00:00,0.0013173052467250201,0.0010266669431852656,1.0
2025-09-29 11:20:16+00:00,0.0010169766066934205,0.001031117832340682,1.0
2025-09-29 11:20:17+00:00,0.001370959010038586,0.001042165199654663,1.0
2025-09-29 11:20:18+00:00,0.001023396545404065,0.0010464494544413696,1.0
2025-09-29 11:20:19+00:00,0.0005797004299359365,0.0010198521870166976,1.0
2025-09-29 11:20:20+00:00,0.00039621304630532705,0.0010199026708147237,1.0
2025-09-29 11:20:21+00:00,0.0004890970289026519,0.0010202728297323096,1.0
2025-09-29 11:20:22+00:00,0.0023910357685943406,0.0010519545947456454,1.0
2025-09-29 11:20:23+00:00,-0.00016120026990296132,0.001052111552817436,1.0
2025-09-29 11:20:24+00:00,0.0008560877443890558,0.0010378038237238197,1.0
2025-09-29 11:20:25+00:00,-0.0004135374458434926,0.0010416259215150193,1.0
2025-09-29 11:20:26+00:00,9.68413842716842e-05,0.00103647422352709,1.0
2025-09-29 11:20:27+00:00,-0.002025092617345181,0.0010670255103546122,1.0
2025-09-29 11:20:28+00:00,-0.00021397121427146892,0.0010645517077679367,1.0
2025-09-29 11:20:29+00:00,0.0011272568601947697,0.0010542406278183792,1.0
2025-09-29 11:20:30+00:00,-0.0003046026102170307,0.0010484163626501095,1.0
2025-09-29 11:20:31+00:00,5.233473908039521e-05,0.001043250674417779,1.0
2025-09-29 11:20:32+00:00,0.0005613671801927289,0.0010249612332304814,1.0
2025-09-29 11:20:33+00:00,-0.0016285878578528035,0.0010402457378680195,1.0
2025-09-29 11:20:34+00:00,0.0014676624198679544,0.0010447174874389945,1.0
2025-09-29 11:20:35+00:00,-0.00011200969559732599,0.0010430541657352635,1.0
2025-09-29 11:20:36+00:00,0.0007631173515449952,0.0010449812335145915,1.0
2025-09-29 11:20:37+00:00,-0.0005789465626843127,0.0010201911333705058,1.0
2025-09-29 11:20:38+00:00,0.0010234829462407724,0.0010249872255569804,1.0
2025-09-29 11:20:39+00:00,0.001220916248479531,0.0010342116105658992,1.0
2025-09-29 11:20:40+00:00,9.54524056810957e-05,0.0010341333934430666,1.0
2025-09-29 11:20:41+00:00,-0.0010438881651090304,0.0010320421738067174,1.0
2025-09-29 11:20:42+00:00,-0.0003358388055280104,0.0010336268163651998,1.0
2025-09-29 11:20:43+00:00,-0.0005505992437310203,0.0010154215116570896,1.0
2025-09-29 11:20:44+00:00,0.00037105636314782586,0.0009893232092255033,1.0
2025-09-29 11:20:45+00:00,0.0005060743625877606,0.000990379054179861,1.0
2025-09-29 11:20:46+00:00,-0.0005820980064222825,0.0009917778601584851,1.0
2025-09-29 11:20:47+00:00,-0.0020216863858898426,0.0010306314901937798,1.0
2025-09-29 11:20:48+00:00,0.00031223280977088486,0.0010283043501456784,1.0
2025-09-29 11:20:49+00:00,-0.000684922591941195,0.0010234063962048972,1.0
2025-09-29 11:20:50+00:00,0.00027977197490725025,0.0010221945534602036,1.0
2025-09-29 11:20:51+00:00,-0.0011999887909290852,0.0010345312692299096,1.0
2025-09-29 11:20:52+00:00,-0.000694953304709367,0.0010370659687328932,1.0
2025-09-29 11:20:53+00:00,0.0014722245233445008,0.0010529906358419834,1.0
2025-09-29 11:20:54+00:00,-0.0007540273051073187,0.0010573706012037172,1.0
2025-09-29 11:20:55+00:00,-0.0005097904956918864,0.0010540062147081039,1.0
2025-09-29 11:20:56+00:00,-0.0005114060094476569,0.0010551423125720668,1.0
2025-09-29 11:20:57+00:00,0.00017675296852281974,0.0010505348826464632,1.0
2025-09-29 11:20:58+00:00,0.0015263879664892954,0.0010674963740893513,1.0
2025-09-29 11:20:59+00:00,-0.0005033014110785716,0.0010504541947285136,1.0
2025-09-29 11:21:00+00:00,0.0005384036259961089,0.0010521704848067762,1.0
2025-09-29 11:21:01+00:00,0.000193432070014099,0.0009881373036916654,1.0
2025-09-29 11:21:02+00:00,-0.00018088155041195986,0.0009608174159051391,1.0
2025-09-29 11:21:03+00:00,-0.0005819327509308803,0.0009544846678895595,1.0
2025-09-29 11:21:04+00:00,-0.0006009644305142725,0.0009521898597021802,1.0
2025-09-29 11:21:05+00:00,0.00017071163012283286,0.000951175412031437,1.0
2025-09-29 11:21:06+00:00,-0.00011019061305972411,0.0009417567466174076,0.0
2025-09-29 11:21:07+00:00,8.064459527035162e-05,0.0009380907727850599,0.0
2025-09-29 11:21:08+00:00,-1.6143540992663574e-05,0.0009285642482586183,0.0
2025-09-29 11:21:09+00:00,0.0013811048927714342,0.0009420654481207688,0.0
2025-09-29 11:21:10+00:00,0.002037269459514768,0.000903851587390445,0.0
2025-09-29 11:21:11+00:00,0.0003626297268131129,0.0009042111265133908,0.0
2025-09-29 11:21:12+00:00,9.937554532180037e-05,0.0009014905649482106,0.0
2025-09-29 11:21:13+00:00,-0.00029863055013512607,0.0009030760445289526,0.0
2025-09-29 11:21:14+00:00,0.00020024086465952884,0.0009026027661682127,0.0
2025-09-29 11:21:15+00:00,-0.00016582035543777351,0.0008902888912723979,0.0
2025-09-29 11:21:16+00:00,-0.0008328026036069636,0.0008908786118815402,0.0
2025-09-29 11:21:17+00:00,0.0007980285250626107,0.0008799568362165079,0.0
2025-09-29 11:21:18+00:00,0.00100770427705843,0.0008796751487420616,0.0
2025-09-29 11:21:19+00:00,-0.002666431249139123,0.0009459717741204275,0.0
2025-09-29 11:21:20+00:00,-0.0011905746069046375,0.0009576548605662014,1.0
2025-09-29 11:21:21+00:00,-0.0003878747335153143,0.0009568030735431676,1.0
2025-09-29 11:21:22+00:00,-0.00038043602601278703,0.0009043069015851447,0.0
2025-09-29 11:21:23+00:00,-0.00025088331380507256,0.0009045548875155845,0.0
2025-09-29 11:21:24+00:00,0.0001311570618691693,0.0008969309648499317,0.0
2025-09-29 11:21:25+00:00,-0.0003021569231402843,0.000896325741495471,0.0
2025-09-29 11:21:26+00:00,-0.00036330323102318207,0.0008968470761896284,0.0
2025-09-29 11:21:27+00:00,-0.001960968203515989,0.0008945216106224907,0.0
2025-09-29 11:21:28+00:00,-0.00014764413944079458,0.0008943892694283954,0.0
2025-09-29 11:21:29+00:00,0.0006659961650334889,0.0008858218824370314,0.0
2025-09-29 11:21:30+00:00,0.0007759768940953649,0.0008921945089623132,0.0
2025-09-29 11:21:31+00:00,-0.0008598781228332797,0.0008979214232208652,0.0
2025-09-29 11:21:32+00:00,-0.00015046134923701882,0.0008939998303091063,0.0
2025-09-29 11:21:33+00:00,-8.54275138023608e-05,0.0008709360166768379,0.0
2025-09-29 11:21:34+00:00,0.0008719017914728955,0.0008564301724044782,0.0
2025-09-29 11:21:35+00:00,-0.0006630222423487098,0.0008597715420172835,0.0
2025-09-29 11:21:36+00:00,-0.0004408554053696445,0.0008536676220022463,0.0
2025-09-29 11:21:37+00:00,0.00016868159793026472,0.0008520897625543488,0.0
2025-09-29 11:21:38+00:00,-0.0007217625456569232,0.0008430819311749579,0.0
2025-09-29 11:21:39+00:00,8.995241195686177e-05,0.0008250022858252815,0.0
2025-09-29 11:21:40+00:00,-0.000900797856899227,0.0008301792389327309,0.0
2025-09-29 11:21:41+00:00,0.001515915642995802,0.0008493943134819951,0.0
2025-09-29 11:21:42+00:00,0.0010293212904675109,0.0008615640709269538,0.0
2025-09-29 11:21:43+00:00,1.630295531529491e-05,0.0008595537961321716,0.0
2025-09-29 11:21:44+00:00,0.0007480634717786927,0.0008642895923917102,0.0
2025-09-29 11:21:45+00:00,-0.00012827881214483305,0.0008609207474864666,0.0
2025-09-29 11:21:46+00:00,-0.0015397095506773928,0.0008789485401441283,0.0
2025-09-29 11:21:47+00:00,-0.00019058182144371383,0.0008422080814643855,0.0
2025-09-29 11:21:48+00:00,-0.00022623041637348518,0.0008409110644605862,0.0
2025-09-29 11:21:49+00:00,-0.0005102500144111843,0.0008390855377803447,0.0
2025-09-29 11:21:50+00:00,0.0009922579197039205,0.0008492174433300363,0.0
2025-09-29 11:21:51+00:00,0.0004771522033981679,0.0008388071780469909,0.0
2025-09-29 11:21:52+00:00,0.0007253389119408205,0.0008400031629509356,0.0
2025-09-29 11:21:53+00:00,-0.001576314638870202,0.0008407388744154626,0.0
2025-09-29 11:21:54+00:00,0.0011990016514660251,0.0008513690751708224,0.0
2025-09-29 11:21:55+00:00,0.0002766240487515059,0.0008499556758805726,0.0
2025-09-29 11:21:56+00:00,0.0009067310920112259,0.0008557521643923079,0.0
2025-09-29 11:21:57+00:00,-0.0004366467247857164,0.0008573136513158029,0.0
2025-09-29 11:21:58+00:00,0.00012281890785237337,0.000833601544138912,0.0
2025-09-29 11:21:59+00:00,-0.0010642740818896934,0.000842104717041737,0.0
2025-09-29 11:22:00+00:00,-0.001065133167785226,0.0008488823938444296,0.0
2025-09-29 11:22:01+00:00,-0.0010293343489008455,0.00085718849496053,0.0
2025-09-29 11:22:02+00:00,0.0004128514700569852,0.0008595016333170699,0.0
2025-09-29 11:22:03+00:00,0.00012824960434398847,0.0008573086014250956,0.0
2025-09-29 11:22:04+00:00,-0.0012233300944205494,0.0008676121995761489,0.0
2025-09-29 11:22:05+00:00,0.0007024645454956069,0.0008728636412406788,0.0
2025-09-29 11:22:06+00:00,-1.626851841340926e-05,0.0008728673391113876,0.0
2025-09-29 11:22:07+00:00,0.00033838708966071884,0.0008742267946887441,0.0
2025-09-29 11:22:08+00:00,0.00016532655922851802,0.0008746955065638616,0.0
2025-09-29 11:22:09+00:00,4.621891041955983e-05,0.0008542301462660932,0.0
2025-09-29 11:22:10+00:00,0.0008690715886012779,0.0008177003497358033,0.0
2025-09-29 11:22:11+00:00,0.00043298138749081616,0.0008184234492651431,0.0
2025-09-29 11:22:12+00:00,0.0001656967793239872,0.0008187388540389113,0.0
2025-09-29 11:22:13+00:00,-0.0005976978537317601,0.0008208972013739866,0.0
2025-09-29 11:22:14+00:00,0.00011593160902712007,0.0008204438430828988,0.0
2025-09-29 11:22:15+00:00,-0.000978449887227062,0.0008281697583279956,0.0
2025-09-29 11:22:16+00:00,7.010799465412276e-07,0.0008229253125691567,0.0
2025-09-29 11:22:17+00:00,0.00048674540518267584,0.0008181181064685615,0.0
2025-09-29 11:22:18+00:00,-0.00040728161031022836,0.0008057170518171607,0.0
2025-09-29 11:22:19+00:00,0.0008801474774418061,0.0007443445283353166,0.0
2025-09-29 11:22:20+00:00,-0.0003687299130185062,0.0007308568161587153,0.0
2025-09-29 11:22:21+00:00,-0.00017352241352308617,0.0007297430369410377,0.0
2025-09-29 11:22:22+00:00,-0.0007638974676107413,0.0007343061309122838,0.0
2025-09-29 11:22:23+00:00,-0.00018959858154832254,0.0007340807094410292,0.0
2025-09-29 11:22:24+00:00,-0.00015216151540842215,0.0007337387950961272,0.0
2025-09-29 11:22:25+00:00,-0.00010897725803971081,0.0007331046039798248,0.0
2025-09-29 11:22:26+00:00,0.0007536410377659841,0.0007394749512641014,0.0
2025-09-29 11:22:27+00:00,0.00025467104788234884,0.0006961396642065099,0.0
2025-09-29 11:22:28+00:00,-1.360557024820963e-06,0.0006958925695510155,0.0
2025-09-29 11:22:29+00:00,0.001784038819178102,0.0007283472555830752,0.0
2025-09-29 11:22:30+00:00,0.00022687359989603806,0.0007220423092416932,0.0
2025-09-29 11:22:31+00:00,0.00023193510399699413,0.0007135700094034389,0.0
2025-09-29 11:22:32+00:00,-0.0010730066776828417,0.0007271969382437763,0.0
2025-09-29 11:22:33+00:00,0.0004918157742952456,0.0007297487255901011,0.0
2025-09-29 11:22:34+00:00,-0.0025359017172129628,0.0007921137894061825,0.0
2025-09-29 11:22:35+00:00,0.0009471989019045335,0.0007978627088263911,0.0
2025-09-29 11:22:36+00:00,0.0007568954389347571,0.0008019232421743967,0.0
2025-09-29 11:22:37+00:00,-9.236284322922117e-05,0.0008017448672329333,0.0
2025-09-29 11:22:38+00:00,-0.0006837556306761305,0.0008011768205965072,0.0
2025-09-29 11:22:39+00:00,0.0006794996333763237,0.000805846743195082,0.0
2025-09-29 11:22:40+00:00,0.0021653226459130703,0.0008431969165594754,0.0
2025-09-29 11:22:41+00:00,-0.0005757867521367643,0.0008252511533440073,0.0
2025-09-29 11:22:42+00:00,-0.00010834168306239622,0.0008149146306443211,0.0
2025-09-29 11:22:43+00:00,-6.819629996801524e-05,0.0008149790196646998,0.0
2025-09-29 11:22:44+00:00,0.00014793804293611323,0.0008094309521106986,0.0
2025-09-29 11:22:45+00:00,0.0013954143048875434,0.0008290039400666419,0.0
2025-09-29 11:22:46+00:00,0.0008327773589078546,0.0008094377086162735,0.0
2025-09-29 11:22:47+00:00,0.0006664849708382103,0.0008124093452509083,0.0
2025-09-29 11:22:48+00:00,-0.0003386376378711198,0.0008132548035121268,0.0
2025-09-29 11:22:49+00:00,-4.937771416257952e-05,0.000809780057963942,0.0
2025-09-29 11:22:50+00:00,0.0005847207631204387,0.000803727842748029,0.0
2025-09-29 11:22:51+00:00,-0.00041194349146900233,0.0008044439113194776,0.0
2025-09-29 11:22:52+00:00,-0.0003711203122226392,0.0008016010080480393,0.0
2025-09-29 11:22:53+00:00,-0.001152086717193801,0.0007888259084352112,0.0
2025-09-29 11:22:54+00:00,0.0015523926217622108,0.0007987901341556048,0.0
2025-09-29 11:22:55+00:00,-0.0002477013350508095,0.0007992267878149266,0.0
2025-09-29 11:22:56+00:00,-0.0003129226437763588,0.0007925328743434155,0.0
2025-09-29 11:22:57+00:00,-0.0006173708879141371,0.000794673215353898,0.0
2025-09-29 11:22:58+00:00,0.00010491822407798779,0.0007946396143494398,0.0
2025-09-29 11:22:59+00:00,0.0009730860901666638,0.0007907938305323444,0.0
2025-09-29 11:23:00+00:00,2.8030404793488728e-05,0.0007769109004133961,0.0
2025-09-29 11:23:01+00:00,0.0005710412929471609,0.0007656437751786934,0.0
2025-09-29 11:23:02+00:00,0.0012286904921650077,0.000778350530272262,0.0
2025-09-29 11:23:03+00:00,-7.535517878498599e-05,0.0007787495213239993,0.0
2025-09-29 11:23:04+00:00,-0.00044099528481977845,0.0007623421537657444,0.0
2025-09-29 11:23:05+00:00,0.0008272137370173294,0.0007641040818482709,0.0
2025-09-29 11:23:06+00:00,-0.0007420122439610877,0.0007721586619695463,0.0
2025-09-29 11:23:07+00:00,0.0006098666218641302,0.000774265756415518,0.0
2025-09-29 11:23:08+00:00,-0.0008253911934390512,0.0007838377247285685,0.0
2025-09-29 11:23:09+00:00,0.000987710224165328,0.0007920059802121115,0.0
2025-09-29 11:23:10+00:00,0.00017637042352025567,0.0007859494289872704,0.0
2025-09-29 11:23:11+00:00,-0.0002700505199840775,0.0007862923384089212,0.0
2025-09-29 11:23:12+00:00,0.0007490075397016405,0.0007907341803245504,0.0
2025-09-29 11:23:13+00:00,0.0005219290202573834,0.0007870015597400849,0.0
2025-09-29 11:23:14+00:00,-0.0022937612546324315,0.0008467708449756185,0.0
2025-09-29 11:23:15+00:00,0.0003283220318435198,0.0008356491386227207,0.0
2025-09-29 11:23:16+00:00,0.001053800013960604,0.0008443663385088162,0.0
2025-09-29 11:23:17+00:00,0.0005550135309451143,0.0008449068128216493,0.0
2025-09-29 11:23:18+00:00,-0.0002560931890461804,0.0008435109314593155,0.0
2025-09-29 11:23:19+00:00,0.0007791433274129123,0.0008420869282613686,0.0
2025-09-29 11:23:20+00:00,0.00012337303843712455,0.0008395620166724317,0.0
2025-09-29 11:23:21+00:00,-6.070752888454045e-05,0.0008389832993452886,0.0
2025-09-29 11:23:22+00:00,-0.0006327703087466441,0.0008367624193205728,0.0
2025-09-29 11:23:23+00:00,0.002582061369646338,0.0008928812116084679,0.0
2025-09-29 11:23:24+00:00,-0.0003611834172592143,0.0008946298719088389,0.0
2025-09-29 11:23:25+00:00,-0.0008119497007409437,0.000903078140939172,0.0
2025-09-29 11:23:26+00:00,0.00018401706993276257,0.0008998377313599792,0.0
2025-09-29 11:23:27+00:00,0.0013154462787061671,0.0009120369745635103,0.0
2025-09-29 11:23:28+00:00,-0.0008148190536498845,0.0009207708994418907,0.0
2025-09-29 11:23:29+00:00,0.00033082327462419236,0.0008962654557056583,0.0
2025-09-29 11:23:30+00:00,-2.957437399508933e-05,0.0008964625183488504,0.0
2025-09-29 11:23:31+00:00,0.0001668134346417549,0.0008963852357997778,0.0
2025-09-29 11:23:32+00:00,-0.001137335227137215,0.000897893088909345,0.0
2025-09-29 11:23:33+00:00,-0.00022413502915652472,0.0008978280438867783,0.0
2025-09-29 11:23:34+00:00,0.0009261566900458096,0.0008329519667283838,0.0
2025-09-29 11:23:35+00:00,0.0006628228636160749,0.0008293180706795285,0.0
2025-09-29 11:23:36+00:00,-0.003101367325333504,0.0009273080115876787,0.0
2025-09-29 11:23:37+00:00,-0.0013824896043320711,0.0009468715360962633,0.0
2025-09-29 11:23:38+00:00,-0.0006628670883214172,0.0009465859386516368,0.0
2025-09-29 11:23:39+00:00,-0.0006761290436588796,0.0009484672446850908,0.0
2025-09-29 11:23:40+00:00,-0.0004073739259563558,0.0009093914032211259,0.0
2025-09-29 11:23:41+00:00,-0.0001599524289500609,0.0009063137730918282,0.0
2025-09-29 11:23:42+00:00,0.00031831043712271523,0.0009068673883334538,0.0
2025-09-29 11:23:43+00:00,0.00011665690682649554,0.0009068105750887127,0.0
2025-09-29 11:23:44+00:00,-0.0009435951070750903,0.0009155604539747473,0.0
2025-09-29 11:23:45+00:00,-0.0014795468629379416,0.0009178000038491445,0.0
2025-09-29 11:23:46+00:00,0.001536148774691437,0.0009332888404561287,0.0
2025-09-29 11:23:47+00:00,0.00022204940838754794,0.0009295675045151379,0.0
2025-09-29 11:23:48+00:00,0.0015210153471652,0.00094953725827424,0.0
2025-09-29 11:23:49+00:00,0.0006111894547213836,0.0009526448360227199,1.0
2025-09-29 11:23:50+00:00,-0.0002516376583255875,0.0009503939907201329,0.0
2025-09-29 11:23:51+00:00,-0.0007332345973425358,0.00095370236424926,1.0
2025-09-29 11:23:52+00:00,-5.282102535797417e-05,0.0009524697731538723,1.0
2025-09-29 11:23:53+00:00,-0.0017966159263103076,0.000969266697779144,1.0
2025-09-29 11:23:54+00:00,-0.0008915587709434902,0.0009540576506267532,1.0
2025-09-29 11:23:55+00:00,0.0017641444872422696,0.000981696020086121,1.0
2025-09-29 11:23:56+00:00,0.0017436565143227334,0.0010065120883207587,1.0
2025-09-29 11:23:57+00:00,0.00022235761563016432,0.0010032647877863652,1.0
2025-09-29 11:23:58+00:00,-6.641904125725961e-05,0.0010033171404808102,1.0
2025-09-29 11:23:59+00:00,-0.0014601822264350695,0.001013914872693985,1.0
2025-09-29 11:24:00+00:00,0.0001701994674880858,0.0010141586227596624,1.0
2025-09-29 11:24:01+00:00,0.0008630033234924284,0.0010176505014082627,1.0
2025-09-29 11:24:02+00:00,-2.6622489068373056e-05,0.0010048391978744887,1.0
2025-09-29 11:24:03+00:00,0.0003427075729649509,0.0010058859999772702,1.0
2025-09-29 11:24:04+00:00,-9.857706362403906e-05,0.0010043773786515778,1.0
2025-09-29 11:24:05+00:00,1.2924655634627413e-05,0.000998416382279003,1.0
2025-09-29 11:24:06+00:00,-0.0017047508571098602,0.0010177775877102345,1.0
2025-09-29 11:24:07+00:00,-0.00023178444191407355,0.0010145300711282045,1.0
2025-09-29 11:24:08+00:00,0.0005379104609894991,0.0010121175340590612,1.0
2025-09-29 11:24:09+00:00,-0.0011550969566760383,0.0010135252257861475,1.0
2025-09-29 11:24:10+00:00,0.0008955089233746438,0.0010206227387552262,1.0
2025-09-29 11:24:11+00:00,4.9580033833596104e-05,0.0010202904532546405,1.0
2025-09-29 11:24:12+00:00,-0.001104666012575528,0.0010238992445097974,1.0
2025-09-29 11:24:13+00:00,0.0006896006083212392,0.0010257855608097539,1.0
2025-09-29 11:24:14+00:00,-0.0002612796136542972,0.0009839136077413773,1.0
2025-09-29 11:24:15+00:00,0.0008708064163616136,0.0009898229128346742,1.0
2025-09-29 11:24:16+00:00,0.00021008876217853967,0.0009801080211456162,1.0
2025-09-29 11:24:17+00:00,-0.0014898150162649948,0.0009943658228327682,1.0
2025-09-29 11:24:18+00:00,-0.0011153618741785998,0.0010031189390502186,1.0
2025-09-29 11:24:19+00:00,0.0001705575681663074,0.0009972140576611143,1.0
2025-09-29 11:24:20+00:00,0.0014641998216751162,0.0010171913044584634,1.0
2025-09-29 11:24:21+00:00,-0.0006376412624787831,0.0010197254965795838,1.0
2025-09-29 11:24:22+00:00,-0.00016056296418942573,0.0010172850717794434,1.0
2025-09-29 11:24:23+00:00,0.0016131956794120939,0.000981332175448621,1.0
2025-09-29 11:24:24+00:00,0.00013764617399081303,0.0009811804610076133,1.0
2025-09-29 11:24:25+00:00,0.0010948008892561756,0.0009882543401746944,1.0
2025-09-29 11:24:26+00:00,-0.0010496639859300938,0.000995932888419749,1.0
2025-09-29 11:24:27+00:00,-0.0010571605150654362,0.0009866959860591726,1.0
2025-09-29 11:24:28+00:00,-0.0002356683082843647,0.000982591259788832,1.0
2025-09-29 11:24:29+00:00,-0.0002406778087338246,0.0009810273910662794,1.0
2025-09-29 11:24:30+00:00,-0.0002000522846670183,0.0009810132262826727,1.0
2025-09-29 11:24:31+00:00,-0.000484292439832279,0.000981376178510327,1.0
2025-09-29 11:24:32+00:00,-0.0005540785233363321,0.00097410986757713,1.0
2025-09-29 11:24:33+00:00,0.0011396381351107543,0.0009875091746923538,1.0
2025-09-29 11:24:34+00:00,0.00038675317694303324,0.000980444114326615,1.0
2025-09-29 11:24:35+00:00,0.0005484424935233712,0.0009790292704826861,1.0
2025-09-29 11:24:36+00:00,-0.000567834739626627,0.0008992226571365941,0.0
2025-09-29 11:24:37+00:00,0.001354529043791075,0.0009008373165231494,0.0
2025-09-29 11:24:38+00:00,-0.0017111064109247565,0.0009233503484606744,0.0
2025-09-29 11:24:39+00:00,-0.0006279907479724844,0.0009228089712186171,0.0
2025-09-29 11:24:40+00:00,-0.00033029784600613343,0.0009223412472781365,0.0
2025-09-29 11:24:41+00:00,-0.0003718016286751169,0.0009232215363991253,0.0
2025-09-29 11:24:42+00:00,-0.00022881667341423384,0.0009223098535588251,0.0
2025-09-29 11:24:43+00:00,0.0005736584202375994,0.0009255951168289148,0.0
2025-09-29 11:24:44+00:00,0.0007178300770760426,0.0009230417261818269,0.0
2025-09-29 11:24:45+00:00,-0.00031759858460589374,0.000903787171546924,0.0
2025-09-29 11:24:46+00:00,-0.00017941570740254154,0.0008813571703865729,0.0
2025-09-29 11:24:47+00:00,-0.00027661743094020697,0.0008813444827240539,0.0
2025-09-29 11:24:48+00:00,0.0008107176146667783,0.0008647341315528209,0.0
2025-09-29 11:24:49+00:00,-0.0007667973729097444,0.0008653205663527443,0.0
2025-09-29 11:24:50+00:00,-0.0017690564496493089,0.0008925378837189262,0.0
2025-09-29 11:24:51+00:00,-0.0003258975528322994,0.0008891270536843567,0.0
2025-09-29 11:24:52+00:00,0.0011427606865299644,0.0009031710690869877,0.0
2025-09-29 11:24:53+00:00,0.0009604323509941892,0.0008835597209160806,0.0
2025-09-29 11:24:54+00:00,-0.00036248033178054584,0.0008773342174269045,0.0
2025-09-29 11:24:55+00:00,0.001116003197349169,0.0008588987526116136,0.0
2025-09-29 11:24:56+00:00,-0.0002181685554755175,0.0008272972117314946,0.0
2025-09-29 11:24:57+00:00,-0.0023191395723792807,0.0008764645148329859,0.0
2025-09-29 11:24:58+00:00,0.0010249388550263028,0.000888358590347284,0.0
2025-09-29 11:24:59+00:00,-0.0011817801834466124,0.0008817247110384773,0.0
2025-09-29 11:25:00+00:00,0.0004312697154105205,0.0008835944265075562,0.0
2025-09-29 11:25:01+00:00,-0.0010443579177243922,0.0008837675333954847,0.0
2025-09-29 11:25:02+00:00,0.0016155101082344636,0.0009111396198891825,0.0
2025-09-29 11:25:03+00:00,-0.00040073955077768453,0.0009104250257146612,0.0
2025-09-29 11:25:04+00:00,-0.0015508697795764137,0.000929840324600126,0.0
2025-09-29 11:25:05+00:00,-0.0014530482988905913,0.0009456528625509563,0.0
2025-09-29 11:25:06+00:00,-0.0008117482693542621,0.0009273871908038773,0.0
2025-09-29 11:25:07+00:00,-0.00042234983927436076,0.0009281004161508624,0.0
2025-09-29 11:25:08+00:00,0.0004998919507825939,0.0009276538655166824,0.0
2025-09-29 11:25:09+00:00,0.0005455507671374704,0.000921589851529935,0.0
2025-09-29 11:25:10+00:00,-0.0001372771610586021,0.000912354101208899,0.0
2025-09-29 11:25:11+00:00,0.0005319839730679732,0.0009159323175539389,0.0
2025-09-29 11:25:12+00:00,-0.0009807016655377643,0.0009137770098714341,0.0
2025-09-29 11:25:13+00:00,-0.0014096906339581272,0.0009230503754073828,0.0
2025-09-29 11:25:14+00:00,0.000968285257313406,0.0009338566427542577,0.0
2025-09-29 11:25:15+00:00,-0.0010875650077660781,0.0009329453935439692,0.0
2025-09-29 11:25:16+00:00,-0.0020240175004132555,0.0009624340810619965,1.0
2025-09-29 11:25:17+00:00,-0.0018144991833625168,0.0009707570769675752,1.0
2025-09-29 11:25:18+00:00,-0.0006266492337237972,0.0009649192427198148,1.0
2025-09-29 11:25:19+00:00,0.001779184470188211,0.0009967828659577366,1.0
2025-09-29 11:25:20+00:00,-0.0002972217598520288,0.0009738711584880637,1.0
2025-09-29 11:25:21+00:00,-2.106318773509308e-06,0.0009723458092054942,1.0
2025-09-29 11:25:22+00:00,-0.0006603913704550379,0.000974343582171748,1.0
2025-09-29 11:25:23+00:00,0.0013963775193159833,0.0009679420373858568,1.0
2025-09-29 11:25:24+00:00,-0.0009288229822211891,0.0009716321161500201,1.0
2025-09-29 11:25:25+00:00,0.00029572536156274865,0.0009588859739568059,1.0
2025-09-29 11:25:26+00:00,0.00026469170172616074,0.0009546104406338458,1.0
2025-09-29 11:25:27+00:00,2.9414726923970846e-05,0.0009483194106401428,0.0
2025-09-29 11:25:28+00:00,-0.0008395037942372507,0.0009521188032934713,1.0
2025-09-29 11:25:29+00:00,-0.0013229275154895692,0.0009632836796033447,1.0
2025-09-29 11:25:30+00:00,0.0016183039419470635,0.0009917188554291795,1.0
2025-09-29 11:25:31+00:00,0.0006739397579398343,0.0009969067691336913,1.0
2025-09-29 11:25:32+00:00,-0.00014756697010154252,0.0009955517787640566,1.0
2025-09-29 11:25:33+00:00,0.0003424762631583089,0.0009832722429236917,1.0
2025-09-29 11:25:34+00:00,0.0016896406349531379,0.0010096910846903895,1.0
2025-09-29 11:25:35+00:00,-0.0007531838346069852,0.0010085637862365952,1.0
2025-09-29 11:25:36+00:00,4.528564859551665e-05,0.0010075163742056215,1.0
2025-09-29 11:25:37+00:00,-0.0008934166105536434,0.0009921265353119828,1.0
2025-09-29 11:25:38+00:00,-0.00034582180280984254,0.0009721510165231746,1.0
2025-09-29 11:25:39+00:00,-0.0005331961243033589,0.000971469679027369,1.0
2025-09-29 11:25:40+00:00,0.0007926143833083543,0.0009790706817904588,1.0
2025-09-29 11:25:41+00:00,0.000993128689904088,0.0009896061088236511,1.0
2025-09-29 11:25:42+00:00,0.000238471324192302,0.0009906233178344941,1.0
2025-09-29 11:25:43+00:00,0.0012519170327294216,0.0010024542167869654,1.0
2025-09-29 11:25:44+00:00,0.0009692897980253523,0.0010064792094861418,1.0
2025-09-29 11:25:45+00:00,-0.0010947459204161403,0.0010142589128909868,1.0
2025-09-29 11:25:46+00:00,-0.0012253681742802058,0.001024307954426722,1.0
2025-09-29 11:25:47+00:00,0.0012530656429523557,0.001039603649716088,1.0
2025-09-29 11:25:48+00:00,0.00023094710769377969,0.0010335982788127404,1.0
2025-09-29 11:25:49+00:00,0.0006818246275228645,0.0010350923704809962,1.0
2025-09-29 11:25:50+00:00,0.002743859249505931,0.0010744800762109079,1.0
2025-09-29 11:25:51+00:00,8.892392799153548e-05,0.0010738006284624366,1.0
2025-09-29 11:25:52+00:00,-0.0002983319669515039,0.0010636198784122947,1.0
2025-09-29 11:25:53+00:00,0.0004217473661556337,0.0010573277722549842,1.0
2025-09-29 11:25:54+00:00,0.000949799899121917,0.001064183250859605,1.0
2025-09-29 11:25:55+00:00,-0.0012465283325977516,0.0010650567007547784,1.0
2025-09-29 11:25:56+00:00,0.0015673895757426504,0.0010853634399285318,1.0
2025-09-29 11:25:57+00:00,0.00032761076783938137,0.001043821252791155,1.0
2025-09-29 11:25:58+00:00,0.0006695408400816394,0.0010389737246156265,1.0
2025-09-29 11:25:59+00:00,0.002156754727336452,0.0010633828766138957,1.0
2025-09-29 11:26:00+00:00,0.00028107566373769544,0.0010626750881863206,1.0
2025-09-29 11:26:01+00:00,0.0005420502346309419,0.00105445202513805,1.0
2025-09-29 11:26:02+00:00,-0.0006706576609319947,0.0010394374281004434,1.0
2025-09-29 11:26:03+00:00,0.0013709708928053566,0.0010515768837288325,1.0
2025-09-29 11:26:04+00:00,0.001766556239125583,0.0010517358148135183,1.0
2025-09-29 11:26:05+00:00,0.0013483952027797397,0.0010422945079032013,1.0
2025-09-29 11:26:06+00:00,0.0008959024590713405,0.0010380829207873683,1.0
2025-09-29 11:26:07+00:00,-0.0004332209771501505,0.0010381956895377002,1.0
2025-09-29 11:26:08+00:00,-0.001113787748500683,0.001051310978353412,1.0
2025-09-29 11:26:09+00:00,0.0007716509519124504,0.0010530451047508994,1.0
2025-09-29 11:26:10+00:00,0.0004661361817768217,0.0010528026723395916,1.0
2025-09-29 11:26:11+00:00,-0.0008038158065342138,0.0010596449035716919,1.0
2025-09-29 11:26:12+00:00,0.000972181327336008,0.0010536088023161765,1.0
2025-09-29 11:26:13+00:00,-0.0002415048066543024,0.0010338794204861725,1.0
2025-09-29 11:26:14+00:00,0.000529647637974362,0.0010300723703855887,1.0
2025-09-29 11:26:15+00:00,-0.0003840269268081675,0.0010189158938547032,1.0
2025-09-29 11:26:16+00:00,0.0014500309769003294,0.0009869464917478268,1.0
2025-09-29 11:26:17+00:00,0.0005128570002341792,0.0009479376608850947,0.0
2025-09-29 11:26:18+00:00,0.0017539621664499627,0.0009571947734637164,1.0
2025-09-29 11:26:19+00:00,-0.0005026387863759085,0.0009453093437206665,0.0
2025-09-29 11:26:20+00:00,0.00203374079501617,0.00096687588906857,1.0
2025-09-29 11:26:21+00:00,0.0006318487069414402,0.0009662513082871794,1.0
2025-09-29 11:26:22+00:00,0.00022683178774829393,0.00095685996441192,1.0
2025-09-29 11:26:23+00:00,-0.000598647573963329,0.0009559985550480782,1.0
2025-09-29 11:26:24+00:00,0.0009004185467371695,0.0009433536897703592,0.0
2025-09-29 11:26:25+00:00,-0.0004900953015660736,0.0009500924920106321,0.0
2025-09-29 11:26:26+00:00,-0.0006641256121008299,0.0009594454359551121,1.0
2025-09-29 11:26:27+00:00,-0.0010948530450617389,0.0009768277765449627,1.0
2025-09-29 11:26:28+00:00,0.00041141038774461514,0.0009644751689681518,1.0
2025-09-29 11:26:29+00:00,0.0003622658751525343,0.0009387746125801894,0.0
2025-09-29 11:26:30+00:00,-0.00045697846182157775,0.0009309495481407118,0.0
2025-09-29 11:26:31+00:00,0.0006847583293203563,0.0009310133363735899,0.0
2025-09-29 11:26:32+00:00,0.0012791214112175542,0.0009361499576605622,0.0
2025-09-29 11:26:33+00:00,-0.0006273430649301748,0.0009451269153765007,0.0
2025-09-29 11:26:34+00:00,0.00025434444618666063,0.0009290113815771616,0.0
2025-09-29 11:26:35+00:00,-0.0007036265324320556,0.0009280451827187387,0.0
2025-09-29 11:26:36+00:00,-1.1466239326018979e-05,0.0009283796042437332,0.0
2025-09-29 11:26:37+00:00,-0.0015780152023929794,0.0009477888616615302,0.0
2025-09-29 11:26:38+00:00,0.0004429642255996402,0.0009437496911560471,0.0
2025-09-29 11:26:39+00:00,0.0006731512459376976,0.0009376428840503348,0.0
2025-09-29 11:26:40+00:00,-0.0014413991222554934,0.0009641928357331547,1.0
2025-09-29 11:26:41+00:00,-0.000740231056296281,0.0009697486573640808,1.0
2025-09-29 11:26:42+00:00,-0.0018719972192309253,0.0010092976206026068,1.0
2025-09-29 11:26:43+00:00,-0.0010402481275185727,0.0010144714553108167,1.0
2025-09-29 11:26:44+00:00,-0.0010877191174206713,0.0010234892823189946,1.0
2025-09-29 11:26:45+00:00,-0.0011391598947709802,0.0010244477738509917,1.0
2025-09-29 11:26:46+00:00,-0.0012455608755143066,0.0010249226483700288,1.0
2025-09-29 11:26:47+00:00,-0.00042923170854203274,0.0010182293278922362,1.0
2025-09-29 11:26:48+00:00,-0.0014240865178053452,0.00103843911778181,1.0
2025-09-29 11:26:49+00:00,-6.306340411410538e-05,0.0010361864825154444,1.0
2025-09-29 11:26:50+00:00,-0.0010723022558594142,0.0009882953320895793,1.0
2025-09-29 11:26:51+00:00,0.0015943324705582906,0.0010080951289195702,1.0
2025-09-29 11:26:52+00:00,0.0007079392042173005,0.0010100699214349597,1.0
2025-09-29 11:26:53+00:00,-0.002066432361395365,0.0010468904586117098,1.0
2025-09-29 11:26:54+00:00,0.0004184042922539266,0.0010414247215763766,1.0
2025-09-29 11:26:55+00:00,-2.9880299357354367e-05,0.001027583633658301,1.0
2025-09-29 11:26:56+00:00,0.0008328097892031927,0.0010136779514472376,1.0
2025-09-29 11:26:57+00:00,-0.0014456318437187088,0.0010312644244088124,1.0
2025-09-29 11:26:58+00:00,-0.0008611016510503555,0.0010339659776340236,1.0
2025-09-29 11:26:59+00:00,-0.0017692142849961012,0.0010192203570732476,1.0
2025-09-29 11:27:00+00:00,-0.00031738673043690824,0.0010186900675696754,1.0
2025-09-29 11:27:01+00:00,-0.0008584157379383228,0.0010203221612598815,1.0
2025-09-29 11:27:02+00:00,9.230648587688073e-05,0.0010178378181584192,1.0
2025-09-29 11:27:03+00:00,-0.000932935370113186,0.001005282003384805,1.0
2025-09-29 11:27:04+00:00,-0.0006333159446539893,0.0009760456267306362,1.0
2025-09-29 11:27:05+00:00,0.00040383923344777806,0.0009586781331195621,1.0
2025-09-29 11:27:06+00:00,0.0016417349837420936,0.0009775306007020338,1.0
2025-09-29 11:27:07+00:00,-0.0003540537885708961,0.0009772209470185322,1.0
2025-09-29 11:27:08+00:00,-0.001053720355910892,0.0009762653072449038,1.0
2025-09-29 11:27:09+00:00,0.0006020877393340118,0.0009737459470573627,1.0
2025-09-29 11:27:10+00:00,0.00039500105914758166,0.0009730022390939288,1.0
2025-09-29 11:27:11+00:00,-0.0009097666774069424,0.0009742665263117596,1.0
2025-09-29 11:27:12+00:00,-0.0003196644265912596,0.0009627541293746262,1.0
2025-09-29 11:27:13+00:00,-0.0005082952290149656,0.0009635942233639995,1.0
2025-09-29 11:27:14+00:00,-0.0001435460590817339,0.0009588836548830036,1.0
2025-09-29 11:27:15+00:00,2.9659705780504808e-05,0.000959094001070456,1.0
2025-09-29 11:27:16+00:00,0.0008135151992654244,0.0009439053888805273,0.0
2025-09-29 11:27:17+00:00,-0.0013416753793716873,0.0009500738659783906,0.0
2025-09-29 11:27:18+00:00,0.00035373966335905394,0.0009167784351986146,0.0
2025-09-29 11:27:19+00:00,-0.0013177845948955103,0.0009263143717962988,0.0
2025-09-29 11:27:20+00:00,0.0006945450410515974,0.0008847996834876094,0.0
2025-09-29 11:27:21+00:00,6.480526983532187e-05,0.0008776416457436176,0.0
2025-09-29 11:27:22+00:00,0.0001342390003900018,0.0008767578046495377,0.0
2025-09-29 11:27:23+00:00,0.0006206512512423323,0.0008841538549280003,0.0
2025-09-29 11:27:24+00:00,0.0008523659198478306,0.0008830747606959787,0.0
2025-09-29 11:27:25+00:00,0.0016891952095106078,0.0009189909357120501,0.0
2025-09-29 11:27:26+00:00,0.0013643242174214976,0.0009408635613857336,0.0
2025-09-29 11:27:27+00:00,-0.0011816522838922205,0.0009422899591604396,0.0
2025-09-29 11:27:28+00:00,0.001085205887543239,0.0009539586567425367,1.0
2025-09-29 11:27:29+00:00,-0.0006992116211070876,0.0009529170582193547,1.0
2025-09-29 11:27:30+00:00,-0.0013361074375565218,0.0009631309335911592,1.0
2025-09-29 11:27:31+00:00,-0.0002102693822246815,0.0009553521889106714,1.0
2025-09-29 11:27:32+00:00,-1.1427189183788045e-07,0.0009344190834485037,0.0
2025-09-29 11:27:33+00:00,0.0018804403336376563,0.0009740213087423865,1.0
2025-09-29 11:27:34+00:00,0.0003163087178248425,0.0009745887593471215,1.0
2025-09-29 11:27:35+00:00,-0.0018899432904312397,0.0009959418199127804,1.0
2025-09-29 11:27:36+00:00,-0.00043339179484314094,0.0009956442361563577,1.0
2025-09-29 11:27:37+00:00,0.0003457935521418154,0.0009836259678314078,1.0
2025-09-29 11:27:38+00:00,-0.0006651691324166542,0.0009810744650812263,1.0
2025-09-29 11:27:39+00:00,0.0008743393067558447,0.00098463362820161,1.0
2025-09-29 11:27:40+00:00,-0.0020492328865635567,0.0010001001662569805,1.0
2025-09-29 11:27:41+00:00,0.0008394490469929572,0.0010080202389016056,1.0
2025-09-29 11:27:42+00:00,9.524605302013711e-06,0.000985215663167143,1.0
2025-09-29 11:27:43+00:00,0.0006911506405447021,0.0009856296545216058,1.0
2025-09-29 11:27:44+00:00,0.0001610869676438309,0.000979172490092934,1.0
2025-09-29 11:27:45+00:00,0.0015532381495679815,0.0009947914484050436,1.0
2025-09-29 11:27:46+00:00,0.0006215794659716334,0.0009877931398637866,1.0
2025-09-29 11:27:47+00:00,0.0016991996777306895,0.0010128380799787969,1.0
2025-09-29 11:27:48+00:00,-0.0008368534236231628,0.0010020334974879105,1.0
2025-09-29 11:27:49+00:00,0.0016772741284074577,0.0010260192512108477,1.0
2025-09-29 11:27:50+00:00,-0.002191680310035693,0.001055545148389853,1.0
2025-09-29 11:27:51+00:00,-6.961246620140749e-05,0.0010340086573506302,1.0
2025-09-29 11:27:52+00:00,0.0021291561483913757,0.0010673900149776243,1.0
2025-09-29 11:27:53+00:00,-0.0013980366203187877,0.0010490607072046077,1.0
2025-09-29 11:27:54+00:00,-0.000408386420950535,0.0010487078564850652,1.0
2025-09-29 11:27:55+00:00,-0.00045512219036214496,0.0010501547108877878,1.0
2025-09-29 11:27:56+00:00,-6.497001623584353e-05,0.0010439524058250187,1.0
2025-09-29 11:27:57+00:00,0.0003094577662292597,0.0010286707167532752,1.0
2025-09-29 11:27:58+00:00,-0.0004779931308390717,0.0010245489959276504,1.0
2025-09-29 11:27:59+00:00,-1.751917931380742e-05,0.0009983282887335904,1.0
2025-09-29 11:28:00+00:00,0.0017135787634288135,0.001021057255307289,1.0
2025-09-29 11:28:01+00:00,0.0020179377253721764,0.0010450053986841776,1.0
2025-09-29 11:28:02+00:00,0.0001525387899063979,0.0010450304488058288,1.0
2025-09-29 11:28:03+00:00,0.00017920051879749543,0.0010362741087938194,1.0
2025-09-29 11:28:04+00:00,-0.0008545104547392768,0.0010393731637961404,1.0
2025-09-29 11:28:05+00:00,-0.0016277904622632455,0.0010625436403454138,1.0
2025-09-29 11:28:06+00:00,3.878073134000459e-05,0.0010425299676969872,1.0
2025-09-29 11:28:07+00:00,-0.0011448408673498944,0.0010526936987227688,1.0
2025-09-29 11:28:08+00:00,0.0014257774196217987,0.0010577512492942276,1.0
2025-09-29 11:28:09+00:00,-5.0320603448561485e-06,0.0010555709524412012,1.0
2025-09-29 11:28:10+00:00,-1.3087800958655471e-05,0.001054753025859668,1.0
2025-09-29 11:28:11+00:00,-0.0005191311920598185,0.0010498423055867964,1.0
2025-09-29 11:28:12+00:00,-0.0021266796967828183,0.0010864694870436897,1.0
2025-09-29 11:28:13+00:00,0.001538735170580452,0.0011010292912299882,1.0
2025-09-29 11:28:14+00:00,-0.0004482979548083854,0.0011027481329205122,1.0
2025-09-29 11:28:15+00:00,-0.0010813255690383938,0.0011126889957904457,1.0
2025-09-29 11:28:16+00:00,0.000677719666552834,0.0011112461906703805,1.0
2025-09-29 11:28:17+00:00,-7.45262731270957e-05,0.00109633991394571,1.0
2025-09-29 11:28:18+00:00,3.4781309644849046e-05,0.0010957067490552567,1.0
2025-09-29 11:28:19+00:00,-0.0011703036804505684,0.0010927175230256013,1.0
2025-09-29 11:28:20+00:00,-0.0012320398434738644,0.0011021908656760923,1.0
2025-09-29 11:28:21+00:00,0.0002589847047935745,0.0011025691113755653,1.0
2025-09-29 11:28:22+00:00,-0.0017425867565529218,0.0011261299338425547,1.0
2025-09-29 11:28:23+00:00,0.000612531854925269,0.0011260552504442052,1.0
2025-09-29 11:28:24+00:00,0.002432367291183457,0.0011640317493017143,1.0
2025-09-29 11:28:25+00:00,-0.000653423292888422,0.0011466534871028824,1.0
2025-09-29 11:28:26+00:00,-0.00017343063745511866,0.001132575095030506,1.0
2025-09-29 11:28:27+00:00,0.00107878131826733,0.0011313113690665675,1.0
2025-09-29 11:28:28+00:00,0.0002747508162688206,0.0011229999827600545,1.0
2025-09-29 11:28:29+00:00,-0.0002056722181861259,0.0011196595211100556,1.0
2025-09-29 11:28:30+00:00,-0.00031208166722240804,0.0011066858235495183,1.0
2025-09-29 11:28:31+00:00,0.0002832509767118907,0.0011068056524049365,1.0
2025-09-29 11:28:32+00:00,0.0008309538640551839,0.0011116787086110926,1.0
2025-09-29 11:28:33+00:00,-0.0004853905637843825,0.0010869241919094972,1.0
2025-09-29 11:28:34+00:00,-0.0003318795511246808,0.0010869398920160206,1.0
2025-09-29 11:28:35+00:00,-0.0011356036726667407,0.0010690613588935245,1.0
2025-09-29 11:28:36+00:00,0.0012562867715928405,0.0010796288721158726,1.0
2025-09-29 11:28:37+00:00,-0.00043630202489519654,0.0010804614613269435,1.0
2025-09-29 11:28:38+00:00,0.00035395076187683117,0.0010775773038240678,1.0
2025-09-29 11:28:39+00:00,0.000982154837389837,0.0010790928109055305,1.0
2025-09-29 11:28:40+00:00,-0.0004971696522516611,0.0010463944544606752,1.0
2025-09-29 11:28:41+00:00,0.0005210984817884956,0.0010431810625303036,1.0
2025-09-29 11:28:42+00:00,0.0010067390107282304,0.0010503568898827882,1.0
2025-09-29 11:28:43+00:00,-0.0025350287021330686,0.0010995507284735204,1.0
2025-09-29 11:28:44+00:00,-0.00018152382340330675,0.001099686041131951,1.0
2025-09-29 11:28:45+00:00,-0.0011231583537145706,0.0010903737514242698,1.0
2025-09-29 11:28:46+00:00,0.0011167062024435292,0.001097256290197847,1.0
2025-09-29 11:28:47+00:00,5.040792814048345e-06,0.0010737117750249346,1.0
2025-09-29 11:28:48+00:00,-0.0001552728311581264,0.001068862417532266,1.0
2025-09-29 11:28:49+00:00,0.000399108206118326,0.00104654687102335,1.0
2025-09-29 11:28:50+00:00,0.0014368317376305395,0.0010260320814175633,1.0
2025-09-29 11:28:51+00:00,0.0005276493211867628,0.0010282550048151353,1.0
2025-09-29 11:28:52+00:00,-7.365911102397149e-06,0.0009898463395781275,1.0
2025-09-29 11:28:53+00:00,0.0006812462901879535,0.0009773575897619182,1.0
2025-09-29 11:28:54+00:00,0.001642817148437059,0.0009982158229010366,1.0
2025-09-29 11:28:55+00:00,-0.00012026732181225075,0.0009963254673343359,1.0
2025-09-29 11:28:56+00:00,-0.0006894752536052984,0.0010007699065226825,1.0
2025-09-29 11:28:57+00:00,-0.00016422101615831686,0.0010004512518355193,1.0
2025-09-29 11:28:58+00:00,0.00024107029464270902,0.000998580662479569,1.0
2025-09-29 11:28:59+00:00,0.0014866946278773163,0.0010158215626543644,1.0
2025-09-29 11:29:00+00:00,0.00018077171519204072,0.0009926957380992749,1.0
2025-09-29 11:29:01+00:00,0.0010661569861942777,0.0009678544374382797,1.0
2025-09-29 11:29:02+00:00,0.0017430534401168263,0.0009928758010375788,1.0
2025-09-29 11:29:03+00:00,0.0005011966300172421,0.0009944488472456514,1.0
2025-09-29 11:29:04+00:00,-0.002080926629457913,0.0010256069543109322,1.0
2025-09-29 11:29:05+00:00,0.00023027868484315483,0.001002303953199111,1.0
2025-09-29 11:29:06+00:00,-0.0017332684381852204,0.0010289045263847589,1.0
2025-09-29 11:29:07+00:00,-0.00039035970510226115,0.0010187706077636894,1.0
2025-09-29 11:29:08+00:00,0.0003506294177337832,0.0010035037218372772,1.0
2025-09-29 11:29:09+00:00,0.00014346598349423978,0.001003593645175081,1.0
2025-09-29 11:29:10+00:00,-0.0014022892506372342,0.0010205932487663979,1.0
2025-09-29 11:29:11+00:00,-8.150134597262326e-05,0.0010182983364230812,1.0
2025-09-29 11:29:12+00:00,0.0008195773081249857,0.000983532170432327,1.0
2025-09-29 11:29:13+00:00,0.0012041310387236326,0.0009759702537866942,1.0
2025-09-29 11:29:14+00:00,0.0014975974105932988,0.0009909329820794275,1.0
2025-09-29 11:29:15+00:00,-0.0007331369545937605,0.0009849305218611144,1.0
2025-09-29 11:29:16+00:00,-0.0003106370753394039,0.0009833768848323907,1.0
2025-09-29 11:29:17+00:00,0.002133803826563474,0.00101805671289429,1.0
2025-09-29 11:29:18+00:00,-0.00038348759501571905,0.0010200859850352671,1.0
2025-09-29 11:29:19+00:00,-0.0005652997177351127,0.001010118512405026,1.0
2025-09-29 11:29:20+00:00,0.0011398425716186988,0.0010025357703459595,1.0
2025-09-29 11:29:21+00:00,0.0005149480166160014,0.0010034931977779674,1.0
2025-09-29 11:29:22+00:00,0.0016403410544607588,0.0009892759692340148,1.0
2025-09-29 11:29:23+00:00,-0.000902543908906539,0.0009984871834427817,1.0
2025-09-29 11:29:24+00:00,0.0006104713084629232,0.0009562216361569809,1.0
2025-09-29 11:29:25+00:00,0.0004267845690875127,0.0009506368096695824,0.0
2025-09-29 11:29:26+00:00,0.0020675666229441614,0.0009798305320196242,1.0
2025-09-29 11:29:27+00:00,-0.00024609362995986483,0.0009751551641629668,1.0
2025-09-29 11:29:28+00:00,-0.002466457966812774,0.001034110436126131,1.0
2025-09-29 11:29:29+00:00,0.0002663540525909003,0.0010331066012195618,1.0
2025-09-29 11:29:30+00:00,-0.00012866192950466981,0.0010319448114641506,1.0
2025-09-29 11:29:31+00:00,-0.0018357123542154241,0.0010636704335878339,1.0
2025-09-29 11:29:32+00:00,-0.0006847659574449327,0.0010647803752915424,1.0
2025-09-29 11:29:33+00:00,-0.00030196930332926364,0.0010633146976359586,1.0
2025-09-29 11:29:34+00:00,0.0016694474653471403,0.0010804857400551083,1.0
2025-09-29 11:29:35+00:00,0.000990701977227948,0.0010726851367577092,1.0
2025-09-29 11:29:36+00:00,0.0020969919563869066,0.0010923160361918064,1.0
2025-09-29 11:29:37+00:00,0.0005576029676290783,0.0010901557654343903,1.0
2025-09-29 11:29:38+00:00,0.0002853817830601457,0.0010900370333439516,1.0
2025-09-29 11:29:39+00:00,0.0012396668926086818,0.0010936389206191604,1.0
2025-09-29 11:29:40+00:00,3.8097778361834145e-05,0.0010899326952990924,1.0
2025-09-29 11:29:41+00:00,0.00015122980898230054,0.001089252024204481,1.0
2025-09-29 11:29:42+00:00,-0.0009915184738195082,0.0010951597625144891,1.0
2025-09-29 11:29:43+00:00,-0.00024154437102286153,0.001037230822293982,1.0
2025-09-29 11:29:44+00:00,0.00023967552099102285,0.0010358938124347865,1.0
2025-09-29 11:29:45+00:00,0.0013755627999512132,0.0010309211654691683,1.0
2025-09-29 11:29:46+00:00,-0.001741426534223156,0.0010567661063575213,1.0
2025-09-29 11:29:47+00:00,0.00015463743420229825,0.0010564250243387551,1.0
2025-09-29 11:29:48+00:00,-6.064954757278862e-05,0.001055920933263871,1.0
2025-09-29 11:29:49+00:00,0.00013885907365285277,0.0010557272695282207,1.0
2025-09-29 11:29:50+00:00,0.0004323859479904435,0.0010440110047827754,1.0
2025-09-29 11:29:51+00:00,-0.0011026971315540868,0.0010565780215033012,1.0
2025-09-29 11:29:52+00:00,0.0003357830065371381,0.00105649436372356,1.0
2025-09-29 11:29:53+00:00,-0.0004830828394448705,0.0010578660291918646,1.0
2025-09-29 11:29:54+00:00,0.0011757832850165517,0.0010484682646522017,1.0
2025-09-29 11:29:55+00:00,-0.00022531726352625903,0.0010490234162589904,1.0
2025-09-29 11:29:56+00:00,-0.0014691215906197375,0.0010643566321564043,1.0
2025-09-29 11:29:57+00:00,-0.000986971279430704,0.0010736064970275736,1.0
2025-09-29 11:29:58+00:00,-0.0014816775042179042,0.0010933487338533959,1.0
2025-09-29 11:29:59+00:00,-0.0023491313751246024,0.0011225221838193277,1.0
2025-09-29 11:30:00+00:00,-0.0013833586673441811,0.0011371225879086603,1.0
2025-09-29 12:30:00+00:00,-0.029143029479200444,0.0039267381683934875,2.0
2025-09-29 12:30:01+00:00,0.003890506504935276,0.003957157216657664,2.0
2025-09-29 12:30:02+00:00,0.0007006879101250085,0.003958062038570667,2.0
2025-09-29 12:30:03+00:00,0.00015471576926673336,0.003953030186174809,2.0
2025-09-29 12:30:04+00:00,0.000846104716872631,0.003955543778470262,2.0
2025-09-29 12:30:05+00:00,-0.0005572939950231337,0.003951782223880817,2.0
2025-09-29 12:30:06+00:00,0.0008510374125012543,0.003955025193587413,2.0
2025-09-29 12:30:07+00:00,0.0016418578875245782,0.003962511239430329,2.0
2025-09-29 12:30:08+00:00,0.00024532102523555643,0.00396274678928064,2.0
2025-09-29 12:30:09+00:00,0.001230703838861258,0.00396542275001758,2.0
2025-09-29 12:30:10+00:00,0.0006798559074918664,0.0039673565267549366,2.0
2025-09-29 12:30:11+00:00,0.0008949833105103,0.00396772553146078,2.0
2025-09-29 12:30:12+00:00,-0.0029430238885421733,0.003977409197037633,2.0
2025-09-29 12:30:13+00:00,-0.0025337410276869976,0.003979603296263659,2.0
2025-09-29 12:30:14+00:00,0.0015452433141827093,0.0039874649612605595,2.0
2025-09-29 12:30:15+00:00,-0.0003277894525323122,0.003987460086070128,2.0
2025-09-29 12:30:16+00:00,-0.0006274365330294351,0.00397379340692095,2.0
2025-09-29 12:30:17+00:00,0.000123295812749058,0.003974437335131626,2.0
2025-09-29 12:30:18+00:00,0.0006412425398263366,0.0039767608874309015,2.0
2025-09-29 12:30:19+00:00,0.00027207698616726894,0.003972628002955622,2.0
2025-09-29 12:30:20+00:00,0.0011020734925708542,0.00397568731117206,2.0
2025-09-29 12:30:21+00:00,-0.0006700469805458464,0.003966686692705116,2.0
2025-09-29 12:30:22+00:00,-0.000982881461622065,0.003966856667294252,2.0
2025-09-29 12:30:23+00:00,0.0019017629849502615,0.003976189595768512,2.0
2025-09-29 12:30:24+00:00,0.0011318220054643557,0.003979794720489573,2.0
2025-09-29 12:30:25+00:00,0.0012054516723913888,0.003972229101897029,2.0
2025-09-29 12:30:26+00:00,6.387848887401404e-05,0.003972672972907506,2.0
2025-09-29 12:30:27+00:00,0.0006648446699495381,0.0039659506793249645,2.0
2025-09-29 12:30:28+00:00,0.00018044623985669084,0.003965731831422037,2.0
2025-09-29 12:30:29+00:00,-0.0008695026042556675,0.003966110257143654,2.0
2025-09-29 12:30:30+00:00,0.00119540570011889,0.003966632508915149,2.0
2025-09-29 12:30:31+00:00,-0.00022215158400917812,0.003966391144657983,2.0
2025-09-29 12:30:32+00:00,-0.00025660283024397934,0.003966400418860584,2.0
2025-09-29 12:30:33+00:00,0.000282745178210142,0.003958604106106143,2.0
2025-09-29 12:30:34+00:00,0.0007195964229795848,0.003957202503492369,2.0
2025-09-29 12:30:35+00:00,0.0014893614114603881,0.003951596232657385,2.0
2025-09-29 12:30:36+00:00,-9.931281740660491e-05,0.003949907756185192,2.0
2025-09-29 12:30:37+00:00,0.00028209980022975145,0.003949898472306273,2.0
2025-09-29 12:30:38+00:00,-0.00037466963734356096,0.003944203971537315,2.0
2025-09-29 12:30:39+00:00,0.0015020116518091875,0.003951496224607719,2.0
2025-09-29 12:30:40+00:00,0.0007950446289146651,0.003953831189727709,2.0
2025-09-29 12:30:41+00:00,-0.00028531257377761854,0.00395299248116489,2.0
2025-09-29 12:30:42+00:00,-0.00023233488130847135,0.003952997160360048,2.0
2025-09-29 12:30:43+00:00,0.0021828966076162803,0.003965894340024948,2.0
2025-09-29 12:30:44+00:00,8.675285962556067e-05,0.003960024654117118,2.0
2025-09-29 12:30:45+00:00,-0.0003346847500929062,0.003955775661146201,2.0
2025-09-29 12:30:46+00:00,0.0009573333638479564,0.003958767752451339,2.0
2025-09-29 12:30:47+00:00,0.0013306247967030949,0.0039643096434094855,2.0
2025-09-29 12:30:48+00:00,3.45014199774063e-05,0.003964143666229481,2.0
2025-09-29 12:30:49+00:00,-0.0013450156526612078,0.0039653238497709895,2.0
2025-09-29 12:30:50+00:00,-0.0009066822647418871,0.003964745267987064,2.0
2025-09-29 12:30:51+00:00,0.0004129566673334306,0.00396497167063454,2.0
2025-09-29 12:30:52+00:00,-0.0004464936080190718,0.003964947608523692,2.0
2025-09-29 12:30:53+00:00,-0.00047040047642377125,0.003960180311769617,2.0
2025-09-29 12:30:54+00:00,-0.0007302389047995073,0.003960473099341965,2.0
2025-09-29 12:30:55+00:00,0.0008731569068085587,0.003960763713947705,2.0
2025-09-29 12:30:56+00:00,0.00010829754752239573,0.0039601027635778035,2.0
2025-09-29 12:30:57+00:00,4.107309803647041e-05,0.00395720937756351,2.0
2025-09-29 12:30:58+00:00,-0.0003927045836402687,0.0039477845373413235,2.0
2025-09-29 12:30:59+00:00,0.00010836277712744646,0.003945101994685199,2.0
2025-09-29 12:31:00+00:00,-0.0005983779648096599,0.0010696782011170825,1.0
2025-09-29 12:31:01+00:00,-0.0008386719553207245,0.0009677078078712533,1.0
2025-09-29 12:31:02+00:00,-0.0007001452107613382,0.0009720805580073657,1.0
2025-09-29 12:31:03+00:00,0.001712012830481946,0.0009923204566996482,1.0
2025-09-29 12:31:04+00:00,-0.0001706552959008789,0.0009896594702782353,1.0
2025-09-29 12:31:05+00:00,0.0001280134331731464,0.0009849938694242765,1.0
2025-09-29 12:31:06+00:00,0.00044981286411993615,0.0009817705340969514,1.0
2025-09-29 12:31:07+00:00,0.0009650147559658873,0.0009684989561910125,1.0
2025-09-29 12:31:08+00:00,0.0007002257145534152,0.0009708787354083487,1.0
2025-09-29 12:31:09+00:00,0.0002029145215376449,0.0009609939354204448,1.0
2025-09-29 12:31:10+00:00,4.569783632946134e-05,0.0009586655562904818,1.0
2025-09-29 12:31:11+00:00,-0.0012912486028179293,0.0009713174108990229,1.0
2025-09-29 12:31:12+00:00,0.0010164347813770291,0.000891376492962546,0.0
2025-09-29 12:31:13+00:00,0.00047071009126531393,0.0008177430393261527,0.0
2025-09-29 12:31:14+00:00,0.0002803444421195511,0.0007993375400565547,0.0
2025-09-29 12:31:15+00:00,0.0021699315086354254,0.0008351904303615939,0.0
2025-09-29 12:31:16+00:00,-0.0009727830765416945,0.0008424960842917081,0.0
2025-09-29 12:31:17+00:00,-0.0009613113280811936,0.0008566465386575325,0.0
2025-09-29 12:31:18+00:00,0.001008607373829573,0.0008609673092526404,0.0
2025-09-29 12:31:19+00:00,0.0001295672830536887,0.0008610515387198055,0.0
2025-09-29 12:31:20+00:00,0.0014247658899537718,0.0008675761394878149,0.0
2025-09-29 12:31:21+00:00,-0.00042130062669565316,0.0008637637749372149,0.0
2025-09-29 12:31:22+00:00,0.0007551056462515859,0.0008511365678191041,0.0
2025-09-29 12:31:23+00:00,0.00022980603779010345,0.0008236726488915461,0.0
2025-09-29 12:31:24+00:00,-0.0003863279344923365,0.0008191267592004046,0.0
2025-09-29 12:31:25+00:00,-0.0003613533404738245,0.0008119589789321531,0.0
2025-09-29 12:31:26+00:00,0.001204460127886664,0.0008222693771257838,0.0
2025-09-29 12:31:27+00:00,0.0006283780470768274,0.0008219392977545448,0.0
2025-09-29 12:31:28+00:00,0.00021454363893624873,0.0008219322250381997,0.0
2025-09-29 12:31:29+00:00,0.0009137157808287721,0.0008145226836775998,0.0
2025-09-29 12:31:30+00:00,-0.0008183711345280953,0.0008158733736341915,0.0
2025-09-29 12:31:31+00:00,-0.0005423253870746603,0.0008197456955768044,0.0
2025-09-29 12:31:32+00:00,-0.0017818745760163068,0.0008569108259653175,0.0
2025-09-29 12:31:33+00:00,-0.00036619370265233986,0.0008595963747946907,0.0
2025-09-29 12:31:34+00:00,-0.0007818406569031211,0.0008649391825415333,0.0
2025-09-29 12:31:35+00:00,0.0023849837086127312,0.0008958428877392314,0.0
2025-09-29 12:31:36+00:00,-0.0009338485450240963,0.0009062343294906613,0.0
2025-09-29 12:31:37+00:00,-0.0011860250940189943,0.0009219724295504877,0.0
2025-09-29 12:31:38+00:00,-0.0005322001449723501,0.0009236102987488922,0.0
2025-09-29 12:31:39+00:00,-0.0007374169180854873,0.0009116297597529517,0.0
2025-09-29 12:31:40+00:00,0.00034172752031591536,0.0009074214412292647,0.0
2025-09-29 12:31:41+00:00,0.0016103629204118342,0.0009277407368765695,0.0
2025-09-29 12:31:42+00:00,0.001280409562941509,0.0009390960913309951,0.0
2025-09-29 12:31:43+00:00,0.0011645692776667271,0.0009099926013023014,0.0
2025-09-29 12:31:44+00:00,-0.0001229284445483092,0.0009104713544242958,0.0
2025-09-29 12:31:45+00:00,-0.0008790044904364303,0.0009175881994563593,0.0
2025-09-29 12:31:46+00:00,-0.0005464839054930559,0.0009141304478166248,0.0
2025-09-29 12:31:47+00:00,0.001330662104197522,0.0009141313207748423,0.0
2025-09-29 12:31:48+00:00,0.0009494992515501899,0.0009211572198791184,0.0
2025-09-29 12:31:49+00:00,0.00012366311088185533,0.0009018544225046833,0.0
2025-09-29 12:31:50+00:00,0.0009698094103325339,0.0008985881449992001,0.0
2025-09-29 12:31:51+00:00,-0.0001833597301361678,0.0008988117599105099,0.0
2025-09-29 12:31:52+00:00,0.0009775130544211752,0.0009021335137957944,0.0
2025-09-29 12:31:53+00:00,0.0006445869185398578,0.0009005475050566342,0.0
2025-09-29 12:31:54+00:00,-0.0012658333170850744,0.0009122215620481875,0.0
2025-09-29 12:31:55+00:00,0.0004533889398536939,0.0009082847941993851,0.0
2025-09-29 12:31:56+00:00,-0.000938601750724577,0.0009192086542469993,0.0
2025-09-29 12:31:57+00:00,-0.0004283882824063223,0.0009220470409253249,0.0
2025-09-29 12:31:58+00:00,0.000534171947880635,0.0009208907346993702,0.0
2025-09-29 12:31:59+00:00,0.00129272643403322,0.0009326821541945132,0.0
2025-09-29 12:32:00+00:00,-0.0012631865525397634,0.000945774065895652,0.0
2025-09-29 12:32:01+00:00,-0.0010376206126228027,0.0009496574158106333,0.0
2025-09-29 12:32:02+00:00,0.0007878721929912569,0.0009464608256078771,0.0
2025-09-29 12:32:03+00:00,-0.0001347774310692662,0.0009254725975857507,0.0
2025-09-29 12:32:04+00:00,0.00012547880426994062,0.0009245463483471644,0.0
2025-09-29 12:32:05+00:00,-0.0012920612226234862,0.0009431238087006294,0.0
2025-09-29 12:32:06+00:00,0.0005739191845519631,0.00094397969341692,0.0
2025-09-29 12:32:07+00:00,0.0006587965264270856,0.0009402032928047168,0.0
2025-09-29 12:32:08+00:00,-0.0007263663389585062,0.000943414023295406,0.0
2025-09-29 12:32:09+00:00,6.459954452564531e-05,0.0009433275233829476,0.0
2025-09-29 12:32:10+00:00,-0.0008422165925038305,0.0009510913643788422,1.0
2025-09-29 12:32:11+00:00,0.000571741249048463,0.0009357529742339755,0.0
2025-09-29 12:32:12+00:00,0.0003470212204121914,0.0009287762086386982,0.0
2025-09-29 12:32:13+00:00,-0.0010525557815436182,0.0009393108042097178,0.0
2025-09-29 12:32:14+00:00,-0.0008173137904877725,0.0009459588774332281,0.0
2025-09-29 12:32:15+00:00,0.0011713530332284616,0.000916520208975013,0.0
2025-09-29 12:32:16+00:00,-0.00017010251065097126,0.0009072598422677991,0.0
2025-09-29 12:32:17+00:00,-0.0002751903527933308,0.0008985025295800412,0.0
2025-09-29 12:32:18+00:00,0.0006924054220813769,0.0008938033538890021,0.0
2025-09-29 12:32:19+00:00,-0.001439445863711919,0.0009145089240696363,0.0
2025-09-29 12:32:20+00:00,0.0016424948648610105,0.0009205253723150766,0.0
2025-09-29 12:32:21+00:00,0.0006988759555073276,0.0009223770032308702,0.0
2025-09-29 12:32:22+00:00,0.001369042177431501,0.0009335757616635142,0.0
2025-09-29 12:32:23+00:00,9.586989355470088e-05,0.0009333435986336634,0.0
2025-09-29 12:32:24+00:00,0.000761627630320616,0.0009356718754667819,0.0
2025-09-29 12:32:25+00:00,0.0014057592420335663,0.0009490868153194509,0.0
2025-09-29 12:32:26+00:00,0.00042797558731733076,0.0009392199859662562,0.0
2025-09-29 12:32:27+00:00,0.0005429722492966693,0.0009384729825313556,0.0
2025-09-29 12:32:28+00:00,0.0002794180272729374,0.0009386439856663533,0.0
2025-09-29 12:32:29+00:00,-0.0005952372973532238,0.0009367277501322202,0.0
2025-09-29 12:32:30+00:00,0.0011454310613632224,0.000939238566796293,0.0
2025-09-29 12:32:31+00:00,-0.0011183653494979406,0.0009489048686303344,0.0
2025-09-29 12:32:32+00:00,-0.00047772796227985026,0.0009195612644146663,0.0
2025-09-29 12:32:33+00:00,-0.001150464075217572,0.0009320964500387478,0.0
2025-09-29 12:32:34+00:00,0.0002131037176222872,0.0009248156216870319,0.0
2025-09-29 12:32:35+00:00,0.00013708447416549419,0.0008759419953601361,0.0
2025-09-29 12:32:36+00:00,0.00018515159527932035,0.0008656838627623889,0.0
2025-09-29 12:32:37+00:00,7.088913080544046e-05,0.0008489350539285654,0.0
2025-09-29 12:32:38+00:00,-0.00015973336825825246,0.0008453880099536145,0.0
2025-09-29 12:32:39+00:00,-0.0004660720932241347,0.0008413683197684059,0.0
2025-09-29 12:32:40+00:00,-0.0009155881983393677,0.00085179224143698,0.0
2025-09-29 12:32:41+00:00,0.00021561912580669862,0.0008290669446075939,0.0
2025-09-29 12:32:42+00:00,-0.0003519331681892668,0.0008161385446713495,0.0
2025-09-29 12:32:43+00:00,-9.654921141521999e-05,0.0008035147059436811,0.0
2025-09-29 12:32:44+00:00,-0.0009652232368817515,0.0008137944230717007,0.0
2025-09-29 12:32:45+00:00,-0.0008576277247592801,0.000813393768534445,0.0
2025-09-29 12:32:46+00:00,0.0027288982894306812,0.0008810411144248722,0.0
2025-09-29 12:32:47+00:00,-0.0016911177033906988,0.000894951420332399,0.0
2025-09-29 12:32:48+00:00,0.0009647940864228044,0.0008952182330356025,0.0
2025-09-29 12:32:49+00:00,-0.00174373765210456,0.0009241145440242403,0.0
2025-09-29 12:32:50+00:00,2.7160514887158982e-05,0.0009154040426992258,0.0
2025-09-29 12:32:51+00:00,-0.0004152485277362228,0.0009166335755965566,0.0
2025-09-29 12:32:52+00:00,-0.0007053006327710776,0.0009114910123735865,0.0
2025-09-29 12:32:53+00:00,-0.0013438462500710013,0.0009221636916100018,0.0
2025-09-29 12:32:54+00:00,0.0010819910136370403,0.0009206251805080783,0.0
2025-09-29 12:32:55+00:00,0.00016179937794702504,0.000918761798521994,0.0
2025-09-29 12:32:56+00:00,-0.001336483958547019,0.0009267470996263097,0.0
2025-09-29 12:32:57+00:00,9.324555204681673e-05,0.0009255662920978963,0.0
2025-09-29 12:32:58+00:00,0.0006361656750566436,0.0009267307405135043,0.0
2025-09-29 12:32:59+00:00,0.0002527677204409162,0.0009110154798517216,0.0
2025-09-29 12:33:00+00:00,-0.000984126565225285,0.0009054389090377759,0.0
2025-09-29 12:33:01+00:00,-0.0010995704944004592,0.0009066181697023259,0.0
2025-09-29 12:33:02+00:00,-0.000302782770243204,0.0009004152435452095,0.0
2025-09-29 12:33:03+00:00,0.0002490478327692447,0.0009013082355852528,0.0
2025-09-29 12:33:04+00:00,-0.0009158294434573611,0.0009076145011871123,0.0
2025-09-29 12:33:05+00:00,0.0007884247422296209,0.0009002620984510392,0.0
2025-09-29 12:33:06+00:00,0.0007923625571903958,0.0009032483550641381,0.0
2025-09-29 12:33:07+00:00,0.00021229256259669427,0.000899203965931024,0.0
2025-09-29 12:33:08+00:00,-0.00160924882867719,0.0009175006110652875,0.0
2025-09-29 12:33:09+00:00,0.00036542387079818717,0.0009190388039975231,0.0
2025-09-29 12:33:10+00:00,0.0009033406754512807,0.0009214668313424646,0.0
2025-09-29 12:33:11+00:00,-0.0020038493465691642,0.0009524122661363303,1.0
2025-09-29 12:33:12+00:00,-0.000317374096089007,0.0009513037353861173,1.0
2025-09-29 12:33:13+00:00,0.0011538800538462013,0.0009558799719399478,1.0
2025-09-29 12:33:14+00:00,0.00047052080914800065,0.000952758142572558,1.0
2025-09-29 12:33:15+00:00,-0.00015729676114606406,0.0009398055190046492,0.0
2025-09-29 12:33:16+00:00,-8.456356750818905e-05,0.0009396825209948916,0.0
2025-09-29 12:33:17+00:00,0.0008422621027022181,0.0009461327267174293,0.0
2025-09-29 12:33:18+00:00,-0.0005506442808830281,0.0009436909871782978,0.0
2025-09-29 12:33:19+00:00,0.0021868776496092313,0.0009689165870316545,1.0
2025-09-29 12:33:20+00:00,0.00018106667486650352,0.0009453008613696197,0.0
2025-09-29 12:33:21+00:00,-0.0011993978878311884,0.0009528111739254585,1.0
2025-09-29 12:33:22+00:00,-0.0010504327409756042,0.0009431206585183113,0.0
2025-09-29 12:33:23+00:00,-0.00012114208937907822,0.0009428318525680255,0.0
2025-09-29 12:33:24+00:00,-7.239012481452534e-06,0.0009362840134591092,0.0
2025-09-29 12:33:25+00:00,0.000763921101149645,0.0009223363014920734,0.0
2025-09-29 12:33:26+00:00,0.0006216257608711029,0.000924593893295101,0.0
2025-09-29 12:33:27+00:00,0.0006077206988357453,0.000925404898171792,0.0
2025-09-29 12:33:28+00:00,-0.0008820862230068949,0.0009293101934029157,0.0
2025-09-29 12:33:29+00:00,-0.0013154246151866333,0.000940048860545741,0.0
2025-09-29 12:33:30+00:00,-0.0008712711540759255,0.0009293361988671567,0.0
2025-09-29 12:33:31+00:00,0.00018765674843779223,0.0009220769956912503,0.0
2025-09-29 12:33:32+00:00,0.0009245792194036984,0.0009313776044524504,0.0
2025-09-29 12:33:33+00:00,-0.0006096855055622852,0.0009238973385871982,0.0
2025-09-29 12:33:34+00:00,0.0003522968021492101,0.0009249183237551476,0.0
2025-09-29 12:33:35+00:00,-0.0008590952104139404,0.0009292258097233985,0.0
2025-09-29 12:33:36+00:00,0.0010560844652121038,0.0009410045044981382,0.0
2025-09-29 12:33:37+00:00,-0.0012570210973184004,0.0009520311566724795,1.0
2025-09-29 12:33:38+00:00,-0.0008481770269755939,0.0009564065416245393,1.0
2025-09-29 12:33:39+00:00,0.00038774776177086245,0.0009580031889748459,1.0
2025-09-29 12:33:40+00:00,0.0009084590533101622,0.0009618323006434064,1.0
2025-09-29 12:33:41+00:00,0.0004490117288717954,0.0009636304777275528,1.0
2025-09-29 12:33:42+00:00,0.00014347290223848397,0.0009635869653639011,1.0
2025-09-29 12:33:43+00:00,0.0016686570057153904,0.000990124318820037,1.0
2025-09-29 12:33:44+00:00,0.0007140953958864049,0.0009879984990487538,1.0
2025-09-29 12:33:45+00:00,0.00034753251857266854,0.0009832860473569095,1.0
2025-09-29 12:33:46+00:00,-0.0011618937620332392,0.000925697002320754,0.0
2025-09-29 12:33:47+00:00,-0.0005672721942403536,0.0009037041883337568,0.0
2025-09-29 12:33:48+00:00,-0.0005108915727175534,0.0008952794658136806,0.0
2025-09-29 12:33:49+00:00,0.00034451921735856317,0.0008700698666073401,0.0
2025-09-29 12:33:50+00:00,0.0009418647491086229,0.0008794702670335028,0.0
2025-09-29 12:33:51+00:00,0.0004519249870882369,0.0008802952352922366,0.0
2025-09-29 12:33:52+00:00,0.0015666416883794998,0.000899146435095405,0.0
2025-09-29 12:33:53+00:00,-0.0003916044185627854,0.0008830318202887037,0.0
2025-09-29 12:33:54+00:00,0.0011643251292496881,0.0008847567513042122,0.0
2025-09-29 12:33:55+00:00,0.0008132648345848814,0.0008903651759128643,0.0
2025-09-29 12:33:56+00:00,-0.00029946962848170777,0.0008730466712618854,0.0
2025-09-29 12:33:57+00:00,0.0023888628971098225,0.0009234029776609689,0.0
2025-09-29 12:33:58+00:00,0.0006513148861595486,0.0009235547681246256,0.0
2025-09-29 12:33:59+00:00,-0.000509639536192874,0.0009266281697422414,0.0
2025-09-29 12:34:00+00:00,0.00012900808384541662,0.0009159368529366038,0.0
2025-09-29 12:34:01+00:00,0.00025475475310687834,0.0009023663099280916,0.0
2025-09-29 12:34:02+00:00,-8.002526049566416e-05,0.0009010280145595851,0.0
2025-09-29 12:34:03+00:00,-0.0008263432036070828,0.0009092792447190848,0.0
2025-09-29 12:34:04+00:00,0.0005001597146523373,0.0009004794818102741,0.0
2025-09-29 12:34:05+00:00,-0.0007742405967710031,0.0009038742163518894,0.0
2025-09-29 12:34:06+00:00,-0.0006677381949008465,0.000904838101979212,0.0
2025-09-29 12:34:07+00:00,0.0004038278861944189,0.0009056309979491455,0.0
2025-09-29 12:34:08+00:00,-0.001325135374700137,0.0008973078085425413,0.0
2025-09-29 12:34:09+00:00,-0.00026006464860617307,0.0008977259991505836,0.0
2025-09-29 12:34:10+00:00,0.0012171246685697135,0.0009034822098204623,0.0
2025-09-29 12:34:11+00:00,0.0002857465651247004,0.000860980561396959,0.0
2025-09-29 12:34:12+00:00,0.00011771892969880682,0.0008590107650640957,0.0
2025-09-29 12:34:13+00:00,-0.0007276604116832619,0.0008554663178299926,0.0
2025-09-29 12:34:14+00:00,0.0006371627251824385,0.0008569517549649294,0.0
2025-09-29 12:34:15+00:00,8.785554789403349e-05,0.0008562644435431133,0.0
2025-09-29 12:34:16+00:00,0.001693752815247418,0.0008799012697397237,0.0
2025-09-29 12:34:17+00:00,0.0018860784569278977,0.0009040362874046982,0.0
2025-09-29 12:34:18+00:00,-0.001120517217121142,0.0009145195241541709,0.0
2025-09-29 12:34:19+00:00,-0.0009215802229427528,0.0008845314807998956,0.0
2025-09-29 12:34:20+00:00,0.0018965345739050399,0.000914583377896255,0.0
2025-09-29 12:34:21+00:00,-0.0008361206004140476,0.0009068480888603421,0.0
2025-09-29 12:34:22+00:00,0.00039368855707078154,0.0008940778930469907,0.0
2025-09-29 12:34:23+00:00,0.0008259161904184964,0.0008975010703840338,0.0
2025-09-29 12:34:24+00:00,0.0004174220538164519,0.0008977601276482063,0.0
2025-09-29 12:34:25+00:00,-0.0003650363508536092,0.000897066568918762,0.0
2025-09-29 12:34:26+00:00,0.0011588133939246514,0.0009044276788407293,0.0
2025-09-29 12:34:27+00:00,0.0004878781277941613,0.000903568588010095,0.0
2025-09-29 12:34:28+00:00,-0.0009836410488218705,0.0009056549374489586,0.0
2025-09-29 12:34:29+00:00,-0.0009676580801213364,0.0008971067774381739,0.0
2025-09-29 12:34:30+00:00,-0.002073323914741354,0.0009334096512803489,0.0
2025-09-29 12:34:31+00:00,0.0004942516069790237,0.0009344660913473556,0.0
2025-09-29 12:34:32+00:00,0.0005758728690870019,0.000930666734987217,0.0
2025-09-29 12:34:33+00:00,0.0003429342742469199,0.000925636790907814,0.0
2025-09-29 12:34:34+00:00,-0.0003711118944050851,0.0009278474084164146,0.0
2025-09-29 12:34:35+00:00,-0.0010544392627939159,0.000931788489433617,0.0
2025-09-29 12:34:36+00:00,-5.34219591434848e-05,0.0009244500868826976,0.0
2025-09-29 12:34:37+00:00,0.00038538166340540414,0.0009068349055115241,0.0
2025-09-29 12:34:38+00:00,-0.0004088228246276193,0.0009003289221920476,0.0
2025-09-29 12:34:39+00:00,-0.00014064915189992977,0.0009006933802660645,0.0
2025-09-29 12:34:40+00:00,-0.0014071363661818381,0.0009173519099028778,0.0
2025-09-29 12:34:41+00:00,0.0006934690153690415,0.0009193911818913503,0.0
2025-09-29 12:34:42+00:00,-0.00017254385725984367,0.0009201667107383877,0.0
2025-09-29 12:34:43+00:00,-0.0017528854607017363,0.000928299115712052,0.0
2025-09-29 12:34:44+00:00,-0.00012995955111727575,0.0009245912032889913,0.0
2025-09-29 12:34:45+00:00,-0.0001247947271748595,0.0009239815150686534,0.0
2025-09-29 12:34:46+00:00,0.001203612641742291,0.0009224226933107361,0.0
2025-09-29 12:34:47+00:00,0.000853582914688511,0.000923853561256019,0.0
2025-09-29 12:34:48+00:00,-0.0011793113141214118,0.0009353057832415238,0.0
2025-09-29 12:34:49+00:00,0.00029880849198948845,0.0009351127266985503,0.0
2025-09-29 12:34:50+00:00,-0.000775234638325184,0.0009348207630381618,0.0
2025-09-29 12:34:51+00:00,-0.0003030836464393838,0.0009345320715633029,0.0
2025-09-29 12:34:52+00:00,0.0006964723603335443,0.0009171401716107591,0.0
2025-09-29 12:34:53+00:00,0.0011804455723962715,0.0009272176265601452,0.0
2025-09-29 12:34:54+00:00,-3.7760143565157556e-05,0.000915841111446103,0.0
2025-09-29 12:34:55+00:00,-0.0018164229648673924,0.0009407303332383006,0.0
2025-09-29 12:34:56+00:00,0.0011785713128935615,0.0009521743117051991,1.0
2025-09-29 12:34:57+00:00,-3.0458290176116343e-05,0.0008999307016882134,0.0
2025-09-29 12:34:58+00:00,0.0008391643444627395,0.0009026313387685544,0.0
2025-09-29 12:34:59+00:00,-6.180685995693658e-05,0.000900343026706593,0.0
2025-09-29 12:35:00+00:00,-0.0008508839850762673,0.0009066400433798031,0.0
2025-09-29 12:35:01+00:00,-0.0009532439976096541,0.0009136728818146634,0.0
2025-09-29 12:35:02+00:00,0.0005999499172852918,0.0009174615163092619,0.0
2025-09-29 12:35:03+00:00,0.0002094569264989854,0.0009120546321751595,0.0
2025-09-29 12:35:04+00:00,0.0007928314555731841,0.0009156488402840576,0.0
2025-09-29 12:35:05+00:00,0.0004180784111313951,0.0009117825160118816,0.0
2025-09-29 12:35:06+00:00,0.000382154806212176,0.000908689629269843,0.0
2025-09-29 12:35:07+00:00,-0.00031784006885005045,0.0009083551532860689,0.0
2025-09-29 12:35:08+00:00,0.0006423291112438445,0.0008946713047805201,0.0
2025-09-29 12:35:09+00:00,-0.000749418604979124,0.0008997150417333142,0.0
2025-09-29 12:35:10+00:00,4.862473047051452e-05,0.0008862785717395481,0.0
2025-09-29 12:35:11+00:00,-0.0007674496392191532,0.0008912870795135254,0.0
2025-09-29 12:35:12+00:00,-0.0002692377319691852,0.0008918187830621937,0.0
2025-09-29 12:35:13+00:00,-0.00027407291311021265,0.0008875159062009675,0.0
2025-09-29 12:35:14+00:00,0.0006343375151760533,0.0008874816491574308,0.0
2025-09-29 12:35:15+00:00,0.001664317292328077,0.0009130695707443049,0.0
2025-09-29 12:35:16+00:00,-0.00028146105647919306,0.0008872013267264047,0.0
2025-09-29 12:35:17+00:00,9.615305868848623e-06,0.0008517444391061685,0.0
2025-09-29 12:35:18+00:00,0.0013320501153515352,0.0008576993366220383,0.0
2025-09-29 12:35:19+00:00,-3.1363402453354894e-05,0.0008490773398477297,0.0
2025-09-29 12:35:20+00:00,2.4055154122404332e-05,0.0008125077396650759,0.0
2025-09-29 12:35:21+00:00,0.0003808054179117448,0.0008067709358775484,0.0
2025-09-29 12:35:22+00:00,-0.0017287000072995218,0.0008355734006991743,0.0
2025-09-29 12:35:23+00:00,-0.0010631235050116983,0.0008384485281899331,0.0
2025-09-29 12:35:24+00:00,0.0005020917241262968,0.0008393350644340611,0.0
2025-09-29 12:35:25+00:00,0.0010447288983079783,0.0008502491312839045,0.0
2025-09-29 12:35:26+00:00,0.00032080367272890875,0.0008370995731900728,0.0
2025-09-29 12:35:27+00:00,-0.0003328058462446215,0.0008348929766787338,0.0
2025-09-29 12:35:28+00:00,0.0008293678982564945,0.0008337761346284492,0.0
2025-09-29 12:35:29+00:00,0.00232293888743218,0.0008782073814557436,0.0
2025-09-29 12:35:30+00:00,0.0003453843300587067,0.0008347822933182651,0.0
2025-09-29 12:35:31+00:00,0.001720184909973721,0.0008601237328784221,0.0
2025-09-29 12:35:32+00:00,0.0004721908407958608,0.000859222225074841,0.0
2025-09-29 12:35:33+00:00,-0.000501652363264049,0.0008617920176253842,0.0
2025-09-29 12:35:34+00:00,0.000651378989125373,0.0008630687257339176,0.0
2025-09-29 12:35:35+00:00,-0.0005917554494617727,0.0008547411840373822,0.0
2025-09-29 12:35:36+00:00,-0.0004777955725556726,0.0008577225516535795,0.0
2025-09-29 12:35:37+00:00,2.5289504391512452e-05,0.0008568498862148026,0.0
2025-09-29 12:35:38+00:00,-0.001585898441314182,0.0008813502534470272,0.0
2025-09-29 12:35:39+00:00,6.833239942638514e-05,0.0008809561564653632,0.0
2025-09-29 12:35:40+00:00,0.0010909248607164912,0.0008692209319774194,0.0
2025-09-29 12:35:41+00:00,-0.00028290473990788545,0.0008671592360840329,0.0
2025-09-29 12:35:42+00:00,0.00036405607602829626,0.0008671833680959992,0.0
2025-09-29 12:35:43+00:00,0.0009911183564705883,0.0008398466849880283,0.0
2025-09-29 12:35:44+00:00,8.398661008146568e-05,0.0008391191412854413,0.0
2025-09-29 12:35:45+00:00,0.00044406553495779377,0.0008392072540008275,0.0
2025-09-29 12:35:46+00:00,-0.001019063882526372,0.0008412656709133909,0.0
2025-09-29 12:35:47+00:00,-0.001004862806685547,0.0008479716762150463,0.0
2025-09-29 12:35:48+00:00,-0.0010293576592569353,0.0008443845499563325,0.0
2025-09-29 12:35:49+00:00,-8.983473889034865e-05,0.0008442555245337293,0.0
2025-09-29 12:35:50+00:00,-0.0005685040606022707,0.0008411024597146129,0.0
2025-09-29 12:35:51+00:00,-0.001008899382155759,0.0008515380519979146,0.0
2025-09-29 12:35:52+00:00,-0.00022995694926541965,0.0008484976938209765,0.0
2025-09-29 12:35:53+00:00,-0.0003386604845859731,0.0008371148344430431,0.0
2025-09-29 12:35:54+00:00,-6.707754810741928e-05,0.000837166954818569,0.0
2025-09-29 12:35:55+00:00,-0.0005655750396181825,0.0008052428508865493,0.0
2025-09-29 12:35:56+00:00,-0.0019098322580061167,0.0008305793057349139,0.0
2025-09-29 12:35:57+00:00,-0.0013176548124875787,0.000847940292136929,0.0
2025-09-29 12:35:58+00:00,-0.00012672147577197368,0.000840548250380017,0.0
2025-09-29 12:35:59+00:00,0.0010467772954083632,0.0008520109758255465,0.0
2025-09-29 12:36:00+00:00,-0.001074730901960197,0.0008562148719757384,0.0
2025-09-29 12:36:01+00:00,0.0006017109377089991,0.0008509524645855809,0.0
2025-09-29 12:36:02+00:00,0.0004700993485500238,0.0008495845385311202,0.0
2025-09-29 12:36:03+00:00,1.1404342848964077e-05,0.0008491631779318569,0.0
2025-09-29 12:36:04+00:00,0.001185803659734086,0.000856845637197073,0.0
2025-09-29 12:36:05+00:00,-0.000598424387418639,0.0008586617229175895,0.0
2025-09-29 12:36:06+00:00,-0.00044472357981950594,0.0008589255285432551,0.0
2025-09-29 12:36:07+00:00,0.0005283508720403951,0.000860930497988619,0.0
2025-09-29 12:36:08+00:00,-0.001146677285408848,0.0008689710250077223,0.0
2025-09-29 12:36:09+00:00,0.00039132950957010415,0.0008656085904546846,0.0
2025-09-29 12:36:10+00:00,-0.0009384943333871076,0.0008736504665571024,0.0
2025-09-29 12:36:11+00:00,-0.0009156389528466313,0.0008759621474786134,0.0
2025-09-29 12:36:12+00:00,-0.0003474978843189813,0.000876371030578586,0.0
2025-09-29 12:36:13+00:00,-3.565269841909746e-06,0.0008758365251918896,0.0
2025-09-29 12:36:14+00:00,0.0017037629310161506,0.0009002192570774447,0.0
2025-09-29 12:36:15+00:00,0.0008126381693647211,0.0008797471079180995,0.0
2025-09-29 12:36:16+00:00,0.0008220860096777027,0.0008859317503434999,0.0
2025-09-29 12:36:17+00:00,-0.00021544938726891782,0.0008863133116693944,0.0
2025-09-29 12:36:18+00:00,-0.0009710169729553186,0.0008767545515259463,0.0
2025-09-29 12:36:19+00:00,0.0017939124294008568,0.0009086583084341935,0.0
2025-09-29 12:36:20+00:00,0.001272643114523575,0.0009239490540340412,0.0
2025-09-29 12:36:21+00:00,0.0007459908412923433,0.0009277174002830873,0.0
2025-09-29 12:36:22+00:00,-0.00018093331289570358,0.0008998562196780697,0.0
2025-09-29 12:36:23+00:00,-0.000917291655684549,0.0008970501238192653,0.0
2025-09-29 12:36:24+00:00,-0.0004378585448832073,0.0008968911972341557,0.0
2025-09-29 12:36:25+00:00,-0.0006523986194071352,0.0008906161481670204,0.0
2025-09-29 12:36:26+00:00,0.0014829798673239303,0.0009104155630979436,0.0
2025-09-29 12:36:27+00:00,0.0004550413795092467,0.0009111212632739906,0.0
2025-09-29 12:36:28+00:00,0.0006246420508224659,0.0009084164702786243,0.0
2025-09-29 12:36:29+00:00,-0.0002709183517078939,0.0008570440693273283,0.0
2025-09-29 12:36:30+00:00,-0.0005749551253017016,0.0008584993342303713,0.0
2025-09-29 12:36:31+00:00,-0.0016159855988561178,0.0008504037086696889,0.0
2025-09-29 12:36:32+00:00,0.00015625695003818052,0.0008477872036526813,0.0
2025-09-29 12:36:33+00:00,0.00010092667037753245,0.0008465565081557314,0.0
2025-09-29 12:36:34+00:00,0.00027635130464664925,0.0008423393673817159,0.0
2025-09-29 12:36:35+00:00,-0.000653981488689892,0.0008429937555171668,0.0
2025-09-29 12:36:36+00:00,0.0013764031657126363,0.0008626862304762654,0.0
2025-09-29 12:36:37+00:00,-0.001995576978068181,0.0008976577511553302,0.0
2025-09-29 12:36:38+00:00,0.0007756081751910671,0.0008832060015103694,0.0
2025-09-29 12:36:39+00:00,0.0015747934995709034,0.0009080927746582628,0.0
2025-09-29 12:36:40+00:00,-0.0008143951136897476,0.0009012032331335316,0.0
2025-09-29 12:36:41+00:00,0.0006607609754889499,0.0009056588949512156,0.0
2025-09-29 12:36:42+00:00,0.0008550341515112247,0.0009117062248981171,0.0
2025-09-29 12:36:43+00:00,-0.0010031654579648608,0.0009095794972815886,0.0
2025-09-29 12:36:44+00:00,-0.0005551381303149361,0.0009113678662146956,0.0
2025-09-29 12:36:45+00:00,-0.0008715872608022757,0.0009141091896420588,0.0
2025-09-29 12:36:46+00:00,-0.0009258317287461626,0.0009126200872402166,0.0
2025-09-29 12:36:47+00:00,0.00123911162955892,0.0009213050560490917,0.0
2025-09-29 12:36:48+00:00,-0.0014986452563546804,0.0009314925249748475,0.0
2025-09-29 12:36:49+00:00,9.914490333362558e-05,0.0009317829277747635,0.0
2025-09-29 12:36:50+00:00,0.00018707326045386274,0.0009301490523755769,0.0
2025-09-29 12:36:51+00:00,-0.0003704812902051158,0.0009227984339629361,0.0
2025-09-29 12:36:52+00:00,0.0009198471307079181,0.0009310059320863339,0.0
2025-09-29 12:36:53+00:00,0.0014784974663497596,0.0009503436846326402,0.0
2025-09-29 12:36:54+00:00,-0.00111261320657563,0.0009610164975715409,1.0
2025-09-29 12:36:55+00:00,-0.00048018199458721433,0.0009602622567090574,1.0
2025-09-29 12:36:56+00:00,-0.0007089655085911195,0.0009323473511181285,0.0
2025-09-29 12:36:57+00:00,-0.0015157974886361725,0.0009374251231306671,0.0
2025-09-29 12:36:58+00:00,0.0008434084080077842,0.0009436332475959931,0.0
2025-09-29 12:36:59+00:00,0.0003845566519238286,0.000935151664033039,0.0
2025-09-29 12:37:00+00:00,-0.00043772334678637836,0.000926314324484052,0.0
2025-09-29 12:37:01+00:00,-0.0006747042572756712,0.0009271725567170381,0.0
2025-09-29 12:37:02+00:00,-0.0008163604701020288,0.0009307412452426748,0.0
2025-09-29 12:37:03+00:00,-0.0008476737548475111,0.0009366541795151626,0.0
2025-09-29 12:37:04+00:00,0.00024145628521266005,0.0009234435136044298,0.0
2025-09-29 12:37:05+00:00,0.00011346862596850471,0.0009210028639087651,0.0
2025-09-29 12:37:06+00:00,-0.0007577441629876835,0.0009241578001152439,0.0
2025-09-29 12:37:07+00:00,-0.0006967590716153715,0.000924579559931807,0.0
2025-09-29 12:37:08+00:00,-0.0004518132112351081,0.0009152412834237212,0.0
2025-09-29 12:37:09+00:00,-2.898730120670656e-05,0.0009133031725364822,0.0
2025-09-29 12:37:10+00:00,-0.0005147638153757406,0.0009081054837341129,0.0
2025-09-29 12:37:11+00:00,-0.00066587527667894,0.0009047015041287411,0.0
2025-09-29 12:37:12+00:00,0.0006837584021739396,0.0009089299453818558,0.0
2025-09-29 12:37:13+00:00,0.0006105768862771921,0.000912827200079717,0.0
2025-09-29 12:37:14+00:00,-0.001647164254253597,0.0009072954685203385,0.0
2025-09-29 12:37:15+00:00,0.0009882384366848296,0.0009105282262976578,0.0
2025-09-29 12:37:16+00:00,0.0009144286496887144,0.0009121645885603414,0.0
2025-09-29 12:37:17+00:00,0.00010243051950453719,0.000912310107810065,0.0
2025-09-29 12:37:18+00:00,-0.0002408267944322695,0.0009050437771236554,0.0
2025-09-29 12:37:19+00:00,-0.0008134420163111722,0.0008763514832723848,0.0
2025-09-29 12:37:20+00:00,0.0016019146204142576,0.0008861316104348698,0.0
2025-09-29 12:37:21+00:00,-0.0003938337775498679,0.0008797891957319146,0.0
2025-09-29 12:37:22+00:00,0.001457551299471227,0.0009030899846293917,0.0
2025-09-29 12:37:23+00:00,0.0011758685271443525,0.0009112179406587661,0.0
2025-09-29 12:37:24+00:00,0.0008341678800620755,0.0009170823377475898,0.0
2025-09-29 12:37:25+00:00,2.3969300402271188e-05,0.0009135761435605348,0.0
2025-09-29 12:37:26+00:00,-0.000511550397742977,0.0008937126686452744,0.0
2025-09-29 12:37:27+00:00,0.001455416494860362,0.0009126502473091943,0.0
2025-09-29 12:37:28+00:00,0.00023548794499883563,0.0009091854629323408,0.0
2025-09-29 12:37:29+00:00,-0.001324395864381489,0.0009235498276274371,0.0
2025-09-29 12:37:30+00:00,-0.0008350430044770096,0.00092656913807964,0.0
2025-09-29 12:37:31+00:00,-0.0005044010928232368,0.0009060931094295527,0.0
2025-09-29 12:37:32+00:00,0.00042428943418282294,0.0009078116376728488,0.0
2025-09-29 12:37:33+00:00,0.0007640680717770909,0.0009137051220053325,0.0
2025-09-29 12:37:34+00:00,0.0006059099431428017,0.0009166220860581116,0.0
2025-09-29 12:37:35+00:00,-0.0004282697519284451,0.0009144953761023325,0.0
2025-09-29 12:37:36+00:00,0.000586482617323858,0.0008994636206362369,0.0
2025-09-29 12:37:37+00:00,0.000701226514219222,0.0008670574591904743,0.0
2025-09-29 12:37:38+00:00,0.00027286301883333586,0.0008618635544824882,0.0
2025-09-29 12:37:39+00:00,0.0003404297612796814,0.0008378673130429516,0.0
2025-09-29 12:37:40+00:00,-0.0008291256696429938,0.0008381039357663995,0.0
2025-09-29 12:37:41+00:00,0.0006044007518950512,0.0008373504946551926,0.0
2025-09-29 12:37:42+00:00,0.0005653695068175146,0.0008329930716030133,0.0
2025-09-29 12:37:43+00:00,0.0007115601578182584,0.000828563011044154,0.0
2025-09-29 12:37:44+00:00,-0.0004252783764384649,0.0008272698874945293,0.0
2025-09-29 12:37:45+00:00,0.0012424878218297852,0.0008346241686238523,0.0
2025-09-29 12:37:46+00:00,-0.0010774813293437102,0.0008377991176886791,0.0
2025-09-29 12:37:47+00:00,0.0015431145538116198,0.0008461133796820127,0.0
2025-09-29 12:37:48+00:00,-9.256532897161662e-05,0.0008220442727985365,0.0
2025-09-29 12:37:49+00:00,0.0010423604448486223,0.0008317957236683676,0.0
2025-09-29 12:37:50+00:00,0.0009700398475926963,0.0008397004351717521,0.0
2025-09-29 12:37:51+00:00,0.00015566011306678007,0.0008375837548601899,0.0
2025-09-29 12:37:52+00:00,0.0004903738680743785,0.0008322422938853072,0.0
2025-09-29 12:37:53+00:00,-0.0013905846836738123,0.0008334689877143585,0.0
2025-09-29 12:37:54+00:00,0.0006169756219485123,0.0008227324521169784,0.0
2025-09-29 12:37:55+00:00,0.0019876275292378676,0.0008557888837622423,0.0
2025-09-29 12:37:56+00:00,-0.0015760753799111127,0.0008769310328498809,0.0
2025-09-29 12:37:57+00:00,-0.001801289432173836,0.000886549705636625,0.0
2025-09-29 12:37:58+00:00,0.0003610481512517083,0.0008817928317323882,0.0
2025-09-29 12:37:59+00:00,0.0004307446764304501,0.0008820799868846726,0.0
2025-09-29 12:38:00+00:00,0.0012709225461640106,0.0008924537552276601,0.0
2025-09-29 12:38:01+00:00,-0.0013602899424330905,0.0009069807952848031,0.0
2025-09-29 12:38:02+00:00,-0.0009786739950842227,0.000910002161524228,0.0
2025-09-29 12:38:03+00:00,-0.0001690683494315337,0.0009022222071205314,0.0
2025-09-29 12:38:04+00:00,-0.0006655513674795888,0.000907568199118333,0.0
2025-09-29 12:38:05+00:00,-0.00035937071414926525,0.0009094566874619087,0.0
2025-09-29 12:38:06+00:00,0.001059973966393235,0.0009111074900379879,0.0
2025-09-29 12:38:07+00:00,0.0002339054246467409,0.0009049114054825047,0.0
2025-09-29 12:38:08+00:00,0.00010760559198086384,0.0009016598485466264,0.0
2025-09-29 12:38:09+00:00,-0.001646672763262802,0.0009305910267024938,0.0
2025-09-29 12:38:10+00:00,-2.186551400162884e-06,0.0009270543945429494,0.0
2025-09-29 12:38:11+00:00,-0.0008404839301093814,0.0009298454926467939,0.0
2025-09-29 12:38:12+00:00,-0.0003529197225868863,0.0009288422169466342,0.0
2025-09-29 12:38:13+00:00,-0.0003563929073863159,0.0009282873964076157,0.0
2025-09-29 12:38:14+00:00,0.00036609905883411287,0.000900488891831335,0.0
2025-09-29 12:38:15+00:00,-0.0004453751820933105,0.0008961007826942746,0.0
2025-09-29 12:38:16+00:00,-0.00038397836675585495,0.0008916992857580746,0.0
2025-09-29 12:38:17+00:00,-0.00023337536908152323,0.0008925815679962339,0.0
2025-09-29 12:38:18+00:00,0.0010490158652196602,0.0009004657858521656,0.0
2025-09-29 12:38:19+00:00,-0.0009892196771618122,0.0009037399376543555,0.0
2025-09-29 12:38:20+00:00,0.0008917546450044611,0.0008880995234847266,0.0
2025-09-29 12:38:21+00:00,0.0002828550359610382,0.0008863170443011839,0.0
2025-09-29 12:38:22+00:00,-0.0006602000360097504,0.0008729207026212738,0.0
2025-09-29 12:38:23+00:00,-0.0007031434939031023,0.0008656195095020365,0.0
2025-09-29 12:38:24+00:00,0.0013207256146028357,0.0008755842659166365,0.0
2025-09-29 12:38:25+00:00,-0.00032471693961688697,0.0008767781372465471,0.0
2025-09-29 12:38:26+00:00,0.00029856006864004137,0.0008746305873279788,0.0
2025-09-29 12:38:27+00:00,-0.0014681825921357694,0.0008757199667051893,0.0
2025-09-29 12:38:28+00:00,0.0014148044501334223,0.0008943932550161722,0.0
2025-09-29 12:38:29+00:00,-0.002056472134235654,0.000917572985168199,0.0
2025-09-29 12:38:30+00:00,-1.4540705425281075e-05,0.0009110695403451969,0.0
2025-09-29 12:38:31+00:00,0.0009013622588034398,0.000915690507398399,0.0
2025-09-29 12:38:32+00:00,-0.0010727389324219905,0.0009251954728562749,0.0
2025-09-29 12:38:33+00:00,-0.001758047970001786,0.0009472976278991341,0.0
2025-09-29 12:38:34+00:00,0.00031042176734707994,0.0009446793073429991,0.0
2025-09-29 12:38:35+00:00,-0.0006406126175416693,0.0009465587637550889,0.0
2025-09-29 12:38:36+00:00,0.0007247686433111689,0.0009482827569656795,0.0
2025-09-29 12:38:37+00:00,0.0012391376681040178,0.0009579040028316238,1.0
2025-09-29 12:38:38+00:00,-0.001307071837362228,0.0009710316489244642,1.0
2025-09-29 12:38:39+00:00,-0.001732264360145841,0.000993250945619072,1.0
2025-09-29 12:38:40+00:00,0.0007714680880848146,0.0009946112283378307,1.0
2025-09-29 12:38:41+00:00,-0.0001432869033478612,0.0009907543942554683,1.0
2025-09-29 12:38:42+00:00,-0.0010609685456964835,0.0009950978708130641,1.0
2025-09-29 12:38:43+00:00,-0.00013859458768661348,0.0009893111536556133,1.0
2025-09-29 12:38:44+00:00,0.0001375385189017475,0.0009890267052714635,1.0
2025-09-29 12:38:45+00:00,0.0008936218750890124,0.0009819427399726608,1.0
2025-09-29 12:38:46+00:00,-0.0002806120940344048,0.0009740684323449966,1.0
2025-09-29 12:38:47+00:00,-0.0009474309544744708,0.0009556578884070882,1.0
2025-09-29 12:38:48+00:00,0.0019773964014637713,0.0009941248626856656,1.0
2025-09-29 12:38:49+00:00,0.001152912930239891,0.0009963952843373874,1.0
2025-09-29 12:38:50+00:00,0.00015551357542453736,0.0009869712679560273,1.0
2025-09-29 12:38:51+00:00,0.0011086107310480653,0.000999091239289387,1.0
2025-09-29 12:38:52+00:00,0.0002678180497357463,0.0009972545211178608,1.0
2025-09-29 12:38:53+00:00,-0.0001533000181620503,0.000982990414255179,1.0
2025-09-29 12:38:54+00:00,-0.0008091597439275899,0.0009828930887133846,1.0
2025-09-29 12:38:55+00:00,-0.00029624650816928444,0.0009436453592181383,0.0
2025-09-29 12:38:56+00:00,0.0009728651832250357,0.0009356985200751072,0.0
2025-09-29 12:38:57+00:00,0.0018129771429633568,0.0009411324320770765,0.0
2025-09-29 12:38:58+00:00,0.0003867252268996424,0.0009413270710806409,0.0
2025-09-29 12:38:59+00:00,0.0005270165979138763,0.0009422365612126413,0.0
2025-09-29 12:39:00+00:00,0.0006162139891126017,0.0009304533234406737,0.0
2025-09-29 12:39:01+00:00,0.00015041488585132434,0.0009148745861471185,0.0
2025-09-29 12:39:02+00:00,-0.0009398935887549031,0.0009142071669516284,0.0
2025-09-29 12:39:03+00:00,-0.0016596075014657652,0.0009379834893513413,0.0
2025-09-29 12:39:04+00:00,-0.0003345101512978177,0.0009353021018970772,0.0
2025-09-29 12:39:05+00:00,0.00012554725414526402,0.0009346753931294867,0.0
2025-09-29 12:39:06+00:00,-0.0017707358533629591,0.000949455675009924,0.0
2025-09-29 12:39:07+00:00,-0.00031519089305453996,0.0009489390798370587,0.0
2025-09-29 12:39:08+00:00,-5.784991939372652e-05,0.0009485720789656215,0.0
2025-09-29 12:39:09+00:00,-0.0016701920553862104,0.0009492264143258022,0.0
2025-09-29 12:39:10+00:00,0.00010821681838679709,0.0009495282784162513,0.0
2025-09-29 12:39:11+00:00,0.0009515168101390525,0.0009539895972583985,1.0
2025-09-29 12:39:12+00:00,0.0018031825589932549,0.0009832853642991247,1.0
2025-09-29 12:39:13+00:00,-0.0018012166351421,0.0010086925140820023,1.0
2025-09-29 12:39:14+00:00,0.0016682439449544617,0.0010317063114507429,1.0
2025-09-29 12:39:15+00:00,0.00079880969642665,0.0010358297987279649,1.0
2025-09-29 12:39:16+00:00,0.000934298753623608,0.0010418356092387858,1.0
2025-09-29 12:39:17+00:00,0.0015182997616540739,0.0010593831582036944,1.0
2025-09-29 12:39:18+00:00,0.0007561726003910696,0.0010553042016361106,1.0
2025-09-29 12:39:19+00:00,-0.0013137133829445036,0.001061436110301793,1.0
2025-09-29 12:39:20+00:00,-0.0005128985060326441,0.0010574965986150824,1.0
2025-09-29 12:39:21+00:00,-0.0007593205624425448,0.001061364063004419,1.0
2025-09-29 12:39:22+00:00,-0.0006395863595397566,0.0010611549756155774,1.0
2025-09-29 12:39:23+00:00,-0.0011041252729507844,0.001066812326309885,1.0
2025-09-29 12:39:24+00:00,-0.0011796809460097313,0.001062327498234024,1.0
2025-09-29 12:39:25+00:00,-0.00042731721355460106,0.001062838417707829,1.0
2025-09-29 12:39:26+00:00,0.00044059343274649443,0.0010638188877260747,1.0
2025-09-29 12:39:27+00:00,-0.0010280002964018209,0.0010554441750109847,1.0
2025-09-29 12:39:28+00:00,3.9618032100285916e-05,0.0010377693586911853,1.0
2025-09-29 12:39:29+00:00,-0.0005792505211257293,0.0010071034102773937,1.0
2025-09-29 12:39:30+00:00,0.00047944281238421205,0.0010094418947031222,1.0
2025-09-29 12:39:31+00:00,0.0004694053015987798,0.001004104002645622,1.0
2025-09-29 12:39:32+00:00,0.0022983797898337155,0.0010397186935265069,1.0
2025-09-29 12:39:33+00:00,-0.0010877457012572478,0.0010239469081748686,1.0
2025-09-29 12:39:34+00:00,-0.0009699259390678616,0.001031005279435934,1.0
2025-09-29 12:39:35+00:00,0.0014523508845145638,0.001044495943041938,1.0
2025-09-29 12:39:36+00:00,0.0012414315064586123,0.001052431703743675,1.0
2025-09-29 12:39:37+00:00,-0.00041318238092979964,0.0010420160311511496,1.0
2025-09-29 12:39:38+00:00,0.00047273308501916134,0.0010291485812913006,1.0
2025-09-29 12:39:39+00:00,-0.0011748887560989463,0.0010153082096903065,1.0
2025-09-29 12:39:40+00:00,-0.0005891230390130398,0.0010140848445287303,1.0
2025-09-29 12:39:41+00:00,-0.0004802528035080522,0.0010159696142971407,1.0
2025-09-29 12:39:42+00:00,0.0014270096251884912,0.0010218423104921004,1.0
2025-09-29 12:39:43+00:00,-0.0003262327099734508,0.0010227528996897832,1.0
2025-09-29 12:39:44+00:00,0.001432127596593169,0.0010379858959069087,1.0
2025-09-29 12:39:45+00:00,-0.0007514574017248865,0.0010378653678874245,1.0
2025-09-29 12:39:46+00:00,0.0008933517721423367,0.0010425270570326545,1.0
2025-09-29 12:39:47+00:00,-0.0005308974075211026,0.0010369926714654792,1.0
2025-09-29 12:39:48+00:00,0.001133466012042339,0.0010163298890586115,1.0
2025-09-29 12:39:49+00:00,-7.822643466659507e-05,0.0010063793871261035,1.0
2025-09-29 12:39:50+00:00,0.0010497722739253312,0.001014634722750841,1.0
2025-09-29 12:39:51+00:00,-0.000618339610317431,0.0010088540446040297,1.0
2025-09-29 12:39:52+00:00,0.0010396859000318948,0.0010168157503352214,1.0
2025-09-29 12:39:53+00:00,0.0007127358443681509,0.0010201119423720534,1.0
2025-09-29 12:39:54+00:00,-0.0005106017361159454,0.0010165310963124018,1.0
2025-09-29 12:39:55+00:00,-0.0018590852942502734,0.0010455076173900315,1.0
2025-09-29 12:39:56+00:00,0.00041220540041098097,0.0010394910713504271,1.0
2025-09-29 12:39:57+00:00,-0.0009002452968874808,0.0010193364270565863,1.0
2025-09-29 12:39:58+00:00,-0.0014744445922013627,0.0010350277758341393,1.0
2025-09-29 12:39:59+00:00,-0.0033894041177030543,0.0011182692218442987,1.0
2025-09-29 12:40:00+00:00,-0.0004846492568555405,0.001115117009516445,1.0
2025-09-29 12:40:01+00:00,0.0004303763292345941,0.0011169032502296007,1.0
2025-09-29 12:40:02+00:00,0.000716893462328505,0.0011169553854844458,1.0
2025-09-29 12:40:03+00:00,0.00023624576312597512,0.001098748665993067,1.0
2025-09-29 12:40:04+00:00,-0.00022104433707725857,0.001098380071132854,1.0
2025-09-29 12:40:05+00:00,0.0009613586820693687,0.0011061268980917722,1.0
2025-09-29 12:40:06+00:00,-0.0008324250784306209,0.0010879032582922755,1.0
2025-09-29 12:40:07+00:00,-0.0017694355995834243,0.0011101841061021576,1.0
2025-09-29 12:40:08+00:00,-0.0003286740902168628,0.0011107217218373116,1.0
2025-09-29 12:40:09+00:00,-0.0027791206838465587,0.0011465257293881003,1.0
2025-09-29 12:40:10+00:00,0.0005268073829995945,0.0011489857286890075,1.0
2025-09-29 12:40:11+00:00,-0.0004135620727326872,0.0011417677721377183,1.0
2025-09-29 12:40:12+00:00,0.00015493769957442005,0.0011147160904972837,1.0
2025-09-29 12:40:13+00:00,-0.0026117829820173633,0.0011399733474409632,1.0
2025-09-29 12:40:14+00:00,-0.0007672991501517235,0.001117611767487043,1.0
2025-09-29 12:40:15+00:00,0.0005995457396963388,0.0011149428409402628,1.0
2025-09-29 12:40:16+00:00,-0.0003372126877193571,0.0011053577983475736,1.0
2025-09-29 12:40:17+00:00,0.00042223955018672044,0.0010852557270499311,1.0
2025-09-29 12:40:18+00:00,-0.0011805446895551963,0.001084407743223758,1.0
2025-09-29 12:40:19+00:00,0.00020766875622357794,0.0010770265687310289,1.0
2025-09-29 12:40:20+00:00,0.0003603630140605052,0.001079050976813894,1.0
2025-09-29 12:40:21+00:00,-0.002538322985634389,0.0011179611210200618,1.0
2025-09-29 12:40:22+00:00,-0.0006990328525371403,0.0011183420391749216,1.0
2025-09-29 12:40:23+00:00,-0.0004640172305545587,0.0011130683809459415,1.0
2025-09-29 12:40:24+00:00,-0.0005586658279087553,0.0011070193203209123,1.0
2025-09-29 12:40:25+00:00,-0.001356781209290836,0.001116347254300911,1.0
2025-09-29 12:40:26+00:00,-0.0003495486590984198,0.0011128188027449627,1.0
2025-09-29 12:40:27+00:00,-0.0007997493264955136,0.0011105182967698303,1.0
2025-09-29 12:40:28+00:00,0.000933739398473854,0.0011204378557563997,1.0
2025-09-29 12:40:29+00:00,0.0007091067564599651,0.0011260795828188805,1.0
2025-09-29 12:40:30+00:00,-0.0007234081002795989,0.0011242208083804797,1.0
2025-09-29 12:40:31+00:00,-0.00012632640974064024,0.0011205225019471448,1.0
2025-09-29 12:40:32+00:00,-0.0002754777350177928,0.001069633892143675,1.0
2025-09-29 12:40:33+00:00,0.0009041988216558217,0.0010752703413359113,1.0
2025-09-29 12:40:34+00:00,0.0007013753971256698,0.001078059591433741,1.0
2025-09-29 12:40:35+00:00,-0.001136218511066489,0.001061407914023818,1.0
2025-09-29 12:40:36+00:00,-0.0010735065190990989,0.001047537808152207,1.0
2025-09-29 12:40:37+00:00,0.0004297889760285223,0.0010517488691184494,1.0
2025-09-29 12:40:38+00:00,-0.0007057218367012563,0.0010481845920771973,1.0
2025-09-29 12:40:39+00:00,-0.0002026905518012212,0.0010421429059502465,1.0
2025-09-29 12:40:40+00:00,0.0004336299953686673,0.0010456501629434172,1.0
2025-09-29 12:40:41+00:00,0.0009269888243668145,0.0010568148176633518,1.0
2025-09-29 12:40:42+00:00,0.0002553054499252472,0.0010357862826238925,1.0
2025-09-29 12:40:43+00:00,0.00016130286299120833,0.0010373007714179195,1.0
2025-09-29 12:40:44+00:00,-0.0006119593485530705,0.001013805297225368,1.0
2025-09-29 12:40:45+00:00,-0.0010332130274111062,0.0010165691343363573,1.0
2025-09-29 12:40:46+00:00,-0.0007404281335300356,0.001005690743428161,1.0
2025-09-29 12:40:47+00:00,-0.0017510160927933782,0.0010219362227853633,1.0
2025-09-29 12:40:48+00:00,-0.0005988767483379176,0.0010034838186649834,1.0
2025-09-29 12:40:49+00:00,0.0003313238837978627,0.0010069828886165963,1.0
2025-09-29 12:40:50+00:00,-0.0006012102340692271,0.0009897511439065914,1.0
2025-09-29 12:40:51+00:00,-0.0008854144440967326,0.0009913295085791742,1.0
2025-09-29 12:40:52+00:00,-0.0004256125245331033,0.000972920935222062,1.0
2025-09-29 12:40:53+00:00,0.002067380383546036,0.0010147800017772587,1.0
2025-09-29 12:40:54+00:00,-0.0007615223172284802,0.0010157158501727301,1.0
2025-09-29 12:40:55+00:00,-0.000167178556767289,0.0009982740461639095,1.0
2025-09-29 12:40:56+00:00,0.00046379468308810345,0.0009989956368956373,1.0
2025-09-29 12:40:57+00:00,0.0010521456164522824,0.00101364099927702,1.0
2025-09-29 12:40:58+00:00,-7.900520028680802e-05,0.0010034349074322965,1.0
2025-09-29 12:40:59+00:00,-0.0004969094696997134,0.0009199655081473317,0.0
2025-09-29 12:41:00+00:00,-0.0005584878405073823,0.0009202909471686868,0.0
2025-09-29 12:41:01+00:00,0.00010588379393694503,0.0009169756427346636,0.0
2025-09-29 12:41:02+00:00,0.0005631158251637736,0.0009143295149531939,0.0
2025-09-29 12:41:03+00:00,0.0006758728808380354,0.000920366938885987,0.0
2025-09-29 12:41:04+00:00,0.0006391895992590158,0.0009280256610436011,0.0
2025-09-29 12:41:05+00:00,0.00042561918407235666,0.000918513522031403,0.0
2025-09-29 12:41:06+00:00,0.0007258931983535888,0.0009245866633291615,0.0
2025-09-29 12:41:07+00:00,-0.0017889986885689657,0.0009251340735234294,0.0
2025-09-29 12:41:08+00:00,0.000351286497587866,0.0009283443105786159,0.0
2025-09-29 12:41:09+00:00,0.000675214388081935,0.0008737923661418697,0.0
2025-09-29 12:41:10+00:00,0.0007026459834336141,0.0008765060716466971,0.0
2025-09-29 12:41:11+00:00,0.0014649572031368852,0.0009012471916894032,0.0
2025-09-29 12:41:12+00:00,0.0011184052394472843,0.0009152354962458746,0.0
2025-09-29 12:41:13+00:00,0.0005954739113878116,0.0008600208275048345,0.0
2025-09-29 12:41:14+00:00,0.0018614817489572832,0.0008908148311714066,0.0
2025-09-29 12:41:15+00:00,0.00026198075352690253,0.0008877935309235042,0.0
2025-09-29 12:41:16+00:00,0.0006412412493972397,0.000891252338871337,0.0
2025-09-29 12:41:17+00:00,-3.513620979833654e-05,0.000889313031930435,0.0
2025-09-29 12:41:18+00:00,-0.0010505022553004562,0.0008866232512815487,0.0
2025-09-29 12:41:19+00:00,0.0014659351367329876,0.0009070059869009305,0.0
2025-09-29 12:41:20+00:00,0.0006553603142895881,0.0009098418707036375,0.0
2025-09-29 12:41:21+00:00,0.0009675635053916221,0.0008553289863732929,0.0
2025-09-29 12:41:22+00:00,0.000602423972375199,0.0008524185871815633,0.0
2025-09-29 12:41:23+00:00,0.0016173826572054573,0.000872224847034782,0.0
2025-09-29 12:41:24+00:00,0.00012384835988332732,0.000867797309587879,0.0
2025-09-29 12:41:25+00:00,0.0018790383190323556,0.0008749032838637124,0.0
2025-09-29 12:41:26+00:00,0.0008614910444988411,0.0008765600066977252,0.0
2025-09-29 12:41:27+00:00,-0.00019354353544676073,0.0008683506998662548,0.0
2025-09-29 12:41:28+00:00,0.0005796494375573946,0.0008645121805520862,0.0
2025-09-29 12:41:29+00:00,0.0003693547616023807,0.0008622279074247529,0.0
2025-09-29 12:41:30+00:00,-0.0010479436349057902,0.0008690708044992548,0.0
2025-09-29 12:41:31+00:00,-0.0005057214104663421,0.0008727726766816558,0.0
2025-09-29 12:41:32+00:00,-0.0013469309374561922,0.0008930219949624644,0.0
2025-09-29 12:41:33+00:00,-0.0009384616093873754,0.0008988124177179472,0.0
2025-09-29 12:41:34+00:00,-0.00030828594719811697,0.0008974531214450068,0.0
2025-09-29 12:41:35+00:00,-0.0011915122057122307,0.000898788994287686,0.0
2025-09-29 12:41:36+00:00,-0.0006715124894740576,0.0008912392756633779,0.0
2025-09-29 12:41:37+00:00,-0.00028199028029207707,0.0008918176110149701,0.0
2025-09-29 12:41:38+00:00,0.000878253178330457,0.0008906837646706369,0.0
2025-09-29 12:41:39+00:00,-0.0001341087602279023,0.0008902842231893825,0.0
2025-09-29 12:41:40+00:00,-0.002884797563510566,0.0009710363423180782,1.0
2025-09-29 12:41:41+00:00,-0.0011202977145903237,0.0009768272560935903,1.0
2025-09-29 12:41:42+00:00,-2.6317398469366537e-06,0.0009764706450027142,1.0
2025-09-29 12:41:43+00:00,-0.001444509754076062,0.0009950453514548856,1.0
2025-09-29 12:41:44+00:00,-0.0015275974768558243,0.001011747996291768,1.0
2025-09-29 12:41:45+00:00,0.00020407568453850722,0.0010028504224704336,1.0
2025-09-29 12:41:46+00:00,-0.00121433960995454,0.001010800870463599,1.0
2025-09-29 12:41:47+00:00,-0.0002370475145463402,0.0009845177043172409,1.0
2025-09-29 12:41:48+00:00,0.0026240996106847714,0.0010356410510669522,1.0
2025-09-29 12:41:49+00:00,-0.0003345023954715032,0.0010366235894589263,1.0
2025-09-29 12:41:50+00:00,-0.0012549525087053315,0.0010473183228780583,1.0
2025-09-29 12:41:51+00:00,-0.0009940447244743966,0.001049094162562053,1.0
2025-09-29 12:41:52+00:00,-6.347424745811736e-06,0.001047129049245053,1.0
2025-09-29 12:41:53+00:00,0.00012668876161314735,0.001014068269904423,1.0
2025-09-29 12:41:54+00:00,0.0003872953069858909,0.0010094167088380592,1.0
2025-09-29 12:41:55+00:00,0.0006125375169361291,0.0010114051084580472,1.0
2025-09-29 12:41:56+00:00,-0.00027406165401200333,0.0010111099869610214,1.0
2025-09-29 12:41:57+00:00,-0.0006333465142593919,0.0010066192049629403,1.0
2025-09-29 12:41:58+00:00,0.00044065384644609296,0.001007841096041638,1.0
2025-09-29 12:41:59+00:00,-0.0009709516334369672,0.001014003849596338,1.0
2025-09-29 12:42:00+00:00,0.0009734284181606156,0.0010180207070868818,1.0
2025-09-29 12:42:01+00:00,-0.00023940193161708923,0.001018750163933558,1.0
2025-09-29 12:42:02+00:00,-0.000698220018360618,0.0010211467941834576,1.0
2025-09-29 12:42:03+00:00,-0.00027395872109969854,0.001018422121725867,1.0
2025-09-29 12:42:04+00:00,0.0011480331337871963,0.0010257541774662013,1.0
2025-09-29 12:42:05+00:00,-8.843965867466608e-05,0.0010245307557497439,1.0
2025-09-29 12:42:06+00:00,0.0008535963979294792,0.0010261526541920796,1.0
2025-09-29 12:42:07+00:00,0.001448555209846214,0.0010143366582293285,1.0
2025-09-29 12:42:08+00:00,-0.00011971065247340373,0.0010139960954751866,1.0
2025-09-29 12:42:09+00:00,0.0009163363906730115,0.0010169146168912992,1.0
2025-09-29 12:42:10+00:00,0.0010939630744100093,0.0010222645567717905,1.0
2025-09-29 12:42:11+00:00,-0.0006997371320404122,0.0010106594507317207,1.0
2025-09-29 12:42:12+00:00,-0.0005669676458087691,0.001003662311129503,1.0
2025-09-29 12:42:13+00:00,0.0013064708021395255,0.0010147681344301006,1.0
2025-09-29 12:42:14+00:00,0.0002830515172409509,0.0009864648042322605,1.0
2025-09-29 12:42:15+00:00,-0.003149532002083677,0.0010662313004735319,1.0
2025-09-29 12:42:16+00:00,0.0002952357037881992,0.0010633261602567448,1.0
2025-09-29 12:42:17+00:00,-0.0009004640034757649,0.0010688082646487281,1.0
2025-09-29 12:42:18+00:00,-0.000828625814478956,0.0010657608312708755,1.0
2025-09-29 12:42:19+00:00,0.0008227408670589131,0.0010531813696003677,1.0
2025-09-29 12:42:20+00:00,-0.001633492203294229,0.0010673208894552983,1.0
2025-09-29 12:42:21+00:00,0.0010322433760439065,0.0010684717429730896,1.0
2025-09-29 12:42:22+00:00,0.0002298145131254259,0.001065276073262671,1.0
2025-09-29 12:42:23+00:00,0.0017670614699270004,0.0010695963842363846,1.0
2025-09-29 12:42:24+00:00,0.00046972157688052185,0.0010718862497125189,1.0
2025-09-29 12:42:25+00:00,-0.0007272299798480875,0.0010419526206150536,1.0
2025-09-29 12:42:26+00:00,0.00031506054290986185,0.0010352213483318577,1.0
2025-09-29 12:42:27+00:00,0.00035839945130855533,0.001037468591670012,1.0
2025-09-29 12:42:28+00:00,-0.00023853631991810342,0.0010329233413838596,1.0
2025-09-29 12:42:29+00:00,0.000507414983928145,0.0010343106432821666,1.0
2025-09-29 12:42:30+00:00,0.0006298905355757167,0.0010329418719125147,1.0
2025-09-29 12:42:31+00:00,0.0003304241678052655,0.0010336369345617684,1.0
2025-09-29 12:42:32+00:00,-0.0012560798268518303,0.0010318911185757274,1.0
2025-09-29 12:42:33+00:00,-0.00020200589829222348,0.0010264754840073876,1.0
2025-09-29 12:42:34+00:00,0.00033544070614666133,0.001027811586873258,1.0
2025-09-29 12:42:35+00:00,-0.00011893424160047683,0.0010179063256241768,1.0
2025-09-29 12:42:36+00:00,0.0014441568479874878,0.0010339029499360681,1.0
2025-09-29 12:42:37+00:00,0.001034361418255303,0.0010429038211160336,1.0
2025-09-29 12:42:38+00:00,-0.0004240446415125776,0.0010371795173310715,1.0
2025-09-29 12:42:39+00:00,-0.002030808767830905,0.0010681216684867714,1.0
2025-09-29 12:42:40+00:00,-0.00017918877921130338,0.001003051181367192,1.0
2025-09-29 12:42:41+00:00,-0.00026834785778628856,0.0009934836004053098,1.0
2025-09-29 12:42:42+00:00,-0.0009938519653827083,0.00100130258916825,1.0
2025-09-29 12:42:43+00:00,0.0011989285321045706,0.0009967051262498548,1.0
2025-09-29 12:42:44+00:00,0.00042431388444774676,0.0009776139098366006,1.0
2025-09-29 12:42:45+00:00,-0.0001366423840090114,0.0009776004675177716,1.0
2025-09-29 12:42:46+00:00,0.000117594618820549,0.0009639247705734883,1.0
2025-09-29 12:42:47+00:00,0.00011150964957273857,0.0009632106532722277,1.0
2025-09-29 12:42:48+00:00,0.000915641415416335,0.0009097959880509175,0.0
2025-09-29 12:42:49+00:00,-0.0009929828661348061,0.0009181775028639134,0.0
2025-09-29 12:42:50+00:00,0.002134707674557701,0.0009425369710911676,0.0
2025-09-29 12:42:51+00:00,0.0003545666914004375,0.0009326724490427466,0.0
2025-09-29 12:42:52+00:00,0.0006255788056435119,0.0009350605176782683,0.0
2025-09-29 12:42:53+00:00,0.0018814139232004035,0.0009627289065031621,1.0
2025-09-29 12:42:54+00:00,0.0017905769521433523,0.0009857104381101108,1.0
2025-09-29 12:42:55+00:00,0.00020872770387336814,0.0009839403513079955,1.0
2025-09-29 12:42:56+00:00,0.0012806935395477392,0.000992945851622274,1.0
2025-09-29 12:42:57+00:00,0.0001394724568624106,0.000987232489920674,1.0
2025-09-29 12:42:58+00:00,0.00044236619451543113,0.0009872398434190319,1.0
2025-09-29 12:42:59+00:00,0.0008761766792733106,0.0009791464789670708,1.0
2025-09-29 12:43:00+00:00,0.001266827855683772,0.0009836840586451385,1.0
2025-09-29 12:43:01+00:00,-0.0018333764415210396,0.0010174403336606539,1.0
2025-09-29 12:43:02+00:00,-0.00020228941433220182,0.0010120155207247428,1.0
2025-09-29 12:43:03+00:00,0.00014059501688956644,0.0010100772853739038,1.0
2025-09-29 12:43:04+00:00,-0.0012041319901572312,0.0010188848202361664,1.0
2025-09-29 12:43:05+00:00,0.0009819370683503692,0.001023527921195282,1.0
2025-09-29 12:43:06+00:00,-0.000516214567879647,0.001023850061180466,1.0
2025-09-29 12:43:07+00:00,-0.002307040433223828,0.001058660269735925,1.0
2025-09-29 12:43:08+00:00,-0.000698244499266476,0.0010634016229787932,1.0
2025-09-29 12:43:09+00:00,0.00033011145676531406,0.001058448576650616,1.0
2025-09-29 12:43:10+00:00,0.0014914366429756853,0.0010660584624659407,1.0
2025-09-29 12:43:11+00:00,-0.00015556002620209508,0.0010614780271244555,1.0
2025-09-29 12:43:12+00:00,0.0006153873439294077,0.0010597621964998256,1.0
2025-09-29 12:43:13+00:00,0.0005047296594629103,0.001049617078816701,1.0
2025-09-29 12:43:14+00:00,0.0004160976230189739,0.0010501260331110232,1.0
2025-09-29 12:43:15+00:00,0.00036318179264038797,0.0009590851837752415,1.0
2025-09-29 12:43:16+00:00,-0.0020605140115182996,0.0010012581035907047,1.0
2025-09-29 12:43:17+00:00,0.0007471408674402102,0.0009950077858677726,1.0
2025-09-29 12:43:18+00:00,0.0010908261422633014,0.0009935233462607309,1.0
2025-09-29 12:43:19+00:00,0.0014721291249883972,0.0010039877868333602,1.0
2025-09-29 12:43:20+00:00,0.0012343057257833134,0.0009831088293933761,1.0
2025-09-29 12:43:21+00:00,0.0020009296667726773,0.0010038889563261332,1.0
2025-09-29 12:43:22+00:00,0.0005654371367147526,0.0010046117498634219,1.0
2025-09-29 12:43:23+00:00,0.00022723202455532387,0.0009852750333319558,1.0
2025-09-29 12:43:24+00:00,0.001081987116262395,0.0009907744370163717,1.0
2025-09-29 12:43:25+00:00,2.9823270178308547e-05,0.0009828116563032742,1.0
2025-09-29 12:43:26+00:00,-0.00045719665995325176,0.000987257961846796,1.0
2025-09-29 12:43:27+00:00,0.00011598547086943967,0.0009873324351973964,1.0
2025-09-29 12:43:28+00:00,0.0004312446650167612,0.000985464620294492,1.0
2025-09-29 12:43:29+00:00,-0.0007812454539387614,0.0009940798928204507,1.0
2025-09-29 12:43:30+00:00,-0.0002955247836956554,0.0009951500156691073,1.0
2025-09-29 12:43:31+00:00,-0.0013720673985976317,0.001016209505224803,1.0
2025-09-29 12:43:32+00:00,-0.001100353014713118,0.0010126228290642072,1.0
2025-09-29 12:43:33+00:00,0.0020762953291175723,0.0010395908242928186,1.0
2025-09-29 12:43:34+00:00,0.0010599155768256097,0.0010449174292670902,1.0
2025-09-29 12:43:35+00:00,-0.0007793191698319824,0.0010523381479167094,1.0
2025-09-29 12:43:36+00:00,5.689734343028441e-05,0.0010406208546334282,1.0
2025-09-29 12:43:37+00:00,0.0016077189808130221,0.0010508319290838993,1.0
2025-09-29 12:43:38+00:00,8.469615664896679e-05,0.0010475368130640182,1.0
2025-09-29 12:43:39+00:00,0.00013541621833867978,0.0010045515439418167,1.0
2025-09-29 12:43:40+00:00,-0.00220108264891139,0.0010526894557895295,1.0
2025-09-29 12:43:41+00:00,-2.4438715205965522e-05,0.001051171169988641,1.0
2025-09-29 12:43:42+00:00,0.0005925295978745915,0.0010394454753063671,1.0
2025-09-29 12:43:43+00:00,-0.0020143389412300428,0.0010729287323552332,1.0
2025-09-29 12:43:44+00:00,0.0007620260137615187,0.0010749300868426396,1.0
2025-09-29 12:43:45+00:00,0.0009968312389150302,0.0010785014706705543,1.0
2025-09-29 12:43:46+00:00,-0.00041389576957140406,0.0010816966352326955,1.0
2025-09-29 12:43:47+00:00,0.0005096322127779995,0.001082175197649064,1.0
2025-09-29 12:43:48+00:00,0.0009049835322287869,0.0010820628104854647,1.0
2025-09-29 12:43:49+00:00,0.0002605855498145626,0.0010699461070709391,1.0
2025-09-29 12:43:50+00:00,0.0008056686215567321,0.0010438717497358435,1.0
2025-09-29 12:43:51+00:00,-0.00010040866212501776,0.0010446460327579068,1.0
2025-09-29 12:43:52+00:00,-0.0009708495164370001,0.001054634417659665,1.0
2025-09-29 12:43:53+00:00,0.0004805349788390423,0.001032079530166346,1.0
2025-09-29 12:43:54+00:00,0.001977460223551164,0.0010372968725384571,1.0
2025-09-29 12:43:55+00:00,0.0004901701357209465,0.0010380590814027394,1.0
2025-09-29 12:43:56+00:00,-0.00036347200077768704,0.0010303439161991235,1.0
2025-09-29 12:43:57+00:00,0.0013366990740264484,0.0010414999166311644,1.0
2025-09-29 12:43:58+00:00,-0.0001788721664598425,0.0010419205629366365,1.0
2025-09-29 12:43:59+00:00,7.816822216444308e-05,0.001037815073925374,1.0
2025-09-29 12:44:00+00:00,-0.0008880989140760409,0.0010359680125972593,1.0
2025-09-29 12:44:01+00:00,0.0016726399869595454,0.001022773869669242,1.0
2025-09-29 12:44:02+00:00,-2.2703939543622376e-05,0.001021906290892847,1.0
2025-09-29 12:44:03+00:00,0.0018944409822525543,0.0010455584208014885,1.0
2025-09-29 12:44:04+00:00,-0.0007700923121066738,0.0010370782565591852,1.0
2025-09-29 12:44:05+00:00,-0.0003857568836919123,0.0010350057689737517,1.0
2025-09-29 12:44:06+00:00,0.0013083445857280385,0.0010405719702952863,1.0
2025-09-29 12:44:07+00:00,0.0005725923078645501,0.0009868544089532505,1.0
2025-09-29 12:44:08+00:00,0.0003710359775148664,0.0009786482249811495,1.0
2025-09-29 12:44:09+00:00,0.0003669192662649756,0.000978685144985084,1.0
2025-09-29 12:44:10+00:00,-0.0012852868051570487,0.0009865730103358434,1.0
2025-09-29 12:44:11+00:00,-0.0006022010419010071,0.0009913173429171355,1.0
2025-09-29 12:44:12+00:00,0.00010799331973587734,0.000990199894430256,1.0
2025-09-29 12:44:13+00:00,0.0006603832976064261,0.0009911387082300479,1.0
2025-09-29 12:44:14+00:00,0.0012807762298294723,0.0010001165645253975,1.0
2025-09-29 12:44:15+00:00,0.0005924476466989681,0.0010010104819996718,1.0
2025-09-29 12:44:16+00:00,-0.0006548933854867434,0.000961707378883564,1.0
2025-09-29 12:44:17+00:00,0.0005143924022399382,0.0009602306573817501,1.0
2025-09-29 12:44:18+00:00,0.0003022191523656126,0.0009541704174060885,1.0
2025-09-29 12:44:19+00:00,-0.0002722601057897345,0.000942996054636388,0.0
2025-09-29 12:44:20+00:00,0.0002130784862623969,0.0009336747243504295,0.0
2025-09-29 12:44:21+00:00,-0.003218168521667897,0.001004419531147462,1.0
2025-09-29 12:44:22+00:00,0.0006832624135946208,0.0010054141386163613,1.0
2025-09-29 12:44:23+00:00,0.0006793741329567116,0.0010078859656736472,1.0
2025-09-29 12:44:24+00:00,0.0006473409042011546,0.0010024925987954225,1.0
2025-09-29 12:44:25+00:00,-0.0003816315529406866,0.0010045607712057746,1.0
2025-09-29 12:44:26+00:00,-0.000878251373839456,0.0010101043848152799,1.0
2025-09-29 12:44:27+00:00,0.00019345382295399283,0.001010160039246876,1.0
2025-09-29 12:44:28+00:00,0.00017733943223463555,0.0010093338256846123,1.0
2025-09-29 12:44:29+00:00,0.0009555439070694227,0.0010082938088562577,1.0
2025-09-29 12:44:30+00:00,-0.002251704122094189,0.0010531535623996763,1.0
2025-09-29 12:44:31+00:00,-0.0013778816117405723,0.0010532920016427785,1.0
2025-09-29 12:44:32+00:00,-0.00038208311426324304,0.001043400731726141,1.0
2025-09-29 12:44:33+00:00,0.0007397624741061204,0.001014725484952474,1.0
2025-09-29 12:44:34+00:00,-0.0010285934131876173,0.0010168579960937068,1.0
2025-09-29 12:44:35+00:00,0.0011858367267305603,0.0010210235425215754,1.0
2025-09-29 12:44:36+00:00,0.0026105970425180924,0.001071504751294193,1.0
2025-09-29 12:44:37+00:00,0.0011162028517917033,0.0010618885026921234,1.0
2025-09-29 12:44:38+00:00,0.00011782417973216219,0.001061874971736876,1.0
2025-09-29 12:44:39+00:00,-0.0001094410191668782,0.0010623129921668725,1.0
2025-09-29 12:44:40+00:00,-0.00041392726088818055,0.0010202655307712154,1.0
2025-09-29 12:44:41+00:00,7.410212663705451e-06,0.0010201800207751157,1.0
2025-09-29 12:44:42+00:00,0.0008215434037017744,0.0010222772314504608,1.0
2025-09-29 12:44:43+00:00,-0.000424889382206195,0.0009849649664716163,1.0
2025-09-29 12:44:44+00:00,0.0015116440992006819,0.0009971047783192757,1.0
2025-09-29 12:44:45+00:00,0.0006812819735273479,0.000993636273200159,1.0
2025-09-29 12:44:46+00:00,-0.00011020326699429095,0.0009912739229407165,1.0
2025-09-29 12:44:47+00:00,0.0007475563773224891,0.000993024295055175,1.0
2025-09-29 12:44:48+00:00,0.0003309589040467742,0.0009888729662104467,1.0
2025-09-29 12:44:49+00:00,0.0007133171751820822,0.0009911425364144378,1.0
2025-09-29 12:44:50+00:00,0.0012064542343730444,0.0009966432018973913,1.0
2025-09-29 12:44:51+00:00,0.0005912530042828656,0.0009970556236458105,1.0
2025-09-29 12:44:52+00:00,-0.0005422673557122781,0.0009899175742638727,1.0
2025-09-29 12:44:53+00:00,-0.0003077554561375928,0.0009916746753850833,1.0
2025-09-29 12:44:54+00:00,0.00023687407034711505,0.0009641755607630157,1.0
2025-09-29 12:44:55+00:00,0.0005613544561833272,0.0009646059984347419,1.0
2025-09-29 12:44:56+00:00,-0.0007160134365155058,0.0009690502631654673,1.0
2025-09-29 12:44:57+00:00,-0.001809796657967655,0.0009901058228043637,1.0
2025-09-29 12:44:58+00:00,0.0008360804351847939,0.0009935082519518012,1.0
2025-09-29 12:44:59+00:00,4.24782457963957e-05,0.0009935571281755042,1.0
2025-09-29 12:45:00+00:00,0.0009037166273813124,0.000989040576188571,1.0
2025-09-29 12:45:01+00:00,-0.0012005003329401687,0.0009846068363569074,1.0
2025-09-29 12:45:02+00:00,-0.0010172794842328026,0.0009954019310858197,1.0
2025-09-29 12:45:03+00:00,-0.0006254050921994381,0.0009715249756408035,1.0
2025-09-29 12:45:04+00:00,0.0009178197690353773,0.0009714098827691989,1.0
2025-09-29 12:45:05+00:00,0.001153178326352089,0.0009788740264071825,1.0
2025-09-29 12:45:06+00:00,-0.0015416643139806174,0.0009892021398056612,1.0
2025-09-29 12:45:07+00:00,-5.160404556714404e-05,0.0009871067953426834,1.0
2025-09-29 12:45:08+00:00,0.0003095682902882757,0.0009868099302069314,1.0
2025-09-29 12:45:09+00:00,0.0005868643791790973,0.0009883820948022465,1.0
2025-09-29 12:45:10+00:00,-0.0006422315016050284,0.00097694291484453,1.0
2025-09-29 12:45:11+00:00,0.0005032526843895546,0.000974415179022679,1.0
2025-09-29 12:45:12+00:00,0.0010626761576735255,0.0009824527178531283,1.0
2025-09-29 12:45:13+00:00,-0.000855527309774784,0.0009874668470977756,1.0
2025-09-29 12:45:14+00:00,0.000411086064294075,0.0009758872965724679,1.0
2025-09-29 12:45:15+00:00,0.0006447096191377621,0.0009763869617502195,1.0
2025-09-29 12:45:16+00:00,-0.0003455343499315644,0.0009733147852030061,1.0
2025-09-29 12:45:17+00:00,0.0006968937289628663,0.000974999528332676,1.0
2025-09-29 12:45:18+00:00,0.0009648238830641809,0.0009813304596487697,1.0
2025-09-29 12:45:19+00:00,-0.0001674331431331666,0.000980772023566607,1.0
2025-09-29 12:45:20+00:00,0.0005017675141996136,0.0009820963981010448,1.0
2025-09-29 12:45:21+00:00,-0.001424902305588005,0.0009037456671180465,0.0
2025-09-29 12:45:22+00:00,-0.0009535750624563022,0.000911253626743167,0.0
2025-09-29 12:45:23+00:00,-0.0005477069041861515,0.0009117267814935571,0.0
2025-09-29 12:45:24+00:00,-0.0008883594865853883,0.0009169663316008652,0.0
2025-09-29 12:45:25+00:00,-0.0003382795677302486,0.0009166368786743549,0.0
2025-09-29 12:45:26+00:00,-0.0005604416302457116,0.0009120802846692078,0.0
2025-09-29 12:45:27+00:00,0.003182812726971518,0.0009973360007853548,1.0
2025-09-29 12:45:28+00:00,-0.0005398902920561444,0.0010007660322129803,1.0
2025-09-29 12:45:29+00:00,0.00012329520230225377,0.0009943786404341137,1.0
2025-09-29 12:45:30+00:00,0.00036662956732635976,0.000946586911133329,0.0
2025-09-29 12:45:31+00:00,-0.0015622898356117965,0.000951832201972904,1.0
2025-09-29 12:45:32+00:00,0.0016174197423388659,0.0009687603952776713,1.0
2025-09-29 12:45:33+00:00,0.00041087364717284913,0.0009663210102401289,1.0
2025-09-29 12:45:34+00:00,0.0005087097382328043,0.0009548763129904893,1.0
2025-09-29 12:45:35+00:00,-0.001332357822886987,0.0009649726946010056,1.0
2025-09-29 12:45:36+00:00,0.0002607309129445401,0.0009087535898143386,0.0
2025-09-29 12:45:37+00:00,-0.0005094308111098789,0.0009019587169874604,0.0
2025-09-29 12:45:38+00:00,-0.00079366434654915,0.0009087313743670271,0.0
2025-09-29 12:45:39+00:00,-0.0003867715140642991,0.000910267237290472,0.0
2025-09-29 12:45:40+00:00,-0.0017305025750599112,0.0009370357919134799,0.0
2025-09-29 12:45:41+00:00,-3.873265985832042e-05,0.0009370692512629049,0.0
2025-09-29 12:45:42+00:00,0.0014387942889491079,0.000949281545774079,0.0
2025-09-29 12:45:43+00:00,-0.0004929907747627249,0.0009498804505254008,0.0
2025-09-29 12:45:44+00:00,0.0002061780710529426,0.0009301886953861333,0.0
2025-09-29 12:45:45+00:00,0.00013597155514655235,0.0009261883934389501,0.0
2025-09-29 12:45:46+00:00,0.0010250294031908247,0.000935399829525884,0.0
2025-09-29 12:45:47+00:00,-0.00014240412972665872,0.0009307323074743244,0.0
2025-09-29 12:45:48+00:00,0.00023186774442640612,0.0009302344892884631,0.0
2025-09-29 12:45:49+00:00,0.0027494062272692688,0.000991631637274009,1.0
2025-09-29 12:45:50+00:00,-0.0001235836340227614,0.0009798817240731633,1.0
2025-09-29 12:45:51+00:00,-0.0006606240524368312,0.0009807649540127658,1.0
2025-09-29 12:45:52+00:00,-0.0008773335851751662,0.000984825494987868,1.0
2025-09-29 12:45:53+00:00,-0.0010974956073174225,0.0009941076645756176,1.0
2025-09-29 12:45:54+00:00,0.00022306291395235434,0.0009940480543665679,1.0
2025-09-29 12:45:55+00:00,0.00033756732917100685,0.0009922354120296733,1.0
2025-09-29 12:45:56+00:00,0.0010468270221901665,0.000997573068137855,1.0
2025-09-29 12:45:57+00:00,-0.0004129222179527492,0.0009704968831629665,1.0
2025-09-29 12:45:58+00:00,-0.0008277876097918524,0.00097071863915324,1.0
2025-09-29 12:45:59+00:00,-0.0009314422119065524,0.000978075700224587,1.0
2025-09-29 12:46:00+00:00,-0.0024046718625090335,0.0010176693160225158,1.0
2025-09-29 12:46:01+00:00,-0.0010061269255178251,0.001014324663638034,1.0
2025-09-29 12:46:02+00:00,-0.0014267609345762766,0.0010221521380769252,1.0
2025-09-29 12:46:03+00:00,0.0017185810075781571,0.0010453683322414718,1.0
2025-09-29 12:46:04+00:00,0.0009407730860013785,0.0010457281751260724,1.0
2025-09-29 12:46:05+00:00,-0.0007363382434891763,0.0010376807133494028,1.0
2025-09-29 12:46:06+00:00,0.0015083369703463578,0.001039025244021782,1.0
2025-09-29 12:46:07+00:00,-0.0002181368644093018,0.0010393382257270236,1.0
2025-09-29 12:46:08+00:00,-0.00027142722033624,0.0010389123359451885,1.0
2025-09-29 12:46:09+00:00,0.0007889102936953218,0.0010412727830600272,1.0
2025-09-29 12:46:10+00:00,-0.0023853098346834356,0.0010822290724777073,1.0
2025-09-29 12:46:11+00:00,-0.00038862805500861075,0.0010805356477441876,1.0
2025-09-29 12:46:12+00:00,-0.001095888628756092,0.0010780732363409261,1.0
2025-09-29 12:46:13+00:00,0.0006841613585570894,0.0010782843736640048,1.0
2025-09-29 12:46:14+00:00,0.0003276254635204978,0.0010776917279542299,1.0
2025-09-29 12:46:15+00:00,-0.0006130847280521046,0.0010755282006112417,1.0
2025-09-29 12:46:16+00:00,0.0003875421384753608,0.0010769000452148661,1.0
2025-09-29 12:46:17+00:00,0.00018186693424193656,0.0010725514849091262,1.0
2025-09-29 12:46:18+00:00,0.0006263392670859957,0.001067733571710124,1.0
2025-09-29 12:46:19+00:00,0.0002855379645987366,0.0010688921471458154,1.0
2025-09-29 12:46:20+00:00,0.0011304068739310669,0.0010779174671834153,1.0
2025-09-29 12:46:21+00:00,-0.00036562057843314566,0.00106423627027918,1.0
2025-09-29 12:46:22+00:00,-0.0007363819659288451,0.0010615468107422002,1.0
2025-09-29 12:46:23+00:00,-0.0011435241540425078,0.0010688847276552472,1.0
2025-09-29 12:46:24+00:00,0.0008774552830379534,0.0010704627378125098,1.0
2025-09-29 12:46:25+00:00,0.0005940393064665095,0.0010729287595865342,1.0
2025-09-29 12:46:26+00:00,-0.0009062935849679654,0.0010767403355088866,1.0
2025-09-29 12:46:27+00:00,-0.0008862838227677861,0.0009955664988423373,1.0
2025-09-29 12:46:28+00:00,0.0011130875391143213,0.0010061477827845611,1.0
2025-09-29 12:46:29+00:00,-0.00013078927705090226,0.001005822434485385,1.0
2025-09-29 12:46:30+00:00,-0.0007395353786127101,0.0010075985730426515,1.0
2025-09-29 12:46:31+00:00,-0.0009028167622951999,0.0009948972298087539,1.0
2025-09-29 12:46:32+00:00,-0.00044103291553021506,0.0009702312693004917,1.0
2025-09-29 12:46:33+00:00,-0.00034756608053609916,0.0009680879300346327,1.0
2025-09-29 12:46:34+00:00,-0.0008014421708987252,0.0009680693670614883,1.0
2025-09-29 12:46:35+00:00,-0.0005067623912560215,0.000956898704268226,1.0
2025-09-29 12:46:36+00:00,-0.0006724440992827985,0.0009577866676497923,1.0
2025-09-29 12:46:37+00:00,0.0009556203099623239,0.0009673514755929867,1.0
2025-09-29 12:46:38+00:00,-9.562176268362865e-05,0.0009634912613519225,1.0
2025-09-29 12:46:39+00:00,0.0022652294399241324,0.0010108888787995502,1.0
2025-09-29 12:46:40+00:00,0.00011043965459811567,0.00098760249586158,1.0
2025-09-29 12:46:41+00:00,-0.0019278339221826535,0.0010169477048700725,1.0
2025-09-29 12:46:42+00:00,-0.0006211222544590944,0.0009994093965366973,1.0
2025-09-29 12:46:43+00:00,0.00022828790806239674,0.0009991207625383038,1.0
2025-09-29 12:46:44+00:00,0.0006469775676096745,0.0010030437608962955,1.0
2025-09-29 12:46:45+00:00,0.0005089642335736055,0.0010056544885933812,1.0
2025-09-29 12:46:46+00:00,0.001114178560326362,0.0010073929578548846,1.0
2025-09-29 12:46:47+00:00,-0.0006203727658522507,0.0010097200045061925,1.0
2025-09-29 12:46:48+00:00,0.0002162657664444012,0.0010096362308724231,1.0
2025-09-29 12:46:49+00:00,0.00039095245800258027,0.0009405280464766997,0.0
2025-09-29 12:46:50+00:00,0.0002477926792558982,0.0009418271237086806,0.0
2025-09-29 12:46:51+00:00,0.00023901842943097051,0.0009403809491704463,0.0
2025-09-29 12:46:52+00:00,0.0015547287345658578,0.0009591512664037389,1.0
2025-09-29 12:46:53+00:00,-0.0009872578804810406,0.0009572602602389205,1.0
2025-09-29 12:46:54+00:00,0.001580452899634377,0.0009801110249975068,1.0
2025-09-29 12:46:55+00:00,0.00023733424204053222,0.000979526124772069,1.0
2025-09-29 12:46:56+00:00,-0.0009831170565270941,0.0009760250705829011,1.0
2025-09-29 12:46:57+00:00,-0.0013151971528301276,0.0009880468146288937,1.0
2025-09-29 12:46:58+00:00,0.0007240257348821721,0.0009889722952991279,1.0
2025-09-29 12:46:59+00:00,-0.00012726556758491103,0.0009825798453710355,1.0
2025-09-29 12:47:00+00:00,-0.0003186468956150046,0.0009339236029649278,0.0
2025-09-29 12:47:01+00:00,-0.0004513300079143079,0.0009267697215758658,0.0
2025-09-29 12:47:02+00:00,0.001800366824408428,0.0009371126548221755,0.0
2025-09-29 12:47:03+00:00,-0.00013366685422444569,0.0009109373309777841,0.0
2025-09-29 12:47:04+00:00,-0.002597095785466186,0.0009624874531614016,1.0
2025-09-29 12:47:05+00:00,-0.0015656444916849477,0.0009783008183042081,1.0
2025-09-29 12:47:06+00:00,-0.00024513747212362436,0.0009564139534210686,1.0
2025-09-29 12:47:07+00:00,-0.0013919065751408777,0.0009708619954568751,1.0
2025-09-29 12:47:08+00:00,0.000428609235088695,0.000973153579344268,1.0
2025-09-29 12:47:09+00:00,0.0005530203333612427,0.0009699592167397601,1.0
2025-09-29 12:47:10+00:00,-0.0010695962359280609,0.0009317024970191949,0.0
2025-09-29 12:47:11+00:00,-0.0007438695173307419,0.0009347862874568873,0.0
2025-09-29 12:47:12+00:00,-0.0009620755532705472,0.0009325055865798442,0.0
2025-09-29 12:47:13+00:00,0.0018563095747388125,0.0009608257906784016,1.0
2025-09-29 12:47:14+00:00,0.0007789788549139587,0.0009657417103198162,1.0
2025-09-29 12:47:15+00:00,-0.0015354546846932937,0.0009818701310506598,1.0
2025-09-29 12:47:16+00:00,0.00043027048630661646,0.000982228430626789,1.0
2025-09-29 12:47:17+00:00,0.0012396600588371331,0.0009963380455331571,1.0
2025-09-29 12:47:18+00:00,0.0008155990410527725,0.0009988409110215867,1.0
2025-09-29 12:47:19+00:00,0.0006067756717060835,0.0010015588994789196,1.0
2025-09-29 12:47:20+00:00,0.0006839674742848967,0.000994269214804851,1.0
2025-09-29 12:47:21+00:00,-0.0005906805433071316,0.0009958730242192284,1.0
2025-09-29 12:47:22+00:00,-0.0007347815939746649,0.0009958546677289876,1.0
2025-09-29 12:47:23+00:00,0.0003410023564125453,0.000986920823851605,1.0
2025-09-29 12:47:24+00:00,0.002083499275189471,0.0010176620283729788,1.0
2025-09-29 12:47:25+00:00,5.518475940058387e-05,0.0010145530584208026,1.0
2025-09-29 12:47:26+00:00,-0.0005485259310623603,0.0010103328313897466,1.0
2025-09-29 12:47:27+00:00,8.769418088583336e-06,0.0010039097427713335,1.0
2025-09-29 12:47:28+00:00,-0.00022365766405585408,0.0009934571002711543,1.0
2025-09-29 12:47:29+00:00,0.0007056851312527979,0.0009978377916463116,1.0
2025-09-29 12:47:30+00:00,-0.00033280423965964534,0.000994194862714524,1.0
2025-09-29 12:47:31+00:00,-0.0013557535419342903,0.0010027987376517746,1.0
2025-09-29 12:47:32+00:00,0.0006372844936626265,0.0010046766676403817,1.0
2025-09-29 12:47:33+00:00,0.0022284120550306596,0.001043682134643879,1.0
2025-09-29 12:47:34+00:00,-0.0003028748129458858,0.0010387865859194342,1.0
2025-09-29 12:47:35+00:00,-0.0016419690930195019,0.0010593308072709274,1.0
2025-09-29 12:47:36+00:00,0.00018725518951501208,0.0010553887240528639,1.0
2025-09-29 12:47:37+00:00,0.00010248288417069595,0.001048715297187619,1.0
2025-09-29 12:47:38+00:00,0.0005965827874698792,0.0010510430645455713,1.0
2025-09-29 12:47:39+00:00,-0.0016967210653024978,0.0010336925353409535,1.0
2025-09-29 12:47:40+00:00,-0.0017840953840703166,0.0010583416863914113,1.0
2025-09-29 12:47:41+00:00,8.26641011726359e-05,0.0010292975643465118,1.0
2025-09-29 12:47:42+00:00,0.00017295341591494484,0.001026488348155255,1.0
2025-09-29 12:47:43+00:00,0.000897231455908809,0.001032656427535364,1.0
2025-09-29 12:47:44+00:00,0.00035504502723360254,0.0010302808563099595,1.0
2025-09-29 12:47:45+00:00,0.00021439084912944217,0.0010285310760983432,1.0
2025-09-29 12:47:46+00:00,-0.0008866090714112485,0.0010241695374810166,1.0
2025-09-29 12:47:47+00:00,-0.000522846125402765,0.001023301604703423,1.0
2025-09-29 12:47:48+00:00,0.0010994335774876518,0.001033255249253909,1.0
2025-09-29 12:47:49+00:00,0.00026626326432066527,0.0010325428219081227,1.0
2025-09-29 12:47:50+00:00,0.00024684866020341367,0.001032538669673686,1.0
2025-09-29 12:47:51+00:00,0.001364558228906576,0.0010474526856275154,1.0
2025-09-29 12:47:52+00:00,0.00138721597270286,0.0010434489667814786,1.0
2025-09-29 12:47:53+00:00,-0.001967806237146985,0.001066522555326042,1.0
2025-09-29 12:47:54+00:00,-0.0009779791340199795,0.0010524606449501385,1.0
2025-09-29 12:47:55+00:00,-0.0013275684560576373,0.0010642001200184617,1.0
2025-09-29 12:47:56+00:00,-1.3175703911905146e-05,0.0010577466402436383,1.0
2025-09-29 12:47:57+00:00,0.0009686923867269215,0.001053393232098715,1.0
2025-09-29 12:47:58+00:00,-0.0009371765792393072,0.0010549216470979372,1.0
2025-09-29 12:47:59+00:00,0.0008488043938552625,0.0010614227786529522,1.0
2025-09-29 12:48:00+00:00,0.0002590486346529808,0.001061536366638677,1.0
2025-09-29 12:48:01+00:00,0.0014800428592554038,0.0010779252073098572,1.0
2025-09-29 12:48:02+00:00,-0.001043979232470793,0.001059565870173914,1.0
2025-09-29 12:48:03+00:00,-0.0011037660798469684,0.0010681916302925144,1.0
2025-09-29 12:48:04+00:00,-0.0006792510981414868,0.0010188028042360977,1.0
2025-09-29 12:48:05+00:00,0.0011931595813923224,0.0010108540647645113,1.0
2025-09-29 12:48:06+00:00,-0.0015605543049694859,0.0010305378915578553,1.0
2025-09-29 12:48:07+00:00,-0.0011844097493810546,0.0010261698773379876,1.0
2025-09-29 12:48:08+00:00,-0.0013291900364234,0.0010384770068337784,1.0
2025-09-29 12:48:09+00:00,0.00012564185525376637,0.0010358132483017939,1.0
2025-09-29 12:48:10+00:00,-0.00021583670545433087,0.0010273376926380792,1.0
2025-09-29 12:48:11+00:00,-0.0011933643396483395,0.001034237021276604,1.0
2025-09-29 12:48:12+00:00,-0.0009170896821704133,0.0010335725096670587,1.0
2025-09-29 12:48:13+00:00,-0.001226849245835604,0.0010142521247058476,1.0
2025-09-29 12:48:14+00:00,0.0007579984360370773,0.0010139511969810594,1.0
2025-09-29 12:48:15+00:00,-0.0017123352091046318,0.0010184724414569045,1.0
2025-09-29 12:48:16+00:00,0.0010277748681577492,0.0010265628042735323,1.0
2025-09-29 12:48:17+00:00,0.00026719184127688145,0.001012914503648256,1.0
2025-09-29 12:48:18+00:00,0.00018949993840444712,0.0010065368695825986,1.0
2025-09-29 12:48:19+00:00,0.0011530388107650058,0.001015555763528116,1.0
2025-09-29 12:48:20+00:00,-0.00023736701872634214,0.001010447427364314,1.0
2025-09-29 12:48:21+00:00,-0.002388630607454756,0.0010506314865231954,1.0
2025-09-29 12:48:22+00:00,0.0007146864145051168,0.0010535175927044037,1.0
2025-09-29 12:48:23+00:00,-0.0005640625055913784,0.00105326163783809,1.0
2025-09-29 12:48:24+00:00,-0.001780891060818357,0.0010331606138336879,1.0
2025-09-29 12:48:25+00:00,0.0010185978796326545,0.001044633219704835,1.0
2025-09-29 12:48:26+00:00,-0.0005561474195046046,0.001044678635399605,1.0
2025-09-29 12:48:27+00:00,-0.00025732147243195946,0.0010444063334762602,1.0
2025-09-29 12:48:28+00:00,0.0015923554151420216,0.0010694160095255437,1.0
2025-09-29 12:48:29+00:00,-0.0005697458557329949,0.001064596347387194,1.0
2025-09-29 12:48:30+00:00,0.00019689133117206659,0.001065508251311452,1.0
2025-09-29 12:48:31+00:00,0.0005748343679938817,0.0010582721640655195,1.0
2025-09-29 12:48:32+00:00,4.4642813217921073e-05,0.0010536543762829356,1.0
2025-09-29 12:48:33+00:00,0.00021539986706575753,0.001007703587924475,1.0
2025-09-29 12:48:34+00:00,3.5992884324320684e-05,0.0010079697716587907,1.0
2025-09-29 12:48:35+00:00,5.69813743851455e-05,0.0009898278532663922,1.0
2025-09-29 12:48:36+00:00,0.0014603708391567327,0.0010105864121847084,1.0
2025-09-29 12:48:37+00:00,0.0008381680173707995,0.0010178644886971939,1.0
2025-09-29 12:48:38+00:00,0.00021411872516785557,0.001014521386882565,1.0
2025-09-29 12:48:39+00:00,-0.0013082780764964719,0.0010055008429927926,1.0
2025-09-29 12:48:40+00:00,0.00026009097768020517,0.0009823683838120374,1.0
2025-09-29 12:48:41+00:00,-0.0010318068580675854,0.0009897230852467765,1.0
2025-09-29 12:48:42+00:00,-0.00038570785705149824,0.000989740183152969,1.0
2025-09-29 12:48:43+00:00,-8.948237529182723e-05,0.0009808913278267556,1.0
2025-09-29 12:48:44+00:00,0.0010790956885187164,0.0009913044486207386,1.0
2025-09-29 12:48:45+00:00,-0.0003166100854620213,0.0009906965284678247,1.0
2025-09-29 12:48:46+00:00,-0.0017414529208834573,0.0010078699582111346,1.0
2025-09-29 12:48:47+00:00,0.00040951114867837646,0.0010090026753374005,1.0
2025-09-29 12:48:48+00:00,-0.000715970722942938,0.0009989489619161617,1.0
2025-09-29 12:48:49+00:00,9.153309176612723e-05,0.000997964830655611,1.0
2025-09-29 12:48:50+00:00,0.00014011163258320636,0.000997332473760103,1.0
2025-09-29 12:48:51+00:00,0.00020664160795003106,0.0009784319674666507,1.0
2025-09-29 12:48:52+00:00,-0.0005101406510994444,0.0009575090850658005,1.0
2025-09-29 12:48:53+00:00,-0.0010817897516263164,0.0009364956265844008,0.0
2025-09-29 12:48:54+00:00,-0.0016531493825209242,0.0009500547112197046,0.0
2025-09-29 12:48:55+00:00,-0.00014476268404262083,0.0009385376509030533,0.0
2025-09-29 12:48:56+00:00,-1.7755896549731531e-06,0.0009385739363035013,0.0
2025-09-29 12:48:57+00:00,0.00047686442151007036,0.0009304519815638457,0.0
2025-09-29 12:48:58+00:00,-0.0014423667591475509,0.0009395523588147306,0.0
2025-09-29 12:48:59+00:00,0.0017635893493133104,0.0009639692132849652,1.0
2025-09-29 12:49:00+00:00,-0.00032657345410658234,0.0009623603210024268,1.0
2025-09-29 12:49:01+00:00,-0.0006081507454569479,0.0009382217318903689,0.0
2025-09-29 12:49:02+00:00,-0.0012496511743581573,0.0009416172569113056,0.0
2025-09-29 12:49:03+00:00,-4.0036920736286064e-05,0.0009349347142694975,0.0
2025-09-29 12:49:04+00:00,0.0011125064531272155,0.0009483818846914072,0.0
2025-09-29 12:49:05+00:00,7.416326286713293e-05,0.0009316682068935115,0.0
2025-09-29 12:49:06+00:00,-0.000365347719241349,0.000914797799998435,0.0
2025-09-29 12:49:07+00:00,0.0001427843748027513,0.0009062065728874688,0.0
2025-09-29 12:49:08+00:00,0.00047586312895053773,0.0008967142710888798,0.0
2025-09-29 12:49:09+00:00,0.0011404176678231348,0.0009111089675509118,0.0
2025-09-29 12:49:10+00:00,-0.0009079637718039102,0.0009167709584963351,0.0
2025-09-29 12:49:11+00:00,0.0015458724854975348,0.00093084185703267,0.0
2025-09-29 12:49:12+00:00,0.00030960885871689214,0.0009256214219464848,0.0
2025-09-29 12:49:13+00:00,0.0008759624299095048,0.0009205048540071218,0.0
2025-09-29 12:49:14+00:00,-0.00015511151799063594,0.0009148643216072021,0.0
2025-09-29 12:49:15+00:00,-0.0015688904338884146,0.0009105992068098526,0.0
2025-09-29 12:49:16+00:00,-0.0009645992009791327,0.0009073885368350483,0.0
2025-09-29 12:49:17+00:00,-0.0008287329998647452,0.0009114775412530353,0.0
2025-09-29 12:49:18+00:00,0.001334465343140634,0.0009292346468829123,0.0
2025-09-29 12:49:19+00:00,-0.0010257496522458887,0.0009231573164729051,0.0
2025-09-29 12:49:20+00:00,-0.00014912419521284637,0.0009230162805619523,0.0
2025-09-29 12:49:21+00:00,-0.0002087233289538304,0.0008731804475581721,0.0
2025-09-29 12:49:22+00:00,-4.450955065604667e-05,0.0008671092466316384,0.0
2025-09-29 12:49:23+00:00,0.003235383432729444,0.0009645518690358247,1.0
2025-09-29 12:49:24+00:00,-0.000738067074003923,0.0009413730472025918,0.0
2025-09-29 12:49:25+00:00,0.0001237155998479178,0.0009319861247362097,0.0
2025-09-29 12:49:26+00:00,0.000245625108445946,0.0009298556411819419,0.0
2025-09-29 12:49:27+00:00,-7.656092410979198e-05,0.0009293091487919028,0.0
2025-09-29 12:49:28+00:00,0.0009200365172450375,0.0009137106448593646,0.0
2025-09-29 12:49:29+00:00,-0.00018297494846009066,0.0009110611474430179,0.0
2025-09-29 12:49:30+00:00,0.0006735462201767906,0.0009149159439885493,0.0
2025-09-29 12:49:31+00:00,-0.0007456594393108196,0.0009168213689045544,0.0
2025-09-29 12:49:32+00:00,0.0004991067069637367,0.0009192255462545998,0.0
2025-09-29 12:49:33+00:00,0.001978498367161352,0.0009541003407366846,1.0
2025-09-29 12:49:34+00:00,0.0016195108255785406,0.0009762365465646311,1.0
2025-09-29 12:49:35+00:00,-0.0007454634123438275,0.0009815504650503531,1.0
2025-09-29 12:49:36+00:00,0.0020229236903481773,0.000997979505657467,1.0
2025-09-29 12:49:37+00:00,-0.000533873278318886,0.0009951168902194497,1.0
2025-09-29 12:49:38+00:00,-8.456305501447492e-05,0.0009948664372765002,1.0
2025-09-29 12:49:39+00:00,0.0018087692458106375,0.0010060198229871413,1.0
2025-09-29 12:49:40+00:00,-0.0015401487999981978,0.0010267354575056362,1.0
2025-09-29 12:49:41+00:00,-0.0012012469334602427,0.0010299474305102308,1.0
2025-09-29 12:49:42+00:00,-0.001189430811589065,0.0010406456393941641,1.0
2025-09-29 12:49:43+00:00,0.0014027482271703473,0.001055736226249922,1.0
2025-09-29 12:49:44+00:00,0.0012560254957594275,0.0010589196652551858,1.0
2025-09-29 12:49:45+00:00,-0.001060541887645039,0.001067564736027561,1.0
2025-09-29 12:49:46+00:00,6.43003372449158e-05,0.0010418005068470598,1.0
2025-09-29 12:49:47+00:00,0.0003123789988297432,0.0010413303590348251,1.0
2025-09-29 12:49:48+00:00,0.0002877799246796542,0.0010366612835138516,1.0
2025-09-29 12:49:49+00:00,0.0002747800803697409,0.0010369674697283085,1.0
2025-09-29 12:49:50+00:00,-0.0007857529310623113,0.0010429667183155399,1.0
2025-09-29 12:49:51+00:00,-0.00046001564851294585,0.0010450033459239933,1.0
2025-09-29 12:49:52+00:00,-0.0009755417676076128,0.0010509864236529262,1.0
2025-09-29 12:49:53+00:00,-0.0007114456350431064,0.001045309897093527,1.0
2025-09-29 12:49:54+00:00,0.00021828913822807827,0.001021138132196136,1.0
2025-09-29 12:49:55+00:00,-0.000883878752540479,0.0010283958596567376,1.0
2025-09-29 12:49:56+00:00,0.00018270208574988622,0.0010284436188901114,1.0
2025-09-29 12:49:57+00:00,-0.000715589305161024,0.0010320869021126602,1.0
2025-09-29 12:49:58+00:00,-0.00027296275187416175,0.0010141903650282816,1.0
2025-09-29 12:49:59+00:00,-0.00019488163024306004,0.000990184668670854,1.0
2025-09-29 12:50:00+00:00,0.0010549965733623878,0.0009974754439578345,1.0
2025-09-29 12:50:01+00:00,0.0013640920853781324,0.001007321150541541,1.0
2025-09-29 12:50:02+00:00,0.0012282568001336092,0.0010018649957237778,1.0
2025-09-29 12:50:03+00:00,0.0015200876490979454,0.0010172286648696884,1.0
2025-09-29 12:50:04+00:00,-0.0016534377517882781,0.001036127359322803,1.0
2025-09-29 12:50:05+00:00,-0.001536283443872577,0.0010579734247862847,1.0
2025-09-29 12:50:06+00:00,0.00011235820437383026,0.0010562577540730305,1.0
2025-09-29 12:50:07+00:00,0.0009946889289951244,0.0010625294121119361,1.0
2025-09-29 12:50:08+00:00,0.0010770831336677222,0.0010688001406729173,1.0
2025-09-29 12:50:09+00:00,0.0006442849915988536,0.0010627185430892828,1.0
2025-09-29 12:50:10+00:00,-0.0013883524887833287,0.0010723408526306473,1.0
2025-09-29 12:50:11+00:00,0.0002116083642504929,0.0010557540492390697,1.0
2025-09-29 12:50:12+00:00,0.002233821301574901,0.001091253513699732,1.0
2025-09-29 12:50:13+00:00,-0.002370435910381996,0.0011327899205506333,1.0
2025-09-29 12:50:14+00:00,-4.695771423568473e-05,0.0011325194962923226,1.0
2025-09-29 12:50:15+00:00,-0.0004977115712208047,0.0011145961683229372,1.0
2025-09-29 12:50:16+00:00,-0.001916851428495736,0.0011363592599896565,1.0
2025-09-29 12:50:17+00:00,-0.0007500148512017413,0.0011353502906834036,1.0
2025-09-29 12:50:18+00:00,-0.001358650707762421,0.001137756060467875,1.0
2025-09-29 12:50:19+00:00,0.0003290344794566469,0.00112995890469859,1.0
2025-09-29 12:50:20+00:00,-0.0005021751803928609,0.0011319200721097136,1.0
2025-09-29 12:50:21+00:00,0.001034167437373501,0.0011386058465793142,1.0
2025-09-29 12:50:22+00:00,0.0014496965530339523,0.001152475579488478,1.0
2025-09-29 12:50:23+00:00,-0.0009917163321990774,0.00108395896149383,1.0
2025-09-29 12:50:24+00:00,0.0004446637352752969,0.0010807402469151222,1.0
2025-09-29 12:50:25+00:00,0.0010809033799679124,0.0010890753888627364,1.0
2025-09-29 12:50:26+00:00,-0.0010814824873075501,0.0010985301300250605,1.0
2025-09-29 12:50:27+00:00,-0.0009854487002208812,0.0011062745632503925,1.0
2025-09-29 12:50:28+00:00,0.0002601321223913988,0.0011003953841784687,1.0
2025-09-29 12:50:29+00:00,0.0012748013652486012,0.00111221304726148,1.0
2025-09-29 12:50:30+00:00,-0.0028339744110851273,0.001168511061465511,1.0
2025-09-29 12:50:31+00:00,0.001227881559934696,0.0011757652328109355,1.0
2025-09-29 12:50:32+00:00,0.0008067530416870916,0.0011786311207939869,1.0
2025-09-29 12:50:33+00:00,-0.0011327621418415479,0.0011587637846196249,1.0
2025-09-29 12:50:34+00:00,-0.0027046419496343788,0.0011876971944874463,1.0
2025-09-29 12:50:35+00:00,-0.0012694752401224418,0.0011943166782240934,1.0
2025-09-29 12:50:36+00:00,0.0005297121569234342,0.0011639903222000496,1.0
2025-09-29 12:50:37+00:00,0.0002924347775583591,0.0011642484095255982,1.0
2025-09-29 12:50:38+00:00,-0.0017676645281273773,0.0011831290121534566,1.0
2025-09-29 12:50:39+00:00,-0.00028241674517059945,0.0011545044606603378,1.0
2025-09-29 12:50:40+00:00,-0.002375197207426405,0.0011757928220445777,1.0
2025-09-29 12:50:41+00:00,-2.849729288412206e-05,0.00116879795851853,1.0
2025-09-29 12:50:42+00:00,0.0003826607837362772,0.0011636818712782047,1.0
2025-09-29 12:50:43+00:00,2.7523141188368072e-05,0.001145656070459534,1.0
2025-09-29 12:50:44+00:00,0.000614713149244217,0.0011348843225848961,1.0
2025-09-29 12:50:45+00:00,-0.0008754668492779727,0.0011327551838165625,1.0
2025-09-29 12:50:46+00:00,-0.0014920907221016577,0.001144433038248889,1.0
2025-09-29 12:50:47+00:00,0.0013591267413253227,0.0011605942223876086,1.0
2025-09-29 12:50:48+00:00,-0.00020431461977954424,0.0011587874832153695,1.0
2025-09-29 12:50:49+00:00,-7.991362202874885e-05,0.0011571574711545377,1.0
2025-09-29 12:50:50+00:00,0.0006696450321730385,0.0011603360263963485,1.0
2025-09-29 12:50:51+00:00,-0.002055871488530925,0.0011845460672645983,1.0
2025-09-29 12:50:52+00:00,-0.0001700065627605607,0.0011804165324030328,1.0
2025-09-29 12:50:53+00:00,-0.0025010651592907163,0.0012154336670443684,1.0
2025-09-29 12:50:54+00:00,0.0030815251438152114,0.0012877204661650146,1.0
2025-09-29 12:50:55+00:00,-0.00018487968124758503,0.0012844991740269336,1.0
2025-09-29 12:50:56+00:00,-0.0018148515864381265,0.001300753181486334,1.0
2025-09-29 12:50:57+00:00,0.0006275444923060647,0.0013034969774605863,1.0
2025-09-29 12:50:58+00:00,0.0009634869499113297,0.0013119061081860344,1.0
2025-09-29 12:50:59+00:00,-1.756865193147661e-05,0.0013120468943054406,1.0
2025-09-29 12:51:00+00:00,0.0004295108491649824,0.0013046434388262994,1.0
2025-09-29 12:51:01+00:00,-0.0017772624351468647,0.0013047974588845873,1.0
2025-09-29 12:51:02+00:00,-0.0005270594593421718,0.0012911774742846078,1.0
2025-09-29 12:51:03+00:00,0.0005915088809402835,0.001274964021906423,1.0
2025-09-29 12:51:04+00:00,-0.00014647004033097044,0.0012621019988388394,1.0
2025-09-29 12:51:05+00:00,0.0009478407060994343,0.0012598876818126542,1.0
2025-09-29 12:51:06+00:00,-0.000893827280421311,0.0012622562714341779,1.0
2025-09-29 12:51:07+00:00,0.00032699710687977834,0.0012542481375432037,1.0
2025-09-29 12:51:08+00:00,0.001012298927075328,0.0012531267643810598,1.0
2025-09-29 12:51:09+00:00,0.0009239412047137296,0.0012569712973364055,1.0
2025-09-29 12:51:10+00:00,0.0016818234908961838,0.0012714875177412335,1.0
2025-09-29 12:51:11+00:00,-0.0002760723473586024,0.0012704978208229938,1.0
2025-09-29 12:51:12+00:00,-6.981392376737006e-05,0.0012302254326947513,1.0
2025-09-29 12:51:13+00:00,0.0005333976471300073,0.0012012452916675656,1.0
2025-09-29 12:51:14+00:00,-0.000862277119139665,0.001204339861740839,1.0
2025-09-29 12:51:15+00:00,0.0006426381831692307,0.0012084256945743754,1.0
2025-09-29 12:51:16+00:00,0.0008147182191562408,0.0011929722863698272,1.0
2025-09-29 12:51:17+00:00,-0.0015331378755040204,0.0012041299917193524,1.0
2025-09-29 12:51:18+00:00,-0.00013154152537242503,0.0011934646118738547,1.0
2025-09-29 12:51:19+00:00,-0.00034125574265220227,0.0011923255110906541,1.0
2025-09-29 12:51:20+00:00,-0.00018765132334219725,0.001191358342058477,1.0
2025-09-29 12:51:21+00:00,-0.0005506099300123246,0.0011827359981677148,1.0
2025-09-29 12:51:22+00:00,0.0008051682198360055,0.0011708044989132745,1.0
2025-09-29 12:51:23+00:00,0.000731347560210871,0.0011712701673285717,1.0
2025-09-29 12:51:24+00:00,-0.00024249326591208042,0.0011688682026213511,1.0
2025-09-29 12:51:25+00:00,-0.0014353717554366208,0.0011692444994061374,1.0
2025-09-29 12:51:26+00:00,-0.001956014947986362,0.0011859048153211838,1.0
2025-09-29 12:51:27+00:00,-0.0001944043927580852,0.001181441336187935,1.0
2025-09-29 12:51:28+00:00,-0.00036062785550117216,0.0011801564164422747,1.0
2025-09-29 12:51:29+00:00,0.0016126450710760576,0.0011880896846943332,1.0
2025-09-29 12:51:30+00:00,0.00021199631286639153,0.0011373666796094422,1.0
2025-09-29 12:51:31+00:00,0.0004922051148441575,0.0011262461044951363,1.0
2025-09-29 12:51:32+00:00,1.9333684954547792e-05,0.0011194104417574587,1.0
2025-09-29 12:51:33+00:00,-0.00037066294271848044,0.0011125879625901785,1.0
2025-09-29 12:51:34+00:00,0.0009614294015598546,0.001070099743157658,1.0
2025-09-29 12:51:35+00:00,-0.000541983441799232,0.0010606441963477915,1.0
2025-09-29 12:51:36+00:00,-0.0004137536942498965,0.0010584025308462304,1.0
2025-09-29 12:51:37+00:00,-0.0002506282421489425,0.0010573250061209323,1.0
2025-09-29 12:51:38+00:00,0.00024395582232972224,0.0010354562650324957,1.0
2025-09-29 12:51:39+00:00,-0.0017227303839254526,0.0010568461116265684,1.0
2025-09-29 12:51:40+00:00,0.0008866097761421887,0.001021004925270763,1.0
2025-09-29 12:51:41+00:00,-0.0004142673662793639,0.001022122388812561,1.0
2025-09-29 12:51:42+00:00,0.0013735377506298718,0.0010371263151322297,1.0
2025-09-29 12:51:43+00:00,-0.0002101400320162483,0.0010373431614161238,1.0
2025-09-29 12:51:44+00:00,-0.00035989224341947956,0.0010345848750877846,1.0
2025-09-29 12:51:45+00:00,-0.00013966434273815498,0.0010290249245798664,1.0
2025-09-29 12:51:46+00:00,-0.001408196722228805,0.0010270755197246172,1.0
2025-09-29 12:51:47+00:00,0.0015107597366481595,0.001030756596751672,1.0
2025-09-29 12:51:48+00:00,0.0008558154549100916,0.0010369165452799572,1.0
2025-09-29 12:51:49+00:00,-0.00038718831464357173,0.0010379765425238083,1.0
2025-09-29 12:51:50+00:00,0.001372038397728037,0.0010498363692268181,1.0
2025-09-29 12:51:51+00:00,0.0004519878856668047,0.0010165291801308015,1.0
2025-09-29 12:51:52+00:00,-0.0019818759818739373,0.0010489237231178167,1.0
2025-09-29 12:51:53+00:00,0.0009538852088137872,0.00100322585485827,1.0
2025-09-29 12:51:54+00:00,0.00016148422093853476,0.0009214585638973786,0.0
2025-09-29 12:51:55+00:00,0.00013749611564684017,0.0009212590637286334,0.0
2025-09-29 12:51:56+00:00,-0.00032016624585318176,0.0008907071256320977,0.0
2025-09-29 12:51:57+00:00,0.0007761444414033924,0.0008925800830846918,0.0
2025-09-29 12:51:58+00:00,-0.00019069697798368423,0.000884743544754378,0.0
2025-09-29 12:51:59+00:00,-0.0017751599236700555,0.0009146265824652862,0.0
2025-09-29 12:52:00+00:00,-0.0014434558068262549,0.0009312350044076004,0.0
2025-09-29 12:52:01+00:00,-0.00015711639988380544,0.0009030617201367965,0.0
2025-09-29 12:52:02+00:00,0.00041108177765591947,0.0009021265107253349,0.0
2025-09-29 12:52:03+00:00,0.0017387303417017996,0.0009266376035315338,0.0
2025-09-29 12:52:04+00:00,0.0015460903369135526,0.0009469610538088742,0.0
2025-09-29 12:52:05+00:00,-0.0003298620058771462,0.0009407801882870987,0.0
2025-09-29 12:52:06+00:00,8.135857897473286e-05,0.0009329591413122035,0.0
2025-09-29 12:52:07+00:00,0.0010099018777456337,0.0009405895702283741,0.0
2025-09-29 12:52:08+00:00,-5.831348845575235e-05,0.0009322701011519087,0.0
2025-09-29 12:52:09+00:00,0.0013170533920541239,0.0009399463745593469,0.0
2025-09-29 12:52:10+00:00,-0.0006154101442080728,0.0009187020692392043,0.0
2025-09-29 12:52:11+00:00,-0.0022709395948686817,0.0009640959127415852,1.0
2025-09-29 12:52:12+00:00,-0.0009127731002740447,0.0009708599318763787,1.0
2025-09-29 12:52:13+00:00,-0.0007764652097501656,0.0009724668081135009,1.0
2025-09-29 12:52:14+00:00,0.000603060151632695,0.0009704292414730282,1.0
2025-09-29 12:52:15+00:00,-0.0005401166719525285,0.0009683857792319346,1.0
2025-09-29 12:52:16+00:00,2.6668115370220846e-05,0.0009616775389737134,1.0
2025-09-29 12:52:17+00:00,0.0002044946121571023,0.000942865705302382,0.0
2025-09-29 12:52:18+00:00,0.0019487464483554096,0.0009771278608643604,1.0
2025-09-29 12:52:19+00:00,0.0003556838743254964,0.0009772284439034658,1.0
2025-09-29 12:52:20+00:00,0.001288180649721804,0.0009907843912881403,1.0
2025-09-29 12:52:21+00:00,-0.0012950344140768566,0.0010027580323405379,1.0
2025-09-29 12:52:22+00:00,0.0001634908545031788,0.0009976170351550342,1.0
2025-09-29 12:52:23+00:00,0.0011525812952639658,0.001004266674714392,1.0
2025-09-29 12:52:24+00:00,-0.001863689469604135,0.0010326707873107592,1.0
2025-09-29 12:52:25+00:00,-0.00018101631632849724,0.0010159658210424948,1.0
2025-09-29 12:52:26+00:00,0.0006860313822198982,0.0009862596366465146,1.0
2025-09-29 12:52:27+00:00,0.000306815230018076,0.0009862673126204173,1.0
2025-09-29 12:52:28+00:00,-0.00011412459547788245,0.0009850002086105696,1.0
2025-09-29 12:52:29+00:00,-2.297000776874114e-05,0.0009638083361910078,1.0
2025-09-29 12:52:30+00:00,-0.0010554805116422816,0.00097373215281595,1.0
2025-09-29 12:52:31+00:00,-0.0005921927072829458,0.0009747918431457647,1.0
2025-09-29 12:52:32+00:00,0.000246827266463967,0.0009753219122923221,1.0
2025-09-29 12:52:33+00:00,-0.00010993396850023096,0.000974218436247989,1.0
2025-09-29 12:52:34+00:00,-3.698031150389802e-05,0.0009661029476980134,1.0
2025-09-29 12:52:35+00:00,-0.001109652544165951,0.0009741337034772244,1.0
2025-09-29 12:52:36+00:00,0.0013947172626300741,0.0009896250095984096,1.0
2025-09-29 12:52:37+00:00,0.001461982378532234,0.0010065537692679264,1.0
2025-09-29 12:52:38+00:00,-0.0011263824434812886,0.0010172876165052303,1.0
2025-09-29 12:52:39+00:00,-0.000247013075588276,0.0009920886428101444,1.0
2025-09-29 12:52:40+00:00,-0.00027012461035391677,0.0009865742614471721,1.0
2025-09-29 12:52:41+00:00,0.0005847683450421748,0.0009875449834366953,1.0
2025-09-29 12:52:42+00:00,-0.000115314256092236,0.0009719746793015145,1.0
2025-09-29 12:52:43+00:00,-0.00039047763246591316,0.0009729521318028606,1.0
2025-09-29 12:52:44+00:00,-3.344183693210212e-05,0.0009717653681081755,1.0
2025-09-29 12:52:45+00:00,-0.0008113625459189588,0.0009774253569062778,1.0
2025-09-29 12:52:46+00:00,-0.0007895786726540566,0.0009654723227853971,1.0
2025-09-29 12:52:47+00:00,0.00109754176402177,0.000956040319178624,1.0
2025-09-29 12:52:48+00:00,0.0004483116976263801,0.0009513428688743934,1.0
2025-09-29 12:52:49+00:00,-0.0007942323300758058,0.0009555928976294708,1.0
2025-09-29 12:52:50+00:00,-0.0002799990600272917,0.0009388459730684207,0.0
2025-09-29 12:52:51+00:00,0.002507529236581485,0.0009928417718980426,1.0
2025-09-29 12:52:52+00:00,0.0007139287915338688,0.0009621581848658448,1.0
2025-09-29 12:52:53+00:00,9.771591070473207e-05,0.0009547695075959534,1.0
2025-09-29 12:52:54+00:00,-0.0001237595468257524,0.0009548171536552044,1.0
2025-09-29 12:52:55+00:00,0.0008165140014435579,0.0009601713414374791,1.0
2025-09-29 12:52:56+00:00,0.00028011671223349133,0.0009595116099364633,1.0
2025-09-29 12:52:57+00:00,0.00023342256090685964,0.0009550713612616639,1.0
2025-09-29 12:52:58+00:00,0.0012965787028935694,0.0009682402278150396,1.0
2025-09-29 12:52:59+00:00,-0.00025271570527574116,0.0009387532066530889,0.0
2025-09-29 12:53:00+00:00,0.0006652673368199302,0.0009197140377727815,0.0
2025-09-29 12:53:01+00:00,0.000844460995810703,0.000923615991461959,0.0
2025-09-29 12:53:02+00:00,-5.0117763830903606e-05,0.000923242224506722,0.0
2025-09-29 12:53:03+00:00,-0.0006852210769030531,0.0009046104995597519,0.0
2025-09-29 12:53:04+00:00,0.0015084005811654144,0.0009035962414365239,0.0
2025-09-29 12:53:05+00:00,0.00032025959455461717,0.0009023554840912299,0.0
2025-09-29 12:53:06+00:00,-0.0002769278162101374,0.0009036808946725947,0.0
2025-09-29 12:53:07+00:00,-0.00041626898818070135,0.0008979820210542323,0.0
2025-09-29 12:53:08+00:00,-0.0007547523898248087,0.0009041819400323874,0.0
2025-09-29 12:53:09+00:00,0.0017796219748926756,0.0009169554474241671,0.0
2025-09-29 12:53:10+00:00,0.001376220101860115,0.0009277575042015608,0.0
2025-09-29 12:53:11+00:00,-1.3595288444800957e-05,0.0008741250809463534,0.0
2025-09-29 12:53:12+00:00,0.00021340557708504626,0.0008631701215276483,0.0
2025-09-29 12:53:13+00:00,0.0004228541032500477,0.0008550059055392809,0.0
2025-09-29 12:53:14+00:00,-0.0010851193455523322,0.0008684599471453601,0.0
2025-09-29 12:53:15+00:00,-0.0007650959048903783,0.000871969090233256,0.0
2025-09-29 12:53:16+00:00,0.0006271477652532997,0.0008740158384739856,0.0
2025-09-29 12:53:17+00:00,-0.0005218722315414315,0.000878357408567416,0.0
2025-09-29 12:53:18+00:00,0.0009578976277335727,0.0008527983226480667,0.0
2025-09-29 12:53:19+00:00,-0.0005392095872215341,0.0008565612443602981,0.0
2025-09-29 12:53:20+00:00,-0.0005956073882772417,0.0008472224648457603,0.0
2025-09-29 12:53:21+00:00,0.0005484277941592008,0.000829704890354275,0.0
2025-09-29 12:53:22+00:00,0.0020319410798788073,0.0008659373620481147,0.0
2025-09-29 12:53:23+00:00,-5.116178304476193e-05,0.0008560451264037985,0.0
2025-09-29 12:53:24+00:00,0.0010099336542910287,0.0008227361820373028,0.0
2025-09-29 12:53:25+00:00,-0.00015514650708414734,0.0008225552746317522,0.0
2025-09-29 12:53:26+00:00,-0.0008509096326992927,0.000830158107617521,0.0
2025-09-29 12:53:27+00:00,0.0013632086146722067,0.0008447030160117875,0.0
2025-09-29 12:53:28+00:00,-0.001048147791779308,0.0008584022726535695,0.0
2025-09-29 12:53:29+00:00,0.0002811011906305172,0.0008582735460680957,0.0
2025-09-29 12:53:30+00:00,0.00030822405896713256,0.0008436597530176015,0.0
2025-09-29 12:53:31+00:00,-0.00047776617972661306,0.0008420220845844089,0.0
2025-09-29 12:53:32+00:00,-0.0003719925728095097,0.0008449454811438978,0.0
2025-09-29 12:53:33+00:00,0.00010731419326082126,0.0008442022199961889,0.0
2025-09-29 12:53:34+00:00,-0.00012991962720410033,0.0008446753989511604,0.0
2025-09-29 12:53:35+00:00,0.0009196027491511494,0.0008331396848938898,0.0
2025-09-29 12:53:36+00:00,0.001412388644163487,0.000833571029872953,0.0
2025-09-29 12:53:37+00:00,-0.0007295437765174606,0.0008254690899618324,0.0
2025-09-29 12:53:38+00:00,-0.00037650405745959237,0.0008111062465827669,0.0
2025-09-29 12:53:39+00:00,0.0011855798530457928,0.0008193809934708733,0.0
2025-09-29 12:53:40+00:00,-8.146807109887799e-05,0.0008178937383887721,0.0
2025-09-29 12:53:41+00:00,-0.0005459076165554855,0.0008220465941517567,0.0
2025-09-29 12:53:42+00:00,0.000638226240617934,0.0008230943438730025,0.0
2025-09-29 12:53:43+00:00,0.00017087368736978803,0.0008194481354140096,0.0
2025-09-29 12:53:44+00:00,0.0010793755045490627,0.0008264175838942873,0.0
2025-09-29 12:53:45+00:00,-0.001711901794517634,0.0008533553761802627,0.0
2025-09-29 12:53:46+00:00,0.0007818510286248248,0.0008461429003636369,0.0
2025-09-29 12:53:47+00:00,-0.0013685900660950212,0.0008634683153949039,0.0
2025-09-29 12:53:48+00:00,0.00017675677509565446,0.0008628467824714843,0.0
2025-09-29 12:53:49+00:00,-0.0013741303907420788,0.0008772284955535978,0.0
2025-09-29 12:53:50+00:00,-0.00045827421592492534,0.0008791267635682341,0.0
2025-09-29 12:53:51+00:00,-0.0013926478647884322,0.0008478253535185767,0.0
2025-09-29 12:53:52+00:00,-0.0006969819933245747,0.0008505243573163279,0.0
2025-09-29 12:53:53+00:00,-0.001550553399150667,0.0008765747592814977,0.0
2025-09-29 12:53:54+00:00,-0.0010082503986790226,0.0008871776323233784,0.0
2025-09-29 12:53:55+00:00,-0.0006308577469488208,0.0008856681002519355,0.0
2025-09-29 12:53:56+00:00,-0.00038218567255121627,0.0008865768692306125,0.0
2025-09-29 12:53:57+00:00,0.0006743007546641255,0.0008902357529328018,0.0
2025-09-29 12:53:58+00:00,0.00042236093303626987,0.0008760716567638063,0.0
2025-09-29 12:53:59+00:00,0.000606631016252912,0.0008787581460954414,0.0
2025-09-29 12:54:00+00:00,-0.0005083596993104011,0.0008772639861447466,0.0
2025-09-29 12:54:01+00:00,0.0004997855258199735,0.0008727756447095518,0.0
2025-09-29 12:54:02+00:00,-0.0005420320555944436,0.0008755316392558078,0.0
2025-09-29 12:54:03+00:00,-0.0006809831297029945,0.0008754765126662448,0.0
2025-09-29 12:54:04+00:00,0.0025656876488899805,0.0009162702102523712,0.0
2025-09-29 12:54:05+00:00,-0.0006584407341985177,0.0009192959410478102,0.0
2025-09-29 12:54:06+00:00,-0.0009200653054410868,0.0009261866169264582,0.0
2025-09-29 12:54:07+00:00,0.0005494138558066464,0.0009275831280404518,0.0
2025-09-29 12:54:08+00:00,-0.0012475148211744669,0.0009364774679565887,0.0
2025-09-29 12:54:09+00:00,-0.0001871218295352861,0.0009066238470088836,0.0
2025-09-29 12:54:10+00:00,-0.0005007028249522927,0.0008889473364872403,0.0
2025-09-29 12:54:11+00:00,0.0008486870188693096,0.0008969198393347515,0.0
2025-09-29 12:54:12+00:00,0.00021589355060647186,0.0008969328622850874,0.0
2025-09-29 12:54:13+00:00,0.0007999931900810608,0.0009016994158457761,0.0
2025-09-29 12:54:14+00:00,-0.0003145491472128503,0.0008922317643133721,0.0
2025-09-29 12:54:15+00:00,-0.0009517010470578846,0.0008951113475420191,0.0
2025-09-29 12:54:16+00:00,0.0007192039363685954,0.0008963632691701665,0.0
2025-09-29 12:54:17+00:00,-0.00015415841205401737,0.0008943006638343533,0.0
2025-09-29 12:54:18+00:00,0.0017226376903787255,0.0009139773157259797,0.0
2025-09-29 12:54:19+00:00,0.0003833088079001623,0.0009129547403961085,0.0
2025-09-29 12:54:20+00:00,-0.0010410007873561389,0.0009195793969164177,0.0
2025-09-29 12:54:21+00:00,-0.00033657387029972785,0.0009174360029867293,0.0
2025-09-29 12:54:22+00:00,-0.0019089989901606153,0.0009081418575708337,0.0
2025-09-29 12:54:23+00:00,0.0008873243694076383,0.0009170076394232902,0.0
2025-09-29 12:54:24+00:00,0.0006353989110123859,0.0009106966020269719,0.0
2025-09-29 12:54:25+00:00,-0.00022555124336898213,0.000910828650016188,0.0
2025-09-29 12:54:26+00:00,-0.0005418933806771165,0.0009073209578710148,0.0
2025-09-29 12:54:27+00:00,0.0002465265533015959,0.0008883660621152875,0.0
2025-09-29 12:54:28+00:00,0.0013090072784815998,0.0008979563596052494,0.0
2025-09-29 12:54:29+00:00,0.0018563636320401145,0.0009306603145987798,0.0
2025-09-29 12:54:30+00:00,0.0011223349287583506,0.0009416643035017136,0.0
2025-09-29 12:54:31+00:00,0.0005573761144361811,0.0009427012130852393,0.0
2025-09-29 12:54:32+00:00,0.0015191837788861573,0.000961723492161305,1.0
2025-09-29 12:54:33+00:00,-0.0008984809767880186,0.0009689896816158089,1.0
2025-09-29 12:54:34+00:00,-0.00043272395106408457,0.0009705049034722562,1.0
2025-09-29 12:54:35+00:00,-0.00038866895028799586,0.0009642262502088394,1.0
2025-09-29 12:54:36+00:00,-0.0008488757275656456,0.0009514238251775434,1.0
2025-09-29 12:54:37+00:00,-0.0014413820393128773,0.0009643029763741043,1.0
2025-09-29 12:54:38+00:00,-2.479500953078695e-05,0.0009634700380027607,1.0
2025-09-29 12:54:39+00:00,0.0004690521901515865,0.0009521048389592775,1.0
2025-09-29 12:54:40+00:00,-0.0017891865460580858,0.000977488762719027,1.0
2025-09-29 12:54:41+00:00,0.00035129030050540244,0.0009774678560998571,1.0
2025-09-29 12:54:42+00:00,0.0007001132513804187,0.0009782800169628799,1.0
2025-09-29 12:54:43+00:00,-0.00027188115771448196,0.0009779682007661718,1.0
2025-09-29 12:54:44+00:00,7.997838773565746e-05,0.0009660686297790156,1.0
2025-09-29 12:54:45+00:00,-0.00021907361722361962,0.0009431029650319232,0.0
2025-09-29 12:54:46+00:00,-0.0003785678342407284,0.0009368692549586957,0.0
2025-09-29 12:54:47+00:00,-0.0013233530294934903,0.0009358535699901982,0.0
2025-09-29 12:54:48+00:00,0.0002565009379524863,0.0009363172908285288,0.0
2025-09-29 12:54:49+00:00,-8.88727359005248e-06,0.0009213945569895794,0.0
2025-09-29 12:54:50+00:00,0.0008426180613934076,0.0009276536564307154,0.0
2025-09-29 12:54:51+00:00,-0.00020291420477636102,0.0009112430776355942,0.0
2025-09-29 12:54:52+00:00,0.0005202826929806559,0.0009099087938262215,0.0
2025-09-29 12:54:53+00:00,-0.0003558128626227619,0.0008886560183975202,0.0
2025-09-29 12:54:54+00:00,0.00025487150575087547,0.0008792635340729677,0.0
2025-09-29 12:54:55+00:00,-0.0008522747245088835,0.0008825071864949484,0.0
2025-09-29 12:54:56+00:00,0.0010998555920609387,0.0008918092473370836,0.0
2025-09-29 12:54:57+00:00,2.22163773488937e-05,0.0008879461941580262,0.0
2025-09-29 12:54:58+00:00,-0.0005333010124957127,0.0008893915080177224,0.0
2025-09-29 12:54:59+00:00,0.0017460409608864857,0.0009140419823575151,0.0
2025-09-29 12:55:00+00:00,0.0005364389219635335,0.0009134699075024773,0.0
2025-09-29 12:55:01+00:00,-0.0008532555438454104,0.000918919693225137,0.0
2025-09-29 12:55:02+00:00,0.00265151611604475,0.0009759598515907162,1.0
2025-09-29 12:55:03+00:00,-0.000878481626532368,0.000978908622314545,1.0
2025-09-29 12:55:04+00:00,0.0018098307273592962,0.0009508344391566335,0.0
2025-09-29 12:55:05+00:00,-0.001992260229258802,0.0009831276228723191,1.0
2025-09-29 12:55:06+00:00,0.001295797765113793,0.000987875302603383,1.0
2025-09-29 12:55:07+00:00,2.8035288303307482e-05,0.000985983174340247,1.0
2025-09-29 12:55:08+00:00,0.0017493623487718768,0.0009938282139265976,1.0
2025-09-29 12:55:09+00:00,0.0004204234331870449,0.0009937098567383063,1.0
2025-09-29 12:55:10+00:00,-0.002161774036086861,0.0010339899014689174,1.0
2025-09-29 12:55:11+00:00,0.00017240635808257743,0.0010294266392435797,1.0
2025-09-29 12:55:12+00:00,0.0006613594112407917,0.0010319227076163804,1.0
2025-09-29 12:55:13+00:00,0.001285428865438476,0.0010393672280980641,1.0
2025-09-29 12:55:14+00:00,0.0002639008909373075,0.0010380472974761616,1.0
2025-09-29 12:55:15+00:00,-0.0005945820526168655,0.001032812700624343,1.0
2025-09-29 12:55:16+00:00,0.003222065576229838,0.0011052134740440602,1.0
2025-09-29 12:55:17+00:00,-0.001372964336895377,0.001122285104685489,1.0
2025-09-29 12:55:18+00:00,0.0008809260479354375,0.0011074140676206625,1.0
2025-09-29 12:55:19+00:00,0.0018141891675964583,0.0011281166243252948,1.0
2025-09-29 12:55:20+00:00,0.001810355043625922,0.0011368396337187248,1.0
2025-09-29 12:55:21+00:00,-0.0002028611405251457,0.0011358925888364133,1.0
2025-09-29 12:55:22+00:00,4.6208563516003665e-05,0.0011017124597128341,1.0
2025-09-29 12:55:23+00:00,-0.0007192858782981704,0.001105202825192551,1.0
2025-09-29 12:55:24+00:00,-7.246327819343534e-05,0.0011043851246620396,1.0
2025-09-29 12:55:25+00:00,0.0007039759464619877,0.0011048300432805244,1.0
2025-09-29 12:55:26+00:00,0.0007661413199600009,0.0011025292259109602,1.0
2025-09-29 12:55:27+00:00,0.0005070438488934403,0.0011030779634653256,1.0
2025-09-29 12:55:28+00:00,0.0021342426287749294,0.0011215981371483629,1.0
2025-09-29 12:55:29+00:00,-0.0007181586627567071,0.0011084923603039327,1.0
2025-09-29 12:55:30+00:00,0.0007065614817358679,0.0011040003433006366,1.0
2025-09-29 12:55:31+00:00,0.00011881057378504423,0.0011030847641305703,1.0
2025-09-29 12:55:32+00:00,0.00045249309029049556,0.0010899567229688471,1.0
2025-09-29 12:55:33+00:00,0.00023889529284049082,0.0010807204919003057,1.0
2025-09-29 12:55:34+00:00,0.001255581684232343,0.0010859417626757765,1.0
2025-09-29 12:55:35+00:00,0.0014589451373216988,0.0010943273081610056,1.0
2025-09-29 12:55:36+00:00,-0.0010629342598784675,0.0010983406555833428,1.0
2025-09-29 12:55:37+00:00,-0.0007379123855839609,0.0010835802019854416,1.0
2025-09-29 12:55:38+00:00,0.0007113562002099005,0.0010843901499422077,1.0
2025-09-29 12:55:39+00:00,-0.0017893236139769897,0.0011164052216136781,1.0
2025-09-29 12:55:40+00:00,-0.001861447165324992,0.0011186695736905266,1.0
2025-09-29 12:55:41+00:00,0.0002902934192361428,0.00111859462497072,1.0
2025-09-29 12:55:42+00:00,-0.0006017771976934982,0.0011221234747324808,1.0
2025-09-29 12:55:43+00:00,-0.00045050613507624515,0.0011236796953021406,1.0
2025-09-29 12:55:44+00:00,-0.00026600839206991633,0.001125268431285905,1.0
2025-09-29 12:55:45+00:00,-0.00021798538373507537,0.0011252614274974229,1.0
2025-09-29 12:55:46+00:00,-0.000553237142067009,0.0011270312158409607,1.0
2025-09-29 12:55:47+00:00,0.0007310797897439603,0.0011108769439342734,1.0
2025-09-29 12:55:48+00:00,0.0010312471193905104,0.0011155636838742176,1.0
2025-09-29 12:55:49+00:00,0.0011195579278726608,0.0011205745920769784,1.0
2025-09-29 12:55:50+00:00,-3.997651764264809e-05,0.0011187460485896086,1.0
2025-09-29 12:55:51+00:00,0.0005521608664331712,0.0011177300701194473,1.0
2025-09-29 12:55:52+00:00,-0.00056684181481792,0.0011224005630992523,1.0
2025-09-29 12:55:53+00:00,0.002244870570769386,0.0011484610676670232,1.0
2025-09-29 12:55:54+00:00,0.0006957569216612391,0.0011496103842851407,1.0
2025-09-29 12:55:55+00:00,0.0014087433759804036,0.0011481804159735795,1.0
2025-09-29 12:55:56+00:00,0.002116014504578878,0.0011669206493814302,1.0
2025-09-29 12:55:57+00:00,0.00046686424257269543,0.001166170931891594,1.0
2025-09-29 12:55:58+00:00,-0.00019404571972592155,0.0011625619920686172,1.0
2025-09-29 12:55:59+00:00,-0.001701523633961477,0.0011784846337241587,1.0
2025-09-29 12:56:00+00:00,0.0018596744558461165,0.0011950121303526985,1.0
2025-09-29 12:56:01+00:00,-0.0010883749777823581,0.001199350769277569,1.0
2025-09-29 12:56:02+00:00,-0.000883215774124757,0.0011698668323028363,1.0
2025-09-29 12:56:03+00:00,0.0006436167938055348,0.0011609717858865193,1.0
2025-09-29 12:56:04+00:00,-0.0006767470869002423,0.001150389348092129,1.0
2025-09-29 12:56:05+00:00,-0.0014292316233190938,0.0011339207608247813,1.0
2025-09-29 12:56:06+00:00,-0.0008329281635849339,0.0011344248491835292,1.0
2025-09-29 12:56:07+00:00,0.0001581830363917014,0.0011341574157136196,1.0
2025-09-29 12:56:08+00:00,0.0009891753318922447,0.0011210869725015987,1.0
2025-09-29 12:56:09+00:00,-2.1458465193968657e-05,0.0011211930277214436,1.0
2025-09-29 12:56:10+00:00,0.0003883042849675,0.0010771659715376662,1.0
2025-09-29 12:56:11+00:00,0.0006259445544656295,0.0010781732934545438,1.0
2025-09-29 12:56:12+00:00,0.001631575278191022,0.0010914620343048084,1.0
2025-09-29 12:56:13+00:00,-0.00029995712889197,0.001085833331249106,1.0
2025-09-29 12:56:14+00:00,0.0026013026328877142,0.0011274197774456297,1.0
2025-09-29 12:56:15+00:00,-0.00011972991794806376,0.0011227588828578345,1.0
2025-09-29 12:56:16+00:00,-0.0012982929083101835,0.0010738438597544119,1.0
2025-09-29 12:56:17+00:00,-0.00017219664422829517,0.0010546130213074678,1.0
2025-09-29 12:56:18+00:00,0.0008763956287041186,0.001054566736867423,1.0
2025-09-29 12:56:19+00:00,-0.001373063199703095,0.0010543530468964995,1.0
2025-09-29 12:56:20+00:00,0.00025536427389249994,0.0010327342219266984,1.0
2025-09-29 12:56:21+00:00,-0.0006706369436496606,0.00103730553552366,1.0
2025-09-29 12:56:22+00:00,8.990486482862714e-05,0.001037242399145671,1.0
2025-09-29 12:56:23+00:00,0.0006191214044315441,0.0010324618370137872,1.0
2025-09-29 12:56:24+00:00,-0.0004071382143978619,0.0010347457690816427,1.0
2025-09-29 12:56:25+00:00,-0.0011324718469348793,0.0010458915328444313,1.0
2025-09-29 12:56:26+00:00,0.00012267108450703113,0.0010426873960965523,1.0
2025-09-29 12:56:27+00:00,3.4141333713710864e-05,0.001041593020032736,1.0
2025-09-29 12:56:28+00:00,-0.0011954667814982889,0.001021195637328176,1.0
2025-09-29 12:56:29+00:00,0.0003418885969563856,0.0010165077665957205,1.0
2025-09-29 12:56:30+00:00,-6.644010673095835e-05,0.0010134101112666254,1.0
2025-09-29 12:56:31+00:00,0.0003841056529578779,0.0010141889370151574,1.0
2025-09-29 12:56:32+00:00,0.000193411047932468,0.0010131187489013165,1.0
2025-09-29 12:56:33+00:00,-1.9847122821214924e-05,0.0010129545677393511,1.0
2025-09-29 12:56:34+00:00,-0.0010993680968530706,0.0010118392511703463,1.0
2025-09-29 12:56:35+00:00,0.00011766333680274244,0.0009944049941518502,1.0
2025-09-29 12:56:36+00:00,0.0008866695844222949,0.0009906689842886897,1.0
2025-09-29 12:56:37+00:00,0.0003085760102086166,0.000985935981295741,1.0
2025-09-29 12:56:38+00:00,-0.00014027623328194405,0.0009824914783363753,1.0
2025-09-29 12:56:39+00:00,-0.0022945585434844817,0.0010004675348297741,1.0
2025-09-29 12:56:40+00:00,-0.0005804403443060435,0.0009725876757965418,1.0
2025-09-29 12:56:41+00:00,0.0008799912623611572,0.0009779549110678152,1.0
2025-09-29 12:56:42+00:00,-0.0003006146450990066,0.0009752367623859443,1.0
2025-09-29 12:56:43+00:00,0.00016845626710670913,0.0009728938155571844,1.0
2025-09-29 12:56:44+00:00,0.0003172451297437373,0.0009722746591165267,1.0
2025-09-29 12:56:45+00:00,0.00018073936273865776,0.0009714865458990143,1.0
2025-09-29 12:56:46+00:00,0.0006847537129379688,0.0009705660623469357,1.0
2025-09-29 12:56:47+00:00,0.0014983516279427622,0.0009837370033098304,1.0
2025-09-29 12:56:48+00:00,-0.001807723171521225,0.0010077080580135655,1.0
2025-09-29 12:56:49+00:00,0.00026976292027347526,0.0009988416384304935,1.0
2025-09-29 12:56:50+00:00,0.00011211815613187959,0.0009987508466638537,1.0
2025-09-29 12:56:51+00:00,-0.0003742706517972927,0.000998371093133834,1.0
2025-09-29 12:56:52+00:00,-0.0015542455001517075,0.0010167977115139294,1.0
2025-09-29 12:56:53+00:00,-0.0004742173097642688,0.0009766934953826833,1.0
2025-09-29 12:56:54+00:00,0.0013818796236826358,0.0009889730831897133,1.0
2025-09-29 12:56:55+00:00,0.001583269323369274,0.0009934132477030539,1.0
2025-09-29 12:56:56+00:00,0.0006527356346313073,0.0009581621479394423,1.0
2025-09-29 12:56:57+00:00,0.0016081516207215873,0.000978987210614396,1.0
2025-09-29 12:56:58+00:00,0.0007909958336855816,0.0009838523640540073,1.0
2025-09-29 12:56:59+00:00,-0.0010542831685227405,0.0009680709624953101,1.0
2025-09-29 12:57:00+00:00,-0.002260315241698896,0.0009822118506408665,1.0
2025-09-29 12:57:01+00:00,-0.0008913647889776666,0.0009789621151234961,1.0
2025-09-29 12:57:02+00:00,-0.0007068015351829882,0.0009766301734206913,1.0
2025-09-29 12:57:03+00:00,-0.00035811764885018693,0.0009734599859774986,1.0
2025-09-29 12:57:04+00:00,-0.00025484084477811475,0.0009703576088517733,1.0
2025-09-29 12:57:05+00:00,-0.0006471993710489565,0.0009565434711037462,1.0
2025-09-29 12:57:06+00:00,-0.0008049006445111084,0.0009561502835355942,1.0
2025-09-29 12:57:07+00:00,0.0004727053538438053,0.0009580437335289054,1.0
2025-09-29 12:57:08+00:00,0.00010515415372647219,0.0009489860590308444,0.0
2025-09-29 12:57:09+00:00,-0.0005018747454957895,0.0009508808433915559,0.0
2025-09-29 12:57:10+00:00,5.133822797787069e-05,0.0009492742925359464,0.0
2025-09-29 12:57:11+00:00,-0.001063313585492054,0.0009539189395469746,1.0
2025-09-29 12:57:12+00:00,0.0007991137446412555,0.000934482521526017,0.0
2025-09-29 12:57:13+00:00,-1.1112913323563234e-05,0.0009341383901498061,0.0
2025-09-29 12:57:14+00:00,-0.0007870239381942978,0.0008689844843021306,0.0
2025-09-29 12:57:15+00:00,-9.35318389578832e-05,0.0008690034289161256,0.0
2025-09-29 12:57:16+00:00,-0.0005319774134256994,0.00085729583499421,0.0
2025-09-29 12:57:17+00:00,0.00014090225363072584,0.0008579916907092491,0.0
2025-09-29 12:57:18+00:00,0.001294927258188583,0.0008679191171644589,0.0
2025-09-29 12:57:19+00:00,0.0010685023919745351,0.0008653355566917431,0.0
2025-09-29 12:57:20+00:00,0.0007175815148563469,0.0008703947247845485,0.0
2025-09-29 12:57:21+00:00,0.0020854769228704217,0.0009099919732556911,0.0
2025-09-29 12:57:22+00:00,-0.0007310063574105241,0.0009144079994727655,0.0
2025-09-29 12:57:23+00:00,-0.0019184932754793271,0.0009417810996685217,0.0
2025-09-29 12:57:24+00:00,-0.001000228529279279,0.0009483606589681526,0.0
2025-09-29 12:57:25+00:00,-0.0003830939730472549,0.0009392907675960991,0.0
2025-09-29 12:57:26+00:00,0.00019604676070406057,0.0009396035968013995,0.0
2025-09-29 12:57:27+00:00,-0.0015759790119501682,0.0009591835232836395,1.0
2025-09-29 12:57:28+00:00,0.0008523840025482787,0.000956087009128913,1.0
2025-09-29 12:57:29+00:00,-0.002359495365714892,0.0009990480549795936,1.0
2025-09-29 12:57:30+00:00,-1.5649229052172586e-05,0.0009991106093361574,1.0
2025-09-29 12:57:31+00:00,0.0006286518468829883,0.0010016693061478757,1.0
2025-09-29 12:57:32+00:00,-0.00037717916248192207,0.0010014567370350653,1.0
2025-09-29 12:57:33+00:00,-0.0019645632835336713,0.0010292881282853393,1.0
2025-09-29 12:57:34+00:00,0.00025963637597214984,0.0010230001165015307,1.0
2025-09-29 12:57:35+00:00,0.0003522558246791263,0.0010244039012775087,1.0
2025-09-29 12:57:36+00:00,0.0019715138300320234,0.0010517620779108977,1.0
2025-09-29 12:57:37+00:00,-0.0005952316471443675,0.0010521897829024653,1.0
2025-09-29 12:57:38+00:00,0.0011337484797759867,0.0010645864196401646,1.0
2025-09-29 12:57:39+00:00,0.0009322976512444736,0.0010328909531670582,1.0
2025-09-29 12:57:40+00:00,0.0002696564796513812,0.0010312714916933792,1.0
2025-09-29 12:57:41+00:00,-0.0014091744741366874,0.0010392621173700733,1.0
2025-09-29 12:57:42+00:00,0.0004259666902199921,0.0010407668755623282,1.0
2025-09-29 12:57:43+00:00,-0.0011899865724241954,0.0010504797515558041,1.0
2025-09-29 12:57:44+00:00,0.00013031899475102193,0.0010495554598467017,1.0
2025-09-29 12:57:45+00:00,0.0005167696817778289,0.0010518865906678047,1.0
2025-09-29 12:57:46+00:00,0.00041468783148412847,0.001049139428912088,1.0
2025-09-29 12:57:47+00:00,0.0012996533285234424,0.0010443659679597042,1.0
2025-09-29 12:57:48+00:00,0.0011841960019405295,0.0010321368697626865,1.0
2025-09-29 12:57:49+00:00,-0.00019478923539084647,0.0010315431222571259,1.0
2025-09-29 12:57:50+00:00,0.0006091667833305614,0.0010348103939269385,1.0
2025-09-29 12:57:51+00:00,0.0015958118858907522,0.0010549516842150053,1.0
2025-09-29 12:57:52+00:00,-0.0010529545667032902,0.0010443909033776596,1.0
2025-09-29 12:57:53+00:00,-0.0005603805594512901,0.0010451203777727264,1.0
2025-09-29 12:57:54+00:00,0.0009368749655223052,0.0010367205763867693,1.0
2025-09-29 12:57:55+00:00,-0.0014216145627201637,0.0010313301355333638,1.0
2025-09-29 12:57:56+00:00,0.001541318852638085,0.0010478926546452188,1.0
2025-09-29 12:57:57+00:00,1.243934082451048e-05,0.0010253916766055627,1.0
2025-09-29 12:57:58+00:00,0.0019633436198698284,0.0010527915329847314,1.0
2025-09-29 12:57:59+00:00,-0.0001615562692270922,0.0010445750807262003,1.0
2025-09-29 12:58:00+00:00,3.455485255621227e-05,0.0010027408727089988,1.0
2025-09-29 12:58:01+00:00,0.0007399046337195347,0.001000075150469851,1.0
2025-09-29 12:58:02+00:00,0.00043720290046356247,0.000996603507033057,1.0
2025-09-29 12:58:03+00:00,0.0016471337301435796,0.0010160007551372353,1.0
2025-09-29 12:58:04+00:00,-0.000964125942020333,0.0010241381703854691,1.0
2025-09-29 12:58:05+00:00,-0.0025921556760640785,0.0010768133437054253,1.0
2025-09-29 12:58:06+00:00,0.0003014504317111477,0.001071513232758132,1.0
2025-09-29 12:58:07+00:00,-0.0014498031661621669,0.0010876199887600339,1.0
2025-09-29 12:58:08+00:00,0.0014743855515775284,0.0011034924699378317,1.0
2025-09-29 12:58:09+00:00,-0.0007280933330717776,0.0011058006095881632,1.0
2025-09-29 12:58:10+00:00,-0.000954456254788294,0.0011133487122152136,1.0
2025-09-29 12:58:11+00:00,0.0008629138131199809,0.0011090120266224013,1.0
2025-09-29 12:58:12+00:00,0.0006260451776549658,0.0011072899163975982,1.0
2025-09-29 12:58:13+00:00,2.997763655598895e-05,0.001107257538035142,1.0
2025-09-29 12:58:14+00:00,0.00018432712321958533,0.0011017319569398948,1.0
2025-09-29 12:58:15+00:00,-0.0008715701977889401,0.001108337338185652,1.0
2025-09-29 12:58:16+00:00,-0.0003146176567457859,0.0011067087886841769,1.0
2025-09-29 12:58:17+00:00,0.00028495792276550524,0.0011070256254403707,1.0
2025-09-29 12:58:18+00:00,-3.472391498415828e-05,0.0010953462183883773,1.0
2025-09-29 12:58:19+00:00,0.0004792772814510293,0.0010886658203870443,1.0
2025-09-29 12:58:20+00:00,0.0007820561729152686,0.0010893790446510276,1.0
2025-09-29 12:58:21+00:00,-0.00030026140382011235,0.0010564815699131644,1.0
2025-09-29 12:58:22+00:00,0.0005458156785735913,0.0010543682735302444,1.0
2025-09-29 12:58:23+00:00,0.0006504264545597049,0.001026049253089926,1.0
2025-09-29 12:58:24+00:00,-1.0573567093219438e-05,0.001016563263982731,1.0
2025-09-29 12:58:25+00:00,-0.00014659414614459632,0.0010151931418813335,1.0
2025-09-29 12:58:26+00:00,0.00027463702363994535,0.0010153903663923268,1.0
2025-09-29 12:58:27+00:00,-0.0015983856439916178,0.0010160157796156506,1.0
2025-09-29 12:58:28+00:00,-0.0004714555499094608,0.0010134463577396273,1.0
2025-09-29 12:58:29+00:00,-0.0013242486590334668,0.000979752372025928,1.0
2025-09-29 12:58:30+00:00,0.0006993751341337617,0.000982906680632671,1.0
2025-09-29 12:58:31+00:00,0.0017092342823668005,0.0010026012264611616,1.0
2025-09-29 12:58:32+00:00,0.0015067844965781507,0.0010164769023078,1.0
2025-09-29 12:58:33+00:00,-0.0009040789069586497,0.0009880524981008797,1.0
2025-09-29 12:58:34+00:00,-0.00020769596411696067,0.0009890911001006906,1.0
2025-09-29 12:58:35+00:00,-0.0003876267070097583,0.0009911583428464472,1.0
2025-09-29 12:58:36+00:00,0.0005853549077712294,0.0009634983781411714,1.0
2025-09-29 12:58:37+00:00,0.0014938151735879313,0.0009750280248036733,1.0
2025-09-29 12:58:38+00:00,0.0003579588673829903,0.0009668859158863384,1.0
2025-09-29 12:58:39+00:00,0.0006332642615156647,0.0009634877767015891,1.0
2025-09-29 12:58:40+00:00,-0.0013035533681767797,0.000980958587782064,1.0
2025-09-29 12:58:41+00:00,0.0005371370826114941,0.0009619701023082039,1.0
2025-09-29 12:58:42+00:00,4.135432509344561e-05,0.0009613093070284801,1.0
2025-09-29 12:58:43+00:00,-0.000548044333205433,0.0009498394924857515,0.0
2025-09-29 12:58:44+00:00,0.00010166667740429958,0.0009498535241670181,0.0
2025-09-29 12:58:45+00:00,-0.0008995997885369311,0.000957977383136403,1.0
2025-09-29 12:58:46+00:00,0.00026860523875082976,0.0009574001446111979,1.0
2025-09-29 12:58:47+00:00,-0.0007131266399387215,0.0009505024717564164,0.0
2025-09-29 12:58:48+00:00,0.0018215245638930622,0.0009664378759935419,1.0
2025-09-29 12:58:49+00:00,0.0007397960429771366,0.0009692281330211456,1.0
2025-09-29 12:58:50+00:00,-0.0007095732321168446,0.0009726587202827344,1.0
2025-09-29 12:58:51+00:00,-5.546968990599588e-05,0.0009524181284164212,1.0
2025-09-29 12:58:52+00:00,-0.0004906059676000885,0.000944006943698105,0.0
2025-09-29 12:58:53+00:00,0.000479740822271868,0.0009417882008583574,0.0
2025-09-29 12:58:54+00:00,-0.0005497023254714684,0.0009386002757961983,0.0
2025-09-29 12:58:55+00:00,0.0001225648865925688,0.0009181718013620995,0.0
2025-09-29 12:58:56+00:00,0.0013914942951007703,0.0009143480474438698,0.0
2025-09-29 12:58:57+00:00,0.0009964900610808236,0.000921810793161298,0.0
2025-09-29 12:58:58+00:00,-0.0011490917427074976,0.0009026590660455338,0.0
2025-09-29 12:58:59+00:00,-0.0018188841652675425,0.0009340546493214684,0.0
2025-09-29 12:59:00+00:00,-0.00021977053043653605,0.0009345754083580347,0.0
2025-09-29 12:59:01+00:00,-0.001151579635045863,0.000941691013731799,0.0
2025-09-29 12:59:02+00:00,-0.0011509200852657386,0.0009510839325864972,0.0
2025-09-29 12:59:03+00:00,-0.0008263955132560286,0.0009300980451340999,0.0
2025-09-29 12:59:04+00:00,0.0007325276781895429,0.0009285859927936304,0.0
2025-09-29 12:59:05+00:00,8.129644600951558e-05,0.000866754614406669,0.0
2025-09-29 12:59:06+00:00,0.0007235193510672921,0.0008710128774057674,0.0
2025-09-29 12:59:07+00:00,-0.001286419934517058,0.0008666518247681551,0.0
2025-09-29 12:59:08+00:00,0.00012304840031318598,0.0008450156853982271,0.0
2025-09-29 12:59:09+00:00,0.000817869679099692,0.0008466577739209526,0.0
2025-09-29 12:59:10+00:00,0.0005059593549932018,0.0008395769777254131,0.0
2025-09-29 12:59:11+00:00,-0.0008487730818290684,0.0008398454171512509,0.0
2025-09-29 12:59:12+00:00,-0.0007377233622273272,0.0008410844057373801,0.0
2025-09-29 12:59:13+00:00,-0.000543610890894719,0.0008437373724468263,0.0
2025-09-29 12:59:14+00:00,0.0002967443671104686,0.0008443498432444712,0.0
2025-09-29 12:59:15+00:00,0.0005166403465293179,0.0008399019727261223,0.0
2025-09-29 12:59:16+00:00,0.00038105301873581077,0.0008403808779785245,0.0
2025-09-29 12:59:17+00:00,-0.0002506467587367611,0.0008402001656651885,0.0
2025-09-29 12:59:18+00:00,-0.0017095497718147001,0.000868578916750376,0.0
2025-09-29 12:59:19+00:00,0.0025686991951268112,0.0009291930826079854,0.0
2025-09-29 12:59:20+00:00,-0.0010716160645620754,0.0009336526253572145,0.0
2025-09-29 12:59:21+00:00,0.0008397927154102369,0.0009396000496950884,0.0
2025-09-29 12:59:22+00:00,-0.0007666861172466177,0.0009417397758655861,0.0
2025-09-29 12:59:23+00:00,-0.00041912707280722383,0.0009387425469368043,0.0
2025-09-29 12:59:24+00:00,0.0007528837349453088,0.0009444253480765039,0.0
2025-09-29 12:59:25+00:00,0.0011304513512393477,0.0009562071986784231,1.0
2025-09-29 12:59:26+00:00,-0.00029462731630536254,0.0009561117381961104,1.0
2025-09-29 12:59:27+00:00,-0.0013832656700540902,0.0009504954734746863,0.0
2025-09-29 12:59:28+00:00,-0.00044413907578744194,0.0009502823843874223,0.0
2025-09-29 12:59:29+00:00,-9.583249122424586e-05,0.0009348169867138697,0.0
2025-09-29 12:59:30+00:00,-0.0011174433647148652,0.0009411926316813701,0.0
2025-09-29 12:59:31+00:00,-0.00019855239606270114,0.0009132519363315397,0.0
2025-09-29 12:59:32+00:00,-0.0009592742320488901,0.0008968074411807347,0.0
2025-09-29 12:59:33+00:00,-0.0002802215161579191,0.0008909580972505421,0.0
2025-09-29 12:59:34+00:00,0.0018521695197761812,0.0009254607745184214,0.0
2025-09-29 12:59:35+00:00,-0.001042466788994334,0.0009332409351833466,0.0
2025-09-29 12:59:36+00:00,0.00014970797502278366,0.0009297514516924383,0.0
2025-09-29 12:59:37+00:00,-0.0009423206122091132,0.0009130652727631358,0.0
2025-09-29 12:59:38+00:00,-0.00041036003076055927,0.0009116791724627266,0.0
2025-09-29 12:59:39+00:00,-0.0010482935375272229,0.0009136710618827797,0.0
2025-09-29 12:59:40+00:00,0.00013031952340480935,0.0009018692777241008,0.0
2025-09-29 12:59:41+00:00,-0.0010326657411211526,0.0009048393070075463,0.0
2025-09-29 12:59:42+00:00,-0.0015149369681997094,0.0009211289637864081,0.0
2025-09-29 12:59:43+00:00,0.0010221975577908715,0.0009328981303383155,0.0
2025-09-29 12:59:44+00:00,0.0009664581400552485,0.0009436246522219232,0.0
2025-09-29 12:59:45+00:00,-0.000947287597090174,0.0009442905479282663,0.0
2025-09-29 12:59:46+00:00,0.0003746945495641807,0.0009451792466035046,0.0
2025-09-29 12:59:47+00:00,0.0006720267454620732,0.0009479644406201325,0.0
2025-09-29 12:59:48+00:00,0.002023241316046809,0.0009553007456631653,1.0
2025-09-29 12:59:49+00:00,0.00010188382319920031,0.0009491226955075127,0.0
2025-09-29 12:59:50+00:00,-0.0012862742498422897,0.0009579848892839222,1.0
2025-09-29 12:59:51+00:00,-0.0011405555927055389,0.0009666002869009269,1.0
2025-09-29 12:59:52+00:00,0.00056712528139502,0.0009700386366637988,1.0
2025-09-29 12:59:53+00:00,0.0010400991534091908,0.0009787515439016663,1.0
2025-09-29 12:59:54+00:00,0.0015391096274084415,0.0010004529315468568,1.0
2025-09-29 12:59:55+00:00,-0.0002475826766831224,0.0010002330322560794,1.0
2025-09-29 12:59:56+00:00,-0.00025306685893877745,0.0009809986221278985,1.0
2025-09-29 12:59:57+00:00,-0.00019685046006190365,0.0009698463132220286,1.0
2025-09-29 12:59:58+00:00,-7.596959303313167e-05,0.0009609249083682059,1.0
2025-09-29 12:59:59+00:00,-5.853853118209518e-05,0.0009350119994224966,0.0
2025-09-29 13:00:00+00:00,-0.028044642136639375,0.003726962924183546,2.0
2025-09-29 13:30:00+00:00,-0.0008415663361468484,0.0037263500423348455,2.0
2025-09-29 13:30:01+00:00,0.0004802776245180773,0.0037279107416314824,2.0
2025-09-29 13:30:02+00:00,0.0021128601482183207,0.003743258695912962,2.0
2025-09-29 13:30:03+00:00,0.0004105947356061179,0.0037417170502326265,2.0
2025-09-29 13:30:04+00:00,-0.00020485818498883201,0.0037411607936394726,2.0
2025-09-29 13:30:05+00:00,-0.0005809248131440903,0.0037377585581264425,2.0
2025-09-29 13:30:06+00:00,0.0006343822285248546,0.0037392649769874523,2.0
2025-09-29 13:30:07+00:00,0.0010747524735901237,0.0037438950366268887,2.0
2025-09-29 13:30:08+00:00,-8.72941200654731e-05,0.003740451424500661,2.0
2025-09-29 13:30:09+00:00,0.00016858776420458632,0.003739194120396702,2.0
2025-09-29 13:30:10+00:00,-0.0009355858125364991,0.0037393529405237037,2.0
2025-09-29 13:30:11+00:00,-0.00035681054711500515,0.0037392473647429396,2.0
2025-09-29 13:30:12+00:00,0.00045946636256921636,0.003741213366020434,2.0
2025-09-29 13:30:13+00:00,0.0005569253537531793,0.0037422633337697363,2.0
2025-09-29 13:30:14+00:00,-0.0017378847230410388,0.0037435899574625622,2.0
2025-09-29 13:30:15+00:00,0.0007451451445157353,0.003745336114796522,2.0
2025-09-29 13:30:16+00:00,0.0011983175577905403,0.0037515940006611673,2.0
2025-09-29 13:30:17+00:00,0.0011828134615108343,0.0037539685812565506,2.0
2025-09-29 13:30:18+00:00,0.0011136846718389215,0.0037389975875954744,2.0
2025-09-29 13:30:19+00:00,-0.001230399324477216,0.003739504557831856,2.0
2025-09-29 13:30:20+00:00,0.0014524589351645467,0.0037439143143641455,2.0
2025-09-29 13:30:21+00:00,-0.0016135829180757844,0.0037467708965820555,2.0
2025-09-29 13:30:22+00:00,0.0010385313584224676,0.003751709144695471,2.0
2025-09-29 13:30:23+00:00,0.0008975396621415666,0.003752526964386602,2.0
2025-09-29 13:30:24+00:00,-0.0002975905934232692,0.0037470179816366887,2.0
2025-09-29 13:30:25+00:00,-0.00012779181393507422,0.003747196332244064,2.0
2025-09-29 13:30:26+00:00,-0.00016121338181962486,0.003745337151606411,2.0
2025-09-29 13:30:27+00:00,0.0009423296923740665,0.003749496800608491,2.0
2025-09-29 13:30:28+00:00,-0.0003177369588052148,0.0037492984370289077,2.0
2025-09-29 13:30:29+00:00,0.0001726387474438873,0.0037488506765339913,2.0
2025-09-29 13:30:30+00:00,-0.00060662100814457,0.0037488770716738694,2.0
2025-09-29 13:30:31+00:00,0.0014363697976191858,0.003755481038276261,2.0
2025-09-29 13:30:32+00:00,0.0009483104605045867,0.0037592248693624456,2.0
2025-09-29 13:30:33+00:00,0.00038532306359817525,0.0037495417577689295,2.0
2025-09-29 13:30:34+00:00,0.0004006681898642839,0.0037496904863967956,2.0
2025-09-29 13:30:35+00:00,-0.0005001189055070521,0.003749214956682076,2.0
2025-09-29 13:30:36+00:00,0.0006435774958839513,0.0037505046235938324,2.0
2025-09-29 13:30:37+00:00,-0.0017414071830699207,0.0037550056404192325,2.0
2025-09-29 13:30:38+00:00,-0.001141809347918965,0.003755324746621395,2.0
2025-09-29 13:30:39+00:00,0.0008507902443022353,0.0037580044181790384,2.0
2025-09-29 13:30:40+00:00,-0.000850199606884372,0.0037574981495669423,2.0
2025-09-29 13:30:41+00:00,0.0014463425537727392,0.0037610468022453514,2.0
2025-09-29 13:30:42+00:00,-0.0002643516748838115,0.0037571889471295335,2.0
2025-09-29 13:30:43+00:00,-0.0002307834143667753,0.0037535433616590437,2.0
2025-09-29 13:30:44+00:00,-0.000727947327248013,0.0037530256881232074,2.0
2025-09-29 13:30:45+00:00,0.00013792196567208315,0.0037524146076109897,2.0
2025-09-29 13:30:46+00:00,-0.0005740055218154128,0.003750295052103085,2.0
2025-09-29 13:30:47+00:00,-0.002180353368916421,0.0037446990857227746,2.0
2025-09-29 13:30:48+00:00,-0.0019367630417093107,0.0037492410005639477,2.0
2025-09-29 13:30:49+00:00,0.0009334016193864869,0.00375171838024475,2.0
2025-09-29 13:30:50+00:00,-0.0010241559614380114,0.0037513616109756203,2.0
2025-09-29 13:30:51+00:00,0.00010212945706866705,0.003749803523262169,2.0
2025-09-29 13:30:52+00:00,-0.001238429755989201,0.003746397752788656,2.0
2025-09-29 13:30:53+00:00,0.00022124552904734252,0.0037384007802051837,2.0
2025-09-29 13:30:54+00:00,0.0006091932120899646,0.003740902782298158,2.0
2025-09-29 13:30:55+00:00,0.001103062768871288,0.003746244972664665,2.0
2025-09-29 13:30:56+00:00,-0.0009213159418169914,0.0037466358846608644,2.0
2025-09-29 13:30:57+00:00,-0.0007241212383267692,0.003746485739013949,2.0
2025-09-29 13:30:58+00:00,0.00026862636786240124,0.003747312978664315,2.0
2025-09-29 13:30:59+00:00,0.000727697185313847,0.0009628102109278286,1.0
2025-09-29 13:31:00+00:00,0.00024857553564938684,0.0009563806112468309,1.0
2025-09-29 13:31:01+00:00,-0.0009936027822390336,0.0009639487796853991,1.0
2025-09-29 13:31:02+00:00,-0.0008535496569217482,0.0009303774816879078,0.0
2025-09-29 13:31:03+00:00,-0.0009836913145642168,0.0009366412819103055,0.0
2025-09-29 13:31:04+00:00,0.0014158701465720736,0.0009553055546614606,1.0
2025-09-29 13:31:05+00:00,-0.0007013126565273975,0.0009566212244714906,1.0
2025-09-29 13:31:06+00:00,0.0010510958098499668,0.0009629864975884154,1.0
2025-09-29 13:31:07+00:00,0.00046981907237997333,0.0009544725102938854,1.0
2025-09-29 13:31:08+00:00,-0.0004611482722611804,0.0009560793274023803,1.0
2025-09-29 13:31:09+00:00,0.0011926142987381816,0.0009688319341447193,1.0
2025-09-29 13:31:10+00:00,-0.0005586410397350194,0.0009639912367209278,1.0
2025-09-29 13:31:11+00:00,-0.0008598993028502422,0.0009692172429125216,1.0
2025-09-29 13:31:12+00:00,-0.0006577844908086661,0.0009705783955653727,1.0
2025-09-29 13:31:13+00:00,-0.00028494790117095103,0.000967902583375789,1.0
2025-09-29 13:31:14+00:00,-0.0005149831481481293,0.0009444075276795107,0.0
2025-09-29 13:31:15+00:00,-0.0006382219112857079,0.0009419864530252886,0.0
2025-09-29 13:31:16+00:00,-0.0005902778305526546,0.0009298599156348567,0.0
2025-09-29 13:31:17+00:00,0.00039527865899668946,0.0009171278370999515,0.0
2025-09-29 13:31:18+00:00,-0.0004262413772235796,0.0009040877966279581,0.0
2025-09-29 13:31:19+00:00,-1.1547710582981985e-05,0.0008924259618132371,0.0
2025-09-29 13:31:20+00:00,-0.0015599747513027618,0.0008881193854804331,0.0
2025-09-29 13:31:21+00:00,0.0008988654939916518,0.0008772965636629439,0.0
2025-09-29 13:31:22+00:00,-0.0004055580485549104,0.0008649167338869322,0.0
2025-09-29 13:31:23+00:00,-0.0009042156293082027,0.0008596815817667498,0.0
2025-09-29 13:31:24+00:00,0.00042295515098267344,0.0008628416363012779,0.0
2025-09-29 13:31:25+00:00,0.00010485436022444894,0.0008634846628981544,0.0
2025-09-29 13:31:26+00:00,-0.0010727183503587145,0.0008716597083152652,0.0
2025-09-29 13:31:27+00:00,0.00015987830366204214,0.000860587678384184,0.0
2025-09-29 13:31:28+00:00,-0.0007711281770955702,0.0008638152759810863,0.0
2025-09-29 13:31:29+00:00,0.001578475982782157,0.0008923067461108538,0.0
2025-09-29 13:31:30+00:00,0.0009740744412751745,0.0009022556597212058,0.0
2025-09-29 13:31:31+00:00,-0.0011030494597366047,0.0008866588583913487,0.0
2025-09-29 13:31:32+00:00,-0.00016000263085036437,0.0008742411581184661,0.0
2025-09-29 13:31:33+00:00,-0.0018739764866487763,0.0008970874591889353,0.0
2025-09-29 13:31:34+00:00,-0.0003371352511628567,0.0008932784513829516,0.0
2025-09-29 13:31:35+00:00,0.0010666252773008367,0.0009085248409826114,0.0
2025-09-29 13:31:36+00:00,0.0015029600145979316,0.0009289300769384151,0.0
2025-09-29 13:31:37+00:00,-0.00030198613430387766,0.0009069480436993003,0.0
2025-09-29 13:31:38+00:00,0.0009959915642034911,0.0009106122113024316,0.0
2025-09-29 13:31:39+00:00,-0.0013419636388202205,0.0009138844417564399,0.0
2025-09-29 13:31:40+00:00,-0.0003951153153005649,0.0009101385575573548,0.0
2025-09-29 13:31:41+00:00,0.0007034372562277902,0.0008925782615489171,0.0
2025-09-29 13:31:42+00:00,0.000662505395629287,0.000899236012863679,0.0
2025-09-29 13:31:43+00:00,-0.0005791259801194437,0.0009007393641104115,0.0
2025-09-29 13:31:44+00:00,0.0008156824375928906,0.0009068099211872269,0.0
2025-09-29 13:31:45+00:00,-8.986480496675497e-05,0.0009060479447621106,0.0
2025-09-29 13:31:46+00:00,5.0721779015550084e-05,0.000904760536289073,0.0
2025-09-29 13:31:47+00:00,-0.0007722782775969605,0.0008686487243165134,0.0
2025-09-29 13:31:48+00:00,0.0021497221416975076,0.0008840848140554112,0.0
2025-09-29 13:31:49+00:00,0.015996277957651905,0.002251150774312509,1.0
2025-09-29 13:31:50+00:00,-0.0152156028380237,0.0030019002666442874,2.0
2025-09-29 13:31:51+00:00,0.014196568176682911,0.0035199885004130295,2.0
2025-09-29 13:31:52+00:00,-0.013204513033566512,0.00391893778426195,2.0
2025-09-29 13:31:53+00:00,0.0006071481410594437,0.003919631630100271,2.0
2025-09-29 13:31:54+00:00,0.010910757755900669,0.0041646576074101625,2.0
2025-09-29 13:31:55+00:00,9.183174913052206e-05,0.004162877163769827,2.0
2025-09-29 13:31:56+00:00,0.0003017498303681254,0.004160503826268136,2.0
2025-09-29 13:31:57+00:00,0.0002841800461983457,0.00415883888107499,2.0
2025-09-29 13:31:58+00:00,-0.0004093367862114672,0.004159552739974132,2.0
2025-09-29 13:31:59+00:00,-0.005864083648176255,0.004231337937777964,2.0
2025-09-29 13:32:00+00:00,0.006855886321177618,0.0043210256812777495,2.0
2025-09-29 13:32:01+00:00,3.454025768379054e-05,0.004318319830969637,2.0
2025-09-29 13:32:02+00:00,-0.007095072450155615,0.004418146922746348,2.0
2025-09-29 13:32:03+00:00,0.008526532329779846,0.004547464953404437,2.0
2025-09-29 13:32:04+00:00,0.0003036931473099358,0.00454491574277076,2.0
2025-09-29 13:32:05+00:00,0.0008960845975565235,0.004544012302418144,2.0
2025-09-29 13:32:06+00:00,-0.0010174914289906578,0.004545773482270749,2.0
2025-09-29 13:32:07+00:00,-0.008830252693367013,0.00469353819359517,2.0
2025-09-29 13:32:08+00:00,0.008610012095720432,0.004820428048521065,2.0
2025-09-29 13:32:09+00:00,0.0010523929009587096,0.004819984483320061,2.0
2025-09-29 13:32:10+00:00,-0.011389673349816887,0.005047172217523073,2.0
2025-09-29 13:32:11+00:00,0.011480268584539655,0.0052569007918178865,2.0
2025-09-29 13:32:12+00:00,0.0010583684272822413,0.005256563959588483,2.0
2025-09-29 13:32:13+00:00,-0.0020721167641959415,0.00526485028762407,2.0
2025-09-29 13:32:14+00:00,-3.34849974767959e-05,0.005264038091946405,2.0
2025-09-29 13:32:15+00:00,0.00043447283710240647,0.005262778943181425,2.0
2025-09-29 13:32:16+00:00,-0.0005841521810640016,0.005262761999695806,2.0
2025-09-29 13:32:17+00:00,0.0003398029878745046,0.005262744791189026,2.0
2025-09-29 13:32:18+00:00,0.0012199133194965572,0.0052633404289583125,2.0
2025-09-29 13:32:19+00:00,-0.00020673196171205888,0.005263595426879745,2.0
2025-09-29 13:32:20+00:00,0.00011965564190297151,0.005258026561828458,2.0
2025-09-29 13:32:21+00:00,0.000493435347060478,0.005257534372747329,2.0
2025-09-29 13:32:22+00:00,-0.00014362057089756242,0.005257033642140161,2.0
2025-09-29 13:32:23+00:00,-0.0010987807333276978,0.005257861872240576,2.0
2025-09-29 13:32:24+00:00,0.00014679369491354954,0.005257888692592349,2.0
2025-09-29 13:32:25+00:00,-0.009479007187317867,0.0054077498036353075,2.0
2025-09-29 13:32:26+00:00,0.010907973646310687,0.005580166507163645,2.0
2025-09-29 13:32:27+00:00,-0.0011040036262316422,0.0055832911844979054,2.0
2025-09-29 13:32:28+00:00,0.0004142598276968279,0.0055814200410711475,2.0
2025-09-29 13:32:29+00:00,0.0006760792674282978,0.005579272704713475,2.0
2025-09-29 13:32:30+00:00,0.0006347799803054777,0.005578787253579593,2.0
2025-09-29 13:32:31+00:00,0.00019965063257143534,0.005575647051770865,2.0
2025-09-29 13:32:32+00:00,0.001124753019385638,0.0055761130037110945,2.0
2025-09-29 13:32:33+00:00,0.0006023737190601341,0.005568353121863577,2.0
2025-09-29 13:32:34+00:00,-0.00021261901683755635,0.005568091238472428,2.0
2025-09-29 13:32:35+00:00,-0.0001787523830282245,0.0055679502232330765,2.0
2025-09-29 13:32:36+00:00,-0.0023989246649984697,0.0055775844094524815,2.0
2025-09-29 13:32:37+00:00,0.00048248515837134853,0.00557699409697833,2.0
2025-09-29 13:32:38+00:00,-0.013102265098371646,0.00583987545827847,2.0
2025-09-29 13:32:39+00:00,0.013859503314245236,0.0060998069709307596,2.0
2025-09-29 13:32:40+00:00,-0.0006654109847338274,0.00610047597368573,2.0
2025-09-29 13:32:41+00:00,3.0353563245322235e-05,0.006100449383436693,2.0
2025-09-29 13:32:42+00:00,0.0009700143241633263,0.006100848043050096,2.0
2025-09-29 13:32:43+00:00,-0.010366949204642761,0.006255081213608551,2.0
2025-09-29 13:32:44+00:00,0.010863019752345382,0.006404837489448514,2.0
2025-09-29 13:32:45+00:00,-0.00042620540351623326,0.006405381960415955,2.0
2025-09-29 13:32:46+00:00,0.002050937866483471,0.006408997195031253,2.0
2025-09-29 13:32:47+00:00,-0.011596016893420824,0.006591823542174301,2.0
2025-09-29 13:32:48+00:00,0.012084939037267484,0.006764068537249918,2.0
2025-09-29 13:32:49+00:00,0.00017373763755768046,0.006445432579629127,2.0
2025-09-29 13:32:50+00:00,-0.0009537688741717565,0.006125885239541664,2.0
2025-09-29 13:32:51+00:00,0.0025764524700182534,0.005858339262148971,2.0
2025-09-29 13:32:52+00:00,0.0016087910216491252,0.005592099642642452,2.0
2025-09-29 13:32:53+00:00,0.000529019887555382,0.005592058892411282,2.0
2025-09-29 13:32:54+00:00,-0.0003728103408251471,0.005419504074416376,2.0
2025-09-29 13:32:55+00:00,0.00026139726088403314,0.005419487059372231,2.0
2025-09-29 13:32:56+00:00,-0.0006386976553733881,0.005420577398273058,2.0
2025-09-29 13:32:57+00:00,-0.016005118706781674,0.00580994494356317,2.0
2025-09-29 13:32:58+00:00,0.01803724824195796,0.006262503763301638,2.0
2025-09-29 13:32:59+00:00,-0.00034305578597670916,0.0062117936118912115,2.0
2025-09-29 13:33:00+00:00,0.0005111317528050385,0.006152407262406135,2.0
2025-09-29 13:33:01+00:00,0.00014603407721835993,0.006152368159744874,2.0
2025-09-29 13:33:02+00:00,-0.01751389837325179,0.006499527094028607,2.0
2025-09-29 13:33:03+00:00,0.017052542697509665,0.006775451678357525,2.0
2025-09-29 13:33:04+00:00,-0.001399893940900121,0.0067785230937646955,2.0
2025-09-29 13:33:05+00:00,-0.0008675171029597362,0.006779094583578282,2.0
2025-09-29 13:33:06+00:00,0.0018744408142934432,0.006781084003825709,2.0
2025-09-29 13:33:07+00:00,-0.0009940329557573957,0.006679356137237582,2.0
2025-09-29 13:33:08+00:00,0.0015148711296251172,0.0065921217874590834,2.0
2025-09-29 13:33:09+00:00,0.0008007184738390016,0.006591643629879775,2.0
2025-09-29 13:33:10+00:00,-0.014101147113352419,0.006681035057182563,2.0
2025-09-29 13:33:11+00:00,0.013923248711462444,0.006758312636139199,2.0
2025-09-29 13:33:12+00:00,0.0005104330909562194,0.006757477234008706,2.0
2025-09-29 13:33:13+00:00,-0.0008767833239865519,0.0067525094348338055,2.0
2025-09-29 13:33:14+00:00,-0.01254835540550514,0.006949989128814761,2.0
2025-09-29 13:33:15+00:00,0.013223070595861586,0.007157076957884394,2.0
2025-09-29 13:33:16+00:00,0.0013251429350076283,0.0071577920572475934,2.0
2025-09-29 13:33:17+00:00,-0.0017784039583788047,0.007162454663260954,2.0
2025-09-29 13:33:18+00:00,5.9733469038203424e-05,0.007161201121601359,2.0
2025-09-29 13:33:19+00:00,0.0014148519029566486,0.007162801155849784,2.0
2025-09-29 13:33:20+00:00,-0.0013481761291577188,0.0071655884827416735,2.0
2025-09-29 13:33:21+00:00,0.0018354839350478436,0.007168689566498003,2.0
2025-09-29 13:33:22+00:00,-0.0012486628502151875,0.00717100264054301,2.0
2025-09-29 13:33:23+00:00,0.0005323140682140792,0.007169163693926968,2.0
2025-09-29 13:33:24+00:00,-0.0012706437848652996,0.007171701394236301,2.0
2025-09-29 13:33:25+00:00,-0.0011068632508445253,0.007061106835281036,2.0
2025-09-29 13:33:26+00:00,-0.0008433764052562243,0.006924186018340957,2.0
2025-09-29 13:33:27+00:00,-0.00016107035272583392,0.006922413719260161,2.0
2025-09-29 13:33:28+00:00,0.00048356335030130815,0.006922465517524192,2.0
2025-09-29 13:33:29+00:00,0.0006362621964128845,0.006922415576137923,2.0
2025-09-29 13:33:30+00:00,-0.0031532230622195456,0.0069351215874460335,2.0
2025-09-29 13:33:31+00:00,0.001139927867366053,0.006936457796418218,2.0
2025-09-29 13:33:32+00:00,-0.013799671458145979,0.007162844887012752,2.0
2025-09-29 13:33:33+00:00,0.015418697155161976,0.007439373233809813,2.0
2025-09-29 13:33:34+00:00,-0.0006818226352505175,0.007439947912267968,2.0
2025-09-29 13:33:35+00:00,0.00042519361073933837,0.007439991536595716,2.0
2025-09-29 13:33:36+00:00,-0.002007740185653528,0.007437938781174045,2.0
2025-09-29 13:33:37+00:00,-0.00028136944574896905,0.00743793206760904,2.0
2025-09-29 13:33:38+00:00,-0.0023475108413597567,0.007241614453021253,2.0
2025-09-29 13:33:39+00:00,-0.00917205381242725,0.007118411828728005,2.0
2025-09-29 13:33:40+00:00,0.011429328791211502,0.007272129865948525,2.0
2025-09-29 13:33:41+00:00,-0.010992726334819958,0.007411497161015506,2.0
2025-09-29 13:33:42+00:00,0.010748236996923177,0.007541706414569002,2.0
2025-09-29 13:33:43+00:00,0.0018097131905576713,0.007419023014412482,2.0
2025-09-29 13:33:44+00:00,-0.0007560805473459942,0.007288313482877784,2.0
2025-09-29 13:33:45+00:00,-0.0010393796227003982,0.007289459186197623,2.0
2025-09-29 13:33:46+00:00,-0.011838332061571255,0.007444238212229137,2.0
2025-09-29 13:33:47+00:00,0.00021823291124389854,0.0072914589773767505,2.0
2025-09-29 13:33:48+00:00,0.016692970059450474,0.007443261737952459,2.0
2025-09-29 13:33:49+00:00,0.0012732146886094142,0.007444779963253331,2.0
2025-09-29 13:33:50+00:00,-0.018649430031805414,0.007828888324431217,2.0
2025-09-29 13:33:51+00:00,0.018045169610484857,0.008168169993295001,2.0
2025-09-29 13:33:52+00:00,0.0003300662279288602,0.00816580539887672,2.0
2025-09-29 13:33:53+00:00,-0.00011390971715341536,0.008165611666468339,2.0
2025-09-29 13:33:54+00:00,0.00037946531415733453,0.008165518029961913,2.0
2025-09-29 13:33:55+00:00,-0.00020545438360652923,0.008165554563554014,2.0
2025-09-29 13:33:56+00:00,8.725849351343129e-05,0.008165036864148247,2.0
2025-09-29 13:33:57+00:00,-0.02106305088729088,0.008357693170824753,2.0
2025-09-29 13:33:58+00:00,0.0002940721292854498,0.008015174730717554,2.0
2025-09-29 13:33:59+00:00,0.02210932476703742,0.008521546261962065,2.0
2025-09-29 13:34:00+00:00,-0.001040748327438501,0.008522533763384688,2.0
2025-09-29 13:34:01+00:00,-9.466869018337487e-05,0.00852254071199779,2.0
2025-09-29 13:34:02+00:00,0.000865968253191518,0.008205379904703313,2.0
2025-09-29 13:34:03+00:00,0.0017226297746146813,0.007909650626380244,2.0
2025-09-29 13:34:04+00:00,-0.001017733649731123,0.007908585133232292,2.0
2025-09-29 13:34:05+00:00,0.001083788413567044,0.007908570414322654,2.0
2025-09-29 13:34:06+00:00,0.0020214316551743217,0.007909143353242927,2.0
2025-09-29 13:34:07+00:00,-0.0253769945558191,0.0085669553600468,2.0
2025-09-29 13:34:08+00:00,0.024462894475408836,0.009141264521500525,2.0
2025-09-29 13:34:09+00:00,-0.0012545557798411267,0.009142469563281389,2.0
2025-09-29 13:34:10+00:00,-0.0004351935033558574,0.008951622699899079,2.0
2025-09-29 13:34:11+00:00,-0.023153501189522085,0.00926934161102809,2.0
2025-09-29 13:34:12+00:00,0.024412668594791853,0.009803767781744435,2.0
2025-09-29 13:34:13+00:00,0.0006583142481728643,0.009803230573904606,2.0
2025-09-29 13:34:14+00:00,0.001321599573930854,0.009662294314887748,2.0
2025-09-29 13:34:15+00:00,-0.0005661627826276661,0.009513447735204909,2.0
2025-09-29 13:34:16+00:00,-0.0010521835451494654,0.009513240306585973,2.0
2025-09-29 13:34:17+00:00,-0.00046464959804548567,0.00951043073315303,2.0
2025-09-29 13:34:18+00:00,0.000833288078846417,0.009510913884734889,2.0
2025-09-29 13:34:19+00:00,-0.0005176795743815354,0.009509666391696231,2.0
2025-09-29 13:34:20+00:00,0.0007848022548395672,0.009508260690242626,2.0
2025-09-29 13:34:21+00:00,0.0009543727803285051,0.009506224216189591,2.0
2025-09-29 13:34:22+00:00,2.427156796436236e-05,0.009504603727371318,2.0
2025-09-29 13:34:23+00:00,-0.021538014520488535,0.0099066454425771,2.0
2025-09-29 13:34:24+00:00,0.02198036333070852,0.010312694197028075,2.0
2025-09-29 13:34:25+00:00,-4.542477110203169e-05,0.010311443277733803,2.0
2025-09-29 13:34:26+00:00,-0.023306026442450833,0.010746700170714376,2.0
2025-09-29 13:34:27+00:00,-0.00028827440853229636,0.010746699961631289,2.0
2025-09-29 13:34:28+00:00,0.024144651206130963,0.011197860778628582,2.0
2025-09-29 13:34:29+00:00,-0.001248523164536386,0.011199167297627842,2.0
2025-09-29 13:34:30+00:00,-0.000990259058686882,0.011191878358681977,2.0
2025-09-29 13:34:31+00:00,4.990725333531287e-05,0.011191165564728937,2.0
2025-09-29 13:34:32+00:00,-0.020908428046997662,0.01137747429540683,2.0
2025-09-29 13:34:33+00:00,0.02230413833487299,0.011568386774775535,2.0
2025-09-29 13:34:34+00:00,0.07752749472508325,0.015282878350547651,2.0
2025-09-29 13:34:35+00:00,-0.0908940854271314,0.01938394639192509,2.0
