timestamp,spread_median,regime
2025-09-29 10:00:00+00:00,1.7281036163476529,2.0
2025-09-29 10:00:01+00:00,1.046192370224162,0.0
2025-09-29 10:00:02+00:00,1.5236069630045677,2.0
2025-09-29 10:00:03+00:00,1.4307494820532156,2.0
2025-09-29 10:00:04+00:00,1.2753302635828732,1.0
2025-09-29 10:00:05+00:00,1.0304344158794265,0.0
2025-09-29 10:00:06+00:00,1.0543158242799109,0.0
2025-09-29 10:00:07+00:00,1.485598268758622,2.0
2025-09-29 10:00:08+00:00,1.318585782966693,1.0
2025-09-29 10:00:09+00:00,0.9604967620107345,0.0
2025-09-29 10:00:10+00:00,1.20335518430511,1.0
2025-09-29 10:00:11+00:00,1.6006234996020794,2.0
2025-09-29 10:00:12+00:00,1.1803604598972015,1.0
2025-09-29 10:00:13+00:00,0.6313507538288832,0.0
2025-09-29 10:00:14+00:00,1.2084348661883269,1.0
2025-09-29 10:00:15+00:00,0.9717918331298279,0.0
2025-09-29 10:00:16+00:00,1.3336325274867704,1.0
2025-09-29 10:00:17+00:00,1.2942262504220707,1.0
2025-09-29 10:00:18+00:00,1.6144097860815236,2.0
2025-09-29 10:00:19+00:00,1.6620933200756554,2.0
2025-09-29 10:00:20+00:00,1.0585736912762513,0.0
2025-09-29 10:00:21+00:00,0.8015157412737608,0.0
2025-09-29 10:00:22+00:00,0.68050409751595,0.0
2025-09-29 10:00:23+00:00,1.6783720203093253,2.0
2025-09-29 10:00:24+00:00,1.2668416829837952,1.0
2025-09-29 10:00:25+00:00,0.9475012303155381,0.0
2025-09-29 10:00:26+00:00,1.6828079796105158,2.0
2025-09-29 10:00:27+00:00,1.4995247173064854,2.0
2025-09-29 10:00:28+00:00,1.6386117965594167,2.0
2025-09-29 10:00:29+00:00,1.420211155404104,2.0
2025-09-29 10:00:30+00:00,1.4111947716010036,2.0
2025-09-29 10:00:31+00:00,0.961685985152144,0.0
2025-09-29 10:00:32+00:00,1.6770441802946152,2.0
2025-09-29 10:00:33+00:00,1.2135112355754245,1.0
2025-09-29 10:00:34+00:00,0.9300967124290764,0.0
2025-09-29 10:00:35+00:00,0.642565183705301,0.0
2025-09-29 10:00:36+00:00,1.015172946586972,0.0
2025-09-29 10:00:37+00:00,1.6020373521605507,2.0
2025-09-29 10:00:38+00:00,0.9342224770807661,0.0
2025-09-29 10:00:39+00:00,1.56400339656102,2.0
2025-09-29 10:00:40+00:00,1.3480876543617342,1.0
2025-09-29 10:00:41+00:00,1.1697133550333092,1.0
2025-09-29 10:00:42+00:00,1.01920331895235,0.0
2025-09-29 10:00:43+00:00,1.6953236143308459,2.0
2025-09-29 10:00:44+00:00,1.1535847743652994,1.0
2025-09-29 10:00:45+00:00,1.3507223814085592,1.0
2025-09-29 10:00:46+00:00,1.2908111966244178,1.0
2025-09-29 10:00:47+00:00,1.1914562979072798,1.0
2025-09-29 10:00:48+00:00,1.3277197026764043,1.0
2025-09-29 10:00:49+00:00,1.562641394106322,2.0
2025-09-29 10:00:50+00:00,1.8537160459527513,2.0
2025-09-29 10:00:51+00:00,1.3765374046488432,1.0
2025-09-29 10:00:52+00:00,1.2091805737873074,1.0
2025-09-29 10:00:53+00:00,1.5582315046922304,2.0
2025-09-29 10:00:54+00:00,0.8615943889599293,0.0
2025-09-29 10:00:55+00:00,1.612605353424442,2.0
2025-09-29 10:00:56+00:00,0.7703892957506469,0.0
2025-09-29 10:00:57+00:00,1.1306666272430448,1.0
2025-09-29 10:00:58+00:00,1.4590749949566089,2.0
2025-09-29 10:00:59+00:00,0.9572822139743948,0.0
2025-09-29 10:01:00+00:00,1.681441163920681,2.0
2025-09-29 10:01:01+00:00,1.269711204469786,1.0
2025-09-29 10:01:02+00:00,0.8776968801103067,0.0
2025-09-29 10:01:03+00:00,1.180218764275196,1.0
2025-09-29 10:01:04+00:00,1.3420109589351341,1.0
2025-09-29 10:01:05+00:00,1.641260145479464,2.0
2025-09-29 10:01:06+00:00,1.6451299971377011,2.0
2025-09-29 10:01:07+00:00,1.3497311274259118,1.0
2025-09-29 10:01:08+00:00,1.3916693644132465,2.0
2025-09-29 10:01:09+00:00,1.0371840005391277,0.0
2025-09-29 10:01:10+00:00,1.5389912445680238,2.0
2025-09-29 10:01:11+00:00,0.8440430279151769,0.0
2025-09-29 10:01:12+00:00,1.182417021424044,1.0
2025-09-29 10:01:13+00:00,1.220888053518138,1.0
2025-09-29 10:01:14+00:00,1.4217117248481372,2.0
2025-09-29 10:01:15+00:00,1.7000456053065136,2.0
2025-09-29 10:01:16+00:00,1.113973672821885,1.0
2025-09-29 10:01:17+00:00,0.8363455139333382,0.0
2025-09-29 10:01:18+00:00,1.2465578367409762,1.0
2025-09-29 10:01:19+00:00,1.955410515278345,2.0
2025-09-29 10:01:20+00:00,0.7867110356455669,0.0
2025-09-29 10:01:21+00:00,1.2682896912592696,1.0
2025-09-29 10:01:22+00:00,1.0485645441367524,0.0
2025-09-29 10:01:23+00:00,0.8829061475553317,0.0
2025-09-29 10:01:24+00:00,1.0104709436418489,0.0
2025-09-29 10:01:25+00:00,1.479450541024562,2.0
2025-09-29 10:01:26+00:00,1.6795465553295799,2.0
2025-09-29 10:01:27+00:00,0.5877880466578063,0.0
2025-09-29 10:01:28+00:00,0.944077440421097,0.0
2025-09-29 10:01:29+00:00,1.6580097648693481,2.0
2025-09-29 10:01:30+00:00,1.81873868497496,2.0
2025-09-29 10:01:31+00:00,1.0361228547553765,0.0
2025-09-29 10:01:32+00:00,0.8714235022489447,0.0
2025-09-29 10:01:33+00:00,1.5046519398892997,2.0
2025-09-29 10:01:34+00:00,1.610797519373591,2.0
2025-09-29 10:01:35+00:00,1.1643290578504093,1.0
2025-09-29 10:01:36+00:00,1.3370536822912982,1.0
2025-09-29 10:01:37+00:00,0.8814661132200854,0.0
2025-09-29 10:01:38+00:00,1.2214511986385332,1.0
2025-09-29 10:01:39+00:00,1.768069211364491,2.0
2025-09-29 10:01:40+00:00,1.2763700876676012,1.0
2025-09-29 10:01:41+00:00,1.485913254902698,2.0
2025-09-29 10:01:42+00:00,1.639060086250538,2.0
2025-09-29 10:01:43+00:00,0.9090638145426055,0.0
2025-09-29 10:01:44+00:00,1.0578900141699705,0.0
2025-09-29 10:01:45+00:00,1.3813489706226392,1.0
2025-09-29 10:01:46+00:00,1.2771054250915768,1.0
2025-09-29 10:01:47+00:00,1.2513129571307218,1.0
2025-09-29 10:01:48+00:00,0.8694830832246225,0.0
2025-09-29 10:01:49+00:00,1.4065053092053859,2.0
2025-09-29 10:01:50+00:00,1.2272821679216577,1.0
2025-09-29 10:01:51+00:00,1.4852616898715496,2.0
2025-09-29 10:01:52+00:00,1.8183813407085836,2.0
2025-09-29 10:01:53+00:00,0.9636110011779238,0.0
2025-09-29 10:01:54+00:00,0.7138713910535444,0.0
2025-09-29 10:01:55+00:00,1.2618898351938697,1.0
2025-09-29 10:01:56+00:00,1.3492751515295822,1.0
2025-09-29 10:01:57+00:00,1.4213123223162256,2.0
2025-09-29 10:01:58+00:00,1.348480887405458,1.0
2025-09-29 10:01:59+00:00,0.9222860024747206,0.0
2025-09-29 10:02:00+00:00,1.400421660146094,2.0
2025-09-29 10:02:01+00:00,1.392996349852183,2.0
2025-09-29 10:02:02+00:00,1.2844697990367422,1.0
2025-09-29 10:02:03+00:00,0.9236349979473744,0.0
2025-09-29 10:02:04+00:00,1.0718856830935692,0.0
2025-09-29 10:02:05+00:00,1.7031344995775726,2.0
2025-09-29 10:02:06+00:00,1.3602832265751204,1.0
2025-09-29 10:02:07+00:00,0.6428625562402885,0.0
2025-09-29 10:02:08+00:00,1.495087016155594,2.0
2025-09-29 10:02:09+00:00,1.7185027195664588,2.0
2025-09-29 10:02:10+00:00,1.6196498235949548,2.0
2025-09-29 10:02:11+00:00,0.9827882979589049,0.0
2025-09-29 10:02:12+00:00,1.5130138172535226,2.0
2025-09-29 10:02:13+00:00,1.6722133165458217,2.0
2025-09-29 10:02:14+00:00,1.5225967883889098,2.0
2025-09-29 10:02:15+00:00,1.326625117319054,1.0
2025-09-29 10:02:16+00:00,1.1867853967705742,1.0
2025-09-29 10:02:17+00:00,1.1005511245166417,0.0
2025-09-29 10:02:18+00:00,1.1507201327040093,1.0
2025-09-29 10:02:19+00:00,1.3201976147684036,1.0
2025-09-29 10:02:20+00:00,1.1412108844670001,1.0
2025-09-29 10:02:21+00:00,1.5354874838230899,2.0
2025-09-29 10:02:22+00:00,1.1615433370898245,1.0
2025-09-29 10:02:23+00:00,0.9019003911234904,0.0
2025-09-29 10:02:24+00:00,0.9893228855071357,0.0
2025-09-29 10:02:25+00:00,1.5284392667526845,2.0
2025-09-29 10:02:26+00:00,1.4593849738885183,2.0
2025-09-29 10:02:27+00:00,1.8847664823115338,2.0
2025-09-29 10:02:28+00:00,1.213430065457942,1.0
2025-09-29 10:02:29+00:00,1.6220068380935118,2.0
2025-09-29 10:02:30+00:00,1.154657142207725,1.0
2025-09-29 10:02:31+00:00,1.8648443087586202,2.0
2025-09-29 10:02:32+00:00,1.6279695372650167,2.0
2025-09-29 10:02:33+00:00,1.524057741422439,2.0
2025-09-29 10:02:34+00:00,1.458094245623215,2.0
2025-09-29 10:02:35+00:00,1.1133034319936996,1.0
2025-09-29 10:02:36+00:00,1.13623187430494,1.0
2025-09-29 10:02:37+00:00,1.3988627861108398,2.0
2025-09-29 10:02:38+00:00,0.7077088007790735,0.0
2025-09-29 10:02:39+00:00,1.1182870775955962,1.0
2025-09-29 10:02:40+00:00,0.9538617738726316,0.0
2025-09-29 10:02:41+00:00,1.0947686787112616,0.0
2025-09-29 10:02:42+00:00,1.5820425625424832,2.0
2025-09-29 10:02:43+00:00,1.550853018896305,2.0
2025-09-29 10:02:44+00:00,1.525347481976496,2.0
2025-09-29 10:02:45+00:00,1.076999428201816,0.0
2025-09-29 10:02:46+00:00,1.310688619108987,1.0
2025-09-29 10:02:47+00:00,1.0069011610612506,0.0
2025-09-29 10:02:48+00:00,1.282460705988342,1.0
2025-09-29 10:02:49+00:00,1.0189089209015947,0.0
2025-09-29 10:02:50+00:00,0.935076019668486,0.0
2025-09-29 10:02:51+00:00,1.6424907301698113,2.0
2025-09-29 10:02:52+00:00,0.9582265737844864,0.0
2025-09-29 10:02:53+00:00,1.2593535738706123,1.0
2025-09-29 10:02:54+00:00,0.8261993323540082,0.0
2025-09-29 10:02:55+00:00,0.931831711292034,0.0
2025-09-29 10:02:56+00:00,1.1744640900433296,1.0
2025-09-29 10:02:57+00:00,1.1145854466740275,1.0
2025-09-29 10:02:58+00:00,1.6854671869514277,2.0
2025-09-29 10:02:59+00:00,0.9035490115638822,0.0
2025-09-29 10:03:00+00:00,1.1449722337856656,1.0
2025-09-29 10:03:01+00:00,1.8460798249871004,2.0
2025-09-29 10:03:02+00:00,1.1170872098446125,1.0
2025-09-29 10:03:03+00:00,1.8444003707554657,2.0
2025-09-29 10:03:04+00:00,1.4257340355979977,2.0
2025-09-29 10:03:05+00:00,1.3947365148196695,2.0
2025-09-29 10:03:06+00:00,1.3644649126799777,1.0
2025-09-29 10:03:07+00:00,1.751374698273139,2.0
2025-09-29 10:03:08+00:00,1.3200833251758013,1.0
2025-09-29 10:03:09+00:00,1.569949399883626,2.0
2025-09-29 10:03:10+00:00,0.7622911373182433,0.0
2025-09-29 10:03:11+00:00,1.465722225359059,2.0
2025-09-29 10:03:12+00:00,0.7249953594873659,0.0
2025-09-29 10:03:13+00:00,1.394875170357409,2.0
2025-09-29 10:03:14+00:00,1.7149613960646093,2.0
2025-09-29 10:03:15+00:00,1.3436809669365175,1.0
2025-09-29 10:03:16+00:00,1.5239606933027972,2.0
2025-09-29 10:03:17+00:00,1.1781399444298586,1.0
2025-09-29 10:03:18+00:00,1.8450005924678408,2.0
2025-09-29 10:03:19+00:00,0.8430407055420801,0.0
2025-09-29 10:03:20+00:00,1.7703764912148472,2.0
2025-09-29 10:03:21+00:00,1.715483320687781,2.0
2025-09-29 10:03:22+00:00,1.064100896634045,0.0
2025-09-29 10:03:23+00:00,1.2815268640988506,1.0
2025-09-29 10:03:24+00:00,1.1715208036912372,1.0
2025-09-29 10:03:25+00:00,1.3952123204653617,2.0
2025-09-29 10:03:26+00:00,1.123290437128162,1.0
2025-09-29 10:03:27+00:00,1.5532114759989781,2.0
2025-09-29 10:03:28+00:00,1.4538287705508992,2.0
2025-09-29 10:03:29+00:00,1.578217359026894,2.0
2025-09-29 10:03:30+00:00,1.4844838668796,2.0
2025-09-29 10:03:31+00:00,0.9725267275644001,0.0
2025-09-29 10:03:32+00:00,1.2369406194193289,1.0
2025-09-29 10:03:33+00:00,0.8868308819946833,0.0
2025-09-29 10:03:34+00:00,0.9412084542273078,0.0
2025-09-29 10:03:35+00:00,1.3312410107027972,1.0
2025-09-29 10:03:36+00:00,0.9902347083989298,0.0
2025-09-29 10:03:37+00:00,1.3248454300191952,1.0
2025-09-29 10:03:38+00:00,0.911308530063252,0.0
2025-09-29 10:03:39+00:00,1.1729635256924666,1.0
2025-09-29 10:03:40+00:00,1.0915018157247687,0.0
2025-09-29 10:03:41+00:00,0.952010137567413,0.0
2025-09-29 10:03:42+00:00,1.1432212639192585,1.0
2025-09-29 10:03:43+00:00,1.189625835249899,1.0
2025-09-29 10:03:44+00:00,1.496059132987284,2.0
2025-09-29 10:03:45+00:00,1.815520854506758,2.0
2025-09-29 10:03:46+00:00,1.0141088889504317,0.0
2025-09-29 10:03:47+00:00,1.0794036899605999,0.0
2025-09-29 10:03:48+00:00,1.3625086841493612,1.0
2025-09-29 10:03:49+00:00,1.6877339109050808,2.0
2025-09-29 10:03:50+00:00,0.9233029072493082,0.0
2025-09-29 10:03:51+00:00,1.4085268821654608,2.0
2025-09-29 10:03:52+00:00,1.4917730309971375,2.0
2025-09-29 10:03:53+00:00,0.6569332509243395,0.0
2025-09-29 10:03:54+00:00,0.9703143713559257,0.0
2025-09-29 10:03:55+00:00,1.5614610592456302,2.0
2025-09-29 10:03:56+00:00,1.3838064619194483,1.0
2025-09-29 10:03:57+00:00,1.6137130831775721,2.0
2025-09-29 10:03:58+00:00,0.9279656636645086,0.0
2025-09-29 10:03:59+00:00,1.4386236913414905,2.0
2025-09-29 10:04:00+00:00,1.5847874483588384,2.0
2025-09-29 10:04:01+00:00,0.6141589847684372,0.0
2025-09-29 10:04:02+00:00,0.9259427405195311,0.0
2025-09-29 10:04:03+00:00,1.4491943708853796,2.0
2025-09-29 10:04:04+00:00,1.5178561994835036,2.0
2025-09-29 10:04:05+00:00,1.5400196244445397,2.0
2025-09-29 10:04:06+00:00,1.111042708012974,1.0
2025-09-29 10:04:07+00:00,0.7859053489955841,0.0
2025-09-29 10:04:08+00:00,1.5388964656012831,2.0
2025-09-29 10:04:09+00:00,1.0864266969729215,0.0
2025-09-29 10:04:10+00:00,0.9204988918063464,0.0
2025-09-29 10:04:11+00:00,1.576394930438255,2.0
2025-09-29 10:04:12+00:00,1.0125068868655944,0.0
2025-09-29 10:04:13+00:00,0.9308051192201674,0.0
2025-09-29 10:04:14+00:00,1.594417424959829,2.0
2025-09-29 10:04:15+00:00,0.8003831000823993,0.0
2025-09-29 10:04:16+00:00,0.9337438969378127,0.0
2025-09-29 10:04:17+00:00,1.0768670112302061,0.0
2025-09-29 10:04:18+00:00,1.363006560030044,1.0
2025-09-29 10:04:19+00:00,0.7419879849621793,0.0
2025-09-29 10:04:20+00:00,0.794128847453976,0.0
2025-09-29 10:04:21+00:00,1.221796744983294,1.0
2025-09-29 10:04:22+00:00,1.770951271057129,2.0
2025-09-29 10:04:23+00:00,0.9169142147729872,0.0
2025-09-29 10:04:24+00:00,1.0218396720883902,0.0
2025-09-29 10:04:25+00:00,1.25199608191906,1.0
2025-09-29 10:04:26+00:00,0.8363951872452162,0.0
2025-09-29 10:04:27+00:00,0.8542077986494405,0.0
2025-09-29 10:04:28+00:00,1.250683727877913,1.0
2025-09-29 10:04:29+00:00,1.4813241491065128,2.0
2025-09-29 10:04:30+00:00,1.4594058905058773,2.0
2025-09-29 10:04:31+00:00,1.0771839049266418,0.0
2025-09-29 10:04:32+00:00,1.8319496553594945,2.0
2025-09-29 10:04:33+00:00,0.7606648853252409,0.0
2025-09-29 10:04:34+00:00,1.7624374230217654,2.0
2025-09-29 10:04:35+00:00,1.3246219031570945,1.0
2025-09-29 10:04:36+00:00,1.1894619769154815,1.0
2025-09-29 10:04:37+00:00,1.0902866735996213,0.0
2025-09-29 10:04:38+00:00,1.3759787897433853,1.0
2025-09-29 10:04:39+00:00,1.3915172763663577,2.0
2025-09-29 10:04:40+00:00,1.4823307724436745,2.0
2025-09-29 10:04:41+00:00,1.4308069471881026,2.0
2025-09-29 10:04:42+00:00,1.120833936976851,1.0
2025-09-29 10:04:43+00:00,1.3032551873184275,1.0
2025-09-29 10:04:44+00:00,1.2679741557803936,1.0
2025-09-29 10:04:45+00:00,1.038788992082118,0.0
2025-09-29 10:04:46+00:00,1.0668082803022116,0.0
2025-09-29 10:04:47+00:00,1.4233168481732719,2.0
2025-09-29 10:04:48+00:00,0.7887677677790634,0.0
2025-09-29 10:04:49+00:00,1.1812842466461007,1.0
2025-09-29 10:04:50+00:00,1.2220929968898417,1.0
2025-09-29 10:04:51+00:00,1.5905892979062628,2.0
2025-09-29 10:04:52+00:00,0.961978540130076,0.0
2025-09-29 10:04:53+00:00,1.643518960219808,2.0
2025-09-29 10:04:54+00:00,1.6565093446843093,2.0
2025-09-29 10:04:55+00:00,1.12110094462696,1.0
2025-09-29 10:04:56+00:00,1.1610083801642759,1.0
2025-09-29 10:04:57+00:00,1.6040039430226898,2.0
2025-09-29 10:04:58+00:00,0.9885536855726968,0.0
2025-09-29 10:04:59+00:00,1.4624402845074655,2.0
2025-09-29 10:05:00+00:00,1.2237836792774033,1.0
2025-09-29 10:05:01+00:00,1.3990492012089817,2.0
2025-09-29 10:05:02+00:00,0.8253484160377411,0.0
2025-09-29 10:05:03+00:00,1.10197104474355,0.0
2025-09-29 10:05:04+00:00,1.452467597919167,2.0
2025-09-29 10:05:05+00:00,0.900184639293002,0.0
2025-09-29 10:05:06+00:00,1.300890381782665,1.0
2025-09-29 10:05:07+00:00,1.1677239032433135,1.0
2025-09-29 10:05:08+00:00,0.6424171643448062,0.0
2025-09-29 10:05:09+00:00,1.3588809667126043,1.0
2025-09-29 10:05:10+00:00,1.0666515185148455,0.0
2025-09-29 10:05:11+00:00,1.3673886163014686,1.0
2025-09-29 10:05:12+00:00,1.3618443888990441,1.0
2025-09-29 10:05:13+00:00,1.3163674146489939,1.0
2025-09-29 10:05:14+00:00,1.6276181772554992,2.0
2025-09-29 10:05:15+00:00,0.77722066140268,0.0
2025-09-29 10:05:16+00:00,1.2372767799824942,1.0
2025-09-29 10:05:17+00:00,0.8082477344141807,0.0
2025-09-29 10:05:18+00:00,1.8245874090644065,2.0
2025-09-29 10:05:19+00:00,1.7840065201598918,2.0
2025-09-29 10:05:20+00:00,1.032786597017548,0.0
2025-09-29 10:05:21+00:00,0.9317369719210546,0.0
2025-09-29 10:05:22+00:00,1.0134712643775856,0.0
2025-09-29 10:05:23+00:00,1.423753699491499,2.0
2025-09-29 10:05:24+00:00,1.1367747713520657,1.0
2025-09-29 10:05:25+00:00,1.2686341528315097,1.0
2025-09-29 10:05:26+00:00,1.053721618038253,0.0
2025-09-29 10:05:27+00:00,1.7457289906014921,2.0
2025-09-29 10:05:28+00:00,1.1580298600601964,1.0
2025-09-29 10:05:29+00:00,0.8128156033926643,0.0
2025-09-29 10:05:30+00:00,0.9719624560966622,0.0
2025-09-29 10:05:31+00:00,1.091930698719807,0.0
2025-09-29 10:05:32+00:00,1.6874447634327225,2.0
2025-09-29 10:05:33+00:00,1.1692883835785324,1.0
2025-09-29 10:05:34+00:00,1.1350779489293927,1.0
2025-09-29 10:05:35+00:00,1.352049628898385,1.0
2025-09-29 10:05:36+00:00,1.0461273447872372,0.0
2025-09-29 10:05:37+00:00,1.5709210985223763,2.0
2025-09-29 10:05:38+00:00,1.5519100257806713,2.0
2025-09-29 10:05:39+00:00,1.1548640271357726,1.0
2025-09-29 10:05:40+00:00,1.6708658465649933,2.0
2025-09-29 10:05:41+00:00,1.4332392142823664,2.0
2025-09-29 10:05:42+00:00,1.1097181540244492,1.0
2025-09-29 10:05:43+00:00,1.4989906215341762,2.0
2025-09-29 10:05:44+00:00,1.10136933386093,0.0
2025-09-29 10:05:45+00:00,1.5872776713513304,2.0
2025-09-29 10:05:46+00:00,1.6385654626064934,2.0
2025-09-29 10:05:47+00:00,1.4600779581232928,2.0
2025-09-29 10:05:48+00:00,1.201238762223511,1.0
2025-09-29 10:05:49+00:00,1.7317588284495287,2.0
2025-09-29 10:05:50+00:00,1.8241283815877978,2.0
2025-09-29 10:05:51+00:00,1.4693218591128243,2.0
2025-09-29 10:05:52+00:00,0.8146334832999855,0.0
2025-09-29 10:05:53+00:00,0.9640979814139428,0.0
2025-09-29 10:05:54+00:00,1.6502024782967055,2.0
2025-09-29 10:05:55+00:00,1.6682269722805358,2.0
2025-09-29 10:05:56+00:00,1.9357248672749847,2.0
2025-09-29 10:05:57+00:00,1.1103643611131702,1.0
2025-09-29 10:05:58+00:00,1.3812209737952799,1.0
2025-09-29 10:05:59+00:00,1.4533698673330946,2.0
2025-09-29 10:06:00+00:00,0.7197070568217896,0.0
2025-09-29 10:06:01+00:00,0.768593090280774,0.0
2025-09-29 10:06:02+00:00,1.1003495939221466,0.0
2025-09-29 10:06:03+00:00,1.5784706416743575,2.0
2025-09-29 10:06:04+00:00,1.416384707466932,2.0
2025-09-29 10:06:05+00:00,1.0376823326660087,0.0
2025-09-29 10:06:06+00:00,0.6923524760641158,0.0
2025-09-29 10:06:07+00:00,1.4945222724054474,2.0
2025-09-29 10:06:08+00:00,0.9564963799493853,0.0
2025-09-29 10:06:09+00:00,0.8836036670982139,0.0
2025-09-29 10:06:10+00:00,1.5667138832068304,2.0
2025-09-29 10:06:11+00:00,1.4192995047342265,2.0
2025-09-29 10:06:12+00:00,1.1944971088669263,1.0
2025-09-29 10:06:13+00:00,1.5048847200232558,2.0
2025-09-29 10:06:14+00:00,1.0439014279982075,0.0
2025-09-29 10:06:15+00:00,1.8777650479460135,2.0
2025-09-29 10:06:16+00:00,1.1481676252005855,1.0
2025-09-29 10:06:17+00:00,0.9033837057359051,0.0
2025-09-29 10:06:18+00:00,1.1804860723059392,1.0
2025-09-29 10:06:19+00:00,1.488920796851744,2.0
2025-09-29 10:06:20+00:00,1.2774864222301403,1.0
2025-09-29 10:06:21+00:00,1.3602571537630865,1.0
2025-09-29 10:06:22+00:00,1.3516298428294249,1.0
2025-09-29 10:06:23+00:00,1.1968848742981208,1.0
2025-09-29 10:06:24+00:00,1.329899508797098,1.0
2025-09-29 10:06:25+00:00,1.0209353511309018,0.0
2025-09-29 10:06:26+00:00,1.4110754808352794,2.0
2025-09-29 10:06:27+00:00,0.9284663178550545,0.0
2025-09-29 10:06:28+00:00,0.9943514947663061,0.0
2025-09-29 10:06:29+00:00,0.6524709783843718,0.0
2025-09-29 10:06:30+00:00,1.5890008126443718,2.0
2025-09-29 10:06:31+00:00,0.89990100308205,0.0
2025-09-29 10:06:32+00:00,1.454325154365506,2.0
2025-09-29 10:06:33+00:00,1.1700177127931966,1.0
2025-09-29 10:06:34+00:00,0.6704632056207629,0.0
2025-09-29 10:06:35+00:00,1.1020399329572683,1.0
2025-09-29 10:06:36+00:00,1.3171808367333142,1.0
2025-09-29 10:06:37+00:00,1.077571609057486,0.0
2025-09-29 10:06:38+00:00,1.6180928658868652,2.0
2025-09-29 10:06:39+00:00,0.8903400189301465,0.0
2025-09-29 10:06:40+00:00,1.5572522291186033,2.0
2025-09-29 10:06:41+00:00,1.1618192832393106,1.0
2025-09-29 10:06:42+00:00,1.792705899424618,2.0
2025-09-29 10:06:43+00:00,1.2890895577438641,1.0
2025-09-29 10:06:44+00:00,0.9566039571218425,0.0
2025-09-29 10:06:45+00:00,1.6495674811449135,2.0
2025-09-29 10:06:46+00:00,0.8083501403307309,0.0
2025-09-29 10:06:47+00:00,1.0119565350469202,0.0
2025-09-29 10:06:48+00:00,1.421324273222126,2.0
2025-09-29 10:06:49+00:00,1.0900526877085213,0.0
2025-09-29 10:06:50+00:00,1.551310345865204,2.0
2025-09-29 10:06:51+00:00,1.6478178100223886,2.0
2025-09-29 10:06:52+00:00,1.1795649046980543,1.0
2025-09-29 10:06:53+00:00,1.3960227397474227,2.0
2025-09-29 10:06:54+00:00,1.1931543572136434,1.0
2025-09-29 10:06:55+00:00,1.80477603925101,2.0
2025-09-29 10:06:56+00:00,1.208681525735301,1.0
2025-09-29 10:06:57+00:00,0.8236768228234723,0.0
2025-09-29 10:06:58+00:00,1.7098531933006598,2.0
2025-09-29 10:06:59+00:00,0.9816766863659723,0.0
2025-09-29 10:07:00+00:00,1.007270250003785,0.0
2025-09-29 10:07:01+00:00,1.212943710910622,1.0
2025-09-29 10:07:02+00:00,0.8938536051136907,0.0
2025-09-29 10:07:03+00:00,1.0780563956068363,0.0
2025-09-29 10:07:04+00:00,0.7553556338098133,0.0
2025-09-29 10:07:05+00:00,0.959523632467608,0.0
2025-09-29 10:07:06+00:00,1.7766147564107087,2.0
2025-09-29 10:07:07+00:00,1.1680924818792846,1.0
2025-09-29 10:07:08+00:00,1.1803680062294006,1.0
2025-09-29 10:07:09+00:00,1.117129142745398,1.0
2025-09-29 10:07:10+00:00,1.5604408726794645,2.0
2025-09-29 10:07:11+00:00,1.1291433881560806,1.0
2025-09-29 10:07:12+00:00,0.8159554438752821,0.0
2025-09-29 10:07:13+00:00,1.3950640438270057,2.0
2025-09-29 10:07:14+00:00,1.3659510602010414,1.0
2025-09-29 10:07:15+00:00,0.9655822427885141,0.0
2025-09-29 10:07:16+00:00,0.9267179917806061,0.0
2025-09-29 10:07:17+00:00,1.1720599877007771,1.0
2025-09-29 10:07:18+00:00,1.1279632868245244,1.0
2025-09-29 10:07:19+00:00,1.361258154764073,1.0
2025-09-29 10:07:20+00:00,1.4844347363396082,2.0
2025-09-29 10:07:21+00:00,1.5100795693870168,2.0
2025-09-29 10:07:22+00:00,0.797319681267254,0.0
2025-09-29 10:07:23+00:00,1.267336088742013,1.0
2025-09-29 10:07:24+00:00,1.1687392314343015,1.0
2025-09-29 10:07:25+00:00,1.1001010366890114,0.0
2025-09-29 10:07:26+00:00,1.5190703997359378,2.0
2025-09-29 10:07:27+00:00,1.3143973646656377,1.0
2025-09-29 10:07:28+00:00,1.3639842449483695,1.0
2025-09-29 10:07:29+00:00,1.5219395953317871,2.0
2025-09-29 10:07:30+00:00,1.0742139961803332,0.0
2025-09-29 10:07:31+00:00,1.5715521498641465,2.0
2025-09-29 10:07:32+00:00,1.4927125277317828,2.0
2025-09-29 10:07:33+00:00,1.4292671519797295,2.0
2025-09-29 10:07:34+00:00,1.2756317156163277,1.0
2025-09-29 10:07:35+00:00,1.4944310948776547,2.0
2025-09-29 10:07:36+00:00,1.1599792652705219,1.0
2025-09-29 10:07:37+00:00,1.4173369876370998,2.0
2025-09-29 10:07:38+00:00,1.6196938503708225,2.0
2025-09-29 10:07:39+00:00,1.2298113381839357,1.0
2025-09-29 10:07:40+00:00,0.72322490462102,0.0
2025-09-29 10:07:41+00:00,1.7342844985832926,2.0
2025-09-29 10:07:42+00:00,0.8278358491952531,0.0
2025-09-29 10:07:43+00:00,1.2348187514435267,1.0
2025-09-29 10:07:44+00:00,1.6948265846294817,2.0
2025-09-29 10:07:45+00:00,1.1962195973756025,1.0
2025-09-29 10:07:46+00:00,1.5796343406254891,2.0
2025-09-29 10:07:47+00:00,1.0031988762057154,0.0
2025-09-29 10:07:48+00:00,1.2754830450867303,1.0
2025-09-29 10:07:49+00:00,1.1404418993042782,1.0
2025-09-29 10:07:50+00:00,1.2356418700655922,1.0
2025-09-29 10:07:51+00:00,0.908289861123194,0.0
2025-09-29 10:07:52+00:00,1.311127414155635,1.0
2025-09-29 10:07:53+00:00,1.470605346679804,2.0
2025-09-29 10:07:54+00:00,1.505037224953412,2.0
2025-09-29 10:07:55+00:00,1.6109941193717532,2.0
2025-09-29 10:07:56+00:00,1.6225652005377924,2.0
2025-09-29 10:07:57+00:00,1.3271976189134875,1.0
2025-09-29 10:07:58+00:00,1.2052955514373025,1.0
2025-09-29 10:07:59+00:00,1.167782783988514,1.0
2025-09-29 10:08:00+00:00,1.3818873144482495,1.0
2025-09-29 10:08:01+00:00,1.1294628850009758,1.0
2025-09-29 10:08:02+00:00,1.3616780505690258,1.0
2025-09-29 10:08:03+00:00,1.0508913045632653,0.0
2025-09-29 10:08:04+00:00,0.9307034441299038,0.0
2025-09-29 10:08:05+00:00,0.9713142832770245,0.0
2025-09-29 10:08:06+00:00,1.5857889219914796,2.0
2025-09-29 10:08:07+00:00,1.1362612878583604,1.0
2025-09-29 10:08:08+00:00,1.1447539822693216,1.0
2025-09-29 10:08:09+00:00,0.7883118748140987,0.0
2025-09-29 10:08:10+00:00,1.2729575956909684,1.0
2025-09-29 10:08:11+00:00,1.1648589878022904,1.0
2025-09-29 10:08:12+00:00,0.9995495258044684,0.0
2025-09-29 10:08:13+00:00,1.3225208491785452,1.0
2025-09-29 10:08:14+00:00,1.0997351819678443,0.0
2025-09-29 10:08:15+00:00,1.4231461965537164,2.0
2025-09-29 10:08:16+00:00,1.5610395450639771,2.0
2025-09-29 10:08:17+00:00,1.169704886546242,1.0
2025-09-29 10:08:18+00:00,1.5934102172614075,2.0
2025-09-29 10:08:19+00:00,1.6055283775931457,2.0
2025-09-29 10:08:20+00:00,1.776110599632375,2.0
2025-09-29 10:08:21+00:00,1.5099443580402294,2.0
2025-09-29 10:08:22+00:00,1.0203487043181667,0.0
2025-09-29 10:08:23+00:00,0.9602367510815384,0.0
2025-09-29 10:08:24+00:00,1.275974677526392,1.0
2025-09-29 10:08:25+00:00,1.636871491515194,2.0
2025-09-29 10:08:26+00:00,1.6926565510511864,2.0
2025-09-29 10:08:27+00:00,1.5956872025708435,2.0
2025-09-29 10:08:28+00:00,1.5186148317734478,2.0
2025-09-29 10:08:29+00:00,1.329590316658141,1.0
2025-09-29 10:08:30+00:00,1.255776572288596,1.0
2025-09-29 10:08:31+00:00,1.3617749278637348,1.0
2025-09-29 10:08:32+00:00,1.0825073501182487,0.0
2025-09-29 10:08:33+00:00,1.0354137584654381,0.0
2025-09-29 10:08:34+00:00,1.372568348000641,1.0
2025-09-29 10:08:35+00:00,1.5345885333954357,2.0
2025-09-29 10:08:36+00:00,1.1876142299588537,1.0
2025-09-29 10:08:37+00:00,1.502185952180298,2.0
2025-09-29 10:08:38+00:00,1.0281609721423592,0.0
2025-09-29 10:08:39+00:00,1.4445580422179773,2.0
2025-09-29 10:08:40+00:00,1.6652218077942962,2.0
2025-09-29 10:08:41+00:00,0.9755726955190767,0.0
2025-09-29 10:08:42+00:00,1.247772104892647,1.0
2025-09-29 10:08:43+00:00,0.7867311774898553,0.0
2025-09-29 10:08:44+00:00,1.5255237104720436,2.0
2025-09-29 10:08:45+00:00,1.5566050382476533,2.0
2025-09-29 10:08:46+00:00,1.70738457061816,2.0
2025-09-29 10:08:47+00:00,0.846407833887497,0.0
2025-09-29 10:08:48+00:00,1.5635155027121073,2.0
2025-09-29 10:08:49+00:00,1.5334641936933622,2.0
2025-09-29 10:08:50+00:00,0.9558672402781667,0.0
2025-09-29 10:08:51+00:00,1.5717582735815085,2.0
2025-09-29 10:08:52+00:00,1.517603114451049,2.0
2025-09-29 10:08:53+00:00,0.8177588285179809,0.0
2025-09-29 10:08:54+00:00,1.1970601888169767,1.0
2025-09-29 10:08:55+00:00,1.618860130678513,2.0
2025-09-29 10:08:56+00:00,1.0731940436089644,0.0
2025-09-29 10:08:57+00:00,0.8099332168349065,0.0
2025-09-29 10:08:58+00:00,1.305220045047463,1.0
2025-09-29 10:08:59+00:00,1.195565655187238,1.0
2025-09-29 10:09:00+00:00,1.0699311291828053,0.0
2025-09-29 10:09:01+00:00,0.8624201832571998,0.0
2025-09-29 10:09:02+00:00,1.1618600626534317,1.0
2025-09-29 10:09:03+00:00,1.328217405214673,1.0
2025-09-29 10:09:04+00:00,1.4894044960528845,2.0
2025-09-29 10:09:05+00:00,1.1931985895062098,1.0
2025-09-29 10:09:06+00:00,1.0281186914507998,0.0
2025-09-29 10:09:07+00:00,1.253929548736778,1.0
2025-09-29 10:09:08+00:00,1.9154429124755552,2.0
2025-09-29 10:09:09+00:00,0.8678024387772894,0.0
2025-09-29 10:09:10+00:00,1.203754718939308,1.0
2025-09-29 10:09:11+00:00,1.1389588551974157,1.0
2025-09-29 10:09:12+00:00,1.6376007327489788,2.0
2025-09-29 10:09:13+00:00,1.4296230475010816,2.0
2025-09-29 10:09:14+00:00,1.4605845692567527,2.0
2025-09-29 10:09:15+00:00,1.3777744358376367,1.0
2025-09-29 10:09:16+00:00,1.8598682558949804,2.0
2025-09-29 10:09:17+00:00,1.4121731400082354,2.0
2025-09-29 10:09:18+00:00,1.1831933457870036,1.0
2025-09-29 10:09:19+00:00,1.2621283712651348,1.0
2025-09-29 10:09:20+00:00,1.0310028296371456,0.0
2025-09-29 10:09:21+00:00,1.0369522056134883,0.0
2025-09-29 10:09:22+00:00,1.096055237299879,0.0
2025-09-29 10:09:23+00:00,1.1666920387069695,1.0
2025-09-29 10:09:24+00:00,0.9700180346844718,0.0
2025-09-29 10:09:25+00:00,1.0220926545443945,0.0
2025-09-29 10:09:26+00:00,1.0519040641374886,0.0
2025-09-29 10:09:27+00:00,1.0329754801059607,0.0
2025-09-29 10:09:28+00:00,1.1828596503473818,1.0
2025-09-29 10:09:29+00:00,1.259249173643184,1.0
2025-09-29 10:09:30+00:00,1.329660569463158,1.0
2025-09-29 10:09:31+00:00,0.9597998842073139,0.0
2025-09-29 10:09:32+00:00,1.811865911251516,2.0
2025-09-29 10:09:33+00:00,1.4947225827927468,2.0
2025-09-29 10:09:34+00:00,1.558306170409196,2.0
2025-09-29 10:09:35+00:00,1.4067315773718292,2.0
2025-09-29 10:09:36+00:00,0.9574184851517202,0.0
2025-09-29 10:09:37+00:00,1.0518739137478406,0.0
2025-09-29 10:09:38+00:00,1.2618229727086145,1.0
2025-09-29 10:09:39+00:00,0.876036716872477,0.0
2025-09-29 10:09:40+00:00,1.168710644604289,1.0
2025-09-29 10:09:41+00:00,1.1881144988146843,1.0
2025-09-29 10:09:42+00:00,1.2488657576759579,1.0
2025-09-29 10:09:43+00:00,1.5148861391789978,2.0
2025-09-29 10:09:44+00:00,1.0618086997710634,0.0
2025-09-29 10:09:45+00:00,1.0616964475630084,0.0
2025-09-29 10:09:46+00:00,0.8280110210325802,0.0
2025-09-29 10:09:47+00:00,1.3499986574461218,1.0
2025-09-29 10:09:48+00:00,0.6375349860900315,0.0
2025-09-29 10:09:49+00:00,1.191094047317165,1.0
2025-09-29 10:09:50+00:00,0.9748251328273909,0.0
2025-09-29 10:09:51+00:00,1.7264664623799035,2.0
2025-09-29 10:09:52+00:00,1.6442340148496442,2.0
2025-09-29 10:09:53+00:00,1.226512722147163,1.0
2025-09-29 10:09:54+00:00,1.0465326460252982,0.0
2025-09-29 10:09:55+00:00,1.3732222087855916,1.0
2025-09-29 10:09:56+00:00,1.0572890001931228,0.0
2025-09-29 10:09:57+00:00,1.010793300709338,0.0
2025-09-29 10:09:58+00:00,1.3074357034638524,1.0
2025-09-29 10:09:59+00:00,1.213129362266045,1.0
2025-09-29 10:10:00+00:00,0.9217609039769741,0.0
2025-09-29 10:10:01+00:00,1.4002872962737456,2.0
2025-09-29 10:10:02+00:00,1.1112041601008968,1.0
2025-09-29 10:10:03+00:00,1.1313128695910564,1.0
2025-09-29 10:10:04+00:00,1.1267925394204212,1.0
2025-09-29 10:10:05+00:00,0.5834884231589967,0.0
2025-09-29 10:10:06+00:00,1.5595187771687051,2.0
2025-09-29 10:10:07+00:00,1.1953162339777919,1.0
2025-09-29 10:10:08+00:00,1.6670176878687926,2.0
2025-09-29 10:10:09+00:00,1.1112884051108267,1.0
2025-09-29 10:10:10+00:00,0.5594087364297593,0.0
2025-09-29 10:10:11+00:00,0.8924607364024268,0.0
2025-09-29 10:10:12+00:00,1.7017584008717677,2.0
2025-09-29 10:10:13+00:00,1.0651507536531426,0.0
2025-09-29 10:10:14+00:00,0.7779074190766551,0.0
2025-09-29 10:10:15+00:00,0.9190630131924991,0.0
2025-09-29 10:10:16+00:00,1.5589558723004302,2.0
2025-09-29 10:10:17+00:00,1.116204572521383,1.0
2025-09-29 10:10:18+00:00,1.0395711733290227,0.0
2025-09-29 10:10:19+00:00,1.1775685317697935,1.0
2025-09-29 10:10:20+00:00,1.0057554184750188,0.0
2025-09-29 10:10:21+00:00,1.2611941743962234,1.0
2025-09-29 10:10:22+00:00,1.1183571852889145,1.0
2025-09-29 10:10:23+00:00,0.9491471530782292,0.0
2025-09-29 10:10:24+00:00,1.430662071914412,2.0
2025-09-29 10:10:25+00:00,1.617056162940571,2.0
2025-09-29 10:10:26+00:00,1.199818408145802,1.0
2025-09-29 10:10:27+00:00,1.3377901177300373,1.0
2025-09-29 10:10:28+00:00,1.5067347824951867,2.0
2025-09-29 10:10:29+00:00,1.1250698865769664,1.0
2025-09-29 10:10:30+00:00,1.3765571627300233,1.0
2025-09-29 10:10:31+00:00,1.3055057251622202,1.0
2025-09-29 10:10:32+00:00,0.7958107112790458,0.0
2025-09-29 10:10:33+00:00,1.3298226260667434,1.0
2025-09-29 10:10:34+00:00,0.6951591810357058,0.0
2025-09-29 10:10:35+00:00,1.2229008456051815,1.0
2025-09-29 10:10:36+00:00,1.0623903775267536,0.0
2025-09-29 10:10:37+00:00,0.8751236740645254,0.0
2025-09-29 10:10:38+00:00,0.8787002909957664,0.0
2025-09-29 10:10:39+00:00,0.7886495057755383,0.0
2025-09-29 10:10:40+00:00,1.191575427146745,1.0
2025-09-29 10:10:41+00:00,0.9616770705179079,0.0
2025-09-29 10:10:42+00:00,1.2807544454844901,1.0
2025-09-29 10:10:43+00:00,1.2742914807895431,1.0
2025-09-29 10:10:44+00:00,1.8161190985119902,2.0
2025-09-29 10:10:45+00:00,1.8050255711714271,2.0
2025-09-29 10:10:46+00:00,1.386662243588944,2.0
2025-09-29 10:10:47+00:00,1.049868412388605,0.0
2025-09-29 10:10:48+00:00,1.406266630627215,2.0
2025-09-29 10:10:49+00:00,1.0843533459119499,0.0
2025-09-29 10:10:50+00:00,1.11331266106572,1.0
2025-09-29 10:10:51+00:00,1.373012658499647,1.0
2025-09-29 10:10:52+00:00,1.240510708594229,1.0
2025-09-29 10:10:53+00:00,1.1523425426566973,1.0
2025-09-29 10:10:54+00:00,1.1442635401763255,1.0
2025-09-29 10:10:55+00:00,1.0726209750573616,0.0
2025-09-29 10:10:56+00:00,1.2728318168083206,1.0
2025-09-29 10:10:57+00:00,1.6812939758383436,2.0
2025-09-29 10:10:58+00:00,1.1964386963954894,1.0
2025-09-29 10:10:59+00:00,1.368186306586722,1.0
2025-09-29 10:11:00+00:00,1.28980575260357,1.0
2025-09-29 10:11:01+00:00,1.3054938601853792,1.0
2025-09-29 10:11:02+00:00,0.8498812163161347,0.0
2025-09-29 10:11:03+00:00,1.478802508849185,2.0
2025-09-29 10:11:04+00:00,1.2038123413803987,1.0
2025-09-29 10:11:05+00:00,1.7739408757770434,2.0
2025-09-29 10:11:06+00:00,0.942970193529618,0.0
2025-09-29 10:11:07+00:00,1.252704257480218,1.0
2025-09-29 10:11:08+00:00,1.1628354222193593,1.0
2025-09-29 10:11:09+00:00,0.8172581292747054,0.0
2025-09-29 10:11:10+00:00,0.900417052253033,0.0
2025-09-29 10:11:11+00:00,1.8011531579250004,2.0
2025-09-29 10:11:12+00:00,1.637263040378457,2.0
2025-09-29 10:11:13+00:00,1.1470519096619682,1.0
2025-09-29 10:11:14+00:00,1.3235865246970206,1.0
2025-09-29 10:11:15+00:00,0.9186614817153895,0.0
2025-09-29 10:11:16+00:00,1.8324421159923077,2.0
2025-09-29 10:11:17+00:00,1.1436878294771304,1.0
2025-09-29 10:11:18+00:00,1.2171969828632427,1.0
2025-09-29 10:11:19+00:00,1.345774426299613,1.0
2025-09-29 10:11:20+00:00,1.0546766376355663,0.0
2025-09-29 10:11:21+00:00,1.5263972417160403,2.0
2025-09-29 10:11:22+00:00,1.5478988365939585,2.0
2025-09-29 10:11:23+00:00,1.0916297272779047,0.0
2025-09-29 10:11:24+00:00,1.3004547214659397,1.0
2025-09-29 10:11:25+00:00,1.3337697838287568,1.0
2025-09-29 10:11:26+00:00,1.0308240981394192,0.0
2025-09-29 10:11:27+00:00,1.3116245294950204,1.0
2025-09-29 10:11:28+00:00,1.0742298291006591,0.0
2025-09-29 10:11:29+00:00,1.6697507190110628,2.0
2025-09-29 10:11:30+00:00,0.7936139155353885,0.0
2025-09-29 10:11:31+00:00,1.1956545794819249,1.0
2025-09-29 10:11:32+00:00,1.6324276138620917,2.0
2025-09-29 10:11:33+00:00,0.9648026093054796,0.0
2025-09-29 10:11:34+00:00,1.2759707592776977,1.0
2025-09-29 10:11:35+00:00,1.477541769738309,2.0
2025-09-29 10:11:36+00:00,1.1476796172064496,1.0
2025-09-29 10:11:37+00:00,1.6065595539257629,2.0
2025-09-29 10:11:38+00:00,1.2716822969960049,1.0
2025-09-29 10:11:39+00:00,0.9084830031933961,0.0
2025-09-29 10:11:40+00:00,1.3974724955187412,2.0
2025-09-29 10:11:41+00:00,1.220475962603814,1.0
2025-09-29 10:11:42+00:00,1.715614565720898,2.0
2025-09-29 10:11:43+00:00,0.9846485386224231,0.0
2025-09-29 10:11:44+00:00,1.7028254842734896,2.0
2025-09-29 10:11:45+00:00,1.0339749188860878,0.0
2025-09-29 10:11:46+00:00,1.0172022679034853,0.0
2025-09-29 10:11:47+00:00,1.6492290349124232,2.0
2025-09-29 10:11:48+00:00,1.4377567683550296,2.0
2025-09-29 10:11:49+00:00,0.9929274769237963,0.0
2025-09-29 10:11:50+00:00,1.4496638609853107,2.0
2025-09-29 10:11:51+00:00,1.11719452055695,1.0
2025-09-29 10:11:52+00:00,1.5089456689020153,2.0
2025-09-29 10:11:53+00:00,1.4090878627903294,2.0
2025-09-29 10:11:54+00:00,1.3057590955431806,1.0
2025-09-29 10:11:55+00:00,0.8333108795632143,0.0
2025-09-29 10:11:56+00:00,1.0863758944906294,0.0
2025-09-29 10:11:57+00:00,1.5814193827536656,2.0
2025-09-29 10:11:58+00:00,1.6489797575195553,2.0
2025-09-29 10:11:59+00:00,1.6872742602863582,2.0
2025-09-29 10:12:00+00:00,0.8777927590272157,0.0
2025-09-29 10:12:01+00:00,1.326116852767882,1.0
2025-09-29 10:12:02+00:00,1.0814647853258066,0.0
2025-09-29 10:12:03+00:00,1.0421979313105112,0.0
2025-09-29 10:12:04+00:00,1.1455064529291121,1.0
2025-09-29 10:12:05+00:00,1.096448240132304,0.0
2025-09-29 10:12:06+00:00,0.618597078428138,0.0
2025-09-29 10:12:07+00:00,0.9667196738300845,0.0
2025-09-29 10:12:08+00:00,1.5209318289562361,2.0
2025-09-29 10:12:09+00:00,0.9289013068919303,0.0
2025-09-29 10:12:10+00:00,1.3344708826916758,1.0
2025-09-29 10:12:11+00:00,0.9655057650234085,0.0
2025-09-29 10:12:12+00:00,1.3460511026787572,1.0
2025-09-29 10:12:13+00:00,0.6822734519082587,0.0
2025-09-29 10:12:14+00:00,1.2558150005206699,1.0
2025-09-29 10:12:15+00:00,0.8887753475428326,0.0
2025-09-29 10:12:16+00:00,1.231595511577325,1.0
2025-09-29 10:12:17+00:00,1.2429520232544746,1.0
2025-09-29 10:12:18+00:00,1.2786816464795265,1.0
2025-09-29 10:12:19+00:00,1.6693334861047333,2.0
2025-09-29 10:12:20+00:00,1.609141893175547,2.0
2025-09-29 10:12:21+00:00,1.4184996165859047,2.0
2025-09-29 10:12:22+00:00,1.3102037237404147,1.0
2025-09-29 10:12:23+00:00,0.9556602676311741,0.0
2025-09-29 10:12:24+00:00,1.556989569842699,2.0
2025-09-29 10:12:25+00:00,1.0981215359643102,0.0
2025-09-29 10:12:26+00:00,0.7195539218810154,0.0
2025-09-29 10:12:27+00:00,0.9757334991008975,0.0
2025-09-29 10:12:28+00:00,1.1586793684691656,1.0
2025-09-29 10:12:29+00:00,1.444082168629393,2.0
2025-09-29 10:12:30+00:00,1.0594195508019766,0.0
2025-09-29 10:12:31+00:00,1.4274113815336023,2.0
2025-09-29 10:12:32+00:00,0.8742902828525985,0.0
2025-09-29 10:12:33+00:00,1.159367018743069,1.0
2025-09-29 10:12:34+00:00,1.0688296819571406,0.0
2025-09-29 10:12:35+00:00,1.5425700025662081,2.0
2025-09-29 10:12:36+00:00,1.2424502201611176,1.0
2025-09-29 10:12:37+00:00,1.1290797345136525,1.0
2025-09-29 10:12:38+00:00,1.4008312689693412,2.0
2025-09-29 10:12:39+00:00,1.1342628738639178,1.0
2025-09-29 10:12:40+00:00,1.8664681474474492,2.0
2025-09-29 10:12:41+00:00,1.1788799373607617,1.0
2025-09-29 10:12:42+00:00,1.1409382423444185,1.0
2025-09-29 10:12:43+00:00,1.0803329730406404,0.0
2025-09-29 10:12:44+00:00,1.0010763541940833,0.0
2025-09-29 10:12:45+00:00,1.5773848440294387,2.0
2025-09-29 10:12:46+00:00,1.21906412889075,1.0
2025-09-29 10:12:47+00:00,1.5534494110033847,2.0
2025-09-29 10:12:48+00:00,1.4683768525283085,2.0
2025-09-29 10:12:49+00:00,1.1998591968294932,1.0
2025-09-29 10:12:50+00:00,1.7149650963838212,2.0
2025-09-29 10:12:51+00:00,0.9905228165443987,0.0
2025-09-29 10:12:52+00:00,1.4676335880503757,2.0
2025-09-29 10:12:53+00:00,0.9123247207462555,0.0
2025-09-29 10:12:54+00:00,1.3400571623205906,1.0
2025-09-29 10:12:55+00:00,1.453433632486849,2.0
2025-09-29 10:12:56+00:00,0.9772832692106022,0.0
2025-09-29 10:12:57+00:00,1.2702004421735182,1.0
2025-09-29 10:12:58+00:00,1.2740088317805203,1.0
2025-09-29 10:12:59+00:00,1.6963135847618105,2.0
2025-09-29 10:13:00+00:00,1.1536746831407072,1.0
2025-09-29 10:13:01+00:00,1.6856082679587416,2.0
2025-09-29 10:13:02+00:00,0.8272760409454349,0.0
2025-09-29 10:13:03+00:00,1.5564101821073564,2.0
2025-09-29 10:13:04+00:00,1.2989329272677423,1.0
2025-09-29 10:13:05+00:00,1.1723731359961675,1.0
2025-09-29 10:13:06+00:00,1.1527767481602496,1.0
2025-09-29 10:13:07+00:00,0.9478217566793319,0.0
2025-09-29 10:13:08+00:00,1.7431064674456138,2.0
2025-09-29 10:13:09+00:00,1.2051645774190547,1.0
2025-09-29 10:13:10+00:00,1.7626540838100482,2.0
2025-09-29 10:13:11+00:00,1.5182695316616446,2.0
2025-09-29 10:13:12+00:00,0.9347220063064015,0.0
2025-09-29 10:13:13+00:00,1.0011456671345513,0.0
2025-09-29 10:13:14+00:00,1.2628239010518882,1.0
2025-09-29 10:13:15+00:00,0.8950523345120018,0.0
2025-09-29 10:13:16+00:00,0.9193540084233973,0.0
2025-09-29 10:13:17+00:00,1.2491510971012758,1.0
2025-09-29 10:13:18+00:00,0.933404701136169,0.0
2025-09-29 10:13:19+00:00,1.6719493463315303,2.0
2025-09-29 10:13:20+00:00,0.7988041999778943,0.0
2025-09-29 10:13:21+00:00,0.9139573959109839,0.0
2025-09-29 10:13:22+00:00,1.4522200011415407,2.0
2025-09-29 10:13:23+00:00,1.4008561668306356,2.0
2025-09-29 10:13:24+00:00,1.265582991822157,1.0
2025-09-29 10:13:25+00:00,0.9726715467986651,0.0
2025-09-29 10:13:26+00:00,1.8722099397855345,2.0
2025-09-29 10:13:27+00:00,1.068345895037055,0.0
2025-09-29 10:13:28+00:00,1.443134162502247,2.0
2025-09-29 10:13:29+00:00,1.5358979973680107,2.0
2025-09-29 10:13:30+00:00,1.7304456413548905,2.0
2025-09-29 10:13:31+00:00,1.629112917362363,2.0
2025-09-29 10:13:32+00:00,1.467570478343987,2.0
2025-09-29 10:13:33+00:00,1.468297373590758,2.0
2025-09-29 10:13:34+00:00,1.423201437050011,2.0
2025-09-29 10:13:35+00:00,1.412026948048151,2.0
2025-09-29 10:13:36+00:00,1.1476277559704613,1.0
2025-09-29 10:13:37+00:00,1.3102884298714343,1.0
2025-09-29 10:13:38+00:00,1.1325272370886523,1.0
2025-09-29 10:13:39+00:00,1.133677499834448,1.0
2025-09-29 10:13:40+00:00,0.7395016099326313,0.0
2025-09-29 10:13:41+00:00,1.1608970776578644,1.0
2025-09-29 10:13:42+00:00,1.2060461969958851,1.0
2025-09-29 10:13:43+00:00,1.465424136054935,2.0
2025-09-29 10:13:44+00:00,1.0602142985881073,0.0
2025-09-29 10:13:45+00:00,1.0923342993337428,0.0
2025-09-29 10:13:46+00:00,0.9410358621826163,0.0
2025-09-29 10:13:47+00:00,1.450161258049775,2.0
2025-09-29 10:13:48+00:00,1.3569471520168008,1.0
2025-09-29 10:13:49+00:00,1.4607125134207308,2.0
2025-09-29 10:13:50+00:00,1.4022530582005857,2.0
2025-09-29 10:13:51+00:00,0.9480539474752732,0.0
2025-09-29 10:13:52+00:00,0.9672280720551498,0.0
2025-09-29 10:13:53+00:00,1.5134848849120317,2.0
2025-09-29 10:13:54+00:00,0.9559923814085778,0.0
2025-09-29 10:13:55+00:00,1.1818388827814488,1.0
2025-09-29 10:13:56+00:00,1.1639099133462878,1.0
2025-09-29 10:13:57+00:00,1.096557429555105,0.0
2025-09-29 10:13:58+00:00,1.566894842297188,2.0
2025-09-29 10:13:59+00:00,0.9166479572013486,0.0
2025-09-29 10:14:00+00:00,1.5912503118161112,2.0
2025-09-29 10:14:01+00:00,0.9049466731667053,0.0
2025-09-29 10:14:02+00:00,1.4190302006463753,2.0
2025-09-29 10:14:03+00:00,1.1202514325996162,1.0
2025-09-29 10:14:04+00:00,1.4749346000317018,2.0
2025-09-29 10:14:05+00:00,1.5008607622876298,2.0
2025-09-29 10:14:06+00:00,1.7221227517729858,2.0
2025-09-29 10:14:07+00:00,1.3645750929281348,1.0
2025-09-29 10:14:08+00:00,1.4683126066229306,2.0
2025-09-29 10:14:09+00:00,1.6889874035550747,2.0
2025-09-29 10:14:10+00:00,1.759671737701865,2.0
2025-09-29 10:14:11+00:00,1.0498475560598308,0.0
2025-09-29 10:14:12+00:00,0.619428204241558,0.0
2025-09-29 10:14:13+00:00,1.023930307768751,0.0
2025-09-29 10:14:14+00:00,0.935032208202756,0.0
2025-09-29 10:14:15+00:00,1.5904870725498768,2.0
2025-09-29 10:14:16+00:00,0.6747305772587424,0.0
2025-09-29 10:14:17+00:00,0.9940002802759409,0.0
2025-09-29 10:14:18+00:00,1.326975952135399,1.0
2025-09-29 10:14:19+00:00,0.8492117751884507,0.0
2025-09-29 10:14:20+00:00,1.2879470712068724,1.0
2025-09-29 10:14:21+00:00,1.309861946865567,1.0
2025-09-29 10:14:22+00:00,1.5377632056624861,2.0
2025-09-29 10:14:23+00:00,0.7168147025222424,0.0
2025-09-29 10:14:24+00:00,1.3531404504319653,1.0
2025-09-29 10:14:25+00:00,0.9290525957621867,0.0
2025-09-29 10:14:26+00:00,1.2324159607669571,1.0
2025-09-29 10:14:27+00:00,1.8267163551790873,2.0
2025-09-29 10:14:28+00:00,1.2091212998493575,1.0
2025-09-29 10:14:29+00:00,1.44795877719298,2.0
2025-09-29 10:14:30+00:00,1.8160546364233596,2.0
2025-09-29 10:14:31+00:00,1.0624495335359825,0.0
2025-09-29 10:14:32+00:00,0.813394888464245,0.0
2025-09-29 10:14:33+00:00,0.7463274094625376,0.0
2025-09-29 10:14:34+00:00,1.1739686214132234,1.0
2025-09-29 10:14:35+00:00,1.1559995985444402,1.0
2025-09-29 10:14:36+00:00,1.3990727243362926,2.0
2025-09-29 10:14:37+00:00,1.6846932958433172,2.0
2025-09-29 10:14:38+00:00,0.792418122626259,0.0
2025-09-29 10:14:39+00:00,1.4352268593356712,2.0
2025-09-29 10:14:40+00:00,1.1192843438184354,1.0
2025-09-29 10:14:41+00:00,1.5993967034883099,2.0
2025-09-29 10:14:42+00:00,1.644092461632681,2.0
2025-09-29 10:14:43+00:00,0.9153174498787848,0.0
2025-09-29 10:14:44+00:00,0.8467588532221271,0.0
2025-09-29 10:14:45+00:00,0.9382263256702572,0.0
2025-09-29 10:14:46+00:00,1.394791958067799,2.0
2025-09-29 10:14:47+00:00,1.275320687040221,1.0
2025-09-29 10:14:48+00:00,1.1295304797386052,1.0
2025-09-29 10:14:49+00:00,1.4141047170560341,2.0
2025-09-29 10:14:50+00:00,1.1304535155795747,1.0
2025-09-29 10:14:51+00:00,1.4896880773449084,2.0
2025-09-29 10:14:52+00:00,1.163506845390657,1.0
2025-09-29 10:14:53+00:00,1.3351706624234794,1.0
2025-09-29 10:14:54+00:00,0.9980808643304044,0.0
2025-09-29 10:14:55+00:00,1.1663609441748122,1.0
2025-09-29 10:14:56+00:00,1.1650024967966601,1.0
2025-09-29 10:14:57+00:00,0.8013409152044915,0.0
2025-09-29 10:14:58+00:00,1.620270283339778,2.0
2025-09-29 10:14:59+00:00,1.7174064871214796,2.0
2025-09-29 10:15:00+00:00,0.6132054940244416,0.0
2025-09-29 10:15:01+00:00,1.4912711745564593,2.0
2025-09-29 10:15:02+00:00,1.7132699495414272,2.0
2025-09-29 10:15:03+00:00,1.605633972081705,2.0
2025-09-29 10:15:04+00:00,1.1436165041959612,1.0
2025-09-29 10:15:05+00:00,1.1475287035427755,1.0
2025-09-29 10:15:06+00:00,0.7660682166606421,0.0
2025-09-29 10:15:07+00:00,1.3290854185761418,1.0
2025-09-29 10:15:08+00:00,0.8846657649555709,0.0
2025-09-29 10:15:09+00:00,1.3219343743112404,1.0
2025-09-29 10:15:10+00:00,1.6342117580206832,2.0
2025-09-29 10:15:11+00:00,1.4343690656969557,2.0
2025-09-29 10:15:12+00:00,1.7397375581931556,2.0
2025-09-29 10:15:13+00:00,1.369899216137128,1.0
2025-09-29 10:15:14+00:00,1.1825331525178626,1.0
2025-09-29 10:15:15+00:00,0.9080328714335337,0.0
2025-09-29 10:15:16+00:00,0.9425248191837454,0.0
2025-09-29 10:15:17+00:00,1.4065722469094908,2.0
2025-09-29 10:15:18+00:00,1.3839251364406664,1.0
2025-09-29 10:15:19+00:00,1.4885956529760733,2.0
2025-09-29 10:15:20+00:00,0.7739881935995072,0.0
2025-09-29 10:15:21+00:00,1.6620768075663364,2.0
2025-09-29 10:15:22+00:00,0.9225895586132538,0.0
2025-09-29 10:15:23+00:00,0.9546083532768534,0.0
2025-09-29 10:15:24+00:00,1.2989911036856938,1.0
2025-09-29 10:15:25+00:00,0.8501437036175048,0.0
2025-09-29 10:15:26+00:00,1.2742487625655485,1.0
2025-09-29 10:15:27+00:00,1.3354263652436202,1.0
2025-09-29 10:15:28+00:00,1.0306406036252156,0.0
2025-09-29 10:15:29+00:00,0.7842195826378884,0.0
2025-09-29 10:15:30+00:00,1.6991910612414358,2.0
2025-09-29 10:15:31+00:00,1.288487122641527,1.0
2025-09-29 10:15:32+00:00,1.4039557392970892,2.0
2025-09-29 10:15:33+00:00,1.2262388655071845,1.0
2025-09-29 10:15:34+00:00,1.2826895797625184,1.0
2025-09-29 10:15:35+00:00,1.0897379208763596,0.0
2025-09-29 10:15:36+00:00,1.1061612104822416,1.0
2025-09-29 10:15:37+00:00,1.013001201179577,0.0
2025-09-29 10:15:38+00:00,1.1704427957884036,1.0
2025-09-29 10:15:39+00:00,1.3760949905554298,1.0
2025-09-29 10:15:40+00:00,1.2034661927318666,1.0
2025-09-29 10:15:41+00:00,0.933359636212117,0.0
2025-09-29 10:15:42+00:00,1.594925359589979,2.0
2025-09-29 10:15:43+00:00,1.6799101081705885,2.0
2025-09-29 10:15:44+00:00,1.3371780616143951,1.0
2025-09-29 10:15:45+00:00,1.0758293577528093,0.0
2025-09-29 10:15:46+00:00,1.0634944655175786,0.0
2025-09-29 10:15:47+00:00,1.7400508637947496,2.0
2025-09-29 10:15:48+00:00,1.0451461635966552,0.0
2025-09-29 10:15:49+00:00,1.0046693866606802,0.0
2025-09-29 10:15:50+00:00,0.8987604830472264,0.0
2025-09-29 10:15:51+00:00,1.031132202129811,0.0
2025-09-29 10:15:52+00:00,0.9842482171370648,0.0
2025-09-29 10:15:53+00:00,1.720244444310083,2.0
2025-09-29 10:15:54+00:00,1.3702894680172903,1.0
2025-09-29 10:15:55+00:00,1.2473150232399348,1.0
2025-09-29 10:15:56+00:00,0.9494253948505502,0.0
2025-09-29 10:15:57+00:00,1.1711658239219105,1.0
2025-09-29 10:15:58+00:00,1.4783287928730715,2.0
2025-09-29 10:15:59+00:00,1.7996323910192586,2.0
2025-09-29 10:16:00+00:00,1.3169831028353656,1.0
2025-09-29 10:16:01+00:00,1.6137388226343319,2.0
2025-09-29 10:16:02+00:00,1.8692242540419102,2.0
2025-09-29 10:16:03+00:00,0.5724852557759732,0.0
2025-09-29 10:16:04+00:00,1.3759311588655692,1.0
2025-09-29 10:16:05+00:00,1.1202061000512913,1.0
2025-09-29 10:16:06+00:00,1.2428727339574834,1.0
2025-09-29 10:16:07+00:00,0.9177031333820196,0.0
2025-09-29 10:16:08+00:00,1.1906228400184773,1.0
2025-09-29 10:16:09+00:00,1.5174860264232848,2.0
2025-09-29 10:16:10+00:00,1.4760470122855622,2.0
2025-09-29 10:16:11+00:00,1.134076945410925,1.0
2025-09-29 10:16:12+00:00,1.2573200019542128,1.0
2025-09-29 10:16:13+00:00,1.3623302886844613,1.0
2025-09-29 10:16:14+00:00,0.7751496139972005,0.0
2025-09-29 10:16:15+00:00,1.1278930388507433,1.0
2025-09-29 10:16:16+00:00,1.126004727979307,1.0
2025-09-29 10:16:17+00:00,1.1851231804466806,1.0
2025-09-29 10:16:18+00:00,1.1930856605613371,1.0
2025-09-29 10:16:19+00:00,1.2971846409054706,1.0
2025-09-29 10:16:20+00:00,1.409847778675612,2.0
2025-09-29 10:16:21+00:00,1.6936746249411954,2.0
2025-09-29 10:16:22+00:00,1.1715849964384688,1.0
2025-09-29 10:16:23+00:00,1.6760871880542254,2.0
2025-09-29 10:16:24+00:00,1.0604767492768588,0.0
2025-09-29 10:16:25+00:00,1.3938267101184465,2.0
2025-09-29 10:16:26+00:00,1.3434616454178467,1.0
2025-09-29 10:16:27+00:00,1.487817759072641,2.0
2025-09-29 10:16:28+00:00,0.7764510483539198,0.0
2025-09-29 10:16:29+00:00,1.7621363511425443,2.0
2025-09-29 10:16:30+00:00,1.6702131920901593,2.0
2025-09-29 10:16:31+00:00,1.44469251728151,2.0
2025-09-29 10:16:32+00:00,0.8943077433941653,0.0
2025-09-29 10:16:33+00:00,0.9883714666357264,0.0
2025-09-29 10:16:34+00:00,0.9932400115067139,0.0
2025-09-29 10:16:35+00:00,0.8000022883497877,0.0
2025-09-29 10:16:36+00:00,0.6126552853093017,0.0
2025-09-29 10:16:37+00:00,1.4354606713895919,2.0
2025-09-29 10:16:38+00:00,0.7909729681996396,0.0
2025-09-29 10:16:39+00:00,0.7395398330845637,0.0
2025-09-29 10:16:40+00:00,0.8710853134398349,0.0
2025-09-29 10:16:41+00:00,1.421505362217431,2.0
2025-09-29 10:16:42+00:00,1.6207175762247061,2.0
2025-09-29 10:16:43+00:00,0.8637307140888879,0.0
2025-09-29 10:16:44+00:00,1.4983456043701153,2.0
2025-09-29 10:16:45+00:00,1.3888558157050284,2.0
2025-09-29 10:16:46+00:00,1.2835124636185355,1.0
2025-09-29 10:16:47+00:00,1.1803799016342964,1.0
2025-09-29 10:16:48+00:00,1.4229158600064693,2.0
2025-09-29 10:16:49+00:00,1.087764938158216,0.0
2025-09-29 10:16:50+00:00,1.3453677110665012,1.0
2025-09-29 10:16:51+00:00,1.7488143211230636,2.0
2025-09-29 10:16:52+00:00,1.6442241750046378,2.0
2025-09-29 10:16:53+00:00,1.9157672911096597,2.0
2025-09-29 10:16:54+00:00,1.6858113889902597,2.0
2025-09-29 10:16:55+00:00,1.342192902287934,1.0
2025-09-29 10:16:56+00:00,0.9815470919565996,0.0
2025-09-29 10:16:57+00:00,1.1790011205157498,1.0
2025-09-29 10:16:58+00:00,1.3240507979789982,1.0
2025-09-29 10:16:59+00:00,1.3336411384516396,1.0
2025-09-29 10:17:00+00:00,0.7899804862245219,0.0
2025-09-29 10:17:01+00:00,1.456387441867264,2.0
2025-09-29 10:17:02+00:00,0.8966762652271427,0.0
2025-09-29 10:17:03+00:00,1.1953173494694056,1.0
2025-09-29 10:17:04+00:00,1.0103443562693428,0.0
2025-09-29 10:17:05+00:00,1.3679675107850926,1.0
2025-09-29 10:17:06+00:00,1.316547437410918,1.0
2025-09-29 10:17:07+00:00,1.1862311344593763,1.0
2025-09-29 10:17:08+00:00,1.178179360475042,1.0
2025-09-29 10:17:09+00:00,1.424215716382605,2.0
2025-09-29 10:17:10+00:00,1.5787463700398803,2.0
2025-09-29 10:17:11+00:00,1.5968357722449582,2.0
2025-09-29 10:17:12+00:00,1.7107422175758984,2.0
2025-09-29 10:17:13+00:00,1.3684322061162675,1.0
2025-09-29 10:17:14+00:00,0.7456913451460423,0.0
2025-09-29 10:17:15+00:00,1.537825336199603,2.0
2025-09-29 10:17:16+00:00,0.8295896991767222,0.0
2025-09-29 10:17:17+00:00,1.664878071154817,2.0
2025-09-29 10:17:18+00:00,0.8608662999467924,0.0
2025-09-29 10:17:19+00:00,1.9334359799977392,2.0
2025-09-29 10:17:20+00:00,1.332648109892034,1.0
2025-09-29 10:17:21+00:00,0.8729193593317177,0.0
2025-09-29 10:17:22+00:00,1.403764512258931,2.0
2025-09-29 10:17:23+00:00,1.7760092963872012,2.0
2025-09-29 10:17:24+00:00,1.0228232676163316,0.0
2025-09-29 10:17:25+00:00,1.8141791198431747,2.0
2025-09-29 10:17:26+00:00,0.9490240884188097,0.0
2025-09-29 10:17:27+00:00,1.4018260254815686,2.0
2025-09-29 10:17:28+00:00,1.5340716146311024,2.0
2025-09-29 10:17:29+00:00,0.8940943480702117,0.0
2025-09-29 10:17:30+00:00,1.5653003184415866,2.0
2025-09-29 10:17:31+00:00,1.3860687249398325,1.0
2025-09-29 10:17:32+00:00,0.6933168358227704,0.0
2025-09-29 10:17:33+00:00,1.2062197095656302,1.0
2025-09-29 10:17:34+00:00,1.2147625982615864,1.0
2025-09-29 10:17:35+00:00,1.1675896247470519,1.0
2025-09-29 10:17:36+00:00,0.6901917945215246,0.0
2025-09-29 10:17:37+00:00,1.526768068317324,2.0
2025-09-29 10:17:38+00:00,1.1640540740336291,1.0
2025-09-29 10:17:39+00:00,1.3792255084845237,1.0
2025-09-29 10:17:40+00:00,0.7904221041389974,0.0
2025-09-29 10:17:41+00:00,1.271787342891912,1.0
2025-09-29 10:17:42+00:00,1.5453933282551588,2.0
2025-09-29 10:17:43+00:00,1.0650326130416943,0.0
2025-09-29 10:17:44+00:00,1.3006881168694235,1.0
2025-09-29 10:17:45+00:00,0.8097882793808822,0.0
2025-09-29 10:17:46+00:00,1.484277625742834,2.0
2025-09-29 10:17:47+00:00,1.40277488832362,2.0
2025-09-29 10:17:48+00:00,1.1937709911435377,1.0
2025-09-29 10:17:49+00:00,1.6514010054379469,2.0
2025-09-29 10:17:50+00:00,0.8320329327398213,0.0
2025-09-29 10:17:51+00:00,1.3015559677005513,1.0
2025-09-29 10:17:52+00:00,1.6798619243054418,2.0
2025-09-29 10:17:53+00:00,1.4060088133264799,2.0
2025-09-29 10:17:54+00:00,0.7526536568475422,0.0
2025-09-29 10:17:55+00:00,1.5973144203599077,2.0
2025-09-29 10:17:56+00:00,0.8159320754930377,0.0
2025-09-29 10:17:57+00:00,1.4295852660288801,2.0
2025-09-29 10:17:58+00:00,1.2859176497440785,1.0
2025-09-29 10:17:59+00:00,1.0738280369405402,0.0
2025-09-29 10:18:00+00:00,1.1994030897330958,1.0
2025-09-29 10:18:01+00:00,1.5595716395619093,2.0
2025-09-29 10:18:02+00:00,1.0122150919778505,0.0
2025-09-29 10:18:03+00:00,1.111479342682287,1.0
2025-09-29 10:18:04+00:00,0.9983106794097694,0.0
2025-09-29 10:18:05+00:00,1.2852442059811438,1.0
2025-09-29 10:18:06+00:00,1.6615257348312298,2.0
2025-09-29 10:18:07+00:00,1.2748857628757833,1.0
2025-09-29 10:18:08+00:00,1.172720182526973,1.0
2025-09-29 10:18:09+00:00,1.2531920327892294,1.0
2025-09-29 10:18:10+00:00,1.4353227176034125,2.0
2025-09-29 10:18:11+00:00,0.9150412266026251,0.0
2025-09-29 10:18:12+00:00,1.161571801858372,1.0
2025-09-29 10:18:13+00:00,1.0546466309460811,0.0
2025-09-29 10:18:14+00:00,0.9160010129853617,0.0
2025-09-29 10:18:15+00:00,1.1780371865315828,1.0
2025-09-29 10:18:16+00:00,1.5048239070893032,2.0
2025-09-29 10:18:17+00:00,1.185736393701518,1.0
2025-09-29 10:18:18+00:00,1.0802797312062467,0.0
2025-09-29 10:18:19+00:00,1.0844652933010366,0.0
2025-09-29 10:18:20+00:00,0.8250148737424752,0.0
2025-09-29 10:18:21+00:00,1.5262312885315623,2.0
2025-09-29 10:18:22+00:00,1.507831445109332,2.0
2025-09-29 10:18:23+00:00,1.662932779028779,2.0
2025-09-29 10:18:24+00:00,1.3266980038606562,1.0
2025-09-29 10:18:25+00:00,1.505475951023982,2.0
2025-09-29 10:18:26+00:00,1.4036205278389389,2.0
2025-09-29 10:18:27+00:00,1.2692047310410999,1.0
2025-09-29 10:18:28+00:00,1.4394497146859067,2.0
2025-09-29 10:18:29+00:00,1.5418058293143986,2.0
2025-09-29 10:18:30+00:00,1.3138860572798876,1.0
2025-09-29 10:18:31+00:00,1.3212118074297905,1.0
2025-09-29 10:18:32+00:00,1.1040434090973577,1.0
2025-09-29 10:18:33+00:00,1.605252044115332,2.0
2025-09-29 10:18:34+00:00,0.9499579114053631,0.0
2025-09-29 10:18:35+00:00,1.2862808904756093,1.0
2025-09-29 10:18:36+00:00,1.3280077316449024,1.0
2025-09-29 10:18:37+00:00,1.0005097474931972,0.0
2025-09-29 10:18:38+00:00,1.1009666769241448,0.0
2025-09-29 10:18:39+00:00,1.231467466786853,1.0
2025-09-29 10:18:40+00:00,1.19728501161444,1.0
2025-09-29 10:18:41+00:00,0.8915550871897722,0.0
2025-09-29 10:18:42+00:00,1.5699699709221022,2.0
2025-09-29 10:18:43+00:00,1.4997837072442053,2.0
2025-09-29 10:18:44+00:00,1.2281487731816014,1.0
2025-09-29 10:18:45+00:00,0.9769111304194666,0.0
2025-09-29 10:18:46+00:00,1.2564254028402502,1.0
2025-09-29 10:18:47+00:00,1.4727165201620664,2.0
2025-09-29 10:18:48+00:00,1.3241665998502867,1.0
2025-09-29 10:18:49+00:00,0.9761847385962028,0.0
2025-09-29 10:18:50+00:00,1.6583305172680411,2.0
2025-09-29 10:18:51+00:00,1.76989042115747,2.0
2025-09-29 10:18:52+00:00,1.6875076633004937,2.0
2025-09-29 10:18:53+00:00,1.6565395054785768,2.0
2025-09-29 10:18:54+00:00,1.503571334440494,2.0
2025-09-29 10:18:55+00:00,1.0105510368885007,0.0
2025-09-29 10:18:56+00:00,1.494042716381955,2.0
2025-09-29 10:18:57+00:00,0.9359452380012954,0.0
2025-09-29 10:18:58+00:00,1.782087068684632,2.0
2025-09-29 10:18:59+00:00,1.359729765477823,1.0
2025-09-29 10:19:00+00:00,1.120024500793079,1.0
2025-09-29 10:19:01+00:00,0.9687379474926274,0.0
2025-09-29 10:19:02+00:00,1.394102731384919,2.0
2025-09-29 10:19:03+00:00,1.4433670758007793,2.0
2025-09-29 10:19:04+00:00,0.9484548804466613,0.0
2025-09-29 10:19:05+00:00,1.195418486619019,1.0
2025-09-29 10:19:06+00:00,1.2570991716056596,1.0
2025-09-29 10:19:07+00:00,1.2934517707617488,1.0
2025-09-29 10:19:08+00:00,1.5063292959239334,2.0
2025-09-29 10:19:09+00:00,1.1075292290042853,1.0
2025-09-29 10:19:10+00:00,1.219165951013565,1.0
2025-09-29 10:19:11+00:00,1.4433909389917972,2.0
2025-09-29 10:19:12+00:00,1.209504425234627,1.0
2025-09-29 10:19:13+00:00,1.2495839242910733,1.0
2025-09-29 10:19:14+00:00,1.2971633357665269,1.0
2025-09-29 10:19:15+00:00,1.1009012813592562,0.0
2025-09-29 10:19:16+00:00,1.3046786752529442,1.0
2025-09-29 10:19:17+00:00,1.3078074635850498,1.0
2025-09-29 10:19:18+00:00,1.6500721551856259,2.0
2025-09-29 10:19:19+00:00,1.628315482987091,2.0
2025-09-29 10:19:20+00:00,1.3657065546722151,1.0
2025-09-29 10:19:21+00:00,1.6105846043210477,2.0
2025-09-29 10:19:22+00:00,1.5132903181365691,2.0
2025-09-29 10:19:23+00:00,1.729552576711285,2.0
2025-09-29 10:19:24+00:00,1.4008742668520426,2.0
2025-09-29 10:19:25+00:00,0.701168636966031,0.0
2025-09-29 10:19:26+00:00,1.3028158127999632,1.0
2025-09-29 10:19:27+00:00,1.1319279797462514,1.0
2025-09-29 10:19:28+00:00,1.715623071504524,2.0
2025-09-29 10:19:29+00:00,1.2184616373997414,1.0
2025-09-29 10:19:30+00:00,1.8737430711335037,2.0
2025-09-29 10:19:31+00:00,1.1790705378516577,1.0
2025-09-29 10:19:32+00:00,1.1904710126837017,1.0
2025-09-29 10:19:33+00:00,1.3267176638328237,1.0
2025-09-29 10:19:34+00:00,1.1421049587224843,1.0
2025-09-29 10:19:35+00:00,1.5121428220008966,2.0
2025-09-29 10:19:36+00:00,1.5250196701090317,2.0
2025-09-29 10:19:37+00:00,0.8352563028747682,0.0
2025-09-29 10:19:38+00:00,1.525511292842566,2.0
2025-09-29 10:19:39+00:00,1.5182527853175998,2.0
2025-09-29 10:19:40+00:00,1.1647881409153342,1.0
2025-09-29 10:19:41+00:00,1.3241248021513456,1.0
2025-09-29 10:19:42+00:00,0.8994892628979869,0.0
2025-09-29 10:19:43+00:00,1.0359042694763048,0.0
2025-09-29 10:19:44+00:00,1.758731131136301,2.0
2025-09-29 10:19:45+00:00,0.9712818623083876,0.0
2025-09-29 10:19:46+00:00,1.146587307259324,1.0
2025-09-29 10:19:47+00:00,1.0085675360751338,0.0
2025-09-29 10:19:48+00:00,1.2946346458775224,1.0
2025-09-29 10:19:49+00:00,1.4811983986000996,2.0
2025-09-29 10:19:50+00:00,1.071250911205425,0.0
2025-09-29 10:19:51+00:00,0.8721980265545426,0.0
2025-09-29 10:19:52+00:00,1.2780024772073375,1.0
2025-09-29 10:19:53+00:00,1.2917186736158328,1.0
2025-09-29 10:19:54+00:00,1.5998113907844527,2.0
2025-09-29 10:19:55+00:00,0.9487933869677363,0.0
2025-09-29 10:19:56+00:00,1.559513208863791,2.0
2025-09-29 10:19:57+00:00,0.7431821205245797,0.0
2025-09-29 10:19:58+00:00,1.3454355304857017,1.0
2025-09-29 10:19:59+00:00,0.9318753776606172,0.0
2025-09-29 10:20:00+00:00,1.63701441444573,2.0
2025-09-29 10:20:01+00:00,1.6158547735394677,2.0
2025-09-29 10:20:02+00:00,1.1088463835039875,1.0
2025-09-29 10:20:03+00:00,1.4605456624558428,2.0
2025-09-29 10:20:04+00:00,1.3007185048627434,1.0
2025-09-29 10:20:05+00:00,1.2451901698368602,1.0
2025-09-29 10:20:06+00:00,1.4239029503660277,2.0
2025-09-29 10:20:07+00:00,1.7188050656113774,2.0
2025-09-29 10:20:08+00:00,0.939365601137979,0.0
2025-09-29 10:20:09+00:00,0.8849963768880116,0.0
2025-09-29 10:20:10+00:00,0.8753314338100608,0.0
2025-09-29 10:20:11+00:00,1.1378222298371838,1.0
2025-09-29 10:20:12+00:00,0.7725622688740259,0.0
2025-09-29 10:20:13+00:00,0.8529390803305432,0.0
2025-09-29 10:20:14+00:00,1.6993745415529702,2.0
2025-09-29 10:20:15+00:00,1.1383977817749837,1.0
2025-09-29 10:20:16+00:00,1.2047438888839679,1.0
2025-09-29 10:20:17+00:00,1.4013543053733883,2.0
2025-09-29 10:20:18+00:00,1.2253279851283878,1.0
2025-09-29 10:20:19+00:00,1.4497910256759496,2.0
2025-09-29 10:20:20+00:00,1.170639757925528,1.0
2025-09-29 10:20:21+00:00,0.7606081741978414,0.0
2025-09-29 10:20:22+00:00,1.3311089190247003,1.0
2025-09-29 10:20:23+00:00,0.7871946232771734,0.0
2025-09-29 10:20:24+00:00,0.9526263656007359,0.0
2025-09-29 10:20:25+00:00,1.373662144469563,1.0
2025-09-29 10:20:26+00:00,1.123016162775457,1.0
2025-09-29 10:20:27+00:00,1.2448431158845779,1.0
2025-09-29 10:20:28+00:00,0.8073997122555738,0.0
2025-09-29 10:20:29+00:00,1.3657031741167884,1.0
2025-09-29 10:20:30+00:00,0.7326790050865384,0.0
2025-09-29 10:20:31+00:00,1.787604510303936,2.0
2025-09-29 10:20:32+00:00,1.1150506565609248,1.0
2025-09-29 10:20:33+00:00,1.7600389853905654,2.0
2025-09-29 10:20:34+00:00,1.087919676443562,0.0
2025-09-29 10:20:35+00:00,1.829748788222787,2.0
2025-09-29 10:20:36+00:00,1.1170663999364479,1.0
2025-09-29 10:20:37+00:00,1.4608323630382074,2.0
2025-09-29 10:20:38+00:00,0.8827622702083318,0.0
2025-09-29 10:20:39+00:00,0.8849930914730066,0.0
2025-09-29 10:20:40+00:00,0.6759747578616953,0.0
2025-09-29 10:20:41+00:00,0.6512686070927884,0.0
2025-09-29 10:20:42+00:00,1.0944517548923614,0.0
2025-09-29 10:20:43+00:00,1.3204147093638312,1.0
2025-09-29 10:20:44+00:00,1.6049384931538953,2.0
2025-09-29 10:20:45+00:00,1.1623723930242704,1.0
2025-09-29 10:20:46+00:00,1.3250570212549064,1.0
2025-09-29 10:20:47+00:00,1.048270624363795,0.0
2025-09-29 10:20:48+00:00,0.7589570156123955,0.0
2025-09-29 10:20:49+00:00,1.104714392873575,1.0
2025-09-29 10:20:50+00:00,1.6398245626041899,2.0
2025-09-29 10:20:51+00:00,1.0966662951104809,0.0
2025-09-29 10:20:52+00:00,1.7789623737917282,2.0
2025-09-29 10:20:53+00:00,1.3775520985072944,1.0
2025-09-29 10:20:54+00:00,1.0114087688998552,0.0
2025-09-29 10:20:55+00:00,1.003128282551188,0.0
2025-09-29 10:20:56+00:00,1.3589415476017166,1.0
2025-09-29 10:20:57+00:00,1.4383427264692727,2.0
2025-09-29 10:20:58+00:00,1.5029715085256612,2.0
2025-09-29 10:20:59+00:00,1.1583794554899214,1.0
2025-09-29 10:21:00+00:00,1.5292396038566949,2.0
2025-09-29 10:21:01+00:00,1.9095719505858142,2.0
2025-09-29 10:21:02+00:00,0.8858113496826263,0.0
2025-09-29 10:21:03+00:00,1.6715231417183531,2.0
2025-09-29 10:21:04+00:00,1.3584489259083057,1.0
2025-09-29 10:21:05+00:00,1.7371534746489488,2.0
2025-09-29 10:21:06+00:00,1.460073932990781,2.0
2025-09-29 10:21:07+00:00,1.3421031167526962,1.0
2025-09-29 10:21:08+00:00,0.647904315366759,0.0
2025-09-29 10:21:09+00:00,0.9863862113998039,0.0
2025-09-29 10:21:10+00:00,1.3812958537600935,1.0
2025-09-29 10:21:11+00:00,1.2432235502201365,1.0
2025-09-29 10:21:12+00:00,1.0391985375026707,0.0
2025-09-29 10:21:13+00:00,0.8091270140284905,0.0
2025-09-29 10:21:14+00:00,1.3947762096358929,2.0
2025-09-29 10:21:15+00:00,1.6281365270842798,2.0
2025-09-29 10:21:16+00:00,1.359865844657179,1.0
2025-09-29 10:21:17+00:00,1.2990508459333796,1.0
2025-09-29 10:21:18+00:00,0.6762397846905515,0.0
2025-09-29 10:21:19+00:00,1.5575430318131112,2.0
2025-09-29 10:21:20+00:00,1.4280869480717229,2.0
2025-09-29 10:21:21+00:00,0.807903184540919,0.0
2025-09-29 10:21:22+00:00,1.4670929017593153,2.0
2025-09-29 10:21:23+00:00,1.846598121614079,2.0
2025-09-29 10:21:24+00:00,1.3134584499202901,1.0
2025-09-29 10:21:25+00:00,1.3407647202111548,1.0
2025-09-29 10:21:26+00:00,1.3543524889391847,1.0
2025-09-29 10:21:27+00:00,1.4493986662273528,2.0
2025-09-29 10:21:28+00:00,1.4994008539651986,2.0
2025-09-29 10:21:29+00:00,1.6444680051208707,2.0
2025-09-29 10:21:30+00:00,1.5793965730990749,2.0
2025-09-29 10:21:31+00:00,1.3926010532741202,2.0
2025-09-29 10:21:32+00:00,0.977939581614919,0.0
2025-09-29 10:21:33+00:00,1.2533785865962273,1.0
2025-09-29 10:21:34+00:00,1.576575058279559,2.0
2025-09-29 10:21:35+00:00,0.9512864194985013,0.0
2025-09-29 10:21:36+00:00,0.8839816415274981,0.0
2025-09-29 10:21:37+00:00,1.2146641163126333,1.0
2025-09-29 10:21:38+00:00,1.069629028235795,0.0
2025-09-29 10:21:39+00:00,0.9411399927921593,0.0
2025-09-29 10:21:40+00:00,1.3383807120699203,1.0
2025-09-29 10:21:41+00:00,1.1059084762819111,1.0
2025-09-29 10:21:42+00:00,1.4612940185761545,2.0
2025-09-29 10:21:43+00:00,1.9231974971480668,2.0
2025-09-29 10:21:44+00:00,1.7169424077728763,2.0
2025-09-29 10:21:45+00:00,1.043220735315117,0.0
2025-09-29 10:21:46+00:00,0.9381343829445541,0.0
2025-09-29 10:21:47+00:00,1.7551235861028545,2.0
2025-09-29 10:21:48+00:00,1.0407778286316898,0.0
2025-09-29 10:21:49+00:00,1.5130715150589822,2.0
2025-09-29 10:21:50+00:00,1.0280103833938483,0.0
2025-09-29 10:21:51+00:00,0.6808298399555497,0.0
2025-09-29 10:21:52+00:00,1.5434770874708192,2.0
2025-09-29 10:21:53+00:00,1.335084746577195,1.0
2025-09-29 10:21:54+00:00,1.3551530966942664,1.0
2025-09-29 10:21:55+00:00,0.7922748173150467,0.0
2025-09-29 10:21:56+00:00,1.0594089698715834,0.0
2025-09-29 10:21:57+00:00,0.7403994828055147,0.0
2025-09-29 10:21:58+00:00,1.0898838434368372,0.0
2025-09-29 10:21:59+00:00,0.8950714540114859,0.0
2025-09-29 10:22:00+00:00,1.3547844479908235,1.0
2025-09-29 10:22:01+00:00,0.7706687643512851,0.0
2025-09-29 10:22:02+00:00,1.2858542476897128,1.0
2025-09-29 10:22:03+00:00,1.3078904770372901,1.0
2025-09-29 10:22:04+00:00,1.524811601935653,2.0
2025-09-29 10:22:05+00:00,1.6098362660122802,2.0
2025-09-29 10:22:06+00:00,1.4423084871959873,2.0
2025-09-29 10:22:07+00:00,1.5300305502751144,2.0
2025-09-29 10:22:08+00:00,1.3800000937044388,1.0
2025-09-29 10:22:09+00:00,0.9810947111836867,0.0
2025-09-29 10:22:10+00:00,1.2563751736452105,1.0
2025-09-29 10:22:11+00:00,0.7814380085474113,0.0
2025-09-29 10:22:12+00:00,1.1370274189539487,1.0
2025-09-29 10:22:13+00:00,1.6389933366008336,2.0
2025-09-29 10:22:14+00:00,1.1451706808293238,1.0
2025-09-29 10:22:15+00:00,1.2011751379759517,1.0
2025-09-29 10:22:16+00:00,1.6935097864916315,2.0
2025-09-29 10:22:17+00:00,1.5395924890908645,2.0
2025-09-29 10:22:18+00:00,1.3350472826714395,1.0
2025-09-29 10:22:19+00:00,1.117198725725757,1.0
2025-09-29 10:22:20+00:00,1.1452011851797579,1.0
2025-09-29 10:22:21+00:00,1.000065628264565,0.0
2025-09-29 10:22:22+00:00,1.2144904389570002,1.0
2025-09-29 10:22:23+00:00,1.0005392632447183,0.0
2025-09-29 10:22:24+00:00,1.3142491660546511,1.0
2025-09-29 10:22:25+00:00,1.083796309409081,0.0
2025-09-29 10:22:26+00:00,1.787286524195224,2.0
2025-09-29 10:22:27+00:00,1.8125283835397568,2.0
2025-09-29 10:22:28+00:00,1.1510533629189013,1.0
2025-09-29 10:22:29+00:00,1.1781464362575207,1.0
2025-09-29 10:22:30+00:00,1.083073819099809,0.0
2025-09-29 10:22:31+00:00,1.3377590829622932,1.0
2025-09-29 10:22:32+00:00,1.6258779902855167,2.0
2025-09-29 10:22:33+00:00,1.4450092670012964,2.0
2025-09-29 10:22:34+00:00,0.8830126569228014,0.0
2025-09-29 10:22:35+00:00,1.4317279747629073,2.0
2025-09-29 10:22:36+00:00,0.9777130401198519,0.0
2025-09-29 10:22:37+00:00,1.5927557421382517,2.0
2025-09-29 10:22:38+00:00,0.9755053207336459,0.0
2025-09-29 10:22:39+00:00,1.435678569090669,2.0
2025-09-29 10:22:40+00:00,1.138934378468548,1.0
2025-09-29 10:22:41+00:00,1.323917179266573,1.0
2025-09-29 10:22:42+00:00,1.0815720949467504,0.0
2025-09-29 10:22:43+00:00,0.8474951847310876,0.0
2025-09-29 10:22:44+00:00,1.13071926595876,1.0
2025-09-29 10:22:45+00:00,1.1963450846378691,1.0
2025-09-29 10:22:46+00:00,1.780237694416428,2.0
2025-09-29 10:22:47+00:00,1.1907685882470105,1.0
2025-09-29 10:22:48+00:00,1.228685769092408,1.0
2025-09-29 10:22:49+00:00,1.0471197063307045,0.0
2025-09-29 10:22:50+00:00,1.3437515629921108,1.0
2025-09-29 10:22:51+00:00,1.2743496358307311,1.0
2025-09-29 10:22:52+00:00,1.604184463081765,2.0
2025-09-29 10:22:53+00:00,0.9004516438290011,0.0
2025-09-29 10:22:54+00:00,1.0221600517688785,0.0
2025-09-29 10:22:55+00:00,0.770155921971309,0.0
2025-09-29 10:22:56+00:00,1.2340718459454365,1.0
2025-09-29 10:22:57+00:00,1.2734531294408953,1.0
2025-09-29 10:22:58+00:00,1.896841584777576,2.0
2025-09-29 10:22:59+00:00,1.3839118569594575,1.0
2025-09-29 10:23:00+00:00,1.606356857373612,2.0
2025-09-29 10:23:01+00:00,0.7719900427036919,0.0
2025-09-29 10:23:02+00:00,1.368862464427366,1.0
2025-09-29 10:23:03+00:00,1.446806350548286,2.0
2025-09-29 10:23:04+00:00,1.6023117788572563,2.0
2025-09-29 10:23:05+00:00,1.3594965353695443,1.0
2025-09-29 10:23:06+00:00,1.7538840520428494,2.0
2025-09-29 10:23:07+00:00,1.8607164478307823,2.0
2025-09-29 10:23:08+00:00,1.4440612315229373,2.0
2025-09-29 10:23:09+00:00,1.195420042029582,1.0
2025-09-29 10:23:10+00:00,1.5649576120631536,2.0
2025-09-29 10:23:11+00:00,1.3227802795445314,1.0
2025-09-29 10:23:12+00:00,1.4390479903377127,2.0
2025-09-29 10:23:13+00:00,1.5045814447512385,2.0
2025-09-29 10:23:14+00:00,1.4528696162742563,2.0
2025-09-29 10:23:15+00:00,1.3807908613671316,1.0
2025-09-29 10:23:16+00:00,1.1809957296936773,1.0
2025-09-29 10:23:17+00:00,0.8152537765708985,0.0
2025-09-29 10:23:18+00:00,1.162108319273102,1.0
2025-09-29 10:23:19+00:00,0.7873199341847794,0.0
2025-09-29 10:23:20+00:00,1.2942251541098813,1.0
2025-09-29 10:23:21+00:00,1.358087753149448,1.0
2025-09-29 10:23:22+00:00,0.9032458202273119,0.0
2025-09-29 10:23:23+00:00,1.1427883986325469,1.0
2025-09-29 10:23:24+00:00,0.9811985278647626,0.0
2025-09-29 10:23:25+00:00,0.8695950872206595,0.0
2025-09-29 10:23:26+00:00,1.478490807916387,2.0
2025-09-29 10:23:27+00:00,1.3051931607333245,1.0
2025-09-29 10:23:28+00:00,0.8825581268174574,0.0
2025-09-29 10:23:29+00:00,1.8126818929595174,2.0
2025-09-29 10:23:30+00:00,1.1568506339244777,1.0
2025-09-29 10:23:31+00:00,1.5701158556621522,2.0
2025-09-29 10:23:32+00:00,1.455403612999362,2.0
2025-09-29 10:23:33+00:00,0.8363172194513027,0.0
2025-09-29 10:23:34+00:00,1.4012265791825484,2.0
2025-09-29 10:23:35+00:00,0.9657162800285732,0.0
2025-09-29 10:23:36+00:00,1.0324381337268278,0.0
2025-09-29 10:23:37+00:00,1.631044053210644,2.0
2025-09-29 10:23:38+00:00,0.9657921738835284,0.0
2025-09-29 10:23:39+00:00,0.7446635663072811,0.0
2025-09-29 10:23:40+00:00,1.61586241958139,2.0
2025-09-29 10:23:41+00:00,0.7542166966886725,0.0
2025-09-29 10:23:42+00:00,1.4147901872202056,2.0
2025-09-29 10:23:43+00:00,0.7492179816472344,0.0
2025-09-29 10:23:44+00:00,1.3642516699183034,1.0
2025-09-29 10:23:45+00:00,0.9827389199926984,0.0
2025-09-29 10:23:46+00:00,1.0988703360635554,0.0
2025-09-29 10:23:47+00:00,1.6704277780518169,2.0
2025-09-29 10:23:48+00:00,0.9328314182057511,0.0
2025-09-29 10:23:49+00:00,1.1191350688168313,1.0
2025-09-29 10:23:50+00:00,0.7913952320814133,0.0
2025-09-29 10:23:51+00:00,1.2913883489673026,1.0
2025-09-29 10:23:52+00:00,1.2239945259934757,1.0
2025-09-29 10:23:53+00:00,1.3844920078263385,1.0
2025-09-29 10:23:54+00:00,1.5875391070148908,2.0
2025-09-29 10:23:55+00:00,1.448179492203053,2.0
2025-09-29 10:23:56+00:00,1.2365476233098889,1.0
2025-09-29 10:23:57+00:00,1.1665737957810052,1.0
2025-09-29 10:23:58+00:00,1.057921857063775,0.0
2025-09-29 10:23:59+00:00,0.6981398601201363,0.0
2025-09-29 10:24:00+00:00,1.173616763931932,1.0
2025-09-29 10:24:01+00:00,1.6240073259104975,2.0
2025-09-29 10:24:02+00:00,1.2416458574589342,1.0
2025-09-29 10:24:03+00:00,0.5732567710801959,0.0
2025-09-29 10:24:04+00:00,1.1658537639596034,1.0
2025-09-29 10:24:05+00:00,0.7776830221118871,0.0
2025-09-29 10:24:06+00:00,1.293472697972902,1.0
2025-09-29 10:24:07+00:00,1.229671093664365,1.0
2025-09-29 10:24:08+00:00,1.8164784358377801,2.0
2025-09-29 10:24:09+00:00,1.0488855198491365,0.0
2025-09-29 10:24:10+00:00,1.7418280598067213,2.0
2025-09-29 10:24:11+00:00,0.8363379920774605,0.0
2025-09-29 10:24:12+00:00,1.3529177754098782,1.0
2025-09-29 10:24:13+00:00,1.6522161721077282,2.0
2025-09-29 10:24:14+00:00,1.6938718294986757,2.0
2025-09-29 10:24:15+00:00,1.469135226259823,2.0
2025-09-29 10:24:16+00:00,0.6850077821727609,0.0
2025-09-29 10:24:17+00:00,0.9892581849853741,0.0
2025-09-29 10:24:18+00:00,1.4276280769408913,2.0
2025-09-29 10:24:19+00:00,0.9312503254041076,0.0
2025-09-29 10:24:20+00:00,1.221902160832542,1.0
2025-09-29 10:24:21+00:00,1.3295042760582874,1.0
2025-09-29 10:24:22+00:00,1.0089699300733628,0.0
2025-09-29 10:24:23+00:00,1.1552084808936343,1.0
2025-09-29 10:24:24+00:00,1.0731996977265226,0.0
2025-09-29 10:24:25+00:00,0.8584601873881184,0.0
2025-09-29 10:24:26+00:00,1.0600033515656833,0.0
2025-09-29 10:24:27+00:00,1.6274581315519754,2.0
2025-09-29 10:24:28+00:00,0.9584226217848482,0.0
2025-09-29 10:24:29+00:00,1.0042476337985136,0.0
2025-09-29 10:24:30+00:00,1.3137379521504045,1.0
2025-09-29 10:24:31+00:00,0.9560281426674919,0.0
2025-09-29 10:24:32+00:00,1.1628345707431436,1.0
2025-09-29 10:24:33+00:00,1.4202188641065732,2.0
2025-09-29 10:24:34+00:00,0.9809689938556403,0.0
2025-09-29 10:24:35+00:00,1.4021788448881125,2.0
2025-09-29 10:24:36+00:00,1.5169548390695127,2.0
2025-09-29 10:24:37+00:00,0.9781521888653515,0.0
2025-09-29 10:24:38+00:00,1.0473358342569554,0.0
2025-09-29 10:24:39+00:00,1.0845610916003352,0.0
2025-09-29 10:24:40+00:00,1.1765655081835575,1.0
2025-09-29 10:24:41+00:00,1.8446473793883342,2.0
2025-09-29 10:24:42+00:00,1.1608296184713254,1.0
2025-09-29 10:24:43+00:00,1.6287269326567184,2.0
2025-09-29 10:24:44+00:00,1.2149534078489523,1.0
2025-09-29 10:24:45+00:00,1.6379336534591857,2.0
2025-09-29 10:24:46+00:00,0.9812695873260964,0.0
2025-09-29 10:24:47+00:00,0.6179658307082718,0.0
2025-09-29 10:24:48+00:00,1.2786291998636443,1.0
2025-09-29 10:24:49+00:00,1.1582932422315935,1.0
2025-09-29 10:24:50+00:00,0.8551852186355973,0.0
2025-09-29 10:24:51+00:00,1.545257854348165,2.0
2025-09-29 10:24:52+00:00,1.6030715098022483,2.0
2025-09-29 10:24:53+00:00,1.4666831496433588,2.0
2025-09-29 10:24:54+00:00,0.684325320777134,0.0
2025-09-29 10:24:55+00:00,1.0165344791021198,0.0
2025-09-29 10:24:56+00:00,0.9807188537961338,0.0
2025-09-29 10:24:57+00:00,1.6634401525952853,2.0
2025-09-29 10:24:58+00:00,1.3224117999052396,1.0
2025-09-29 10:24:59+00:00,0.8171810494095553,0.0
2025-09-29 10:25:00+00:00,1.237863457921776,1.0
2025-09-29 10:25:01+00:00,1.109890312931384,1.0
2025-09-29 10:25:02+00:00,1.3044407608249458,1.0
2025-09-29 10:25:03+00:00,0.7332198680378497,0.0
2025-09-29 10:25:04+00:00,1.3442565704026492,1.0
2025-09-29 10:25:05+00:00,0.8381035207276,0.0
2025-09-29 10:25:06+00:00,1.331731688347645,1.0
2025-09-29 10:25:07+00:00,1.6267963172285818,2.0
2025-09-29 10:25:08+00:00,1.1041219530452508,1.0
2025-09-29 10:25:09+00:00,1.5901077758026076,2.0
2025-09-29 10:25:10+00:00,0.7523336983285844,0.0
2025-09-29 10:25:11+00:00,0.6616951830219477,0.0
2025-09-29 10:25:12+00:00,0.8451953520561801,0.0
2025-09-29 10:25:13+00:00,1.5385421752434922,2.0
2025-09-29 10:25:14+00:00,1.1628341411123984,1.0
2025-09-29 10:25:15+00:00,0.8211184221872827,0.0
2025-09-29 10:25:16+00:00,1.3159461965988157,1.0
2025-09-29 10:25:17+00:00,1.753666664197226,2.0
2025-09-29 10:25:18+00:00,0.7609313652064884,0.0
2025-09-29 10:25:19+00:00,1.4966710232401965,2.0
2025-09-29 10:25:20+00:00,1.8525370149727678,2.0
2025-09-29 10:25:21+00:00,1.040729004133027,0.0
2025-09-29 10:25:22+00:00,1.591353843046818,2.0
2025-09-29 10:25:23+00:00,0.6643583497352665,0.0
2025-09-29 10:25:24+00:00,0.934941701227217,0.0
2025-09-29 10:25:25+00:00,0.6879160563694313,0.0
2025-09-29 10:25:26+00:00,1.1959600813424913,1.0
2025-09-29 10:25:27+00:00,1.5468281412031502,2.0
2025-09-29 10:25:28+00:00,0.8056085222342517,0.0
2025-09-29 10:25:29+00:00,1.1403917630377691,1.0
2025-09-29 10:25:30+00:00,1.3266952845151536,1.0
2025-09-29 10:25:31+00:00,0.8595772088592639,0.0
2025-09-29 10:25:32+00:00,1.3136903832637472,1.0
2025-09-29 10:25:33+00:00,1.027272444058326,0.0
2025-09-29 10:25:34+00:00,1.5818205674004275,2.0
2025-09-29 10:25:35+00:00,1.2490035466471454,1.0
2025-09-29 10:25:36+00:00,0.9942693108605454,0.0
2025-09-29 10:25:37+00:00,1.1708344677608693,1.0
2025-09-29 10:25:38+00:00,1.0827654667809838,0.0
2025-09-29 10:25:39+00:00,0.7870301565417321,0.0
2025-09-29 10:25:40+00:00,0.9299061433121096,0.0
2025-09-29 10:25:41+00:00,1.3225078264513286,1.0
2025-09-29 10:25:42+00:00,1.5918823796964716,2.0
2025-09-29 10:25:43+00:00,1.4139916564890882,2.0
2025-09-29 10:25:44+00:00,1.352114688619622,1.0
2025-09-29 10:25:45+00:00,1.4283863696473418,2.0
2025-09-29 10:25:46+00:00,1.1899679387715878,1.0
2025-09-29 10:25:47+00:00,1.032988009887049,0.0
2025-09-29 10:25:48+00:00,0.9600000000064028,0.0
2025-09-29 10:25:49+00:00,1.3627979044103995,1.0
2025-09-29 10:25:50+00:00,1.626465223976993,2.0
2025-09-29 10:25:51+00:00,0.8587565730558708,0.0
2025-09-29 10:25:52+00:00,0.8888074434507871,0.0
2025-09-29 10:25:53+00:00,1.1934704910090659,1.0
2025-09-29 10:25:54+00:00,1.0531645567680243,0.0
2025-09-29 10:25:55+00:00,0.8641612554929452,0.0
2025-09-29 10:25:56+00:00,1.0322960767516633,0.0
2025-09-29 10:25:57+00:00,1.2828066462825518,1.0
2025-09-29 10:25:58+00:00,1.0258136337506585,0.0
2025-09-29 10:25:59+00:00,0.8571980806591455,0.0
2025-09-29 10:26:00+00:00,0.8377739354036748,0.0
2025-09-29 10:26:01+00:00,0.7221756166982232,0.0
2025-09-29 10:26:02+00:00,1.2708027321641566,1.0
2025-09-29 10:26:03+00:00,0.919464041799074,0.0
2025-09-29 10:26:04+00:00,1.2367737703607418,1.0
2025-09-29 10:26:05+00:00,1.0048709077527747,0.0
2025-09-29 10:26:06+00:00,1.8234634700929746,2.0
2025-09-29 10:26:07+00:00,1.1868731797731016,1.0
2025-09-29 10:26:08+00:00,1.3083487763360608,1.0
2025-09-29 10:26:09+00:00,1.2879004717542557,1.0
2025-09-29 10:26:10+00:00,0.8765128570230445,0.0
2025-09-29 10:26:11+00:00,1.1846990932681365,1.0
2025-09-29 10:26:12+00:00,1.5999211661401205,2.0
2025-09-29 10:26:13+00:00,1.1353100380074466,1.0
2025-09-29 10:26:14+00:00,0.6862865308503387,0.0
2025-09-29 10:26:15+00:00,0.870929987548152,0.0
2025-09-29 10:26:16+00:00,1.3503093726321822,1.0
2025-09-29 10:26:17+00:00,0.5605008714628639,0.0
2025-09-29 10:26:18+00:00,0.9418395219399827,0.0
2025-09-29 10:26:19+00:00,1.4551050122245215,2.0
2025-09-29 10:26:20+00:00,1.055328755392111,0.0
2025-09-29 10:26:21+00:00,0.9323794927331619,0.0
2025-09-29 10:26:22+00:00,0.8730914455954917,0.0
2025-09-29 10:26:23+00:00,1.3305422127596103,1.0
2025-09-29 10:26:24+00:00,1.0206311008514604,0.0
2025-09-29 10:26:25+00:00,1.252795717693516,1.0
2025-09-29 10:26:26+00:00,1.2001500893384218,1.0
2025-09-29 10:26:27+00:00,0.6783414310484659,0.0
2025-09-29 10:26:28+00:00,1.1411475955392234,1.0
2025-09-29 10:26:29+00:00,0.8564012354618171,0.0
2025-09-29 10:26:30+00:00,1.1055806942749768,1.0
2025-09-29 10:26:31+00:00,1.3710652742593084,1.0
2025-09-29 10:26:32+00:00,1.0672099596849876,0.0
2025-09-29 10:26:33+00:00,1.2834796639945125,1.0
2025-09-29 10:26:34+00:00,0.9346760856569745,0.0
2025-09-29 10:26:35+00:00,0.8624832380301086,0.0
2025-09-29 10:26:36+00:00,0.9944141211308306,0.0
2025-09-29 10:26:37+00:00,0.6730320033530006,0.0
2025-09-29 10:26:38+00:00,0.9275238277332392,0.0
2025-09-29 10:26:39+00:00,0.7398500380077166,0.0
2025-09-29 10:26:40+00:00,1.3664211021532537,1.0
2025-09-29 10:26:41+00:00,1.38636795207276,2.0
2025-09-29 10:26:42+00:00,1.5568673296365887,2.0
2025-09-29 10:26:43+00:00,1.3533426887297537,1.0
2025-09-29 10:26:44+00:00,1.3282864976063138,1.0
2025-09-29 10:26:45+00:00,1.2765781842026627,1.0
2025-09-29 10:26:46+00:00,1.4058284256461775,2.0
2025-09-29 10:26:47+00:00,0.8065428821137175,0.0
2025-09-29 10:26:48+00:00,0.9414335157925962,0.0
2025-09-29 10:26:49+00:00,0.6763118788949214,0.0
2025-09-29 10:26:50+00:00,0.7474724400526611,0.0
2025-09-29 10:26:51+00:00,0.882063173878123,0.0
2025-09-29 10:26:52+00:00,0.7902729616180295,0.0
2025-09-29 10:26:53+00:00,1.2422710862156237,1.0
2025-09-29 10:26:54+00:00,1.375220304907998,1.0
2025-09-29 10:26:55+00:00,1.0143569912324892,0.0
2025-09-29 10:26:56+00:00,0.8835499969718512,0.0
2025-09-29 10:26:57+00:00,0.6415414593793685,0.0
2025-09-29 10:26:58+00:00,1.4364444707462098,2.0
2025-09-29 10:26:59+00:00,0.8746176297136117,0.0
2025-09-29 10:27:00+00:00,1.61784951511072,2.0
2025-09-29 10:27:01+00:00,1.390650427521905,2.0
2025-09-29 10:27:02+00:00,1.0918974631204037,0.0
2025-09-29 10:27:03+00:00,1.3411623515567044,1.0
2025-09-29 10:27:04+00:00,0.675803307472961,0.0
2025-09-29 10:27:05+00:00,1.6670609051070642,2.0
2025-09-29 10:27:06+00:00,0.7318095740774879,0.0
2025-09-29 10:27:07+00:00,0.8525443422404351,0.0
2025-09-29 10:27:08+00:00,1.099160926794866,0.0
2025-09-29 10:27:09+00:00,0.9320221019734163,0.0
2025-09-29 10:27:10+00:00,0.8711574321932858,0.0
2025-09-29 10:27:11+00:00,0.8414961360394955,0.0
2025-09-29 10:27:12+00:00,0.8831228708586423,0.0
2025-09-29 10:27:13+00:00,1.4976434952695854,2.0
2025-09-29 10:27:14+00:00,1.3348884637089213,1.0
2025-09-29 10:27:15+00:00,1.643604057826451,2.0
2025-09-29 10:27:16+00:00,1.2718439605814638,1.0
2025-09-29 10:27:17+00:00,0.7889563787612133,0.0
2025-09-29 10:27:18+00:00,1.4414023600838846,2.0
2025-09-29 10:27:19+00:00,1.1160523397265933,1.0
2025-09-29 10:27:20+00:00,0.8045817912206985,0.0
2025-09-29 10:27:21+00:00,1.320466188393766,1.0
2025-09-29 10:27:22+00:00,1.8579145646071993,2.0
2025-09-29 10:27:23+00:00,0.9404692541284021,0.0
2025-09-29 10:27:24+00:00,1.1634954094042769,1.0
2025-09-29 10:27:25+00:00,1.653414024025551,2.0
2025-09-29 10:27:26+00:00,1.4496073577465722,2.0
2025-09-29 10:27:27+00:00,1.5484246665146202,2.0
2025-09-29 10:27:28+00:00,0.6275607219140511,0.0
2025-09-29 10:27:29+00:00,1.266568867053138,1.0
2025-09-29 10:27:30+00:00,1.1681292346329428,1.0
2025-09-29 10:27:31+00:00,0.7164070691069355,0.0
2025-09-29 10:27:32+00:00,1.4085750115773408,2.0
2025-09-29 10:27:33+00:00,0.903237947190064,0.0
2025-09-29 10:27:34+00:00,1.5534998852672288,2.0
2025-09-29 10:27:35+00:00,1.0924415558838518,0.0
2025-09-29 10:27:36+00:00,1.5716931340866722,2.0
2025-09-29 10:27:37+00:00,0.765143733980949,0.0
2025-09-29 10:27:38+00:00,1.1569662202091422,1.0
2025-09-29 10:27:39+00:00,1.2020766678033397,1.0
2025-09-29 10:27:40+00:00,0.8540961033868371,0.0
2025-09-29 10:27:41+00:00,1.2695958747644909,1.0
2025-09-29 10:27:42+00:00,0.8076921096653678,0.0
2025-09-29 10:27:43+00:00,1.6956559318787185,2.0
2025-09-29 10:27:44+00:00,1.4467041685420554,2.0
2025-09-29 10:27:45+00:00,1.0084226377366576,0.0
2025-09-29 10:27:46+00:00,0.6974456015595933,0.0
2025-09-29 10:27:47+00:00,1.1731055568961892,1.0
2025-09-29 10:27:48+00:00,0.8592831399146235,0.0
2025-09-29 10:27:49+00:00,0.8869742109091021,0.0
2025-09-29 10:27:50+00:00,1.189929132538964,1.0
2025-09-29 10:27:51+00:00,1.592562161560636,2.0
2025-09-29 10:27:52+00:00,1.0917296120460378,0.0
2025-09-29 10:27:53+00:00,1.035940928661148,0.0
2025-09-29 10:27:54+00:00,1.5350361418677494,2.0
2025-09-29 10:27:55+00:00,1.3551542976783821,1.0
2025-09-29 10:27:56+00:00,0.7379344092623796,0.0
2025-09-29 10:27:57+00:00,1.0750098705320852,0.0
2025-09-29 10:27:58+00:00,1.2351360862376168,1.0
2025-09-29 10:27:59+00:00,0.6607435343612451,0.0
2025-09-29 10:28:00+00:00,0.9700622715754434,0.0
2025-09-29 10:28:01+00:00,1.045699921058258,0.0
2025-09-29 10:28:02+00:00,1.4886937532719458,2.0
2025-09-29 10:28:03+00:00,0.7771002354711527,0.0
2025-09-29 10:28:04+00:00,0.9000916316581424,0.0
2025-09-29 10:28:05+00:00,0.9898399742232868,0.0
2025-09-29 10:28:06+00:00,1.2373193488601828,1.0
2025-09-29 10:28:07+00:00,0.9673763045866508,0.0
2025-09-29 10:28:08+00:00,1.1276124825672014,1.0
2025-09-29 10:28:09+00:00,0.6229624987317948,0.0
2025-09-29 10:28:10+00:00,1.314230412186589,1.0
2025-09-29 10:28:11+00:00,1.2546908907679608,1.0
2025-09-29 10:28:12+00:00,1.5469557774049463,2.0
2025-09-29 10:28:13+00:00,1.0502565276110545,0.0
2025-09-29 10:28:14+00:00,1.616849081357941,2.0
2025-09-29 10:28:15+00:00,1.2957333662634483,1.0
2025-09-29 10:28:16+00:00,1.4424692762549967,2.0
2025-09-29 10:28:17+00:00,0.9949660045822384,0.0
2025-09-29 10:28:18+00:00,1.9500428962055594,2.0
2025-09-29 10:28:19+00:00,1.423085137255839,2.0
2025-09-29 10:28:20+00:00,1.436361622691038,2.0
2025-09-29 10:28:21+00:00,0.9264379178057425,0.0
2025-09-29 10:28:22+00:00,1.4331893155322177,2.0
2025-09-29 10:28:23+00:00,0.9695701325399568,0.0
2025-09-29 10:28:24+00:00,1.1516000325937057,1.0
2025-09-29 10:28:25+00:00,1.310307401116006,1.0
2025-09-29 10:28:26+00:00,1.4961265708407154,2.0
2025-09-29 10:28:27+00:00,1.1133231404819526,1.0
2025-09-29 10:28:28+00:00,0.8475029647524934,0.0
2025-09-29 10:28:29+00:00,1.0745879899041029,0.0
2025-09-29 10:28:30+00:00,1.4035018830181798,2.0
2025-09-29 10:28:31+00:00,0.8994319317571353,0.0
2025-09-29 10:28:32+00:00,1.3967978784203297,2.0
2025-09-29 10:28:33+00:00,0.907512243342353,0.0
2025-09-29 10:28:34+00:00,1.6909157120098826,2.0
2025-09-29 10:28:35+00:00,0.797632696441724,0.0
2025-09-29 10:28:36+00:00,1.2139020894974237,1.0
2025-09-29 10:28:37+00:00,0.8365536726050777,0.0
2025-09-29 10:28:38+00:00,1.4130693986953702,2.0
2025-09-29 10:28:39+00:00,1.1061093052994693,1.0
2025-09-29 10:28:40+00:00,1.5021909010538366,2.0
2025-09-29 10:28:41+00:00,1.4768549041182268,2.0
2025-09-29 10:28:42+00:00,0.7842558718548389,0.0
2025-09-29 10:28:43+00:00,0.7808878253854346,0.0
2025-09-29 10:28:44+00:00,1.2041984952957137,1.0
2025-09-29 10:28:45+00:00,1.1334367466915864,1.0
2025-09-29 10:28:46+00:00,1.4492060041811783,2.0
2025-09-29 10:28:47+00:00,1.1776891172630712,1.0
2025-09-29 10:28:48+00:00,1.0017658331635175,0.0
2025-09-29 10:28:49+00:00,0.9669006207986968,0.0
2025-09-29 10:28:50+00:00,1.8787841889861738,2.0
2025-09-29 10:28:51+00:00,1.2478336017666152,1.0
2025-09-29 10:28:52+00:00,0.967857079784153,0.0
2025-09-29 10:28:53+00:00,0.9638697709306143,0.0
2025-09-29 10:28:54+00:00,0.7569867240672465,0.0
2025-09-29 10:28:55+00:00,1.2570722905220464,1.0
2025-09-29 10:28:56+00:00,1.1416890483960742,1.0
2025-09-29 10:28:57+00:00,1.2442643007525476,1.0
2025-09-29 10:28:58+00:00,1.07816144413664,0.0
2025-09-29 10:28:59+00:00,1.6476994811964687,2.0
2025-09-29 10:29:00+00:00,0.7576020351407351,0.0
2025-09-29 10:29:01+00:00,0.9708439363312209,0.0
2025-09-29 10:29:02+00:00,0.9069633752660593,0.0
2025-09-29 10:29:03+00:00,1.4185566397791263,2.0
2025-09-29 10:29:04+00:00,0.8090342660289025,0.0
2025-09-29 10:29:05+00:00,1.3033332259510644,1.0
2025-09-29 10:29:06+00:00,1.0119317356438842,0.0
2025-09-29 10:29:07+00:00,1.2068745322758332,1.0
2025-09-29 10:29:08+00:00,1.4150674633856397,2.0
2025-09-29 10:29:09+00:00,1.029391498217592,0.0
2025-09-29 10:29:10+00:00,1.217110206009238,1.0
2025-09-29 10:29:11+00:00,0.5827366854646243,0.0
2025-09-29 10:29:12+00:00,0.656128766524489,0.0
2025-09-29 10:29:13+00:00,0.5715792484552367,0.0
2025-09-29 10:29:14+00:00,0.8856613870884757,0.0
2025-09-29 10:29:15+00:00,1.0356679749238538,0.0
2025-09-29 10:29:16+00:00,1.6315475569863338,2.0
2025-09-29 10:29:17+00:00,1.0917044112138683,0.0
2025-09-29 10:29:18+00:00,0.9424027250352083,0.0
2025-09-29 10:29:19+00:00,0.680102696234826,0.0
2025-09-29 10:29:20+00:00,0.7969338680559304,0.0
2025-09-29 10:29:21+00:00,1.2264941395551432,1.0
2025-09-29 10:29:22+00:00,0.7200524828222115,0.0
2025-09-29 10:29:23+00:00,1.705420072117704,2.0
2025-09-29 10:29:24+00:00,0.7831259154336294,0.0
2025-09-29 10:29:25+00:00,1.7034425525635015,2.0
2025-09-29 10:29:26+00:00,0.7653311517788097,0.0
2025-09-29 10:29:27+00:00,1.9142969638487557,2.0
2025-09-29 10:29:28+00:00,1.4112466617516475,2.0
2025-09-29 10:29:29+00:00,0.8243976939265849,0.0
2025-09-29 10:29:30+00:00,1.3946906458440935,2.0
2025-09-29 10:29:31+00:00,1.0851466275489656,0.0
2025-09-29 10:29:32+00:00,0.9906528439169051,0.0
2025-09-29 10:29:33+00:00,0.9250924072111957,0.0
2025-09-29 10:29:34+00:00,1.783355454550474,2.0
2025-09-29 10:29:35+00:00,1.213920972426422,1.0
2025-09-29 10:29:36+00:00,1.4462923044193303,2.0
2025-09-29 10:29:37+00:00,0.5559370138216764,0.0
2025-09-29 10:29:38+00:00,0.8383296355168568,0.0
2025-09-29 10:29:39+00:00,1.6555630343500525,2.0
2025-09-29 10:29:40+00:00,1.3236316975817317,1.0
2025-09-29 10:29:41+00:00,1.2301457858993672,1.0
2025-09-29 10:29:42+00:00,1.2556458569597453,1.0
2025-09-29 10:29:43+00:00,1.145733484736411,1.0
2025-09-29 10:29:44+00:00,1.7308340830204543,2.0
2025-09-29 10:29:45+00:00,1.242709235069924,1.0
2025-09-29 10:29:46+00:00,1.211073230515467,1.0
2025-09-29 10:29:47+00:00,0.8677160584338708,0.0
2025-09-29 10:29:48+00:00,0.9029596488398965,0.0
2025-09-29 10:29:49+00:00,1.5484719883679645,2.0
2025-09-29 10:29:50+00:00,1.3190963321976596,1.0
2025-09-29 10:29:51+00:00,0.8953157995711081,0.0
2025-09-29 10:29:52+00:00,0.9788639948528726,0.0
2025-09-29 10:29:53+00:00,1.2928096469404409,1.0
2025-09-29 10:29:54+00:00,1.245584409480216,1.0
2025-09-29 10:29:55+00:00,1.2650454508257098,1.0
2025-09-29 10:29:56+00:00,1.377192021929659,1.0
2025-09-29 10:29:57+00:00,1.3839898810256273,1.0
2025-09-29 10:29:58+00:00,1.1361646043224027,1.0
2025-09-29 10:29:59+00:00,0.5618894927174551,0.0
2025-09-29 10:30:00+00:00,1.0293828095018398,0.0
2025-09-29 10:30:01+00:00,1.2097007405245677,1.0
2025-09-29 10:30:02+00:00,1.0709171298949514,0.0
2025-09-29 10:30:03+00:00,1.5732306450954638,2.0
2025-09-29 10:30:04+00:00,1.0163087314576842,0.0
2025-09-29 10:30:05+00:00,1.4840883362048771,2.0
2025-09-29 10:30:06+00:00,1.6188516659894958,2.0
2025-09-29 10:30:07+00:00,1.0066357441392029,0.0
2025-09-29 10:30:08+00:00,1.066804718619096,0.0
2025-09-29 10:30:09+00:00,1.117101517796982,1.0
2025-09-29 10:30:10+00:00,1.6336053551640362,2.0
2025-09-29 10:30:11+00:00,1.1774708761076909,1.0
2025-09-29 10:30:12+00:00,1.1548181279940763,1.0
2025-09-29 10:30:13+00:00,1.3461788684799103,1.0
2025-09-29 10:30:14+00:00,1.5050465315434849,2.0
2025-09-29 10:30:15+00:00,1.4633939123159507,2.0
2025-09-29 10:30:16+00:00,1.376489195798058,1.0
2025-09-29 10:30:17+00:00,0.8564316616393626,0.0
2025-09-29 10:30:18+00:00,1.2644698971998878,1.0
2025-09-29 10:30:19+00:00,1.4834716917685,2.0
2025-09-29 10:30:20+00:00,0.9208604729938088,0.0
2025-09-29 10:30:21+00:00,1.1196531563764438,1.0
2025-09-29 10:30:22+00:00,1.5621850879106205,2.0
2025-09-29 10:30:23+00:00,1.1210643284284743,1.0
2025-09-29 10:30:24+00:00,1.3001884725235868,1.0
2025-09-29 10:30:25+00:00,1.2266801648511318,1.0
2025-09-29 10:30:26+00:00,1.8259180909808492,2.0
2025-09-29 10:30:27+00:00,0.9901933535584249,0.0
2025-09-29 10:30:28+00:00,1.3572213672159705,1.0
2025-09-29 10:30:29+00:00,1.4327420506306225,2.0
2025-09-29 10:30:30+00:00,1.0202009080530843,0.0
2025-09-29 10:30:31+00:00,1.1281371948862216,1.0
2025-09-29 10:30:32+00:00,1.5948298031144077,2.0
2025-09-29 10:30:33+00:00,1.1884033043170348,1.0
2025-09-29 10:30:34+00:00,0.7643896227964433,0.0
2025-09-29 10:30:35+00:00,1.2700312420492992,1.0
2025-09-29 10:30:36+00:00,0.8514610298880143,0.0
2025-09-29 10:30:37+00:00,0.9332675097539322,0.0
2025-09-29 10:30:38+00:00,1.1061411988048349,1.0
2025-09-29 10:30:39+00:00,1.2613340560928918,1.0
2025-09-29 10:30:40+00:00,0.8211459181038663,0.0
2025-09-29 10:30:41+00:00,1.3847626248752931,1.0
2025-09-29 10:30:42+00:00,1.564478862201213,2.0
2025-09-29 10:30:43+00:00,1.001026309284498,0.0
2025-09-29 10:30:44+00:00,0.8997416020574747,0.0
2025-09-29 10:30:45+00:00,1.09357351786457,0.0
2025-09-29 10:30:46+00:00,1.0656931596022332,0.0
2025-09-29 10:30:47+00:00,1.328503906246624,1.0
2025-09-29 10:30:48+00:00,0.7628051781648537,0.0
2025-09-29 10:30:49+00:00,1.3969818644254701,2.0
2025-09-29 10:30:50+00:00,0.9161334957898362,0.0
2025-09-29 10:30:51+00:00,1.6426947103318525,2.0
2025-09-29 10:30:52+00:00,1.2956218551844358,1.0
2025-09-29 10:30:53+00:00,0.9021893047902267,0.0
2025-09-29 10:30:54+00:00,1.1602405497687869,1.0
2025-09-29 10:30:55+00:00,0.7705538280861219,0.0
2025-09-29 10:30:56+00:00,1.2547296133561758,1.0
2025-09-29 10:30:57+00:00,1.0758093343902146,0.0
2025-09-29 10:30:58+00:00,1.554275637929095,2.0
2025-09-29 10:30:59+00:00,0.95886705176963,0.0
2025-09-29 10:31:00+00:00,1.4552417086379137,2.0
2025-09-29 10:31:01+00:00,1.2530914038943592,1.0
2025-09-29 10:31:02+00:00,1.1374979117390467,1.0
2025-09-29 10:31:03+00:00,1.3219231260445667,1.0
2025-09-29 10:31:04+00:00,1.2464939133642474,1.0
2025-09-29 10:31:05+00:00,0.5966488184349146,0.0
2025-09-29 10:31:06+00:00,0.8940721258986741,0.0
2025-09-29 10:31:07+00:00,1.3872774135088548,2.0
2025-09-29 10:31:08+00:00,1.3878578466828912,2.0
2025-09-29 10:31:09+00:00,0.793557604731177,0.0
2025-09-29 10:31:10+00:00,1.413269513315754,2.0
2025-09-29 10:31:11+00:00,1.5396919589256868,2.0
2025-09-29 10:31:12+00:00,1.3812512359436369,1.0
2025-09-29 10:31:13+00:00,1.340318495509564,1.0
2025-09-29 10:31:14+00:00,0.9775080388935748,0.0
2025-09-29 10:31:15+00:00,1.354220440465724,1.0
2025-09-29 10:31:16+00:00,1.408643271686742,2.0
2025-09-29 10:31:17+00:00,0.8631295143713942,0.0
2025-09-29 10:31:18+00:00,1.1494362792000175,1.0
2025-09-29 10:31:19+00:00,1.067373820420471,0.0
2025-09-29 10:31:20+00:00,1.1123774469306227,1.0
2025-09-29 10:31:21+00:00,1.1954963595489971,1.0
2025-09-29 10:31:22+00:00,1.0323520685051335,0.0
2025-09-29 10:31:23+00:00,1.5618395965284435,2.0
2025-09-29 10:31:24+00:00,1.3241812667693011,1.0
2025-09-29 10:31:25+00:00,1.1347953957447316,1.0
2025-09-29 10:31:26+00:00,0.9385680102859624,0.0
2025-09-29 10:31:27+00:00,1.1270393283339217,1.0
2025-09-29 10:31:28+00:00,1.022043187302188,0.0
2025-09-29 10:31:29+00:00,1.5752368975518038,2.0
2025-09-29 10:31:30+00:00,1.154291263592313,1.0
2025-09-29 10:31:31+00:00,1.3758791839063633,1.0
2025-09-29 10:31:32+00:00,1.3440944988979027,1.0
2025-09-29 10:31:33+00:00,1.4257822068757378,2.0
2025-09-29 10:31:34+00:00,1.6327133304439485,2.0
2025-09-29 10:31:35+00:00,1.4357464587810682,2.0
2025-09-29 10:31:36+00:00,1.8487614505284,2.0
2025-09-29 10:31:37+00:00,1.307809314239421,1.0
2025-09-29 10:31:38+00:00,1.4151999245223124,2.0
2025-09-29 10:31:39+00:00,1.8074694581300719,2.0
2025-09-29 10:31:40+00:00,0.7519777661218541,0.0
2025-09-29 10:31:41+00:00,1.4342405222560046,2.0
2025-09-29 10:31:42+00:00,1.5884657087444793,2.0
2025-09-29 10:31:43+00:00,0.9632661725045182,0.0
2025-09-29 10:31:44+00:00,1.5880398981098551,2.0
2025-09-29 10:31:45+00:00,1.383879918139428,1.0
2025-09-29 10:31:46+00:00,1.5763375309470575,2.0
2025-09-29 10:31:47+00:00,1.7068422405718593,2.0
2025-09-29 10:31:48+00:00,1.4032322405691957,2.0
2025-09-29 10:31:49+00:00,1.438444170751609,2.0
2025-09-29 10:31:50+00:00,1.1246863431151723,1.0
2025-09-29 10:31:51+00:00,0.6218561893037986,0.0
2025-09-29 10:31:52+00:00,1.4523650986811845,2.0
2025-09-29 10:31:53+00:00,1.5675040314818034,2.0
2025-09-29 10:31:54+00:00,1.4807331561896717,2.0
2025-09-29 10:31:55+00:00,1.8136985172750428,2.0
2025-09-29 10:31:56+00:00,0.8374510056164581,0.0
2025-09-29 10:31:57+00:00,0.8691782406094717,0.0
2025-09-29 10:31:58+00:00,1.134791802847758,1.0
2025-09-29 10:31:59+00:00,1.811673087591771,2.0
2025-09-29 10:32:00+00:00,1.666971419530455,2.0
2025-09-29 10:32:01+00:00,1.5960236153186997,2.0
2025-09-29 10:32:02+00:00,1.4845805485820165,2.0
2025-09-29 10:32:03+00:00,1.5223517975391587,2.0
2025-09-29 10:32:04+00:00,1.273148045220296,1.0
2025-09-29 10:32:05+00:00,1.3961196864402154,2.0
2025-09-29 10:32:06+00:00,0.883466919316561,0.0
2025-09-29 10:32:07+00:00,1.1783538034069352,1.0
2025-09-29 10:32:08+00:00,1.7906810067797778,2.0
2025-09-29 10:32:09+00:00,0.8090328961261548,0.0
2025-09-29 10:32:10+00:00,1.2082195522089023,1.0
2025-09-29 10:32:11+00:00,1.5600809642637614,2.0
2025-09-29 10:32:12+00:00,1.4079799612081842,2.0
2025-09-29 10:32:13+00:00,1.034681374541833,0.0
2025-09-29 10:32:14+00:00,1.5373117855924647,2.0
2025-09-29 10:32:15+00:00,0.8608731223794166,0.0
2025-09-29 10:32:16+00:00,0.9361224634048995,0.0
2025-09-29 10:32:17+00:00,1.2369671957130777,1.0
2025-09-29 10:32:18+00:00,1.1531418282102095,1.0
2025-09-29 10:32:19+00:00,1.0090534955525072,0.0
2025-09-29 10:32:20+00:00,1.1866935109719634,1.0
2025-09-29 10:32:21+00:00,1.4426804670365527,2.0
2025-09-29 10:32:22+00:00,1.1136953061795793,1.0
2025-09-29 10:32:23+00:00,1.1486333223583642,1.0
2025-09-29 10:32:24+00:00,0.7352304708911106,0.0
2025-09-29 10:32:25+00:00,1.239433288690634,1.0
2025-09-29 10:32:26+00:00,0.9411968722270103,0.0
2025-09-29 10:32:27+00:00,1.4823886551894248,2.0
2025-09-29 10:32:28+00:00,0.7173638146196026,0.0
2025-09-29 10:32:29+00:00,1.143268982123118,1.0
2025-09-29 10:32:30+00:00,1.440862078234204,2.0
2025-09-29 10:32:31+00:00,1.5126494810538134,2.0
2025-09-29 10:32:32+00:00,1.45747341956303,2.0
2025-09-29 10:32:33+00:00,0.9191504654008895,0.0
2025-09-29 10:32:34+00:00,0.8013607915054308,0.0
2025-09-29 10:32:35+00:00,1.2462837898201542,1.0
2025-09-29 10:32:36+00:00,1.178303281427361,1.0
2025-09-29 10:32:37+00:00,0.6443735414213734,0.0
2025-09-29 10:32:38+00:00,1.3018218929355498,1.0
2025-09-29 10:32:39+00:00,0.8853407921560574,0.0
2025-09-29 10:32:40+00:00,1.4711557419213932,2.0
2025-09-29 10:32:41+00:00,1.1869999807240674,1.0
2025-09-29 10:32:42+00:00,1.4227938413823722,2.0
2025-09-29 10:32:43+00:00,1.8846324420010205,2.0
2025-09-29 10:32:44+00:00,0.8330361447151517,0.0
2025-09-29 10:32:45+00:00,0.8204902168508852,0.0
2025-09-29 10:32:46+00:00,0.9259499796462478,0.0
2025-09-29 10:32:47+00:00,1.0129929430404445,0.0
2025-09-29 10:32:48+00:00,0.9379782558098668,0.0
2025-09-29 10:32:49+00:00,1.5502968916553073,2.0
2025-09-29 10:32:50+00:00,1.3214291060721735,1.0
2025-09-29 10:32:51+00:00,1.8260838654096005,2.0
2025-09-29 10:32:52+00:00,0.8241211747663328,0.0
2025-09-29 10:32:53+00:00,1.3906874747772235,2.0
2025-09-29 10:32:54+00:00,1.6359932154009584,2.0
2025-09-29 10:32:55+00:00,1.1188256087771151,1.0
2025-09-29 10:32:56+00:00,1.460238853134797,2.0
2025-09-29 10:32:57+00:00,0.7157234157348284,0.0
2025-09-29 10:32:58+00:00,1.3013504408154404,1.0
2025-09-29 10:32:59+00:00,0.8837558348895982,0.0
2025-09-29 10:33:00+00:00,1.009421172668226,0.0
2025-09-29 10:33:01+00:00,0.8781754986121086,0.0
2025-09-29 10:33:02+00:00,1.3536947075481294,1.0
2025-09-29 10:33:03+00:00,1.281630432291422,1.0
2025-09-29 10:33:04+00:00,1.1108116738469107,1.0
2025-09-29 10:33:05+00:00,1.4025411098991754,2.0
2025-09-29 10:33:06+00:00,1.4437053584551904,2.0
2025-09-29 10:33:07+00:00,0.8778164924733574,0.0
2025-09-29 10:33:08+00:00,1.1757051200111164,1.0
2025-09-29 10:33:09+00:00,1.5612259649933549,2.0
2025-09-29 10:33:10+00:00,1.3340166345296893,1.0
2025-09-29 10:33:11+00:00,1.1159250308992341,1.0
2025-09-29 10:33:12+00:00,0.9856744428689126,0.0
2025-09-29 10:33:13+00:00,1.5288058766309405,2.0
2025-09-29 10:33:14+00:00,0.8994856000208529,0.0
2025-09-29 10:33:15+00:00,1.1488432997721247,1.0
2025-09-29 10:33:16+00:00,1.350377248643781,1.0
2025-09-29 10:33:17+00:00,1.0552717058017151,0.0
2025-09-29 10:33:18+00:00,1.2419937807426322,1.0
2025-09-29 10:33:19+00:00,1.4633901395718567,2.0
2025-09-29 10:33:20+00:00,1.4308001163153676,2.0
2025-09-29 10:33:21+00:00,0.8721109492325922,0.0
2025-09-29 10:33:22+00:00,1.5467432653676951,2.0
2025-09-29 10:33:23+00:00,1.2181569262756966,1.0
2025-09-29 10:33:24+00:00,1.4797529157076497,2.0
2025-09-29 10:33:25+00:00,1.2993605013325578,1.0
2025-09-29 10:33:26+00:00,0.8858434867725009,0.0
2025-09-29 10:33:27+00:00,1.1476248656981625,1.0
2025-09-29 10:33:28+00:00,0.8777566980861593,0.0
2025-09-29 10:33:29+00:00,0.980816402588971,0.0
2025-09-29 10:33:30+00:00,1.823605843950645,2.0
2025-09-29 10:33:31+00:00,0.8908348543191096,0.0
2025-09-29 10:33:32+00:00,1.325832711372641,1.0
2025-09-29 10:33:33+00:00,1.2077418396365829,1.0
2025-09-29 10:33:34+00:00,1.1134927001403412,1.0
2025-09-29 10:33:35+00:00,1.066790047188988,0.0
2025-09-29 10:33:36+00:00,1.3472588208678644,1.0
2025-09-29 10:33:37+00:00,1.4244759583671112,2.0
2025-09-29 10:33:38+00:00,0.9366819573624525,0.0
2025-09-29 10:33:39+00:00,1.2008981870458229,1.0
2025-09-29 10:33:40+00:00,1.1462563965615118,1.0
2025-09-29 10:33:41+00:00,1.50322897672595,2.0
2025-09-29 10:33:42+00:00,1.2494588622794254,1.0
2025-09-29 10:33:43+00:00,1.5060358783812262,2.0
2025-09-29 10:33:44+00:00,1.2273674718453549,1.0
2025-09-29 10:33:45+00:00,1.2777688212372595,1.0
2025-09-29 10:33:46+00:00,1.290650374314282,1.0
2025-09-29 10:33:47+00:00,1.6988211288844468,2.0
2025-09-29 10:33:48+00:00,1.4945188247074839,2.0
2025-09-29 10:33:49+00:00,1.1899265013635159,1.0
2025-09-29 10:33:50+00:00,1.5593658570578555,2.0
2025-09-29 10:33:51+00:00,0.9165501264214981,0.0
2025-09-29 10:33:52+00:00,1.0131760087970179,0.0
2025-09-29 10:33:53+00:00,0.8910589381994214,0.0
2025-09-29 10:33:54+00:00,1.090997287654318,0.0
2025-09-29 10:33:55+00:00,0.967839433971676,0.0
2025-09-29 10:33:56+00:00,1.1377772365813144,1.0
2025-09-29 10:33:57+00:00,1.3841969594504917,1.0
2025-09-29 10:33:58+00:00,1.229753875741153,1.0
2025-09-29 10:33:59+00:00,0.9769723159115529,0.0
2025-09-29 10:34:00+00:00,1.1770083015726414,1.0
2025-09-29 10:34:01+00:00,0.9970434014394414,0.0
2025-09-29 10:34:02+00:00,0.8342218771140324,0.0
2025-09-29 10:34:03+00:00,1.1551638756500324,1.0
2025-09-29 10:34:04+00:00,1.183201865889714,1.0
2025-09-29 10:34:05+00:00,1.1037145609443542,1.0
2025-09-29 10:34:06+00:00,1.199440976663027,1.0
2025-09-29 10:34:07+00:00,0.9638582060288172,0.0
2025-09-29 10:34:08+00:00,1.4720788405684289,2.0
2025-09-29 10:34:09+00:00,1.608126478153281,2.0
2025-09-29 10:34:10+00:00,1.0420295032672584,0.0
2025-09-29 10:34:11+00:00,1.7022340570401866,2.0
2025-09-29 10:34:12+00:00,1.4833286735374713,2.0
2025-09-29 10:34:13+00:00,1.7251539212302305,2.0
2025-09-29 10:34:14+00:00,1.3890227058436722,2.0
2025-09-29 10:34:15+00:00,1.0009723570401547,0.0
2025-09-29 10:34:16+00:00,1.4307050502975471,2.0
2025-09-29 10:34:17+00:00,0.6317762643739115,0.0
2025-09-29 10:34:18+00:00,1.0584842832759023,0.0
2025-09-29 10:34:19+00:00,1.1773758993076626,1.0
2025-09-29 10:34:20+00:00,1.787029168146546,2.0
2025-09-29 10:34:21+00:00,1.5951965749118244,2.0
2025-09-29 10:34:22+00:00,1.469763697590679,2.0
2025-09-29 10:34:23+00:00,1.1729702085140161,1.0
2025-09-29 10:34:24+00:00,1.0061797145026503,0.0
2025-09-29 10:34:25+00:00,1.8065370120020816,2.0
2025-09-29 10:34:26+00:00,1.1693173940002453,1.0
2025-09-29 10:34:27+00:00,1.5320791331469081,2.0
2025-09-29 10:34:28+00:00,1.4818042242113734,2.0
2025-09-29 10:34:29+00:00,0.9970907918759622,0.0
2025-09-29 10:34:30+00:00,0.9459837743197568,0.0
2025-09-29 10:34:31+00:00,1.5802232797723264,2.0
2025-09-29 10:34:32+00:00,1.2528797246632166,1.0
2025-09-29 10:34:33+00:00,1.5207839516660897,2.0
2025-09-29 10:34:34+00:00,1.2269188660284271,1.0
2025-09-29 10:34:35+00:00,0.674759799905587,0.0
2025-09-29 10:34:36+00:00,0.9019543969188817,0.0
2025-09-29 10:34:37+00:00,1.0898906224174425,0.0
2025-09-29 10:34:38+00:00,0.882084270589985,0.0
2025-09-29 10:34:39+00:00,1.329941530013457,1.0
2025-09-29 10:34:40+00:00,1.734654651096207,2.0
2025-09-29 10:34:41+00:00,1.2258798605616903,1.0
2025-09-29 10:34:42+00:00,1.0478657678177115,0.0
2025-09-29 10:34:43+00:00,0.8742839829355944,0.0
2025-09-29 10:34:44+00:00,1.3596675426524598,1.0
2025-09-29 10:34:45+00:00,1.4176399442949332,2.0
2025-09-29 10:34:46+00:00,1.104703655539197,1.0
2025-09-29 10:34:47+00:00,1.196480335740489,1.0
2025-09-29 10:34:48+00:00,1.4097538144269492,2.0
2025-09-29 10:34:49+00:00,0.9365840968093835,0.0
2025-09-29 10:34:50+00:00,1.7663401219178922,2.0
2025-09-29 10:34:51+00:00,1.099889789475128,0.0
2025-09-29 10:34:52+00:00,1.4307146440114593,2.0
2025-09-29 10:34:53+00:00,1.3325094026949955,1.0
2025-09-29 10:34:54+00:00,1.5628740543470485,2.0
2025-09-29 10:34:55+00:00,0.9926665167004103,0.0
2025-09-29 10:34:56+00:00,1.3330963656189851,1.0
2025-09-29 10:34:57+00:00,0.7970974492200185,0.0
2025-09-29 10:34:58+00:00,0.9485863681184128,0.0
2025-09-29 10:34:59+00:00,1.6960500234999927,2.0
2025-09-29 10:35:00+00:00,1.2396727516752435,1.0
2025-09-29 10:35:01+00:00,1.2875644040759653,1.0
2025-09-29 10:35:02+00:00,1.2152334529382642,1.0
2025-09-29 10:35:03+00:00,1.7862461578624789,2.0
2025-09-29 10:35:04+00:00,1.5255216853547608,2.0
2025-09-29 10:35:05+00:00,0.7630234101816313,0.0
2025-09-29 10:35:06+00:00,1.221177797022392,1.0
2025-09-29 10:35:07+00:00,1.1397638448543148,1.0
2025-09-29 10:35:08+00:00,1.310638808150543,1.0
2025-09-29 10:35:09+00:00,1.3759352060005767,1.0
2025-09-29 10:35:10+00:00,1.3812653692730237,1.0
2025-09-29 10:35:11+00:00,1.093236039931071,0.0
2025-09-29 10:35:12+00:00,1.4450851394358324,2.0
2025-09-29 10:35:13+00:00,1.6652007933153072,2.0
2025-09-29 10:35:14+00:00,1.5731617519486463,2.0
2025-09-29 10:35:15+00:00,1.088089317039703,0.0
2025-09-29 10:35:16+00:00,1.1513611004629638,1.0
2025-09-29 10:35:17+00:00,1.4609674032981275,2.0
2025-09-29 10:35:18+00:00,1.056645760399988,0.0
2025-09-29 10:35:19+00:00,1.301554044461227,1.0
2025-09-29 10:35:20+00:00,1.205048175266711,1.0
2025-09-29 10:35:21+00:00,1.1182874190271832,1.0
2025-09-29 10:35:22+00:00,1.3017249418335268,1.0
2025-09-29 10:35:23+00:00,1.2221156938612694,1.0
2025-09-29 10:35:24+00:00,0.9713026930985507,0.0
2025-09-29 10:35:25+00:00,1.6494590806250926,2.0
2025-09-29 10:35:26+00:00,1.1288342650514096,1.0
2025-09-29 10:35:27+00:00,1.3244108601502376,1.0
2025-09-29 10:35:28+00:00,1.377207083205576,1.0
2025-09-29 10:35:29+00:00,1.274991007114295,1.0
2025-09-29 10:35:30+00:00,1.256968457630137,1.0
2025-09-29 10:35:31+00:00,1.520559127413435,2.0
2025-09-29 10:35:32+00:00,1.2526251001399942,1.0
2025-09-29 10:35:33+00:00,1.5759050277847564,2.0
2025-09-29 10:35:34+00:00,0.8717611974861939,0.0
2025-09-29 10:35:35+00:00,1.3721620534197427,1.0
2025-09-29 10:35:36+00:00,1.6266876385052456,2.0
2025-09-29 10:35:37+00:00,1.5096433869475732,2.0
2025-09-29 10:35:38+00:00,0.7176239685941255,0.0
2025-09-29 10:35:39+00:00,1.2173298571433406,1.0
2025-09-29 10:35:40+00:00,0.9295201684435597,0.0
2025-09-29 10:35:41+00:00,1.176982425909955,1.0
2025-09-29 10:35:42+00:00,0.6722250267193886,0.0
2025-09-29 10:35:43+00:00,1.4474764229235006,2.0
2025-09-29 10:35:44+00:00,1.250574958321522,1.0
2025-09-29 10:35:45+00:00,1.233673869879567,1.0
2025-09-29 10:35:46+00:00,1.0547569034533808,0.0
2025-09-29 10:35:47+00:00,0.7083568948146421,0.0
2025-09-29 10:35:48+00:00,1.289842175654485,1.0
2025-09-29 10:35:49+00:00,1.3758033843478188,1.0
2025-09-29 10:35:50+00:00,1.3709934253856773,1.0
2025-09-29 10:35:51+00:00,1.5774534759111702,2.0
2025-09-29 10:35:52+00:00,1.0744366218714276,0.0
2025-09-29 10:35:53+00:00,1.1791909482708434,1.0
2025-09-29 10:35:54+00:00,1.4515048900939291,2.0
2025-09-29 10:35:55+00:00,1.192101985856425,1.0
2025-09-29 10:35:56+00:00,1.3886003282823367,2.0
2025-09-29 10:35:57+00:00,0.840888898979756,0.0
2025-09-29 10:35:58+00:00,0.6989433222915977,0.0
2025-09-29 10:35:59+00:00,0.8996283992746612,0.0
2025-09-29 10:36:00+00:00,1.6206664361234289,2.0
2025-09-29 10:36:01+00:00,0.9584061102505075,0.0
2025-09-29 10:36:02+00:00,0.8952904853940709,0.0
2025-09-29 10:36:03+00:00,1.358291233802447,1.0
2025-09-29 10:36:04+00:00,1.22575866644911,1.0
2025-09-29 10:36:05+00:00,1.1534996729315026,1.0
2025-09-29 10:36:06+00:00,1.6931010402331594,2.0
2025-09-29 10:36:07+00:00,1.5706191861536354,2.0
2025-09-29 10:36:08+00:00,0.7553511803998845,0.0
2025-09-29 10:36:09+00:00,1.5243689422059106,2.0
2025-09-29 10:36:10+00:00,0.8321662986272713,0.0
2025-09-29 10:36:11+00:00,1.7337883927539224,2.0
2025-09-29 10:36:12+00:00,0.7806676729815081,0.0
2025-09-29 10:36:13+00:00,1.7893602003750857,2.0
2025-09-29 10:36:14+00:00,0.6298697516467655,0.0
2025-09-29 10:36:15+00:00,0.9501517150201835,0.0
2025-09-29 10:36:16+00:00,1.4251951602782356,2.0
2025-09-29 10:36:17+00:00,1.474282852082979,2.0
2025-09-29 10:36:18+00:00,1.0748096721072216,0.0
2025-09-29 10:36:19+00:00,0.9264425755245611,0.0
2025-09-29 10:36:20+00:00,1.2296517180657247,1.0
2025-09-29 10:36:21+00:00,0.6635587891505565,0.0
2025-09-29 10:36:22+00:00,1.574583401757991,2.0
2025-09-29 10:36:23+00:00,1.3063319281645818,1.0
2025-09-29 10:36:24+00:00,1.6405805168760708,2.0
2025-09-29 10:36:25+00:00,1.431788708519889,2.0
2025-09-29 10:36:26+00:00,0.7515236023173202,0.0
2025-09-29 10:36:27+00:00,0.846700967696961,0.0
2025-09-29 10:36:28+00:00,1.0935010442190105,0.0
2025-09-29 10:36:29+00:00,0.7130301797005814,0.0
2025-09-29 10:36:30+00:00,0.849003401293885,0.0
2025-09-29 10:36:31+00:00,1.489541878196178,2.0
2025-09-29 10:36:32+00:00,1.3112996067793574,1.0
2025-09-29 10:36:33+00:00,1.293836666547577,1.0
2025-09-29 10:36:34+00:00,1.0424780731118517,0.0
2025-09-29 10:36:35+00:00,1.6500802322116215,2.0
2025-09-29 10:36:36+00:00,1.0139866174285999,0.0
2025-09-29 10:36:37+00:00,0.7039639971335419,0.0
2025-09-29 10:36:38+00:00,1.1828786296246108,1.0
2025-09-29 10:36:39+00:00,1.5189768508134875,2.0
2025-09-29 10:36:40+00:00,1.268437877355609,1.0
2025-09-29 10:36:41+00:00,1.8412190174421994,2.0
2025-09-29 10:36:42+00:00,1.6893047189660138,2.0
2025-09-29 10:36:43+00:00,1.316477126791142,1.0
2025-09-29 10:36:44+00:00,1.3138526801776607,1.0
2025-09-29 10:36:45+00:00,0.9496116470400011,0.0
2025-09-29 10:36:46+00:00,1.1646506141114514,1.0
2025-09-29 10:36:47+00:00,1.7835964791302104,2.0
2025-09-29 10:36:48+00:00,1.2080959711456671,1.0
2025-09-29 10:36:49+00:00,1.1919283763709245,1.0
2025-09-29 10:36:50+00:00,0.9870807074039476,0.0
2025-09-29 10:36:51+00:00,1.4714525521849282,2.0
2025-09-29 10:36:52+00:00,1.1911837221123278,1.0
2025-09-29 10:36:53+00:00,1.5974098650476662,2.0
2025-09-29 10:36:54+00:00,1.4741941781976493,2.0
2025-09-29 10:36:55+00:00,1.491830216938979,2.0
2025-09-29 10:36:56+00:00,1.1247428495262284,1.0
2025-09-29 10:36:57+00:00,0.8182784753735177,0.0
2025-09-29 10:36:58+00:00,1.1820274922356475,1.0
2025-09-29 10:36:59+00:00,1.71830676755053,2.0
2025-09-29 10:37:00+00:00,1.255259634606773,1.0
2025-09-29 10:37:01+00:00,1.3910874886496458,2.0
2025-09-29 10:37:02+00:00,0.9097604157432215,0.0
2025-09-29 10:37:03+00:00,1.2940286995872157,1.0
2025-09-29 10:37:04+00:00,1.3389026465883944,1.0
2025-09-29 10:37:05+00:00,1.2820596772799036,1.0
2025-09-29 10:37:06+00:00,1.0711350640485762,0.0
2025-09-29 10:37:07+00:00,1.1593195174646098,1.0
2025-09-29 10:37:08+00:00,1.341656012169551,1.0
2025-09-29 10:37:09+00:00,1.1027960184437688,1.0
2025-09-29 10:37:10+00:00,1.3978439394559246,2.0
2025-09-29 10:37:11+00:00,1.4308666815195465,2.0
2025-09-29 10:37:12+00:00,1.0945065760752186,0.0
2025-09-29 10:37:13+00:00,1.7653572412818903,2.0
2025-09-29 10:37:14+00:00,1.8518162945983931,2.0
2025-09-29 10:37:15+00:00,1.3768225442472612,1.0
2025-09-29 10:37:16+00:00,1.0962708309089066,0.0
2025-09-29 10:37:17+00:00,1.1312669408216607,1.0
2025-09-29 10:37:18+00:00,1.3035068275785306,1.0
2025-09-29 10:37:19+00:00,0.8899806177505525,0.0
2025-09-29 10:37:20+00:00,1.6878763686254388,2.0
2025-09-29 10:37:21+00:00,1.4158544075326063,2.0
2025-09-29 10:37:22+00:00,1.6341113283560844,2.0
2025-09-29 10:37:23+00:00,1.1031350390112493,1.0
2025-09-29 10:37:24+00:00,1.489370910989237,2.0
2025-09-29 10:37:25+00:00,0.9978736975317588,0.0
2025-09-29 10:37:26+00:00,1.0972124118125066,0.0
2025-09-29 10:37:27+00:00,1.0286131280008703,0.0
2025-09-29 10:37:28+00:00,1.3491774415160762,1.0
2025-09-29 10:37:29+00:00,1.395707461371785,2.0
2025-09-29 10:37:30+00:00,0.7617562371742679,0.0
2025-09-29 10:37:31+00:00,1.3825696324347518,1.0
2025-09-29 10:37:32+00:00,1.3502014113182668,1.0
2025-09-29 10:37:33+00:00,1.368154969328316,1.0
2025-09-29 10:37:34+00:00,1.4484339386981446,2.0
2025-09-29 10:37:35+00:00,1.668965835866402,2.0
2025-09-29 10:37:36+00:00,1.2252041058818577,1.0
2025-09-29 10:37:37+00:00,1.259924614278134,1.0
2025-09-29 10:37:38+00:00,1.1416794536780799,1.0
2025-09-29 10:37:39+00:00,1.3162336483073886,1.0
2025-09-29 10:37:40+00:00,1.4680258747393964,2.0
2025-09-29 10:37:41+00:00,1.3001228106440976,1.0
2025-09-29 10:37:42+00:00,1.0663235760148382,0.0
2025-09-29 10:37:43+00:00,1.3906404254375957,2.0
2025-09-29 10:37:44+00:00,0.8614009706507204,0.0
2025-09-29 10:37:45+00:00,1.6862232554412913,2.0
2025-09-29 10:37:46+00:00,1.8893912892381195,2.0
2025-09-29 10:37:47+00:00,1.370853047890705,1.0
2025-09-29 10:37:48+00:00,1.0637165762163932,0.0
2025-09-29 10:37:49+00:00,1.289981713576708,1.0
2025-09-29 10:37:50+00:00,1.2642324575135717,1.0
2025-09-29 10:37:51+00:00,1.3345149649539962,1.0
2025-09-29 10:37:52+00:00,0.9766499429970281,0.0
2025-09-29 10:37:53+00:00,1.263055047893431,1.0
2025-09-29 10:37:54+00:00,1.5111997531785164,2.0
2025-09-29 10:37:55+00:00,1.675957738305442,2.0
2025-09-29 10:37:56+00:00,0.9328947727335617,0.0
2025-09-29 10:37:57+00:00,1.652594101979048,2.0
2025-09-29 10:37:58+00:00,0.8463129000156187,0.0
2025-09-29 10:37:59+00:00,0.8556181063177064,0.0
2025-09-29 10:38:00+00:00,0.878990118711954,0.0
2025-09-29 10:38:01+00:00,0.6224532017367892,0.0
2025-09-29 10:38:02+00:00,1.80162932278472,2.0
2025-09-29 10:38:03+00:00,1.0734803542000009,0.0
2025-09-29 10:38:04+00:00,0.9140484062227188,0.0
2025-09-29 10:38:05+00:00,1.5632301493023988,2.0
2025-09-29 10:38:06+00:00,1.2131743851787178,1.0
2025-09-29 10:38:07+00:00,1.1032179222529521,1.0
2025-09-29 10:38:08+00:00,0.9907563698361628,0.0
2025-09-29 10:38:09+00:00,1.3178467213874683,1.0
2025-09-29 10:38:10+00:00,1.3484931310231332,1.0
2025-09-29 10:38:11+00:00,1.614309675176628,2.0
2025-09-29 10:38:12+00:00,1.2185419396701036,1.0
2025-09-29 10:38:13+00:00,1.3261091019085143,1.0
2025-09-29 10:38:14+00:00,1.0620517723582452,0.0
2025-09-29 10:38:15+00:00,1.0237499855284113,0.0
2025-09-29 10:38:16+00:00,1.5409343937935773,2.0
2025-09-29 10:38:17+00:00,1.165506997538614,1.0
2025-09-29 10:38:18+00:00,1.2040350666939048,1.0
2025-09-29 10:38:19+00:00,1.5673593179526506,2.0
2025-09-29 10:38:20+00:00,1.1583555953548057,1.0
2025-09-29 10:38:21+00:00,1.6292693587893154,2.0
2025-09-29 10:38:22+00:00,0.7720953684765846,0.0
2025-09-29 10:38:23+00:00,1.0657068144209916,0.0
2025-09-29 10:38:24+00:00,1.5351333024882479,2.0
2025-09-29 10:38:25+00:00,1.343522775627207,1.0
2025-09-29 10:38:26+00:00,0.9597792412096169,0.0
2025-09-29 10:38:27+00:00,1.3471810940391151,1.0
2025-09-29 10:38:28+00:00,1.0276554064912489,0.0
2025-09-29 10:38:29+00:00,1.252357096702326,1.0
2025-09-29 10:38:30+00:00,1.5049589557311265,2.0
2025-09-29 10:38:31+00:00,0.837113530797069,0.0
2025-09-29 10:38:32+00:00,1.0736034404399106,0.0
2025-09-29 10:38:33+00:00,1.5601729349291418,2.0
2025-09-29 10:38:34+00:00,1.2933756819547853,1.0
2025-09-29 10:38:35+00:00,1.660589297011029,2.0
2025-09-29 10:38:36+00:00,1.5404897984262789,2.0
2025-09-29 10:38:37+00:00,1.2410113085934427,1.0
2025-09-29 10:38:38+00:00,1.6102825201087398,2.0
2025-09-29 10:38:39+00:00,1.259076502872631,1.0
2025-09-29 10:38:40+00:00,1.0194706706679426,0.0
2025-09-29 10:38:41+00:00,1.0779106150439475,0.0
2025-09-29 10:38:42+00:00,1.3497417146572843,1.0
2025-09-29 10:38:43+00:00,0.92471856798511,0.0
2025-09-29 10:38:44+00:00,0.9195581546518952,0.0
2025-09-29 10:38:45+00:00,1.1638984879973577,1.0
2025-09-29 10:38:46+00:00,1.0411919403122738,0.0
2025-09-29 10:38:47+00:00,1.5803921117039863,2.0
2025-09-29 10:38:48+00:00,1.3576754331152188,1.0
2025-09-29 10:38:49+00:00,1.3905570873321267,2.0
2025-09-29 10:38:50+00:00,0.8039543190534459,0.0
2025-09-29 10:38:51+00:00,1.7655595340766013,2.0
2025-09-29 10:38:52+00:00,1.0860777576162945,0.0
2025-09-29 10:38:53+00:00,0.9740058315655915,0.0
2025-09-29 10:38:54+00:00,1.186811225983547,1.0
2025-09-29 10:38:55+00:00,1.3919453876151238,2.0
2025-09-29 10:38:56+00:00,1.3926888874993892,2.0
2025-09-29 10:38:57+00:00,1.2908435579010984,1.0
2025-09-29 10:38:58+00:00,1.2538003767549526,1.0
2025-09-29 10:38:59+00:00,1.4466741450451082,2.0
2025-09-29 10:39:00+00:00,0.972373062337283,0.0
2025-09-29 10:39:01+00:00,1.4320502801565453,2.0
2025-09-29 10:39:02+00:00,1.269106229636236,1.0
2025-09-29 10:39:03+00:00,1.2265721308503998,1.0
2025-09-29 10:39:04+00:00,1.8164685591473244,2.0
2025-09-29 10:39:05+00:00,0.8952703132526949,0.0
2025-09-29 10:39:06+00:00,1.0100017627264606,0.0
2025-09-29 10:39:07+00:00,1.4814527526759775,2.0
2025-09-29 10:39:08+00:00,1.7932737931696465,2.0
2025-09-29 10:39:09+00:00,1.603821957251057,2.0
2025-09-29 10:39:10+00:00,1.4651081797201186,2.0
2025-09-29 10:39:11+00:00,1.4582417339697713,2.0
2025-09-29 10:39:12+00:00,1.0380119980836753,0.0
2025-09-29 10:39:13+00:00,1.7151938932802295,2.0
2025-09-29 10:39:14+00:00,0.9141221219470026,0.0
2025-09-29 10:39:15+00:00,1.5216447147831786,2.0
2025-09-29 10:39:16+00:00,1.383274746578536,1.0
2025-09-29 10:39:17+00:00,1.0846161819063127,0.0
2025-09-29 10:39:18+00:00,1.057267467622296,0.0
2025-09-29 10:39:19+00:00,1.4198183864937164,2.0
2025-09-29 10:39:20+00:00,0.9444681955937995,0.0
2025-09-29 10:39:21+00:00,1.3620772774156649,1.0
2025-09-29 10:39:22+00:00,1.374558610841632,1.0
2025-09-29 10:39:23+00:00,1.4942586397082778,2.0
2025-09-29 10:39:24+00:00,1.015803968097316,0.0
2025-09-29 10:39:25+00:00,1.0189440841932083,0.0
2025-09-29 10:39:26+00:00,1.2996498181892093,1.0
2025-09-29 10:39:27+00:00,0.9567394243349554,0.0
2025-09-29 10:39:28+00:00,1.0432554401631933,0.0
2025-09-29 10:39:29+00:00,1.3343362716259435,1.0
2025-09-29 10:39:30+00:00,0.951265994051937,0.0
2025-09-29 10:39:31+00:00,1.4567428702430334,2.0
2025-09-29 10:39:32+00:00,1.4677844775142148,2.0
2025-09-29 10:39:33+00:00,1.3775409374793526,1.0
2025-09-29 10:39:34+00:00,1.5452439331274945,2.0
2025-09-29 10:39:35+00:00,1.0910985107620945,0.0
2025-09-29 10:39:36+00:00,1.2748086838546442,1.0
2025-09-29 10:39:37+00:00,0.7377167625090806,0.0
2025-09-29 10:39:38+00:00,1.1217761537845945,1.0
2025-09-29 10:39:39+00:00,1.0753297216288047,0.0
2025-09-29 10:39:40+00:00,1.010045044182334,0.0
2025-09-29 10:39:41+00:00,1.4773462950251997,2.0
2025-09-29 10:39:42+00:00,0.7548985476896632,0.0
2025-09-29 10:39:43+00:00,1.6295465645380318,2.0
2025-09-29 10:39:44+00:00,1.7548068028263515,2.0
2025-09-29 10:39:45+00:00,1.702274286566535,2.0
2025-09-29 10:39:46+00:00,0.9290201537078246,0.0
2025-09-29 10:39:47+00:00,1.4988270700559951,2.0
2025-09-29 10:39:48+00:00,1.691781100598746,2.0
2025-09-29 10:39:49+00:00,0.9501459781895392,0.0
2025-09-29 10:39:50+00:00,1.6923566343466518,2.0
2025-09-29 10:39:51+00:00,1.0244383655663114,0.0
2025-09-29 10:39:52+00:00,0.838662524765823,0.0
2025-09-29 10:39:53+00:00,1.1727596843411447,1.0
2025-09-29 10:39:54+00:00,1.3614388051064452,1.0
2025-09-29 10:39:55+00:00,1.8938930579752196,2.0
2025-09-29 10:39:56+00:00,1.539075863416656,2.0
2025-09-29 10:39:57+00:00,0.8175614529318409,0.0
2025-09-29 10:39:58+00:00,1.2608348852518247,1.0
2025-09-29 10:39:59+00:00,1.370564427881618,1.0
2025-09-29 10:40:00+00:00,1.44652113885968,2.0
2025-09-29 10:40:01+00:00,1.4077633251581574,2.0
2025-09-29 10:40:02+00:00,1.6629018714738777,2.0
2025-09-29 10:40:03+00:00,0.613415060317493,0.0
2025-09-29 10:40:04+00:00,1.572625365195563,2.0
2025-09-29 10:40:05+00:00,1.3553923691943055,1.0
2025-09-29 10:40:06+00:00,0.7843633041047724,0.0
2025-09-29 10:40:07+00:00,0.9127009260846535,0.0
2025-09-29 10:40:08+00:00,1.3930678497708868,2.0
2025-09-29 10:40:09+00:00,1.2146999817923643,1.0
2025-09-29 10:40:10+00:00,1.5238840953970794,2.0
2025-09-29 10:40:11+00:00,1.870278250949923,2.0
2025-09-29 10:40:12+00:00,1.3360195642599137,1.0
2025-09-29 10:40:13+00:00,1.365945930025191,1.0
2025-09-29 10:40:14+00:00,1.4527962155552814,2.0
2025-09-29 10:40:15+00:00,1.0081251488882117,0.0
2025-09-29 10:40:16+00:00,1.816191284902743,2.0
2025-09-29 10:40:17+00:00,1.4250847481598612,2.0
2025-09-29 10:40:18+00:00,0.9551305363274878,0.0
2025-09-29 10:40:19+00:00,0.8877467875718139,0.0
2025-09-29 10:40:20+00:00,1.3736466191912768,1.0
2025-09-29 10:40:21+00:00,0.8473058173403842,0.0
2025-09-29 10:40:22+00:00,1.2193340026715305,1.0
2025-09-29 10:40:23+00:00,1.4028005823201966,2.0
2025-09-29 10:40:24+00:00,1.3738927876693197,1.0
2025-09-29 10:40:25+00:00,1.5898105696978746,2.0
2025-09-29 10:40:26+00:00,0.9662162029417232,0.0
2025-09-29 10:40:27+00:00,1.5032094353664434,2.0
2025-09-29 10:40:28+00:00,1.0777104068838526,0.0
2025-09-29 10:40:29+00:00,1.636912150977878,2.0
2025-09-29 10:40:30+00:00,1.6668207503535086,2.0
2025-09-29 10:40:31+00:00,1.0968643246014835,0.0
2025-09-29 10:40:32+00:00,1.5204732894490007,2.0
2025-09-29 10:40:33+00:00,1.3849859436159022,1.0
2025-09-29 10:40:34+00:00,1.4713283569581108,2.0
2025-09-29 10:40:35+00:00,0.8577120039990405,0.0
2025-09-29 10:40:36+00:00,1.0652350441960152,0.0
2025-09-29 10:40:37+00:00,0.8067925706272945,0.0
2025-09-29 10:40:38+00:00,0.7240308665641351,0.0
2025-09-29 10:40:39+00:00,1.441755728519638,2.0
2025-09-29 10:40:40+00:00,1.2824430331093026,1.0
2025-09-29 10:40:41+00:00,1.1646115984185599,1.0
2025-09-29 10:40:42+00:00,1.2720070857467363,1.0
2025-09-29 10:40:43+00:00,1.603838900278788,2.0
2025-09-29 10:40:44+00:00,1.7074116991570918,2.0
2025-09-29 10:40:45+00:00,1.679156595506356,2.0
2025-09-29 10:40:46+00:00,1.2031856811081525,1.0
2025-09-29 10:40:47+00:00,1.514683277127915,2.0
2025-09-29 10:40:48+00:00,1.6450504823587835,2.0
2025-09-29 10:40:49+00:00,1.3683782414882444,1.0
2025-09-29 10:40:50+00:00,1.4982607051642844,2.0
2025-09-29 10:40:51+00:00,0.9475667578226421,0.0
2025-09-29 10:40:52+00:00,1.6132273807015736,2.0
2025-09-29 10:40:53+00:00,1.555421244338504,2.0
2025-09-29 10:40:54+00:00,0.6663655319280224,0.0
2025-09-29 10:40:55+00:00,1.662496899793041,2.0
2025-09-29 10:40:56+00:00,1.5235220199247124,2.0
2025-09-29 10:40:57+00:00,1.8132277929835254,2.0
2025-09-29 10:40:58+00:00,1.740757451596437,2.0
2025-09-29 10:40:59+00:00,0.9608906037319684,0.0
2025-09-29 10:41:00+00:00,1.6097830325743416,2.0
2025-09-29 10:41:01+00:00,1.00848084660538,0.0
2025-09-29 10:41:02+00:00,1.0898915080178995,0.0
2025-09-29 10:41:03+00:00,1.1531871783954557,1.0
2025-09-29 10:41:04+00:00,1.2018571312946733,1.0
2025-09-29 10:41:05+00:00,0.8399814467411488,0.0
2025-09-29 10:41:06+00:00,1.2098095239925897,1.0
2025-09-29 10:41:07+00:00,1.5056732213997748,2.0
2025-09-29 10:41:08+00:00,1.8337401209573727,2.0
2025-09-29 10:41:09+00:00,1.1974166121945018,1.0
2025-09-29 10:41:10+00:00,1.6323430748016108,2.0
2025-09-29 10:41:11+00:00,0.8691623338818317,0.0
2025-09-29 10:41:12+00:00,0.9280607227847213,0.0
2025-09-29 10:41:13+00:00,0.8742424873635173,0.0
2025-09-29 10:41:14+00:00,0.96098609699402,0.0
2025-09-29 10:41:15+00:00,1.6011225673864828,2.0
2025-09-29 10:41:16+00:00,0.7219461666682037,0.0
2025-09-29 10:41:17+00:00,1.570081886544358,2.0
2025-09-29 10:41:18+00:00,1.0211982747277943,0.0
2025-09-29 10:41:19+00:00,0.9372584616212407,0.0
2025-09-29 10:41:20+00:00,1.3863224494707538,1.0
2025-09-29 10:41:21+00:00,1.5145638199901441,2.0
2025-09-29 10:41:22+00:00,0.8450450258533238,0.0
2025-09-29 10:41:23+00:00,1.3938010120618856,2.0
2025-09-29 10:41:24+00:00,1.086441162013216,0.0
2025-09-29 10:41:25+00:00,1.270664448136813,1.0
2025-09-29 10:41:26+00:00,1.2744562010193476,1.0
2025-09-29 10:41:27+00:00,1.02233528807119,0.0
2025-09-29 10:41:28+00:00,1.113864047540119,1.0
2025-09-29 10:41:29+00:00,0.8047165016905637,0.0
2025-09-29 10:41:30+00:00,1.6378253977454733,2.0
2025-09-29 10:41:31+00:00,0.850119363880367,0.0
2025-09-29 10:41:32+00:00,1.6101110820600297,2.0
2025-09-29 10:41:33+00:00,1.465032596315723,2.0
2025-09-29 10:41:34+00:00,1.2536400673852768,1.0
2025-09-29 10:41:35+00:00,1.3704524743225193,1.0
2025-09-29 10:41:36+00:00,1.0665861296001822,0.0
2025-09-29 10:41:37+00:00,1.1324738357507158,1.0
2025-09-29 10:41:38+00:00,1.2049544259498361,1.0
2025-09-29 10:41:39+00:00,1.1953528561862186,1.0
2025-09-29 10:41:40+00:00,0.881151085239253,0.0
2025-09-29 10:41:41+00:00,0.991631266035256,0.0
2025-09-29 10:41:42+00:00,1.2970140259130858,1.0
2025-09-29 10:41:43+00:00,1.7048174377268879,2.0
2025-09-29 10:41:44+00:00,1.555733817818691,2.0
2025-09-29 10:41:45+00:00,1.0204551099741366,0.0
2025-09-29 10:41:46+00:00,1.2848506447626278,1.0
2025-09-29 10:41:47+00:00,1.1241872865793994,1.0
2025-09-29 10:41:48+00:00,1.1678283452056348,1.0
2025-09-29 10:41:49+00:00,1.0887723138584988,0.0
2025-09-29 10:41:50+00:00,1.3929670744837495,2.0
2025-09-29 10:41:51+00:00,0.9252117258001817,0.0
2025-09-29 10:41:52+00:00,1.4708347542909905,2.0
2025-09-29 10:41:53+00:00,0.9489452697744127,0.0
2025-09-29 10:41:54+00:00,1.5994218904525042,2.0
2025-09-29 10:41:55+00:00,1.185940297349589,1.0
2025-09-29 10:41:56+00:00,1.4842571401241003,2.0
2025-09-29 10:41:57+00:00,1.4563354677520692,2.0
2025-09-29 10:41:58+00:00,1.3425479580764659,1.0
2025-09-29 10:41:59+00:00,1.5203748360509053,2.0
2025-09-29 10:42:00+00:00,1.6098746028437745,2.0
2025-09-29 10:42:01+00:00,1.7282490656507434,2.0
2025-09-29 10:42:02+00:00,1.3022811041446403,1.0
2025-09-29 10:42:03+00:00,0.679023490039981,0.0
2025-09-29 10:42:04+00:00,1.3311559317080537,1.0
2025-09-29 10:42:05+00:00,1.3456094549183035,1.0
2025-09-29 10:42:06+00:00,1.5468800709350035,2.0
2025-09-29 10:42:07+00:00,1.0018541647004895,0.0
2025-09-29 10:42:08+00:00,1.465288012070232,2.0
2025-09-29 10:42:09+00:00,1.584975107689388,2.0
2025-09-29 10:42:10+00:00,1.34859917635913,1.0
2025-09-29 10:42:11+00:00,1.3273343217442743,1.0
2025-09-29 10:42:12+00:00,0.6458866870962083,0.0
2025-09-29 10:42:13+00:00,1.0540557591157267,0.0
2025-09-29 10:42:14+00:00,1.5552649566816399,2.0
2025-09-29 10:42:15+00:00,1.4433451573277125,2.0
2025-09-29 10:42:16+00:00,1.8519101195124676,2.0
2025-09-29 10:42:17+00:00,1.7120266331039602,2.0
2025-09-29 10:42:18+00:00,0.8604298510181252,0.0
2025-09-29 10:42:19+00:00,0.8508961600746261,0.0
2025-09-29 10:42:20+00:00,1.1136726387048839,1.0
2025-09-29 10:42:21+00:00,1.5387398882303387,2.0
2025-09-29 10:42:22+00:00,1.0409484039992094,0.0
2025-09-29 10:42:23+00:00,1.0455394694872666,0.0
2025-09-29 10:42:24+00:00,1.2645135934872087,1.0
2025-09-29 10:42:25+00:00,1.7601105580542935,2.0
2025-09-29 10:42:26+00:00,1.4199167675105855,2.0
2025-09-29 10:42:27+00:00,1.307517330540577,1.0
2025-09-29 10:42:28+00:00,1.1312333429814316,1.0
2025-09-29 10:42:29+00:00,1.3020322938100435,1.0
2025-09-29 10:42:30+00:00,1.08536654204363,0.0
2025-09-29 10:42:31+00:00,0.8993261925934348,0.0
2025-09-29 10:42:32+00:00,1.5288251061865594,2.0
2025-09-29 10:42:33+00:00,0.7869760893809143,0.0
2025-09-29 10:42:34+00:00,1.5440672663535224,2.0
2025-09-29 10:42:35+00:00,1.6740005870669847,2.0
2025-09-29 10:42:36+00:00,0.892976146627916,0.0
2025-09-29 10:42:37+00:00,1.340530155284796,1.0
2025-09-29 10:42:38+00:00,1.4886263100197539,2.0
2025-09-29 10:42:39+00:00,1.1348960470495513,1.0
2025-09-29 10:42:40+00:00,0.7061963775631739,0.0
2025-09-29 10:42:41+00:00,1.4569502391241258,2.0
2025-09-29 10:42:42+00:00,0.9710188311437378,0.0
2025-09-29 10:42:43+00:00,0.8761374753376003,0.0
2025-09-29 10:42:44+00:00,1.1904884276591474,1.0
2025-09-29 10:42:45+00:00,1.1762541413627332,1.0
2025-09-29 10:42:46+00:00,1.8196568688435946,2.0
2025-09-29 10:42:47+00:00,1.2538992415938992,1.0
2025-09-29 10:42:48+00:00,1.4335211163997883,2.0
2025-09-29 10:42:49+00:00,1.3912891283689532,2.0
2025-09-29 10:42:50+00:00,0.9512245710939169,0.0
2025-09-29 10:42:51+00:00,1.0355648738186574,0.0
2025-09-29 10:42:52+00:00,0.9414055926899891,0.0
2025-09-29 10:42:53+00:00,1.0073117353895213,0.0
2025-09-29 10:42:54+00:00,1.4419113176554674,2.0
2025-09-29 10:42:55+00:00,1.320592300471617,1.0
2025-09-29 10:42:56+00:00,1.3425923274917295,1.0
2025-09-29 10:42:57+00:00,0.8700257245072862,0.0
2025-09-29 10:42:58+00:00,0.9082219014671864,0.0
2025-09-29 10:42:59+00:00,1.3386611946771154,1.0
2025-09-29 10:43:00+00:00,1.1909935393341584,1.0
2025-09-29 10:43:01+00:00,1.1419458921445766,1.0
2025-09-29 10:43:02+00:00,0.8316744342446327,0.0
2025-09-29 10:43:03+00:00,1.036527546326397,0.0
2025-09-29 10:43:04+00:00,1.319082170157344,1.0
2025-09-29 10:43:05+00:00,0.9948877376737073,0.0
2025-09-29 10:43:06+00:00,1.7232852722954703,2.0
2025-09-29 10:43:07+00:00,1.6195241419627564,2.0
2025-09-29 10:43:08+00:00,0.7014029103302164,0.0
2025-09-29 10:43:09+00:00,0.7567207652464276,0.0
2025-09-29 10:43:10+00:00,1.4363639285002137,2.0
2025-09-29 10:43:11+00:00,1.1962899258796824,1.0
2025-09-29 10:43:12+00:00,1.1313511208427371,1.0
2025-09-29 10:43:13+00:00,1.5072851578879636,2.0
2025-09-29 10:43:14+00:00,1.417861384426942,2.0
2025-09-29 10:43:15+00:00,1.182479882176267,1.0
2025-09-29 10:43:16+00:00,1.9237755949870916,2.0
2025-09-29 10:43:17+00:00,1.9176096812443575,2.0
2025-09-29 10:43:18+00:00,1.37004952969437,1.0
2025-09-29 10:43:19+00:00,1.2937266497319797,1.0
2025-09-29 10:43:20+00:00,1.0198654921696289,0.0
2025-09-29 10:43:21+00:00,1.0961730742419604,0.0
2025-09-29 10:43:22+00:00,0.9553336365352152,0.0
2025-09-29 10:43:23+00:00,0.907164343749173,0.0
2025-09-29 10:43:24+00:00,1.5398490412771935,2.0
2025-09-29 10:43:25+00:00,1.24879618549312,1.0
2025-09-29 10:43:26+00:00,1.33610931847943,1.0
2025-09-29 10:43:27+00:00,1.4940268193604425,2.0
2025-09-29 10:43:28+00:00,1.5136710745136952,2.0
2025-09-29 10:43:29+00:00,1.633190674634534,2.0
2025-09-29 10:43:30+00:00,1.6860580887005199,2.0
2025-09-29 10:43:31+00:00,1.108991623550537,1.0
2025-09-29 10:43:32+00:00,1.275926396730938,1.0
2025-09-29 10:43:33+00:00,1.5119287600828102,2.0
2025-09-29 10:43:34+00:00,1.2022313624474918,1.0
2025-09-29 10:43:35+00:00,1.2003187957161572,1.0
2025-09-29 10:43:36+00:00,1.549201147077838,2.0
2025-09-29 10:43:37+00:00,1.3972379784681834,2.0
2025-09-29 10:43:38+00:00,0.8836364546150435,0.0
2025-09-29 10:43:39+00:00,0.8250921142898733,0.0
2025-09-29 10:43:40+00:00,1.8939930368942441,2.0
2025-09-29 10:43:41+00:00,0.7828469047817634,0.0
2025-09-29 10:43:42+00:00,1.2254134504619287,1.0
2025-09-29 10:43:43+00:00,1.4073689524229849,2.0
2025-09-29 10:43:44+00:00,1.4719038150797132,2.0
2025-09-29 10:43:45+00:00,0.9897256777185248,0.0
2025-09-29 10:43:46+00:00,1.4995601455448195,2.0
2025-09-29 10:43:47+00:00,1.2159981617587619,1.0
2025-09-29 10:43:48+00:00,1.4848679455171805,2.0
2025-09-29 10:43:49+00:00,1.4894591478951043,2.0
2025-09-29 10:43:50+00:00,1.4002273810474435,2.0
2025-09-29 10:43:51+00:00,1.4812433464394417,2.0
2025-09-29 10:43:52+00:00,1.719302388970391,2.0
2025-09-29 10:43:53+00:00,1.2031330404279288,1.0
2025-09-29 10:43:54+00:00,1.3012120927451178,1.0
2025-09-29 10:43:55+00:00,1.1803604776941938,1.0
2025-09-29 10:43:56+00:00,1.5650310059136245,2.0
2025-09-29 10:43:57+00:00,1.9198456401209114,2.0
2025-09-29 10:43:58+00:00,0.6968865491217002,0.0
2025-09-29 10:43:59+00:00,0.9942478370503522,0.0
2025-09-29 10:44:00+00:00,1.560684207797749,2.0
2025-09-29 10:44:01+00:00,1.0947550773416879,0.0
2025-09-29 10:44:02+00:00,0.782065726336441,0.0
2025-09-29 10:44:03+00:00,1.0011507328163134,0.0
2025-09-29 10:44:04+00:00,1.3811323604022618,1.0
2025-09-29 10:44:05+00:00,1.339061431819573,1.0
2025-09-29 10:44:06+00:00,1.7494971518171951,2.0
2025-09-29 10:44:07+00:00,0.9900806875957642,0.0
2025-09-29 10:44:08+00:00,1.0603923464659601,0.0
2025-09-29 10:44:09+00:00,1.2772055054083467,1.0
2025-09-29 10:44:10+00:00,1.3218646783207078,1.0
2025-09-29 10:44:11+00:00,1.6302653337043012,2.0
2025-09-29 10:44:12+00:00,1.0057886980939656,0.0
2025-09-29 10:44:13+00:00,0.8960766518430319,0.0
2025-09-29 10:44:14+00:00,1.2481036015960854,1.0
2025-09-29 10:44:15+00:00,0.9410502968676155,0.0
2025-09-29 10:44:16+00:00,1.3172388274979312,1.0
2025-09-29 10:44:17+00:00,1.268028042410151,1.0
2025-09-29 10:44:18+00:00,1.7097278763685608,2.0
2025-09-29 10:44:19+00:00,1.2432312491582707,1.0
2025-09-29 10:44:20+00:00,1.3500848052935908,1.0
2025-09-29 10:44:21+00:00,1.1542728347558295,1.0
2025-09-29 10:44:22+00:00,1.5270921769406414,2.0
2025-09-29 10:44:23+00:00,1.2803445196332177,1.0
2025-09-29 10:44:24+00:00,1.5448301854921738,2.0
2025-09-29 10:44:25+00:00,1.2498207909957273,1.0
2025-09-29 10:44:26+00:00,1.4318437385954894,2.0
2025-09-29 10:44:27+00:00,1.2922928424814017,1.0
2025-09-29 10:44:28+00:00,1.648517738605733,2.0
2025-09-29 10:44:29+00:00,1.375168004175066,1.0
2025-09-29 10:44:30+00:00,1.36488294917217,1.0
2025-09-29 10:44:31+00:00,1.0452091423067031,0.0
2025-09-29 10:44:32+00:00,1.6777623359375866,2.0
2025-09-29 10:44:33+00:00,1.3428497257700656,1.0
2025-09-29 10:44:34+00:00,1.453681792889256,2.0
2025-09-29 10:44:35+00:00,1.7312178378051613,2.0
2025-09-29 10:44:36+00:00,1.7487236380111426,2.0
2025-09-29 10:44:37+00:00,1.3031721428560559,1.0
2025-09-29 10:44:38+00:00,1.6521966115833493,2.0
2025-09-29 10:44:39+00:00,1.4010894072707742,2.0
2025-09-29 10:44:40+00:00,1.1072284689726075,1.0
2025-09-29 10:44:41+00:00,0.8287392426864244,0.0
2025-09-29 10:44:42+00:00,1.375468264130177,1.0
2025-09-29 10:44:43+00:00,1.9278725709882565,2.0
2025-09-29 10:44:44+00:00,1.3761831274896394,1.0
2025-09-29 10:44:45+00:00,0.9142294516059337,0.0
2025-09-29 10:44:46+00:00,1.3964188518875744,2.0
2025-09-29 10:44:47+00:00,1.457708270419971,2.0
2025-09-29 10:44:48+00:00,1.384974969929317,1.0
2025-09-29 10:44:49+00:00,1.2556498597550672,1.0
2025-09-29 10:44:50+00:00,1.620039696324966,2.0
2025-09-29 10:44:51+00:00,1.4896018331346568,2.0
2025-09-29 10:44:52+00:00,0.6317799863900291,0.0
2025-09-29 10:44:53+00:00,1.4199200300499797,2.0
2025-09-29 10:44:54+00:00,1.1741487084364053,1.0
2025-09-29 10:44:55+00:00,1.583459373388905,2.0
2025-09-29 10:44:56+00:00,0.8906320090172812,0.0
2025-09-29 10:44:57+00:00,1.0640929995424813,0.0
2025-09-29 10:44:58+00:00,1.4193406722770305,2.0
2025-09-29 10:44:59+00:00,1.849767919498845,2.0
2025-09-29 10:45:00+00:00,1.2003451698110439,1.0
2025-09-29 10:45:01+00:00,0.8229486468771938,0.0
2025-09-29 10:45:02+00:00,1.4827703229821054,2.0
2025-09-29 10:45:03+00:00,1.1416400367452297,1.0
2025-09-29 10:45:04+00:00,1.7520522719569271,2.0
2025-09-29 10:45:05+00:00,0.9246145230863476,0.0
2025-09-29 10:45:06+00:00,1.526304300656193,2.0
2025-09-29 10:45:07+00:00,0.9401977212110069,0.0
2025-09-29 10:45:08+00:00,1.3800558395014377,1.0
2025-09-29 10:45:09+00:00,1.1189366307371529,1.0
2025-09-29 10:45:10+00:00,0.8406316019245423,0.0
2025-09-29 10:45:11+00:00,0.9645522830251139,0.0
2025-09-29 10:45:12+00:00,0.7810653198685031,0.0
2025-09-29 10:45:13+00:00,0.7828435347910272,0.0
2025-09-29 10:45:14+00:00,1.1400485114427283,1.0
2025-09-29 10:45:15+00:00,1.9119087973085698,2.0
2025-09-29 10:45:16+00:00,1.3850225080532255,1.0
2025-09-29 10:45:17+00:00,0.9804959285684163,0.0
2025-09-29 10:45:18+00:00,0.807983206177596,0.0
2025-09-29 10:45:19+00:00,0.8869710629223846,0.0
2025-09-29 10:45:20+00:00,0.894476528163068,0.0
2025-09-29 10:45:21+00:00,1.4885227816412225,2.0
2025-09-29 10:45:22+00:00,0.8275232193991542,0.0
2025-09-29 10:45:23+00:00,0.8615463026508223,0.0
2025-09-29 10:45:24+00:00,1.089981678785989,0.0
2025-09-29 10:45:25+00:00,1.0406505529244896,0.0
2025-09-29 10:45:26+00:00,1.36254263567389,1.0
2025-09-29 10:45:27+00:00,0.9162660095462343,0.0
2025-09-29 10:45:28+00:00,1.5789216598059284,2.0
2025-09-29 10:45:29+00:00,1.5306062611198286,2.0
2025-09-29 10:45:30+00:00,1.257421089525451,1.0
2025-09-29 10:45:31+00:00,1.3443388481100556,1.0
2025-09-29 10:45:32+00:00,1.5625812533689896,2.0
2025-09-29 10:45:33+00:00,1.4121955651207827,2.0
2025-09-29 10:45:34+00:00,1.0755893091845792,0.0
2025-09-29 10:45:35+00:00,0.7587166835437529,0.0
2025-09-29 10:45:36+00:00,1.4895185198402032,2.0
2025-09-29 10:45:37+00:00,1.4352652357920306,2.0
2025-09-29 10:45:38+00:00,1.204570547924959,1.0
2025-09-29 10:45:39+00:00,1.307047075664741,1.0
2025-09-29 10:45:40+00:00,1.1730908217723481,1.0
2025-09-29 10:45:41+00:00,0.842520261532627,0.0
2025-09-29 10:45:42+00:00,1.6111491000337992,2.0
2025-09-29 10:45:43+00:00,0.8845904584886739,0.0
2025-09-29 10:45:44+00:00,0.8463277282280615,0.0
2025-09-29 10:45:45+00:00,1.2496710519044427,1.0
2025-09-29 10:45:46+00:00,0.9741269415098941,0.0
2025-09-29 10:45:47+00:00,0.9706779873813502,0.0
2025-09-29 10:45:48+00:00,1.3033179030753672,1.0
2025-09-29 10:45:49+00:00,1.1253009514912264,1.0
2025-09-29 10:45:50+00:00,1.7134168971097097,2.0
2025-09-29 10:45:51+00:00,1.619344028935302,2.0
2025-09-29 10:45:52+00:00,1.5603294792963425,2.0
2025-09-29 10:45:53+00:00,1.0603862643765751,0.0
2025-09-29 10:45:54+00:00,1.3237234075786546,1.0
2025-09-29 10:45:55+00:00,1.538448011429864,2.0
2025-09-29 10:45:56+00:00,1.077849249180872,0.0
2025-09-29 10:45:57+00:00,1.8189565259672236,2.0
2025-09-29 10:45:58+00:00,1.2124353775870986,1.0
2025-09-29 10:45:59+00:00,0.8696372613194399,0.0
2025-09-29 10:46:00+00:00,1.2580364127788926,1.0
2025-09-29 10:46:01+00:00,1.1773912492208183,1.0
2025-09-29 10:46:02+00:00,1.0679724709771108,0.0
2025-09-29 10:46:03+00:00,1.4956115354580106,2.0
2025-09-29 10:46:04+00:00,1.2740316714771325,1.0
2025-09-29 10:46:05+00:00,1.6680069679423468,2.0
2025-09-29 10:46:06+00:00,1.296633477351861,1.0
2025-09-29 10:46:07+00:00,1.3446330934093567,1.0
2025-09-29 10:46:08+00:00,1.0534053299052175,0.0
2025-09-29 10:46:09+00:00,1.5986210270493757,2.0
2025-09-29 10:46:10+00:00,1.624637732093106,2.0
2025-09-29 10:46:11+00:00,1.6514055372099392,2.0
2025-09-29 10:46:12+00:00,1.5795098675152985,2.0
2025-09-29 10:46:13+00:00,1.055259030268644,0.0
2025-09-29 10:46:14+00:00,1.6204795179655775,2.0
2025-09-29 10:46:15+00:00,0.7109939422371099,0.0
2025-09-29 10:46:16+00:00,1.299568198621273,1.0
2025-09-29 10:46:17+00:00,1.7110304916132009,2.0
2025-09-29 10:46:18+00:00,1.3592377695458708,1.0
2025-09-29 10:46:19+00:00,1.275508764825645,1.0
2025-09-29 10:46:20+00:00,1.4982405831688084,2.0
2025-09-29 10:46:21+00:00,1.3434492011147086,1.0
2025-09-29 10:46:22+00:00,1.7538975014176685,2.0
2025-09-29 10:46:23+00:00,1.0324274929007515,0.0
2025-09-29 10:46:24+00:00,1.4980529687309172,2.0
2025-09-29 10:46:25+00:00,1.4126095132814953,2.0
2025-09-29 10:46:26+00:00,1.0814729560079286,0.0
2025-09-29 10:46:27+00:00,1.6848152248130646,2.0
2025-09-29 10:46:28+00:00,1.3680358887067996,1.0
2025-09-29 10:46:29+00:00,1.1832145831431262,1.0
2025-09-29 10:46:30+00:00,1.4378824985469691,2.0
2025-09-29 10:46:31+00:00,1.0752830287674442,0.0
2025-09-29 10:46:32+00:00,1.177155614903313,1.0
2025-09-29 10:46:33+00:00,1.6257987675780896,2.0
2025-09-29 10:46:34+00:00,1.092227534740232,0.0
2025-09-29 10:46:35+00:00,1.0435807359754108,0.0
2025-09-29 10:46:36+00:00,0.7715065660740947,0.0
2025-09-29 10:46:37+00:00,0.869938018193352,0.0
2025-09-29 10:46:38+00:00,1.803354243733338,2.0
2025-09-29 10:46:39+00:00,1.510035155544756,2.0
2025-09-29 10:46:40+00:00,0.6909266186848981,0.0
2025-09-29 10:46:41+00:00,1.079070495077758,0.0
2025-09-29 10:46:42+00:00,1.0493752749753185,0.0
2025-09-29 10:46:43+00:00,1.619999074653606,2.0
2025-09-29 10:46:44+00:00,1.0479401247721398,0.0
2025-09-29 10:46:45+00:00,1.1973170983983437,1.0
2025-09-29 10:46:46+00:00,1.2881361074832967,1.0
2025-09-29 10:46:47+00:00,0.9261856557131978,0.0
2025-09-29 10:46:48+00:00,0.9924149280850543,0.0
2025-09-29 10:46:49+00:00,0.5865302699385211,0.0
2025-09-29 10:46:50+00:00,1.7821879158582306,2.0
2025-09-29 10:46:51+00:00,0.8839475227287039,0.0
2025-09-29 10:46:52+00:00,1.1742129571794067,1.0
2025-09-29 10:46:53+00:00,1.7366489742998965,2.0
2025-09-29 10:46:54+00:00,1.3630419821420219,1.0
2025-09-29 10:46:55+00:00,1.160663894173922,1.0
2025-09-29 10:46:56+00:00,1.3322171725449152,1.0
2025-09-29 10:46:57+00:00,0.961754812306026,0.0
2025-09-29 10:46:58+00:00,0.7571016000583768,0.0
2025-09-29 10:46:59+00:00,0.8979327799461316,0.0
2025-09-29 10:47:00+00:00,1.4365685694938293,2.0
2025-09-29 10:47:01+00:00,1.6798331613244954,2.0
2025-09-29 10:47:02+00:00,1.4747165233711712,2.0
2025-09-29 10:47:03+00:00,0.8440652540739393,0.0
2025-09-29 10:47:04+00:00,1.353870377104613,1.0
2025-09-29 10:47:05+00:00,0.9858139824209502,0.0
2025-09-29 10:47:06+00:00,1.5966026464739116,2.0
2025-09-29 10:47:07+00:00,1.499315367647796,2.0
2025-09-29 10:47:08+00:00,1.2659082102472894,1.0
2025-09-29 10:47:09+00:00,0.7278694257547613,0.0
2025-09-29 10:47:10+00:00,1.421007941942662,2.0
2025-09-29 10:47:11+00:00,1.4843354715412715,2.0
2025-09-29 10:47:12+00:00,1.642187848163303,2.0
2025-09-29 10:47:13+00:00,1.0984350110957166,0.0
2025-09-29 10:47:14+00:00,0.916346036712639,0.0
2025-09-29 10:47:15+00:00,1.5209475578303682,2.0
2025-09-29 10:47:16+00:00,1.5415714908012887,2.0
2025-09-29 10:47:17+00:00,1.632498602150008,2.0
2025-09-29 10:47:18+00:00,1.3992705478303833,2.0
2025-09-29 10:47:19+00:00,1.316429220372811,1.0
2025-09-29 10:47:20+00:00,1.6104102864483139,2.0
2025-09-29 10:47:21+00:00,0.9854736975976266,0.0
2025-09-29 10:47:22+00:00,1.1171254109503934,1.0
2025-09-29 10:47:23+00:00,1.5145682302973,2.0
2025-09-29 10:47:24+00:00,1.4547952716675354,2.0
2025-09-29 10:47:25+00:00,0.7913910175993806,0.0
2025-09-29 10:47:26+00:00,1.159797939020791,1.0
2025-09-29 10:47:27+00:00,0.738653893567971,0.0
2025-09-29 10:47:28+00:00,1.2741919287946075,1.0
2025-09-29 10:47:29+00:00,1.2494845170003828,1.0
2025-09-29 10:47:30+00:00,0.9602922125777695,0.0
2025-09-29 10:47:31+00:00,1.1619367813545978,1.0
2025-09-29 10:47:32+00:00,1.3976742273225682,2.0
2025-09-29 10:47:33+00:00,0.8817625810042955,0.0
2025-09-29 10:47:34+00:00,1.079544548614649,0.0
2025-09-29 10:47:35+00:00,1.2660364950424992,1.0
2025-09-29 10:47:36+00:00,1.233899088940234,1.0
2025-09-29 10:47:37+00:00,0.7853012468403904,0.0
2025-09-29 10:47:38+00:00,0.9970105630345643,0.0
2025-09-29 10:47:39+00:00,1.3162852312234463,1.0
2025-09-29 10:47:40+00:00,1.2720561574678868,1.0
2025-09-29 10:47:41+00:00,1.60760079609463,2.0
2025-09-29 10:47:42+00:00,0.854123773126048,0.0
2025-09-29 10:47:43+00:00,0.9943963421828812,0.0
2025-09-29 10:47:44+00:00,1.3605113283992978,1.0
2025-09-29 10:47:45+00:00,0.7054234046518104,0.0
2025-09-29 10:47:46+00:00,1.0830068945506355,0.0
2025-09-29 10:47:47+00:00,1.817259159841342,2.0
2025-09-29 10:47:48+00:00,1.1499614779022522,1.0
2025-09-29 10:47:49+00:00,1.1005001864396036,0.0
2025-09-29 10:47:50+00:00,0.8381389747810317,0.0
2025-09-29 10:47:51+00:00,1.4607399886008352,2.0
2025-09-29 10:47:52+00:00,1.3221982525865315,1.0
2025-09-29 10:47:53+00:00,0.7127927768742666,0.0
2025-09-29 10:47:54+00:00,1.3123087491112528,1.0
2025-09-29 10:47:55+00:00,1.787760914012324,2.0
2025-09-29 10:47:56+00:00,1.2042564392031636,1.0
2025-09-29 10:47:57+00:00,1.3225270031107357,1.0
2025-09-29 10:47:58+00:00,1.230606734083267,1.0
2025-09-29 10:47:59+00:00,1.941665579128312,2.0
2025-09-29 10:48:00+00:00,1.593263773160288,2.0
2025-09-29 10:48:01+00:00,1.5342173677199753,2.0
2025-09-29 10:48:02+00:00,1.1278659152594628,1.0
2025-09-29 10:48:03+00:00,1.43185189543874,2.0
2025-09-29 10:48:04+00:00,1.7297190841200063,2.0
2025-09-29 10:48:05+00:00,0.708455688378308,0.0
2025-09-29 10:48:06+00:00,0.9797153161343886,0.0
2025-09-29 10:48:07+00:00,1.7042403541418025,2.0
2025-09-29 10:48:08+00:00,1.1384929471387295,1.0
2025-09-29 10:48:09+00:00,0.9907038702076534,0.0
2025-09-29 10:48:10+00:00,1.2886141689086799,1.0
2025-09-29 10:48:11+00:00,1.4197401372948661,2.0
2025-09-29 10:48:12+00:00,1.4194708380819065,2.0
2025-09-29 10:48:13+00:00,1.2602067432453623,1.0
2025-09-29 10:48:14+00:00,1.1185569637455046,1.0
2025-09-29 10:48:15+00:00,1.2871712734631728,1.0
2025-09-29 10:48:16+00:00,0.9763794964528643,0.0
2025-09-29 10:48:17+00:00,0.7031991715484764,0.0
2025-09-29 10:48:18+00:00,1.2692837150243577,1.0
2025-09-29 10:48:19+00:00,0.8150814255641308,0.0
2025-09-29 10:48:20+00:00,1.123198656103341,1.0
2025-09-29 10:48:21+00:00,1.5219028136343695,2.0
2025-09-29 10:48:22+00:00,0.8207481927383924,0.0
2025-09-29 10:48:23+00:00,1.832247905782424,2.0
2025-09-29 10:48:24+00:00,1.6252824280236382,2.0
2025-09-29 10:48:25+00:00,1.303788279008586,1.0
2025-09-29 10:48:26+00:00,0.9456843238294823,0.0
2025-09-29 10:48:27+00:00,0.8740420709509635,0.0
2025-09-29 10:48:28+00:00,1.3251525221858174,1.0
2025-09-29 10:48:29+00:00,1.7261811860953458,2.0
2025-09-29 10:48:30+00:00,1.0148249556223163,0.0
2025-09-29 10:48:31+00:00,1.2591537412226899,1.0
2025-09-29 10:48:32+00:00,0.7402665433473885,0.0
2025-09-29 10:48:33+00:00,0.8087127217586385,0.0
2025-09-29 10:48:34+00:00,1.1698492593568517,1.0
2025-09-29 10:48:35+00:00,0.8861414322600467,0.0
2025-09-29 10:48:36+00:00,1.1402126498724101,1.0
2025-09-29 10:48:37+00:00,1.1893235637253383,1.0
2025-09-29 10:48:38+00:00,1.0818202774826204,0.0
2025-09-29 10:48:39+00:00,0.6896529603836825,0.0
2025-09-29 10:48:40+00:00,1.0782297348050633,0.0
2025-09-29 10:48:41+00:00,1.2714862842549337,1.0
2025-09-29 10:48:42+00:00,1.2823901357478462,1.0
2025-09-29 10:48:43+00:00,1.438761147452169,2.0
2025-09-29 10:48:44+00:00,1.248466893506702,1.0
2025-09-29 10:48:45+00:00,1.1350630579108838,1.0
2025-09-29 10:48:46+00:00,1.1079884355567629,1.0
2025-09-29 10:48:47+00:00,0.9110931676987093,0.0
2025-09-29 10:48:48+00:00,1.5581130181381013,2.0
2025-09-29 10:48:49+00:00,0.8738568951084744,0.0
2025-09-29 10:48:50+00:00,1.7683750731375767,2.0
2025-09-29 10:48:51+00:00,0.9833798117761035,0.0
2025-09-29 10:48:52+00:00,0.9334304465446621,0.0
2025-09-29 10:48:53+00:00,1.3850631580280606,1.0
2025-09-29 10:48:54+00:00,0.6197084624873241,0.0
2025-09-29 10:48:55+00:00,1.1872575328598032,1.0
2025-09-29 10:48:56+00:00,1.7212786332092946,2.0
2025-09-29 10:48:57+00:00,0.9223856302996865,0.0
2025-09-29 10:48:58+00:00,1.6454622035525972,2.0
2025-09-29 10:48:59+00:00,1.3853376919432776,1.0
2025-09-29 10:49:00+00:00,0.9221103860036237,0.0
2025-09-29 10:49:01+00:00,1.178446494275704,1.0
2025-09-29 10:49:02+00:00,0.9616455935465638,0.0
2025-09-29 10:49:03+00:00,1.2847186568687903,1.0
2025-09-29 10:49:04+00:00,1.098552186638699,0.0
2025-09-29 10:49:05+00:00,1.3446203593630344,1.0
2025-09-29 10:49:06+00:00,0.9749069524259539,0.0
2025-09-29 10:49:07+00:00,1.5988238693826133,2.0
2025-09-29 10:49:08+00:00,1.9569037731998833,2.0
2025-09-29 10:49:09+00:00,1.3763724370946875,1.0
2025-09-29 10:49:10+00:00,1.1444073968596058,1.0
2025-09-29 10:49:11+00:00,0.7940635496051982,0.0
2025-09-29 10:49:12+00:00,0.799891108283191,0.0
2025-09-29 10:49:13+00:00,1.1822026938898489,1.0
2025-09-29 10:49:14+00:00,1.6025606273906305,2.0
2025-09-29 10:49:15+00:00,1.0745369876240147,0.0
2025-09-29 10:49:16+00:00,0.8597296451189322,0.0
2025-09-29 10:49:17+00:00,1.1095746209321078,1.0
2025-09-29 10:49:18+00:00,1.6715906877507223,2.0
2025-09-29 10:49:19+00:00,1.386230430129217,1.0
2025-09-29 10:49:20+00:00,1.5293677738955012,2.0
2025-09-29 10:49:21+00:00,1.0378705464099767,0.0
2025-09-29 10:49:22+00:00,1.3337278122635325,1.0
2025-09-29 10:49:23+00:00,1.26951066107722,1.0
2025-09-29 10:49:24+00:00,1.1214114799367962,1.0
2025-09-29 10:49:25+00:00,1.6217665102594765,2.0
2025-09-29 10:49:26+00:00,1.2303867157606874,1.0
2025-09-29 10:49:27+00:00,1.5989960113802226,2.0
2025-09-29 10:49:28+00:00,1.626803156832466,2.0
2025-09-29 10:49:29+00:00,1.450512216455536,2.0
2025-09-29 10:49:30+00:00,1.6631002617650665,2.0
2025-09-29 10:49:31+00:00,1.4036805181967793,2.0
2025-09-29 10:49:32+00:00,1.2287949139717966,1.0
2025-09-29 10:49:33+00:00,1.712487546275952,2.0
2025-09-29 10:49:34+00:00,1.5839440145355184,2.0
2025-09-29 10:49:35+00:00,0.9445290618605213,0.0
2025-09-29 10:49:36+00:00,1.1112459150754148,1.0
2025-09-29 10:49:37+00:00,0.9565743507700972,0.0
2025-09-29 10:49:38+00:00,1.2247190828202292,1.0
2025-09-29 10:49:39+00:00,1.249782960905577,1.0
2025-09-29 10:49:40+00:00,1.301623195191496,1.0
2025-09-29 10:49:41+00:00,1.451430916087702,2.0
2025-09-29 10:49:42+00:00,1.4169513413798995,2.0
2025-09-29 10:49:43+00:00,1.334099364859867,1.0
2025-09-29 10:49:44+00:00,1.2434382790670497,1.0
2025-09-29 10:49:45+00:00,1.3324840331624728,1.0
2025-09-29 10:49:46+00:00,1.117331229703268,1.0
2025-09-29 10:49:47+00:00,1.4958269450435182,2.0
2025-09-29 10:49:48+00:00,1.6003403946087928,2.0
2025-09-29 10:49:49+00:00,1.5684071616560686,2.0
2025-09-29 10:49:50+00:00,1.4362094054667978,2.0
2025-09-29 10:49:51+00:00,1.3949016717087943,2.0
2025-09-29 10:49:52+00:00,1.2910399168904405,1.0
2025-09-29 10:49:53+00:00,1.3600730983016547,1.0
2025-09-29 10:49:54+00:00,1.3905727633973584,2.0
2025-09-29 10:49:55+00:00,1.088613252271898,0.0
2025-09-29 10:49:56+00:00,1.317248441875563,1.0
2025-09-29 10:49:57+00:00,1.338262977267732,1.0
2025-09-29 10:49:58+00:00,1.1809767073136754,1.0
2025-09-29 10:49:59+00:00,1.0773333221732173,0.0
2025-09-29 10:50:00+00:00,1.2254015569051262,1.0
2025-09-29 10:50:01+00:00,1.1811728134925943,1.0
2025-09-29 10:50:02+00:00,1.5511539357103175,2.0
2025-09-29 10:50:03+00:00,1.1976293795160018,1.0
2025-09-29 10:50:04+00:00,0.7791709815937793,0.0
2025-09-29 10:50:05+00:00,1.1321130117721623,1.0
2025-09-29 10:50:06+00:00,1.0486348144331714,0.0
2025-09-29 10:50:07+00:00,1.270871991480817,1.0
2025-09-29 10:50:08+00:00,1.8121681819175137,2.0
2025-09-29 10:50:09+00:00,0.6746057894924888,0.0
2025-09-29 10:50:10+00:00,1.5182223320298363,2.0
2025-09-29 10:50:11+00:00,1.517735532586812,2.0
2025-09-29 10:50:12+00:00,1.0915123236336512,0.0
2025-09-29 10:50:13+00:00,1.1510217360482784,1.0
2025-09-29 10:50:14+00:00,1.1395332943066023,1.0
2025-09-29 10:50:15+00:00,1.0319981292414013,0.0
2025-09-29 10:50:16+00:00,1.1162323860771721,1.0
2025-09-29 10:50:17+00:00,1.3284385922015645,1.0
2025-09-29 10:50:18+00:00,0.9875518979970366,0.0
2025-09-29 10:50:19+00:00,1.8935282173042651,2.0
2025-09-29 10:50:20+00:00,1.031961111453711,0.0
2025-09-29 10:50:21+00:00,1.3850430647435132,1.0
2025-09-29 10:50:22+00:00,1.3971136068139458,2.0
2025-09-29 10:50:23+00:00,1.1271849779295735,1.0
2025-09-29 10:50:24+00:00,1.146354381198762,1.0
2025-09-29 10:50:25+00:00,1.1037015231850091,1.0
2025-09-29 10:50:26+00:00,1.414453064528061,2.0
2025-09-29 10:50:27+00:00,1.0996284549328266,0.0
2025-09-29 10:50:28+00:00,1.2026534405886196,1.0
2025-09-29 10:50:29+00:00,1.5459090740478132,2.0
2025-09-29 10:50:30+00:00,1.2072745969489915,1.0
2025-09-29 10:50:31+00:00,1.6332007890741806,2.0
2025-09-29 10:50:32+00:00,1.5313988305570092,2.0
2025-09-29 10:50:33+00:00,1.4837624076753855,2.0
2025-09-29 10:50:34+00:00,1.285476016550092,1.0
2025-09-29 10:50:35+00:00,1.108726303165895,1.0
2025-09-29 10:50:36+00:00,1.4866221752745332,2.0
2025-09-29 10:50:37+00:00,1.6785147829650668,2.0
2025-09-29 10:50:38+00:00,1.2739582139474805,1.0
2025-09-29 10:50:39+00:00,1.077991141108214,0.0
2025-09-29 10:50:40+00:00,0.9722046443639556,0.0
2025-09-29 10:50:41+00:00,0.9482152247364866,0.0
2025-09-29 10:50:42+00:00,0.9966077836288605,0.0
2025-09-29 10:50:43+00:00,1.8130460326210596,2.0
2025-09-29 10:50:44+00:00,1.0554181425686693,0.0
2025-09-29 10:50:45+00:00,0.9969531536626164,0.0
2025-09-29 10:50:46+00:00,1.1153374558925861,1.0
2025-09-29 10:50:47+00:00,1.2587495184125146,1.0
2025-09-29 10:50:48+00:00,1.2740364522032905,1.0
2025-09-29 10:50:49+00:00,1.5015172098501353,2.0
2025-09-29 10:50:50+00:00,1.2320051454735221,1.0
2025-09-29 10:50:51+00:00,1.2489035884209443,1.0
2025-09-29 10:50:52+00:00,0.8081763263762696,0.0
2025-09-29 10:50:53+00:00,1.579153231345117,2.0
2025-09-29 10:50:54+00:00,0.9788882816646947,0.0
2025-09-29 10:50:55+00:00,1.1267547756579006,1.0
2025-09-29 10:50:56+00:00,0.6541026243939996,0.0
2025-09-29 10:50:57+00:00,0.95898745355953,0.0
2025-09-29 10:50:58+00:00,1.0833692166343099,0.0
2025-09-29 10:50:59+00:00,1.5620330384990666,2.0
2025-09-29 10:51:00+00:00,1.3086143502878258,1.0
2025-09-29 10:51:01+00:00,1.5176097388466587,2.0
2025-09-29 10:51:02+00:00,1.311521108596935,1.0
2025-09-29 10:51:03+00:00,1.7051980979449581,2.0
2025-09-29 10:51:04+00:00,1.1045537039317423,1.0
2025-09-29 10:51:05+00:00,0.6665031279844698,0.0
2025-09-29 10:51:06+00:00,1.631158431962831,2.0
2025-09-29 10:51:07+00:00,0.8351698073820444,0.0
2025-09-29 10:51:08+00:00,0.8361127960670274,0.0
2025-09-29 10:51:09+00:00,1.0295776197745,0.0
2025-09-29 10:51:10+00:00,1.2927286446501967,1.0
2025-09-29 10:51:11+00:00,1.3348126187338494,1.0
2025-09-29 10:51:12+00:00,1.2978520356991794,1.0
2025-09-29 10:51:13+00:00,1.1685941159230424,1.0
2025-09-29 10:51:14+00:00,1.1306477908947272,1.0
2025-09-29 10:51:15+00:00,1.612334267629194,2.0
2025-09-29 10:51:16+00:00,1.6771262164693326,2.0
2025-09-29 10:51:17+00:00,1.3582347868214129,1.0
2025-09-29 10:51:18+00:00,0.5849951803247677,0.0
2025-09-29 10:51:19+00:00,1.1982071048551006,1.0
2025-09-29 10:51:20+00:00,0.7694975342601538,0.0
2025-09-29 10:51:21+00:00,1.0783602975134272,0.0
2025-09-29 10:51:22+00:00,1.6070619894308038,2.0
2025-09-29 10:51:23+00:00,1.2932580655324273,1.0
2025-09-29 10:51:24+00:00,1.7832157212105813,2.0
2025-09-29 10:51:25+00:00,1.0135488229279872,0.0
2025-09-29 10:51:26+00:00,0.9624772774550365,0.0
2025-09-29 10:51:27+00:00,1.1194072486105142,1.0
2025-09-29 10:51:28+00:00,1.437814649179927,2.0
2025-09-29 10:51:29+00:00,1.7433397344284458,2.0
2025-09-29 10:51:30+00:00,0.8345720974321011,0.0
2025-09-29 10:51:31+00:00,1.6703724965336733,2.0
2025-09-29 10:51:32+00:00,1.0866177572315792,0.0
2025-09-29 10:51:33+00:00,1.0143973713275045,0.0
2025-09-29 10:51:34+00:00,1.1399375328037422,1.0
2025-09-29 10:51:35+00:00,1.0817338462074986,0.0
2025-09-29 10:51:36+00:00,1.0352279409416951,0.0
2025-09-29 10:51:37+00:00,1.025588194403099,0.0
2025-09-29 10:51:38+00:00,1.3963339209876722,2.0
2025-09-29 10:51:39+00:00,1.551878132755519,2.0
2025-09-29 10:51:40+00:00,1.2885001524555264,1.0
2025-09-29 10:51:41+00:00,1.5291399059497053,2.0
2025-09-29 10:51:42+00:00,1.282480414272868,1.0
2025-09-29 10:51:43+00:00,0.8215693828533404,0.0
2025-09-29 10:51:44+00:00,1.0161143430304946,0.0
2025-09-29 10:51:45+00:00,0.8525592362129828,0.0
2025-09-29 10:51:46+00:00,1.39891196055396,2.0
2025-09-29 10:51:47+00:00,1.6662822461366886,2.0
2025-09-29 10:51:48+00:00,1.2509674836037448,1.0
2025-09-29 10:51:49+00:00,0.739593050791882,0.0
2025-09-29 10:51:50+00:00,1.2103306244389387,1.0
2025-09-29 10:51:51+00:00,1.4261909613851458,2.0
2025-09-29 10:51:52+00:00,1.3539340900897514,1.0
2025-09-29 10:51:53+00:00,1.1416863795166137,1.0
2025-09-29 10:51:54+00:00,1.2294458242831752,1.0
2025-09-29 10:51:55+00:00,1.019780509202974,0.0
2025-09-29 10:51:56+00:00,1.861247022607131,2.0
2025-09-29 10:51:57+00:00,0.8884239459730452,0.0
2025-09-29 10:51:58+00:00,0.910049670987064,0.0
2025-09-29 10:51:59+00:00,0.9086256245500408,0.0
2025-09-29 10:52:00+00:00,1.3966427801642567,2.0
2025-09-29 10:52:01+00:00,0.9010086544731166,0.0
2025-09-29 10:52:02+00:00,0.970157867850503,0.0
2025-09-29 10:52:03+00:00,1.5390516341285547,2.0
2025-09-29 10:52:04+00:00,1.0479107462451793,0.0
2025-09-29 10:52:05+00:00,1.3684286923817126,1.0
2025-09-29 10:52:06+00:00,0.8602469986508368,0.0
2025-09-29 10:52:07+00:00,0.9030984107230324,0.0
2025-09-29 10:52:08+00:00,1.369801853215904,1.0
2025-09-29 10:52:09+00:00,1.3135811151587404,1.0
2025-09-29 10:52:10+00:00,1.2786855106242,1.0
2025-09-29 10:52:11+00:00,1.0844395754102152,0.0
2025-09-29 10:52:12+00:00,0.9528556365112308,0.0
2025-09-29 10:52:13+00:00,1.3249202263832558,1.0
2025-09-29 10:52:14+00:00,1.6456033729627961,2.0
2025-09-29 10:52:15+00:00,1.7673306408396456,2.0
2025-09-29 10:52:16+00:00,1.554461822131998,2.0
2025-09-29 10:52:17+00:00,0.7993125158245675,0.0
2025-09-29 10:52:18+00:00,1.1041900446580257,1.0
2025-09-29 10:52:19+00:00,1.2504430164553924,1.0
2025-09-29 10:52:20+00:00,1.1872809041960863,1.0
2025-09-29 10:52:21+00:00,0.9296438548481092,0.0
2025-09-29 10:52:22+00:00,1.508762985075009,2.0
2025-09-29 10:52:23+00:00,0.649548288754886,0.0
2025-09-29 10:52:24+00:00,1.7312659445451573,2.0
2025-09-29 10:52:25+00:00,1.5146724566293415,2.0
2025-09-29 10:52:26+00:00,0.6466658722638385,0.0
2025-09-29 10:52:27+00:00,1.1480526811210439,1.0
2025-09-29 10:52:28+00:00,1.4015376610332169,2.0
2025-09-29 10:52:29+00:00,1.5168417911336292,2.0
2025-09-29 10:52:30+00:00,1.509496992759523,2.0
2025-09-29 10:52:31+00:00,1.3501352983876131,1.0
2025-09-29 10:52:32+00:00,1.2003756191843422,1.0
2025-09-29 10:52:33+00:00,1.2541561255638953,1.0
2025-09-29 10:52:34+00:00,1.353792034467915,1.0
2025-09-29 10:52:35+00:00,1.8135987211426254,2.0
2025-09-29 10:52:36+00:00,1.3428694468020694,1.0
2025-09-29 10:52:37+00:00,1.3362955988559406,1.0
2025-09-29 10:52:38+00:00,1.0174412553897128,0.0
2025-09-29 10:52:39+00:00,0.9521803571697092,0.0
2025-09-29 10:52:40+00:00,1.1373185605334584,1.0
2025-09-29 10:52:41+00:00,0.9094183185661677,0.0
2025-09-29 10:52:42+00:00,1.2997259416879388,1.0
2025-09-29 10:52:43+00:00,0.6834469207242364,0.0
2025-09-29 10:52:44+00:00,1.09812485348084,0.0
2025-09-29 10:52:45+00:00,1.1943819642619928,1.0
2025-09-29 10:52:46+00:00,1.4060987470147666,2.0
2025-09-29 10:52:47+00:00,1.4861963336297777,2.0
2025-09-29 10:52:48+00:00,1.6490047476545442,2.0
2025-09-29 10:52:49+00:00,1.7411525038914988,2.0
2025-09-29 10:52:50+00:00,1.2545185953640612,1.0
2025-09-29 10:52:51+00:00,1.336225994353299,1.0
2025-09-29 10:52:52+00:00,0.8349770019412972,0.0
2025-09-29 10:52:53+00:00,1.6310601036529988,2.0
2025-09-29 10:52:54+00:00,0.969697517430177,0.0
2025-09-29 10:52:55+00:00,1.018667586191441,0.0
2025-09-29 10:52:56+00:00,1.2352852060867008,1.0
2025-09-29 10:52:57+00:00,1.6201099182799226,2.0
2025-09-29 10:52:58+00:00,1.4067680317821214,2.0
2025-09-29 10:52:59+00:00,1.0182219349662773,0.0
2025-09-29 10:53:00+00:00,1.418696968947188,2.0
2025-09-29 10:53:01+00:00,1.3107446753274417,1.0
2025-09-29 10:53:02+00:00,0.8822187776386272,0.0
2025-09-29 10:53:03+00:00,0.6737205788231222,0.0
2025-09-29 10:53:04+00:00,1.4846904137957608,2.0
2025-09-29 10:53:05+00:00,1.2117868363275193,1.0
2025-09-29 10:53:06+00:00,1.1318182879622327,1.0
2025-09-29 10:53:07+00:00,1.383667413261719,1.0
2025-09-29 10:53:08+00:00,1.2975946274382295,1.0
2025-09-29 10:53:09+00:00,1.4623608833790058,2.0
2025-09-29 10:53:10+00:00,1.466609397364664,2.0
2025-09-29 10:53:11+00:00,0.9621649274631636,0.0
2025-09-29 10:53:12+00:00,1.354997079630266,1.0
2025-09-29 10:53:13+00:00,0.9208067897998262,0.0
2025-09-29 10:53:14+00:00,1.557777516907663,2.0
2025-09-29 10:53:15+00:00,0.8272725696733687,0.0
2025-09-29 10:53:16+00:00,1.8089612629264593,2.0
2025-09-29 10:53:17+00:00,0.9520845924271271,0.0
2025-09-29 10:53:18+00:00,0.780964484118158,0.0
2025-09-29 10:53:19+00:00,0.9132033966452582,0.0
2025-09-29 10:53:20+00:00,1.6485584946349263,2.0
2025-09-29 10:53:21+00:00,1.5258271781203803,2.0
2025-09-29 10:53:22+00:00,1.433438550302526,2.0
2025-09-29 10:53:23+00:00,1.4525548865058227,2.0
2025-09-29 10:53:24+00:00,1.4170253916527145,2.0
2025-09-29 10:53:25+00:00,1.0936401765502524,0.0
2025-09-29 10:53:26+00:00,1.0466486199147766,0.0
2025-09-29 10:53:27+00:00,1.2263022869447013,1.0
2025-09-29 10:53:28+00:00,1.0907527984236367,0.0
2025-09-29 10:53:29+00:00,1.418799279781524,2.0
2025-09-29 10:53:30+00:00,1.491117148732883,2.0
2025-09-29 10:53:31+00:00,0.9925135665980633,0.0
2025-09-29 10:53:32+00:00,1.787797804994625,2.0
2025-09-29 10:53:33+00:00,1.6892249280645046,2.0
2025-09-29 10:53:34+00:00,1.2440751599497162,1.0
2025-09-29 10:53:35+00:00,1.5002600811276352,2.0
2025-09-29 10:53:36+00:00,1.6568512399535393,2.0
2025-09-29 10:53:37+00:00,0.8956466116360389,0.0
2025-09-29 10:53:38+00:00,0.9514576873916667,0.0
2025-09-29 10:53:39+00:00,0.9798817857226823,0.0
2025-09-29 10:53:40+00:00,1.0928727658465505,0.0
2025-09-29 10:53:41+00:00,0.7613205931556877,0.0
2025-09-29 10:53:42+00:00,0.8915584120259155,0.0
2025-09-29 10:53:43+00:00,1.6959623963193735,2.0
2025-09-29 10:53:44+00:00,1.2897389712452423,1.0
2025-09-29 10:53:45+00:00,0.7995824492682004,0.0
2025-09-29 10:53:46+00:00,1.0427743770269444,0.0
2025-09-29 10:53:47+00:00,0.9443576726189349,0.0
2025-09-29 10:53:48+00:00,1.5132110903505236,2.0
2025-09-29 10:53:49+00:00,1.3820147258084035,1.0
2025-09-29 10:53:50+00:00,1.120759991070372,1.0
2025-09-29 10:53:51+00:00,1.622401056898525,2.0
2025-09-29 10:53:52+00:00,1.3263127713144058,1.0
2025-09-29 10:53:53+00:00,1.368326299052569,1.0
2025-09-29 10:53:54+00:00,1.4068176522705471,2.0
2025-09-29 10:53:55+00:00,1.2387873623229098,1.0
2025-09-29 10:53:56+00:00,1.4237533748237183,2.0
2025-09-29 10:53:57+00:00,1.335337974014692,1.0
2025-09-29 10:53:58+00:00,1.3575439461274073,1.0
2025-09-29 10:53:59+00:00,1.2561513460386777,1.0
2025-09-29 10:54:00+00:00,0.932701578567503,0.0
2025-09-29 10:54:01+00:00,1.261446763004642,1.0
2025-09-29 10:54:02+00:00,1.3678289354720619,1.0
2025-09-29 10:54:03+00:00,1.4746196598716779,2.0
2025-09-29 10:54:04+00:00,1.4080492291977862,2.0
2025-09-29 10:54:05+00:00,0.7084696503879968,0.0
2025-09-29 10:54:06+00:00,0.7819100796623388,0.0
2025-09-29 10:54:07+00:00,1.1350747068499913,1.0
2025-09-29 10:54:08+00:00,1.4026742644637125,2.0
2025-09-29 10:54:09+00:00,1.7170255839882884,2.0
2025-09-29 10:54:10+00:00,1.1290936910081655,1.0
2025-09-29 10:54:11+00:00,1.4394756661931751,2.0
2025-09-29 10:54:12+00:00,1.0952029733598465,0.0
2025-09-29 10:54:13+00:00,1.0901957382593537,0.0
2025-09-29 10:54:14+00:00,0.9281934864993673,0.0
2025-09-29 10:54:15+00:00,1.0395675387844676,0.0
2025-09-29 10:54:16+00:00,0.8763105443358654,0.0
2025-09-29 10:54:17+00:00,1.2305569716409082,1.0
2025-09-29 10:54:18+00:00,1.2623087513638893,1.0
2025-09-29 10:54:19+00:00,1.4608355620293878,2.0
2025-09-29 10:54:20+00:00,1.5857977629057132,2.0
2025-09-29 10:54:21+00:00,1.1487235362146748,1.0
2025-09-29 10:54:22+00:00,1.706784738227725,2.0
2025-09-29 10:54:23+00:00,0.9858956951502478,0.0
2025-09-29 10:54:24+00:00,1.0501788139226846,0.0
2025-09-29 10:54:25+00:00,1.1866886371863075,1.0
2025-09-29 10:54:26+00:00,1.5941048898384906,2.0
2025-09-29 10:54:27+00:00,1.3993274416279746,2.0
2025-09-29 10:54:28+00:00,1.020365789605421,0.0
2025-09-29 10:54:29+00:00,1.0096213198266923,0.0
2025-09-29 10:54:30+00:00,1.0907896731077926,0.0
2025-09-29 10:54:31+00:00,1.1498860407009488,1.0
2025-09-29 10:54:32+00:00,1.852998053014744,2.0
2025-09-29 10:54:33+00:00,1.1928932026639814,1.0
2025-09-29 10:54:34+00:00,1.2180837998748757,1.0
2025-09-29 10:54:35+00:00,1.0339351540751522,0.0
2025-09-29 10:54:36+00:00,0.9871366547886282,0.0
2025-09-29 10:54:37+00:00,1.2935086462530307,1.0
2025-09-29 10:54:38+00:00,0.9438740266195964,0.0
2025-09-29 10:54:39+00:00,1.5713399040687364,2.0
2025-09-29 10:54:40+00:00,1.2370718938327627,1.0
2025-09-29 10:54:41+00:00,1.751628007623367,2.0
2025-09-29 10:54:42+00:00,1.4729839051578892,2.0
2025-09-29 10:54:43+00:00,1.6054327371530235,2.0
2025-09-29 10:54:44+00:00,1.2667685263877502,1.0
2025-09-29 10:54:45+00:00,1.3344270820380189,1.0
2025-09-29 10:54:46+00:00,1.731578567516408,2.0
2025-09-29 10:54:47+00:00,1.17042877143831,1.0
2025-09-29 10:54:48+00:00,1.3368203563586576,1.0
2025-09-29 10:54:49+00:00,1.0602391287102364,0.0
2025-09-29 10:54:50+00:00,1.4332306580472505,2.0
2025-09-29 10:54:51+00:00,1.4248159449052764,2.0
2025-09-29 10:54:52+00:00,0.9869967807171633,0.0
2025-09-29 10:54:53+00:00,1.5914639565889956,2.0
2025-09-29 10:54:54+00:00,1.2503086593060289,1.0
2025-09-29 10:54:55+00:00,1.4350152644619811,2.0
2025-09-29 10:54:56+00:00,1.311655698926188,1.0
2025-09-29 10:54:57+00:00,1.1271483076416189,1.0
2025-09-29 10:54:58+00:00,1.4118529635306913,2.0
2025-09-29 10:54:59+00:00,1.5552884837816237,2.0
2025-09-29 10:55:00+00:00,0.8481138026836561,0.0
2025-09-29 10:55:01+00:00,1.4040876911603846,2.0
2025-09-29 10:55:02+00:00,0.9815516095113708,0.0
2025-09-29 10:55:03+00:00,1.3961190624686424,2.0
2025-09-29 10:55:04+00:00,1.4797037501848536,2.0
2025-09-29 10:55:05+00:00,1.9379896389873466,2.0
2025-09-29 10:55:06+00:00,1.8835840969404671,2.0
2025-09-29 10:55:07+00:00,1.3410324885480804,1.0
2025-09-29 10:55:08+00:00,1.5613395888067316,2.0
2025-09-29 10:55:09+00:00,1.5030904816958355,2.0
2025-09-29 10:55:10+00:00,0.8097244799282635,0.0
2025-09-29 10:55:11+00:00,1.601932686258806,2.0
2025-09-29 10:55:12+00:00,1.7191789925127523,2.0
2025-09-29 10:55:13+00:00,1.3728853205393534,1.0
2025-09-29 10:55:14+00:00,1.39748264462105,2.0
2025-09-29 10:55:15+00:00,1.0547747033124324,0.0
2025-09-29 10:55:16+00:00,0.93290626257658,0.0
2025-09-29 10:55:17+00:00,1.4843017064849846,2.0
2025-09-29 10:55:18+00:00,1.4418425079493318,2.0
2025-09-29 10:55:19+00:00,1.1791682281618705,1.0
2025-09-29 10:55:20+00:00,1.4610507904289989,2.0
2025-09-29 10:55:21+00:00,1.1052596293593524,1.0
2025-09-29 10:55:22+00:00,1.6898449394502677,2.0
2025-09-29 10:55:23+00:00,1.1775688493944472,1.0
2025-09-29 10:55:24+00:00,1.5133484831167152,2.0
2025-09-29 10:55:25+00:00,1.0403945428261068,0.0
2025-09-29 10:55:26+00:00,1.1992410391976591,1.0
2025-09-29 10:55:27+00:00,1.2210591375041986,1.0
2025-09-29 10:55:28+00:00,0.8122072411351837,0.0
2025-09-29 10:55:29+00:00,1.3136654508998618,1.0
2025-09-29 10:55:30+00:00,1.0807457291521132,0.0
2025-09-29 10:55:31+00:00,1.472594228500384,2.0
2025-09-29 10:55:32+00:00,1.0323771960829617,0.0
2025-09-29 10:55:33+00:00,1.2864503937744303,1.0
2025-09-29 10:55:34+00:00,1.114835217158543,1.0
2025-09-29 10:55:35+00:00,1.2209467636566842,1.0
2025-09-29 10:55:36+00:00,1.4347413593932288,2.0
2025-09-29 10:55:37+00:00,1.4365657546295552,2.0
2025-09-29 10:55:38+00:00,1.3065184775914531,1.0
2025-09-29 10:55:39+00:00,1.3009159365610685,1.0
2025-09-29 10:55:40+00:00,1.28798932886275,1.0
2025-09-29 10:55:41+00:00,1.7428548002499156,2.0
2025-09-29 10:55:42+00:00,1.6122651791956741,2.0
2025-09-29 10:55:43+00:00,1.1899327129794983,1.0
2025-09-29 10:55:44+00:00,1.269404229518841,1.0
2025-09-29 10:55:45+00:00,1.08715886331629,0.0
2025-09-29 10:55:46+00:00,0.9865849321213318,0.0
2025-09-29 10:55:47+00:00,1.1545087401173078,1.0
2025-09-29 10:55:48+00:00,0.9719834557326976,0.0
2025-09-29 10:55:49+00:00,1.2820014183671447,1.0
2025-09-29 10:55:50+00:00,1.0414548958360683,0.0
2025-09-29 10:55:51+00:00,1.3766581849922659,1.0
2025-09-29 10:55:52+00:00,1.9401889001310337,2.0
2025-09-29 10:55:53+00:00,1.3714912462310167,1.0
2025-09-29 10:55:54+00:00,1.2034634329320397,1.0
2025-09-29 10:55:55+00:00,1.45801448871498,2.0
2025-09-29 10:55:56+00:00,1.5407903770828852,2.0
2025-09-29 10:55:57+00:00,1.1793940185889369,1.0
2025-09-29 10:55:58+00:00,1.002724383797613,0.0
2025-09-29 10:55:59+00:00,1.1799896258744411,1.0
2025-09-29 10:56:00+00:00,1.075869502441492,0.0
2025-09-29 10:56:01+00:00,0.9381916427082615,0.0
2025-09-29 10:56:02+00:00,1.070945494386251,0.0
2025-09-29 10:56:03+00:00,1.4710830137046287,2.0
2025-09-29 10:56:04+00:00,0.9040545730968006,0.0
2025-09-29 10:56:05+00:00,1.3614524630102096,1.0
2025-09-29 10:56:06+00:00,1.3669783298537368,1.0
2025-09-29 10:56:07+00:00,1.4359115258412203,2.0
2025-09-29 10:56:08+00:00,0.9333794009726262,0.0
2025-09-29 10:56:09+00:00,0.9798213122121524,0.0
2025-09-29 10:56:10+00:00,1.5446014574263245,2.0
2025-09-29 10:56:11+00:00,1.0487552455160767,0.0
2025-09-29 10:56:12+00:00,1.2296080360538326,1.0
2025-09-29 10:56:13+00:00,1.3853238804003922,1.0
2025-09-29 10:56:14+00:00,1.2868877300788881,1.0
2025-09-29 10:56:15+00:00,1.3294659156526905,1.0
2025-09-29 10:56:16+00:00,0.9954486945061944,0.0
2025-09-29 10:56:17+00:00,1.7877905323111918,2.0
2025-09-29 10:56:18+00:00,1.3376964518392924,1.0
2025-09-29 10:56:19+00:00,1.390143241660553,2.0
2025-09-29 10:56:20+00:00,1.1544325916765956,1.0
2025-09-29 10:56:21+00:00,1.2534802567970473,1.0
2025-09-29 10:56:22+00:00,1.6063810505293077,2.0
2025-09-29 10:56:23+00:00,1.3479841481748736,1.0
2025-09-29 10:56:24+00:00,1.589395085524302,2.0
2025-09-29 10:56:25+00:00,1.0995289916027104,0.0
2025-09-29 10:56:26+00:00,1.132975077824085,1.0
2025-09-29 10:56:27+00:00,1.5867302718106657,2.0
2025-09-29 10:56:28+00:00,1.0357537839881843,0.0
2025-09-29 10:56:29+00:00,0.8885062917106552,0.0
2025-09-29 10:56:30+00:00,1.2410089067561785,1.0
2025-09-29 10:56:31+00:00,1.6149939446186181,2.0
2025-09-29 10:56:32+00:00,1.4441972480271943,2.0
2025-09-29 10:56:33+00:00,1.2990544468921144,1.0
2025-09-29 10:56:34+00:00,1.6038180385221494,2.0
2025-09-29 10:56:35+00:00,1.352128575075767,1.0
2025-09-29 10:56:36+00:00,0.7869192689686315,0.0
2025-09-29 10:56:37+00:00,0.9212863374414155,0.0
2025-09-29 10:56:38+00:00,1.2080315056082327,1.0
2025-09-29 10:56:39+00:00,1.002032882795902,0.0
2025-09-29 10:56:40+00:00,1.3140490155492444,1.0
2025-09-29 10:56:41+00:00,1.3784777326509356,1.0
2025-09-29 10:56:42+00:00,0.9455348613846581,0.0
2025-09-29 10:56:43+00:00,0.656210636952892,0.0
2025-09-29 10:56:44+00:00,1.5558068508544238,2.0
2025-09-29 10:56:45+00:00,1.2571137196791824,1.0
2025-09-29 10:56:46+00:00,1.7030181313166395,2.0
2025-09-29 10:56:47+00:00,1.5048973710654536,2.0
2025-09-29 10:56:48+00:00,1.467196217214223,2.0
2025-09-29 10:56:49+00:00,1.4102315198251745,2.0
2025-09-29 10:56:50+00:00,0.9707481542427558,0.0
2025-09-29 10:56:51+00:00,1.6196739236911526,2.0
2025-09-29 10:56:52+00:00,1.1391858778661117,1.0
2025-09-29 10:56:53+00:00,0.8176478348323144,0.0
2025-09-29 10:56:54+00:00,1.3571402317320462,1.0
2025-09-29 10:56:55+00:00,1.5351562973082764,2.0
2025-09-29 10:56:56+00:00,1.736326171841938,2.0
2025-09-29 10:56:57+00:00,0.918406992481323,0.0
2025-09-29 10:56:58+00:00,1.0309731695888331,0.0
2025-09-29 10:56:59+00:00,1.6788000072992872,2.0
2025-09-29 10:57:00+00:00,1.328623123205034,1.0
2025-09-29 10:57:01+00:00,1.6311247505364008,2.0
2025-09-29 10:57:02+00:00,0.8787247984873829,0.0
2025-09-29 10:57:03+00:00,1.0304761046572821,0.0
2025-09-29 10:57:04+00:00,1.3434418204269605,1.0
2025-09-29 10:57:05+00:00,1.4928871830925345,2.0
2025-09-29 10:57:06+00:00,1.1162855538277654,1.0
2025-09-29 10:57:07+00:00,1.5071982342196861,2.0
2025-09-29 10:57:08+00:00,1.5872733723081183,2.0
2025-09-29 10:57:09+00:00,1.3531706909416243,1.0
2025-09-29 10:57:10+00:00,1.1991018820408499,1.0
2025-09-29 10:57:11+00:00,0.9592479852581164,0.0
2025-09-29 10:57:12+00:00,1.342917517045862,1.0
2025-09-29 10:57:13+00:00,1.4907654465641826,2.0
2025-09-29 10:57:14+00:00,1.3408308147481875,1.0
2025-09-29 10:57:15+00:00,1.4888681210431969,2.0
2025-09-29 10:57:16+00:00,1.6076036099111661,2.0
2025-09-29 10:57:17+00:00,1.2315805914549856,1.0
2025-09-29 10:57:18+00:00,1.6339325749431737,2.0
2025-09-29 10:57:19+00:00,1.3411892963922583,1.0
2025-09-29 10:57:20+00:00,1.5147392052022042,2.0
2025-09-29 10:57:21+00:00,1.7128059383830987,2.0
2025-09-29 10:57:22+00:00,1.4467997299070703,2.0
2025-09-29 10:57:23+00:00,1.0804015706089558,0.0
2025-09-29 10:57:24+00:00,1.6519195433502318,2.0
2025-09-29 10:57:25+00:00,1.3263080299511785,1.0
2025-09-29 10:57:26+00:00,1.6855769772082567,2.0
2025-09-29 10:57:27+00:00,0.8808793940552277,0.0
2025-09-29 10:57:28+00:00,1.9722150707239052,2.0
2025-09-29 10:57:29+00:00,1.1609791564114857,1.0
2025-09-29 10:57:30+00:00,1.810543516825419,2.0
2025-09-29 10:57:31+00:00,1.451621188170975,2.0
2025-09-29 10:57:32+00:00,0.8451996681978926,0.0
2025-09-29 10:57:33+00:00,1.5719263505015988,2.0
2025-09-29 10:57:34+00:00,1.5028842368046753,2.0
2025-09-29 10:57:35+00:00,1.233931194699835,1.0
2025-09-29 10:57:36+00:00,1.1972473207424628,1.0
2025-09-29 10:57:37+00:00,0.6264573721273337,0.0
2025-09-29 10:57:38+00:00,1.5257463137386367,2.0
2025-09-29 10:57:39+00:00,1.2959374911297346,1.0
2025-09-29 10:57:40+00:00,1.4944033558858791,2.0
2025-09-29 10:57:41+00:00,1.2554669540841132,1.0
2025-09-29 10:57:42+00:00,1.584049571727519,2.0
2025-09-29 10:57:43+00:00,1.4784660012664972,2.0
2025-09-29 10:57:44+00:00,1.2870595409040106,1.0
2025-09-29 10:57:45+00:00,1.368255035195034,1.0
2025-09-29 10:57:46+00:00,0.8644556936487788,0.0
2025-09-29 10:57:47+00:00,1.1427285042445874,1.0
2025-09-29 10:57:48+00:00,1.322830770004657,1.0
2025-09-29 10:57:49+00:00,0.8311188922962174,0.0
2025-09-29 10:57:50+00:00,1.1206314542796463,1.0
2025-09-29 10:57:51+00:00,0.984522200684296,0.0
2025-09-29 10:57:52+00:00,1.1094815357209882,1.0
2025-09-29 10:57:53+00:00,1.0238131182850339,0.0
2025-09-29 10:57:54+00:00,1.4025877818785375,2.0
2025-09-29 10:57:55+00:00,1.200054943372379,1.0
2025-09-29 10:57:56+00:00,1.4611347254685825,2.0
2025-09-29 10:57:57+00:00,1.383264009389677,1.0
2025-09-29 10:57:58+00:00,1.3161376702337293,1.0
2025-09-29 10:57:59+00:00,1.5259658686991315,2.0
2025-09-29 10:58:00+00:00,1.178526432835497,1.0
2025-09-29 10:58:01+00:00,0.9505225949105807,0.0
2025-09-29 10:58:02+00:00,1.1884366547892569,1.0
2025-09-29 10:58:03+00:00,1.0962824987218482,0.0
2025-09-29 10:58:04+00:00,1.7478746902925195,2.0
2025-09-29 10:58:05+00:00,1.6029302683018614,2.0
2025-09-29 10:58:06+00:00,1.2141259983036434,1.0
2025-09-29 10:58:07+00:00,1.1261258230224485,1.0
2025-09-29 10:58:08+00:00,1.5138500267348718,2.0
2025-09-29 10:58:09+00:00,1.2772597551665967,1.0
2025-09-29 10:58:10+00:00,0.9639187040738761,0.0
2025-09-29 10:58:11+00:00,0.9919741540797986,0.0
2025-09-29 10:58:12+00:00,1.614273979983409,2.0
2025-09-29 10:58:13+00:00,1.6469534832285717,2.0
2025-09-29 10:58:14+00:00,0.7382927815924631,0.0
2025-09-29 10:58:15+00:00,1.3254716398951132,1.0
2025-09-29 10:58:16+00:00,1.1827203272696352,1.0
2025-09-29 10:58:17+00:00,0.8232874126551906,0.0
2025-09-29 10:58:18+00:00,1.073669576755492,0.0
2025-09-29 10:58:19+00:00,1.854147368503618,2.0
2025-09-29 10:58:20+00:00,0.9086291348794475,0.0
2025-09-29 10:58:21+00:00,1.426964899408631,2.0
2025-09-29 10:58:22+00:00,1.4713452510914067,2.0
2025-09-29 10:58:23+00:00,1.3113508746610023,1.0
2025-09-29 10:58:24+00:00,0.6920741916255793,0.0
2025-09-29 10:58:25+00:00,0.9157876458193641,0.0
2025-09-29 10:58:26+00:00,1.3313722319871886,1.0
2025-09-29 10:58:27+00:00,1.0821654826868325,0.0
2025-09-29 10:58:28+00:00,0.9588084002461983,0.0
2025-09-29 10:58:29+00:00,0.8548803268931806,0.0
2025-09-29 10:58:30+00:00,0.7885175689443713,0.0
2025-09-29 10:58:31+00:00,1.4999284686346073,2.0
2025-09-29 10:58:32+00:00,1.4719507543486543,2.0
2025-09-29 10:58:33+00:00,1.3351673808792839,1.0
2025-09-29 10:58:34+00:00,0.8325476866011741,0.0
2025-09-29 10:58:35+00:00,0.9045948164275615,0.0
2025-09-29 10:58:36+00:00,1.1272256934607867,1.0
2025-09-29 10:58:37+00:00,1.5254643754742574,2.0
2025-09-29 10:58:38+00:00,1.1466298248851672,1.0
2025-09-29 10:58:39+00:00,1.5168104390613735,2.0
2025-09-29 10:58:40+00:00,0.8848991263948847,0.0
2025-09-29 10:58:41+00:00,1.476749424735317,2.0
2025-09-29 10:58:42+00:00,1.637639115229831,2.0
2025-09-29 10:58:43+00:00,1.4779243315570056,2.0
2025-09-29 10:58:44+00:00,0.8989971776172752,0.0
2025-09-29 10:58:45+00:00,1.2586221923411358,1.0
2025-09-29 10:58:46+00:00,0.741803194192471,0.0
2025-09-29 10:58:47+00:00,1.516719293911592,2.0
2025-09-29 10:58:48+00:00,1.5828799865266774,2.0
2025-09-29 10:58:49+00:00,0.8125867967028171,0.0
2025-09-29 10:58:50+00:00,1.3853509645559825,1.0
2025-09-29 10:58:51+00:00,1.0757404090109048,0.0
2025-09-29 10:58:52+00:00,0.9151216219906928,0.0
2025-09-29 10:58:53+00:00,0.9325316830945667,0.0
2025-09-29 10:58:54+00:00,1.2793936120724538,1.0
2025-09-29 10:58:55+00:00,1.4081434157706099,2.0
2025-09-29 10:58:56+00:00,1.5234095491323387,2.0
2025-09-29 10:58:57+00:00,1.4833866251137806,2.0
2025-09-29 10:58:58+00:00,1.5715300372394267,2.0
2025-09-29 10:58:59+00:00,0.8295026438427158,0.0
2025-09-29 10:59:00+00:00,1.0965618503687438,0.0
2025-09-29 10:59:01+00:00,1.065123157488415,0.0
2025-09-29 10:59:02+00:00,1.0616341769928113,0.0
2025-09-29 10:59:03+00:00,1.447313805896556,2.0
2025-09-29 10:59:04+00:00,1.3177275382331572,1.0
2025-09-29 10:59:05+00:00,0.860489404265536,0.0
2025-09-29 10:59:06+00:00,0.8843756618007319,0.0
2025-09-29 10:59:07+00:00,0.8906271437153919,0.0
2025-09-29 10:59:08+00:00,1.2500111160043161,1.0
2025-09-29 10:59:09+00:00,1.5606882885913365,2.0
2025-09-29 10:59:10+00:00,1.1685291849717032,1.0
2025-09-29 10:59:11+00:00,1.2777405467786593,1.0
2025-09-29 10:59:12+00:00,1.5776862223719945,2.0
2025-09-29 10:59:13+00:00,0.8852195723593468,0.0
2025-09-29 10:59:14+00:00,1.5038318101287587,2.0
2025-09-29 10:59:15+00:00,1.0557908404734917,0.0
2025-09-29 10:59:16+00:00,1.165652870593476,1.0
2025-09-29 10:59:17+00:00,1.0961073157959618,0.0
2025-09-29 10:59:18+00:00,1.1653502536355518,1.0
2025-09-29 10:59:19+00:00,0.6685253946197918,0.0
2025-09-29 10:59:20+00:00,1.1037545516592218,1.0
2025-09-29 10:59:21+00:00,1.44688645885617,2.0
2025-09-29 10:59:22+00:00,1.1889247074868763,1.0
2025-09-29 10:59:23+00:00,1.6719494527496863,2.0
2025-09-29 10:59:24+00:00,1.1121948075888213,1.0
2025-09-29 10:59:25+00:00,0.8331450934783788,0.0
2025-09-29 10:59:26+00:00,1.2654231415945105,1.0
2025-09-29 10:59:27+00:00,1.015010261471616,0.0
2025-09-29 10:59:28+00:00,0.7798768194188597,0.0
2025-09-29 10:59:29+00:00,1.486108684053761,2.0
2025-09-29 10:59:30+00:00,1.091778548739967,0.0
2025-09-29 10:59:31+00:00,1.370489620428998,1.0
2025-09-29 10:59:32+00:00,1.1211166888388107,1.0
2025-09-29 10:59:33+00:00,0.9792649797600461,0.0
2025-09-29 10:59:34+00:00,1.1975703748030355,1.0
2025-09-29 10:59:35+00:00,0.8999959762295475,0.0
2025-09-29 10:59:36+00:00,1.4723352130240528,2.0
2025-09-29 10:59:37+00:00,1.3003598096984206,1.0
2025-09-29 10:59:38+00:00,1.2315326170937624,1.0
2025-09-29 10:59:39+00:00,1.9165663170133485,2.0
2025-09-29 10:59:40+00:00,1.6245950090669794,2.0
2025-09-29 10:59:41+00:00,1.3458674435096327,1.0
2025-09-29 10:59:42+00:00,0.8710759853856871,0.0
2025-09-29 10:59:43+00:00,1.3967759100196417,2.0
2025-09-29 10:59:44+00:00,1.057256624510046,0.0
2025-09-29 10:59:45+00:00,1.0412165551824728,0.0
2025-09-29 10:59:46+00:00,0.9666572715796065,0.0
2025-09-29 10:59:47+00:00,1.5553759514587,2.0
2025-09-29 10:59:48+00:00,1.2332186262210598,1.0
2025-09-29 10:59:49+00:00,1.3328136826457921,1.0
2025-09-29 10:59:50+00:00,0.9153522008418804,0.0
2025-09-29 10:59:51+00:00,1.4470831345242914,2.0
2025-09-29 10:59:52+00:00,1.382364660021267,1.0
2025-09-29 10:59:53+00:00,0.8606932441762183,0.0
2025-09-29 10:59:54+00:00,0.9909285126777831,0.0
2025-09-29 10:59:55+00:00,1.640504443217651,2.0
2025-09-29 10:59:56+00:00,1.137494858368882,1.0
2025-09-29 10:59:57+00:00,1.3042716231866507,1.0
2025-09-29 10:59:58+00:00,1.0984280143748038,0.0
2025-09-29 10:59:59+00:00,1.0839438018883811,0.0
2025-09-29 11:00:00+00:00,1.4119845478562638,2.0
2025-09-29 11:00:01+00:00,1.369247467839159,1.0
2025-09-29 11:00:02+00:00,1.4207993260060903,2.0
2025-09-29 11:00:03+00:00,1.5146364702377468,2.0
2025-09-29 11:00:04+00:00,1.585959661519155,2.0
2025-09-29 11:00:05+00:00,1.48273538488138,2.0
2025-09-29 11:00:06+00:00,0.8629921384272166,0.0
2025-09-29 11:00:07+00:00,0.9714361543010455,0.0
2025-09-29 11:00:08+00:00,1.8664914620749187,2.0
2025-09-29 11:00:09+00:00,1.5292864173679845,2.0
2025-09-29 11:00:10+00:00,1.3780197246233001,1.0
2025-09-29 11:00:11+00:00,1.8170057492243359,2.0
2025-09-29 11:00:12+00:00,0.9539754542929586,0.0
2025-09-29 11:00:13+00:00,1.7396144074009499,2.0
2025-09-29 11:00:14+00:00,0.8108367578824982,0.0
2025-09-29 11:00:15+00:00,1.7603619975270703,2.0
2025-09-29 11:00:16+00:00,1.1618249555758666,1.0
2025-09-29 11:00:17+00:00,1.4244029566471,2.0
2025-09-29 11:00:18+00:00,1.6524846141546732,2.0
2025-09-29 11:00:19+00:00,1.3188056702492759,1.0
2025-09-29 11:00:20+00:00,1.2052352783211973,1.0
2025-09-29 11:00:21+00:00,1.4577233690069988,2.0
2025-09-29 11:00:22+00:00,0.7385285927593941,0.0
2025-09-29 11:00:23+00:00,1.5208438117988408,2.0
2025-09-29 11:00:24+00:00,1.2779136573371943,1.0
2025-09-29 11:00:25+00:00,1.3699502487579593,1.0
2025-09-29 11:00:26+00:00,1.5248380522389198,2.0
2025-09-29 11:00:27+00:00,1.5910544395592296,2.0
2025-09-29 11:00:28+00:00,1.338174808639451,1.0
2025-09-29 11:00:29+00:00,1.015669351167162,0.0
2025-09-29 11:00:30+00:00,1.3637642895337194,1.0
2025-09-29 11:00:31+00:00,1.0464833689911757,0.0
2025-09-29 11:00:32+00:00,1.028315865652985,0.0
2025-09-29 11:00:33+00:00,1.2789775460987585,1.0
2025-09-29 11:00:34+00:00,0.9858049465110525,0.0
2025-09-29 11:00:35+00:00,1.5065188650769414,2.0
2025-09-29 11:00:36+00:00,0.8353049922152422,0.0
2025-09-29 11:00:37+00:00,0.9847828720667167,0.0
2025-09-29 11:00:38+00:00,1.3996207456948468,2.0
2025-09-29 11:00:39+00:00,1.1857748850015923,1.0
2025-09-29 11:00:40+00:00,0.7923488196684048,0.0
2025-09-29 11:00:41+00:00,1.0500690280314302,0.0
2025-09-29 11:00:42+00:00,0.9126612996769836,0.0
2025-09-29 11:00:43+00:00,0.8891992994904285,0.0
2025-09-29 11:00:44+00:00,0.6845708956825547,0.0
2025-09-29 11:00:45+00:00,1.2208077576360665,1.0
2025-09-29 11:00:46+00:00,1.1803291400428861,1.0
2025-09-29 11:00:47+00:00,1.5827543965133373,2.0
2025-09-29 11:00:48+00:00,1.16802447263035,1.0
2025-09-29 11:00:49+00:00,1.1685318207019009,1.0
2025-09-29 11:00:50+00:00,1.259033576308866,1.0
2025-09-29 11:00:51+00:00,1.0059743972233264,0.0
2025-09-29 11:00:52+00:00,1.1724651846161578,1.0
2025-09-29 11:00:53+00:00,1.0490874663373688,0.0
2025-09-29 11:00:54+00:00,0.79899726282747,0.0
2025-09-29 11:00:55+00:00,0.7955929054733133,0.0
2025-09-29 11:00:56+00:00,0.8499769367190311,0.0
2025-09-29 11:00:57+00:00,1.4376713831588859,2.0
2025-09-29 11:00:58+00:00,0.7658110110642156,0.0
2025-09-29 11:00:59+00:00,1.3525244196207495,1.0
2025-09-29 11:01:00+00:00,1.552426229143748,2.0
2025-09-29 11:01:01+00:00,1.1802607956633437,1.0
2025-09-29 11:01:02+00:00,1.2350667236023583,1.0
2025-09-29 11:01:03+00:00,1.3837157079979079,1.0
2025-09-29 11:01:04+00:00,1.1696573769004317,1.0
2025-09-29 11:01:05+00:00,0.8407528378738789,0.0
2025-09-29 11:01:06+00:00,1.4044212741428055,2.0
2025-09-29 11:01:07+00:00,0.9592010904743802,0.0
2025-09-29 11:01:08+00:00,1.7273278176144231,2.0
2025-09-29 11:01:09+00:00,1.419900401349878,2.0
2025-09-29 11:01:10+00:00,1.2120009455829859,1.0
2025-09-29 11:01:11+00:00,1.214710896165343,1.0
2025-09-29 11:01:12+00:00,1.2371634890296264,1.0
2025-09-29 11:01:13+00:00,1.2198902434756747,1.0
2025-09-29 11:01:14+00:00,1.3253505595348543,1.0
2025-09-29 11:01:15+00:00,0.968968219240196,0.0
2025-09-29 11:01:16+00:00,1.092251677546301,0.0
2025-09-29 11:01:17+00:00,0.9475269389367895,0.0
2025-09-29 11:01:18+00:00,1.2339302556356415,1.0
2025-09-29 11:01:19+00:00,0.8608083290455397,0.0
2025-09-29 11:01:20+00:00,1.5552217034710338,2.0
2025-09-29 11:01:21+00:00,1.4515329902351368,2.0
2025-09-29 11:01:22+00:00,1.0938252219202695,0.0
2025-09-29 11:01:23+00:00,1.2224050531804096,1.0
2025-09-29 11:01:24+00:00,1.1662160863197641,1.0
2025-09-29 11:01:25+00:00,1.3712135832756758,1.0
2025-09-29 11:01:26+00:00,1.0980573212873423,0.0
2025-09-29 11:01:27+00:00,1.3015543908259133,1.0
2025-09-29 11:01:28+00:00,1.5051984574674862,2.0
2025-09-29 11:01:29+00:00,1.0766113489371492,0.0
2025-09-29 11:01:30+00:00,1.2465124212321825,1.0
2025-09-29 11:01:31+00:00,1.2365631337452214,1.0
2025-09-29 11:01:32+00:00,1.2886824341403553,1.0
2025-09-29 11:01:33+00:00,1.3381885928683914,1.0
2025-09-29 11:01:34+00:00,0.9631859027431346,0.0
2025-09-29 11:01:35+00:00,1.3912784911808558,2.0
2025-09-29 11:01:36+00:00,1.4688826212950516,2.0
2025-09-29 11:01:37+00:00,1.454520382816554,2.0
2025-09-29 11:01:38+00:00,1.511196993815247,2.0
2025-09-29 11:01:39+00:00,1.7194979290070478,2.0
2025-09-29 11:01:40+00:00,0.9044882901653182,0.0
2025-09-29 11:01:41+00:00,0.7872126634902088,0.0
2025-09-29 11:01:42+00:00,1.6265752484905533,2.0
2025-09-29 11:01:43+00:00,1.0164313016430242,0.0
2025-09-29 11:01:44+00:00,0.8781041806214489,0.0
2025-09-29 11:01:45+00:00,1.1933985661307815,1.0
2025-09-29 11:01:46+00:00,0.6501438662380679,0.0
2025-09-29 11:01:47+00:00,1.0664634691784158,0.0
2025-09-29 11:01:48+00:00,1.3768064772739308,1.0
2025-09-29 11:01:49+00:00,1.220310911987326,1.0
2025-09-29 11:01:50+00:00,1.0184629320574459,0.0
2025-09-29 11:01:51+00:00,1.7937571158254286,2.0
2025-09-29 11:01:52+00:00,1.114357535931049,1.0
2025-09-29 11:01:53+00:00,1.371366107094218,1.0
2025-09-29 11:01:54+00:00,1.0942753092676867,0.0
2025-09-29 11:01:55+00:00,1.5726003974705236,2.0
2025-09-29 11:01:56+00:00,1.3666856582276523,1.0
2025-09-29 11:01:57+00:00,1.2908361007430358,1.0
2025-09-29 11:01:58+00:00,1.0823495732911397,0.0
2025-09-29 11:01:59+00:00,1.048283309020917,0.0
2025-09-29 11:02:00+00:00,1.2385212600638624,1.0
2025-09-29 11:02:01+00:00,1.228835401358083,1.0
2025-09-29 11:02:02+00:00,1.4668999616988003,2.0
2025-09-29 11:02:03+00:00,1.3979102169396356,2.0
2025-09-29 11:02:04+00:00,1.1253130518598482,1.0
2025-09-29 11:02:05+00:00,1.4435863649414387,2.0
2025-09-29 11:02:06+00:00,0.8750040727318265,0.0
2025-09-29 11:02:07+00:00,1.8510741379577667,2.0
2025-09-29 11:02:08+00:00,1.1209921265108278,1.0
2025-09-29 11:02:09+00:00,1.4886093706736574,2.0
2025-09-29 11:02:10+00:00,1.6380240984726697,2.0
2025-09-29 11:02:11+00:00,1.721902327015414,2.0
2025-09-29 11:02:12+00:00,1.5798261090239976,2.0
2025-09-29 11:02:13+00:00,1.5692174199211877,2.0
2025-09-29 11:02:14+00:00,1.005572069028858,0.0
2025-09-29 11:02:15+00:00,1.2278067418956198,1.0
2025-09-29 11:02:16+00:00,1.6641499002435012,2.0
2025-09-29 11:02:17+00:00,1.319050283607794,1.0
2025-09-29 11:02:18+00:00,1.1793733049416915,1.0
2025-09-29 11:02:19+00:00,0.9528724205301842,0.0
2025-09-29 11:02:20+00:00,1.5661673730646726,2.0
2025-09-29 11:02:21+00:00,0.7832788108062232,0.0
2025-09-29 11:02:22+00:00,1.0085736296605319,0.0
2025-09-29 11:02:23+00:00,1.6998403224424692,2.0
2025-09-29 11:02:24+00:00,1.1759813248208957,1.0
2025-09-29 11:02:25+00:00,0.6410471306735417,0.0
2025-09-29 11:02:26+00:00,1.4597108536981978,2.0
2025-09-29 11:02:27+00:00,1.2820396512979642,1.0
2025-09-29 11:02:28+00:00,1.3970961783634266,2.0
2025-09-29 11:02:29+00:00,1.0113286408013664,0.0
2025-09-29 11:02:30+00:00,1.1700712627061876,1.0
2025-09-29 11:02:31+00:00,1.2966840495209908,1.0
2025-09-29 11:02:32+00:00,0.8402190646447707,0.0
2025-09-29 11:02:33+00:00,1.044770347973099,0.0
2025-09-29 11:02:34+00:00,1.222912617464317,1.0
2025-09-29 11:02:35+00:00,1.7671271737199277,2.0
2025-09-29 11:02:36+00:00,1.834966145848739,2.0
2025-09-29 11:02:37+00:00,1.6113926145335427,2.0
2025-09-29 11:02:38+00:00,1.2399146361713065,1.0
2025-09-29 11:02:39+00:00,1.5442753790848656,2.0
2025-09-29 11:02:40+00:00,1.1126458052312955,1.0
2025-09-29 11:02:41+00:00,1.084330909405253,0.0
2025-09-29 11:02:42+00:00,1.0995957667328184,0.0
2025-09-29 11:02:43+00:00,1.1100032187096076,1.0
2025-09-29 11:02:44+00:00,1.6353294673899654,2.0
2025-09-29 11:02:45+00:00,1.4558117027045228,2.0
2025-09-29 11:02:46+00:00,1.6092715428239899,2.0
2025-09-29 11:02:47+00:00,0.8270806470973184,0.0
2025-09-29 11:02:48+00:00,0.7624426832480822,0.0
2025-09-29 11:02:49+00:00,1.4299134248576593,2.0
2025-09-29 11:02:50+00:00,1.208869212976424,1.0
2025-09-29 11:02:51+00:00,0.7991385796485702,0.0
2025-09-29 11:02:52+00:00,1.1820480683236383,1.0
2025-09-29 11:02:53+00:00,0.6065790855063824,0.0
2025-09-29 11:02:54+00:00,1.06082990935829,0.0
2025-09-29 11:02:55+00:00,1.0647928105317988,0.0
2025-09-29 11:02:56+00:00,1.5171596021245932,2.0
2025-09-29 11:02:57+00:00,1.345397686585784,1.0
2025-09-29 11:02:58+00:00,1.493788195788511,2.0
2025-09-29 11:02:59+00:00,1.6127541343303164,2.0
2025-09-29 11:03:00+00:00,1.29437532609154,1.0
2025-09-29 11:03:01+00:00,1.1882681236893404,1.0
2025-09-29 11:03:02+00:00,1.1789500325830886,1.0
2025-09-29 11:03:03+00:00,1.5662127280957066,2.0
2025-09-29 11:03:04+00:00,1.516007262544008,2.0
2025-09-29 11:03:05+00:00,1.4780611978640081,2.0
2025-09-29 11:03:06+00:00,1.26697024499299,1.0
2025-09-29 11:03:07+00:00,1.3328181791148381,1.0
2025-09-29 11:03:08+00:00,1.0937072228989564,0.0
2025-09-29 11:03:09+00:00,1.5069603965530405,2.0
2025-09-29 11:03:10+00:00,1.5432008482166566,2.0
2025-09-29 11:03:11+00:00,0.925386706381687,0.0
2025-09-29 11:03:12+00:00,1.3675673360703513,1.0
2025-09-29 11:03:13+00:00,1.0668283451232128,0.0
2025-09-29 11:03:14+00:00,1.2481266720715212,1.0
2025-09-29 11:03:15+00:00,1.0574750655214302,0.0
2025-09-29 11:03:16+00:00,1.264173450821545,1.0
2025-09-29 11:03:17+00:00,1.1038674642331898,1.0
2025-09-29 11:03:18+00:00,1.0912494447111385,0.0
2025-09-29 11:03:19+00:00,1.132974397551152,1.0
2025-09-29 11:03:20+00:00,1.6479931784851942,2.0
2025-09-29 11:03:21+00:00,1.0939155271917116,0.0
2025-09-29 11:03:22+00:00,1.5455734726128867,2.0
2025-09-29 11:03:23+00:00,1.372577661590185,1.0
2025-09-29 11:03:24+00:00,0.6013658402516739,0.0
2025-09-29 11:03:25+00:00,1.3669061675609555,1.0
2025-09-29 11:03:26+00:00,1.6450984864641214,2.0
2025-09-29 11:03:27+00:00,1.0857444299326744,0.0
2025-09-29 11:03:28+00:00,0.771312051670975,0.0
2025-09-29 11:03:29+00:00,0.8977232657198329,0.0
2025-09-29 11:03:30+00:00,1.776044459475088,2.0
2025-09-29 11:03:31+00:00,1.036431628454011,0.0
2025-09-29 11:03:32+00:00,1.0208457425469533,0.0
2025-09-29 11:03:33+00:00,1.0954521087696776,0.0
2025-09-29 11:03:34+00:00,1.4412211904418655,2.0
2025-09-29 11:03:35+00:00,1.159508133525378,1.0
2025-09-29 11:03:36+00:00,1.854521928835311,2.0
2025-09-29 11:03:37+00:00,0.9854592017800314,0.0
2025-09-29 11:03:38+00:00,1.3479984014120419,1.0
2025-09-29 11:03:39+00:00,1.5705452939728275,2.0
2025-09-29 11:03:40+00:00,1.571913462918019,2.0
2025-09-29 11:03:41+00:00,0.6697891875519417,0.0
2025-09-29 11:03:42+00:00,1.3000276184466202,1.0
2025-09-29 11:03:43+00:00,1.3202923983481014,1.0
2025-09-29 11:03:44+00:00,0.9498596540361177,0.0
2025-09-29 11:03:45+00:00,1.6555475249624578,2.0
2025-09-29 11:03:46+00:00,1.0938125677639619,0.0
2025-09-29 11:03:47+00:00,1.5532373934111092,2.0
2025-09-29 11:03:48+00:00,1.3809689638583222,1.0
2025-09-29 11:03:49+00:00,1.744105155550642,2.0
2025-09-29 11:03:50+00:00,0.6915293218626175,0.0
2025-09-29 11:03:51+00:00,1.6203288867254741,2.0
2025-09-29 11:03:52+00:00,1.110843415139243,1.0
2025-09-29 11:03:53+00:00,1.7207051954173949,2.0
2025-09-29 11:03:54+00:00,1.341999061522074,1.0
2025-09-29 11:03:55+00:00,1.387420004743035,2.0
2025-09-29 11:03:56+00:00,1.1309120883524884,1.0
2025-09-29 11:03:57+00:00,1.1829541398765286,1.0
2025-09-29 11:03:58+00:00,1.1298948984476738,1.0
2025-09-29 11:03:59+00:00,1.2632125944073778,1.0
2025-09-29 11:04:00+00:00,0.9060246095323237,0.0
2025-09-29 11:04:01+00:00,1.0421488333959132,0.0
2025-09-29 11:04:02+00:00,1.2325592300767312,1.0
2025-09-29 11:04:03+00:00,1.4262455603166018,2.0
2025-09-29 11:04:04+00:00,1.1717316347931046,1.0
2025-09-29 11:04:05+00:00,1.2321504532155814,1.0
2025-09-29 11:04:06+00:00,1.1020058710564626,1.0
2025-09-29 11:04:07+00:00,1.0816206809395226,0.0
2025-09-29 11:04:08+00:00,1.5599284955096664,2.0
2025-09-29 11:04:09+00:00,1.170511101212469,1.0
2025-09-29 11:04:10+00:00,1.3511677081987727,1.0
2025-09-29 11:04:11+00:00,1.354297581987339,1.0
2025-09-29 11:04:12+00:00,1.7393983219517395,2.0
2025-09-29 11:04:13+00:00,1.3006177486095112,1.0
2025-09-29 11:04:14+00:00,1.5700141606939724,2.0
2025-09-29 11:04:15+00:00,1.2239487318583997,1.0
2025-09-29 11:04:16+00:00,0.8035110282798996,0.0
2025-09-29 11:04:17+00:00,1.1669094171229517,1.0
2025-09-29 11:04:18+00:00,1.5628333794593345,2.0
2025-09-29 11:04:19+00:00,1.2090660719550215,1.0
2025-09-29 11:04:20+00:00,1.1254486073448788,1.0
2025-09-29 11:04:21+00:00,1.1264282217016444,1.0
2025-09-29 11:04:22+00:00,1.324044554057764,1.0
2025-09-29 11:04:23+00:00,1.2652043429552577,1.0
2025-09-29 11:04:24+00:00,1.3464045238943072,1.0
2025-09-29 11:04:25+00:00,1.2849697307683527,1.0
2025-09-29 11:04:26+00:00,0.9185094194690464,0.0
2025-09-29 11:04:27+00:00,1.6545109506405424,2.0
2025-09-29 11:04:28+00:00,1.186518798218458,1.0
2025-09-29 11:04:29+00:00,1.4092459643579787,2.0
2025-09-29 11:04:30+00:00,1.1094650599552551,1.0
2025-09-29 11:04:31+00:00,0.856709524668986,0.0
2025-09-29 11:04:32+00:00,0.7814849321439397,0.0
2025-09-29 11:04:33+00:00,1.189543230473646,1.0
2025-09-29 11:04:34+00:00,1.2578793034190312,1.0
2025-09-29 11:04:35+00:00,0.8740161191817606,0.0
2025-09-29 11:04:36+00:00,1.5216540389374131,2.0
2025-09-29 11:04:37+00:00,0.8828393140865956,0.0
2025-09-29 11:04:38+00:00,1.49182920154999,2.0
2025-09-29 11:04:39+00:00,1.5972477497416548,2.0
2025-09-29 11:04:40+00:00,1.0580083234672202,0.0
2025-09-29 11:04:41+00:00,1.7234286625462119,2.0
2025-09-29 11:04:42+00:00,1.0880922437936533,0.0
2025-09-29 11:04:43+00:00,1.0417002336471342,0.0
2025-09-29 11:04:44+00:00,1.2332545928511536,1.0
2025-09-29 11:04:45+00:00,1.0996227240975713,0.0
2025-09-29 11:04:46+00:00,1.052011310835951,0.0
2025-09-29 11:04:47+00:00,1.1776040472177556,1.0
2025-09-29 11:04:48+00:00,1.3730986874870723,1.0
2025-09-29 11:04:49+00:00,1.5948641386203235,2.0
2025-09-29 11:04:50+00:00,0.9456084804842249,0.0
2025-09-29 11:04:51+00:00,1.1207137949968455,1.0
2025-09-29 11:04:52+00:00,1.2201479504437884,1.0
2025-09-29 11:04:53+00:00,1.1539093739702366,1.0
2025-09-29 11:04:54+00:00,1.7813417658762773,2.0
2025-09-29 11:04:55+00:00,0.9854439569171518,0.0
2025-09-29 11:04:56+00:00,1.1483234979386907,1.0
2025-09-29 11:04:57+00:00,0.913189808401512,0.0
2025-09-29 11:04:58+00:00,1.2356104894424789,1.0
2025-09-29 11:04:59+00:00,0.9319436619116459,0.0
2025-09-29 11:05:00+00:00,1.412031342915725,2.0
2025-09-29 11:05:01+00:00,1.079184836737113,0.0
2025-09-29 11:05:02+00:00,1.100061451244983,0.0
2025-09-29 11:05:03+00:00,1.4043379938520957,2.0
2025-09-29 11:05:04+00:00,0.9704915785405319,0.0
2025-09-29 11:05:05+00:00,1.4315775466384366,2.0
2025-09-29 11:05:06+00:00,0.935056045462261,0.0
2025-09-29 11:05:07+00:00,1.5243535644112853,2.0
2025-09-29 11:05:08+00:00,1.4857154164783424,2.0
2025-09-29 11:05:09+00:00,1.2771939932572423,1.0
2025-09-29 11:05:10+00:00,1.2338108633848606,1.0
2025-09-29 11:05:11+00:00,1.386909043227206,2.0
2025-09-29 11:05:12+00:00,1.2190040003915783,1.0
2025-09-29 11:05:13+00:00,1.77193382466794,2.0
2025-09-29 11:05:14+00:00,1.5015350795292761,2.0
2025-09-29 11:05:15+00:00,1.463465655921027,2.0
2025-09-29 11:05:16+00:00,0.8513982589938678,0.0
2025-09-29 11:05:17+00:00,0.7712516047031386,0.0
2025-09-29 11:05:18+00:00,0.909871775409556,0.0
2025-09-29 11:05:19+00:00,1.1391111943812575,1.0
2025-09-29 11:05:20+00:00,1.3749891525949351,1.0
2025-09-29 11:05:21+00:00,1.1394316578516737,1.0
2025-09-29 11:05:22+00:00,1.465941819405998,2.0
2025-09-29 11:05:23+00:00,0.9415629732247908,0.0
2025-09-29 11:05:24+00:00,1.0389626086252974,0.0
2025-09-29 11:05:25+00:00,1.7129630337149138,2.0
2025-09-29 11:05:26+00:00,1.5603449537738925,2.0
2025-09-29 11:05:27+00:00,0.8053422533994308,0.0
2025-09-29 11:05:28+00:00,1.5011540547857294,2.0
2025-09-29 11:05:29+00:00,1.4768176970101194,2.0
2025-09-29 11:05:30+00:00,1.4827981255657505,2.0
2025-09-29 11:05:31+00:00,0.8668206470902078,0.0
2025-09-29 11:05:32+00:00,1.5698133992555086,2.0
2025-09-29 11:05:33+00:00,1.6801410591579042,2.0
2025-09-29 11:05:34+00:00,1.5005257008888293,2.0
2025-09-29 11:05:35+00:00,1.3917174807138508,2.0
2025-09-29 11:05:36+00:00,1.3626706976210698,1.0
2025-09-29 11:05:37+00:00,1.5410723919048905,2.0
2025-09-29 11:05:38+00:00,1.1179541556630284,1.0
2025-09-29 11:05:39+00:00,1.2459568850899814,1.0
2025-09-29 11:05:40+00:00,1.6453556740452768,2.0
2025-09-29 11:05:41+00:00,1.2152747517102398,1.0
2025-09-29 11:05:42+00:00,1.3477084813639522,1.0
2025-09-29 11:05:43+00:00,1.6321862191398395,2.0
2025-09-29 11:05:44+00:00,1.6203825685370248,2.0
2025-09-29 11:05:45+00:00,1.2410735832963837,1.0
2025-09-29 11:05:46+00:00,1.2940278695023153,1.0
2025-09-29 11:05:47+00:00,0.7116235126159154,0.0
2025-09-29 11:05:48+00:00,1.3050997006794205,1.0
2025-09-29 11:05:49+00:00,1.0810833411233034,0.0
2025-09-29 11:05:50+00:00,1.2267900049046148,1.0
2025-09-29 11:05:51+00:00,1.342861097669811,1.0
2025-09-29 11:05:52+00:00,0.6615005065541482,0.0
2025-09-29 11:05:53+00:00,1.9203657485195436,2.0
2025-09-29 11:05:54+00:00,1.8258660056453664,2.0
2025-09-29 11:05:55+00:00,1.236353644868359,1.0
2025-09-29 11:05:56+00:00,1.590302572818473,2.0
2025-09-29 11:05:57+00:00,1.0721796340803849,0.0
2025-09-29 11:05:58+00:00,0.857001751777716,0.0
2025-09-29 11:05:59+00:00,1.316470343968831,1.0
2025-09-29 11:06:00+00:00,1.5500375821284251,2.0
2025-09-29 11:06:01+00:00,0.7994014366704505,0.0
2025-09-29 11:06:02+00:00,1.2851830613217317,1.0
2025-09-29 11:06:03+00:00,1.2166165562230162,1.0
2025-09-29 11:06:04+00:00,1.1863639515941031,1.0
2025-09-29 11:06:05+00:00,1.5979328159883153,2.0
2025-09-29 11:06:06+00:00,0.9850887266802602,0.0
2025-09-29 11:06:07+00:00,1.5256950748735107,2.0
2025-09-29 11:06:08+00:00,1.612791327832383,2.0
2025-09-29 11:06:09+00:00,0.8930833101185272,0.0
2025-09-29 11:06:10+00:00,0.9058171568613034,0.0
2025-09-29 11:06:11+00:00,0.9533707006630721,0.0
2025-09-29 11:06:12+00:00,1.291566256157239,1.0
2025-09-29 11:06:13+00:00,1.438797250360949,2.0
2025-09-29 11:06:14+00:00,0.8623730498220539,0.0
2025-09-29 11:06:15+00:00,1.0215425440983381,0.0
2025-09-29 11:06:16+00:00,0.9049172250379343,0.0
2025-09-29 11:06:17+00:00,1.6846694989071693,2.0
2025-09-29 11:06:18+00:00,0.8888835116231348,0.0
2025-09-29 11:06:19+00:00,1.665048040173133,2.0
2025-09-29 11:06:20+00:00,0.605002211057581,0.0
2025-09-29 11:06:21+00:00,1.4094560217636172,2.0
2025-09-29 11:06:22+00:00,1.6299713206244633,2.0
2025-09-29 11:06:23+00:00,0.8066337951022433,0.0
2025-09-29 11:06:24+00:00,0.9638599447498564,0.0
2025-09-29 11:06:25+00:00,1.2401336261682445,1.0
2025-09-29 11:06:26+00:00,1.2839772783772787,1.0
2025-09-29 11:06:27+00:00,1.7419755060691386,2.0
2025-09-29 11:06:28+00:00,1.7356424023746513,2.0
2025-09-29 11:06:29+00:00,1.0024288523272844,0.0
2025-09-29 11:06:30+00:00,0.8415444160491461,0.0
2025-09-29 11:06:31+00:00,1.5932890192925697,2.0
2025-09-29 11:06:32+00:00,1.6088573266461026,2.0
2025-09-29 11:06:33+00:00,1.0540552335587563,0.0
2025-09-29 11:06:34+00:00,0.9174312751856633,0.0
2025-09-29 11:06:35+00:00,0.9655791492987191,0.0
2025-09-29 11:06:36+00:00,1.6049829693511128,2.0
2025-09-29 11:06:37+00:00,1.285593840002548,1.0
2025-09-29 11:06:38+00:00,0.7998461569077335,0.0
2025-09-29 11:06:39+00:00,1.2834231121087214,1.0
2025-09-29 11:06:40+00:00,1.3156635532941436,1.0
2025-09-29 11:06:41+00:00,1.7172565194487106,2.0
2025-09-29 11:06:42+00:00,0.8662367560027633,0.0
2025-09-29 11:06:43+00:00,1.7975582348153694,2.0
2025-09-29 11:06:44+00:00,0.7037298466893844,0.0
2025-09-29 11:06:45+00:00,1.326246819109656,1.0
2025-09-29 11:06:46+00:00,1.3135140608937945,1.0
2025-09-29 11:06:47+00:00,1.1274261973885586,1.0
2025-09-29 11:06:48+00:00,1.4340609025675803,2.0
2025-09-29 11:06:49+00:00,0.9574647463305155,0.0
2025-09-29 11:06:50+00:00,1.5986524774052668,2.0
2025-09-29 11:06:51+00:00,1.1668943258264335,1.0
2025-09-29 11:06:52+00:00,0.7509550786926411,0.0
2025-09-29 11:06:53+00:00,0.9819275745830964,0.0
2025-09-29 11:06:54+00:00,1.6616430140275043,2.0
2025-09-29 11:06:55+00:00,1.1001496721582953,0.0
2025-09-29 11:06:56+00:00,1.4210508918622509,2.0
2025-09-29 11:06:57+00:00,0.9321183427382493,0.0
2025-09-29 11:06:58+00:00,1.300691580880084,1.0
2025-09-29 11:06:59+00:00,1.5083241634856677,2.0
2025-09-29 11:07:00+00:00,1.605843373501557,2.0
2025-09-29 11:07:01+00:00,1.6187869228015188,2.0
2025-09-29 11:07:02+00:00,1.4945294798380928,2.0
2025-09-29 11:07:03+00:00,1.5360483729018597,2.0
2025-09-29 11:07:04+00:00,1.2350103465869324,1.0
2025-09-29 11:07:05+00:00,1.32089060623548,1.0
2025-09-29 11:07:06+00:00,1.0874592525797198,0.0
2025-09-29 11:07:07+00:00,1.283260866010096,1.0
2025-09-29 11:07:08+00:00,1.165962458762806,1.0
2025-09-29 11:07:09+00:00,0.9070666185289156,0.0
2025-09-29 11:07:10+00:00,1.0666944638214773,0.0
2025-09-29 11:07:11+00:00,1.5012219654745422,2.0
2025-09-29 11:07:12+00:00,1.3132092184969224,1.0
2025-09-29 11:07:13+00:00,1.156224680817104,1.0
2025-09-29 11:07:14+00:00,1.1318721718998859,1.0
2025-09-29 11:07:15+00:00,0.7632127559918445,0.0
2025-09-29 11:07:16+00:00,0.8264885381649947,0.0
2025-09-29 11:07:17+00:00,1.1040782243508147,1.0
2025-09-29 11:07:18+00:00,0.772495348166558,0.0
2025-09-29 11:07:19+00:00,0.9477428083773702,0.0
2025-09-29 11:07:20+00:00,1.3744530137919355,1.0
2025-09-29 11:07:21+00:00,1.3862103116407525,1.0
2025-09-29 11:07:22+00:00,0.778526661437354,0.0
2025-09-29 11:07:23+00:00,1.7141019913251512,2.0
2025-09-29 11:07:24+00:00,0.9705005731375422,0.0
2025-09-29 11:07:25+00:00,1.5247752438881435,2.0
2025-09-29 11:07:26+00:00,1.5016099630011013,2.0
2025-09-29 11:07:27+00:00,1.3372970411001006,1.0
2025-09-29 11:07:28+00:00,1.8480330873135244,2.0
2025-09-29 11:07:29+00:00,1.028488974829088,0.0
2025-09-29 11:07:30+00:00,1.1674297111167107,1.0
2025-09-29 11:07:31+00:00,1.3424895204370841,1.0
2025-09-29 11:07:32+00:00,0.840754642515094,0.0
2025-09-29 11:07:33+00:00,1.0414868108782684,0.0
2025-09-29 11:07:34+00:00,1.1135529346502153,1.0
2025-09-29 11:07:35+00:00,1.461314995380235,2.0
2025-09-29 11:07:36+00:00,1.5776494750462007,2.0
2025-09-29 11:07:37+00:00,1.0203163556288928,0.0
2025-09-29 11:07:38+00:00,1.1729199761030031,1.0
2025-09-29 11:07:39+00:00,1.446717740924214,2.0
2025-09-29 11:07:40+00:00,1.2587380731711164,1.0
2025-09-29 11:07:41+00:00,1.1898014136386337,1.0
2025-09-29 11:07:42+00:00,1.167118345561903,1.0
2025-09-29 11:07:43+00:00,1.3939963652956067,2.0
2025-09-29 11:07:44+00:00,1.4568951990804635,2.0
2025-09-29 11:07:45+00:00,1.4388889651163481,2.0
2025-09-29 11:07:46+00:00,1.4456630780769046,2.0
2025-09-29 11:07:47+00:00,1.0008014978957362,0.0
2025-09-29 11:07:48+00:00,0.7853186822467251,0.0
2025-09-29 11:07:49+00:00,1.1809709446824854,1.0
2025-09-29 11:07:50+00:00,0.9725428192032268,0.0
2025-09-29 11:07:51+00:00,1.4983313400443876,2.0
2025-09-29 11:07:52+00:00,1.2342626508616377,1.0
2025-09-29 11:07:53+00:00,0.8685204731591512,0.0
2025-09-29 11:07:54+00:00,1.0768742413638392,0.0
2025-09-29 11:07:55+00:00,1.7292253960185917,2.0
2025-09-29 11:07:56+00:00,1.5243123825785005,2.0
2025-09-29 11:07:57+00:00,0.9948802988801617,0.0
2025-09-29 11:07:58+00:00,1.1158443018066464,1.0
2025-09-29 11:07:59+00:00,1.4540292210731423,2.0
2025-09-29 11:08:00+00:00,1.2366943249799078,1.0
2025-09-29 11:08:01+00:00,1.3306517819437431,1.0
2025-09-29 11:08:02+00:00,1.68160184250155,2.0
2025-09-29 11:08:03+00:00,1.3860807968303561,1.0
2025-09-29 11:08:04+00:00,0.8649697267246665,0.0
2025-09-29 11:08:05+00:00,1.3887665247311816,2.0
2025-09-29 11:08:06+00:00,1.4601644619833678,2.0
2025-09-29 11:08:07+00:00,1.177210820664186,1.0
2025-09-29 11:08:08+00:00,1.7946240049641347,2.0
2025-09-29 11:08:09+00:00,1.7325053627137095,2.0
2025-09-29 11:08:10+00:00,1.0955222692864481,0.0
2025-09-29 11:08:11+00:00,1.0998132412787527,0.0
2025-09-29 11:08:12+00:00,0.7229219954460859,0.0
2025-09-29 11:08:13+00:00,0.8361411554360529,0.0
2025-09-29 11:08:14+00:00,1.3501953543891432,1.0
2025-09-29 11:08:15+00:00,1.8833756894164253,2.0
2025-09-29 11:08:16+00:00,1.7063325936323963,2.0
2025-09-29 11:08:17+00:00,0.7966199747315841,0.0
2025-09-29 11:08:18+00:00,0.8935150904871989,0.0
2025-09-29 11:08:19+00:00,1.2960102656070376,1.0
2025-09-29 11:08:20+00:00,0.9432581731962273,0.0
2025-09-29 11:08:21+00:00,1.4035908489895519,2.0
2025-09-29 11:08:22+00:00,1.2022440537548391,1.0
2025-09-29 11:08:23+00:00,1.3434551397658652,1.0
2025-09-29 11:08:24+00:00,0.9161752639629412,0.0
2025-09-29 11:08:25+00:00,1.6775193634966854,2.0
2025-09-29 11:08:26+00:00,1.0909577138954774,0.0
2025-09-29 11:08:27+00:00,1.084495289833285,0.0
2025-09-29 11:08:28+00:00,1.39056574118149,2.0
2025-09-29 11:08:29+00:00,1.558909367682645,2.0
2025-09-29 11:08:30+00:00,1.2970038367639063,1.0
2025-09-29 11:08:31+00:00,1.0726297856163,0.0
2025-09-29 11:08:32+00:00,1.1660529613145627,1.0
2025-09-29 11:08:33+00:00,1.0716607961512636,0.0
2025-09-29 11:08:34+00:00,0.9567418737133266,0.0
2025-09-29 11:08:35+00:00,1.3867146484990371,2.0
2025-09-29 11:08:36+00:00,1.3430212057864992,1.0
2025-09-29 11:08:37+00:00,1.345165260558133,1.0
2025-09-29 11:08:38+00:00,1.6939982643234544,2.0
2025-09-29 11:08:39+00:00,1.1649727484182222,1.0
2025-09-29 11:08:40+00:00,0.7965809918823652,0.0
2025-09-29 11:08:41+00:00,1.1740893865644466,1.0
2025-09-29 11:08:42+00:00,0.862690243506222,0.0
2025-09-29 11:08:43+00:00,1.3826372107723728,1.0
2025-09-29 11:08:44+00:00,0.9147542467399035,0.0
2025-09-29 11:08:45+00:00,0.8699160412797937,0.0
2025-09-29 11:08:46+00:00,0.6061398925230606,0.0
2025-09-29 11:08:47+00:00,0.7773128261760576,0.0
2025-09-29 11:08:48+00:00,0.5789350484847091,0.0
2025-09-29 11:08:49+00:00,1.1266108239797177,1.0
2025-09-29 11:08:50+00:00,1.1744890259142267,1.0
2025-09-29 11:08:51+00:00,1.0931026385514997,0.0
2025-09-29 11:08:52+00:00,0.9869128357968293,0.0
2025-09-29 11:08:53+00:00,1.1717781772749731,1.0
2025-09-29 11:08:54+00:00,1.6060931708052522,2.0
2025-09-29 11:08:55+00:00,1.8047875723568723,2.0
2025-09-29 11:08:56+00:00,1.0441500086599262,0.0
2025-09-29 11:08:57+00:00,1.2417993022681912,1.0
2025-09-29 11:08:58+00:00,1.4791876131057506,2.0
2025-09-29 11:08:59+00:00,1.598309301160043,2.0
2025-09-29 11:09:00+00:00,1.1558853591268416,1.0
2025-09-29 11:09:01+00:00,1.4730278019414982,2.0
2025-09-29 11:09:02+00:00,1.0899580151162809,0.0
2025-09-29 11:09:03+00:00,1.282870366354473,1.0
2025-09-29 11:09:04+00:00,1.3565786598919658,1.0
2025-09-29 11:09:05+00:00,0.8969031990127405,0.0
2025-09-29 11:09:06+00:00,0.7254753284651088,0.0
2025-09-29 11:09:07+00:00,0.8230089575517923,0.0
2025-09-29 11:09:08+00:00,1.1971191602642648,1.0
2025-09-29 11:09:09+00:00,1.2643176878627855,1.0
2025-09-29 11:09:10+00:00,1.196208480221685,1.0
2025-09-29 11:09:11+00:00,1.0742961208889028,0.0
2025-09-29 11:09:12+00:00,0.8849805414065486,0.0
2025-09-29 11:09:13+00:00,1.4597096538345795,2.0
2025-09-29 11:09:14+00:00,1.0298390239622677,0.0
2025-09-29 11:09:15+00:00,1.4610682267230004,2.0
2025-09-29 11:09:16+00:00,1.0000798115506768,0.0
2025-09-29 11:09:17+00:00,0.6474773054505931,0.0
2025-09-29 11:09:18+00:00,1.7633987968874862,2.0
2025-09-29 11:09:19+00:00,0.8660519581317203,0.0
2025-09-29 11:09:20+00:00,1.3357669482502388,1.0
2025-09-29 11:09:21+00:00,0.9156655853876146,0.0
2025-09-29 11:09:22+00:00,0.6426673753448995,0.0
2025-09-29 11:09:23+00:00,1.2840914373809937,1.0
2025-09-29 11:09:24+00:00,1.5892210413876455,2.0
2025-09-29 11:09:25+00:00,1.3254748733743327,1.0
2025-09-29 11:09:26+00:00,0.8268200509046437,0.0
2025-09-29 11:09:27+00:00,1.0415319751919014,0.0
2025-09-29 11:09:28+00:00,1.3293166710354853,1.0
2025-09-29 11:09:29+00:00,1.692480840254575,2.0
2025-09-29 11:09:30+00:00,1.1775474747119006,1.0
2025-09-29 11:09:31+00:00,0.8699843596405117,0.0
2025-09-29 11:09:32+00:00,0.8208763697475661,0.0
2025-09-29 11:09:33+00:00,1.5279158068733523,2.0
2025-09-29 11:09:34+00:00,1.2629874418926192,1.0
2025-09-29 11:09:35+00:00,0.8111609303741716,0.0
2025-09-29 11:09:36+00:00,1.2360875958256656,1.0
2025-09-29 11:09:37+00:00,1.558072355139302,2.0
2025-09-29 11:09:38+00:00,1.641471873546834,2.0
2025-09-29 11:09:39+00:00,1.1959785559593001,1.0
2025-09-29 11:09:40+00:00,0.8524289414635859,0.0
2025-09-29 11:09:41+00:00,0.9574367362947669,0.0
2025-09-29 11:09:42+00:00,1.187182356006815,1.0
2025-09-29 11:09:43+00:00,1.2965689093834953,1.0
2025-09-29 11:09:44+00:00,0.659353974609985,0.0
2025-09-29 11:09:45+00:00,1.048510873966734,0.0
2025-09-29 11:09:46+00:00,0.9746929988905322,0.0
2025-09-29 11:09:47+00:00,1.5108249047334539,2.0
2025-09-29 11:09:48+00:00,1.6764393666380784,2.0
2025-09-29 11:09:49+00:00,1.5724877366883447,2.0
2025-09-29 11:09:50+00:00,0.9381215407775017,0.0
2025-09-29 11:09:51+00:00,0.8575920390430838,0.0
2025-09-29 11:09:52+00:00,1.1821463633677922,1.0
2025-09-29 11:09:53+00:00,1.2764967274124501,1.0
2025-09-29 11:09:54+00:00,1.1390518988337135,1.0
2025-09-29 11:09:55+00:00,1.3253016667003976,1.0
2025-09-29 11:09:56+00:00,1.0094330503052333,0.0
2025-09-29 11:09:57+00:00,1.188211123473593,1.0
2025-09-29 11:09:58+00:00,0.6991373141354416,0.0
2025-09-29 11:09:59+00:00,0.7416332959401188,0.0
2025-09-29 11:10:00+00:00,1.4815410023438744,2.0
2025-09-29 11:10:01+00:00,1.3747376056562643,1.0
2025-09-29 11:10:02+00:00,1.2586733206553617,1.0
2025-09-29 11:10:03+00:00,1.112552990729455,1.0
2025-09-29 11:10:04+00:00,1.3627838292595698,1.0
2025-09-29 11:10:05+00:00,1.2983473433123436,1.0
2025-09-29 11:10:06+00:00,1.0976633250247687,0.0
2025-09-29 11:10:07+00:00,1.1244258381484542,1.0
2025-09-29 11:10:08+00:00,1.5317030380683718,2.0
2025-09-29 11:10:09+00:00,1.3702133464248618,1.0
2025-09-29 11:10:10+00:00,1.6827655617526034,2.0
2025-09-29 11:10:11+00:00,1.3060476211394416,1.0
2025-09-29 11:10:12+00:00,1.6997232113353675,2.0
2025-09-29 11:10:13+00:00,1.3804267349769361,1.0
2025-09-29 11:10:14+00:00,1.3809262483700877,1.0
2025-09-29 11:10:15+00:00,1.1534098048286978,1.0
2025-09-29 11:10:16+00:00,1.2751084993797122,1.0
2025-09-29 11:10:17+00:00,0.6076185315760085,0.0
2025-09-29 11:10:18+00:00,1.7609713766287314,2.0
2025-09-29 11:10:19+00:00,1.3576700782432454,1.0
2025-09-29 11:10:20+00:00,0.8080901791690849,0.0
2025-09-29 11:10:21+00:00,1.332545378478244,1.0
2025-09-29 11:10:22+00:00,1.0669090694136685,0.0
2025-09-29 11:10:23+00:00,1.631179685384268,2.0
2025-09-29 11:10:24+00:00,1.0711005265911808,0.0
2025-09-29 11:10:25+00:00,1.079548689405783,0.0
2025-09-29 11:10:26+00:00,1.433669502090197,2.0
2025-09-29 11:10:27+00:00,1.28000539491768,1.0
2025-09-29 11:10:28+00:00,1.1318920004268875,1.0
2025-09-29 11:10:29+00:00,1.2942565778066637,1.0
2025-09-29 11:10:30+00:00,1.2379554883373203,1.0
2025-09-29 11:10:31+00:00,1.0081207924085902,0.0
2025-09-29 11:10:32+00:00,1.3416682211391162,1.0
2025-09-29 11:10:33+00:00,1.0420292708295165,0.0
2025-09-29 11:10:34+00:00,1.2574475738219917,1.0
2025-09-29 11:10:35+00:00,1.663421014949563,2.0
2025-09-29 11:10:36+00:00,1.4486276810494019,2.0
2025-09-29 11:10:37+00:00,1.1960237475141184,1.0
2025-09-29 11:10:38+00:00,1.0072908259171527,0.0
2025-09-29 11:10:39+00:00,1.35376818968507,1.0
2025-09-29 11:10:40+00:00,0.8979696517490083,0.0
2025-09-29 11:10:41+00:00,0.613540653444943,0.0
2025-09-29 11:10:42+00:00,1.2438529916689731,1.0
2025-09-29 11:10:43+00:00,1.250633924282738,1.0
2025-09-29 11:10:44+00:00,1.2683296243922086,1.0
2025-09-29 11:10:45+00:00,1.0441949758242117,0.0
2025-09-29 11:10:46+00:00,1.7198803346109344,2.0
2025-09-29 11:10:47+00:00,1.4437106510449667,2.0
2025-09-29 11:10:48+00:00,1.5968049894436263,2.0
2025-09-29 11:10:49+00:00,0.959917274187319,0.0
2025-09-29 11:10:50+00:00,0.8169841785274912,0.0
2025-09-29 11:10:51+00:00,1.094348425831413,0.0
2025-09-29 11:10:52+00:00,1.6952874663547846,2.0
2025-09-29 11:10:53+00:00,0.9631926521251444,0.0
2025-09-29 11:10:54+00:00,0.9688304270530352,0.0
2025-09-29 11:10:55+00:00,1.4198595180205302,2.0
2025-09-29 11:10:56+00:00,1.3005394268839154,1.0
2025-09-29 11:10:57+00:00,1.4038884652254637,2.0
2025-09-29 11:10:58+00:00,0.872866385456291,0.0
2025-09-29 11:10:59+00:00,1.2659445973549737,1.0
2025-09-29 11:11:00+00:00,1.0643610395636642,0.0
2025-09-29 11:11:01+00:00,1.3382712120219367,1.0
2025-09-29 11:11:02+00:00,0.978892450890271,0.0
2025-09-29 11:11:03+00:00,1.2732122668385273,1.0
2025-09-29 11:11:04+00:00,1.2164502989908215,1.0
2025-09-29 11:11:05+00:00,1.4577393432991812,2.0
2025-09-29 11:11:06+00:00,1.0154748696513707,0.0
2025-09-29 11:11:07+00:00,1.2860124382423237,1.0
2025-09-29 11:11:08+00:00,1.2178858871775446,1.0
2025-09-29 11:11:09+00:00,1.0036530955549097,0.0
2025-09-29 11:11:10+00:00,1.5599723984923912,2.0
2025-09-29 11:11:11+00:00,1.2701685159554472,1.0
2025-09-29 11:11:12+00:00,1.440757329124608,2.0
2025-09-29 11:11:13+00:00,1.1760564141586656,1.0
2025-09-29 11:11:14+00:00,1.4596520544728264,2.0
2025-09-29 11:11:15+00:00,0.7814403759839479,0.0
2025-09-29 11:11:16+00:00,1.4375334141077474,2.0
2025-09-29 11:11:17+00:00,1.6278608036518563,2.0
2025-09-29 11:11:18+00:00,1.1552436643687543,1.0
2025-09-29 11:11:19+00:00,1.3281553590495605,1.0
2025-09-29 11:11:20+00:00,1.4805107581050834,2.0
2025-09-29 11:11:21+00:00,1.354059527933714,1.0
2025-09-29 11:11:22+00:00,1.4008484345249599,2.0
2025-09-29 11:11:23+00:00,1.4552790890447795,2.0
2025-09-29 11:11:24+00:00,1.2165573737729574,1.0
2025-09-29 11:11:25+00:00,1.0409023159882054,0.0
2025-09-29 11:11:26+00:00,1.2013267548754811,1.0
2025-09-29 11:11:27+00:00,1.5391760817874456,2.0
2025-09-29 11:11:28+00:00,1.5625468195794383,2.0
2025-09-29 11:11:29+00:00,1.12281101012195,1.0
2025-09-29 11:11:30+00:00,0.9424312264454784,0.0
2025-09-29 11:11:31+00:00,0.6384548920759698,0.0
2025-09-29 11:11:32+00:00,1.5110692247981206,2.0
2025-09-29 11:11:33+00:00,1.3962608905421803,2.0
2025-09-29 11:11:34+00:00,1.1637998728983803,1.0
2025-09-29 11:11:35+00:00,1.1535268314910354,1.0
2025-09-29 11:11:36+00:00,1.1267405017861165,1.0
2025-09-29 11:11:37+00:00,1.110475409324863,1.0
2025-09-29 11:11:38+00:00,1.3082686346315313,1.0
2025-09-29 11:11:39+00:00,1.406747293935041,2.0
2025-09-29 11:11:40+00:00,1.29071286036924,1.0
2025-09-29 11:11:41+00:00,1.8168237882200629,2.0
2025-09-29 11:11:42+00:00,1.5036059716221644,2.0
2025-09-29 11:11:43+00:00,1.302083761387621,1.0
2025-09-29 11:11:44+00:00,1.0846973624429666,0.0
2025-09-29 11:11:45+00:00,0.6138486738927895,0.0
2025-09-29 11:11:46+00:00,1.0826380200887797,0.0
2025-09-29 11:11:47+00:00,1.441364002210321,2.0
2025-09-29 11:11:48+00:00,1.607062661118107,2.0
2025-09-29 11:11:49+00:00,1.3656808709492907,1.0
2025-09-29 11:11:50+00:00,1.2239903981244424,1.0
2025-09-29 11:11:51+00:00,0.7581319676683052,0.0
2025-09-29 11:11:52+00:00,1.5620404983783374,2.0
2025-09-29 11:11:53+00:00,1.354784931827453,1.0
2025-09-29 11:11:54+00:00,1.2900634976103902,1.0
2025-09-29 11:11:55+00:00,0.8708673119690502,0.0
2025-09-29 11:11:56+00:00,0.9859180441708304,0.0
2025-09-29 11:11:57+00:00,1.1292376975907246,1.0
2025-09-29 11:11:58+00:00,1.1131927142851055,1.0
2025-09-29 11:11:59+00:00,1.3575512517563766,1.0
2025-09-29 11:12:00+00:00,1.243095887301024,1.0
2025-09-29 11:12:01+00:00,1.41982493265823,2.0
2025-09-29 11:12:02+00:00,1.517794643616071,2.0
2025-09-29 11:12:03+00:00,1.0777951229683822,0.0
2025-09-29 11:12:04+00:00,1.2927444042434217,1.0
2025-09-29 11:12:05+00:00,0.848891094661667,0.0
2025-09-29 11:12:06+00:00,1.6424778074142523,2.0
2025-09-29 11:12:07+00:00,0.9944455434742849,0.0
2025-09-29 11:12:08+00:00,1.4191641289216932,2.0
2025-09-29 11:12:09+00:00,1.6962398230680265,2.0
2025-09-29 11:12:10+00:00,1.4737476459122263,2.0
2025-09-29 11:12:11+00:00,1.0743659632425988,0.0
2025-09-29 11:12:12+00:00,1.1920496504171751,1.0
2025-09-29 11:12:13+00:00,1.1129320604668465,1.0
2025-09-29 11:12:14+00:00,0.9159784721268807,0.0
2025-09-29 11:12:15+00:00,1.2749338013818488,1.0
2025-09-29 11:12:16+00:00,1.5129211823659716,2.0
2025-09-29 11:12:17+00:00,1.5578681964834686,2.0
2025-09-29 11:12:18+00:00,1.463331187958829,2.0
2025-09-29 11:12:19+00:00,1.314433875726536,1.0
2025-09-29 11:12:20+00:00,1.1913592867349507,1.0
2025-09-29 11:12:21+00:00,0.8834428596164798,0.0
2025-09-29 11:12:22+00:00,1.27495671917859,1.0
2025-09-29 11:12:23+00:00,1.4864508718455909,2.0
2025-09-29 11:12:24+00:00,1.707692863419652,2.0
2025-09-29 11:12:25+00:00,1.1655952764995163,1.0
2025-09-29 11:12:26+00:00,1.7126515477139037,2.0
2025-09-29 11:12:27+00:00,0.6584759388351813,0.0
2025-09-29 11:12:28+00:00,1.3003934697335353,1.0
2025-09-29 11:12:29+00:00,1.3851565946824849,1.0
2025-09-29 11:12:30+00:00,1.0455226016929373,0.0
2025-09-29 11:12:31+00:00,1.3785869339335477,1.0
2025-09-29 11:12:32+00:00,1.2177222279715352,1.0
2025-09-29 11:12:33+00:00,1.4927965538663557,2.0
2025-09-29 11:12:34+00:00,1.0725397851347225,0.0
2025-09-29 11:12:35+00:00,1.5877144113037502,2.0
2025-09-29 11:12:36+00:00,1.2253033994493308,1.0
2025-09-29 11:12:37+00:00,1.3849371218821034,1.0
2025-09-29 11:12:38+00:00,1.099190335982712,0.0
2025-09-29 11:12:39+00:00,0.9014384017209522,0.0
2025-09-29 11:12:40+00:00,1.0950310510525014,0.0
2025-09-29 11:12:41+00:00,1.6255701817717636,2.0
2025-09-29 11:12:42+00:00,1.6046065558184637,2.0
2025-09-29 11:12:43+00:00,1.2907572698168224,1.0
2025-09-29 11:12:44+00:00,0.7669873922859551,0.0
2025-09-29 11:12:45+00:00,0.9742130630766042,0.0
2025-09-29 11:12:46+00:00,1.4771536608459428,2.0
2025-09-29 11:12:47+00:00,1.5144595259043854,2.0
2025-09-29 11:12:48+00:00,1.1734671336453175,1.0
2025-09-29 11:12:49+00:00,1.0910197970515583,0.0
2025-09-29 11:12:50+00:00,1.4906458881159779,2.0
2025-09-29 11:12:51+00:00,1.0563716238975758,0.0
2025-09-29 11:12:52+00:00,1.185777642094763,1.0
2025-09-29 11:12:53+00:00,1.1416204274864867,1.0
2025-09-29 11:12:54+00:00,1.6118135526776314,2.0
2025-09-29 11:12:55+00:00,1.2811645891924854,1.0
2025-09-29 11:12:56+00:00,0.8626103733404307,0.0
2025-09-29 11:12:57+00:00,0.7181799659592798,0.0
2025-09-29 11:12:58+00:00,1.469549080793513,2.0
2025-09-29 11:12:59+00:00,1.2727828579372726,1.0
2025-09-29 11:13:00+00:00,0.9285006835561944,0.0
2025-09-29 11:13:01+00:00,1.1085005067143356,1.0
2025-09-29 11:13:02+00:00,0.7652176545234397,0.0
2025-09-29 11:13:03+00:00,1.1318856467987644,1.0
2025-09-29 11:13:04+00:00,0.9840750423027202,0.0
2025-09-29 11:13:05+00:00,1.0848329174914397,0.0
2025-09-29 11:13:06+00:00,1.2066716197005007,1.0
2025-09-29 11:13:07+00:00,0.8026015109935543,0.0
2025-09-29 11:13:08+00:00,1.4034172359388322,2.0
2025-09-29 11:13:09+00:00,1.6872196063486626,2.0
2025-09-29 11:13:10+00:00,1.3814112777035916,1.0
2025-09-29 11:13:11+00:00,0.8102672065142542,0.0
2025-09-29 11:13:12+00:00,1.450093808976817,2.0
2025-09-29 11:13:13+00:00,1.8305265164235607,2.0
2025-09-29 11:13:14+00:00,1.3138295352546265,1.0
2025-09-29 11:13:15+00:00,1.254831035315874,1.0
2025-09-29 11:13:16+00:00,1.2437548000743845,1.0
2025-09-29 11:13:17+00:00,1.3059072448959341,1.0
2025-09-29 11:13:18+00:00,1.4645724506990518,2.0
2025-09-29 11:13:19+00:00,0.8707850082719233,0.0
2025-09-29 11:13:20+00:00,1.0439658805844374,0.0
2025-09-29 11:13:21+00:00,1.0758345367503352,0.0
2025-09-29 11:13:22+00:00,1.0603595193679212,0.0
2025-09-29 11:13:23+00:00,1.3172033271403052,1.0
2025-09-29 11:13:24+00:00,0.9058459214429604,0.0
2025-09-29 11:13:25+00:00,1.4571002933225827,2.0
2025-09-29 11:13:26+00:00,1.3498723014927236,1.0
2025-09-29 11:13:27+00:00,1.276075242261868,1.0
2025-09-29 11:13:28+00:00,1.1835449884238187,1.0
2025-09-29 11:13:29+00:00,1.077487740170909,0.0
2025-09-29 11:13:30+00:00,1.7091804290539585,2.0
2025-09-29 11:13:31+00:00,0.7861740221269429,0.0
2025-09-29 11:13:32+00:00,1.0225539448292693,0.0
2025-09-29 11:13:33+00:00,1.7606520045374054,2.0
2025-09-29 11:13:34+00:00,0.6774657777277753,0.0
2025-09-29 11:13:35+00:00,1.78567326029588,2.0
2025-09-29 11:13:36+00:00,1.0741540915041696,0.0
2025-09-29 11:13:37+00:00,1.478918590117246,2.0
2025-09-29 11:13:38+00:00,1.321561401404324,1.0
2025-09-29 11:13:39+00:00,1.8591406874038512,2.0
2025-09-29 11:13:40+00:00,1.1908677891042316,1.0
2025-09-29 11:13:41+00:00,1.5634270049195038,2.0
2025-09-29 11:13:42+00:00,1.2351750632515177,1.0
2025-09-29 11:13:43+00:00,1.1333417210844345,1.0
2025-09-29 11:13:44+00:00,1.1185230085829971,1.0
2025-09-29 11:13:45+00:00,1.4438779004267417,2.0
2025-09-29 11:13:46+00:00,1.0972177988151088,0.0
2025-09-29 11:13:47+00:00,1.2271277108375216,1.0
2025-09-29 11:13:48+00:00,1.2927099041698966,1.0
2025-09-29 11:13:49+00:00,1.694625662479666,2.0
2025-09-29 11:13:50+00:00,1.1866454564151354,1.0
2025-09-29 11:13:51+00:00,1.4738033317262307,2.0
2025-09-29 11:13:52+00:00,0.7887198393582366,0.0
2025-09-29 11:13:53+00:00,0.8575537683500443,0.0
2025-09-29 11:13:54+00:00,1.4228167276887689,2.0
2025-09-29 11:13:55+00:00,1.150761165365111,1.0
2025-09-29 11:13:56+00:00,0.9933045400830451,0.0
2025-09-29 11:13:57+00:00,1.27089084268664,1.0
2025-09-29 11:13:58+00:00,1.6669431088812416,2.0
2025-09-29 11:13:59+00:00,1.0892852334218333,0.0
2025-09-29 11:14:00+00:00,1.4212540728185559,2.0
2025-09-29 11:14:01+00:00,1.134289616064052,1.0
2025-09-29 11:14:02+00:00,1.1440077701263363,1.0
2025-09-29 11:14:03+00:00,1.6037246678461088,2.0
2025-09-29 11:14:04+00:00,1.6330527738464298,2.0
2025-09-29 11:14:05+00:00,1.4631286951480433,2.0
2025-09-29 11:14:06+00:00,0.8847601629677229,0.0
2025-09-29 11:14:07+00:00,0.9519140726624755,0.0
2025-09-29 11:14:08+00:00,0.7871230450837174,0.0
2025-09-29 11:14:09+00:00,1.3326753382280003,1.0
2025-09-29 11:14:10+00:00,0.9767517879081424,0.0
2025-09-29 11:14:11+00:00,1.1844611188280396,1.0
2025-09-29 11:14:12+00:00,1.373899986370816,1.0
2025-09-29 11:14:13+00:00,1.02200605685357,0.0
2025-09-29 11:14:14+00:00,1.3524880189361284,1.0
2025-09-29 11:14:15+00:00,1.2840961231122492,1.0
2025-09-29 11:14:16+00:00,1.5195724079094362,2.0
2025-09-29 11:14:17+00:00,1.2019940867758123,1.0
2025-09-29 11:14:18+00:00,1.1839092584123136,1.0
2025-09-29 11:14:19+00:00,1.3833466492942534,1.0
2025-09-29 11:14:20+00:00,1.4768585165729746,2.0
2025-09-29 11:14:21+00:00,1.46960027689056,2.0
2025-09-29 11:14:22+00:00,1.1075639360351488,1.0
2025-09-29 11:14:23+00:00,1.1709224162623286,1.0
2025-09-29 11:14:24+00:00,1.6580819078953937,2.0
2025-09-29 11:14:25+00:00,1.7946151945943711,2.0
2025-09-29 11:14:26+00:00,1.5797445225762203,2.0
2025-09-29 11:14:27+00:00,1.0687544297688873,0.0
2025-09-29 11:14:28+00:00,1.0596921640826622,0.0
2025-09-29 11:14:29+00:00,1.33620867539139,1.0
2025-09-29 11:14:30+00:00,0.9152741443249397,0.0
2025-09-29 11:14:31+00:00,1.2911207386787282,1.0
2025-09-29 11:14:32+00:00,1.0814436932414537,0.0
2025-09-29 11:14:33+00:00,0.7507530625007348,0.0
2025-09-29 11:14:34+00:00,0.9135867891891394,0.0
2025-09-29 11:14:35+00:00,1.2117356605886016,1.0
2025-09-29 11:14:36+00:00,0.9448319849179825,0.0
2025-09-29 11:14:37+00:00,1.1224323595670285,1.0
2025-09-29 11:14:38+00:00,1.1329909040796338,1.0
2025-09-29 11:14:39+00:00,1.2215686257259222,1.0
2025-09-29 11:14:40+00:00,1.4500329957081703,2.0
2025-09-29 11:14:41+00:00,1.3628568192361854,1.0
2025-09-29 11:14:42+00:00,1.4083686920057517,2.0
2025-09-29 11:14:43+00:00,1.473853008748847,2.0
2025-09-29 11:14:44+00:00,1.0393003971257713,0.0
2025-09-29 11:14:45+00:00,1.3704235598415835,1.0
2025-09-29 11:14:46+00:00,1.1642921380116604,1.0
2025-09-29 11:14:47+00:00,0.9823540432262234,0.0
2025-09-29 11:14:48+00:00,1.2884515002078842,1.0
2025-09-29 11:14:49+00:00,1.3951433804031694,2.0
2025-09-29 11:14:50+00:00,1.148901429551188,1.0
2025-09-29 11:14:51+00:00,1.2509670815779828,1.0
2025-09-29 11:14:52+00:00,1.3605657533626072,1.0
2025-09-29 11:14:53+00:00,1.4395798568002647,2.0
2025-09-29 11:14:54+00:00,1.220851856720401,1.0
2025-09-29 11:14:55+00:00,1.3001550239278004,1.0
2025-09-29 11:14:56+00:00,1.0497541331133107,0.0
2025-09-29 11:14:57+00:00,1.3139586940960726,1.0
2025-09-29 11:14:58+00:00,1.6891353143728338,2.0
2025-09-29 11:14:59+00:00,1.3795081625139574,1.0
2025-09-29 11:15:00+00:00,1.220980520316516,1.0
2025-09-29 11:15:01+00:00,1.1569482187769609,1.0
2025-09-29 11:15:02+00:00,1.3387160916463472,1.0
2025-09-29 11:15:03+00:00,1.5510130703187315,2.0
2025-09-29 11:15:04+00:00,0.7226803505909629,0.0
2025-09-29 11:15:05+00:00,1.1361890577682061,1.0
2025-09-29 11:15:06+00:00,0.9212423880235292,0.0
2025-09-29 11:15:07+00:00,1.0048657570732757,0.0
2025-09-29 11:15:08+00:00,1.252122218691511,1.0
2025-09-29 11:15:09+00:00,1.4650627601804445,2.0
2025-09-29 11:15:10+00:00,1.3862413525494048,1.0
2025-09-29 11:15:11+00:00,1.483012796175899,2.0
2025-09-29 11:15:12+00:00,1.2117140958580421,1.0
2025-09-29 11:15:13+00:00,1.7877744777797488,2.0
2025-09-29 11:15:14+00:00,1.611939892594819,2.0
2025-09-29 11:15:15+00:00,1.0260526810889132,0.0
2025-09-29 11:15:16+00:00,1.4240393335348926,2.0
2025-09-29 11:15:17+00:00,0.9173393481323728,0.0
2025-09-29 11:15:18+00:00,1.172351870467537,1.0
2025-09-29 11:15:19+00:00,1.0579658455681056,0.0
2025-09-29 11:15:20+00:00,1.0623358183220262,0.0
2025-09-29 11:15:21+00:00,1.1029585153009975,1.0
2025-09-29 11:15:22+00:00,1.4485959603334777,2.0
2025-09-29 11:15:23+00:00,1.3440057783009252,1.0
2025-09-29 11:15:24+00:00,1.2164720747969113,1.0
2025-09-29 11:15:25+00:00,1.3286655029660324,1.0
2025-09-29 11:15:26+00:00,0.9502227651391877,0.0
2025-09-29 11:15:27+00:00,1.1550080558517948,1.0
2025-09-29 11:15:28+00:00,1.2415753689710982,1.0
2025-09-29 11:15:29+00:00,1.4986399378685746,2.0
2025-09-29 11:15:30+00:00,1.198052704523434,1.0
2025-09-29 11:15:31+00:00,0.925790762543329,0.0
2025-09-29 11:15:32+00:00,1.3290835787629476,1.0
2025-09-29 11:15:33+00:00,1.6844785853900248,2.0
2025-09-29 11:15:34+00:00,1.315972175609204,1.0
2025-09-29 11:15:35+00:00,1.369191852514632,1.0
2025-09-29 11:15:36+00:00,1.4972331410535844,2.0
2025-09-29 11:15:37+00:00,1.3267068832210498,1.0
2025-09-29 11:15:38+00:00,0.6766135330108227,0.0
2025-09-29 11:15:39+00:00,0.7966475245921174,0.0
2025-09-29 11:15:40+00:00,0.9548681591550121,0.0
2025-09-29 11:15:41+00:00,0.882835662792786,0.0
2025-09-29 11:15:42+00:00,1.1632186221831944,1.0
2025-09-29 11:15:43+00:00,1.6522116058331449,2.0
2025-09-29 11:15:44+00:00,1.7296112965996144,2.0
2025-09-29 11:15:45+00:00,1.2588433815981261,1.0
2025-09-29 11:15:46+00:00,0.9983599903207505,0.0
2025-09-29 11:15:47+00:00,0.9547045428189449,0.0
2025-09-29 11:15:48+00:00,1.1365545706066769,1.0
2025-09-29 11:15:49+00:00,1.7059590838034637,2.0
2025-09-29 11:15:50+00:00,1.5657698595605325,2.0
2025-09-29 11:15:51+00:00,1.2013770399062196,1.0
2025-09-29 11:15:52+00:00,1.1836578147194814,1.0
2025-09-29 11:15:53+00:00,1.2675865910423454,1.0
2025-09-29 11:15:54+00:00,1.1669000173715176,1.0
2025-09-29 11:15:55+00:00,1.1359185795736266,1.0
2025-09-29 11:15:56+00:00,1.255705864095944,1.0
2025-09-29 11:15:57+00:00,1.3333956965070684,1.0
2025-09-29 11:15:58+00:00,1.4177101455570664,2.0
2025-09-29 11:15:59+00:00,1.14684249147831,1.0
2025-09-29 11:16:00+00:00,1.4138223511254182,2.0
2025-09-29 11:16:01+00:00,1.0830309120356105,0.0
2025-09-29 11:16:02+00:00,1.2942677496903343,1.0
2025-09-29 11:16:03+00:00,1.4447604034066899,2.0
2025-09-29 11:16:04+00:00,0.6259021272562677,0.0
2025-09-29 11:16:05+00:00,1.0206012303679017,0.0
2025-09-29 11:16:06+00:00,1.0820576982223429,0.0
2025-09-29 11:16:07+00:00,1.2624113088240847,1.0
2025-09-29 11:16:08+00:00,1.6170479869178962,2.0
2025-09-29 11:16:09+00:00,1.079027321713511,0.0
2025-09-29 11:16:10+00:00,0.9324236690008547,0.0
2025-09-29 11:16:11+00:00,1.8051190773840062,2.0
2025-09-29 11:16:12+00:00,0.6197658496384975,0.0
2025-09-29 11:16:13+00:00,1.1948748577269726,1.0
2025-09-29 11:16:14+00:00,0.9036018818005687,0.0
2025-09-29 11:16:15+00:00,1.4055860802909592,2.0
2025-09-29 11:16:16+00:00,0.9954141952184727,0.0
2025-09-29 11:16:17+00:00,1.319658842170611,1.0
2025-09-29 11:16:18+00:00,0.8288547015981749,0.0
2025-09-29 11:16:19+00:00,1.379865793758654,1.0
2025-09-29 11:16:20+00:00,0.8740203594934428,0.0
2025-09-29 11:16:21+00:00,1.0259056595969014,0.0
2025-09-29 11:16:22+00:00,1.5220320488442667,2.0
2025-09-29 11:16:23+00:00,0.7407986205798807,0.0
2025-09-29 11:16:24+00:00,1.818585424683988,2.0
2025-09-29 11:16:25+00:00,1.581729857614846,2.0
2025-09-29 11:16:26+00:00,1.518103328111465,2.0
2025-09-29 11:16:27+00:00,1.730433877572068,2.0
2025-09-29 11:16:28+00:00,1.1147184057044797,1.0
2025-09-29 11:16:29+00:00,0.8758371469302801,0.0
2025-09-29 11:16:30+00:00,0.8094041914009722,0.0
2025-09-29 11:16:31+00:00,1.2212336814700393,1.0
2025-09-29 11:16:32+00:00,0.9801740169787081,0.0
2025-09-29 11:16:33+00:00,0.8380983910174109,0.0
2025-09-29 11:16:34+00:00,1.1491697150777327,1.0
2025-09-29 11:16:35+00:00,1.6853682654182194,2.0
2025-09-29 11:16:36+00:00,0.8848990393744316,0.0
2025-09-29 11:16:37+00:00,1.1455711924063507,1.0
2025-09-29 11:16:38+00:00,0.9216209706646623,0.0
2025-09-29 11:16:39+00:00,1.2915009970456595,1.0
2025-09-29 11:16:40+00:00,1.1086545497673796,1.0
2025-09-29 11:16:41+00:00,1.2297252753487555,1.0
2025-09-29 11:16:42+00:00,1.3632648817438167,1.0
2025-09-29 11:16:43+00:00,1.5542268595017958,2.0
2025-09-29 11:16:44+00:00,0.6943770603102166,0.0
2025-09-29 11:16:45+00:00,1.3737953648815164,1.0
2025-09-29 11:16:46+00:00,1.5728638470318401,2.0
2025-09-29 11:16:47+00:00,1.6221622033772292,2.0
2025-09-29 11:16:48+00:00,1.5312558392324718,2.0
2025-09-29 11:16:49+00:00,1.7121670705528231,2.0
2025-09-29 11:16:50+00:00,1.2388718274305575,1.0
2025-09-29 11:16:51+00:00,1.4131221866846317,2.0
2025-09-29 11:16:52+00:00,0.862580230619642,0.0
2025-09-29 11:16:53+00:00,0.9384807346505113,0.0
2025-09-29 11:16:54+00:00,1.0675744933396345,0.0
2025-09-29 11:16:55+00:00,1.1262541145260911,1.0
2025-09-29 11:16:56+00:00,1.3318925687781302,1.0
2025-09-29 11:16:57+00:00,1.2102173211314948,1.0
2025-09-29 11:16:58+00:00,1.400411424707272,2.0
2025-09-29 11:16:59+00:00,0.8840072768507525,0.0
2025-09-29 11:17:00+00:00,0.8092552130838158,0.0
2025-09-29 11:17:01+00:00,1.3073143951623933,1.0
2025-09-29 11:17:02+00:00,1.3387017757049762,1.0
2025-09-29 11:17:03+00:00,1.25134624785278,1.0
2025-09-29 11:17:04+00:00,1.3152464913146105,1.0
2025-09-29 11:17:05+00:00,1.53253895555099,2.0
2025-09-29 11:17:06+00:00,0.916476305515971,0.0
2025-09-29 11:17:07+00:00,1.1869664672994986,1.0
2025-09-29 11:17:08+00:00,1.1104437340254663,1.0
2025-09-29 11:17:09+00:00,1.2888931300403783,1.0
2025-09-29 11:17:10+00:00,0.9908763130806619,0.0
2025-09-29 11:17:11+00:00,1.5053605315188179,2.0
2025-09-29 11:17:12+00:00,1.42178742789838,2.0
2025-09-29 11:17:13+00:00,1.0188772850960959,0.0
2025-09-29 11:17:14+00:00,1.2680211275728652,1.0
2025-09-29 11:17:15+00:00,1.2468719135213178,1.0
2025-09-29 11:17:16+00:00,1.2041099964844761,1.0
2025-09-29 11:17:17+00:00,0.7990761059627403,0.0
2025-09-29 11:17:18+00:00,1.4904214572306955,2.0
2025-09-29 11:17:19+00:00,0.9421668672002852,0.0
2025-09-29 11:17:20+00:00,0.8056254799157614,0.0
2025-09-29 11:17:21+00:00,1.256613833931624,1.0
2025-09-29 11:17:22+00:00,1.147908233862836,1.0
2025-09-29 11:17:23+00:00,0.9701150093314936,0.0
2025-09-29 11:17:24+00:00,1.712407539889682,2.0
2025-09-29 11:17:25+00:00,1.6320005080924602,2.0
2025-09-29 11:17:26+00:00,1.2609376706677722,1.0
2025-09-29 11:17:27+00:00,1.635589798548608,2.0
2025-09-29 11:17:28+00:00,0.9715302501717815,0.0
2025-09-29 11:17:29+00:00,1.7522936724853935,2.0
2025-09-29 11:17:30+00:00,1.7283950529817957,2.0
2025-09-29 11:17:31+00:00,1.5805976073170314,2.0
2025-09-29 11:17:32+00:00,0.8892513778846478,0.0
2025-09-29 11:17:33+00:00,1.2989201329182833,1.0
2025-09-29 11:17:34+00:00,0.9796281189774163,0.0
2025-09-29 11:17:35+00:00,1.4915917607140727,2.0
2025-09-29 11:17:36+00:00,1.222886581090279,1.0
2025-09-29 11:17:37+00:00,0.8731059178535361,0.0
2025-09-29 11:17:38+00:00,1.3381352326105116,1.0
2025-09-29 11:17:39+00:00,1.0610015291022137,0.0
2025-09-29 11:17:40+00:00,0.7041339048009831,0.0
2025-09-29 11:17:41+00:00,1.2374558966985205,1.0
2025-09-29 11:17:42+00:00,1.1344375383050647,1.0
2025-09-29 11:17:43+00:00,1.7638985707744723,2.0
2025-09-29 11:17:44+00:00,1.0194737038837047,0.0
2025-09-29 11:17:45+00:00,1.776325588740292,2.0
2025-09-29 11:17:46+00:00,1.2191913389397087,1.0
2025-09-29 11:17:47+00:00,1.1052856301539578,1.0
2025-09-29 11:17:48+00:00,1.7066312275856035,2.0
2025-09-29 11:17:49+00:00,1.3996645209990675,2.0
2025-09-29 11:17:50+00:00,1.367788499002927,1.0
2025-09-29 11:17:51+00:00,1.8893745501845842,2.0
2025-09-29 11:17:52+00:00,0.5734674145351164,0.0
2025-09-29 11:17:53+00:00,0.8282511173310922,0.0
2025-09-29 11:17:54+00:00,1.279518178635044,1.0
2025-09-29 11:17:55+00:00,1.2938737825897988,1.0
2025-09-29 11:17:56+00:00,1.6106990253028926,2.0
2025-09-29 11:17:57+00:00,1.4521426929568406,2.0
2025-09-29 11:17:58+00:00,1.2248221048066625,1.0
2025-09-29 11:17:59+00:00,1.365341701399302,1.0
2025-09-29 11:18:00+00:00,1.8575973641709425,2.0
2025-09-29 11:18:01+00:00,1.3507628921215655,1.0
2025-09-29 11:18:02+00:00,1.603212089787121,2.0
2025-09-29 11:18:03+00:00,1.1763309587113326,1.0
2025-09-29 11:18:04+00:00,1.4722778483410366,2.0
2025-09-29 11:18:05+00:00,1.1822918246907648,1.0
2025-09-29 11:18:06+00:00,1.1346688631747384,1.0
2025-09-29 11:18:07+00:00,1.5745037430315278,2.0
2025-09-29 11:18:08+00:00,1.5517215581639903,2.0
2025-09-29 11:18:09+00:00,0.8836107275128597,0.0
2025-09-29 11:18:10+00:00,1.1836791156238178,1.0
2025-09-29 11:18:11+00:00,0.9208731378457742,0.0
2025-09-29 11:18:12+00:00,1.2660624683339847,1.0
2025-09-29 11:18:13+00:00,1.4108251808065688,2.0
2025-09-29 11:18:14+00:00,1.3913562748930417,2.0
2025-09-29 11:18:15+00:00,1.250800644804258,1.0
2025-09-29 11:18:16+00:00,1.8961958222353132,2.0
2025-09-29 11:18:17+00:00,0.702733898157021,0.0
2025-09-29 11:18:18+00:00,0.8157512368052267,0.0
2025-09-29 11:18:19+00:00,1.4652830657287268,2.0
2025-09-29 11:18:20+00:00,0.6922252467775252,0.0
2025-09-29 11:18:21+00:00,1.086241852855892,0.0
2025-09-29 11:18:22+00:00,1.029249243583763,0.0
2025-09-29 11:18:23+00:00,0.9800247570528882,0.0
2025-09-29 11:18:24+00:00,0.9158487048407551,0.0
2025-09-29 11:18:25+00:00,1.6658070907724323,2.0
2025-09-29 11:18:26+00:00,1.5715530187590048,2.0
2025-09-29 11:18:27+00:00,1.4539959297399037,2.0
2025-09-29 11:18:28+00:00,1.517260269713006,2.0
2025-09-29 11:18:29+00:00,1.1865745835530106,1.0
2025-09-29 11:18:30+00:00,1.4161094807059271,2.0
2025-09-29 11:18:31+00:00,1.4080377427017083,2.0
2025-09-29 11:18:32+00:00,1.4155205834977096,2.0
2025-09-29 11:18:33+00:00,1.8056697975989664,2.0
2025-09-29 11:18:34+00:00,1.1741493859299226,1.0
2025-09-29 11:18:35+00:00,1.1625060627993662,1.0
2025-09-29 11:18:36+00:00,1.3686808613711037,1.0
2025-09-29 11:18:37+00:00,0.9914850006171037,0.0
2025-09-29 11:18:38+00:00,1.0838553677895106,0.0
2025-09-29 11:18:39+00:00,1.5131593881378649,2.0
2025-09-29 11:18:40+00:00,1.1775173054629704,1.0
2025-09-29 11:18:41+00:00,0.8475667607272044,0.0
2025-09-29 11:18:42+00:00,1.38294458152086,1.0
2025-09-29 11:18:43+00:00,0.9625324403314153,0.0
2025-09-29 11:18:44+00:00,1.3340558252384653,1.0
2025-09-29 11:18:45+00:00,1.1277678571495926,1.0
2025-09-29 11:18:46+00:00,1.4882105930446414,2.0
2025-09-29 11:18:47+00:00,1.545803553337464,2.0
2025-09-29 11:18:48+00:00,0.9520887069375021,0.0
2025-09-29 11:18:49+00:00,1.2640316764445743,1.0
2025-09-29 11:18:50+00:00,1.6631709505163599,2.0
2025-09-29 11:18:51+00:00,0.7448474203119986,0.0
2025-09-29 11:18:52+00:00,0.8577455969352741,0.0
2025-09-29 11:18:53+00:00,1.1485780294024153,1.0
2025-09-29 11:18:54+00:00,1.1463474570482504,1.0
2025-09-29 11:18:55+00:00,1.583014559597359,2.0
2025-09-29 11:18:56+00:00,1.6216213071747916,2.0
2025-09-29 11:18:57+00:00,1.2892328388843453,1.0
2025-09-29 11:18:58+00:00,1.6412376845109975,2.0
2025-09-29 11:18:59+00:00,1.4003882182441885,2.0
2025-09-29 11:19:00+00:00,0.7634124677133514,0.0
2025-09-29 11:19:01+00:00,1.1378458958206465,1.0
2025-09-29 11:19:02+00:00,0.6091159484931268,0.0
2025-09-29 11:19:03+00:00,1.5135920363973128,2.0
2025-09-29 11:19:04+00:00,1.011415596192819,0.0
2025-09-29 11:19:05+00:00,1.421011202095542,2.0
2025-09-29 11:19:06+00:00,1.4683283791528083,2.0
2025-09-29 11:19:07+00:00,1.283728853915818,1.0
2025-09-29 11:19:08+00:00,1.6989801839954453,2.0
2025-09-29 11:19:09+00:00,1.3092442773195216,1.0
2025-09-29 11:19:10+00:00,1.1704153864266118,1.0
2025-09-29 11:19:11+00:00,0.815337358348188,0.0
2025-09-29 11:19:12+00:00,1.2066568475274835,1.0
2025-09-29 11:19:13+00:00,1.0256499631650513,0.0
2025-09-29 11:19:14+00:00,1.2257955606037285,1.0
2025-09-29 11:19:15+00:00,1.0086293801723514,0.0
2025-09-29 11:19:16+00:00,1.645846806874033,2.0
2025-09-29 11:19:17+00:00,0.821776348471758,0.0
2025-09-29 11:19:18+00:00,1.3100431814964395,1.0
2025-09-29 11:19:19+00:00,1.2380352126492653,1.0
2025-09-29 11:19:20+00:00,1.2512644980597543,1.0
2025-09-29 11:19:21+00:00,1.444430994670256,2.0
2025-09-29 11:19:22+00:00,1.4545638669078471,2.0
2025-09-29 11:19:23+00:00,1.079852962764562,0.0
2025-09-29 11:19:24+00:00,1.545780107335304,2.0
2025-09-29 11:19:25+00:00,1.0829652720858576,0.0
2025-09-29 11:19:26+00:00,0.8869647682731738,0.0
2025-09-29 11:19:27+00:00,0.7414174453733722,0.0
2025-09-29 11:19:28+00:00,1.5342977125401376,2.0
2025-09-29 11:19:29+00:00,0.8904602348193293,0.0
2025-09-29 11:19:30+00:00,1.8172295975673478,2.0
2025-09-29 11:19:31+00:00,1.5587918351375265,2.0
2025-09-29 11:19:32+00:00,1.2239743039535824,1.0
2025-09-29 11:19:33+00:00,1.365474879508838,1.0
2025-09-29 11:19:34+00:00,1.0140051949274493,0.0
2025-09-29 11:19:35+00:00,1.62703899150074,2.0
2025-09-29 11:19:36+00:00,1.210173906525597,1.0
2025-09-29 11:19:37+00:00,1.2848369922139682,1.0
2025-09-29 11:19:38+00:00,1.3747715508652618,1.0
2025-09-29 11:19:39+00:00,0.9513930276298197,0.0
2025-09-29 11:19:40+00:00,1.1678956292162184,1.0
2025-09-29 11:19:41+00:00,1.278427492492483,1.0
2025-09-29 11:19:42+00:00,1.4116227897175122,2.0
2025-09-29 11:19:43+00:00,1.5947448419901775,2.0
2025-09-29 11:19:44+00:00,1.2351390625117347,1.0
2025-09-29 11:19:45+00:00,1.0916135383740766,0.0
2025-09-29 11:19:46+00:00,1.4854214736260474,2.0
2025-09-29 11:19:47+00:00,0.7323913734289818,0.0
2025-09-29 11:19:48+00:00,1.5965884324978106,2.0
2025-09-29 11:19:49+00:00,1.6242123477859423,2.0
2025-09-29 11:19:50+00:00,1.0984141356311738,0.0
2025-09-29 11:19:51+00:00,1.647422760099289,2.0
2025-09-29 11:19:52+00:00,0.9314437810244272,0.0
2025-09-29 11:19:53+00:00,1.1375578425067943,1.0
2025-09-29 11:19:54+00:00,1.4499929492594674,2.0
2025-09-29 11:19:55+00:00,1.1322214743850054,1.0
2025-09-29 11:19:56+00:00,0.9018480988161173,0.0
2025-09-29 11:19:57+00:00,1.7250844787340611,2.0
2025-09-29 11:19:58+00:00,1.349398667778587,1.0
2025-09-29 11:19:59+00:00,1.8531954235222656,2.0
2025-09-29 11:20:00+00:00,0.9183713867532788,0.0
2025-09-29 11:20:01+00:00,1.7383286614494864,2.0
2025-09-29 11:20:02+00:00,1.1622880553914001,1.0
2025-09-29 11:20:03+00:00,1.1779906220472185,1.0
2025-09-29 11:20:04+00:00,1.1876307240163442,1.0
2025-09-29 11:20:05+00:00,1.3954443322436418,2.0
2025-09-29 11:20:06+00:00,1.1668385705415858,1.0
2025-09-29 11:20:07+00:00,1.1607216678239638,1.0
2025-09-29 11:20:08+00:00,1.398768124243361,2.0
2025-09-29 11:20:09+00:00,1.712265098001808,2.0
2025-09-29 11:20:10+00:00,0.9129551746736979,0.0
2025-09-29 11:20:11+00:00,1.1033507145621115,1.0
2025-09-29 11:20:12+00:00,1.4212176333094249,2.0
2025-09-29 11:20:13+00:00,1.5553656591364415,2.0
2025-09-29 11:20:14+00:00,1.3408764449413866,1.0
2025-09-29 11:20:15+00:00,1.237594173886464,1.0
2025-09-29 11:20:16+00:00,1.2866584082948975,1.0
2025-09-29 11:20:17+00:00,0.677055409832974,0.0
2025-09-29 11:20:18+00:00,1.6311464902828448,2.0
2025-09-29 11:20:19+00:00,0.8763270263734739,0.0
2025-09-29 11:20:20+00:00,0.9961328403442167,0.0
2025-09-29 11:20:21+00:00,1.141687445633579,1.0
2025-09-29 11:20:22+00:00,1.5641453108255519,2.0
2025-09-29 11:20:23+00:00,1.1469556355295936,1.0
2025-09-29 11:20:24+00:00,1.084629641380161,0.0
2025-09-29 11:20:25+00:00,1.2188698132522404,1.0
2025-09-29 11:20:26+00:00,1.0142480256618,0.0
2025-09-29 11:20:27+00:00,0.9209449355548713,0.0
2025-09-29 11:20:28+00:00,1.525169604617986,2.0
2025-09-29 11:20:29+00:00,1.1137150075956015,1.0
2025-09-29 11:20:30+00:00,1.037694648723118,0.0
2025-09-29 11:20:31+00:00,1.202254647942027,1.0
2025-09-29 11:20:32+00:00,1.5783139316772576,2.0
2025-09-29 11:20:33+00:00,1.586908267083345,2.0
2025-09-29 11:20:34+00:00,1.3145972941274522,1.0
2025-09-29 11:20:35+00:00,1.2575444382382557,1.0
2025-09-29 11:20:36+00:00,0.9297186780895572,0.0
2025-09-29 11:20:37+00:00,1.3922317969991127,2.0
2025-09-29 11:20:38+00:00,1.3671715975942789,1.0
2025-09-29 11:20:39+00:00,1.5165810331818648,2.0
2025-09-29 11:20:40+00:00,1.3864687172317645,2.0
2025-09-29 11:20:41+00:00,1.556388691518805,2.0
2025-09-29 11:20:42+00:00,1.2010177052870858,1.0
2025-09-29 11:20:43+00:00,1.1058108151919441,1.0
2025-09-29 11:20:44+00:00,1.0312305935658514,0.0
2025-09-29 11:20:45+00:00,0.7489660887804348,0.0
2025-09-29 11:20:46+00:00,0.9794277909095399,0.0
2025-09-29 11:20:47+00:00,1.5039446839218726,2.0
2025-09-29 11:20:48+00:00,1.2177177541743731,1.0
2025-09-29 11:20:49+00:00,0.7014087468560319,0.0
2025-09-29 11:20:50+00:00,1.8405576345248846,2.0
2025-09-29 11:20:51+00:00,1.2155365209764568,1.0
2025-09-29 11:20:52+00:00,0.8362453461450059,0.0
2025-09-29 11:20:53+00:00,1.0585911022935761,0.0
2025-09-29 11:20:54+00:00,1.0180118937132647,0.0
2025-09-29 11:20:55+00:00,0.9786139372590696,0.0
2025-09-29 11:20:56+00:00,1.573660651629325,2.0
2025-09-29 11:20:57+00:00,1.1719616529007908,1.0
2025-09-29 11:20:58+00:00,0.9430715731432429,0.0
2025-09-29 11:20:59+00:00,0.8803486240794882,0.0
2025-09-29 11:21:00+00:00,1.4560815014410764,2.0
2025-09-29 11:21:01+00:00,1.5386082317854743,2.0
2025-09-29 11:21:02+00:00,1.330029249889776,1.0
2025-09-29 11:21:03+00:00,1.6677330386155518,2.0
2025-09-29 11:21:04+00:00,1.2904047000338323,1.0
2025-09-29 11:21:05+00:00,0.8094982778129634,0.0
2025-09-29 11:21:06+00:00,1.7390151518484345,2.0
2025-09-29 11:21:07+00:00,1.4664261154539417,2.0
2025-09-29 11:21:08+00:00,1.80955480573175,2.0
2025-09-29 11:21:09+00:00,1.431872658082284,2.0
2025-09-29 11:21:10+00:00,1.3364027334173443,1.0
2025-09-29 11:21:11+00:00,1.4160185137880035,2.0
2025-09-29 11:21:12+00:00,1.1965497874480207,1.0
2025-09-29 11:21:13+00:00,0.9281213131180266,0.0
2025-09-29 11:21:14+00:00,1.4589729157451075,2.0
2025-09-29 11:21:15+00:00,1.3460879136255244,1.0
2025-09-29 11:21:16+00:00,1.1378745206311578,1.0
2025-09-29 11:21:17+00:00,1.0565346991934348,0.0
2025-09-29 11:21:18+00:00,1.0309775278292364,0.0
2025-09-29 11:21:19+00:00,1.3944226547901053,2.0
2025-09-29 11:21:20+00:00,1.2023080436047167,1.0
2025-09-29 11:21:21+00:00,1.0237157839001156,0.0
2025-09-29 11:21:22+00:00,1.9355058721412206,2.0
2025-09-29 11:21:23+00:00,1.2864790585445007,1.0
2025-09-29 11:21:24+00:00,1.015061328173033,0.0
2025-09-29 11:21:25+00:00,1.3005470983480336,1.0
2025-09-29 11:21:26+00:00,1.4565139766491484,2.0
2025-09-29 11:21:27+00:00,1.65867911571695,2.0
2025-09-29 11:21:28+00:00,0.8416671520244563,0.0
2025-09-29 11:21:29+00:00,1.010413801210234,0.0
2025-09-29 11:21:30+00:00,1.373192406113958,1.0
2025-09-29 11:21:31+00:00,1.4614901558088604,2.0
2025-09-29 11:21:32+00:00,1.3103247244289378,1.0
2025-09-29 11:21:33+00:00,1.1012589485326316,0.0
2025-09-29 11:21:34+00:00,1.5735401698184432,2.0
2025-09-29 11:21:35+00:00,0.9685388338839402,0.0
2025-09-29 11:21:36+00:00,1.3027686076093232,1.0
2025-09-29 11:21:37+00:00,1.7289951827697223,2.0
2025-09-29 11:21:38+00:00,0.9968656052806182,0.0
2025-09-29 11:21:39+00:00,1.2505572305526584,1.0
2025-09-29 11:21:40+00:00,1.234859130854602,1.0
2025-09-29 11:21:41+00:00,1.2123441762814764,1.0
2025-09-29 11:21:42+00:00,1.2565373326069675,1.0
2025-09-29 11:21:43+00:00,1.7294181341858348,2.0
2025-09-29 11:21:44+00:00,1.2224647804105189,1.0
2025-09-29 11:21:45+00:00,1.095137347074342,0.0
2025-09-29 11:21:46+00:00,0.9117032009962713,0.0
2025-09-29 11:21:47+00:00,1.5579646390979178,2.0
2025-09-29 11:21:48+00:00,1.2961264881596435,1.0
2025-09-29 11:21:49+00:00,1.728663138957927,2.0
2025-09-29 11:21:50+00:00,1.0737727154337335,0.0
2025-09-29 11:21:51+00:00,0.7066176161170006,0.0
2025-09-29 11:21:52+00:00,1.0447397401876515,0.0
2025-09-29 11:21:53+00:00,1.238009845270426,1.0
2025-09-29 11:21:54+00:00,1.237346224472276,1.0
2025-09-29 11:21:55+00:00,1.4264672612334834,2.0
2025-09-29 11:21:56+00:00,0.7159325283282669,0.0
2025-09-29 11:21:57+00:00,0.6236590058397269,0.0
2025-09-29 11:21:58+00:00,1.7351572480984032,2.0
2025-09-29 11:21:59+00:00,1.1454938171664253,1.0
2025-09-29 11:22:00+00:00,0.8669489853346022,0.0
2025-09-29 11:22:01+00:00,1.6171701718267286,2.0
2025-09-29 11:22:02+00:00,0.6814537337049842,0.0
2025-09-29 11:22:03+00:00,1.1868310255085817,1.0
2025-09-29 11:22:04+00:00,1.3961647951655323,2.0
2025-09-29 11:22:05+00:00,1.3490443352638977,1.0
2025-09-29 11:22:06+00:00,0.6105150388320908,0.0
2025-09-29 11:22:07+00:00,1.762187713451567,2.0
2025-09-29 11:22:08+00:00,1.3953595206112368,2.0
2025-09-29 11:22:09+00:00,1.3051935040857643,1.0
2025-09-29 11:22:10+00:00,1.4338506670319475,2.0
2025-09-29 11:22:11+00:00,1.030899036602932,0.0
2025-09-29 11:22:12+00:00,1.2200725738948677,1.0
2025-09-29 11:22:13+00:00,0.7178403035650263,0.0
2025-09-29 11:22:14+00:00,1.2948278707190184,1.0
2025-09-29 11:22:15+00:00,1.3408574903587578,1.0
2025-09-29 11:22:16+00:00,0.9929652733844705,0.0
2025-09-29 11:22:17+00:00,1.5520996028353693,2.0
2025-09-29 11:22:18+00:00,1.6066143944917712,2.0
2025-09-29 11:22:19+00:00,1.4629435003298568,2.0
2025-09-29 11:22:20+00:00,0.9014973636367358,0.0
2025-09-29 11:22:21+00:00,1.4656765853287652,2.0
2025-09-29 11:22:22+00:00,1.2725704534823308,1.0
2025-09-29 11:22:23+00:00,1.0830562437622575,0.0
2025-09-29 11:22:24+00:00,0.8293991222599288,0.0
2025-09-29 11:22:25+00:00,0.7770931150735123,0.0
2025-09-29 11:22:26+00:00,1.4621149172598962,2.0
2025-09-29 11:22:27+00:00,0.9380500837869477,0.0
2025-09-29 11:22:28+00:00,1.3627191199338995,1.0
2025-09-29 11:22:29+00:00,1.3266775443771621,1.0
2025-09-29 11:22:30+00:00,1.1768996097671334,1.0
2025-09-29 11:22:31+00:00,1.3006375211698469,1.0
2025-09-29 11:22:32+00:00,1.3186955220007803,1.0
2025-09-29 11:22:33+00:00,1.3834469333814923,1.0
2025-09-29 11:22:34+00:00,1.7583220160158817,2.0
2025-09-29 11:22:35+00:00,1.550255183232366,2.0
2025-09-29 11:22:36+00:00,1.2811203292367281,1.0
2025-09-29 11:22:37+00:00,1.3258574304054491,1.0
2025-09-29 11:22:38+00:00,1.4870253911794862,2.0
2025-09-29 11:22:39+00:00,1.2380446464085253,1.0
2025-09-29 11:22:40+00:00,1.3723929577099625,1.0
2025-09-29 11:22:41+00:00,1.6228733990719775,2.0
2025-09-29 11:22:42+00:00,1.3851005941978656,1.0
2025-09-29 11:22:43+00:00,1.4571407237526728,2.0
2025-09-29 11:22:44+00:00,1.048510141146835,0.0
2025-09-29 11:22:45+00:00,1.163954461866524,1.0
2025-09-29 11:22:46+00:00,1.1945484746975126,1.0
2025-09-29 11:22:47+00:00,1.0685992420912953,0.0
2025-09-29 11:22:48+00:00,1.3774909198400564,1.0
2025-09-29 11:22:49+00:00,1.220649464201415,1.0
2025-09-29 11:22:50+00:00,1.045990079859621,0.0
2025-09-29 11:22:51+00:00,0.8482034397311509,0.0
2025-09-29 11:22:52+00:00,1.3751375141291646,1.0
2025-09-29 11:22:53+00:00,1.5388349878339795,2.0
2025-09-29 11:22:54+00:00,1.1035006566526135,1.0
2025-09-29 11:22:55+00:00,1.629509468926699,2.0
2025-09-29 11:22:56+00:00,1.708717667075689,2.0
2025-09-29 11:22:57+00:00,1.2468036667705746,1.0
2025-09-29 11:22:58+00:00,0.8327828445762862,0.0
2025-09-29 11:22:59+00:00,1.322897714082501,1.0
2025-09-29 11:23:00+00:00,0.8988349290739279,0.0
2025-09-29 11:23:01+00:00,1.1370191265305039,1.0
2025-09-29 11:23:02+00:00,1.075591542670736,0.0
2025-09-29 11:23:03+00:00,1.8683679829118773,2.0
2025-09-29 11:23:04+00:00,1.470037597231567,2.0
2025-09-29 11:23:05+00:00,1.629037146034534,2.0
2025-09-29 11:23:06+00:00,1.4409870170929935,2.0
2025-09-29 11:23:07+00:00,1.8890710143314209,2.0
2025-09-29 11:23:08+00:00,1.274500945393811,1.0
2025-09-29 11:23:09+00:00,1.446597752001253,2.0
2025-09-29 11:23:10+00:00,0.9920844896114431,0.0
2025-09-29 11:23:11+00:00,1.5888036982360063,2.0
2025-09-29 11:23:12+00:00,1.1660645585798193,1.0
2025-09-29 11:23:13+00:00,1.7104147010104498,2.0
2025-09-29 11:23:14+00:00,1.5929076537140645,2.0
2025-09-29 11:23:15+00:00,1.1346493855089648,1.0
2025-09-29 11:23:16+00:00,1.7142369626380969,2.0
2025-09-29 11:23:17+00:00,1.482240791330696,2.0
2025-09-29 11:23:18+00:00,1.329450452409219,1.0
2025-09-29 11:23:19+00:00,0.8569054705876624,0.0
2025-09-29 11:23:20+00:00,1.5297553625277942,2.0
2025-09-29 11:23:21+00:00,1.3057734551402973,1.0
2025-09-29 11:23:22+00:00,1.3541564046026906,1.0
2025-09-29 11:23:23+00:00,1.1489627774135442,1.0
2025-09-29 11:23:24+00:00,1.1474492245906731,1.0
2025-09-29 11:23:25+00:00,1.5732438591076061,2.0
2025-09-29 11:23:26+00:00,0.8744668964500306,0.0
2025-09-29 11:23:27+00:00,1.2141875944216736,1.0
2025-09-29 11:23:28+00:00,1.0551499517750926,0.0
2025-09-29 11:23:29+00:00,0.8821523807564517,0.0
2025-09-29 11:23:30+00:00,1.533654822211247,2.0
2025-09-29 11:23:31+00:00,1.473349126856192,2.0
2025-09-29 11:23:32+00:00,1.4238417601736728,2.0
2025-09-29 11:23:33+00:00,1.0115423739334801,0.0
2025-09-29 11:23:34+00:00,0.7994966096157441,0.0
2025-09-29 11:23:35+00:00,1.429038691232563,2.0
2025-09-29 11:23:36+00:00,1.6036930794653017,2.0
2025-09-29 11:23:37+00:00,1.3886095014313469,2.0
2025-09-29 11:23:38+00:00,1.1285904370306525,1.0
2025-09-29 11:23:39+00:00,1.458263062304468,2.0
2025-09-29 11:23:40+00:00,1.8339683831582079,2.0
2025-09-29 11:23:41+00:00,1.3935903063247679,2.0
2025-09-29 11:23:42+00:00,1.0730915801541414,0.0
2025-09-29 11:23:43+00:00,1.180587688475498,1.0
2025-09-29 11:23:44+00:00,1.3352028668887215,1.0
2025-09-29 11:23:45+00:00,1.332857121815323,1.0
2025-09-29 11:23:46+00:00,1.3786726106482092,1.0
2025-09-29 11:23:47+00:00,1.2500622502848273,1.0
2025-09-29 11:23:48+00:00,1.1638577372796135,1.0
2025-09-29 11:23:49+00:00,0.8898011237761239,0.0
2025-09-29 11:23:50+00:00,1.1664986860123463,1.0
2025-09-29 11:23:51+00:00,0.9966517429129453,0.0
2025-09-29 11:23:52+00:00,1.790901188927819,2.0
2025-09-29 11:23:53+00:00,0.8674910119880224,0.0
2025-09-29 11:23:54+00:00,0.6989680607657647,0.0
2025-09-29 11:23:55+00:00,1.3710489606601186,1.0
2025-09-29 11:23:56+00:00,0.8651623115729308,0.0
2025-09-29 11:23:57+00:00,1.7021415213384898,2.0
2025-09-29 11:23:58+00:00,1.2843640413775574,1.0
2025-09-29 11:23:59+00:00,1.5729811250930652,2.0
2025-09-29 11:24:00+00:00,1.5680158598697744,2.0
2025-09-29 11:24:01+00:00,1.6938374071469298,2.0
2025-09-29 11:24:02+00:00,1.563843813870335,2.0
2025-09-29 11:24:03+00:00,1.5332583280542167,2.0
2025-09-29 11:24:04+00:00,1.1038703898375388,1.0
2025-09-29 11:24:05+00:00,1.5894336681813002,2.0
2025-09-29 11:24:06+00:00,1.2630767723021563,1.0
2025-09-29 11:24:07+00:00,1.5478397919941926,2.0
2025-09-29 11:24:08+00:00,0.9432939892431023,0.0
2025-09-29 11:24:09+00:00,1.543893928086618,2.0
2025-09-29 11:24:10+00:00,1.132683684816584,1.0
2025-09-29 11:24:11+00:00,1.0958954337402247,0.0
2025-09-29 11:24:12+00:00,1.65025414347474,2.0
2025-09-29 11:24:13+00:00,0.763170673744753,0.0
2025-09-29 11:24:14+00:00,0.8361809616908431,0.0
2025-09-29 11:24:15+00:00,1.03356723311299,0.0
2025-09-29 11:24:16+00:00,1.1943866483052261,1.0
2025-09-29 11:24:17+00:00,1.2756500060204417,1.0
2025-09-29 11:24:18+00:00,1.4013994052656926,2.0
2025-09-29 11:24:19+00:00,1.1344301841018023,1.0
2025-09-29 11:24:20+00:00,1.7094242463936098,2.0
2025-09-29 11:24:21+00:00,1.340279057607404,1.0
2025-09-29 11:24:22+00:00,1.6236335557769053,2.0
2025-09-29 11:24:23+00:00,1.4382778301660437,2.0
2025-09-29 11:24:24+00:00,1.2913781391835073,1.0
2025-09-29 11:24:25+00:00,0.7961146779562114,0.0
2025-09-29 11:24:26+00:00,0.8913228672172409,0.0
2025-09-29 11:24:27+00:00,1.35014668959775,1.0
2025-09-29 11:24:28+00:00,1.2258270304300822,1.0
2025-09-29 11:24:29+00:00,1.2662383776187198,1.0
2025-09-29 11:24:30+00:00,1.113142054018681,1.0
2025-09-29 11:24:31+00:00,1.158615394946537,1.0
2025-09-29 11:24:32+00:00,1.000001848617103,0.0
2025-09-29 11:24:33+00:00,1.5174782999383751,2.0
2025-09-29 11:24:34+00:00,1.1289797709032428,1.0
2025-09-29 11:24:35+00:00,1.4132930057239719,2.0
2025-09-29 11:24:36+00:00,0.9745472140348284,0.0
2025-09-29 11:24:37+00:00,1.2522086920362199,1.0
2025-09-29 11:24:38+00:00,1.6303934979223413,2.0
2025-09-29 11:24:39+00:00,1.4339164047851227,2.0
2025-09-29 11:24:40+00:00,1.5727290806389647,2.0
2025-09-29 11:24:41+00:00,1.210625719235395,1.0
2025-09-29 11:24:42+00:00,1.0669508724531624,0.0
2025-09-29 11:24:43+00:00,1.0504859408101765,0.0
2025-09-29 11:24:44+00:00,1.0921355825994397,0.0
2025-09-29 11:24:45+00:00,0.9447424239770044,0.0
2025-09-29 11:24:46+00:00,1.2171555985260056,1.0
2025-09-29 11:24:47+00:00,1.302940802401281,1.0
2025-09-29 11:24:48+00:00,1.8180685546103632,2.0
2025-09-29 11:24:49+00:00,1.4430226491531357,2.0
2025-09-29 11:24:50+00:00,1.4522958622546867,2.0
2025-09-29 11:24:51+00:00,1.5625023848406272,2.0
2025-09-29 11:24:52+00:00,0.9210211727186106,0.0
2025-09-29 11:24:53+00:00,1.084623749848106,0.0
2025-09-29 11:24:54+00:00,1.4971386608231114,2.0
2025-09-29 11:24:55+00:00,1.516678255808074,2.0
2025-09-29 11:24:56+00:00,1.147254936688114,1.0
2025-09-29 11:24:57+00:00,0.9536951318441425,0.0
2025-09-29 11:24:58+00:00,1.127004252804909,1.0
2025-09-29 11:24:59+00:00,1.3401713184721302,1.0
2025-09-29 11:25:00+00:00,1.6027546435507247,2.0
2025-09-29 11:25:01+00:00,1.5284760255744914,2.0
2025-09-29 11:25:02+00:00,0.8908941178960958,0.0
2025-09-29 11:25:03+00:00,1.443322489853017,2.0
2025-09-29 11:25:04+00:00,1.1837841240485432,1.0
2025-09-29 11:25:05+00:00,0.8661607896501664,0.0
2025-09-29 11:25:06+00:00,1.5266576124558924,2.0
2025-09-29 11:25:07+00:00,1.5449272072437452,2.0
2025-09-29 11:25:08+00:00,1.6937906669918448,2.0
2025-09-29 11:25:09+00:00,1.3751664738665568,1.0
2025-09-29 11:25:10+00:00,1.860150041859015,2.0
2025-09-29 11:25:11+00:00,1.284713624336291,1.0
2025-09-29 11:25:12+00:00,1.4808456918253796,2.0
2025-09-29 11:25:13+00:00,0.7904711091832723,0.0
2025-09-29 11:25:14+00:00,0.9008859912282787,0.0
2025-09-29 11:25:15+00:00,1.03288276209787,0.0
2025-09-29 11:25:16+00:00,1.5695536610146519,2.0
2025-09-29 11:25:17+00:00,1.2101662281056633,1.0
2025-09-29 11:25:18+00:00,1.5868925075919833,2.0
2025-09-29 11:25:19+00:00,1.7288305045804009,2.0
2025-09-29 11:25:20+00:00,1.082082810389693,0.0
2025-09-29 11:25:21+00:00,1.0696983153175097,0.0
2025-09-29 11:25:22+00:00,1.2566107832099078,1.0
2025-09-29 11:25:23+00:00,1.1784672859939747,1.0
2025-09-29 11:25:24+00:00,1.326613507088041,1.0
2025-09-29 11:25:25+00:00,1.0674533064011484,0.0
2025-09-29 11:25:26+00:00,1.39300142909633,2.0
2025-09-29 11:25:27+00:00,0.7371794104255969,0.0
2025-09-29 11:25:28+00:00,1.3875721174408682,2.0
2025-09-29 11:25:29+00:00,1.230729901639279,1.0
2025-09-29 11:25:30+00:00,1.3824779889400816,1.0
2025-09-29 11:25:31+00:00,1.0114128423156217,0.0
2025-09-29 11:25:32+00:00,1.320691590415663,1.0
2025-09-29 11:25:33+00:00,1.1220352412201464,1.0
2025-09-29 11:25:34+00:00,1.4205895230115857,2.0
2025-09-29 11:25:35+00:00,1.6348945351492148,2.0
2025-09-29 11:25:36+00:00,1.5549009670648957,2.0
2025-09-29 11:25:37+00:00,1.4427602897194447,2.0
2025-09-29 11:25:38+00:00,0.7838226671156008,0.0
2025-09-29 11:25:39+00:00,0.9270082623843336,0.0
2025-09-29 11:25:40+00:00,0.9309252037637634,0.0
2025-09-29 11:25:41+00:00,1.4594555229123216,2.0
2025-09-29 11:25:42+00:00,0.7249453472468304,0.0
2025-09-29 11:25:43+00:00,0.8059702680184273,0.0
2025-09-29 11:25:44+00:00,0.9796901071240427,0.0
2025-09-29 11:25:45+00:00,1.2376848774874816,1.0
2025-09-29 11:25:46+00:00,1.5199909214570653,2.0
2025-09-29 11:25:47+00:00,0.7788252421742072,0.0
2025-09-29 11:25:48+00:00,1.702157187552075,2.0
2025-09-29 11:25:49+00:00,1.1597784378100187,1.0
2025-09-29 11:25:50+00:00,1.1503794362506596,1.0
2025-09-29 11:25:51+00:00,1.4543422650021967,2.0
2025-09-29 11:25:52+00:00,1.3235258652712218,1.0
2025-09-29 11:25:53+00:00,1.4153582393046236,2.0
2025-09-29 11:25:54+00:00,1.2041829612135189,1.0
2025-09-29 11:25:55+00:00,1.2933656425011577,1.0
2025-09-29 11:25:56+00:00,1.3893309750128537,2.0
2025-09-29 11:25:57+00:00,1.5584275822911877,2.0
2025-09-29 11:25:58+00:00,1.4017744201264577,2.0
2025-09-29 11:25:59+00:00,1.5144084302155534,2.0
2025-09-29 11:26:00+00:00,1.1938946689770091,1.0
2025-09-29 11:26:01+00:00,1.1891652544290992,1.0
2025-09-29 11:26:02+00:00,1.3236442847264698,1.0
2025-09-29 11:26:03+00:00,1.4055448403960327,2.0
2025-09-29 11:26:04+00:00,1.141828017163789,1.0
2025-09-29 11:26:05+00:00,1.159660833363887,1.0
2025-09-29 11:26:06+00:00,1.7610031759104459,2.0
2025-09-29 11:26:07+00:00,1.3591696236544522,1.0
2025-09-29 11:26:08+00:00,1.4419729127839673,2.0
2025-09-29 11:26:09+00:00,1.136476467785542,1.0
2025-09-29 11:26:10+00:00,1.699206550270901,2.0
2025-09-29 11:26:11+00:00,1.2459139389975462,1.0
2025-09-29 11:26:12+00:00,1.2242232125718147,1.0
2025-09-29 11:26:13+00:00,1.4871486616466427,2.0
2025-09-29 11:26:14+00:00,1.1538659934303723,1.0
2025-09-29 11:26:15+00:00,0.7864601201581536,0.0
2025-09-29 11:26:16+00:00,1.8247413120407145,2.0
2025-09-29 11:26:17+00:00,0.7715702822606545,0.0
2025-09-29 11:26:18+00:00,0.8158443282009102,0.0
2025-09-29 11:26:19+00:00,1.6612276290688897,2.0
2025-09-29 11:26:20+00:00,1.7081158168293769,2.0
2025-09-29 11:26:21+00:00,1.4365912782086525,2.0
2025-09-29 11:26:22+00:00,1.6552488053130219,2.0
2025-09-29 11:26:23+00:00,0.9286840596032562,0.0
2025-09-29 11:26:24+00:00,1.6599239079805557,2.0
2025-09-29 11:26:25+00:00,1.5069081321562408,2.0
2025-09-29 11:26:26+00:00,1.0236772100470262,0.0
2025-09-29 11:26:27+00:00,1.1614166339713847,1.0
2025-09-29 11:26:28+00:00,1.495344478986226,2.0
2025-09-29 11:26:29+00:00,1.0662620206858264,0.0
2025-09-29 11:26:30+00:00,1.0546254011715064,0.0
2025-09-29 11:26:31+00:00,1.5749975377693772,2.0
2025-09-29 11:26:32+00:00,0.8201150556415087,0.0
2025-09-29 11:26:33+00:00,0.8757922875229269,0.0
2025-09-29 11:26:34+00:00,1.418062392884167,2.0
2025-09-29 11:26:35+00:00,1.1694986240327125,1.0
2025-09-29 11:26:36+00:00,1.6827455669554183,2.0
2025-09-29 11:26:37+00:00,0.8891034185216995,0.0
2025-09-29 11:26:38+00:00,1.0321650942205451,0.0
2025-09-29 11:26:39+00:00,1.1115571320115123,1.0
2025-09-29 11:26:40+00:00,1.7085524134890875,2.0
2025-09-29 11:26:41+00:00,1.4590924741205527,2.0
2025-09-29 11:26:42+00:00,1.7039682862960035,2.0
2025-09-29 11:26:43+00:00,1.8401633259927621,2.0
2025-09-29 11:26:44+00:00,1.171964131994173,1.0
2025-09-29 11:26:45+00:00,1.4879582372668665,2.0
2025-09-29 11:26:46+00:00,1.4578555366460932,2.0
2025-09-29 11:26:47+00:00,1.0334430898801656,0.0
2025-09-29 11:26:48+00:00,1.1722593051963486,1.0
2025-09-29 11:26:49+00:00,1.4773749934829539,2.0
2025-09-29 11:26:50+00:00,1.5556438359199092,2.0
2025-09-29 11:26:51+00:00,0.8627891791402362,0.0
2025-09-29 11:26:52+00:00,0.9110716129653156,0.0
2025-09-29 11:26:53+00:00,1.0755603083234746,0.0
2025-09-29 11:26:54+00:00,1.259232555545168,1.0
2025-09-29 11:26:55+00:00,1.3640082461206475,1.0
2025-09-29 11:26:56+00:00,1.5584644892660435,2.0
2025-09-29 11:26:57+00:00,1.1256985986692598,1.0
2025-09-29 11:26:58+00:00,1.4686785879021045,2.0
2025-09-29 11:26:59+00:00,1.5051301665516803,2.0
2025-09-29 11:27:00+00:00,0.9814524970570346,0.0
2025-09-29 11:27:01+00:00,1.2572814744780771,1.0
2025-09-29 11:27:02+00:00,1.1989568939898163,1.0
2025-09-29 11:27:03+00:00,1.5255072951258626,2.0
2025-09-29 11:27:04+00:00,1.5879171891574515,2.0
2025-09-29 11:27:05+00:00,1.42714648002584,2.0
2025-09-29 11:27:06+00:00,1.5319091929122806,2.0
2025-09-29 11:27:07+00:00,1.0816564640699653,0.0
2025-09-29 11:27:08+00:00,0.9471020419587148,0.0
2025-09-29 11:27:09+00:00,1.2749958522763336,1.0
2025-09-29 11:27:10+00:00,1.200903078657575,1.0
2025-09-29 11:27:11+00:00,1.787924599397229,2.0
2025-09-29 11:27:12+00:00,1.0680786951706978,0.0
2025-09-29 11:27:13+00:00,0.9155213917547371,0.0
2025-09-29 11:27:14+00:00,0.801818739506416,0.0
2025-09-29 11:27:15+00:00,1.4249130423850147,2.0
2025-09-29 11:27:16+00:00,1.3763762228627456,1.0
2025-09-29 11:27:17+00:00,0.9431568771396996,0.0
2025-09-29 11:27:18+00:00,1.7322182220959803,2.0
2025-09-29 11:27:19+00:00,1.3700255256408127,1.0
2025-09-29 11:27:20+00:00,0.9048941512883175,0.0
2025-09-29 11:27:21+00:00,1.1115545319626108,1.0
2025-09-29 11:27:22+00:00,1.2325006976170698,1.0
2025-09-29 11:27:23+00:00,1.6661365827603731,2.0
2025-09-29 11:27:24+00:00,1.2115119293448515,1.0
2025-09-29 11:27:25+00:00,1.0538419151416747,0.0
2025-09-29 11:27:26+00:00,1.844122997368686,2.0
2025-09-29 11:27:27+00:00,1.8951529943587957,2.0
2025-09-29 11:27:28+00:00,1.0845657799945911,0.0
2025-09-29 11:27:29+00:00,1.3236829040397424,1.0
2025-09-29 11:27:30+00:00,1.581110473620356,2.0
2025-09-29 11:27:31+00:00,1.1028440970985685,1.0
2025-09-29 11:27:32+00:00,1.2661211622762494,1.0
2025-09-29 11:27:33+00:00,0.6663240535854129,0.0
2025-09-29 11:27:34+00:00,0.8860932488023536,0.0
2025-09-29 11:27:35+00:00,0.7808135545055848,0.0
2025-09-29 11:27:36+00:00,1.1124752351024654,1.0
2025-09-29 11:27:37+00:00,1.1035331103921635,1.0
2025-09-29 11:27:38+00:00,1.3458480534463888,1.0
2025-09-29 11:27:39+00:00,1.080115720455069,0.0
2025-09-29 11:27:40+00:00,1.2030937847594032,1.0
2025-09-29 11:27:41+00:00,1.4809808162826812,2.0
2025-09-29 11:27:42+00:00,1.0740393351297826,0.0
2025-09-29 11:27:43+00:00,1.29865314248309,1.0
2025-09-29 11:27:44+00:00,1.9506560697191162,2.0
2025-09-29 11:27:45+00:00,1.7730864152836148,2.0
2025-09-29 11:27:46+00:00,0.6646065227832878,0.0
2025-09-29 11:27:47+00:00,1.101327138923807,0.0
2025-09-29 11:27:48+00:00,1.3149630761763547,1.0
2025-09-29 11:27:49+00:00,1.124904943513684,1.0
2025-09-29 11:27:50+00:00,1.3062360174953938,1.0
2025-09-29 11:27:51+00:00,0.8251157205086201,0.0
2025-09-29 11:27:52+00:00,1.2872317256696988,1.0
2025-09-29 11:27:53+00:00,1.1042996227915864,1.0
2025-09-29 11:27:54+00:00,1.1094462770124665,1.0
2025-09-29 11:27:55+00:00,1.3213023518183036,1.0
2025-09-29 11:27:56+00:00,1.5167903346882667,2.0
2025-09-29 11:27:57+00:00,1.7380678438494215,2.0
2025-09-29 11:27:58+00:00,0.8535100324079394,0.0
2025-09-29 11:27:59+00:00,1.1040872272715205,1.0
2025-09-29 11:28:00+00:00,1.502373697454459,2.0
2025-09-29 11:28:01+00:00,1.369105295612826,1.0
2025-09-29 11:28:02+00:00,1.4527265891083516,2.0
2025-09-29 11:28:03+00:00,1.386674342356855,2.0
2025-09-29 11:28:04+00:00,0.782095191287226,0.0
2025-09-29 11:28:05+00:00,1.5129050328832818,2.0
2025-09-29 11:28:06+00:00,1.4050513490801677,2.0
2025-09-29 11:28:07+00:00,1.7260636121354764,2.0
2025-09-29 11:28:08+00:00,1.0720773737411946,0.0
2025-09-29 11:28:09+00:00,1.767259883490624,2.0
2025-09-29 11:28:10+00:00,1.039772919655661,0.0
2025-09-29 11:28:11+00:00,1.6034516718791565,2.0
2025-09-29 11:28:12+00:00,1.2735767002159264,1.0
2025-09-29 11:28:13+00:00,1.5887500957323937,2.0
2025-09-29 11:28:14+00:00,1.5254122209735215,2.0
2025-09-29 11:28:15+00:00,1.417595462538884,2.0
2025-09-29 11:28:16+00:00,1.9207620290690102,2.0
2025-09-29 11:28:17+00:00,1.3195137895963853,1.0
2025-09-29 11:28:18+00:00,1.184009531440097,1.0
2025-09-29 11:28:19+00:00,1.0231398638134124,0.0
2025-09-29 11:28:20+00:00,1.687731800469919,2.0
2025-09-29 11:28:21+00:00,1.237261447153287,1.0
2025-09-29 11:28:22+00:00,0.8034168181329733,0.0
2025-09-29 11:28:23+00:00,1.0737646266497904,0.0
2025-09-29 11:28:24+00:00,1.0774779446655884,0.0
2025-09-29 11:28:25+00:00,1.161451747349929,1.0
2025-09-29 11:28:26+00:00,1.4943243236921262,2.0
2025-09-29 11:28:27+00:00,1.0957569614693057,0.0
2025-09-29 11:28:28+00:00,1.3390187988989055,1.0
2025-09-29 11:28:29+00:00,1.4085450952406973,2.0
2025-09-29 11:28:30+00:00,1.4889829226449365,2.0
2025-09-29 11:28:31+00:00,1.5101093469565967,2.0
2025-09-29 11:28:32+00:00,1.0321166493959026,0.0
2025-09-29 11:28:33+00:00,1.2004971294954885,1.0
2025-09-29 11:28:34+00:00,0.9076710454974091,0.0
2025-09-29 11:28:35+00:00,0.9842619885603199,0.0
2025-09-29 11:28:36+00:00,1.3888464483461576,2.0
2025-09-29 11:28:37+00:00,1.3620535317604663,1.0
2025-09-29 11:28:38+00:00,1.3721560515550664,1.0
2025-09-29 11:28:39+00:00,1.3951138416450704,2.0
2025-09-29 11:28:40+00:00,1.1959100594685879,1.0
2025-09-29 11:28:41+00:00,1.2978382237924961,1.0
2025-09-29 11:28:42+00:00,1.363617278286256,1.0
2025-09-29 11:28:43+00:00,0.9286843819572823,0.0
2025-09-29 11:28:44+00:00,1.3393295386631507,1.0
2025-09-29 11:28:45+00:00,0.8107740290870424,0.0
2025-09-29 11:28:46+00:00,1.5191295741533395,2.0
2025-09-29 11:28:47+00:00,1.5312936802220065,2.0
2025-09-29 11:28:48+00:00,1.0339173868269427,0.0
2025-09-29 11:28:49+00:00,1.2206150139827514,1.0
2025-09-29 11:28:50+00:00,1.1065708253154298,1.0
2025-09-29 11:28:51+00:00,1.6529461269383319,2.0
2025-09-29 11:28:52+00:00,1.3322396441653837,1.0
2025-09-29 11:28:53+00:00,1.7286664697312517,2.0
2025-09-29 11:28:54+00:00,0.8060850508045405,0.0
2025-09-29 11:28:55+00:00,1.6302075224375585,2.0
2025-09-29 11:28:56+00:00,1.1126525660365587,1.0
2025-09-29 11:28:57+00:00,0.9573413205507677,0.0
2025-09-29 11:28:58+00:00,1.3972494277404621,2.0
2025-09-29 11:28:59+00:00,1.0051562764419941,0.0
2025-09-29 11:29:00+00:00,1.1202286173211178,1.0
2025-09-29 11:29:01+00:00,1.226753119044588,1.0
2025-09-29 11:29:02+00:00,0.8317441331892041,0.0
2025-09-29 11:29:03+00:00,1.890335869116825,2.0
2025-09-29 11:29:04+00:00,1.2887389973184327,1.0
2025-09-29 11:29:05+00:00,1.6722516955051105,2.0
2025-09-29 11:29:06+00:00,1.1550987390073715,1.0
2025-09-29 11:29:07+00:00,1.7229326339438558,2.0
2025-09-29 11:29:08+00:00,1.1579331180691952,1.0
2025-09-29 11:29:09+00:00,1.539145929607912,2.0
2025-09-29 11:29:10+00:00,1.35443028647569,1.0
2025-09-29 11:29:11+00:00,1.0890396698960103,0.0
2025-09-29 11:29:12+00:00,1.1840332131832838,1.0
2025-09-29 11:29:13+00:00,1.0477734013402369,0.0
2025-09-29 11:29:14+00:00,1.3351736477634404,1.0
2025-09-29 11:29:15+00:00,0.8516711090778699,0.0
2025-09-29 11:29:16+00:00,0.6788940278347582,0.0
2025-09-29 11:29:17+00:00,1.1328487377613783,1.0
2025-09-29 11:29:18+00:00,0.974059760934324,0.0
2025-09-29 11:29:19+00:00,1.3142809719283832,1.0
2025-09-29 11:29:20+00:00,0.9279253433196573,0.0
2025-09-29 11:29:21+00:00,0.8797218368708855,0.0
2025-09-29 11:29:22+00:00,1.0215632872277638,0.0
2025-09-29 11:29:23+00:00,1.2751151682896307,1.0
2025-09-29 11:29:24+00:00,0.9370895656611538,0.0
2025-09-29 11:29:25+00:00,1.2607446795591386,1.0
2025-09-29 11:29:26+00:00,1.6141557946975809,2.0
2025-09-29 11:29:27+00:00,1.4241175128845498,2.0
2025-09-29 11:29:28+00:00,0.9055909701273777,0.0
2025-09-29 11:29:29+00:00,1.0627215018321294,0.0
2025-09-29 11:29:30+00:00,1.5048317984474124,2.0
2025-09-29 11:29:31+00:00,1.1781869221449597,1.0
2025-09-29 11:29:32+00:00,0.9603700477600796,0.0
2025-09-29 11:29:33+00:00,0.9023926189984195,0.0
2025-09-29 11:29:34+00:00,0.8552233463124139,0.0
2025-09-29 11:29:35+00:00,1.6971940241201082,2.0
2025-09-29 11:29:36+00:00,1.2537253736518323,1.0
2025-09-29 11:29:37+00:00,1.5369923471153015,2.0
2025-09-29 11:29:38+00:00,0.899509625567589,0.0
2025-09-29 11:29:39+00:00,1.2510274562955601,1.0
2025-09-29 11:29:40+00:00,1.1332523046148708,1.0
2025-09-29 11:29:41+00:00,0.8436965729488293,0.0
2025-09-29 11:29:42+00:00,1.6418874412192963,2.0
2025-09-29 11:29:43+00:00,0.7375819089793367,0.0
2025-09-29 11:29:44+00:00,1.5026058331277454,2.0
2025-09-29 11:29:45+00:00,1.0874934499152005,0.0
2025-09-29 11:29:46+00:00,1.7450466859882,2.0
2025-09-29 11:29:47+00:00,1.171977935518953,1.0
2025-09-29 11:29:48+00:00,1.3185826320113847,1.0
2025-09-29 11:29:49+00:00,1.1522100939764641,1.0
2025-09-29 11:29:50+00:00,1.1150727105414262,1.0
2025-09-29 11:29:51+00:00,0.981977985080448,0.0
2025-09-29 11:29:52+00:00,0.9320463831536472,0.0
2025-09-29 11:29:53+00:00,1.4285714105935767,2.0
2025-09-29 11:29:54+00:00,1.3181902503420133,1.0
2025-09-29 11:29:55+00:00,1.394059643469518,2.0
2025-09-29 11:29:56+00:00,1.2693423565651756,1.0
2025-09-29 11:29:57+00:00,1.4842143152200151,2.0
2025-09-29 11:29:58+00:00,1.0012020136491628,0.0
2025-09-29 11:29:59+00:00,1.2604096259747166,1.0
2025-09-29 11:30:00+00:00,1.6200839173106942,2.0
2025-09-29 12:30:00+00:00,1.361119062290527,1.0
2025-09-29 12:30:01+00:00,1.0929641736438498,0.0
2025-09-29 12:30:02+00:00,1.2920980217459146,1.0
2025-09-29 12:30:03+00:00,1.525972224160796,2.0
2025-09-29 12:30:04+00:00,0.9755215485783992,0.0
2025-09-29 12:30:05+00:00,0.8842504511849256,0.0
2025-09-29 12:30:06+00:00,1.1859267470426857,1.0
2025-09-29 12:30:07+00:00,0.9575261275313096,0.0
2025-09-29 12:30:08+00:00,1.5213703504850855,2.0
2025-09-29 12:30:09+00:00,1.466729202613351,2.0
2025-09-29 12:30:10+00:00,1.2523311893892242,1.0
2025-09-29 12:30:11+00:00,1.1875214397878153,1.0
2025-09-29 12:30:12+00:00,1.004429172622622,0.0
2025-09-29 12:30:13+00:00,1.1596799250837648,1.0
2025-09-29 12:30:14+00:00,0.9272691256046528,0.0
2025-09-29 12:30:15+00:00,1.113764839610667,1.0
2025-09-29 12:30:16+00:00,1.4133701644459506,2.0
2025-09-29 12:30:17+00:00,0.8985330708383117,0.0
2025-09-29 12:30:18+00:00,1.4448605764482636,2.0
2025-09-29 12:30:19+00:00,1.166918714021449,1.0
2025-09-29 12:30:20+00:00,1.4456078845396405,2.0
2025-09-29 12:30:21+00:00,1.328683587445994,1.0
2025-09-29 12:30:22+00:00,1.5485765194607666,2.0
2025-09-29 12:30:23+00:00,1.2449962000682717,1.0
2025-09-29 12:30:24+00:00,0.9729914676427143,0.0
2025-09-29 12:30:25+00:00,1.166295502189314,1.0
2025-09-29 12:30:26+00:00,1.5117202111432562,2.0
2025-09-29 12:30:27+00:00,1.2647589767439058,1.0
2025-09-29 12:30:28+00:00,0.7643333040905418,0.0
2025-09-29 12:30:29+00:00,0.7520810747519135,0.0
2025-09-29 12:30:30+00:00,1.355482191152987,1.0
2025-09-29 12:30:31+00:00,1.2287478183861822,1.0
2025-09-29 12:30:32+00:00,1.456894366958295,2.0
2025-09-29 12:30:33+00:00,0.9000114722439321,0.0
2025-09-29 12:30:34+00:00,1.0479167422599858,0.0
2025-09-29 12:30:35+00:00,0.7410642718168674,0.0
2025-09-29 12:30:36+00:00,1.1602455989195732,1.0
2025-09-29 12:30:37+00:00,1.0030651951383334,0.0
2025-09-29 12:30:38+00:00,1.2558776434452739,1.0
2025-09-29 12:30:39+00:00,0.6104096433118684,0.0
2025-09-29 12:30:40+00:00,0.7759186819166644,0.0
2025-09-29 12:30:41+00:00,0.6094506001973059,0.0
2025-09-29 12:30:42+00:00,1.0996423832257278,0.0
2025-09-29 12:30:43+00:00,1.205132623348618,1.0
2025-09-29 12:30:44+00:00,1.5040152120200219,2.0
2025-09-29 12:30:45+00:00,1.5675393275305396,2.0
2025-09-29 12:30:46+00:00,0.9869621263496811,0.0
2025-09-29 12:30:47+00:00,1.447708783642156,2.0
2025-09-29 12:30:48+00:00,1.1181662694289116,1.0
2025-09-29 12:30:49+00:00,1.1658599350921577,1.0
2025-09-29 12:30:50+00:00,1.5258717772376258,2.0
2025-09-29 12:30:51+00:00,0.829454218634055,0.0
2025-09-29 12:30:52+00:00,1.003416227584239,0.0
2025-09-29 12:30:53+00:00,1.4981116640556138,2.0
2025-09-29 12:30:54+00:00,1.5958884969732026,2.0
2025-09-29 12:30:55+00:00,1.256956150609767,1.0
2025-09-29 12:30:56+00:00,1.6393424544949085,2.0
2025-09-29 12:30:57+00:00,1.2655276180739747,1.0
2025-09-29 12:30:58+00:00,1.1217390737583628,1.0
2025-09-29 12:30:59+00:00,1.483525721836486,2.0
2025-09-29 12:31:00+00:00,1.5056195503566414,2.0
2025-09-29 12:31:01+00:00,1.229672377667157,1.0
2025-09-29 12:31:02+00:00,1.505788191105239,2.0
2025-09-29 12:31:03+00:00,1.4593050704861525,2.0
2025-09-29 12:31:04+00:00,1.6501255345065147,2.0
2025-09-29 12:31:05+00:00,1.2405899962614058,1.0
2025-09-29 12:31:06+00:00,1.564512003227719,2.0
2025-09-29 12:31:07+00:00,1.0661490896018222,0.0
2025-09-29 12:31:08+00:00,1.1405672561377287,1.0
2025-09-29 12:31:09+00:00,1.7356520498433383,2.0
2025-09-29 12:31:10+00:00,1.1409572091943119,1.0
2025-09-29 12:31:11+00:00,1.743190391061944,2.0
2025-09-29 12:31:12+00:00,1.1718339802901028,1.0
2025-09-29 12:31:13+00:00,0.9795593603485031,0.0
2025-09-29 12:31:14+00:00,1.4661924411921063,2.0
2025-09-29 12:31:15+00:00,1.4439305968990084,2.0
2025-09-29 12:31:16+00:00,0.9713550969172502,0.0
2025-09-29 12:31:17+00:00,1.8808410289639141,2.0
2025-09-29 12:31:18+00:00,1.2997040428308537,1.0
2025-09-29 12:31:19+00:00,1.2373396552575286,1.0
2025-09-29 12:31:20+00:00,1.4153660052252235,2.0
2025-09-29 12:31:21+00:00,1.2933744199253852,1.0
2025-09-29 12:31:22+00:00,0.9644260952627519,0.0
2025-09-29 12:31:23+00:00,0.9974919068044983,0.0
2025-09-29 12:31:24+00:00,0.9754910532210488,0.0
2025-09-29 12:31:25+00:00,1.509930907341186,2.0
2025-09-29 12:31:26+00:00,1.1581310267356457,1.0
2025-09-29 12:31:27+00:00,1.407020946207922,2.0
2025-09-29 12:31:28+00:00,0.9767458316782722,0.0
2025-09-29 12:31:29+00:00,1.6641657774453051,2.0
2025-09-29 12:31:30+00:00,1.2028370873013046,1.0
2025-09-29 12:31:31+00:00,1.7646169362415094,2.0
2025-09-29 12:31:32+00:00,0.7649231364193838,0.0
2025-09-29 12:31:33+00:00,0.7592234194162302,0.0
2025-09-29 12:31:34+00:00,0.906594644242432,0.0
2025-09-29 12:31:35+00:00,0.5560630396212218,0.0
2025-09-29 12:31:36+00:00,1.545224463858176,2.0
2025-09-29 12:31:37+00:00,1.3790437456336804,1.0
2025-09-29 12:31:38+00:00,1.307206562414649,1.0
2025-09-29 12:31:39+00:00,1.0890937068033963,0.0
2025-09-29 12:31:40+00:00,0.924251450720476,0.0
2025-09-29 12:31:41+00:00,1.140028992187581,1.0
2025-09-29 12:31:42+00:00,1.337924890438444,1.0
2025-09-29 12:31:43+00:00,0.9996525741007645,0.0
2025-09-29 12:31:44+00:00,1.6132048153376672,2.0
2025-09-29 12:31:45+00:00,0.990824841283029,0.0
2025-09-29 12:31:46+00:00,1.1891288286569761,1.0
2025-09-29 12:31:47+00:00,1.778851887473138,2.0
2025-09-29 12:31:48+00:00,1.1963529883214505,1.0
2025-09-29 12:31:49+00:00,1.5116751923778793,2.0
2025-09-29 12:31:50+00:00,1.5101755539362784,2.0
2025-09-29 12:31:51+00:00,1.4355769320536638,2.0
2025-09-29 12:31:52+00:00,1.0921243243064964,0.0
2025-09-29 12:31:53+00:00,0.852523581328569,0.0
2025-09-29 12:31:54+00:00,0.9487508410675218,0.0
2025-09-29 12:31:55+00:00,1.1110612719930941,1.0
2025-09-29 12:31:56+00:00,1.1935729248070857,1.0
2025-09-29 12:31:57+00:00,1.166155340441037,1.0
2025-09-29 12:31:58+00:00,1.8409881904517533,2.0
2025-09-29 12:31:59+00:00,1.0802294775639893,0.0
2025-09-29 12:32:00+00:00,1.4241040389315458,2.0
2025-09-29 12:32:01+00:00,1.4936417226999765,2.0
2025-09-29 12:32:02+00:00,1.0620848425896838,0.0
2025-09-29 12:32:03+00:00,1.2749244144652039,1.0
2025-09-29 12:32:04+00:00,1.3718372447765432,1.0
2025-09-29 12:32:05+00:00,1.0467700391600374,0.0
2025-09-29 12:32:06+00:00,1.6064970737643307,2.0
2025-09-29 12:32:07+00:00,0.8403347397252219,0.0
2025-09-29 12:32:08+00:00,1.2586149699200178,1.0
2025-09-29 12:32:09+00:00,1.2719549995235866,1.0
2025-09-29 12:32:10+00:00,1.1562549341761041,1.0
2025-09-29 12:32:11+00:00,1.5195688493986381,2.0
2025-09-29 12:32:12+00:00,0.933104758587433,0.0
2025-09-29 12:32:13+00:00,0.7214982722944114,0.0
2025-09-29 12:32:14+00:00,1.4662695986044127,2.0
2025-09-29 12:32:15+00:00,1.383474650370772,1.0
2025-09-29 12:32:16+00:00,0.8027123186329845,0.0
2025-09-29 12:32:17+00:00,1.3164081431605155,1.0
2025-09-29 12:32:18+00:00,0.8336930340446997,0.0
2025-09-29 12:32:19+00:00,0.9525412604853045,0.0
2025-09-29 12:32:20+00:00,1.253962963091908,1.0
2025-09-29 12:32:21+00:00,1.1341518152039498,1.0
2025-09-29 12:32:22+00:00,1.5512392120581353,2.0
2025-09-29 12:32:23+00:00,0.8636782348767156,0.0
2025-09-29 12:32:24+00:00,1.1575141699286178,1.0
2025-09-29 12:32:25+00:00,1.4788011139607988,2.0
2025-09-29 12:32:26+00:00,1.3627745146950474,1.0
2025-09-29 12:32:27+00:00,0.7450334845780162,0.0
2025-09-29 12:32:28+00:00,1.151133601233596,1.0
2025-09-29 12:32:29+00:00,1.194067366697709,1.0
2025-09-29 12:32:30+00:00,1.2465462013933575,1.0
2025-09-29 12:32:31+00:00,1.2582143379549962,1.0
2025-09-29 12:32:32+00:00,1.475270133392769,2.0
2025-09-29 12:32:33+00:00,0.6582020697678672,0.0
2025-09-29 12:32:34+00:00,0.9915368345245952,0.0
2025-09-29 12:32:35+00:00,1.6775557316141203,2.0
2025-09-29 12:32:36+00:00,1.4381865162868053,2.0
2025-09-29 12:32:37+00:00,0.6418759093503468,0.0
2025-09-29 12:32:38+00:00,0.8032958850235445,0.0
2025-09-29 12:32:39+00:00,1.1866655443591299,1.0
2025-09-29 12:32:40+00:00,1.427485471853288,2.0
2025-09-29 12:32:41+00:00,0.9081717825465603,0.0
2025-09-29 12:32:42+00:00,1.4358732742548455,2.0
2025-09-29 12:32:43+00:00,1.0961192795512034,0.0
2025-09-29 12:32:44+00:00,1.3901252080104314,2.0
2025-09-29 12:32:45+00:00,1.2056567476101918,1.0
2025-09-29 12:32:46+00:00,1.4331820064544445,2.0
2025-09-29 12:32:47+00:00,1.3308744567329995,1.0
2025-09-29 12:32:48+00:00,1.8218157552182674,2.0
2025-09-29 12:32:49+00:00,1.2557904676505132,1.0
2025-09-29 12:32:50+00:00,1.4561592039099196,2.0
2025-09-29 12:32:51+00:00,1.0016132140735863,0.0
2025-09-29 12:32:52+00:00,1.0633627468778286,0.0
2025-09-29 12:32:53+00:00,0.8907636924850522,0.0
2025-09-29 12:32:54+00:00,1.6276917863433482,2.0
2025-09-29 12:32:55+00:00,1.4055431569722714,2.0
2025-09-29 12:32:56+00:00,1.6267972423229367,2.0
2025-09-29 12:32:57+00:00,0.9349325805378612,0.0
2025-09-29 12:32:58+00:00,1.048676151636755,0.0
2025-09-29 12:32:59+00:00,1.7093782044830732,2.0
2025-09-29 12:33:00+00:00,1.1508912875142414,1.0
2025-09-29 12:33:01+00:00,1.119984151358949,1.0
2025-09-29 12:33:02+00:00,0.8712963679718086,0.0
2025-09-29 12:33:03+00:00,1.0712409699626733,0.0
2025-09-29 12:33:04+00:00,0.6116461212950526,0.0
2025-09-29 12:33:05+00:00,1.1061044067610055,1.0
2025-09-29 12:33:06+00:00,1.0718625906010857,0.0
2025-09-29 12:33:07+00:00,1.3024728363379836,1.0
2025-09-29 12:33:08+00:00,0.9393360780086368,0.0
2025-09-29 12:33:09+00:00,0.8910163001855835,0.0
2025-09-29 12:33:10+00:00,1.5380644671531627,2.0
2025-09-29 12:33:11+00:00,1.1730255571310408,1.0
2025-09-29 12:33:12+00:00,1.3334550856088754,1.0
2025-09-29 12:33:13+00:00,1.530598924626247,2.0
2025-09-29 12:33:14+00:00,1.285264013451524,1.0
2025-09-29 12:33:15+00:00,1.2515483067691093,1.0
2025-09-29 12:33:16+00:00,1.557584578578826,2.0
2025-09-29 12:33:17+00:00,0.6491492401255528,0.0
2025-09-29 12:33:18+00:00,0.7954461851768428,0.0
2025-09-29 12:33:19+00:00,1.4063229326566216,2.0
2025-09-29 12:33:20+00:00,1.0353094764432171,0.0
2025-09-29 12:33:21+00:00,0.7721136989275692,0.0
2025-09-29 12:33:22+00:00,1.0944696183287306,0.0
2025-09-29 12:33:23+00:00,1.4897198889084393,2.0
2025-09-29 12:33:24+00:00,1.2108908061345574,1.0
2025-09-29 12:33:25+00:00,1.4597976798249874,2.0
2025-09-29 12:33:26+00:00,1.7467349624348572,2.0
2025-09-29 12:33:27+00:00,1.4921608999866294,2.0
2025-09-29 12:33:28+00:00,0.9754850171739236,0.0
2025-09-29 12:33:29+00:00,0.7526740321482066,0.0
2025-09-29 12:33:30+00:00,0.7237826081836829,0.0
2025-09-29 12:33:31+00:00,1.3243511246546404,1.0
2025-09-29 12:33:32+00:00,0.9311343908048002,0.0
2025-09-29 12:33:33+00:00,1.4257773238350637,2.0
2025-09-29 12:33:34+00:00,0.9682117084303172,0.0
2025-09-29 12:33:35+00:00,1.7137789489643183,2.0
2025-09-29 12:33:36+00:00,1.409364901308436,2.0
2025-09-29 12:33:37+00:00,1.2268334105901886,1.0
2025-09-29 12:33:38+00:00,0.8986649660946568,0.0
2025-09-29 12:33:39+00:00,1.5329222203581594,2.0
2025-09-29 12:33:40+00:00,1.4412271956098266,2.0
2025-09-29 12:33:41+00:00,1.54156812329893,2.0
2025-09-29 12:33:42+00:00,1.1142231518460903,1.0
2025-09-29 12:33:43+00:00,1.5498694377020001,2.0
2025-09-29 12:33:44+00:00,1.131853522179881,1.0
2025-09-29 12:33:45+00:00,1.5120383216417395,2.0
2025-09-29 12:33:46+00:00,1.1897815081028966,1.0
2025-09-29 12:33:47+00:00,1.4147055345965782,2.0
2025-09-29 12:33:48+00:00,1.3640576501056785,1.0
2025-09-29 12:33:49+00:00,1.2065004488395061,1.0
2025-09-29 12:33:50+00:00,1.4147308022220386,2.0
2025-09-29 12:33:51+00:00,1.7841251680220012,2.0
2025-09-29 12:33:52+00:00,1.8352776336832903,2.0
2025-09-29 12:33:53+00:00,1.771441620978294,2.0
2025-09-29 12:33:54+00:00,1.0270344248856418,0.0
2025-09-29 12:33:55+00:00,1.2317935307801235,1.0
2025-09-29 12:33:56+00:00,1.2512249756400706,1.0
2025-09-29 12:33:57+00:00,0.9262705789296888,0.0
2025-09-29 12:33:58+00:00,1.8055578519561095,2.0
2025-09-29 12:33:59+00:00,1.1286500882997643,1.0
2025-09-29 12:34:00+00:00,0.7449789503589272,0.0
2025-09-29 12:34:01+00:00,1.117896131472662,1.0
2025-09-29 12:34:02+00:00,1.2493401107931277,1.0
2025-09-29 12:34:03+00:00,1.6203079207189148,2.0
2025-09-29 12:34:04+00:00,1.2989408696594182,1.0
2025-09-29 12:34:05+00:00,1.5536900997685734,2.0
2025-09-29 12:34:06+00:00,1.564503288231208,2.0
2025-09-29 12:34:07+00:00,1.209904515882954,1.0
2025-09-29 12:34:08+00:00,1.0257783613342326,0.0
2025-09-29 12:34:09+00:00,1.4053988738596672,2.0
2025-09-29 12:34:10+00:00,0.846132072416367,0.0
2025-09-29 12:34:11+00:00,1.841923756786855,2.0
2025-09-29 12:34:12+00:00,1.0238686180091463,0.0
2025-09-29 12:34:13+00:00,1.2796865896234522,1.0
2025-09-29 12:34:14+00:00,1.4952039702184265,2.0
2025-09-29 12:34:15+00:00,1.3315659781655995,1.0
2025-09-29 12:34:16+00:00,1.3989303690032102,2.0
2025-09-29 12:34:17+00:00,1.4166738023632206,2.0
2025-09-29 12:34:18+00:00,0.8000796248088591,0.0
2025-09-29 12:34:19+00:00,1.0017068245069822,0.0
2025-09-29 12:34:20+00:00,1.3465877587586874,1.0
2025-09-29 12:34:21+00:00,0.8958938039868372,0.0
2025-09-29 12:34:22+00:00,1.2945952899026452,1.0
2025-09-29 12:34:23+00:00,1.2123020396684296,1.0
2025-09-29 12:34:24+00:00,1.360113151022233,1.0
2025-09-29 12:34:25+00:00,0.9010748460423201,0.0
2025-09-29 12:34:26+00:00,1.4581564751279075,2.0
2025-09-29 12:34:27+00:00,1.7392527144402266,2.0
2025-09-29 12:34:28+00:00,1.8860823646537028,2.0
2025-09-29 12:34:29+00:00,1.3550413673510775,1.0
2025-09-29 12:34:30+00:00,1.2759305607614806,1.0
2025-09-29 12:34:31+00:00,1.2300148427166278,1.0
2025-09-29 12:34:32+00:00,1.8000268990144832,2.0
2025-09-29 12:34:33+00:00,1.1125594513869146,1.0
2025-09-29 12:34:34+00:00,0.7342249186476693,0.0
2025-09-29 12:34:35+00:00,0.8119550238916418,0.0
2025-09-29 12:34:36+00:00,0.8173303571093129,0.0
2025-09-29 12:34:37+00:00,1.1370797677373048,1.0
2025-09-29 12:34:38+00:00,0.880104511132231,0.0
2025-09-29 12:34:39+00:00,1.582057792620617,2.0
2025-09-29 12:34:40+00:00,1.3082802776480094,1.0
2025-09-29 12:34:41+00:00,1.5598450248071458,2.0
2025-09-29 12:34:42+00:00,1.2978637252381304,1.0
2025-09-29 12:34:43+00:00,0.7607122480112594,0.0
2025-09-29 12:34:44+00:00,1.1217069022968644,1.0
2025-09-29 12:34:45+00:00,0.820637421333231,0.0
2025-09-29 12:34:46+00:00,1.041187800859916,0.0
2025-09-29 12:34:47+00:00,1.4613762622320792,2.0
2025-09-29 12:34:48+00:00,1.553232236619806,2.0
2025-09-29 12:34:49+00:00,1.5702430212841136,2.0
2025-09-29 12:34:50+00:00,1.2838840433541918,1.0
2025-09-29 12:34:51+00:00,1.4347126284992555,2.0
2025-09-29 12:34:52+00:00,1.0209091059514321,0.0
2025-09-29 12:34:53+00:00,0.8085794961807551,0.0
2025-09-29 12:34:54+00:00,0.944005868586828,0.0
2025-09-29 12:34:55+00:00,0.7993842475261772,0.0
2025-09-29 12:34:56+00:00,1.220068148948485,1.0
2025-09-29 12:34:57+00:00,1.6285741885803873,2.0
2025-09-29 12:34:58+00:00,1.0489092865755083,0.0
2025-09-29 12:34:59+00:00,1.4150388573907549,2.0
2025-09-29 12:35:00+00:00,1.2835735528642545,1.0
2025-09-29 12:35:01+00:00,1.6400504829216516,2.0
2025-09-29 12:35:02+00:00,1.1547620298806578,1.0
2025-09-29 12:35:03+00:00,1.4324935596669093,2.0
2025-09-29 12:35:04+00:00,1.312887409614632,1.0
2025-09-29 12:35:05+00:00,1.106129591134959,1.0
2025-09-29 12:35:06+00:00,1.8553483977302676,2.0
2025-09-29 12:35:07+00:00,0.8786966933112126,0.0
2025-09-29 12:35:08+00:00,1.426158348665922,2.0
2025-09-29 12:35:09+00:00,1.4682754823734285,2.0
2025-09-29 12:35:10+00:00,1.0698864506848622,0.0
2025-09-29 12:35:11+00:00,1.0765674171270803,0.0
2025-09-29 12:35:12+00:00,0.9218932546646101,0.0
2025-09-29 12:35:13+00:00,1.0260781252145534,0.0
2025-09-29 12:35:14+00:00,1.6298186507628998,2.0
2025-09-29 12:35:15+00:00,1.487861977002467,2.0
2025-09-29 12:35:16+00:00,1.004751039421535,0.0
2025-09-29 12:35:17+00:00,1.5595719251723494,2.0
2025-09-29 12:35:18+00:00,1.218014110228978,1.0
2025-09-29 12:35:19+00:00,0.9400651890755398,0.0
2025-09-29 12:35:20+00:00,1.1636348407482728,1.0
2025-09-29 12:35:21+00:00,1.197846953276894,1.0
2025-09-29 12:35:22+00:00,1.4379804965719813,2.0
2025-09-29 12:35:23+00:00,1.8468681688973447,2.0
2025-09-29 12:35:24+00:00,0.8416277746873675,0.0
2025-09-29 12:35:25+00:00,1.5250592845404753,2.0
2025-09-29 12:35:26+00:00,1.1329808239534032,1.0
2025-09-29 12:35:27+00:00,0.8978646137547912,0.0
2025-09-29 12:35:28+00:00,1.2306749062554445,1.0
2025-09-29 12:35:29+00:00,1.803199802423478,2.0
2025-09-29 12:35:30+00:00,0.9903784459311282,0.0
2025-09-29 12:35:31+00:00,1.8221576208306942,2.0
2025-09-29 12:35:32+00:00,0.781123766239034,0.0
2025-09-29 12:35:33+00:00,1.1894314285746077,1.0
2025-09-29 12:35:34+00:00,0.7000776830827817,0.0
2025-09-29 12:35:35+00:00,0.7054235357209109,0.0
2025-09-29 12:35:36+00:00,1.1697990254760953,1.0
2025-09-29 12:35:37+00:00,1.6110994408809347,2.0
2025-09-29 12:35:38+00:00,1.1883499369287165,1.0
2025-09-29 12:35:39+00:00,1.284880770574091,1.0
2025-09-29 12:35:40+00:00,1.4609230579226278,2.0
2025-09-29 12:35:41+00:00,1.7139755348180188,2.0
2025-09-29 12:35:42+00:00,1.429618823560304,2.0
2025-09-29 12:35:43+00:00,1.0427473467425443,0.0
2025-09-29 12:35:44+00:00,1.6849558244284708,2.0
2025-09-29 12:35:45+00:00,1.635255023240461,2.0
2025-09-29 12:35:46+00:00,1.245537955313921,1.0
2025-09-29 12:35:47+00:00,1.417848303593928,2.0
2025-09-29 12:35:48+00:00,0.8633694623713382,0.0
2025-09-29 12:35:49+00:00,1.1275280574773205,1.0
2025-09-29 12:35:50+00:00,1.6452421266731108,2.0
2025-09-29 12:35:51+00:00,1.680271045610425,2.0
2025-09-29 12:35:52+00:00,1.1293306566367391,1.0
2025-09-29 12:35:53+00:00,1.1629608106304659,1.0
2025-09-29 12:35:54+00:00,1.313603611299186,1.0
2025-09-29 12:35:55+00:00,1.607655283762142,2.0
2025-09-29 12:35:56+00:00,1.5686636510363314,2.0
2025-09-29 12:35:57+00:00,1.369677336580935,1.0
2025-09-29 12:35:58+00:00,1.3796008468198124,1.0
2025-09-29 12:35:59+00:00,1.7797117189329583,2.0
2025-09-29 12:36:00+00:00,1.6931392565311398,2.0
2025-09-29 12:36:01+00:00,0.9919596787804039,0.0
2025-09-29 12:36:02+00:00,1.6197648810193641,2.0
2025-09-29 12:36:03+00:00,1.317305116695934,1.0
2025-09-29 12:36:04+00:00,0.8860741562239127,0.0
2025-09-29 12:36:05+00:00,1.5549878306919709,2.0
2025-09-29 12:36:06+00:00,1.3779409084672807,1.0
2025-09-29 12:36:07+00:00,1.1139094452082645,1.0
2025-09-29 12:36:08+00:00,0.8191071228211513,0.0
2025-09-29 12:36:09+00:00,0.9651570002315566,0.0
2025-09-29 12:36:10+00:00,1.7806271443259902,2.0
2025-09-29 12:36:11+00:00,1.1766791353875306,1.0
2025-09-29 12:36:12+00:00,1.3175021590141114,1.0
2025-09-29 12:36:13+00:00,0.802561093994882,0.0
2025-09-29 12:36:14+00:00,1.4026568545523332,2.0
2025-09-29 12:36:15+00:00,0.9638410232000751,0.0
2025-09-29 12:36:16+00:00,1.0332670439238427,0.0
2025-09-29 12:36:17+00:00,1.5813326700299513,2.0
2025-09-29 12:36:18+00:00,1.7272459236410214,2.0
2025-09-29 12:36:19+00:00,0.6690597449342022,0.0
2025-09-29 12:36:20+00:00,0.8028331421373878,0.0
2025-09-29 12:36:21+00:00,0.844335196641623,0.0
2025-09-29 12:36:22+00:00,1.619997632005834,2.0
2025-09-29 12:36:23+00:00,1.292915807600366,1.0
2025-09-29 12:36:24+00:00,1.3409609924710821,1.0
2025-09-29 12:36:25+00:00,1.2175352768681478,1.0
2025-09-29 12:36:26+00:00,0.9427369338518474,0.0
2025-09-29 12:36:27+00:00,1.480989880321431,2.0
2025-09-29 12:36:28+00:00,1.7883961555926362,2.0
2025-09-29 12:36:29+00:00,1.512847821926698,2.0
2025-09-29 12:36:30+00:00,1.364064731329563,1.0
2025-09-29 12:36:31+00:00,1.2899450262921164,1.0
2025-09-29 12:36:32+00:00,1.3364458643191028,1.0
2025-09-29 12:36:33+00:00,1.5521744617144577,2.0
2025-09-29 12:36:34+00:00,1.6558424305985682,2.0
2025-09-29 12:36:35+00:00,1.5632831389084458,2.0
2025-09-29 12:36:36+00:00,1.420089738239767,2.0
2025-09-29 12:36:37+00:00,0.9993163748586085,0.0
2025-09-29 12:36:38+00:00,1.2790534813102568,1.0
2025-09-29 12:36:39+00:00,1.3338702512701275,1.0
2025-09-29 12:36:40+00:00,1.3382642010546988,1.0
2025-09-29 12:36:41+00:00,0.7871414776163874,0.0
2025-09-29 12:36:42+00:00,1.0477591532835504,0.0
2025-09-29 12:36:43+00:00,1.1523007876676274,1.0
2025-09-29 12:36:44+00:00,1.0536531891993945,0.0
2025-09-29 12:36:45+00:00,0.880610207474092,0.0
2025-09-29 12:36:46+00:00,1.4372675091872225,2.0
2025-09-29 12:36:47+00:00,0.9469299215852516,0.0
2025-09-29 12:36:48+00:00,0.8596769045834662,0.0
2025-09-29 12:36:49+00:00,1.1317285090772202,1.0
2025-09-29 12:36:50+00:00,1.3110218745860038,1.0
2025-09-29 12:36:51+00:00,1.5631722093385179,2.0
2025-09-29 12:36:52+00:00,1.4844772566430038,2.0
2025-09-29 12:36:53+00:00,1.5296965094457846,2.0
2025-09-29 12:36:54+00:00,0.9217311826796504,0.0
2025-09-29 12:36:55+00:00,1.9087322725681588,2.0
2025-09-29 12:36:56+00:00,1.2563634725374868,1.0
2025-09-29 12:36:57+00:00,1.0957131009345176,0.0
2025-09-29 12:36:58+00:00,1.4340595652756747,2.0
2025-09-29 12:36:59+00:00,1.4619365680409828,2.0
2025-09-29 12:37:00+00:00,1.6570172916544834,2.0
2025-09-29 12:37:01+00:00,1.3160218391858507,1.0
2025-09-29 12:37:02+00:00,1.1965786598448176,1.0
2025-09-29 12:37:03+00:00,1.2273188634426333,1.0
2025-09-29 12:37:04+00:00,1.873264250039938,2.0
2025-09-29 12:37:05+00:00,1.5668541596096475,2.0
2025-09-29 12:37:06+00:00,0.936840255453717,0.0
2025-09-29 12:37:07+00:00,1.3263204914692324,1.0
2025-09-29 12:37:08+00:00,1.079630093605374,0.0
2025-09-29 12:37:09+00:00,0.6770659217145294,0.0
2025-09-29 12:37:10+00:00,1.0944322658906458,0.0
2025-09-29 12:37:11+00:00,1.2111772112111794,1.0
2025-09-29 12:37:12+00:00,1.6111979300330859,2.0
2025-09-29 12:37:13+00:00,1.0386647219274892,0.0
2025-09-29 12:37:14+00:00,1.5399907766404795,2.0
2025-09-29 12:37:15+00:00,0.6321131070144475,0.0
2025-09-29 12:37:16+00:00,1.5550037388748024,2.0
2025-09-29 12:37:17+00:00,1.0821339980175253,0.0
2025-09-29 12:37:18+00:00,0.9434332687378628,0.0
2025-09-29 12:37:19+00:00,1.5795098385569872,2.0
2025-09-29 12:37:20+00:00,1.5613088240206707,2.0
2025-09-29 12:37:21+00:00,1.743431613969733,2.0
2025-09-29 12:37:22+00:00,1.3466434042929905,1.0
2025-09-29 12:37:23+00:00,1.6808320766576799,2.0
2025-09-29 12:37:24+00:00,1.214008435010328,1.0
2025-09-29 12:37:25+00:00,1.5109398207860067,2.0
2025-09-29 12:37:26+00:00,0.7902826945792185,0.0
2025-09-29 12:37:27+00:00,0.8398780290444847,0.0
2025-09-29 12:37:28+00:00,1.3022806624649093,1.0
2025-09-29 12:37:29+00:00,1.3683144728129264,1.0
2025-09-29 12:37:30+00:00,1.4741029852739302,2.0
2025-09-29 12:37:31+00:00,1.3187010217516217,1.0
2025-09-29 12:37:32+00:00,1.2387599583744304,1.0
2025-09-29 12:37:33+00:00,1.6084170407848433,2.0
2025-09-29 12:37:34+00:00,0.6534530286735389,0.0
2025-09-29 12:37:35+00:00,1.3077792799304007,1.0
2025-09-29 12:37:36+00:00,1.2972262350376695,1.0
2025-09-29 12:37:37+00:00,1.2264193675218849,1.0
2025-09-29 12:37:38+00:00,1.642152016502223,2.0
2025-09-29 12:37:39+00:00,1.8183692875609268,2.0
2025-09-29 12:37:40+00:00,0.6784159395756433,0.0
2025-09-29 12:37:41+00:00,1.4403150199796073,2.0
2025-09-29 12:37:42+00:00,1.5442815083806636,2.0
2025-09-29 12:37:43+00:00,1.377845396171324,1.0
2025-09-29 12:37:44+00:00,0.9156696268328233,0.0
2025-09-29 12:37:45+00:00,1.5655872939678375,2.0
2025-09-29 12:37:46+00:00,1.485693447975791,2.0
2025-09-29 12:37:47+00:00,0.8314785106194904,0.0
2025-09-29 12:37:48+00:00,1.23922990844585,1.0
2025-09-29 12:37:49+00:00,1.699475901783444,2.0
2025-09-29 12:37:50+00:00,0.606506420954247,0.0
2025-09-29 12:37:51+00:00,1.431783407664625,2.0
2025-09-29 12:37:52+00:00,1.12709825510683,1.0
2025-09-29 12:37:53+00:00,1.7683572366368026,2.0
2025-09-29 12:37:54+00:00,1.7093399869918358,2.0
2025-09-29 12:37:55+00:00,0.9481651971873362,0.0
2025-09-29 12:37:56+00:00,1.0522145664144773,0.0
2025-09-29 12:37:57+00:00,1.414467803275329,2.0
2025-09-29 12:37:58+00:00,1.143073887025821,1.0
2025-09-29 12:37:59+00:00,1.6517188199941302,2.0
2025-09-29 12:38:00+00:00,1.0936590457567945,0.0
2025-09-29 12:38:01+00:00,1.0609076435939642,0.0
2025-09-29 12:38:02+00:00,1.6985402310092468,2.0
2025-09-29 12:38:03+00:00,1.1267085988511099,1.0
2025-09-29 12:38:04+00:00,1.1421180250763427,1.0
2025-09-29 12:38:05+00:00,1.602275233133696,2.0
2025-09-29 12:38:06+00:00,1.4870220799493836,2.0
2025-09-29 12:38:07+00:00,0.886260687635513,0.0
2025-09-29 12:38:08+00:00,1.0567593416199088,0.0
2025-09-29 12:38:09+00:00,1.1239754168054787,1.0
2025-09-29 12:38:10+00:00,1.5862190617917804,2.0
2025-09-29 12:38:11+00:00,1.5468586970673641,2.0
2025-09-29 12:38:12+00:00,1.7847295610117726,2.0
2025-09-29 12:38:13+00:00,1.236945969372755,1.0
2025-09-29 12:38:14+00:00,1.3078734381851973,1.0
2025-09-29 12:38:15+00:00,1.2619668050610926,1.0
2025-09-29 12:38:16+00:00,1.7016022140160203,2.0
2025-09-29 12:38:17+00:00,0.9019867344177328,0.0
2025-09-29 12:38:18+00:00,1.4166321635711938,2.0
2025-09-29 12:38:19+00:00,0.9685705835290719,0.0
2025-09-29 12:38:20+00:00,0.9519708092266228,0.0
2025-09-29 12:38:21+00:00,1.2764938887266908,1.0
2025-09-29 12:38:22+00:00,1.1454549904010491,1.0
2025-09-29 12:38:23+00:00,1.0250514983781613,0.0
2025-09-29 12:38:24+00:00,1.4133295011270093,2.0
2025-09-29 12:38:25+00:00,1.4971754419675563,2.0
2025-09-29 12:38:26+00:00,1.031453474832233,0.0
2025-09-29 12:38:27+00:00,0.7977511428907746,0.0
2025-09-29 12:38:28+00:00,1.4711513759248191,2.0
2025-09-29 12:38:29+00:00,1.5920954900502693,2.0
2025-09-29 12:38:30+00:00,1.2919836007349659,1.0
2025-09-29 12:38:31+00:00,1.2453634136618348,1.0
2025-09-29 12:38:32+00:00,1.6192318139655981,2.0
2025-09-29 12:38:33+00:00,1.6070318271958968,2.0
2025-09-29 12:38:34+00:00,0.6726909077406162,0.0
2025-09-29 12:38:35+00:00,0.9804722548287828,0.0
2025-09-29 12:38:36+00:00,0.9498434709239518,0.0
2025-09-29 12:38:37+00:00,1.3779401580541162,1.0
2025-09-29 12:38:38+00:00,1.150619297826779,1.0
2025-09-29 12:38:39+00:00,1.3396095464268,1.0
2025-09-29 12:38:40+00:00,1.212171661813045,1.0
2025-09-29 12:38:41+00:00,0.8281096899590921,0.0
2025-09-29 12:38:42+00:00,1.419796687172493,2.0
2025-09-29 12:38:43+00:00,1.404690759460209,2.0
2025-09-29 12:38:44+00:00,1.375822643560241,1.0
2025-09-29 12:38:45+00:00,1.844937622139696,2.0
2025-09-29 12:38:46+00:00,1.0980274028988788,0.0
2025-09-29 12:38:47+00:00,1.6628581624099752,2.0
2025-09-29 12:38:48+00:00,1.2538509234727826,1.0
2025-09-29 12:38:49+00:00,1.2125531427009264,1.0
2025-09-29 12:38:50+00:00,0.7888535928505007,0.0
2025-09-29 12:38:51+00:00,0.9234045758785214,0.0
2025-09-29 12:38:52+00:00,0.8181815694551915,0.0
2025-09-29 12:38:53+00:00,1.5380731571640354,2.0
2025-09-29 12:38:54+00:00,0.9189142802206334,0.0
2025-09-29 12:38:55+00:00,1.6801453071675496,2.0
2025-09-29 12:38:56+00:00,0.7710489294404397,0.0
2025-09-29 12:38:57+00:00,1.6456613430636935,2.0
2025-09-29 12:38:58+00:00,1.082980125953327,0.0
2025-09-29 12:38:59+00:00,1.2184850605553947,1.0
2025-09-29 12:39:00+00:00,0.8714476628083503,0.0
2025-09-29 12:39:01+00:00,1.4513405103934929,2.0
2025-09-29 12:39:02+00:00,1.0862272730300901,0.0
2025-09-29 12:39:03+00:00,1.3441722026036587,1.0
2025-09-29 12:39:04+00:00,1.0789580689015565,0.0
2025-09-29 12:39:05+00:00,0.6115710805315757,0.0
2025-09-29 12:39:06+00:00,1.308825748754316,1.0
2025-09-29 12:39:07+00:00,1.3739307511714287,1.0
2025-09-29 12:39:08+00:00,1.4553072905400768,2.0
2025-09-29 12:39:09+00:00,1.4173807379847858,2.0
2025-09-29 12:39:10+00:00,1.8515482966176933,2.0
2025-09-29 12:39:11+00:00,0.9849924028239911,0.0
2025-09-29 12:39:12+00:00,1.215417286803131,1.0
2025-09-29 12:39:13+00:00,1.8613210732291918,2.0
2025-09-29 12:39:14+00:00,1.7028328814776614,2.0
2025-09-29 12:39:15+00:00,1.114907680399483,1.0
2025-09-29 12:39:16+00:00,1.3156966418464435,1.0
2025-09-29 12:39:17+00:00,1.0985039002989652,0.0
2025-09-29 12:39:18+00:00,1.6655106310645351,2.0
2025-09-29 12:39:19+00:00,1.3201204218785278,1.0
2025-09-29 12:39:20+00:00,1.2765222424350213,1.0
2025-09-29 12:39:21+00:00,1.0620294501277385,0.0
2025-09-29 12:39:22+00:00,1.3681072773906635,1.0
2025-09-29 12:39:23+00:00,1.0894011393538676,0.0
2025-09-29 12:39:24+00:00,1.2858948987122858,1.0
2025-09-29 12:39:25+00:00,1.2194078286120202,1.0
2025-09-29 12:39:26+00:00,1.4351728700712556,2.0
2025-09-29 12:39:27+00:00,1.18596048989275,1.0
2025-09-29 12:39:28+00:00,1.1173532359534875,1.0
2025-09-29 12:39:29+00:00,1.4533153683005366,2.0
2025-09-29 12:39:30+00:00,1.7907707312406274,2.0
2025-09-29 12:39:31+00:00,1.304627606907161,1.0
2025-09-29 12:39:32+00:00,1.3392482698254753,1.0
2025-09-29 12:39:33+00:00,1.663278643405647,2.0
2025-09-29 12:39:34+00:00,1.1384277413744712,1.0
2025-09-29 12:39:35+00:00,1.0715854513691738,0.0
2025-09-29 12:39:36+00:00,0.5595475720037939,0.0
2025-09-29 12:39:37+00:00,1.2479304955195403,1.0
2025-09-29 12:39:38+00:00,1.4679572869645199,2.0
2025-09-29 12:39:39+00:00,1.4973625466082012,2.0
2025-09-29 12:39:40+00:00,1.7131101330451202,2.0
2025-09-29 12:39:41+00:00,1.153396857655025,1.0
2025-09-29 12:39:42+00:00,1.3736769761599135,1.0
2025-09-29 12:39:43+00:00,1.3854070711822715,1.0
2025-09-29 12:39:44+00:00,1.0294669551512925,0.0
2025-09-29 12:39:45+00:00,1.2749330021615606,1.0
2025-09-29 12:39:46+00:00,1.7424346517655067,2.0
2025-09-29 12:39:47+00:00,0.6476354862388689,0.0
2025-09-29 12:39:48+00:00,1.3248310049675638,1.0
2025-09-29 12:39:49+00:00,1.3166977452929132,1.0
2025-09-29 12:39:50+00:00,1.5630683386552846,2.0
2025-09-29 12:39:51+00:00,0.8106972558016423,0.0
2025-09-29 12:39:52+00:00,1.509434870473342,2.0
2025-09-29 12:39:53+00:00,1.288631241332041,1.0
2025-09-29 12:39:54+00:00,0.9486304151068907,0.0
2025-09-29 12:39:55+00:00,1.308669595659012,1.0
2025-09-29 12:39:56+00:00,0.9464905067434302,0.0
2025-09-29 12:39:57+00:00,1.3770213194802636,1.0
2025-09-29 12:39:58+00:00,1.0260935003461782,0.0
2025-09-29 12:39:59+00:00,1.420961039068061,2.0
2025-09-29 12:40:00+00:00,1.548456389180501,2.0
2025-09-29 12:40:01+00:00,0.8800462400249671,0.0
2025-09-29 12:40:02+00:00,1.0557594367564889,0.0
2025-09-29 12:40:03+00:00,1.2520612207445083,1.0
2025-09-29 12:40:04+00:00,1.055878540602862,0.0
2025-09-29 12:40:05+00:00,1.5737278852175223,2.0
2025-09-29 12:40:06+00:00,1.187418320318102,1.0
2025-09-29 12:40:07+00:00,1.4193691764521645,2.0
2025-09-29 12:40:08+00:00,0.9177196663222276,0.0
2025-09-29 12:40:09+00:00,1.2952151772624347,1.0
2025-09-29 12:40:10+00:00,1.1072979047021363,1.0
2025-09-29 12:40:11+00:00,1.3667643909575418,1.0
2025-09-29 12:40:12+00:00,1.109253728776821,1.0
2025-09-29 12:40:13+00:00,1.5114701488491846,2.0
2025-09-29 12:40:14+00:00,1.047874775409582,0.0
2025-09-29 12:40:15+00:00,1.385851245810045,1.0
2025-09-29 12:40:16+00:00,1.0327464158763178,0.0
2025-09-29 12:40:17+00:00,1.208060678181937,1.0
2025-09-29 12:40:18+00:00,1.3657989178609569,1.0
2025-09-29 12:40:19+00:00,0.9676089718850562,0.0
2025-09-29 12:40:20+00:00,1.393475227378076,2.0
2025-09-29 12:40:21+00:00,1.727598499157466,2.0
2025-09-29 12:40:22+00:00,1.1656463253166294,1.0
2025-09-29 12:40:23+00:00,0.8591919358586892,0.0
2025-09-29 12:40:24+00:00,1.447217059583636,2.0
2025-09-29 12:40:25+00:00,1.4854841525229858,2.0
2025-09-29 12:40:26+00:00,0.9507238108781166,0.0
2025-09-29 12:40:27+00:00,1.712422666081693,2.0
2025-09-29 12:40:28+00:00,1.497444778229692,2.0
2025-09-29 12:40:29+00:00,1.1505941667128354,1.0
2025-09-29 12:40:30+00:00,1.052911977894837,0.0
2025-09-29 12:40:31+00:00,0.8138259022234706,0.0
2025-09-29 12:40:32+00:00,1.3463950909790583,1.0
2025-09-29 12:40:33+00:00,1.4243221404904034,2.0
2025-09-29 12:40:34+00:00,1.0602688518556533,0.0
2025-09-29 12:40:35+00:00,1.5017536641389597,2.0
2025-09-29 12:40:36+00:00,1.5233792241342599,2.0
2025-09-29 12:40:37+00:00,1.267106096696807,1.0
2025-09-29 12:40:38+00:00,1.1555013121396769,1.0
2025-09-29 12:40:39+00:00,1.3034468682453735,1.0
2025-09-29 12:40:40+00:00,1.0867071935499553,0.0
2025-09-29 12:40:41+00:00,1.5208022993174382,2.0
2025-09-29 12:40:42+00:00,1.3066065052116755,1.0
2025-09-29 12:40:43+00:00,1.7190429689217126,2.0
2025-09-29 12:40:44+00:00,1.5588411849166732,2.0
2025-09-29 12:40:45+00:00,1.6437678224174306,2.0
2025-09-29 12:40:46+00:00,0.9474045021488564,0.0
2025-09-29 12:40:47+00:00,0.740923427089001,0.0
2025-09-29 12:40:48+00:00,1.2553166923753452,1.0
2025-09-29 12:40:49+00:00,1.476877909313771,2.0
2025-09-29 12:40:50+00:00,0.8965833272814052,0.0
2025-09-29 12:40:51+00:00,1.711341208574595,2.0
2025-09-29 12:40:52+00:00,1.6101113774639089,2.0
2025-09-29 12:40:53+00:00,1.1603673720092047,1.0
2025-09-29 12:40:54+00:00,1.1872964183567092,1.0
2025-09-29 12:40:55+00:00,1.1678881246043602,1.0
2025-09-29 12:40:56+00:00,1.727678781375289,2.0
2025-09-29 12:40:57+00:00,1.4555548637872562,2.0
2025-09-29 12:40:58+00:00,1.066762447313522,0.0
2025-09-29 12:40:59+00:00,1.655066413601162,2.0
2025-09-29 12:41:00+00:00,1.0940136486460688,0.0
2025-09-29 12:41:01+00:00,1.5280254818935646,2.0
2025-09-29 12:41:02+00:00,0.86707182849932,0.0
2025-09-29 12:41:03+00:00,1.4501950714475242,2.0
2025-09-29 12:41:04+00:00,0.8758425992564298,0.0
2025-09-29 12:41:05+00:00,0.855046641532681,0.0
2025-09-29 12:41:06+00:00,1.2033360266505042,1.0
2025-09-29 12:41:07+00:00,1.2884755339327967,1.0
2025-09-29 12:41:08+00:00,1.481659179975395,2.0
2025-09-29 12:41:09+00:00,1.0796718753263121,0.0
2025-09-29 12:41:10+00:00,0.839246793082566,0.0
2025-09-29 12:41:11+00:00,1.523488261824241,2.0
2025-09-29 12:41:12+00:00,1.3601235075475415,1.0
2025-09-29 12:41:13+00:00,1.0875521387642948,0.0
2025-09-29 12:41:14+00:00,1.3550593522959389,1.0
2025-09-29 12:41:15+00:00,1.260871809674427,1.0
2025-09-29 12:41:16+00:00,0.933153938894975,0.0
2025-09-29 12:41:17+00:00,1.0130794855940621,0.0
2025-09-29 12:41:18+00:00,0.8068215416424209,0.0
2025-09-29 12:41:19+00:00,0.7640677432209486,0.0
2025-09-29 12:41:20+00:00,0.9422648476320319,0.0
2025-09-29 12:41:21+00:00,1.1053066431777552,1.0
2025-09-29 12:41:22+00:00,0.7064787128038006,0.0
2025-09-29 12:41:23+00:00,0.6999358947650762,0.0
2025-09-29 12:41:24+00:00,1.2747523107682355,1.0
2025-09-29 12:41:25+00:00,1.7557832365127979,2.0
2025-09-29 12:41:26+00:00,1.8536385092593264,2.0
2025-09-29 12:41:27+00:00,1.8843685504398309,2.0
2025-09-29 12:41:28+00:00,0.630545587875531,0.0
2025-09-29 12:41:29+00:00,1.6140605362888891,2.0
2025-09-29 12:41:30+00:00,1.4749716238729889,2.0
2025-09-29 12:41:31+00:00,1.4934320587635739,2.0
2025-09-29 12:41:32+00:00,0.9887047212105244,0.0
2025-09-29 12:41:33+00:00,1.0858167543046875,0.0
2025-09-29 12:41:34+00:00,1.3867704548902111,2.0
2025-09-29 12:41:35+00:00,1.6364846285723615,2.0
2025-09-29 12:41:36+00:00,1.1619560725812335,1.0
2025-09-29 12:41:37+00:00,1.0915783742966596,0.0
2025-09-29 12:41:38+00:00,1.348767627569032,1.0
2025-09-29 12:41:39+00:00,0.9869461116031744,0.0
2025-09-29 12:41:40+00:00,1.3283545911108376,1.0
2025-09-29 12:41:41+00:00,0.7644370838825125,0.0
2025-09-29 12:41:42+00:00,0.9804604870150797,0.0
2025-09-29 12:41:43+00:00,1.014807086015935,0.0
2025-09-29 12:41:44+00:00,0.807841204397846,0.0
2025-09-29 12:41:45+00:00,1.0319415113335708,0.0
2025-09-29 12:41:46+00:00,1.1960388615552802,1.0
2025-09-29 12:41:47+00:00,1.5509277843957534,2.0
2025-09-29 12:41:48+00:00,1.6865211222757353,2.0
2025-09-29 12:41:49+00:00,1.4871683870296692,2.0
2025-09-29 12:41:50+00:00,1.1225381947442656,1.0
2025-09-29 12:41:51+00:00,1.6679905458149733,2.0
2025-09-29 12:41:52+00:00,0.8091178674076218,0.0
2025-09-29 12:41:53+00:00,0.9944263418292394,0.0
2025-09-29 12:41:54+00:00,1.6179530193767278,2.0
2025-09-29 12:41:55+00:00,1.0533612875151448,0.0
2025-09-29 12:41:56+00:00,1.0270915490982588,0.0
2025-09-29 12:41:57+00:00,1.4272097464127,2.0
2025-09-29 12:41:58+00:00,1.2676193691295339,1.0
2025-09-29 12:41:59+00:00,1.2967076006752905,1.0
2025-09-29 12:42:00+00:00,0.7207942289096536,0.0
2025-09-29 12:42:01+00:00,1.285228195178206,1.0
2025-09-29 12:42:02+00:00,1.6039060969196726,2.0
2025-09-29 12:42:03+00:00,0.7470357546117157,0.0
2025-09-29 12:42:04+00:00,0.8162502849299926,0.0
2025-09-29 12:42:05+00:00,1.0429435596743133,0.0
2025-09-29 12:42:06+00:00,1.3316096489725169,1.0
2025-09-29 12:42:07+00:00,1.0164484140841523,0.0
2025-09-29 12:42:08+00:00,0.8039714659389574,0.0
2025-09-29 12:42:09+00:00,0.7045739849709207,0.0
2025-09-29 12:42:10+00:00,1.796418011203059,2.0
2025-09-29 12:42:11+00:00,1.2328685044922167,1.0
2025-09-29 12:42:12+00:00,1.2872698336432222,1.0
2025-09-29 12:42:13+00:00,1.3096670667582657,1.0
2025-09-29 12:42:14+00:00,1.2961816074239323,1.0
2025-09-29 12:42:15+00:00,1.2882120130961994,1.0
2025-09-29 12:42:16+00:00,1.2905862199986586,1.0
2025-09-29 12:42:17+00:00,0.8116449210356222,0.0
2025-09-29 12:42:18+00:00,1.7345964692649432,2.0
2025-09-29 12:42:19+00:00,0.9824322082422441,0.0
2025-09-29 12:42:20+00:00,1.077450753437006,0.0
2025-09-29 12:42:21+00:00,1.2788720833486877,1.0
2025-09-29 12:42:22+00:00,1.067597090615891,0.0
2025-09-29 12:42:23+00:00,1.1745042432448827,1.0
2025-09-29 12:42:24+00:00,1.5274955269997008,2.0
2025-09-29 12:42:25+00:00,1.3877817848115228,2.0
2025-09-29 12:42:26+00:00,1.294168640699354,1.0
2025-09-29 12:42:27+00:00,1.0038369733811123,0.0
2025-09-29 12:42:28+00:00,0.9362780797528103,0.0
2025-09-29 12:42:29+00:00,0.7899001363257412,0.0
2025-09-29 12:42:30+00:00,1.44231704021513,2.0
2025-09-29 12:42:31+00:00,1.6247769599140156,2.0
2025-09-29 12:42:32+00:00,1.2125048730085837,1.0
2025-09-29 12:42:33+00:00,1.331542492232984,1.0
2025-09-29 12:42:34+00:00,1.0308876724011498,0.0
2025-09-29 12:42:35+00:00,1.4241185542923631,2.0
2025-09-29 12:42:36+00:00,1.5856288515497,2.0
2025-09-29 12:42:37+00:00,1.150216878959327,1.0
2025-09-29 12:42:38+00:00,1.3068135826470098,1.0
2025-09-29 12:42:39+00:00,1.1027042320929468,1.0
2025-09-29 12:42:40+00:00,1.125304466142552,1.0
2025-09-29 12:42:41+00:00,1.6327803049061913,2.0
2025-09-29 12:42:42+00:00,0.6517217590298969,0.0
2025-09-29 12:42:43+00:00,1.5686850130878156,2.0
2025-09-29 12:42:44+00:00,0.8407155485037947,0.0
2025-09-29 12:42:45+00:00,1.0607850220549153,0.0
2025-09-29 12:42:46+00:00,1.020939477471984,0.0
2025-09-29 12:42:47+00:00,1.3976932082005078,2.0
2025-09-29 12:42:48+00:00,1.6164210433780681,2.0
2025-09-29 12:42:49+00:00,1.358489344449481,1.0
2025-09-29 12:42:50+00:00,0.9726892207254423,0.0
2025-09-29 12:42:51+00:00,1.736278170181322,2.0
2025-09-29 12:42:52+00:00,1.1420071443426423,1.0
2025-09-29 12:42:53+00:00,1.3185484744462883,1.0
2025-09-29 12:42:54+00:00,1.145809796769754,1.0
2025-09-29 12:42:55+00:00,1.273263535797014,1.0
2025-09-29 12:42:56+00:00,1.2476539589988533,1.0
2025-09-29 12:42:57+00:00,1.0941869905800559,0.0
2025-09-29 12:42:58+00:00,1.4735441016528057,2.0
2025-09-29 12:42:59+00:00,1.4860363803018117,2.0
2025-09-29 12:43:00+00:00,0.6394318870734423,0.0
2025-09-29 12:43:01+00:00,1.1103032678656746,1.0
2025-09-29 12:43:02+00:00,1.1763010199647397,1.0
2025-09-29 12:43:03+00:00,1.7250444604287622,2.0
2025-09-29 12:43:04+00:00,1.0278712179278955,0.0
2025-09-29 12:43:05+00:00,1.5102326199121308,2.0
2025-09-29 12:43:06+00:00,0.9816979210736463,0.0
2025-09-29 12:43:07+00:00,1.4121059056778904,2.0
2025-09-29 12:43:08+00:00,0.996146538775065,0.0
2025-09-29 12:43:09+00:00,0.7592801751598017,0.0
2025-09-29 12:43:10+00:00,1.1586151278606849,1.0
2025-09-29 12:43:11+00:00,1.7770281792763853,2.0
2025-09-29 12:43:12+00:00,1.6139512283843942,2.0
2025-09-29 12:43:13+00:00,1.129934198281262,1.0
2025-09-29 12:43:14+00:00,0.869317471559043,0.0
2025-09-29 12:43:15+00:00,0.9504118481563637,0.0
2025-09-29 12:43:16+00:00,1.3458590602240292,1.0
2025-09-29 12:43:17+00:00,1.7171381869993638,2.0
2025-09-29 12:43:18+00:00,1.4140190665057162,2.0
2025-09-29 12:43:19+00:00,1.6871073471265845,2.0
2025-09-29 12:43:20+00:00,0.8696645206073299,0.0
2025-09-29 12:43:21+00:00,0.6842702607245883,0.0
2025-09-29 12:43:22+00:00,1.776670772509533,2.0
2025-09-29 12:43:23+00:00,1.2523264151386684,1.0
2025-09-29 12:43:24+00:00,0.7768663004681002,0.0
2025-09-29 12:43:25+00:00,1.0732312453328632,0.0
2025-09-29 12:43:26+00:00,0.8619340213044779,0.0
2025-09-29 12:43:27+00:00,1.241137377684936,1.0
2025-09-29 12:43:28+00:00,0.7704622609890066,0.0
2025-09-29 12:43:29+00:00,1.4375681344099576,2.0
2025-09-29 12:43:30+00:00,1.0866988788329763,0.0
2025-09-29 12:43:31+00:00,1.0348482611007057,0.0
2025-09-29 12:43:32+00:00,1.7435275255702436,2.0
2025-09-29 12:43:33+00:00,1.2415591089520603,1.0
2025-09-29 12:43:34+00:00,1.900524510172545,2.0
2025-09-29 12:43:35+00:00,1.3182107170287054,1.0
2025-09-29 12:43:36+00:00,1.343773258413421,1.0
2025-09-29 12:43:37+00:00,0.958348566578934,0.0
2025-09-29 12:43:38+00:00,0.958079811243806,0.0
2025-09-29 12:43:39+00:00,1.4827065603603842,2.0
2025-09-29 12:43:40+00:00,1.2120465180196334,1.0
2025-09-29 12:43:41+00:00,0.7544227679318283,0.0
2025-09-29 12:43:42+00:00,1.600486024050042,2.0
2025-09-29 12:43:43+00:00,1.480278426737641,2.0
2025-09-29 12:43:44+00:00,1.1536229025950888,1.0
2025-09-29 12:43:45+00:00,1.5691811957512982,2.0
2025-09-29 12:43:46+00:00,0.903841146355262,0.0
2025-09-29 12:43:47+00:00,1.5406903537368635,2.0
2025-09-29 12:43:48+00:00,1.0656792140071047,0.0
2025-09-29 12:43:49+00:00,1.5836356537911342,2.0
2025-09-29 12:43:50+00:00,1.3859285304060904,1.0
2025-09-29 12:43:51+00:00,1.7700587321887724,2.0
2025-09-29 12:43:52+00:00,1.27432330128795,1.0
2025-09-29 12:43:53+00:00,1.1944021593953948,1.0
2025-09-29 12:43:54+00:00,1.3806235513620777,1.0
2025-09-29 12:43:55+00:00,1.0163237341330387,0.0
2025-09-29 12:43:56+00:00,1.2485243681148859,1.0
2025-09-29 12:43:57+00:00,1.0054145518952282,0.0
2025-09-29 12:43:58+00:00,1.4991425074258586,2.0
2025-09-29 12:43:59+00:00,1.3243542171112495,1.0
2025-09-29 12:44:00+00:00,0.7700564476836007,0.0
2025-09-29 12:44:01+00:00,1.2991285339958267,1.0
2025-09-29 12:44:02+00:00,1.0515100486227311,0.0
2025-09-29 12:44:03+00:00,1.2682037095510168,1.0
2025-09-29 12:44:04+00:00,1.3617772070138017,1.0
2025-09-29 12:44:05+00:00,1.1260583174735075,1.0
2025-09-29 12:44:06+00:00,1.0797635343187721,0.0
2025-09-29 12:44:07+00:00,1.5263889934722101,2.0
2025-09-29 12:44:08+00:00,1.359647252393188,1.0
2025-09-29 12:44:09+00:00,1.4171315786079504,2.0
2025-09-29 12:44:10+00:00,1.257209241419332,1.0
2025-09-29 12:44:11+00:00,1.087482354414533,0.0
2025-09-29 12:44:12+00:00,1.3991379847284406,2.0
2025-09-29 12:44:13+00:00,1.5105493260052754,2.0
2025-09-29 12:44:14+00:00,1.4066306996683124,2.0
2025-09-29 12:44:15+00:00,0.9971700129826786,0.0
2025-09-29 12:44:16+00:00,1.2934707782114856,1.0
2025-09-29 12:44:17+00:00,1.353344145405572,1.0
2025-09-29 12:44:18+00:00,0.9487617316481192,0.0
2025-09-29 12:44:19+00:00,1.251991051438381,1.0
2025-09-29 12:44:20+00:00,0.961235644412227,0.0
2025-09-29 12:44:21+00:00,1.2062087314698147,1.0
2025-09-29 12:44:22+00:00,0.879192722539301,0.0
2025-09-29 12:44:23+00:00,1.8871047405118588,2.0
2025-09-29 12:44:24+00:00,1.6845834853884298,2.0
2025-09-29 12:44:25+00:00,1.6668697192362742,2.0
2025-09-29 12:44:26+00:00,1.0127947798901005,0.0
2025-09-29 12:44:27+00:00,1.1563961358915549,1.0
2025-09-29 12:44:28+00:00,0.893198228746769,0.0
2025-09-29 12:44:29+00:00,1.608775153697934,2.0
2025-09-29 12:44:30+00:00,1.5139250145439291,2.0
2025-09-29 12:44:31+00:00,1.3466575741913402,1.0
2025-09-29 12:44:32+00:00,1.4716476191824768,2.0
2025-09-29 12:44:33+00:00,1.4032575414748862,2.0
2025-09-29 12:44:34+00:00,0.7764294623048045,0.0
2025-09-29 12:44:35+00:00,1.319768708126503,1.0
2025-09-29 12:44:36+00:00,0.9702671377599472,0.0
2025-09-29 12:44:37+00:00,0.9044840473798104,0.0
2025-09-29 12:44:38+00:00,1.332645974602201,1.0
2025-09-29 12:44:39+00:00,1.5072652936214581,2.0
2025-09-29 12:44:40+00:00,1.384653003042331,1.0
2025-09-29 12:44:41+00:00,1.172305208601756,1.0
2025-09-29 12:44:42+00:00,1.676547773371567,2.0
2025-09-29 12:44:43+00:00,1.6667380563885672,2.0
2025-09-29 12:44:44+00:00,1.0362870722310618,0.0
2025-09-29 12:44:45+00:00,0.8526116156135686,0.0
2025-09-29 12:44:46+00:00,1.7835394685534993,2.0
2025-09-29 12:44:47+00:00,1.50250927178422,2.0
2025-09-29 12:44:48+00:00,1.6741297841072083,2.0
2025-09-29 12:44:49+00:00,0.8932497056375723,0.0
2025-09-29 12:44:50+00:00,1.5230194073810708,2.0
2025-09-29 12:44:51+00:00,1.3122018714057049,1.0
2025-09-29 12:44:52+00:00,1.821550606910023,2.0
2025-09-29 12:44:53+00:00,1.8861921058123698,2.0
2025-09-29 12:44:54+00:00,1.093693211892969,0.0
2025-09-29 12:44:55+00:00,0.9732971319754142,0.0
2025-09-29 12:44:56+00:00,1.5507731973193586,2.0
2025-09-29 12:44:57+00:00,0.9946691186923999,0.0
2025-09-29 12:44:58+00:00,1.0038623098662356,0.0
2025-09-29 12:44:59+00:00,1.0538706187799107,0.0
2025-09-29 12:45:00+00:00,1.673621096619172,2.0
2025-09-29 12:45:01+00:00,1.3099792160937795,1.0
2025-09-29 12:45:02+00:00,1.5041606563754613,2.0
2025-09-29 12:45:03+00:00,1.3431436934915837,1.0
2025-09-29 12:45:04+00:00,0.8457660816638963,0.0
2025-09-29 12:45:05+00:00,1.058224174848874,0.0
2025-09-29 12:45:06+00:00,1.2837737632362405,1.0
2025-09-29 12:45:07+00:00,0.9877610234980239,0.0
2025-09-29 12:45:08+00:00,0.9135072547796881,0.0
2025-09-29 12:45:09+00:00,1.6896093867399031,2.0
2025-09-29 12:45:10+00:00,1.512415609191521,2.0
2025-09-29 12:45:11+00:00,1.1631229434569832,1.0
2025-09-29 12:45:12+00:00,0.847007915697759,0.0
2025-09-29 12:45:13+00:00,1.4801221383240772,2.0
2025-09-29 12:45:14+00:00,1.8214231931633549,2.0
2025-09-29 12:45:15+00:00,1.309551284823101,1.0
2025-09-29 12:45:16+00:00,1.1227010091679404,1.0
2025-09-29 12:45:17+00:00,1.2985786111821653,1.0
2025-09-29 12:45:18+00:00,0.9545628276828211,0.0
2025-09-29 12:45:19+00:00,0.8857496877608355,0.0
2025-09-29 12:45:20+00:00,1.3495243858051253,1.0
2025-09-29 12:45:21+00:00,1.2161816353327595,1.0
2025-09-29 12:45:22+00:00,1.0533063953334931,0.0
2025-09-29 12:45:23+00:00,1.5902938079962041,2.0
2025-09-29 12:45:24+00:00,1.4083027126907837,2.0
2025-09-29 12:45:25+00:00,1.2554115372768138,1.0
2025-09-29 12:45:26+00:00,0.9307860848202836,0.0
2025-09-29 12:45:27+00:00,1.0037663933326257,0.0
2025-09-29 12:45:28+00:00,1.24696985319315,1.0
2025-09-29 12:45:29+00:00,1.3810537820972968,1.0
2025-09-29 12:45:30+00:00,1.135132659721421,1.0
2025-09-29 12:45:31+00:00,0.8269720402458915,0.0
2025-09-29 12:45:32+00:00,1.0286208801990142,0.0
2025-09-29 12:45:33+00:00,1.474874286868726,2.0
2025-09-29 12:45:34+00:00,1.1944393488229252,1.0
2025-09-29 12:45:35+00:00,1.4694969270494767,2.0
2025-09-29 12:45:36+00:00,1.4943068400752963,2.0
2025-09-29 12:45:37+00:00,1.350816719350405,1.0
2025-09-29 12:45:38+00:00,1.0594879805721575,0.0
2025-09-29 12:45:39+00:00,1.6515537368832156,2.0
2025-09-29 12:45:40+00:00,1.26884183655784,1.0
2025-09-29 12:45:41+00:00,0.7923976607125951,0.0
2025-09-29 12:45:42+00:00,1.3881532702071127,2.0
2025-09-29 12:45:43+00:00,1.3233208191522863,1.0
2025-09-29 12:45:44+00:00,1.4804601607174845,2.0
2025-09-29 12:45:45+00:00,1.1670740421395749,1.0
2025-09-29 12:45:46+00:00,1.296551544801332,1.0
2025-09-29 12:45:47+00:00,1.2945179409580305,1.0
2025-09-29 12:45:48+00:00,0.7592480706953211,0.0
2025-09-29 12:45:49+00:00,1.6364843643968925,2.0
2025-09-29 12:45:50+00:00,1.683148138487013,2.0
2025-09-29 12:45:51+00:00,1.2520910442399327,1.0
2025-09-29 12:45:52+00:00,1.4173490271932678,2.0
2025-09-29 12:45:53+00:00,1.0349293215986108,0.0
2025-09-29 12:45:54+00:00,1.1515451891318662,1.0
2025-09-29 12:45:55+00:00,1.4482001493161079,2.0
2025-09-29 12:45:56+00:00,1.4298768366279546,2.0
2025-09-29 12:45:57+00:00,1.2259066055557923,1.0
2025-09-29 12:45:58+00:00,1.0093191894411575,0.0
2025-09-29 12:45:59+00:00,1.4980975694343215,2.0
2025-09-29 12:46:00+00:00,1.188037039275514,1.0
2025-09-29 12:46:01+00:00,1.4462416503374698,2.0
2025-09-29 12:46:02+00:00,1.5356997911148937,2.0
2025-09-29 12:46:03+00:00,1.1882517187914345,1.0
2025-09-29 12:46:04+00:00,1.7904646513634361,2.0
2025-09-29 12:46:05+00:00,1.1177359377907123,1.0
2025-09-29 12:46:06+00:00,1.5947747046593577,2.0
2025-09-29 12:46:07+00:00,1.6428507652017288,2.0
2025-09-29 12:46:08+00:00,1.3267263469024329,1.0
2025-09-29 12:46:09+00:00,1.0822671509085922,0.0
2025-09-29 12:46:10+00:00,1.0541353740700288,0.0
2025-09-29 12:46:11+00:00,1.6335933673399268,2.0
2025-09-29 12:46:12+00:00,1.442289923201315,2.0
2025-09-29 12:46:13+00:00,1.0011397628841223,0.0
2025-09-29 12:46:14+00:00,1.7649190920492401,2.0
2025-09-29 12:46:15+00:00,1.1082627623254666,1.0
2025-09-29 12:46:16+00:00,1.2305756854912033,1.0
2025-09-29 12:46:17+00:00,1.0029659749416169,0.0
2025-09-29 12:46:18+00:00,1.2841133801848628,1.0
2025-09-29 12:46:19+00:00,1.5024898253468564,2.0
2025-09-29 12:46:20+00:00,1.4892942110163858,2.0
2025-09-29 12:46:21+00:00,1.008615940620075,0.0
2025-09-29 12:46:22+00:00,1.526780698884977,2.0
2025-09-29 12:46:23+00:00,1.0705519236071268,0.0
2025-09-29 12:46:24+00:00,1.0848426776065025,0.0
2025-09-29 12:46:25+00:00,0.868196561030345,0.0
2025-09-29 12:46:26+00:00,1.61453680221166,2.0
2025-09-29 12:46:27+00:00,1.0272576371498872,0.0
2025-09-29 12:46:28+00:00,0.7868255054781912,0.0
2025-09-29 12:46:29+00:00,1.0678215727966744,0.0
2025-09-29 12:46:30+00:00,1.4715289093292085,2.0
2025-09-29 12:46:31+00:00,1.0416089003992965,0.0
2025-09-29 12:46:32+00:00,1.4265044168714667,2.0
2025-09-29 12:46:33+00:00,1.060072323642089,0.0
2025-09-29 12:46:34+00:00,0.8954468283045571,0.0
2025-09-29 12:46:35+00:00,1.036215302607161,0.0
2025-09-29 12:46:36+00:00,0.9279882627743063,0.0
2025-09-29 12:46:37+00:00,0.6280025552987354,0.0
2025-09-29 12:46:38+00:00,1.3293071183288703,1.0
2025-09-29 12:46:39+00:00,1.419683952757623,2.0
2025-09-29 12:46:40+00:00,1.1345793868240435,1.0
2025-09-29 12:46:41+00:00,1.4765596777142491,2.0
2025-09-29 12:46:42+00:00,1.0594116702704923,0.0
2025-09-29 12:46:43+00:00,1.25801974843489,1.0
2025-09-29 12:46:44+00:00,1.260608163793222,1.0
2025-09-29 12:46:45+00:00,1.0803768978366861,0.0
2025-09-29 12:46:46+00:00,1.5037188200367382,2.0
2025-09-29 12:46:47+00:00,1.1719967826647917,1.0
2025-09-29 12:46:48+00:00,0.8152186073275516,0.0
2025-09-29 12:46:49+00:00,1.4042146641295403,2.0
2025-09-29 12:46:50+00:00,1.4737877372972434,2.0
2025-09-29 12:46:51+00:00,1.0541872204630636,0.0
2025-09-29 12:46:52+00:00,1.8551884806802263,2.0
2025-09-29 12:46:53+00:00,1.3236525972752133,1.0
2025-09-29 12:46:54+00:00,1.4728809448133688,2.0
2025-09-29 12:46:55+00:00,1.7414142908382928,2.0
2025-09-29 12:46:56+00:00,1.6827944791439222,2.0
2025-09-29 12:46:57+00:00,1.2283371407538652,1.0
2025-09-29 12:46:58+00:00,1.1678471692866879,1.0
2025-09-29 12:46:59+00:00,1.2160775597876636,1.0
2025-09-29 12:47:00+00:00,1.531007359342766,2.0
2025-09-29 12:47:01+00:00,1.7042786139354575,2.0
2025-09-29 12:47:02+00:00,1.1023195285961265,1.0
2025-09-29 12:47:03+00:00,0.9518731291900622,0.0
2025-09-29 12:47:04+00:00,1.090492001749226,0.0
2025-09-29 12:47:05+00:00,1.3362724995677127,1.0
2025-09-29 12:47:06+00:00,1.6179032118088799,2.0
2025-09-29 12:47:07+00:00,1.4749199703946942,2.0
2025-09-29 12:47:08+00:00,1.4862659333448391,2.0
2025-09-29 12:47:09+00:00,1.3759151286649285,1.0
2025-09-29 12:47:10+00:00,1.8778923119971296,2.0
2025-09-29 12:47:11+00:00,0.918247679626802,0.0
2025-09-29 12:47:12+00:00,1.6043245436594589,2.0
2025-09-29 12:47:13+00:00,1.406830440275371,2.0
2025-09-29 12:47:14+00:00,1.6561893258767668,2.0
2025-09-29 12:47:15+00:00,1.0567849271465093,0.0
2025-09-29 12:47:16+00:00,0.9246430342172971,0.0
2025-09-29 12:47:17+00:00,0.820215114930761,0.0
2025-09-29 12:47:18+00:00,1.2782358622353058,1.0
2025-09-29 12:47:19+00:00,1.161826966665103,1.0
2025-09-29 12:47:20+00:00,1.555325563880615,2.0
2025-09-29 12:47:21+00:00,1.13416732501355,1.0
2025-09-29 12:47:22+00:00,1.5986832908674842,2.0
2025-09-29 12:47:23+00:00,1.6865092271473259,2.0
2025-09-29 12:47:24+00:00,0.7342624483862892,0.0
2025-09-29 12:47:25+00:00,1.0824034922843566,0.0
2025-09-29 12:47:26+00:00,1.3279680617561098,1.0
2025-09-29 12:47:27+00:00,1.0043273845658405,0.0
2025-09-29 12:47:28+00:00,1.313763470039703,1.0
2025-09-29 12:47:29+00:00,1.754568413409288,2.0
2025-09-29 12:47:30+00:00,1.296422691681073,1.0
2025-09-29 12:47:31+00:00,1.09461344324518,0.0
2025-09-29 12:47:32+00:00,1.38006873249833,1.0
2025-09-29 12:47:33+00:00,1.397567163585336,2.0
2025-09-29 12:47:34+00:00,1.2548720599443186,1.0
2025-09-29 12:47:35+00:00,1.389933570768335,2.0
2025-09-29 12:47:36+00:00,1.661133581554168,2.0
2025-09-29 12:47:37+00:00,1.3468584833171917,1.0
2025-09-29 12:47:38+00:00,0.7077736341307173,0.0
2025-09-29 12:47:39+00:00,1.3931155418831622,2.0
2025-09-29 12:47:40+00:00,0.961427214104333,0.0
2025-09-29 12:47:41+00:00,1.3939324687526096,2.0
2025-09-29 12:47:42+00:00,1.7884654631779995,2.0
2025-09-29 12:47:43+00:00,1.2851992256910307,1.0
2025-09-29 12:47:44+00:00,1.4883025527669815,2.0
2025-09-29 12:47:45+00:00,1.3446880212577526,1.0
2025-09-29 12:47:46+00:00,1.2980112679069862,1.0
2025-09-29 12:47:47+00:00,1.1607205103646265,1.0
2025-09-29 12:47:48+00:00,1.472736596755567,2.0
2025-09-29 12:47:49+00:00,0.7840742815606063,0.0
2025-09-29 12:47:50+00:00,1.313194421614753,1.0
2025-09-29 12:47:51+00:00,1.7155432521394687,2.0
2025-09-29 12:47:52+00:00,1.429057706016465,2.0
2025-09-29 12:47:53+00:00,1.0590779336489504,0.0
2025-09-29 12:47:54+00:00,0.9642483159404946,0.0
2025-09-29 12:47:55+00:00,1.4953834190091584,2.0
2025-09-29 12:47:56+00:00,1.1106018452410353,1.0
2025-09-29 12:47:57+00:00,1.158852912732982,1.0
2025-09-29 12:47:58+00:00,1.363679498725105,1.0
2025-09-29 12:47:59+00:00,1.6197500864363974,2.0
2025-09-29 12:48:00+00:00,1.5736188164155465,2.0
2025-09-29 12:48:01+00:00,1.5445330132206436,2.0
2025-09-29 12:48:02+00:00,1.1762638778745895,1.0
2025-09-29 12:48:03+00:00,0.9034887900925241,0.0
2025-09-29 12:48:04+00:00,1.6003675710380776,2.0
2025-09-29 12:48:05+00:00,0.8321589986007893,0.0
2025-09-29 12:48:06+00:00,1.108913606076385,1.0
2025-09-29 12:48:07+00:00,1.4323429686191957,2.0
2025-09-29 12:48:08+00:00,1.6474311953788856,2.0
2025-09-29 12:48:09+00:00,1.152168297310709,1.0
2025-09-29 12:48:10+00:00,1.5556211035727756,2.0
2025-09-29 12:48:11+00:00,1.1174796520062955,1.0
2025-09-29 12:48:12+00:00,1.1344515994278481,1.0
2025-09-29 12:48:13+00:00,1.275031764365849,1.0
2025-09-29 12:48:14+00:00,0.9042660943669034,0.0
2025-09-29 12:48:15+00:00,1.5923799521406181,2.0
2025-09-29 12:48:16+00:00,1.0116780399985146,0.0
2025-09-29 12:48:17+00:00,0.7345718556607608,0.0
2025-09-29 12:48:18+00:00,1.0637353099737084,0.0
2025-09-29 12:48:19+00:00,1.4792519449547399,2.0
2025-09-29 12:48:20+00:00,1.1506361406936776,1.0
2025-09-29 12:48:21+00:00,1.0402705404703738,0.0
2025-09-29 12:48:22+00:00,1.5532395484042354,2.0
2025-09-29 12:48:23+00:00,1.670755838160403,2.0
2025-09-29 12:48:24+00:00,1.6728783822327387,2.0
2025-09-29 12:48:25+00:00,1.2478293599269819,1.0
2025-09-29 12:48:26+00:00,1.378305232807179,1.0
2025-09-29 12:48:27+00:00,0.9643433628807543,0.0
2025-09-29 12:48:28+00:00,1.1882031457062112,1.0
2025-09-29 12:48:29+00:00,1.031442268693354,0.0
2025-09-29 12:48:30+00:00,1.812419191322988,2.0
2025-09-29 12:48:31+00:00,1.8040526252007112,2.0
2025-09-29 12:48:32+00:00,1.1919416117743822,1.0
2025-09-29 12:48:33+00:00,0.964245666473289,0.0
2025-09-29 12:48:34+00:00,1.380852967107785,1.0
2025-09-29 12:48:35+00:00,0.8583594635420013,0.0
2025-09-29 12:48:36+00:00,1.593365062290104,2.0
2025-09-29 12:48:37+00:00,1.1530901692603948,1.0
2025-09-29 12:48:38+00:00,1.8684315351129044,2.0
2025-09-29 12:48:39+00:00,1.2517359167541144,1.0
2025-09-29 12:48:40+00:00,0.9612545523850713,0.0
2025-09-29 12:48:41+00:00,0.8932034878380364,0.0
2025-09-29 12:48:42+00:00,1.5062117446068441,2.0
2025-09-29 12:48:43+00:00,0.6756303356814897,0.0
2025-09-29 12:48:44+00:00,1.4804361267888453,2.0
2025-09-29 12:48:45+00:00,1.411653845818364,2.0
2025-09-29 12:48:46+00:00,0.9052764798543649,0.0
2025-09-29 12:48:47+00:00,1.479405533274985,2.0
2025-09-29 12:48:48+00:00,1.4902806665049866,2.0
2025-09-29 12:48:49+00:00,1.35594372106425,1.0
2025-09-29 12:48:50+00:00,0.7997613484767498,0.0
2025-09-29 12:48:51+00:00,0.9200903200689936,0.0
2025-09-29 12:48:52+00:00,1.0296407068090048,0.0
2025-09-29 12:48:53+00:00,1.1238227826252114,1.0
2025-09-29 12:48:54+00:00,1.2869912666355958,1.0
2025-09-29 12:48:55+00:00,1.5873450909857638,2.0
2025-09-29 12:48:56+00:00,1.1584420057479292,1.0
2025-09-29 12:48:57+00:00,1.6601401164080016,2.0
2025-09-29 12:48:58+00:00,1.4482429923082236,2.0
2025-09-29 12:48:59+00:00,1.3682413138449192,1.0
2025-09-29 12:49:00+00:00,1.3135856377193704,1.0
2025-09-29 12:49:01+00:00,1.1675688224640908,1.0
2025-09-29 12:49:02+00:00,1.2812659653136507,1.0
2025-09-29 12:49:03+00:00,1.3264901116926922,1.0
2025-09-29 12:49:04+00:00,1.4969314141198993,2.0
2025-09-29 12:49:05+00:00,1.1419931193086086,1.0
2025-09-29 12:49:06+00:00,1.0860649251990253,0.0
2025-09-29 12:49:07+00:00,1.0049736554501578,0.0
2025-09-29 12:49:08+00:00,1.1073819868906867,1.0
2025-09-29 12:49:09+00:00,1.7723037273826776,2.0
2025-09-29 12:49:10+00:00,1.0282522203197004,0.0
2025-09-29 12:49:11+00:00,0.6466991594788851,0.0
2025-09-29 12:49:12+00:00,1.7172849888156634,2.0
2025-09-29 12:49:13+00:00,1.3269810537458397,1.0
2025-09-29 12:49:14+00:00,1.0901773114455864,0.0
2025-09-29 12:49:15+00:00,1.5735445288737537,2.0
2025-09-29 12:49:16+00:00,1.5835794604063267,2.0
2025-09-29 12:49:17+00:00,1.4714827408752171,2.0
2025-09-29 12:49:18+00:00,1.5225267126515973,2.0
2025-09-29 12:49:19+00:00,0.9828874475351768,0.0
2025-09-29 12:49:20+00:00,1.4642990018473938,2.0
2025-09-29 12:49:21+00:00,1.0063398781348951,0.0
2025-09-29 12:49:22+00:00,1.3685080305876909,1.0
2025-09-29 12:49:23+00:00,1.281135822107899,1.0
2025-09-29 12:49:24+00:00,1.4016173595155124,2.0
2025-09-29 12:49:25+00:00,1.0065079439373221,0.0
2025-09-29 12:49:26+00:00,1.6603412722761277,2.0
2025-09-29 12:49:27+00:00,0.7403117820940679,0.0
2025-09-29 12:49:28+00:00,1.310176492363098,1.0
2025-09-29 12:49:29+00:00,1.1974572937033372,1.0
2025-09-29 12:49:30+00:00,1.1837897443620022,1.0
2025-09-29 12:49:31+00:00,1.1613221824954962,1.0
2025-09-29 12:49:32+00:00,1.7710551277414197,2.0
2025-09-29 12:49:33+00:00,1.1676758020330453,1.0
2025-09-29 12:49:34+00:00,0.925156827099272,0.0
2025-09-29 12:49:35+00:00,1.4063848038349533,2.0
2025-09-29 12:49:36+00:00,1.564419690897921,2.0
2025-09-29 12:49:37+00:00,1.0607654674095102,0.0
2025-09-29 12:49:38+00:00,0.9972109061636729,0.0
2025-09-29 12:49:39+00:00,1.1343045924440958,1.0
2025-09-29 12:49:40+00:00,1.116269056496094,1.0
2025-09-29 12:49:41+00:00,1.4125348700326867,2.0
2025-09-29 12:49:42+00:00,1.106155686909915,1.0
2025-09-29 12:49:43+00:00,1.0444889432110358,0.0
2025-09-29 12:49:44+00:00,1.5600239771592896,2.0
2025-09-29 12:49:45+00:00,0.9841049268579809,0.0
2025-09-29 12:49:46+00:00,1.9600199849519413,2.0
2025-09-29 12:49:47+00:00,1.0521363495499827,0.0
2025-09-29 12:49:48+00:00,1.299116463851533,1.0
2025-09-29 12:49:49+00:00,1.3436946748988703,1.0
2025-09-29 12:49:50+00:00,1.553789012861671,2.0
2025-09-29 12:49:51+00:00,1.216894194134511,1.0
2025-09-29 12:49:52+00:00,1.7402339735999703,2.0
2025-09-29 12:49:53+00:00,0.9506910037889611,0.0
2025-09-29 12:49:54+00:00,1.417054138117237,2.0
2025-09-29 12:49:55+00:00,0.9829058776667807,0.0
2025-09-29 12:49:56+00:00,1.0550855042529292,0.0
2025-09-29 12:49:57+00:00,1.5868412370036822,2.0
2025-09-29 12:49:58+00:00,1.0750177323789103,0.0
2025-09-29 12:49:59+00:00,1.6206101212010253,2.0
2025-09-29 12:50:00+00:00,1.1260984024702339,1.0
2025-09-29 12:50:01+00:00,1.4501939863985172,2.0
2025-09-29 12:50:02+00:00,0.7980662135960301,0.0
2025-09-29 12:50:03+00:00,0.8268790855508996,0.0
2025-09-29 12:50:04+00:00,1.2522768083726987,1.0
2025-09-29 12:50:05+00:00,1.4790280359447934,2.0
2025-09-29 12:50:06+00:00,1.8826167017832631,2.0
2025-09-29 12:50:07+00:00,1.1041707291878993,1.0
2025-09-29 12:50:08+00:00,1.2413440477248514,1.0
2025-09-29 12:50:09+00:00,1.317389994088444,1.0
2025-09-29 12:50:10+00:00,0.8449118598364294,0.0
2025-09-29 12:50:11+00:00,1.0632569640438305,0.0
2025-09-29 12:50:12+00:00,1.6909549048286863,2.0
2025-09-29 12:50:13+00:00,0.7933927279082127,0.0
2025-09-29 12:50:14+00:00,1.415153786772862,2.0
2025-09-29 12:50:15+00:00,1.0770181115949526,0.0
2025-09-29 12:50:16+00:00,0.893732949567493,0.0
2025-09-29 12:50:17+00:00,1.7711313268227968,2.0
2025-09-29 12:50:18+00:00,1.0897643030039035,0.0
2025-09-29 12:50:19+00:00,0.8923354322760133,0.0
2025-09-29 12:50:20+00:00,1.2461773786635604,1.0
2025-09-29 12:50:21+00:00,1.1158388755575288,1.0
2025-09-29 12:50:22+00:00,1.2599727144261124,1.0
2025-09-29 12:50:23+00:00,0.8579312083020341,0.0
2025-09-29 12:50:24+00:00,0.6472729865199653,0.0
2025-09-29 12:50:25+00:00,0.8540278011932969,0.0
2025-09-29 12:50:26+00:00,1.1779273322754307,1.0
2025-09-29 12:50:27+00:00,1.0803054707648698,0.0
2025-09-29 12:50:28+00:00,1.1515490835445235,1.0
2025-09-29 12:50:29+00:00,1.152041861510952,1.0
2025-09-29 12:50:30+00:00,1.1814522444765316,1.0
2025-09-29 12:50:31+00:00,1.6149711009347811,2.0
2025-09-29 12:50:32+00:00,1.3071857109025586,1.0
2025-09-29 12:50:33+00:00,1.1234475833189208,1.0
2025-09-29 12:50:34+00:00,1.5970680842583533,2.0
2025-09-29 12:50:35+00:00,1.53678794024745,2.0
2025-09-29 12:50:36+00:00,1.163873227138538,1.0
2025-09-29 12:50:37+00:00,1.2245883731957292,1.0
2025-09-29 12:50:38+00:00,1.0248396950773895,0.0
2025-09-29 12:50:39+00:00,1.061905606649816,0.0
2025-09-29 12:50:40+00:00,1.5385554823296843,2.0
2025-09-29 12:50:41+00:00,1.5683931439125445,2.0
2025-09-29 12:50:42+00:00,1.1287309497711249,1.0
2025-09-29 12:50:43+00:00,1.2799356172035914,1.0
2025-09-29 12:50:44+00:00,1.0936593064980116,0.0
2025-09-29 12:50:45+00:00,1.6194200721220113,2.0
2025-09-29 12:50:46+00:00,1.1769696580449818,1.0
2025-09-29 12:50:47+00:00,1.2727380223514047,1.0
2025-09-29 12:50:48+00:00,1.6897632887703367,2.0
2025-09-29 12:50:49+00:00,1.3627398944372544,1.0
2025-09-29 12:50:50+00:00,1.4746108390536392,2.0
2025-09-29 12:50:51+00:00,1.2135878413828323,1.0
2025-09-29 12:50:52+00:00,1.15266218551551,1.0
2025-09-29 12:50:53+00:00,1.042795623478014,0.0
2025-09-29 12:50:54+00:00,1.3958504108159104,2.0
2025-09-29 12:50:55+00:00,0.8085636338073527,0.0
2025-09-29 12:50:56+00:00,1.3850188662472647,1.0
2025-09-29 12:50:57+00:00,0.7357963633985491,0.0
2025-09-29 12:50:58+00:00,1.1565252961590886,1.0
2025-09-29 12:50:59+00:00,0.9041716153587913,0.0
2025-09-29 12:51:00+00:00,1.3746401495300233,1.0
2025-09-29 12:51:01+00:00,1.1064290867361706,1.0
2025-09-29 12:51:02+00:00,1.5437433348561171,2.0
2025-09-29 12:51:03+00:00,1.1599687203706708,1.0
2025-09-29 12:51:04+00:00,1.2234895662986673,1.0
2025-09-29 12:51:05+00:00,1.4052001968811965,2.0
2025-09-29 12:51:06+00:00,1.3553913868963718,1.0
2025-09-29 12:51:07+00:00,0.7101259854534874,0.0
2025-09-29 12:51:08+00:00,1.2589361767604714,1.0
2025-09-29 12:51:09+00:00,1.489574447798077,2.0
2025-09-29 12:51:10+00:00,1.4960994530993048,2.0
2025-09-29 12:51:11+00:00,1.2407305616943631,1.0
2025-09-29 12:51:12+00:00,1.3363784051762195,1.0
2025-09-29 12:51:13+00:00,1.6039707198069664,2.0
2025-09-29 12:51:14+00:00,1.507705669660936,2.0
2025-09-29 12:51:15+00:00,1.1973753920174204,1.0
2025-09-29 12:51:16+00:00,0.7032276245445246,0.0
2025-09-29 12:51:17+00:00,1.4438429806614295,2.0
2025-09-29 12:51:18+00:00,1.280994552958873,1.0
2025-09-29 12:51:19+00:00,1.3570743664895417,1.0
2025-09-29 12:51:20+00:00,1.3864993833267363,2.0
2025-09-29 12:51:21+00:00,1.7266797999909613,2.0
2025-09-29 12:51:22+00:00,1.0280305630003568,0.0
2025-09-29 12:51:23+00:00,0.7961898039502557,0.0
2025-09-29 12:51:24+00:00,1.2697323076426983,1.0
2025-09-29 12:51:25+00:00,1.3973339907679474,2.0
2025-09-29 12:51:26+00:00,1.5814918053511064,2.0
2025-09-29 12:51:27+00:00,0.852141025927267,0.0
2025-09-29 12:51:28+00:00,1.6964854290854419,2.0
2025-09-29 12:51:29+00:00,1.7620064076472772,2.0
2025-09-29 12:51:30+00:00,1.606119052230497,2.0
2025-09-29 12:51:31+00:00,1.703703530409257,2.0
2025-09-29 12:51:32+00:00,1.0042901809792966,0.0
2025-09-29 12:51:33+00:00,1.5195684042846551,2.0
2025-09-29 12:51:34+00:00,0.9901399630325614,0.0
2025-09-29 12:51:35+00:00,1.6094738630345091,2.0
2025-09-29 12:51:36+00:00,1.4345258116809418,2.0
2025-09-29 12:51:37+00:00,1.5829847324930597,2.0
2025-09-29 12:51:38+00:00,1.2122256669536,1.0
2025-09-29 12:51:39+00:00,1.3676982494653203,1.0
2025-09-29 12:51:40+00:00,0.8815000343456632,0.0
2025-09-29 12:51:41+00:00,1.0041307414358016,0.0
2025-09-29 12:51:42+00:00,0.9969834646908566,0.0
2025-09-29 12:51:43+00:00,1.7700993242760887,2.0
2025-09-29 12:51:44+00:00,0.587124106430565,0.0
2025-09-29 12:51:45+00:00,1.4055586129397852,2.0
2025-09-29 12:51:46+00:00,1.0671301922993734,0.0
2025-09-29 12:51:47+00:00,0.9913978819095064,0.0
2025-09-29 12:51:48+00:00,0.9119927857391303,0.0
2025-09-29 12:51:49+00:00,1.8856896737997886,2.0
2025-09-29 12:51:50+00:00,0.9312032932502916,0.0
2025-09-29 12:51:51+00:00,1.2191935655428097,1.0
2025-09-29 12:51:52+00:00,1.3580498927476583,1.0
2025-09-29 12:51:53+00:00,1.3028223424626049,1.0
2025-09-29 12:51:54+00:00,1.1059926765447017,1.0
2025-09-29 12:51:55+00:00,1.3189279658254236,1.0
2025-09-29 12:51:56+00:00,0.9472776470211102,0.0
2025-09-29 12:51:57+00:00,0.8690424819797045,0.0
2025-09-29 12:51:58+00:00,1.5297265248955227,2.0
2025-09-29 12:51:59+00:00,1.2670462070091162,1.0
2025-09-29 12:52:00+00:00,1.5785620775423013,2.0
2025-09-29 12:52:01+00:00,1.8378959521505749,2.0
2025-09-29 12:52:02+00:00,1.1618736084201373,1.0
2025-09-29 12:52:03+00:00,1.6372474737872835,2.0
2025-09-29 12:52:04+00:00,0.8598966596182436,0.0
2025-09-29 12:52:05+00:00,0.950094309009728,0.0
2025-09-29 12:52:06+00:00,1.125574261212023,1.0
2025-09-29 12:52:07+00:00,1.6062514685472706,2.0
2025-09-29 12:52:08+00:00,0.9625820924411528,0.0
2025-09-29 12:52:09+00:00,0.7248749315913301,0.0
2025-09-29 12:52:10+00:00,1.490174978345749,2.0
2025-09-29 12:52:11+00:00,1.671057650615694,2.0
2025-09-29 12:52:12+00:00,1.2889331743353978,1.0
2025-09-29 12:52:13+00:00,1.3123744604818057,1.0
2025-09-29 12:52:14+00:00,1.0653888262459077,0.0
2025-09-29 12:52:15+00:00,1.1313259563467,1.0
2025-09-29 12:52:16+00:00,0.5745992850570474,0.0
2025-09-29 12:52:17+00:00,0.77091332298005,0.0
2025-09-29 12:52:18+00:00,1.0891428181785159,0.0
2025-09-29 12:52:19+00:00,1.3338357606262434,1.0
2025-09-29 12:52:20+00:00,1.3802356824453454,1.0
2025-09-29 12:52:21+00:00,0.9693602819315856,0.0
2025-09-29 12:52:22+00:00,1.805550789416884,2.0
2025-09-29 12:52:23+00:00,1.73961470676295,2.0
2025-09-29 12:52:24+00:00,1.2110397230862873,1.0
2025-09-29 12:52:25+00:00,1.4805820472392952,2.0
2025-09-29 12:52:26+00:00,1.8786159743904136,2.0
2025-09-29 12:52:27+00:00,1.3892852988501545,2.0
2025-09-29 12:52:28+00:00,0.734676860505715,0.0
2025-09-29 12:52:29+00:00,1.1172454072220717,1.0
2025-09-29 12:52:30+00:00,1.484695833074511,2.0
2025-09-29 12:52:31+00:00,0.9378975390281994,0.0
2025-09-29 12:52:32+00:00,1.6977464298106497,2.0
2025-09-29 12:52:33+00:00,1.578882391564548,2.0
2025-09-29 12:52:34+00:00,1.4722749176289653,2.0
2025-09-29 12:52:35+00:00,0.9063895385625074,0.0
2025-09-29 12:52:36+00:00,1.1003751369280508,0.0
2025-09-29 12:52:37+00:00,0.8936925626185257,0.0
2025-09-29 12:52:38+00:00,1.5337315794458846,2.0
2025-09-29 12:52:39+00:00,1.1371781116758939,1.0
2025-09-29 12:52:40+00:00,1.2903049487649696,1.0
2025-09-29 12:52:41+00:00,0.8099152911890997,0.0
2025-09-29 12:52:42+00:00,1.025723931263201,0.0
2025-09-29 12:52:43+00:00,1.0373385866405442,0.0
2025-09-29 12:52:44+00:00,1.2247134729841491,1.0
2025-09-29 12:52:45+00:00,1.4809254425344989,2.0
2025-09-29 12:52:46+00:00,0.6632786873815348,0.0
2025-09-29 12:52:47+00:00,1.372813095949823,1.0
2025-09-29 12:52:48+00:00,1.0710797796346014,0.0
2025-09-29 12:52:49+00:00,0.8409554612444481,0.0
2025-09-29 12:52:50+00:00,1.5882408818579279,2.0
2025-09-29 12:52:51+00:00,1.2720439413096756,1.0
2025-09-29 12:52:52+00:00,1.2022452199598774,1.0
2025-09-29 12:52:53+00:00,1.276647619495634,1.0
2025-09-29 12:52:54+00:00,1.4053422148281243,2.0
2025-09-29 12:52:55+00:00,1.1422582777013304,1.0
2025-09-29 12:52:56+00:00,0.8817179830948589,0.0
2025-09-29 12:52:57+00:00,0.8319090800650883,0.0
2025-09-29 12:52:58+00:00,0.8824146138940705,0.0
2025-09-29 12:52:59+00:00,1.2855135241115931,1.0
2025-09-29 12:53:00+00:00,0.9689667888305848,0.0
2025-09-29 12:53:01+00:00,0.9515193162224023,0.0
2025-09-29 12:53:02+00:00,1.0420330437482335,0.0
2025-09-29 12:53:03+00:00,1.1322074406780303,1.0
2025-09-29 12:53:04+00:00,1.392607473579119,2.0
2025-09-29 12:53:05+00:00,1.4383200054144254,2.0
2025-09-29 12:53:06+00:00,1.6608101115270983,2.0
2025-09-29 12:53:07+00:00,1.2279171289119404,1.0
2025-09-29 12:53:08+00:00,0.7735633560077986,0.0
2025-09-29 12:53:09+00:00,0.9264309111313196,0.0
2025-09-29 12:53:10+00:00,1.16170072107343,1.0
2025-09-29 12:53:11+00:00,1.1470031604985707,1.0
2025-09-29 12:53:12+00:00,1.4007338891824475,2.0
2025-09-29 12:53:13+00:00,1.4488472011726117,2.0
2025-09-29 12:53:14+00:00,1.126676582658547,1.0
2025-09-29 12:53:15+00:00,1.545033476286335,2.0
2025-09-29 12:53:16+00:00,1.215862904660753,1.0
2025-09-29 12:53:17+00:00,0.884221965490724,0.0
2025-09-29 12:53:18+00:00,1.2508734599105082,1.0
2025-09-29 12:53:19+00:00,1.3553222624468617,1.0
2025-09-29 12:53:20+00:00,1.0645953694329364,0.0
2025-09-29 12:53:21+00:00,1.7558226468536304,2.0
2025-09-29 12:53:22+00:00,1.5724185660219518,2.0
2025-09-29 12:53:23+00:00,0.8394363684346899,0.0
2025-09-29 12:53:24+00:00,0.9978995915298583,0.0
2025-09-29 12:53:25+00:00,1.2518434079538565,1.0
2025-09-29 12:53:26+00:00,0.8917522850533715,0.0
2025-09-29 12:53:27+00:00,0.7098867962049553,0.0
2025-09-29 12:53:28+00:00,1.1680942861858057,1.0
2025-09-29 12:53:29+00:00,1.1695957217016257,1.0
2025-09-29 12:53:30+00:00,1.2206804621091578,1.0
2025-09-29 12:53:31+00:00,1.050924572016811,0.0
2025-09-29 12:53:32+00:00,1.1551812438992783,1.0
2025-09-29 12:53:33+00:00,1.7338398523716023,2.0
2025-09-29 12:53:34+00:00,1.6778121508978074,2.0
2025-09-29 12:53:35+00:00,0.8787382397567853,0.0
2025-09-29 12:53:36+00:00,1.2249303747230442,1.0
2025-09-29 12:53:37+00:00,1.2726926301256754,1.0
2025-09-29 12:53:38+00:00,1.111479218408931,1.0
2025-09-29 12:53:39+00:00,1.7915333352866583,2.0
2025-09-29 12:53:40+00:00,0.8525996270909673,0.0
2025-09-29 12:53:41+00:00,0.8270784963533515,0.0
2025-09-29 12:53:42+00:00,1.3864368101785658,2.0
2025-09-29 12:53:43+00:00,1.6688154145231238,2.0
2025-09-29 12:53:44+00:00,1.0490469369688071,0.0
2025-09-29 12:53:45+00:00,1.6069199422636302,2.0
2025-09-29 12:53:46+00:00,1.0181879694282543,0.0
2025-09-29 12:53:47+00:00,1.2979974710178794,1.0
2025-09-29 12:53:48+00:00,1.1171755297255004,1.0
2025-09-29 12:53:49+00:00,1.5769069360248977,2.0
2025-09-29 12:53:50+00:00,1.6838737499056151,2.0
2025-09-29 12:53:51+00:00,1.2168916758237174,1.0
2025-09-29 12:53:52+00:00,1.4573054816719377,2.0
2025-09-29 12:53:53+00:00,1.4281187515152851,2.0
2025-09-29 12:53:54+00:00,1.5133901400549803,2.0
2025-09-29 12:53:55+00:00,0.8511793478537584,0.0
2025-09-29 12:53:56+00:00,1.4621000897604972,2.0
2025-09-29 12:53:57+00:00,1.2487689385161502,1.0
2025-09-29 12:53:58+00:00,1.1800487843720475,1.0
2025-09-29 12:53:59+00:00,1.0606112104724161,0.0
2025-09-29 12:54:00+00:00,1.348488064686535,1.0
2025-09-29 12:54:01+00:00,1.2336408057744848,1.0
2025-09-29 12:54:02+00:00,1.6044453724462073,2.0
2025-09-29 12:54:03+00:00,1.1120079933316447,1.0
2025-09-29 12:54:04+00:00,1.401303083926905,2.0
2025-09-29 12:54:05+00:00,1.4331449460005388,2.0
2025-09-29 12:54:06+00:00,0.964237887514173,0.0
2025-09-29 12:54:07+00:00,1.5768883847777033,2.0
2025-09-29 12:54:08+00:00,1.8074052160809515,2.0
2025-09-29 12:54:09+00:00,0.8831327828229405,0.0
2025-09-29 12:54:10+00:00,1.1276835255557671,1.0
2025-09-29 12:54:11+00:00,1.4472450706380187,2.0
2025-09-29 12:54:12+00:00,1.1813384291308466,1.0
2025-09-29 12:54:13+00:00,1.3434574790298939,1.0
2025-09-29 12:54:14+00:00,1.1314395191002404,1.0
2025-09-29 12:54:15+00:00,1.1469193746888777,1.0
2025-09-29 12:54:16+00:00,0.9159742515039397,0.0
2025-09-29 12:54:17+00:00,1.3703214894194389,1.0
2025-09-29 12:54:18+00:00,1.3707970146933803,1.0
2025-09-29 12:54:19+00:00,1.4020637017965782,2.0
2025-09-29 12:54:20+00:00,1.086443080130266,0.0
2025-09-29 12:54:21+00:00,1.5161087351298193,2.0
2025-09-29 12:54:22+00:00,0.9542993130889954,0.0
2025-09-29 12:54:23+00:00,0.9574509407248115,0.0
2025-09-29 12:54:24+00:00,0.9228532436100068,0.0
2025-09-29 12:54:25+00:00,1.1900558923953213,1.0
2025-09-29 12:54:26+00:00,1.2462823641108116,1.0
2025-09-29 12:54:27+00:00,0.998902227729559,0.0
2025-09-29 12:54:28+00:00,1.2136048848624341,1.0
2025-09-29 12:54:29+00:00,1.2371484352916013,1.0
2025-09-29 12:54:30+00:00,1.1199492267041933,1.0
2025-09-29 12:54:31+00:00,0.9850991615530802,0.0
2025-09-29 12:54:32+00:00,0.794334826132399,0.0
2025-09-29 12:54:33+00:00,1.371399218638544,1.0
2025-09-29 12:54:34+00:00,1.275421593527426,1.0
2025-09-29 12:54:35+00:00,1.3779699239967158,1.0
2025-09-29 12:54:36+00:00,0.8674982895463472,0.0
2025-09-29 12:54:37+00:00,1.0492794685414992,0.0
2025-09-29 12:54:38+00:00,1.2151913719426375,1.0
2025-09-29 12:54:39+00:00,1.2457135877484689,1.0
2025-09-29 12:54:40+00:00,1.0730735939141596,0.0
2025-09-29 12:54:41+00:00,1.1288792745763203,1.0
2025-09-29 12:54:42+00:00,0.9933555593015626,0.0
2025-09-29 12:54:43+00:00,0.9465017453476321,0.0
2025-09-29 12:54:44+00:00,1.3574343784275698,1.0
2025-09-29 12:54:45+00:00,1.0814814126642887,0.0
2025-09-29 12:54:46+00:00,0.769950229456299,0.0
2025-09-29 12:54:47+00:00,1.1051577059552073,1.0
2025-09-29 12:54:48+00:00,1.5306943945906824,2.0
2025-09-29 12:54:49+00:00,1.8490105944074458,2.0
2025-09-29 12:54:50+00:00,1.0693747528275708,0.0
2025-09-29 12:54:51+00:00,1.0448390829988057,0.0
2025-09-29 12:54:52+00:00,1.618902989604976,2.0
2025-09-29 12:54:53+00:00,1.0891541511082323,0.0
2025-09-29 12:54:54+00:00,0.848009042951162,0.0
2025-09-29 12:54:55+00:00,1.264306510463939,1.0
2025-09-29 12:54:56+00:00,1.4075068029633258,2.0
2025-09-29 12:54:57+00:00,1.385478221141966,1.0
2025-09-29 12:54:58+00:00,1.6057639187638415,2.0
2025-09-29 12:54:59+00:00,1.0788218478264753,0.0
2025-09-29 12:55:00+00:00,1.0231776618747972,0.0
2025-09-29 12:55:01+00:00,1.3821465959917987,1.0
2025-09-29 12:55:02+00:00,1.4999960870918585,2.0
2025-09-29 12:55:03+00:00,0.9661755460256245,0.0
2025-09-29 12:55:04+00:00,1.4540142214827938,2.0
2025-09-29 12:55:05+00:00,1.4436289876175579,2.0
2025-09-29 12:55:06+00:00,1.067543751487392,0.0
2025-09-29 12:55:07+00:00,1.6129634283133782,2.0
2025-09-29 12:55:08+00:00,0.8334314164676471,0.0
2025-09-29 12:55:09+00:00,0.8708869954862166,0.0
2025-09-29 12:55:10+00:00,1.0101220737269614,0.0
2025-09-29 12:55:11+00:00,1.598955545006902,2.0
2025-09-29 12:55:12+00:00,1.2771458563802298,1.0
2025-09-29 12:55:13+00:00,1.2457234007306397,1.0
2025-09-29 12:55:14+00:00,1.2350336587405764,1.0
2025-09-29 12:55:15+00:00,0.9283362144196872,0.0
2025-09-29 12:55:16+00:00,0.8903498252184363,0.0
2025-09-29 12:55:17+00:00,1.3258772129483987,1.0
2025-09-29 12:55:18+00:00,1.1316704619966913,1.0
2025-09-29 12:55:19+00:00,1.425816655610106,2.0
2025-09-29 12:55:20+00:00,0.8984988808952039,0.0
2025-09-29 12:55:21+00:00,1.405129027174553,2.0
2025-09-29 12:55:22+00:00,0.8248522829671856,0.0
2025-09-29 12:55:23+00:00,1.443899830803275,2.0
2025-09-29 12:55:24+00:00,0.6842310157226166,0.0
2025-09-29 12:55:25+00:00,0.8989008690987248,0.0
2025-09-29 12:55:26+00:00,1.6824806613731198,2.0
2025-09-29 12:55:27+00:00,1.0891658811306115,0.0
2025-09-29 12:55:28+00:00,1.0312452800571918,0.0
2025-09-29 12:55:29+00:00,0.8487896774022374,0.0
2025-09-29 12:55:30+00:00,1.482360526031698,2.0
2025-09-29 12:55:31+00:00,0.9679283336590743,0.0
2025-09-29 12:55:32+00:00,1.3633944382163463,1.0
2025-09-29 12:55:33+00:00,1.3341059414669871,1.0
2025-09-29 12:55:34+00:00,1.2255240562080871,1.0
2025-09-29 12:55:35+00:00,1.063254266147851,0.0
2025-09-29 12:55:36+00:00,0.8069013313652249,0.0
2025-09-29 12:55:37+00:00,0.8725527607894037,0.0
2025-09-29 12:55:38+00:00,1.6949654861964518,2.0
2025-09-29 12:55:39+00:00,1.283818993906607,1.0
2025-09-29 12:55:40+00:00,1.129004005837487,1.0
2025-09-29 12:55:41+00:00,0.8144493133877404,0.0
2025-09-29 12:55:42+00:00,1.2534272642951692,1.0
2025-09-29 12:55:43+00:00,1.1592835330229718,1.0
2025-09-29 12:55:44+00:00,1.7044626475690166,2.0
2025-09-29 12:55:45+00:00,1.777245482939179,2.0
2025-09-29 12:55:46+00:00,1.5020034608460264,2.0
2025-09-29 12:55:47+00:00,1.3632738470623735,1.0
2025-09-29 12:55:48+00:00,1.061156479161582,0.0
2025-09-29 12:55:49+00:00,1.2618329065444414,1.0
2025-09-29 12:55:50+00:00,1.1241081547050271,1.0
2025-09-29 12:55:51+00:00,1.1808312151260907,1.0
2025-09-29 12:55:52+00:00,1.171340203130967,1.0
2025-09-29 12:55:53+00:00,1.6524025343242101,2.0
2025-09-29 12:55:54+00:00,1.140394641988678,1.0
2025-09-29 12:55:55+00:00,0.9035775561642367,0.0
2025-09-29 12:55:56+00:00,1.1909627133281901,1.0
2025-09-29 12:55:57+00:00,1.3244559700397076,1.0
2025-09-29 12:55:58+00:00,0.7559210940671619,0.0
2025-09-29 12:55:59+00:00,1.1760653998790076,1.0
2025-09-29 12:56:00+00:00,1.3463298691494856,1.0
2025-09-29 12:56:01+00:00,1.2611990117875393,1.0
2025-09-29 12:56:02+00:00,0.7358143355959328,0.0
2025-09-29 12:56:03+00:00,1.537512895432883,2.0
2025-09-29 12:56:04+00:00,1.117591291316785,1.0
2025-09-29 12:56:05+00:00,1.531550513158436,2.0
2025-09-29 12:56:06+00:00,1.4534249972202815,2.0
2025-09-29 12:56:07+00:00,1.037578984585707,0.0
2025-09-29 12:56:08+00:00,0.7568689109175466,0.0
2025-09-29 12:56:09+00:00,1.6528782697714632,2.0
2025-09-29 12:56:10+00:00,0.8349531747226138,0.0
2025-09-29 12:56:11+00:00,1.3510260197217576,1.0
2025-09-29 12:56:12+00:00,1.0855383892776445,0.0
2025-09-29 12:56:13+00:00,0.7360017110477202,0.0
2025-09-29 12:56:14+00:00,1.3335612867958844,1.0
2025-09-29 12:56:15+00:00,1.1296490445820382,1.0
2025-09-29 12:56:16+00:00,1.556279098338564,2.0
2025-09-29 12:56:17+00:00,1.497071968173259,2.0
2025-09-29 12:56:18+00:00,0.7933335373818409,0.0
2025-09-29 12:56:19+00:00,0.8661559528409271,0.0
2025-09-29 12:56:20+00:00,1.4898505183664383,2.0
2025-09-29 12:56:21+00:00,0.6895262888428988,0.0
2025-09-29 12:56:22+00:00,1.2512375702499412,1.0
2025-09-29 12:56:23+00:00,0.6729830663098255,0.0
2025-09-29 12:56:24+00:00,1.3624258664494846,1.0
2025-09-29 12:56:25+00:00,1.463997713275603,2.0
2025-09-29 12:56:26+00:00,1.0651870465226239,0.0
2025-09-29 12:56:27+00:00,1.3721448972792132,1.0
2025-09-29 12:56:28+00:00,1.419714713745634,2.0
2025-09-29 12:56:29+00:00,1.0172623231483158,0.0
2025-09-29 12:56:30+00:00,1.481665117535158,2.0
2025-09-29 12:56:31+00:00,1.1744272899377393,1.0
2025-09-29 12:56:32+00:00,1.2996449117199518,1.0
2025-09-29 12:56:33+00:00,1.0313506765523925,0.0
2025-09-29 12:56:34+00:00,1.2759294154966483,1.0
2025-09-29 12:56:35+00:00,1.488395616877824,2.0
2025-09-29 12:56:36+00:00,1.1094959360634675,1.0
2025-09-29 12:56:37+00:00,1.1470483584707836,1.0
2025-09-29 12:56:38+00:00,1.4132017093652394,2.0
2025-09-29 12:56:39+00:00,1.4197768251906382,2.0
2025-09-29 12:56:40+00:00,1.1079630605963757,1.0
2025-09-29 12:56:41+00:00,0.9004947045032168,0.0
2025-09-29 12:56:42+00:00,1.1816128917853348,1.0
2025-09-29 12:56:43+00:00,1.3043053791479906,1.0
2025-09-29 12:56:44+00:00,1.4867731189733604,2.0
2025-09-29 12:56:45+00:00,1.1549755476153223,1.0
2025-09-29 12:56:46+00:00,0.7741401547682472,0.0
2025-09-29 12:56:47+00:00,1.1502465525409207,1.0
2025-09-29 12:56:48+00:00,1.154419567406876,1.0
2025-09-29 12:56:49+00:00,0.6111698792956304,0.0
2025-09-29 12:56:50+00:00,1.149221559840953,1.0
2025-09-29 12:56:51+00:00,1.4628074845095398,2.0
2025-09-29 12:56:52+00:00,0.8716396678210003,0.0
2025-09-29 12:56:53+00:00,1.1808590600412572,1.0
2025-09-29 12:56:54+00:00,1.1316112712956965,1.0
2025-09-29 12:56:55+00:00,1.772207459594938,2.0
2025-09-29 12:56:56+00:00,1.4030402321950532,2.0
2025-09-29 12:56:57+00:00,1.1292207561782561,1.0
2025-09-29 12:56:58+00:00,1.1307067933812505,1.0
2025-09-29 12:56:59+00:00,1.5123628330766223,2.0
2025-09-29 12:57:00+00:00,1.2264023019524757,1.0
2025-09-29 12:57:01+00:00,0.895443623594474,0.0
2025-09-29 12:57:02+00:00,0.8226157808676362,0.0
2025-09-29 12:57:03+00:00,1.6728373429650674,2.0
2025-09-29 12:57:04+00:00,1.3608970769128064,1.0
2025-09-29 12:57:05+00:00,1.6992903366626706,2.0
2025-09-29 12:57:06+00:00,1.0723604457307374,0.0
2025-09-29 12:57:07+00:00,1.3153254381468287,1.0
2025-09-29 12:57:08+00:00,1.403942977252882,2.0
2025-09-29 12:57:09+00:00,1.378890449544997,1.0
2025-09-29 12:57:10+00:00,1.238293908230844,1.0
2025-09-29 12:57:11+00:00,1.4987165417696815,2.0
2025-09-29 12:57:12+00:00,1.3736548358283471,1.0
2025-09-29 12:57:13+00:00,0.8940705478162272,0.0
2025-09-29 12:57:14+00:00,1.2613757303188322,1.0
2025-09-29 12:57:15+00:00,1.6252666317886906,2.0
2025-09-29 12:57:16+00:00,1.1700775190547574,1.0
2025-09-29 12:57:17+00:00,1.577607807208551,2.0
2025-09-29 12:57:18+00:00,1.1182991618989035,1.0
2025-09-29 12:57:19+00:00,1.5637001350696664,2.0
2025-09-29 12:57:20+00:00,1.558928933198331,2.0
2025-09-29 12:57:21+00:00,0.6776667430967791,0.0
2025-09-29 12:57:22+00:00,0.6612421281752177,0.0
2025-09-29 12:57:23+00:00,1.095352172240382,0.0
2025-09-29 12:57:24+00:00,1.574006387105328,2.0
2025-09-29 12:57:25+00:00,1.2114557760505704,1.0
2025-09-29 12:57:26+00:00,1.324546628718963,1.0
2025-09-29 12:57:27+00:00,1.8908413895696867,2.0
2025-09-29 12:57:28+00:00,1.1006507385027362,0.0
2025-09-29 12:57:29+00:00,1.6357764548884006,2.0
2025-09-29 12:57:30+00:00,1.0227425018238137,0.0
2025-09-29 12:57:31+00:00,1.8831316970317857,2.0
2025-09-29 12:57:32+00:00,1.764688355004182,2.0
2025-09-29 12:57:33+00:00,1.4996773114980897,2.0
2025-09-29 12:57:34+00:00,1.2287237348791678,1.0
2025-09-29 12:57:35+00:00,1.5483994395035552,2.0
2025-09-29 12:57:36+00:00,1.033135913850856,0.0
2025-09-29 12:57:37+00:00,1.2061531211365946,1.0
2025-09-29 12:57:38+00:00,1.5336223711929051,2.0
2025-09-29 12:57:39+00:00,1.2649105750751914,1.0
2025-09-29 12:57:40+00:00,0.9414284624363063,0.0
2025-09-29 12:57:41+00:00,0.7786741320596775,0.0
2025-09-29 12:57:42+00:00,0.9655790136021096,0.0
2025-09-29 12:57:43+00:00,1.5392204678064445,2.0
2025-09-29 12:57:44+00:00,1.146174665147555,1.0
2025-09-29 12:57:45+00:00,0.6219685412652325,0.0
2025-09-29 12:57:46+00:00,1.3614779741328675,1.0
2025-09-29 12:57:47+00:00,1.622144252221915,2.0
2025-09-29 12:57:48+00:00,1.1422766755131306,1.0
2025-09-29 12:57:49+00:00,1.2676581770356279,1.0
2025-09-29 12:57:50+00:00,1.3738363937591203,1.0
2025-09-29 12:57:51+00:00,1.1055532311002025,1.0
2025-09-29 12:57:52+00:00,1.682477152251522,2.0
2025-09-29 12:57:53+00:00,1.4195601321844151,2.0
2025-09-29 12:57:54+00:00,1.0435358953109244,0.0
2025-09-29 12:57:55+00:00,1.5195438826776808,2.0
2025-09-29 12:57:56+00:00,1.1853037889086409,1.0
2025-09-29 12:57:57+00:00,1.0353665372094838,0.0
2025-09-29 12:57:58+00:00,1.036789053978282,0.0
2025-09-29 12:57:59+00:00,1.08535442489665,0.0
2025-09-29 12:58:00+00:00,1.3900311748293461,2.0
2025-09-29 12:58:01+00:00,1.0507334111898672,0.0
2025-09-29 12:58:02+00:00,1.1646379594749305,1.0
2025-09-29 12:58:03+00:00,0.7860987871245015,0.0
2025-09-29 12:58:04+00:00,1.0563694848387968,0.0
2025-09-29 12:58:05+00:00,1.3550887835153844,1.0
2025-09-29 12:58:06+00:00,1.4701026142283808,2.0
2025-09-29 12:58:07+00:00,0.5988289312517736,0.0
2025-09-29 12:58:08+00:00,0.7687902665202273,0.0
2025-09-29 12:58:09+00:00,1.1032943729514955,1.0
2025-09-29 12:58:10+00:00,1.5497683914290974,2.0
2025-09-29 12:58:11+00:00,1.7024241758626886,2.0
2025-09-29 12:58:12+00:00,1.4229478160268627,2.0
2025-09-29 12:58:13+00:00,1.830377296268125,2.0
2025-09-29 12:58:14+00:00,1.1131398218276445,1.0
2025-09-29 12:58:15+00:00,1.4371053433860652,2.0
2025-09-29 12:58:16+00:00,0.9798006433265982,0.0
2025-09-29 12:58:17+00:00,1.0399733429512708,0.0
2025-09-29 12:58:18+00:00,1.0531220112170558,0.0
2025-09-29 12:58:19+00:00,1.2007296823867364,1.0
2025-09-29 12:58:20+00:00,1.1359227467619348,1.0
2025-09-29 12:58:21+00:00,1.740351590575301,2.0
2025-09-29 12:58:22+00:00,1.4192214767244877,2.0
2025-09-29 12:58:23+00:00,1.3252220173890237,1.0
2025-09-29 12:58:24+00:00,1.1070552031305851,1.0
2025-09-29 12:58:25+00:00,1.4238404135539895,2.0
2025-09-29 12:58:26+00:00,0.9896616434270982,0.0
2025-09-29 12:58:27+00:00,1.8670301809179364,2.0
2025-09-29 12:58:28+00:00,1.3431386508600553,1.0
2025-09-29 12:58:29+00:00,0.9531158681202214,0.0
2025-09-29 12:58:30+00:00,1.614164852318936,2.0
2025-09-29 12:58:31+00:00,1.4467869707441423,2.0
2025-09-29 12:58:32+00:00,1.753559515447705,2.0
2025-09-29 12:58:33+00:00,1.6883066509617493,2.0
2025-09-29 12:58:34+00:00,1.1839067753317067,1.0
2025-09-29 12:58:35+00:00,0.7210429860570002,0.0
2025-09-29 12:58:36+00:00,1.2756675737327896,1.0
2025-09-29 12:58:37+00:00,1.1609338436392136,1.0
2025-09-29 12:58:38+00:00,1.148906215414172,1.0
2025-09-29 12:58:39+00:00,1.006218797643669,0.0
2025-09-29 12:58:40+00:00,1.2114630740397843,1.0
2025-09-29 12:58:41+00:00,1.4764865542092593,2.0
2025-09-29 12:58:42+00:00,1.488973404004355,2.0
2025-09-29 12:58:43+00:00,0.8362977382494137,0.0
2025-09-29 12:58:44+00:00,1.3882036256982246,2.0
2025-09-29 12:58:45+00:00,1.0111449885589536,0.0
2025-09-29 12:58:46+00:00,1.28899612656096,1.0
2025-09-29 12:58:47+00:00,1.4723820493672974,2.0
2025-09-29 12:58:48+00:00,1.4798484023776837,2.0
2025-09-29 12:58:49+00:00,1.0796225161466282,0.0
2025-09-29 12:58:50+00:00,1.1483644956024364,1.0
2025-09-29 12:58:51+00:00,1.6487512743042316,2.0
2025-09-29 12:58:52+00:00,1.042536366454442,0.0
2025-09-29 12:58:53+00:00,1.4626537971489597,2.0
2025-09-29 12:58:54+00:00,1.533645161180175,2.0
2025-09-29 12:58:55+00:00,1.5914625212317333,2.0
2025-09-29 12:58:56+00:00,1.088789296860341,0.0
2025-09-29 12:58:57+00:00,1.4575090552825714,2.0
2025-09-29 12:58:58+00:00,1.1319224097387632,1.0
2025-09-29 12:58:59+00:00,1.259389142593136,1.0
2025-09-29 12:59:00+00:00,1.508434079180006,2.0
2025-09-29 12:59:01+00:00,1.4421218018833315,2.0
2025-09-29 12:59:02+00:00,1.325765322893858,1.0
2025-09-29 12:59:03+00:00,1.388939090524218,2.0
2025-09-29 12:59:04+00:00,0.8750284445850411,0.0
2025-09-29 12:59:05+00:00,1.4293560478836298,2.0
2025-09-29 12:59:06+00:00,1.015932985174004,0.0
2025-09-29 12:59:07+00:00,1.065603459981503,0.0
2025-09-29 12:59:08+00:00,1.576448211009847,2.0
2025-09-29 12:59:09+00:00,0.9102294344193069,0.0
2025-09-29 12:59:10+00:00,1.3834221159631852,1.0
2025-09-29 12:59:11+00:00,1.1148939959384734,1.0
2025-09-29 12:59:12+00:00,1.4392383847443853,2.0
2025-09-29 12:59:13+00:00,1.532008828697144,2.0
2025-09-29 12:59:14+00:00,0.706420353249996,0.0
2025-09-29 12:59:15+00:00,1.08527635729115,0.0
2025-09-29 12:59:16+00:00,0.8191861956729554,0.0
2025-09-29 12:59:17+00:00,1.5127999858232215,2.0
2025-09-29 12:59:18+00:00,1.854148167243693,2.0
2025-09-29 12:59:19+00:00,1.302393212725292,1.0
2025-09-29 12:59:20+00:00,1.0885373877972597,0.0
2025-09-29 12:59:21+00:00,1.1063693803007482,1.0
2025-09-29 12:59:22+00:00,0.6998196631320752,0.0
2025-09-29 12:59:23+00:00,0.9351960648345994,0.0
2025-09-29 12:59:24+00:00,0.9790112988412147,0.0
2025-09-29 12:59:25+00:00,1.3599639322346775,1.0
2025-09-29 12:59:26+00:00,1.7906397285405546,2.0
2025-09-29 12:59:27+00:00,0.9122036335902521,0.0
2025-09-29 12:59:28+00:00,1.096376067478559,0.0
2025-09-29 12:59:29+00:00,0.8278870679059764,0.0
2025-09-29 12:59:30+00:00,0.7062149942794349,0.0
2025-09-29 12:59:31+00:00,1.1394333892530994,1.0
2025-09-29 12:59:32+00:00,0.7724633703328436,0.0
2025-09-29 12:59:33+00:00,1.372817590716295,1.0
2025-09-29 12:59:34+00:00,1.0643660004570847,0.0
2025-09-29 12:59:35+00:00,1.2235591147473315,1.0
2025-09-29 12:59:36+00:00,1.083483341470128,0.0
2025-09-29 12:59:37+00:00,1.2500408548512496,1.0
2025-09-29 12:59:38+00:00,1.2745495755516458,1.0
2025-09-29 12:59:39+00:00,0.9541868872911436,0.0
2025-09-29 12:59:40+00:00,1.0296940864645876,0.0
2025-09-29 12:59:41+00:00,1.6383733925322304,2.0
2025-09-29 12:59:42+00:00,1.2990307409781963,1.0
2025-09-29 12:59:43+00:00,1.8241616370360134,2.0
2025-09-29 12:59:44+00:00,1.2798583615076495,1.0
2025-09-29 12:59:45+00:00,1.5314271136448951,2.0
2025-09-29 12:59:46+00:00,1.050308754784055,0.0
2025-09-29 12:59:47+00:00,1.1898384038504446,1.0
2025-09-29 12:59:48+00:00,1.5726161629718263,2.0
2025-09-29 12:59:49+00:00,1.2638761038979283,1.0
2025-09-29 12:59:50+00:00,1.1941904091800097,1.0
2025-09-29 12:59:51+00:00,1.082180029086885,0.0
2025-09-29 12:59:52+00:00,0.8712440659292042,0.0
2025-09-29 12:59:53+00:00,1.4482376143714646,2.0
2025-09-29 12:59:54+00:00,0.686489152663853,0.0
2025-09-29 12:59:55+00:00,1.6583906652667793,2.0
2025-09-29 12:59:56+00:00,1.0081744984636316,0.0
2025-09-29 12:59:57+00:00,0.9223601392732235,0.0
2025-09-29 12:59:58+00:00,1.6852687035425333,2.0
2025-09-29 12:59:59+00:00,1.4408025474695023,2.0
2025-09-29 13:00:00+00:00,1.415971783164423,2.0
2025-09-29 13:30:00+00:00,1.5364070569485193,2.0
2025-09-29 13:30:01+00:00,1.3138508334959624,1.0
2025-09-29 13:30:02+00:00,0.9490789883711841,0.0
2025-09-29 13:30:03+00:00,1.3152155604911968,1.0
2025-09-29 13:30:04+00:00,1.4269041219667997,2.0
2025-09-29 13:30:05+00:00,1.0400332944118418,0.0
2025-09-29 13:30:06+00:00,1.2589214050094597,1.0
2025-09-29 13:30:07+00:00,1.713754078708007,2.0
2025-09-29 13:30:08+00:00,1.3190439156460343,1.0
2025-09-29 13:30:09+00:00,1.6907406268728664,2.0
2025-09-29 13:30:10+00:00,1.2279505566548323,1.0
2025-09-29 13:30:11+00:00,1.2938655742036644,1.0
2025-09-29 13:30:12+00:00,1.5988811064016772,2.0
2025-09-29 13:30:13+00:00,0.7380724316171836,0.0
2025-09-29 13:30:14+00:00,1.5183044060395332,2.0
2025-09-29 13:30:15+00:00,1.929834182941704,2.0
2025-09-29 13:30:16+00:00,0.9440314173989464,0.0
2025-09-29 13:30:17+00:00,1.3308148066862486,1.0
2025-09-29 13:30:18+00:00,1.5754595582402544,2.0
2025-09-29 13:30:19+00:00,1.3477338739903644,1.0
2025-09-29 13:30:20+00:00,1.1909931260015583,1.0
2025-09-29 13:30:21+00:00,0.7226996121316915,0.0
2025-09-29 13:30:22+00:00,0.8430525233125081,0.0
2025-09-29 13:30:23+00:00,0.7145288549509132,0.0
2025-09-29 13:30:24+00:00,1.35998124544858,1.0
2025-09-29 13:30:25+00:00,0.7949207378696883,0.0
2025-09-29 13:30:26+00:00,1.3441700000257697,1.0
2025-09-29 13:30:27+00:00,1.4758123035426252,2.0
2025-09-29 13:30:28+00:00,1.0751032433618093,0.0
2025-09-29 13:30:29+00:00,0.9276939980773022,0.0
2025-09-29 13:30:30+00:00,1.2917415530973813,1.0
2025-09-29 13:30:31+00:00,1.445888981979806,2.0
2025-09-29 13:30:32+00:00,0.9674617497221334,0.0
2025-09-29 13:30:33+00:00,1.4932498359266901,2.0
2025-09-29 13:30:34+00:00,1.0185386192897568,0.0
2025-09-29 13:30:35+00:00,1.4150870952144032,2.0
2025-09-29 13:30:36+00:00,1.1778359510790324,1.0
2025-09-29 13:30:37+00:00,1.4401297910517314,2.0
2025-09-29 13:30:38+00:00,1.1900901334156515,1.0
2025-09-29 13:30:39+00:00,0.8170906922023278,0.0
2025-09-29 13:30:40+00:00,1.045700971124461,0.0
2025-09-29 13:30:41+00:00,1.4794634252612013,2.0
2025-09-29 13:30:42+00:00,1.7161617242527427,2.0
2025-09-29 13:30:43+00:00,1.503436292085098,2.0
2025-09-29 13:30:44+00:00,1.548683999266359,2.0
2025-09-29 13:30:45+00:00,1.3427724604553077,1.0
2025-09-29 13:30:46+00:00,1.196015128516592,1.0
2025-09-29 13:30:47+00:00,1.1375481590948766,1.0
2025-09-29 13:30:48+00:00,1.2786454137094552,1.0
2025-09-29 13:30:49+00:00,1.1014977117592935,0.0
2025-09-29 13:30:50+00:00,0.9186801550677046,0.0
2025-09-29 13:30:51+00:00,0.9774989609140903,0.0
2025-09-29 13:30:52+00:00,0.9073218593839556,0.0
2025-09-29 13:30:53+00:00,1.4082117863435997,2.0
2025-09-29 13:30:54+00:00,0.9461732605122961,0.0
2025-09-29 13:30:55+00:00,1.2967021475196816,1.0
2025-09-29 13:30:56+00:00,1.150548559598974,1.0
2025-09-29 13:30:57+00:00,1.548080141452374,2.0
2025-09-29 13:30:58+00:00,1.4121584818640258,2.0
2025-09-29 13:30:59+00:00,1.7323952417209512,2.0
2025-09-29 13:31:00+00:00,0.9358086612774059,0.0
2025-09-29 13:31:01+00:00,1.1750023213971872,1.0
2025-09-29 13:31:02+00:00,1.0328331447090022,0.0
2025-09-29 13:31:03+00:00,1.5661230620462447,2.0
2025-09-29 13:31:04+00:00,1.0818124080833513,0.0
2025-09-29 13:31:05+00:00,0.9836684075416997,0.0
2025-09-29 13:31:06+00:00,0.8146384491265053,0.0
2025-09-29 13:31:07+00:00,1.256834467567387,1.0
2025-09-29 13:31:08+00:00,0.9721805206208955,0.0
2025-09-29 13:31:09+00:00,1.182081194827333,1.0
2025-09-29 13:31:10+00:00,1.0695765420678072,0.0
2025-09-29 13:31:11+00:00,1.2611003682104638,1.0
2025-09-29 13:31:12+00:00,1.5757895942952018,2.0
2025-09-29 13:31:13+00:00,1.347477844770765,1.0
2025-09-29 13:31:14+00:00,1.3698169888666598,1.0
2025-09-29 13:31:15+00:00,1.6862611634569475,2.0
2025-09-29 13:31:16+00:00,1.8715167234040564,2.0
2025-09-29 13:31:17+00:00,1.1113444698712556,1.0
2025-09-29 13:31:18+00:00,1.709736789460294,2.0
2025-09-29 13:31:19+00:00,1.8007031563465716,2.0
2025-09-29 13:31:20+00:00,1.7805069747701054,2.0
2025-09-29 13:31:21+00:00,0.8246985762816621,0.0
2025-09-29 13:31:22+00:00,1.4797224618523614,2.0
2025-09-29 13:31:23+00:00,1.2592348358302843,1.0
2025-09-29 13:31:24+00:00,1.1245670390344458,1.0
2025-09-29 13:31:25+00:00,1.587442825853941,2.0
2025-09-29 13:31:26+00:00,1.8372740207560128,2.0
2025-09-29 13:31:27+00:00,0.7326604026020505,0.0
2025-09-29 13:31:28+00:00,1.1424531419324921,1.0
2025-09-29 13:31:29+00:00,1.5138424909528112,2.0
2025-09-29 13:31:30+00:00,1.1876058104244294,1.0
2025-09-29 13:31:31+00:00,1.0630315113958204,0.0
2025-09-29 13:31:32+00:00,1.172450522906729,1.0
2025-09-29 13:31:33+00:00,1.624179950580583,2.0
2025-09-29 13:31:34+00:00,1.2785823597514536,1.0
2025-09-29 13:31:35+00:00,1.7162487999012228,2.0
2025-09-29 13:31:36+00:00,1.1203291769197676,1.0
2025-09-29 13:31:37+00:00,1.298728347013821,1.0
2025-09-29 13:31:38+00:00,1.1075405122392112,1.0
2025-09-29 13:31:39+00:00,1.5001611792831682,2.0
2025-09-29 13:31:40+00:00,1.4997882583993487,2.0
2025-09-29 13:31:41+00:00,1.141304020959069,1.0
2025-09-29 13:31:42+00:00,1.6421301308291731,2.0
2025-09-29 13:31:43+00:00,1.1252967945329146,1.0
2025-09-29 13:31:44+00:00,1.0717512932606041,0.0
2025-09-29 13:31:45+00:00,1.3401066315709613,1.0
2025-09-29 13:31:46+00:00,1.2124956734478474,1.0
2025-09-29 13:31:47+00:00,0.8104223608097527,0.0
2025-09-29 13:31:48+00:00,1.3488446699484484,1.0
2025-09-29 13:31:49+00:00,1.1467349898448447,1.0
2025-09-29 13:31:50+00:00,1.3442759547033347,1.0
2025-09-29 13:31:51+00:00,1.3149680226488272,1.0
2025-09-29 13:31:52+00:00,1.4364150845212862,2.0
2025-09-29 13:31:53+00:00,1.6712387380684959,2.0
2025-09-29 13:31:54+00:00,0.8011954948742641,0.0
2025-09-29 13:31:55+00:00,1.2868246939324308,1.0
2025-09-29 13:31:56+00:00,1.1483057266596006,1.0
2025-09-29 13:31:57+00:00,1.8750181339710252,2.0
2025-09-29 13:31:58+00:00,1.2516037058958318,1.0
2025-09-29 13:31:59+00:00,1.1477882168110227,1.0
2025-09-29 13:32:00+00:00,1.1532758600951638,1.0
2025-09-29 13:32:01+00:00,0.9792652826290578,0.0
2025-09-29 13:32:02+00:00,1.0935035942093236,0.0
2025-09-29 13:32:03+00:00,1.4499999999970896,2.0
2025-09-29 13:32:04+00:00,1.0694915719650453,0.0
2025-09-29 13:32:05+00:00,1.878508082634653,2.0
2025-09-29 13:32:06+00:00,0.9068548407376511,0.0
2025-09-29 13:32:07+00:00,1.1718021978304023,1.0
2025-09-29 13:32:08+00:00,1.253064662887482,1.0
2025-09-29 13:32:09+00:00,0.9601807557046413,0.0
2025-09-29 13:32:10+00:00,1.4598573476687307,2.0
2025-09-29 13:32:11+00:00,0.94934277345601,0.0
2025-09-29 13:32:12+00:00,1.216285065151169,1.0
2025-09-29 13:32:13+00:00,1.3426950032298919,1.0
2025-09-29 13:32:14+00:00,1.3658186810353072,1.0
2025-09-29 13:32:15+00:00,1.0372819124604575,0.0
2025-09-29 13:32:16+00:00,0.9900000000052387,0.0
2025-09-29 13:32:17+00:00,0.771709516266128,0.0
2025-09-29 13:32:18+00:00,0.8981345678912476,0.0
2025-09-29 13:32:19+00:00,1.600912880152464,2.0
2025-09-29 13:32:20+00:00,1.7654536378686316,2.0
2025-09-29 13:32:21+00:00,0.5683460615255171,0.0
2025-09-29 13:32:22+00:00,0.8992037361313123,0.0
2025-09-29 13:32:23+00:00,1.4318462968803942,2.0
2025-09-29 13:32:24+00:00,1.20528652529174,1.0
2025-09-29 13:32:25+00:00,1.0679481034603668,0.0
2025-09-29 13:32:26+00:00,1.325956718355883,1.0
2025-09-29 13:32:27+00:00,1.8423167633300181,2.0
2025-09-29 13:32:28+00:00,1.0278533879172755,0.0
2025-09-29 13:32:29+00:00,1.1505980465881294,1.0
2025-09-29 13:32:30+00:00,0.8684462859091582,0.0
2025-09-29 13:32:31+00:00,0.8376304527482716,0.0
2025-09-29 13:32:32+00:00,0.7297904809965985,0.0
2025-09-29 13:32:33+00:00,0.8941388228558935,0.0
2025-09-29 13:32:34+00:00,1.0279548969992902,0.0
2025-09-29 13:32:35+00:00,0.6234934605599847,0.0
2025-09-29 13:32:36+00:00,1.167026691880892,1.0
2025-09-29 13:32:37+00:00,1.425276174035389,2.0
2025-09-29 13:32:38+00:00,1.6330332795914728,2.0
2025-09-29 13:32:39+00:00,1.2693986237136414,1.0
2025-09-29 13:32:40+00:00,1.2442730325419689,1.0
2025-09-29 13:32:41+00:00,1.2445527473901166,1.0
2025-09-29 13:32:42+00:00,1.2972216346825007,1.0
2025-09-29 13:32:43+00:00,0.9899944480421254,0.0
2025-09-29 13:32:44+00:00,0.9770818725664867,0.0
2025-09-29 13:32:45+00:00,0.8597066029906273,0.0
2025-09-29 13:32:46+00:00,1.655820193773252,2.0
2025-09-29 13:32:47+00:00,1.697578479303047,2.0
2025-09-29 13:32:48+00:00,0.7152183123980649,0.0
2025-09-29 13:32:49+00:00,1.8088440878054826,2.0
2025-09-29 13:32:50+00:00,1.1887829724437324,1.0
2025-09-29 13:32:51+00:00,1.5872259905154351,2.0
2025-09-29 13:32:52+00:00,0.9646003319649026,0.0
2025-09-29 13:32:53+00:00,1.0679696635488654,0.0
2025-09-29 13:32:54+00:00,1.1281709628819954,1.0
2025-09-29 13:32:55+00:00,1.6043056996131781,2.0
2025-09-29 13:32:56+00:00,1.3290854625520296,1.0
2025-09-29 13:32:57+00:00,1.0928375694638817,0.0
2025-09-29 13:32:58+00:00,1.3418228765222011,1.0
2025-09-29 13:32:59+00:00,1.242971280546044,1.0
2025-09-29 13:33:00+00:00,1.1656461687962292,1.0
2025-09-29 13:33:01+00:00,1.095030965123442,0.0
2025-09-29 13:33:02+00:00,1.538374318231945,2.0
2025-09-29 13:33:03+00:00,0.6887074743717676,0.0
2025-09-29 13:33:04+00:00,0.8213384045520797,0.0
2025-09-29 13:33:05+00:00,1.424553180782823,2.0
2025-09-29 13:33:06+00:00,1.5165287116833497,2.0
2025-09-29 13:33:07+00:00,1.2731885289249476,1.0
2025-09-29 13:33:08+00:00,1.0772062213218305,0.0
2025-09-29 13:33:09+00:00,0.8627057965495624,0.0
2025-09-29 13:33:10+00:00,1.576122653859784,2.0
2025-09-29 13:33:11+00:00,1.2119481405243278,1.0
2025-09-29 13:33:12+00:00,0.7410018707305426,0.0
2025-09-29 13:33:13+00:00,1.3156690939649707,1.0
2025-09-29 13:33:14+00:00,1.2082042195543181,1.0
2025-09-29 13:33:15+00:00,0.7235624584136531,0.0
2025-09-29 13:33:16+00:00,1.3921408777241595,2.0
2025-09-29 13:33:17+00:00,1.3320262462220853,1.0
2025-09-29 13:33:18+00:00,1.5266807207808597,2.0
2025-09-29 13:33:19+00:00,1.1499999999941792,1.0
2025-09-29 13:33:20+00:00,1.387056501058396,2.0
2025-09-29 13:33:21+00:00,1.7739677193167154,2.0
2025-09-29 13:33:22+00:00,1.5472648646536982,2.0
2025-09-29 13:33:23+00:00,1.1844670241407584,1.0
2025-09-29 13:33:24+00:00,1.4293157695210539,2.0
2025-09-29 13:33:25+00:00,0.946842672477942,0.0
2025-09-29 13:33:26+00:00,0.8818084339436609,0.0
2025-09-29 13:33:27+00:00,0.8366996471741004,0.0
2025-09-29 13:33:28+00:00,0.6413413498084992,0.0
2025-09-29 13:33:29+00:00,1.2276858682889724,1.0
2025-09-29 13:33:30+00:00,0.9852312412112951,0.0
2025-09-29 13:33:31+00:00,1.4858173323591473,2.0
2025-09-29 13:33:32+00:00,1.450566089595668,2.0
2025-09-29 13:33:33+00:00,1.6499999999941792,2.0
2025-09-29 13:33:34+00:00,1.6106271091121016,2.0
2025-09-29 13:33:35+00:00,1.9751118050335208,2.0
2025-09-29 13:33:36+00:00,1.4494068206258817,2.0
2025-09-29 13:33:37+00:00,1.9310636404261459,2.0
2025-09-29 13:33:38+00:00,1.5284807477437425,2.0
2025-09-29 13:33:39+00:00,1.1761140847374918,1.0
2025-09-29 13:33:40+00:00,0.8002666391403181,0.0
2025-09-29 13:33:41+00:00,0.963658515480347,0.0
2025-09-29 13:33:42+00:00,1.2240776553371688,1.0
2025-09-29 13:33:43+00:00,1.2637517882103566,1.0
2025-09-29 13:33:44+00:00,1.707226242433535,2.0
2025-09-29 13:33:45+00:00,0.880212667529122,0.0
2025-09-29 13:33:46+00:00,1.0727914432354737,0.0
2025-09-29 13:33:47+00:00,0.8742381858173758,0.0
2025-09-29 13:33:48+00:00,0.9092580325814197,0.0
2025-09-29 13:33:49+00:00,1.017312275012955,0.0
2025-09-29 13:33:50+00:00,1.2611696305393707,1.0
2025-09-29 13:33:51+00:00,1.29719106554694,1.0
2025-09-29 13:33:52+00:00,1.4611356634413823,2.0
2025-09-29 13:33:53+00:00,1.1416430128738284,1.0
2025-09-29 13:33:54+00:00,1.5339369260182139,2.0
2025-09-29 13:33:55+00:00,1.2892696003691526,1.0
2025-09-29 13:33:56+00:00,0.607695471320767,0.0
2025-09-29 13:33:57+00:00,1.240231410250999,1.0
2025-09-29 13:33:58+00:00,1.114320137858158,1.0
2025-09-29 13:33:59+00:00,1.4240542142797494,2.0
2025-09-29 13:34:00+00:00,1.5362334423116408,2.0
2025-09-29 13:34:01+00:00,1.743959525207174,2.0
2025-09-29 13:34:02+00:00,0.7490371942840284,0.0
2025-09-29 13:34:03+00:00,1.5775084410997806,2.0
2025-09-29 13:34:04+00:00,0.739889111588127,0.0
2025-09-29 13:34:05+00:00,1.6996268658549525,2.0
2025-09-29 13:34:06+00:00,0.7632386762998067,0.0
2025-09-29 13:34:07+00:00,1.7639396866288735,2.0
2025-09-29 13:34:08+00:00,1.022721887624357,0.0
2025-09-29 13:34:09+00:00,1.0985585958551383,0.0
2025-09-29 13:34:10+00:00,1.301025500666583,1.0
2025-09-29 13:34:11+00:00,1.3225698675960302,1.0
2025-09-29 13:34:12+00:00,1.2638740367692662,1.0
2025-09-29 13:34:13+00:00,1.2374357754451921,1.0
2025-09-29 13:34:14+00:00,1.936376681755064,2.0
2025-09-29 13:34:15+00:00,1.5115556617092807,2.0
2025-09-29 13:34:16+00:00,0.7261849895585328,0.0
2025-09-29 13:34:17+00:00,0.7236591596592916,0.0
2025-09-29 13:34:18+00:00,1.6804464307206217,2.0
2025-09-29 13:34:19+00:00,0.9937323270423803,0.0
2025-09-29 13:34:20+00:00,1.3993287931516534,2.0
2025-09-29 13:34:21+00:00,1.8099999999976717,2.0
2025-09-29 13:34:22+00:00,0.7092456287064124,0.0
2025-09-29 13:34:23+00:00,1.4486598933290225,2.0
2025-09-29 13:34:24+00:00,1.3912033543892903,2.0
2025-09-29 13:34:25+00:00,1.0390216605301248,0.0
2025-09-29 13:34:26+00:00,1.5175470421818318,2.0
2025-09-29 13:34:27+00:00,1.361868236126611,1.0
2025-09-29 13:34:28+00:00,0.7533027304743882,0.0
2025-09-29 13:34:29+00:00,1.1695384723570896,1.0
2025-09-29 13:34:30+00:00,0.9100000000034925,0.0
2025-09-29 13:34:31+00:00,1.0206769904616522,0.0
2025-09-29 13:34:32+00:00,1.422447739940253,2.0
2025-09-29 13:34:33+00:00,0.6996056754869642,0.0
2025-09-29 13:34:34+00:00,1.0667341012012912,0.0
2025-09-29 13:34:35+00:00,0.9538984983082628,0.0
2025-09-29 13:34:36+00:00,1.403119345806772,2.0
2025-09-29 13:34:37+00:00,0.8323137583793141,0.0
2025-09-29 13:34:38+00:00,0.644975466930191,0.0
2025-09-29 13:34:39+00:00,0.85419037831889,0.0
2025-09-29 13:34:40+00:00,1.045018057906418,0.0
2025-09-29 13:34:41+00:00,0.6783422294538468,0.0
2025-09-29 13:34:42+00:00,1.3303493972780416,1.0
2025-09-29 13:34:43+00:00,0.5084381598135224,0.0
2025-09-29 13:34:44+00:00,1.3663111906789709,1.0
2025-09-29 13:34:45+00:00,0.6159562378452392,0.0
2025-09-29 13:34:46+00:00,0.7066112906613853,0.0
2025-09-29 13:34:47+00:00,1.4659117873379728,2.0
2025-09-29 13:34:48+00:00,0.5422747979173437,0.0
2025-09-29 13:34:49+00:00,0.9848633810906904,0.0
2025-09-29 13:34:50+00:00,1.5105471894494258,2.0
2025-09-29 13:34:51+00:00,0.8346140194626059,0.0
2025-09-29 13:34:52+00:00,0.9774129371362505,0.0
2025-09-29 13:34:53+00:00,0.6048811192449648,0.0
2025-09-29 13:34:54+00:00,0.9564635231072316,0.0
2025-09-29 13:34:55+00:00,0.8438099079940002,0.0
2025-09-29 13:34:56+00:00,0.7379125089937588,0.0
2025-09-29 13:34:57+00:00,0.6352250665077008,0.0
2025-09-29 13:34:58+00:00,1.9954412408551434,2.0
2025-09-29 13:34:59+00:00,1.6465756648831302,2.0
2025-09-29 13:35:00+00:00,0.9987302400404587,0.0
2025-09-29 13:35:01+00:00,1.2114210838626605,1.0
2025-09-29 13:35:02+00:00,1.5874738717830041,2.0
2025-09-29 13:35:03+00:00,0.9783716337697115,0.0
2025-09-29 13:35:04+00:00,0.9128206961031538,0.0
2025-09-29 13:35:05+00:00,1.300379003820126,1.0
2025-09-29 13:35:06+00:00,1.24564155995904,1.0
2025-09-29 13:35:07+00:00,1.2205673612916144,1.0
2025-09-29 13:35:08+00:00,0.5251417613035301,0.0
2025-09-29 13:35:09+00:00,0.95878743371577,0.0
2025-09-29 13:35:10+00:00,1.8940383043664042,2.0
2025-09-29 13:35:11+00:00,0.7366540194634581,0.0
2025-09-29 13:35:12+00:00,1.1165501694194973,1.0
2025-09-29 13:35:13+00:00,0.5925339784153039,0.0
2025-09-29 13:35:14+00:00,1.4237406160973478,2.0
2025-09-29 13:35:15+00:00,0.5443333626026288,0.0
2025-09-29 13:35:16+00:00,1.1095935734338127,1.0
2025-09-29 13:35:17+00:00,0.7341184812685242,0.0
2025-09-29 13:35:18+00:00,1.0596563391154632,0.0
2025-09-29 13:35:19+00:00,0.5968100335740019,0.0
2025-09-29 13:35:20+00:00,1.3539169545838377,1.0
2025-09-29 13:35:21+00:00,1.6275594968610676,2.0
2025-09-29 13:35:22+00:00,1.0319771948852576,0.0
2025-09-29 13:35:23+00:00,1.1496574531629449,1.0
2025-09-29 13:35:24+00:00,1.2027395925833844,1.0
2025-09-29 13:35:25+00:00,1.0134279024787247,0.0
2025-09-29 13:35:26+00:00,0.6470159424934536,0.0
2025-09-29 13:35:27+00:00,0.7533269208215643,0.0
2025-09-29 13:35:28+00:00,0.8608563878078712,0.0
2025-09-29 13:35:29+00:00,1.3702113650069805,1.0
2025-09-29 13:35:30+00:00,0.5291067287325859,0.0
2025-09-29 13:35:31+00:00,1.007764475303702,0.0
2025-09-29 13:35:32+00:00,1.3439499610685743,1.0
2025-09-29 13:35:33+00:00,0.5510165509040235,0.0
2025-09-29 13:35:34+00:00,0.7221557363518514,0.0
2025-09-29 13:35:35+00:00,1.117694109911099,1.0
2025-09-29 13:35:36+00:00,0.733553464509896,0.0
2025-09-29 13:35:37+00:00,1.2461349430814153,1.0
2025-09-29 13:35:38+00:00,1.2171467726875562,1.0
2025-09-29 13:35:39+00:00,1.0681107307318598,0.0
2025-09-29 13:35:40+00:00,0.566441833274439,0.0
2025-09-29 13:35:41+00:00,0.6310119980335003,0.0
2025-09-29 13:35:42+00:00,0.8937970148544991,0.0
2025-09-29 13:35:43+00:00,1.2469554263661848,1.0
2025-09-29 13:35:44+00:00,0.755392619597842,0.0
2025-09-29 13:35:45+00:00,1.3287596480367938,1.0
2025-09-29 13:35:46+00:00,1.8185751335549867,2.0
2025-09-29 13:35:47+00:00,1.1272953196748858,1.0
2025-09-29 13:35:48+00:00,0.7939828857051907,0.0
2025-09-29 13:35:49+00:00,1.468635847326368,2.0
2025-09-29 13:35:50+00:00,1.0361004980659345,0.0
2025-09-29 13:35:51+00:00,1.5357084465504158,2.0
2025-09-29 13:35:52+00:00,1.2941230289434316,1.0
2025-09-29 13:35:53+00:00,1.3284762801631587,1.0
2025-09-29 13:35:54+00:00,1.1255365969700506,1.0
2025-09-29 13:35:55+00:00,1.1066494550177595,1.0
2025-09-29 13:35:56+00:00,0.751032080152072,0.0
2025-09-29 13:35:57+00:00,1.3523053647659253,1.0
2025-09-29 13:35:58+00:00,1.2203009272925556,1.0
2025-09-29 13:35:59+00:00,0.9908243569516344,0.0
2025-09-29 13:36:00+00:00,0.9799073129106546,0.0
2025-09-29 13:36:01+00:00,0.8188765979575692,0.0
2025-09-29 13:36:02+00:00,1.6330488226521993,2.0
2025-09-29 13:36:03+00:00,1.1797711504768813,1.0
2025-09-29 13:36:04+00:00,1.4290947330882773,2.0
2025-09-29 13:36:05+00:00,1.4732215143449139,2.0
2025-09-29 13:36:06+00:00,0.8863892711087829,0.0
2025-09-29 13:36:07+00:00,1.0041560278768884,0.0
2025-09-29 13:36:08+00:00,1.3492326962586958,1.0
2025-09-29 13:36:09+00:00,0.832039653454558,0.0
2025-09-29 13:36:10+00:00,1.3607031988212839,1.0
2025-09-29 13:36:11+00:00,1.6263250978372525,2.0
2025-09-29 13:36:12+00:00,1.0766991834389046,0.0
2025-09-29 13:36:13+00:00,1.4464127155952156,2.0
2025-09-29 13:36:14+00:00,1.0428753075248096,0.0
2025-09-29 13:36:15+00:00,0.8364526748628123,0.0
2025-09-29 13:36:16+00:00,1.3915728311985731,2.0
2025-09-29 13:36:17+00:00,1.5897366401477484,2.0
2025-09-29 13:36:18+00:00,1.2869742136681452,1.0
2025-09-29 13:36:19+00:00,1.5662363571609603,2.0
2025-09-29 13:36:20+00:00,1.4291941301635234,2.0
2025-09-29 13:36:21+00:00,1.4881432395195588,2.0
2025-09-29 13:36:22+00:00,1.1886097283131676,1.0
2025-09-29 13:36:23+00:00,0.8668113603634993,0.0
2025-09-29 13:36:24+00:00,1.7495350847166264,2.0
2025-09-29 13:36:25+00:00,1.2364596180268563,1.0
2025-09-29 13:36:26+00:00,1.7128697170264786,2.0
2025-09-29 13:36:27+00:00,1.0592202236730373,0.0
2025-09-29 13:36:28+00:00,0.7175596680172021,0.0
2025-09-29 13:36:29+00:00,1.2498702411394333,1.0
2025-09-29 13:36:30+00:00,1.0456707873818232,0.0
2025-09-29 13:36:31+00:00,1.6076177891081898,2.0
2025-09-29 13:36:32+00:00,1.7793750167329563,2.0
2025-09-29 13:36:33+00:00,1.050593972657225,0.0
2025-09-29 13:36:34+00:00,1.0413056578254327,0.0
2025-09-29 13:36:35+00:00,0.9630697486718418,0.0
2025-09-29 13:36:36+00:00,0.8996308507630602,0.0
2025-09-29 13:36:37+00:00,1.046630226133857,0.0
2025-09-29 13:36:38+00:00,1.6175856064801337,2.0
2025-09-29 13:36:39+00:00,1.4583578421443235,2.0
2025-09-29 13:36:40+00:00,1.1638544343295507,1.0
2025-09-29 13:36:41+00:00,1.383080796484137,1.0
2025-09-29 13:36:42+00:00,1.7924333928094711,2.0
2025-09-29 13:36:43+00:00,1.4101473847113084,2.0
2025-09-29 13:36:44+00:00,0.9197055352997268,0.0
2025-09-29 13:36:45+00:00,1.1118549493548926,1.0
2025-09-29 13:36:46+00:00,1.6067647508607479,2.0
2025-09-29 13:36:47+00:00,1.228846680794959,1.0
2025-09-29 13:36:48+00:00,1.2430663721752353,1.0
2025-09-29 13:36:49+00:00,1.014377113460796,0.0
2025-09-29 13:36:50+00:00,1.6200244939391268,2.0
2025-09-29 13:36:51+00:00,1.790679742625798,2.0
2025-09-29 13:36:52+00:00,1.502319561666809,2.0
2025-09-29 13:36:53+00:00,1.5967251219408354,2.0
2025-09-29 13:36:54+00:00,0.7753645328484708,0.0
2025-09-29 13:36:55+00:00,1.3990655225643422,2.0
2025-09-29 13:36:56+00:00,1.3975160195986973,2.0
2025-09-29 13:36:57+00:00,0.9492963758239057,0.0
2025-09-29 13:36:58+00:00,1.416199054379831,2.0
2025-09-29 13:36:59+00:00,1.8277277752640657,2.0
2025-09-29 13:37:00+00:00,0.8586181307036895,0.0
2025-09-29 13:37:01+00:00,1.132401437847875,1.0
2025-09-29 13:37:02+00:00,1.945489652454853,2.0
2025-09-29 13:37:03+00:00,1.269783781899605,1.0
2025-09-29 13:37:04+00:00,0.8496206917625386,0.0
2025-09-29 13:37:05+00:00,0.9437652751366841,0.0
2025-09-29 13:37:06+00:00,1.4472176025738008,2.0
2025-09-29 13:37:07+00:00,1.7723436012602178,2.0
2025-09-29 13:37:08+00:00,1.2545917115057819,1.0
2025-09-29 13:37:09+00:00,1.424743416646379,2.0
2025-09-29 13:37:10+00:00,1.303503697126871,1.0
2025-09-29 13:37:11+00:00,1.4949124369304627,2.0
2025-09-29 13:37:12+00:00,1.35612978458812,1.0
2025-09-29 13:37:13+00:00,0.9451073101372458,0.0
2025-09-29 13:37:14+00:00,1.4763678535964573,2.0
2025-09-29 13:37:15+00:00,1.4296334566461155,2.0
2025-09-29 13:37:16+00:00,0.7124338430294301,0.0
2025-09-29 13:37:17+00:00,1.4923791562760016,2.0
2025-09-29 13:37:18+00:00,0.9857456341269426,0.0
2025-09-29 13:37:19+00:00,1.6365915356727783,2.0
2025-09-29 13:37:20+00:00,1.5565352359117242,2.0
2025-09-29 13:37:21+00:00,1.7119506165472558,2.0
2025-09-29 13:37:22+00:00,1.0407672112778528,0.0
2025-09-29 13:37:23+00:00,0.9430116360599641,0.0
2025-09-29 13:37:24+00:00,0.9312927155988291,0.0
2025-09-29 13:37:25+00:00,1.0902598438988207,0.0
2025-09-29 13:37:26+00:00,1.2158921191294212,1.0
2025-09-29 13:37:27+00:00,1.6964482252078597,2.0
2025-09-29 13:37:28+00:00,1.4886165105272084,2.0
2025-09-29 13:37:29+00:00,1.199226947632269,1.0
2025-09-29 13:37:30+00:00,1.5971756586368429,2.0
2025-09-29 13:37:31+00:00,1.2226683505286928,1.0
2025-09-29 13:37:32+00:00,1.0677565889491234,0.0
2025-09-29 13:37:33+00:00,1.028955164932995,0.0
2025-09-29 13:37:34+00:00,1.6444946616829839,2.0
2025-09-29 13:37:35+00:00,1.2402267266006675,1.0
2025-09-29 13:37:36+00:00,1.4135106507746968,2.0
2025-09-29 13:37:37+00:00,1.5112815540196607,2.0
2025-09-29 13:37:38+00:00,0.8881443323043641,0.0
2025-09-29 13:37:39+00:00,1.3957516833033878,2.0
2025-09-29 13:37:40+00:00,1.0364971572562354,0.0
2025-09-29 13:37:41+00:00,1.2045999087858945,1.0
2025-09-29 13:37:42+00:00,1.0103891605540412,0.0
2025-09-29 13:37:43+00:00,1.6222521976742428,2.0
2025-09-29 13:37:44+00:00,0.793292113856296,0.0
2025-09-29 13:37:45+00:00,1.0368716244847747,0.0
2025-09-29 13:37:46+00:00,1.1433769371215021,1.0
2025-09-29 13:37:47+00:00,1.3501736253674608,1.0
2025-09-29 13:37:48+00:00,1.0687700293201488,0.0
2025-09-29 13:37:49+00:00,1.143946918848087,1.0
2025-09-29 13:37:50+00:00,1.0284411328466376,0.0
2025-09-29 13:37:51+00:00,1.198364031064557,1.0
2025-09-29 13:37:52+00:00,1.2094716417777818,1.0
2025-09-29 13:37:53+00:00,0.7681258553348016,0.0
2025-09-29 13:37:54+00:00,1.1263815067213727,1.0
2025-09-29 13:37:55+00:00,1.2319681039080024,1.0
2025-09-29 13:37:56+00:00,0.7594205601490103,0.0
2025-09-29 13:37:57+00:00,1.7709649442404043,2.0
2025-09-29 13:37:58+00:00,1.553138437011512,2.0
2025-09-29 13:37:59+00:00,1.2429728522402002,1.0
2025-09-29 13:38:00+00:00,0.8989322388370056,0.0
2025-09-29 13:38:01+00:00,1.001856623290223,0.0
2025-09-29 13:38:02+00:00,1.3008089106588159,1.0
2025-09-29 13:38:03+00:00,0.7646868539595744,0.0
2025-09-29 13:38:04+00:00,1.4853817883267766,2.0
2025-09-29 13:38:05+00:00,1.5369189886405366,2.0
2025-09-29 13:38:06+00:00,0.8248229383316357,0.0
2025-09-29 13:38:07+00:00,1.099030639976263,0.0
2025-09-29 13:38:08+00:00,0.8359328119258862,0.0
2025-09-29 13:38:09+00:00,1.7195189711201238,2.0
2025-09-29 13:38:10+00:00,1.2547988768637879,1.0
2025-09-29 13:38:11+00:00,1.621318489400437,2.0
2025-09-29 13:38:12+00:00,1.7247358201711904,2.0
2025-09-29 13:38:13+00:00,1.2508845433330862,1.0
2025-09-29 13:38:14+00:00,1.611857338444679,2.0
2025-09-29 13:38:15+00:00,1.0936774321162375,0.0
2025-09-29 13:38:16+00:00,1.15593519169488,1.0
2025-09-29 13:38:17+00:00,1.390883947708062,2.0
2025-09-29 13:38:18+00:00,0.9914520789025119,0.0
2025-09-29 13:38:19+00:00,1.028488911833847,0.0
2025-09-29 13:38:20+00:00,1.4312900420191,2.0
2025-09-29 13:38:21+00:00,1.5327307969564572,2.0
2025-09-29 13:38:22+00:00,0.5788061735947849,0.0
2025-09-29 13:38:23+00:00,0.8553755186730996,0.0
2025-09-29 13:38:24+00:00,0.7536856454244116,0.0
2025-09-29 13:38:25+00:00,1.4572504177776864,2.0
2025-09-29 13:38:26+00:00,1.9311250220489455,2.0
2025-09-29 13:38:27+00:00,1.1264733491989318,1.0
2025-09-29 13:38:28+00:00,1.514762815888389,2.0
2025-09-29 13:38:29+00:00,1.0653373498498695,0.0
2025-09-29 13:38:30+00:00,1.0979514886421384,0.0
2025-09-29 13:38:31+00:00,1.2507256211392814,1.0
2025-09-29 13:38:32+00:00,0.8181855686270865,0.0
2025-09-29 13:38:33+00:00,1.0811064485023962,0.0
2025-09-29 13:38:34+00:00,0.8871472748287488,0.0
2025-09-29 13:38:35+00:00,1.5866519871924538,2.0
2025-09-29 13:38:36+00:00,1.0406911468453472,0.0
2025-09-29 13:38:37+00:00,1.195131594024133,1.0
2025-09-29 13:38:38+00:00,1.2708937897114083,1.0
2025-09-29 13:38:39+00:00,1.505514605116332,2.0
2025-09-29 13:38:40+00:00,1.4788613810524112,2.0
2025-09-29 13:38:41+00:00,1.323650717837154,1.0
2025-09-29 13:38:42+00:00,0.9133483795158099,0.0
2025-09-29 13:38:43+00:00,1.0680871251533972,0.0
2025-09-29 13:38:44+00:00,1.1288380286132451,1.0
2025-09-29 13:38:45+00:00,1.2801720866700634,1.0
2025-09-29 13:38:46+00:00,0.8759586098167347,0.0
2025-09-29 13:38:47+00:00,1.4828305953124072,2.0
2025-09-29 13:38:48+00:00,1.7862017610605108,2.0
2025-09-29 13:38:49+00:00,1.1865857187804068,1.0
2025-09-29 13:38:50+00:00,1.1304451555770356,1.0
2025-09-29 13:38:51+00:00,1.3516447741130833,1.0
2025-09-29 13:38:52+00:00,0.9116098156082444,0.0
2025-09-29 13:38:53+00:00,1.585013250092743,2.0
2025-09-29 13:38:54+00:00,1.4837888906040462,2.0
2025-09-29 13:38:55+00:00,1.3407861207815586,1.0
2025-09-29 13:38:56+00:00,1.1969449933967553,1.0
2025-09-29 13:38:57+00:00,1.1783923643524759,1.0
2025-09-29 13:38:58+00:00,1.3749300056661014,1.0
2025-09-29 13:38:59+00:00,1.5760766860621516,2.0
2025-09-29 13:39:00+00:00,0.8333021208818536,0.0
2025-09-29 13:39:01+00:00,1.3070881044841371,1.0
2025-09-29 13:39:02+00:00,1.442875020118663,2.0
2025-09-29 13:39:03+00:00,1.3702347611106234,1.0
2025-09-29 13:39:04+00:00,1.3198182476335205,1.0
2025-09-29 13:39:05+00:00,1.0960167925659334,0.0
2025-09-29 13:39:06+00:00,0.9921472154528601,0.0
2025-09-29 13:39:07+00:00,1.1006922005180968,0.0
2025-09-29 13:39:08+00:00,1.2299857823672937,1.0
2025-09-29 13:39:09+00:00,1.138898057033657,1.0
2025-09-29 13:39:10+00:00,0.7483082429098431,0.0
2025-09-29 13:39:11+00:00,1.450289976593922,2.0
2025-09-29 13:39:12+00:00,1.0403276403085329,0.0
2025-09-29 13:39:13+00:00,1.0845862821734045,0.0
2025-09-29 13:39:14+00:00,1.4580729286244605,2.0
2025-09-29 13:39:15+00:00,1.525122697421466,2.0
2025-09-29 13:39:16+00:00,1.2921750512323342,1.0
2025-09-29 13:39:17+00:00,1.2558473856770433,1.0
2025-09-29 13:39:18+00:00,1.6490405287331669,2.0
2025-09-29 13:39:19+00:00,1.2672009183879709,1.0
2025-09-29 13:39:20+00:00,1.1129693771945313,1.0
2025-09-29 13:39:21+00:00,1.2412423086789204,1.0
2025-09-29 13:39:22+00:00,0.9881615254562348,0.0
2025-09-29 13:39:23+00:00,1.1129742843477288,1.0
2025-09-29 13:39:24+00:00,1.4060658470261842,2.0
2025-09-29 13:39:25+00:00,1.7176091127912514,2.0
2025-09-29 13:39:26+00:00,1.282673165842425,1.0
2025-09-29 13:39:27+00:00,1.348100469156634,1.0
2025-09-29 13:39:28+00:00,0.7586188434215728,0.0
2025-09-29 13:39:29+00:00,1.1635591198137263,1.0
2025-09-29 13:39:30+00:00,1.672996086155763,2.0
2025-09-29 13:39:31+00:00,0.9892380709497957,0.0
2025-09-29 13:39:32+00:00,1.446634309075307,2.0
2025-09-29 13:39:33+00:00,1.0604954687150894,0.0
2025-09-29 13:39:34+00:00,1.1295533098309534,1.0
2025-09-29 13:39:35+00:00,0.9206336992792785,0.0
2025-09-29 13:39:36+00:00,1.2307219632930355,1.0
2025-09-29 13:39:37+00:00,1.0447848624171456,0.0
2025-09-29 13:39:38+00:00,1.12024651664251,1.0
2025-09-29 13:39:39+00:00,0.7318465354765067,0.0
2025-09-29 13:39:40+00:00,1.4442452824150678,2.0
2025-09-29 13:39:41+00:00,1.890722559284768,2.0
2025-09-29 13:39:42+00:00,1.4292090980889043,2.0
2025-09-29 13:39:43+00:00,1.0551385842263699,0.0
2025-09-29 13:39:44+00:00,1.3487250051257433,1.0
2025-09-29 13:39:45+00:00,1.036560085369274,0.0
2025-09-29 13:39:46+00:00,1.3263655606569955,1.0
2025-09-29 13:39:47+00:00,1.3947733311069896,2.0
2025-09-29 13:39:48+00:00,1.303608253991115,1.0
2025-09-29 13:39:49+00:00,1.0766566037782468,0.0
2025-09-29 13:39:50+00:00,0.9912481186474906,0.0
2025-09-29 13:39:51+00:00,0.9470105878281174,0.0
2025-09-29 13:39:52+00:00,1.0261305829044431,0.0
2025-09-29 13:39:53+00:00,1.367124851080007,1.0
2025-09-29 13:39:54+00:00,1.6191546976187965,2.0
2025-09-29 13:39:55+00:00,0.7991674658696866,0.0
2025-09-29 13:39:56+00:00,0.6778166055446491,0.0
2025-09-29 13:39:57+00:00,1.201866804738529,1.0
2025-09-29 13:39:58+00:00,1.4893859309959225,2.0
2025-09-29 13:39:59+00:00,1.1300802298210328,1.0
2025-09-29 13:40:00+00:00,1.0358414499205537,0.0
2025-09-29 13:40:01+00:00,1.3264631731726695,1.0
2025-09-29 13:40:02+00:00,1.5280516397033352,2.0
2025-09-29 13:40:03+00:00,1.2798271576175466,1.0
2025-09-29 13:40:04+00:00,1.0477343585371273,0.0
2025-09-29 13:40:05+00:00,0.9842435928003397,0.0
2025-09-29 13:40:06+00:00,1.4874799765093485,2.0
2025-09-29 13:40:07+00:00,1.3832464725273894,1.0
2025-09-29 13:40:08+00:00,0.9361561802215874,0.0
2025-09-29 13:40:09+00:00,1.396902490319917,2.0
2025-09-29 13:40:10+00:00,1.215454856355791,1.0
2025-09-29 13:40:11+00:00,1.2082719773898134,1.0
2025-09-29 13:40:12+00:00,1.370050490819267,1.0
2025-09-29 13:40:13+00:00,1.2780411768035265,1.0
2025-09-29 13:40:14+00:00,1.239042021217756,1.0
2025-09-29 13:40:15+00:00,1.1535196409386117,1.0
2025-09-29 13:40:16+00:00,0.9612798514572205,0.0
2025-09-29 13:40:17+00:00,0.9497380549873924,0.0
2025-09-29 13:40:18+00:00,0.796544238095521,0.0
2025-09-29 13:40:19+00:00,0.9295636064489372,0.0
2025-09-29 13:40:20+00:00,1.341837006737478,1.0
2025-09-29 13:40:21+00:00,1.5669911109580426,2.0
2025-09-29 13:40:22+00:00,1.142513662998681,1.0
2025-09-29 13:40:23+00:00,0.6501591901615029,0.0
2025-09-29 13:40:24+00:00,0.9708377557835774,0.0
2025-09-29 13:40:25+00:00,0.9646540009707678,0.0
2025-09-29 13:40:26+00:00,0.9773732636822388,0.0
2025-09-29 13:40:27+00:00,1.56145981301961,2.0
2025-09-29 13:40:28+00:00,1.05489441131067,0.0
2025-09-29 13:40:29+00:00,1.3056109280296369,1.0
2025-09-29 13:40:30+00:00,1.0889616423810367,0.0
2025-09-29 13:40:31+00:00,1.1019611900992459,0.0
2025-09-29 13:40:32+00:00,1.1757949206221383,1.0
2025-09-29 13:40:33+00:00,0.6281102982902667,0.0
2025-09-29 13:40:34+00:00,0.8470937640522607,0.0
2025-09-29 13:40:35+00:00,1.1575140517670661,1.0
2025-09-29 13:40:36+00:00,0.8800533168541733,0.0
2025-09-29 13:40:37+00:00,1.7311046138347592,2.0
2025-09-29 13:40:38+00:00,0.8601344558410347,0.0
2025-09-29 13:40:39+00:00,1.598676794950734,2.0
2025-09-29 13:40:40+00:00,1.0614708478242392,0.0
2025-09-29 13:40:41+00:00,1.645129076219746,2.0
2025-09-29 13:40:42+00:00,1.7632972476276336,2.0
2025-09-29 13:40:43+00:00,1.0447886564361397,0.0
2025-09-29 13:40:44+00:00,1.3538227529206779,1.0
2025-09-29 13:40:45+00:00,1.0955809962179046,0.0
2025-09-29 13:40:46+00:00,1.296439062745776,1.0
2025-09-29 13:40:47+00:00,1.1620484441082226,1.0
2025-09-29 13:40:48+00:00,1.747386227667448,2.0
2025-09-29 13:40:49+00:00,1.3582010523823556,1.0
2025-09-29 13:40:50+00:00,1.155129870705423,1.0
2025-09-29 13:40:51+00:00,1.0879778844391694,0.0
2025-09-29 13:40:52+00:00,1.053273873476428,0.0
2025-09-29 13:40:53+00:00,1.34664998378139,1.0
2025-09-29 13:40:54+00:00,1.0246758954017423,0.0
2025-09-29 13:40:55+00:00,1.57527116946585,2.0
2025-09-29 13:40:56+00:00,1.1753989518474555,1.0
2025-09-29 13:40:57+00:00,1.0219069278537063,0.0
2025-09-29 13:40:58+00:00,1.6327194695622893,2.0
2025-09-29 13:40:59+00:00,1.4452859134180471,2.0
2025-09-29 13:41:00+00:00,1.428098697841051,2.0
2025-09-29 13:41:01+00:00,1.0737306892551715,0.0
2025-09-29 13:41:02+00:00,1.6542966196138877,2.0
2025-09-29 13:41:03+00:00,1.1184876923798583,1.0
2025-09-29 13:41:04+00:00,0.9817738151468802,0.0
2025-09-29 13:41:05+00:00,0.887737662444124,0.0
2025-09-29 13:41:06+00:00,1.4267438162351027,2.0
2025-09-29 13:41:07+00:00,1.486919023867813,2.0
2025-09-29 13:41:08+00:00,1.0838502305705333,0.0
2025-09-29 13:41:09+00:00,1.0920062811637763,0.0
2025-09-29 13:41:10+00:00,1.3830381268780911,1.0
2025-09-29 13:41:11+00:00,1.3792257224558853,1.0
2025-09-29 13:41:12+00:00,1.1424280056235148,1.0
2025-09-29 13:41:13+00:00,0.8066268440306885,0.0
2025-09-29 13:41:14+00:00,1.1963355332118226,1.0
2025-09-29 13:41:15+00:00,0.9716436877206434,0.0
2025-09-29 13:41:16+00:00,1.323883421238861,1.0
2025-09-29 13:41:17+00:00,1.3603802294674097,1.0
2025-09-29 13:41:18+00:00,1.368004367031972,1.0
2025-09-29 13:41:19+00:00,1.5420318694814341,2.0
2025-09-29 13:41:20+00:00,1.2773083068896085,1.0
2025-09-29 13:41:21+00:00,1.534269271651283,2.0
2025-09-29 13:41:22+00:00,1.2130617679504212,1.0
2025-09-29 13:41:23+00:00,1.0112986898748204,0.0
2025-09-29 13:41:24+00:00,1.3685099490103312,1.0
2025-09-29 13:41:25+00:00,1.106734079614398,1.0
2025-09-29 13:41:26+00:00,1.2965559845906682,1.0
2025-09-29 13:41:27+00:00,1.4986878250492737,2.0
2025-09-29 13:41:28+00:00,1.5568755061249249,2.0
2025-09-29 13:41:29+00:00,1.6384730313293403,2.0
2025-09-29 13:41:30+00:00,1.4761110620311229,2.0
2025-09-29 13:41:31+00:00,0.8296353802870726,0.0
2025-09-29 13:41:32+00:00,1.849439098223229,2.0
2025-09-29 13:41:33+00:00,1.2862178362702252,1.0
2025-09-29 13:41:34+00:00,1.6065674466372002,2.0
2025-09-29 13:41:35+00:00,1.186986912667635,1.0
2025-09-29 13:41:36+00:00,1.0870182316866703,0.0
2025-09-29 13:41:37+00:00,1.4426856510108337,2.0
2025-09-29 13:41:38+00:00,0.9256198912626132,0.0
2025-09-29 13:41:39+00:00,1.9347334656922612,2.0
2025-09-29 13:41:40+00:00,1.1097717787051806,1.0
2025-09-29 13:41:41+00:00,1.1924275564961135,1.0
2025-09-29 13:41:42+00:00,1.769711101980647,2.0
2025-09-29 13:41:43+00:00,0.8318595651653595,0.0
2025-09-29 13:41:44+00:00,1.3641530983586563,1.0
2025-09-29 13:41:45+00:00,1.1844368570455117,1.0
2025-09-29 13:41:46+00:00,1.1446317825175356,1.0
2025-09-29 13:41:47+00:00,1.0860726756800432,0.0
2025-09-29 13:41:48+00:00,1.2513725132885156,1.0
2025-09-29 13:41:49+00:00,1.5111338782298844,2.0
2025-09-29 13:41:50+00:00,1.7436621235247003,2.0
2025-09-29 13:41:51+00:00,1.7442237692594063,2.0
2025-09-29 13:41:52+00:00,1.127392234033323,1.0
2025-09-29 13:41:53+00:00,1.350054546011961,1.0
2025-09-29 13:41:54+00:00,1.718545614508912,2.0
2025-09-29 13:41:55+00:00,1.1882541776139988,1.0
2025-09-29 13:41:56+00:00,0.7000494407402584,0.0
2025-09-29 13:41:57+00:00,1.1051669874868821,1.0
2025-09-29 13:41:58+00:00,1.1176276709302329,1.0
2025-09-29 13:41:59+00:00,0.7331468261982081,0.0
2025-09-29 13:42:00+00:00,1.6162037785543362,2.0
2025-09-29 13:42:01+00:00,1.1061175640352303,1.0
2025-09-29 13:42:02+00:00,1.2708373214991298,1.0
2025-09-29 13:42:03+00:00,0.7918088475125842,0.0
2025-09-29 13:42:04+00:00,1.1982746150606545,1.0
2025-09-29 13:42:05+00:00,0.9787052546162158,0.0
2025-09-29 13:42:06+00:00,1.6361658622336108,2.0
2025-09-29 13:42:07+00:00,1.2645372108236188,1.0
2025-09-29 13:42:08+00:00,1.294813735614298,1.0
2025-09-29 13:42:09+00:00,0.977069935615873,0.0
2025-09-29 13:42:10+00:00,1.5358933210955001,2.0
2025-09-29 13:42:11+00:00,1.5405456068110652,2.0
2025-09-29 13:42:12+00:00,1.2345873871236108,1.0
2025-09-29 13:42:13+00:00,1.3120701551088132,1.0
2025-09-29 13:42:14+00:00,0.8765879819111433,0.0
2025-09-29 13:42:15+00:00,1.603635251027299,2.0
2025-09-29 13:42:16+00:00,1.0719631331594428,0.0
2025-09-29 13:42:17+00:00,1.0428533502563369,0.0
2025-09-29 13:42:18+00:00,1.4353108581562992,2.0
2025-09-29 13:42:19+00:00,1.3430751505220542,1.0
2025-09-29 13:42:20+00:00,1.7958152015053201,2.0
2025-09-29 13:42:21+00:00,1.219816422162694,1.0
2025-09-29 13:42:22+00:00,1.7461417820013594,2.0
2025-09-29 13:42:23+00:00,1.78810709976824,2.0
2025-09-29 13:42:24+00:00,0.9184639854938723,0.0
2025-09-29 13:42:25+00:00,1.462733338950784,2.0
2025-09-29 13:42:26+00:00,1.173277681315085,1.0
2025-09-29 13:42:27+00:00,1.5756106740882387,2.0
2025-09-29 13:42:28+00:00,1.0456637345487252,0.0
2025-09-29 13:42:29+00:00,1.2892789606994484,1.0
2025-09-29 13:42:30+00:00,1.3439443190582097,1.0
2025-09-29 13:42:31+00:00,1.1420684666372836,1.0
2025-09-29 13:42:32+00:00,1.3927163714979542,2.0
2025-09-29 13:42:33+00:00,0.9920759533561068,0.0
2025-09-29 13:42:34+00:00,0.9145088653895073,0.0
2025-09-29 13:42:35+00:00,1.0225117041845806,0.0
2025-09-29 13:42:36+00:00,1.3193522878718795,1.0
2025-09-29 13:42:37+00:00,1.3428206139506074,1.0
2025-09-29 13:42:38+00:00,1.236584021433373,1.0
2025-09-29 13:42:39+00:00,1.084678927072673,0.0
2025-09-29 13:42:40+00:00,1.190139976592036,1.0
2025-09-29 13:42:41+00:00,1.3053574986261083,1.0
2025-09-29 13:42:42+00:00,1.2232071440957952,1.0
2025-09-29 13:42:43+00:00,1.5983066293119919,2.0
2025-09-29 13:42:44+00:00,1.132449175362126,1.0
2025-09-29 13:42:45+00:00,0.9989538954832824,0.0
2025-09-29 13:42:46+00:00,1.1711465365078766,1.0
2025-09-29 13:42:47+00:00,1.2743445731175598,1.0
2025-09-29 13:42:48+00:00,1.3360846803989261,1.0
2025-09-29 13:42:49+00:00,1.0528861365892226,0.0
2025-09-29 13:42:50+00:00,1.1406883847084828,1.0
2025-09-29 13:42:51+00:00,1.1976302947441582,1.0
2025-09-29 13:42:52+00:00,1.0196985157817835,0.0
2025-09-29 13:42:53+00:00,1.3724772704445058,1.0
2025-09-29 13:42:54+00:00,1.0470640051789815,0.0
2025-09-29 13:42:55+00:00,1.6693915465293685,2.0
2025-09-29 13:42:56+00:00,1.2352711732237367,1.0
2025-09-29 13:42:57+00:00,1.5741670115967281,2.0
2025-09-29 13:42:58+00:00,1.3913479267794173,2.0
2025-09-29 13:42:59+00:00,1.2979629089386435,1.0
2025-09-29 13:43:00+00:00,1.5327979101421079,2.0
2025-09-29 13:43:01+00:00,1.5844718246517004,2.0
2025-09-29 13:43:02+00:00,0.9552477392135188,0.0
2025-09-29 13:43:03+00:00,0.8614905958966119,0.0
2025-09-29 13:43:04+00:00,1.2122680259490153,1.0
2025-09-29 13:43:05+00:00,1.3138769123324892,1.0
2025-09-29 13:43:06+00:00,1.2608301508880686,1.0
2025-09-29 13:43:07+00:00,1.518961352223414,2.0
2025-09-29 13:43:08+00:00,1.4634859989309916,2.0
2025-09-29 13:43:09+00:00,1.0429743946733652,0.0
2025-09-29 13:43:10+00:00,1.4626715492340736,2.0
2025-09-29 13:43:11+00:00,0.9725205787690356,0.0
2025-09-29 13:43:12+00:00,1.2143867477716412,1.0
2025-09-29 13:43:13+00:00,1.51519044667657,2.0
2025-09-29 13:43:14+00:00,1.512759824472596,2.0
2025-09-29 13:43:15+00:00,1.472624690286466,2.0
2025-09-29 13:43:16+00:00,0.9147145387105411,0.0
2025-09-29 13:43:17+00:00,1.7549832371878438,2.0
2025-09-29 13:43:18+00:00,1.3867478621541522,2.0
2025-09-29 13:43:19+00:00,1.2650427430926356,1.0
2025-09-29 13:43:20+00:00,0.8421236510330345,0.0
2025-09-29 13:43:21+00:00,1.2227697444759542,1.0
2025-09-29 13:43:22+00:00,1.3883411967399297,2.0
2025-09-29 13:43:23+00:00,1.7141514849936357,2.0
2025-09-29 13:43:24+00:00,1.4647243688377785,2.0
2025-09-29 13:43:25+00:00,1.0032901415397646,0.0
2025-09-29 13:43:26+00:00,0.8759100534225581,0.0
2025-09-29 13:43:27+00:00,1.3896928500034846,2.0
2025-09-29 13:43:28+00:00,1.234467574962764,1.0
2025-09-29 13:43:29+00:00,1.0671443628234556,0.0
2025-09-29 13:43:30+00:00,1.5684637097729137,2.0
2025-09-29 13:43:31+00:00,1.0068083006626694,0.0
2025-09-29 13:43:32+00:00,1.3826603121851804,1.0
2025-09-29 13:43:33+00:00,0.7773748916806653,0.0
2025-09-29 13:43:34+00:00,1.3708912897855043,1.0
2025-09-29 13:43:35+00:00,1.1875645565305604,1.0
2025-09-29 13:43:36+00:00,1.2613224725791952,1.0
2025-09-29 13:43:37+00:00,1.5598671905027004,2.0
2025-09-29 13:43:38+00:00,0.7535060007503489,0.0
2025-09-29 13:43:39+00:00,1.655549989984138,2.0
2025-09-29 13:43:40+00:00,1.1739693701529177,1.0
2025-09-29 13:43:41+00:00,0.9175685694353888,0.0
2025-09-29 13:43:42+00:00,1.3658565612422535,1.0
2025-09-29 13:43:43+00:00,1.2292635398625862,1.0
2025-09-29 13:43:44+00:00,1.0857242280617356,0.0
2025-09-29 13:43:45+00:00,1.2664569424669025,1.0
2025-09-29 13:43:46+00:00,0.761406732359319,0.0
2025-09-29 13:43:47+00:00,1.2143190042406786,1.0
2025-09-29 13:43:48+00:00,0.9852827342547243,0.0
2025-09-29 13:43:49+00:00,1.473532368967426,2.0
2025-09-29 13:43:50+00:00,0.6945634321891703,0.0
2025-09-29 13:43:51+00:00,0.8556079852860421,0.0
2025-09-29 13:43:52+00:00,0.9293768301868113,0.0
2025-09-29 13:43:53+00:00,1.800230985696544,2.0
2025-09-29 13:43:54+00:00,1.0796022722497582,0.0
2025-09-29 13:43:55+00:00,1.32462562447472,1.0
2025-09-29 13:43:56+00:00,1.2815763774706284,1.0
2025-09-29 13:43:57+00:00,1.417933421456837,2.0
2025-09-29 13:43:58+00:00,0.9381817622488597,0.0
2025-09-29 13:43:59+00:00,1.3546944211411756,1.0
2025-09-29 13:44:00+00:00,1.5180681013152935,2.0
2025-09-29 13:44:01+00:00,0.8075688163080486,0.0
2025-09-29 13:44:02+00:00,1.020638845031499,0.0
2025-09-29 13:44:03+00:00,0.8144890886178473,0.0
2025-09-29 13:44:04+00:00,1.1862744824175024,1.0
2025-09-29 13:44:05+00:00,1.1100177014741348,1.0
2025-09-29 13:44:06+00:00,1.601604438663344,2.0
2025-09-29 13:44:07+00:00,1.3899382063391386,2.0
2025-09-29 13:44:08+00:00,1.5426689978485228,2.0
2025-09-29 13:44:09+00:00,1.3868251678795787,2.0
2025-09-29 13:44:10+00:00,1.31137065339135,1.0
2025-09-29 13:44:11+00:00,1.1185286470135907,1.0
2025-09-29 13:44:12+00:00,1.4021376829768997,2.0
2025-09-29 13:44:13+00:00,1.4598521515436005,2.0
2025-09-29 13:44:14+00:00,1.5235338050115388,2.0
2025-09-29 13:44:15+00:00,1.7220341240172274,2.0
2025-09-29 13:44:16+00:00,1.4879112583876122,2.0
2025-09-29 13:44:17+00:00,1.7798274835949996,2.0
2025-09-29 13:44:18+00:00,1.2089541395107517,1.0
2025-09-29 13:44:19+00:00,1.126919419693877,1.0
2025-09-29 13:44:20+00:00,1.2962992492539342,1.0
2025-09-29 13:44:21+00:00,1.4058369662088808,2.0
2025-09-29 13:44:22+00:00,1.3846729702636367,1.0
2025-09-29 13:44:23+00:00,0.9991560351627413,0.0
2025-09-29 13:44:24+00:00,1.7965021422569407,2.0
2025-09-29 13:44:25+00:00,1.3973508396011312,2.0
2025-09-29 13:44:26+00:00,1.2058482356951572,1.0
2025-09-29 13:44:27+00:00,1.1366763906407868,1.0
2025-09-29 13:44:28+00:00,1.228455414166092,1.0
2025-09-29 13:44:29+00:00,1.1370995341712842,1.0
2025-09-29 13:44:30+00:00,1.3976475815288723,2.0
2025-09-29 13:44:31+00:00,1.2552092607947998,1.0
2025-09-29 13:44:32+00:00,1.2497952345147496,1.0
2025-09-29 13:44:33+00:00,1.3500255293038208,1.0
2025-09-29 13:44:34+00:00,1.5145192848576698,2.0
2025-09-29 13:44:35+00:00,1.03746378463984,0.0
2025-09-29 13:44:36+00:00,1.2264836164249573,1.0
2025-09-29 13:44:37+00:00,1.509453220103751,2.0
2025-09-29 13:44:38+00:00,1.4904548746708315,2.0
2025-09-29 13:44:39+00:00,1.075710708857514,0.0
2025-09-29 13:44:40+00:00,0.6930837841500761,0.0
2025-09-29 13:44:41+00:00,0.8766937052860158,0.0
2025-09-29 13:44:42+00:00,0.9983660327416146,0.0
2025-09-29 13:44:43+00:00,1.544320488203084,2.0
2025-09-29 13:44:44+00:00,0.6568698361952556,0.0
2025-09-29 13:44:45+00:00,1.5612308369745733,2.0
2025-09-29 13:44:46+00:00,1.7564490754157305,2.0
2025-09-29 13:44:47+00:00,1.2853856174770044,1.0
2025-09-29 13:44:48+00:00,1.4964687007450266,2.0
2025-09-29 13:44:49+00:00,1.6583054873044603,2.0
2025-09-29 13:44:50+00:00,1.6101227040198864,2.0
2025-09-29 13:44:51+00:00,1.2889541953190928,1.0
2025-09-29 13:44:52+00:00,1.0188551602768712,0.0
2025-09-29 13:44:53+00:00,1.4514966055285186,2.0
2025-09-29 13:44:54+00:00,1.1727634246635716,1.0
2025-09-29 13:44:55+00:00,1.8501330853032414,2.0
2025-09-29 13:44:56+00:00,0.9357706581795355,0.0
2025-09-29 13:44:57+00:00,1.0791321055294247,0.0
2025-09-29 13:44:58+00:00,1.1441306126653217,1.0
2025-09-29 13:44:59+00:00,1.0553328550595324,0.0
2025-09-29 13:45:00+00:00,1.2502991150686285,1.0
2025-09-29 13:45:01+00:00,1.7723172264086315,2.0
2025-09-29 13:45:02+00:00,0.9585348564141896,0.0
2025-09-29 13:45:03+00:00,1.3099342792556854,1.0
2025-09-29 13:45:04+00:00,1.1989011593395844,1.0
2025-09-29 13:45:05+00:00,1.192234818590805,1.0
2025-09-29 13:45:06+00:00,0.8765227707626764,0.0
2025-09-29 13:45:07+00:00,1.747739447208005,2.0
2025-09-29 13:45:08+00:00,0.8977399542491185,0.0
2025-09-29 13:45:09+00:00,1.4659695714362897,2.0
2025-09-29 13:45:10+00:00,0.9630846006330103,0.0
2025-09-29 13:45:11+00:00,1.0919932779797819,0.0
2025-09-29 13:45:12+00:00,1.0675723284221021,0.0
2025-09-29 13:45:13+00:00,0.8547670396073954,0.0
2025-09-29 13:45:14+00:00,1.5972242218849715,2.0
2025-09-29 13:45:15+00:00,1.0341180646209978,0.0
2025-09-29 13:45:16+00:00,1.2175209608103614,1.0
2025-09-29 13:45:17+00:00,1.7042274341365555,2.0
2025-09-29 13:45:18+00:00,0.9943767930817557,0.0
2025-09-29 13:45:19+00:00,0.7321183672902407,0.0
2025-09-29 13:45:20+00:00,1.3299814051570138,1.0
2025-09-29 13:45:21+00:00,1.624502091348404,2.0
2025-09-29 13:45:22+00:00,1.221122999500949,1.0
2025-09-29 13:45:23+00:00,1.745146622924949,2.0
2025-09-29 13:45:24+00:00,1.2516743470914662,1.0
2025-09-29 13:45:25+00:00,1.2537339637347031,1.0
2025-09-29 13:45:26+00:00,0.812598769494798,0.0
2025-09-29 13:45:27+00:00,1.730292032196303,2.0
2025-09-29 13:45:28+00:00,1.4438775661838008,2.0
2025-09-29 13:45:29+00:00,1.2763719065696932,1.0
2025-09-29 13:45:30+00:00,1.2998896330973366,1.0
2025-09-29 13:45:31+00:00,1.4141609873768175,2.0
2025-09-29 13:45:32+00:00,1.4007052593369735,2.0
2025-09-29 13:45:33+00:00,0.9458498355234042,0.0
2025-09-29 13:45:34+00:00,1.5008392682648264,2.0
2025-09-29 13:45:35+00:00,1.6056826606945833,2.0
2025-09-29 13:45:36+00:00,1.2885938708204776,1.0
2025-09-29 13:45:37+00:00,1.3762627221440198,1.0
2025-09-29 13:45:38+00:00,1.368023067858303,1.0
2025-09-29 13:45:39+00:00,1.6236410948331468,2.0
2025-09-29 13:45:40+00:00,0.9857730504882056,0.0
2025-09-29 13:45:41+00:00,1.5284006140864221,2.0
2025-09-29 13:45:42+00:00,1.5711490891553694,2.0
2025-09-29 13:45:43+00:00,1.4377511755737942,2.0
2025-09-29 13:45:44+00:00,1.3042144290084252,1.0
2025-09-29 13:45:45+00:00,0.7157457809807966,0.0
2025-09-29 13:45:46+00:00,0.9245906355208717,0.0
2025-09-29 13:45:47+00:00,1.2524145249917638,1.0
2025-09-29 13:45:48+00:00,1.5114670582552208,2.0
2025-09-29 13:45:49+00:00,1.2500489371159347,1.0
2025-09-29 13:45:50+00:00,1.4782276889745845,2.0
2025-09-29 13:45:51+00:00,1.5354723041818943,2.0
2025-09-29 13:45:52+00:00,0.6091367227345472,0.0
2025-09-29 13:45:53+00:00,1.5119302953535225,2.0
2025-09-29 13:45:54+00:00,1.421139077458065,2.0
2025-09-29 13:45:55+00:00,1.4095999857963761,2.0
2025-09-29 13:45:56+00:00,1.4301800651737722,2.0
2025-09-29 13:45:57+00:00,1.124554478461505,1.0
2025-09-29 13:45:58+00:00,1.1869477861037012,1.0
2025-09-29 13:45:59+00:00,0.9664025714446325,0.0
2025-09-29 13:46:00+00:00,0.9948396489635343,0.0
2025-09-29 13:46:01+00:00,1.6305479380534962,2.0
2025-09-29 13:46:02+00:00,1.4824596842372557,2.0
2025-09-29 13:46:03+00:00,1.360921276442241,1.0
2025-09-29 13:46:04+00:00,1.5212625810090685,2.0
2025-09-29 13:46:05+00:00,1.1406485573097598,1.0
2025-09-29 13:46:06+00:00,1.3689856880810112,1.0
2025-09-29 13:46:07+00:00,1.3710161793715088,1.0
2025-09-29 13:46:08+00:00,0.8047080780961551,0.0
2025-09-29 13:46:09+00:00,0.6577249639376532,0.0
2025-09-29 13:46:10+00:00,1.0077043522178428,0.0
2025-09-29 13:46:11+00:00,1.0654094258643454,0.0
2025-09-29 13:46:12+00:00,0.7687582891667262,0.0
2025-09-29 13:46:13+00:00,1.1179146258800756,1.0
2025-09-29 13:46:14+00:00,1.45290908064635,2.0
2025-09-29 13:46:15+00:00,1.6116285376774613,2.0
2025-09-29 13:46:16+00:00,1.0149230109673226,0.0
2025-09-29 13:46:17+00:00,1.1218230002268683,1.0
2025-09-29 13:46:18+00:00,1.0582337193773128,0.0
2025-09-29 13:46:19+00:00,1.6088171870505903,2.0
2025-09-29 13:46:20+00:00,1.6285226678737672,2.0
2025-09-29 13:46:21+00:00,1.818197283500922,2.0
2025-09-29 13:46:22+00:00,1.5145850036205957,2.0
2025-09-29 13:46:23+00:00,1.7320608310983516,2.0
2025-09-29 13:46:24+00:00,1.3097414038929855,1.0
2025-09-29 13:46:25+00:00,1.254419544202392,1.0
2025-09-29 13:46:26+00:00,0.9745861575065646,0.0
2025-09-29 13:46:27+00:00,0.7895556722796755,0.0
2025-09-29 13:46:28+00:00,1.1500330496928655,1.0
2025-09-29 13:46:29+00:00,1.3871659728029044,2.0
2025-09-29 13:46:30+00:00,1.4771297369588865,2.0
2025-09-29 13:46:31+00:00,1.3289616713445866,1.0
2025-09-29 13:46:32+00:00,0.8634746381139848,0.0
2025-09-29 13:46:33+00:00,1.1874360003712354,1.0
2025-09-29 13:46:34+00:00,1.2136421719624195,1.0
2025-09-29 13:46:35+00:00,1.5629455595480977,2.0
2025-09-29 13:46:36+00:00,1.3549590951442951,1.0
2025-09-29 13:46:37+00:00,0.9891693457757356,0.0
2025-09-29 13:46:38+00:00,1.1786800363915972,1.0
2025-09-29 13:46:39+00:00,1.3012047981173964,1.0
2025-09-29 13:46:40+00:00,1.2384220190579072,1.0
2025-09-29 13:46:41+00:00,1.1770509158377536,1.0
2025-09-29 13:46:42+00:00,1.3880070829764009,2.0
2025-09-29 13:46:43+00:00,1.4817601463728352,2.0
2025-09-29 13:46:44+00:00,1.130913565910305,1.0
2025-09-29 13:46:45+00:00,1.0161899716767948,0.0
2025-09-29 13:46:46+00:00,1.2688704388128826,1.0
2025-09-29 13:46:47+00:00,1.0543462111381814,0.0
2025-09-29 13:46:48+00:00,1.247574327935581,1.0
2025-09-29 13:46:49+00:00,1.0677020512666786,0.0
2025-09-29 13:46:50+00:00,0.9299095840542577,0.0
2025-09-29 13:46:51+00:00,1.074744636847754,0.0
2025-09-29 13:46:52+00:00,1.2832702197920298,1.0
2025-09-29 13:46:53+00:00,1.6389602195413318,2.0
2025-09-29 13:46:54+00:00,1.9202360164490528,2.0
2025-09-29 13:46:55+00:00,1.159467139368644,1.0
2025-09-29 13:46:56+00:00,1.6829404649615753,2.0
2025-09-29 13:46:57+00:00,1.371420072784531,1.0
2025-09-29 13:46:58+00:00,1.0854048063774826,0.0
2025-09-29 13:46:59+00:00,1.484175417383085,2.0
2025-09-29 13:47:00+00:00,1.1137629323202418,1.0
2025-09-29 13:47:01+00:00,0.6121127455990063,0.0
2025-09-29 13:47:02+00:00,0.7743364536727313,0.0
2025-09-29 13:47:03+00:00,1.2491233399923658,1.0
2025-09-29 13:47:04+00:00,1.232407145173056,1.0
2025-09-29 13:47:05+00:00,1.510068929157569,2.0
2025-09-29 13:47:06+00:00,1.3447007771173958,1.0
2025-09-29 13:47:07+00:00,1.018768979673041,0.0
2025-09-29 13:47:08+00:00,0.9884633246838348,0.0
2025-09-29 13:47:09+00:00,1.1174845488276333,1.0
2025-09-29 13:47:10+00:00,1.35217973034014,1.0
2025-09-29 13:47:11+00:00,1.664746170208673,2.0
2025-09-29 13:47:12+00:00,1.163949261594098,1.0
2025-09-29 13:47:13+00:00,0.9530334995506564,0.0
2025-09-29 13:47:14+00:00,1.4286071640526643,2.0
2025-09-29 13:47:15+00:00,1.004790769846295,0.0
2025-09-29 13:47:16+00:00,1.4065761792298872,2.0
2025-09-29 13:47:17+00:00,1.1564140025147935,1.0
2025-09-29 13:47:18+00:00,1.4123413935303688,2.0
2025-09-29 13:47:19+00:00,0.9530429001606535,0.0
2025-09-29 13:47:20+00:00,1.74546132706746,2.0
2025-09-29 13:47:21+00:00,1.121355645940639,1.0
2025-09-29 13:47:22+00:00,1.311523972559371,1.0
2025-09-29 13:47:23+00:00,1.457992735944572,2.0
2025-09-29 13:47:24+00:00,1.5645238522847649,2.0
2025-09-29 13:47:25+00:00,1.4657491835823748,2.0
2025-09-29 13:47:26+00:00,1.3087715093570296,1.0
2025-09-29 13:47:27+00:00,1.4727600082405843,2.0
2025-09-29 13:47:28+00:00,1.338081004229025,1.0
2025-09-29 13:47:29+00:00,1.1365052318724338,1.0
2025-09-29 13:47:30+00:00,0.9972909576317761,0.0
2025-09-29 13:47:31+00:00,1.319394151403685,1.0
2025-09-29 13:47:32+00:00,0.7888932073256001,0.0
2025-09-29 13:47:33+00:00,1.284748694029986,1.0
2025-09-29 13:47:34+00:00,1.520064531112439,2.0
2025-09-29 13:47:35+00:00,1.605408771589282,2.0
2025-09-29 13:47:36+00:00,1.115612006164156,1.0
2025-09-29 13:47:37+00:00,1.5799483837763546,2.0
2025-09-29 13:47:38+00:00,1.0645872081513517,0.0
2025-09-29 13:47:39+00:00,0.8761299429606879,0.0
2025-09-29 13:47:40+00:00,1.1447396271541947,1.0
2025-09-29 13:47:41+00:00,1.0877576801285613,0.0
2025-09-29 13:47:42+00:00,1.1680094610055676,1.0
2025-09-29 13:47:43+00:00,1.437099886505166,2.0
2025-09-29 13:47:44+00:00,1.3818827055074507,1.0
2025-09-29 13:47:45+00:00,1.0982562506542308,0.0
2025-09-29 13:47:46+00:00,1.5229223670612555,2.0
2025-09-29 13:47:47+00:00,1.4520149730378762,2.0
2025-09-29 13:47:48+00:00,1.417080398707185,2.0
2025-09-29 13:47:49+00:00,0.9960011717776069,0.0
2025-09-29 13:47:50+00:00,1.342517339042388,1.0
2025-09-29 13:47:51+00:00,1.1670445583440596,1.0
2025-09-29 13:47:52+00:00,1.1854040508187609,1.0
2025-09-29 13:47:53+00:00,0.7833566385234008,0.0
2025-09-29 13:47:54+00:00,1.1450578043586574,1.0
2025-09-29 13:47:55+00:00,1.3107845961785642,1.0
2025-09-29 13:47:56+00:00,1.5841496463835938,2.0
2025-09-29 13:47:57+00:00,0.7164330450468697,0.0
2025-09-29 13:47:58+00:00,1.2725922480458394,1.0
2025-09-29 13:47:59+00:00,1.1362194114626618,1.0
2025-09-29 13:48:00+00:00,1.0291563519276679,0.0
2025-09-29 13:48:01+00:00,1.150455208538915,1.0
2025-09-29 13:48:02+00:00,1.1542208102328004,1.0
2025-09-29 13:48:03+00:00,1.743580290742102,2.0
2025-09-29 13:48:04+00:00,1.4708706784585956,2.0
2025-09-29 13:48:05+00:00,1.7393199325888418,2.0
2025-09-29 13:48:06+00:00,1.3007618672854733,1.0
2025-09-29 13:48:07+00:00,0.7460892917442834,0.0
2025-09-29 13:48:08+00:00,0.6972405042906757,0.0
2025-09-29 13:48:09+00:00,1.184256724329316,1.0
2025-09-29 13:48:10+00:00,1.3448807767999824,1.0
2025-09-29 13:48:11+00:00,1.1459683598804986,1.0
2025-09-29 13:48:12+00:00,1.5021329960873118,2.0
2025-09-29 13:48:13+00:00,1.0888363593549002,0.0
2025-09-29 13:48:14+00:00,1.1411589198251022,1.0
2025-09-29 13:48:15+00:00,1.2459707630623598,1.0
2025-09-29 13:48:16+00:00,1.5213881725358078,2.0
2025-09-29 13:48:17+00:00,0.9723018809163477,0.0
2025-09-29 13:48:18+00:00,1.6653470679884776,2.0
2025-09-29 13:48:19+00:00,1.0579099107562797,0.0
2025-09-29 13:48:20+00:00,0.7735093277296983,0.0
2025-09-29 13:48:21+00:00,1.5498296065779869,2.0
2025-09-29 13:48:22+00:00,1.0882117302244296,0.0
2025-09-29 13:48:23+00:00,1.7166036989656277,2.0
2025-09-29 13:48:24+00:00,1.07945750336512,0.0
2025-09-29 13:48:25+00:00,0.8717155870399438,0.0
2025-09-29 13:48:26+00:00,1.7181300962693058,2.0
2025-09-29 13:48:27+00:00,1.2256524686235934,1.0
2025-09-29 13:48:28+00:00,0.7020199800754199,0.0
2025-09-29 13:48:29+00:00,0.6349253461667104,0.0
2025-09-29 13:48:30+00:00,1.722682664913009,2.0
2025-09-29 13:48:31+00:00,1.3782569164904999,1.0
2025-09-29 13:48:32+00:00,0.9956903567217523,0.0
2025-09-29 13:48:33+00:00,1.757308774482226,2.0
2025-09-29 13:48:34+00:00,1.3664297344075749,1.0
2025-09-29 13:48:35+00:00,0.8435898158350028,0.0
2025-09-29 13:48:36+00:00,1.3450323815923184,1.0
2025-09-29 13:48:37+00:00,1.2892502194008557,1.0
2025-09-29 13:48:38+00:00,1.5194148545124335,2.0
2025-09-29 13:48:39+00:00,1.3852913558803266,1.0
2025-09-29 13:48:40+00:00,0.944726664951304,0.0
2025-09-29 13:48:41+00:00,1.6755942407471593,2.0
2025-09-29 13:48:42+00:00,1.3196890692343004,1.0
2025-09-29 13:48:43+00:00,1.014901219154126,0.0
2025-09-29 13:48:44+00:00,1.4668580152792856,2.0
2025-09-29 13:48:45+00:00,1.135401985331555,1.0
2025-09-29 13:48:46+00:00,0.9871393794019241,0.0
2025-09-29 13:48:47+00:00,1.3012263266864466,1.0
2025-09-29 13:48:48+00:00,1.5558124355302425,2.0
2025-09-29 13:48:49+00:00,1.038351210867404,0.0
2025-09-29 13:48:50+00:00,1.6752129259402864,2.0
2025-09-29 13:48:51+00:00,1.2584952152828919,1.0
2025-09-29 13:48:52+00:00,0.9515409403684316,0.0
2025-09-29 13:48:53+00:00,1.6097287023294484,2.0
2025-09-29 13:48:54+00:00,1.8052143146196613,2.0
2025-09-29 13:48:55+00:00,1.0271682232269086,0.0
2025-09-29 13:48:56+00:00,0.9844136857136618,0.0
2025-09-29 13:48:57+00:00,1.4122148474270944,2.0
2025-09-29 13:48:58+00:00,0.7837910553644178,0.0
2025-09-29 13:48:59+00:00,0.991091218587826,0.0
2025-09-29 13:49:00+00:00,1.5099932490556967,2.0
2025-09-29 13:49:01+00:00,1.4679878443857888,2.0
2025-09-29 13:49:02+00:00,1.443214546510717,2.0
2025-09-29 13:49:03+00:00,0.9240904853504617,0.0
2025-09-29 13:49:04+00:00,1.8337938020267757,2.0
2025-09-29 13:49:05+00:00,0.9865449159260606,0.0
2025-09-29 13:49:06+00:00,1.2830340254004113,1.0
2025-09-29 13:49:07+00:00,1.1665571095218183,1.0
2025-09-29 13:49:08+00:00,0.992977072877693,0.0
2025-09-29 13:49:09+00:00,1.5534562388347695,2.0
2025-09-29 13:49:10+00:00,1.3688131646049442,1.0
2025-09-29 13:49:11+00:00,1.1368646339833504,1.0
2025-09-29 13:49:12+00:00,1.1220365468761884,1.0
2025-09-29 13:49:13+00:00,1.0387439402402379,0.0
2025-09-29 13:49:14+00:00,1.2222867516829865,1.0
2025-09-29 13:49:15+00:00,0.971729405791848,0.0
2025-09-29 13:49:16+00:00,1.1460439328366192,1.0
2025-09-29 13:49:17+00:00,0.9634019806835568,0.0
2025-09-29 13:49:18+00:00,0.6905621672485722,0.0
2025-09-29 13:49:19+00:00,1.2194072890997631,1.0
2025-09-29 13:49:20+00:00,0.6335739756177645,0.0
2025-09-29 13:49:21+00:00,1.2758894837170374,1.0
2025-09-29 13:49:22+00:00,1.4350882382132113,2.0
2025-09-29 13:49:23+00:00,0.8441002053150441,0.0
2025-09-29 13:49:24+00:00,0.8098422061593737,0.0
2025-09-29 13:49:25+00:00,1.10460947775573,1.0
2025-09-29 13:49:26+00:00,1.0871608059096616,0.0
2025-09-29 13:49:27+00:00,1.448585178484791,2.0
2025-09-29 13:49:28+00:00,0.924538421415491,0.0
2025-09-29 13:49:29+00:00,1.00014761024795,0.0
2025-09-29 13:49:30+00:00,1.751832260080846,2.0
2025-09-29 13:49:31+00:00,0.8197386945394101,0.0
2025-09-29 13:49:32+00:00,1.095376082128496,0.0
2025-09-29 13:49:33+00:00,1.5540588747971924,2.0
2025-09-29 13:49:34+00:00,1.1505258148390567,1.0
2025-09-29 13:49:35+00:00,1.6856720208015759,2.0
2025-09-29 13:49:36+00:00,0.6778120178350946,0.0
2025-09-29 13:49:37+00:00,0.9169768030114938,0.0
2025-09-29 13:49:38+00:00,0.7190736626071157,0.0
2025-09-29 13:49:39+00:00,1.0388464140414726,0.0
2025-09-29 13:49:40+00:00,1.199185939389281,1.0
2025-09-29 13:49:41+00:00,0.9235354729607934,0.0
2025-09-29 13:49:42+00:00,1.531001483424916,2.0
2025-09-29 13:49:43+00:00,1.1890821327688172,1.0
2025-09-29 13:49:44+00:00,1.4431695980165387,2.0
2025-09-29 13:49:45+00:00,1.3195719511713833,1.0
2025-09-29 13:49:46+00:00,0.8843717409181409,0.0
2025-09-29 13:49:47+00:00,0.918399777947343,0.0
2025-09-29 13:49:48+00:00,1.0443332260620082,0.0
2025-09-29 13:49:49+00:00,0.8660647358046845,0.0
2025-09-29 13:49:50+00:00,1.0348899577802513,0.0
2025-09-29 13:49:51+00:00,1.1027602485264651,1.0
2025-09-29 13:49:52+00:00,1.44807174539892,2.0
2025-09-29 13:49:53+00:00,1.3098658900416922,1.0
2025-09-29 13:49:54+00:00,1.443733993335627,2.0
2025-09-29 13:49:55+00:00,1.7417636614700314,2.0
2025-09-29 13:49:56+00:00,1.5017659595760051,2.0
2025-09-29 13:49:57+00:00,1.634651956774178,2.0
2025-09-29 13:49:58+00:00,1.3543205130263232,1.0
2025-09-29 13:49:59+00:00,1.1800842627999373,1.0
2025-09-29 13:50:00+00:00,0.9224149728979683,0.0
2025-09-29 13:50:01+00:00,1.246569367023767,1.0
2025-09-29 13:50:02+00:00,1.433323390869191,2.0
2025-09-29 13:50:03+00:00,1.15364859647525,1.0
2025-09-29 13:50:04+00:00,1.6462726263998775,2.0
2025-09-29 13:50:05+00:00,1.5570126750099007,2.0
2025-09-29 13:50:06+00:00,0.7720255551685113,0.0
2025-09-29 13:50:07+00:00,1.3701195265748538,1.0
2025-09-29 13:50:08+00:00,1.2875248990603723,1.0
2025-09-29 13:50:09+00:00,0.7330045045528095,0.0
2025-09-29 13:50:10+00:00,0.9461837964336155,0.0
2025-09-29 13:50:11+00:00,1.3781703911081422,1.0
2025-09-29 13:50:12+00:00,1.2021691392728826,1.0
2025-09-29 13:50:13+00:00,1.2052460503327893,1.0
2025-09-29 13:50:14+00:00,1.6094828654604498,2.0
2025-09-29 13:50:15+00:00,1.4253231344628148,2.0
2025-09-29 13:50:16+00:00,0.848630398962996,0.0
2025-09-29 13:50:17+00:00,1.0695424894365715,0.0
2025-09-29 13:50:18+00:00,1.3737172144756187,1.0
2025-09-29 13:50:19+00:00,1.0052675899496535,0.0
2025-09-29 13:50:20+00:00,0.7916604069905588,0.0
2025-09-29 13:50:21+00:00,1.6496844141511247,2.0
2025-09-29 13:50:22+00:00,0.9320851903321454,0.0
2025-09-29 13:50:23+00:00,1.2701399941142881,1.0
2025-09-29 13:50:24+00:00,1.4885965009161737,2.0
2025-09-29 13:50:25+00:00,1.4090531975234626,2.0
2025-09-29 13:50:26+00:00,1.3482755127188284,1.0
2025-09-29 13:50:27+00:00,1.2470337293634657,1.0
2025-09-29 13:50:28+00:00,1.4118994946184102,2.0
2025-09-29 13:50:29+00:00,1.3457926505798241,1.0
2025-09-29 13:50:30+00:00,0.9514911989244865,0.0
2025-09-29 13:50:31+00:00,1.7593411957932403,2.0
2025-09-29 13:50:32+00:00,1.597353538221796,2.0
2025-09-29 13:50:33+00:00,0.9333507458504755,0.0
2025-09-29 13:50:34+00:00,1.1034161787829362,1.0
2025-09-29 13:50:35+00:00,1.4595559511362808,2.0
2025-09-29 13:50:36+00:00,1.1649521099461708,1.0
2025-09-29 13:50:37+00:00,1.4173550188861554,2.0
2025-09-29 13:50:38+00:00,1.1668340175383491,1.0
2025-09-29 13:50:39+00:00,1.6585421863128431,2.0
2025-09-29 13:50:40+00:00,1.4742309529829072,2.0
2025-09-29 13:50:41+00:00,1.6029276622430189,2.0
2025-09-29 13:50:42+00:00,1.2859410175005905,1.0
2025-09-29 13:50:43+00:00,1.2296398786857026,1.0
2025-09-29 13:50:44+00:00,1.6987977939279517,2.0
2025-09-29 13:50:45+00:00,1.7443043255625525,2.0
2025-09-29 13:50:46+00:00,0.9171309874946019,0.0
2025-09-29 13:50:47+00:00,1.0815118707250804,0.0
2025-09-29 13:50:48+00:00,1.5311960910767084,2.0
2025-09-29 13:50:49+00:00,1.428979855569196,2.0
2025-09-29 13:50:50+00:00,1.5673773786402307,2.0
2025-09-29 13:50:51+00:00,1.3161467655736487,1.0
2025-09-29 13:50:52+00:00,1.17450247182569,1.0
2025-09-29 13:50:53+00:00,1.5511976472043898,2.0
2025-09-29 13:50:54+00:00,1.4065517067647306,2.0
2025-09-29 13:50:55+00:00,0.779328827309655,0.0
2025-09-29 13:50:56+00:00,1.3181030310224742,1.0
2025-09-29 13:50:57+00:00,1.1105582665913971,1.0
2025-09-29 13:50:58+00:00,1.569471113878535,2.0
2025-09-29 13:50:59+00:00,0.8836930860561552,0.0
2025-09-29 13:51:00+00:00,1.025569529272616,0.0
2025-09-29 13:51:01+00:00,1.6243096316320589,2.0
2025-09-29 13:51:02+00:00,1.1168098016642034,1.0
2025-09-29 13:51:03+00:00,1.3818310150672914,1.0
2025-09-29 13:51:04+00:00,0.9488870363857131,0.0
2025-09-29 13:51:05+00:00,0.8637927509553265,0.0
2025-09-29 13:51:06+00:00,1.0728716358426027,0.0
2025-09-29 13:51:07+00:00,1.7018725103116594,2.0
2025-09-29 13:51:08+00:00,1.319510854795226,1.0
2025-09-29 13:51:09+00:00,1.0788225862925174,0.0
2025-09-29 13:51:10+00:00,1.094927061261842,0.0
2025-09-29 13:51:11+00:00,0.9508802845957689,0.0
2025-09-29 13:51:12+00:00,1.1040185664314777,1.0
2025-09-29 13:51:13+00:00,1.086540521326242,0.0
2025-09-29 13:51:14+00:00,1.1529463178740116,1.0
2025-09-29 13:51:15+00:00,1.4348849454981973,2.0
2025-09-29 13:51:16+00:00,1.2557802108494798,1.0
2025-09-29 13:51:17+00:00,0.8705330597585998,0.0
2025-09-29 13:51:18+00:00,1.3331321502337232,1.0
2025-09-29 13:51:19+00:00,1.2702920277952217,1.0
2025-09-29 13:51:20+00:00,1.0529342387308134,0.0
2025-09-29 13:51:21+00:00,1.3024247689900221,1.0
2025-09-29 13:51:22+00:00,0.6996408666309435,0.0
2025-09-29 13:51:23+00:00,1.0822273972735275,0.0
2025-09-29 13:51:24+00:00,1.2194237069925293,1.0
2025-09-29 13:51:25+00:00,1.1935048088489566,1.0
2025-09-29 13:51:26+00:00,1.5566115113033447,2.0
2025-09-29 13:51:27+00:00,1.2013097383023705,1.0
2025-09-29 13:51:28+00:00,0.892311168165179,0.0
2025-09-29 13:51:29+00:00,1.334836654306855,1.0
2025-09-29 13:51:30+00:00,1.475475724946591,2.0
2025-09-29 13:51:31+00:00,1.6851558151392965,2.0
2025-09-29 13:51:32+00:00,0.9542224964534398,0.0
2025-09-29 13:51:33+00:00,1.7275426415144466,2.0
2025-09-29 13:51:34+00:00,0.8279686856549233,0.0
2025-09-29 13:51:35+00:00,0.9112618411454605,0.0
2025-09-29 13:51:36+00:00,1.7403293011157075,2.0
2025-09-29 13:51:37+00:00,1.037438566738274,0.0
2025-09-29 13:51:38+00:00,1.4378281996032456,2.0
2025-09-29 13:51:39+00:00,1.0390337026765337,0.0
2025-09-29 13:51:40+00:00,1.036417488459847,0.0
2025-09-29 13:51:41+00:00,1.5183411531470483,2.0
2025-09-29 13:51:42+00:00,1.423066550749354,2.0
2025-09-29 13:51:43+00:00,1.4292727903375635,2.0
2025-09-29 13:51:44+00:00,1.1376374171231873,1.0
2025-09-29 13:51:45+00:00,1.4399955491971923,2.0
2025-09-29 13:51:46+00:00,1.77554998472624,2.0
2025-09-29 13:51:47+00:00,1.7598403020965634,2.0
2025-09-29 13:51:48+00:00,0.9475357762421481,0.0
2025-09-29 13:51:49+00:00,0.7526563865394564,0.0
2025-09-29 13:51:50+00:00,0.8259148465003818,0.0
2025-09-29 13:51:51+00:00,1.1159413366985973,1.0
2025-09-29 13:51:52+00:00,1.379959959507687,1.0
2025-09-29 13:51:53+00:00,1.8181884754740167,2.0
2025-09-29 13:51:54+00:00,1.3585748644982232,1.0
2025-09-29 13:51:55+00:00,1.265107724131667,1.0
2025-09-29 13:51:56+00:00,1.522663963434752,2.0
2025-09-29 13:51:57+00:00,1.085641105833929,0.0
2025-09-29 13:51:58+00:00,1.2447480449918658,1.0
2025-09-29 13:51:59+00:00,1.1767299547500443,1.0
2025-09-29 13:52:00+00:00,1.0349582611961523,0.0
2025-09-29 13:52:01+00:00,1.7604358097014483,2.0
2025-09-29 13:52:02+00:00,1.3482631988590583,1.0
2025-09-29 13:52:03+00:00,1.001655408545048,0.0
2025-09-29 13:52:04+00:00,1.064402178468299,0.0
2025-09-29 13:52:05+00:00,1.1938741269987077,1.0
2025-09-29 13:52:06+00:00,1.5334294302447233,2.0
2025-09-29 13:52:07+00:00,1.2313157665048493,1.0
2025-09-29 13:52:08+00:00,1.390647709777113,2.0
2025-09-29 13:52:09+00:00,1.3313801477052039,1.0
2025-09-29 13:52:10+00:00,1.230776438867906,1.0
2025-09-29 13:52:11+00:00,1.5204029624001123,2.0
2025-09-29 13:52:12+00:00,1.3320594296819763,1.0
2025-09-29 13:52:13+00:00,1.436593142876518,2.0
2025-09-29 13:52:14+00:00,1.5145197847741656,2.0
2025-09-29 13:52:15+00:00,1.083235636819154,0.0
2025-09-29 13:52:16+00:00,1.4153260921011679,2.0
2025-09-29 13:52:17+00:00,0.8353068467986304,0.0
2025-09-29 13:52:18+00:00,1.1632370481529506,1.0
2025-09-29 13:52:19+00:00,1.4979671919572866,2.0
2025-09-29 13:52:20+00:00,1.2607857418479398,1.0
2025-09-29 13:52:21+00:00,1.1713611412415048,1.0
2025-09-29 13:52:22+00:00,0.9375520276516909,0.0
2025-09-29 13:52:23+00:00,1.3785694106627489,1.0
2025-09-29 13:52:24+00:00,1.591318543505622,2.0
2025-09-29 13:52:25+00:00,1.6476455315569183,2.0
2025-09-29 13:52:26+00:00,1.0400747193780262,0.0
2025-09-29 13:52:27+00:00,0.933379190028063,0.0
2025-09-29 13:52:28+00:00,1.0464609441405628,0.0
2025-09-29 13:52:29+00:00,0.9305645545828156,0.0
2025-09-29 13:52:30+00:00,0.8999284241872374,0.0
2025-09-29 13:52:31+00:00,1.297334695889731,1.0
2025-09-29 13:52:32+00:00,1.0749445855180966,0.0
2025-09-29 13:52:33+00:00,1.4644905590248527,2.0
2025-09-29 13:52:34+00:00,1.3921146551147103,2.0
2025-09-29 13:52:35+00:00,0.9768800398451276,0.0
2025-09-29 13:52:36+00:00,1.135927204057225,1.0
2025-09-29 13:52:37+00:00,1.286674404895166,1.0
2025-09-29 13:52:38+00:00,1.5147326760779833,2.0
2025-09-29 13:52:39+00:00,1.2282895062089665,1.0
2025-09-29 13:52:40+00:00,1.430283054272877,2.0
2025-09-29 13:52:41+00:00,0.7482895041466691,0.0
2025-09-29 13:52:42+00:00,1.4941908047476318,2.0
2025-09-29 13:52:43+00:00,1.4243371398188174,2.0
2025-09-29 13:52:44+00:00,1.4558887654711725,2.0
2025-09-29 13:52:45+00:00,0.8554363977309549,0.0
2025-09-29 13:52:46+00:00,1.1667747416358907,1.0
2025-09-29 13:52:47+00:00,0.8643449368100846,0.0
2025-09-29 13:52:48+00:00,1.3439509517484112,1.0
2025-09-29 13:52:49+00:00,1.1484693101374432,1.0
2025-09-29 13:52:50+00:00,1.4261703405209119,2.0
2025-09-29 13:52:51+00:00,1.1358621959661832,1.0
2025-09-29 13:52:52+00:00,1.5883308641641634,2.0
2025-09-29 13:52:53+00:00,1.8040916416211985,2.0
2025-09-29 13:52:54+00:00,1.7320405345381005,2.0
2025-09-29 13:52:55+00:00,1.6263016674201936,2.0
2025-09-29 13:52:56+00:00,1.1401000998739619,1.0
2025-09-29 13:52:57+00:00,1.377212243998656,1.0
2025-09-29 13:52:58+00:00,1.2620846596255433,1.0
2025-09-29 13:52:59+00:00,1.2401281128113624,1.0
2025-09-29 13:53:00+00:00,1.053460220762645,0.0
2025-09-29 13:53:01+00:00,0.9378197085170541,0.0
2025-09-29 13:53:02+00:00,0.9288151531072799,0.0
2025-09-29 13:53:03+00:00,0.7850525224930607,0.0
2025-09-29 13:53:04+00:00,1.398063029977493,2.0
2025-09-29 13:53:05+00:00,1.0718181278789416,0.0
2025-09-29 13:53:06+00:00,1.8228843529359438,2.0
2025-09-29 13:53:07+00:00,1.454898584415787,2.0
2025-09-29 13:53:08+00:00,1.4284120203519706,2.0
2025-09-29 13:53:09+00:00,0.8087898997036973,0.0
2025-09-29 13:53:10+00:00,0.9204986201948486,0.0
2025-09-29 13:53:11+00:00,0.811826055549318,0.0
2025-09-29 13:53:12+00:00,0.9799195914238226,0.0
2025-09-29 13:53:13+00:00,0.8510746081883553,0.0
2025-09-29 13:53:14+00:00,1.1087990207306575,1.0
2025-09-29 13:53:15+00:00,1.0519571251352318,0.0
2025-09-29 13:53:16+00:00,1.2925800789380446,1.0
2025-09-29 13:53:17+00:00,0.9068118128343485,0.0
2025-09-29 13:53:18+00:00,0.9215372277540155,0.0
2025-09-29 13:53:19+00:00,1.1618440845923033,1.0
2025-09-29 13:53:20+00:00,0.7532007053669076,0.0
2025-09-29 13:53:21+00:00,1.3921736483462155,2.0
2025-09-29 13:53:22+00:00,1.050586821656907,0.0
2025-09-29 13:53:23+00:00,1.340298392708064,1.0
2025-09-29 13:53:24+00:00,0.9259550139395287,0.0
2025-09-29 13:53:25+00:00,1.231995772162918,1.0
2025-09-29 13:53:26+00:00,1.0883886073715985,0.0
2025-09-29 13:53:27+00:00,1.512450460359105,2.0
2025-09-29 13:53:28+00:00,1.5921575549000409,2.0
2025-09-29 13:53:29+00:00,1.039206628978718,0.0
2025-09-29 13:53:30+00:00,1.3597309473407222,1.0
2025-09-29 13:53:31+00:00,1.4369094072899316,2.0
2025-09-29 13:53:32+00:00,1.1283655645529507,1.0
2025-09-29 13:53:33+00:00,1.1206479446263984,1.0
2025-09-29 13:53:34+00:00,1.140538885796559,1.0
2025-09-29 13:53:35+00:00,1.005809973925352,0.0
2025-09-29 13:53:36+00:00,1.6190872732986463,2.0
2025-09-29 13:53:37+00:00,1.2519824248447549,1.0
2025-09-29 13:53:38+00:00,1.0567609661375172,0.0
2025-09-29 13:53:39+00:00,1.7940765553939855,2.0
2025-09-29 13:53:40+00:00,1.347223378092167,1.0
2025-09-29 13:53:41+00:00,1.0241535973618738,0.0
2025-09-29 13:53:42+00:00,1.0577813975396566,0.0
2025-09-29 13:53:43+00:00,1.8655005730688572,2.0
2025-09-29 13:53:44+00:00,1.446828622589237,2.0
2025-09-29 13:53:45+00:00,1.4552071280777454,2.0
2025-09-29 13:53:46+00:00,1.2503090960963164,1.0
2025-09-29 13:53:47+00:00,1.6533857748727314,2.0
2025-09-29 13:53:48+00:00,1.0950317123933928,0.0
2025-09-29 13:53:49+00:00,1.3154897912609158,1.0
2025-09-29 13:53:50+00:00,1.1787759168510092,1.0
2025-09-29 13:53:51+00:00,1.6409357295342488,2.0
2025-09-29 13:53:52+00:00,1.0751561547949677,0.0
2025-09-29 13:53:53+00:00,1.6766816102463054,2.0
2025-09-29 13:53:54+00:00,1.4124273919151165,2.0
2025-09-29 13:53:55+00:00,1.418523624233785,2.0
2025-09-29 13:53:56+00:00,1.4896729522297392,2.0
2025-09-29 13:53:57+00:00,1.0445129528379766,0.0
2025-09-29 13:53:58+00:00,1.36382286195294,1.0
2025-09-29 13:53:59+00:00,1.809935439217952,2.0
2025-09-29 13:54:00+00:00,0.9862725571729243,0.0
2025-09-29 13:54:01+00:00,1.1303360105957836,1.0
2025-09-29 13:54:02+00:00,0.8859857935894979,0.0
2025-09-29 13:54:03+00:00,0.7661766118835658,0.0
2025-09-29 13:54:04+00:00,1.0951796120061772,0.0
2025-09-29 13:54:05+00:00,1.4609584535792237,2.0
2025-09-29 13:54:06+00:00,0.973261953171459,0.0
2025-09-29 13:54:07+00:00,1.5865541624225443,2.0
2025-09-29 13:54:08+00:00,0.7657889830152271,0.0
2025-09-29 13:54:09+00:00,1.3269836588442558,1.0
2025-09-29 13:54:10+00:00,1.5482677299587522,2.0
2025-09-29 13:54:11+00:00,1.3432495287706843,1.0
2025-09-29 13:54:12+00:00,1.4071674774604617,2.0
2025-09-29 13:54:13+00:00,0.9984365632990375,0.0
2025-09-29 13:54:14+00:00,0.998815537430346,0.0
2025-09-29 13:54:15+00:00,0.9480486953980289,0.0
2025-09-29 13:54:16+00:00,1.5384968776634196,2.0
2025-09-29 13:54:17+00:00,1.0164135404193075,0.0
2025-09-29 13:54:18+00:00,1.591547235919279,2.0
2025-09-29 13:54:19+00:00,1.2516062815266196,1.0
2025-09-29 13:54:20+00:00,1.6902596843865467,2.0
2025-09-29 13:54:21+00:00,1.1562754567567026,1.0
2025-09-29 13:54:22+00:00,1.1376949835248524,1.0
2025-09-29 13:54:23+00:00,1.5477780676010298,2.0
2025-09-29 13:54:24+00:00,0.9430161856580526,0.0
2025-09-29 13:54:25+00:00,1.1525535916152876,1.0
2025-09-29 13:54:26+00:00,1.2729242692585103,1.0
2025-09-29 13:54:27+00:00,1.498578457176336,2.0
2025-09-29 13:54:28+00:00,1.679821773635922,2.0
2025-09-29 13:54:29+00:00,1.7771914083568845,2.0
2025-09-29 13:54:30+00:00,0.8447592284355778,0.0
2025-09-29 13:54:31+00:00,1.4446898736350704,2.0
2025-09-29 13:54:32+00:00,1.16040891353623,1.0
2025-09-29 13:54:33+00:00,1.3527081508218544,1.0
2025-09-29 13:54:34+00:00,1.7889552909182385,2.0
2025-09-29 13:54:35+00:00,1.2895934104453772,1.0
2025-09-29 13:54:36+00:00,1.2677961834560847,1.0
2025-09-29 13:54:37+00:00,1.1514156666526105,1.0
2025-09-29 13:54:38+00:00,0.9257035970658762,0.0
2025-09-29 13:54:39+00:00,1.4679314451204846,2.0
2025-09-29 13:54:40+00:00,0.7405404746968998,0.0
2025-09-29 13:54:41+00:00,0.8183869380154647,0.0
2025-09-29 13:54:42+00:00,1.481212474478525,2.0
2025-09-29 13:54:43+00:00,1.6958774181839544,2.0
2025-09-29 13:54:44+00:00,1.071192317715031,0.0
2025-09-29 13:54:45+00:00,1.3802908670768375,1.0
2025-09-29 13:54:46+00:00,0.8450004514161265,0.0
2025-09-29 13:54:47+00:00,1.089106531930156,0.0
2025-09-29 13:54:48+00:00,1.5130676870467141,2.0
2025-09-29 13:54:49+00:00,1.364757001720136,1.0
2025-09-29 13:54:50+00:00,1.4279608103970531,2.0
2025-09-29 13:54:51+00:00,1.3939264813816408,2.0
2025-09-29 13:54:52+00:00,1.3206311551912222,1.0
2025-09-29 13:54:53+00:00,0.9100278271507705,0.0
2025-09-29 13:54:54+00:00,1.5921997069235658,2.0
2025-09-29 13:54:55+00:00,1.5667255976441083,2.0
2025-09-29 13:54:56+00:00,1.365405304255546,1.0
2025-09-29 13:54:57+00:00,0.9904469450120814,0.0
2025-09-29 13:54:58+00:00,1.07613672138541,0.0
2025-09-29 13:54:59+00:00,1.1229422869655536,1.0
2025-09-29 13:55:00+00:00,1.3458187627402367,1.0
2025-09-29 13:55:01+00:00,1.3854850854258984,1.0
2025-09-29 13:55:02+00:00,1.4642829906078987,2.0
2025-09-29 13:55:03+00:00,1.4287886929232627,2.0
2025-09-29 13:55:04+00:00,1.4307207012025174,2.0
2025-09-29 13:55:05+00:00,0.7270099710149225,0.0
2025-09-29 13:55:06+00:00,0.7590352250117576,0.0
2025-09-29 13:55:07+00:00,1.6303507350967266,2.0
2025-09-29 13:55:08+00:00,1.6337314098054776,2.0
2025-09-29 13:55:09+00:00,1.6061201320408145,2.0
2025-09-29 13:55:10+00:00,1.7934012214682298,2.0
2025-09-29 13:55:11+00:00,1.103603572351858,1.0
2025-09-29 13:55:12+00:00,1.4466347846464487,2.0
2025-09-29 13:55:13+00:00,0.8599791718443157,0.0
2025-09-29 13:55:14+00:00,1.1590493056137348,1.0
2025-09-29 13:55:15+00:00,1.3005751237215009,1.0
2025-09-29 13:55:16+00:00,1.0986659148766194,0.0
2025-09-29 13:55:17+00:00,0.9477153527695918,0.0
2025-09-29 13:55:18+00:00,1.4677230834495276,2.0
2025-09-29 13:55:19+00:00,1.4383744979277253,2.0
2025-09-29 13:55:20+00:00,1.4445964340557111,2.0
2025-09-29 13:55:21+00:00,1.1353250220709015,1.0
2025-09-29 13:55:22+00:00,1.0854094209935283,0.0
2025-09-29 13:55:23+00:00,1.2049714868480805,1.0
2025-09-29 13:55:24+00:00,1.5994765606010333,2.0
2025-09-29 13:55:25+00:00,1.8392662147380179,2.0
2025-09-29 13:55:26+00:00,0.7077301637473283,0.0
2025-09-29 13:55:27+00:00,0.8717585499834968,0.0
2025-09-29 13:55:28+00:00,0.6893006840400631,0.0
2025-09-29 13:55:29+00:00,1.2796268140809843,1.0
2025-09-29 13:55:30+00:00,1.373633548617363,1.0
2025-09-29 13:55:31+00:00,1.5863849874876905,2.0
2025-09-29 13:55:32+00:00,1.5958748812845442,2.0
2025-09-29 13:55:33+00:00,1.167897858293145,1.0
2025-09-29 13:55:34+00:00,1.5735299637599383,2.0
2025-09-29 13:55:35+00:00,0.912858910713112,0.0
2025-09-29 13:55:36+00:00,1.2181278021307662,1.0
2025-09-29 13:55:37+00:00,0.9782061845326098,0.0
2025-09-29 13:55:38+00:00,1.3276752987731015,1.0
2025-09-29 13:55:39+00:00,1.3544780372321839,1.0
2025-09-29 13:55:40+00:00,1.4438874201005092,2.0
2025-09-29 13:55:41+00:00,1.5281051136844326,2.0
2025-09-29 13:55:42+00:00,1.1133172771224054,1.0
2025-09-29 13:55:43+00:00,1.1314599595207255,1.0
2025-09-29 13:55:44+00:00,1.561792796725058,2.0
2025-09-29 13:55:45+00:00,0.9965418117208173,0.0
2025-09-29 13:55:46+00:00,0.9097584251285298,0.0
2025-09-29 13:55:47+00:00,1.7536131559609203,2.0
2025-09-29 13:55:48+00:00,0.9712257925712038,0.0
2025-09-29 13:55:49+00:00,1.5452454915066482,2.0
2025-09-29 13:55:50+00:00,1.0604452392581152,0.0
2025-09-29 13:55:51+00:00,1.1274260695063276,1.0
2025-09-29 13:55:52+00:00,1.4352414761524415,2.0
2025-09-29 13:55:53+00:00,0.9005806153145386,0.0
2025-09-29 13:55:54+00:00,0.9788223159848712,0.0
2025-09-29 13:55:55+00:00,1.2881641861167736,1.0
2025-09-29 13:55:56+00:00,1.6531667204981204,2.0
2025-09-29 13:55:57+00:00,1.735471345455153,2.0
2025-09-29 13:55:58+00:00,0.9311175342299975,0.0
2025-09-29 13:55:59+00:00,1.0741792497574352,0.0
2025-09-29 13:56:00+00:00,0.9276002597034676,0.0
2025-09-29 13:56:01+00:00,0.9541859589953674,0.0
2025-09-29 13:56:02+00:00,1.0525575128558557,0.0
2025-09-29 13:56:03+00:00,1.6710118650080403,2.0
2025-09-29 13:56:04+00:00,0.9497791535104625,0.0
2025-09-29 13:56:05+00:00,1.5965944182826206,2.0
2025-09-29 13:56:06+00:00,0.8757958344212966,0.0
2025-09-29 13:56:07+00:00,1.294731337664416,1.0
2025-09-29 13:56:08+00:00,1.379413203918375,1.0
2025-09-29 13:56:09+00:00,1.2358067671157187,1.0
2025-09-29 13:56:10+00:00,1.089074989882647,0.0
2025-09-29 13:56:11+00:00,1.1977337594144046,1.0
2025-09-29 13:56:12+00:00,0.9362747977575054,0.0
2025-09-29 13:56:13+00:00,0.9893389032949926,0.0
2025-09-29 13:56:14+00:00,1.7965889377519488,2.0
2025-09-29 13:56:15+00:00,1.132475447797333,1.0
2025-09-29 13:56:16+00:00,0.8279548847349361,0.0
2025-09-29 13:56:17+00:00,1.5131598420994123,2.0
2025-09-29 13:56:18+00:00,1.1952116349129938,1.0
2025-09-29 13:56:19+00:00,1.503306256912765,2.0
2025-09-29 13:56:20+00:00,1.4985725674778223,2.0
2025-09-29 13:56:21+00:00,1.4256801084702602,2.0
2025-09-29 13:56:22+00:00,1.5525843957148027,2.0
2025-09-29 13:56:23+00:00,1.1052064306422835,1.0
2025-09-29 13:56:24+00:00,1.0077238427329576,0.0
2025-09-29 13:56:25+00:00,1.5037515672156587,2.0
2025-09-29 13:56:26+00:00,1.2846459796564886,1.0
2025-09-29 13:56:27+00:00,1.3603959562606178,1.0
2025-09-29 13:56:28+00:00,1.2588733002048684,1.0
2025-09-29 13:56:29+00:00,1.2836769293207908,1.0
2025-09-29 13:56:30+00:00,1.2617286157037597,1.0
2025-09-29 13:56:31+00:00,1.0812262784893392,0.0
2025-09-29 13:56:32+00:00,0.9265742131392471,0.0
2025-09-29 13:56:33+00:00,1.6199850480770692,2.0
2025-09-29 13:56:34+00:00,1.2650207578553818,1.0
2025-09-29 13:56:35+00:00,1.1346037871117005,1.0
2025-09-29 13:56:36+00:00,0.9037214787385892,0.0
2025-09-29 13:56:37+00:00,1.380370390805183,1.0
2025-09-29 13:56:38+00:00,1.4563411878189072,2.0
2025-09-29 13:56:39+00:00,1.4140379945747554,2.0
2025-09-29 13:56:40+00:00,0.7391169004549738,0.0
2025-09-29 13:56:41+00:00,1.4722410797839984,2.0
2025-09-29 13:56:42+00:00,1.2115517929923953,1.0
2025-09-29 13:56:43+00:00,1.123773589875782,1.0
2025-09-29 13:56:44+00:00,0.9627460301853716,0.0
2025-09-29 13:56:45+00:00,0.8463488664856413,0.0
2025-09-29 13:56:46+00:00,1.3610146937135141,1.0
2025-09-29 13:56:47+00:00,1.3582177876087371,1.0
2025-09-29 13:56:48+00:00,1.1258637415594421,1.0
2025-09-29 13:56:49+00:00,1.0130916450580116,0.0
2025-09-29 13:56:50+00:00,1.2425644009781536,1.0
2025-09-29 13:56:51+00:00,1.4781837382324738,2.0
2025-09-29 13:56:52+00:00,1.426751271210378,2.0
2025-09-29 13:56:53+00:00,1.3242121893417789,1.0
2025-09-29 13:56:54+00:00,1.2029398800659692,1.0
2025-09-29 13:56:55+00:00,1.1796640551037854,1.0
2025-09-29 13:56:56+00:00,1.7158826543018222,2.0
2025-09-29 13:56:57+00:00,1.858547039257246,2.0
2025-09-29 13:56:58+00:00,1.0376260325720068,0.0
2025-09-29 13:56:59+00:00,1.672753597929841,2.0
2025-09-29 13:57:00+00:00,1.5857810000889003,2.0
2025-09-29 13:57:01+00:00,1.5026667142956285,2.0
2025-09-29 13:57:02+00:00,0.7713661156303715,0.0
2025-09-29 13:57:03+00:00,0.9139327333250549,0.0
2025-09-29 13:57:04+00:00,1.5445385731291026,2.0
2025-09-29 13:57:05+00:00,0.6400473835092271,0.0
2025-09-29 13:57:06+00:00,1.1175164916639915,1.0
2025-09-29 13:57:07+00:00,1.196393510850612,1.0
2025-09-29 13:57:08+00:00,0.6864388073299779,0.0
2025-09-29 13:57:09+00:00,0.7212941716716159,0.0
2025-09-29 13:57:10+00:00,1.2204798452876275,1.0
2025-09-29 13:57:11+00:00,1.5295177919906564,2.0
2025-09-29 13:57:12+00:00,1.245781460602302,1.0
2025-09-29 13:57:13+00:00,1.0113604724465404,0.0
2025-09-29 13:57:14+00:00,1.2671454334049486,1.0
2025-09-29 13:57:15+00:00,1.4149246439774288,2.0
2025-09-29 13:57:16+00:00,0.9395579019910656,0.0
2025-09-29 13:57:17+00:00,1.1678921773273032,1.0
2025-09-29 13:57:18+00:00,1.0200443825597176,0.0
2025-09-29 13:57:19+00:00,1.3536258798121708,1.0
2025-09-29 13:57:20+00:00,1.5572493656800361,2.0
2025-09-29 13:57:21+00:00,0.9023310325719649,0.0
2025-09-29 13:57:22+00:00,1.0786255910497857,0.0
2025-09-29 13:57:23+00:00,1.5803126520040678,2.0
2025-09-29 13:57:24+00:00,1.294028623990016,1.0
2025-09-29 13:57:25+00:00,1.3015085935039679,1.0
2025-09-29 13:57:26+00:00,1.1472815933229867,1.0
2025-09-29 13:57:27+00:00,1.357729462077259,1.0
2025-09-29 13:57:28+00:00,1.8357103129965253,2.0
2025-09-29 13:57:29+00:00,1.0994720999733545,0.0
2025-09-29 13:57:30+00:00,1.3995878749119584,2.0
2025-09-29 13:57:31+00:00,1.4628860083030304,2.0
2025-09-29 13:57:32+00:00,1.1839583438413683,1.0
2025-09-29 13:57:33+00:00,1.3208780226414092,1.0
2025-09-29 13:57:34+00:00,0.9388937892654212,0.0
2025-09-29 13:57:35+00:00,1.150190395899699,1.0
2025-09-29 13:57:36+00:00,1.6949474483699305,2.0
2025-09-29 13:57:37+00:00,1.117411086190259,1.0
2025-09-29 13:57:38+00:00,0.6951329794246703,0.0
2025-09-29 13:57:39+00:00,0.7412226214073598,0.0
2025-09-29 13:57:40+00:00,1.0885977595316945,0.0
2025-09-29 13:57:41+00:00,1.532953751840978,2.0
2025-09-29 13:57:42+00:00,1.4850495602295268,2.0
2025-09-29 13:57:43+00:00,1.2558892340312013,1.0
2025-09-29 13:57:44+00:00,1.1873706330079585,1.0
2025-09-29 13:57:45+00:00,1.138095358866849,1.0
2025-09-29 13:57:46+00:00,1.6659548563184217,2.0
2025-09-29 13:57:47+00:00,1.0114694471558323,0.0
2025-09-29 13:57:48+00:00,1.1460137246031081,1.0
2025-09-29 13:57:49+00:00,1.668141637230292,2.0
2025-09-29 13:57:50+00:00,1.1434922989428742,1.0
2025-09-29 13:57:51+00:00,1.2743508548592217,1.0
2025-09-29 13:57:52+00:00,1.197181094874395,1.0
2025-09-29 13:57:53+00:00,1.5431239084573463,2.0
2025-09-29 13:57:54+00:00,1.483155077425181,2.0
2025-09-29 13:57:55+00:00,0.8482566596794641,0.0
2025-09-29 13:57:56+00:00,1.5331459114677273,2.0
2025-09-29 13:57:57+00:00,1.4783899735339219,2.0
2025-09-29 13:57:58+00:00,1.115621806748095,1.0
2025-09-29 13:57:59+00:00,1.4105807300220476,2.0
2025-09-29 13:58:00+00:00,1.3452464046422392,1.0
2025-09-29 13:58:01+00:00,0.858746961428551,0.0
2025-09-29 13:58:02+00:00,1.2378579937649192,1.0
2025-09-29 13:58:03+00:00,0.895411442470504,0.0
2025-09-29 13:58:04+00:00,0.94904553249944,0.0
2025-09-29 13:58:05+00:00,1.412732628217782,2.0
2025-09-29 13:58:06+00:00,1.3837395047448808,1.0
2025-09-29 13:58:07+00:00,1.522843345621368,2.0
2025-09-29 13:58:08+00:00,1.0806052971456666,0.0
2025-09-29 13:58:09+00:00,1.7769255771563621,2.0
2025-09-29 13:58:10+00:00,1.042565497555188,0.0
2025-09-29 13:58:11+00:00,0.9397547071421286,0.0
2025-09-29 13:58:12+00:00,1.1783450251969043,1.0
2025-09-29 13:58:13+00:00,1.8535884967859602,2.0
2025-09-29 13:58:14+00:00,1.017458291244111,0.0
2025-09-29 13:58:15+00:00,1.0312953533430118,0.0
2025-09-29 13:58:16+00:00,1.4650130842492217,2.0
2025-09-29 13:58:17+00:00,1.4925035606720485,2.0
2025-09-29 13:58:18+00:00,1.3369103897566674,1.0
2025-09-29 13:58:19+00:00,1.7366280678397743,2.0
2025-09-29 13:58:20+00:00,1.4534558727027616,2.0
2025-09-29 13:58:21+00:00,1.2921405644738115,1.0
2025-09-29 13:58:22+00:00,1.2148523543874035,1.0
2025-09-29 13:58:23+00:00,1.3288221147231525,1.0
2025-09-29 13:58:24+00:00,1.640854020457482,2.0
2025-09-29 13:58:25+00:00,1.3522089434118243,1.0
2025-09-29 13:58:26+00:00,1.2532818040781422,1.0
2025-09-29 13:58:27+00:00,0.882040274082101,0.0
2025-09-29 13:58:28+00:00,1.2851095423102379,1.0
2025-09-29 13:58:29+00:00,1.7324549021723215,2.0
2025-09-29 13:58:30+00:00,0.9457991081726504,0.0
2025-09-29 13:58:31+00:00,1.2813303382718004,1.0
2025-09-29 13:58:32+00:00,0.733680979188648,0.0
2025-09-29 13:58:33+00:00,1.22368435691169,1.0
2025-09-29 13:58:34+00:00,1.0520741569198435,0.0
2025-09-29 13:58:35+00:00,1.25712658741395,1.0
2025-09-29 13:58:36+00:00,1.459736978285946,2.0
2025-09-29 13:58:37+00:00,1.3251033161650412,1.0
2025-09-29 13:58:38+00:00,0.842611598491203,0.0
2025-09-29 13:58:39+00:00,1.0107428685005289,0.0
2025-09-29 13:58:40+00:00,1.6927671863086289,2.0
2025-09-29 13:58:41+00:00,1.2929019539733417,1.0
2025-09-29 13:58:42+00:00,1.1416644539422123,1.0
2025-09-29 13:58:43+00:00,1.5702892887056805,2.0
2025-09-29 13:58:44+00:00,0.9641931293299422,0.0
2025-09-29 13:58:45+00:00,1.3298466925771208,1.0
2025-09-29 13:58:46+00:00,1.1199480926879914,1.0
2025-09-29 13:58:47+00:00,0.840985958930105,0.0
2025-09-29 13:58:48+00:00,1.097161900921492,0.0
2025-09-29 13:58:49+00:00,0.8639301476068795,0.0
2025-09-29 13:58:50+00:00,1.0769796106615104,0.0
2025-09-29 13:58:51+00:00,0.815510957108927,0.0
2025-09-29 13:58:52+00:00,1.7189232744131004,2.0
2025-09-29 13:58:53+00:00,1.549028117704438,2.0
2025-09-29 13:58:54+00:00,0.8591779980633873,0.0
2025-09-29 13:58:55+00:00,1.7782338742836146,2.0
2025-09-29 13:58:56+00:00,1.4025579164299415,2.0
2025-09-29 13:58:57+00:00,1.2905193036276614,1.0
2025-09-29 13:58:58+00:00,1.6068975266243797,2.0
2025-09-29 13:58:59+00:00,1.5104864083405118,2.0
2025-09-29 13:59:00+00:00,1.296332185549545,1.0
2025-09-29 13:59:01+00:00,0.7279521113814553,0.0
2025-09-29 13:59:02+00:00,1.6357283777178964,2.0
2025-09-29 13:59:03+00:00,1.0720981151389424,0.0
2025-09-29 13:59:04+00:00,1.9007809451286448,2.0
2025-09-29 13:59:05+00:00,1.3239083374792244,1.0
2025-09-29 13:59:06+00:00,1.1401265020103892,1.0
2025-09-29 13:59:07+00:00,1.1247344434668776,1.0
2025-09-29 13:59:08+00:00,1.3146200480114203,1.0
2025-09-29 13:59:09+00:00,1.010742216851213,0.0
2025-09-29 13:59:10+00:00,1.4724962814507307,2.0
2025-09-29 13:59:11+00:00,1.4509803523105802,2.0
2025-09-29 13:59:12+00:00,1.6975741367932642,2.0
2025-09-29 13:59:13+00:00,1.6162946960976114,2.0
2025-09-29 13:59:14+00:00,1.6298821044329088,2.0
2025-09-29 13:59:15+00:00,0.8710978167509893,0.0
2025-09-29 13:59:16+00:00,1.3226746382861165,1.0
2025-09-29 13:59:17+00:00,0.9918437019223347,0.0
2025-09-29 13:59:18+00:00,0.9146200491522904,0.0
2025-09-29 13:59:19+00:00,0.8849850507249357,0.0
2025-09-29 13:59:20+00:00,0.6335009920585435,0.0
2025-09-29 13:59:21+00:00,1.8324762757256394,2.0
2025-09-29 13:59:22+00:00,1.5987518431211356,2.0
2025-09-29 13:59:23+00:00,1.7741508073813748,2.0
2025-09-29 13:59:24+00:00,1.6013255638972623,2.0
2025-09-29 13:59:25+00:00,0.9871204457449494,0.0
2025-09-29 13:59:26+00:00,1.302870292289299,1.0
2025-09-29 13:59:27+00:00,1.2938756827643374,1.0
2025-09-29 13:59:28+00:00,1.1231586216890719,1.0
2025-09-29 13:59:29+00:00,0.7909898273646832,0.0
2025-09-29 13:59:30+00:00,1.0372610500780866,0.0
2025-09-29 13:59:31+00:00,1.495709496550262,2.0
2025-09-29 13:59:32+00:00,1.8618472316593397,2.0
2025-09-29 13:59:33+00:00,1.5429521823680261,2.0
2025-09-29 13:59:34+00:00,1.0399190470634494,0.0
2025-09-29 13:59:35+00:00,1.0403459756198572,0.0
2025-09-29 13:59:36+00:00,1.6901769212418003,2.0
2025-09-29 13:59:37+00:00,0.8848936616705032,0.0
2025-09-29 13:59:38+00:00,1.0522432627767557,0.0
2025-09-29 13:59:39+00:00,1.3010860052600037,1.0
2025-09-29 13:59:40+00:00,1.3620949849282624,1.0
2025-09-29 13:59:41+00:00,1.219479236024199,1.0
2025-09-29 13:59:42+00:00,1.2257466398586985,1.0
2025-09-29 13:59:43+00:00,1.3514206661930075,1.0
2025-09-29 13:59:44+00:00,1.8114470362343127,2.0
2025-09-29 13:59:45+00:00,1.356116745795589,1.0
2025-09-29 13:59:46+00:00,1.086886013916228,0.0
2025-09-29 13:59:47+00:00,1.0267480833426816,0.0
2025-09-29 13:59:48+00:00,1.3233976806368446,1.0
2025-09-29 13:59:49+00:00,1.408544751611771,2.0
2025-09-29 13:59:50+00:00,0.9627288156189024,0.0
2025-09-29 13:59:51+00:00,1.0557617181621026,0.0
2025-09-29 13:59:52+00:00,1.3102160642301897,1.0
2025-09-29 13:59:53+00:00,1.1652136816264829,1.0
2025-09-29 13:59:54+00:00,0.6495809068001108,0.0
2025-09-29 13:59:55+00:00,1.416215799836209,2.0
2025-09-29 13:59:56+00:00,0.988118071356439,0.0
2025-09-29 13:59:57+00:00,1.5054420782253146,2.0
2025-09-29 13:59:58+00:00,0.9783132558513898,0.0
2025-09-29 13:59:59+00:00,0.7995543984870892,0.0
2025-09-29 14:00:00+00:00,1.199091587914154,1.0
