{
  "seed": 42,
  "timestamp": "2025-09-21T13:05:07",
  "moment_stabilization": {
    "mu0": [
      2.2786753629388107e-05,
      0.5232259328257933,
      0.9999986232630543,
      0.35690684208955775
    ],
    "sigma0": [
      1.0434586140896452e-05,
      0.1145921270646167,
      1e-06,
      0.08795688092176422
    ],
    "q01": [
      1.8066091293766988e-06,
      0.37060950944626714,
      0.9999978337921106,
      0.2555229916885665
    ],
    "q99": [
      4.059669482029218e-05,
      0.8684965276097552,
      0.9999991197588121,
      0.6724374973161779
    ],
    "valid_components": [
      true,
      true,
      true,
      true
    ],
    "k_original": 4,
    "k_reduced": 4
  },
  "hac_estimation": {
    "N": 1000,
    "k": 4,
    "lag": 6,
    "ridge_lambda": 0.0,
    "condition_number": 18.543161870979752
  },
  "weight_matrix": {
    "W_diag": [
      0.15491747168588946,
      0.16977431155433248,
      2.3776788419505617,
      0.27061667818324353
    ],
    "W_shape": [
      4,
      4
    ],
    "W_condition": 18.543161870979716
  },
  "methodology": {
    "winsorization_percentiles": [
      1,
      99
    ],
    "variance_threshold": 0.001,
    "eigenvalue_floor": 1e-06,
    "max_condition_number": 1000000.0
  }
}