{
  "funding_quantiles": {
    "q33": 8.956763927733118e-05,
    "q66": 0.0001356992861655054
  },
  "bounds": {
    "low": {
      "max": 8.956763927733118e-05
    },
    "medium": {
      "min": 8.956763927733118e-05,
      "max": 0.0001356992861655054
    },
    "high": {
      "min": 0.0001356992861655054
    }
  },
  "counts": {
    "high": 91,
    "medium": 88,
    "low": 88
  },
  "coveragePct": 100.0
}