{
  "funding_quantiles": {
    "q33": 8.612094327444928e-05,
    "q66": 0.00012516271360508562
  },
  "bounds": {
    "low": {
      "max": 8.612094327444928e-05
    },
    "medium": {
      "min": 8.612094327444928e-05,
      "max": 0.00012516271360508562
    },
    "high": {
      "min": 0.00012516271360508562
    }
  },
  "counts": {
    "high": 91,
    "medium": 88,
    "low": 88
  },
  "coveragePct": 100.0
}