{
  "funding_quantiles": {
    "q33": 9.558516192123009e-05,
    "q66": 0.0001340574207377013
  },
  "bounds": {
    "low": {
      "max": 9.558516192123009e-05
    },
    "med": {
      "min": 9.558516192123009e-05,
      "max": 0.0001340574207377013
    },
    "high": {
      "min": 0.0001340574207377013
    }
  },
  "counts": {
    "high": 91,
    "low": 88,
    "med": 88
  },
  "coveragePct": 100.0
}