{
  "funding_quantiles": {
    "q33": 9.24880340015835e-05,
    "q66": 0.00013425419613386066
  },
  "bounds": {
    "low": {
      "max": 9.24880340015835e-05
    },
    "med": {
      "min": 9.24880340015835e-05,
      "max": 0.00013425419613386066
    },
    "high": {
      "min": 0.00013425419613386066
    }
  },
  "counts": {
    "high": 91,
    "med": 88,
    "low": 88
  },
  "coveragePct": 100.0
}