{
  "liquidity_quantiles": {
    "q33": -0.3438228150350774,
    "q66": 0.20273622861783241
  },
  "bounds": {
    "low": {
      "max": -0.3438228150350774
    },
    "medium": {
      "min": -0.3438228150350774,
      "max": 0.20273622861783241
    },
    "high": {
      "min": 0.20273622861783241
    }
  },
  "counts": {
    "low": 88,
    "medium": 88,
    "high": 91
  },
  "coveragePct": 100.0
}